epoch (ms),time (-13:00),elapsed (s),x-axis (T),y-axis (T),z-axis (T)
1604165958833,2020-10-31T13:39:18.833,0.0,5.162516432993145e-07,2.709864695522106e-07,9.072442298725488e-07
1604165958883,2020-10-31T13:39:18.883,0.05,-1.5954227096778302e-06,-7.442486395261211e-07,-4.490223904587534e-08
1604165958933,2020-10-31T13:39:18.933,0.1,-2.2086896479373677e-06,-1.0282670202498093e-06,-4.107442660120591e-07
1604165958983,2020-10-31T13:39:18.983,0.15,-1.7617306376830335e-06,-5.78763889567272e-07,-1.213503797254348e-07
1604165959033,2020-10-31T13:39:19.033,0.2,-1.3655030945363e-06,-1.6500108640471846e-07,4.189304679423485e-07
1604165959083,2020-10-31T13:39:19.083,0.25,-1.0409716297234222e-06,-4.84500165503909e-07,7.56142268954824e-07
1604165959133,2020-10-31T13:39:19.133,0.3,-4.3451303201089843e-07,-1.2496437893517721e-06,8.257876128102979e-07
1604165959183,2020-10-31T13:39:19.183,0.35,6.226118167744738e-08,-1.492172899706244e-06,9.20711399550966e-07
1604165959233,2020-10-31T13:39:19.233,0.4,2.7329222663266407e-08,-8.119345813499915e-07,1.1802553677921147e-06
1604165959283,2020-10-31T13:39:19.283,0.45,-2.3870724902924066e-07,2.1015745928275237e-07,1.473422168391476e-06
1604165959333,2020-10-31T13:39:19.333,0.5,-4.663990810179902e-07,8.464171251482369e-07,1.707236291947123e-06
1604165959383,2020-10-31T13:39:19.383,0.55,-9.216263450353803e-07,9.821848999841494e-07,1.8225706921121121e-06
1604165959433,2020-10-31T13:39:19.433,0.6,-1.6249630224603802e-06,1.040035592455759e-06,1.7513475497934434e-06
1604165959483,2020-10-31T13:39:19.483,0.65,-2.0343263834348627e-06,1.3512543724952436e-06,1.55999042528937e-06
1604165959533,2020-10-31T13:39:19.533,0.7,-1.8781283167329686e-06,1.7179651743112715e-06,1.3261455914632849e-06
1604165959583,2020-10-31T13:39:19.583,0.75,-1.5268438550902216e-06,1.8227640898545106e-06,1.094680461246916e-06
1604165959633,2020-10-31T13:39:19.633,0.8,-1.3868433019374036e-06,1.7985912244775978e-06,1.0536723629647172e-06
1604165959683,2020-10-31T13:39:19.683,0.85,-1.510602315121174e-06,1.8537622518161932e-06,1.2019924911652911e-06
1604165959733,2020-10-31T13:39:19.733,0.9,-1.8238217885603788e-06,1.7859570139789792e-06,1.07714464818207e-06
1604165959783,2020-10-31T13:39:19.783,0.95,-2.2778890762352918e-06,1.4973702904381554e-06,4.5003791117589234e-07
1604165959833,2020-10-31T13:39:19.833,1.0,-2.655670186302921e-06,1.399697905774861e-06,-1.891103978680383e-07
1604165959883,2020-10-31T13:39:19.883,1.05,-2.6013212353338136e-06,1.7094951440889646e-06,-3.531939695798023e-07
1604165959933,2020-10-31T13:39:19.933,1.1,-2.1677640945735326e-06,1.9513231965129705e-06,-2.31119517797918e-07
1604165959983,2020-10-31T13:39:19.983,1.15,-1.9392287997105793e-06,1.7456426452927402e-06,-2.4200321361318423e-07
1604165960033,2020-10-31T13:39:20.033,1.2,-2.1772927329863383e-06,1.5296325711763123e-06,-3.325957256429006e-07
1604165960083,2020-10-31T13:39:20.083,1.25,-2.3997666779283494e-06,1.826830748564201e-06,-1.4465257167300232e-07
1604165960133,2020-10-31T13:39:20.133,1.3,-2.2345008470832754e-06,2.306847538527172e-06,2.7948595182589556e-07
1604165960183,2020-10-31T13:39:20.183,1.35,-1.9834244070279187e-06,2.346210010605175e-06,4.5898164308725157e-07
1604165960233,2020-10-31T13:39:20.233,1.4,-1.958123350689386e-06,2.038948628111774e-06,2.1434267061911927e-07
1604165960283,2020-10-31T13:39:20.283,1.45,-1.959710726143924e-06,1.810772054905406e-06,-7.166475257786561e-08
1604165960333,2020-10-31T13:39:20.333,1.5,-1.756151215510494e-06,1.5200858487726444e-06,-8.625777700211228e-08
1604165960383,2020-10-31T13:39:20.383,1.55,-1.5132757284800555e-06,8.466902464302536e-07,6.821451677376827e-09
1604165960433,2020-10-31T13:39:20.433,1.6,-1.4511338678036315e-06,1.533805157033295e-07,-9.687090324177829e-08
1604165960483,2020-10-31T13:39:20.483,1.65,-1.4721762377704922e-06,3.339674739116487e-08,-5.006938777150874e-07
1604165960533,2020-10-31T13:39:20.533,1.7,-1.3996781363750232e-06,2.966642286939577e-07,-1.0706353465338345e-06
1604165960583,2020-10-31T13:39:20.583,1.75,-1.3087071435126381e-06,3.101154635915159e-07,-1.4340332245965752e-06
1604165960633,2020-10-31T13:39:20.633,1.8,-1.3954207818575257e-06,1.188248199465169e-07,-1.2353095972599189e-06
1604165960683,2020-10-31T13:39:20.683,1.85,-1.691433316485135e-06,2.6429359842990884e-07,-6.100773944074576e-07
1604165960733,2020-10-31T13:39:20.733,1.9,-1.9581288995001677e-06,6.475250777827932e-07,-1.194097578583482e-08
1604165960783,2020-10-31T13:39:20.783,1.95,-1.747540492762446e-06,6.057090609800652e-07,4.559947951389287e-07
1604165960833,2020-10-31T13:39:20.833,2.0,-9.010294309244551e-07,3.036436382141159e-08,9.21588770115287e-07
1604165960883,2020-10-31T13:39:20.883,2.05,-9.622455732072716e-08,-5.107498021635208e-07,1.1857920128637902e-06
1604165960933,2020-10-31T13:39:20.933,2.1,-1.0231586557990263e-07,-6.523873067120361e-07,1.1354600312671336e-06
1604165960983,2020-10-31T13:39:20.983,2.15,-4.974958573523909e-07,-5.8005613824328e-07,1.2390982119208304e-06
1604165961033,2020-10-31T13:39:21.033,2.2,-2.9960218893157325e-07,-6.406312965942106e-07,1.6967746109706557e-06
1604165961083,2020-10-31T13:39:21.083,2.25,3.929567546151544e-07,-9.31355041626686e-07,1.8486138525605457e-06
1604165961133,2020-10-31T13:39:21.133,2.3,7.185920447179145e-07,-1.2324973625059025e-06,1.2526852831475438e-06
1604165961183,2020-10-31T13:39:21.183,2.35,5.16520306882855e-07,-1.349179793526257e-06,4.454046558973836e-07
1604165961233,2020-10-31T13:39:21.233,2.4,2.677255740120826e-07,-1.396025042325177e-06,7.906382472904841e-08
1604165961283,2020-10-31T13:39:21.283,2.45,9.693614075437421e-08,-1.493235204887028e-06,2.45101182813032e-08
1604165961333,2020-10-31T13:39:21.333,2.5,-2.7833231056290966e-07,-1.466254976274783e-06,-4.0622617968267125e-07
1604165961383,2020-10-31T13:39:21.383,2.55,-9.987977922502647e-07,-1.2371666465796913e-06,-1.557646710089521e-06
1604165961433,2020-10-31T13:39:21.433,2.6,-1.926231578482406e-06,-1.0890403136753003e-06,-2.832214096008512e-06
1604165961483,2020-10-31T13:39:21.483,2.65,-2.6899326352379915e-06,-1.083831973809471e-06,-3.2901324598365596e-06
1604165961533,2020-10-31T13:39:21.533,2.7,-2.8141204081047553e-06,-7.818028716276142e-07,-2.836976944842169e-06
1604165961583,2020-10-31T13:39:21.583,2.75,-2.3290128224615603e-06,-5.2709527217022406e-08,-2.2697217183923608e-06
1604165961633,2020-10-31T13:39:21.633,2.8,-2.027127684386434e-06,4.84672371599076e-07,-2.125178410038235e-06
1604165961683,2020-10-31T13:39:21.683,2.85,-2.4077749198593228e-06,3.683730567404167e-07,-2.1717384767827085e-06
1604165961733,2020-10-31T13:39:21.733,2.9,-2.8192172419372354e-06,2.472122242932111e-08,-2.1756442215870745e-06
1604165961783,2020-10-31T13:39:21.783,2.95,-2.4641221199120526e-06,1.1708489194780043e-07,-2.2401729021660654e-06
1604165961833,2020-10-31T13:39:21.833,3.0,-1.6781472141854011e-06,6.168445922045111e-07,-2.122301811291226e-06
1604165961883,2020-10-31T13:39:21.883,3.05,-1.340669870694641e-06,8.921117028369697e-07,-1.4500229814627603e-06
1604165961933,2020-10-31T13:39:21.933,3.1,-1.5213160440180421e-06,5.390898191858281e-07,-7.713437823426665e-07
1604165961983,2020-10-31T13:39:21.983,3.15,-1.5425357346998225e-06,-9.931222035503979e-08,-8.972732750596854e-07
1604165962033,2020-10-31T13:39:22.033,3.2,-1.1275124445213e-06,-3.4498811726479856e-07,-1.4382228402882082e-06
1604165962083,2020-10-31T13:39:22.083,3.25,-7.753387763798443e-07,-2.3152771240974797e-08,-1.569961455125738e-06
1604165962133,2020-10-31T13:39:22.133,3.3,-9.379740612688554e-07,3.9533870629846096e-07,-1.5114629578420984e-06
1604165962183,2020-10-31T13:39:22.183,3.35,-1.3391689766519565e-06,4.802467748935519e-07,-1.7021175949766276e-06
1604165962233,2020-10-31T13:39:22.233,3.4,-1.3825946862898374e-06,3.4583321719587917e-07,-1.6187827773999823e-06
1604165962283,2020-10-31T13:39:22.283,3.45,-9.578196460425146e-07,3.971221023425163e-07,-8.770577003580505e-07
1604165962333,2020-10-31T13:39:22.333,3.5,-5.561659860429528e-07,7.492861408952666e-07,-3.3833540548474987e-07
1604165962383,2020-10-31T13:39:22.383,3.55,-6.531432900304052e-07,1.0668442423854274e-06,-7.665709661816156e-07
1604165962433,2020-10-31T13:39:22.433,3.6,-1.1367069631454195e-06,1.1017810025276618e-06,-1.4161467386418255e-06
1604165962483,2020-10-31T13:39:22.483,3.65,-1.4416709626606025e-06,1.1131043165275217e-06,-1.2087611278115964e-06
1604165962533,2020-10-31T13:39:22.533,3.7,-1.2514530833575512e-06,1.3194727640815834e-06,-4.787887411186258e-07
1604165962583,2020-10-31T13:39:22.583,3.75,-8.528786461679675e-07,1.3861905731855194e-06,-3.317210169587394e-07
1604165962633,2020-10-31T13:39:22.633,3.8,-6.64618809912645e-07,1.0855729686043997e-06,-8.675058190396887e-07
1604165962683,2020-10-31T13:39:22.683,3.85,-7.596734050545179e-07,8.317616052107979e-07,-1.2192123761733094e-06
1604165962733,2020-10-31T13:39:22.733,3.9,-1.0648374475458593e-06,9.573457922417479e-07,-1.012532756914695e-06
1604165962783,2020-10-31T13:39:22.783,3.95,-1.528933253792048e-06,1.1865720937401178e-06,-7.706658995175244e-07
1604165962833,2020-10-31T13:39:22.833,4.0,-1.8724397829365924e-06,1.1776893221353944e-06,-9.945551356115999e-07
1604165962883,2020-10-31T13:39:22.883,4.05,-1.7952789579230889e-06,9.095827275017851e-07,-1.5198631780376372e-06
1604165962933,2020-10-31T13:39:22.933,4.1,-1.5270200189375955e-06,5.227712746760027e-07,-1.8163494159628294e-06
1604165962983,2020-10-31T13:39:22.983,4.15,-1.471291378623091e-06,2.7065115572525244e-07,-1.6656291967093598e-06
1604165963033,2020-10-31T13:39:23.033,4.2,-1.467003997754415e-06,3.291627945363996e-07,-1.3681020041477121e-06
1604165963083,2020-10-31T13:39:23.083,4.25,-1.1797948489530616e-06,4.528949485047805e-07,-1.1900246263682501e-06
1604165963133,2020-10-31T13:39:23.133,4.3,-8.548795010968865e-07,3.7331808418510793e-07,-9.759593533563477e-07
1604165963183,2020-10-31T13:39:23.183,4.35,-8.900561129864491e-07,4.0335670684807204e-07,-6.258918557814918e-07
1604165963233,2020-10-31T13:39:23.233,4.4,-1.0773454866157848e-06,8.348957197667015e-07,-4.4340736908544155e-07
1604165963283,2020-10-31T13:39:23.283,4.45,-9.365184753170972e-07,1.134015494047022e-06,-6.320334672835256e-07
1604165963333,2020-10-31T13:39:23.333,4.5,-4.690346742811887e-07,7.673040637871452e-07,-9.475667795337812e-07
1604165963383,2020-10-31T13:39:23.383,4.55,-1.3616656494393326e-07,2.7605370081641404e-07,-1.0814158327192849e-06
1604165963433,2020-10-31T13:39:23.433,4.6,-2.7981668577887207e-07,3.808727384522411e-07,-9.786423913729753e-07
1604165963483,2020-10-31T13:39:23.483,4.65,-7.340677115610684e-07,6.530972248085339e-07,-7.494939312578753e-07
1604165963533,2020-10-31T13:39:23.533,4.7,-9.668192424217353e-07,2.843947265707236e-07,-5.629946176174674e-07
1604165963583,2020-10-31T13:39:23.583,4.75,-7.329240444021477e-07,-4.101765120812952e-07,-5.908215294257825e-07
1604165963633,2020-10-31T13:39:23.633,4.8,-4.812326063150542e-07,-4.656495914452747e-07,-8.460392384248592e-07
1604165963683,2020-10-31T13:39:23.683,4.85,-6.887694034752081e-07,1.50639672519233e-07,-9.808500285013916e-07
1604165963733,2020-10-31T13:39:23.733,4.9,-1.0170906026353475e-06,5.138398138975567e-07,-5.221729880058115e-07
1604165963783,2020-10-31T13:39:23.783,4.95,-7.967854834472699e-07,1.4663809539074945e-07,3.264499135496065e-07
1604165963833,2020-10-31T13:39:23.833,5.0,-1.1219446892360852e-07,-4.0905414319281246e-07,6.555776522210199e-07
1604165963883,2020-10-31T13:39:23.883,5.05,3.4133393331419107e-07,-4.988962232119446e-07,2.3282238222336148e-07
1604165963933,2020-10-31T13:39:23.933,5.1,3.334716878595857e-07,-2.3500968874467136e-07,3.277915111510386e-09
1604165963983,2020-10-31T13:39:23.983,5.15,3.387766862694276e-07,-1.611729141369792e-07,4.776649148491419e-07
1604165964033,2020-10-31T13:39:24.033,5.2,6.512155512857455e-07,-3.6088760404129036e-07,8.886147435081435e-07
1604165964083,2020-10-31T13:39:24.083,5.25,8.546328191932955e-07,-3.981093406742058e-07,6.840680528899184e-07
1604165964133,2020-10-31T13:39:24.133,5.3,5.44075960609788e-07,-8.845310439364744e-08,4.201454721558328e-07
1604165964183,2020-10-31T13:39:24.183,5.35,1.397721728114734e-07,2.0758286642455367e-07,5.635669159252884e-07
1604165964233,2020-10-31T13:39:24.233,5.4,3.228498913948637e-07,1.5030502677232815e-07,7.721818501727853e-07
1604165964283,2020-10-31T13:39:24.283,5.45,9.096699939799695e-07,-1.480253410193652e-07,7.523095179950436e-07
1604165964333,2020-10-31T13:39:24.333,5.5,1.0747048845882013e-06,-3.533147611391065e-07,6.995671603747542e-07
1604165964383,2020-10-31T13:39:24.383,5.55,5.77386703407867e-07,-2.905211892979087e-07,6.726863244463236e-07
1604165964433,2020-10-31T13:39:24.433,5.6,2.0863694355729217e-08,-5.155577927819639e-08,4.0104092538010076e-07
1604165964483,2020-10-31T13:39:24.483,5.65,-8.375336638982939e-08,1.0744787130413931e-07,-9.316445332798715e-08
1604165964533,2020-10-31T13:39:24.533,5.7,7.336720869052869e-08,-1.9589553283819385e-08,-3.3587392660893723e-07
1604165964583,2020-10-31T13:39:24.583,5.75,4.725276045829744e-08,-3.647803340899749e-07,-1.1003997343489174e-07
1604165964633,2020-10-31T13:39:24.633,5.8,-1.0889001812029797e-07,-6.176485677700169e-07,1.8311400224369224e-07
1604165964683,2020-10-31T13:39:24.683,5.85,7.570098012135898e-08,-5.407486588119102e-07,1.7278637891553805e-07
1604165964733,2020-10-31T13:39:24.733,5.9,5.831557082299619e-07,-1.2455619539397208e-07,8.589068916981127e-08
1604165964783,2020-10-31T13:39:24.783,5.95,7.164619825057791e-07,5.423796640387294e-07,2.4374763349273906e-07
1604165964833,2020-10-31T13:39:24.833,6.0,1.5636740132703435e-07,1.2565537047933691e-06,3.936440900386752e-07
1604165964883,2020-10-31T13:39:24.883,6.05,-5.212047953196612e-07,1.6622781281542786e-06,1.5884948817187944e-07
1604165964933,2020-10-31T13:39:24.933,6.1,-7.285817214031041e-07,1.5820845785160678e-06,-1.967414675579326e-07
1604165964983,2020-10-31T13:39:24.983,6.15,-5.632907186752481e-07,1.1486390400784484e-06,-2.070444248344174e-07
1604165965033,2020-10-31T13:39:25.033,6.2,-4.0599769817199843e-07,5.015825013058787e-07,-2.3864246090648798e-08
1604165965083,2020-10-31T13:39:25.083,6.25,-3.9011750609922907e-07,-1.2434385868127943e-07,-1.1412745283305054e-08
1604165965133,2020-10-31T13:39:25.133,6.3,-4.137869520356468e-07,-2.463786557206979e-07,-4.2536925011200394e-08
1604165965183,2020-10-31T13:39:25.183,6.35,-3.784176048429156e-07,1.7320691334225078e-07,4.9621034342536255e-08
1604165965233,2020-10-31T13:39:25.233,6.4,-3.1124126886774917e-07,4.226279211881772e-07,-2.0205573163307967e-09
1604165965283,2020-10-31T13:39:25.283,6.45,-3.129256101118859e-07,1.8141013360896588e-07,-3.01580502796525e-07
1604165965333,2020-10-31T13:39:25.333,6.5,-4.5598942548581974e-07,1.0052059876928386e-07,-5.276314673125005e-07
1604165965383,2020-10-31T13:39:25.383,6.55,-7.168294157366265e-07,5.570587398405771e-07,-6.343356667718829e-07
1604165965433,2020-10-31T13:39:25.433,6.6,-9.23726322335828e-07,9.301792981869748e-07,-8.852032101282493e-07
1604165965483,2020-10-31T13:39:25.483,6.65,-8.824129467937725e-07,7.718849607022408e-07,-1.0904632557149036e-06
1604165965533,2020-10-31T13:39:25.533,6.7,-6.580872559323981e-07,5.325949239352435e-07,-7.91388488209933e-07
1604165965583,2020-10-31T13:39:25.583,6.75,-5.223435583672763e-07,5.44543822789977e-07,-1.5201176112417406e-07
1604165965633,2020-10-31T13:39:25.633,6.8,-5.442031134126431e-07,4.520806168636135e-07,1.3585647214405438e-07
1604165965683,2020-10-31T13:39:25.683,6.85,-5.259147264757021e-07,1.0533971248967986e-07,-2.1792810849256576e-07
1604165965733,2020-10-31T13:39:25.733,6.9,-3.980933885526017e-07,-1.1440028358317426e-07,-6.919919728302193e-07
1604165965783,2020-10-31T13:39:25.783,6.95,-3.401901007035135e-07,-1.3031758827160138e-07,-5.386753065756489e-07
1604165965833,2020-10-31T13:39:25.833,7.0,-4.03094426168162e-07,-2.778570655457312e-07,2.9118370725715305e-07
1604165965883,2020-10-31T13:39:25.883,7.05,-3.397969353675603e-07,-4.85342662399853e-07,1.0701084862527119e-06
1604165965933,2020-10-31T13:39:25.933,7.1,-2.3442998833811623e-08,-2.978524276192171e-07,1.2136362070977352e-06
1604165965983,2020-10-31T13:39:25.983,7.15,2.4545105939732234e-07,2.0481110229469856e-07,8.577507321687102e-07
1604165966033,2020-10-31T13:39:26.033,7.2,1.445951498174233e-07,3.60965145276843e-07,5.201911451415382e-07
1604165966083,2020-10-31T13:39:26.083,7.25,-1.8869563623164108e-07,1.724562026746249e-08,6.096979933900206e-07
1604165966133,2020-10-31T13:39:26.133,7.3,-3.584468696394108e-07,-1.3246394606694136e-07,1.0793312771072694e-06
1604165966183,2020-10-31T13:39:26.183,7.35,-1.6248644307849685e-07,2.685733964924585e-07,1.3339335447324834e-06
1604165966233,2020-10-31T13:39:26.233,7.4,3.218444403294816e-07,5.471521069991432e-07,9.521524666429091e-07
1604165966283,2020-10-31T13:39:26.283,7.45,8.438060425568958e-07,1.7001836910871715e-07,4.797555710587311e-07
1604165966333,2020-10-31T13:39:26.333,7.5,1.1127091255098854e-06,-2.3763145044296227e-07,7.179477043763318e-07
1604165966383,2020-10-31T13:39:26.383,7.55,1.0276228669713478e-06,6.080401069257212e-08,1.455313949701555e-06
1604165966433,2020-10-31T13:39:26.433,7.6,7.499573139692733e-07,6.072347543011056e-07,1.9166382653061937e-06
1604165966483,2020-10-31T13:39:26.483,7.65,5.30154771389465e-07,5.258878600317577e-07,2.0222572550170005e-06
1604165966533,2020-10-31T13:39:26.533,7.7,5.698019944635054e-07,4.1970154375630367e-08,2.1279659324288806e-06
1604165966583,2020-10-31T13:39:26.583,7.75,8.629649338266474e-07,9.845128570769983e-08,2.1328320685768608e-06
1604165966633,2020-10-31T13:39:26.633,7.8,1.023913419178249e-06,7.150930893932079e-07,1.8066185555102504e-06
1604165966683,2020-10-31T13:39:26.683,7.85,6.43414466918311e-07,9.143039183578008e-07,1.419001205820577e-06
1604165966733,2020-10-31T13:39:26.733,7.9,-6.167027336233929e-08,3.836291955724603e-07,1.3680996568494354e-06
1604165966783,2020-10-31T13:39:26.783,7.95,-4.7009629330727746e-07,1.4823907508373327e-08,1.5615260736972481e-06
1604165966833,2020-10-31T13:39:26.833,8.0,-4.589166379201854e-07,3.876032939404101e-07,1.5277742609898222e-06
1604165966883,2020-10-31T13:39:26.883,8.05,-4.551482192222844e-07,8.813754449716618e-07,9.964544226379735e-07
1604165966933,2020-10-31T13:39:26.933,8.1,-6.444450803790044e-07,8.648985150863522e-07,1.9950270967044613e-07
1604165966983,2020-10-31T13:39:26.983,8.15,-7.921649782898054e-07,6.634892292210066e-07,-4.6471408199128564e-07
1604165967033,2020-10-31T13:39:27.033,8.2,-7.788425419896136e-07,6.948078650797611e-07,-9.627914398183985e-07
1604165967083,2020-10-31T13:39:27.083,8.25,-7.900468466351247e-07,6.393542419284158e-07,-1.5027334232503535e-06
1604165967133,2020-10-31T13:39:27.133,8.3,-1.0090506165396093e-06,1.5947346394306854e-07,-1.9335451376429157e-06
1604165967183,2020-10-31T13:39:27.183,8.35,-1.326789036937305e-06,-3.382123012663593e-07,-1.8436875586630824e-06
1604165967233,2020-10-31T13:39:27.233,8.4,-1.3384693960174145e-06,-2.9406598091273487e-07,-1.2837398168994445e-06
1604165967283,2020-10-31T13:39:27.283,8.45,-8.111637743175615e-07,1.8468472351376065e-07,-8.050902960628739e-07
1604165967333,2020-10-31T13:39:27.333,8.5,-1.8697338115440857e-07,5.627491168546884e-07,-7.826271275431438e-07
1604165967383,2020-10-31T13:39:27.383,8.55,-7.173800020057338e-08,5.350839496332059e-07,-1.0761584350444657e-06
1604165967433,2020-10-31T13:39:27.433,8.6,-2.3304901104495317e-07,1.7534894728441716e-07,-1.271236449773934e-06
1604165967483,2020-10-31T13:39:27.483,8.65,-1.0692580489206063e-08,-1.8779361209697523e-07,-1.0703324993858688e-06
1604165967533,2020-10-31T13:39:27.533,8.7,3.9145744194086595e-07,-1.967235650852178e-07,-5.107908052215059e-07
1604165967583,2020-10-31T13:39:27.583,8.75,2.1756395524497188e-07,7.521755847086637e-08,9.029382201969802e-08
1604165967633,2020-10-31T13:39:27.633,8.8,-4.5154997846015977e-07,1.564025829946505e-07,3.564664156680196e-07
1604165967683,2020-10-31T13:39:27.683,8.85,-8.429048844302397e-07,-1.0511606865828962e-07,1.4219442117816457e-07
1604165967733,2020-10-31T13:39:27.733,8.9,-6.76289090432339e-07,-4.2846548412435497e-07,-3.035329970087358e-07
1604165967783,2020-10-31T13:39:27.783,8.95,-2.3024533175745153e-07,-7.148071029337511e-07,-5.963583150117768e-07
1604165967833,2020-10-31T13:39:27.833,9.0,2.4468211346267166e-07,-1.0583097294917815e-06,-5.871362259335485e-07
1604165967883,2020-10-31T13:39:27.883,9.05,5.092937810022822e-07,-1.2858323319374924e-06,-3.311689565274795e-07
1604165967933,2020-10-31T13:39:27.933,9.1,3.522869214871472e-07,-1.116426607685837e-06,1.3119969562457082e-08
1604165967983,2020-10-31T13:39:27.983,9.15,2.0100209861303658e-08,-6.444868645170367e-07,9.597547061469771e-08
1604165968033,2020-10-31T13:39:28.033,9.2,3.101436513962835e-08,-2.8068816345908817e-07,-3.168544835276643e-07
1604165968083,2020-10-31T13:39:28.083,9.25,3.7538376843408557e-07,-2.3752330191595807e-07,-8.057479774709493e-07
1604165968133,2020-10-31T13:39:28.133,9.3,4.810298120796025e-07,-2.632516412172688e-07,-7.022580456503205e-07
1604165968183,2020-10-31T13:39:28.183,9.35,1.0391431261844933e-07,-6.089858176791616e-08,-1.5553727974929268e-07
1604165968233,2020-10-31T13:39:28.233,9.4,-2.811239742882885e-07,1.665265699761133e-07,-1.445570995340264e-09
1604165968283,2020-10-31T13:39:28.283,9.45,-1.754366367493959e-07,3.9843058230280856e-09,-4.145011365638035e-07
1604165968333,2020-10-31T13:39:28.333,9.5,2.4590804745584006e-07,-4.868062022499394e-07,-6.481364504495897e-07
1604165968383,2020-10-31T13:39:28.383,9.55,3.7803987329239136e-07,-8.574220418959231e-07,-3.370218400855284e-07
1604165968433,2020-10-31T13:39:28.433,9.6,-1.1146280494904393e-08,-8.55569139285043e-07,-2.3323085025830753e-08
1604165968483,2020-10-31T13:39:28.483,9.65,-4.174814131517711e-07,-5.677808476483436e-07,-1.3955083423659587e-07
1604165968533,2020-10-31T13:39:28.533,9.7,-2.205704988980359e-07,-2.3527825716676382e-07,-4.1586708677465525e-07
1604165968583,2020-10-31T13:39:28.583,9.75,3.9063134758563547e-07,-8.876806381783936e-08,-4.795964819641353e-07
1604165968633,2020-10-31T13:39:28.633,9.8,6.249757511124659e-07,-1.7844408527560895e-07,-3.1083920998039753e-07
1604165968683,2020-10-31T13:39:28.683,9.85,3.0357473601789684e-07,-3.171610137249693e-07,-5.018402878091899e-08
1604165968733,2020-10-31T13:39:28.733,9.9,8.59246810324806e-08,-2.1714684038210755e-07,1.683754900759196e-07
1604165968783,2020-10-31T13:39:28.783,9.95,3.208673582965445e-07,1.9632857250941212e-07,2.4830294516470207e-07
1604165968833,2020-10-31T13:39:28.833,10.0,5.554170739629018e-07,5.084288576659067e-07,2.204167035204761e-07
1604165968883,2020-10-31T13:39:28.883,10.05,3.887187394313961e-07,2.5467288226793935e-07,1.888310006220126e-07
1604165968933,2020-10-31T13:39:28.933,10.1,6.5866322775282e-08,-2.686029181220909e-07,1.5592828902749914e-07
1604165968983,2020-10-31T13:39:28.983,10.15,-2.782242001528022e-08,-3.9259014860323495e-07,2.8145259525659662e-08
1604165969033,2020-10-31T13:39:29.033,10.2,2.8249729641812396e-08,-1.8827991192615634e-07,-1.8631709189065157e-07
1604165969083,2020-10-31T13:39:29.083,10.25,-5.666098643518679e-08,-1.6991364293476435e-07,-2.4930166411200284e-07
1604165969133,2020-10-31T13:39:29.133,10.3,-2.2327391018494243e-07,-2.3484340166529632e-07,2.664188099346512e-08
1604165969183,2020-10-31T13:39:29.183,10.35,-2.064301092165761e-07,-4.855901988401296e-09,3.2915237665618806e-07
1604165969233,2020-10-31T13:39:29.233,10.4,-4.646461073635839e-08,2.56497076417405e-07,1.757893295079649e-07
1604165969283,2020-10-31T13:39:29.283,10.45,-4.633443968158779e-08,6.878532179313761e-08,-2.1741007218939374e-07
1604165969333,2020-10-31T13:39:29.333,10.5,-3.096511407171143e-07,-3.676891890936001e-07,-1.328854873551244e-07
1604165969383,2020-10-31T13:39:29.383,10.55,-5.332684234550165e-07,-5.325669508982432e-07,4.835257850016362e-07
1604165969433,2020-10-31T13:39:29.433,10.6,-3.221020666289124e-07,-4.830396992978464e-07,8.674132930573353e-07
1604165969483,2020-10-31T13:39:29.483,10.65,2.8499901590747986e-07,-6.105005520009401e-07,5.783259542696463e-07
1604165969533,2020-10-31T13:39:29.533,10.7,7.995435759847586e-07,-8.086299698457302e-07,5.516522737584082e-08
1604165969583,2020-10-31T13:39:29.583,10.75,9.01154043088747e-07,-7.204672241388571e-07,-1.462615671737699e-07
1604165969633,2020-10-31T13:39:29.633,10.8,8.026000346473936e-07,-5.401564760605898e-07,8.530380595093734e-09
1604165969683,2020-10-31T13:39:29.683,10.85,8.191865376798955e-07,-7.054318733506155e-07,3.506589699074532e-07
1604165969733,2020-10-31T13:39:29.733,10.9,8.859491979164495e-07,-1.0412750203733271e-06,7.526163818030768e-07
1604165969783,2020-10-31T13:39:29.783,10.95,8.628416854217766e-07,-1.0294508481519855e-06,8.962899574782157e-07
1604165969833,2020-10-31T13:39:29.833,11.0,9.68099159454743e-07,-7.163571137628341e-07,5.548614840649659e-07
1604165969883,2020-10-31T13:39:29.883,11.05,1.3405218471543439e-06,-6.384119455916091e-07,9.030505430948548e-08
1604165969933,2020-10-31T13:39:29.933,11.1,1.5933985032075326e-06,-1.0372686727965566e-06,-1.3017523627426098e-07
1604165969983,2020-10-31T13:39:29.983,11.15,1.447325320054205e-06,-1.7007993835219475e-06,-5.04857027110559e-07
1604165970033,2020-10-31T13:39:30.033,11.2,1.2579047188876694e-06,-2.3559594042721624e-06,-1.4827303061885686e-06
1604165970083,2020-10-31T13:39:30.083,11.25,1.3033307466666342e-06,-2.8186299483418475e-06,-2.5464591933593624e-06
1604165970133,2020-10-31T13:39:30.133,11.3,1.2358082584638617e-06,-2.9744310826955205e-06,-2.8284848213491754e-06
1604165970183,2020-10-31T13:39:30.183,11.35,8.222103327241172e-07,-2.849891265496755e-06,-2.3027347798576074e-06
1604165970233,2020-10-31T13:39:30.233,11.4,4.887052772095903e-07,-2.5763058995505474e-06,-1.6452543649945456e-06
1604165970283,2020-10-31T13:39:30.283,11.45,5.991579663868804e-07,-2.2765776236427046e-06,-1.3285865822970253e-06
1604165970333,2020-10-31T13:39:30.333,11.5,8.692411253640501e-07,-2.0318487910360525e-06,-1.3153760708717817e-06
1604165970383,2020-10-31T13:39:30.383,11.55,8.939686136181496e-07,-1.7800278799497352e-06,-1.2854263247476531e-06
1604165970433,2020-10-31T13:39:30.433,11.6,7.027529896815547e-07,-1.3423537128661226e-06,-9.444911360268349e-07
1604165970483,2020-10-31T13:39:30.483,11.65,5.518867560584172e-07,-8.297457811538822e-07,-3.1324602849356633e-07
1604165970533,2020-10-31T13:39:30.533,11.7,5.521651569842982e-07,-6.673800583860556e-07,3.2292464619654934e-07
1604165970583,2020-10-31T13:39:30.583,11.75,6.21186433952306e-07,-8.803333950674359e-07,7.839828142342169e-07
1604165970633,2020-10-31T13:39:30.633,11.8,6.581408432719837e-07,-9.54397356484945e-07,1.040717461533157e-06
1604165970683,2020-10-31T13:39:30.683,11.85,7.328829173632293e-07,-6.94932576334438e-07,9.71184170851701e-07
1604165970733,2020-10-31T13:39:30.733,11.9,9.780198796231795e-07,-4.73843660682853e-07,5.286042398069388e-07
1604165970783,2020-10-31T13:39:30.783,11.95,1.2543621477610216e-06,-4.697140714264312e-07,3.395754981395705e-08
1604165970833,2020-10-31T13:39:30.833,12.0,1.2127204371942947e-06,-4.3685309014424186e-07,-1.6651738574250996e-07
1604165970883,2020-10-31T13:39:30.883,12.05,7.838448311889997e-07,-2.448208675778965e-07,-1.522629279721144e-07
1604165970933,2020-10-31T13:39:30.933,12.1,3.582014124251979e-07,-6.400680302800933e-08,-1.645167684072827e-07
1604165970983,2020-10-31T13:39:30.983,12.15,3.623193536707892e-07,-1.4441993889739372e-07,-1.48368767211971e-07
1604165971033,2020-10-31T13:39:31.033,12.2,7.489832252207532e-07,-5.860956378878052e-07,7.328430767768125e-08
1604165971083,2020-10-31T13:39:31.083,12.25,1.0665930574817748e-06,-1.0195799010474736e-06,3.425557901434839e-07
1604165971133,2020-10-31T13:39:31.133,12.3,1.090008082141661e-06,-8.082658763526099e-07,3.104132162458899e-07
1604165971183,2020-10-31T13:39:31.183,12.35,1.0704240375127135e-06,-4.916898652514215e-08,2.0494000238154614e-08
1604165971233,2020-10-31T13:39:31.233,12.4,1.1522439830698374e-06,3.0370438160472145e-07,-1.209929583348562e-07
1604165971283,2020-10-31T13:39:31.283,12.45,1.0611516383067987e-06,-1.1688110461652694e-07,-2.765936803347884e-09
1604165971333,2020-10-31T13:39:31.333,12.5,7.235053354956772e-07,-4.675454007350751e-07,8.404470145191952e-08
1604165971383,2020-10-31T13:39:31.383,12.55,5.509441993415357e-07,-1.1101927103598148e-07,2.9442261119234228e-08
1604165971433,2020-10-31T13:39:31.433,12.6,6.965832797434765e-07,3.87351921178275e-07,3.2348570580896826e-08
1604165971483,2020-10-31T13:39:31.483,12.65,6.989820803760661e-07,2.8328811315471896e-07,1.3407324870275154e-07
1604165971533,2020-10-31T13:39:31.533,12.7,2.9937749420805473e-07,-2.2426204502791758e-07,1.781922608615513e-07
1604165971583,2020-10-31T13:39:31.583,12.75,-1.2984685173083324e-09,-4.2738667429692853e-07,1.708524974430453e-07
1604165971633,2020-10-31T13:39:31.633,12.8,3.294982407019085e-07,-9.479316459107153e-08,1.874081354634553e-07
1604165971683,2020-10-31T13:39:31.683,12.85,1.0310838590532953e-06,3.346036675970479e-07,1.3276128853211244e-07
1604165971733,2020-10-31T13:39:31.733,12.9,1.3757097754101363e-06,3.558145480078365e-07,5.553889649061196e-09
1604165971783,2020-10-31T13:39:31.783,12.95,1.0801122899252264e-06,6.551710223556161e-08,5.4123753717632564e-08
1604165971833,2020-10-31T13:39:31.833,13.0,6.210477671206184e-07,2.4035916632186432e-08,3.4820210403845394e-07
1604165971883,2020-10-31T13:39:31.883,13.05,5.827238417666884e-07,3.7150928137384917e-07,5.67800844761818e-07
1604165971933,2020-10-31T13:39:31.933,13.1,8.120009188628796e-07,6.147862830100471e-07,4.685533289638578e-07
1604165971983,2020-10-31T13:39:31.983,13.15,7.038332202311108e-07,4.990969417644966e-07,2.831035661026085e-07
1604165972033,2020-10-31T13:39:32.033,13.2,3.291861096253498e-07,4.0918881104815107e-07,4.277287731297944e-07
1604165972083,2020-10-31T13:39:32.083,13.25,3.9094888648090123e-07,6.512213453710011e-07,9.202220878855961e-07
1604165972133,2020-10-31T13:39:32.133,13.3,9.359973667364326e-07,9.35070044974285e-07,1.3208847445563614e-06
1604165972183,2020-10-31T13:39:32.183,13.35,1.1916388072487041e-06,8.73464464051106e-07,1.2557658845117778e-06
1604165972233,2020-10-31T13:39:32.233,13.4,8.794696707651449e-07,5.9631162796109e-07,8.080640345137293e-07
1604165972283,2020-10-31T13:39:32.283,13.45,6.312416106268983e-07,4.782955477161536e-07,3.838373884167868e-07
1604165972333,2020-10-31T13:39:32.333,13.5,8.475767352362338e-07,5.328096217070303e-07,3.1653794262895775e-07
1604165972383,2020-10-31T13:39:32.383,13.55,1.0775760030653454e-06,5.557973037119666e-07,6.027316765342466e-07
1604165972433,2020-10-31T13:39:32.433,13.6,8.95078631646528e-07,5.928530892293649e-07,9.776358328194384e-07
1604165972483,2020-10-31T13:39:32.483,13.65,6.261373839966638e-07,7.604592891405648e-07,1.2106367442086452e-06
1604165972533,2020-10-31T13:39:32.533,13.7,6.881065603010559e-07,9.135305560280886e-07,1.3176229538826967e-06
1604165972583,2020-10-31T13:39:32.583,13.75,8.265537904016156e-07,9.140131394991499e-07,1.5004457587301289e-06
1604165972633,2020-10-31T13:39:32.633,13.8,6.597524292461717e-07,8.986385339723247e-07,1.7836249662163145e-06
1604165972683,2020-10-31T13:39:32.683,13.85,4.449802373728611e-07,1.000432049309299e-06,1.830830503776659e-06
1604165972733,2020-10-31T13:39:32.733,13.9,5.890941419013297e-07,1.167233907602309e-06,1.487224840683456e-06
1604165972783,2020-10-31T13:39:32.783,13.95,8.679252643159856e-07,1.3540411597659505e-06,1.2020205994701467e-06
1604165972833,2020-10-31T13:39:32.833,14.0,7.924947282817032e-07,1.500814006073857e-06,1.3636251445870693e-06
1604165972883,2020-10-31T13:39:32.883,14.05,3.6203974757747685e-07,1.4552863649834825e-06,1.7049018039347371e-06
1604165972933,2020-10-31T13:39:32.933,14.1,-7.137347858013599e-09,1.2982655604645585e-06,1.8515575826452522e-06
1604165972983,2020-10-31T13:39:32.983,14.15,-1.5326383786218474e-08,1.3876631038058857e-06,1.8553505966607592e-06
1604165973033,2020-10-31T13:39:33.033,14.2,2.1762566249997683e-07,1.7698167579092842e-06,1.884319357181474e-06
1604165973083,2020-10-31T13:39:33.083,14.25,2.7803264676881334e-07,1.98930670024118e-06,1.8960944421470266e-06
1604165973133,2020-10-31T13:39:33.133,14.3,3.5839926892179113e-08,1.7323616458914207e-06,1.7904477139577283e-06
1604165973183,2020-10-31T13:39:33.183,14.35,-1.0009567424616259e-07,1.3198138245069503e-06,1.6526734072555268e-06
1604165973233,2020-10-31T13:39:33.233,14.4,1.0837656280194708e-07,1.3074855797427e-06,1.6821596038487574e-06
1604165973283,2020-10-31T13:39:33.283,14.45,2.524808912812928e-07,1.7486462621908988e-06,1.8473314693443653e-06
1604165973333,2020-10-31T13:39:33.333,14.5,-7.4689626728292e-09,2.1644414578874338e-06,1.8808970992587006e-06
1604165973383,2020-10-31T13:39:33.383,14.55,-3.7594334227436267e-07,2.2188683730157366e-06,1.7628265792943802e-06
1604165973433,2020-10-31T13:39:33.433,14.6,-4.7362689796863713e-07,2.0585020824958014e-06,1.7723577374301785e-06
1604165973483,2020-10-31T13:39:33.483,14.65,-3.085909520534198e-07,1.9906468561466855e-06,1.955573833979672e-06
1604165973533,2020-10-31T13:39:33.533,14.7,2.1458679994347608e-08,2.1187244168347507e-06,2.100982833940994e-06
1604165973583,2020-10-31T13:39:33.583,14.75,4.375460594020378e-07,2.2330120232220736e-06,2.1820162295221864e-06
1604165973633,2020-10-31T13:39:33.633,14.8,6.46652057955405e-07,2.0290289680344345e-06,2.231451681823058e-06
1604165973683,2020-10-31T13:39:33.683,14.85,4.327570833167159e-07,1.5970098921214044e-06,2.0541508441582966e-06
1604165973733,2020-10-31T13:39:33.733,14.9,5.586516060555179e-08,1.4096407023461801e-06,1.6167695110674954e-06
1604165973783,2020-10-31T13:39:33.783,14.95,-1.3349849984040698e-07,1.60192759875814e-06,1.3410266944340714e-06
1604165973833,2020-10-31T13:39:33.833,15.0,-1.669779027805419e-07,1.7719391503873067e-06,1.564510246052462e-06
1604165973883,2020-10-31T13:39:33.883,15.05,-2.2983890928862651e-07,1.7000240409885508e-06,2.0284504659239295e-06
1604165973933,2020-10-31T13:39:33.933,15.1,-3.639300429807111e-07,1.6613086204214135e-06,2.2235390957395707e-06
1604165973983,2020-10-31T13:39:33.983,15.15,-5.448989341136085e-07,1.8507773825040026e-06,2.045775180647706e-06
1604165974033,2020-10-31T13:39:34.033,15.2,-6.59862915775133e-07,2.0814041603863363e-06,1.830332958385295e-06
1604165974083,2020-10-31T13:39:34.083,15.25,-4.6463829947737536e-07,2.210850610026171e-06,1.8039532970631936e-06
1604165974133,2020-10-31T13:39:34.133,15.3,-6.440009005656349e-08,2.372950244910215e-06,1.7610457796546382e-06
1604165974183,2020-10-31T13:39:34.183,15.35,-1.5293476579361657e-07,2.637551684327871e-06,1.4045881209247963e-06
1604165974233,2020-10-31T13:39:34.233,15.4,-1.007633521734398e-06,2.8271086354287974e-06,8.957782315862375e-07
1604165974283,2020-10-31T13:39:34.283,15.45,-1.770852025966941e-06,2.8322041187971513e-06,7.244922726512146e-07
1604165974333,2020-10-31T13:39:34.333,15.5,-1.6966820299427114e-06,2.841977666052467e-06,9.432611687740199e-07
1604165974383,2020-10-31T13:39:34.383,15.55,-1.3120473881229018e-06,3.0432817582358837e-06,1.0516798964488793e-06
1604165974433,2020-10-31T13:39:34.433,15.6,-1.361929286507796e-06,3.2622375314019846e-06,8.366944813570224e-07
1604165974483,2020-10-31T13:39:34.483,15.65,-1.6236875963118611e-06,3.237849427623552e-06,6.855031306220701e-07
1604165974533,2020-10-31T13:39:34.533,15.7,-1.6467711857944005e-06,3.1185382262523907e-06,8.413046120990247e-07
1604165974583,2020-10-31T13:39:34.583,15.75,-1.6406726461467818e-06,3.21445871761925e-06,1.0021915598333765e-06
1604165974633,2020-10-31T13:39:34.633,15.8,-1.901675189723887e-06,3.394624075552155e-06,8.756117245271642e-07
1604165974683,2020-10-31T13:39:34.683,15.85,-2.188577219418045e-06,3.2880810780117984e-06,5.793581627390472e-07
1604165974733,2020-10-31T13:39:34.733,15.9,-2.2229792977584353e-06,2.9496286898309477e-06,3.897553594935373e-07
1604165974783,2020-10-31T13:39:34.783,15.95,-2.207071425710462e-06,2.7918082157197463e-06,4.962616831538575e-07
1604165974833,2020-10-31T13:39:34.833,16.0,-2.3792010269139826e-06,2.955096483216139e-06,8.607289291619346e-07
1604165974883,2020-10-31T13:39:34.883,16.05,-2.5065555607315514e-06,3.1784067566963825e-06,1.064806782130993e-06
1604165974933,2020-10-31T13:39:34.933,16.1,-2.3080476175684735e-06,3.248863518756695e-06,7.189837444600313e-07
1604165974983,2020-10-31T13:39:34.983,16.15,-2.005849521625113e-06,3.2122424737437866e-06,1.4697188245280258e-07
1604165975033,2020-10-31T13:39:35.033,16.2,-1.9725696838333006e-06,3.073009331032359e-06,3.272020909663838e-08
1604165975083,2020-10-31T13:39:35.083,16.25,-2.1767323864319714e-06,2.644536378255459e-06,3.524706502323224e-07
1604165975133,2020-10-31T13:39:35.133,16.3,-2.278692650539272e-06,1.937654304814946e-06,4.550651062212383e-07
1604165975183,2020-10-31T13:39:35.183,16.35,-1.9868795803827602e-06,1.3742723159339412e-06,2.0051890728199967e-07
1604165975233,2020-10-31T13:39:35.233,16.4,-1.3609846608856268e-06,1.215825339673201e-06,2.258087718101137e-08
1604165975283,2020-10-31T13:39:35.283,16.45,-8.739116563530442e-07,1.0274298501135475e-06,-1.5441827185360614e-07
1604165975333,2020-10-31T13:39:35.333,16.5,-8.201405171867618e-07,2.2387386675208932e-07,-8.561575562405065e-07
1604165975383,2020-10-31T13:39:35.383,16.55,-8.386274955593257e-07,-9.881579785970584e-07,-1.819674322158631e-06
1604165975433,2020-10-31T13:39:35.433,16.6,-4.891422264314693e-07,-1.7925986052128792e-06,-2.0666144059532186e-06
1604165975483,2020-10-31T13:39:35.483,16.65,1.147218982576397e-07,-1.884287595203726e-06,-1.4019715348632017e-06
1604165975533,2020-10-31T13:39:35.533,16.7,6.236467248618475e-07,-1.8289480464128794e-06,-7.88658356216383e-07
1604165975583,2020-10-31T13:39:35.583,16.75,9.042284777165661e-07,-2.163829142530949e-06,-1.02422952614627e-06
1604165975633,2020-10-31T13:39:35.633,16.8,9.471793070444546e-07,-2.643029877689622e-06,-1.7953763235399676e-06
1604165975683,2020-10-31T13:39:35.683,16.85,7.603107682639836e-07,-2.696726824951078e-06,-2.2830095551702697e-06
1604165975733,2020-10-31T13:39:35.733,16.9,4.852630475869441e-07,-2.315823427403896e-06,-2.223342090732276e-06
1604165975783,2020-10-31T13:39:35.783,16.95,3.4891841802723524e-07,-2.0537223726929773e-06,-2.002899366657118e-06
1604165975833,2020-10-31T13:39:35.833,17.0,4.479398456654776e-07,-2.2741185406371677e-06,-1.958346331610266e-06
1604165975883,2020-10-31T13:39:35.883,17.05,6.714651968592436e-07,-2.758647514884175e-06,-2.089403978102721e-06
1604165975933,2020-10-31T13:39:35.933,17.1,8.157381997312176e-07,-3.0481914021992304e-06,-2.3599970804885443e-06
1604165975983,2020-10-31T13:39:35.983,17.15,8.2305222793924e-07,-2.9811340754156316e-06,-2.7338114966460182e-06
1604165976033,2020-10-31T13:39:36.033,17.2,8.592611437321246e-07,-2.831787902589391e-06,-2.9874656123924473e-06
1604165976083,2020-10-31T13:39:36.083,17.25,9.756986693194085e-07,-2.9189967546861943e-06,-2.965371560046778e-06
1604165976133,2020-10-31T13:39:36.133,17.3,9.813973466850213e-07,-3.2024283000199355e-06,-2.839355998569184e-06
1604165976183,2020-10-31T13:39:36.183,17.35,9.179300893759809e-07,-3.4263919710314153e-06,-2.752361382101594e-06
1604165976233,2020-10-31T13:39:36.233,17.4,1.0923148392368055e-06,-3.5404276851133664e-06,-2.5820992949206744e-06
1604165976283,2020-10-31T13:39:36.283,17.45,1.4374750424771456e-06,-3.7083968204443e-06,-2.362108554074362e-06
1604165976333,2020-10-31T13:39:36.333,17.5,1.5686475833820885e-06,-3.9577830890754516e-06,-2.4050589417479878e-06
1604165976383,2020-10-31T13:39:36.383,17.55,1.4543947248723157e-06,-4.10574798804519e-06,-2.721364017274189e-06
1604165976433,2020-10-31T13:39:36.433,17.6,1.3402143546831097e-06,-4.035884833700268e-06,-2.841389783696933e-06
1604165976483,2020-10-31T13:39:36.483,17.65,1.240489584360266e-06,-3.82879166148909e-06,-2.466731939896067e-06
1604165976533,2020-10-31T13:39:36.533,17.7,1.0262972305916819e-06,-3.5611205932324154e-06,-1.925197705869696e-06
1604165976583,2020-10-31T13:39:36.583,17.75,7.692484064643602e-07,-3.164289701819907e-06,-1.760817696641189e-06
1604165976633,2020-10-31T13:39:36.633,17.8,7.053070966731591e-07,-2.700305090183882e-06,-2.034590233092085e-06
1604165976683,2020-10-31T13:39:36.683,17.85,8.964869481304622e-07,-2.5270820248891435e-06,-2.261024307378381e-06
1604165976733,2020-10-31T13:39:36.733,17.9,1.0208427330955893e-06,-2.7465571249467575e-06,-2.062924639185596e-06
1604165976783,2020-10-31T13:39:36.783,17.95,7.975182022216977e-07,-2.8487693958590208e-06,-1.6199815276792494e-06
1604165976833,2020-10-31T13:39:36.833,18.0,5.829372210616481e-07,-2.4545370510268185e-06,-1.3314876753034984e-06
1604165976883,2020-10-31T13:39:36.883,18.05,8.482024817468973e-07,-1.91170405584316e-06,-1.3277049673661382e-06
1604165976933,2020-10-31T13:39:36.933,18.1,1.2061127701064726e-06,-1.6087682984684574e-06,-1.4690168772424843e-06
1604165976983,2020-10-31T13:39:36.983,18.15,9.772986942227886e-07,-1.3556023383316087e-06,-1.5841540371022816e-06
1604165977033,2020-10-31T13:39:37.033,18.2,4.2528020568865394e-07,-1.0130237374764898e-06,-1.6505232847166145e-06
1604165977083,2020-10-31T13:39:37.083,18.25,3.0271980708149414e-07,-9.727659123562462e-07,-1.8116582397177367e-06
1604165977133,2020-10-31T13:39:37.133,18.3,5.862600752739874e-07,-1.4609737027943434e-06,-2.0459814569119335e-06
1604165977183,2020-10-31T13:39:37.183,18.35,7.212211769601355e-07,-2.1280828531217334e-06,-1.9905386137872697e-06
1604165977233,2020-10-31T13:39:37.233,18.4,6.734492175271648e-07,-2.6362552850079417e-06,-1.521140728958244e-06
1604165977283,2020-10-31T13:39:37.283,18.45,8.028622789048163e-07,-2.9168665050245114e-06,-1.1020837742104333e-06
1604165977333,2020-10-31T13:39:37.333,18.5,1.0574422657160481e-06,-2.8845307027915665e-06,-1.0529500739235407e-06
1604165977383,2020-10-31T13:39:37.383,18.55,1.0448943310546997e-06,-2.5584850800840937e-06,-1.1107243030178338e-06
1604165977433,2020-10-31T13:39:37.433,18.6,7.184827010725249e-07,-2.200971767594942e-06,-1.0762296423109137e-06
1604165977483,2020-10-31T13:39:37.483,18.65,4.900605749062017e-07,-1.919761788266101e-06,-1.0274991394443807e-06
1604165977533,2020-10-31T13:39:37.533,18.7,6.696466288669418e-07,-1.606521346910569e-06,-8.132211056575287e-07
1604165977583,2020-10-31T13:39:37.583,18.75,1.0714415551656598e-06,-1.399710970157205e-06,-2.848378080559198e-07
1604165977633,2020-10-31T13:39:37.633,18.8,1.273058300347765e-06,-1.5409572523659387e-06,1.995379350376414e-07
1604165977683,2020-10-31T13:39:37.683,18.85,1.1409561458830876e-06,-1.8359509372075655e-06,2.9484897171476525e-07
1604165977733,2020-10-31T13:39:37.733,18.9,9.702439249981647e-07,-1.9481790528432536e-06,1.8895002159302442e-07
1604165977783,2020-10-31T13:39:37.783,18.95,1.054371553960872e-06,-1.9647835970815175e-06,1.4319615358639173e-07
1604165977833,2020-10-31T13:39:37.833,19.0,1.223045452147739e-06,-2.0684015860724785e-06,1.6153798822324782e-07
1604165977883,2020-10-31T13:39:37.883,19.05,1.0869871656257234e-06,-2.0900563575230446e-06,2.443438332880686e-07
1604165977933,2020-10-31T13:39:37.933,19.1,6.785533730661754e-07,-1.8751116554231077e-06,3.754097278654069e-07
1604165977983,2020-10-31T13:39:37.983,19.15,3.7291656802225576e-07,-1.5736618467965665e-06,3.8451079639470303e-07
1604165978033,2020-10-31T13:39:38.033,19.2,2.7940530789824483e-07,-1.318642707701745e-06,2.338987000343563e-07
1604165978083,2020-10-31T13:39:38.083,19.25,3.0754463314942237e-07,-1.1825729669303046e-06,1.2861062493422893e-07
1604165978133,2020-10-31T13:39:38.133,19.3,5.431938348986586e-07,-1.3369129781573107e-06,8.631568021977392e-08
1604165978183,2020-10-31T13:39:38.183,19.35,9.308340989578028e-07,-1.664671264035834e-06,-1.775398465541678e-07
1604165978233,2020-10-31T13:39:38.233,19.4,1.0831181327809127e-06,-1.6675523761098127e-06,-6.901296799077723e-07
1604165978283,2020-10-31T13:39:38.283,19.45,8.59169196323207e-07,-1.2292483558698124e-06,-1.0052039558398605e-06
1604165978333,2020-10-31T13:39:38.333,19.5,5.294009729582756e-07,-8.626356464652842e-07,-8.946544497677629e-07
1604165978383,2020-10-31T13:39:38.383,19.55,2.73197340856567e-07,-9.605027942975067e-07,-7.546063240630896e-07
1604165978433,2020-10-31T13:39:38.433,19.6,6.128449607221643e-08,-1.325033264589255e-06,-8.524850311438173e-07
1604165978483,2020-10-31T13:39:38.483,19.65,-1.5032911937361353e-07,-1.5198028935988394e-06,-8.36875593365269e-07
1604165978533,2020-10-31T13:39:38.533,19.7,-4.0219041100216775e-07,-1.4314786375511073e-06,-5.628084550102988e-07
1604165978583,2020-10-31T13:39:38.583,19.75,-6.264639825693546e-07,-1.374683505242454e-06,-5.171434227785724e-07
1604165978633,2020-10-31T13:39:38.633,19.8,-5.78534005587022e-07,-1.568973275235116e-06,-8.301590558315006e-07
1604165978683,2020-10-31T13:39:38.683,19.85,-1.6738585363811241e-07,-1.7196297924282218e-06,-9.011274465607253e-07
1604165978733,2020-10-31T13:39:38.733,19.9,2.811386147315735e-07,-1.453684889013477e-06,-5.458631849017304e-07
1604165978783,2020-10-31T13:39:38.783,19.95,3.613937503351797e-07,-9.800066147712375e-07,-3.851021196008735e-07
1604165978833,2020-10-31T13:39:38.833,20.0,7.028953922650822e-08,-8.29711646204796e-07,-6.198023390561395e-07
1604165978883,2020-10-31T13:39:38.883,20.05,-3.0816340126720425e-07,-1.0020047030748063e-06,-6.401946340574322e-07
1604165978933,2020-10-31T13:39:38.933,20.1,-6.483578606414755e-07,-9.894099900520373e-07,-2.6963880661328953e-07
1604165978983,2020-10-31T13:39:38.983,20.15,-9.577902707543187e-07,-7.351543757511848e-07,-1.4271967200724737e-07
1604165979033,2020-10-31T13:39:39.033,20.2,-1.0648575157053408e-06,-7.361720869559802e-07,-4.7424141331585703e-07
1604165979083,2020-10-31T13:39:39.083,20.25,-7.57993720841853e-07,-9.9990900169667e-07,-5.91827088915807e-07
1604165979133,2020-10-31T13:39:39.133,20.3,-1.9838540617696586e-07,-9.094191311696936e-07,-9.065871515572861e-08
1604165979183,2020-10-31T13:39:39.183,20.35,1.0556265545810903e-07,-3.714322048048078e-07,4.248207491898988e-07
1604165979233,2020-10-31T13:39:39.233,20.4,-1.6921778834666173e-07,-7.543102633320191e-08,2.795121037530236e-07
1604165979283,2020-10-31T13:39:39.283,20.45,-7.327774666277877e-07,-3.643903720073487e-07,-2.1198054270497631e-07
1604165979333,2020-10-31T13:39:39.333,20.5,-9.683076366472097e-07,-6.954946352691648e-07,-3.367774345576915e-07
1604165979383,2020-10-31T13:39:39.383,20.55,-6.980676231709913e-07,-5.078145693933115e-07,-1.4276952830070256e-07
1604165979433,2020-10-31T13:39:39.433,20.6,-3.619722500061735e-07,-7.209236041448764e-08,-1.212564022439974e-07
1604165979483,2020-10-31T13:39:39.483,20.65,-3.3510998494253817e-07,-4.6373522710861306e-08,-2.0356174876416416e-07
1604165979533,2020-10-31T13:39:39.533,20.7,-5.200495976830564e-07,-4.170275218293088e-07,-5.8427151804438595e-08
1604165979583,2020-10-31T13:39:39.583,20.75,-7.170064323902035e-07,-5.134262246097384e-07,9.010132151845973e-08
1604165979633,2020-10-31T13:39:39.633,20.8,-8.397649627825624e-07,-1.1674019831435345e-07,-1.0577765715769334e-07
1604165979683,2020-10-31T13:39:39.683,20.85,-7.134627747191207e-07,1.689780229145456e-07,-3.942732240768026e-07
1604165979733,2020-10-31T13:39:39.733,20.9,-2.8018669082707927e-07,-1.292666579057055e-07,-4.330270499056827e-07
1604165979783,2020-10-31T13:39:39.783,20.95,-1.9464398287855024e-09,-6.457193709218152e-07,-4.0150055156303e-07
1604165979833,2020-10-31T13:39:39.833,21.0,-3.8123031471329026e-07,-7.600754030224348e-07,-5.090644773911516e-07
1604165979883,2020-10-31T13:39:39.883,21.05,-1.0946897331098549e-06,-4.589141418130393e-07,-5.960387280591012e-07
1604165979933,2020-10-31T13:39:39.933,21.1,-1.3312137431743563e-06,-1.7003716639800701e-07,-5.514376250070662e-07
1604165979983,2020-10-31T13:39:39.983,21.15,-9.714865552543885e-07,-9.278525146388719e-08,-4.1359227506746134e-07
1604165980033,2020-10-31T13:39:40.033,21.2,-6.37891120981533e-07,-2.015704601215434e-07,-1.1186904676799558e-07
1604165980083,2020-10-31T13:39:40.083,21.25,-5.689321580773296e-07,-4.879317891271346e-07,2.675385035605679e-07
1604165980133,2020-10-31T13:39:40.133,21.3,-3.4606583235445967e-07,-7.458064337100408e-07,4.219287936558005e-07
1604165980183,2020-10-31T13:39:40.183,21.35,7.8313650342129e-08,-6.618238110849748e-07,3.978337894235181e-07
1604165980233,2020-10-31T13:39:40.233,21.4,8.899763594896827e-08,-3.7829725971873043e-07,4.553328374854828e-07
1604165980283,2020-10-31T13:39:40.283,21.45,-4.010050845692879e-07,-3.147864376895087e-07,4.3918937003273554e-07
1604165980333,2020-10-31T13:39:40.333,21.5,-5.709762508506273e-07,-4.106047968456268e-07,1.8008478900226922e-07
1604165980383,2020-10-31T13:39:40.383,21.55,-1.0691734823675632e-07,-2.9311599591235083e-07,3.0676760243013634e-08
1604165980433,2020-10-31T13:39:40.433,21.6,2.2665709081135025e-07,-5.997845184998665e-08,1.768640434534573e-07
1604165980483,2020-10-31T13:39:40.483,21.65,-2.0947286763714393e-08,-1.2568986972860256e-07,2.1061268840523866e-07
1604165980533,2020-10-31T13:39:40.533,21.7,-2.989646787946972e-07,-5.066780558235077e-07,-1.4437647546620751e-08
1604165980583,2020-10-31T13:39:40.583,21.75,-1.70360702611136e-07,-9.007642734169105e-07,-9.975717388629475e-08
1604165980633,2020-10-31T13:39:40.633,21.8,2.787923568138197e-08,-1.1603011933768116e-06,1.2196379278585745e-08
1604165980683,2020-10-31T13:39:40.683,21.85,-4.1225565893651594e-08,-1.244720163707475e-06,-4.6687710225494565e-08
1604165980733,2020-10-31T13:39:40.733,21.9,-1.3065453093370905e-07,-1.1209570534634716e-06,-2.3119027663329606e-07
1604165980783,2020-10-31T13:39:40.783,21.95,6.543762250226485e-08,-9.38650838891167e-07,-1.2297772212677823e-07
1604165980833,2020-10-31T13:39:40.833,22.0,3.443767552843421e-07,-8.677764046935941e-07,3.9607131072786e-07
1604165980883,2020-10-31T13:39:40.883,22.05,3.507298323350429e-07,-7.857570606316805e-07,1.0685927158965619e-06
1604165980933,2020-10-31T13:39:40.933,22.1,1.6461475629936448e-07,-5.484838921034315e-07,1.4470500643482002e-06
1604165980983,2020-10-31T13:39:40.983,22.15,1.3927165721508091e-07,-3.0397765119977823e-07,1.162883361976563e-06
1604165981033,2020-10-31T13:39:41.033,22.2,3.8836082239971674e-07,-1.1048956036774201e-07,5.354651261286769e-07
1604165981083,2020-10-31T13:39:41.083,22.25,7.366494921395433e-07,2.7801519271778543e-07,4.4975894213057076e-07
1604165981133,2020-10-31T13:39:41.133,22.3,1.008120553982396e-06,8.246784902675391e-07,1.20129336285175e-06
1604165981183,2020-10-31T13:39:41.183,22.35,1.1531339718462453e-06,1.0984682791974167e-06,2.1551749016587956e-06
1604165981233,2020-10-31T13:39:41.233,22.4,1.165197152218946e-06,1.0904201763812634e-06,2.7039521558394317e-06
1604165981283,2020-10-31T13:39:41.283,22.45,1.039612708312945e-06,1.2544954365743692e-06,2.81326097835686e-06
1604165981333,2020-10-31T13:39:41.333,22.5,8.286478474409845e-07,1.5921851175250254e-06,2.694872700283408e-06
1604165981383,2020-10-31T13:39:41.383,22.55,6.287954787240644e-07,1.671356806658928e-06,2.532131406521735e-06
1604165981433,2020-10-31T13:39:41.433,22.6,4.952644717107312e-07,1.489037170800063e-06,2.370389737092127e-06
1604165981483,2020-10-31T13:39:41.483,22.65,3.69618446781967e-07,1.5139972161032909e-06,2.1155807196206813e-06
1604165981533,2020-10-31T13:39:41.533,22.7,9.201257596277346e-08,1.988463079596619e-06,1.8364703435295214e-06
1604165981583,2020-10-31T13:39:41.583,22.75,-3.6876880855532063e-07,2.5617155122705494e-06,1.752459085199059e-06
1604165981633,2020-10-31T13:39:41.633,22.8,-7.332738498631074e-07,2.6752507350493254e-06,1.743789327762901e-06
1604165981683,2020-10-31T13:39:41.683,22.85,-7.651102114845795e-07,2.3524601322652693e-06,1.4531854306850978e-06
1604165981733,2020-10-31T13:39:41.733,22.9,-7.004918701180737e-07,2.209855052042509e-06,9.466150654296387e-07
1604165981783,2020-10-31T13:39:41.783,22.95,-8.756615884329881e-07,2.4593373034269484e-06,7.103118637736759e-07
1604165981833,2020-10-31T13:39:41.833,23.0,-1.13288682129909e-06,2.629459852974587e-06,9.954306995596913e-07
1604165981883,2020-10-31T13:39:41.883,23.05,-1.1704290507039384e-06,2.5024033165920025e-06,1.5120940747888966e-06
1604165981933,2020-10-31T13:39:41.933,23.1,-1.1521938341807215e-06,2.4522254136015473e-06,1.7701903531149373e-06
1604165981983,2020-10-31T13:39:41.983,23.15,-1.3206965839036604e-06,2.6544532430161936e-06,1.5797660434191497e-06
1604165982033,2020-10-31T13:39:42.033,23.2,-1.424875852519196e-06,2.7448942923499345e-06,1.170280671819714e-06
1604165982083,2020-10-31T13:39:42.083,23.25,-1.1641417027020506e-06,2.4759444138788047e-06,8.911015452930423e-07
1604165982133,2020-10-31T13:39:42.133,23.3,-7.766680605542927e-07,2.132893245910478e-06,8.993817203345064e-07
1604165982183,2020-10-31T13:39:42.183,23.35,-6.47369896564396e-07,2.0637290305334303e-06,1.089425268162108e-06
1604165982233,2020-10-31T13:39:42.233,23.4,-6.865899776717315e-07,2.21557055556306e-06,1.2207572493891774e-06
1604165982283,2020-10-31T13:39:42.283,23.45,-5.568407014963052e-07,2.359513460161558e-06,1.155732467599897e-06
1604165982333,2020-10-31T13:39:42.333,23.5,-2.786881704855642e-07,2.389198442977806e-06,1.0046836830675095e-06
1604165982383,2020-10-31T13:39:42.383,23.55,-1.7475796328469834e-07,2.232561626962258e-06,9.280622455321861e-07
1604165982433,2020-10-31T13:39:42.433,23.6,-3.239091587442964e-07,1.9138257710714343e-06,8.525518521725988e-07
1604165982483,2020-10-31T13:39:42.483,23.65,-5.24234832751083e-07,1.7619055731170428e-06,6.557958554359683e-07
1604165982533,2020-10-31T13:39:42.533,23.7,-7.257827142931768e-07,2.0224791649319907e-06,4.93499786808504e-07
1604165982583,2020-10-31T13:39:42.583,23.75,-9.888886707321407e-07,2.3426125131067827e-06,4.5781204605531226e-07
1604165982633,2020-10-31T13:39:42.633,23.8,-1.186375763209241e-06,2.2405307620946042e-06,1.6227018858912452e-07
1604165982683,2020-10-31T13:39:42.683,23.85,-1.3117783843338676e-06,1.8814070949719597e-06,-6.348164215129491e-07
1604165982733,2020-10-31T13:39:42.733,23.9,-1.6490659740578043e-06,1.7669381346390502e-06,-1.3843727860592396e-06
1604165982783,2020-10-31T13:39:42.783,23.95,-2.072503453037699e-06,1.9089487564294155e-06,-1.5149260819912737e-06
1604165982833,2020-10-31T13:39:42.833,24.0,-1.949100848338916e-06,1.9012935752937658e-06,-1.329157337931871e-06
1604165982883,2020-10-31T13:39:42.883,24.05,-1.2359933812577063e-06,1.6233132350131396e-06,-1.4232751162092878e-06
1604165982933,2020-10-31T13:39:42.933,24.1,-7.028975757423586e-07,1.3791454044374409e-06,-1.7687349430429674e-06
1604165982983,2020-10-31T13:39:42.983,24.15,-7.566290723846001e-07,1.4133991228806842e-06,-1.934124558873922e-06
1604165983033,2020-10-31T13:39:43.033,24.2,-1.0208946445721791e-06,1.6104600585058225e-06,-1.7696759341575241e-06
1604165983083,2020-10-31T13:39:43.083,24.25,-1.1313709406073649e-06,1.6409448157484642e-06,-1.4414045306656294e-06
1604165983133,2020-10-31T13:39:43.133,24.3,-1.1207871618034144e-06,1.2925667633481809e-06,-1.0929596453574538e-06
1604165983183,2020-10-31T13:39:43.183,24.35,-1.102470368974324e-06,7.758301847118767e-07,-7.879266806677511e-07
1604165983233,2020-10-31T13:39:43.233,24.4,-1.0498686632944192e-06,6.383094753383108e-07,-5.514807035295822e-07
1604165983283,2020-10-31T13:39:43.283,24.45,-8.198917385827439e-07,1.09707330843879e-06,-3.30013908406364e-07
1604165983333,2020-10-31T13:39:43.333,24.5,-3.8284175378439064e-07,1.616900774216268e-06,-1.3875603372338532e-07
1604165983383,2020-10-31T13:39:43.383,24.55,-4.548378751695131e-08,1.5834191287946225e-06,-1.2876192132540838e-07
1604165983433,2020-10-31T13:39:43.433,24.6,-1.4975171375673687e-07,1.211959501059022e-06,-2.4296909085347997e-07
1604165983483,2020-10-31T13:39:43.483,24.65,-5.655894610538765e-07,1.2256176858437832e-06,-1.1202084246872601e-07
1604165983533,2020-10-31T13:39:43.533,24.7,-8.097936497581112e-07,1.7554811258131474e-06,3.969249643357773e-07
1604165983583,2020-10-31T13:39:43.583,24.75,-6.489457196084235e-07,2.155213372874314e-06,8.167431772123952e-07
1604165983633,2020-10-31T13:39:43.633,24.8,-3.538191553476571e-07,1.9079679075003885e-06,6.240425772350732e-07
1604165983683,2020-10-31T13:39:43.683,24.85,-3.2407846784422416e-07,1.2889864529924374e-06,3.07387311717075e-08
1604165983733,2020-10-31T13:39:43.733,24.9,-5.766968595904085e-07,9.939472691385998e-07,-1.8723333223937517e-07
1604165983783,2020-10-31T13:39:43.783,24.95,-6.800100915652093e-07,1.2334599974663625e-06,2.3726679365178438e-07
1604165983833,2020-10-31T13:39:43.833,25.0,-2.3021632223865103e-07,1.4546347928711476e-06,6.377474977716511e-07
1604165983883,2020-10-31T13:39:43.883,25.05,5.565016890009154e-07,1.1584188561203198e-06,4.1727948665241493e-07
1604165983933,2020-10-31T13:39:43.933,25.1,9.06953625642509e-07,6.539661842965866e-07,-2.7003360198099754e-10
1604165983983,2020-10-31T13:39:43.983,25.15,4.886375999963066e-07,5.117381517857585e-07,1.7172000899671376e-07
1604165984033,2020-10-31T13:39:44.033,25.2,5.3473525624460446e-08,6.316451659596621e-07,8.260289922925138e-07
1604165984083,2020-10-31T13:39:44.083,25.25,4.1907701124370305e-07,5.912190711156899e-07,1.0939063751986472e-06
1604165984133,2020-10-31T13:39:44.133,25.3,1.1827450300500353e-06,4.6248021154301103e-07,6.290890470722313e-07
1604165984183,2020-10-31T13:39:44.183,25.35,1.352043441043269e-06,4.016516334281966e-07,1.429286804401125e-07
1604165984233,2020-10-31T13:39:44.233,25.4,8.720147927440439e-07,1.4154321806086054e-07,3.9487545787841217e-07
1604165984283,2020-10-31T13:39:44.283,25.45,5.061897506079878e-07,-2.761671024104746e-07,9.800873464934132e-07
1604165984333,2020-10-31T13:39:44.333,25.5,4.89760267522817e-07,-2.952196498099554e-07,8.746127967611761e-07
1604165984383,2020-10-31T13:39:44.383,25.55,3.6676810595023084e-07,7.943088736784429e-08,1.432293038535965e-07
1604165984433,2020-10-31T13:39:44.433,25.6,1.8377686513462962e-08,2.1482320043956325e-07,-1.454232529931871e-07
1604165984483,2020-10-31T13:39:44.483,25.65,-1.874269471578773e-07,-2.357468309078092e-08,1.9365081911133816e-07
1604165984533,2020-10-31T13:39:44.533,25.7,-1.8140800366857265e-07,-2.212637907246926e-07,2.567189165400958e-07
1604165984583,2020-10-31T13:39:44.583,25.75,-2.0369300631877965e-07,-1.8078136901938482e-07,-1.7988220648305336e-07
1604165984633,2020-10-31T13:39:44.633,25.8,-2.3308627441188133e-07,5.4044190630899916e-08,-4.053243883629292e-07
1604165984683,2020-10-31T13:39:44.683,25.85,-1.6831277146443515e-07,3.4396691499000407e-07,-2.7475142952701563e-07
1604165984733,2020-10-31T13:39:44.733,25.9,-1.7449830455356612e-07,3.4931793747436766e-07,-3.331249513221206e-07
1604165984783,2020-10-31T13:39:44.783,25.95,-2.902109530958152e-07,-5.1163464692906616e-08,-5.937404309063621e-07
1604165984833,2020-10-31T13:39:44.833,26.0,-2.626401517767615e-07,-4.093891498652853e-07,-6.20364854484058e-07
1604165984883,2020-10-31T13:39:44.883,26.05,-9.023054155135042e-08,-3.1939593461002496e-07,-5.406796151216816e-07
1604165984933,2020-10-31T13:39:44.933,26.1,-7.726635818542224e-08,1.7722341178675682e-08,-7.424493553816476e-07
1604165984983,2020-10-31T13:39:44.983,26.15,-2.192767952935222e-07,1.7851664456535324e-07,-9.263216760839351e-07
1604165985033,2020-10-31T13:39:45.033,26.2,-1.5088027610484262e-07,4.133377782430301e-08,-5.902017943900051e-07
1604165985083,2020-10-31T13:39:45.083,26.25,2.108391154938569e-07,-2.3780988471873142e-07,-7.34454820115855e-08
1604165985133,2020-10-31T13:39:45.133,26.3,4.5487294246735993e-07,-4.150474888498208e-07,-2.3849481219927114e-08
1604165985183,2020-10-31T13:39:45.183,26.35,2.594931309954929e-07,-3.0481844552833894e-07,-2.3985242333415293e-07
1604165985233,2020-10-31T13:39:45.233,26.4,-1.0726367737133474e-07,-4.348712472139813e-09,-1.8321184219504164e-07
1604165985283,2020-10-31T13:39:45.283,26.45,-1.0299401912161259e-07,1.6439907913821795e-07,-1.350380125345715e-07
1604165985333,2020-10-31T13:39:45.333,26.5,3.4934297794798273e-07,1.4821325334413617e-07,-5.693491560994582e-07
1604165985383,2020-10-31T13:39:45.383,26.55,6.876818707867808e-07,2.780423512404801e-07,-9.558576667620715e-07
1604165985433,2020-10-31T13:39:45.433,26.6,4.205574561336992e-07,6.117448155678935e-07,-5.474270610399025e-07
1604165985483,2020-10-31T13:39:45.483,26.65,-2.1607407547700453e-07,6.296536808479936e-07,1.841296960313566e-07
1604165985533,2020-10-31T13:39:45.533,26.7,-6.276629488140582e-07,3.7218403366296767e-08,1.971560573875271e-07
1604165985583,2020-10-31T13:39:45.583,26.75,-6.270611704972217e-07,-6.396944654445411e-07,-4.2881080025060314e-07
1604165985633,2020-10-31T13:39:45.633,26.8,-4.208635384104774e-07,-7.659237263884146e-07,-6.462948852852147e-07
1604165985683,2020-10-31T13:39:45.683,26.85,-2.042960261456881e-07,-3.7446986355743664e-07,-1.7149496918211397e-07
1604165985733,2020-10-31T13:39:45.733,26.9,-1.6077504253208323e-07,1.1452662653554272e-07,1.1529206231891535e-07
1604165985783,2020-10-31T13:39:45.783,26.95,-3.7110562982300846e-07,3.6929482457896774e-07,-2.446206321323512e-07
1604165985833,2020-10-31T13:39:45.833,27.0,-5.159794716959335e-07,1.891770418993626e-07,-4.861196688047335e-07
1604165985883,2020-10-31T13:39:45.883,27.05,-2.6868935776165007e-07,-3.7218001291809015e-07,-9.156273551185664e-10
1604165985933,2020-10-31T13:39:45.933,27.1,8.333924538433292e-08,-8.683777446902165e-07,5.492980933513108e-07
1604165985983,2020-10-31T13:39:45.983,27.15,1.0879716905666171e-07,-8.083129627700316e-07,3.328943590852222e-07
1604165986033,2020-10-31T13:39:46.033,27.2,3.373633215782081e-08,-1.757476061769596e-07,-2.5994360506302924e-07
1604165986083,2020-10-31T13:39:46.083,27.25,3.0454885687099455e-07,4.7432162228010584e-07,-2.766181960177942e-07
1604165986133,2020-10-31T13:39:46.133,27.3,7.058263777073478e-07,4.5194739674082227e-07,3.0326615419527933e-07
1604165986183,2020-10-31T13:39:46.183,27.35,6.477197262959437e-07,-3.129702919631454e-07,6.858237447403638e-07
1604165986233,2020-10-31T13:39:46.233,27.4,9.96249599697751e-08,-1.0030326109878074e-06,5.143183670707651e-07
1604165986283,2020-10-31T13:39:46.283,27.45,-3.0018278193856895e-07,-9.226767608867936e-07,1.613504240210676e-07
1604165986333,2020-10-31T13:39:46.333,27.5,-7.473229069555241e-08,-5.273036564853017e-07,-1.2731218501809717e-08
1604165986383,2020-10-31T13:39:46.383,27.55,4.33053546621983e-07,-5.833600836750089e-07,-4.398377048401419e-08
1604165986433,2020-10-31T13:39:46.433,27.6,5.39654616164786e-07,-8.212565540262257e-07,-8.85401271541837e-08
1604165986483,2020-10-31T13:39:46.483,27.65,2.460579326929877e-07,-5.825982440225619e-07,-1.8676554526960297e-07
1604165986533,2020-10-31T13:39:46.533,27.7,1.596880386354127e-07,-1.4257418236759934e-07,-3.3678305271234765e-07
1604165986583,2020-10-31T13:39:46.583,27.75,4.1268891652603966e-07,-1.5766133042664102e-07,-5.164288403436138e-07
1604165986633,2020-10-31T13:39:46.633,27.8,4.90030266021215e-07,-4.525539005558543e-07,-5.161307011369296e-07
1604165986683,2020-10-31T13:39:46.683,27.85,2.1319980751875836e-07,-4.371480151331141e-07,-1.2204969938646734e-07
1604165986733,2020-10-31T13:39:46.733,27.9,4.747022981526169e-08,-1.9394999398034433e-07,3.5563205448133177e-07
1604165986783,2020-10-31T13:39:46.783,27.95,2.3844899133359446e-07,-3.0617173600575833e-07,3.515970948907276e-07
1604165986833,2020-10-31T13:39:46.833,28.0,3.913163102725152e-07,-8.949312086535878e-07,-8.177837689440323e-09
1604165986883,2020-10-31T13:39:46.883,28.05,2.069715316434356e-07,-1.3697103564389105e-06,-5.8896601645369957e-08
1604165986933,2020-10-31T13:39:46.933,28.1,1.727686979029752e-08,-1.1917510933603408e-06,3.217946250593769e-07
1604165986983,2020-10-31T13:39:46.983,28.15,2.148065898630211e-07,-6.837825316097316e-07,6.920256942512103e-07
1604165987033,2020-10-31T13:39:47.033,28.2,6.012820535279567e-07,-6.340374812269932e-07,8.478975700911573e-07
1604165987083,2020-10-31T13:39:47.083,28.25,7.057621652948681e-07,-1.0456810175640361e-06,8.229472642144426e-07
1604165987133,2020-10-31T13:39:47.133,28.3,5.039694025399612e-07,-1.1201069428168954e-06,5.502660899284816e-07
1604165987183,2020-10-31T13:39:47.183,28.35,3.938664951349468e-07,-6.586149785325904e-07,1.4460592303578754e-07
1604165987233,2020-10-31T13:39:47.233,28.4,5.025115625980733e-07,-4.0266650072303167e-07,-2.68901982868732e-09
1604165987283,2020-10-31T13:39:47.283,28.45,5.179563516035805e-07,-7.796030247459072e-07,2.5215813431632663e-07
1604165987333,2020-10-31T13:39:47.333,28.5,3.3255523012586244e-07,-1.3368752412085075e-06,6.027887934128766e-07
1604165987383,2020-10-31T13:39:47.383,28.55,2.773652430209213e-07,-1.5442947543800798e-06,6.915053322772962e-07
1604165987433,2020-10-31T13:39:47.433,28.6,5.105707477027143e-07,-1.3689021038138022e-06,4.769478656048852e-07
1604165987483,2020-10-31T13:39:47.483,28.65,7.390677150490386e-07,-1.0527340961687687e-06,2.295318888778064e-07
1604165987533,2020-10-31T13:39:47.533,28.7,7.216744290753405e-07,-8.60029547748513e-07,2.1705914293849882e-07
1604165987583,2020-10-31T13:39:47.583,28.75,5.795398001107323e-07,-9.85327440674915e-07,4.38078399487375e-07
1604165987633,2020-10-31T13:39:47.633,28.8,5.055122627325449e-07,-1.3297757823845085e-06,7.173828239425704e-07
1604165987683,2020-10-31T13:39:47.683,28.85,5.072061091793866e-07,-1.421902748657805e-06,8.641327703462668e-07
1604165987733,2020-10-31T13:39:47.733,28.9,5.237245367026554e-07,-9.710329019220505e-07,7.117876405876899e-07
1604165987783,2020-10-31T13:39:47.783,28.95,5.819598687369119e-07,-4.390871274130092e-07,3.688623277175303e-07
1604165987833,2020-10-31T13:39:47.833,29.0,7.062011073464243e-07,-4.2567944522399875e-07,2.87738840000803e-07
1604165987883,2020-10-31T13:39:47.883,29.05,7.665672922138425e-07,-6.562229823980239e-07,6.05350674030286e-07
1604165987933,2020-10-31T13:39:47.933,29.1,6.268428364633235e-07,-5.072300467011221e-07,8.23190235845473e-07
1604165987983,2020-10-31T13:39:47.983,29.15,4.550623053567636e-07,-1.521591159143105e-07,6.768963843666067e-07
1604165988033,2020-10-31T13:39:48.033,29.2,5.599780795380945e-07,-9.127285638936096e-08,6.226436013801458e-07
1604165988083,2020-10-31T13:39:48.083,29.25,8.4387885775996e-07,-1.2833491990913832e-07,8.869815164652637e-07
1604165988133,2020-10-31T13:39:48.133,29.3,8.872870244710632e-07,1.3104679721038207e-07,9.602614036952343e-07
1604165988183,2020-10-31T13:39:48.183,29.35,6.501717540728717e-07,4.1698697348186805e-07,6.130826207232152e-07
1604165988233,2020-10-31T13:39:48.233,29.4,5.316892983659307e-07,2.784943963731027e-07,3.73589455235951e-07
1604165988283,2020-10-31T13:39:48.283,29.45,7.071136767922655e-07,-1.658014240997078e-07,5.100685654274355e-07
1604165988333,2020-10-31T13:39:48.333,29.5,9.168629532344721e-07,-5.421003766327655e-07,6.34378399000049e-07
1604165988383,2020-10-31T13:39:48.383,29.55,8.990197195799788e-07,-7.585968788104436e-07,5.908759525295054e-07
1604165988433,2020-10-31T13:39:48.433,29.6,6.977812320655364e-07,-8.494144922876317e-07,6.62282780528195e-07
1604165988483,2020-10-31T13:39:48.483,29.65,5.654520965279476e-07,-7.610192691337786e-07,8.76575151665565e-07
1604165988533,2020-10-31T13:39:48.533,29.7,6.730756229458114e-07,-4.9700162879099e-07,9.544383388514526e-07
1604165988583,2020-10-31T13:39:48.583,29.75,9.154323223518421e-07,-1.303554414095686e-07,7.247943889021206e-07
1604165988633,2020-10-31T13:39:48.633,29.8,1.0268763624615475e-06,2.1276955820970257e-07,2.4964085937894263e-07
1604165988683,2020-10-31T13:39:48.683,29.85,8.633854215151278e-07,2.2871348730313553e-07,-1.160842977586009e-07
1604165988733,2020-10-31T13:39:48.733,29.9,5.503149835211169e-07,-2.1827525256209448e-07,-3.346527352581223e-08
1604165988783,2020-10-31T13:39:48.783,29.95,3.817919416701337e-07,-6.678452723666004e-07,2.1137991862760625e-07
1604165988833,2020-10-31T13:39:48.833,30.0,4.81414339630418e-07,-6.63262044212633e-07,1.4145285236554608e-07
1604165988883,2020-10-31T13:39:48.883,30.05,5.912900740599515e-07,-5.298319668168622e-07,7.249222416057536e-08
1604165988933,2020-10-31T13:39:48.933,30.1,4.505913251261452e-07,-7.636872877467783e-07,5.671171540464854e-07
1604165988983,2020-10-31T13:39:48.983,30.15,2.7302420886112716e-07,-1.0033423604863063e-06,1.1696093100572468e-06
1604165989033,2020-10-31T13:39:49.033,30.2,4.1536607574135685e-07,-5.982899997439157e-07,9.602742021544016e-07
1604165989083,2020-10-31T13:39:49.083,30.25,7.0103528583636e-07,7.266100962816246e-08,1.327764142911063e-07
1604165989133,2020-10-31T13:39:49.133,30.3,6.488896271331735e-07,6.176585907527365e-08,-2.4234053441150747e-07
1604165989183,2020-10-31T13:39:49.183,30.35,2.589196392513519e-07,-4.880887944915468e-07,1.1443135556307879e-07
1604165989233,2020-10-31T13:39:49.233,30.4,-3.794182953285788e-08,-4.535806714512304e-07,4.410521193189105e-07
1604165989283,2020-10-31T13:39:49.283,30.45,-6.630594865248309e-08,4.7128343702948177e-07,2.4755537025318573e-07
1604165989333,2020-10-31T13:39:49.333,30.5,-3.298360889206125e-08,1.2940380023658424e-06,-1.672529850140672e-07
1604165989383,2020-10-31T13:39:49.383,30.55,-1.243243342776358e-07,1.2539525584945299e-06,-3.5935465738561715e-07
1604165989433,2020-10-31T13:39:49.433,30.6,-2.9091861710875636e-07,8.428293330690639e-07,-1.7262919072668664e-07
1604165989483,2020-10-31T13:39:49.483,30.65,-4.1204841237200575e-07,8.020533246760664e-07,1.6208512379191687e-07
1604165989533,2020-10-31T13:39:49.533,30.7,-5.700885508277217e-07,9.249390634271883e-07,1.2749590062725752e-07
1604165989583,2020-10-31T13:39:49.583,30.75,-8.867452827264827e-07,6.976065019384593e-07,-3.817326554568007e-07
1604165989633,2020-10-31T13:39:49.633,30.8,-1.0616031485315268e-06,4.122641643099201e-07,-7.239464525524081e-07
1604165989683,2020-10-31T13:39:49.683,30.85,-6.894353212289225e-07,5.870172104152922e-07,-4.846806494936188e-07
1604165989733,2020-10-31T13:39:49.733,30.9,-6.097126038416748e-08,9.259621386913774e-07,-1.515302848606738e-07
1604165989783,2020-10-31T13:39:49.783,30.95,1.514436529511329e-07,8.646527788259547e-07,-1.8961676153037072e-07
1604165989833,2020-10-31T13:39:49.833,31.0,-1.1493475371404202e-07,5.256213815228594e-07,-2.9506101066803875e-07
1604165989883,2020-10-31T13:39:49.883,31.05,-3.9742602268779764e-07,3.4119142341169446e-07,-1.588204604579994e-07
1604165989933,2020-10-31T13:39:49.933,31.1,-4.920551664926311e-07,3.3048309231410504e-07,-3.7433310609559744e-08
1604165989983,2020-10-31T13:39:49.983,31.15,-5.195059382311455e-07,3.065336973855231e-07,-7.682424622447462e-08
1604165990033,2020-10-31T13:39:50.033,31.2,-4.821359767025715e-07,2.8223309877137524e-07,-3.949889069078821e-08
1604165990083,2020-10-31T13:39:50.083,31.25,-2.716446678055329e-07,3.1170014905564215e-07,8.34476439752672e-09
1604165990133,2020-10-31T13:39:50.133,31.3,-2.0354079014242998e-08,3.1402160758436253e-07,-2.090204590676683e-07
1604165990183,2020-10-31T13:39:50.183,31.35,-4.176123867048839e-09,2.5205867027342095e-07,-3.7092924470879083e-07
1604165990233,2020-10-31T13:39:50.233,31.4,-1.9026059681834116e-07,2.0160274674620708e-07,-6.746825376210349e-08
1604165990283,2020-10-31T13:39:50.283,31.45,-2.9879616076438185e-07,1.5225756768946444e-07,1.2241391983535877e-07
1604165990333,2020-10-31T13:39:50.333,31.5,-2.1814583483204113e-07,1.5656039863853844e-08,-4.407817342078151e-07
1604165990383,2020-10-31T13:39:50.383,31.55,2.693551890742163e-08,-8.035648305981761e-08,-9.24117759138784e-07
1604165990433,2020-10-31T13:39:50.433,31.6,3.7683856166457427e-07,1.5967656379310515e-07,-3.092042181765143e-07
1604165990483,2020-10-31T13:39:50.483,31.65,5.540066571801228e-07,6.734847179402046e-07,5.111698453314942e-07
1604165990533,2020-10-31T13:39:50.533,31.7,3.377996295984942e-07,9.521247011158998e-07,2.0966399297155895e-07
1604165990583,2020-10-31T13:39:50.583,31.75,1.2711585631210228e-08,7.171167422655638e-07,-4.3985744632692737e-07
1604165990633,2020-10-31T13:39:50.633,31.8,-6.798829360923917e-08,2.56785573955456e-07,-6.009659933543438e-08
1604165990683,2020-10-31T13:39:50.683,31.85,-4.7466750628033066e-08,-5.889346362606216e-08,6.731848867345517e-07
1604165990733,2020-10-31T13:39:50.733,31.9,-1.8364248695357366e-07,-8.801924734778238e-08,4.6656930563149254e-07
1604165990783,2020-10-31T13:39:50.783,31.95,-4.0170934945880565e-07,2.5428915717679975e-07,-1.4344861389856953e-07
1604165990833,2020-10-31T13:39:50.833,32.0,-5.413654020588367e-07,8.909012914672089e-07,-6.486136143499136e-08
1604165990883,2020-10-31T13:39:50.883,32.05,-5.579000960759647e-07,1.3479565688290185e-06,4.094070125244513e-07
1604165990933,2020-10-31T13:39:50.933,32.1,-4.0146376325297183e-07,1.1652537498697355e-06,5.634155962538465e-07
1604165990983,2020-10-31T13:39:50.983,32.15,-1.1231373128603232e-07,5.602664597364427e-07,4.289033199487556e-07
1604165991033,2020-10-31T13:39:51.033,32.2,6.747464738562913e-08,2.790764020770352e-07,1.936274421214763e-07
1604165991083,2020-10-31T13:39:51.083,32.25,-6.386813820897474e-10,6.818915999662914e-07,-1.194648857830453e-07
1604165991133,2020-10-31T13:39:51.133,32.3,-1.331551668633959e-07,1.2831318058167724e-06,-3.0245634722348616e-07
1604165991183,2020-10-31T13:39:51.183,32.35,-1.1773870906570297e-07,1.4224022578307462e-06,-2.381593555464021e-07
1604165991233,2020-10-31T13:39:51.233,32.4,-1.9761406851220815e-08,1.10486326326603e-06,-1.2436962585738473e-07
1604165991283,2020-10-31T13:39:51.283,32.45,-6.792826482251283e-08,8.474725547800552e-07,-3.841951606419791e-09
1604165991333,2020-10-31T13:39:51.333,32.5,-2.945494644459571e-07,9.946389486557225e-07,2.587984682887781e-07
1604165991383,2020-10-31T13:39:51.383,32.55,-3.941216670410956e-07,1.4787473029417687e-06,4.853699391345264e-07
1604165991433,2020-10-31T13:39:51.433,32.6,-1.283836686485441e-07,1.9216607183230835e-06,4.092153807688472e-07
1604165991483,2020-10-31T13:39:51.483,32.65,2.1146573889413843e-07,1.856773496466257e-06,2.0564273697551848e-07
1604165991533,2020-10-31T13:39:51.533,32.7,1.4666266201033654e-07,1.2402598510727224e-06,1.8776654856660008e-07
1604165991583,2020-10-31T13:39:51.583,32.75,-2.356377896708162e-07,6.805844234979885e-07,3.682244715038409e-07
1604165991633,2020-10-31T13:39:51.633,32.8,-4.2885342056947205e-07,7.122124525483261e-07,6.802062590259762e-07
1604165991683,2020-10-31T13:39:51.683,32.85,-3.478784868278379e-07,1.0451672230354532e-06,1.0357489169774642e-06
1604165991733,2020-10-31T13:39:51.733,32.9,-2.951220560788322e-07,1.0650204100360697e-06,1.0926553412743652e-06
1604165991783,2020-10-31T13:39:51.783,32.95,-2.4191495309557967e-07,7.26539789568763e-07,6.949283389749093e-07
1604165991833,2020-10-31T13:39:51.833,33.0,1.4997074168905784e-08,3.6278175901990543e-07,3.538748834813803e-07
1604165991883,2020-10-31T13:39:51.883,33.05,2.7925832260851644e-07,1.1258679990457982e-07,5.072897421879817e-07
1604165991933,2020-10-31T13:39:51.933,33.1,2.587756848623427e-07,4.853149900137136e-08,7.160786406466275e-07
1604165991983,2020-10-31T13:39:51.983,33.15,3.598061757736247e-08,2.480969254152688e-07,3.9475434882009355e-07
1604165992033,2020-10-31T13:39:52.033,33.2,-1.3651474378961983e-07,4.745959570949293e-07,-2.3406061066975404e-07
1604165992083,2020-10-31T13:39:52.083,33.25,-1.458025172160522e-07,4.5408313968145056e-07,-6.388260606045937e-07
1604165992133,2020-10-31T13:39:52.133,33.3,-1.2628191872443635e-07,3.936673059495693e-07,-7.921192797269505e-07
1604165992183,2020-10-31T13:39:52.183,33.35,-3.47851174490306e-07,5.727286233090923e-07,-9.555578974156584e-07
1604165992233,2020-10-31T13:39:52.233,33.4,-7.513942457515704e-07,7.705034387491231e-07,-1.1960592374673732e-06
1604165992283,2020-10-31T13:39:52.283,33.45,-8.89102192168907e-07,6.881069665663287e-07,-1.3671264584226854e-06
1604165992333,2020-10-31T13:39:52.333,33.5,-6.72389598384761e-07,4.383572630709231e-07,-1.3033281994522866e-06
1604165992383,2020-10-31T13:39:52.383,33.55,-6.234465005767144e-07,1.7580237779814882e-07,-1.096801382936912e-06
1604165992433,2020-10-31T13:39:52.433,33.6,-1.0347842489887164e-06,-1.1797059786692361e-07,-1.1366866989715261e-06
1604165992483,2020-10-31T13:39:52.483,33.65,-1.4920277434558535e-06,-2.1017093735026559e-07,-1.5614871856408361e-06
1604165992533,2020-10-31T13:39:52.533,33.7,-1.5537503682299493e-06,1.7867600915589515e-07,-1.952002741738442e-06
1604165992583,2020-10-31T13:39:52.583,33.75,-1.38096654065352e-06,6.133674689876889e-07,-1.9971589049978625e-06
1604165992633,2020-10-31T13:39:52.633,33.8,-1.3993965800079079e-06,4.312857973823793e-07,-2.006667185505801e-06
1604165992683,2020-10-31T13:39:52.683,33.85,-1.6884436421851162e-06,-6.878814255983852e-08,-2.3128540799533215e-06
1604165992733,2020-10-31T13:39:52.733,33.9,-1.9401314692718785e-06,-1.5112373458700978e-07,-2.7305826734683295e-06
1604165992783,2020-10-31T13:39:52.783,33.95,-1.8900373843031239e-06,1.4343340904096578e-08,-2.946982757081136e-06
1604165992833,2020-10-31T13:39:52.833,34.0,-1.642070541313703e-06,-9.855924739870677e-08,-2.8813208430660027e-06
1604165992883,2020-10-31T13:39:52.883,34.05,-1.4858791436755936e-06,-1.6047444516049277e-07,-2.6059615570871753e-06
1604165992933,2020-10-31T13:39:52.933,34.1,-1.4756658074822729e-06,3.3953539063600696e-07,-2.3410712849000038e-06
1604165992983,2020-10-31T13:39:52.983,34.15,-1.465629195597774e-06,1.019249812156429e-06,-2.2890498485827693e-06
1604165993033,2020-10-31T13:39:53.033,34.2,-1.50563458320924e-06,1.2395841264189228e-06,-2.3189621998169937e-06
1604165993083,2020-10-31T13:39:53.083,34.25,-1.7547421356257826e-06,1.0715860268100258e-06,-2.180881794815351e-06
1604165993133,2020-10-31T13:39:53.133,34.3,-2.020626988806539e-06,9.575425235144416e-07,-1.9312659483243744e-06
1604165993183,2020-10-31T13:39:53.183,34.35,-1.9335380846754934e-06,9.564490018082048e-07,-1.861974971591298e-06
1604165993233,2020-10-31T13:39:53.233,34.4,-1.6099880095069406e-06,8.240827861356481e-07,-2.160471680829787e-06
1604165993283,2020-10-31T13:39:53.283,34.45,-1.557153295470297e-06,5.58522437042463e-07,-2.666201039096115e-06
1604165993333,2020-10-31T13:39:53.333,34.5,-1.8325622193062514e-06,3.9482408772556375e-07,-2.8844381604416673e-06
1604165993383,2020-10-31T13:39:53.383,34.55,-1.9055345851730308e-06,3.399801886233411e-07,-2.49827258879957e-06
1604165993433,2020-10-31T13:39:53.433,34.6,-1.5087019661805423e-06,1.9204484157887905e-07,-1.916457070431173e-06
1604165993483,2020-10-31T13:39:53.483,34.65,-1.039797122924515e-06,5.308041423296192e-09,-1.8873936657811144e-06
1604165993533,2020-10-31T13:39:53.533,34.7,-9.447058920098824e-07,-3.2238261307864047e-09,-2.4690463325820954e-06
1604165993583,2020-10-31T13:39:53.583,34.75,-1.2069115045229114e-06,-6.328106707038402e-09,-2.898281257954409e-06
1604165993633,2020-10-31T13:39:53.633,34.8,-1.5141767149610966e-06,-4.0630406309272507e-07,-2.7284569353317552e-06
1604165993683,2020-10-31T13:39:53.683,34.85,-1.5311294826785967e-06,-1.106030377189485e-06,-2.4744276881707733e-06
1604165993733,2020-10-31T13:39:53.733,34.9,-1.1287767218227672e-06,-1.5726163621893155e-06,-2.6330271722499246e-06
1604165993783,2020-10-31T13:39:53.783,34.95,-6.549595451405594e-07,-1.673120733312442e-06,-2.8215511633233436e-06
1604165993833,2020-10-31T13:39:53.833,35.0,-6.397462404296835e-07,-1.8637238079144346e-06,-2.619513120932692e-06
1604165993883,2020-10-31T13:39:53.883,35.05,-9.764575277406019e-07,-2.426247483687538e-06,-2.3848641791482193e-06
1604165993933,2020-10-31T13:39:53.933,35.1,-9.925493460345563e-07,-2.9705599562480527e-06,-2.4250575801713244e-06
1604165993983,2020-10-31T13:39:53.983,35.15,-5.766953081659002e-07,-2.922092081511916e-06,-2.2896549229873664e-06
1604165994033,2020-10-31T13:39:54.033,35.2,-3.7999331830320537e-07,-2.2864790319030963e-06,-1.6665045382876587e-06
1604165994083,2020-10-31T13:39:54.083,35.25,-6.455564433142755e-07,-1.6780204785231223e-06,-1.1323457229149885e-06
1604165994133,2020-10-31T13:39:54.133,35.3,-7.854155917955289e-07,-1.5984110589691443e-06,-1.2326647300656915e-06
1604165994183,2020-10-31T13:39:54.183,35.35,-3.560409448351378e-07,-1.932931640492534e-06,-1.511196402462269e-06
1604165994233,2020-10-31T13:39:54.233,35.4,3.3000715515755107e-07,-2.2420758872152874e-06,-1.3019106316431198e-06
1604165994283,2020-10-31T13:39:54.283,35.45,7.328731353191472e-07,-2.2690039111224087e-06,-8.359754014151455e-07
1604165994333,2020-10-31T13:39:54.333,35.5,7.154865618334024e-07,-2.0314944501454164e-06,-6.336578208847866e-07
1604165994383,2020-10-31T13:39:54.383,35.55,5.144309586221736e-07,-1.6849526578437664e-06,-5.182199133861802e-07
1604165994433,2020-10-31T13:39:54.433,35.6,3.5823718550721986e-07,-1.4387945614086616e-06,-1.4199158355284645e-07
1604165994483,2020-10-31T13:39:54.483,35.65,3.0660216299988207e-07,-1.3921577380644747e-06,2.8577433295659363e-07
1604165994533,2020-10-31T13:39:54.533,35.7,3.736758613041501e-07,-1.3357095857916553e-06,5.419941635245323e-07
1604165994583,2020-10-31T13:39:54.583,35.75,5.518829410538955e-07,-9.823095290224092e-07,8.808667176520447e-07
1604165994633,2020-10-31T13:39:54.633,35.8,7.127510098874272e-07,-5.056777412189281e-07,1.4171175827201792e-06
1604165994683,2020-10-31T13:39:54.683,35.85,7.464719700492346e-07,-4.159341949495801e-07,1.7677246531128604e-06
1604165994733,2020-10-31T13:39:54.733,35.9,7.678265244250689e-07,-7.555783997422947e-07,1.7400752231164421e-06
1604165994783,2020-10-31T13:39:54.783,35.95,9.244583583731478e-07,-9.801347982993423e-07,1.6280558639726753e-06
1604165994833,2020-10-31T13:39:54.833,36.0,1.112180820168056e-06,-7.648934169944263e-07,1.5080472983106845e-06
1604165994883,2020-10-31T13:39:54.883,36.05,1.1422807129546283e-06,-3.608527629179681e-07,1.069802764435505e-06
1604165994933,2020-10-31T13:39:54.933,36.1,1.0327375285265382e-06,-9.836739275238862e-08,4.32662497967363e-07
1604165994983,2020-10-31T13:39:54.983,36.15,9.119850536557927e-07,-3.131339126586375e-08,2.4923984700867293e-07
1604165995033,2020-10-31T13:39:55.033,36.2,8.385906516064286e-07,-8.500946734860351e-08,6.681315220393911e-07
1604165995083,2020-10-31T13:39:55.083,36.25,8.779262944200826e-07,-2.294705639357193e-07,1.0244786270500234e-06
1604165995133,2020-10-31T13:39:55.133,36.3,1.090790644018257e-06,-4.865693441564241e-07,9.085522130860929e-07
1604165995183,2020-10-31T13:39:55.183,36.35,1.3240272364211643e-06,-8.24305056857584e-07,7.758321099222863e-07
1604165995233,2020-10-31T13:39:55.233,36.4,1.3166111679428838e-06,-1.0324325774959621e-06,1.1023934160035167e-06
1604165995283,2020-10-31T13:39:55.283,36.45,1.0952387986693515e-06,-8.771051418284794e-07,1.5838372855686615e-06
1604165995333,2020-10-31T13:39:55.333,36.5,9.611156380326237e-07,-4.385188736221478e-07,1.6518788259437634e-06
1604165995383,2020-10-31T13:39:55.383,36.55,1.0481211357931355e-06,-6.882906257938954e-08,1.3418716967567228e-06
1604165995433,2020-10-31T13:39:55.433,36.6,1.174582195650096e-06,-1.4127785231145772e-08,1.1401867838746464e-06
1604165995483,2020-10-31T13:39:55.483,36.65,1.162899491374532e-06,-2.6751489077533907e-07,1.2340998483872063e-06
1604165995533,2020-10-31T13:39:55.533,36.7,1.0836877003042879e-06,-6.808330190941452e-07,1.3701284182132342e-06
1604165995583,2020-10-31T13:39:55.583,36.75,1.1070733025109755e-06,-1.0297751107057898e-06,1.3203146453740658e-06
1604165995633,2020-10-31T13:39:55.633,36.8,1.23597451114894e-06,-1.0891946032405841e-06,1.1839373970192368e-06
1604165995683,2020-10-31T13:39:55.683,36.85,1.3272168207107299e-06,-8.243276119362508e-07,1.2408371044728176e-06
1604165995733,2020-10-31T13:39:55.733,36.9,1.2969322532302661e-06,-4.986382410033292e-07,1.540703882169743e-06
1604165995783,2020-10-31T13:39:55.783,36.95,1.085776332140663e-06,-4.586679415239442e-07,1.7413028232068695e-06
1604165995833,2020-10-31T13:39:55.833,37.0,6.674539242556075e-07,-6.810949074838339e-07,1.6097485082969604e-06
1604165995883,2020-10-31T13:39:55.883,37.05,4.1959081483647654e-07,-6.988181515648422e-07,1.4581494955945042e-06
1604165995933,2020-10-31T13:39:55.933,37.1,8.285845306542199e-07,-2.977021005893737e-07,1.6149781565756209e-06
1604165995983,2020-10-31T13:39:55.983,37.15,1.4439788360633894e-06,-7.93885899640459e-09,1.8153754956336348e-06
1604165996033,2020-10-31T13:39:56.033,37.2,1.2768728451867846e-06,-3.2856290496879433e-07,1.673800552760894e-06
1604165996083,2020-10-31T13:39:56.083,37.25,4.997339838885276e-07,-7.994182145960591e-07,1.3117478994807965e-06
1604165996133,2020-10-31T13:39:56.133,37.3,2.552623380092348e-07,-6.181167006505715e-07,1.0032013410263852e-06
1604165996183,2020-10-31T13:39:56.183,37.35,7.55791845052282e-07,9.710317259343039e-08,7.424355080764432e-07
1604165996233,2020-10-31T13:39:56.233,37.4,1.1016017332730565e-06,4.916494546438839e-07,5.732239563817323e-07
1604165996283,2020-10-31T13:39:56.283,37.45,8.234182840117944e-07,2.8254404736810565e-07,7.559903081653385e-07
1604165996333,2020-10-31T13:39:56.333,37.5,3.623841318205237e-07,9.402365450200735e-08,1.2856690647354737e-06
1604165996383,2020-10-31T13:39:56.383,37.55,2.1328800764545514e-07,3.9699905198242314e-07,1.690967387595719e-06
1604165996433,2020-10-31T13:39:56.433,37.6,3.7201267667929827e-07,7.754648838292484e-07,1.5073421772758015e-06
1604165996483,2020-10-31T13:39:56.483,37.65,5.589323797750615e-07,5.919346987490542e-07,7.964281112033861e-07
1604165996533,2020-10-31T13:39:56.533,37.7,6.579348675724103e-07,-8.178722508921376e-08,1.76141935421731e-07
1604165996583,2020-10-31T13:39:56.583,37.75,7.652604293711452e-07,-6.421627321600783e-07,2.088390512118556e-07
1604165996633,2020-10-31T13:39:56.633,37.8,8.410773961583193e-07,-7.353162880654224e-07,6.616868539028962e-07
1604165996683,2020-10-31T13:39:56.683,37.85,7.477338152693249e-07,-5.112226350296348e-07,7.763365239703172e-07
1604165996733,2020-10-31T13:39:56.733,37.9,6.505893729832735e-07,-3.4820785001049e-07,4.329499824922103e-07
1604165996783,2020-10-31T13:39:56.783,37.95,7.55878338972411e-07,-4.4135568861779164e-07,2.946817198442933e-07
1604165996833,2020-10-31T13:39:56.833,38.0,7.89565589907425e-07,-5.577440064818873e-07,5.563929660838995e-07
1604165996883,2020-10-31T13:39:56.883,38.05,4.731766529944804e-07,-3.992744780199191e-07,6.258225364577466e-07
1604165996933,2020-10-31T13:39:56.933,38.1,1.654583114454287e-07,-1.3814865583502895e-07,3.4614529179120366e-07
1604165996983,2020-10-31T13:39:56.983,38.15,2.3934532430004614e-07,-1.5638062596126372e-07,3.084936121213078e-07
1604165997033,2020-10-31T13:39:57.033,38.2,3.37672457621495e-07,-3.984917869768927e-07,6.717003836145346e-07
1604165997083,2020-10-31T13:39:57.083,38.25,5.958913780026453e-08,-4.6201097064521747e-07,8.420754554607406e-07
1604165997133,2020-10-31T13:39:57.133,38.3,-1.9992041047614902e-07,-2.6307568137453875e-07,4.969859539017246e-07
1604165997183,2020-10-31T13:39:57.183,38.35,1.1557797286451431e-07,-1.8290445339355304e-07,-2.6153264352817718e-08
1604165997233,2020-10-31T13:39:57.233,38.4,7.747093430572028e-07,-4.2076159763223454e-07,-2.989886442718002e-07
1604165997283,2020-10-31T13:39:57.283,38.45,1.0946418683309804e-06,-5.895387671453384e-07,-9.108480924397666e-08
1604165997333,2020-10-31T13:39:57.333,38.5,8.293328081718547e-07,-3.0972548704204385e-07,5.301441742064529e-07
1604165997383,2020-10-31T13:39:57.383,38.55,3.1152979717324803e-07,1.3445563095162117e-07,1.0153332532373324e-06
1604165997433,2020-10-31T13:39:57.433,38.6,1.2740369220603235e-08,2.0528540779744406e-07,8.808821877013049e-07
1604165997483,2020-10-31T13:39:57.483,38.65,1.3140226679950576e-07,-8.673028075369073e-08,4.6477089765251667e-07
1604165997533,2020-10-31T13:39:57.533,38.7,3.9375127349446173e-07,-2.6143188677105054e-07,3.651781288375168e-07
1604165997583,2020-10-31T13:39:57.583,38.75,3.354854500101713e-07,-1.2499049225980792e-07,4.812617649522122e-07
1604165997633,2020-10-31T13:39:57.633,38.8,-3.65292145764073e-08,-4.6325956574422884e-08,4.454146341830423e-07
1604165997683,2020-10-31T13:39:57.683,38.85,-1.9016722062461656e-07,-3.341925274942153e-07,3.845414560721721e-07
1604165997733,2020-10-31T13:39:57.733,38.9,9.955728738282531e-08,-6.076260403102524e-07,5.004784987347561e-07
1604165997783,2020-10-31T13:39:57.783,38.95,3.926597669390026e-07,-2.8421596486572983e-07,6.238889567283177e-07
1604165997833,2020-10-31T13:39:57.833,39.0,3.6219720308428615e-07,3.9094857833701564e-07,6.345675961407501e-07
1604165997883,2020-10-31T13:39:57.883,39.05,2.893495651465214e-07,5.632276422537593e-07,5.698197435317435e-07
1604165997933,2020-10-31T13:39:57.933,39.1,4.0740067278457307e-07,5.0002242937704996e-08,3.02273912913683e-07
1604165997983,2020-10-31T13:39:57.983,39.15,3.918816671210587e-07,-4.514681204547322e-07,-1.2394121389156305e-07
1604165998033,2020-10-31T13:39:58.033,39.2,-2.2757321646506125e-08,-5.058948381102612e-07,-2.0228175867934346e-07
1604165998083,2020-10-31T13:39:58.083,39.25,-3.966967812389875e-07,-4.3918562368388276e-07,2.6637910163875205e-07
1604165998133,2020-10-31T13:39:58.133,39.3,-1.3214986261876954e-07,-5.522518264771437e-07,6.777966810198589e-07
1604165998183,2020-10-31T13:39:58.183,39.35,5.505336364941124e-07,-5.810178225973999e-07,5.057620902282645e-07
1604165998233,2020-10-31T13:39:58.233,39.4,8.316316705119318e-07,-2.2942441650903594e-07,1.0321670853666721e-07
1604165998283,2020-10-31T13:39:58.283,39.45,4.898353655307906e-07,2.641549939755044e-07,1.1727074621297137e-07
1604165998333,2020-10-31T13:39:58.333,39.5,1.6920150650435753e-07,4.192320286262072e-07,5.138763564688228e-07
1604165998383,2020-10-31T13:39:58.383,39.55,2.756852058279462e-07,1.2496783548106804e-07,6.874225001253983e-07
1604165998433,2020-10-31T13:39:58.433,39.6,3.760479894082662e-07,-2.5602792073121365e-07,4.211844469923564e-07
1604165998483,2020-10-31T13:39:58.483,39.65,7.992490350674235e-08,-3.1798355117593945e-07,1.6129585036226183e-07
1604165998533,2020-10-31T13:39:58.533,39.7,-2.16277068061288e-07,-5.516735937674576e-08,2.0929409518380448e-07
1604165998583,2020-10-31T13:39:58.583,39.75,-8.49325049049071e-08,1.6778028124276364e-07,3.188346096592194e-07
1604165998633,2020-10-31T13:39:58.633,39.8,9.014676169656977e-08,9.11843597527085e-08,3.274943960365816e-07
1604165998683,2020-10-31T13:39:58.683,39.85,-1.3418788227521737e-07,-1.1780239055687769e-07,4.6755130338655915e-07
1604165998733,2020-10-31T13:39:58.733,39.9,-3.118306007985429e-07,-1.1769587123453684e-07,7.775516307894303e-07
1604165998783,2020-10-31T13:39:58.783,39.95,8.009923584294449e-08,1.1867526325638055e-07,8.521757181234855e-07
1604165998833,2020-10-31T13:39:58.833,40.0,5.99537010703284e-07,2.513052833198125e-07,4.978786448136208e-07
1604165998883,2020-10-31T13:39:58.883,40.05,6.408014035533994e-07,7.326449090848997e-08,1.3013179064081203e-07
1604165998933,2020-10-31T13:39:58.933,40.1,4.803301527825267e-07,-1.760994586654552e-07,1.552068366133827e-07
1604165998983,2020-10-31T13:39:58.983,40.15,6.347972310368103e-07,-1.984750345110201e-07,3.6628675984370996e-07
1604165999033,2020-10-31T13:39:59.033,40.2,9.170155849530406e-07,-5.316025097969138e-08,3.3446848158936383e-07
1604165999083,2020-10-31T13:39:59.083,40.25,8.174881694056424e-07,4.3170018931284735e-08,8.272994684102442e-08
1604165999133,2020-10-31T13:39:59.133,40.3,3.5669788136188387e-07,4.862455173185006e-08,5.968760461047056e-09
1604165999183,2020-10-31T13:39:59.183,40.35,4.025683261415937e-08,4.758097383621384e-08,2.63025037093001e-07
1604165999233,2020-10-31T13:39:59.233,40.4,9.421521453041706e-08,3.405815054550756e-08,5.608215192097706e-07
1604165999283,2020-10-31T13:39:59.283,40.45,1.9319989224160494e-07,-1.2113336860548508e-07,5.936788098340023e-07
1604165999333,2020-10-31T13:39:59.333,40.5,6.795843883907471e-08,-3.966995049663392e-07,4.173294129034649e-07
1604165999383,2020-10-31T13:39:59.383,40.55,-6.901663391019576e-08,-4.552410503970097e-07,2.3230252425175765e-07
1604165999433,2020-10-31T13:39:59.433,40.6,1.7637842712472173e-08,-1.0461351647565456e-07,1.0863820496157978e-07
1604165999483,2020-10-31T13:39:59.483,40.65,1.3574506870305438e-07,2.8581842574641587e-07,9.744009598961544e-08
1604165999533,2020-10-31T13:39:59.533,40.7,6.604772332957226e-08,3.1974002386615006e-07,2.6993382947171837e-07
1604165999583,2020-10-31T13:39:59.583,40.75,1.0479526540291546e-08,1.9180090173696138e-07,4.992063194246855e-07
1604165999633,2020-10-31T13:39:59.633,40.8,1.73458698214282e-07,2.544061107759654e-07,4.980448997822868e-07
1604165999683,2020-10-31T13:39:59.683,40.85,3.004110885420786e-07,3.808666829232741e-07,1.8395782105473696e-07
1604165999733,2020-10-31T13:39:59.733,40.9,1.203279223487481e-07,2.554984966013989e-07,-1.5442125744156938e-07
1604165999783,2020-10-31T13:39:59.783,40.95,-1.6501775101517451e-07,-7.060268862906008e-08,-1.4551827818192068e-07
1604165999833,2020-10-31T13:39:59.833,41.0,-2.50220195402208e-07,-2.96997572063884e-07,2.2576612777601826e-07
1604165999883,2020-10-31T13:39:59.883,41.05,-1.5661369022633868e-07,-2.89993526791261e-07,5.810493677330645e-07
1604165999933,2020-10-31T13:39:59.933,41.1,-1.231496672333622e-08,-1.900563765585463e-07,6.517206382883599e-07
1604165999983,2020-10-31T13:39:59.983,41.15,1.4714187256881438e-07,-2.1416690939954595e-07,5.992821714136095e-07
1604166000033,2020-10-31T13:40:00.033,41.2,2.1302303063793875e-07,-3.3580678999396345e-07,5.896354212719874e-07
1604166000083,2020-10-31T13:40:00.083,41.25,7.067832194660999e-08,-2.605128225353649e-07,4.3769514911470207e-07
1604166000133,2020-10-31T13:40:00.133,41.3,-1.2446500385205448e-07,6.367146273169117e-08,8.633162770701936e-08
1604166000183,2020-10-31T13:40:00.183,41.35,-9.217112226587361e-08,2.214219396297195e-07,-1.0932223902412628e-07
1604166000233,2020-10-31T13:40:00.233,41.4,1.593774053071359e-07,-2.7241901584153855e-08,-3.897558863388383e-08
1604166000283,2020-10-31T13:40:00.283,41.45,3.419268828492451e-07,-3.209177687747175e-07,-9.381243952160932e-08
1604166000333,2020-10-31T13:40:00.333,41.5,2.968873369156843e-07,-2.751703025696627e-07,-3.562820756519235e-07
1604166000383,2020-10-31T13:40:00.383,41.55,1.581321921107861e-07,7.418327676105751e-09,-3.2191346761073313e-07
1604166000433,2020-10-31T13:40:00.433,41.6,1.287649151120473e-07,2.389762939939178e-07,1.5497475156133905e-07
1604166000483,2020-10-31T13:40:00.483,41.65,2.811654332153305e-07,2.667382655625242e-07,4.4066347623961475e-07
1604166000533,2020-10-31T13:40:00.533,41.7,4.754453134464918e-07,3.7619940675917776e-08,1.4072809390340464e-07
1604166000583,2020-10-31T13:40:00.583,41.75,4.397167249351637e-07,-3.116560897464221e-07,-2.0443689027995936e-07
1604166000633,2020-10-31T13:40:00.633,41.8,1.6383344322550098e-07,-4.154299578950141e-07,4.356947246961446e-09
1604166000683,2020-10-31T13:40:00.683,41.85,2.3372584396403353e-08,-1.214822694497929e-07,4.910958870765892e-07
1604166000733,2020-10-31T13:40:00.733,41.9,2.243232015707817e-07,1.8756710031348297e-07,5.842918482794e-07
1604166000783,2020-10-31T13:40:00.783,41.95,4.84171115041917e-07,8.898363565450294e-08,1.8856558351938786e-07
1604166000833,2020-10-31T13:40:00.833,42.0,4.482363969903665e-07,-2.49857362776135e-07,-1.7671621840874284e-07
1604166000883,2020-10-31T13:40:00.883,42.05,9.649952384608522e-08,-3.307383714248442e-07,-1.4962468153759654e-07
1604166000933,2020-10-31T13:40:00.933,42.1,-2.4225310050114435e-07,-5.169416992446116e-08,1.955839960373988e-08
1604166000983,2020-10-31T13:40:00.983,42.15,-1.8575688529489586e-07,2.1720771443456686e-07,-6.797293210745693e-08
1604166001033,2020-10-31T13:40:01.033,42.2,2.1701081392823153e-07,1.938374941773956e-07,-2.9335853651877963e-07
1604166001083,2020-10-31T13:40:01.083,42.25,4.708199437489555e-07,-2.0324923930654002e-08,-2.3726526644010798e-07
1604166001133,2020-10-31T13:40:01.133,42.3,3.0752684412056645e-07,-2.1463292707093836e-07,4.6319248236143e-08
1604166001183,2020-10-31T13:40:01.183,42.35,4.560019548914998e-08,-3.7118898777551405e-07,1.2049945950150443e-07
1604166001233,2020-10-31T13:40:01.233,42.4,7.96238087889789e-08,-5.684530128408837e-07,3.538268972751471e-08
1604166001283,2020-10-31T13:40:01.283,42.45,2.956734613614014e-07,-7.495171233181246e-07,2.2699703855187202e-07
1604166001333,2020-10-31T13:40:01.333,42.5,2.7452075539166585e-07,-7.60642002828346e-07,5.517998902797734e-07
1604166001383,2020-10-31T13:40:01.383,42.55,1.3894360902096191e-08,-5.649921063053101e-07,5.332965295456983e-07
1604166001433,2020-10-31T13:40:01.433,42.6,-1.9757902599821153e-10,-3.0860046824383347e-07,3.9408255405903364e-07
1604166001483,2020-10-31T13:40:01.483,42.65,3.9712363000664983e-07,-1.7757821993880815e-07,5.954023142283572e-07
1604166001533,2020-10-31T13:40:01.533,42.7,7.693927509794911e-07,-1.9957898429071707e-07,7.906576672030765e-07
1604166001583,2020-10-31T13:40:01.583,42.75,7.978862279863728e-07,-2.2285831495710535e-07,4.4385444381877706e-07
1604166001633,2020-10-31T13:40:01.633,42.8,6.573486782305887e-07,-1.7060812691487096e-07,-1.1126042624739224e-07
1604166001683,2020-10-31T13:40:01.683,42.85,6.180287912126507e-07,-2.0576573220624662e-07,-1.795297801217824e-07
1604166001733,2020-10-31T13:40:01.733,42.9,6.971203087312334e-07,-4.47591331244456e-07,2.63965556325823e-07
1604166001783,2020-10-31T13:40:01.783,42.95,6.384527056839973e-07,-6.407527417508279e-07,6.546635264669776e-07
1604166001833,2020-10-31T13:40:01.833,43.0,2.509725923122676e-07,-4.2427780100361096e-07,6.647849032876775e-07
1604166001883,2020-10-31T13:40:01.883,43.05,-1.2009634934199867e-07,7.732420007117635e-08,5.45745281292018e-07
1604166001933,2020-10-31T13:40:01.933,43.1,3.877165047591851e-08,3.459824627743287e-07,6.007887994161557e-07
1604166001983,2020-10-31T13:40:01.983,43.15,5.20487955212634e-07,2.7410814281813625e-07,6.842972173751212e-07
1604166002033,2020-10-31T13:40:02.033,43.2,7.068771605695864e-07,3.310080534723303e-07,5.280746760591626e-07
1604166002083,2020-10-31T13:40:02.083,43.25,6.142685873248317e-07,6.683494009775938e-07,2.3349590902184525e-07
1604166002133,2020-10-31T13:40:02.133,43.3,6.585512192450702e-07,7.409244849465755e-07,1.189270206884933e-07
1604166002183,2020-10-31T13:40:02.183,43.35,7.48097758809033e-07,2.270804840230465e-07,3.051478322872699e-07
1604166002233,2020-10-31T13:40:02.233,43.4,5.356099937968174e-07,-3.7195760981622717e-07,6.026287068020269e-07
1604166002283,2020-10-31T13:40:02.283,43.45,1.3484281135187254e-07,-5.002481264032533e-07,7.38764074915827e-07
1604166002333,2020-10-31T13:40:02.333,43.5,-5.4210439969552906e-08,-2.842076891151444e-07,7.030599947830221e-07
1604166002383,2020-10-31T13:40:02.383,43.55,1.410806268092238e-07,-1.0974062860070013e-07,7.345723606955676e-07
1604166002433,2020-10-31T13:40:02.433,43.6,5.655519149706534e-07,-6.5706359495860535e-09,8.657110819856924e-07
1604166002483,2020-10-31T13:40:02.483,43.65,8.804388272987972e-07,1.516634029867727e-07,8.071496773549963e-07
1604166002533,2020-10-31T13:40:02.533,43.7,8.302585163908303e-07,2.4763471391521444e-07,5.025073563521894e-07
1604166002583,2020-10-31T13:40:02.583,43.75,5.027816922529416e-07,1.3615281281271133e-07,3.372448519052982e-07
1604166002633,2020-10-31T13:40:02.633,43.8,2.770008347470681e-07,-5.670921460816974e-08,4.737452709338672e-07
1604166002683,2020-10-31T13:40:02.683,43.85,4.559567640257455e-07,-1.7319873285220307e-07,5.635559665194642e-07
1604166002733,2020-10-31T13:40:02.733,43.9,8.797686044174228e-07,-2.0349769975882273e-07,4.2167460390093983e-07
1604166002783,2020-10-31T13:40:02.783,43.95,1.020133350961488e-06,-8.574997723153715e-08,2.5866176905788906e-07
1604166002833,2020-10-31T13:40:02.833,44.0,6.679406994756583e-07,2.1919205729563993e-07,1.265692750213706e-07
1604166002883,2020-10-31T13:40:02.883,44.05,2.7602083375158775e-07,4.784323079635396e-07,-5.213667755095133e-08
1604166002933,2020-10-31T13:40:02.933,44.1,3.3933968907507857e-07,4.586348400109819e-07,-3.20384365690803e-08
1604166002983,2020-10-31T13:40:02.983,44.15,7.464756493668259e-07,3.1634956552495974e-07,3.6483391069168077e-07
1604166003033,2020-10-31T13:40:03.033,44.2,1.0033070380846674e-06,3.444350230505986e-07,7.068927708630928e-07
1604166003083,2020-10-31T13:40:03.083,44.25,8.605052361130174e-07,4.822519775443725e-07,5.866543946651381e-07
1604166003133,2020-10-31T13:40:03.133,44.3,5.483714587035362e-07,4.190731690268966e-07,3.9743939729507613e-07
1604166003183,2020-10-31T13:40:03.183,44.35,4.512232204846198e-07,1.0877738560294517e-07,6.768373660536181e-07
1604166003233,2020-10-31T13:40:03.233,44.4,5.957581824294167e-07,-1.2588020193261954e-07,1.121810029450417e-06
1604166003283,2020-10-31T13:40:03.283,44.45,6.231197445424669e-07,-2.8038192359203255e-08,1.0961420750105411e-06
1604166003333,2020-10-31T13:40:03.333,44.5,3.461901076564907e-07,2.6957745225571033e-07,7.07052554185705e-07
1604166003383,2020-10-31T13:40:03.383,44.55,-2.5826998603357824e-09,4.433859661324431e-07,5.669309984070957e-07
1604166003433,2020-10-31T13:40:03.433,44.6,-1.659769157352369e-07,4.0855313399131365e-07,8.03991602913084e-07
1604166003483,2020-10-31T13:40:03.483,44.65,-7.055924916800321e-08,4.092625340080761e-07,1.027934530086135e-06
1604166003533,2020-10-31T13:40:03.533,44.7,2.9795509054933965e-07,6.224499619161061e-07,1.0452413261604322e-06
1604166003583,2020-10-31T13:40:03.583,44.75,7.393293811991435e-07,8.287995506723566e-07,1.0090429608617768e-06
1604166003633,2020-10-31T13:40:03.633,44.8,8.06263330958185e-07,6.947352951698547e-07,1.0408329479143738e-06
1604166003683,2020-10-31T13:40:03.683,44.85,4.3896963738998e-07,3.103010866391806e-07,1.1008090969690358e-06
1604166003733,2020-10-31T13:40:03.733,44.9,2.069393000537874e-07,1.0984391989504607e-07,1.0732985802738367e-06
1604166003783,2020-10-31T13:40:03.783,44.95,3.878237517376459e-07,1.7331710455872053e-07,9.191736565834267e-07
1604166003833,2020-10-31T13:40:03.833,45.0,4.803231272335566e-07,5.907841949033045e-08,8.496056790678957e-07
1604166003883,2020-10-31T13:40:03.883,45.05,2.211341816532612e-07,-3.998648839428022e-07,1.0335359389786848e-06
1604166003933,2020-10-31T13:40:03.933,45.1,1.350446536032835e-07,-6.955261071229711e-07,1.19304614718808e-06
1604166003983,2020-10-31T13:40:03.983,45.15,4.543718811113677e-07,-4.616611390144521e-07,1.0501372044917676e-06
1604166004033,2020-10-31T13:40:04.033,45.2,5.947552742202494e-07,-5.4999958654389845e-08,8.569603371458422e-07
1604166004083,2020-10-31T13:40:04.083,45.25,2.727447035701127e-07,1.3945009401272311e-07,8.985706091781592e-07
1604166004133,2020-10-31T13:40:04.133,45.3,6.536915528094793e-08,2.367565588919083e-07,1.010984289407648e-06
1604166004183,2020-10-31T13:40:04.183,45.35,3.720350376392248e-07,3.1193251217062184e-07,1.0349673959990942e-06
1604166004233,2020-10-31T13:40:04.233,45.4,7.741004688325502e-07,2.3124149297389298e-07,1.1151225973030936e-06
1604166004283,2020-10-31T13:40:04.283,45.45,8.053064660498944e-07,1.6601999764833346e-07,1.2562878452655688e-06
1604166004333,2020-10-31T13:40:04.333,45.5,5.33607590287647e-07,3.226347226601807e-07,1.1637453376546703e-06
1604166004383,2020-10-31T13:40:04.383,45.55,1.9830382368271964e-07,4.387203430629131e-07,7.584847011157417e-07
1604166004433,2020-10-31T13:40:04.433,45.6,-2.013230192999214e-08,3.859005606628991e-07,4.4193172892766287e-07
1604166004483,2020-10-31T13:40:04.483,45.65,4.6827648005368383e-08,5.269805550144007e-07,6.35342306445735e-07
1604166004533,2020-10-31T13:40:04.533,45.7,2.673146916871443e-07,8.648604054973399e-07,1.2212799554055432e-06
1604166004583,2020-10-31T13:40:04.583,45.75,2.051256570512075e-07,8.536014384814994e-07,1.5917129738628103e-06
1604166004633,2020-10-31T13:40:04.633,45.8,-1.9031510276010735e-07,4.0476927739712194e-07,1.3636938539597313e-06
1604166004683,2020-10-31T13:40:04.683,45.85,-4.0618438653968284e-07,5.762423229205345e-08,9.70296966166179e-07
1604166004733,2020-10-31T13:40:04.733,45.9,-1.8194597064930349e-07,3.9929735632593976e-08,1.0890532816423058e-06
1604166004783,2020-10-31T13:40:04.783,45.95,8.076087550513903e-08,9.385070525116547e-08,1.4946024606110319e-06
1604166004833,2020-10-31T13:40:04.833,46.0,-2.7129660107308403e-08,1.950069526546082e-07,1.2848615404338175e-06
1604166004883,2020-10-31T13:40:04.883,46.05,-3.583776761627774e-07,5.539415655951103e-07,3.7351485432469244e-07
1604166004933,2020-10-31T13:40:04.933,46.1,-5.113749864847781e-07,9.550161347359925e-07,-1.9714091059352413e-07
1604166004983,2020-10-31T13:40:04.983,46.15,-3.9761237103076736e-07,9.715133737229948e-07,2.425872066867193e-07
1604166005033,2020-10-31T13:40:05.033,46.2,-3.3061660928191026e-07,8.068529354031099e-07,9.424671322913886e-07
1604166005083,2020-10-31T13:40:05.083,46.25,-6.300181689568684e-07,9.995867185154691e-07,7.014016526872591e-07
1604166005133,2020-10-31T13:40:05.133,46.3,-1.2814789741328735e-06,1.3618862831072167e-06,-4.678868720340708e-07
1604166005183,2020-10-31T13:40:05.183,46.35,-2.0142041202398885e-06,1.2929777917132108e-06,-1.3527776679009614e-06
1604166005233,2020-10-31T13:40:05.233,46.4,-2.5318729019067006e-06,1.008767499786484e-06,-1.3392621050708781e-06
1604166005283,2020-10-31T13:40:05.283,46.45,-2.630221735853855e-06,1.1661502060040606e-06,-1.2387834579776096e-06
1604166005333,2020-10-31T13:40:05.333,46.5,-2.3783571779201733e-06,1.4889383805247904e-06,-1.7942195164243235e-06
1604166005383,2020-10-31T13:40:05.383,46.55,-2.182251430464981e-06,1.234308490620001e-06,-2.5673490020073934e-06
1604166005433,2020-10-31T13:40:05.433,46.6,-2.315391313037735e-06,7.026376596428991e-07,-3.0269499602761435e-06
1604166005483,2020-10-31T13:40:05.483,46.65,-2.532703686016966e-06,7.442414004401272e-07,-3.3987242170237638e-06
1604166005533,2020-10-31T13:40:05.533,46.7,-2.5239764787725266e-06,1.1659070749236168e-06,-3.822148618430775e-06
1604166005583,2020-10-31T13:40:05.583,46.75,-2.4464277049082126e-06,1.0969230549401822e-06,-3.95750657362518e-06
1604166005633,2020-10-31T13:40:05.633,46.8,-2.5852931783225706e-06,5.18434689095115e-07,-3.7806421273755082e-06
1604166005683,2020-10-31T13:40:05.683,46.85,-2.756657262456336e-06,1.5068094004702496e-07,-3.7809653289266137e-06
1604166005733,2020-10-31T13:40:05.733,46.9,-2.5290406193002528e-06,1.798296165138266e-07,-4.310013720396389e-06
1604166005783,2020-10-31T13:40:05.783,46.95,-1.9979007650210844e-06,1.557074635758735e-07,-5.241242767632018e-06
1604166005833,2020-10-31T13:40:05.833,47.0,-1.8025971901475176e-06,-7.877747744895508e-08,-6.108585915188144e-06
1604166005883,2020-10-31T13:40:05.883,47.05,-2.165365485260416e-06,-2.3069718112352865e-07,-6.488638995489448e-06
1604166005933,2020-10-31T13:40:05.933,47.1,-2.5232744534917403e-06,-1.9339641658321222e-07,-6.430709170678562e-06
1604166005983,2020-10-31T13:40:05.983,47.15,-2.4680816945111344e-06,-1.3253726161433673e-07,-6.350139395745407e-06
1604166006033,2020-10-31T13:40:06.033,47.2,-2.3698313497944833e-06,-6.420887648783803e-08,-6.479258405201452e-06
1604166006083,2020-10-31T13:40:06.083,47.25,-2.618862647696796e-06,1.2243165386677594e-07,-6.688249631132252e-06
1604166006133,2020-10-31T13:40:06.133,47.3,-2.9174640538735463e-06,3.670662723332742e-07,-6.725382584285181e-06
1604166006183,2020-10-31T13:40:06.183,47.35,-2.8749670676147135e-06,4.702622542768574e-07,-6.452516812533053e-06
1604166006233,2020-10-31T13:40:06.233,47.4,-2.7303235888119344e-06,2.9403724355221276e-07,-6.047193712228099e-06
1604166006283,2020-10-31T13:40:06.283,47.45,-2.8724510112518367e-06,-8.377052226816084e-08,-5.941932031844921e-06
1604166006333,2020-10-31T13:40:06.333,47.5,-3.160081466440695e-06,-2.649433456027504e-07,-6.240811895661164e-06
1604166006383,2020-10-31T13:40:06.383,47.55,-3.2779386557560054e-06,1.5549649850314788e-07,-6.413769432535343e-06
1604166006433,2020-10-31T13:40:06.433,47.6,-3.252629417722484e-06,9.84301199922465e-07,-5.985888658138576e-06
1604166006483,2020-10-31T13:40:06.483,47.65,-3.2259010992935293e-06,1.5927701864312476e-06,-5.134486861671882e-06
1604166006533,2020-10-31T13:40:06.533,47.7,-3.1999102287206267e-06,1.7834973891189799e-06,-4.213258154570704e-06
1604166006583,2020-10-31T13:40:06.583,47.75,-3.1938815156629913e-06,1.8981813940612008e-06,-3.326980580596229e-06
1604166006633,2020-10-31T13:40:06.633,47.8,-3.291319167914793e-06,2.173978216364296e-06,-2.6636205397498608e-06
1604166006683,2020-10-31T13:40:06.683,47.85,-3.4967425708137513e-06,2.6656969628525187e-06,-2.422511549470657e-06
1604166006733,2020-10-31T13:40:06.733,47.9,-3.7386492614219456e-06,3.4266505964606103e-06,-2.2871252679520887e-06
1604166006783,2020-10-31T13:40:06.783,47.95,-3.919402745524235e-06,4.126448690921368e-06,-1.7783830506896304e-06
1604166006833,2020-10-31T13:40:06.833,48.0,-3.859562723332754e-06,4.139044117569027e-06,-1.0399464157799589e-06
1604166006883,2020-10-31T13:40:06.883,48.05,-3.4203193669596877e-06,3.539882652149757e-06,-5.53095750322329e-07
1604166006933,2020-10-31T13:40:06.933,48.1,-2.8246533582129736e-06,3.1939174481414645e-06,-2.8255827894523753e-07
1604166006983,2020-10-31T13:40:06.983,48.15,-2.532271002289104e-06,3.4986386649557805e-06,2.191170455749945e-07
1604166007033,2020-10-31T13:40:07.033,48.2,-2.563832877642913e-06,3.954726119590559e-06,9.86268252703102e-07
1604166007083,2020-10-31T13:40:07.083,48.25,-2.359276780187673e-06,4.183854588100174e-06,1.5290290238781718e-06
1604166007133,2020-10-31T13:40:07.133,48.3,-1.6320036981031162e-06,4.401248597733445e-06,1.5563465859971887e-06
1604166007183,2020-10-31T13:40:07.183,48.35,-9.038299448849247e-07,4.685578435763589e-06,1.3391965699628155e-06
1604166007233,2020-10-31T13:40:07.233,48.4,-8.19463209745367e-07,4.622788587500026e-06,1.2804457783015673e-06
1604166007283,2020-10-31T13:40:07.283,48.45,-1.3306194016447424e-06,3.915159366697968e-06,1.3991048330507145e-06
1604166007333,2020-10-31T13:40:07.333,48.5,-1.831112895940666e-06,2.8614866626812616e-06,1.3434021377338706e-06
1604166007383,2020-10-31T13:40:07.383,48.55,-1.8119581694871451e-06,2.044557785694575e-06,8.806016945846815e-07
1604166007433,2020-10-31T13:40:07.433,48.6,-1.2840835586886179e-06,1.6474412429178193e-06,2.768286233247046e-07
1604166007483,2020-10-31T13:40:07.483,48.65,-6.958238656142224e-07,1.2139555824395097e-06,6.056013017586794e-08
1604166007533,2020-10-31T13:40:07.533,48.7,-3.621026254512608e-07,3.2722250431887245e-07,4.2015816671596327e-07
1604166007583,2020-10-31T13:40:07.583,48.75,-2.9801060512173717e-08,-5.653914078729101e-07,9.250859996503637e-07
1604166007633,2020-10-31T13:40:07.633,48.8,6.338112772658298e-07,-5.849072744069502e-07,9.972736502215083e-07
1604166007683,2020-10-31T13:40:07.683,48.85,1.2678521184160587e-06,2.621934228634466e-07,7.680344820628257e-07
1604166007733,2020-10-31T13:40:07.733,48.9,1.2452185017340994e-06,9.366702432178167e-07,1.0218581904566347e-06
1604166007783,2020-10-31T13:40:07.783,48.95,7.660908612449689e-07,7.00033728677732e-07,1.8350214072172191e-06
1604166007833,2020-10-31T13:40:07.833,49.0,5.594183617094198e-07,-1.205894310044089e-07,2.085563172622546e-06
1604166007883,2020-10-31T13:40:07.883,49.05,6.338347683884076e-07,-8.394858343308503e-07,1.2104718211439014e-06
1604166007933,2020-10-31T13:40:07.933,49.1,4.963673354999084e-07,-1.24351862623086e-06,3.3259745027564375e-07
1604166007983,2020-10-31T13:40:07.983,49.15,3.686580086268013e-07,-1.5384062990642322e-06,4.497956404786348e-07
1604166008033,2020-10-31T13:40:08.033,49.2,8.505948087034426e-07,-1.8412194807839508e-06,8.450260446793566e-07
1604166008083,2020-10-31T13:40:08.083,49.25,1.6711170576599464e-06,-1.9532194723992148e-06,6.072325936289527e-07
1604166008133,2020-10-31T13:40:08.133,49.3,2.07243283661984e-06,-1.689945905242009e-06,3.481038569055463e-07
1604166008183,2020-10-31T13:40:08.183,49.35,2.0648398788654196e-06,-1.3029071296615062e-06,1.0340233790195747e-06
1604166008233,2020-10-31T13:40:08.233,49.4,2.1676054671833494e-06,-1.225144348766336e-06,2.211853593987746e-06
1604166008283,2020-10-31T13:40:08.283,49.45,2.3790059152403655e-06,-1.4168670195975265e-06,2.7120008812003603e-06
1604166008333,2020-10-31T13:40:08.333,49.5,2.3965795432764987e-06,-1.4129475428878366e-06,2.42556759795335e-06
1604166008383,2020-10-31T13:40:08.383,49.55,2.355790985587602e-06,-1.0800447405256734e-06,2.2232174029577414e-06
1604166008433,2020-10-31T13:40:08.433,49.6,2.502634656303949e-06,-8.343117566758594e-07,2.466155512578909e-06
1604166008483,2020-10-31T13:40:08.483,49.65,2.617980026822045e-06,-9.13790952957535e-07,2.6283560002566046e-06
1604166008533,2020-10-31T13:40:08.533,49.7,2.4196115126654968e-06,-9.705807583770338e-07,2.362262260139287e-06
1604166008583,2020-10-31T13:40:08.583,49.75,2.1006326204698594e-06,-7.546533263122469e-07,2.0445779619745274e-06
1604166008633,2020-10-31T13:40:08.633,49.8,2.01564310435752e-06,-6.267139764903346e-07,1.9959951919953154e-06
1604166008683,2020-10-31T13:40:08.683,49.85,2.111613148505362e-06,-8.925711320598738e-07,1.9043425275872055e-06
1604166008733,2020-10-31T13:40:08.733,49.9,1.997480699784365e-06,-1.216576292832025e-06,1.4895653163352962e-06
1604166008783,2020-10-31T13:40:08.783,49.95,1.5535517999885565e-06,-1.2168490308894408e-06,1.1094829217033341e-06
1604166008833,2020-10-31T13:40:08.833,50.0,1.135153836287567e-06,-1.0679168671621177e-06,1.1587776961829566e-06
1604166008883,2020-10-31T13:40:08.883,50.05,9.925718745086258e-07,-1.0882302737345074e-06,1.388052726367832e-06
1604166008933,2020-10-31T13:40:08.933,50.1,9.639439048183622e-07,-1.2657165429220977e-06,1.3324325308894966e-06
1604166008983,2020-10-31T13:40:08.983,50.15,9.63138803541113e-07,-1.4329339007834293e-06,1.028001843877437e-06
1604166009033,2020-10-31T13:40:09.033,50.2,1.1215592609504502e-06,-1.4815928861249676e-06,8.850818876121688e-07
1604166009083,2020-10-31T13:40:09.083,50.25,1.2979318447907783e-06,-1.3870209632837632e-06,1.0950512172058005e-06
1604166009133,2020-10-31T13:40:09.133,50.3,1.1797692886157952e-06,-1.2549363246514968e-06,1.4473895950107952e-06
1604166009183,2020-10-31T13:40:09.183,50.35,9.281735317793257e-07,-1.1775054948413603e-06,1.6156052820895718e-06
1604166009233,2020-10-31T13:40:09.233,50.4,9.894663815464192e-07,-1.0870318879225744e-06,1.509358847303069e-06
1604166009283,2020-10-31T13:40:09.283,50.45,1.2108804937892602e-06,-9.929895852159035e-07,1.3601960913413708e-06
1604166009333,2020-10-31T13:40:09.333,50.5,9.181632381613454e-07,-1.0334248457465627e-06,1.4131737474112782e-06
1604166009383,2020-10-31T13:40:09.383,50.55,1.2751651139497516e-07,-1.11181453687975e-06,1.5865046682729407e-06
1604166009433,2020-10-31T13:40:09.433,50.6,-1.7970502324952602e-07,-1.0004367587497888e-06,1.582366713301258e-06
1604166009483,2020-10-31T13:40:09.483,50.65,4.30047273948129e-07,-8.263925857954727e-07,1.3137477234743046e-06
1604166009533,2020-10-31T13:40:09.533,50.7,9.855737401176128e-07,-8.665692217671399e-07,1.0829870080436607e-06
1604166009583,2020-10-31T13:40:09.583,50.75,6.393349175585733e-07,-9.67437487045799e-07,1.2075036908370715e-06
1604166009633,2020-10-31T13:40:09.633,50.8,7.841953592123832e-08,-7.782086972203405e-07,1.4833694652216843e-06
1604166009683,2020-10-31T13:40:09.683,50.85,2.957156649425653e-07,-4.3041305538353913e-07,1.351968393290492e-06
1604166009733,2020-10-31T13:40:09.733,50.9,8.856119966203645e-07,-3.878069889351972e-07,7.572810690384121e-07
1604166009783,2020-10-31T13:40:09.783,50.95,8.395161546112566e-07,-7.263866429596437e-07,3.261214223180515e-07
1604166009833,2020-10-31T13:40:09.833,51.0,2.5714543657407167e-07,-1.0541617701004018e-06,4.3261669935315917e-07
1604166009883,2020-10-31T13:40:09.883,51.05,-8.946144537109474e-09,-1.0394388560221066e-06,7.171522498138216e-07
1604166009933,2020-10-31T13:40:09.933,51.1,2.2124020426104522e-07,-7.53782660642987e-07,7.839619384951811e-07
1604166009983,2020-10-31T13:40:09.983,51.15,4.774082834872681e-07,-5.386514882305609e-07,6.978950224972096e-07
1604166010033,2020-10-31T13:40:10.033,51.2,5.354850689343909e-07,-4.907392256686408e-07,6.132565818039905e-07
1604166010083,2020-10-31T13:40:10.083,51.25,5.372574639795619e-07,-2.729125857100247e-07,5.219094721781678e-07
1604166010133,2020-10-31T13:40:10.133,51.3,6.159568341396213e-07,1.897503068158749e-07,4.561897547515184e-07
1604166010183,2020-10-31T13:40:10.183,51.35,7.074383833374358e-07,3.696128396643377e-07,4.876796929534105e-07
1604166010233,2020-10-31T13:40:10.233,51.4,6.227257233536707e-07,8.720024841506303e-08,5.552340002806045e-07
1604166010283,2020-10-31T13:40:10.283,51.45,3.8010210045822674e-07,-6.540436213860721e-08,5.807818017164613e-07
1604166010333,2020-10-31T13:40:10.333,51.5,2.218281074403537e-07,1.5251043629172897e-07,5.883890848444858e-07
1604166010383,2020-10-31T13:40:10.383,51.55,1.3894154581068935e-07,2.2086934284854986e-07,5.415723665770118e-07
1604166010433,2020-10-31T13:40:10.433,51.6,-6.984366745278236e-08,7.83678190561182e-09,3.622401904384073e-07
1604166010483,2020-10-31T13:40:10.483,51.65,-2.770789512050475e-07,4.372418996288425e-09,2.2852722517422858e-07
1604166010533,2020-10-31T13:40:10.533,51.7,-2.508229261486591e-07,2.0142802202471607e-07,4.4741033076343623e-07
1604166010583,2020-10-31T13:40:10.583,51.75,-1.3750500843260192e-07,1.0070535799750196e-07,8.866691465108546e-07
1604166010633,2020-10-31T13:40:10.633,51.8,-1.537172917422842e-07,-2.1040060360431697e-07,9.894564925430262e-07
1604166010683,2020-10-31T13:40:10.683,51.85,-2.2861985381805665e-07,-2.5668328558607406e-07,5.82430311154914e-07
1604166010733,2020-10-31T13:40:10.733,51.9,-2.327246858505667e-07,-1.5062548562735834e-07,2.4323337121165976e-07
1604166010783,2020-10-31T13:40:10.783,51.95,-1.4753492982051702e-07,-3.039067168513976e-07,5.183892601505777e-07
1604166010833,2020-10-31T13:40:10.833,52.0,-9.789911384235872e-09,-5.59438331788612e-07,1.0887511561421898e-06
1604166010883,2020-10-31T13:40:10.883,52.05,8.842689218902187e-08,-4.747228125383288e-07,1.181947540086353e-06
1604166010933,2020-10-31T13:40:10.933,52.1,1.0333825534325883e-07,-1.274079121015788e-07,6.85149908370815e-07
1604166010983,2020-10-31T13:40:10.983,52.15,1.329549588730389e-07,4.4214225794550703e-08,3.142184020871821e-07
1604166011033,2020-10-31T13:40:11.033,52.2,2.1825856863884232e-07,-1.0573383321640514e-07,5.88789626572561e-07
1604166011083,2020-10-31T13:40:11.083,52.25,2.265738803058945e-07,-4.5350186384149104e-07,1.1092794307716144e-06
1604166011133,2020-10-31T13:40:11.133,52.3,1.0356760189066692e-07,-8.450922865831018e-07,1.147638698331656e-06
1604166011183,2020-10-31T13:40:11.183,52.35,4.075928757804292e-08,-9.647167763244144e-07,6.617055104424061e-07
1604166011233,2020-10-31T13:40:11.233,52.4,2.2979732997773217e-07,-6.21233490578171e-07,2.559508575495638e-07
1604166011283,2020-10-31T13:40:11.283,52.45,5.397003958846244e-07,-2.609337641843895e-07,2.5140015583392603e-07
1604166011333,2020-10-31T13:40:11.333,52.5,6.224535361752659e-07,-3.3177886028789005e-07,3.871212456994528e-07
1604166011383,2020-10-31T13:40:11.383,52.55,3.905722911357043e-07,-4.2987327235678333e-07,4.1654704492175854e-07
1604166011433,2020-10-31T13:40:11.433,52.6,1.5494614902937796e-07,-1.0864013609524702e-07,3.7786176715877657e-07
1604166011483,2020-10-31T13:40:11.483,52.65,1.7746438823547954e-07,1.3207207326701458e-07,3.3859710931889787e-07
1604166011533,2020-10-31T13:40:11.533,52.7,3.564449675918712e-07,-2.4340353679618523e-07,3.625224895470378e-07
1604166011583,2020-10-31T13:40:11.583,52.75,4.50852329783049e-07,-7.459494302399438e-07,4.972114273518845e-07
1604166011633,2020-10-31T13:40:11.633,52.8,4.172791965752495e-07,-6.858122585156564e-07,5.466698874889128e-07
1604166011683,2020-10-31T13:40:11.683,52.85,4.575026359358886e-07,-2.759744701066886e-07,2.9228869011706545e-07
1604166011733,2020-10-31T13:40:11.733,52.9,7.112584209500622e-07,-1.4032922245083167e-07,-4.0868918130843946e-08
1604166011783,2020-10-31T13:40:11.783,52.95,9.593371301419247e-07,-3.155135934865896e-07,-5.8397279841506265e-08
1604166011833,2020-10-31T13:40:11.833,53.0,9.473239479657073e-07,-3.784262312093246e-07,2.0210270775590424e-07
1604166011883,2020-10-31T13:40:11.883,53.05,8.957587280096367e-07,-2.1415765118093848e-07,4.0764047017752416e-07
1604166011933,2020-10-31T13:40:11.933,53.1,1.1282972085448553e-06,-9.169779176174159e-08,4.584929271230725e-07
1604166011983,2020-10-31T13:40:11.983,53.15,1.43971445080728e-06,-1.2976056326940475e-07,5.102991422031984e-07
1604166012033,2020-10-31T13:40:12.033,53.2,1.4814408404490086e-06,-1.9069059526284302e-07,6.394067522835297e-07
1604166012083,2020-10-31T13:40:12.083,53.25,1.3645144342388424e-06,-2.4905341801847885e-07,7.408283723577283e-07
1604166012133,2020-10-31T13:40:12.133,53.3,1.333298980238279e-06,-4.300484931575561e-07,6.825230203666306e-07
1604166012183,2020-10-31T13:40:12.183,53.35,1.3514995852734334e-06,-6.973840735648363e-07,4.980487362302692e-07
1604166012233,2020-10-31T13:40:12.233,53.4,1.360784140359547e-06,-8.569107680292191e-07,4.263807867009675e-07
1604166012283,2020-10-31T13:40:12.283,53.45,1.4439239581491777e-06,-8.727950183053158e-07,5.994229114496737e-07
1604166012333,2020-10-31T13:40:12.333,53.5,1.5669631263320084e-06,-9.097706021547265e-07,7.805406477121394e-07
1604166012383,2020-10-31T13:40:12.383,53.55,1.5830147269617866e-06,-1.0701913909071567e-06,7.11689113458311e-07
1604166012433,2020-10-31T13:40:12.433,53.6,1.5013785349988437e-06,-1.269668078747019e-06,4.7397924632342765e-07
1604166012483,2020-10-31T13:40:12.483,53.65,1.4195111627332984e-06,-1.3138612657011682e-06,2.2508290505276396e-07
1604166012533,2020-10-31T13:40:12.533,53.7,1.310757776449779e-06,-1.03489493646968e-06,1.1854288433263038e-08
1604166012583,2020-10-31T13:40:12.583,53.75,1.1659991326167708e-06,-5.022248462847212e-07,6.074759372880224e-09
1604166012633,2020-10-31T13:40:12.633,53.8,1.1525612446665667e-06,-9.281437437787795e-08,3.551650913865391e-07
1604166012683,2020-10-31T13:40:12.683,53.85,1.3592534364935169e-06,-1.6415318677906505e-07,7.433841159196594e-07
1604166012733,2020-10-31T13:40:12.733,53.9,1.5532125515539393e-06,-6.413098669667884e-07,7.289984790833603e-07
1604166012783,2020-10-31T13:40:12.783,53.95,1.4295846195676923e-06,-1.05986323932943e-06,4.716122064131669e-07
1604166012833,2020-10-31T13:40:12.833,54.0,1.0331045260646545e-06,-1.0789048090952145e-06,4.400902909170366e-07
1604166012883,2020-10-31T13:40:12.883,54.05,7.787584092309862e-07,-8.350474040991706e-07,5.501653918116523e-07
1604166012933,2020-10-31T13:40:12.933,54.1,9.627558591829682e-07,-6.658353212086686e-07,3.5813007804606955e-07
1604166012983,2020-10-31T13:40:12.983,54.15,1.2980535760530116e-06,-6.419187604969909e-07,-9.202721716225295e-08
1604166013033,2020-10-31T13:40:13.033,54.2,1.2455093764598077e-06,-5.812494130007175e-07,-3.506216115442888e-07
1604166013083,2020-10-31T13:40:13.083,54.25,8.332272455990363e-07,-4.2999565918958746e-07,-2.7847387058859445e-07
1604166013133,2020-10-31T13:40:13.133,54.3,6.166162322719637e-07,-4.0173491630940857e-07,-9.341404752103966e-08
1604166013183,2020-10-31T13:40:13.183,54.35,8.038441305432554e-07,-6.349444034673093e-07,1.1604328346271254e-07
1604166013233,2020-10-31T13:40:13.233,54.4,1.0941067042504073e-06,-8.774377448011199e-07,4.264536083770907e-07
1604166013283,2020-10-31T13:40:13.283,54.45,1.286946121199723e-06,-8.466668715166398e-07,6.765823583470407e-07
1604166013333,2020-10-31T13:40:13.333,54.5,1.315805627427987e-06,-7.616462357606328e-07,5.113228213574481e-07
1604166013383,2020-10-31T13:40:13.383,54.55,9.981705527153692e-07,-9.663460308418638e-07,-4.94315488005222e-08
1604166013433,2020-10-31T13:40:13.433,54.6,4.943886466660745e-07,-1.2436706964426106e-06,-5.217080056392508e-07
1604166013483,2020-10-31T13:40:13.483,54.65,4.4088339308000103e-07,-1.1936590221415933e-06,-5.865624723688482e-07
1604166013533,2020-10-31T13:40:13.533,54.7,9.722602236221063e-07,-9.389738317775458e-07,-4.2517354658137e-07
1604166013583,2020-10-31T13:40:13.583,54.75,1.3545934964343247e-06,-8.108296889855667e-07,-3.171227197915988e-07
1604166013633,2020-10-31T13:40:13.633,54.8,1.0637288924578665e-06,-8.179718246699988e-07,-2.5925723527710713e-07
1604166013683,2020-10-31T13:40:13.683,54.85,4.955494307008976e-07,-8.358811175109716e-07,-1.4485110548694412e-07
1604166013733,2020-10-31T13:40:13.733,54.9,3.250493431876931e-07,-8.292639141090254e-07,-2.0498226324253502e-08
1604166013783,2020-10-31T13:40:13.783,54.95,6.84183352378219e-07,-7.963771272873512e-07,4.916211888151233e-08
1604166013833,2020-10-31T13:40:13.833,55.0,1.1308361291375894e-06,-7.71598744691064e-07,1.0840551460745318e-07
1604166013883,2020-10-31T13:40:13.883,55.05,1.201672760877098e-06,-6.813006497002842e-07,1.349618543038326e-07
1604166013933,2020-10-31T13:40:13.933,55.1,8.722493935489425e-07,-3.23687388512351e-07,3.4002191621530552e-09
1604166013983,2020-10-31T13:40:13.983,55.15,4.30015322572694e-07,8.956678051555041e-08,-2.7640148876747894e-07
1604166014033,2020-10-31T13:40:14.033,55.2,4.298209059029922e-08,-1.0306722131896324e-07,-4.898809604947913e-07
1604166014083,2020-10-31T13:40:14.083,55.25,-2.669135830464452e-07,-9.607307986939708e-07,-4.6772696093526334e-07
1604166014133,2020-10-31T13:40:14.133,55.3,-3.790081469426434e-07,-1.5602169846289805e-06,-3.2033128643929047e-07
1604166014183,2020-10-31T13:40:14.183,55.35,-2.238819615201622e-07,-1.2329028373129436e-06,-2.9184847002588206e-07
1604166014233,2020-10-31T13:40:14.233,55.4,-4.1209891268573526e-08,-4.816355103943309e-07,-4.0506885984639175e-07
1604166014283,2020-10-31T13:40:14.283,55.45,-1.1789451945274532e-07,-1.3538964560506092e-07,-4.919523855857698e-07
1604166014333,2020-10-31T13:40:14.333,55.5,-4.2971078053149853e-07,-2.3008454722795762e-07,-5.064466281213012e-07
1604166014383,2020-10-31T13:40:14.383,55.55,-7.322879561917128e-07,-2.9656231211503186e-07,-5.006381689722617e-07
1604166014433,2020-10-31T13:40:14.433,55.6,-8.156339171607157e-07,-2.55696562263764e-07,-4.794519293017084e-07
1604166014483,2020-10-31T13:40:14.483,55.65,-6.554962647742164e-07,-3.851228201294233e-07,-5.174425175731769e-07
1604166014533,2020-10-31T13:40:14.533,55.7,-4.575443205761109e-07,-6.711426334755857e-07,-7.015497157313155e-07
1604166014583,2020-10-31T13:40:14.583,55.75,-4.47816640479296e-07,-8.239646990940082e-07,-8.838411289070193e-07
1604166014633,2020-10-31T13:40:14.633,55.8,-5.625280341039652e-07,-8.175112591226513e-07,-8.64125824593118e-07
1604166014683,2020-10-31T13:40:14.683,55.85,-5.346301087540745e-07,-8.264954635119448e-07,-7.124942664848386e-07
1604166014733,2020-10-31T13:40:14.733,55.9,-3.481520056859881e-07,-7.816919823310159e-07,-6.063528370759072e-07
1604166014783,2020-10-31T13:40:14.783,55.95,-3.365851695338753e-07,-6.129636965974811e-07,-6.110111421675677e-07
1604166014833,2020-10-31T13:40:14.833,56.0,-6.457313795963904e-07,-6.383127257387179e-07,-7.704077004725701e-07
1604166014883,2020-10-31T13:40:14.883,56.05,-9.49799539803953e-07,-1.020236018544387e-06,-1.0412845272399902e-06
1604166014933,2020-10-31T13:40:14.933,56.1,-9.900306823891159e-07,-1.2843706509165826e-06,-1.165513880125937e-06
1604166014983,2020-10-31T13:40:14.983,56.15,-9.244111924371803e-07,-1.061761801713207e-06,-1.0267378259784899e-06
1604166015033,2020-10-31T13:40:15.033,56.2,-8.679628285068615e-07,-7.188391094084571e-07,-9.493408350399208e-07
1604166015083,2020-10-31T13:40:15.083,56.25,-7.186629974041283e-07,-6.606974363710112e-07,-1.2063366214819702e-06
1604166015133,2020-10-31T13:40:15.133,56.3,-6.334882549028943e-07,-6.808888222818991e-07,-1.5074094892821507e-06
1604166015183,2020-10-31T13:40:15.183,56.35,-9.131259519408848e-07,-4.358197047761486e-07,-1.4268375039684143e-06
1604166015233,2020-10-31T13:40:15.233,56.4,-1.2826065835079975e-06,6.387936718818189e-09,-1.0548786693440657e-06
1604166015283,2020-10-31T13:40:15.283,56.45,-1.1313913298949573e-06,2.705309995351396e-07,-8.117608587150265e-07
1604166015333,2020-10-31T13:40:15.333,56.5,-5.898756023807389e-07,7.185713212065125e-08,-8.659153046463124e-07
1604166015383,2020-10-31T13:40:15.383,56.55,-4.5514168222852483e-07,-3.70764344582335e-07,-1.0476654354322725e-06
1604166015433,2020-10-31T13:40:15.433,56.6,-9.180869242226883e-07,-4.7580398081581094e-07,-1.1315265489941637e-06
1604166015483,2020-10-31T13:40:15.483,56.65,-1.3248755548226444e-06,-1.373645387403961e-07,-1.0328875948309321e-06
1604166015533,2020-10-31T13:40:15.533,56.7,-1.293851451103738e-06,1.1541481787990464e-07,-9.034217680415447e-07
1604166015583,2020-10-31T13:40:15.583,56.75,-1.1200402072990898e-06,5.7212877402717316e-08,-1.016136857846444e-06
1604166015633,2020-10-31T13:40:15.633,56.8,-1.0618853945364305e-06,8.162021656237953e-08,-1.3509775962950691e-06
1604166015683,2020-10-31T13:40:15.683,56.85,-1.0564033396946213e-06,3.632607333876442e-07,-1.5184138566994015e-06
1604166015733,2020-10-31T13:40:15.733,56.9,-1.0645800282901815e-06,4.938486589519159e-07,-1.3562089972783399e-06
1604166015783,2020-10-31T13:40:15.783,56.95,-1.1224895975765225e-06,2.1549529181953948e-07,-1.1996472272637108e-06
1604166015833,2020-10-31T13:40:15.833,57.0,-1.1789568068263462e-06,-9.817721878803971e-08,-1.2930593205858764e-06
1604166015883,2020-10-31T13:40:15.883,57.05,-1.125894996125336e-06,-5.626151258722712e-08,-1.4626909877257918e-06
1604166015933,2020-10-31T13:40:15.933,57.1,-8.914456120133257e-07,9.403479544261027e-08,-1.5714225352432467e-06
1604166015983,2020-10-31T13:40:15.983,57.15,-5.568849173244632e-07,-1.1452187498176139e-07,-1.708518979446102e-06
1604166016033,2020-10-31T13:40:16.033,57.2,-3.864947608283921e-07,-5.736410535516164e-07,-1.796063710406368e-06
1604166016083,2020-10-31T13:40:16.083,57.25,-5.730449488491651e-07,-7.179160405143672e-07,-1.5547148916600424e-06
1604166016133,2020-10-31T13:40:16.133,57.3,-1.0406987784154975e-06,-3.949544680764747e-07,-1.0146984373501147e-06
1604166016183,2020-10-31T13:40:16.183,57.35,-1.541955553041587e-06,-1.2767905194085258e-07,-6.600791511477812e-07
1604166016233,2020-10-31T13:40:16.233,57.4,-1.7687725411343813e-06,-2.9308177357833737e-07,-8.364247718754958e-07
1604166016283,2020-10-31T13:40:16.283,57.45,-1.5226826367280159e-06,-5.980222208142953e-07,-1.283894619247339e-06
1604166016333,2020-10-31T13:40:16.333,57.5,-9.934710787337336e-07,-7.299716714184229e-07,-1.5112757354132115e-06
1604166016383,2020-10-31T13:40:16.383,57.55,-6.329916818561327e-07,-7.897771953419727e-07,-1.3750918472990055e-06
1604166016433,2020-10-31T13:40:16.433,57.6,-6.699558631033076e-07,-7.889290820500616e-07,-1.1118712603707421e-06
1604166016483,2020-10-31T13:40:16.483,57.65,-9.944690636745854e-07,-6.219535045585425e-07,-1.0450424982122592e-06
1604166016533,2020-10-31T13:40:16.533,57.7,-1.37974724364498e-06,-5.375912714123049e-07,-1.2403171926243813e-06
1604166016583,2020-10-31T13:40:16.583,57.75,-1.5907238422324864e-06,-7.061620242268085e-07,-1.4067316718847859e-06
1604166016633,2020-10-31T13:40:16.633,57.8,-1.5291859277207628e-06,-7.217509828911699e-07,-1.4169975472051597e-06
1604166016683,2020-10-31T13:40:16.683,57.85,-1.3472576062454705e-06,-3.5533196667012274e-07,-1.5490029629826254e-06
1604166016733,2020-10-31T13:40:16.733,57.9,-1.1806636899156543e-06,-9.67940805789519e-08,-1.7661567869546225e-06
1604166016783,2020-10-31T13:40:16.783,57.95,-9.678709443143578e-07,-3.317448420783794e-07,-1.6302556408530089e-06
1604166016833,2020-10-31T13:40:16.833,58.0,-7.278239654353983e-07,-7.779185575796656e-07,-1.3168167954426263e-06
1604166016883,2020-10-31T13:40:16.883,58.05,-6.451202824398433e-07,-1.0859873457373593e-06,-1.4561537731384143e-06
1604166016933,2020-10-31T13:40:16.933,58.1,-7.304203001826854e-07,-1.224351175550132e-06,-1.871762755987513e-06
1604166016983,2020-10-31T13:40:16.983,58.15,-7.515146490494674e-07,-1.197401802269113e-06,-1.917437063469983e-06
1604166017033,2020-10-31T13:40:17.033,58.2,-6.318155102192871e-07,-1.0938816275726228e-06,-1.7826572589799083e-06
1604166017083,2020-10-31T13:40:17.083,58.25,-6.492752479323018e-07,-1.201111541971529e-06,-2.0533155743614817e-06
1604166017133,2020-10-31T13:40:17.133,58.3,-1.0045650628834157e-06,-1.492179191984389e-06,-2.4610792143605762e-06
1604166017183,2020-10-31T13:40:17.183,58.35,-1.342094635968857e-06,-1.5400723486281204e-06,-2.2476092166527704e-06
1604166017233,2020-10-31T13:40:17.233,58.4,-1.0869027581358016e-06,-1.3472580198601243e-06,-1.3594282530547077e-06
1604166017283,2020-10-31T13:40:17.283,58.45,-2.452421099988605e-07,-1.4672981851492785e-06,-4.823019492218442e-07
1604166017333,2020-10-31T13:40:17.333,58.5,5.6053119953435e-07,-2.013118071673014e-06,-1.6069984961169118e-07
1604166017383,2020-10-31T13:40:17.383,58.55,9.184956158384426e-07,-2.344786518883433e-06,-3.4239999993727054e-07
1604166017433,2020-10-31T13:40:17.433,58.6,1.0809089671909751e-06,-2.0283362833593276e-06,-5.86773313773922e-07
1604166017483,2020-10-31T13:40:17.483,58.65,1.4600482199849088e-06,-1.5223505013829761e-06,-4.798104818439874e-07
1604166017533,2020-10-31T13:40:17.533,58.7,2.001238306994383e-06,-1.5353116543232452e-06,-8.730523929190409e-09
1604166017583,2020-10-31T13:40:17.583,58.75,2.290573710552894e-06,-2.015181410915391e-06,4.494891512480556e-07
1604166017633,2020-10-31T13:40:17.633,58.8,2.1227710151589494e-06,-2.275617661313489e-06,6.303325787086819e-07
1604166017683,2020-10-31T13:40:17.683,58.85,1.7062030170373013e-06,-2.0417208605768084e-06,6.472800884325575e-07
1604166017733,2020-10-31T13:40:17.733,58.9,1.3545436455489347e-06,-1.7947929360778412e-06,6.546747500815282e-07
1604166017783,2020-10-31T13:40:17.783,58.95,1.2192509800534137e-06,-1.9221496428420677e-06,5.877086690756073e-07
1604166017833,2020-10-31T13:40:17.833,59.0,1.3162787834210256e-06,-2.0760876855311486e-06,3.430979626595068e-07
1604166017883,2020-10-31T13:40:17.883,59.05,1.5636203117530744e-06,-1.8020729264035764e-06,5.395366826741903e-09
1604166017933,2020-10-31T13:40:17.933,59.1,1.713840611399297e-06,-1.3446117794525922e-06,-1.8560709095874887e-07
1604166017983,2020-10-31T13:40:17.983,59.15,1.4828620507607063e-06,-1.167139299926539e-06,-1.1261768833572213e-07
1604166018033,2020-10-31T13:40:18.033,59.2,9.463423410578859e-07,-1.0664554131527323e-06,4.915144340767912e-08
1604166018083,2020-10-31T13:40:18.083,59.25,5.650544188914074e-07,-5.936918014578348e-07,1.0315929514518043e-07
1604166018133,2020-10-31T13:40:18.133,59.3,5.289732489137136e-07,-1.9261826850647827e-08,9.518237257579857e-08
1604166018183,2020-10-31T13:40:18.183,59.35,4.3494223205327726e-07,-3.0394933950817463e-09,8.194774288531466e-08
1604166018233,2020-10-31T13:40:18.233,59.4,-1.3834537937245297e-08,-5.02859675696602e-07,-6.166747377103359e-08
1604166018283,2020-10-31T13:40:18.283,59.45,-4.3308214904897605e-07,-7.977706107843711e-07,-3.4671371944185e-07
1604166018333,2020-10-31T13:40:18.333,59.5,-3.354310847944001e-07,-5.784473467779306e-07,-4.953056576876396e-07
1604166018383,2020-10-31T13:40:18.383,59.55,9.062847963188408e-08,-3.021339139271319e-07,-2.82922037965941e-07
1604166018433,2020-10-31T13:40:18.433,59.6,2.8981424427910155e-07,-2.9101693478136213e-07,1.6186081962868268e-07
1604166018483,2020-10-31T13:40:18.483,59.65,1.8052401894237105e-07,-2.1819279831768887e-07,4.967979127407791e-07
1604166018533,2020-10-31T13:40:18.533,59.7,1.049088626939792e-07,1.2819092604050298e-07,5.148470340932735e-07
1604166018583,2020-10-31T13:40:18.583,59.75,1.0590136375985353e-07,3.0571684894495706e-07,3.3269049087796916e-07
1604166018633,2020-10-31T13:40:18.633,59.8,-6.572018799798543e-08,-6.561336333403712e-08,1.5130455060669145e-07
1604166018683,2020-10-31T13:40:18.683,59.85,-3.026698508127409e-07,-6.444218303945702e-07,-5.019715805241078e-08
1604166018733,2020-10-31T13:40:18.733,59.9,-2.1148625304697307e-07,-7.909696717796016e-07,-2.6283739685158873e-07
1604166018783,2020-10-31T13:40:18.783,59.95,1.7668497276278358e-07,-2.6762984533459685e-07,-2.0761999295327245e-07
1604166018833,2020-10-31T13:40:18.833,60.0,4.242858939237773e-07,5.326505550855299e-07,1.5460603281799892e-07
1604166018883,2020-10-31T13:40:18.883,60.05,3.6415387551661055e-07,9.006775545269161e-07,3.6122219590664985e-07
1604166018933,2020-10-31T13:40:18.933,60.1,1.9045547566474672e-07,5.783723181242275e-07,2.068827105751186e-07
1604166018983,2020-10-31T13:40:18.983,60.15,7.27812335228585e-08,1.1762470510841974e-07,1.3888428293151533e-07
1604166019033,2020-10-31T13:40:19.033,60.2,6.26053991186232e-08,1.617544432818662e-07,4.5807006253024404e-07
1604166019083,2020-10-31T13:40:19.083,60.25,8.184625160191622e-08,6.8048590266063e-07,8.659817708603736e-07
1604166019133,2020-10-31T13:40:19.133,60.3,-2.7998461797357444e-08,1.2066530956346848e-06,1.1530669529015357e-06
1604166019183,2020-10-31T13:40:19.183,60.35,-1.7500587022416997e-07,1.5529667588112489e-06,1.5287580393217747e-06
1604166019233,2020-10-31T13:40:19.233,60.4,-9.864509699421235e-08,2.056817668191958e-06,2.0605762054454116e-06
1604166019283,2020-10-31T13:40:19.283,60.45,8.636047942102778e-08,3.055337259062726e-06,2.534838641425353e-06
1604166019333,2020-10-31T13:40:19.333,60.5,3.7125498914060865e-08,4.2207797222082255e-06,2.8473900284687708e-06
1604166019383,2020-10-31T13:40:19.383,60.55,-1.5573362688681864e-07,4.821981546309428e-06,2.9916351761623923e-06
1604166019433,2020-10-31T13:40:19.433,60.6,-1.572361154363466e-07,4.737229432533911e-06,2.960080515129028e-06
1604166019483,2020-10-31T13:40:19.483,60.65,-1.580022797876143e-07,4.659196505600734e-06,2.9360454230028118e-06
1604166019533,2020-10-31T13:40:19.533,60.7,-6.676215605228762e-07,5.059196006802138e-06,3.1126817481372e-06
1604166019583,2020-10-31T13:40:19.583,60.75,-1.4377845153709476e-06,5.565334845382472e-06,3.2863894025064222e-06
1604166019633,2020-10-31T13:40:19.633,60.8,-1.5191263769174612e-06,5.7121540374586185e-06,3.1092799821773044e-06
1604166019683,2020-10-31T13:40:19.683,60.85,-8.49171489286113e-07,5.647866566272187e-06,2.597626199676802e-06
1604166019733,2020-10-31T13:40:19.733,60.9,-6.62696476600753e-07,5.703482763110999e-06,2.0431205514551825e-06
1604166019783,2020-10-31T13:40:19.783,60.95,-1.5676774028560026e-06,5.876728065123223e-06,1.6852499184581432e-06
1604166019833,2020-10-31T13:40:19.833,61.0,-2.5426296899187233e-06,6.068230206279046e-06,1.6160112660593078e-06
1604166019883,2020-10-31T13:40:19.883,61.05,-2.6353158675287087e-06,6.318936038525006e-06,1.7426146173755533e-06
1604166019933,2020-10-31T13:40:19.933,61.1,-2.1843183992975753e-06,6.617407451822545e-06,1.9198358220084034e-06
1604166019983,2020-10-31T13:40:19.983,61.15,-1.797845245601373e-06,6.8255936177351504e-06,2.177111554125223e-06
1604166020033,2020-10-31T13:40:20.033,61.2,-1.5903841717548373e-06,6.857790684796397e-06,2.4708564771292334e-06
1604166020083,2020-10-31T13:40:20.083,61.25,-1.6236395451547226e-06,6.720906333921457e-06,2.5131569150965126e-06
1604166020133,2020-10-31T13:40:20.133,61.3,-1.8222329855665535e-06,6.403507120522298e-06,2.371898166766511e-06
1604166020183,2020-10-31T13:40:20.183,61.35,-1.6628194546730406e-06,5.884765072028031e-06,2.507633992517673e-06
1604166020233,2020-10-31T13:40:20.233,61.4,-9.462884021460122e-07,5.253980438470321e-06,2.7867270814287713e-06
1604166020283,2020-10-31T13:40:20.283,61.45,-3.371739198552342e-07,4.722518406480431e-06,2.6225835102792555e-06
1604166020333,2020-10-31T13:40:20.333,61.5,-3.9008364980075547e-07,4.463690716813512e-06,2.1900743256074653e-06
1604166020383,2020-10-31T13:40:20.383,61.55,-7.000522881528953e-07,4.418086030562365e-06,2.1370888278281234e-06
1604166020433,2020-10-31T13:40:20.433,61.6,-5.806793953510881e-07,4.29300680989108e-06,2.4385156497673123e-06
1604166020483,2020-10-31T13:40:20.483,61.65,-1.533315754372213e-08,3.8888797925414545e-06,2.7347993955785947e-06
1604166020533,2020-10-31T13:40:20.533,61.7,5.41564617865709e-07,3.416125747583787e-06,3.0453993410788814e-06
1604166020583,2020-10-31T13:40:20.583,61.75,9.035895386807234e-07,3.225365973504913e-06,3.3520393560845926e-06
1604166020633,2020-10-31T13:40:20.633,61.8,1.1806518041190353e-06,3.251279460332193e-06,3.4707440761465383e-06
1604166020683,2020-10-31T13:40:20.683,61.85,1.3401387777116896e-06,3.191900782518178e-06,3.6566499860544195e-06
1604166020733,2020-10-31T13:40:20.733,61.9,1.306711358095281e-06,3.1651224085494376e-06,4.292491858076416e-06
1604166020783,2020-10-31T13:40:20.783,61.95,1.2582982354864886e-06,3.47307521814441e-06,4.988758731892099e-06
1604166020833,2020-10-31T13:40:20.833,62.0,1.3123128860511524e-06,3.8157724860048386e-06,4.9422169938174435e-06
1604166020883,2020-10-31T13:40:20.883,62.05,1.2671090539006241e-06,3.59791052720575e-06,4.0727126922647815e-06
1604166020933,2020-10-31T13:40:20.933,62.1,1.021003040866893e-06,2.899305240610489e-06,3.03500320084352e-06
1604166020983,2020-10-31T13:40:20.983,62.15,7.958792057036571e-07,2.315290397873858e-06,2.2869136006016596e-06
1604166021033,2020-10-31T13:40:21.033,62.2,7.457407122817748e-07,2.004993802877812e-06,1.8112781996347268e-06
1604166021083,2020-10-31T13:40:21.083,62.25,7.318900843543222e-07,1.6271877227995186e-06,1.4732213047870318e-06
1604166021133,2020-10-31T13:40:21.133,62.3,5.38075785257071e-07,1.0709646109871736e-06,1.0809456808805913e-06
1604166021183,2020-10-31T13:40:21.183,62.35,1.3980401485772343e-07,6.412463052336767e-07,5.033034587235841e-07
1604166021233,2020-10-31T13:40:21.233,62.4,-2.1065897670789823e-07,5.006655194701773e-07,4.3503346786154334e-08
1604166021283,2020-10-31T13:40:21.283,62.45,-2.2806546938271916e-07,3.6882547734959724e-07,8.129026169758103e-08
1604166021333,2020-10-31T13:40:21.333,62.5,7.054515165849209e-08,1.2148638615008761e-08,3.182571383698099e-07
1604166021383,2020-10-31T13:40:21.383,62.55,4.1715985474223783e-07,-2.962471715568239e-07,1.8183382388854297e-07
1604166021433,2020-10-31T13:40:21.433,62.6,5.684951530968548e-07,-2.677138067782211e-07,-1.3346670005197136e-07
1604166021483,2020-10-31T13:40:21.483,62.65,4.863100441010155e-07,-2.463866373884434e-07,1.1742242719266523e-07
1604166021533,2020-10-31T13:40:21.533,62.7,4.2430557570759963e-07,-6.928315265713195e-07,9.56810728963026e-07
1604166021583,2020-10-31T13:40:21.583,62.75,6.284089185806997e-07,-1.291365234756861e-06,1.3587465247028315e-06
1604166021633,2020-10-31T13:40:21.633,62.8,8.433799288163075e-07,-1.34303269266638e-06,5.650576312070385e-07
1604166021683,2020-10-31T13:40:21.683,62.85,6.349531470513411e-07,-8.384581436654261e-07,-7.74861022126817e-07
1604166021733,2020-10-31T13:40:21.733,62.9,1.7996363952821737e-07,-4.6092052075971847e-07,-1.449607812588568e-06
1604166021783,2020-10-31T13:40:21.783,62.95,4.0410247208443206e-08,-6.781816785594788e-07,-1.2852266069223282e-06
1604166021833,2020-10-31T13:40:21.833,63.0,2.7258162617876746e-07,-1.2686862043043442e-06,-1.0638961557754278e-06
1604166021883,2020-10-31T13:40:21.883,63.05,4.735784081804964e-07,-1.6895056494631724e-06,-1.1987644016580072e-06
1604166021933,2020-10-31T13:40:21.933,63.1,5.840919050465394e-07,-1.7699566595283042e-06,-1.3872443792284649e-06
1604166021983,2020-10-31T13:40:21.983,63.15,9.020961621875829e-07,-1.8630337083116775e-06,-1.3985500341363222e-06
1604166022033,2020-10-31T13:40:22.033,63.2,1.271591327368119e-06,-2.1660267073877684e-06,-1.4270022383086755e-06
1604166022083,2020-10-31T13:40:22.083,63.25,1.0952619762565371e-06,-2.3587664384866304e-06,-1.5972506752889812e-06
1604166022133,2020-10-31T13:40:22.133,63.3,4.1099853870981547e-07,-2.2533921576780386e-06,-1.6476287995960741e-06
1604166022183,2020-10-31T13:40:22.183,63.35,7.283673099290473e-08,-2.1614212087955613e-06,-1.3491207928415746e-06
1604166022233,2020-10-31T13:40:22.233,63.4,5.08392076980676e-07,-2.240515836145289e-06,-9.915268985688994e-07
1604166022283,2020-10-31T13:40:22.283,63.45,1.120573396059729e-06,-2.18929278376051e-06,-1.123519310345246e-06
1604166022333,2020-10-31T13:40:22.333,63.5,1.2248233766299018e-06,-1.9717088855750808e-06,-1.7468011808775242e-06
1604166022383,2020-10-31T13:40:22.383,63.55,8.827555284170114e-07,-2.072714337153331e-06,-2.14510608644491e-06
1604166022433,2020-10-31T13:40:22.433,63.6,5.466583739141032e-07,-2.5636685853832616e-06,-1.8649273227650575e-06
1604166022483,2020-10-31T13:40:22.483,63.65,4.262542417290692e-07,-2.752681993774438e-06,-1.4018239447384796e-06
1604166022533,2020-10-31T13:40:22.533,63.7,5.020537806615351e-07,-2.309741087944378e-06,-1.3598853759985662e-06
1604166022583,2020-10-31T13:40:22.583,63.75,7.621060306332496e-07,-1.8471743420734257e-06,-1.5046678298243209e-06
1604166022633,2020-10-31T13:40:22.633,63.8,1.0866080889714293e-06,-1.8694695171767122e-06,-1.3370168078078064e-06
1604166022683,2020-10-31T13:40:22.683,63.85,1.1677394784689652e-06,-2.0157136894784796e-06,-1.0448835069380894e-06
1604166022733,2020-10-31T13:40:22.733,63.9,8.794176138405435e-07,-1.7999099206402223e-06,-1.1291927622527272e-06
1604166022783,2020-10-31T13:40:22.783,63.95,5.590474070067551e-07,-1.4103313387931687e-06,-1.451865474887262e-06
1604166022833,2020-10-31T13:40:22.833,64.0,5.842610235400298e-07,-1.3365177573108424e-06,-1.4082028158593294e-06
1604166022883,2020-10-31T13:40:22.883,64.05,7.892624342308434e-07,-1.6471755613828617e-06,-9.670837880547834e-07
1604166022933,2020-10-31T13:40:22.933,64.1,7.288064562702167e-07,-2.0760945773649916e-06,-8.059568315999378e-07
1604166022983,2020-10-31T13:40:22.983,64.15,4.144666069561593e-07,-2.4823788240048556e-06,-1.1839421753953105e-06
1604166023033,2020-10-31T13:40:23.033,64.2,2.366763168160845e-07,-2.726826580965285e-06,-1.435047599552364e-06
1604166023083,2020-10-31T13:40:23.083,64.25,3.0528714509657014e-07,-2.515622826790423e-06,-1.0985287324661919e-06
1604166023133,2020-10-31T13:40:23.133,64.3,4.819133279346788e-07,-1.9437943004018976e-06,-7.693095503742428e-07
1604166023183,2020-10-31T13:40:23.183,64.35,7.701549817439731e-07,-1.635617578543261e-06,-1.0946751617557383e-06
1604166023233,2020-10-31T13:40:23.233,64.4,1.0634129723284617e-06,-1.8491034290519568e-06,-1.6722451694430617e-06
1604166023283,2020-10-31T13:40:23.283,64.45,1.0157197268013182e-06,-2.1442388973420604e-06,-1.7162913830970829e-06
1604166023333,2020-10-31T13:40:23.333,64.5,7.141715644427569e-07,-2.2245121566668556e-06,-1.191015634263907e-06
1604166023383,2020-10-31T13:40:23.383,64.55,7.48143885451311e-07,-2.302449487079969e-06,-6.814681276961909e-07
1604166023433,2020-10-31T13:40:23.433,64.6,1.1559565541799464e-06,-2.49889278582839e-06,-6.261434013772683e-07
1604166023483,2020-10-31T13:40:23.483,64.65,1.2618839168494697e-06,-2.6238993348487307e-06,-9.887682368761818e-07
1604166023533,2020-10-31T13:40:23.533,64.7,9.311000750556691e-07,-2.5997148783657055e-06,-1.349992968349671e-06
1604166023583,2020-10-31T13:40:23.583,64.75,8.203492877664556e-07,-2.506304948404365e-06,-1.3019565502268965e-06
1604166023633,2020-10-31T13:40:23.633,64.8,1.0864814012375636e-06,-2.2450026471627693e-06,-9.194604051412922e-07
1604166023683,2020-10-31T13:40:23.683,64.85,1.1026233040471046e-06,-1.715870155480981e-06,-6.324611414079663e-07
1604166023733,2020-10-31T13:40:23.733,64.9,6.35454730365618e-07,-1.2801500999234704e-06,-6.493463736785712e-07
1604166023783,2020-10-31T13:40:23.783,64.95,1.7248374233155486e-07,-1.4162199093983687e-06,-8.506039446863674e-07
1604166023833,2020-10-31T13:40:23.833,65.0,3.6211150772763465e-08,-1.8450849379072411e-06,-1.093976871634587e-06
1604166023883,2020-10-31T13:40:23.883,65.05,-2.0866069636692285e-08,-1.691573856705551e-06,-1.2731250021917418e-06
1604166023933,2020-10-31T13:40:23.933,65.1,-3.046020530482588e-07,-8.253243915839089e-07,-1.2969199142907473e-06
1604166023983,2020-10-31T13:40:23.983,65.15,-6.345525286883221e-07,-3.2585367240147403e-07,-1.253211766502871e-06
1604166024033,2020-10-31T13:40:24.033,65.2,-5.405185108814002e-07,-9.85152794032806e-07,-1.3673289295318258e-06
1604166024083,2020-10-31T13:40:24.083,65.25,-5.735665973393619e-08,-2.043455944370349e-06,-1.6650592309615786e-06
1604166024133,2020-10-31T13:40:24.133,65.3,1.6017358957712328e-07,-2.328832146039677e-06,-1.865902871118655e-06
1604166024183,2020-10-31T13:40:24.183,65.35,-1.9723689724115905e-07,-1.9752997318999326e-06,-1.7552223594713671e-06
1604166024233,2020-10-31T13:40:24.233,65.4,-6.551097721444433e-07,-1.8550444101766864e-06,-1.5397744322516559e-06
1604166024283,2020-10-31T13:40:24.283,65.45,-7.605298386273267e-07,-1.9342096792987207e-06,-1.5701911435931272e-06
1604166024333,2020-10-31T13:40:24.333,65.5,-6.692164442945697e-07,-1.5672355104999835e-06,-1.8000973912861145e-06
1604166024383,2020-10-31T13:40:24.383,65.55,-7.408804197599006e-07,-9.756073860087104e-07,-1.9544030268663623e-06
1604166024433,2020-10-31T13:40:24.433,65.6,-1.0600644349529413e-06,-9.779451722452143e-07,-2.1061965405837772e-06
1604166024483,2020-10-31T13:40:24.483,65.65,-1.4396800620509495e-06,-1.475726446337397e-06,-2.4387100526857753e-06
1604166024533,2020-10-31T13:40:24.533,65.7,-1.5875742284583922e-06,-1.560892577481718e-06,-2.5744226416052014e-06
1604166024583,2020-10-31T13:40:24.583,65.75,-1.3710410181947685e-06,-1.019416700875192e-06,-1.988972315086274e-06
1604166024633,2020-10-31T13:40:24.633,65.8,-1.103474196278196e-06,-5.449110203640775e-07,-1.0548821579707512e-06
1604166024683,2020-10-31T13:40:24.683,65.85,-1.2005974023522834e-06,-5.138270827572097e-07,-7.323155029303874e-07
1604166024733,2020-10-31T13:40:24.733,65.9,-1.4734403519204928e-06,-5.431983629045074e-07,-1.1428700422184986e-06
1604166024783,2020-10-31T13:40:24.783,65.95,-1.409672579372539e-06,-3.2677211571172214e-07,-1.440283132195776e-06
1604166024833,2020-10-31T13:40:24.833,66.0,-1.0738920205964891e-06,-1.4164654786002026e-07,-1.193579376957902e-06
1604166024883,2020-10-31T13:40:24.883,66.05,-9.332991174142903e-07,-2.4493305543313133e-07,-8.059599015066546e-07
1604166024933,2020-10-31T13:40:24.933,66.1,-1.0364452482875312e-06,-3.0082379926085373e-07,-5.256466573623432e-07
1604166024983,2020-10-31T13:40:24.983,66.15,-1.1010385364625337e-06,9.135634796978757e-08,-2.0655464332076096e-07
1604166025033,2020-10-31T13:40:25.033,66.2,-1.0868008167340941e-06,6.780437182751602e-07,9.6408425032532e-09
1604166025083,2020-10-31T13:40:25.083,66.25,-1.1421426680673324e-06,9.441392320048289e-07,-1.5992073858533687e-07
1604166025133,2020-10-31T13:40:25.133,66.3,-1.2797216512195989e-06,8.552924995066278e-07,-4.923742062346947e-07
1604166025183,2020-10-31T13:40:25.183,66.35,-1.379926130004609e-06,7.105179791714038e-07,-5.380698450818123e-07
1604166025233,2020-10-31T13:40:25.233,66.4,-1.3305122753892667e-06,6.656953474962912e-07,-2.4058443796177584e-07
1604166025283,2020-10-31T13:40:25.283,66.45,-1.1620680287274735e-06,7.041970693783218e-07,1.6308928047621394e-07
1604166025333,2020-10-31T13:40:25.333,66.5,-1.0638568294113316e-06,7.230289226646049e-07,4.643117915589513e-07
1604166025383,2020-10-31T13:40:25.383,66.55,-1.087752411608271e-06,5.769842618786759e-07,4.860549996968004e-07
1604166025433,2020-10-31T13:40:25.433,66.6,-1.0625365017595655e-06,2.83834751211883e-07,1.5569828702513992e-07
1604166025483,2020-10-31T13:40:25.483,66.65,-9.875250356106084e-07,1.216253371957741e-07,-2.881613942124765e-07
1604166025533,2020-10-31T13:40:25.533,66.7,-1.0357773217643213e-06,2.947026279072372e-07,-4.60442784260845e-07
1604166025583,2020-10-31T13:40:25.583,66.75,-1.1256513842332611e-06,5.459691544417553e-07,-2.9759147391800944e-07
1604166025633,2020-10-31T13:40:25.633,66.8,-1.040847163910011e-06,4.518024682398588e-07,-9.929800222343275e-08
1604166025683,2020-10-31T13:40:25.683,66.85,-8.168834486918533e-07,1.398408586258128e-07,-1.7432204875570876e-08
1604166025733,2020-10-31T13:40:25.733,66.9,-6.385675129193558e-07,1.7578111406386032e-07,1.4583324162813952e-07
1604166025783,2020-10-31T13:40:25.783,66.95,-6.507982099887787e-07,6.481667070609474e-07,4.505248816212917e-07
1604166025833,2020-10-31T13:40:25.833,67.0,-9.292376778570285e-07,9.972283916968283e-07,5.628298863422918e-07
1604166025883,2020-10-31T13:40:25.883,67.05,-1.3172638197474962e-06,8.539005796558272e-07,2.889450836124784e-07
1604166025933,2020-10-31T13:40:25.933,67.1,-1.4583689770077646e-06,4.916782907106913e-07,-5.585429313368805e-08
1604166025983,2020-10-31T13:40:25.983,67.15,-1.242864594196258e-06,3.322314003870343e-07,-1.3495880592644786e-07
1604166026033,2020-10-31T13:40:26.033,67.2,-9.575058830555959e-07,3.9031185781975014e-07,-4.1970847543676475e-08
1604166026083,2020-10-31T13:40:26.083,67.25,-7.97124023801345e-07,3.945536038544065e-07,2.2577562006716592e-08
1604166026133,2020-10-31T13:40:26.133,67.3,-5.834510779378563e-07,2.697495135925428e-07,8.940553235391199e-08
1604166026183,2020-10-31T13:40:26.183,67.35,-2.2461924268922794e-07,2.177097065112433e-07,1.5340081308372078e-07
1604166026233,2020-10-31T13:40:26.233,67.4,-7.502268706809842e-09,3.3566676021404664e-07,3.889471736889884e-08
1604166026283,2020-10-31T13:40:26.283,67.45,-1.1329914408846061e-07,4.6653351419474963e-07,-1.8279378860188593e-07
1604166026333,2020-10-31T13:40:26.333,67.5,-3.4284123997782713e-07,4.674121198366655e-07,-1.3098866584598656e-07
1604166026383,2020-10-31T13:40:26.383,67.55,-5.248950504849224e-07,3.517819346378926e-07,2.5972549602173887e-07
1604166026433,2020-10-31T13:40:26.433,67.6,-6.474406585026946e-07,1.867196118675257e-07,5.438999354980941e-07
1604166026483,2020-10-31T13:40:26.483,67.65,-6.047258172725771e-07,5.1259257516083875e-08,4.4145862652766476e-07
1604166026533,2020-10-31T13:40:26.533,67.7,-3.4658411406464033e-07,1.1473551436967107e-08,2.403595078281015e-07
1604166026583,2020-10-31T13:40:26.583,67.75,-9.13864930910069e-08,4.2659999364621e-08,2.6554818005246576e-07
1604166026633,2020-10-31T13:40:26.633,67.8,-1.3198579979245807e-08,6.750470807411502e-08,3.8457285650379465e-07
1604166026683,2020-10-31T13:40:26.683,67.85,-1.779193894744914e-08,6.063755594548061e-08,3.8654889689581834e-07
1604166026733,2020-10-31T13:40:26.733,67.9,-1.586335254396072e-08,4.86965027914288e-08,4.2718394470641516e-07
1604166026783,2020-10-31T13:40:26.783,67.95,-4.37960050157333e-08,5.697293742233035e-08,6.369964937643679e-07
1604166026833,2020-10-31T13:40:26.833,68.0,-8.731990042231944e-08,8.215531206882258e-08,7.431546313328019e-07
1604166026883,2020-10-31T13:40:26.883,68.05,-1.2521401657083414e-07,8.432230890329315e-08,5.903983989508585e-07
1604166026933,2020-10-31T13:40:26.933,68.1,-1.6774178153501348e-07,4.5952612884554406e-08,5.2941553805074e-07
1604166026983,2020-10-31T13:40:26.983,68.15,-1.1944121904454545e-07,4.9210940946263324e-08,7.927550985481167e-07
1604166027033,2020-10-31T13:40:27.033,68.2,-2.8405196657058497e-08,1.476555905232701e-07,9.877757645077527e-07
1604166027083,2020-10-31T13:40:27.083,68.25,-2.2968220445298216e-07,1.5208311042643884e-07,7.089151716394092e-07
1604166027133,2020-10-31T13:40:27.133,68.3,-6.452350801084855e-07,-1.448531846966251e-07,2.6882466668718415e-07
1604166027183,2020-10-31T13:40:27.183,68.35,-5.999875523743325e-07,-4.797700072718023e-07,2.8133116078217083e-07
1604166027233,2020-10-31T13:40:27.233,68.4,1.999117537706411e-08,-3.6491812871531493e-07,7.324214641507071e-07
1604166027283,2020-10-31T13:40:27.283,68.45,3.596703572600183e-07,5.823891988539551e-08,1.0189547805943255e-06
1604166027333,2020-10-31T13:40:27.333,68.5,-6.538079460155235e-08,1.336006394484357e-07,8.017393284987258e-07
1604166027383,2020-10-31T13:40:27.383,68.55,-6.388732363959308e-07,-1.7942808719135563e-07,3.3229827651889744e-07
1604166027433,2020-10-31T13:40:27.433,68.6,-7.234747287844173e-07,-2.4260284168238875e-07,3.9599351434243615e-08
1604166027483,2020-10-31T13:40:27.483,68.65,-4.638375717362021e-07,1.4889149387381234e-08,1.1003282824173656e-07
1604166027533,2020-10-31T13:40:27.533,68.7,-1.4783078488880507e-07,-5.615828669598379e-08,3.41922922625595e-07
1604166027583,2020-10-31T13:40:27.583,68.75,2.9524173389926415e-07,-5.280112610295477e-07,3.791168859034602e-07
1604166027633,2020-10-31T13:40:27.633,68.8,8.379693377015126e-07,-6.702002411279234e-07,1.7696375742762952e-07
1604166027683,2020-10-31T13:40:27.683,68.85,1.1313440920789015e-06,-2.2779669782455687e-07,-2.8798279633665484e-08
1604166027733,2020-10-31T13:40:27.733,68.9,1.0017100746297152e-06,1.9998962407322525e-07,-1.127500647932292e-07
1604166027783,2020-10-31T13:40:27.783,68.95,7.519262303757444e-07,2.158770127175238e-07,3.1976288049963344e-08
1604166027833,2020-10-31T13:40:27.833,69.0,7.99994608439393e-07,1.0215494145537712e-07,5.559648022783798e-07
1604166027883,2020-10-31T13:40:27.883,69.05,1.1234742552128755e-06,1.2461175234605606e-07,1.1334311480362362e-06
1604166027933,2020-10-31T13:40:27.933,69.1,1.2229841616073739e-06,1.4114637552084887e-07,1.0983903258176713e-06
1604166027983,2020-10-31T13:40:27.983,69.15,8.54667591020496e-07,7.293883986593514e-08,5.368449789566749e-07
1604166028033,2020-10-31T13:40:28.033,69.2,5.087244513097001e-07,1.5322949890875442e-07,3.367213615611988e-07
1604166028083,2020-10-31T13:40:28.083,69.25,6.093681565899444e-07,4.480269653997901e-07,7.781266329964679e-07
1604166028133,2020-10-31T13:40:28.133,69.3,7.306729573701929e-07,6.320584655976852e-07,1.073624560476732e-06
1604166028183,2020-10-31T13:40:28.183,69.35,4.225269679984739e-07,5.159705030805736e-07,6.93447401880497e-07
1604166028233,2020-10-31T13:40:28.233,69.4,1.4843010499184196e-07,2.9390185682934956e-07,1.7179594232982477e-07
1604166028283,2020-10-31T13:40:28.283,69.45,4.529138967824627e-07,1.2060761468023783e-07,1.5220791930659494e-07
1604166028333,2020-10-31T13:40:28.333,69.5,9.134767191091143e-07,8.460405508589172e-09,4.5748304855135607e-07
1604166028383,2020-10-31T13:40:28.383,69.55,8.688607237834822e-07,5.043833856944699e-08,5.921427833277463e-07
1604166028433,2020-10-31T13:40:28.433,69.6,5.392519303998839e-07,1.8109151156581755e-07,5.488714061417005e-07
1604166028483,2020-10-31T13:40:28.483,69.65,4.994978904398441e-07,1.0087086618842638e-07,5.946630161721487e-07
1604166028533,2020-10-31T13:40:28.533,69.7,6.10849021174844e-07,-1.4701457207571366e-07,6.670424400315648e-07
1604166028583,2020-10-31T13:40:28.583,69.75,4.6027127985415074e-07,-1.9913498502355867e-07,5.412386681100181e-07
1604166028633,2020-10-31T13:40:28.633,69.8,2.9519784910937443e-07,-1.3060552287073193e-07,3.429221905295313e-07
1604166028683,2020-10-31T13:40:28.683,69.85,4.793639414142287e-07,-3.173483601000818e-07,3.463179945449824e-07
1604166028733,2020-10-31T13:40:28.733,69.9,6.833284161528331e-07,-6.112216125435321e-07,4.728208306146799e-07
1604166028783,2020-10-31T13:40:28.783,69.95,5.388405233890488e-07,-5.342672774463486e-07,4.741153542015779e-07
1604166028833,2020-10-31T13:40:28.833,70.0,2.896591927873208e-07,-1.2096748426846753e-07,3.7870858677834746e-07
1604166028883,2020-10-31T13:40:28.883,70.05,2.048753413370114e-07,1.1525704458569479e-07,3.5215294343350243e-07
1604166028933,2020-10-31T13:40:28.933,70.1,2.3417005106261814e-07,-1.1066970355712427e-07,3.407024038389384e-07
1604166028983,2020-10-31T13:40:28.983,70.15,3.609306780432289e-07,-5.592914601340306e-07,2.0232047151903232e-07
1604166029033,2020-10-31T13:40:29.033,70.2,4.5181467769284536e-07,-7.797391438217452e-07,1.807035272803906e-08
1604166029083,2020-10-31T13:40:29.083,70.25,1.808333711962827e-07,-6.03886223823245e-07,-2.2696780739768904e-08
1604166029133,2020-10-31T13:40:29.133,70.3,-2.0196931846443416e-07,-2.560308410004969e-07,1.0227708090059143e-07
1604166029183,2020-10-31T13:40:29.183,70.35,5.618673086283475e-09,3.552920783006145e-08,2.714633864326212e-07
1604166029233,2020-10-31T13:40:29.233,70.4,6.104569004476219e-07,1.9228243854758396e-07,3.510008491430221e-07
1604166029283,2020-10-31T13:40:29.283,70.45,6.9632028175822e-07,1.1372513562412901e-07,3.0048635871949883e-07
1604166029333,2020-10-31T13:40:29.333,70.5,3.0492051765294903e-07,-1.0933546993862173e-07,2.8136564032467106e-07
1604166029383,2020-10-31T13:40:29.383,70.55,3.2395629187462657e-07,-1.2907045908668308e-07,4.595463575589103e-07
1604166029433,2020-10-31T13:40:29.433,70.6,7.568906836185634e-07,2.4582852440324183e-08,6.684732904709962e-07
1604166029483,2020-10-31T13:40:29.483,70.65,7.339155392585031e-07,-6.572683382183518e-08,6.193245539234206e-07
1604166029533,2020-10-31T13:40:29.533,70.7,1.8608409340637195e-07,-3.082504127871609e-07,4.037345170235344e-07
1604166029583,2020-10-31T13:40:29.583,70.75,3.815852313555397e-08,-1.97879118654443e-07,3.7043037311096867e-07
1604166029633,2020-10-31T13:40:29.633,70.8,5.978986132492691e-07,1.4033230954227997e-07,5.273356813914509e-07
1604166029683,2020-10-31T13:40:29.683,70.85,1.0116507263261417e-06,1.3912656506976403e-07,5.285533531406732e-07
1604166029733,2020-10-31T13:40:29.733,70.9,6.906927368604289e-07,-1.2505596814617056e-07,3.118665089275018e-07
1604166029783,2020-10-31T13:40:29.783,70.95,2.0286146675055185e-07,-1.637052565648927e-07,2.1204777534690623e-07
1604166029833,2020-10-31T13:40:29.833,71.0,2.576971607961232e-07,-5.8442156269183615e-08,3.2977047328828045e-07
1604166029883,2020-10-31T13:40:29.883,71.05,6.929515029783133e-07,-1.918103174708249e-07,3.891191242986376e-07
1604166029933,2020-10-31T13:40:29.933,71.1,9.31681668182183e-07,-4.690449239471876e-07,2.9089411562139695e-07
1604166029983,2020-10-31T13:40:29.983,71.15,8.022666715839789e-07,-5.621019935472109e-07,2.320065945491926e-07
1604166030033,2020-10-31T13:40:30.033,71.2,5.267138202789808e-07,-3.992799991657794e-07,3.130371523457846e-07
1604166030083,2020-10-31T13:40:30.083,71.25,2.944826338327385e-07,-5.93419310701478e-08,4.343000700247129e-07
1604166030133,2020-10-31T13:40:30.133,71.3,1.9543033773118333e-07,2.8241668668579176e-07,4.633595150046865e-07
1604166030183,2020-10-31T13:40:30.183,71.35,3.1324574804905333e-07,3.1193793888194564e-07,3.5848460772201756e-07
1604166030233,2020-10-31T13:40:30.233,71.4,5.517459266265558e-07,-3.145531529335572e-08,2.1364625947840425e-07
1604166030283,2020-10-31T13:40:30.283,71.45,6.770871829881128e-07,-3.384667603279694e-07,1.2521058268377027e-07
1604166030333,2020-10-31T13:40:30.333,71.5,7.450995018202303e-07,-2.7389999151973794e-07,7.7945878557304e-08
1604166030383,2020-10-31T13:40:30.383,71.55,9.714204497506845e-07,-3.7165536656918614e-09,7.655873947837744e-08
1604166030433,2020-10-31T13:40:30.433,71.6,1.1565850883598564e-06,1.9852282126445731e-07,2.0220758189997083e-07
1604166030483,2020-10-31T13:40:30.483,71.65,9.425337726373969e-07,3.2985362405272534e-07,4.7064698071785846e-07
1604166030533,2020-10-31T13:40:30.533,71.7,5.20932839524677e-07,3.724572940663063e-07,7.394319802848461e-07
1604166030583,2020-10-31T13:40:30.583,71.75,3.7974085374247807e-07,1.953872042036202e-07,7.694790420639491e-07
1604166030633,2020-10-31T13:40:30.633,71.8,5.49774809633738e-07,-3.0259207220556887e-09,5.157055666646001e-07
1604166030683,2020-10-31T13:40:30.683,71.85,6.943489814852128e-07,1.363521141887527e-07,2.825157053522504e-07
1604166030733,2020-10-31T13:40:30.733,71.9,6.941211001662227e-07,3.7655446241589795e-07,2.3120609030331236e-07
1604166030783,2020-10-31T13:40:30.783,71.95,6.537150914066404e-07,1.6854953100554484e-07,5.5019339273077926e-08
1604166030833,2020-10-31T13:40:30.833,72.0,5.458248282764013e-07,-3.017630809520908e-07,-3.3121714826448747e-07
1604166030883,2020-10-31T13:40:30.883,72.05,2.671952755581765e-07,-3.459201138575542e-07,-3.984469692752769e-07
1604166030933,2020-10-31T13:40:30.933,72.1,-4.218926349912349e-08,3.5133427993863106e-08,5.07169716395951e-08
1604166030983,2020-10-31T13:40:30.983,72.15,-8.412290217312663e-08,2.228372044446046e-07,3.315452802879939e-07
1604166031033,2020-10-31T13:40:31.033,72.2,1.6402912175623272e-07,1.3843462063083457e-07,-3.2870886664144254e-08
1604166031083,2020-10-31T13:40:31.083,72.25,3.870719806828377e-07,3.344556589432014e-07,-4.961781724802756e-07
1604166031133,2020-10-31T13:40:31.133,72.3,3.6774858538526843e-07,9.280355359966043e-07,-4.214083662643633e-07
1604166031183,2020-10-31T13:40:31.183,72.35,2.451247071781332e-07,1.300645020105521e-06,-5.363353551759016e-08
1604166031233,2020-10-31T13:40:31.233,72.4,2.61218709608203e-07,1.0275502864524731e-06,2.40807695121339e-08
1604166031283,2020-10-31T13:40:31.283,72.45,4.1032672173274296e-07,4.432313233168694e-07,-1.8851932079774203e-07
1604166031333,2020-10-31T13:40:31.333,72.5,4.6668477836870705e-07,6.343763744960313e-08,-2.417108580552354e-07
1604166031383,2020-10-31T13:40:31.383,72.55,3.1016022818788456e-07,-8.961580815448013e-09,-1.689834466214556e-08
1604166031433,2020-10-31T13:40:31.433,72.6,7.593813295727068e-08,7.093143937268264e-08,1.1117539085163527e-07
1604166031483,2020-10-31T13:40:31.483,72.65,-3.7625216220284435e-08,1.9451825430648015e-07,-2.961063180652759e-08
1604166031533,2020-10-31T13:40:31.533,72.7,-8.471083087066077e-09,3.196610988118961e-07,-1.1657356413590915e-07
1604166031583,2020-10-31T13:40:31.583,72.75,2.7874746484688755e-08,3.789198836618883e-07,-7.202216305154012e-09
1604166031633,2020-10-31T13:40:31.633,72.8,4.710344449546164e-09,2.626167827797543e-07,4.8338137453865995e-08
1604166031683,2020-10-31T13:40:31.683,72.85,-3.873798353820212e-08,2.221291626487971e-08,1.0042158405712496e-07
1604166031733,2020-10-31T13:40:31.733,72.9,-1.493167342741678e-07,3.012557247780374e-09,4.215968734250899e-07
1604166031783,2020-10-31T13:40:31.783,72.95,-3.8786985516230813e-07,3.9537026959423554e-07,7.020478385126178e-07
1604166031833,2020-10-31T13:40:31.833,73.0,-5.683567417957378e-07,7.67750092449686e-07,4.767567567829424e-07
1604166031883,2020-10-31T13:40:31.883,73.05,-4.100868033546358e-07,5.93446724308897e-07,1.4235831443958565e-07
1604166031933,2020-10-31T13:40:31.933,73.1,4.719117518491268e-08,1.1486852509266342e-07,3.205469400112043e-07
1604166031983,2020-10-31T13:40:31.983,73.15,4.019467078806744e-07,3.356058460146216e-08,6.543687987348944e-07
1604166032033,2020-10-31T13:40:32.033,73.2,3.0575024237337035e-07,4.563553508167212e-07,4.6459751486285674e-07
1604166032083,2020-10-31T13:40:32.083,73.25,-1.1743635509438823e-07,8.235672731581957e-07,-8.326741892027939e-09
1604166032133,2020-10-31T13:40:32.133,73.3,-3.7041321419694416e-07,7.941036740361452e-07,-1.3304024457519256e-07
1604166032183,2020-10-31T13:40:32.183,73.35,-1.6942077005801136e-07,5.839996375687743e-07,4.0638854557389314e-08
1604166032233,2020-10-31T13:40:32.233,73.4,2.3449159397264395e-07,4.4128636555438905e-07,1.1514493914376209e-07
1604166032283,2020-10-31T13:40:32.283,73.45,4.0044396166149967e-07,2.890221476879542e-07,6.985129838960019e-08
1604166032333,2020-10-31T13:40:32.333,73.5,1.9116252224554285e-07,4.321677414682049e-08,6.098812730737574e-08
1604166032383,2020-10-31T13:40:32.383,73.55,-1.3672561796226822e-07,-5.595093750721866e-08,3.071831746813518e-08
1604166032433,2020-10-31T13:40:32.433,73.6,-2.422003140716885e-07,2.2844333817847216e-07,-1.305476556004761e-07
1604166032483,2020-10-31T13:40:32.483,73.65,-9.13899708040195e-08,6.646392213736594e-07,-3.323066140750588e-07
1604166032533,2020-10-31T13:40:32.533,73.7,-3.3440188496229224e-08,8.374164354650046e-07,-3.794601754062992e-07
1604166032583,2020-10-31T13:40:32.583,73.75,-3.467033979856498e-07,7.390118203052357e-07,-1.9239633315933747e-07
1604166032633,2020-10-31T13:40:32.633,73.8,-7.107224808028468e-07,6.43719132560584e-07,1.4825993359566274e-07
1604166032683,2020-10-31T13:40:32.683,73.85,-5.49242931918727e-07,5.692058554237788e-07,4.684641262577977e-07
1604166032733,2020-10-31T13:40:32.733,73.9,-3.408228728969945e-08,3.219163089760416e-07,5.313592675993642e-07
1604166032783,2020-10-31T13:40:32.783,73.95,1.7354559395420914e-08,-2.066152559247366e-08,1.6135840304533668e-07
1604166032833,2020-10-31T13:40:32.833,74.0,-4.748972656482017e-07,-1.3614025745790956e-07,-4.686948502753885e-07
1604166032883,2020-10-31T13:40:32.883,74.05,-6.352309643717576e-07,3.987297923903418e-08,-8.281198214528558e-07
1604166032933,2020-10-31T13:40:32.933,74.1,-1.3696467591776467e-07,2.5657860421264577e-07,-6.113724726784952e-07
1604166032983,2020-10-31T13:40:32.983,74.15,2.930746581029045e-07,3.665493600017778e-07,-2.140094657094884e-07
1604166033033,2020-10-31T13:40:33.033,74.2,2.0536752729531501e-07,3.889827984343954e-07,-2.6740991262847725e-07
1604166033083,2020-10-31T13:40:33.083,74.25,5.4275500274048836e-08,2.651752638538219e-07,-7.638627776972993e-07
1604166033133,2020-10-31T13:40:33.133,74.3,2.0005218977971918e-07,-8.557334194356708e-09,-1.0218022060409433e-06
1604166033183,2020-10-31T13:40:33.183,74.35,3.409807686898369e-07,-1.684215547980883e-07,-6.168396378320242e-07
1604166033233,2020-10-31T13:40:33.233,74.4,2.053082853342002e-07,-1.0916089359648319e-08,-2.454938926129685e-08
1604166033283,2020-10-31T13:40:33.283,74.45,2.54564661477236e-08,2.4974674265042195e-07,2.636030518897963e-09
1604166033333,2020-10-31T13:40:33.333,74.5,6.173541446650108e-08,2.3436576774703287e-07,-5.074221220663191e-07
1604166033383,2020-10-31T13:40:33.383,74.55,1.118367616732328e-07,-1.0484111270246859e-07,-8.35340665885807e-07
1604166033433,2020-10-31T13:40:33.433,74.6,-1.6117520980532687e-07,-3.4418828183374784e-07,-6.016677408551731e-07
1604166033483,2020-10-31T13:40:33.483,74.65,-5.438520629000413e-07,-4.423677080120025e-08,-1.5461250894786295e-07
1604166033533,2020-10-31T13:40:33.533,74.7,-4.697433429068051e-07,5.642394071965402e-07,3.240192539983189e-09
1604166033583,2020-10-31T13:40:33.583,74.75,-5.427923301852227e-08,7.275443066015501e-07,-2.3050870558917765e-07
1604166033633,2020-10-31T13:40:33.633,74.8,-6.886719478342708e-08,2.5568852381916326e-07,-5.338043049899156e-07
1604166033683,2020-10-31T13:40:33.683,74.85,-5.475018860164651e-07,-1.447552842885022e-07,-5.482722620705678e-07
1604166033733,2020-10-31T13:40:33.733,74.9,-5.867747673595213e-07,-7.693036131693063e-09,-3.1416376208225753e-07
1604166033783,2020-10-31T13:40:33.783,74.95,4.067424637194064e-08,1.7425700353771256e-07,-2.2718650797252632e-07
1604166033833,2020-10-31T13:40:33.833,75.0,3.598993259167422e-07,-9.758249185710757e-08,-5.143559148376219e-07
1604166033883,2020-10-31T13:40:33.883,75.05,-2.1780791995803718e-07,-4.302236689121259e-07,-9.063016232180993e-07
1604166033933,2020-10-31T13:40:33.933,75.1,-9.104490192081247e-07,-2.5359193315149137e-07,-9.310808487647618e-07
1604166033983,2020-10-31T13:40:33.983,75.15,-8.014565470241363e-07,2.263136607057162e-07,-4.857216609256183e-07
1604166034033,2020-10-31T13:40:34.033,75.2,-2.22950183318889e-07,4.403960804805972e-07,-2.2174559440032187e-08
1604166034083,2020-10-31T13:40:34.083,75.25,-9.11537308426831e-08,3.0294436078617037e-07,-6.024258632616438e-08
1604166034133,2020-10-31T13:40:34.133,75.3,-4.5136677488323444e-07,6.30541584444752e-08,-5.327243470723294e-07
1604166034183,2020-10-31T13:40:34.183,75.35,-6.378966554474193e-07,-2.587431969327558e-07,-8.709280664699165e-07
1604166034233,2020-10-31T13:40:34.233,75.4,-4.573144168362477e-07,-6.780103013731333e-07,-7.97431718585664e-07
1604166034283,2020-10-31T13:40:34.283,75.45,-3.0735017648865025e-07,-8.261335356880584e-07,-6.120633731441725e-07
1604166034333,2020-10-31T13:40:34.333,75.5,-3.910101746610257e-07,-3.906735899777939e-07,-6.036486491153218e-07
1604166034383,2020-10-31T13:40:34.383,75.55,-4.3445397883391257e-07,2.236441705973107e-07,-6.854907634384919e-07
1604166034433,2020-10-31T13:40:34.433,75.6,-1.3083809719238e-07,2.8556502542973225e-07,-6.912766351179598e-07
1604166034483,2020-10-31T13:40:34.483,75.65,3.489337978217487e-07,-2.604722142702067e-07,-6.446876737067732e-07
1604166034533,2020-10-31T13:40:34.533,75.7,4.801637657336039e-07,-6.461792734193049e-07,-6.832805303526916e-07
1604166034583,2020-10-31T13:40:34.583,75.75,1.0077245777227656e-07,-3.170266825909466e-07,-8.208179346769647e-07
1604166034633,2020-10-31T13:40:34.633,75.8,-3.7779570258652143e-07,2.0226199970867357e-07,-8.529916304797722e-07
1604166034683,2020-10-31T13:40:34.683,75.85,-5.70159862234044e-07,4.0599688788000706e-08,-6.764821231235866e-07
1604166034733,2020-10-31T13:40:34.733,75.9,-4.553123144726053e-07,-6.099797091513516e-07,-5.599456252652163e-07
1604166034783,2020-10-31T13:40:34.783,75.95,-2.0568963735042334e-07,-7.73898995577506e-07,-7.336005117360648e-07
1604166034833,2020-10-31T13:40:34.833,76.0,-1.0920469847950697e-07,-3.0951005561128717e-07,-9.26420298130368e-07
1604166034883,2020-10-31T13:40:34.883,76.05,-3.9095066458089775e-07,-6.187480192789848e-08,-7.696564605295998e-07
1604166034933,2020-10-31T13:40:34.933,76.1,-8.33932513224583e-07,-3.6277259290584487e-07,-4.307259797363744e-07
1604166034983,2020-10-31T13:40:34.983,76.15,-9.213423685266463e-07,-5.631927261998132e-07,-3.6451688295455113e-07
1604166035033,2020-10-31T13:40:35.033,76.2,-5.20073907886721e-07,-2.61632711496059e-07,-6.076711895013266e-07
1604166035083,2020-10-31T13:40:35.083,76.25,-1.4515310127868043e-07,1.2143635847549193e-08,-7.779519831086163e-07
1604166035133,2020-10-31T13:40:35.133,76.3,-3.169233144123508e-07,-2.3628093300696229e-07,-6.953025959291e-07
1604166035183,2020-10-31T13:40:35.183,76.35,-7.52927730337347e-07,-6.048318474042548e-07,-5.539553682780102e-07
1604166035233,2020-10-31T13:40:35.233,76.4,-6.857036835119882e-07,-5.125440094319766e-07,-4.734241908536294e-07
1604166035283,2020-10-31T13:40:35.283,76.45,-9.750972485716622e-08,-1.4199160739268013e-07,-4.0668629788999267e-07
1604166035333,2020-10-31T13:40:35.333,76.5,1.6350782287531572e-07,2.006018675144423e-09,-5.449382965765296e-07
1604166035383,2020-10-31T13:40:35.383,76.55,-2.642217979319539e-07,-9.15294895471996e-08,-1.1063093293183029e-06
1604166035433,2020-10-31T13:40:35.433,76.6,-7.64729583656867e-07,-1.4074301834016617e-07,-1.625274317627124e-06
1604166035483,2020-10-31T13:40:35.483,76.65,-8.149471424527993e-07,-9.107981859545034e-08,-1.3510476763946166e-06
1604166035533,2020-10-31T13:40:35.533,76.7,-5.916188899368972e-07,-4.344139225554136e-08,-5.117401850538153e-07
1604166035583,2020-10-31T13:40:35.583,76.75,-3.916649885188792e-07,-2.1077939330774736e-08,-1.6871478969764602e-07
1604166035633,2020-10-31T13:40:35.633,76.8,-2.546757520705268e-07,1.9167610270755794e-08,-6.241059025167869e-07
1604166035683,2020-10-31T13:40:35.683,76.85,-2.2866964628801106e-07,1.1123469758669997e-07,-1.0466467395326079e-06
1604166035733,2020-10-31T13:40:35.733,76.9,-3.9322723966868934e-07,1.9150615425592838e-07,-9.143212315307427e-07
1604166035783,2020-10-31T13:40:35.783,76.95,-6.22994378908555e-07,1.1243790271539192e-07,-7.42555394464565e-07
1604166035833,2020-10-31T13:40:35.833,77.0,-7.662459992217764e-07,-9.649509733946296e-08,-1.0003073655989172e-06
1604166035883,2020-10-31T13:40:35.883,77.05,-8.606345630177083e-07,-1.7056522282148898e-07,-1.2894393588637855e-06
1604166035933,2020-10-31T13:40:35.933,77.1,-8.952713272222876e-07,-2.006134996065724e-08,-1.1478657757742604e-06
1604166035983,2020-10-31T13:40:35.983,77.15,-8.029608857921135e-07,1.0098015879248042e-07,-8.567214144986207e-07
1604166036033,2020-10-31T13:40:36.033,77.2,-7.792139847789543e-07,9.331173879520054e-09,-8.441391764229985e-07
1604166036083,2020-10-31T13:40:36.083,77.25,-1.03294276918761e-06,-1.6282117092644645e-07,-9.55317778494158e-07
1604166036133,2020-10-31T13:40:36.133,77.3,-1.327492666560552e-06,-2.477408129873952e-07,-8.837054341292641e-07
1604166036183,2020-10-31T13:40:36.183,77.35,-1.2922981001046083e-06,-3.0464183137723494e-07,-7.842233066239125e-07
1604166036233,2020-10-31T13:40:36.233,77.4,-9.677534596402181e-07,-5.137408811318466e-07,-9.164459982910202e-07
1604166036283,2020-10-31T13:40:36.283,77.45,-7.003702877451842e-07,-8.560414127225668e-07,-1.0520233397455985e-06
1604166036333,2020-10-31T13:40:36.333,77.5,-7.227182175853455e-07,-1.0135131461107042e-06,-8.588452954453028e-07
1604166036383,2020-10-31T13:40:36.383,77.55,-9.684224535872847e-07,-7.989649250146343e-07,-6.915261321674556e-07
1604166036433,2020-10-31T13:40:36.433,77.6,-1.156944058022074e-06,-5.256474756830271e-07,-1.1467322155794519e-06
1604166036483,2020-10-31T13:40:36.483,77.65,-1.1180923170352814e-06,-5.505512555667756e-07,-1.8457758003859386e-06
1604166036533,2020-10-31T13:40:36.533,77.7,-1.0283920689166457e-06,-6.656316086519087e-07,-1.8021561286141912e-06
1604166036583,2020-10-31T13:40:36.583,77.75,-1.0893569555152748e-06,-4.784120676460644e-07,-1.0910081272499693e-06
1604166036633,2020-10-31T13:40:36.633,77.8,-1.1608670136653506e-06,-1.7890926355412864e-07,-7.932082221563254e-07
1604166036683,2020-10-31T13:40:36.683,77.85,-1.0865654440533401e-06,-2.836670005407431e-07,-1.187767158963541e-06
1604166036733,2020-10-31T13:40:36.733,77.9,-1.0207841873190309e-06,-7.365412781475742e-07,-1.4576472969594953e-06
1604166036783,2020-10-31T13:40:36.783,77.95,-1.0364631457429944e-06,-9.493025096256535e-07,-1.21424467157616e-06
1604166036833,2020-10-31T13:40:36.833,78.0,-9.357372544733356e-07,-7.615042073508795e-07,-9.261194184383504e-07
1604166036883,2020-10-31T13:40:36.883,78.05,-7.472611293171877e-07,-6.525454064067396e-07,-8.918434146308927e-07
1604166036933,2020-10-31T13:40:36.933,78.1,-7.280409399081784e-07,-8.15273382712583e-07,-9.143341233416282e-07
1604166036983,2020-10-31T13:40:36.983,78.15,-7.651160578445569e-07,-8.075232007884379e-07,-9.009287612578997e-07
1604166037033,2020-10-31T13:40:37.033,78.2,-5.873779852951346e-07,-4.930281863549378e-07,-9.984171028530063e-07
1604166037083,2020-10-31T13:40:37.083,78.25,-4.706239722952895e-07,-4.285468421433488e-07,-1.1867395156140842e-06
1604166037133,2020-10-31T13:40:37.133,78.3,-8.340324115118426e-07,-7.975712256903667e-07,-1.2759303302112263e-06
1604166037183,2020-10-31T13:40:37.183,78.35,-1.3594369135154338e-06,-9.411549791248571e-07,-1.269665301683204e-06
1604166037233,2020-10-31T13:40:37.233,78.4,-1.4183108212395746e-06,-5.441009717836581e-07,-1.2574730546349794e-06
1604166037283,2020-10-31T13:40:37.283,78.45,-1.0924291872621571e-06,-2.927226955619075e-07,-1.0921195604195357e-06
1604166037333,2020-10-31T13:40:37.333,78.5,-9.377629535948487e-07,-7.01907973379716e-07,-7.243995803866289e-07
1604166037383,2020-10-31T13:40:37.383,78.55,-1.0765754796056596e-06,-1.196744713304291e-06,-5.524300537849482e-07
1604166037433,2020-10-31T13:40:37.433,78.6,-1.2193396079835252e-06,-1.0798571381321113e-06,-8.542415401195097e-07
1604166037483,2020-10-31T13:40:37.483,78.65,-1.2169688433743599e-06,-6.702753473605197e-07,-1.2681231932113791e-06
1604166037533,2020-10-31T13:40:37.533,78.7,-1.12350521640863e-06,-7.110990280586346e-07,-1.3277976987653715e-06
1604166037583,2020-10-31T13:40:37.583,78.75,-1.0630799848268546e-06,-1.2011999354968364e-06,-1.0929122120695452e-06
1604166037633,2020-10-31T13:40:37.633,78.8,-1.1729373719909294e-06,-1.5521305433853975e-06,-8.703674717323045e-07
1604166037683,2020-10-31T13:40:37.683,78.85,-1.3454877697329665e-06,-1.4778028435840782e-06,-7.473242081972298e-07
1604166037733,2020-10-31T13:40:37.733,78.9,-1.2844206498792047e-06,-1.1451083488383712e-06,-7.35890686640053e-07
1604166037783,2020-10-31T13:40:37.783,78.95,-1.116896375035403e-06,-8.467646756745543e-07,-9.591251542457292e-07
1604166037833,2020-10-31T13:40:37.833,79.0,-1.2760458208892143e-06,-8.569299262442332e-07,-1.3657571690675906e-06
1604166037883,2020-10-31T13:40:37.883,79.05,-1.581244764510921e-06,-1.1474434780715702e-06,-1.5885794358934169e-06
1604166037933,2020-10-31T13:40:37.933,79.1,-1.4258682110134665e-06,-1.2476172943078585e-06,-1.3957326578732035e-06
1604166037983,2020-10-31T13:40:37.983,79.15,-8.607304856141397e-07,-9.400242475273006e-07,-1.0793926306953718e-06
1604166038033,2020-10-31T13:40:38.033,79.2,-4.138053652876216e-07,-7.290660893393018e-07,-1.079221245092843e-06
1604166038083,2020-10-31T13:40:38.083,79.25,-1.3527251567483828e-07,-1.018662094543466e-06,-1.3346245891110886e-06
1604166038133,2020-10-31T13:40:38.133,79.3,1.9955129690554286e-07,-1.4446316140553598e-06,-1.3828006940433582e-06
1604166038183,2020-10-31T13:40:38.183,79.35,4.376934660646581e-07,-1.4996407920335236e-06,-1.0569424068465274e-06
1604166038233,2020-10-31T13:40:38.233,79.4,4.0112936601217914e-07,-1.1894622577825674e-06,-6.961333325314875e-07
1604166038283,2020-10-31T13:40:38.283,79.45,3.6765450434949905e-07,-9.029482155963809e-07,-6.459699519233666e-07
1604166038333,2020-10-31T13:40:38.333,79.5,5.875802976530896e-07,-1.0107860241174202e-06,-8.577202728327866e-07
1604166038383,2020-10-31T13:40:38.383,79.55,8.04365777300821e-07,-1.4279112390651234e-06,-9.877896796110394e-07
1604166038433,2020-10-31T13:40:38.433,79.6,7.491623959491599e-07,-1.6288936242520998e-06,-7.462750160989757e-07
1604166038483,2020-10-31T13:40:38.483,79.65,6.181466111087225e-07,-1.449059060683376e-06,-2.3043419471297288e-07
1604166038533,2020-10-31T13:40:38.533,79.7,6.085851493604249e-07,-1.3791368753169814e-06,1.260676733654124e-07
1604166038583,2020-10-31T13:40:38.583,79.75,5.524016235910197e-07,-1.693740281418083e-06,1.3253880583511562e-07
1604166038633,2020-10-31T13:40:38.633,79.8,4.4362704952493623e-07,-1.988304607243739e-06,1.7977621329837377e-07
1604166038683,2020-10-31T13:40:38.683,79.85,6.671937029764106e-07,-1.8490631621697016e-06,7.034493061853215e-07
1604166038733,2020-10-31T13:40:38.733,79.9,1.3023017121181226e-06,-1.3764000517739081e-06,1.5095688315341108e-06
1604166038783,2020-10-31T13:40:38.783,79.95,1.9100837104897173e-06,-9.705687233088261e-07,1.996723693141151e-06
1604166038833,2020-10-31T13:40:38.833,80.0,2.304931801568648e-06,-9.861260383714955e-07,2.0248138166737336e-06
1604166038883,2020-10-31T13:40:38.883,80.05,2.7436193120062452e-06,-1.465928250896249e-06,2.1788813872117573e-06
1604166038933,2020-10-31T13:40:38.933,80.1,3.1663045105582766e-06,-1.9468623034990787e-06,2.892578043819276e-06
1604166038983,2020-10-31T13:40:38.983,80.15,3.129301101029277e-06,-1.8043556872864038e-06,3.6401911545762698e-06
1604166039033,2020-10-31T13:40:39.033,80.2,2.68887138835505e-06,-1.0981981244623986e-06,3.5766159786936115e-06
1604166039083,2020-10-31T13:40:39.083,80.25,2.565725526085327e-06,-6.829520125262791e-07,2.8119186322033997e-06
1604166039133,2020-10-31T13:40:39.133,80.3,3.1665308604906843e-06,-1.0532478344188866e-06,2.3329226383366493e-06
1604166039183,2020-10-31T13:40:39.183,80.35,3.988924673081058e-06,-1.6159957215380632e-06,2.6390950382379983e-06
1604166039233,2020-10-31T13:40:39.233,80.4,4.290299748983258e-06,-1.6336859324500774e-06,3.181257196996337e-06
1604166039283,2020-10-31T13:40:39.283,80.45,3.948804632817668e-06,-1.2409620567684732e-06,3.3302990489624827e-06
1604166039333,2020-10-31T13:40:39.333,80.5,3.337981185409175e-06,-9.692906053925353e-07,3.1790301551866757e-06
1604166039383,2020-10-31T13:40:39.383,80.55,2.7731159506942674e-06,-8.900997061620168e-07,3.0813636612164225e-06
1604166039433,2020-10-31T13:40:39.433,80.6,2.5008439127757457e-06,-7.174040121320725e-07,3.0968345897681248e-06
1604166039483,2020-10-31T13:40:39.483,80.65,2.7589362079128886e-06,-2.759628532354094e-07,3.196077684984089e-06
1604166039533,2020-10-31T13:40:39.533,80.7,3.308760635640193e-06,4.4579721747138913e-07,3.417251983183922e-06
1604166039583,2020-10-31T13:40:39.583,80.75,3.3291100719348468e-06,1.3381805306559417e-06,3.669399058603792e-06
1604166039633,2020-10-31T13:40:39.633,80.8,2.368907949619077e-06,2.1588460747730807e-06,3.7942340565226353e-06
1604166039683,2020-10-31T13:40:39.683,80.85,1.1075342653236666e-06,2.7806876992150425e-06,3.8113005715240156e-06
1604166039733,2020-10-31T13:40:39.733,80.9,5.927935423157649e-07,3.2776135979883873e-06,3.911738440955909e-06
1604166039783,2020-10-31T13:40:39.783,80.95,9.65390360222942e-07,3.5040999846554764e-06,4.1943062859867795e-06
1604166039833,2020-10-31T13:40:39.833,81.0,1.5014446507736525e-06,3.150657470641926e-06,4.3886046386760135e-06
1604166039883,2020-10-31T13:40:39.883,81.05,1.6588730512557746e-06,2.482225011088561e-06,4.060594531022932e-06
1604166039933,2020-10-31T13:40:39.933,81.1,1.4759892196893712e-06,2.198504234588293e-06,3.2775308438965574e-06
1604166039983,2020-10-31T13:40:39.983,81.15,1.1660822077531335e-06,2.3931278281839562e-06,2.686669055545636e-06
1604166040033,2020-10-31T13:40:40.033,81.2,9.067284554615479e-07,2.4957024186867673e-06,2.7162232850580383e-06
1604166040083,2020-10-31T13:40:40.083,81.25,8.667617311222344e-07,2.258134396874294e-06,3.1124900368088785e-06
1604166040133,2020-10-31T13:40:40.133,81.3,1.0206189402257806e-06,2.115688000897723e-06,3.3696731766641244e-06
1604166040183,2020-10-31T13:40:40.183,81.35,1.092542242969054e-06,2.4769910512940754e-06,3.1979036324837777e-06
1604166040233,2020-10-31T13:40:40.233,81.4,8.317326273039604e-07,2.9865792366574407e-06,2.606720101943275e-06
1604166040283,2020-10-31T13:40:40.283,81.45,1.1721899797694708e-07,2.89981904115244e-06,1.915047766128703e-06
1604166040333,2020-10-31T13:40:40.333,81.5,-1.0004846830343385e-06,2.2900668313486125e-06,1.5132315624605205e-06
1604166040383,2020-10-31T13:40:40.383,81.55,-1.9595988316932947e-06,2.1631339066064888e-06,1.394081573285176e-06
1604166040433,2020-10-31T13:40:40.433,81.6,-1.952222952811486e-06,2.9350627916111464e-06,1.2547344624334891e-06
1604166040483,2020-10-31T13:40:40.483,81.65,-1.121156938298402e-06,3.7005144362008152e-06,1.0401972930481039e-06
1604166040533,2020-10-31T13:40:40.533,81.7,-6.414948643530666e-07,3.631097808524153e-06,9.071134181568285e-07
1604166040583,2020-10-31T13:40:40.583,81.75,-9.988048049376815e-07,3.0996270157773355e-06,8.254347184276978e-07
1604166040633,2020-10-31T13:40:40.633,81.8,-1.290926266261303e-06,2.7495534534731377e-06,6.662637822366246e-07
1604166040683,2020-10-31T13:40:40.683,81.85,-7.746694485528579e-07,2.502718054287026e-06,4.932144366729535e-07
1604166040733,2020-10-31T13:40:40.733,81.9,4.197347727510811e-08,2.1167842693514202e-06,4.6956490446330466e-07
1604166040783,2020-10-31T13:40:40.783,81.95,3.397104196798803e-07,1.7278699668341188e-06,5.86834045934226e-07
1604166040833,2020-10-31T13:40:40.833,82.0,1.8345655191606133e-07,1.3656685732547887e-06,6.507340336917068e-07
1604166040883,2020-10-31T13:40:40.883,82.05,2.504413044548e-07,7.710118848274722e-07,5.344319833022432e-07
1604166040933,2020-10-31T13:40:40.933,82.1,6.962184980429777e-07,-1.1760377532814652e-08,3.373072011569456e-07
1604166040983,2020-10-31T13:40:40.983,82.15,9.371861926714657e-07,-4.511122956189296e-07,2.0952154309965128e-07
1604166041033,2020-10-31T13:40:41.033,82.2,6.210131618531729e-07,-1.4269482872802107e-07,1.409987386236345e-07
1604166041083,2020-10-31T13:40:41.083,82.25,9.659551265600455e-08,6.005403377763068e-07,8.914496637266362e-08
1604166041133,2020-10-31T13:40:41.133,82.3,-1.9458382193110507e-07,9.348730891115932e-07,1.530924536768579e-07
1604166041183,2020-10-31T13:40:41.183,82.35,-1.6050770654098977e-07,4.479329381891911e-07,3.9419643769150464e-07
1604166041233,2020-10-31T13:40:41.233,82.4,2.2665304037279378e-08,-1.9735872739802232e-07,6.595061545319717e-07
1604166041283,2020-10-31T13:40:41.283,82.45,6.044826375639944e-08,-9.095928625654671e-08,7.626780593685934e-07
1604166041333,2020-10-31T13:40:41.333,82.5,-1.5371304541780564e-07,5.860079818674315e-07,6.740579315577682e-07
1604166041383,2020-10-31T13:40:41.383,82.55,-3.8878603657660995e-07,8.597673406998268e-07,4.880770577923943e-07
1604166041433,2020-10-31T13:40:41.433,82.6,-4.382624314558454e-07,4.91951869896302e-07,3.426840402847435e-07
1604166041483,2020-10-31T13:40:41.483,82.65,-3.22766487925378e-07,1.8598014550026774e-07,3.23690881262472e-07
1604166041533,2020-10-31T13:40:41.533,82.7,-1.162046586236999e-07,2.9802486706661e-07,3.835038102595224e-07
1604166041583,2020-10-31T13:40:41.583,82.75,1.8307660406278643e-08,4.1518459587708386e-07,4.186330888891187e-07
1604166041633,2020-10-31T13:40:41.633,82.8,-1.5418691112019217e-07,2.841706849745694e-07,4.102334600865701e-07
1604166041683,2020-10-31T13:40:41.683,82.85,-5.201242903105613e-07,1.8242520288578691e-07,4.2359747436028e-07
1604166041733,2020-10-31T13:40:41.733,82.9,-6.243676068534955e-07,2.5565453804709555e-07,4.846923931483593e-07
1604166041783,2020-10-31T13:40:41.783,82.95,-3.746350174096737e-07,3.209454038191764e-07,5.08074301177283e-07
1604166041833,2020-10-31T13:40:41.833,83.0,-2.3182235350384564e-07,3.805560258387045e-07,4.026285273703136e-07
1604166041883,2020-10-31T13:40:41.883,83.05,-4.534084309461548e-07,6.07728039937325e-07,2.388211809119013e-07
1604166041933,2020-10-31T13:40:41.933,83.1,-6.536387852390482e-07,8.759783216147299e-07,2.0002086609172028e-07
1604166041983,2020-10-31T13:40:41.983,83.15,-4.1397976037395216e-07,9.157719478200469e-07,3.191450123562513e-07
1604166042033,2020-10-31T13:40:42.033,83.2,5.680741690954198e-08,7.673400638903035e-07,3.8124879996396673e-07
1604166042083,2020-10-31T13:40:42.083,83.25,2.3286815891331919e-07,6.041380997167223e-07,2.3423207310229855e-07
1604166042133,2020-10-31T13:40:42.133,83.3,2.5172912528398603e-08,4.3483065031772096e-07,8.806084819937361e-08
1604166042183,2020-10-31T13:40:42.183,83.35,-1.7206273528073302e-07,3.4400502368942586e-07,2.0027367848866946e-07
1604166042233,2020-10-31T13:40:42.233,83.4,-1.369406732089218e-07,5.293815621133358e-07,3.7930634947975937e-07
1604166042283,2020-10-31T13:40:42.283,83.45,-8.312992604468938e-08,7.916044222163042e-07,2.449811389564544e-07
1604166042333,2020-10-31T13:40:42.333,83.5,-1.3964326468268876e-07,6.137189174565607e-07,-1.464017048990668e-07
1604166042383,2020-10-31T13:40:42.383,83.55,-6.794259560239435e-08,4.507839905572691e-08,-3.826484912716859e-07
1604166042433,2020-10-31T13:40:42.433,83.6,1.9204824368082807e-07,-1.7763825794444253e-07,-2.84253143862093e-07
1604166042483,2020-10-31T13:40:42.483,83.65,2.629061694226013e-07,2.608886127988899e-07,-8.71635700538839e-08
1604166042533,2020-10-31T13:40:42.533,83.7,-2.323530518801103e-08,7.118421054330587e-07,-4.622833428938765e-08
1604166042583,2020-10-31T13:40:42.583,83.75,-3.351935694380666e-07,5.956042984889798e-07,-2.4026843333042833e-08
1604166042633,2020-10-31T13:40:42.633,83.8,-3.945971207092981e-07,2.787226022004926e-07,2.8892560696463286e-07
1604166042683,2020-10-31T13:40:42.683,83.85,-2.423629261359582e-07,2.962621122256233e-07,7.119465615817733e-07
1604166042733,2020-10-31T13:40:42.733,83.9,-6.088477828282598e-08,4.491964885735418e-07,6.483731595439538e-07
1604166042783,2020-10-31T13:40:42.783,83.95,-1.1699196925632269e-07,4.263188350476797e-07,4.4193716647035797e-08
1604166042833,2020-10-31T13:40:42.833,84.0,-4.990117254545238e-07,5.399015867161629e-07,-4.1423999018115144e-07
1604166042883,2020-10-31T13:40:42.883,84.05,-8.342636915618266e-07,1.0538163945771508e-06,-3.0169638548186516e-07
1604166042933,2020-10-31T13:40:42.933,84.1,-8.170969196586108e-07,1.5134155146020824e-06,8.51073928845349e-08
1604166042983,2020-10-31T13:40:42.983,84.15,-7.590634774332188e-07,1.4507121431158263e-06,3.5164319804948964e-07
1604166043033,2020-10-31T13:40:43.033,84.2,-9.893781296508122e-07,1.1345985744031324e-06,3.9688645319705136e-07
1604166043083,2020-10-31T13:40:43.083,84.25,-1.2071231654679047e-06,1.0605480395665557e-06,2.493639641348919e-07
1604166043133,2020-10-31T13:40:43.133,84.3,-1.0263515246278263e-06,1.22144146976886e-06,1.8711018425571138e-08
1604166043183,2020-10-31T13:40:43.183,84.35,-5.768948055922698e-07,1.326025021982739e-06,-1.288954983524018e-07
1604166043233,2020-10-31T13:40:43.233,84.4,-1.9019987325510415e-07,1.2631510385900271e-06,-1.8887016406013307e-07
1604166043283,2020-10-31T13:40:43.283,84.45,-7.151117925380613e-08,1.0346694775664763e-06,-3.1856501130776284e-07
1604166043333,2020-10-31T13:40:43.333,84.5,-2.8931881614406537e-07,7.403179642298134e-07,-5.180202447231179e-07
1604166043383,2020-10-31T13:40:43.383,84.55,-6.172841806968682e-07,7.479032726314879e-07,-5.50570874997803e-07
1604166043433,2020-10-31T13:40:43.433,84.6,-7.242846765289423e-07,1.2551453316005363e-06,-3.279254835973167e-07
1604166043483,2020-10-31T13:40:43.483,84.65,-7.159036396180259e-07,1.7726832311453793e-06,-1.3613594042259558e-07
1604166043533,2020-10-31T13:40:43.533,84.7,-8.932867050990683e-07,1.7465659597690413e-06,-2.4317295566838994e-07
1604166043583,2020-10-31T13:40:43.583,84.75,-1.0772144602805394e-06,1.4394631205162818e-06,-4.7355475537981274e-07
1604166043633,2020-10-31T13:40:43.633,84.8,-8.911128409623041e-07,1.468181620831625e-06,-4.5306474807304534e-07
1604166043683,2020-10-31T13:40:43.683,84.85,-5.076231438945157e-07,1.8038724348539553e-06,-1.664364213124398e-07
1604166043733,2020-10-31T13:40:43.733,84.9,-4.4166550221289564e-07,1.935689625774292e-06,9.98629001749282e-09
1604166043783,2020-10-31T13:40:43.783,84.95,-7.352492239159727e-07,1.710901391534017e-06,-1.7280766740620098e-07
1604166043833,2020-10-31T13:40:43.833,85.0,-9.459447410013459e-07,1.4146846741588914e-06,-5.200750663477485e-07
1604166043883,2020-10-31T13:40:43.883,85.05,-9.427690268252951e-07,1.2596366424736643e-06,-6.937160069709006e-07
1604166043933,2020-10-31T13:40:43.933,85.1,-1.0338802532632072e-06,1.2094361932222802e-06,-7.011768855856209e-07
1604166043983,2020-10-31T13:40:43.983,85.15,-1.2070293868430588e-06,1.109749358915448e-06,-8.720444072070457e-07
1604166044033,2020-10-31T13:40:44.033,85.2,-1.1102856180213165e-06,7.64115492325586e-07,-1.28355220597075e-06
1604166044083,2020-10-31T13:40:44.083,85.25,-8.621529426044163e-07,1.3597620201090083e-07,-1.5433440427343037e-06
1604166044133,2020-10-31T13:40:44.133,85.3,-8.823540680396331e-07,-3.9235078662746865e-07,-1.415219219599897e-06
1604166044183,2020-10-31T13:40:44.183,85.35,-9.88352358564485e-07,-3.5629274619027577e-07,-1.216992269402999e-06
1604166044233,2020-10-31T13:40:44.233,85.4,-6.687000393046493e-07,1.1336058037220633e-07,-1.205295990235124e-06
1604166044283,2020-10-31T13:40:44.283,85.45,-7.173290301360683e-08,4.5146000051651253e-07,-1.1160561449907826e-06
1604166044333,2020-10-31T13:40:44.333,85.5,1.4705954205719148e-07,4.371413526306264e-07,-8.112389356163314e-07
1604166044383,2020-10-31T13:40:44.383,85.55,-2.0976208292467532e-07,2.760035586776441e-07,-7.824174050104091e-07
1604166044433,2020-10-31T13:40:44.433,85.6,-6.766737752383071e-07,1.4913213828306236e-07,-1.343751314296497e-06
1604166044483,2020-10-31T13:40:44.483,85.65,-8.135352717180112e-07,1.4326476166874756e-07,-1.896564219060441e-06
1604166044533,2020-10-31T13:40:44.533,85.7,-7.592171176764448e-07,3.3633478405631926e-07,-1.7958531293711082e-06
1604166044583,2020-10-31T13:40:44.583,85.75,-9.341766675843342e-07,6.724088140473164e-07,-1.3538307688131435e-06
1604166044633,2020-10-31T13:40:44.633,85.8,-1.2661154418135608e-06,9.168939847169904e-07,-1.1953311762105868e-06
1604166044683,2020-10-31T13:40:44.683,85.85,-1.2015655628468249e-06,8.317090424710261e-07,-1.302896969619011e-06
1604166044733,2020-10-31T13:40:44.733,85.9,-6.677898358760663e-07,4.486306775848856e-07,-1.3570620665208773e-06
1604166044783,2020-10-31T13:40:44.783,85.95,-3.050259235790595e-07,1.4955991978814607e-07,-1.3167254325367071e-06
1604166044833,2020-10-31T13:40:44.833,86.0,-4.556244221789568e-07,2.395736346964474e-07,-1.1900922483979501e-06
1604166044883,2020-10-31T13:40:44.883,86.05,-7.231862756030405e-07,5.26571965778019e-07,-8.32339950046448e-07
1604166044933,2020-10-31T13:40:44.933,86.1,-7.686579290706386e-07,6.447463776419207e-07,-2.8010844577847803e-07
1604166044983,2020-10-31T13:40:44.983,86.15,-7.298952667402846e-07,5.520757400507924e-07,1.0779725101784504e-07
1604166045033,2020-10-31T13:40:45.033,86.2,-6.874743566897251e-07,3.7871204583747634e-07,-8.163260751940706e-09
1604166045083,2020-10-31T13:40:45.083,86.25,-5.033588589142507e-07,1.6363916205299666e-07,-5.719168381871391e-07
1604166045133,2020-10-31T13:40:45.133,86.3,-3.2877218770069037e-07,4.7821673719925854e-08,-1.0493581073948688e-06
1604166045183,2020-10-31T13:40:45.183,86.35,-5.224426644032042e-07,2.8513940611572327e-07,-9.489122117020245e-07
1604166045233,2020-10-31T13:40:45.233,86.4,-9.221284290881978e-07,7.540630426023409e-07,-5.601708432300329e-07
1604166045283,2020-10-31T13:40:45.283,86.45,-9.061069178414714e-07,8.93837331109794e-07,-5.347205830318649e-07
1604166045333,2020-10-31T13:40:45.333,86.5,-3.651299406142053e-07,4.913767817109352e-07,-7.101838062241784e-07
1604166045383,2020-10-31T13:40:45.383,86.55,2.2693756288288e-08,1.387784128626561e-07,-4.507000701086105e-07
1604166045433,2020-10-31T13:40:45.433,86.6,-2.098842063521363e-07,4.178958311615011e-07,3.4588652427334635e-08
1604166045483,2020-10-31T13:40:45.483,86.65,-5.622449764114255e-07,9.563327096349154e-07,9.240883192353552e-08
1604166045533,2020-10-31T13:40:45.533,86.7,-3.045618115501216e-07,9.626037822691626e-07,-9.280436449715892e-08
1604166045583,2020-10-31T13:40:45.583,86.75,3.97737631084079e-07,4.918611108548716e-07,2.0662474383546073e-08
1604166045633,2020-10-31T13:40:45.633,86.8,7.719887150096542e-07,3.3594570378325117e-07,2.1402178593491462e-07
1604166045683,2020-10-31T13:40:45.683,86.85,5.754546837395874e-07,6.779686597056028e-07,1.0884934709644177e-08
1604166045733,2020-10-31T13:40:45.733,86.9,2.1386337576816716e-07,7.966264889552669e-07,-3.7010981319552287e-07
1604166045783,2020-10-31T13:40:45.783,86.95,-5.158174737448723e-09,2.912604672183688e-07,-3.527653590764052e-07
1604166045833,2020-10-31T13:40:45.833,87.0,-6.958690034635598e-08,-2.771674146363224e-07,1.7059449515386533e-07
1604166045883,2020-10-31T13:40:45.883,87.05,1.5724595083827512e-08,-2.477451694846118e-07,7.104198608616943e-07
1604166045933,2020-10-31T13:40:45.933,87.1,2.2073813257615076e-07,2.863839583870528e-07,7.156870799058535e-07
1604166045983,2020-10-31T13:40:45.983,87.15,4.262618871763988e-07,6.921487627212013e-07,2.4864212507882876e-07
1604166046033,2020-10-31T13:40:46.033,87.2,5.8080364631656e-07,5.35499526663905e-07,-1.3486882347231127e-08
1604166046083,2020-10-31T13:40:46.083,87.25,7.033624567600223e-07,3.105193789939506e-08,2.817643068461065e-07
1604166046133,2020-10-31T13:40:46.133,87.3,7.402825147602832e-07,-2.732733514695206e-07,6.140880624428552e-07
1604166046183,2020-10-31T13:40:46.183,87.35,6.745251629295246e-07,-2.5146825748083836e-07,4.454688289625457e-07
1604166046233,2020-10-31T13:40:46.233,87.4,6.432123753699022e-07,-2.4463593951468314e-07,8.604608308054043e-08
1604166046283,2020-10-31T13:40:46.283,87.45,7.089732739912918e-07,-3.4486660356160794e-07,1.2243515304250562e-07
1604166046333,2020-10-31T13:40:46.333,87.5,7.583729305290845e-07,-3.180230322702396e-07,4.979222414871435e-07
1604166046383,2020-10-31T13:40:46.383,87.55,7.489721133529365e-07,-2.561475439626188e-07,6.956499842027556e-07
1604166046433,2020-10-31T13:40:46.433,87.6,6.845147180873191e-07,-4.789168550848031e-07,4.907615978392668e-07
1604166046483,2020-10-31T13:40:46.483,87.65,4.5409118561737433e-07,-7.824938458295887e-07,1.9770329380621746e-07
1604166046533,2020-10-31T13:40:46.533,87.7,1.7330286087009574e-07,-6.963808094328872e-07,2.2588185590819155e-07
1604166046583,2020-10-31T13:40:46.583,87.75,2.415295906243661e-07,-4.5684271037491726e-07,4.321611492182632e-07
1604166046633,2020-10-31T13:40:46.633,87.8,5.626576260708914e-07,-6.939821706984199e-07,1.8353611590735758e-07
1604166046683,2020-10-31T13:40:46.683,87.85,5.236282314417079e-07,-1.274493849825199e-06,-6.974548076146274e-07
1604166046733,2020-10-31T13:40:46.733,87.9,1.7637447415319905e-07,-1.655315561149154e-06,-1.5373630670036112e-06
1604166046783,2020-10-31T13:40:46.783,87.95,3.2609292264569035e-07,-2.079621033859158e-06,-1.8182863417503426e-06
1604166046833,2020-10-31T13:40:46.833,88.0,1.1022709051044409e-06,-3.085993634968346e-06,-1.9508699439498824e-06
1604166046883,2020-10-31T13:40:46.883,88.05,1.6745202489144729e-06,-4.282619332084224e-06,-2.3876027397506996e-06
1604166046933,2020-10-31T13:40:46.933,88.1,1.639193137046898e-06,-4.873391329787693e-06,-2.7094710151202398e-06
1604166046983,2020-10-31T13:40:46.983,88.15,1.4943899575156854e-06,-4.902967777141103e-06,-2.448772155129753e-06
1604166047033,2020-10-31T13:40:47.033,88.2,1.5838492313074327e-06,-4.944875046781724e-06,-2.062647865927623e-06
1604166047083,2020-10-31T13:40:47.083,88.25,1.646209962801884e-06,-5.029832715675861e-06,-2.1717211420602953e-06
1604166047133,2020-10-31T13:40:47.133,88.3,1.5057837229798124e-06,-4.757021771481792e-06,-2.4902228300810525e-06
1604166047183,2020-10-31T13:40:47.183,88.35,1.3770430211658692e-06,-4.149049812702503e-06,-2.3004567687908587e-06
1604166047233,2020-10-31T13:40:47.233,88.4,1.4529368321226977e-06,-3.6596081049528047e-06,-1.4926207605935412e-06
1604166047283,2020-10-31T13:40:47.283,88.45,1.6272981845952395e-06,-3.4278884680094054e-06,-6.07615924853375e-07
1604166047333,2020-10-31T13:40:47.333,88.5,1.5424297922312456e-06,-3.1064147266248772e-06,-2.061159035738312e-07
1604166047383,2020-10-31T13:40:47.383,88.55,9.146519451513298e-07,-2.5261486221700006e-06,-4.6119632678937344e-07
1604166047433,2020-10-31T13:40:47.433,88.6,1.3809745399732891e-08,-2.0246021279828075e-06,-1.0948519994963606e-06
1604166047483,2020-10-31T13:40:47.483,88.65,-4.695357572479596e-07,-1.8703391847371427e-06,-1.5750561886898586e-06
1604166047533,2020-10-31T13:40:47.533,88.7,-2.474111055645796e-07,-1.8939634775858387e-06,-1.555821180617368e-06
1604166047583,2020-10-31T13:40:47.583,88.75,2.1196456177416114e-07,-1.9615179449485825e-06,-1.1908485857309493e-06
1604166047633,2020-10-31T13:40:47.633,88.8,3.109590252747477e-07,-2.1775272225633114e-06,-8.998718769887737e-07
1604166047683,2020-10-31T13:40:47.683,88.85,6.133908269651704e-08,-2.422307472097139e-06,-8.663633344765927e-07
1604166047733,2020-10-31T13:40:47.733,88.9,-6.159621258751328e-08,-2.4006572365812938e-06,-9.266534888879364e-07
1604166047783,2020-10-31T13:40:47.783,88.95,7.869630925832619e-08,-2.214562097669537e-06,-8.528257897082588e-07
1604166047833,2020-10-31T13:40:47.833,89.0,1.5919916454615012e-07,-2.215109545987848e-06,-6.106816864928027e-07
1604166047883,2020-10-31T13:40:47.883,89.05,1.6380427463185224e-07,-2.3658825812023493e-06,-4.5693594356999257e-07
1604166047933,2020-10-31T13:40:47.933,89.1,4.76997028801621e-07,-2.3348072447152165e-06,-6.596816671781868e-07
1604166047983,2020-10-31T13:40:47.983,89.15,1.0202307144222303e-06,-2.1197310993111716e-06,-9.563499459007377e-07
1604166048033,2020-10-31T13:40:48.033,89.2,1.2140965394949931e-06,-2.1117649985077303e-06,-7.644464281316314e-07
1604166048083,2020-10-31T13:40:48.083,89.25,1.0111913618534364e-06,-2.5019934313970784e-06,-1.4925169246193687e-07
1604166048133,2020-10-31T13:40:48.133,89.3,1.0618730532292562e-06,-2.987270484432076e-06,1.6049655154734917e-07
1604166048183,2020-10-31T13:40:48.183,89.35,1.6928805482490214e-06,-3.249111174939889e-06,-6.224784715379473e-08
1604166048233,2020-10-31T13:40:48.233,89.4,2.4754331601540923e-06,-3.400334910207866e-06,-2.121915904318903e-07
1604166048283,2020-10-31T13:40:48.283,89.45,2.929674142839676e-06,-3.7012930153638076e-06,1.7872593987084786e-07
1604166048333,2020-10-31T13:40:48.333,89.5,3.1270697536073023e-06,-4.128717520694753e-06,9.440349928236838e-07
1604166048383,2020-10-31T13:40:48.383,89.55,3.3424153218893837e-06,-4.408988946918238e-06,1.734916809012391e-06
1604166048433,2020-10-31T13:40:48.433,89.6,3.3863892599872893e-06,-4.305199477781588e-06,2.2820247614315953e-06
1604166048483,2020-10-31T13:40:48.483,89.65,2.8616047808549466e-06,-3.914560396274646e-06,2.333492355501077e-06
1604166048533,2020-10-31T13:40:48.533,89.7,2.1111270877311102e-06,-3.665405387694539e-06,1.8758207720395466e-06
1604166048583,2020-10-31T13:40:48.583,89.75,2.013060767839928e-06,-3.730275312530909e-06,1.3103305368174361e-06
1604166048633,2020-10-31T13:40:48.633,89.8,2.548014747907791e-06,-3.7054942102525893e-06,1.0430178420025044e-06
1604166048683,2020-10-31T13:40:48.683,89.85,2.7299216302284844e-06,-3.3585496892151276e-06,1.0108418097886214e-06
1604166048733,2020-10-31T13:40:48.733,89.9,2.3489043925154385e-06,-3.1411160724752526e-06,9.264252052874748e-07
1604166048783,2020-10-31T13:40:48.783,89.95,2.3107633454655648e-06,-3.293293470983055e-06,7.924887999797906e-07
1604166048833,2020-10-31T13:40:48.833,90.0,2.7786264244038934e-06,-3.2294838743161147e-06,7.65616537648273e-07
1604166048883,2020-10-31T13:40:48.883,90.05,2.6884622066394803e-06,-2.6317888329072783e-06,7.778301259475513e-07
1604166048933,2020-10-31T13:40:48.933,90.1,1.6716669076644875e-06,-2.2197274085196153e-06,7.162499116099104e-07
1604166048983,2020-10-31T13:40:48.983,90.15,7.870841590424026e-07,-2.528130370132137e-06,6.541057884441255e-07
1604166049033,2020-10-31T13:40:49.033,90.2,8.043162459346356e-07,-2.88048725941914e-06,6.12694756077432e-07
1604166049083,2020-10-31T13:40:49.083,90.25,1.1788050617471338e-06,-2.45999683208556e-06,4.7140460558458935e-07
1604166049133,2020-10-31T13:40:49.133,90.3,1.11595295642097e-06,-1.5540391306624286e-06,2.505156085992726e-07
1604166049183,2020-10-31T13:40:49.183,90.35,5.406202099938599e-07,-1.0012953696962288e-06,1.0225078723080045e-07
1604166049233,2020-10-31T13:40:49.233,90.4,-1.9263143184317167e-07,-9.967567441979437e-07,3.702978773780063e-08
1604166049283,2020-10-31T13:40:49.283,90.45,-7.207015408818903e-07,-9.624017221446283e-07,7.023263285001676e-09
1604166049333,2020-10-31T13:40:49.333,90.5,-7.565309289958717e-07,-3.5846867046357314e-07,6.795360087778088e-08
1604166049383,2020-10-31T13:40:49.383,90.55,-3.7865327726563636e-07,6.657067057490671e-07,2.023791495471512e-07
1604166049433,2020-10-31T13:40:49.433,90.6,-1.581996814912225e-07,1.4915064366973318e-06,3.380977979104708e-07
1604166049483,2020-10-31T13:40:49.483,90.65,-4.990683313154716e-07,1.7552961351825678e-06,5.384504890539658e-07
1604166049533,2020-10-31T13:40:49.533,90.7,-1.0336423978453377e-06,1.5784053120441844e-06,6.680599493671775e-07
1604166049583,2020-10-31T13:40:49.583,90.75,-1.1398644255741468e-06,1.2098883137655085e-06,2.388632472962234e-07
1604166049633,2020-10-31T13:40:49.633,90.8,-8.693228967407851e-07,8.561625219551989e-07,-7.729973379969671e-07
1604166049683,2020-10-31T13:40:49.683,90.85,-8.421832216701341e-07,7.34718216313106e-07,-1.5883448447289588e-06
1604166049733,2020-10-31T13:40:49.733,90.9,-1.2678045084004719e-06,9.545773108969806e-07,-1.7232239396927332e-06
1604166049783,2020-10-31T13:40:49.783,90.95,-1.6651616569483669e-06,1.4510451051506054e-06,-1.6546879633380268e-06
1604166049833,2020-10-31T13:40:49.833,91.0,-1.7019108095362361e-06,2.038927628531211e-06,-1.9030710838020812e-06
1604166049883,2020-10-31T13:40:49.883,91.05,-1.701148639269385e-06,2.3797199316623898e-06,-2.2982293069377464e-06
1604166049933,2020-10-31T13:40:49.933,91.1,-2.036264086169142e-06,2.3065588233780692e-06,-2.5881615122015072e-06
1604166049983,2020-10-31T13:40:49.983,91.15,-2.541989461456319e-06,2.390690870594165e-06,-2.970925872071779e-06
1604166050033,2020-10-31T13:40:50.033,91.2,-2.886114117344415e-06,3.355098645730274e-06,-3.5564143062700574e-06
1604166050083,2020-10-31T13:40:50.083,91.25,-3.149153599968878e-06,4.6224572802922054e-06,-3.9581143342600365e-06
1604166050133,2020-10-31T13:40:50.133,91.3,-3.5747959084132395e-06,4.678363379695746e-06,-3.897075311752645e-06
1604166050183,2020-10-31T13:40:50.183,91.35,-3.99040564881338e-06,3.341267449442078e-06,-3.6588919688860866e-06
1604166050233,2020-10-31T13:40:50.233,91.4,-3.9911577518579645e-06,2.2338327989196655e-06,-3.5157769293842217e-06
1604166050283,2020-10-31T13:40:50.283,91.45,-3.541390160931749e-06,2.4440763899974874e-06,-3.291291310865003e-06
1604166050333,2020-10-31T13:40:50.333,91.5,-2.9947870386509714e-06,3.1518076476496234e-06,-2.8908719793297853e-06
1604166050383,2020-10-31T13:40:50.383,91.55,-2.6544252458433225e-06,3.2216631863784637e-06,-2.5762788811861263e-06
1604166050433,2020-10-31T13:40:50.433,91.6,-2.496575333641056e-06,2.837660803648475e-06,-2.451426605015128e-06
1604166050483,2020-10-31T13:40:50.483,91.65,-2.2544264189132102e-06,2.638303071740486e-06,-2.3619162489359048e-06
1604166050533,2020-10-31T13:40:50.533,91.7,-1.83064352606417e-06,2.375070376645379e-06,-2.228847213228397e-06
1604166050583,2020-10-31T13:40:50.583,91.75,-1.5929380533614627e-06,1.6717131302049697e-06,-1.884671437122137e-06
1604166050633,2020-10-31T13:40:50.633,91.8,-1.907129186977959e-06,1.130521360457613e-06,-1.0739183502324954e-06
1604166050683,2020-10-31T13:40:50.683,91.85,-2.3912753976921545e-06,1.3922779751345404e-06,-8.678974543203011e-08
1604166050733,2020-10-31T13:40:50.733,91.9,-2.260329872717449e-06,2.0102467051042293e-06,3.8977521162824596e-07
1604166050783,2020-10-31T13:40:50.783,91.95,-1.5061829124818922e-06,2.1970904015830563e-06,3.7139249724334875e-07
1604166050833,2020-10-31T13:40:50.833,92.0,-9.426042347999515e-07,1.8124780373131763e-06,6.088617311599632e-07
1604166050883,2020-10-31T13:40:50.883,92.05,-9.746531066075667e-07,1.219358233436997e-06,1.3280672402764737e-06
1604166050933,2020-10-31T13:40:50.933,92.1,-1.1546366097322782e-06,8.557654432834372e-07,1.926040991825266e-06
1604166050983,2020-10-31T13:40:50.983,92.15,-1.0034057518217217e-06,8.998966327495522e-07,2.0117673308299117e-06
1604166051033,2020-10-31T13:40:51.033,92.2,-6.161491779458087e-07,1.1001158739803976e-06,1.7749708368977525e-06
1604166051083,2020-10-31T13:40:51.083,92.25,-4.1657418948530375e-07,1.2099946583664544e-06,1.4554135490397131e-06
1604166051133,2020-10-31T13:40:51.133,92.3,-5.775642220160233e-07,1.328266263760075e-06,1.2918964909979023e-06
1604166051183,2020-10-31T13:40:51.183,92.35,-7.533564237775399e-07,1.4452521473434838e-06,1.5310833258629013e-06
1604166051233,2020-10-31T13:40:51.233,92.4,-5.077986771348431e-07,1.227637793542548e-06,1.894416909793189e-06
1604166051283,2020-10-31T13:40:51.283,92.45,5.8495195980694404e-08,6.237910627129329e-07,1.7858173810070068e-06
1604166051333,2020-10-31T13:40:51.333,92.5,3.975477126489043e-07,1.2679777561974725e-07,1.2757888267721858e-06
1604166051383,2020-10-31T13:40:51.383,92.55,2.0415864669090498e-07,1.7449484491828493e-07,9.815898028196282e-07
1604166051433,2020-10-31T13:40:51.433,92.6,-2.0516414640507336e-07,6.609375215576684e-07,1.0502571975676247e-06
1604166051483,2020-10-31T13:40:51.483,92.65,-2.536328009486327e-07,1.1222078353513677e-06,1.136105770816034e-06
1604166051533,2020-10-31T13:40:51.533,92.7,1.664520652022158e-07,1.177662518534422e-06,1.0579281021354837e-06
1604166051583,2020-10-31T13:40:51.583,92.75,4.593464648781881e-07,8.301371572118223e-07,8.057008672293394e-07
1604166051633,2020-10-31T13:40:51.633,92.8,1.1151636434247764e-07,4.555247192742765e-07,4.0491242280932483e-07
1604166051683,2020-10-31T13:40:51.683,92.85,-4.29250984799351e-07,4.037222948803469e-07,1.3984659205917835e-07
1604166051733,2020-10-31T13:40:51.733,92.9,-2.9531087959909404e-07,5.919590351916533e-07,2.9813890028381885e-07
1604166051783,2020-10-31T13:40:51.783,92.95,4.0140864203356775e-07,6.473272052783469e-07,6.352334984075706e-07
1604166051833,2020-10-31T13:40:51.833,93.0,6.130485737628816e-07,4.326936967925462e-07,7.432550691043846e-07
1604166051883,2020-10-31T13:40:51.883,93.05,-5.406402816896417e-08,2.410338912656395e-07,7.420745744001938e-07
1604166051933,2020-10-31T13:40:51.933,93.1,-7.643418280022274e-07,3.985067503063472e-07,9.27586928693911e-07
1604166051983,2020-10-31T13:40:51.983,93.15,-7.258630262379119e-07,7.89219918886727e-07,1.112233016923717e-06
1604166052033,2020-10-31T13:40:52.033,93.2,-1.950394710043083e-07,1.0130603663531e-06,9.387891033592006e-07
1604166052083,2020-10-31T13:40:52.083,93.25,1.1454806501047232e-07,9.90084710257318e-07,4.7007021326746077e-07
1604166052133,2020-10-31T13:40:52.133,93.3,1.1656022760567138e-08,9.491545313977515e-07,1.2791983427838424e-07
1604166052183,2020-10-31T13:40:52.183,93.35,-1.9577376270197173e-07,8.805707244411508e-07,2.906759685047945e-07
1604166052233,2020-10-31T13:40:52.233,93.4,-3.2273798719892955e-07,6.746256433108898e-07,8.375539954406328e-07
1604166052283,2020-10-31T13:40:52.283,93.45,-4.1064574033423845e-07,5.912617381993116e-07,1.100678107576306e-06
1604166052333,2020-10-31T13:40:52.333,93.5,-4.1314538728475343e-07,8.388062736662532e-07,7.622008029659451e-07
1604166052383,2020-10-31T13:40:52.383,93.55,-2.6391547949402716e-07,1.0779306609912862e-06,3.945822039278307e-07
1604166052433,2020-10-31T13:40:52.433,93.6,-1.068410868362163e-07,9.953085973385044e-07,4.5394268514469086e-07
1604166052483,2020-10-31T13:40:52.483,93.65,-9.16116843661892e-08,8.134979155349679e-07,5.762884865882146e-07
1604166052533,2020-10-31T13:40:52.533,93.7,-1.6343838117108238e-07,7.799869249050559e-07,4.6156365593926047e-07
1604166052583,2020-10-31T13:40:52.583,93.75,-2.555293794750393e-07,7.967730586313303e-07,3.699342006268924e-07
1604166052633,2020-10-31T13:40:52.633,93.8,-3.443877196800114e-07,7.688712320326158e-07,4.229209514618892e-07
1604166052683,2020-10-31T13:40:52.683,93.85,-2.69527011859841e-07,7.038621869692368e-07,4.5329791574029935e-07
1604166052733,2020-10-31T13:40:52.733,93.9,7.833560433144086e-08,5.06751887380375e-07,5.327429218326154e-07
1604166052783,2020-10-31T13:40:52.783,93.95,4.661337937375753e-07,1.789613375443727e-07,8.586964850993866e-07
1604166052833,2020-10-31T13:40:52.833,94.0,6.094557694925324e-07,-3.177734936020628e-08,1.3010361663712743e-06
1604166052883,2020-10-31T13:40:52.883,94.05,5.451348569113572e-07,-5.060403860249391e-08,1.5099616173253478e-06
1604166052933,2020-10-31T13:40:52.933,94.1,4.067059210172647e-07,-1.2255864306001653e-07,1.3352951770491575e-06
1604166052983,2020-10-31T13:40:52.983,94.15,2.055821015847356e-07,-2.7017433302277225e-07,9.846418290407938e-07
1604166053033,2020-10-31T13:40:53.033,94.2,6.521336627874715e-08,-1.8098791630954842e-07,7.624163734432012e-07
1604166053083,2020-10-31T13:40:53.083,94.25,1.4109279971701936e-07,1.476228134897255e-07,6.654647389510214e-07
1604166053133,2020-10-31T13:40:53.133,94.3,2.0095528615922514e-07,3.3074516745635653e-07,4.4172860298214363e-07
1604166053183,2020-10-31T13:40:53.183,94.35,-5.266019803391392e-08,2.9003854967963986e-07,1.2001141736545825e-07
1604166053233,2020-10-31T13:40:53.233,94.4,-3.4335617325347256e-07,2.927803273344017e-07,9.987581171092528e-08
1604166053283,2020-10-31T13:40:53.283,94.45,-2.7510026568133465e-07,3.272774250600959e-07,5.263390874841769e-07
1604166053333,2020-10-31T13:40:53.333,94.5,-1.030524652570702e-07,2.0697427581906323e-07,9.836609820611068e-07
1604166053383,2020-10-31T13:40:53.383,94.55,-2.3151741710650153e-07,9.54778894741891e-08,1.075191237036518e-06
1604166053433,2020-10-31T13:40:53.433,94.6,-4.148116922029154e-07,2.0876410783080543e-07,9.578573240856128e-07
1604166053483,2020-10-31T13:40:53.483,94.65,-2.591975189225302e-07,3.7600569210555214e-07,9.711778096864717e-07
1604166053533,2020-10-31T13:40:53.533,94.7,1.3086610622604624e-08,4.5515011102219774e-07,1.0306705278289768e-06
1604166053583,2020-10-31T13:40:53.583,94.75,3.8829535726571e-08,6.258466048489238e-07,8.824086230388042e-07
1604166053633,2020-10-31T13:40:53.633,94.8,-2.4778877238270464e-09,8.86761718816591e-07,7.104960054248485e-07
1604166053683,2020-10-31T13:40:53.683,94.85,1.4650547507666368e-07,9.055418224316331e-07,8.166351082949586e-07
1604166053733,2020-10-31T13:40:53.733,94.9,2.3633307953933565e-07,6.181498673407626e-07,9.822978700947322e-07
1604166053783,2020-10-31T13:40:53.783,94.95,1.9464417508607027e-08,3.773088011501385e-07,8.596836315163562e-07
1604166053833,2020-10-31T13:40:53.833,95.0,-2.0237592036526418e-07,3.6060064368260203e-07,5.657331302563439e-07
1604166053883,2020-10-31T13:40:53.883,95.05,-1.0916763947331636e-07,3.443886276691603e-07,3.5848168506104957e-07
1604166053933,2020-10-31T13:40:53.933,95.1,7.56479576788644e-08,1.7455725181845348e-07,2.6047759986517103e-07
1604166053983,2020-10-31T13:40:53.983,95.15,6.409592029892555e-08,5.227573448159389e-08,2.1338686526222082e-07
1604166054033,2020-10-31T13:40:54.033,95.2,3.792580100332413e-08,1.910964037858978e-07,1.5603517040125445e-07
1604166054083,2020-10-31T13:40:54.083,95.25,2.0191436156229803e-07,4.4315001062037474e-07,3.186441363532245e-08
1604166054133,2020-10-31T13:40:54.133,95.3,2.9023255049543525e-07,4.5647616974349566e-07,-9.359484224836554e-08
1604166054183,2020-10-31T13:40:54.183,95.35,2.3462601214718092e-08,1.0684946176808602e-07,-1.321819067976154e-07
1604166054233,2020-10-31T13:40:54.233,95.4,-3.5990265559624585e-07,-3.3918081161892827e-07,-7.15049355335537e-08
1604166054283,2020-10-31T13:40:54.283,95.45,-4.441411793597059e-07,-4.958922552347149e-07,1.5565744669236969e-07
1604166054333,2020-10-31T13:40:54.333,95.5,-1.9744191014275943e-07,-2.73128398146283e-07,5.033607234257923e-07
1604166054383,2020-10-31T13:40:54.383,95.55,7.257343147612662e-08,1.3348750754280462e-07,5.564504355234643e-07
1604166054433,2020-10-31T13:40:54.433,95.6,1.6729022096317542e-07,6.016113647100557e-07,7.059132331087907e-08
1604166054483,2020-10-31T13:40:54.483,95.65,2.1962692029137154e-07,9.604523492528774e-07,-3.935031654720977e-07
1604166054533,2020-10-31T13:40:54.533,95.7,3.736840785818049e-07,7.664119730502277e-07,-1.8000856523438775e-07
1604166054583,2020-10-31T13:40:54.583,95.75,3.956042681401835e-07,2.4394159060644933e-08,3.048718783584816e-07
1604166054633,2020-10-31T13:40:54.633,95.8,-7.465340599016344e-09,-3.870572438836581e-07,1.36893290427397e-07
1604166054683,2020-10-31T13:40:54.683,95.85,-5.529788084379318e-07,3.9959166725277044e-08,-5.127769910498105e-07
1604166054733,2020-10-31T13:40:54.733,95.9,-6.315499961394247e-07,5.977079607826892e-07,-5.323520702464904e-07
1604166054783,2020-10-31T13:40:54.783,95.95,-2.328908708852579e-07,5.810565382940845e-07,1.9669572703609736e-07
1604166054833,2020-10-31T13:40:54.833,96.0,-9.66379633858004e-09,2.972392755829118e-07,4.350295499551709e-07
1604166054883,2020-10-31T13:40:54.883,96.05,-2.6240517010174997e-07,2.514568110786878e-07,-3.81560254721736e-07
1604166054933,2020-10-31T13:40:54.933,96.1,-4.91162665355532e-07,3.4309752574022465e-07,-1.2253944675422092e-06
1604166054983,2020-10-31T13:40:54.983,96.15,-2.413487193665351e-07,2.717775103273891e-07,-1.2252275781603192e-06
1604166055033,2020-10-31T13:40:55.033,96.2,1.9893980995380444e-07,3.6854196043830385e-08,-9.089952509501836e-07
1604166055083,2020-10-31T13:40:55.083,96.25,3.073522777961806e-07,-1.700709003161422e-07,-1.0365506964891002e-06
1604166055133,2020-10-31T13:40:55.133,96.3,4.7264164103705035e-08,-2.4493915134330236e-07,-1.3608117969346087e-06
1604166055183,2020-10-31T13:40:55.183,96.35,-2.3423639825134622e-07,-2.4762903458503967e-07,-1.1679514904458723e-06
1604166055233,2020-10-31T13:40:55.233,96.4,-2.8221521275338863e-07,-2.523405517594139e-07,-4.021773215715603e-07
1604166055283,2020-10-31T13:40:55.283,96.45,-1.198379334115234e-07,-2.399676957796698e-07,1.8268583999683504e-07
1604166055333,2020-10-31T13:40:55.333,96.5,5.18881660138066e-08,-2.0634957411231758e-07,-8.010703754325654e-09
1604166055383,2020-10-31T13:40:55.383,96.55,9.733848055985317e-08,-1.9586304261041808e-07,-4.296555124562537e-07
1604166055433,2020-10-31T13:40:55.433,96.6,1.1858391304867978e-07,-1.784602049004278e-07,1.3340535116618822e-08
1604166055483,2020-10-31T13:40:55.483,96.65,2.82271283741857e-07,-1.0346664750837005e-07,1.238050572798123e-06
1604166055533,2020-10-31T13:40:55.533,96.7,5.390721925979969e-07,-2.240207200134296e-08,1.892870269343104e-06
1604166055583,2020-10-31T13:40:55.583,96.75,6.673303384555589e-07,3.7177988124759966e-08,1.3814693337268113e-06
1604166055633,2020-10-31T13:40:55.633,96.8,4.94730693547526e-07,1.5470073869580681e-07,6.911465120879925e-07
1604166055683,2020-10-31T13:40:55.683,96.85,7.421164434213297e-08,3.3598691382879464e-07,6.954758246178283e-07
1604166055733,2020-10-31T13:40:55.733,96.9,-1.8771005648427126e-07,4.849761818709995e-07,9.677853613701037e-07
1604166055783,2020-10-31T13:40:55.783,96.95,1.223325834192956e-07,5.805885005375058e-07,8.906959822465309e-07
1604166055833,2020-10-31T13:40:55.833,97.0,6.822348611856317e-07,6.046280110917045e-07,6.896690420154128e-07
1604166055883,2020-10-31T13:40:55.883,97.05,6.844526345323906e-07,4.037762251608438e-07,6.660376906899869e-07
1604166055933,2020-10-31T13:40:55.933,97.1,1.2308403042652256e-07,7.80526145983909e-09,5.183763932788751e-07
1604166055983,2020-10-31T13:40:55.983,97.15,-1.4775220437462497e-07,-7.918656470158929e-08,9.136934711138316e-08
1604166056033,2020-10-31T13:40:56.033,97.2,9.90629852179698e-08,5.046521561674517e-07,-1.9663813565452756e-07
1604166056083,2020-10-31T13:40:56.083,97.25,1.6227256178432766e-07,1.1817776694548085e-06,-1.1837620827840542e-07
1604166056133,2020-10-31T13:40:56.133,97.3,-1.6821834677101139e-07,1.0618369699585212e-06,8.122929066248412e-08
1604166056183,2020-10-31T13:40:56.183,97.35,-2.4846287896207723e-07,3.121572437076184e-07,2.809767313582644e-07
1604166056233,2020-10-31T13:40:56.233,97.4,1.1541215398204661e-07,-3.241700084691524e-08,5.182637682710576e-07
1604166056283,2020-10-31T13:40:56.283,97.45,2.6880026357984696e-07,4.345601478151017e-07,5.765439107204076e-07
1604166056333,2020-10-31T13:40:56.333,97.5,-1.2484445686246087e-07,1.0880160822859792e-06,2.644315463427806e-07
1604166056383,2020-10-31T13:40:56.383,97.55,-5.245481911199781e-07,1.2516602011651451e-06,-1.4321881583004207e-07
1604166056433,2020-10-31T13:40:56.433,97.6,-3.77417201041518e-07,8.999101353299802e-07,-2.6819373570086933e-07
1604166056483,2020-10-31T13:40:56.483,97.65,9.717494851514108e-08,5.025353630161449e-07,-1.5712006496910928e-07
1604166056533,2020-10-31T13:40:56.533,97.7,2.4525672282764313e-07,4.7509189999074665e-07,-6.302517456201633e-08
1604166056583,2020-10-31T13:40:56.583,97.75,-1.6315048492583963e-07,7.390207062591414e-07,5.3490380525468436e-08
1604166056633,2020-10-31T13:40:56.633,97.8,-6.577995388369053e-07,9.221612828277348e-07,3.6280680226627497e-07
1604166056683,2020-10-31T13:40:56.683,97.85,-6.82606978818615e-07,9.35944526767757e-07,6.228898721504298e-07
1604166056733,2020-10-31T13:40:56.733,97.9,-3.027710663413456e-07,1.012269374878599e-06,3.945648128492532e-07
1604166056783,2020-10-31T13:40:56.783,97.95,-7.444783028438993e-08,1.2098927253606874e-06,-1.4833322141489383e-07
1604166056833,2020-10-31T13:40:56.833,98.0,-2.3288442988950713e-07,1.2253341721963823e-06,-3.1383559845669674e-07
1604166056883,2020-10-31T13:40:56.883,98.05,-3.7558856281938734e-07,8.435594237556488e-07,4.514230972241323e-08
1604166056933,2020-10-31T13:40:56.933,98.1,-1.7951932694083645e-07,3.959673682171556e-07,2.922213787773733e-07
1604166056983,2020-10-31T13:40:56.983,98.15,4.379215943296642e-08,4.129615722940952e-07,6.875153037381464e-08
1604166057033,2020-10-31T13:40:57.033,98.2,-5.600531671143185e-08,8.684215099053145e-07,-1.973256441690815e-07
1604166057083,2020-10-31T13:40:57.083,98.25,-2.815285060272557e-07,1.1912507211478125e-06,-1.554700473878889e-07
1604166057133,2020-10-31T13:40:57.133,98.3,-3.690011601311434e-07,1.0193787123840911e-06,-5.23473339537192e-08
1604166057183,2020-10-31T13:40:57.183,98.35,-4.1191881599358287e-07,5.763820412939576e-07,-1.1917721236994522e-07
1604166057233,2020-10-31T13:40:57.233,98.4,-4.376452067884237e-07,2.58902631983753e-07,-2.609884700930632e-07
1604166057283,2020-10-31T13:40:57.283,98.45,-2.3757059231735323e-07,1.5320097416865591e-07,-3.967259549709067e-07
1604166057333,2020-10-31T13:40:57.333,98.5,1.3762704499338507e-07,1.5112891829791318e-07,-4.6288550800435565e-07
1604166057383,2020-10-31T13:40:57.383,98.55,3.130431091882724e-07,2.702442881965816e-07,-3.18521585127464e-07
1604166057433,2020-10-31T13:40:57.433,98.6,1.9191761349465105e-07,5.002662228825435e-07,-3.646077304883612e-08
1604166057483,2020-10-31T13:40:57.483,98.65,1.1706658998309521e-07,5.932036341982826e-07,7.064593350827917e-08
1604166057533,2020-10-31T13:40:57.533,98.7,2.393124700023719e-07,3.802953494434072e-07,-1.3580816748449588e-07
1604166057583,2020-10-31T13:40:57.583,98.75,2.6372494357198925e-07,2.677984660053735e-08,-4.3654441293564925e-07
1604166057633,2020-10-31T13:40:57.633,98.8,1.0249454720179045e-07,-2.3595914867945696e-07,-4.732431390868684e-07
1604166057683,2020-10-31T13:40:57.683,98.85,9.043713236706957e-08,-3.151995398308368e-07,-1.3961390632874481e-07
1604166057733,2020-10-31T13:40:57.733,98.9,2.562736689823741e-07,-1.99989827912527e-07,1.590510380508495e-07
1604166057783,2020-10-31T13:40:57.783,98.95,2.3450432475559458e-07,-3.3149357019294735e-08,-1.060606237298762e-07
1604166057833,2020-10-31T13:40:57.833,99.0,5.700088031990555e-08,-4.768822178552098e-08,-7.887889076003228e-07
1604166057883,2020-10-31T13:40:57.883,99.05,9.954417704111968e-08,-1.7199996903032833e-07,-1.0993367919162376e-06
1604166057933,2020-10-31T13:40:57.933,99.1,3.0325934740627585e-07,-1.1399314993181263e-07,-7.08040737352693e-07
1604166057983,2020-10-31T13:40:57.983,99.15,3.0801568259950375e-07,9.644416901956632e-09,-2.7774120262749086e-07
1604166058033,2020-10-31T13:40:58.033,99.2,1.2756297602428055e-07,-2.105717481142451e-07,-4.023328191979983e-07
1604166058083,2020-10-31T13:40:58.083,99.25,3.573513408974108e-08,-6.747204580342775e-07,-6.0660447400857e-07
1604166058133,2020-10-31T13:40:58.133,99.3,9.779894415242416e-08,-9.104127112842076e-07,-1.6063097563413097e-07
1604166058183,2020-10-31T13:40:58.183,99.35,2.268395663112376e-07,-9.425624577508035e-07,6.100101602829881e-07
1604166058233,2020-10-31T13:40:58.233,99.4,3.68172061726561e-07,-1.1238057313867056e-06,7.022997908877578e-07
1604166058283,2020-10-31T13:40:58.283,99.45,4.2706107185068533e-07,-1.3019899606478356e-06,-6.413734960788559e-08
1604166058333,2020-10-31T13:40:58.333,99.5,3.2153136625340894e-07,-1.0951699541834967e-06,-6.921508284170996e-07
1604166058383,2020-10-31T13:40:58.383,99.55,1.7363137588319457e-07,-7.11354393436562e-07,-4.1139080400929977e-07
1604166058433,2020-10-31T13:40:58.433,99.6,2.0802897396154312e-07,-5.995016085454645e-07,1.592422261056352e-07
1604166058483,2020-10-31T13:40:58.483,99.65,4.257575670462956e-07,-6.589868370084384e-07,-3.93416656200311e-08
1604166058533,2020-10-31T13:40:58.533,99.7,5.824242722111289e-07,-6.168278410157011e-07,-8.143749550568857e-07
1604166058583,2020-10-31T13:40:58.583,99.75,5.933354809992459e-07,-6.963756309910888e-07,-9.977751448120918e-07
1604166058633,2020-10-31T13:40:58.633,99.8,7.063563219991335e-07,-1.0939860425173849e-06,-2.687271687944895e-07
1604166058683,2020-10-31T13:40:58.683,99.85,1.0530698402245364e-06,-1.3025801755855687e-06,4.1329300558075396e-07
1604166058733,2020-10-31T13:40:58.733,99.9,1.3396471860552125e-06,-7.951692255571354e-07,3.417551237739446e-07
1604166058783,2020-10-31T13:40:58.783,99.95,1.2549469907612165e-06,1.3518288889591524e-08,-5.917014451393801e-08
1604166058833,2020-10-31T13:40:58.833,100.0,8.920629133770694e-07,2.5555532762189713e-07,-1.7333470104087748e-07
1604166058883,2020-10-31T13:40:58.883,100.05,5.611366486003013e-07,-2.1858293530077398e-07,1.7021728079791034e-08
1604166058933,2020-10-31T13:40:58.933,100.1,4.3234022162955647e-07,-7.457775384162079e-07,2.8171769652370863e-07
1604166058983,2020-10-31T13:40:58.983,100.15,4.695728577249952e-07,-7.35297266609148e-07,4.231956893579889e-07
1604166059033,2020-10-31T13:40:59.033,100.2,5.269036582065425e-07,-2.990119031261276e-07,2.7312943852376445e-07
1604166059083,2020-10-31T13:40:59.083,100.25,4.857069729556047e-07,-5.043787496528388e-08,-3.846890788173409e-08
1604166059133,2020-10-31T13:40:59.133,100.3,3.6330530112065136e-07,-3.406788605536376e-07,-1.564597478341801e-07
1604166059183,2020-10-31T13:40:59.183,100.35,2.280343655009957e-07,-8.121336460079736e-07,7.799521207547841e-09
1604166059233,2020-10-31T13:40:59.233,100.4,1.3820274252725776e-07,-9.175142417673295e-07,2.5158197027439757e-07
1604166059283,2020-10-31T13:40:59.283,100.45,2.4996832238104387e-07,-6.725484429463928e-07,3.0930102308892046e-07
1604166059333,2020-10-31T13:40:59.333,100.5,6.100883725648269e-07,-5.014004667570717e-07,-1.5242197621611836e-08
1604166059383,2020-10-31T13:40:59.383,100.55,8.288361249138085e-07,-5.3563964492594e-07,-4.999902486206324e-07
1604166059433,2020-10-31T13:40:59.433,100.6,5.423809797265616e-07,-5.61644071406357e-07,-5.956781614290414e-07
1604166059483,2020-10-31T13:40:59.483,100.65,8.43143859245513e-08,-5.164322975932043e-07,-2.774691789401431e-07
1604166059533,2020-10-31T13:40:59.533,100.7,3.248711710670525e-08,-5.059686334244763e-07,-1.807608367066845e-07
1604166059583,2020-10-31T13:40:59.583,100.75,3.2951756192903966e-07,-4.651875975656689e-07,-5.748401123597099e-07
1604166059633,2020-10-31T13:40:59.633,100.8,4.937722805567305e-07,-3.2639411552405653e-07,-8.634506099726195e-07
1604166059683,2020-10-31T13:40:59.683,100.85,4.157813531303224e-07,-3.3003423635659305e-07,-4.5577806321001116e-07
1604166059733,2020-10-31T13:40:59.733,100.9,3.3727768442642087e-07,-6.293956716736714e-07,3.089754752625023e-07
1604166059783,2020-10-31T13:40:59.783,100.95,2.6184567876968007e-07,-8.665599949172312e-07,5.784782228661713e-07
1604166059833,2020-10-31T13:40:59.833,101.0,3.4357815898394e-08,-6.788215429251338e-07,1.641679859977091e-07
1604166059883,2020-10-31T13:40:59.883,101.05,-1.0602065667811675e-07,-2.745593082551984e-07,-2.38607154304361e-07
1604166059933,2020-10-31T13:40:59.933,101.1,1.9739996408521684e-07,-5.895906070222022e-08,-4.388922896684083e-08
1604166059983,2020-10-31T13:40:59.983,101.15,6.481571560941471e-07,-1.088418405030761e-07,4.986384627439511e-07
1604166060033,2020-10-31T13:41:00.033,101.2,6.190075154024848e-07,-2.9910610377712825e-07,7.242543854528905e-07
1604166060083,2020-10-31T13:41:00.083,101.25,1.5696710397079103e-07,-4.885651031633616e-07,4.08044200540177e-07
1604166060133,2020-10-31T13:41:00.133,101.3,-1.0506773330398309e-07,-4.860884779861374e-07,-2.56377019524326e-09
1604166060183,2020-10-31T13:41:00.183,101.35,1.2113748363023604e-07,-2.737958411598689e-07,-4.4715462433327235e-08
1604166060233,2020-10-31T13:41:00.233,101.4,5.593546344991364e-07,-1.6550372510977124e-07,7.567524266099375e-08
1604166060283,2020-10-31T13:41:00.283,101.45,8.211911663657349e-07,-3.6511875920243444e-07,-1.1518834273672625e-07
1604166060333,2020-10-31T13:41:00.333,101.5,6.77924203181241e-07,-6.45609637957516e-07,-4.6362937510046556e-07
1604166060383,2020-10-31T13:41:00.383,101.55,2.486491488710967e-07,-7.3317188009722e-07,-4.35518030755358e-07
1604166060433,2020-10-31T13:41:00.433,101.6,1.872189463511253e-08,-6.233197976143598e-07,-8.978677687580523e-08
1604166060483,2020-10-31T13:41:00.483,101.65,2.1636599890878103e-07,-4.534929738764661e-07,4.851366107725189e-08
1604166060533,2020-10-31T13:41:00.533,101.7,4.232030051333486e-07,-4.332872466366434e-07,-6.891392369276485e-08
1604166060583,2020-10-31T13:41:00.583,101.75,2.835426558531217e-07,-6.862376024753728e-07,-1.3974466213300281e-08
1604166060633,2020-10-31T13:41:00.633,101.8,6.95251695877049e-08,-9.432507337789453e-07,2.866948599561865e-07
1604166060683,2020-10-31T13:41:00.683,101.85,1.0653361366408992e-07,-8.397240702878358e-07,4.23447622716743e-07
1604166060733,2020-10-31T13:41:00.733,101.9,2.283720143778517e-07,-4.747182469852908e-07,2.0966133550139174e-07
1604166060783,2020-10-31T13:41:00.783,101.95,1.397543108325978e-07,-1.7417544216589296e-07,1.2368992630742059e-08
1604166060833,2020-10-31T13:41:00.833,102.0,-1.164331920456694e-07,-6.175177516805818e-08,2.2565064657107266e-07
1604166060883,2020-10-31T13:41:00.883,102.05,-2.5592177901890453e-07,-2.2084409223971623e-07,6.655127535831962e-07
1604166060933,2020-10-31T13:41:00.933,102.1,-1.0589076402473864e-07,-6.258674842445097e-07,7.832142923277309e-07
1604166060983,2020-10-31T13:41:00.983,102.15,2.0058786979578232e-07,-8.406058268362254e-07,4.420554740378496e-07
1604166061033,2020-10-31T13:41:01.033,102.2,3.343007326357531e-07,-6.004117747511454e-07,6.353086671214224e-08
1604166061083,2020-10-31T13:41:01.083,102.25,1.2953678487605893e-07,-3.8878412025185273e-07,-7.071459740840112e-08
1604166061133,2020-10-31T13:41:01.133,102.3,-1.7184401230018223e-07,-5.943621026996032e-07,-1.1799871044514348e-07
1604166061183,2020-10-31T13:41:01.183,102.35,-1.8318125294536862e-07,-7.697532133997923e-07,-1.643330646135726e-07
1604166061233,2020-10-31T13:41:01.233,102.4,1.1046520630010446e-07,-5.250900315956294e-07,-3.59981029795611e-08
1604166061283,2020-10-31T13:41:01.283,102.45,3.51567747985487e-07,-2.71094687170708e-07,2.7704330794719817e-07
1604166061333,2020-10-31T13:41:01.333,102.5,3.54200382666943e-07,-4.075084272603999e-07,5.495499672794869e-07
1604166061383,2020-10-31T13:41:01.383,102.55,2.483271087408423e-07,-6.778237493873948e-07,6.437008163971835e-07
1604166061433,2020-10-31T13:41:01.433,102.6,7.363510063109818e-08,-7.49237361254442e-07,5.485474178673535e-07
1604166061483,2020-10-31T13:41:01.483,102.65,-2.2378263735277013e-07,-6.323821786329763e-07,2.9392086780720307e-07
1604166061533,2020-10-31T13:41:01.533,102.7,-4.3710255952733045e-07,-4.139890821415327e-07,1.4690725877584715e-08
1604166061583,2020-10-31T13:41:01.583,102.75,-3.148695249916439e-07,-1.9950890970830402e-07,-9.071072228536766e-08
1604166061633,2020-10-31T13:41:01.633,102.8,4.116597322236483e-08,-1.7429139569411294e-07,1.0054859372421667e-07
1604166061683,2020-10-31T13:41:01.683,102.85,4.212059997351643e-07,-3.4336535692863634e-07,5.23893608996544e-07
1604166061733,2020-10-31T13:41:01.733,102.9,7.157191783608523e-07,-4.919930018157881e-07,8.122059462889965e-07
1604166061783,2020-10-31T13:41:01.783,102.95,6.550349395612343e-07,-5.06557196914737e-07,5.63627353729722e-07
1604166061833,2020-10-31T13:41:01.833,103.0,7.223245786742947e-08,-4.585329479184754e-07,-4.0923903992402563e-08
1604166061883,2020-10-31T13:41:01.883,103.05,-5.104837982305734e-07,-4.5088315225700417e-07,-3.748510860216207e-07
1604166061933,2020-10-31T13:41:01.933,103.1,-4.3203666508086377e-07,-5.353834704549643e-07,-2.60002043204339e-07
1604166061983,2020-10-31T13:41:01.983,103.15,5.558063248324159e-08,-6.634654215440457e-07,-5.709515516493375e-08
1604166062033,2020-10-31T13:41:02.033,103.2,1.681968683035225e-07,-6.944167550043058e-07,5.95551562959821e-08
1604166062083,2020-10-31T13:41:02.083,103.25,-1.6971640012142228e-07,-5.28448481280348e-07,1.3563822984075402e-07
1604166062133,2020-10-31T13:41:02.133,103.3,-3.585539492071521e-07,-2.5208772252301725e-07,5.195358751132617e-08
1604166062183,2020-10-31T13:41:02.183,103.35,-2.1815260032613808e-07,-1.2881587846464584e-07,-1.1862617664273278e-07
1604166062233,2020-10-31T13:41:02.233,103.4,-1.2681914163491263e-07,-3.139749314443807e-07,6.30802833361616e-08
1604166062283,2020-10-31T13:41:02.283,103.45,-1.5263451586261232e-07,-5.732042842860798e-07,5.256403526843912e-07
1604166062333,2020-10-31T13:41:02.333,103.5,4.0232039599067276e-08,-5.391294265940931e-07,5.243963333718598e-07
1604166062383,2020-10-31T13:41:02.383,103.55,4.0230118935047886e-07,-2.7123895962603244e-07,-1.7969266637232077e-08
1604166062433,2020-10-31T13:41:02.433,103.6,4.3989691758482257e-07,-2.194604440413397e-07,-1.6957414638037577e-07
1604166062483,2020-10-31T13:41:02.483,103.65,4.7949354439189384e-08,-5.615894274018239e-07,4.593649662484529e-07
1604166062533,2020-10-31T13:41:02.533,103.7,-2.804001176395442e-07,-9.386897273476807e-07,1.1000370746367817e-06
1604166062583,2020-10-31T13:41:02.583,103.75,-2.601587333888081e-07,-9.378193481755413e-07,1.1747068209038097e-06
1604166062633,2020-10-31T13:41:02.633,103.8,-2.3254064479242174e-07,-5.303243041718902e-07,1.0032859424634543e-06
1604166062683,2020-10-31T13:41:02.683,103.85,-4.6107367162710996e-07,-4.098755384239727e-08,8.94088086470557e-07
1604166062733,2020-10-31T13:41:02.733,103.9,-5.466858305155212e-07,9.853021946169939e-08,6.775375832524349e-07
1604166062783,2020-10-31T13:41:02.783,103.95,-3.9782721164384716e-08,-2.3193533996565825e-07,3.369429239215735e-07
1604166062833,2020-10-31T13:41:02.833,104.0,7.056999647612056e-07,-5.378590556249004e-07,2.0165635546394957e-07
1604166062883,2020-10-31T13:41:02.883,104.05,8.707093859531027e-07,-2.4681966548938015e-07,3.8362099154465726e-07
1604166062933,2020-10-31T13:41:02.933,104.1,3.121301996786226e-07,3.795723643338398e-07,5.912825483443313e-07
1604166062983,2020-10-31T13:41:02.983,104.15,-2.0401183019600023e-07,4.921036793063758e-07,5.418221800483995e-07
1604166063033,2020-10-31T13:41:03.033,104.2,-8.692317648090361e-08,-1.0945188892537689e-07,2.57539189915143e-07
1604166063083,2020-10-31T13:41:03.083,104.25,3.4512410261556845e-07,-7.051241732854318e-07,-2.1878223685483946e-08
1604166063133,2020-10-31T13:41:03.133,104.3,4.954774509017249e-07,-7.262908239184234e-07,-5.506773750508231e-08
1604166063183,2020-10-31T13:41:03.183,104.35,2.727000923124903e-07,-4.28209885768814e-07,1.9903522757450095e-07
1604166063233,2020-10-31T13:41:03.233,104.4,1.304504609426996e-08,-3.6580324506794906e-07,4.492331846399071e-07
1604166063283,2020-10-31T13:41:03.283,104.45,4.1479858682764777e-08,-6.535990461544427e-07,3.242602709270478e-07
1604166063333,2020-10-31T13:41:03.333,104.5,3.628570989837131e-07,-8.732988581940037e-07,-6.981038290791475e-08
1604166063383,2020-10-31T13:41:03.383,104.55,6.731126308802106e-07,-6.198946718365579e-07,-2.1327278610166137e-07
1604166063433,2020-10-31T13:41:03.433,104.6,7.655016552549053e-07,-9.180085828910316e-08,2.0439047133613876e-08
1604166063483,2020-10-31T13:41:03.483,104.65,7.324534876939793e-07,9.809385531287607e-08,1.8690619008940673e-07
1604166063533,2020-10-31T13:41:03.533,104.7,6.770702778642899e-07,-2.2769651877056504e-07,5.956504671886513e-08
1604166063583,2020-10-31T13:41:03.583,104.75,5.640254663500488e-07,-5.65689988508598e-07,-6.715727542298713e-08
1604166063633,2020-10-31T13:41:03.633,104.8,3.7582889672927596e-07,-5.010940871444246e-07,2.7788851115244736e-08
1604166063683,2020-10-31T13:41:03.683,104.85,1.9575930248557377e-07,-2.57776091296764e-07,2.0200678710591762e-07
1604166063733,2020-10-31T13:41:03.733,104.9,1.7575122070732974e-07,-1.8848761949868796e-07,2.993786891549603e-07
1604166063783,2020-10-31T13:41:03.783,104.95,3.8926141233165656e-07,-9.819313345049462e-08,3.258790586981507e-07
1604166063833,2020-10-31T13:41:03.833,105.0,6.54177329585799e-07,3.973173743495276e-07,2.702919945013159e-07
1604166063883,2020-10-31T13:41:03.883,105.05,6.992717775214682e-07,9.502668368751658e-07,6.030143301903144e-08
1604166063933,2020-10-31T13:41:03.933,105.1,5.317600908527375e-07,7.058012182238342e-07,-2.7387731017316916e-07
1604166063983,2020-10-31T13:41:03.983,105.15,4.004121855229513e-07,-2.9639140027006896e-07,-4.851819623534076e-07
1604166064033,2020-10-31T13:41:04.033,105.2,3.957602729432081e-07,-8.902294732725595e-07,-2.2852760889744435e-07
1604166064083,2020-10-31T13:41:04.083,105.25,3.3894293747725203e-07,-4.835961823662802e-07,4.873297979521417e-07
1604166064133,2020-10-31T13:41:04.133,105.3,1.4056283977725047e-07,5.449521647596526e-08,1.0348583193359965e-06
1604166064183,2020-10-31T13:41:04.183,105.35,9.112077231541317e-09,-1.1705365905707066e-07,8.144976204784383e-07
1604166064233,2020-10-31T13:41:04.233,105.4,1.1840715803647342e-07,-5.872612283088915e-07,8.714406390060061e-08
1604166064283,2020-10-31T13:41:04.283,105.45,3.2850146250158805e-07,-6.869240929235514e-07,-3.4926255595603126e-07
1604166064333,2020-10-31T13:41:04.333,105.5,4.2659364329830816e-07,-5.204131262942678e-07,-1.8741386964451067e-07
1604166064383,2020-10-31T13:41:04.383,105.55,3.764573397607917e-07,-3.7188160761100433e-07,1.524699011276853e-07
1604166064433,2020-10-31T13:41:04.433,105.6,2.603344616013895e-07,-1.577526841323121e-07,2.3358716488731667e-07
1604166064483,2020-10-31T13:41:04.483,105.65,2.2627681042881912e-07,1.0627809813066032e-07,1.3953524242790235e-07
1604166064533,2020-10-31T13:41:04.533,105.7,3.66009224227504e-07,1.20660747742491e-07,2.083807453626511e-07
1604166064583,2020-10-31T13:41:04.583,105.75,4.6730997996727393e-07,-1.898859090722626e-07,5.008372333879887e-07
1604166064633,2020-10-31T13:41:04.633,105.8,2.429427901006951e-07,-5.038292464219121e-07,6.914001006368676e-07
1604166064683,2020-10-31T13:41:04.683,105.85,-1.0585235564760169e-07,-5.139112578836457e-07,4.572864299761408e-07
1604166064733,2020-10-31T13:41:04.733,105.9,-8.47954673927589e-08,-2.332198520089557e-07,-3.115584032599293e-09
1604166064783,2020-10-31T13:41:04.783,105.95,2.885666577156193e-07,7.293736133132133e-08,-6.954921373905646e-08
1604166064833,2020-10-31T13:41:04.833,106.0,4.4927519277566114e-07,1.5366527420102827e-07,3.926671733645655e-07
1604166064883,2020-10-31T13:41:04.883,106.05,1.368775845069886e-07,4.968770266041021e-08,6.978679089804713e-07
1604166064933,2020-10-31T13:41:04.933,106.1,-2.2960521783923335e-07,6.458832143250026e-09,3.9915488965474416e-07
1604166064983,2020-10-31T13:41:04.983,106.15,-2.18340045060846e-07,2.8400817379459377e-08,7.706338303817217e-09
1604166065033,2020-10-31T13:41:05.033,106.2,1.9986915898713023e-08,-1.5051972283850586e-07,9.395890294099221e-09
1604166065083,2020-10-31T13:41:05.083,106.25,1.381840777024056e-07,-5.103397098057462e-07,-2.0765909702722795e-08
1604166065133,2020-10-31T13:41:05.133,106.3,1.409557122791445e-07,-6.20673128868263e-07,-4.4003437024855915e-07
1604166065183,2020-10-31T13:41:05.183,106.35,1.5545534199014978e-07,-3.2140503733057664e-07,-5.519814600345181e-07
1604166065233,2020-10-31T13:41:05.233,106.4,8.626370737595e-08,-4.024029868590492e-08,2.0117298146557765e-07
1604166065283,2020-10-31T13:41:05.283,106.45,-1.0648540172495508e-07,-1.0227038787179445e-07,8.772060129200668e-07
1604166065333,2020-10-31T13:41:05.333,106.5,-1.6825944065770267e-07,-2.3671555099547232e-07,3.344096630477754e-07
1604166065383,2020-10-31T13:41:05.383,106.55,6.188283464416176e-08,-1.4586728456151944e-07,-7.840767193651455e-07
1604166065433,2020-10-31T13:41:05.433,106.6,3.152502517060213e-07,-3.641438641782932e-08,-9.804293985598143e-07
1604166065483,2020-10-31T13:41:05.483,106.65,2.584237604934807e-07,-2.0539703881968032e-07,-2.530987123667552e-07
1604166065533,2020-10-31T13:41:05.533,106.7,-1.0075989315695357e-08,-5.546882129213532e-07,1.2866474893071047e-07
1604166065583,2020-10-31T13:41:05.583,106.75,-1.4288845145065252e-07,-7.897413353488863e-07,-2.691201198468876e-07
1604166065633,2020-10-31T13:41:05.633,106.8,-6.32848807183677e-08,-7.499582821975316e-07,-7.232013520398479e-07
1604166065683,2020-10-31T13:41:05.683,106.85,2.6404216335790355e-08,-4.345127684917461e-07,-8.264048273832816e-07
1604166065733,2020-10-31T13:41:05.733,106.9,1.3071817732548633e-08,1.9023293721458303e-08,-9.107380633798798e-07
1604166065783,2020-10-31T13:41:05.783,106.95,-4.154774491152466e-08,3.3022807574268285e-07,-1.064061527353505e-06
1604166065833,2020-10-31T13:41:05.833,107.0,-5.842754650932973e-08,2.649327268252871e-07,-8.927375490184212e-07
1604166065883,2020-10-31T13:41:05.883,107.05,-6.2368408649368995e-09,-7.360455428856965e-08,-4.140634399080902e-07
1604166065933,2020-10-31T13:41:05.933,107.1,7.227270365027029e-08,-3.119493515541586e-07,-2.002907388718618e-07
1604166065983,2020-10-31T13:41:05.983,107.15,5.0770283064081574e-08,-2.51942174025576e-07,-4.5486999668206077e-07
1604166066033,2020-10-31T13:41:06.033,107.2,-1.2687109139594456e-07,-2.1471839996726923e-08,-7.555453975308543e-07
1604166066083,2020-10-31T13:41:06.083,107.25,-3.0282516066569567e-07,2.2594295959265078e-07,-7.595747228618413e-07
1604166066133,2020-10-31T13:41:06.133,107.3,-2.9661593662078213e-07,4.331118985251794e-07,-5.439593716195267e-07
1604166066183,2020-10-31T13:41:06.183,107.35,-2.4326352884724726e-07,5.196143961437637e-07,-3.32851746343203e-07
1604166066233,2020-10-31T13:41:06.233,107.4,-4.5322875981078416e-07,4.5302618985043534e-07,-2.813033485819436e-07
1604166066283,2020-10-31T13:41:06.283,107.45,-8.103932840536424e-07,3.2872794974181163e-07,-3.9717336703740253e-07
1604166066333,2020-10-31T13:41:06.333,107.5,-7.654003829860971e-07,2.583901466807132e-07,-5.159118982621061e-07
1604166066383,2020-10-31T13:41:06.383,107.55,-2.5199109501975596e-07,3.61170029067318e-07,-4.956986391952541e-07
1604166066433,2020-10-31T13:41:06.433,107.6,1.337672485763995e-08,6.982179090275805e-07,-4.126108009092047e-07
1604166066483,2020-10-31T13:41:06.483,107.65,-3.4611784273553105e-07,1.0067816194600615e-06,-3.7201173583861164e-07
1604166066533,2020-10-31T13:41:06.533,107.7,-7.137166886443647e-07,9.417874015468746e-07,-2.868471766980199e-07
1604166066583,2020-10-31T13:41:06.583,107.75,-5.56869418593499e-07,6.790440779870995e-07,-1.402073089400914e-07
1604166066633,2020-10-31T13:41:06.633,107.8,-3.007908734899432e-07,6.307352282341386e-07,-1.8659981223970841e-07
1604166066683,2020-10-31T13:41:06.683,107.85,-5.168031633497256e-07,7.1006631983275e-07,-4.792159168226901e-07
1604166066733,2020-10-31T13:41:06.733,107.9,-1.0384971027801853e-06,6.446607362385334e-07,-6.395636843896188e-07
1604166066783,2020-10-31T13:41:06.783,107.95,-1.3626521166074129e-06,6.085261427972121e-07,-5.531530781797286e-07
1604166066833,2020-10-31T13:41:06.833,108.0,-1.3354491334275335e-06,7.887422508424078e-07,-6.101885660765644e-07
1604166066883,2020-10-31T13:41:06.883,108.05,-1.1625957575679433e-06,9.16282017624821e-07,-8.416365380698769e-07
1604166066933,2020-10-31T13:41:06.933,108.1,-1.036896260327226e-06,8.106704610019762e-07,-7.740613345154673e-07
1604166066983,2020-10-31T13:41:06.983,108.15,-8.834896499205238e-07,7.035215456262573e-07,-4.6327098548083447e-07
1604166067033,2020-10-31T13:41:07.033,108.2,-5.724096287002436e-07,7.043668865576263e-07,-5.174212792054571e-07
1604166067083,2020-10-31T13:41:07.083,108.25,-3.8105718246454097e-07,6.869335207292569e-07,-9.222678065404965e-07
1604166067133,2020-10-31T13:41:07.133,108.3,-7.274999153812094e-07,7.516697161068473e-07,-1.0447038866560997e-06
1604166067183,2020-10-31T13:41:07.183,108.35,-1.3216499137331044e-06,1.017425337318593e-06,-7.484288003147367e-07
1604166067233,2020-10-31T13:41:07.233,108.4,-1.4010126977429203e-06,1.1205853274363483e-06,-4.4849967636519944e-07
1604166067283,2020-10-31T13:41:07.283,108.45,-9.588346404236227e-07,7.31221423850873e-07,-3.793297252012983e-07
1604166067333,2020-10-31T13:41:07.333,108.5,-7.414300664986134e-07,3.001854835063549e-07,-5.478306694427849e-07
1604166067383,2020-10-31T13:41:07.383,108.55,-9.701324823116775e-07,4.874213320160327e-07,-8.764828936199666e-07
1604166067433,2020-10-31T13:41:07.433,108.6,-1.1232678361204412e-06,1.0749565501678743e-06,-1.0330493437354758e-06
1604166067483,2020-10-31T13:41:07.483,108.65,-9.412479822046122e-07,1.227722559059985e-06,-7.367724215225135e-07
1604166067533,2020-10-31T13:41:07.533,108.7,-7.066524799472815e-07,7.574885161913938e-07,-2.7292390730055013e-07
1604166067583,2020-10-31T13:41:07.583,108.75,-6.107199137222592e-07,4.066410701257574e-07,-1.4376268065474227e-07
1604166067633,2020-10-31T13:41:07.633,108.8,-5.420215791132209e-07,7.558636159084838e-07,-3.851239757035858e-07
1604166067683,2020-10-31T13:41:07.683,108.85,-4.468801872544613e-07,1.4180137066460996e-06,-6.368581916407247e-07
1604166067733,2020-10-31T13:41:07.733,108.9,-4.592023354311727e-07,1.61736782391139e-06,-6.532055413581736e-07
1604166067783,2020-10-31T13:41:07.783,108.95,-6.687941785261391e-07,1.2591967930943915e-06,-5.498857363806681e-07
1604166067833,2020-10-31T13:41:07.833,109.0,-9.481305948253304e-07,9.667234578840653e-07,-6.087482358850288e-07
1604166067883,2020-10-31T13:41:07.883,109.05,-1.0748566757106686e-06,1.0754390293939772e-06,-7.680312781968459e-07
1604166067933,2020-10-31T13:41:07.933,109.1,-1.026033145356804e-06,1.213201232952678e-06,-6.128804572722663e-07
1604166067983,2020-10-31T13:41:07.983,109.15,-9.857826266093485e-07,1.09175019073581e-06,-1.665735046597943e-07
1604166068033,2020-10-31T13:41:08.033,109.2,-1.0070934425095587e-06,9.55390285982142e-07,-3.59033271744144e-08
1604166068083,2020-10-31T13:41:08.083,109.25,-9.518624132915587e-07,9.56911987149222e-07,-4.50301947836662e-07
1604166068133,2020-10-31T13:41:08.133,109.3,-7.903399491612662e-07,9.08569739953672e-07,-9.402335075391335e-07
1604166068183,2020-10-31T13:41:08.183,109.35,-6.648357699202814e-07,8.487259404629712e-07,-1.0666466480959541e-06
1604166068233,2020-10-31T13:41:08.233,109.4,-6.878493154369308e-07,1.0440337060691536e-06,-8.289874734576691e-07
1604166068283,2020-10-31T13:41:08.283,109.45,-8.632169068597528e-07,1.3681169063109873e-06,-5.493040697883033e-07
1604166068333,2020-10-31T13:41:08.333,109.5,-1.09655193372251e-06,1.434809822343388e-06,-6.011298830920859e-07
1604166068383,2020-10-31T13:41:08.383,109.55,-1.180379424122509e-06,1.2947112461764505e-06,-8.901952570092576e-07
1604166068433,2020-10-31T13:41:08.433,109.6,-9.724157155071709e-07,1.2946172469875017e-06,-9.143985335579505e-07
1604166068483,2020-10-31T13:41:08.483,109.65,-6.67196302694051e-07,1.4179512083901428e-06,-7.067759687800032e-07
1604166068533,2020-10-31T13:41:08.533,109.7,-6.068354193200311e-07,1.424774777051501e-06,-8.55718610017689e-07
1604166068583,2020-10-31T13:41:08.583,109.75,-8.047001963371627e-07,1.329275087103487e-06,-1.2676281164556744e-06
1604166068633,2020-10-31T13:41:08.633,109.8,-9.976098284297494e-07,1.2147713749519589e-06,-1.1406196601271935e-06
1604166068683,2020-10-31T13:41:08.683,109.85,-1.0790947022895904e-06,1.059275334719633e-06,-4.6673733050748726e-07
1604166068733,2020-10-31T13:41:08.733,109.9,-1.1083781224064406e-06,1.00468244472133e-06,-2.060173537643382e-07
1604166068783,2020-10-31T13:41:08.783,109.95,-1.0567153682007835e-06,1.2083812272725252e-06,-6.836802073502733e-07
1604166068833,2020-10-31T13:41:08.833,110.0,-9.254158318347647e-07,1.4806938101213763e-06,-1.1076138048893184e-06
1604166068883,2020-10-31T13:41:08.883,110.05,-9.117062160117003e-07,1.603019520180843e-06,-9.530831358265093e-07
1604166068933,2020-10-31T13:41:08.933,110.1,-1.063053693648419e-06,1.6434102202100805e-06,-7.03877697938459e-07
1604166068983,2020-10-31T13:41:08.983,110.15,-1.0308326869460589e-06,1.589224397356945e-06,-8.673064805605697e-07
1604166069033,2020-10-31T13:41:09.033,110.2,-6.175393302804218e-07,1.2873147592781972e-06,-1.1297739378845074e-06
1604166069083,2020-10-31T13:41:09.083,110.25,-2.3644515333159026e-07,9.460426462481587e-07,-1.02065113726563e-06
1604166069133,2020-10-31T13:41:09.133,110.3,-3.3136943166080416e-07,9.462248111913188e-07,-7.892359039670847e-07
1604166069183,2020-10-31T13:41:09.183,110.35,-7.181930036280375e-07,1.1768138870260407e-06,-9.166498883021813e-07
1604166069233,2020-10-31T13:41:09.233,110.4,-9.56149520207983e-07,1.291706920457952e-06,-1.196025158724934e-06
1604166069283,2020-10-31T13:41:09.283,110.45,-9.441478192342388e-07,1.2622254603790542e-06,-1.0478368436955249e-06
1604166069333,2020-10-31T13:41:09.333,110.5,-8.087243501714833e-07,1.0918740787479393e-06,-4.811937830072743e-07
1604166069383,2020-10-31T13:41:09.383,110.55,-6.530796867125645e-07,7.227076540209422e-07,-1.4734279589767305e-07
1604166069433,2020-10-31T13:41:09.433,110.6,-6.046829510699082e-07,4.927980869604221e-07,-4.785089788743814e-07
1604166069483,2020-10-31T13:41:09.483,110.65,-7.111427930718739e-07,7.152767846386026e-07,-1.062002318434633e-06
1604166069533,2020-10-31T13:41:09.533,110.7,-7.921865178577401e-07,1.0215845383548324e-06,-1.0861590876730604e-06
1604166069583,2020-10-31T13:41:09.583,110.75,-7.231765825044814e-07,1.0499492998476283e-06,-4.488469640364501e-07
1604166069633,2020-10-31T13:41:09.633,110.8,-6.914262670952224e-07,1.0396724881581488e-06,1.0539671631940615e-08
1604166069683,2020-10-31T13:41:09.683,110.85,-8.474245972534506e-07,1.12801346700299e-06,-2.858620115953729e-07
1604166069733,2020-10-31T13:41:09.733,110.9,-9.305824038051956e-07,1.1048550533465041e-06,-8.012982526023852e-07
1604166069783,2020-10-31T13:41:09.783,110.95,-6.4185589511624e-07,1.0019371014035516e-06,-8.101822089013764e-07
1604166069833,2020-10-31T13:41:09.833,111.0,-2.412401077148401e-07,9.68717607788086e-07,-4.5460488611370755e-07
1604166069883,2020-10-31T13:41:09.883,111.05,-2.512315156918705e-07,9.129988507228777e-07,-1.1172474778769351e-07
1604166069933,2020-10-31T13:41:09.933,111.1,-5.579694172932772e-07,8.629645031896492e-07,4.0139504364509357e-07
1604166069983,2020-10-31T13:41:09.983,111.15,-4.3481857956131265e-07,1.007553841750861e-06,1.1334153858427252e-06
1604166070033,2020-10-31T13:41:10.033,111.2,3.8883637144745045e-07,1.1472248025873546e-06,1.5260430779219943e-06
1604166070083,2020-10-31T13:41:10.083,111.25,1.2819725056951314e-06,8.892216938049825e-07,1.4275782129361123e-06
1604166070133,2020-10-31T13:41:10.133,111.3,1.520631152100932e-06,4.0433538842146923e-07,1.4777303803593486e-06
1604166070183,2020-10-31T13:41:10.183,111.35,1.1180960155536677e-06,2.3244741741790106e-07,1.8609710443676725e-06
1604166070233,2020-10-31T13:41:10.233,111.4,7.027809019384917e-07,3.714305088264e-07,1.8916045645934803e-06
1604166070283,2020-10-31T13:41:10.283,111.45,7.578101450544639e-07,3.120702748955855e-07,1.3413683990957122e-06
1604166070333,2020-10-31T13:41:10.333,111.5,1.1428671085712754e-06,-4.765931861900366e-09,9.521359414730086e-07
1604166070383,2020-10-31T13:41:10.383,111.55,1.431873040419102e-06,-9.139278312141689e-08,1.2164885191823542e-06
1604166070433,2020-10-31T13:41:10.433,111.6,1.4662107889357213e-06,1.1937900462359104e-07,1.6928889000696777e-06
1604166070483,2020-10-31T13:41:10.483,111.65,1.3047180588943578e-06,9.160780111654603e-08,1.8097370567302086e-06
1604166070533,2020-10-31T13:41:10.533,111.7,9.979692530498921e-07,-3.337814239327465e-07,1.5750085117583814e-06
1604166070583,2020-10-31T13:41:10.583,111.75,7.430143195229044e-07,-6.10108444542039e-07,1.2859949017293024e-06
1604166070633,2020-10-31T13:41:10.633,111.8,7.766811724522662e-07,-4.0501507837144e-07,1.0245343031874146e-06
1604166070683,2020-10-31T13:41:10.683,111.85,8.857715874864318e-07,-1.5694286998421417e-07,7.112556903812507e-07
1604166070733,2020-10-31T13:41:10.733,111.9,6.402518552567994e-07,-3.79670782295899e-07,4.873845307812187e-07
1604166070783,2020-10-31T13:41:10.783,111.95,2.0805826171599511e-07,-9.146057607280576e-07,6.544250004352107e-07
1604166070833,2020-10-31T13:41:10.833,112.0,1.974739600563476e-07,-1.1979325907882961e-06,1.1334332281952846e-06
1604166070883,2020-10-31T13:41:10.883,112.05,6.321817485649365e-07,-9.467876290743698e-07,1.4285115804044265e-06
1604166070933,2020-10-31T13:41:10.933,112.1,8.726161887079771e-07,-3.7775735329241467e-07,1.3286785757860398e-06
1604166070983,2020-10-31T13:41:10.983,112.15,6.473781754335094e-07,6.881222429865445e-08,1.1641883717116092e-06
1604166071033,2020-10-31T13:41:11.033,112.2,4.0035377403152025e-07,1.3539780133974102e-07,1.1942589644476852e-06
1604166071083,2020-10-31T13:41:11.083,112.25,4.901623526719077e-07,-9.326283540540904e-08,1.255180071996068e-06
1604166071133,2020-10-31T13:41:11.133,112.3,7.184377135075558e-07,-3.898412968468118e-07,1.1690729657708062e-06
1604166071183,2020-10-31T13:41:11.183,112.35,7.734770969280565e-07,-6.008790836331927e-07,1.0499834411215978e-06
1604166071233,2020-10-31T13:41:11.233,112.4,6.563146495140296e-07,-6.991616568317319e-07,1.0350015679991744e-06
1604166071283,2020-10-31T13:41:11.283,112.45,5.995191788649117e-07,-7.711737459516867e-07,1.0176667340436932e-06
1604166071333,2020-10-31T13:41:11.333,112.5,7.662782220474075e-07,-8.61995436853796e-07,8.846668042117695e-07
1604166071383,2020-10-31T13:41:11.383,112.55,1.0056682305176234e-06,-8.452841558518278e-07,8.341486900556535e-07
1604166071433,2020-10-31T13:41:11.433,112.6,9.701672889569174e-07,-6.723077238684028e-07,1.040755765318983e-06
1604166071483,2020-10-31T13:41:11.483,112.65,5.996267485596262e-07,-5.641216910264043e-07,1.121867772128983e-06
1604166071533,2020-10-31T13:41:11.533,112.7,3.1269197590014074e-07,-6.567730511972743e-07,6.394990805775993e-07
1604166071583,2020-10-31T13:41:11.583,112.75,5.006974392100757e-07,-7.673867208051956e-07,5.6907210038981716e-08
1604166071633,2020-10-31T13:41:11.633,112.8,9.400679402576519e-07,-7.546830605036773e-07,2.02626170996646e-07
1604166071683,2020-10-31T13:41:11.683,112.85,9.993788398734321e-07,-7.10692037435149e-07,8.135333746062317e-07
1604166071733,2020-10-31T13:41:11.733,112.9,4.5722885378374e-07,-6.696808497184549e-07,8.132910181482637e-07
1604166071783,2020-10-31T13:41:11.783,112.95,-2.1307831252695772e-07,-5.496563694322794e-07,1.0284810677687662e-07
1604166071833,2020-10-31T13:41:11.833,113.0,-4.6885225887108895e-07,-4.029279344991719e-07,-1.984410257483528e-07
1604166071883,2020-10-31T13:41:11.883,113.05,-2.5935159438697755e-07,-3.6494870354482636e-07,4.491644274612707e-07
1604166071933,2020-10-31T13:41:11.933,113.1,1.1737728318268367e-07,-4.2642930655015273e-07,1.1517442802395456e-06
1604166071983,2020-10-31T13:41:11.983,113.15,3.611039690152351e-07,-5.060257383192479e-07,1.0131217227332679e-06
1604166072033,2020-10-31T13:41:12.033,113.2,3.4434092081043543e-07,-5.862705629433947e-07,4.065037171053189e-07
1604166072083,2020-10-31T13:41:12.083,113.25,2.0879076874609514e-07,-6.311343542425013e-07,1.828549490923318e-07
1604166072133,2020-10-31T13:41:12.133,113.3,1.9614789522889637e-07,-5.748104930060861e-07,4.34529345049153e-07
1604166072183,2020-10-31T13:41:12.183,113.35,3.0502704195245153e-07,-4.5328177964510806e-07,6.580194347052746e-07
1604166072233,2020-10-31T13:41:12.233,113.4,3.6994223531309297e-07,-3.8441665739669025e-07,5.536566383910971e-07
1604166072283,2020-10-31T13:41:12.283,113.45,3.6642383018984173e-07,-4.26700725610464e-07,2.2614894598272475e-07
1604166072333,2020-10-31T13:41:12.333,113.5,3.148843643332783e-07,-5.384191797952661e-07,-6.211699935405455e-08
1604166072383,2020-10-31T13:41:12.383,113.55,1.4271029760058983e-07,-6.5310320239166e-07,-1.1896138416362283e-07
1604166072433,2020-10-31T13:41:12.433,113.6,-8.987787197840415e-08,-7.672803661857206e-07,2.2287385747941706e-08
1604166072483,2020-10-31T13:41:12.483,113.65,-1.145357569916837e-07,-8.968430462827535e-07,1.3909250916411984e-07
1604166072533,2020-10-31T13:41:12.533,113.7,2.2080029416710377e-07,-9.517871547579923e-07,1.0526221081710558e-07
1604166072583,2020-10-31T13:41:12.583,113.75,6.721697086790506e-07,-8.41600149321847e-07,3.5734046334472594e-08
1604166072633,2020-10-31T13:41:12.633,113.8,7.664861475756606e-07,-7.198435645533177e-07,6.251767734461145e-08
1604166072683,2020-10-31T13:41:12.683,113.85,3.8837978735856197e-07,-8.377693634374727e-07,1.0750244563656705e-07
1604166072733,2020-10-31T13:41:12.733,113.9,2.5415075874367442e-08,-1.1146037912575638e-06,-3.054306345948159e-08
1604166072783,2020-10-31T13:41:12.783,113.95,1.3934340730758014e-07,-1.1638668919732106e-06,-3.519940903227499e-07
1604166072833,2020-10-31T13:41:12.833,114.0,6.010831990706335e-07,-8.107123337750776e-07,-5.10046202721197e-07
1604166072883,2020-10-31T13:41:12.883,114.05,9.687130416798747e-07,-3.4310358530357876e-07,-2.69359970970786e-07
1604166072933,2020-10-31T13:41:12.933,114.1,9.450343624266323e-07,-1.88879318091247e-07,4.796045800704757e-08
1604166072983,2020-10-31T13:41:12.983,114.15,5.81235518437899e-07,-4.4830837648281927e-07,7.613667159879349e-08
1604166073033,2020-10-31T13:41:13.033,114.2,2.685361461109165e-07,-8.044401851096974e-07,1.0405736963607566e-09
1604166073083,2020-10-31T13:41:13.083,114.25,2.21154821461889e-07,-9.326703533058974e-07,5.2119246351696726e-08
1604166073133,2020-10-31T13:41:13.133,114.3,1.0372085047620193e-07,-8.895520358046238e-07,-1.0250742448277534e-08
1604166073183,2020-10-31T13:41:13.183,114.35,-2.763676646211124e-07,-9.363585773514679e-07,-3.5193731330324225e-07
1604166073233,2020-10-31T13:41:13.233,114.4,-4.548131319452635e-07,-1.1221657120511023e-06,-6.576177292218121e-07
1604166073283,2020-10-31T13:41:13.283,114.45,-1.4876836064893413e-07,-1.2332897899780196e-06,-6.390437124868005e-07
1604166073333,2020-10-31T13:41:13.333,114.5,1.7557419736307398e-07,-1.07481405677008e-06,-4.1863686623837377e-07
1604166073383,2020-10-31T13:41:13.383,114.55,1.5195611315191205e-07,-7.675412167724674e-07,-2.6855267954839214e-07
1604166073433,2020-10-31T13:41:13.433,114.6,7.722867961531504e-08,-7.224350708872949e-07,-3.1221421169036297e-07
1604166073483,2020-10-31T13:41:13.483,114.65,2.085890553376457e-07,-1.0514531629347e-06,-4.4201540052014507e-07
1604166073533,2020-10-31T13:41:13.533,114.7,3.0033636276408924e-07,-1.2077283396837859e-06,-4.0923684855820634e-07
1604166073583,2020-10-31T13:41:13.583,114.75,1.3004188760104111e-07,-7.907421797957371e-07,-1.4327564183766321e-07
1604166073633,2020-10-31T13:41:13.633,114.8,-1.4305256061993706e-07,-3.1750857546222726e-07,8.209116222095443e-08
1604166073683,2020-10-31T13:41:13.683,114.85,-2.9274309328179474e-07,-4.3482242514661514e-07,-3.256974685409211e-08
1604166073733,2020-10-31T13:41:13.733,114.9,-2.6927507835247796e-07,-8.870179523728138e-07,-4.6232671999164555e-07
1604166073783,2020-10-31T13:41:13.783,114.95,-1.4050637864339706e-07,-1.0030985710784045e-06,-8.833033575013229e-07
1604166073833,2020-10-31T13:41:13.833,115.0,-5.1121678077463204e-08,-7.126278786864333e-07,-9.306526703288885e-07
1604166073883,2020-10-31T13:41:13.883,115.05,-8.947244194002399e-08,-5.019962333327403e-07,-5.538133318615821e-07
1604166073933,2020-10-31T13:41:13.933,115.1,-1.1869251299160524e-07,-6.555687457120117e-07,-1.6442465189288975e-07
1604166073983,2020-10-31T13:41:13.983,115.15,6.413673998185191e-09,-9.114936785114667e-07,-1.492712499407339e-07
1604166074033,2020-10-31T13:41:14.033,115.2,1.8722962904509193e-07,-8.487726174248056e-07,-3.1580301494212164e-07
1604166074083,2020-10-31T13:41:14.083,115.25,3.092731177422796e-07,-4.555799271768589e-07,-2.6720454814403244e-07
1604166074133,2020-10-31T13:41:14.133,115.3,4.2416130202508246e-07,-1.5623238108236913e-07,-1.3803286514727395e-07
1604166074183,2020-10-31T13:41:14.183,115.35,5.49471154240174e-07,-2.575623795212798e-07,-3.40050656692296e-07
1604166074233,2020-10-31T13:41:14.233,115.4,6.155689327903273e-07,-5.818215650733594e-07,-7.423800739132945e-07
1604166074283,2020-10-31T13:41:14.283,115.45,5.799867768576634e-07,-7.724670039130153e-07,-8.061033725402183e-07
1604166074333,2020-10-31T13:41:14.333,115.5,3.757140792588398e-07,-7.573730977713786e-07,-4.953439904910367e-07
1604166074383,2020-10-31T13:41:14.383,115.55,-1.1184658044762747e-08,-7.224400318568341e-07,-3.602312340524711e-07
1604166074433,2020-10-31T13:41:14.433,115.6,-3.066740553050706e-07,-7.386873734895609e-07,-6.199895736121486e-07
1604166074483,2020-10-31T13:41:14.483,115.65,-1.5544736101428168e-07,-6.474152542998001e-07,-8.399816445114458e-07
1604166074533,2020-10-31T13:41:14.533,115.7,3.5640545274494686e-07,-4.074789160137978e-07,-7.360888987993835e-07
1604166074583,2020-10-31T13:41:14.583,115.75,6.793288940230577e-07,-2.7479795844528967e-07,-6.468283030573214e-07
1604166074633,2020-10-31T13:41:14.633,115.8,3.9831688898161264e-07,-3.392800077880678e-07,-8.795194829257132e-07
1604166074683,2020-10-31T13:41:14.683,115.85,-2.5287205908537993e-07,-2.8945630387003834e-07,-1.1403953197009494e-06
1604166074733,2020-10-31T13:41:14.733,115.9,-6.08739361348042e-07,-4.706812054795736e-08,-9.851949752952227e-07
1604166074783,2020-10-31T13:41:14.783,115.95,-3.697867496322115e-07,-5.6001428310058055e-08,-5.00229682231019e-07
1604166074833,2020-10-31T13:41:14.833,116.0,4.693472650262247e-08,-5.079294799475964e-07,-2.2333043546301e-07
1604166074883,2020-10-31T13:41:14.883,116.05,1.4312074062521877e-07,-9.182310450242296e-07,-4.44953623132257e-07
1604166074933,2020-10-31T13:41:14.933,116.1,-3.2450149728165155e-08,-8.603113497816577e-07,-8.205732620869597e-07
1604166074983,2020-10-31T13:41:14.983,116.15,-1.7533286945724165e-07,-5.801594662454866e-07,-8.749046867364076e-07
1604166075033,2020-10-31T13:41:15.033,116.2,-2.3922770486715336e-07,-5.160375892585278e-07,-6.758117355416939e-07
1604166075083,2020-10-31T13:41:15.083,116.25,-2.9952868630417555e-07,-6.177916224715894e-07,-6.386966457479182e-07
1604166075133,2020-10-31T13:41:15.133,116.3,-2.4272582021307525e-07,-5.680068459381621e-07,-8.650140009575266e-07
1604166075183,2020-10-31T13:41:15.183,116.35,9.046542440855332e-09,-3.691490835034545e-07,-1.086672059322427e-06
1604166075233,2020-10-31T13:41:15.233,116.4,2.1274023440762448e-07,-2.6432775823108457e-07,-1.1337089321477071e-06
1604166075283,2020-10-31T13:41:15.283,116.45,1.2699660180541405e-07,-3.1907710329463146e-07,-1.0768938958136124e-06
1604166075333,2020-10-31T13:41:15.333,116.5,-1.0875557954574423e-07,-4.089732312553436e-07,-9.55024654488244e-07
1604166075383,2020-10-31T13:41:15.383,116.55,-1.9303645032655804e-07,-4.3612476780759986e-07,-7.718569422908231e-07
1604166075433,2020-10-31T13:41:15.433,116.6,8.880691057126294e-09,-4.139331183181077e-07,-7.421509970628218e-07
1604166075483,2020-10-31T13:41:15.483,116.65,4.397567226700287e-07,-4.1590674658534235e-07,-1.0229238314033695e-06
1604166075533,2020-10-31T13:41:15.533,116.7,8.53998770922704e-07,-4.436577047201592e-07,-1.2923926786682213e-06
1604166075583,2020-10-31T13:41:15.583,116.75,9.323142466361395e-07,-4.247424583182184e-07,-1.177601240172017e-06
1604166075633,2020-10-31T13:41:15.633,116.8,6.443975556140464e-07,-3.9499946481597235e-07,-8.637505479520469e-07
1604166075683,2020-10-31T13:41:15.683,116.85,3.2351808383682896e-07,-4.639876706602247e-07,-7.513749470188033e-07
1604166075733,2020-10-31T13:41:15.733,116.9,2.5186813453510867e-07,-5.698727671824973e-07,-8.774382382032469e-07
1604166075783,2020-10-31T13:41:15.783,116.95,3.83507835113472e-07,-5.750011455430741e-07,-1.0460757278373513e-06
1604166075833,2020-10-31T13:41:15.833,117.0,5.017194176409801e-07,-5.917912237881453e-07,-1.1157789203403892e-06
1604166075883,2020-10-31T13:41:15.883,117.05,4.65290549036812e-07,-8.25110605471163e-07,-1.00651222390995e-06
1604166075933,2020-10-31T13:41:15.933,117.1,3.3189894766284324e-07,-1.0718323723373264e-06,-7.916040018228011e-07
1604166075983,2020-10-31T13:41:15.983,117.15,3.1891806707991314e-07,-8.899791390585274e-07,-7.054816310241328e-07
1604166076033,2020-10-31T13:41:16.033,117.2,5.494192853381878e-07,-3.8810131213174786e-07,-8.177707673077846e-07
1604166076083,2020-10-31T13:41:16.083,117.25,8.382343063310689e-07,-1.9383331183958089e-07,-9.380909775629663e-07
1604166076133,2020-10-31T13:41:16.133,117.3,8.617029476896527e-07,-4.6801851804522844e-07,-9.091352320688588e-07
1604166076183,2020-10-31T13:41:16.183,117.35,5.551499298509148e-07,-6.919169265155896e-07,-7.134283341654851e-07
1604166076233,2020-10-31T13:41:16.233,117.4,2.5017006336184876e-07,-5.42261123189306e-07,-4.075184863717766e-07
1604166076283,2020-10-31T13:41:16.283,117.45,2.7956763030528374e-07,-2.975957829276962e-07,-1.9784869721691066e-07
1604166076333,2020-10-31T13:41:16.333,117.5,4.520801176238313e-07,-3.553167493106586e-07,-3.6215803306758086e-07
1604166076383,2020-10-31T13:41:16.383,117.55,3.151474296294047e-07,-7.679109666714695e-07,-8.734794274624542e-07
1604166076433,2020-10-31T13:41:16.433,117.6,8.744043865730683e-09,-1.245067417671885e-06,-1.2716699902328445e-06
1604166076483,2020-10-31T13:41:16.483,117.65,1.2167191800510994e-07,-1.4923236289712222e-06,-1.1139422417371514e-06
1604166076533,2020-10-31T13:41:16.533,117.7,6.013658145090972e-07,-1.4550317247164674e-06,-4.859845215793407e-07
1604166076583,2020-10-31T13:41:16.583,117.75,7.955676184097728e-07,-1.1732475229753852e-06,1.5941800999056079e-07
1604166076633,2020-10-31T13:41:16.633,117.8,6.234766732449497e-07,-7.282653204560077e-07,6.088030389451782e-07
1604166076683,2020-10-31T13:41:16.683,117.85,6.27888127523302e-07,-4.254103233257501e-07,9.429155697372869e-07
1604166076733,2020-10-31T13:41:16.733,117.9,8.920867652293128e-07,-5.147957245732076e-07,1.0931357403952933e-06
1604166076783,2020-10-31T13:41:16.783,117.95,9.593005164944454e-07,-7.450559278573778e-07,9.935560367183063e-07
1604166076833,2020-10-31T13:41:16.833,118.0,7.952685052084589e-07,-7.425531456917083e-07,1.0510275151261676e-06
1604166076883,2020-10-31T13:41:16.883,118.05,8.386847580268104e-07,-6.538359005604189e-07,1.6205039954115928e-06
1604166076933,2020-10-31T13:41:16.933,118.1,1.069210071729978e-06,-8.349189688273824e-07,2.187670477209318e-06
1604166076983,2020-10-31T13:41:16.983,118.15,9.512544634156668e-07,-1.0640426566262606e-06,2.017256505872186e-06
1604166077033,2020-10-31T13:41:17.033,118.2,3.9420403125497103e-07,-7.48639684516939e-07,1.3663064026040676e-06
1604166077083,2020-10-31T13:41:17.083,118.25,-3.6883855508542916e-08,-3.1578254763570968e-09,1.1092650398578369e-06
1604166077133,2020-10-31T13:41:17.133,118.3,2.273753610131563e-08,2.826506242107048e-07,1.4602001742267012e-06
1604166077183,2020-10-31T13:41:17.183,118.35,2.8639018051711015e-07,-2.4701686698564683e-07,1.8957504991890152e-06
1604166077233,2020-10-31T13:41:17.233,118.4,3.5718418796745347e-07,-9.111810720337997e-07,1.9918423195114055e-06
1604166077283,2020-10-31T13:41:17.283,118.45,2.961976906819082e-07,-1.1013983319725983e-06,1.6850213501485496e-06
1604166077333,2020-10-31T13:41:17.333,118.5,3.708854247689645e-07,-1.0134408536134538e-06,1.1216276635666206e-06
1604166077383,2020-10-31T13:41:17.383,118.55,4.992827850856023e-07,-1.0414187377807797e-06,7.114265469435132e-07
1604166077433,2020-10-31T13:41:17.433,118.6,3.8442955434302275e-07,-1.154399291041494e-06,8.540472157587319e-07
1604166077483,2020-10-31T13:41:17.483,118.65,3.956464809606681e-08,-1.0920749502978552e-06,1.3654616373582678e-06
1604166077533,2020-10-31T13:41:17.533,118.7,-1.958180826996213e-07,-8.503082239057258e-07,1.6606650245235267e-06
1604166077583,2020-10-31T13:41:17.583,118.75,-9.129159406422984e-09,-7.40257122737015e-07,1.4953703551443554e-06
1604166077633,2020-10-31T13:41:17.633,118.8,5.354399138180808e-07,-8.965488011272734e-07,1.1466294095575883e-06
1604166077683,2020-10-31T13:41:17.683,118.85,8.393517808802832e-07,-1.031778804416346e-06,1.0513727802863424e-06
1604166077733,2020-10-31T13:41:17.733,118.9,3.9308923887492227e-07,-9.90982375056948e-07,1.334427362170384e-06
1604166077783,2020-10-31T13:41:17.783,118.95,-3.710337116016113e-07,-1.0795515881293986e-06,1.4932418014852134e-06
1604166077833,2020-10-31T13:41:17.833,119.0,-5.577433876281928e-07,-1.3850064095253444e-06,9.934316437222438e-07
1604166077883,2020-10-31T13:41:17.883,119.05,-9.209031180586663e-09,-1.3736877385921161e-06,2.7724072346794885e-07
1604166077933,2020-10-31T13:41:17.933,119.1,7.077288073824644e-07,-7.47769623542528e-07,2.7198320250606656e-07
1604166077983,2020-10-31T13:41:17.983,119.15,1.1305334855854423e-06,-1.210503794591557e-07,9.140284493804822e-07
1604166078033,2020-10-31T13:41:18.033,119.2,1.0655020489842343e-06,-1.5676643263195203e-07,1.24915289660397e-06
1604166078083,2020-10-31T13:41:18.083,119.25,5.069972355409949e-07,-5.102491503291645e-07,9.103135687533408e-07
1604166078133,2020-10-31T13:41:18.133,119.3,-8.736284197518995e-08,-3.8722134654826135e-07,5.240718207748707e-07
1604166078183,2020-10-31T13:41:18.183,119.35,-1.6000390982557747e-07,1.9829438018556614e-07,6.943486542828668e-07
1604166078233,2020-10-31T13:41:18.233,119.4,6.847510396081451e-08,5.32859839897725e-07,1.266507866681317e-06
1604166078283,2020-10-31T13:41:18.283,119.45,-1.5463600750878227e-08,3.298769791139694e-07,1.6900222542650865e-06
1604166078333,2020-10-31T13:41:18.333,119.5,-2.775576709910847e-07,-3.9114426836427836e-08,1.7116897620867755e-06
1604166078383,2020-10-31T13:41:18.383,119.55,-1.6833210356238547e-07,-2.3383131955149102e-07,1.475964039438202e-06
1604166078433,2020-10-31T13:41:18.433,119.6,1.5642265162854567e-07,-2.0036041237396506e-07,1.179365327587168e-06
1604166078483,2020-10-31T13:41:18.483,119.65,1.5584377760138274e-07,1.3578262026366013e-08,9.761683598846287e-07
1604166078533,2020-10-31T13:41:18.533,119.7,-4.641620772325604e-08,2.4799736580805e-07,1.0545151587118668e-06
1604166078583,2020-10-31T13:41:18.583,119.75,1.0176742379686566e-07,3.653875862854723e-07,1.417606006447956e-06
1604166078633,2020-10-31T13:41:18.633,119.8,5.649399451396906e-07,5.771633417236101e-07,1.7166437076151594e-06
1604166078683,2020-10-31T13:41:18.683,119.85,7.209744939717448e-07,1.1230332588732514e-06,1.6279117041585339e-06
1604166078733,2020-10-31T13:41:18.733,119.9,3.2302753361269064e-07,1.5942671068993627e-06,1.3102180118370284e-06
1604166078783,2020-10-31T13:41:18.783,119.95,-1.6816618080082806e-07,1.3434230271260014e-06,1.202248338243006e-06
1604166078833,2020-10-31T13:41:18.833,120.0,-3.234073836738609e-07,6.295384827485921e-07,1.37346838624385e-06
1604166078883,2020-10-31T13:41:18.883,120.05,-2.3128923558152299e-07,4.4172854515088456e-07,1.4602334702489151e-06
1604166078933,2020-10-31T13:41:18.933,120.1,-7.753468321234413e-08,1.0618080002536353e-06,1.3518964157629844e-06
1604166078983,2020-10-31T13:41:18.983,120.15,1.441884042418373e-07,1.6390143994314256e-06,1.387141926767607e-06
1604166079033,2020-10-31T13:41:19.033,120.2,3.564768676081766e-07,1.352802599013992e-06,1.6999297619118114e-06
1604166079083,2020-10-31T13:41:19.083,120.25,4.0283536870694996e-07,4.824862367112066e-07,1.9944939776631965e-06
1604166079133,2020-10-31T13:41:19.133,120.3,3.351523931915069e-07,5.5329511831921965e-08,2.099172684422222e-06
1604166079183,2020-10-31T13:41:19.183,120.35,2.9115205013893927e-07,5.094928930787102e-07,2.1411012416299057e-06
1604166079233,2020-10-31T13:41:19.233,120.4,2.7895167562855454e-07,1.2152354403917829e-06,2.0850333583390885e-06
1604166079283,2020-10-31T13:41:19.283,120.45,3.079745311395334e-07,1.5916877876399755e-06,1.711012805228386e-06
1604166079333,2020-10-31T13:41:19.333,120.5,4.4298445310136726e-07,1.8738931681955555e-06,1.18578293870784e-06
1604166079383,2020-10-31T13:41:19.383,120.55,6.302124543490112e-07,2.313279830364264e-06,1.0156420347673677e-06
1604166079433,2020-10-31T13:41:19.433,120.6,6.743166725460486e-07,2.5879852762145107e-06,1.2418233323719917e-06
1604166079483,2020-10-31T13:41:19.483,120.65,4.056552399584967e-07,2.4813984186018763e-06,1.328617246580241e-06
1604166079533,2020-10-31T13:41:19.533,120.7,-1.4560654664754542e-07,2.280452186546428e-06,1.036743004216944e-06
1604166079583,2020-10-31T13:41:19.583,120.75,-6.800059395482219e-07,2.1582847026284814e-06,7.590522880735345e-07
1604166079633,2020-10-31T13:41:19.633,120.8,-8.765075817541345e-07,1.888998456493478e-06,8.072327393734796e-07
1604166079683,2020-10-31T13:41:19.683,120.85,-7.802898557880535e-07,1.4576956141743482e-06,9.8893005862633e-07
1604166079733,2020-10-31T13:41:19.733,120.9,-6.228643199537185e-07,1.3461189564716676e-06,1.0699848187973683e-06
1604166079783,2020-10-31T13:41:19.783,120.95,-3.3564485595177714e-07,1.8172278767656704e-06,1.1064813665496027e-06
1604166079833,2020-10-31T13:41:19.833,121.0,1.311748524402236e-07,2.325092663292923e-06,1.1080861608124054e-06
1604166079883,2020-10-31T13:41:19.883,121.05,2.8360106843458395e-07,2.196739678452063e-06,8.133073513375716e-07
1604166079933,2020-10-31T13:41:19.933,121.1,-2.6754156743855427e-07,1.685696202755153e-06,1.7387479766604624e-07
1604166079983,2020-10-31T13:41:19.983,121.15,-1.0611751088138109e-06,1.596855629985536e-06,-2.8107355848581766e-07
1604166080033,2020-10-31T13:41:20.033,121.2,-1.4402916989931823e-06,1.9789165332282398e-06,-1.8565006685265036e-07
1604166080083,2020-10-31T13:41:20.083,121.25,-1.3979914343591704e-06,2.1578313084191034e-06,-6.509750016428107e-08
1604166080133,2020-10-31T13:41:20.133,121.3,-1.2790284874229647e-06,1.9866923174834148e-06,-4.6266608227241324e-07
1604166080183,2020-10-31T13:41:20.183,121.35,-1.1820596684407865e-06,1.9498651035663e-06,-8.823328404881046e-07
1604166080233,2020-10-31T13:41:20.233,121.4,-1.0281537813917698e-06,2.130791765482832e-06,-6.261374004672728e-07
1604166080283,2020-10-31T13:41:20.283,121.45,-9.348391247033178e-07,2.1812851598498644e-06,-1.9087836940363517e-09
1604166080333,2020-10-31T13:41:20.333,121.5,-1.1291761854911495e-06,2.1426656281175047e-06,2.6908339598597987e-07
1604166080383,2020-10-31T13:41:20.383,121.55,-1.4474029792302178e-06,2.310770983771954e-06,8.579137239978502e-08
1604166080433,2020-10-31T13:41:20.433,121.6,-1.3951297733866567e-06,2.4876408010170726e-06,-2.8465633014098147e-07
1604166080483,2020-10-31T13:41:20.483,121.65,-9.379468603663455e-07,2.2234638882874142e-06,-7.016052596488509e-07
1604166080533,2020-10-31T13:41:20.533,121.7,-6.325755333314255e-07,1.6894666230840297e-06,-9.887362551211294e-07
1604166080583,2020-10-31T13:41:20.583,121.75,-7.100980110935829e-07,1.530313655799991e-06,-9.706562701809083e-07
1604166080633,2020-10-31T13:41:20.633,121.8,-8.005545942952164e-07,1.7922025400310286e-06,-8.515258110561616e-07
1604166080683,2020-10-31T13:41:20.683,121.85,-7.828445801342165e-07,1.7947469839290497e-06,-9.883118627219173e-07
1604166080733,2020-10-31T13:41:20.733,121.9,-9.954125575461702e-07,1.318846904500617e-06,-1.2485073825525936e-06
1604166080783,2020-10-31T13:41:20.783,121.95,-1.4287650032221937e-06,1.017868831382807e-06,-1.1816438559307463e-06
1604166080833,2020-10-31T13:41:20.833,122.0,-1.566030972155163e-06,1.166102559076312e-06,-8.495649968902284e-07
1604166080883,2020-10-31T13:41:20.883,122.05,-1.1553876450455568e-06,1.0322150276333765e-06,-8.051767976412329e-07
1604166080933,2020-10-31T13:41:20.933,122.1,-5.344489197611201e-07,2.4552224082763575e-07,-1.1794897343403812e-06
1604166080983,2020-10-31T13:41:20.983,122.15,-1.447327657535069e-07,-3.009794307110161e-07,-1.4680655939986211e-06
1604166081033,2020-10-31T13:41:21.033,122.2,-1.0921884572024166e-07,1.2735120646545609e-07,-1.320403269907927e-06
1604166081083,2020-10-31T13:41:21.083,122.25,-2.6660861420965456e-07,7.972174505505388e-07,-9.728195210305108e-07
1604166081133,2020-10-31T13:41:21.133,122.3,-3.6162482420340094e-07,6.606893269652942e-07,-7.668090478115811e-07
1604166081183,2020-10-31T13:41:21.183,122.35,-2.555819812811809e-07,-2.9560606806427865e-08,-6.755912674025295e-07
1604166081233,2020-10-31T13:41:21.233,122.4,-8.502534109371026e-08,-2.518689846546973e-07,-5.13066913546965e-07
1604166081283,2020-10-31T13:41:21.283,122.45,-1.2553977076756464e-07,2.2927571683521763e-07,-3.0709383566728225e-07
1604166081333,2020-10-31T13:41:21.333,122.5,-4.7389031422829866e-07,6.797611662092906e-07,-2.2415228385366572e-07
1604166081383,2020-10-31T13:41:21.383,122.55,-9.136921212256714e-07,5.446238719873824e-07,-3.0324004637253416e-07
1604166081433,2020-10-31T13:41:21.433,122.6,-1.0903009463653276e-06,1.5759227495446427e-07,-4.5231442815016817e-07
1604166081483,2020-10-31T13:41:21.483,122.65,-9.202019819237218e-07,8.09170669282632e-08,-5.907318683075126e-07
1604166081533,2020-10-31T13:41:21.533,122.7,-7.670448375159783e-07,1.7702909449628207e-07,-6.466575913880303e-07
1604166081583,2020-10-31T13:41:21.583,122.75,-9.341425789356226e-07,-1.6539768546145533e-08,-5.243274129817573e-07
1604166081633,2020-10-31T13:41:21.633,122.8,-1.1580825035677005e-06,-2.8776631445569236e-07,-2.610543050275707e-07
1604166081683,2020-10-31T13:41:21.683,122.85,-9.87967848500591e-07,-5.703553769133709e-08,-1.1428483603359058e-07
1604166081733,2020-10-31T13:41:21.733,122.9,-4.5279293270846647e-07,4.426429555167108e-07,-2.8019894998566236e-07
1604166081783,2020-10-31T13:41:21.783,122.95,-2.3685333935252005e-08,3.598392836533482e-07,-6.005986953206758e-07
1604166081833,2020-10-31T13:41:21.833,123.0,-3.677767150160444e-08,-3.170230931151649e-07,-7.142425102954694e-07
1604166081883,2020-10-31T13:41:21.883,123.05,-3.0964513988793243e-07,-6.2903599085207e-07,-4.887397017016642e-07
1604166081933,2020-10-31T13:41:21.933,123.1,-3.86498922536469e-07,-1.9040557693411732e-07,-2.021123332874933e-07
1604166081983,2020-10-31T13:41:21.983,123.15,-1.532159819925353e-07,2.958315421221365e-07,-1.986965455393184e-07
1604166082033,2020-10-31T13:41:22.033,123.2,5.52160993512396e-08,2.875984237869811e-07,-4.4570921477509443e-07
1604166082083,2020-10-31T13:41:22.083,123.25,2.2683272783415386e-08,5.430964639562437e-08,-6.164565250155321e-07
1604166082133,2020-10-31T13:41:22.133,123.3,-7.827539294245504e-08,-1.1076115638426277e-07,-5.286754437179516e-07
1604166082183,2020-10-31T13:41:22.183,123.35,-1.0494556914950465e-07,-3.206301415438679e-07,-3.5316708270920023e-07
1604166082233,2020-10-31T13:41:22.233,123.4,-1.8833977951463646e-07,-5.417009195061099e-07,-4.4700197289140855e-07
1604166082283,2020-10-31T13:41:22.283,123.45,-3.6293646788505444e-07,-4.669077329800849e-07,-9.430543895242352e-07
1604166082333,2020-10-31T13:41:22.333,123.5,-3.9534275609528727e-07,-1.2423208475090726e-07,-1.4804229130944904e-06
1604166082383,2020-10-31T13:41:22.383,123.55,-2.1817701900023934e-07,7.904962653713179e-08,-1.5558926230800438e-06
1604166082433,2020-10-31T13:41:22.433,123.6,-7.224730635466713e-08,-2.9129461156114413e-09,-1.1661620858555333e-06
1604166082483,2020-10-31T13:41:22.483,123.65,-5.320863381975721e-08,-1.5495190014831833e-07,-8.370563850538938e-07
1604166082533,2020-10-31T13:41:22.533,123.7,-2.719456166213763e-08,-3.0903659804975854e-07,-9.326429375868543e-07
1604166082583,2020-10-31T13:41:22.583,123.75,-8.961038089536609e-09,-5.818628015442458e-07,-1.195318519254853e-06
1604166082633,2020-10-31T13:41:22.633,123.8,-1.1125333493094815e-07,-8.184012965374712e-07,-1.21369619409687e-06
1604166082683,2020-10-31T13:41:22.683,123.85,-2.5031689872079095e-07,-6.847789573017673e-07,-1.0857806340911087e-06
1604166082733,2020-10-31T13:41:22.733,123.9,-2.962540776647023e-07,-2.807010741464733e-07,-1.1742506688699705e-06
1604166082783,2020-10-31T13:41:22.783,123.95,-2.8986454163485764e-07,-4.587601413669987e-08,-1.4365314151496005e-06
1604166082833,2020-10-31T13:41:22.833,124.0,-3.1760881279353337e-07,-4.6152782175239126e-08,-1.518327913861795e-06
1604166082883,2020-10-31T13:41:22.883,124.05,-3.971320358036271e-07,-5.2552410881062904e-08,-1.3011833022810778e-06
1604166082933,2020-10-31T13:41:22.933,124.1,-4.934084670238185e-07,-1.483362412154004e-07,-9.608085816610149e-07
1604166082983,2020-10-31T13:41:22.983,124.15,-5.34798848864201e-07,-4.896417638587679e-07,-7.564086881531248e-07
1604166083033,2020-10-31T13:41:23.033,124.2,-4.777022931567414e-07,-8.435676246647063e-07,-9.092960087678342e-07
1604166083083,2020-10-31T13:41:23.083,124.25,-3.077432902882007e-07,-1.0019011475504623e-06,-1.2999933360311685e-06
1604166083133,2020-10-31T13:41:23.133,124.3,9.430834925362412e-09,-1.0841844361221134e-06,-1.407247232787529e-06
1604166083183,2020-10-31T13:41:23.183,124.35,3.784083498762486e-07,-1.0680311940570418e-06,-1.0246193268284898e-06
1604166083233,2020-10-31T13:41:23.233,124.4,4.834829212895858e-07,-7.44776013213491e-07,-6.933987892111666e-07
1604166083283,2020-10-31T13:41:23.283,124.45,1.4963853796785743e-07,-2.9234178512684345e-07,-8.72651044535228e-07
1604166083333,2020-10-31T13:41:23.333,124.5,-2.9338597825469866e-07,-1.6648401888745766e-07,-1.1567245737071283e-06
1604166083383,2020-10-31T13:41:23.383,124.55,-3.659710697078554e-07,-4.048193412798276e-07,-9.722875499940915e-07
1604166083433,2020-10-31T13:41:23.433,124.6,-1.4882862767850416e-07,-6.640985078318862e-07,-5.252761007562575e-07
1604166083483,2020-10-31T13:41:23.483,124.65,-1.6652082838054832e-07,-8.475910300046559e-07,-3.19299528863584e-07
1604166083533,2020-10-31T13:41:23.533,124.7,-4.863918991545149e-07,-1.0685923743056234e-06,-2.9004999029392673e-07
1604166083583,2020-10-31T13:41:23.583,124.75,-5.776902024306048e-07,-1.1210549768407718e-06,-1.374365483362918e-07
1604166083633,2020-10-31T13:41:23.633,124.8,-2.3540199313635656e-07,-6.767856331633678e-07,6.136711335472833e-08
1604166083683,2020-10-31T13:41:23.683,124.85,9.447521492784964e-08,2.681230137183163e-08,1.2711626193060085e-07
1604166083733,2020-10-31T13:41:23.733,124.9,9.787811847849956e-08,3.0015846674050363e-07,8.306667579422634e-08
1604166083783,2020-10-31T13:41:23.783,124.95,-3.82207714765566e-08,-1.6025373695128393e-07,-9.517868917039368e-08
1604166083833,2020-10-31T13:41:23.833,125.0,-1.4712165336825472e-07,-9.293127421433462e-07,-4.474142174009412e-07
1604166083883,2020-10-31T13:41:23.883,125.05,-2.776695464744947e-07,-1.3513030928409306e-06,-7.084295073087817e-07
1604166083933,2020-10-31T13:41:23.933,125.1,-3.585215502642047e-07,-1.178983517565502e-06,-6.034264398519809e-07
1604166083983,2020-10-31T13:41:23.983,125.15,-2.5186368798257565e-07,-7.59327951360704e-07,-3.818312726286254e-07
1604166084033,2020-10-31T13:41:24.033,125.2,-7.147041181426124e-08,-6.104980822226108e-07,-4.6845643738561545e-07
1604166084083,2020-10-31T13:41:24.083,125.25,-1.5156766737922087e-08,-7.61374339699324e-07,-7.033109623520219e-07
1604166084133,2020-10-31T13:41:24.133,125.3,-1.6210941393286165e-08,-7.680223701435237e-07,-5.781003934741308e-07
1604166084183,2020-10-31T13:41:24.183,125.35,7.496284084632007e-08,-4.948046890079516e-07,-1.372945787776053e-07
1604166084233,2020-10-31T13:41:24.233,125.4,1.0541284630171283e-07,-3.4209940921887347e-07,2.811839480362284e-08
1604166084283,2020-10-31T13:41:24.283,125.45,-1.7336406499540025e-07,-4.832418002355847e-07,-3.1990376231038674e-07
1604166084333,2020-10-31T13:41:24.333,125.5,-5.791292072587631e-07,-5.17937173057076e-07,-7.199054259338952e-07
1604166084383,2020-10-31T13:41:24.383,125.55,-6.134132243459838e-07,-1.889727828821052e-07,-6.866772513265347e-07
1604166084433,2020-10-31T13:41:24.433,125.6,-1.493524179035113e-07,1.436878712376973e-07,-3.917802678154962e-07
1604166084483,2020-10-31T13:41:24.483,125.65,3.293493852070555e-07,9.990478874256432e-08,-3.60482630522126e-07
1604166084533,2020-10-31T13:41:24.533,125.7,3.3782559266394873e-07,-1.430052408518217e-07,-6.1412297759302e-07
1604166084583,2020-10-31T13:41:24.583,125.75,3.551193816136305e-08,-2.369528500341741e-07,-5.752131008495863e-07
1604166084633,2020-10-31T13:41:24.633,125.8,-5.542289696923533e-08,-1.8042769167777832e-07,3.321734226155486e-08
1604166084683,2020-10-31T13:41:24.683,125.85,1.390470673977541e-07,-1.144475494441715e-07,5.879415836198412e-07
1604166084733,2020-10-31T13:41:24.733,125.9,1.9853842273671307e-07,-2.3990636485418812e-08,2.977451980341941e-07
1604166084783,2020-10-31T13:41:24.783,125.95,-2.2336476424031134e-08,1.0469354091743488e-07,-5.828948709884386e-07
1604166084833,2020-10-31T13:41:24.833,126.0,-9.964277908854454e-08,1.7266265164970576e-07,-9.553471035432978e-07
1604166084883,2020-10-31T13:41:24.883,126.05,2.442672823759262e-07,1.5808172873208347e-07,-4.1447946892753217e-07
1604166084933,2020-10-31T13:41:24.933,126.1,5.543117548798285e-07,1.9599851244591587e-07,2.8672426860612485e-07
1604166084983,2020-10-31T13:41:24.983,126.15,3.2143959827557663e-07,3.809580006731855e-07,4.915680827635839e-07
1604166085033,2020-10-31T13:41:25.033,126.2,-7.181023960019209e-08,5.902561063737631e-07,4.0345568398159345e-07
1604166085083,2020-10-31T13:41:25.083,126.25,9.20953643149251e-08,5.843723963413008e-07,4.375426766577423e-07
1604166085133,2020-10-31T13:41:25.133,126.3,6.256323142384207e-07,2.863289335328183e-07,5.684626881519523e-07
1604166085183,2020-10-31T13:41:25.183,126.35,7.213207195018742e-07,-8.903927516122176e-08,4.6845443220709016e-07
1604166085233,2020-10-31T13:41:25.233,126.4,2.7009572746161827e-07,-2.6517587893828293e-07,2.4983492886654744e-08
1604166085283,2020-10-31T13:41:25.283,126.45,-8.201367816925447e-08,-2.1617494744503186e-07,-4.17111358848096e-07
1604166085333,2020-10-31T13:41:25.333,126.5,-6.738193919356914e-08,-9.221280096095885e-08,-4.984768530625731e-07
1604166085383,2020-10-31T13:41:25.383,126.55,-5.947089161036196e-08,2.269889725175158e-08,-3.3290050962642297e-07
1604166085433,2020-10-31T13:41:25.433,126.6,-2.1398484011821326e-07,7.341522998262164e-08,-2.81435914701012e-07
1604166085483,2020-10-31T13:41:25.483,126.65,-1.8697943880346715e-07,1.57629260916627e-08,-5.290067823665627e-07
1604166085533,2020-10-31T13:41:25.533,126.7,1.7895673596264953e-07,-3.918397594257753e-08,-9.394271935616874e-07
1604166085583,2020-10-31T13:41:25.583,126.75,5.325208122882999e-07,5.6314175804404515e-08,-1.0728416417421439e-06
1604166085633,2020-10-31T13:41:25.633,126.8,5.176873155710255e-07,2.569807657464034e-07,-6.71967570573653e-07
1604166085683,2020-10-31T13:41:25.683,126.85,2.3338052875246879e-07,3.9142583820277614e-07,-2.062880744405419e-07
1604166085733,2020-10-31T13:41:25.733,126.9,8.675648102078227e-08,3.8071573888052e-07,-2.854777517068124e-07
1604166085783,2020-10-31T13:41:25.783,126.95,2.5730555162784303e-07,3.476258570488868e-07,-6.961349459532313e-07
1604166085833,2020-10-31T13:41:25.833,127.0,4.1727734154909046e-07,4.465017486305077e-07,-7.691883172066405e-07
1604166085883,2020-10-31T13:41:25.883,127.05,2.079298163944039e-07,5.646601150560182e-07,-3.8297978132919745e-07
1604166085933,2020-10-31T13:41:25.933,127.1,-1.5319219872787282e-07,4.3671954233207274e-07,-3.7595645346710806e-09
1604166085983,2020-10-31T13:41:25.983,127.15,-1.6006006554576494e-07,8.298095557900436e-08,-1.2771427357865252e-08
1604166086033,2020-10-31T13:41:26.033,127.2,2.404123547929534e-07,-1.4337968558544982e-07,-3.002647982923176e-07
1604166086083,2020-10-31T13:41:26.083,127.25,6.123686645011408e-07,-1.5122559976383227e-09,-4.57107367151643e-07
1604166086133,2020-10-31T13:41:26.133,127.3,6.067735821809406e-07,3.198793277568094e-07,-2.98981758007603e-07
1604166086183,2020-10-31T13:41:26.183,127.35,3.08048559516067e-07,4.6104955648695526e-07,-4.021277337540792e-08
1604166086233,2020-10-31T13:41:26.233,127.4,3.5308585974767096e-08,3.504907250331297e-07,4.185681843168582e-08
1604166086283,2020-10-31T13:41:26.283,127.45,-1.2719638209899875e-07,1.8109156312871637e-07,-1.3012021723738559e-07
1604166086333,2020-10-31T13:41:26.333,127.5,-3.830094709284957e-07,1.0256251658059539e-07,-4.108717185347935e-07
1604166086383,2020-10-31T13:41:26.383,127.55,-6.765160468994389e-07,1.9986660525797502e-07,-5.127392676068277e-07
1604166086433,2020-10-31T13:41:26.433,127.6,-5.834906964710647e-07,4.75950980377811e-07,-3.0332234745856573e-07
1604166086483,2020-10-31T13:41:26.483,127.65,-4.7418142744978785e-08,6.379311193372634e-07,-3.1620029438483394e-08
1604166086533,2020-10-31T13:41:26.533,127.7,3.4339140586937103e-07,3.4724272637758507e-07,5.364822729484383e-11
1604166086583,2020-10-31T13:41:26.583,127.75,1.1223325777051534e-07,-1.5412980952755273e-07,-1.1019406861077223e-07
1604166086633,2020-10-31T13:41:26.633,127.8,-5.162248877032754e-07,-2.4630282738400065e-07,-6.970553637885203e-08
1604166086683,2020-10-31T13:41:26.683,127.85,-9.206119178230565e-07,9.899357751194459e-08,8.054472270055325e-08
1604166086733,2020-10-31T13:41:26.733,127.9,-7.130079500278548e-07,3.0205726306581215e-07,7.982376894075117e-08
1604166086783,2020-10-31T13:41:26.783,127.95,-7.084834822573088e-08,2.704985526123084e-07,-4.408525054100218e-08
1604166086833,2020-10-31T13:41:26.833,128.0,4.7650178941489436e-07,4.977465678746778e-07,-8.461135330346244e-08
1604166086883,2020-10-31T13:41:26.883,128.05,6.506413122579844e-07,9.229139371986711e-07,-8.477583380874292e-08
1604166086933,2020-10-31T13:41:26.933,128.1,6.741865374194918e-07,9.297315477803455e-07,-1.6116350976951333e-07
1604166086983,2020-10-31T13:41:26.983,128.15,7.663296102843784e-07,5.425572780127595e-07,-1.8161945296816271e-07
1604166087033,2020-10-31T13:41:27.033,128.2,7.106171700657085e-07,3.384412585704566e-07,-1.2170657907963207e-08
1604166087083,2020-10-31T13:41:27.083,128.25,2.967399050658631e-07,3.248985596321836e-07,2.2808661705837964e-07
1604166087133,2020-10-31T13:41:27.133,128.3,-1.1827625491320982e-07,1.1383027522853145e-07,3.567980044549991e-07
1604166087183,2020-10-31T13:41:27.183,128.35,-4.1882053755946516e-08,-1.7221924340020435e-07,3.273362689209104e-07
1604166087233,2020-10-31T13:41:27.233,128.4,3.537109787185247e-07,-2.3910033854544806e-07,2.4402882301613975e-07
1604166087283,2020-10-31T13:41:27.283,128.45,4.814674506813766e-07,-3.1345781776065795e-07,2.7857331927954555e-07
1604166087333,2020-10-31T13:41:27.333,128.5,2.852435704895362e-07,-5.864062186571459e-07,4.46664237203117e-07
1604166087383,2020-10-31T13:41:27.383,128.55,2.647213763881088e-07,-6.114864291923675e-07,5.234315924610644e-07
1604166087433,2020-10-31T13:41:27.433,128.6,5.826315443916892e-07,-5.695726391488763e-08,3.611796219386028e-07
1604166087483,2020-10-31T13:41:27.483,128.65,8.274542974515389e-07,4.979987838432594e-07,1.7381195752832806e-07
1604166087533,2020-10-31T13:41:27.533,128.7,6.82862327917651e-07,2.5384982823796345e-07,2.701056490351347e-07
1604166087583,2020-10-31T13:41:27.583,128.75,2.927772539092053e-07,-5.796244737292005e-07,5.714747216499536e-07
1604166087633,2020-10-31T13:41:27.633,128.8,2.2622357069773664e-08,-9.405571575590292e-07,7.13317519673111e-07
1604166087683,2020-10-31T13:41:27.683,128.85,1.5108275519927966e-07,-3.9741227057469823e-07,6.101753687302115e-07
1604166087733,2020-10-31T13:41:27.733,128.9,5.890700388982524e-07,2.324331552335031e-07,4.905154676690633e-07
1604166087783,2020-10-31T13:41:27.783,128.95,8.569257552861639e-07,1.2035432684786925e-07,4.2849563471592606e-07
1604166087833,2020-10-31T13:41:27.833,129.0,6.265952527430438e-07,-4.3931795979706854e-07,3.53317833903058e-07
1604166087883,2020-10-31T13:41:27.883,129.05,1.3993631623192895e-07,-7.029415925907148e-07,3.3390403075348377e-07
1604166087933,2020-10-31T13:41:27.933,129.1,-1.5919267819811956e-07,-6.393144662944716e-07,3.9019525832479123e-07
1604166087983,2020-10-31T13:41:27.983,129.15,-1.3215975004368586e-07,-7.281484210180482e-07,3.859892132995691e-07
1604166088033,2020-10-31T13:41:28.033,129.2,1.0604061738942502e-07,-1.0192471483157492e-06,3.8005112550893866e-07
1604166088083,2020-10-31T13:41:28.083,129.25,4.2858086767639155e-07,-1.0533446908351923e-06,5.522795002194806e-07
1604166088133,2020-10-31T13:41:28.133,129.3,6.649991331537986e-07,-6.066432144511982e-07,7.274854017448194e-07
1604166088183,2020-10-31T13:41:28.183,129.35,6.145280429935779e-07,-7.728484118172466e-08,5.814311228477053e-07
1604166088233,2020-10-31T13:41:28.233,129.4,3.713919549207497e-07,-1.550683877606925e-08,2.415218863332321e-07
1604166088283,2020-10-31T13:41:28.283,129.45,2.8410992876085123e-07,-4.2582070593872437e-07,1.3449248045919036e-07
1604166088333,2020-10-31T13:41:28.333,129.5,3.3587362198697873e-07,-7.857900541074327e-07,3.455862337633057e-07
1604166088383,2020-10-31T13:41:28.383,129.55,1.7505947175264978e-07,-7.785359227829106e-07,5.26643870262629e-07
1604166088433,2020-10-31T13:41:28.433,129.6,-9.482390498487607e-08,-6.108572280837002e-07,4.1524217711226465e-07
1604166088483,2020-10-31T13:41:28.483,129.65,-3.418501255015112e-08,-5.344960829308995e-07,2.3489297980854466e-07
1604166088533,2020-10-31T13:41:28.533,129.7,2.246493434911866e-07,-5.529303698641375e-07,4.0498516675827985e-07
1604166088583,2020-10-31T13:41:28.583,129.75,1.526496396409183e-07,-5.875864220751339e-07,8.377289439929201e-07
1604166088633,2020-10-31T13:41:28.633,129.8,-1.8407967887006826e-07,-5.277796458807854e-07,9.57869299748297e-07
1604166088683,2020-10-31T13:41:28.683,129.85,-2.0952956087371762e-07,-3.243590650055922e-07,6.616439127942422e-07
1604166088733,2020-10-31T13:41:28.733,129.9,1.3596388753896058e-07,-1.472392945988755e-07,5.298026408017161e-07
1604166088783,2020-10-31T13:41:28.783,129.95,2.619189439988187e-07,-1.2753129126832035e-07,6.965279821516628e-07
1604166088833,2020-10-31T13:41:28.833,130.0,-6.728082133122669e-08,-2.0349096397653992e-07,5.599314116119192e-07
1604166088883,2020-10-31T13:41:28.883,130.05,-3.3540536158303286e-07,-4.4701962921582534e-07,5.508864579005129e-08
1604166088933,2020-10-31T13:41:28.933,130.1,-1.8362625408570687e-07,-9.472346687626737e-07,-1.1264108769139872e-07
1604166088983,2020-10-31T13:41:28.983,130.15,2.0748818460684806e-08,-1.3070443087445514e-06,1.5519938946404331e-07
1604166089033,2020-10-31T13:41:29.033,130.2,-6.58840702936229e-08,-9.8843049317479e-07,2.3272292026696082e-07
1604166089083,2020-10-31T13:41:29.083,130.25,-2.099003230866879e-07,-1.500176121359169e-07,1.351941688065856e-07
1604166089133,2020-10-31T13:41:29.133,130.3,-1.5865159550357225e-07,4.758871284954131e-07,4.251477853444636e-07
1604166089183,2020-10-31T13:41:29.183,130.35,-1.9418322052601354e-08,4.935961740060573e-07,9.045772456249401e-07
1604166089233,2020-10-31T13:41:29.233,130.4,9.646959442281026e-08,1.7990019569853688e-07,9.086502613266557e-07
1604166089283,2020-10-31T13:41:29.283,130.45,2.0915406790628843e-07,-1.5995696094324638e-08,5.283506467658806e-07
1604166089333,2020-10-31T13:41:29.333,130.5,2.6219443305312276e-07,4.380499442319346e-08,3.3173989657412303e-07
1604166089383,2020-10-31T13:41:29.383,130.55,2.0868926020260347e-07,1.590027089477182e-07,4.2855923794856446e-07
1604166089433,2020-10-31T13:41:29.433,130.6,2.2064156290271986e-07,6.216036369976616e-08,5.749602773319166e-07
1604166089483,2020-10-31T13:41:29.483,130.65,4.7320395717883103e-07,-2.273835590675359e-07,5.964331014141121e-07
1604166089533,2020-10-31T13:41:29.533,130.7,7.483446406648385e-07,-3.7453974862153356e-07,4.0788796562608547e-07
1604166089583,2020-10-31T13:41:29.583,130.75,6.248124035786181e-07,-2.1393025083170574e-07,1.108635926547615e-07
1604166089633,2020-10-31T13:41:29.633,130.8,1.7156844877791848e-07,-4.405857179281257e-09,-7.445066896870909e-09
1604166089683,2020-10-31T13:41:29.683,130.85,2.8672811700033685e-08,3.889080360800752e-08,9.451429914499365e-08
1604166089733,2020-10-31T13:41:29.733,130.9,5.179034275164184e-07,3.082807452683994e-08,9.693607908347529e-08
1604166089783,2020-10-31T13:41:29.783,130.95,1.0353993133163935e-06,3.422570386494627e-08,-1.3214488859768928e-07
1604166089833,2020-10-31T13:41:29.833,131.0,8.020866448483958e-07,-5.4772418787555574e-08,-3.127866004385163e-07
1604166089883,2020-10-31T13:41:29.883,131.05,4.185477806909956e-08,-1.5308586462862247e-07,-2.625342831353814e-07
1604166089933,2020-10-31T13:41:29.933,131.1,-2.619655552130521e-07,-3.181924063033329e-08,-1.3757751991882814e-07
1604166089983,2020-10-31T13:41:29.983,131.15,1.7416161392302493e-07,2.714891005696072e-07,-7.493351689756464e-08
1604166090033,2020-10-31T13:41:30.033,131.2,5.564969288612927e-07,3.802184066100585e-07,-6.62174736794844e-08
1604166090083,2020-10-31T13:41:30.083,131.25,3.2192055111867996e-07,5.99252869363327e-09,-1.4565917834720434e-07
1604166090133,2020-10-31T13:41:30.133,131.3,-8.863500707305868e-08,-5.753869059100539e-07,-3.256866168503876e-07
1604166090183,2020-10-31T13:41:30.183,131.35,-1.4228258916296418e-07,-7.027744424543895e-07,-4.6728808393448797e-07
1604166090233,2020-10-31T13:41:30.233,131.4,-2.897588482867585e-08,-2.12872456147597e-07,-4.5741245648128447e-07
1604166090283,2020-10-31T13:41:30.283,131.45,-9.447685281254419e-08,1.700806812705801e-07,-3.861426896272996e-07
1604166090333,2020-10-31T13:41:30.333,131.5,-1.764027151008549e-07,-1.9136115410475496e-07,-3.809081047710295e-07
1604166090383,2020-10-31T13:41:30.383,131.55,1.688183962692446e-08,-7.99614133200267e-07,-3.6963090995298726e-07
1604166090433,2020-10-31T13:41:30.433,131.6,3.046260759868529e-07,-7.363194512290464e-07,-2.336516701721161e-07
1604166090483,2020-10-31T13:41:30.483,131.65,2.1923543745805203e-07,-1.6030383434972112e-07,-1.0532640903163884e-07
1604166090533,2020-10-31T13:41:30.533,131.7,-2.8321772216874904e-07,2.401597240300715e-08,-1.6246211759590562e-07
1604166090583,2020-10-31T13:41:30.583,131.75,-6.285366708317051e-07,-2.1250933804179265e-07,-2.95121580199758e-07
1604166090633,2020-10-31T13:41:30.633,131.8,-3.928888530479611e-07,-9.058673237792644e-08,-3.7830196709349876e-07
1604166090683,2020-10-31T13:41:30.683,131.85,6.73783350062422e-08,4.677782759009146e-07,-4.7682662972454665e-07
1604166090733,2020-10-31T13:41:30.733,131.9,2.3809311323043918e-07,7.870096477349428e-07,-4.712335293251068e-07
1604166090783,2020-10-31T13:41:30.783,131.95,2.722881497959607e-07,6.638401755994033e-07,-1.636018949744637e-07
1604166090833,2020-10-31T13:41:30.833,132.0,5.262816038053111e-07,4.202643719712551e-07,1.5994488167455363e-07
1604166090883,2020-10-31T13:41:30.883,132.05,7.616227519593168e-07,1.1073029967410659e-07,1.1694346796303788e-07
1604166090933,2020-10-31T13:41:30.933,132.1,5.756018586864107e-07,-3.004955605315654e-07,-2.820235113739427e-08
1604166090983,2020-10-31T13:41:30.983,132.15,1.546386123897097e-07,-4.48867162869737e-07,1.5470118383559007e-07
1604166091033,2020-10-31T13:41:31.033,132.2,-9.913456301254495e-08,-1.140368699587612e-07,4.3759729211394126e-07
1604166091083,2020-10-31T13:41:31.083,132.25,-2.1093411240231731e-07,2.1092320098144826e-07,3.200812755352139e-07
1604166091133,2020-10-31T13:41:31.133,132.3,-3.429737394703576e-07,-7.54518915245084e-09,-1.0548978880634612e-07
1604166091183,2020-10-31T13:41:31.183,132.35,-3.7443639703816605e-07,-5.278196038885882e-07,-2.4176210942894404e-07
1604166091233,2020-10-31T13:41:31.233,132.4,-2.0750857526877655e-07,-7.59949684586226e-07,1.5458461375794255e-07
1604166091283,2020-10-31T13:41:31.283,132.45,-4.174105877796031e-09,-6.224371892418691e-07,5.865309871943786e-07
1604166091333,2020-10-31T13:41:31.333,132.5,1.1929062200872395e-07,-4.4419479632458804e-07,4.7481245954451394e-07
1604166091383,2020-10-31T13:41:31.383,132.55,1.7141899438651025e-07,-3.2464429132408463e-07,-3.6649143863049244e-08
1604166091433,2020-10-31T13:41:31.433,132.6,1.1039200794146169e-07,-1.7134106225002836e-07,-3.688091933731921e-07
1604166091483,2020-10-31T13:41:31.483,132.65,5.001659592102199e-08,-1.1457114201844273e-07,-4.4713007201216266e-07
1604166091533,2020-10-31T13:41:31.533,132.7,2.810398114164289e-07,-2.5430560374589736e-07,-6.716826838618333e-07
1604166091583,2020-10-31T13:41:31.583,132.75,6.51790943728852e-07,-3.149360277356966e-07,-1.0018803557587798e-06
1604166091633,2020-10-31T13:41:31.633,132.8,5.771362392411474e-07,-1.0663748963792802e-07,-8.97803428527172e-07
1604166091683,2020-10-31T13:41:31.683,132.85,4.294533634036842e-08,1.2904674136250481e-07,-2.988396710147548e-07
1604166091733,2020-10-31T13:41:31.733,132.9,-2.5659791742510855e-07,1.621212155946404e-07,1.0719526069796488e-07
1604166091783,2020-10-31T13:41:31.783,132.95,-3.3999233847674625e-08,5.480790989308315e-08,-7.99342119125371e-08
1604166091833,2020-10-31T13:41:31.833,133.0,2.918778194299245e-07,-5.034540831860656e-08,-3.358836271801145e-07
1604166091883,2020-10-31T13:41:31.883,133.05,4.483093211415779e-07,-7.159519192816566e-08,-1.549435380071624e-07
1604166091933,2020-10-31T13:41:31.933,133.1,5.3311974331388e-07,-6.053916519520695e-08,8.358365481958955e-08
1604166091983,2020-10-31T13:41:31.983,133.15,5.393134036550943e-07,-1.8274149957217427e-07,-7.248689123759296e-08
1604166092033,2020-10-31T13:41:32.033,133.2,3.872527205425913e-07,-4.37566255679661e-07,-3.039711487147152e-07
1604166092083,2020-10-31T13:41:32.083,133.25,2.0829148804459318e-07,-6.222360042582274e-07,-1.9846844413069435e-07
1604166092133,2020-10-31T13:41:32.133,133.3,2.010729523378042e-07,-6.778520941171838e-07,1.1660156594135307e-07
1604166092183,2020-10-31T13:41:32.183,133.35,3.681701654956861e-07,-7.225202706376314e-07,4.237162216256176e-07
1604166092233,2020-10-31T13:41:32.233,133.4,4.944853953947009e-07,-7.395131808656738e-07,6.702446540147402e-07
1604166092283,2020-10-31T13:41:32.283,133.45,3.7531281523029114e-07,-5.435146671511543e-07,7.346099155310903e-07
1604166092333,2020-10-31T13:41:32.333,133.5,7.288980692091441e-08,-1.1127745467045676e-07,5.78363087728693e-07
1604166092383,2020-10-31T13:41:32.383,133.55,-1.8804624660729923e-07,1.8727691456163824e-07,4.320635428986312e-07
1604166092433,2020-10-31T13:41:32.433,133.6,-2.9317752762919207e-07,-1.9750380832780652e-08,4.3085226450856295e-07
1604166092483,2020-10-31T13:41:32.483,133.65,-2.196473972867253e-07,-4.0076081037422585e-07,4.18022392289245e-07
1604166092533,2020-10-31T13:41:32.533,133.7,-1.3385316031365847e-08,-2.2941301935121756e-07,3.249613614260548e-07
1604166092583,2020-10-31T13:41:32.583,133.75,8.568723691002194e-08,3.5604870215591464e-07,2.733002728268549e-07
1604166092633,2020-10-31T13:41:32.633,133.8,-1.0821171641603735e-07,3.6109130860886326e-07,2.4183167499907316e-07
1604166092683,2020-10-31T13:41:32.683,133.85,-3.4719880601405974e-07,-3.5709162498128835e-07,1.595795087179849e-07
1604166092733,2020-10-31T13:41:32.733,133.9,-2.5496687522480774e-07,-5.72281250130707e-07,1.790243153083109e-07
1604166092783,2020-10-31T13:41:32.783,133.95,3.601408418168136e-08,3.4863910018222606e-07,3.5783326833516804e-07
1604166092833,2020-10-31T13:41:32.833,134.0,7.571602161135436e-09,1.1929745936127874e-06,4.363563185382889e-07
1604166092883,2020-10-31T13:41:32.883,134.05,-4.165449764656244e-07,7.669337983773928e-07,3.375361939787759e-07
1604166092933,2020-10-31T13:41:32.933,134.1,-6.63703588096299e-07,-1.574745134106747e-07,3.376116581295249e-07
1604166092983,2020-10-31T13:41:32.983,134.15,-3.988219698871096e-07,-1.70138797487554e-07,4.2442739498684407e-07
1604166093033,2020-10-31T13:41:33.033,134.2,-4.736766496621116e-08,5.775378308237328e-07,2.0878895281123682e-07
1604166093083,2020-10-31T13:41:33.083,134.25,-3.584763973456912e-08,8.941760319456056e-07,-2.5492495098754594e-07
1604166093133,2020-10-31T13:41:33.133,134.3,-1.7842059566865437e-07,4.1899432442284434e-07,-4.0454625619052384e-07
1604166093183,2020-10-31T13:41:33.183,134.35,-2.5169057047746866e-07,-1.2483664666952958e-07,-1.1766415811553772e-07
1604166093233,2020-10-31T13:41:33.233,134.4,-3.900418030922419e-07,-1.2594939195578396e-07,1.2778852951227268e-07
1604166093283,2020-10-31T13:41:33.283,134.45,-4.931584168536015e-07,1.5192360043486132e-07,7.789193683801803e-08
1604166093333,2020-10-31T13:41:33.333,134.5,-1.7624711223148983e-07,9.930326386368998e-08,-4.211660608025647e-08
1604166093383,2020-10-31T13:41:33.383,134.55,3.232078666217844e-07,-2.8590260498015943e-07,-1.1518915123609477e-08
1604166093433,2020-10-31T13:41:33.433,134.6,2.5776543215906105e-07,-4.2088165954455105e-07,1.429824098849345e-07
1604166093483,2020-10-31T13:41:33.483,134.65,-3.327449912187344e-07,-4.1333822275029594e-08,2.734346957845603e-07
1604166093533,2020-10-31T13:41:33.533,134.7,-5.581260343666465e-07,4.0036935951276154e-07,2.4448506214738963e-07
1604166093583,2020-10-31T13:41:33.583,134.75,-1.159859250840023e-07,4.0497143182968175e-07,5.950752774002293e-08
1604166093633,2020-10-31T13:41:33.633,134.8,2.4865465327239704e-07,1.434150277332015e-07,-6.553144552193864e-08
1604166093683,2020-10-31T13:41:33.683,134.85,-5.853437978516125e-08,1.100515046758583e-07,7.749938674974381e-08
1604166093733,2020-10-31T13:41:33.733,134.9,-6.137776534451367e-07,2.985953855448393e-07,2.9827174563774975e-07
1604166093783,2020-10-31T13:41:33.783,134.95,-6.30543028293913e-07,2.9822170140055374e-07,1.3297126725051915e-07
1604166093833,2020-10-31T13:41:33.833,135.0,-8.722605010457236e-08,5.1406335749009836e-08,-3.81704680610476e-07
1604166093883,2020-10-31T13:41:33.883,135.05,2.4553090543976723e-07,-9.108550136216274e-08,-5.105967713306811e-07
1604166093933,2020-10-31T13:41:33.933,135.1,-9.014142545583308e-08,2.126772171317515e-08,1.2959366699770745e-07
1604166093983,2020-10-31T13:41:33.983,135.15,-6.352074306946615e-07,1.770960035708129e-07,8.259049478951325e-07
1604166094033,2020-10-31T13:41:34.033,135.2,-7.583821079127963e-07,2.0092948192540344e-07,6.954160034825239e-07
1604166094083,2020-10-31T13:41:34.083,135.25,-4.5532025217832356e-07,1.507099186640196e-07,-3.3906475248666945e-08
1604166094133,2020-10-31T13:41:34.133,135.3,-1.329089103407547e-07,1.3845012008888008e-07,-3.603670594852055e-07
1604166094183,2020-10-31T13:41:34.183,135.35,-6.290885465550851e-08,1.80487539048049e-07,5.1637899836521526e-08
1604166094233,2020-10-31T13:41:34.233,135.4,-2.1425576806716036e-07,2.1268722608838318e-07,5.520397850855553e-07
1604166094283,2020-10-31T13:41:34.283,135.45,-3.757260756860571e-07,1.6668844781411889e-07,6.34513812834457e-07
1604166094333,2020-10-31T13:41:34.333,135.5,-4.0969828157196755e-07,6.942879756317971e-08,4.777593523666224e-07
1604166094383,2020-10-31T13:41:34.383,135.55,-3.444410272961388e-07,2.8812981174661044e-08,2.9296506033710226e-07
1604166094433,2020-10-31T13:41:34.433,135.6,-1.8636847030302048e-07,7.157567426439985e-08,1.0424561569243911e-07
1604166094483,2020-10-31T13:41:34.483,135.65,5.778402248413609e-08,1.3767986689436805e-07,1.21118193542573e-07
1604166094533,2020-10-31T13:41:34.533,135.7,1.6112969967824105e-07,2.1212703606479932e-07,4.175642038218794e-07
1604166094583,2020-10-31T13:41:34.583,135.75,-7.650128591513737e-08,2.478295512650373e-07,5.617982463717021e-07
1604166094633,2020-10-31T13:41:34.633,135.8,-4.053218641548974e-07,1.6164776162952412e-07,3.1919951101592917e-07
1604166094683,2020-10-31T13:41:34.683,135.85,-4.2387009370013204e-07,9.560587026090814e-08,1.4498795195009484e-07
1604166094733,2020-10-31T13:41:34.733,135.9,-1.9820533788636185e-07,2.2595728162250747e-07,3.81814443121834e-07
1604166094783,2020-10-31T13:41:34.783,135.95,-1.105836874858729e-07,3.1624927218270304e-07,6.09194597409186e-07
1604166094833,2020-10-31T13:41:34.833,136.0,-2.4676566674495275e-07,1.3434945238425828e-07,3.1412095506071795e-07
1604166094883,2020-10-31T13:41:34.883,136.05,-3.894975442750147e-07,-1.430193699461884e-08,-2.639234140234224e-07
1604166094933,2020-10-31T13:41:34.933,136.1,-4.3255343498981555e-07,1.2914408699329315e-07,-4.975580404553625e-07
1604166094983,2020-10-31T13:41:34.983,136.15,-4.3294998848558226e-07,3.2443709715773735e-07,-2.939551352514579e-07
1604166095033,2020-10-31T13:41:35.033,136.2,-4.2597519090112694e-07,4.0759695055392606e-07,-4.8540921485460915e-08
1604166095083,2020-10-31T13:41:35.083,136.25,-4.11791434974203e-07,4.5295463336550103e-07,7.033129777779338e-08
1604166095133,2020-10-31T13:41:35.133,136.3,-4.3336997834301313e-07,3.8746668547054867e-07,1.7230607252583607e-07
1604166095183,2020-10-31T13:41:35.183,136.35,-5.44424658962664e-07,2.6551321482915966e-07,2.420625851515512e-07
1604166095233,2020-10-31T13:41:35.233,136.4,-6.537443638973099e-07,4.0477778817581124e-07,1.5100516574926767e-07
1604166095283,2020-10-31T13:41:35.283,136.45,-5.503415003082789e-07,6.775198334919284e-07,-9.006317026214256e-08
1604166095333,2020-10-31T13:41:35.333,136.5,-2.9038222668211024e-07,5.097404056142781e-07,-2.9929007676097296e-07
1604166095383,2020-10-31T13:41:35.383,136.55,-2.6006852899119126e-07,-9.794161510171304e-08,-3.449115319926783e-07
1604166095433,2020-10-31T13:41:35.433,136.6,-5.011252898955417e-07,-4.151969107998538e-07,-3.0400280161757206e-07
1604166095483,2020-10-31T13:41:35.483,136.65,-5.084620790962557e-07,-5.9472729514289715e-08,-2.6762851170906385e-07
1604166095533,2020-10-31T13:41:35.533,136.7,-1.471754393715241e-07,4.3885900307126695e-07,-1.901202478590939e-07
1604166095583,2020-10-31T13:41:35.583,136.75,2.081748313019407e-08,4.133785690911107e-07,-9.913451499859678e-08
1604166095633,2020-10-31T13:41:35.633,136.8,-2.4418325969820785e-07,-2.87385978591576e-08,-9.472116012006725e-08
1604166095683,2020-10-31T13:41:35.683,136.85,-4.782468367597531e-07,-2.7349045232896896e-07,-1.0451460748011873e-07
1604166095733,2020-10-31T13:41:35.733,136.9,-4.0264188151742443e-07,-1.304418555367014e-07,-4.850978869156795e-08
1604166095783,2020-10-31T13:41:35.783,136.95,-2.5115043396597856e-07,3.2172428911697046e-08,-3.731069354172627e-08
1604166095833,2020-10-31T13:41:35.833,137.0,-2.0141613218263096e-07,7.514697982467941e-09,-7.259102106699795e-08
1604166095883,2020-10-31T13:41:35.883,137.05,-1.4070107662173472e-07,2.176015442308742e-08,5.402463397986382e-08
1604166095933,2020-10-31T13:41:35.933,137.1,1.0092444629677726e-07,1.7991391295596872e-07,3.56867532167525e-07
1604166095983,2020-10-31T13:41:35.983,137.15,4.573034628877962e-07,2.0991924118625796e-07,5.592090930960069e-07
1604166096033,2020-10-31T13:41:36.033,137.2,5.680870075917633e-07,2.4969537270923262e-08,4.899118873979359e-07
1604166096083,2020-10-31T13:41:36.083,137.25,2.623894561357116e-07,-1.8479176851778207e-08,2.722028248939421e-07
1604166096133,2020-10-31T13:41:36.133,137.3,-1.2440268521094678e-07,2.0138447575233207e-07,9.064694797430568e-08
1604166096183,2020-10-31T13:41:36.183,137.35,-2.5547887339008726e-07,2.2965986707040268e-07,6.518657995385223e-09
1604166096233,2020-10-31T13:41:36.233,137.4,-1.6521885172670285e-07,-1.8464369861897524e-07,5.203766572025484e-08
1604166096283,2020-10-31T13:41:36.283,137.45,3.72355556652407e-08,-5.877420382587734e-07,2.41172147775507e-07
1604166096333,2020-10-31T13:41:36.333,137.5,2.882044982992553e-07,-5.290339135615397e-07,3.507320550120956e-07
1604166096383,2020-10-31T13:41:36.383,137.55,4.1977607888388865e-07,-1.4106240258269837e-07,3.326129702344161e-08
1604166096433,2020-10-31T13:41:36.433,137.6,3.109946576018395e-07,2.298600869481509e-07,-5.900086437461527e-07
1604166096483,2020-10-31T13:41:36.483,137.65,4.391032485444321e-08,3.4189753876725343e-07,-7.995283713810374e-07
1604166096533,2020-10-31T13:41:36.533,137.7,-1.8998516803177437e-07,1.0473136213420005e-07,-1.4424377554379707e-07
1604166096583,2020-10-31T13:41:36.583,137.75,-1.5120387829856018e-07,-1.7317494503095696e-07,7.844418952573935e-07
1604166096633,2020-10-31T13:41:36.633,137.8,2.0519176825562664e-07,-8.277670753369431e-08,9.648360230691712e-07
1604166096683,2020-10-31T13:41:36.683,137.85,4.521033971855048e-07,1.4499432425583113e-07,3.0748649430279606e-07
1604166096733,2020-10-31T13:41:36.733,137.9,2.1868864096038157e-07,3.5441293555986044e-08,-2.0039258411800605e-07
1604166096783,2020-10-31T13:41:36.783,137.95,-1.3955097091322135e-07,-1.9523013541806957e-07,9.204604523113384e-08
1604166096833,2020-10-31T13:41:36.833,138.0,-8.407993310639489e-08,-8.22888688334848e-08,6.044194297707963e-07
1604166096883,2020-10-31T13:41:36.883,138.05,2.8962459077290057e-07,1.7720394757403618e-07,5.282569023455722e-07
1604166096933,2020-10-31T13:41:36.933,138.1,5.90681421088782e-07,1.5524561994043168e-07,1.239835322800507e-07
1604166096983,2020-10-31T13:41:36.983,138.15,6.9350081803172e-07,-1.0099069615765241e-08,2.0287075277783474e-07
1604166097033,2020-10-31T13:41:37.033,138.2,5.568084885876865e-07,4.716313774817858e-08,7.203469175844607e-07
1604166097083,2020-10-31T13:41:37.083,138.25,2.0196261149665722e-07,2.7330217068995093e-07,9.058011333426154e-07
1604166097133,2020-10-31T13:41:37.133,138.3,3.756177598871584e-08,3.760554356375054e-07,5.387944705194072e-07
1604166097183,2020-10-31T13:41:37.183,138.35,4.1960453530907656e-07,2.844738226813014e-07,8.455193146163991e-08
1604166097233,2020-10-31T13:41:37.233,138.4,9.195542730473385e-07,1.138667526828216e-07,-1.3136369668293995e-07
1604166097283,2020-10-31T13:41:37.283,138.45,8.412538371969392e-07,-6.319451894152379e-08,-4.88552801868681e-08
1604166097333,2020-10-31T13:41:37.333,138.5,2.8427272238665394e-07,-1.491534989715922e-07,3.208769721514846e-07
1604166097383,2020-10-31T13:41:37.383,138.55,-8.894358619004923e-08,4.496018624739785e-08,6.33436077612741e-07
1604166097433,2020-10-31T13:41:37.433,138.6,-3.088165082577009e-08,4.5091857076627277e-07,3.926214034146061e-07
1604166097483,2020-10-31T13:41:37.483,138.65,2.140493799439268e-07,6.090257247598666e-07,-2.802255202499402e-07
1604166097533,2020-10-31T13:41:37.533,138.7,3.9841588371900824e-07,3.3896955386345717e-07,-6.715893268266039e-07
1604166097583,2020-10-31T13:41:37.583,138.75,3.807714663364192e-07,1.2742777577566566e-07,-4.244990815856668e-07
1604166097633,2020-10-31T13:41:37.633,138.8,1.5378650920509748e-07,2.988725967788921e-07,-2.6203670637730452e-09
1604166097683,2020-10-31T13:41:37.683,138.85,-6.583804140198206e-08,3.66471762087432e-07,-6.33631715503052e-08
1604166097733,2020-10-31T13:41:37.733,138.9,-9.508798376078665e-08,-9.064958848638228e-08,-5.861964146883766e-07
1604166097783,2020-10-31T13:41:37.783,138.95,-4.445536739657183e-08,-4.864358612196093e-07,-8.801316322895108e-07
1604166097833,2020-10-31T13:41:37.833,139.0,-9.476125216195704e-08,-5.379849034871017e-08,-5.480502587842044e-07
1604166097883,2020-10-31T13:41:37.883,139.05,-2.1001189175528948e-07,8.258671511092894e-07,-1.053425635193115e-07
1604166097933,2020-10-31T13:41:37.933,139.1,-2.1567525894469507e-07,1.1135986003974455e-06,-2.1878023221613951e-07
1604166097983,2020-10-31T13:41:37.983,139.15,-2.844024082766231e-08,6.86390265306249e-07,-6.530290687642847e-07
1604166098033,2020-10-31T13:41:38.033,139.2,2.2257431865606146e-07,4.0420874259088715e-07,-7.119081413829839e-07
1604166098083,2020-10-31T13:41:38.083,139.25,3.0654233015386356e-07,6.64358972430853e-07,-4.7415752893918636e-07
1604166098133,2020-10-31T13:41:38.133,139.3,1.8539497813863198e-07,9.232435230127711e-07,-5.87623092686189e-07
1604166098183,2020-10-31T13:41:38.183,139.35,3.4021113901288766e-08,7.964334859307166e-07,-1.0194965530844113e-06
1604166098233,2020-10-31T13:41:38.233,139.4,-5.654084220461689e-08,5.795619243761585e-07,-1.1517420868967177e-06
1604166098283,2020-10-31T13:41:38.283,139.45,-3.6690054126349354e-08,4.2755400979156534e-07,-9.631373476929392e-07
1604166098333,2020-10-31T13:41:38.333,139.5,2.734768356701553e-07,7.111478455746333e-08,-9.897660517172235e-07
1604166098383,2020-10-31T13:41:38.383,139.55,7.476017658993919e-07,-4.194536297027326e-07,-1.228054427777706e-06
1604166098433,2020-10-31T13:41:38.433,139.6,7.346116410682506e-07,-5.267260493618128e-07,-1.057684261580307e-06
1604166098483,2020-10-31T13:41:38.483,139.65,-2.3224320053262536e-08,-1.0799685447929634e-07,-2.7371096631201956e-07
