2026-04-08 18:39:32  ============================================================
2026-04-08 18:39:32  cnn  |  window=200  step=150
2026-04-08 18:39:32  Device  : cuda:5
2026-04-08 18:39:32  Flatten : True
2026-04-08 18:39:32  Log     : /home/mahmudm2/codebase/ClassyGlass/scripts/benchmark/logs/cnn_W200_S150.log
2026-04-08 18:39:32  Model   : /home/mahmudm2/codebase/ClassyGlass/scripts/benchmark/models/cnn_best_W200_S150.pth
2026-04-08 18:39:32  Figures : /home/mahmudm2/codebase/ClassyGlass/scripts/benchmark/figures
2026-04-08 18:39:32  ============================================================
2026-04-08 18:39:36  Loaded 9790 windows | window=200  step=150 | 129 experiments | 12 subjects | 0 experiments skipped
2026-04-08 18:39:36  ────────────────────────────────────────────────────────────
2026-04-08 18:39:36  LOSO fold — held-out: User1 (563 test windows, 9227 train windows)
2026-04-08 18:39:41    epoch   1  loss 1.8973  acc 0.2485  val_loss 1.7013  val_acc 0.2744
2026-04-08 18:39:43    epoch   2  loss 1.7352  acc 0.2761  val_loss 1.6396  val_acc 0.3102
2026-04-08 18:39:45    epoch   3  loss 1.6999  acc 0.2852  val_loss 1.6464  val_acc 0.2842
2026-04-08 18:39:48    epoch   4  loss 1.6740  acc 0.3033  val_loss 1.6301  val_acc 0.3059
2026-04-08 18:39:50    epoch   5  loss 1.6586  acc 0.3046  val_loss 1.5993  val_acc 0.3080
2026-04-08 18:39:52    epoch   6  loss 1.6585  acc 0.3097  val_loss 1.5901  val_acc 0.3232
2026-04-08 18:39:54    epoch   7  loss 1.6586  acc 0.3040  val_loss 1.5915  val_acc 0.2928
2026-04-08 18:39:57    epoch   8  loss 1.6379  acc 0.3169  val_loss 1.5869  val_acc 0.3200
2026-04-08 18:39:59    epoch   9  loss 1.6485  acc 0.3144  val_loss 1.6189  val_acc 0.3026
2026-04-08 18:40:01    epoch  10  loss 1.6369  acc 0.3156  val_loss 1.5780  val_acc 0.3460
2026-04-08 18:40:03    epoch  11  loss 1.6324  acc 0.3225  val_loss 1.5794  val_acc 0.3503
2026-04-08 18:40:05    epoch  12  loss 1.6285  acc 0.3299  val_loss 1.5961  val_acc 0.2907
2026-04-08 18:40:08    epoch  13  loss 1.6320  acc 0.3244  val_loss 1.5714  val_acc 0.3579
2026-04-08 18:40:10    epoch  14  loss 1.6304  acc 0.3264  val_loss 1.5702  val_acc 0.3503
2026-04-08 18:40:12    epoch  15  loss 1.6207  acc 0.3312  val_loss 1.6040  val_acc 0.3395
2026-04-08 18:40:14    epoch  16  loss 1.6280  acc 0.3269  val_loss 1.5739  val_acc 0.3319
2026-04-08 18:40:16    epoch  17  loss 1.6080  acc 0.3349  val_loss 1.5717  val_acc 0.3265
2026-04-08 18:40:18    epoch  18  loss 1.6091  acc 0.3367  val_loss 1.5705  val_acc 0.3644
2026-04-08 18:40:21    epoch  19  loss 1.6058  acc 0.3376  val_loss 1.5668  val_acc 0.3514
2026-04-08 18:40:23    epoch  20  loss 1.6060  acc 0.3340  val_loss 1.5797  val_acc 0.3395
2026-04-08 18:40:25    epoch  21  loss 1.5982  acc 0.3352  val_loss 1.5586  val_acc 0.3525
2026-04-08 18:40:27    epoch  22  loss 1.5986  acc 0.3429  val_loss 1.5927  val_acc 0.3341
2026-04-08 18:40:29    epoch  23  loss 1.6048  acc 0.3362  val_loss 1.5465  val_acc 0.3557
2026-04-08 18:40:31    epoch  24  loss 1.6004  acc 0.3404  val_loss 1.5681  val_acc 0.3167
2026-04-08 18:40:33    epoch  25  loss 1.5933  acc 0.3446  val_loss 1.5412  val_acc 0.3666
2026-04-08 18:40:36    epoch  26  loss 1.5928  acc 0.3515  val_loss 1.5395  val_acc 0.3590
2026-04-08 18:40:38    epoch  27  loss 1.5928  acc 0.3471  val_loss 1.5688  val_acc 0.3395
2026-04-08 18:40:40    epoch  28  loss 1.5837  acc 0.3477  val_loss 1.5336  val_acc 0.3633
2026-04-08 18:40:42    epoch  29  loss 1.5729  acc 0.3521  val_loss 1.5332  val_acc 0.3579
2026-04-08 18:40:44    epoch  30  loss 1.5842  acc 0.3477  val_loss 1.5650  val_acc 0.3427
2026-04-08 18:40:46    epoch  31  loss 1.5807  acc 0.3541  val_loss 1.5355  val_acc 0.3677
2026-04-08 18:40:48    epoch  32  loss 1.5839  acc 0.3514  val_loss 1.5382  val_acc 0.3644
2026-04-08 18:40:51    epoch  33  loss 1.5691  acc 0.3547  val_loss 1.5342  val_acc 0.3742
2026-04-08 18:40:53    epoch  34  loss 1.5751  acc 0.3511  val_loss 1.5724  val_acc 0.3362
2026-04-08 18:40:55    epoch  35  loss 1.5512  acc 0.3633  val_loss 1.5261  val_acc 0.3688
2026-04-08 18:40:57    epoch  36  loss 1.5445  acc 0.3710  val_loss 1.5408  val_acc 0.3785
2026-04-08 18:40:59    epoch  37  loss 1.5455  acc 0.3692  val_loss 1.5156  val_acc 0.3720
2026-04-08 18:41:01    epoch  38  loss 1.5492  acc 0.3705  val_loss 1.5129  val_acc 0.3764
2026-04-08 18:41:04    epoch  39  loss 1.5408  acc 0.3723  val_loss 1.5077  val_acc 0.3818
2026-04-08 18:41:06    epoch  40  loss 1.5573  acc 0.3629  val_loss 1.5425  val_acc 0.3601
2026-04-08 18:41:08    epoch  41  loss 1.5471  acc 0.3710  val_loss 1.5238  val_acc 0.3612
2026-04-08 18:41:10    epoch  42  loss 1.5410  acc 0.3790  val_loss 1.5146  val_acc 0.3774
2026-04-08 18:41:12    epoch  43  loss 1.5390  acc 0.3742  val_loss 1.5036  val_acc 0.3970
2026-04-08 18:41:15    epoch  44  loss 1.5383  acc 0.3654  val_loss 1.5199  val_acc 0.3666
2026-04-08 18:41:17    epoch  45  loss 1.5434  acc 0.3674  val_loss 1.5374  val_acc 0.3644
2026-04-08 18:41:19    epoch  46  loss 1.5437  acc 0.3765  val_loss 1.5053  val_acc 0.3818
2026-04-08 18:41:21    epoch  47  loss 1.5332  acc 0.3798  val_loss 1.5031  val_acc 0.3894
2026-04-08 18:41:23    epoch  48  loss 1.5471  acc 0.3764  val_loss 1.5133  val_acc 0.3764
2026-04-08 18:41:25    epoch  49  loss 1.5349  acc 0.3664  val_loss 1.5015  val_acc 0.3839
2026-04-08 18:41:27    epoch  50  loss 1.5222  acc 0.3800  val_loss 1.4967  val_acc 0.3926
2026-04-08 18:41:30    epoch  51  loss 1.5336  acc 0.3777  val_loss 1.4973  val_acc 0.3796
2026-04-08 18:41:32    epoch  52  loss 1.5277  acc 0.3754  val_loss 1.4902  val_acc 0.3894
2026-04-08 18:41:34    epoch  53  loss 1.5223  acc 0.3862  val_loss 1.4924  val_acc 0.3850
2026-04-08 18:41:36    epoch  54  loss 1.5225  acc 0.3843  val_loss 1.4949  val_acc 0.3796
2026-04-08 18:41:38    epoch  55  loss 1.5186  acc 0.3819  val_loss 1.5160  val_acc 0.3818
2026-04-08 18:41:40    epoch  56  loss 1.5253  acc 0.3817  val_loss 1.4904  val_acc 0.3980
2026-04-08 18:41:43    epoch  57  loss 1.5260  acc 0.3888  val_loss 1.4860  val_acc 0.4121
2026-04-08 18:41:45    epoch  58  loss 1.5146  acc 0.3860  val_loss 1.4817  val_acc 0.3926
2026-04-08 18:41:47    epoch  59  loss 1.5155  acc 0.3847  val_loss 1.4765  val_acc 0.3883
2026-04-08 18:41:49    epoch  60  loss 1.5092  acc 0.3864  val_loss 1.5061  val_acc 0.3839
2026-04-08 18:41:51    epoch  61  loss 1.5138  acc 0.3894  val_loss 1.5045  val_acc 0.3709
2026-04-08 18:41:53    epoch  62  loss 1.5148  acc 0.3939  val_loss 1.4913  val_acc 0.3937
2026-04-08 18:41:56    epoch  63  loss 1.5150  acc 0.3899  val_loss 1.4684  val_acc 0.4089
2026-04-08 18:41:58    epoch  64  loss 1.5193  acc 0.3874  val_loss 1.4936  val_acc 0.3850
2026-04-08 18:42:00    epoch  65  loss 1.5085  acc 0.3858  val_loss 1.4815  val_acc 0.3905
2026-04-08 18:42:02    epoch  66  loss 1.5026  acc 0.3890  val_loss 1.4775  val_acc 0.3839
2026-04-08 18:42:04    epoch  67  loss 1.4984  acc 0.3880  val_loss 1.4871  val_acc 0.3818
2026-04-08 18:42:06    epoch  68  loss 1.5114  acc 0.3904  val_loss 1.4692  val_acc 0.4089
2026-04-08 18:42:09    epoch  69  loss 1.4911  acc 0.3983  val_loss 1.4620  val_acc 0.4046
2026-04-08 18:42:11    epoch  70  loss 1.4865  acc 0.3949  val_loss 1.4754  val_acc 0.4056
2026-04-08 18:42:13    epoch  71  loss 1.5001  acc 0.3955  val_loss 1.4600  val_acc 0.4197
2026-04-08 18:42:15    epoch  72  loss 1.4888  acc 0.3966  val_loss 1.4870  val_acc 0.4067
2026-04-08 18:42:17    epoch  73  loss 1.4896  acc 0.4000  val_loss 1.4723  val_acc 0.4013
2026-04-08 18:42:19    epoch  74  loss 1.4858  acc 0.3977  val_loss 1.4624  val_acc 0.4013
2026-04-08 18:42:21    epoch  75  loss 1.4845  acc 0.4033  val_loss 1.4696  val_acc 0.3926
2026-04-08 18:42:24    epoch  76  loss 1.4774  acc 0.4040  val_loss 1.4569  val_acc 0.4089
2026-04-08 18:42:26    epoch  77  loss 1.4854  acc 0.4002  val_loss 1.4583  val_acc 0.4067
2026-04-08 18:42:28    epoch  78  loss 1.4884  acc 0.3982  val_loss 1.4594  val_acc 0.4089
2026-04-08 18:42:30    epoch  79  loss 1.4737  acc 0.4066  val_loss 1.4599  val_acc 0.4013
2026-04-08 18:42:32    epoch  80  loss 1.4803  acc 0.3990  val_loss 1.5199  val_acc 0.3720
2026-04-08 18:42:34    epoch  81  loss 1.4763  acc 0.4061  val_loss 1.4789  val_acc 0.3915
2026-04-08 18:42:36    epoch  82  loss 1.4673  acc 0.4098  val_loss 1.4541  val_acc 0.4100
2026-04-08 18:42:39    epoch  83  loss 1.4763  acc 0.4055  val_loss 1.4458  val_acc 0.4111
2026-04-08 18:42:41    epoch  84  loss 1.4706  acc 0.4014  val_loss 1.4489  val_acc 0.4143
2026-04-08 18:42:43    epoch  85  loss 1.4669  acc 0.4142  val_loss 1.4440  val_acc 0.4165
2026-04-08 18:42:45    epoch  86  loss 1.4680  acc 0.4057  val_loss 1.4498  val_acc 0.4111
2026-04-08 18:42:47    epoch  87  loss 1.4758  acc 0.4077  val_loss 1.4632  val_acc 0.4100
2026-04-08 18:42:49    epoch  88  loss 1.4655  acc 0.4096  val_loss 1.4475  val_acc 0.4078
2026-04-08 18:42:52    epoch  89  loss 1.4667  acc 0.4079  val_loss 1.4434  val_acc 0.4197
2026-04-08 18:42:54    epoch  90  loss 1.4694  acc 0.4049  val_loss 1.4505  val_acc 0.4154
2026-04-08 18:42:56    epoch  91  loss 1.4757  acc 0.4051  val_loss 1.4467  val_acc 0.4121
2026-04-08 18:42:58    epoch  92  loss 1.4541  acc 0.4138  val_loss 1.4427  val_acc 0.4121
2026-04-08 18:43:00    epoch  93  loss 1.4787  acc 0.4051  val_loss 1.4561  val_acc 0.3970
2026-04-08 18:43:02    epoch  94  loss 1.4675  acc 0.4130  val_loss 1.4452  val_acc 0.4121
2026-04-08 18:43:05    epoch  95  loss 1.4628  acc 0.4092  val_loss 1.4494  val_acc 0.4089
2026-04-08 18:43:07    epoch  96  loss 1.4703  acc 0.4051  val_loss 1.4607  val_acc 0.4035
2026-04-08 18:43:09    epoch  97  loss 1.4662  acc 0.4069  val_loss 1.4514  val_acc 0.4165
2026-04-08 18:43:11    epoch  98  loss 1.4687  acc 0.4024  val_loss 1.4363  val_acc 0.4143
2026-04-08 18:43:13    epoch  99  loss 1.4634  acc 0.4129  val_loss 1.4459  val_acc 0.4187
2026-04-08 18:43:16    epoch 100  loss 1.4636  acc 0.4088  val_loss 1.4408  val_acc 0.4197
2026-04-08 18:43:16    User1 accuracy: 0.2789
2026-04-08 18:43:16    ✓ New best model saved (User1 held out, acc=0.2789)
2026-04-08 18:43:16  ────────────────────────────────────────────────────────────
2026-04-08 18:43:16  LOSO fold — held-out: User2 (521 test windows, 9269 train windows)
2026-04-08 18:43:18    epoch   1  loss 1.9256  acc 0.2328  val_loss 1.7085  val_acc 0.2948
2026-04-08 18:43:20    epoch   2  loss 1.7712  acc 0.2706  val_loss 1.6447  val_acc 0.3089
2026-04-08 18:43:23    epoch   3  loss 1.7376  acc 0.2801  val_loss 1.6222  val_acc 0.2970
2026-04-08 18:43:25    epoch   4  loss 1.7086  acc 0.2946  val_loss 1.6132  val_acc 0.3143
2026-04-08 18:43:27    epoch   5  loss 1.7051  acc 0.2951  val_loss 1.6095  val_acc 0.2991
2026-04-08 18:43:29    epoch   6  loss 1.6840  acc 0.3016  val_loss 1.6047  val_acc 0.3207
2026-04-08 18:43:31    epoch   7  loss 1.6766  acc 0.3011  val_loss 1.5885  val_acc 0.3315
2026-04-08 18:43:33    epoch   8  loss 1.6726  acc 0.3050  val_loss 1.5996  val_acc 0.3164
2026-04-08 18:43:36    epoch   9  loss 1.6688  acc 0.3097  val_loss 1.5913  val_acc 0.3035
2026-04-08 18:43:38    epoch  10  loss 1.6664  acc 0.3142  val_loss 1.5785  val_acc 0.3251
2026-04-08 18:43:40    epoch  11  loss 1.6563  acc 0.3170  val_loss 1.5781  val_acc 0.3186
2026-04-08 18:43:42    epoch  12  loss 1.6552  acc 0.3181  val_loss 1.5715  val_acc 0.3423
2026-04-08 18:43:44    epoch  13  loss 1.6610  acc 0.3157  val_loss 1.5727  val_acc 0.3423
2026-04-08 18:43:47    epoch  14  loss 1.6536  acc 0.3185  val_loss 1.5621  val_acc 0.3510
2026-04-08 18:43:49    epoch  15  loss 1.6563  acc 0.3234  val_loss 1.5984  val_acc 0.3477
2026-04-08 18:43:51    epoch  16  loss 1.6533  acc 0.3242  val_loss 1.5587  val_acc 0.3283
2026-04-08 18:43:53    epoch  17  loss 1.6327  acc 0.3301  val_loss 1.5971  val_acc 0.3261
2026-04-08 18:43:55    epoch  18  loss 1.6471  acc 0.3325  val_loss 1.5653  val_acc 0.3283
2026-04-08 18:43:57    epoch  19  loss 1.6428  acc 0.3325  val_loss 1.5703  val_acc 0.3305
2026-04-08 18:44:00    epoch  20  loss 1.6361  acc 0.3329  val_loss 1.5627  val_acc 0.3229
2026-04-08 18:44:02    epoch  21  loss 1.6306  acc 0.3258  val_loss 1.5678  val_acc 0.3369
2026-04-08 18:44:04    epoch  22  loss 1.6262  acc 0.3375  val_loss 1.5402  val_acc 0.3488
2026-04-08 18:44:06    epoch  23  loss 1.6205  acc 0.3325  val_loss 1.5556  val_acc 0.3467
2026-04-08 18:44:08    epoch  24  loss 1.6114  acc 0.3379  val_loss 1.5510  val_acc 0.3542
2026-04-08 18:44:10    epoch  25  loss 1.6062  acc 0.3430  val_loss 1.5308  val_acc 0.3596
2026-04-08 18:44:13    epoch  26  loss 1.6109  acc 0.3369  val_loss 1.5281  val_acc 0.3391
2026-04-08 18:44:15    epoch  27  loss 1.6046  acc 0.3460  val_loss 1.5555  val_acc 0.3747
2026-04-08 18:44:17    epoch  28  loss 1.6033  acc 0.3469  val_loss 1.5308  val_acc 0.3542
2026-04-08 18:44:19    epoch  29  loss 1.6036  acc 0.3415  val_loss 1.5325  val_acc 0.3445
2026-04-08 18:44:21    epoch  30  loss 1.6023  acc 0.3439  val_loss 1.5244  val_acc 0.3726
2026-04-08 18:44:23    epoch  31  loss 1.6014  acc 0.3446  val_loss 1.5292  val_acc 0.3369
2026-04-08 18:44:25    epoch  32  loss 1.6019  acc 0.3452  val_loss 1.5338  val_acc 0.3477
2026-04-08 18:44:28    epoch  33  loss 1.5995  acc 0.3518  val_loss 1.5202  val_acc 0.3629
2026-04-08 18:44:30    epoch  34  loss 1.6014  acc 0.3531  val_loss 1.5289  val_acc 0.3639
2026-04-08 18:44:32    epoch  35  loss 1.5847  acc 0.3512  val_loss 1.5176  val_acc 0.3618
2026-04-08 18:44:34    epoch  36  loss 1.5962  acc 0.3525  val_loss 1.5370  val_acc 0.3780
2026-04-08 18:44:36    epoch  37  loss 1.5826  acc 0.3510  val_loss 1.5261  val_acc 0.3704
2026-04-08 18:44:38    epoch  38  loss 1.5918  acc 0.3553  val_loss 1.5166  val_acc 0.3618
2026-04-08 18:44:41    epoch  39  loss 1.5862  acc 0.3585  val_loss 1.5224  val_acc 0.3629
2026-04-08 18:44:43    epoch  40  loss 1.5789  acc 0.3649  val_loss 1.5396  val_acc 0.3639
2026-04-08 18:44:45    epoch  41  loss 1.5877  acc 0.3596  val_loss 1.5218  val_acc 0.3510
2026-04-08 18:44:47    epoch  42  loss 1.5902  acc 0.3635  val_loss 1.5643  val_acc 0.3510
2026-04-08 18:44:49    epoch  43  loss 1.5828  acc 0.3571  val_loss 1.5144  val_acc 0.3715
2026-04-08 18:44:51    epoch  44  loss 1.5726  acc 0.3578  val_loss 1.5181  val_acc 0.3650
2026-04-08 18:44:54    epoch  45  loss 1.5740  acc 0.3614  val_loss 1.5042  val_acc 0.3737
2026-04-08 18:44:56    epoch  46  loss 1.5772  acc 0.3615  val_loss 1.5036  val_acc 0.3790
2026-04-08 18:44:58    epoch  47  loss 1.5769  acc 0.3605  val_loss 1.5247  val_acc 0.3575
2026-04-08 18:45:00    epoch  48  loss 1.5687  acc 0.3601  val_loss 1.5025  val_acc 0.3672
2026-04-08 18:45:02    epoch  49  loss 1.5595  acc 0.3764  val_loss 1.5014  val_acc 0.3855
2026-04-08 18:45:04    epoch  50  loss 1.5647  acc 0.3711  val_loss 1.5123  val_acc 0.3747
2026-04-08 18:45:06    epoch  51  loss 1.5676  acc 0.3785  val_loss 1.5005  val_acc 0.3758
2026-04-08 18:45:09    epoch  52  loss 1.5693  acc 0.3622  val_loss 1.5111  val_acc 0.3974
2026-04-08 18:45:11    epoch  53  loss 1.5605  acc 0.3651  val_loss 1.5228  val_acc 0.3693
2026-04-08 18:45:13    epoch  54  loss 1.5517  acc 0.3779  val_loss 1.4878  val_acc 0.3963
2026-04-08 18:45:15    epoch  55  loss 1.5609  acc 0.3695  val_loss 1.4975  val_acc 0.3855
2026-04-08 18:45:17    epoch  56  loss 1.5539  acc 0.3732  val_loss 1.4872  val_acc 0.3834
2026-04-08 18:45:19    epoch  57  loss 1.5522  acc 0.3766  val_loss 1.5025  val_acc 0.3704
2026-04-08 18:45:22    epoch  58  loss 1.5591  acc 0.3732  val_loss 1.5090  val_acc 0.3650
2026-04-08 18:45:24    epoch  59  loss 1.5490  acc 0.3743  val_loss 1.4823  val_acc 0.3888
2026-04-08 18:45:26    epoch  60  loss 1.5478  acc 0.3768  val_loss 1.4848  val_acc 0.4114
2026-04-08 18:45:28    epoch  61  loss 1.5451  acc 0.3744  val_loss 1.4716  val_acc 0.4028
2026-04-08 18:45:30    epoch  62  loss 1.5466  acc 0.3747  val_loss 1.4838  val_acc 0.3877
2026-04-08 18:45:32    epoch  63  loss 1.5473  acc 0.3812  val_loss 1.4930  val_acc 0.3812
2026-04-08 18:45:35    epoch  64  loss 1.5410  acc 0.3794  val_loss 1.4767  val_acc 0.3942
2026-04-08 18:45:37    epoch  65  loss 1.5450  acc 0.3749  val_loss 1.5937  val_acc 0.3488
2026-04-08 18:45:39    epoch  66  loss 1.5411  acc 0.3749  val_loss 1.4738  val_acc 0.4158
2026-04-08 18:45:41    epoch  67  loss 1.5260  acc 0.3850  val_loss 1.4643  val_acc 0.3888
2026-04-08 18:45:43    epoch  68  loss 1.5182  acc 0.3869  val_loss 1.4739  val_acc 0.3866
2026-04-08 18:45:45    epoch  69  loss 1.5169  acc 0.3848  val_loss 1.4650  val_acc 0.4017
2026-04-08 18:45:48    epoch  70  loss 1.5262  acc 0.3873  val_loss 1.4577  val_acc 0.3963
2026-04-08 18:45:50    epoch  71  loss 1.5276  acc 0.3894  val_loss 1.4642  val_acc 0.3996
2026-04-08 18:45:52    epoch  72  loss 1.5146  acc 0.3899  val_loss 1.4622  val_acc 0.4125
2026-04-08 18:45:54    epoch  73  loss 1.5184  acc 0.3951  val_loss 1.5072  val_acc 0.3737
2026-04-08 18:45:56    epoch  74  loss 1.5208  acc 0.3929  val_loss 1.4640  val_acc 0.4136
2026-04-08 18:45:58    epoch  75  loss 1.5186  acc 0.3873  val_loss 1.4651  val_acc 0.4060
2026-04-08 18:46:01    epoch  76  loss 1.5090  acc 0.3912  val_loss 1.4570  val_acc 0.4071
2026-04-08 18:46:03    epoch  77  loss 1.4992  acc 0.4002  val_loss 1.4507  val_acc 0.4028
2026-04-08 18:46:05    epoch  78  loss 1.5111  acc 0.3869  val_loss 1.4612  val_acc 0.3952
2026-04-08 18:46:07    epoch  79  loss 1.5012  acc 0.3960  val_loss 1.4506  val_acc 0.4147
2026-04-08 18:46:09    epoch  80  loss 1.5055  acc 0.3964  val_loss 1.4563  val_acc 0.4028
2026-04-08 18:46:12    epoch  81  loss 1.5001  acc 0.4001  val_loss 1.4500  val_acc 0.4082
2026-04-08 18:46:14    epoch  82  loss 1.5099  acc 0.3933  val_loss 1.4506  val_acc 0.4071
2026-04-08 18:46:16    epoch  83  loss 1.5042  acc 0.3947  val_loss 1.4574  val_acc 0.4114
2026-04-08 18:46:18    epoch  84  loss 1.5032  acc 0.3970  val_loss 1.4561  val_acc 0.3996
2026-04-08 18:46:20    epoch  85  loss 1.5097  acc 0.3979  val_loss 1.4482  val_acc 0.4179
2026-04-08 18:46:22    epoch  86  loss 1.5027  acc 0.3982  val_loss 1.4642  val_acc 0.4006
2026-04-08 18:46:25    epoch  87  loss 1.5066  acc 0.3982  val_loss 1.4533  val_acc 0.4104
2026-04-08 18:46:27    epoch  88  loss 1.5048  acc 0.4001  val_loss 1.4621  val_acc 0.3920
2026-04-08 18:46:29    epoch  89  loss 1.5076  acc 0.3997  val_loss 1.4526  val_acc 0.4039
2026-04-08 18:46:31    epoch  90  loss 1.5023  acc 0.3985  val_loss 1.4464  val_acc 0.4060
2026-04-08 18:46:33    epoch  91  loss 1.4988  acc 0.4001  val_loss 1.4431  val_acc 0.4158
2026-04-08 18:46:36    epoch  92  loss 1.4987  acc 0.3895  val_loss 1.4469  val_acc 0.4212
2026-04-08 18:46:38    epoch  93  loss 1.4934  acc 0.3971  val_loss 1.4463  val_acc 0.4071
2026-04-08 18:46:40    epoch  94  loss 1.5038  acc 0.3928  val_loss 1.4417  val_acc 0.4158
2026-04-08 18:46:42    epoch  95  loss 1.5088  acc 0.3976  val_loss 1.4447  val_acc 0.4125
2026-04-08 18:46:44    epoch  96  loss 1.5053  acc 0.3959  val_loss 1.4486  val_acc 0.4168
2026-04-08 18:46:47    epoch  97  loss 1.4950  acc 0.4032  val_loss 1.4407  val_acc 0.4147
2026-04-08 18:46:49    epoch  98  loss 1.4906  acc 0.4027  val_loss 1.4433  val_acc 0.4028
2026-04-08 18:46:51    epoch  99  loss 1.4986  acc 0.3948  val_loss 1.4717  val_acc 0.3823
2026-04-08 18:46:53    epoch 100  loss 1.4931  acc 0.4031  val_loss 1.4406  val_acc 0.4276
2026-04-08 18:46:53    User2 accuracy: 0.4722
2026-04-08 18:46:53    ✓ New best model saved (User2 held out, acc=0.4722)
2026-04-08 18:46:54  ────────────────────────────────────────────────────────────
2026-04-08 18:46:54  LOSO fold — held-out: User3 (519 test windows, 9271 train windows)
2026-04-08 18:46:56    epoch   1  loss 1.9104  acc 0.2445  val_loss 1.7162  val_acc 0.3172
2026-04-08 18:46:58    epoch   2  loss 1.7776  acc 0.2765  val_loss 1.6665  val_acc 0.3128
2026-04-08 18:47:00    epoch   3  loss 1.7254  acc 0.2912  val_loss 1.6556  val_acc 0.3096
2026-04-08 18:47:02    epoch   4  loss 1.7120  acc 0.2850  val_loss 1.6440  val_acc 0.3247
2026-04-08 18:47:04    epoch   5  loss 1.6896  acc 0.2981  val_loss 1.6791  val_acc 0.3355
2026-04-08 18:47:07    epoch   6  loss 1.6814  acc 0.3061  val_loss 1.6149  val_acc 0.3193
2026-04-08 18:47:09    epoch   7  loss 1.6888  acc 0.3035  val_loss 1.6089  val_acc 0.3301
2026-04-08 18:47:11    epoch   8  loss 1.6616  acc 0.3091  val_loss 1.6010  val_acc 0.3247
2026-04-08 18:47:13    epoch   9  loss 1.6604  acc 0.3117  val_loss 1.6024  val_acc 0.3430
2026-04-08 18:47:15    epoch  10  loss 1.6541  acc 0.3159  val_loss 1.5848  val_acc 0.3722
2026-04-08 18:47:18    epoch  11  loss 1.6603  acc 0.3156  val_loss 1.5898  val_acc 0.3452
2026-04-08 18:47:20    epoch  12  loss 1.6536  acc 0.3198  val_loss 1.5989  val_acc 0.3420
2026-04-08 18:47:22    epoch  13  loss 1.6480  acc 0.3199  val_loss 1.5849  val_acc 0.3376
2026-04-08 18:47:24    epoch  14  loss 1.6552  acc 0.3128  val_loss 1.6006  val_acc 0.3441
2026-04-08 18:47:26    epoch  15  loss 1.6470  acc 0.3215  val_loss 1.5929  val_acc 0.3808
2026-04-08 18:47:28    epoch  16  loss 1.6323  acc 0.3247  val_loss 1.5739  val_acc 0.3420
2026-04-08 18:47:30    epoch  17  loss 1.6361  acc 0.3284  val_loss 1.5817  val_acc 0.3538
2026-04-08 18:47:33    epoch  18  loss 1.6220  acc 0.3315  val_loss 1.5838  val_acc 0.3635
2026-04-08 18:47:35    epoch  19  loss 1.6167  acc 0.3284  val_loss 1.5774  val_acc 0.3398
2026-04-08 18:47:37    epoch  20  loss 1.6178  acc 0.3343  val_loss 1.5735  val_acc 0.3506
2026-04-08 18:47:39    epoch  21  loss 1.6224  acc 0.3277  val_loss 1.5668  val_acc 0.3776
2026-04-08 18:47:41    epoch  22  loss 1.6149  acc 0.3389  val_loss 1.5704  val_acc 0.3398
2026-04-08 18:47:43    epoch  23  loss 1.6039  acc 0.3351  val_loss 1.5649  val_acc 0.3409
2026-04-08 18:47:46    epoch  24  loss 1.6131  acc 0.3382  val_loss 1.5768  val_acc 0.3420
2026-04-08 18:47:48    epoch  25  loss 1.5986  acc 0.3425  val_loss 1.5584  val_acc 0.3506
2026-04-08 18:47:50    epoch  26  loss 1.6141  acc 0.3298  val_loss 1.5895  val_acc 0.3603
2026-04-08 18:47:52    epoch  27  loss 1.6087  acc 0.3404  val_loss 1.5521  val_acc 0.3560
2026-04-08 18:47:54    epoch  28  loss 1.5949  acc 0.3473  val_loss 1.5697  val_acc 0.3517
2026-04-08 18:47:56    epoch  29  loss 1.6059  acc 0.3326  val_loss 1.5741  val_acc 0.3420
2026-04-08 18:47:59    epoch  30  loss 1.6174  acc 0.3449  val_loss 1.5544  val_acc 0.3635
2026-04-08 18:48:01    epoch  31  loss 1.6024  acc 0.3408  val_loss 1.5658  val_acc 0.3797
2026-04-08 18:48:03    epoch  32  loss 1.6040  acc 0.3405  val_loss 1.5726  val_acc 0.3474
2026-04-08 18:48:05    epoch  33  loss 1.5986  acc 0.3464  val_loss 1.5549  val_acc 0.3851
2026-04-08 18:48:07    epoch  34  loss 1.5822  acc 0.3474  val_loss 1.5430  val_acc 0.3592
2026-04-08 18:48:09    epoch  35  loss 1.5939  acc 0.3516  val_loss 1.5459  val_acc 0.3722
2026-04-08 18:48:12    epoch  36  loss 1.5825  acc 0.3477  val_loss 1.5485  val_acc 0.3754
2026-04-08 18:48:14    epoch  37  loss 1.5900  acc 0.3551  val_loss 1.5541  val_acc 0.3646
2026-04-08 18:48:16    epoch  38  loss 1.5666  acc 0.3568  val_loss 1.5468  val_acc 0.3797
2026-04-08 18:48:18    epoch  39  loss 1.5918  acc 0.3477  val_loss 1.5406  val_acc 0.3830
2026-04-08 18:48:20    epoch  40  loss 1.5896  acc 0.3442  val_loss 1.5397  val_acc 0.3646
2026-04-08 18:48:23    epoch  41  loss 1.5731  acc 0.3538  val_loss 1.5452  val_acc 0.3679
2026-04-08 18:48:25    epoch  42  loss 1.5789  acc 0.3538  val_loss 1.5553  val_acc 0.3657
2026-04-08 18:48:27    epoch  43  loss 1.5727  acc 0.3521  val_loss 1.5398  val_acc 0.3625
2026-04-08 18:48:29    epoch  44  loss 1.5738  acc 0.3551  val_loss 1.5415  val_acc 0.3689
2026-04-08 18:48:31    epoch  45  loss 1.5638  acc 0.3645  val_loss 1.5446  val_acc 0.3808
2026-04-08 18:48:33    epoch  46  loss 1.5781  acc 0.3515  val_loss 1.5343  val_acc 0.3765
2026-04-08 18:48:36    epoch  47  loss 1.5646  acc 0.3613  val_loss 1.5323  val_acc 0.3797
2026-04-08 18:48:38    epoch  48  loss 1.5651  acc 0.3582  val_loss 1.5350  val_acc 0.3711
2026-04-08 18:48:40    epoch  49  loss 1.5587  acc 0.3618  val_loss 1.5316  val_acc 0.3668
2026-04-08 18:48:42    epoch  50  loss 1.5635  acc 0.3673  val_loss 1.5296  val_acc 0.3765
2026-04-08 18:48:44    epoch  51  loss 1.5611  acc 0.3615  val_loss 1.5412  val_acc 0.3786
2026-04-08 18:48:46    epoch  52  loss 1.5636  acc 0.3591  val_loss 1.5457  val_acc 0.3765
2026-04-08 18:48:49    epoch  53  loss 1.5591  acc 0.3628  val_loss 1.5717  val_acc 0.3754
2026-04-08 18:48:51    epoch  54  loss 1.5694  acc 0.3618  val_loss 1.5320  val_acc 0.3851
2026-04-08 18:48:53    epoch  55  loss 1.5621  acc 0.3637  val_loss 1.5322  val_acc 0.3873
2026-04-08 18:48:55    epoch  56  loss 1.5571  acc 0.3683  val_loss 1.5319  val_acc 0.3862
2026-04-08 18:48:57    epoch  57  loss 1.5597  acc 0.3597  val_loss 1.5290  val_acc 0.3862
2026-04-08 18:48:59    epoch  58  loss 1.5598  acc 0.3666  val_loss 1.5325  val_acc 0.3883
2026-04-08 18:49:02    epoch  59  loss 1.5637  acc 0.3674  val_loss 1.5264  val_acc 0.3797
2026-04-08 18:49:04    epoch  60  loss 1.5570  acc 0.3586  val_loss 1.5336  val_acc 0.3851
2026-04-08 18:49:06    epoch  61  loss 1.5469  acc 0.3641  val_loss 1.5267  val_acc 0.3883
2026-04-08 18:49:08    epoch  62  loss 1.5619  acc 0.3647  val_loss 1.5324  val_acc 0.3786
2026-04-08 18:49:10    epoch  63  loss 1.5487  acc 0.3731  val_loss 1.5266  val_acc 0.3851
2026-04-08 18:49:12    epoch  64  loss 1.5519  acc 0.3709  val_loss 1.5264  val_acc 0.3862
2026-04-08 18:49:15    epoch  65  loss 1.5588  acc 0.3726  val_loss 1.5271  val_acc 0.3840
2026-04-08 18:49:17    epoch  66  loss 1.5494  acc 0.3657  val_loss 1.5251  val_acc 0.3851
2026-04-08 18:49:19    epoch  67  loss 1.5566  acc 0.3615  val_loss 1.5258  val_acc 0.3851
2026-04-08 18:49:21    epoch  68  loss 1.5506  acc 0.3627  val_loss 1.5253  val_acc 0.3883
2026-04-08 18:49:23    epoch  69  loss 1.5481  acc 0.3683  val_loss 1.5399  val_acc 0.3786
2026-04-08 18:49:25    epoch  70  loss 1.5493  acc 0.3660  val_loss 1.5242  val_acc 0.3840
2026-04-08 18:49:27    epoch  71  loss 1.5516  acc 0.3691  val_loss 1.5310  val_acc 0.3873
2026-04-08 18:49:30    epoch  72  loss 1.5488  acc 0.3702  val_loss 1.5259  val_acc 0.3873
2026-04-08 18:49:32    epoch  73  loss 1.5574  acc 0.3647  val_loss 1.5252  val_acc 0.3862
2026-04-08 18:49:34    epoch  74  loss 1.5520  acc 0.3712  val_loss 1.5331  val_acc 0.3819
2026-04-08 18:49:36    epoch  75  loss 1.5493  acc 0.3738  val_loss 1.5240  val_acc 0.3840
2026-04-08 18:49:38    epoch  76  loss 1.5487  acc 0.3704  val_loss 1.5255  val_acc 0.3916
2026-04-08 18:49:40    epoch  77  loss 1.5493  acc 0.3635  val_loss 1.5279  val_acc 0.3894
2026-04-08 18:49:43    epoch  78  loss 1.5503  acc 0.3679  val_loss 1.5260  val_acc 0.3840
2026-04-08 18:49:45    epoch  79  loss 1.5486  acc 0.3661  val_loss 1.5310  val_acc 0.3851
2026-04-08 18:49:47    epoch  80  loss 1.5496  acc 0.3657  val_loss 1.5385  val_acc 0.3786
2026-04-08 18:49:49    epoch  81  loss 1.5499  acc 0.3636  val_loss 1.5254  val_acc 0.3894
2026-04-08 18:49:51    epoch  82  loss 1.5385  acc 0.3679  val_loss 1.5296  val_acc 0.3851
2026-04-08 18:49:53    epoch  83  loss 1.5466  acc 0.3685  val_loss 1.5267  val_acc 0.3851
2026-04-08 18:49:53    Early stopping at epoch 83
2026-04-08 18:49:54    User3 accuracy: 0.3892
2026-04-08 18:49:54  ────────────────────────────────────────────────────────────
2026-04-08 18:49:54  LOSO fold — held-out: User4 (548 test windows, 9242 train windows)
2026-04-08 18:49:56    epoch   1  loss 1.9393  acc 0.2261  val_loss 1.7229  val_acc 0.2608
2026-04-08 18:49:58    epoch   2  loss 1.7776  acc 0.2704  val_loss 1.6626  val_acc 0.2976
2026-04-08 18:50:01    epoch   3  loss 1.7340  acc 0.2919  val_loss 1.6063  val_acc 0.3398
2026-04-08 18:50:03    epoch   4  loss 1.7235  acc 0.2914  val_loss 1.6061  val_acc 0.3171
2026-04-08 18:50:05    epoch   5  loss 1.6910  acc 0.3033  val_loss 1.5861  val_acc 0.3214
2026-04-08 18:50:07    epoch   6  loss 1.6918  acc 0.3018  val_loss 1.5711  val_acc 0.3149
2026-04-08 18:50:09    epoch   7  loss 1.6797  acc 0.3110  val_loss 1.5892  val_acc 0.3139
2026-04-08 18:50:11    epoch   8  loss 1.6797  acc 0.3107  val_loss 1.5649  val_acc 0.3409
2026-04-08 18:50:13    epoch   9  loss 1.6701  acc 0.3135  val_loss 1.5748  val_acc 0.3366
2026-04-08 18:50:16    epoch  10  loss 1.6617  acc 0.3215  val_loss 1.5664  val_acc 0.3442
2026-04-08 18:50:18    epoch  11  loss 1.6665  acc 0.3151  val_loss 1.5818  val_acc 0.3279
2026-04-08 18:50:20    epoch  12  loss 1.6514  acc 0.3205  val_loss 1.5808  val_acc 0.3203
2026-04-08 18:50:22    epoch  13  loss 1.6575  acc 0.3149  val_loss 1.5656  val_acc 0.3279
2026-04-08 18:50:24    epoch  14  loss 1.6342  acc 0.3308  val_loss 1.5633  val_acc 0.3366
2026-04-08 18:50:26    epoch  15  loss 1.6409  acc 0.3287  val_loss 1.5446  val_acc 0.3506
2026-04-08 18:50:29    epoch  16  loss 1.6363  acc 0.3325  val_loss 1.5491  val_acc 0.3647
2026-04-08 18:50:31    epoch  17  loss 1.6356  acc 0.3314  val_loss 1.5504  val_acc 0.3626
2026-04-08 18:50:33    epoch  18  loss 1.6239  acc 0.3348  val_loss 1.5382  val_acc 0.3647
2026-04-08 18:50:35    epoch  19  loss 1.6294  acc 0.3376  val_loss 1.5384  val_acc 0.3496
2026-04-08 18:50:37    epoch  20  loss 1.6309  acc 0.3388  val_loss 1.5434  val_acc 0.3680
2026-04-08 18:50:39    epoch  21  loss 1.6268  acc 0.3381  val_loss 1.5798  val_acc 0.3615
2026-04-08 18:50:41    epoch  22  loss 1.6220  acc 0.3406  val_loss 1.5463  val_acc 0.3571
2026-04-08 18:50:44    epoch  23  loss 1.6165  acc 0.3437  val_loss 1.5438  val_acc 0.3420
2026-04-08 18:50:46    epoch  24  loss 1.6209  acc 0.3406  val_loss 1.5279  val_acc 0.3517
2026-04-08 18:50:48    epoch  25  loss 1.6110  acc 0.3495  val_loss 1.5309  val_acc 0.3734
2026-04-08 18:50:50    epoch  26  loss 1.6130  acc 0.3484  val_loss 1.5483  val_acc 0.3561
2026-04-08 18:50:52    epoch  27  loss 1.6057  acc 0.3409  val_loss 1.5254  val_acc 0.3485
2026-04-08 18:50:54    epoch  28  loss 1.6012  acc 0.3525  val_loss 1.5281  val_acc 0.3777
2026-04-08 18:50:57    epoch  29  loss 1.6130  acc 0.3467  val_loss 1.5247  val_acc 0.3626
2026-04-08 18:50:59    epoch  30  loss 1.6023  acc 0.3532  val_loss 1.5292  val_acc 0.3604
2026-04-08 18:51:01    epoch  31  loss 1.5904  acc 0.3532  val_loss 1.5165  val_acc 0.3734
2026-04-08 18:51:03    epoch  32  loss 1.5941  acc 0.3504  val_loss 1.5237  val_acc 0.3582
2026-04-08 18:51:05    epoch  33  loss 1.6054  acc 0.3507  val_loss 1.5217  val_acc 0.3626
2026-04-08 18:51:08    epoch  34  loss 1.5939  acc 0.3496  val_loss 1.5253  val_acc 0.3777
2026-04-08 18:51:10    epoch  35  loss 1.5945  acc 0.3486  val_loss 1.5280  val_acc 0.3820
2026-04-08 18:51:12    epoch  36  loss 1.6000  acc 0.3533  val_loss 1.5207  val_acc 0.3864
2026-04-08 18:51:14    epoch  37  loss 1.5919  acc 0.3567  val_loss 1.5140  val_acc 0.3777
2026-04-08 18:51:16    epoch  38  loss 1.5876  acc 0.3571  val_loss 1.5133  val_acc 0.3831
2026-04-08 18:51:18    epoch  39  loss 1.5893  acc 0.3543  val_loss 1.5227  val_acc 0.3604
2026-04-08 18:51:21    epoch  40  loss 1.5865  acc 0.3561  val_loss 1.5123  val_acc 0.3874
2026-04-08 18:51:23    epoch  41  loss 1.5874  acc 0.3543  val_loss 1.5137  val_acc 0.3842
2026-04-08 18:51:25    epoch  42  loss 1.5939  acc 0.3524  val_loss 1.5225  val_acc 0.3604
2026-04-08 18:51:27    epoch  43  loss 1.5900  acc 0.3533  val_loss 1.5237  val_acc 0.3766
2026-04-08 18:51:29    epoch  44  loss 1.5882  acc 0.3578  val_loss 1.5128  val_acc 0.3820
2026-04-08 18:51:31    epoch  45  loss 1.5824  acc 0.3566  val_loss 1.5140  val_acc 0.3658
2026-04-08 18:51:34    epoch  46  loss 1.5758  acc 0.3634  val_loss 1.5111  val_acc 0.3755
2026-04-08 18:51:36    epoch  47  loss 1.5808  acc 0.3566  val_loss 1.5058  val_acc 0.3777
2026-04-08 18:51:38    epoch  48  loss 1.5852  acc 0.3533  val_loss 1.5124  val_acc 0.3820
2026-04-08 18:51:40    epoch  49  loss 1.5762  acc 0.3580  val_loss 1.5136  val_acc 0.3777
2026-04-08 18:51:42    epoch  50  loss 1.5737  acc 0.3626  val_loss 1.5090  val_acc 0.3810
2026-04-08 18:51:44    epoch  51  loss 1.5783  acc 0.3621  val_loss 1.5079  val_acc 0.3820
2026-04-08 18:51:47    epoch  52  loss 1.5825  acc 0.3631  val_loss 1.5068  val_acc 0.3755
2026-04-08 18:51:49    epoch  53  loss 1.5748  acc 0.3609  val_loss 1.5131  val_acc 0.3680
2026-04-08 18:51:51    epoch  54  loss 1.5779  acc 0.3572  val_loss 1.5060  val_acc 0.3658
2026-04-08 18:51:53    epoch  55  loss 1.5782  acc 0.3575  val_loss 1.5058  val_acc 0.3745
2026-04-08 18:51:55    epoch  56  loss 1.5903  acc 0.3518  val_loss 1.5136  val_acc 0.3799
2026-04-08 18:51:57    epoch  57  loss 1.5790  acc 0.3639  val_loss 1.5085  val_acc 0.3831
2026-04-08 18:52:00    epoch  58  loss 1.5717  acc 0.3532  val_loss 1.5094  val_acc 0.3820
2026-04-08 18:52:02    epoch  59  loss 1.5826  acc 0.3661  val_loss 1.5059  val_acc 0.3745
2026-04-08 18:52:04    epoch  60  loss 1.5676  acc 0.3639  val_loss 1.5112  val_acc 0.3799
2026-04-08 18:52:06    epoch  61  loss 1.5704  acc 0.3627  val_loss 1.5076  val_acc 0.3701
2026-04-08 18:52:08    epoch  62  loss 1.5819  acc 0.3607  val_loss 1.5036  val_acc 0.3810
2026-04-08 18:52:10    epoch  63  loss 1.5733  acc 0.3629  val_loss 1.5068  val_acc 0.3896
2026-04-08 18:52:13    epoch  64  loss 1.5666  acc 0.3667  val_loss 1.5051  val_acc 0.3788
2026-04-08 18:52:15    epoch  65  loss 1.5834  acc 0.3571  val_loss 1.5056  val_acc 0.3755
2026-04-08 18:52:17    epoch  66  loss 1.5815  acc 0.3619  val_loss 1.5056  val_acc 0.3755
2026-04-08 18:52:19    epoch  67  loss 1.5737  acc 0.3591  val_loss 1.5055  val_acc 0.3864
2026-04-08 18:52:21    epoch  68  loss 1.5728  acc 0.3658  val_loss 1.5046  val_acc 0.3810
2026-04-08 18:52:23    epoch  69  loss 1.5762  acc 0.3607  val_loss 1.5037  val_acc 0.3831
2026-04-08 18:52:26    epoch  70  loss 1.5702  acc 0.3640  val_loss 1.5047  val_acc 0.3799
2026-04-08 18:52:26    Early stopping at epoch 70
2026-04-08 18:52:26    User4 accuracy: 0.3431
2026-04-08 18:52:26  ────────────────────────────────────────────────────────────
2026-04-08 18:52:26  LOSO fold — held-out: User5 (542 test windows, 9248 train windows)
2026-04-08 18:52:28    epoch   1  loss 1.9440  acc 0.2400  val_loss 1.7282  val_acc 0.2933
2026-04-08 18:52:31    epoch   2  loss 1.7730  acc 0.2728  val_loss 1.6336  val_acc 0.3117
2026-04-08 18:52:33    epoch   3  loss 1.7309  acc 0.2857  val_loss 1.6341  val_acc 0.3052
2026-04-08 18:52:35    epoch   4  loss 1.7040  acc 0.3005  val_loss 1.5933  val_acc 0.3333
2026-04-08 18:52:37    epoch   5  loss 1.6963  acc 0.2995  val_loss 1.5868  val_acc 0.3387
2026-04-08 18:52:39    epoch   6  loss 1.6853  acc 0.3014  val_loss 1.5847  val_acc 0.3485
2026-04-08 18:52:41    epoch   7  loss 1.6702  acc 0.3039  val_loss 1.5636  val_acc 0.3474
2026-04-08 18:52:43    epoch   8  loss 1.6756  acc 0.3069  val_loss 1.6119  val_acc 0.3247
2026-04-08 18:52:46    epoch   9  loss 1.6628  acc 0.3114  val_loss 1.5643  val_acc 0.3939
2026-04-08 18:52:48    epoch  10  loss 1.6658  acc 0.3143  val_loss 1.5647  val_acc 0.3506
2026-04-08 18:52:50    epoch  11  loss 1.6573  acc 0.3166  val_loss 1.5544  val_acc 0.3701
2026-04-08 18:52:52    epoch  12  loss 1.6589  acc 0.3105  val_loss 1.5965  val_acc 0.3323
2026-04-08 18:52:54    epoch  13  loss 1.6533  acc 0.3239  val_loss 1.5665  val_acc 0.3496
2026-04-08 18:52:56    epoch  14  loss 1.6502  acc 0.3239  val_loss 1.5451  val_acc 0.3561
2026-04-08 18:52:59    epoch  15  loss 1.6525  acc 0.3175  val_loss 1.5475  val_acc 0.3755
2026-04-08 18:53:01    epoch  16  loss 1.6462  acc 0.3178  val_loss 1.5428  val_acc 0.3626
2026-04-08 18:53:03    epoch  17  loss 1.6644  acc 0.3187  val_loss 1.5425  val_acc 0.3874
2026-04-08 18:53:05    epoch  18  loss 1.6551  acc 0.3173  val_loss 1.5335  val_acc 0.3994
2026-04-08 18:53:07    epoch  19  loss 1.6399  acc 0.3248  val_loss 1.5546  val_acc 0.3517
2026-04-08 18:53:09    epoch  20  loss 1.6376  acc 0.3199  val_loss 1.5721  val_acc 0.3463
2026-04-08 18:53:12    epoch  21  loss 1.6409  acc 0.3262  val_loss 1.5534  val_acc 0.3929
2026-04-08 18:53:14    epoch  22  loss 1.6415  acc 0.3276  val_loss 1.5366  val_acc 0.3929
2026-04-08 18:53:16    epoch  23  loss 1.6351  acc 0.3252  val_loss 1.5223  val_acc 0.3626
2026-04-08 18:53:18    epoch  24  loss 1.6349  acc 0.3200  val_loss 1.5391  val_acc 0.3680
2026-04-08 18:53:20    epoch  25  loss 1.6246  acc 0.3257  val_loss 1.5415  val_acc 0.3658
2026-04-08 18:53:22    epoch  26  loss 1.6235  acc 0.3290  val_loss 1.5400  val_acc 0.3658
2026-04-08 18:53:25    epoch  27  loss 1.6167  acc 0.3396  val_loss 1.5252  val_acc 0.3950
2026-04-08 18:53:27    epoch  28  loss 1.6254  acc 0.3312  val_loss 1.5196  val_acc 0.3734
2026-04-08 18:53:29    epoch  29  loss 1.6242  acc 0.3277  val_loss 1.5415  val_acc 0.3777
2026-04-08 18:53:31    epoch  30  loss 1.6127  acc 0.3396  val_loss 1.5449  val_acc 0.3755
2026-04-08 18:53:33    epoch  31  loss 1.6174  acc 0.3378  val_loss 1.5043  val_acc 0.3907
2026-04-08 18:53:36    epoch  32  loss 1.6159  acc 0.3415  val_loss 1.5582  val_acc 0.3712
2026-04-08 18:53:38    epoch  33  loss 1.6075  acc 0.3408  val_loss 1.5170  val_acc 0.3831
2026-04-08 18:53:40    epoch  34  loss 1.6155  acc 0.3378  val_loss 1.5124  val_acc 0.3961
2026-04-08 18:53:42    epoch  35  loss 1.6175  acc 0.3369  val_loss 1.5764  val_acc 0.3431
2026-04-08 18:53:44    epoch  36  loss 1.6056  acc 0.3443  val_loss 1.5318  val_acc 0.3961
2026-04-08 18:53:46    epoch  37  loss 1.5975  acc 0.3448  val_loss 1.5201  val_acc 0.4015
2026-04-08 18:53:49    epoch  38  loss 1.5884  acc 0.3454  val_loss 1.5055  val_acc 0.3864
2026-04-08 18:53:51    epoch  39  loss 1.5888  acc 0.3513  val_loss 1.5030  val_acc 0.3842
2026-04-08 18:53:53    epoch  40  loss 1.5969  acc 0.3418  val_loss 1.4962  val_acc 0.4037
2026-04-08 18:53:55    epoch  41  loss 1.5821  acc 0.3543  val_loss 1.5010  val_acc 0.4080
2026-04-08 18:53:57    epoch  42  loss 1.5807  acc 0.3558  val_loss 1.4949  val_acc 0.3929
2026-04-08 18:54:00    epoch  43  loss 1.5886  acc 0.3507  val_loss 1.4901  val_acc 0.4102
2026-04-08 18:54:02    epoch  44  loss 1.5881  acc 0.3488  val_loss 1.4880  val_acc 0.4156
2026-04-08 18:54:04    epoch  45  loss 1.5809  acc 0.3562  val_loss 1.4917  val_acc 0.3939
2026-04-08 18:54:06    epoch  46  loss 1.5859  acc 0.3556  val_loss 1.4915  val_acc 0.4102
2026-04-08 18:54:08    epoch  47  loss 1.5789  acc 0.3530  val_loss 1.5088  val_acc 0.3929
2026-04-08 18:54:10    epoch  48  loss 1.5791  acc 0.3570  val_loss 1.4935  val_acc 0.4221
2026-04-08 18:54:13    epoch  49  loss 1.5772  acc 0.3548  val_loss 1.4836  val_acc 0.3842
2026-04-08 18:54:15    epoch  50  loss 1.5796  acc 0.3560  val_loss 1.4793  val_acc 0.4156
2026-04-08 18:54:17    epoch  51  loss 1.5864  acc 0.3534  val_loss 1.4895  val_acc 0.3983
2026-04-08 18:54:19    epoch  52  loss 1.5824  acc 0.3560  val_loss 1.5059  val_acc 0.4069
2026-04-08 18:54:21    epoch  53  loss 1.5755  acc 0.3592  val_loss 1.4967  val_acc 0.4134
2026-04-08 18:54:24    epoch  54  loss 1.5774  acc 0.3580  val_loss 1.5105  val_acc 0.4123
2026-04-08 18:54:26    epoch  55  loss 1.5800  acc 0.3575  val_loss 1.4745  val_acc 0.4026
2026-04-08 18:54:28    epoch  56  loss 1.5603  acc 0.3647  val_loss 1.4755  val_acc 0.4156
2026-04-08 18:54:30    epoch  57  loss 1.5723  acc 0.3590  val_loss 1.4815  val_acc 0.3885
2026-04-08 18:54:32    epoch  58  loss 1.5752  acc 0.3640  val_loss 1.5417  val_acc 0.3766
2026-04-08 18:54:35    epoch  59  loss 1.5727  acc 0.3629  val_loss 1.4841  val_acc 0.4221
2026-04-08 18:54:37    epoch  60  loss 1.5748  acc 0.3570  val_loss 1.4884  val_acc 0.3961
2026-04-08 18:54:39    epoch  61  loss 1.5588  acc 0.3606  val_loss 1.4706  val_acc 0.4253
2026-04-08 18:54:41    epoch  62  loss 1.5597  acc 0.3660  val_loss 1.4647  val_acc 0.4297
2026-04-08 18:54:43    epoch  63  loss 1.5473  acc 0.3709  val_loss 1.4663  val_acc 0.4264
2026-04-08 18:54:46    epoch  64  loss 1.5562  acc 0.3704  val_loss 1.4741  val_acc 0.4351
2026-04-08 18:54:48    epoch  65  loss 1.5487  acc 0.3680  val_loss 1.4633  val_acc 0.4286
2026-04-08 18:54:50    epoch  66  loss 1.5424  acc 0.3710  val_loss 1.4643  val_acc 0.4286
2026-04-08 18:54:52    epoch  67  loss 1.5421  acc 0.3737  val_loss 1.4767  val_acc 0.4199
2026-04-08 18:54:54    epoch  68  loss 1.5484  acc 0.3734  val_loss 1.4562  val_acc 0.4340
2026-04-08 18:54:56    epoch  69  loss 1.5595  acc 0.3703  val_loss 1.4721  val_acc 0.4199
2026-04-08 18:54:59    epoch  70  loss 1.5472  acc 0.3692  val_loss 1.4777  val_acc 0.4145
2026-04-08 18:55:01    epoch  71  loss 1.5431  acc 0.3789  val_loss 1.4700  val_acc 0.4242
2026-04-08 18:55:03    epoch  72  loss 1.5481  acc 0.3685  val_loss 1.4634  val_acc 0.4329
2026-04-08 18:55:05    epoch  73  loss 1.5427  acc 0.3704  val_loss 1.4665  val_acc 0.4383
2026-04-08 18:55:07    epoch  74  loss 1.5464  acc 0.3733  val_loss 1.4721  val_acc 0.4405
2026-04-08 18:55:10    epoch  75  loss 1.5440  acc 0.3773  val_loss 1.4542  val_acc 0.4383
2026-04-08 18:55:12    epoch  76  loss 1.5348  acc 0.3761  val_loss 1.4536  val_acc 0.4459
2026-04-08 18:55:14    epoch  77  loss 1.5388  acc 0.3781  val_loss 1.4569  val_acc 0.4329
2026-04-08 18:55:16    epoch  78  loss 1.5360  acc 0.3790  val_loss 1.4553  val_acc 0.4383
2026-04-08 18:55:18    epoch  79  loss 1.5461  acc 0.3722  val_loss 1.4494  val_acc 0.4351
2026-04-08 18:55:20    epoch  80  loss 1.5288  acc 0.3782  val_loss 1.4516  val_acc 0.4437
2026-04-08 18:55:23    epoch  81  loss 1.5409  acc 0.3771  val_loss 1.4500  val_acc 0.4242
2026-04-08 18:55:25    epoch  82  loss 1.5311  acc 0.3791  val_loss 1.4569  val_acc 0.4361
2026-04-08 18:55:27    epoch  83  loss 1.5344  acc 0.3782  val_loss 1.4480  val_acc 0.4405
2026-04-08 18:55:29    epoch  84  loss 1.5278  acc 0.3785  val_loss 1.4497  val_acc 0.4448
2026-04-08 18:55:31    epoch  85  loss 1.5308  acc 0.3806  val_loss 1.4460  val_acc 0.4437
2026-04-08 18:55:34    epoch  86  loss 1.5406  acc 0.3788  val_loss 1.4491  val_acc 0.4297
2026-04-08 18:55:36    epoch  87  loss 1.5357  acc 0.3815  val_loss 1.4542  val_acc 0.4556
2026-04-08 18:55:38    epoch  88  loss 1.5299  acc 0.3788  val_loss 1.4602  val_acc 0.4405
2026-04-08 18:55:40    epoch  89  loss 1.5358  acc 0.3791  val_loss 1.4503  val_acc 0.4383
2026-04-08 18:55:42    epoch  90  loss 1.5326  acc 0.3801  val_loss 1.4440  val_acc 0.4437
2026-04-08 18:55:45    epoch  91  loss 1.5292  acc 0.3809  val_loss 1.4472  val_acc 0.4556
2026-04-08 18:55:47    epoch  92  loss 1.5322  acc 0.3827  val_loss 1.4597  val_acc 0.4351
2026-04-08 18:55:49    epoch  93  loss 1.5311  acc 0.3799  val_loss 1.4380  val_acc 0.4318
2026-04-08 18:55:51    epoch  94  loss 1.5342  acc 0.3824  val_loss 1.4757  val_acc 0.4232
2026-04-08 18:55:53    epoch  95  loss 1.5329  acc 0.3784  val_loss 1.4419  val_acc 0.4372
2026-04-08 18:55:56    epoch  96  loss 1.5226  acc 0.3764  val_loss 1.4396  val_acc 0.4394
2026-04-08 18:55:58    epoch  97  loss 1.5302  acc 0.3827  val_loss 1.4407  val_acc 0.4297
2026-04-08 18:56:00    epoch  98  loss 1.5205  acc 0.3812  val_loss 1.4428  val_acc 0.4372
2026-04-08 18:56:02    epoch  99  loss 1.5145  acc 0.3846  val_loss 1.4432  val_acc 0.4481
2026-04-08 18:56:04    epoch 100  loss 1.5237  acc 0.3860  val_loss 1.4395  val_acc 0.4545
2026-04-08 18:56:04    User5 accuracy: 0.3985
2026-04-08 18:56:05  ────────────────────────────────────────────────────────────
2026-04-08 18:56:05  LOSO fold — held-out: User6 (527 test windows, 9263 train windows)
2026-04-08 18:56:07    epoch   1  loss 1.9154  acc 0.2487  val_loss 1.7207  val_acc 0.2624
2026-04-08 18:56:09    epoch   2  loss 1.7589  acc 0.2798  val_loss 1.7070  val_acc 0.2894
2026-04-08 18:56:11    epoch   3  loss 1.7283  acc 0.2812  val_loss 1.6884  val_acc 0.3045
2026-04-08 18:56:14    epoch   4  loss 1.6921  acc 0.2934  val_loss 1.6445  val_acc 0.3175
2026-04-08 18:56:16    epoch   5  loss 1.6859  acc 0.3009  val_loss 1.6415  val_acc 0.2862
2026-04-08 18:56:18    epoch   6  loss 1.6746  acc 0.3080  val_loss 1.6125  val_acc 0.2981
2026-04-08 18:56:20    epoch   7  loss 1.6734  acc 0.2954  val_loss 1.6010  val_acc 0.2981
2026-04-08 18:56:22    epoch   8  loss 1.6585  acc 0.3068  val_loss 1.6059  val_acc 0.3035
2026-04-08 18:56:25    epoch   9  loss 1.6804  acc 0.3116  val_loss 1.6065  val_acc 0.3240
2026-04-08 18:56:27    epoch  10  loss 1.6637  acc 0.3066  val_loss 1.6025  val_acc 0.3456
2026-04-08 18:56:29    epoch  11  loss 1.6548  acc 0.3158  val_loss 1.5877  val_acc 0.3089
2026-04-08 18:56:31    epoch  12  loss 1.6371  acc 0.3135  val_loss 1.5811  val_acc 0.3305
2026-04-08 18:56:33    epoch  13  loss 1.6458  acc 0.3281  val_loss 1.6834  val_acc 0.2797
2026-04-08 18:56:36    epoch  14  loss 1.6430  acc 0.3255  val_loss 1.5904  val_acc 0.3413
2026-04-08 18:56:38    epoch  15  loss 1.6383  acc 0.3263  val_loss 1.6182  val_acc 0.3078
2026-04-08 18:56:40    epoch  16  loss 1.6417  acc 0.3257  val_loss 1.5683  val_acc 0.3477
2026-04-08 18:56:42    epoch  17  loss 1.6357  acc 0.3273  val_loss 1.5710  val_acc 0.3488
2026-04-08 18:56:44    epoch  18  loss 1.6326  acc 0.3297  val_loss 1.5584  val_acc 0.3305
2026-04-08 18:56:47    epoch  19  loss 1.6396  acc 0.3180  val_loss 1.6171  val_acc 0.3121
2026-04-08 18:56:49    epoch  20  loss 1.6388  acc 0.3300  val_loss 1.5836  val_acc 0.3283
2026-04-08 18:56:51    epoch  21  loss 1.6224  acc 0.3306  val_loss 1.5580  val_acc 0.3326
2026-04-08 18:56:53    epoch  22  loss 1.6381  acc 0.3285  val_loss 1.5685  val_acc 0.3434
2026-04-08 18:56:55    epoch  23  loss 1.6279  acc 0.3371  val_loss 1.5485  val_acc 0.3780
2026-04-08 18:56:57    epoch  24  loss 1.6198  acc 0.3230  val_loss 1.5430  val_acc 0.3693
2026-04-08 18:57:00    epoch  25  loss 1.6172  acc 0.3332  val_loss 1.6157  val_acc 0.3207
2026-04-08 18:57:02    epoch  26  loss 1.6145  acc 0.3356  val_loss 1.6048  val_acc 0.3359
2026-04-08 18:57:04    epoch  27  loss 1.6234  acc 0.3335  val_loss 1.5391  val_acc 0.3521
2026-04-08 18:57:06    epoch  28  loss 1.6196  acc 0.3333  val_loss 1.5398  val_acc 0.3650
2026-04-08 18:57:08    epoch  29  loss 1.6172  acc 0.3385  val_loss 1.5759  val_acc 0.3704
2026-04-08 18:57:11    epoch  30  loss 1.6131  acc 0.3356  val_loss 1.5623  val_acc 0.3315
2026-04-08 18:57:13    epoch  31  loss 1.6009  acc 0.3482  val_loss 1.5484  val_acc 0.3737
2026-04-08 18:57:15    epoch  32  loss 1.6034  acc 0.3453  val_loss 1.5724  val_acc 0.3413
2026-04-08 18:57:17    epoch  33  loss 1.5824  acc 0.3516  val_loss 1.5286  val_acc 0.3661
2026-04-08 18:57:19    epoch  34  loss 1.5842  acc 0.3548  val_loss 1.5185  val_acc 0.3758
2026-04-08 18:57:21    epoch  35  loss 1.5874  acc 0.3558  val_loss 1.5116  val_acc 0.3844
2026-04-08 18:57:23    epoch  36  loss 1.5844  acc 0.3564  val_loss 1.5276  val_acc 0.3693
2026-04-08 18:57:26    epoch  37  loss 1.5824  acc 0.3572  val_loss 1.5134  val_acc 0.3888
2026-04-08 18:57:28    epoch  38  loss 1.5760  acc 0.3567  val_loss 1.5085  val_acc 0.3888
2026-04-08 18:57:30    epoch  39  loss 1.5838  acc 0.3535  val_loss 1.5297  val_acc 0.3693
2026-04-08 18:57:32    epoch  40  loss 1.5691  acc 0.3603  val_loss 1.4965  val_acc 0.3769
2026-04-08 18:57:34    epoch  41  loss 1.5707  acc 0.3529  val_loss 1.5037  val_acc 0.3888
2026-04-08 18:57:37    epoch  42  loss 1.5739  acc 0.3592  val_loss 1.4981  val_acc 0.3812
2026-04-08 18:57:39    epoch  43  loss 1.5670  acc 0.3664  val_loss 1.5415  val_acc 0.3402
2026-04-08 18:57:41    epoch  44  loss 1.5631  acc 0.3648  val_loss 1.5147  val_acc 0.3844
2026-04-08 18:57:43    epoch  45  loss 1.5680  acc 0.3657  val_loss 1.5320  val_acc 0.4017
2026-04-08 18:57:45    epoch  46  loss 1.5583  acc 0.3721  val_loss 1.4898  val_acc 0.3888
2026-04-08 18:57:47    epoch  47  loss 1.5524  acc 0.3698  val_loss 1.5081  val_acc 0.3672
2026-04-08 18:57:50    epoch  48  loss 1.5499  acc 0.3732  val_loss 1.4852  val_acc 0.4028
2026-04-08 18:57:52    epoch  49  loss 1.5498  acc 0.3739  val_loss 1.4817  val_acc 0.3985
2026-04-08 18:57:54    epoch  50  loss 1.5492  acc 0.3727  val_loss 1.5011  val_acc 0.3553
2026-04-08 18:57:56    epoch  51  loss 1.5483  acc 0.3680  val_loss 1.4785  val_acc 0.3974
2026-04-08 18:57:58    epoch  52  loss 1.5460  acc 0.3742  val_loss 1.4786  val_acc 0.3952
2026-04-08 18:58:01    epoch  53  loss 1.5468  acc 0.3724  val_loss 1.4911  val_acc 0.3834
2026-04-08 18:58:03    epoch  54  loss 1.5341  acc 0.3818  val_loss 1.4736  val_acc 0.3909
2026-04-08 18:58:05    epoch  55  loss 1.5384  acc 0.3770  val_loss 1.4945  val_acc 0.3985
2026-04-08 18:58:07    epoch  56  loss 1.5415  acc 0.3772  val_loss 1.4862  val_acc 0.3715
2026-04-08 18:58:09    epoch  57  loss 1.5435  acc 0.3733  val_loss 1.4747  val_acc 0.3844
2026-04-08 18:58:11    epoch  58  loss 1.5417  acc 0.3757  val_loss 1.4755  val_acc 0.3855
2026-04-08 18:58:14    epoch  59  loss 1.5365  acc 0.3829  val_loss 1.4757  val_acc 0.3812
2026-04-08 18:58:16    epoch  60  loss 1.5349  acc 0.3801  val_loss 1.4711  val_acc 0.4017
2026-04-08 18:58:18    epoch  61  loss 1.5314  acc 0.3834  val_loss 1.4642  val_acc 0.4125
2026-04-08 18:58:20    epoch  62  loss 1.5235  acc 0.3807  val_loss 1.4684  val_acc 0.3898
2026-04-08 18:58:22    epoch  63  loss 1.5257  acc 0.3820  val_loss 1.4605  val_acc 0.4082
2026-04-08 18:58:24    epoch  64  loss 1.5392  acc 0.3727  val_loss 1.4687  val_acc 0.4158
2026-04-08 18:58:27    epoch  65  loss 1.5382  acc 0.3770  val_loss 1.4606  val_acc 0.4147
2026-04-08 18:58:29    epoch  66  loss 1.5255  acc 0.3875  val_loss 1.4569  val_acc 0.4006
2026-04-08 18:58:31    epoch  67  loss 1.5244  acc 0.3823  val_loss 1.4671  val_acc 0.3920
2026-04-08 18:58:33    epoch  68  loss 1.5326  acc 0.3823  val_loss 1.4570  val_acc 0.4050
2026-04-08 18:58:35    epoch  69  loss 1.5276  acc 0.3835  val_loss 1.4667  val_acc 0.4104
2026-04-08 18:58:37    epoch  70  loss 1.5241  acc 0.3810  val_loss 1.4815  val_acc 0.3877
2026-04-08 18:58:40    epoch  71  loss 1.5198  acc 0.3846  val_loss 1.4598  val_acc 0.4147
2026-04-08 18:58:42    epoch  72  loss 1.5206  acc 0.3854  val_loss 1.4552  val_acc 0.4114
2026-04-08 18:58:44    epoch  73  loss 1.5310  acc 0.3796  val_loss 1.4558  val_acc 0.4093
2026-04-08 18:58:46    epoch  74  loss 1.5211  acc 0.3880  val_loss 1.4549  val_acc 0.3996
2026-04-08 18:58:48    epoch  75  loss 1.5175  acc 0.3861  val_loss 1.4562  val_acc 0.4017
2026-04-08 18:58:50    epoch  76  loss 1.5321  acc 0.3865  val_loss 1.4511  val_acc 0.4050
2026-04-08 18:58:53    epoch  77  loss 1.5181  acc 0.3921  val_loss 1.4538  val_acc 0.4050
2026-04-08 18:58:55    epoch  78  loss 1.5233  acc 0.3776  val_loss 1.4551  val_acc 0.4125
2026-04-08 18:58:57    epoch  79  loss 1.5172  acc 0.3843  val_loss 1.4511  val_acc 0.4060
2026-04-08 18:58:59    epoch  80  loss 1.5271  acc 0.3844  val_loss 1.4523  val_acc 0.4147
2026-04-08 18:59:01    epoch  81  loss 1.5254  acc 0.3802  val_loss 1.4514  val_acc 0.4050
2026-04-08 18:59:03    epoch  82  loss 1.5282  acc 0.3781  val_loss 1.4573  val_acc 0.3898
2026-04-08 18:59:06    epoch  83  loss 1.5088  acc 0.3913  val_loss 1.4512  val_acc 0.4017
2026-04-08 18:59:08    epoch  84  loss 1.5205  acc 0.3885  val_loss 1.4515  val_acc 0.4060
2026-04-08 18:59:10    epoch  85  loss 1.5216  acc 0.3850  val_loss 1.4523  val_acc 0.4190
2026-04-08 18:59:12    epoch  86  loss 1.5147  acc 0.3920  val_loss 1.4586  val_acc 0.3898
2026-04-08 18:59:14    epoch  87  loss 1.5140  acc 0.3898  val_loss 1.4509  val_acc 0.4039
2026-04-08 18:59:16    epoch  88  loss 1.5212  acc 0.3908  val_loss 1.4635  val_acc 0.3920
2026-04-08 18:59:19    epoch  89  loss 1.5117  acc 0.3864  val_loss 1.4504  val_acc 0.4039
2026-04-08 18:59:21    epoch  90  loss 1.5251  acc 0.3860  val_loss 1.4582  val_acc 0.3963
2026-04-08 18:59:23    epoch  91  loss 1.5239  acc 0.3837  val_loss 1.4513  val_acc 0.4071
2026-04-08 18:59:25    epoch  92  loss 1.5168  acc 0.3911  val_loss 1.4525  val_acc 0.4082
2026-04-08 18:59:27    epoch  93  loss 1.5247  acc 0.3885  val_loss 1.4541  val_acc 0.4017
2026-04-08 18:59:30    epoch  94  loss 1.5160  acc 0.3908  val_loss 1.4544  val_acc 0.4006
2026-04-08 18:59:32    epoch  95  loss 1.5151  acc 0.3921  val_loss 1.4546  val_acc 0.3974
2026-04-08 18:59:34    epoch  96  loss 1.5230  acc 0.3887  val_loss 1.4720  val_acc 0.3834
2026-04-08 18:59:36    epoch  97  loss 1.5104  acc 0.3901  val_loss 1.4502  val_acc 0.4147
2026-04-08 18:59:38    epoch  98  loss 1.5088  acc 0.3915  val_loss 1.4514  val_acc 0.4114
2026-04-08 18:59:41    epoch  99  loss 1.5204  acc 0.3921  val_loss 1.4487  val_acc 0.4082
2026-04-08 18:59:43    epoch 100  loss 1.5131  acc 0.3941  val_loss 1.4541  val_acc 0.4136
2026-04-08 18:59:43    User6 accuracy: 0.3378
2026-04-08 18:59:43  ────────────────────────────────────────────────────────────
2026-04-08 18:59:43  LOSO fold — held-out: User7 (1135 test windows, 8655 train windows)
2026-04-08 18:59:45    epoch   1  loss 1.9295  acc 0.2376  val_loss 1.7258  val_acc 0.2832
2026-04-08 18:59:47    epoch   2  loss 1.7709  acc 0.2719  val_loss 1.7002  val_acc 0.2867
2026-04-08 18:59:50    epoch   3  loss 1.7275  acc 0.2786  val_loss 1.6448  val_acc 0.3445
2026-04-08 18:59:52    epoch   4  loss 1.7110  acc 0.2929  val_loss 1.6515  val_acc 0.2983
2026-04-08 18:59:54    epoch   5  loss 1.6927  acc 0.2933  val_loss 1.6216  val_acc 0.3214
2026-04-08 18:59:56    epoch   6  loss 1.6839  acc 0.2964  val_loss 1.6212  val_acc 0.3006
2026-04-08 18:59:58    epoch   7  loss 1.6769  acc 0.3089  val_loss 1.6196  val_acc 0.3110
2026-04-08 19:00:00    epoch   8  loss 1.6736  acc 0.2959  val_loss 1.6122  val_acc 0.3249
2026-04-08 19:00:02    epoch   9  loss 1.6711  acc 0.3026  val_loss 1.6051  val_acc 0.2902
2026-04-08 19:00:04    epoch  10  loss 1.6648  acc 0.3083  val_loss 1.5887  val_acc 0.3688
2026-04-08 19:00:06    epoch  11  loss 1.6625  acc 0.3076  val_loss 1.5716  val_acc 0.3491
2026-04-08 19:00:08    epoch  12  loss 1.6538  acc 0.3176  val_loss 1.5847  val_acc 0.3353
2026-04-08 19:00:10    epoch  13  loss 1.6530  acc 0.3185  val_loss 1.5676  val_acc 0.3538
2026-04-08 19:00:12    epoch  14  loss 1.6530  acc 0.3175  val_loss 1.6079  val_acc 0.3480
2026-04-08 19:00:14    epoch  15  loss 1.6532  acc 0.3100  val_loss 1.5932  val_acc 0.3306
2026-04-08 19:00:16    epoch  16  loss 1.6444  acc 0.3217  val_loss 1.5706  val_acc 0.3538
2026-04-08 19:00:18    epoch  17  loss 1.6459  acc 0.3154  val_loss 1.5811  val_acc 0.3341
2026-04-08 19:00:20    epoch  18  loss 1.6392  acc 0.3185  val_loss 1.5609  val_acc 0.3734
2026-04-08 19:00:22    epoch  19  loss 1.6346  acc 0.3164  val_loss 1.5782  val_acc 0.3445
2026-04-08 19:00:24    epoch  20  loss 1.6249  acc 0.3289  val_loss 1.6380  val_acc 0.3329
2026-04-08 19:00:26    epoch  21  loss 1.6266  acc 0.3245  val_loss 1.5562  val_acc 0.3595
2026-04-08 19:00:28    epoch  22  loss 1.6179  acc 0.3339  val_loss 1.5638  val_acc 0.3618
2026-04-08 19:00:30    epoch  23  loss 1.6151  acc 0.3349  val_loss 1.5910  val_acc 0.3168
2026-04-08 19:00:32    epoch  24  loss 1.6287  acc 0.3303  val_loss 1.5568  val_acc 0.3618
2026-04-08 19:00:34    epoch  25  loss 1.6156  acc 0.3321  val_loss 1.5470  val_acc 0.3595
2026-04-08 19:00:36    epoch  26  loss 1.6300  acc 0.3268  val_loss 1.5746  val_acc 0.3353
2026-04-08 19:00:38    epoch  27  loss 1.6016  acc 0.3385  val_loss 1.5835  val_acc 0.3353
2026-04-08 19:00:40    epoch  28  loss 1.6062  acc 0.3311  val_loss 1.5381  val_acc 0.3665
2026-04-08 19:00:42    epoch  29  loss 1.6150  acc 0.3394  val_loss 1.6056  val_acc 0.3410
2026-04-08 19:00:44    epoch  30  loss 1.6113  acc 0.3388  val_loss 1.5507  val_acc 0.3769
2026-04-08 19:00:46    epoch  31  loss 1.5970  acc 0.3366  val_loss 1.5487  val_acc 0.3769
2026-04-08 19:00:48    epoch  32  loss 1.6060  acc 0.3288  val_loss 1.6089  val_acc 0.3422
2026-04-08 19:00:50    epoch  33  loss 1.6023  acc 0.3372  val_loss 1.5362  val_acc 0.3977
2026-04-08 19:00:52    epoch  34  loss 1.6097  acc 0.3412  val_loss 1.5606  val_acc 0.3665
2026-04-08 19:00:54    epoch  35  loss 1.5957  acc 0.3485  val_loss 1.5672  val_acc 0.3769
2026-04-08 19:00:56    epoch  36  loss 1.6008  acc 0.3377  val_loss 1.5322  val_acc 0.3711
2026-04-08 19:00:58    epoch  37  loss 1.6003  acc 0.3434  val_loss 1.5453  val_acc 0.3653
2026-04-08 19:01:00    epoch  38  loss 1.5864  acc 0.3481  val_loss 1.5533  val_acc 0.3838
2026-04-08 19:01:02    epoch  39  loss 1.6007  acc 0.3422  val_loss 1.5305  val_acc 0.3884
2026-04-08 19:01:04    epoch  40  loss 1.5973  acc 0.3442  val_loss 1.5268  val_acc 0.3873
2026-04-08 19:01:06    epoch  41  loss 1.5893  acc 0.3533  val_loss 1.5295  val_acc 0.3861
2026-04-08 19:01:08    epoch  42  loss 1.5784  acc 0.3493  val_loss 1.5203  val_acc 0.4023
2026-04-08 19:01:10    epoch  43  loss 1.5831  acc 0.3484  val_loss 1.5382  val_acc 0.3919
2026-04-08 19:01:13    epoch  44  loss 1.5830  acc 0.3546  val_loss 1.5136  val_acc 0.4081
2026-04-08 19:01:15    epoch  45  loss 1.5685  acc 0.3528  val_loss 1.5421  val_acc 0.3884
2026-04-08 19:01:17    epoch  46  loss 1.5701  acc 0.3561  val_loss 1.5218  val_acc 0.4035
2026-04-08 19:01:19    epoch  47  loss 1.5628  acc 0.3561  val_loss 1.5268  val_acc 0.3827
2026-04-08 19:01:21    epoch  48  loss 1.5705  acc 0.3555  val_loss 1.5179  val_acc 0.4208
2026-04-08 19:01:23    epoch  49  loss 1.5621  acc 0.3648  val_loss 1.5648  val_acc 0.3445
2026-04-08 19:01:25    epoch  50  loss 1.5565  acc 0.3703  val_loss 1.5018  val_acc 0.4092
2026-04-08 19:01:27    epoch  51  loss 1.5474  acc 0.3712  val_loss 1.5101  val_acc 0.3942
2026-04-08 19:01:29    epoch  52  loss 1.5462  acc 0.3747  val_loss 1.5082  val_acc 0.3954
2026-04-08 19:01:31    epoch  53  loss 1.5459  acc 0.3764  val_loss 1.4899  val_acc 0.4046
2026-04-08 19:01:33    epoch  54  loss 1.5501  acc 0.3644  val_loss 1.5286  val_acc 0.3792
2026-04-08 19:01:35    epoch  55  loss 1.5334  acc 0.3825  val_loss 1.4967  val_acc 0.4173
2026-04-08 19:01:37    epoch  56  loss 1.5366  acc 0.3797  val_loss 1.4910  val_acc 0.4266
2026-04-08 19:01:39    epoch  57  loss 1.5424  acc 0.3716  val_loss 1.4821  val_acc 0.4173
2026-04-08 19:01:41    epoch  58  loss 1.5316  acc 0.3874  val_loss 1.4924  val_acc 0.4069
2026-04-08 19:01:43    epoch  59  loss 1.5284  acc 0.3888  val_loss 1.4858  val_acc 0.4185
2026-04-08 19:01:45    epoch  60  loss 1.5295  acc 0.3868  val_loss 1.4927  val_acc 0.4231
2026-04-08 19:01:47    epoch  61  loss 1.5273  acc 0.3855  val_loss 1.5074  val_acc 0.4208
2026-04-08 19:01:49    epoch  62  loss 1.5272  acc 0.3763  val_loss 1.4883  val_acc 0.4081
2026-04-08 19:01:51    epoch  63  loss 1.5165  acc 0.3822  val_loss 1.4776  val_acc 0.4208
2026-04-08 19:01:53    epoch  64  loss 1.5210  acc 0.3816  val_loss 1.4751  val_acc 0.4150
2026-04-08 19:01:55    epoch  65  loss 1.5164  acc 0.3923  val_loss 1.5221  val_acc 0.3908
2026-04-08 19:01:57    epoch  66  loss 1.5140  acc 0.3884  val_loss 1.4788  val_acc 0.4162
2026-04-08 19:01:59    epoch  67  loss 1.5144  acc 0.3870  val_loss 1.4742  val_acc 0.4116
2026-04-08 19:02:01    epoch  68  loss 1.5157  acc 0.3870  val_loss 1.4850  val_acc 0.3965
2026-04-08 19:02:03    epoch  69  loss 1.4979  acc 0.3947  val_loss 1.4805  val_acc 0.4197
2026-04-08 19:02:05    epoch  70  loss 1.5106  acc 0.3964  val_loss 1.4758  val_acc 0.4173
2026-04-08 19:02:07    epoch  71  loss 1.5169  acc 0.3902  val_loss 1.4676  val_acc 0.4266
2026-04-08 19:02:09    epoch  72  loss 1.5110  acc 0.3919  val_loss 1.4733  val_acc 0.4289
2026-04-08 19:02:11    epoch  73  loss 1.4997  acc 0.3999  val_loss 1.4752  val_acc 0.4023
2026-04-08 19:02:13    epoch  74  loss 1.5103  acc 0.3990  val_loss 1.4785  val_acc 0.4046
2026-04-08 19:02:15    epoch  75  loss 1.5026  acc 0.3954  val_loss 1.4707  val_acc 0.4185
2026-04-08 19:02:17    epoch  76  loss 1.4980  acc 0.3974  val_loss 1.4671  val_acc 0.4058
2026-04-08 19:02:19    epoch  77  loss 1.5125  acc 0.3855  val_loss 1.4730  val_acc 0.4127
2026-04-08 19:02:21    epoch  78  loss 1.4992  acc 0.3928  val_loss 1.4706  val_acc 0.4035
2026-04-08 19:02:23    epoch  79  loss 1.4961  acc 0.3987  val_loss 1.4822  val_acc 0.4231
2026-04-08 19:02:25    epoch  80  loss 1.5018  acc 0.3913  val_loss 1.4728  val_acc 0.4243
2026-04-08 19:02:27    epoch  81  loss 1.4997  acc 0.3951  val_loss 1.4616  val_acc 0.4382
2026-04-08 19:02:29    epoch  82  loss 1.5021  acc 0.3946  val_loss 1.4707  val_acc 0.4150
2026-04-08 19:02:31    epoch  83  loss 1.4990  acc 0.3919  val_loss 1.4634  val_acc 0.4185
2026-04-08 19:02:33    epoch  84  loss 1.4916  acc 0.4010  val_loss 1.4902  val_acc 0.4162
2026-04-08 19:02:36    epoch  85  loss 1.4950  acc 0.3979  val_loss 1.4729  val_acc 0.4197
2026-04-08 19:02:38    epoch  86  loss 1.4913  acc 0.3974  val_loss 1.4563  val_acc 0.4254
2026-04-08 19:02:40    epoch  87  loss 1.4934  acc 0.3949  val_loss 1.4831  val_acc 0.4058
2026-04-08 19:02:42    epoch  88  loss 1.4935  acc 0.3950  val_loss 1.4688  val_acc 0.4220
2026-04-08 19:02:44    epoch  89  loss 1.4889  acc 0.4023  val_loss 1.4596  val_acc 0.4150
2026-04-08 19:02:46    epoch  90  loss 1.5002  acc 0.4017  val_loss 1.4695  val_acc 0.4197
2026-04-08 19:02:48    epoch  91  loss 1.4859  acc 0.3978  val_loss 1.4768  val_acc 0.4127
2026-04-08 19:02:50    epoch  92  loss 1.4821  acc 0.3997  val_loss 1.4603  val_acc 0.4220
2026-04-08 19:02:52    epoch  93  loss 1.4892  acc 0.4033  val_loss 1.4566  val_acc 0.4312
2026-04-08 19:02:54    epoch  94  loss 1.4718  acc 0.4059  val_loss 1.4562  val_acc 0.4324
2026-04-08 19:02:56    epoch  95  loss 1.4840  acc 0.3990  val_loss 1.4566  val_acc 0.4254
2026-04-08 19:02:58    epoch  96  loss 1.4901  acc 0.4035  val_loss 1.4612  val_acc 0.4035
2026-04-08 19:03:00    epoch  97  loss 1.4821  acc 0.4039  val_loss 1.4675  val_acc 0.4058
2026-04-08 19:03:02    epoch  98  loss 1.4807  acc 0.4108  val_loss 1.4523  val_acc 0.4301
2026-04-08 19:03:04    epoch  99  loss 1.4831  acc 0.4006  val_loss 1.4605  val_acc 0.4301
2026-04-08 19:03:06    epoch 100  loss 1.4783  acc 0.4096  val_loss 1.4533  val_acc 0.4266
2026-04-08 19:03:06    User7 accuracy: 0.3348
2026-04-08 19:03:07  ────────────────────────────────────────────────────────────
2026-04-08 19:03:07  LOSO fold — held-out: User8 (1020 test windows, 8770 train windows)
2026-04-08 19:03:09    epoch   1  loss 1.9257  acc 0.2372  val_loss 1.7364  val_acc 0.3113
2026-04-08 19:03:11    epoch   2  loss 1.7759  acc 0.2673  val_loss 1.7091  val_acc 0.2987
2026-04-08 19:03:13    epoch   3  loss 1.7449  acc 0.2806  val_loss 1.6703  val_acc 0.3124
2026-04-08 19:03:15    epoch   4  loss 1.7183  acc 0.2899  val_loss 1.7003  val_acc 0.3010
2026-04-08 19:03:17    epoch   5  loss 1.7096  acc 0.2948  val_loss 1.6795  val_acc 0.3193
2026-04-08 19:03:19    epoch   6  loss 1.6938  acc 0.3033  val_loss 1.6668  val_acc 0.2976
2026-04-08 19:03:21    epoch   7  loss 1.6926  acc 0.2908  val_loss 1.6686  val_acc 0.3352
2026-04-08 19:03:23    epoch   8  loss 1.6755  acc 0.3089  val_loss 1.6557  val_acc 0.3318
2026-04-08 19:03:25    epoch   9  loss 1.6741  acc 0.3046  val_loss 1.6463  val_acc 0.3295
2026-04-08 19:03:27    epoch  10  loss 1.6744  acc 0.3076  val_loss 1.6693  val_acc 0.3124
2026-04-08 19:03:29    epoch  11  loss 1.6662  acc 0.3082  val_loss 1.7104  val_acc 0.3056
2026-04-08 19:03:31    epoch  12  loss 1.6703  acc 0.3104  val_loss 1.6424  val_acc 0.3364
2026-04-08 19:03:33    epoch  13  loss 1.6682  acc 0.3150  val_loss 1.6265  val_acc 0.3284
2026-04-08 19:03:35    epoch  14  loss 1.6550  acc 0.3184  val_loss 1.6523  val_acc 0.3170
2026-04-08 19:03:37    epoch  15  loss 1.6595  acc 0.3071  val_loss 1.6304  val_acc 0.3227
2026-04-08 19:03:39    epoch  16  loss 1.6499  acc 0.3213  val_loss 1.6175  val_acc 0.3273
2026-04-08 19:03:42    epoch  17  loss 1.6578  acc 0.3153  val_loss 1.6290  val_acc 0.3261
2026-04-08 19:03:44    epoch  18  loss 1.6407  acc 0.3283  val_loss 1.6406  val_acc 0.3330
2026-04-08 19:03:46    epoch  19  loss 1.6498  acc 0.3278  val_loss 1.6638  val_acc 0.3352
2026-04-08 19:03:48    epoch  20  loss 1.6476  acc 0.3252  val_loss 1.7340  val_acc 0.3090
2026-04-08 19:03:50    epoch  21  loss 1.6392  acc 0.3200  val_loss 1.6180  val_acc 0.3466
2026-04-08 19:03:52    epoch  22  loss 1.6278  acc 0.3345  val_loss 1.6117  val_acc 0.3432
2026-04-08 19:03:54    epoch  23  loss 1.6313  acc 0.3307  val_loss 1.6093  val_acc 0.3421
2026-04-08 19:03:56    epoch  24  loss 1.6211  acc 0.3345  val_loss 1.6195  val_acc 0.3455
2026-04-08 19:03:58    epoch  25  loss 1.6195  acc 0.3341  val_loss 1.6446  val_acc 0.3455
2026-04-08 19:04:00    epoch  26  loss 1.6170  acc 0.3298  val_loss 1.6430  val_acc 0.3352
2026-04-08 19:04:02    epoch  27  loss 1.6184  acc 0.3368  val_loss 1.6081  val_acc 0.3261
2026-04-08 19:04:04    epoch  28  loss 1.6223  acc 0.3347  val_loss 1.6044  val_acc 0.3489
2026-04-08 19:04:06    epoch  29  loss 1.6216  acc 0.3342  val_loss 1.6124  val_acc 0.3387
2026-04-08 19:04:08    epoch  30  loss 1.5980  acc 0.3430  val_loss 1.6104  val_acc 0.3501
2026-04-08 19:04:10    epoch  31  loss 1.6044  acc 0.3421  val_loss 1.6098  val_acc 0.3409
2026-04-08 19:04:13    epoch  32  loss 1.6056  acc 0.3369  val_loss 1.6095  val_acc 0.3535
2026-04-08 19:04:15    epoch  33  loss 1.6046  acc 0.3380  val_loss 1.6428  val_acc 0.3489
2026-04-08 19:04:17    epoch  34  loss 1.5954  acc 0.3469  val_loss 1.6047  val_acc 0.3569
2026-04-08 19:04:19    epoch  35  loss 1.5961  acc 0.3515  val_loss 1.5951  val_acc 0.3580
2026-04-08 19:04:21    epoch  36  loss 1.5919  acc 0.3459  val_loss 1.5969  val_acc 0.3523
2026-04-08 19:04:23    epoch  37  loss 1.5968  acc 0.3469  val_loss 1.5957  val_acc 0.3694
2026-04-08 19:04:25    epoch  38  loss 1.5927  acc 0.3482  val_loss 1.6040  val_acc 0.3580
2026-04-08 19:04:27    epoch  39  loss 1.5873  acc 0.3564  val_loss 1.6123  val_acc 0.3466
2026-04-08 19:04:29    epoch  40  loss 1.5942  acc 0.3468  val_loss 1.6001  val_acc 0.3478
2026-04-08 19:04:31    epoch  41  loss 1.5854  acc 0.3501  val_loss 1.6007  val_acc 0.3535
2026-04-08 19:04:33    epoch  42  loss 1.5879  acc 0.3521  val_loss 1.6024  val_acc 0.3478
2026-04-08 19:04:35    epoch  43  loss 1.5814  acc 0.3522  val_loss 1.5927  val_acc 0.3660
2026-04-08 19:04:37    epoch  44  loss 1.5848  acc 0.3559  val_loss 1.5959  val_acc 0.3455
2026-04-08 19:04:39    epoch  45  loss 1.5745  acc 0.3599  val_loss 1.5891  val_acc 0.3569
2026-04-08 19:04:42    epoch  46  loss 1.5838  acc 0.3553  val_loss 1.5895  val_acc 0.3660
2026-04-08 19:04:44    epoch  47  loss 1.5914  acc 0.3461  val_loss 1.5868  val_acc 0.3592
2026-04-08 19:04:46    epoch  48  loss 1.5807  acc 0.3542  val_loss 1.5949  val_acc 0.3512
2026-04-08 19:04:48    epoch  49  loss 1.5840  acc 0.3578  val_loss 1.5926  val_acc 0.3512
2026-04-08 19:04:50    epoch  50  loss 1.5727  acc 0.3591  val_loss 1.5877  val_acc 0.3672
2026-04-08 19:04:52    epoch  51  loss 1.5820  acc 0.3607  val_loss 1.5886  val_acc 0.3763
2026-04-08 19:04:54    epoch  52  loss 1.5844  acc 0.3542  val_loss 1.5893  val_acc 0.3558
2026-04-08 19:04:56    epoch  53  loss 1.5764  acc 0.3559  val_loss 1.5832  val_acc 0.3637
2026-04-08 19:04:58    epoch  54  loss 1.5663  acc 0.3613  val_loss 1.5863  val_acc 0.3615
2026-04-08 19:05:00    epoch  55  loss 1.5773  acc 0.3585  val_loss 1.5834  val_acc 0.3672
2026-04-08 19:05:02    epoch  56  loss 1.5860  acc 0.3560  val_loss 1.5835  val_acc 0.3774
2026-04-08 19:05:04    epoch  57  loss 1.5855  acc 0.3601  val_loss 1.5861  val_acc 0.3592
2026-04-08 19:05:06    epoch  58  loss 1.5667  acc 0.3556  val_loss 1.5845  val_acc 0.3729
2026-04-08 19:05:08    epoch  59  loss 1.5672  acc 0.3608  val_loss 1.5919  val_acc 0.3637
2026-04-08 19:05:11    epoch  60  loss 1.5802  acc 0.3544  val_loss 1.5866  val_acc 0.3660
2026-04-08 19:05:13    epoch  61  loss 1.5722  acc 0.3617  val_loss 1.5854  val_acc 0.3615
2026-04-08 19:05:13    Early stopping at epoch 61
2026-04-08 19:05:13    User8 accuracy: 0.4157
2026-04-08 19:05:13  ────────────────────────────────────────────────────────────
2026-04-08 19:05:13  LOSO fold — held-out: User9 (1129 test windows, 8661 train windows)
2026-04-08 19:05:15    epoch   1  loss 1.9404  acc 0.2405  val_loss 1.7126  val_acc 0.2818
2026-04-08 19:05:17    epoch   2  loss 1.7653  acc 0.2802  val_loss 1.6786  val_acc 0.3291
2026-04-08 19:05:19    epoch   3  loss 1.7377  acc 0.2880  val_loss 1.6383  val_acc 0.3268
2026-04-08 19:05:21    epoch   4  loss 1.6998  acc 0.3035  val_loss 1.6802  val_acc 0.3048
2026-04-08 19:05:23    epoch   5  loss 1.6873  acc 0.3024  val_loss 1.6283  val_acc 0.3591
2026-04-08 19:05:25    epoch   6  loss 1.6746  acc 0.3146  val_loss 1.6150  val_acc 0.3303
2026-04-08 19:05:27    epoch   7  loss 1.6827  acc 0.3084  val_loss 1.6158  val_acc 0.3430
2026-04-08 19:05:29    epoch   8  loss 1.6736  acc 0.3173  val_loss 1.5977  val_acc 0.3372
2026-04-08 19:05:32    epoch   9  loss 1.6490  acc 0.3258  val_loss 1.5980  val_acc 0.3314
2026-04-08 19:05:34    epoch  10  loss 1.6617  acc 0.3241  val_loss 1.6204  val_acc 0.3614
2026-04-08 19:05:36    epoch  11  loss 1.6493  acc 0.3226  val_loss 1.6046  val_acc 0.3256
2026-04-08 19:05:38    epoch  12  loss 1.6469  acc 0.3264  val_loss 1.6292  val_acc 0.3464
2026-04-08 19:05:40    epoch  13  loss 1.6452  acc 0.3257  val_loss 1.6032  val_acc 0.3129
2026-04-08 19:05:42    epoch  14  loss 1.6275  acc 0.3341  val_loss 1.5907  val_acc 0.3360
2026-04-08 19:05:44    epoch  15  loss 1.6243  acc 0.3400  val_loss 1.6078  val_acc 0.3199
2026-04-08 19:05:46    epoch  16  loss 1.6282  acc 0.3387  val_loss 1.5793  val_acc 0.3372
2026-04-08 19:05:48    epoch  17  loss 1.6286  acc 0.3436  val_loss 1.5815  val_acc 0.3522
2026-04-08 19:05:50    epoch  18  loss 1.6243  acc 0.3379  val_loss 1.5756  val_acc 0.3487
2026-04-08 19:05:52    epoch  19  loss 1.6152  acc 0.3375  val_loss 1.6034  val_acc 0.3233
2026-04-08 19:05:54    epoch  20  loss 1.6202  acc 0.3462  val_loss 1.5973  val_acc 0.3637
2026-04-08 19:05:56    epoch  21  loss 1.6238  acc 0.3407  val_loss 1.5672  val_acc 0.3684
2026-04-08 19:05:58    epoch  22  loss 1.6150  acc 0.3445  val_loss 1.5763  val_acc 0.3499
2026-04-08 19:06:00    epoch  23  loss 1.6036  acc 0.3406  val_loss 1.5836  val_acc 0.3499
2026-04-08 19:06:02    epoch  24  loss 1.6047  acc 0.3433  val_loss 1.5652  val_acc 0.3476
2026-04-08 19:06:04    epoch  25  loss 1.6092  acc 0.3437  val_loss 1.5810  val_acc 0.3568
2026-04-08 19:06:06    epoch  26  loss 1.6008  acc 0.3420  val_loss 1.5636  val_acc 0.3603
2026-04-08 19:06:08    epoch  27  loss 1.5975  acc 0.3543  val_loss 1.5522  val_acc 0.3603
2026-04-08 19:06:10    epoch  28  loss 1.6022  acc 0.3478  val_loss 1.5457  val_acc 0.3661
2026-04-08 19:06:12    epoch  29  loss 1.5962  acc 0.3470  val_loss 1.5474  val_acc 0.3822
2026-04-08 19:06:14    epoch  30  loss 1.6025  acc 0.3510  val_loss 1.5632  val_acc 0.3580
2026-04-08 19:06:16    epoch  31  loss 1.5930  acc 0.3560  val_loss 1.5549  val_acc 0.3822
2026-04-08 19:06:18    epoch  32  loss 1.6003  acc 0.3453  val_loss 1.5544  val_acc 0.3649
2026-04-08 19:06:20    epoch  33  loss 1.5989  acc 0.3505  val_loss 1.5500  val_acc 0.3580
2026-04-08 19:06:22    epoch  34  loss 1.6004  acc 0.3523  val_loss 1.5493  val_acc 0.3868
2026-04-08 19:06:24    epoch  35  loss 1.5753  acc 0.3665  val_loss 1.5429  val_acc 0.3753
2026-04-08 19:06:26    epoch  36  loss 1.5865  acc 0.3516  val_loss 1.5361  val_acc 0.3857
2026-04-08 19:06:28    epoch  37  loss 1.5766  acc 0.3572  val_loss 1.5410  val_acc 0.3741
2026-04-08 19:06:30    epoch  38  loss 1.5892  acc 0.3664  val_loss 1.5347  val_acc 0.3753
2026-04-08 19:06:32    epoch  39  loss 1.5742  acc 0.3583  val_loss 1.5284  val_acc 0.3822
2026-04-08 19:06:34    epoch  40  loss 1.5762  acc 0.3577  val_loss 1.5432  val_acc 0.3695
2026-04-08 19:06:36    epoch  41  loss 1.5810  acc 0.3569  val_loss 1.5402  val_acc 0.3684
2026-04-08 19:06:39    epoch  42  loss 1.5816  acc 0.3589  val_loss 1.5213  val_acc 0.3903
2026-04-08 19:06:41    epoch  43  loss 1.5708  acc 0.3629  val_loss 1.5605  val_acc 0.3730
2026-04-08 19:06:43    epoch  44  loss 1.5621  acc 0.3705  val_loss 1.5511  val_acc 0.3811
2026-04-08 19:06:45    epoch  45  loss 1.5678  acc 0.3651  val_loss 1.5222  val_acc 0.4007
2026-04-08 19:06:47    epoch  46  loss 1.5568  acc 0.3650  val_loss 1.5274  val_acc 0.3926
2026-04-08 19:06:49    epoch  47  loss 1.5582  acc 0.3708  val_loss 1.5261  val_acc 0.3845
2026-04-08 19:06:51    epoch  48  loss 1.5578  acc 0.3791  val_loss 1.5192  val_acc 0.3926
2026-04-08 19:06:53    epoch  49  loss 1.5602  acc 0.3696  val_loss 1.5266  val_acc 0.3995
2026-04-08 19:06:55    epoch  50  loss 1.5516  acc 0.3687  val_loss 1.5231  val_acc 0.3961
2026-04-08 19:06:57    epoch  51  loss 1.5496  acc 0.3773  val_loss 1.5182  val_acc 0.3926
2026-04-08 19:06:59    epoch  52  loss 1.5581  acc 0.3718  val_loss 1.5285  val_acc 0.3857
2026-04-08 19:07:01    epoch  53  loss 1.5529  acc 0.3754  val_loss 1.5204  val_acc 0.3915
2026-04-08 19:07:03    epoch  54  loss 1.5591  acc 0.3702  val_loss 1.5134  val_acc 0.4018
2026-04-08 19:07:05    epoch  55  loss 1.5487  acc 0.3731  val_loss 1.5140  val_acc 0.3903
2026-04-08 19:07:07    epoch  56  loss 1.5447  acc 0.3733  val_loss 1.5336  val_acc 0.3811
2026-04-08 19:07:09    epoch  57  loss 1.5572  acc 0.3704  val_loss 1.5231  val_acc 0.4065
2026-04-08 19:07:11    epoch  58  loss 1.5495  acc 0.3783  val_loss 1.5161  val_acc 0.3938
2026-04-08 19:07:13    epoch  59  loss 1.5419  acc 0.3742  val_loss 1.5104  val_acc 0.3972
2026-04-08 19:07:15    epoch  60  loss 1.5570  acc 0.3706  val_loss 1.5205  val_acc 0.3857
2026-04-08 19:07:17    epoch  61  loss 1.5454  acc 0.3729  val_loss 1.5177  val_acc 0.4018
2026-04-08 19:07:19    epoch  62  loss 1.5532  acc 0.3687  val_loss 1.5214  val_acc 0.3995
2026-04-08 19:07:21    epoch  63  loss 1.5474  acc 0.3778  val_loss 1.5240  val_acc 0.3926
2026-04-08 19:07:23    epoch  64  loss 1.5411  acc 0.3791  val_loss 1.5183  val_acc 0.3949
2026-04-08 19:07:25    epoch  65  loss 1.5479  acc 0.3751  val_loss 1.5178  val_acc 0.3949
2026-04-08 19:07:27    epoch  66  loss 1.5521  acc 0.3673  val_loss 1.5176  val_acc 0.4018
2026-04-08 19:07:29    epoch  67  loss 1.5294  acc 0.3863  val_loss 1.5133  val_acc 0.4030
2026-04-08 19:07:29    Early stopping at epoch 67
2026-04-08 19:07:29    User9 accuracy: 0.2693
2026-04-08 19:07:30  ────────────────────────────────────────────────────────────
2026-04-08 19:07:30  LOSO fold — held-out: User10 (1120 test windows, 8670 train windows)
2026-04-08 19:07:32    epoch   1  loss 1.9175  acc 0.2353  val_loss 1.7016  val_acc 0.2826
2026-04-08 19:07:34    epoch   2  loss 1.7623  acc 0.2757  val_loss 1.6400  val_acc 0.2964
2026-04-08 19:07:36    epoch   3  loss 1.7256  acc 0.2859  val_loss 1.6057  val_acc 0.3206
2026-04-08 19:07:38    epoch   4  loss 1.7041  acc 0.2950  val_loss 1.5908  val_acc 0.3091
2026-04-08 19:07:40    epoch   5  loss 1.7008  acc 0.3030  val_loss 1.6041  val_acc 0.3287
2026-04-08 19:07:42    epoch   6  loss 1.6891  acc 0.2959  val_loss 1.6189  val_acc 0.2872
2026-04-08 19:07:44    epoch   7  loss 1.6888  acc 0.3062  val_loss 1.5955  val_acc 0.3241
2026-04-08 19:07:46    epoch   8  loss 1.6795  acc 0.3135  val_loss 1.5678  val_acc 0.3345
2026-04-08 19:07:48    epoch   9  loss 1.6617  acc 0.3172  val_loss 1.5590  val_acc 0.3264
2026-04-08 19:07:50    epoch  10  loss 1.6622  acc 0.3158  val_loss 1.5632  val_acc 0.3253
2026-04-08 19:07:52    epoch  11  loss 1.6656  acc 0.3214  val_loss 1.5539  val_acc 0.3495
2026-04-08 19:07:54    epoch  12  loss 1.6532  acc 0.3135  val_loss 1.5510  val_acc 0.3506
2026-04-08 19:07:56    epoch  13  loss 1.6601  acc 0.3228  val_loss 1.5460  val_acc 0.3414
2026-04-08 19:07:58    epoch  14  loss 1.6677  acc 0.3164  val_loss 1.5737  val_acc 0.3518
2026-04-08 19:08:00    epoch  15  loss 1.6494  acc 0.3250  val_loss 1.5656  val_acc 0.3529
2026-04-08 19:08:02    epoch  16  loss 1.6490  acc 0.3197  val_loss 1.5368  val_acc 0.3772
2026-04-08 19:08:04    epoch  17  loss 1.6567  acc 0.3269  val_loss 1.6283  val_acc 0.3460
2026-04-08 19:08:06    epoch  18  loss 1.6454  acc 0.3208  val_loss 1.5463  val_acc 0.3749
2026-04-08 19:08:08    epoch  19  loss 1.6393  acc 0.3318  val_loss 1.5368  val_acc 0.3287
2026-04-08 19:08:10    epoch  20  loss 1.6264  acc 0.3292  val_loss 1.5709  val_acc 0.3241
2026-04-08 19:08:12    epoch  21  loss 1.6335  acc 0.3323  val_loss 1.5328  val_acc 0.3576
2026-04-08 19:08:14    epoch  22  loss 1.6362  acc 0.3283  val_loss 1.5607  val_acc 0.3529
2026-04-08 19:08:16    epoch  23  loss 1.6372  acc 0.3336  val_loss 1.5301  val_acc 0.3610
2026-04-08 19:08:18    epoch  24  loss 1.6292  acc 0.3347  val_loss 1.5320  val_acc 0.3829
2026-04-08 19:08:20    epoch  25  loss 1.6282  acc 0.3387  val_loss 1.5505  val_acc 0.3679
2026-04-08 19:08:22    epoch  26  loss 1.6296  acc 0.3372  val_loss 1.5190  val_acc 0.3725
2026-04-08 19:08:24    epoch  27  loss 1.6293  acc 0.3381  val_loss 1.5264  val_acc 0.3587
2026-04-08 19:08:27    epoch  28  loss 1.6140  acc 0.3363  val_loss 1.5214  val_acc 0.3864
2026-04-08 19:08:29    epoch  29  loss 1.6260  acc 0.3340  val_loss 1.5175  val_acc 0.3668
2026-04-08 19:08:31    epoch  30  loss 1.6118  acc 0.3376  val_loss 1.5091  val_acc 0.3841
2026-04-08 19:08:33    epoch  31  loss 1.6246  acc 0.3358  val_loss 1.5321  val_acc 0.3829
2026-04-08 19:08:35    epoch  32  loss 1.6169  acc 0.3460  val_loss 1.5209  val_acc 0.3599
2026-04-08 19:08:37    epoch  33  loss 1.6105  acc 0.3401  val_loss 1.5045  val_acc 0.3864
2026-04-08 19:08:39    epoch  34  loss 1.6112  acc 0.3417  val_loss 1.5142  val_acc 0.3899
2026-04-08 19:08:41    epoch  35  loss 1.6088  acc 0.3440  val_loss 1.5100  val_acc 0.3622
2026-04-08 19:08:43    epoch  36  loss 1.6072  acc 0.3478  val_loss 1.5073  val_acc 0.3645
2026-04-08 19:08:45    epoch  37  loss 1.6086  acc 0.3499  val_loss 1.5147  val_acc 0.3783
2026-04-08 19:08:47    epoch  38  loss 1.5988  acc 0.3453  val_loss 1.5181  val_acc 0.3725
2026-04-08 19:08:49    epoch  39  loss 1.5919  acc 0.3563  val_loss 1.4909  val_acc 0.3818
2026-04-08 19:08:51    epoch  40  loss 1.5886  acc 0.3579  val_loss 1.4903  val_acc 0.3714
2026-04-08 19:08:53    epoch  41  loss 1.5994  acc 0.3449  val_loss 1.4988  val_acc 0.3806
2026-04-08 19:08:55    epoch  42  loss 1.5903  acc 0.3529  val_loss 1.4945  val_acc 0.3679
2026-04-08 19:08:57    epoch  43  loss 1.5852  acc 0.3504  val_loss 1.4935  val_acc 0.3783
2026-04-08 19:08:59    epoch  44  loss 1.5955  acc 0.3479  val_loss 1.5043  val_acc 0.3841
2026-04-08 19:09:01    epoch  45  loss 1.5948  acc 0.3599  val_loss 1.5086  val_acc 0.3714
2026-04-08 19:09:03    epoch  46  loss 1.5844  acc 0.3661  val_loss 1.4943  val_acc 0.3979
2026-04-08 19:09:06    epoch  47  loss 1.5759  acc 0.3531  val_loss 1.4833  val_acc 0.3979
2026-04-08 19:09:08    epoch  48  loss 1.5785  acc 0.3613  val_loss 1.5070  val_acc 0.3829
2026-04-08 19:09:10    epoch  49  loss 1.5788  acc 0.3597  val_loss 1.4837  val_acc 0.3887
2026-04-08 19:09:12    epoch  50  loss 1.5701  acc 0.3677  val_loss 1.4841  val_acc 0.3864
2026-04-08 19:09:14    epoch  51  loss 1.5727  acc 0.3617  val_loss 1.4956  val_acc 0.3760
2026-04-08 19:09:16    epoch  52  loss 1.5688  acc 0.3633  val_loss 1.4771  val_acc 0.3852
2026-04-08 19:09:18    epoch  53  loss 1.5639  acc 0.3649  val_loss 1.4790  val_acc 0.3806
2026-04-08 19:09:20    epoch  54  loss 1.5664  acc 0.3637  val_loss 1.4929  val_acc 0.3852
2026-04-08 19:09:22    epoch  55  loss 1.5729  acc 0.3626  val_loss 1.4835  val_acc 0.3841
2026-04-08 19:09:24    epoch  56  loss 1.5684  acc 0.3624  val_loss 1.4769  val_acc 0.3772
2026-04-08 19:09:26    epoch  57  loss 1.5667  acc 0.3643  val_loss 1.4765  val_acc 0.3841
2026-04-08 19:09:28    epoch  58  loss 1.5736  acc 0.3636  val_loss 1.4770  val_acc 0.3887
2026-04-08 19:09:30    epoch  59  loss 1.5689  acc 0.3601  val_loss 1.4926  val_acc 0.3875
2026-04-08 19:09:32    epoch  60  loss 1.5648  acc 0.3656  val_loss 1.4866  val_acc 0.3841
2026-04-08 19:09:34    epoch  61  loss 1.5619  acc 0.3606  val_loss 1.4752  val_acc 0.3864
2026-04-08 19:09:36    epoch  62  loss 1.5645  acc 0.3627  val_loss 1.4742  val_acc 0.3829
2026-04-08 19:09:38    epoch  63  loss 1.5667  acc 0.3577  val_loss 1.4818  val_acc 0.3887
2026-04-08 19:09:40    epoch  64  loss 1.5569  acc 0.3732  val_loss 1.5161  val_acc 0.3887
2026-04-08 19:09:42    epoch  65  loss 1.5641  acc 0.3591  val_loss 1.4717  val_acc 0.3922
2026-04-08 19:09:44    epoch  66  loss 1.5666  acc 0.3629  val_loss 1.4714  val_acc 0.3852
2026-04-08 19:09:46    epoch  67  loss 1.5606  acc 0.3622  val_loss 1.4826  val_acc 0.3852
2026-04-08 19:09:49    epoch  68  loss 1.5507  acc 0.3669  val_loss 1.4729  val_acc 0.3818
2026-04-08 19:09:51    epoch  69  loss 1.5509  acc 0.3715  val_loss 1.4690  val_acc 0.3841
2026-04-08 19:09:53    epoch  70  loss 1.5518  acc 0.3681  val_loss 1.4697  val_acc 0.3829
2026-04-08 19:09:55    epoch  71  loss 1.5587  acc 0.3682  val_loss 1.4729  val_acc 0.3899
2026-04-08 19:09:57    epoch  72  loss 1.5541  acc 0.3720  val_loss 1.4854  val_acc 0.4060
2026-04-08 19:09:59    epoch  73  loss 1.5529  acc 0.3670  val_loss 1.4855  val_acc 0.3887
2026-04-08 19:10:01    epoch  74  loss 1.5603  acc 0.3679  val_loss 1.4674  val_acc 0.3933
2026-04-08 19:10:03    epoch  75  loss 1.5519  acc 0.3679  val_loss 1.4730  val_acc 0.3829
2026-04-08 19:10:05    epoch  76  loss 1.5583  acc 0.3715  val_loss 1.4720  val_acc 0.3899
2026-04-08 19:10:07    epoch  77  loss 1.5548  acc 0.3684  val_loss 1.4715  val_acc 0.3864
2026-04-08 19:10:09    epoch  78  loss 1.5533  acc 0.3756  val_loss 1.4796  val_acc 0.3852
2026-04-08 19:10:11    epoch  79  loss 1.5521  acc 0.3723  val_loss 1.4671  val_acc 0.3772
2026-04-08 19:10:13    epoch  80  loss 1.5543  acc 0.3731  val_loss 1.4705  val_acc 0.3841
2026-04-08 19:10:15    epoch  81  loss 1.5407  acc 0.3691  val_loss 1.4838  val_acc 0.3829
2026-04-08 19:10:17    epoch  82  loss 1.5533  acc 0.3768  val_loss 1.5050  val_acc 0.3910
2026-04-08 19:10:19    epoch  83  loss 1.5565  acc 0.3725  val_loss 1.4641  val_acc 0.3899
2026-04-08 19:10:21    epoch  84  loss 1.5392  acc 0.3729  val_loss 1.4928  val_acc 0.3864
2026-04-08 19:10:23    epoch  85  loss 1.5446  acc 0.3720  val_loss 1.4661  val_acc 0.3795
2026-04-08 19:10:25    epoch  86  loss 1.5450  acc 0.3740  val_loss 1.4782  val_acc 0.3818
2026-04-08 19:10:27    epoch  87  loss 1.5572  acc 0.3687  val_loss 1.4663  val_acc 0.3829
2026-04-08 19:10:29    epoch  88  loss 1.5511  acc 0.3670  val_loss 1.4676  val_acc 0.3795
2026-04-08 19:10:31    epoch  89  loss 1.5383  acc 0.3808  val_loss 1.4604  val_acc 0.3852
2026-04-08 19:10:33    epoch  90  loss 1.5377  acc 0.3738  val_loss 1.4600  val_acc 0.3956
2026-04-08 19:10:35    epoch  91  loss 1.5390  acc 0.3773  val_loss 1.4596  val_acc 0.3899
2026-04-08 19:10:37    epoch  92  loss 1.5414  acc 0.3784  val_loss 1.4533  val_acc 0.3864
2026-04-08 19:10:39    epoch  93  loss 1.5301  acc 0.3811  val_loss 1.4593  val_acc 0.3852
2026-04-08 19:10:41    epoch  94  loss 1.5347  acc 0.3760  val_loss 1.4679  val_acc 0.4002
2026-04-08 19:10:43    epoch  95  loss 1.5427  acc 0.3795  val_loss 1.4719  val_acc 0.3922
2026-04-08 19:10:45    epoch  96  loss 1.5393  acc 0.3743  val_loss 1.4579  val_acc 0.3818
2026-04-08 19:10:48    epoch  97  loss 1.5277  acc 0.3845  val_loss 1.4574  val_acc 0.3887
2026-04-08 19:10:50    epoch  98  loss 1.5315  acc 0.3783  val_loss 1.4642  val_acc 0.3956
2026-04-08 19:10:52    epoch  99  loss 1.5324  acc 0.3764  val_loss 1.4632  val_acc 0.3910
2026-04-08 19:10:54    epoch 100  loss 1.5304  acc 0.3770  val_loss 1.4712  val_acc 0.3991
2026-04-08 19:10:54    Early stopping at epoch 100
2026-04-08 19:10:54    User10 accuracy: 0.3384
2026-04-08 19:10:54  ────────────────────────────────────────────────────────────
2026-04-08 19:10:54  LOSO fold — held-out: User11 (1184 test windows, 8606 train windows)
2026-04-08 19:10:56    epoch   1  loss 1.9266  acc 0.2378  val_loss 1.7142  val_acc 0.2651
2026-04-08 19:10:57    epoch   2  loss 1.7772  acc 0.2724  val_loss 1.6973  val_acc 0.2953
2026-04-08 19:10:59    epoch   3  loss 1.7380  acc 0.2880  val_loss 1.6635  val_acc 0.3140
2026-04-08 19:11:01    epoch   4  loss 1.7068  acc 0.2964  val_loss 1.7373  val_acc 0.2907
2026-04-08 19:11:03    epoch   5  loss 1.6967  acc 0.3011  val_loss 1.6293  val_acc 0.2791
2026-04-08 19:11:05    epoch   6  loss 1.6994  acc 0.2985  val_loss 1.6254  val_acc 0.2884
2026-04-08 19:11:07    epoch   7  loss 1.6833  acc 0.3017  val_loss 1.6226  val_acc 0.3105
2026-04-08 19:11:09    epoch   8  loss 1.6672  acc 0.3057  val_loss 1.6162  val_acc 0.3116
2026-04-08 19:11:11    epoch   9  loss 1.6733  acc 0.3122  val_loss 1.6523  val_acc 0.2953
2026-04-08 19:11:13    epoch  10  loss 1.6569  acc 0.3065  val_loss 1.6253  val_acc 0.3128
2026-04-08 19:11:15    epoch  11  loss 1.6558  acc 0.3189  val_loss 1.6327  val_acc 0.3140
2026-04-08 19:11:17    epoch  12  loss 1.6573  acc 0.3144  val_loss 1.6799  val_acc 0.3035
2026-04-08 19:11:19    epoch  13  loss 1.6574  acc 0.3158  val_loss 1.6033  val_acc 0.3198
2026-04-08 19:11:21    epoch  14  loss 1.6601  acc 0.3187  val_loss 1.6118  val_acc 0.3174
2026-04-08 19:11:23    epoch  15  loss 1.6512  acc 0.3208  val_loss 1.6512  val_acc 0.3384
2026-04-08 19:11:25    epoch  16  loss 1.6493  acc 0.3154  val_loss 1.6260  val_acc 0.3140
2026-04-08 19:11:26    epoch  17  loss 1.6476  acc 0.3209  val_loss 1.5928  val_acc 0.3302
2026-04-08 19:11:27    epoch  18  loss 1.6459  acc 0.3207  val_loss 1.6257  val_acc 0.3302
2026-04-08 19:11:29    epoch  19  loss 1.6423  acc 0.3337  val_loss 1.6518  val_acc 0.3174
2026-04-08 19:11:31    epoch  20  loss 1.6512  acc 0.3156  val_loss 1.5966  val_acc 0.3419
2026-04-08 19:11:33    epoch  21  loss 1.6298  acc 0.3257  val_loss 1.6484  val_acc 0.2988
2026-04-08 19:11:35    epoch  22  loss 1.6376  acc 0.3323  val_loss 1.6195  val_acc 0.3256
2026-04-08 19:11:37    epoch  23  loss 1.6111  acc 0.3402  val_loss 1.5933  val_acc 0.3430
2026-04-08 19:11:39    epoch  24  loss 1.6184  acc 0.3393  val_loss 1.5752  val_acc 0.3465
2026-04-08 19:11:41    epoch  25  loss 1.6131  acc 0.3366  val_loss 1.5758  val_acc 0.3477
2026-04-08 19:11:43    epoch  26  loss 1.6136  acc 0.3386  val_loss 1.5704  val_acc 0.3512
2026-04-08 19:11:45    epoch  27  loss 1.6117  acc 0.3404  val_loss 1.5912  val_acc 0.3337
2026-04-08 19:11:47    epoch  28  loss 1.6060  acc 0.3434  val_loss 1.5988  val_acc 0.3314
2026-04-08 19:11:49    epoch  29  loss 1.6066  acc 0.3419  val_loss 1.5964  val_acc 0.3372
2026-04-08 19:11:51    epoch  30  loss 1.6138  acc 0.3399  val_loss 1.5926  val_acc 0.3407
2026-04-08 19:11:53    epoch  31  loss 1.6006  acc 0.3453  val_loss 1.5952  val_acc 0.3407
2026-04-08 19:11:55    epoch  32  loss 1.5932  acc 0.3477  val_loss 1.5674  val_acc 0.3558
2026-04-08 19:11:57    epoch  33  loss 1.5852  acc 0.3598  val_loss 1.5607  val_acc 0.3430
2026-04-08 19:11:59    epoch  34  loss 1.5855  acc 0.3561  val_loss 1.5680  val_acc 0.3430
2026-04-08 19:12:01    epoch  35  loss 1.5919  acc 0.3519  val_loss 1.5785  val_acc 0.3453
2026-04-08 19:12:03    epoch  36  loss 1.5844  acc 0.3510  val_loss 1.5603  val_acc 0.3570
2026-04-08 19:12:04    epoch  37  loss 1.5986  acc 0.3490  val_loss 1.5642  val_acc 0.3547
2026-04-08 19:12:06    epoch  38  loss 1.5802  acc 0.3566  val_loss 1.5575  val_acc 0.3488
2026-04-08 19:12:07    epoch  39  loss 1.5811  acc 0.3581  val_loss 1.5593  val_acc 0.3581
2026-04-08 19:12:09    epoch  40  loss 1.5869  acc 0.3540  val_loss 1.5641  val_acc 0.3535
2026-04-08 19:12:11    epoch  41  loss 1.5812  acc 0.3568  val_loss 1.5567  val_acc 0.3570
2026-04-08 19:12:14    epoch  42  loss 1.5714  acc 0.3619  val_loss 1.5602  val_acc 0.3581
2026-04-08 19:12:17    epoch  43  loss 1.5791  acc 0.3598  val_loss 1.5514  val_acc 0.3535
2026-04-08 19:12:19    epoch  44  loss 1.5844  acc 0.3557  val_loss 1.5695  val_acc 0.3663
2026-04-08 19:12:21    epoch  45  loss 1.5763  acc 0.3617  val_loss 1.5987  val_acc 0.3337
2026-04-08 19:12:23    epoch  46  loss 1.5773  acc 0.3628  val_loss 1.5580  val_acc 0.3500
2026-04-08 19:12:25    epoch  47  loss 1.5701  acc 0.3637  val_loss 1.5507  val_acc 0.3570
2026-04-08 19:12:27    epoch  48  loss 1.5670  acc 0.3663  val_loss 1.5566  val_acc 0.3581
2026-04-08 19:12:29    epoch  49  loss 1.5766  acc 0.3615  val_loss 1.5768  val_acc 0.3558
2026-04-08 19:12:31    epoch  50  loss 1.5720  acc 0.3639  val_loss 1.5619  val_acc 0.3465
2026-04-08 19:12:33    epoch  51  loss 1.5660  acc 0.3639  val_loss 1.5556  val_acc 0.3616
2026-04-08 19:12:36    epoch  52  loss 1.5701  acc 0.3650  val_loss 1.5544  val_acc 0.3442
2026-04-08 19:12:38    epoch  53  loss 1.5622  acc 0.3672  val_loss 1.5485  val_acc 0.3523
2026-04-08 19:12:40    epoch  54  loss 1.5573  acc 0.3664  val_loss 1.5496  val_acc 0.3558
2026-04-08 19:12:42    epoch  55  loss 1.5724  acc 0.3553  val_loss 1.5436  val_acc 0.3663
2026-04-08 19:12:44    epoch  56  loss 1.5643  acc 0.3638  val_loss 1.5438  val_acc 0.3593
2026-04-08 19:12:46    epoch  57  loss 1.5534  acc 0.3731  val_loss 1.5471  val_acc 0.3488
2026-04-08 19:12:48    epoch  58  loss 1.5617  acc 0.3705  val_loss 1.5397  val_acc 0.3523
2026-04-08 19:12:50    epoch  59  loss 1.5637  acc 0.3701  val_loss 1.5441  val_acc 0.3581
2026-04-08 19:12:52    epoch  60  loss 1.5616  acc 0.3695  val_loss 1.5455  val_acc 0.3500
2026-04-08 19:12:54    epoch  61  loss 1.5545  acc 0.3805  val_loss 1.5467  val_acc 0.3407
2026-04-08 19:12:56    epoch  62  loss 1.5630  acc 0.3641  val_loss 1.5436  val_acc 0.3605
2026-04-08 19:12:58    epoch  63  loss 1.5611  acc 0.3677  val_loss 1.5485  val_acc 0.3430
2026-04-08 19:13:00    epoch  64  loss 1.5547  acc 0.3656  val_loss 1.5440  val_acc 0.3570
2026-04-08 19:13:02    epoch  65  loss 1.5594  acc 0.3717  val_loss 1.5372  val_acc 0.3581
2026-04-08 19:13:04    epoch  66  loss 1.5607  acc 0.3727  val_loss 1.5432  val_acc 0.3488
2026-04-08 19:13:06    epoch  67  loss 1.5478  acc 0.3801  val_loss 1.5395  val_acc 0.3512
2026-04-08 19:13:08    epoch  68  loss 1.5537  acc 0.3690  val_loss 1.5431  val_acc 0.3791
2026-04-08 19:13:10    epoch  69  loss 1.5567  acc 0.3736  val_loss 1.5419  val_acc 0.3547
2026-04-08 19:13:12    epoch  70  loss 1.5585  acc 0.3714  val_loss 1.5368  val_acc 0.3523
2026-04-08 19:13:14    epoch  71  loss 1.5557  acc 0.3683  val_loss 1.5388  val_acc 0.3663
2026-04-08 19:13:16    epoch  72  loss 1.5529  acc 0.3721  val_loss 1.5370  val_acc 0.3616
2026-04-08 19:13:18    epoch  73  loss 1.5553  acc 0.3665  val_loss 1.5402  val_acc 0.3616
2026-04-08 19:13:20    epoch  74  loss 1.5511  acc 0.3678  val_loss 1.5366  val_acc 0.3581
2026-04-08 19:13:22    epoch  75  loss 1.5451  acc 0.3741  val_loss 1.5395  val_acc 0.3674
2026-04-08 19:13:24    epoch  76  loss 1.5528  acc 0.3728  val_loss 1.5375  val_acc 0.3651
2026-04-08 19:13:26    epoch  77  loss 1.5466  acc 0.3759  val_loss 1.5359  val_acc 0.3558
2026-04-08 19:13:28    epoch  78  loss 1.5488  acc 0.3757  val_loss 1.5382  val_acc 0.3547
2026-04-08 19:13:30    epoch  79  loss 1.5429  acc 0.3781  val_loss 1.5396  val_acc 0.3686
2026-04-08 19:13:32    epoch  80  loss 1.5483  acc 0.3741  val_loss 1.5414  val_acc 0.3674
2026-04-08 19:13:34    epoch  81  loss 1.5484  acc 0.3743  val_loss 1.5379  val_acc 0.3640
2026-04-08 19:13:36    epoch  82  loss 1.5559  acc 0.3748  val_loss 1.5414  val_acc 0.3500
2026-04-08 19:13:38    epoch  83  loss 1.5403  acc 0.3730  val_loss 1.5410  val_acc 0.3419
2026-04-08 19:13:40    epoch  84  loss 1.5459  acc 0.3737  val_loss 1.5337  val_acc 0.3535
2026-04-08 19:13:42    epoch  85  loss 1.5428  acc 0.3712  val_loss 1.5325  val_acc 0.3628
2026-04-08 19:13:45    epoch  86  loss 1.5445  acc 0.3718  val_loss 1.5346  val_acc 0.3640
2026-04-08 19:13:47    epoch  87  loss 1.5436  acc 0.3719  val_loss 1.5368  val_acc 0.3512
2026-04-08 19:13:49    epoch  88  loss 1.5395  acc 0.3805  val_loss 1.5371  val_acc 0.3535
2026-04-08 19:13:51    epoch  89  loss 1.5508  acc 0.3731  val_loss 1.5329  val_acc 0.3477
2026-04-08 19:13:53    epoch  90  loss 1.5494  acc 0.3663  val_loss 1.5375  val_acc 0.3488
2026-04-08 19:13:55    epoch  91  loss 1.5545  acc 0.3758  val_loss 1.5411  val_acc 0.3593
2026-04-08 19:13:57    epoch  92  loss 1.5413  acc 0.3767  val_loss 1.5347  val_acc 0.3488
2026-04-08 19:13:59    epoch  93  loss 1.5458  acc 0.3721  val_loss 1.5350  val_acc 0.3477
2026-04-08 19:13:59    Early stopping at epoch 93
2026-04-08 19:13:59    User11 accuracy: 0.3725
2026-04-08 19:13:59  ────────────────────────────────────────────────────────────
2026-04-08 19:13:59  LOSO fold — held-out: User12 (982 test windows, 8808 train windows)
2026-04-08 19:14:01    epoch   1  loss 1.9055  acc 0.2482  val_loss 1.7098  val_acc 0.3000
2026-04-08 19:14:03    epoch   2  loss 1.7375  acc 0.2833  val_loss 1.6740  val_acc 0.3443
2026-04-08 19:14:05    epoch   3  loss 1.7035  acc 0.2953  val_loss 1.6061  val_acc 0.3727
2026-04-08 19:14:08    epoch   4  loss 1.6795  acc 0.3060  val_loss 1.6200  val_acc 0.3182
2026-04-08 19:14:10    epoch   5  loss 1.6740  acc 0.3073  val_loss 1.5891  val_acc 0.3523
2026-04-08 19:14:12    epoch   6  loss 1.6618  acc 0.3105  val_loss 1.5715  val_acc 0.3670
2026-04-08 19:14:14    epoch   7  loss 1.6497  acc 0.3167  val_loss 1.6349  val_acc 0.3330
2026-04-08 19:14:16    epoch   8  loss 1.6421  acc 0.3248  val_loss 1.5764  val_acc 0.3375
2026-04-08 19:14:18    epoch   9  loss 1.6402  acc 0.3274  val_loss 1.5577  val_acc 0.3875
2026-04-08 19:14:20    epoch  10  loss 1.6288  acc 0.3266  val_loss 1.5492  val_acc 0.3750
2026-04-08 19:14:22    epoch  11  loss 1.6359  acc 0.3306  val_loss 1.5553  val_acc 0.3534
2026-04-08 19:14:24    epoch  12  loss 1.6306  acc 0.3300  val_loss 1.5481  val_acc 0.3489
2026-04-08 19:14:26    epoch  13  loss 1.6178  acc 0.3368  val_loss 1.6164  val_acc 0.3318
2026-04-08 19:14:28    epoch  14  loss 1.6176  acc 0.3266  val_loss 1.5376  val_acc 0.3591
2026-04-08 19:14:30    epoch  15  loss 1.6299  acc 0.3310  val_loss 1.5562  val_acc 0.3773
2026-04-08 19:14:32    epoch  16  loss 1.6270  acc 0.3345  val_loss 1.5586  val_acc 0.3386
2026-04-08 19:14:34    epoch  17  loss 1.6209  acc 0.3356  val_loss 1.5842  val_acc 0.3659
2026-04-08 19:14:36    epoch  18  loss 1.6124  acc 0.3409  val_loss 1.5782  val_acc 0.3534
2026-04-08 19:14:38    epoch  19  loss 1.6208  acc 0.3394  val_loss 1.5550  val_acc 0.3500
2026-04-08 19:14:40    epoch  20  loss 1.5982  acc 0.3528  val_loss 1.5596  val_acc 0.3386
2026-04-08 19:14:43    epoch  21  loss 1.5876  acc 0.3522  val_loss 1.5341  val_acc 0.3693
2026-04-08 19:14:45    epoch  22  loss 1.5853  acc 0.3469  val_loss 1.5394  val_acc 0.3784
2026-04-08 19:14:47    epoch  23  loss 1.5805  acc 0.3538  val_loss 1.5481  val_acc 0.3625
2026-04-08 19:14:49    epoch  24  loss 1.5812  acc 0.3561  val_loss 1.5155  val_acc 0.3932
2026-04-08 19:14:51    epoch  25  loss 1.5806  acc 0.3485  val_loss 1.5287  val_acc 0.3625
2026-04-08 19:14:53    epoch  26  loss 1.5879  acc 0.3529  val_loss 1.5161  val_acc 0.3761
2026-04-08 19:14:55    epoch  27  loss 1.5792  acc 0.3533  val_loss 1.5275  val_acc 0.3659
2026-04-08 19:14:57    epoch  28  loss 1.5765  acc 0.3667  val_loss 1.5222  val_acc 0.3670
2026-04-08 19:14:59    epoch  29  loss 1.5701  acc 0.3677  val_loss 1.5059  val_acc 0.3773
2026-04-08 19:15:01    epoch  30  loss 1.5679  acc 0.3631  val_loss 1.5040  val_acc 0.3920
2026-04-08 19:15:03    epoch  31  loss 1.5690  acc 0.3668  val_loss 1.5004  val_acc 0.3955
2026-04-08 19:15:05    epoch  32  loss 1.5713  acc 0.3602  val_loss 1.5035  val_acc 0.3920
2026-04-08 19:15:07    epoch  33  loss 1.5751  acc 0.3620  val_loss 1.4991  val_acc 0.4011
2026-04-08 19:15:10    epoch  34  loss 1.5733  acc 0.3615  val_loss 1.4984  val_acc 0.3977
2026-04-08 19:15:12    epoch  35  loss 1.5688  acc 0.3600  val_loss 1.5397  val_acc 0.3693
2026-04-08 19:15:14    epoch  36  loss 1.5680  acc 0.3696  val_loss 1.4922  val_acc 0.3909
2026-04-08 19:15:16    epoch  37  loss 1.5563  acc 0.3648  val_loss 1.4946  val_acc 0.3989
2026-04-08 19:15:18    epoch  38  loss 1.5631  acc 0.3679  val_loss 1.5118  val_acc 0.3977
2026-04-08 19:15:20    epoch  39  loss 1.5610  acc 0.3710  val_loss 1.4932  val_acc 0.4011
2026-04-08 19:15:22    epoch  40  loss 1.5602  acc 0.3712  val_loss 1.4955  val_acc 0.4068
2026-04-08 19:15:24    epoch  41  loss 1.5664  acc 0.3625  val_loss 1.5023  val_acc 0.3864
2026-04-08 19:15:26    epoch  42  loss 1.5545  acc 0.3741  val_loss 1.4730  val_acc 0.3920
2026-04-08 19:15:28    epoch  43  loss 1.5496  acc 0.3747  val_loss 1.4777  val_acc 0.4080
2026-04-08 19:15:30    epoch  44  loss 1.5332  acc 0.3867  val_loss 1.4859  val_acc 0.4000
2026-04-08 19:15:32    epoch  45  loss 1.5461  acc 0.3730  val_loss 1.4948  val_acc 0.4023
2026-04-08 19:15:34    epoch  46  loss 1.5497  acc 0.3732  val_loss 1.4706  val_acc 0.4136
2026-04-08 19:15:36    epoch  47  loss 1.5329  acc 0.3816  val_loss 1.4713  val_acc 0.4023
2026-04-08 19:15:38    epoch  48  loss 1.5301  acc 0.3809  val_loss 1.4589  val_acc 0.4182
2026-04-08 19:15:40    epoch  49  loss 1.5336  acc 0.3812  val_loss 1.4651  val_acc 0.4102
2026-04-08 19:15:43    epoch  50  loss 1.5364  acc 0.3823  val_loss 1.4735  val_acc 0.4034
2026-04-08 19:15:45    epoch  51  loss 1.5434  acc 0.3817  val_loss 1.4630  val_acc 0.4102
2026-04-08 19:15:47    epoch  52  loss 1.5287  acc 0.3840  val_loss 1.4663  val_acc 0.4114
2026-04-08 19:15:49    epoch  53  loss 1.5247  acc 0.3877  val_loss 1.4679  val_acc 0.4011
2026-04-08 19:15:51    epoch  54  loss 1.5307  acc 0.3826  val_loss 1.4570  val_acc 0.4091
2026-04-08 19:15:53    epoch  55  loss 1.5159  acc 0.3909  val_loss 1.4465  val_acc 0.4080
2026-04-08 19:15:55    epoch  56  loss 1.5304  acc 0.3919  val_loss 1.4491  val_acc 0.4114
2026-04-08 19:15:57    epoch  57  loss 1.5217  acc 0.3869  val_loss 1.4485  val_acc 0.4182
2026-04-08 19:15:59    epoch  58  loss 1.5157  acc 0.3939  val_loss 1.4482  val_acc 0.4080
2026-04-08 19:16:01    epoch  59  loss 1.5208  acc 0.3898  val_loss 1.4493  val_acc 0.4205
2026-04-08 19:16:03    epoch  60  loss 1.5161  acc 0.3939  val_loss 1.4441  val_acc 0.4193
2026-04-08 19:16:05    epoch  61  loss 1.5192  acc 0.3861  val_loss 1.4456  val_acc 0.4250
2026-04-08 19:16:07    epoch  62  loss 1.5191  acc 0.3957  val_loss 1.4536  val_acc 0.4080
2026-04-08 19:16:09    epoch  63  loss 1.5177  acc 0.3846  val_loss 1.4506  val_acc 0.4193
2026-04-08 19:16:11    epoch  64  loss 1.5060  acc 0.3967  val_loss 1.4408  val_acc 0.4205
2026-04-08 19:16:13    epoch  65  loss 1.5166  acc 0.3920  val_loss 1.4438  val_acc 0.4170
2026-04-08 19:16:15    epoch  66  loss 1.5143  acc 0.3848  val_loss 1.4360  val_acc 0.4261
2026-04-08 19:16:18    epoch  67  loss 1.5182  acc 0.3924  val_loss 1.4396  val_acc 0.4227
2026-04-08 19:16:20    epoch  68  loss 1.5120  acc 0.3901  val_loss 1.4422  val_acc 0.4239
2026-04-08 19:16:22    epoch  69  loss 1.5202  acc 0.3944  val_loss 1.4434  val_acc 0.4284
2026-04-08 19:16:24    epoch  70  loss 1.5104  acc 0.3924  val_loss 1.4368  val_acc 0.4125
2026-04-08 19:16:26    epoch  71  loss 1.5250  acc 0.3857  val_loss 1.4503  val_acc 0.4205
2026-04-08 19:16:28    epoch  72  loss 1.5029  acc 0.3967  val_loss 1.4395  val_acc 0.4148
2026-04-08 19:16:30    epoch  73  loss 1.5055  acc 0.3944  val_loss 1.4399  val_acc 0.4023
2026-04-08 19:16:32    epoch  74  loss 1.5063  acc 0.3875  val_loss 1.4328  val_acc 0.4205
2026-04-08 19:16:34    epoch  75  loss 1.5021  acc 0.3975  val_loss 1.4333  val_acc 0.4182
2026-04-08 19:16:36    epoch  76  loss 1.5072  acc 0.3956  val_loss 1.4340  val_acc 0.4273
2026-04-08 19:16:38    epoch  77  loss 1.5039  acc 0.3966  val_loss 1.4392  val_acc 0.4216
2026-04-08 19:16:40    epoch  78  loss 1.5046  acc 0.3987  val_loss 1.4353  val_acc 0.4205
2026-04-08 19:16:42    epoch  79  loss 1.5073  acc 0.3996  val_loss 1.4306  val_acc 0.4227
2026-04-08 19:16:45    epoch  80  loss 1.4983  acc 0.3948  val_loss 1.4317  val_acc 0.4216
2026-04-08 19:16:47    epoch  81  loss 1.5055  acc 0.4038  val_loss 1.4415  val_acc 0.4193
2026-04-08 19:16:49    epoch  82  loss 1.5088  acc 0.3940  val_loss 1.4297  val_acc 0.4205
2026-04-08 19:16:51    epoch  83  loss 1.5039  acc 0.3986  val_loss 1.4385  val_acc 0.4250
2026-04-08 19:16:53    epoch  84  loss 1.5047  acc 0.3968  val_loss 1.4293  val_acc 0.4273
2026-04-08 19:16:55    epoch  85  loss 1.5011  acc 0.3964  val_loss 1.4313  val_acc 0.4307
2026-04-08 19:16:57    epoch  86  loss 1.5071  acc 0.4000  val_loss 1.4351  val_acc 0.4239
2026-04-08 19:16:59    epoch  87  loss 1.5072  acc 0.3963  val_loss 1.4349  val_acc 0.4182
2026-04-08 19:17:01    epoch  88  loss 1.5010  acc 0.4007  val_loss 1.4281  val_acc 0.4273
2026-04-08 19:17:03    epoch  89  loss 1.5053  acc 0.3948  val_loss 1.4270  val_acc 0.4205
2026-04-08 19:17:05    epoch  90  loss 1.4991  acc 0.4005  val_loss 1.4376  val_acc 0.4261
2026-04-08 19:17:07    epoch  91  loss 1.4998  acc 0.4064  val_loss 1.4486  val_acc 0.4102
2026-04-08 19:17:09    epoch  92  loss 1.5101  acc 0.3894  val_loss 1.4291  val_acc 0.4114
2026-04-08 19:17:11    epoch  93  loss 1.5069  acc 0.3933  val_loss 1.4253  val_acc 0.4261
2026-04-08 19:17:13    epoch  94  loss 1.5096  acc 0.4014  val_loss 1.4255  val_acc 0.4330
2026-04-08 19:17:15    epoch  95  loss 1.5045  acc 0.3934  val_loss 1.4404  val_acc 0.4068
2026-04-08 19:17:18    epoch  96  loss 1.4908  acc 0.4027  val_loss 1.4246  val_acc 0.4295
2026-04-08 19:17:20    epoch  97  loss 1.4999  acc 0.3975  val_loss 1.4241  val_acc 0.4273
2026-04-08 19:17:22    epoch  98  loss 1.4995  acc 0.4048  val_loss 1.4263  val_acc 0.4295
2026-04-08 19:17:24    epoch  99  loss 1.4952  acc 0.4004  val_loss 1.4284  val_acc 0.4307
2026-04-08 19:17:26    epoch 100  loss 1.4979  acc 0.3985  val_loss 1.4291  val_acc 0.4307
2026-04-08 19:17:26    User12 accuracy: 0.2933
2026-04-08 19:17:26  Best model: /home/mahmudm2/codebase/ClassyGlass/scripts/benchmark/models/cnn_best_W200_S150.pth  (acc=0.4722)
2026-04-08 19:17:26  ============================================================
2026-04-08 19:17:26  LOSO SUMMARY
2026-04-08 19:17:26  ============================================================
2026-04-08 19:17:26    User1: 0.2789
2026-04-08 19:17:26    User2: 0.4722
2026-04-08 19:17:26    User3: 0.3892
2026-04-08 19:17:26    User4: 0.3431
2026-04-08 19:17:26    User5: 0.3985
2026-04-08 19:17:26    User6: 0.3378
2026-04-08 19:17:26    User7: 0.3348
2026-04-08 19:17:26    User8: 0.4157
2026-04-08 19:17:26    User9: 0.2693
2026-04-08 19:17:26    User10: 0.3384
2026-04-08 19:17:26    User11: 0.3725
2026-04-08 19:17:26    User12: 0.2933
2026-04-08 19:17:26    Mean accuracy : 0.3536
2026-04-08 19:17:26    Std  accuracy : 0.0569
2026-04-08 19:17:26  ============================================================
2026-04-08 19:17:26  CLASSIFICATION REPORT (all folds combined)
2026-04-08 19:17:26  ============================================================
2026-04-08 19:17:26  
                            precision    recall  f1-score   support

         Sitting – Reading       0.17      0.09      0.12       933
         Sitting – Writing       0.25      0.27      0.26      1032
         Computer – Typing       0.33      0.43      0.37      1029
       Computer – Browsing       0.41      0.40      0.40      1047
Sitting – Moving head/body       0.25      0.35      0.30       904
    Sitting – Moving chair       0.27      0.21      0.24      1031
     Stand up from sitting       0.33      0.38      0.35      1221
                  Standing       0.29      0.13      0.18       686
                   Walking       0.46      0.59      0.52       810
                   Running       0.63      0.77      0.70       794
             Taking stairs       0.00      0.00      0.00       303

                  accuracy                           0.35      9790
                 macro avg       0.31      0.33      0.31      9790
              weighted avg       0.32      0.35      0.33      9790

2026-04-08 19:17:27  Confusion matrix saved to: /home/mahmudm2/codebase/ClassyGlass/scripts/benchmark/figures/cnn_confusion_matrix_W200_S150.png
2026-04-08 19:17:27  Per-subject accuracy chart saved to: /home/mahmudm2/codebase/ClassyGlass/scripts/benchmark/figures/cnn_per_subject_accuracy_W200_S150.png
2026-04-08 19:17:27  ============================================================
2026-04-08 19:17:27  cnn training complete
2026-04-08 19:17:27  ============================================================
