2026-04-08 19:17:35  ============================================================
2026-04-08 19:17:35  cnn  |  window=300  step=150
2026-04-08 19:17:35  Device  : cuda:5
2026-04-08 19:17:35  Flatten : True
2026-04-08 19:17:35  Log     : /home/mahmudm2/codebase/ClassyGlass/scripts/benchmark/logs/cnn_W300_S150.log
2026-04-08 19:17:35  Model   : /home/mahmudm2/codebase/ClassyGlass/scripts/benchmark/models/cnn_best_W300_S150.pth
2026-04-08 19:17:35  Figures : /home/mahmudm2/codebase/ClassyGlass/scripts/benchmark/figures
2026-04-08 19:17:35  ============================================================
2026-04-08 19:17:39  Loaded 9704 windows | window=300  step=150 | 129 experiments | 12 subjects | 0 experiments skipped
2026-04-08 19:17:40  ────────────────────────────────────────────────────────────
2026-04-08 19:17:40  LOSO fold — held-out: User1 (557 test windows, 9147 train windows)
2026-04-08 19:17:46    epoch   1  loss 1.8519  acc 0.2611  val_loss 1.6607  val_acc 0.3063
2026-04-08 19:17:48    epoch   2  loss 1.7055  acc 0.2933  val_loss 1.6152  val_acc 0.2899
2026-04-08 19:17:51    epoch   3  loss 1.6682  acc 0.2998  val_loss 1.5657  val_acc 0.3370
2026-04-08 19:17:53    epoch   4  loss 1.6279  acc 0.3101  val_loss 1.5513  val_acc 0.3457
2026-04-08 19:17:55    epoch   5  loss 1.6159  acc 0.3181  val_loss 1.5132  val_acc 0.3446
2026-04-08 19:17:57    epoch   6  loss 1.6176  acc 0.3186  val_loss 1.5632  val_acc 0.3151
2026-04-08 19:17:59    epoch   7  loss 1.5976  acc 0.3209  val_loss 1.5250  val_acc 0.3632
2026-04-08 19:18:01    epoch   8  loss 1.5919  acc 0.3284  val_loss 1.5314  val_acc 0.3425
2026-04-08 19:18:03    epoch   9  loss 1.5904  acc 0.3265  val_loss 1.5263  val_acc 0.3479
2026-04-08 19:18:05    epoch  10  loss 1.5931  acc 0.3327  val_loss 1.4982  val_acc 0.3632
2026-04-08 19:18:07    epoch  11  loss 1.5838  acc 0.3343  val_loss 1.4921  val_acc 0.3611
2026-04-08 19:18:10    epoch  12  loss 1.5751  acc 0.3402  val_loss 1.4854  val_acc 0.3753
2026-04-08 19:18:12    epoch  13  loss 1.5785  acc 0.3358  val_loss 1.5569  val_acc 0.3206
2026-04-08 19:18:14    epoch  14  loss 1.5721  acc 0.3425  val_loss 1.4942  val_acc 0.3632
2026-04-08 19:18:16    epoch  15  loss 1.5607  acc 0.3460  val_loss 1.4960  val_acc 0.3589
2026-04-08 19:18:18    epoch  16  loss 1.5582  acc 0.3462  val_loss 1.4744  val_acc 0.3753
2026-04-08 19:18:20    epoch  17  loss 1.5514  acc 0.3514  val_loss 1.4734  val_acc 0.3709
2026-04-08 19:18:22    epoch  18  loss 1.5590  acc 0.3469  val_loss 1.4856  val_acc 0.3928
2026-04-08 19:18:24    epoch  19  loss 1.5607  acc 0.3456  val_loss 1.4719  val_acc 0.3578
2026-04-08 19:18:26    epoch  20  loss 1.5681  acc 0.3457  val_loss 1.5042  val_acc 0.3709
2026-04-08 19:18:28    epoch  21  loss 1.5531  acc 0.3543  val_loss 1.4694  val_acc 0.3796
2026-04-08 19:18:30    epoch  22  loss 1.5522  acc 0.3569  val_loss 1.4666  val_acc 0.3753
2026-04-08 19:18:33    epoch  23  loss 1.5345  acc 0.3553  val_loss 1.4368  val_acc 0.3665
2026-04-08 19:18:35    epoch  24  loss 1.5513  acc 0.3581  val_loss 1.4555  val_acc 0.3786
2026-04-08 19:18:37    epoch  25  loss 1.5462  acc 0.3515  val_loss 1.4777  val_acc 0.3829
2026-04-08 19:18:39    epoch  26  loss 1.5393  acc 0.3618  val_loss 1.4508  val_acc 0.3961
2026-04-08 19:18:41    epoch  27  loss 1.5361  acc 0.3632  val_loss 1.5056  val_acc 0.3884
2026-04-08 19:18:43    epoch  28  loss 1.5301  acc 0.3606  val_loss 1.4498  val_acc 0.3753
2026-04-08 19:18:45    epoch  29  loss 1.5138  acc 0.3756  val_loss 1.4543  val_acc 0.3698
2026-04-08 19:18:47    epoch  30  loss 1.5001  acc 0.3731  val_loss 1.4303  val_acc 0.3993
2026-04-08 19:18:49    epoch  31  loss 1.5009  acc 0.3809  val_loss 1.4227  val_acc 0.3972
2026-04-08 19:18:51    epoch  32  loss 1.5095  acc 0.3658  val_loss 1.4527  val_acc 0.3884
2026-04-08 19:18:53    epoch  33  loss 1.5077  acc 0.3799  val_loss 1.4185  val_acc 0.4234
2026-04-08 19:18:56    epoch  34  loss 1.5084  acc 0.3760  val_loss 1.4209  val_acc 0.4223
2026-04-08 19:18:58    epoch  35  loss 1.4959  acc 0.3820  val_loss 1.4105  val_acc 0.4201
2026-04-08 19:19:00    epoch  36  loss 1.4879  acc 0.3910  val_loss 1.4534  val_acc 0.3775
2026-04-08 19:19:02    epoch  37  loss 1.4965  acc 0.3807  val_loss 1.4055  val_acc 0.4267
2026-04-08 19:19:04    epoch  38  loss 1.4851  acc 0.3881  val_loss 1.4098  val_acc 0.4289
2026-04-08 19:19:06    epoch  39  loss 1.4921  acc 0.3903  val_loss 1.3923  val_acc 0.4354
2026-04-08 19:19:08    epoch  40  loss 1.4842  acc 0.3832  val_loss 1.4119  val_acc 0.4190
2026-04-08 19:19:10    epoch  41  loss 1.4761  acc 0.3955  val_loss 1.4021  val_acc 0.4376
2026-04-08 19:19:12    epoch  42  loss 1.4728  acc 0.3985  val_loss 1.3941  val_acc 0.4387
2026-04-08 19:19:14    epoch  43  loss 1.4783  acc 0.3918  val_loss 1.4656  val_acc 0.4048
2026-04-08 19:19:17    epoch  44  loss 1.4725  acc 0.3982  val_loss 1.3959  val_acc 0.4333
2026-04-08 19:19:19    epoch  45  loss 1.4592  acc 0.4062  val_loss 1.3692  val_acc 0.4508
2026-04-08 19:19:21    epoch  46  loss 1.4677  acc 0.3969  val_loss 1.3806  val_acc 0.4486
2026-04-08 19:19:23    epoch  47  loss 1.4561  acc 0.4023  val_loss 1.3748  val_acc 0.4420
2026-04-08 19:19:25    epoch  48  loss 1.4591  acc 0.4017  val_loss 1.3724  val_acc 0.4486
2026-04-08 19:19:27    epoch  49  loss 1.4574  acc 0.4068  val_loss 1.3682  val_acc 0.4508
2026-04-08 19:19:29    epoch  50  loss 1.4540  acc 0.4007  val_loss 1.3689  val_acc 0.4573
2026-04-08 19:19:31    epoch  51  loss 1.4502  acc 0.4022  val_loss 1.3758  val_acc 0.4398
2026-04-08 19:19:34    epoch  52  loss 1.4449  acc 0.4000  val_loss 1.3796  val_acc 0.4409
2026-04-08 19:19:36    epoch  53  loss 1.4527  acc 0.4046  val_loss 1.3663  val_acc 0.4519
2026-04-08 19:19:38    epoch  54  loss 1.4392  acc 0.4088  val_loss 1.3607  val_acc 0.4530
2026-04-08 19:19:40    epoch  55  loss 1.4507  acc 0.4064  val_loss 1.3824  val_acc 0.4398
2026-04-08 19:19:42    epoch  56  loss 1.4431  acc 0.4090  val_loss 1.3777  val_acc 0.4365
2026-04-08 19:19:44    epoch  57  loss 1.4251  acc 0.4187  val_loss 1.3478  val_acc 0.4584
2026-04-08 19:19:46    epoch  58  loss 1.4355  acc 0.4204  val_loss 1.3590  val_acc 0.4562
2026-04-08 19:19:48    epoch  59  loss 1.4273  acc 0.4129  val_loss 1.3477  val_acc 0.4573
2026-04-08 19:19:50    epoch  60  loss 1.4347  acc 0.4150  val_loss 1.3651  val_acc 0.4376
2026-04-08 19:19:52    epoch  61  loss 1.4464  acc 0.4097  val_loss 1.3578  val_acc 0.4497
2026-04-08 19:19:54    epoch  62  loss 1.4367  acc 0.4167  val_loss 1.3838  val_acc 0.4245
2026-04-08 19:19:57    epoch  63  loss 1.4198  acc 0.4214  val_loss 1.3430  val_acc 0.4540
2026-04-08 19:19:59    epoch  64  loss 1.4245  acc 0.4235  val_loss 1.3710  val_acc 0.4409
2026-04-08 19:20:01    epoch  65  loss 1.4287  acc 0.4142  val_loss 1.3429  val_acc 0.4628
2026-04-08 19:20:03    epoch  66  loss 1.4150  acc 0.4184  val_loss 1.3419  val_acc 0.4628
2026-04-08 19:20:05    epoch  67  loss 1.4302  acc 0.4148  val_loss 1.3476  val_acc 0.4497
2026-04-08 19:20:07    epoch  68  loss 1.4178  acc 0.4209  val_loss 1.3408  val_acc 0.4595
2026-04-08 19:20:09    epoch  69  loss 1.4257  acc 0.4226  val_loss 1.3434  val_acc 0.4551
2026-04-08 19:20:11    epoch  70  loss 1.4304  acc 0.4147  val_loss 1.3710  val_acc 0.4311
2026-04-08 19:20:13    epoch  71  loss 1.4139  acc 0.4183  val_loss 1.3696  val_acc 0.4530
2026-04-08 19:20:16    epoch  72  loss 1.4307  acc 0.4181  val_loss 1.3377  val_acc 0.4551
2026-04-08 19:20:18    epoch  73  loss 1.4137  acc 0.4294  val_loss 1.3461  val_acc 0.4573
2026-04-08 19:20:20    epoch  74  loss 1.4155  acc 0.4240  val_loss 1.3335  val_acc 0.4551
2026-04-08 19:20:22    epoch  75  loss 1.4080  acc 0.4252  val_loss 1.3598  val_acc 0.4486
2026-04-08 19:20:24    epoch  76  loss 1.4115  acc 0.4265  val_loss 1.3326  val_acc 0.4694
2026-04-08 19:20:26    epoch  77  loss 1.4214  acc 0.4209  val_loss 1.3384  val_acc 0.4551
2026-04-08 19:20:28    epoch  78  loss 1.4122  acc 0.4286  val_loss 1.3495  val_acc 0.4519
2026-04-08 19:20:30    epoch  79  loss 1.4164  acc 0.4243  val_loss 1.3313  val_acc 0.4573
2026-04-08 19:20:32    epoch  80  loss 1.4142  acc 0.4233  val_loss 1.3376  val_acc 0.4617
2026-04-08 19:20:34    epoch  81  loss 1.4228  acc 0.4249  val_loss 1.3363  val_acc 0.4661
2026-04-08 19:20:37    epoch  82  loss 1.4082  acc 0.4279  val_loss 1.3631  val_acc 0.4519
2026-04-08 19:20:39    epoch  83  loss 1.4081  acc 0.4314  val_loss 1.3254  val_acc 0.4683
2026-04-08 19:20:41    epoch  84  loss 1.4089  acc 0.4335  val_loss 1.3456  val_acc 0.4595
2026-04-08 19:20:43    epoch  85  loss 1.4063  acc 0.4239  val_loss 1.3314  val_acc 0.4595
2026-04-08 19:20:45    epoch  86  loss 1.4057  acc 0.4336  val_loss 1.3369  val_acc 0.4562
2026-04-08 19:20:47    epoch  87  loss 1.3990  acc 0.4316  val_loss 1.3212  val_acc 0.4639
2026-04-08 19:20:50    epoch  88  loss 1.4040  acc 0.4317  val_loss 1.3273  val_acc 0.4497
2026-04-08 19:20:52    epoch  89  loss 1.4200  acc 0.4261  val_loss 1.3220  val_acc 0.4705
2026-04-08 19:20:54    epoch  90  loss 1.4044  acc 0.4296  val_loss 1.3266  val_acc 0.4573
2026-04-08 19:20:56    epoch  91  loss 1.4083  acc 0.4246  val_loss 1.3295  val_acc 0.4650
2026-04-08 19:20:58    epoch  92  loss 1.4019  acc 0.4313  val_loss 1.3326  val_acc 0.4584
2026-04-08 19:21:00    epoch  93  loss 1.4045  acc 0.4265  val_loss 1.3195  val_acc 0.4573
2026-04-08 19:21:02    epoch  94  loss 1.4018  acc 0.4300  val_loss 1.3245  val_acc 0.4617
2026-04-08 19:21:05    epoch  95  loss 1.3963  acc 0.4324  val_loss 1.3207  val_acc 0.4519
2026-04-08 19:21:07    epoch  96  loss 1.3896  acc 0.4356  val_loss 1.3165  val_acc 0.4672
2026-04-08 19:21:09    epoch  97  loss 1.3986  acc 0.4354  val_loss 1.3139  val_acc 0.4705
2026-04-08 19:21:11    epoch  98  loss 1.3944  acc 0.4305  val_loss 1.3150  val_acc 0.4595
2026-04-08 19:21:13    epoch  99  loss 1.3916  acc 0.4302  val_loss 1.3128  val_acc 0.4650
2026-04-08 19:21:15    epoch 100  loss 1.3991  acc 0.4328  val_loss 1.3214  val_acc 0.4672
2026-04-08 19:21:15    User1 accuracy: 0.2783
2026-04-08 19:21:15    ✓ New best model saved (User1 held out, acc=0.2783)
2026-04-08 19:21:16  ────────────────────────────────────────────────────────────
2026-04-08 19:21:16  LOSO fold — held-out: User2 (513 test windows, 9191 train windows)
2026-04-08 19:21:18    epoch   1  loss 1.9067  acc 0.2398  val_loss 1.6753  val_acc 0.3058
2026-04-08 19:21:20    epoch   2  loss 1.7258  acc 0.2816  val_loss 1.6159  val_acc 0.3134
2026-04-08 19:21:22    epoch   3  loss 1.6817  acc 0.3034  val_loss 1.5946  val_acc 0.3210
2026-04-08 19:21:25    epoch   4  loss 1.6655  acc 0.2991  val_loss 1.5738  val_acc 0.3351
2026-04-08 19:21:27    epoch   5  loss 1.6490  acc 0.3160  val_loss 1.5631  val_acc 0.3373
2026-04-08 19:21:29    epoch   6  loss 1.6329  acc 0.3257  val_loss 1.5337  val_acc 0.3417
2026-04-08 19:21:31    epoch   7  loss 1.6370  acc 0.3243  val_loss 1.5602  val_acc 0.3428
2026-04-08 19:21:33    epoch   8  loss 1.6199  acc 0.3276  val_loss 1.5758  val_acc 0.3297
2026-04-08 19:21:35    epoch   9  loss 1.6172  acc 0.3317  val_loss 1.5354  val_acc 0.3558
2026-04-08 19:21:37    epoch  10  loss 1.6108  acc 0.3332  val_loss 1.5157  val_acc 0.3471
2026-04-08 19:21:39    epoch  11  loss 1.5973  acc 0.3370  val_loss 1.5300  val_acc 0.3602
2026-04-08 19:21:42    epoch  12  loss 1.5941  acc 0.3428  val_loss 1.5369  val_acc 0.3439
2026-04-08 19:21:44    epoch  13  loss 1.5943  acc 0.3337  val_loss 1.5202  val_acc 0.3743
2026-04-08 19:21:46    epoch  14  loss 1.5948  acc 0.3393  val_loss 1.5737  val_acc 0.3471
2026-04-08 19:21:48    epoch  15  loss 1.5953  acc 0.3482  val_loss 1.5543  val_acc 0.3362
2026-04-08 19:21:50    epoch  16  loss 1.5852  acc 0.3448  val_loss 1.5306  val_acc 0.3591
2026-04-08 19:21:52    epoch  17  loss 1.5730  acc 0.3505  val_loss 1.5171  val_acc 0.3602
2026-04-08 19:21:54    epoch  18  loss 1.5629  acc 0.3525  val_loss 1.4893  val_acc 0.3863
2026-04-08 19:21:56    epoch  19  loss 1.5777  acc 0.3445  val_loss 1.4996  val_acc 0.3743
2026-04-08 19:21:58    epoch  20  loss 1.5654  acc 0.3473  val_loss 1.5350  val_acc 0.3678
2026-04-08 19:22:01    epoch  21  loss 1.5572  acc 0.3519  val_loss 1.4816  val_acc 0.3711
2026-04-08 19:22:03    epoch  22  loss 1.5615  acc 0.3522  val_loss 1.4838  val_acc 0.3928
2026-04-08 19:22:05    epoch  23  loss 1.5575  acc 0.3625  val_loss 1.4974  val_acc 0.3667
2026-04-08 19:22:07    epoch  24  loss 1.5489  acc 0.3588  val_loss 1.4897  val_acc 0.3634
2026-04-08 19:22:09    epoch  25  loss 1.5616  acc 0.3624  val_loss 1.4956  val_acc 0.3515
2026-04-08 19:22:11    epoch  26  loss 1.5483  acc 0.3622  val_loss 1.4915  val_acc 0.3613
2026-04-08 19:22:13    epoch  27  loss 1.5455  acc 0.3642  val_loss 1.4885  val_acc 0.3678
2026-04-08 19:22:15    epoch  28  loss 1.5366  acc 0.3570  val_loss 1.4749  val_acc 0.3939
2026-04-08 19:22:18    epoch  29  loss 1.5435  acc 0.3656  val_loss 1.4762  val_acc 0.3993
2026-04-08 19:22:20    epoch  30  loss 1.5341  acc 0.3606  val_loss 1.5225  val_acc 0.3711
2026-04-08 19:22:22    epoch  31  loss 1.5356  acc 0.3675  val_loss 1.4744  val_acc 0.3983
2026-04-08 19:22:24    epoch  32  loss 1.5415  acc 0.3606  val_loss 1.4966  val_acc 0.3765
2026-04-08 19:22:26    epoch  33  loss 1.5327  acc 0.3629  val_loss 1.4711  val_acc 0.3939
2026-04-08 19:22:28    epoch  34  loss 1.5305  acc 0.3664  val_loss 1.4835  val_acc 0.3874
2026-04-08 19:22:30    epoch  35  loss 1.5295  acc 0.3656  val_loss 1.4645  val_acc 0.3885
2026-04-08 19:22:33    epoch  36  loss 1.5370  acc 0.3698  val_loss 1.4675  val_acc 0.4015
2026-04-08 19:22:35    epoch  37  loss 1.5324  acc 0.3698  val_loss 1.4703  val_acc 0.4015
2026-04-08 19:22:37    epoch  38  loss 1.5303  acc 0.3684  val_loss 1.4878  val_acc 0.4026
2026-04-08 19:22:39    epoch  39  loss 1.5313  acc 0.3679  val_loss 1.4603  val_acc 0.3852
2026-04-08 19:22:41    epoch  40  loss 1.5279  acc 0.3704  val_loss 1.4747  val_acc 0.3787
2026-04-08 19:22:43    epoch  41  loss 1.5316  acc 0.3638  val_loss 1.4638  val_acc 0.3874
2026-04-08 19:22:46    epoch  42  loss 1.5167  acc 0.3745  val_loss 1.4575  val_acc 0.4004
2026-04-08 19:22:48    epoch  43  loss 1.5157  acc 0.3729  val_loss 1.4716  val_acc 0.3983
2026-04-08 19:22:50    epoch  44  loss 1.5207  acc 0.3768  val_loss 1.4660  val_acc 0.3808
2026-04-08 19:22:52    epoch  45  loss 1.5214  acc 0.3728  val_loss 1.4802  val_acc 0.4048
2026-04-08 19:22:54    epoch  46  loss 1.5170  acc 0.3771  val_loss 1.4631  val_acc 0.4070
2026-04-08 19:22:56    epoch  47  loss 1.5181  acc 0.3742  val_loss 1.5092  val_acc 0.3667
2026-04-08 19:22:58    epoch  48  loss 1.5232  acc 0.3685  val_loss 1.4524  val_acc 0.4004
2026-04-08 19:23:00    epoch  49  loss 1.5028  acc 0.3858  val_loss 1.4444  val_acc 0.4026
2026-04-08 19:23:03    epoch  50  loss 1.5136  acc 0.3795  val_loss 1.4536  val_acc 0.3993
2026-04-08 19:23:05    epoch  51  loss 1.5036  acc 0.3800  val_loss 1.4461  val_acc 0.4081
2026-04-08 19:23:07    epoch  52  loss 1.5077  acc 0.3873  val_loss 1.4599  val_acc 0.4048
2026-04-08 19:23:09    epoch  53  loss 1.5105  acc 0.3841  val_loss 1.4439  val_acc 0.4124
2026-04-08 19:23:11    epoch  54  loss 1.5194  acc 0.3779  val_loss 1.4448  val_acc 0.4004
2026-04-08 19:23:13    epoch  55  loss 1.5094  acc 0.3772  val_loss 1.4445  val_acc 0.4222
2026-04-08 19:23:15    epoch  56  loss 1.5050  acc 0.3870  val_loss 1.4531  val_acc 0.4059
2026-04-08 19:23:17    epoch  57  loss 1.4995  acc 0.3837  val_loss 1.4463  val_acc 0.3972
2026-04-08 19:23:20    epoch  58  loss 1.5158  acc 0.3841  val_loss 1.4857  val_acc 0.3972
2026-04-08 19:23:22    epoch  59  loss 1.5041  acc 0.3796  val_loss 1.4367  val_acc 0.4059
2026-04-08 19:23:24    epoch  60  loss 1.5074  acc 0.3859  val_loss 1.4375  val_acc 0.4004
2026-04-08 19:23:26    epoch  61  loss 1.4996  acc 0.3882  val_loss 1.4404  val_acc 0.4059
2026-04-08 19:23:28    epoch  62  loss 1.4958  acc 0.3914  val_loss 1.4383  val_acc 0.4048
2026-04-08 19:23:30    epoch  63  loss 1.5024  acc 0.3812  val_loss 1.4392  val_acc 0.4113
2026-04-08 19:23:32    epoch  64  loss 1.4926  acc 0.3885  val_loss 1.4485  val_acc 0.4026
2026-04-08 19:23:34    epoch  65  loss 1.4950  acc 0.3925  val_loss 1.4432  val_acc 0.4059
2026-04-08 19:23:37    epoch  66  loss 1.5078  acc 0.3855  val_loss 1.4458  val_acc 0.4146
2026-04-08 19:23:39    epoch  67  loss 1.4944  acc 0.3867  val_loss 1.4333  val_acc 0.4091
2026-04-08 19:23:41    epoch  68  loss 1.4963  acc 0.3856  val_loss 1.4395  val_acc 0.4004
2026-04-08 19:23:43    epoch  69  loss 1.4971  acc 0.3902  val_loss 1.4348  val_acc 0.4091
2026-04-08 19:23:45    epoch  70  loss 1.5036  acc 0.3878  val_loss 1.4346  val_acc 0.4168
2026-04-08 19:23:47    epoch  71  loss 1.4940  acc 0.3883  val_loss 1.4342  val_acc 0.4135
2026-04-08 19:23:49    epoch  72  loss 1.4891  acc 0.3972  val_loss 1.4337  val_acc 0.4222
2026-04-08 19:23:51    epoch  73  loss 1.5047  acc 0.3897  val_loss 1.4318  val_acc 0.4124
2026-04-08 19:23:54    epoch  74  loss 1.4918  acc 0.3853  val_loss 1.4300  val_acc 0.4146
2026-04-08 19:23:56    epoch  75  loss 1.4947  acc 0.3937  val_loss 1.4326  val_acc 0.4135
2026-04-08 19:23:58    epoch  76  loss 1.4815  acc 0.3939  val_loss 1.4360  val_acc 0.4091
2026-04-08 19:24:00    epoch  77  loss 1.4938  acc 0.3900  val_loss 1.4308  val_acc 0.4135
2026-04-08 19:24:02    epoch  78  loss 1.4867  acc 0.3832  val_loss 1.4334  val_acc 0.4189
2026-04-08 19:24:04    epoch  79  loss 1.4936  acc 0.3935  val_loss 1.4339  val_acc 0.4124
2026-04-08 19:24:06    epoch  80  loss 1.4900  acc 0.3856  val_loss 1.4323  val_acc 0.4124
2026-04-08 19:24:08    epoch  81  loss 1.4881  acc 0.3966  val_loss 1.4341  val_acc 0.4091
2026-04-08 19:24:11    epoch  82  loss 1.4918  acc 0.3891  val_loss 1.4305  val_acc 0.4146
2026-04-08 19:24:11    Early stopping at epoch 82
2026-04-08 19:24:11    User2 accuracy: 0.4250
2026-04-08 19:24:11    ✓ New best model saved (User2 held out, acc=0.4250)
2026-04-08 19:24:11  ────────────────────────────────────────────────────────────
2026-04-08 19:24:11  LOSO fold — held-out: User3 (512 test windows, 9192 train windows)
2026-04-08 19:24:14    epoch   1  loss 1.8821  acc 0.2552  val_loss 1.6905  val_acc 0.2884
2026-04-08 19:24:16    epoch   2  loss 1.7296  acc 0.2855  val_loss 1.6500  val_acc 0.3112
2026-04-08 19:24:18    epoch   3  loss 1.6863  acc 0.2999  val_loss 1.6243  val_acc 0.3058
2026-04-08 19:24:20    epoch   4  loss 1.6528  acc 0.3053  val_loss 1.5864  val_acc 0.3123
2026-04-08 19:24:22    epoch   5  loss 1.6379  acc 0.3123  val_loss 1.5689  val_acc 0.3221
2026-04-08 19:24:24    epoch   6  loss 1.6347  acc 0.3123  val_loss 1.5744  val_acc 0.3254
2026-04-08 19:24:26    epoch   7  loss 1.6286  acc 0.3218  val_loss 1.5796  val_acc 0.3177
2026-04-08 19:24:29    epoch   8  loss 1.6316  acc 0.3231  val_loss 1.5469  val_acc 0.3319
2026-04-08 19:24:31    epoch   9  loss 1.6076  acc 0.3291  val_loss 1.5580  val_acc 0.3471
2026-04-08 19:24:33    epoch  10  loss 1.6245  acc 0.3216  val_loss 1.5569  val_acc 0.3395
2026-04-08 19:24:35    epoch  11  loss 1.6178  acc 0.3250  val_loss 1.5649  val_acc 0.3351
2026-04-08 19:24:37    epoch  12  loss 1.5976  acc 0.3414  val_loss 1.5497  val_acc 0.3580
2026-04-08 19:24:39    epoch  13  loss 1.6035  acc 0.3261  val_loss 1.5898  val_acc 0.3439
2026-04-08 19:24:41    epoch  14  loss 1.5789  acc 0.3474  val_loss 1.5287  val_acc 0.3656
2026-04-08 19:24:44    epoch  15  loss 1.5729  acc 0.3497  val_loss 1.5308  val_acc 0.3536
2026-04-08 19:24:46    epoch  16  loss 1.5768  acc 0.3415  val_loss 1.5160  val_acc 0.3732
2026-04-08 19:24:48    epoch  17  loss 1.5809  acc 0.3439  val_loss 1.5880  val_acc 0.3439
2026-04-08 19:24:50    epoch  18  loss 1.5679  acc 0.3438  val_loss 1.5431  val_acc 0.3721
2026-04-08 19:24:52    epoch  19  loss 1.5755  acc 0.3496  val_loss 1.5152  val_acc 0.3700
2026-04-08 19:24:54    epoch  20  loss 1.5700  acc 0.3490  val_loss 1.5122  val_acc 0.3765
2026-04-08 19:24:56    epoch  21  loss 1.5669  acc 0.3473  val_loss 1.5038  val_acc 0.3689
2026-04-08 19:24:59    epoch  22  loss 1.5591  acc 0.3534  val_loss 1.5059  val_acc 0.3678
2026-04-08 19:25:01    epoch  23  loss 1.5734  acc 0.3510  val_loss 1.5371  val_acc 0.3558
2026-04-08 19:25:03    epoch  24  loss 1.5575  acc 0.3553  val_loss 1.5505  val_acc 0.3482
2026-04-08 19:25:05    epoch  25  loss 1.5593  acc 0.3584  val_loss 1.5281  val_acc 0.3493
2026-04-08 19:25:07    epoch  26  loss 1.5492  acc 0.3562  val_loss 1.4908  val_acc 0.3798
2026-04-08 19:25:09    epoch  27  loss 1.5459  acc 0.3536  val_loss 1.5097  val_acc 0.3776
2026-04-08 19:25:11    epoch  28  loss 1.5532  acc 0.3640  val_loss 1.4970  val_acc 0.3721
2026-04-08 19:25:14    epoch  29  loss 1.5482  acc 0.3594  val_loss 1.4903  val_acc 0.3798
2026-04-08 19:25:16    epoch  30  loss 1.5339  acc 0.3612  val_loss 1.4988  val_acc 0.3787
2026-04-08 19:25:18    epoch  31  loss 1.5493  acc 0.3568  val_loss 1.5120  val_acc 0.3808
2026-04-08 19:25:20    epoch  32  loss 1.5458  acc 0.3571  val_loss 1.4985  val_acc 0.3754
2026-04-08 19:25:22    epoch  33  loss 1.5425  acc 0.3640  val_loss 1.4929  val_acc 0.3874
2026-04-08 19:25:24    epoch  34  loss 1.5304  acc 0.3679  val_loss 1.5119  val_acc 0.3645
2026-04-08 19:25:26    epoch  35  loss 1.5248  acc 0.3638  val_loss 1.4824  val_acc 0.3743
2026-04-08 19:25:28    epoch  36  loss 1.5259  acc 0.3653  val_loss 1.4807  val_acc 0.3896
2026-04-08 19:25:30    epoch  37  loss 1.5266  acc 0.3725  val_loss 1.4754  val_acc 0.3874
2026-04-08 19:25:33    epoch  38  loss 1.5188  acc 0.3683  val_loss 1.4839  val_acc 0.3787
2026-04-08 19:25:35    epoch  39  loss 1.5180  acc 0.3752  val_loss 1.4815  val_acc 0.3917
2026-04-08 19:25:37    epoch  40  loss 1.5255  acc 0.3661  val_loss 1.4858  val_acc 0.3961
2026-04-08 19:25:39    epoch  41  loss 1.5225  acc 0.3700  val_loss 1.4733  val_acc 0.3852
2026-04-08 19:25:41    epoch  42  loss 1.5183  acc 0.3758  val_loss 1.4793  val_acc 0.3885
2026-04-08 19:25:43    epoch  43  loss 1.5200  acc 0.3706  val_loss 1.4726  val_acc 0.3830
2026-04-08 19:25:45    epoch  44  loss 1.5193  acc 0.3730  val_loss 1.4863  val_acc 0.3765
2026-04-08 19:25:47    epoch  45  loss 1.5156  acc 0.3711  val_loss 1.4710  val_acc 0.3863
2026-04-08 19:25:50    epoch  46  loss 1.5142  acc 0.3779  val_loss 1.4729  val_acc 0.3928
2026-04-08 19:25:52    epoch  47  loss 1.5165  acc 0.3718  val_loss 1.4731  val_acc 0.3830
2026-04-08 19:25:54    epoch  48  loss 1.5143  acc 0.3764  val_loss 1.4780  val_acc 0.3830
2026-04-08 19:25:56    epoch  49  loss 1.5103  acc 0.3752  val_loss 1.5128  val_acc 0.3656
2026-04-08 19:25:58    epoch  50  loss 1.5057  acc 0.3800  val_loss 1.4743  val_acc 0.3874
2026-04-08 19:26:00    epoch  51  loss 1.4993  acc 0.3826  val_loss 1.4662  val_acc 0.3961
2026-04-08 19:26:02    epoch  52  loss 1.4972  acc 0.3809  val_loss 1.4620  val_acc 0.3939
2026-04-08 19:26:05    epoch  53  loss 1.4985  acc 0.3815  val_loss 1.4716  val_acc 0.3939
2026-04-08 19:26:07    epoch  54  loss 1.5042  acc 0.3754  val_loss 1.4612  val_acc 0.3896
2026-04-08 19:26:09    epoch  55  loss 1.4929  acc 0.3780  val_loss 1.4684  val_acc 0.3906
2026-04-08 19:26:11    epoch  56  loss 1.5093  acc 0.3804  val_loss 1.4809  val_acc 0.3754
2026-04-08 19:26:13    epoch  57  loss 1.4953  acc 0.3822  val_loss 1.4573  val_acc 0.3928
2026-04-08 19:26:15    epoch  58  loss 1.5034  acc 0.3710  val_loss 1.4777  val_acc 0.3852
2026-04-08 19:26:17    epoch  59  loss 1.5014  acc 0.3809  val_loss 1.4692  val_acc 0.3961
2026-04-08 19:26:19    epoch  60  loss 1.4915  acc 0.3792  val_loss 1.4603  val_acc 0.3896
2026-04-08 19:26:22    epoch  61  loss 1.5068  acc 0.3782  val_loss 1.4625  val_acc 0.3993
2026-04-08 19:26:24    epoch  62  loss 1.5014  acc 0.3792  val_loss 1.4657  val_acc 0.3961
2026-04-08 19:26:26    epoch  63  loss 1.4846  acc 0.3828  val_loss 1.4576  val_acc 0.3961
2026-04-08 19:26:28    epoch  64  loss 1.4948  acc 0.3905  val_loss 1.4630  val_acc 0.3972
2026-04-08 19:26:30    epoch  65  loss 1.4913  acc 0.3878  val_loss 1.4574  val_acc 0.3852
2026-04-08 19:26:30    Early stopping at epoch 65
2026-04-08 19:26:30    User3 accuracy: 0.4238
2026-04-08 19:26:31  ────────────────────────────────────────────────────────────
2026-04-08 19:26:31  LOSO fold — held-out: User4 (542 test windows, 9162 train windows)
2026-04-08 19:26:33    epoch   1  loss 1.8944  acc 0.2444  val_loss 1.6876  val_acc 0.3264
2026-04-08 19:26:35    epoch   2  loss 1.7258  acc 0.2860  val_loss 1.6340  val_acc 0.3155
2026-04-08 19:26:37    epoch   3  loss 1.6783  acc 0.3045  val_loss 1.6328  val_acc 0.3264
2026-04-08 19:26:39    epoch   4  loss 1.6512  acc 0.3126  val_loss 1.5818  val_acc 0.3166
2026-04-08 19:26:41    epoch   5  loss 1.6331  acc 0.3179  val_loss 1.5888  val_acc 0.2937
2026-04-08 19:26:43    epoch   6  loss 1.6380  acc 0.3232  val_loss 1.5583  val_acc 0.3384
2026-04-08 19:26:46    epoch   7  loss 1.6102  acc 0.3286  val_loss 1.5506  val_acc 0.3493
2026-04-08 19:26:48    epoch   8  loss 1.6113  acc 0.3293  val_loss 1.5458  val_acc 0.3384
2026-04-08 19:26:50    epoch   9  loss 1.6175  acc 0.3276  val_loss 1.5567  val_acc 0.3428
2026-04-08 19:26:52    epoch  10  loss 1.6121  acc 0.3291  val_loss 1.5607  val_acc 0.3417
2026-04-08 19:26:54    epoch  11  loss 1.6110  acc 0.3346  val_loss 1.5375  val_acc 0.3701
2026-04-08 19:26:56    epoch  12  loss 1.5962  acc 0.3380  val_loss 1.5520  val_acc 0.3362
2026-04-08 19:26:58    epoch  13  loss 1.5974  acc 0.3341  val_loss 1.5317  val_acc 0.3766
2026-04-08 19:27:00    epoch  14  loss 1.5959  acc 0.3382  val_loss 1.5162  val_acc 0.3701
2026-04-08 19:27:02    epoch  15  loss 1.6010  acc 0.3430  val_loss 1.6589  val_acc 0.3199
2026-04-08 19:27:05    epoch  16  loss 1.5846  acc 0.3465  val_loss 1.5233  val_acc 0.3504
2026-04-08 19:27:07    epoch  17  loss 1.5842  acc 0.3514  val_loss 1.5200  val_acc 0.3766
2026-04-08 19:27:09    epoch  18  loss 1.5805  acc 0.3551  val_loss 1.5475  val_acc 0.3832
2026-04-08 19:27:11    epoch  19  loss 1.5729  acc 0.3615  val_loss 1.5289  val_acc 0.3723
2026-04-08 19:27:13    epoch  20  loss 1.5784  acc 0.3537  val_loss 1.4922  val_acc 0.3723
2026-04-08 19:27:15    epoch  21  loss 1.5531  acc 0.3626  val_loss 1.4938  val_acc 0.3843
2026-04-08 19:27:17    epoch  22  loss 1.5516  acc 0.3677  val_loss 1.4828  val_acc 0.3930
2026-04-08 19:27:19    epoch  23  loss 1.5522  acc 0.3613  val_loss 1.4890  val_acc 0.3810
2026-04-08 19:27:21    epoch  24  loss 1.5485  acc 0.3688  val_loss 1.5048  val_acc 0.3657
2026-04-08 19:27:24    epoch  25  loss 1.5502  acc 0.3602  val_loss 1.4863  val_acc 0.3952
2026-04-08 19:27:26    epoch  26  loss 1.5470  acc 0.3683  val_loss 1.4820  val_acc 0.3952
2026-04-08 19:27:28    epoch  27  loss 1.5443  acc 0.3741  val_loss 1.4964  val_acc 0.3985
2026-04-08 19:27:30    epoch  28  loss 1.5362  acc 0.3687  val_loss 1.4838  val_acc 0.3712
2026-04-08 19:27:32    epoch  29  loss 1.5392  acc 0.3750  val_loss 1.4873  val_acc 0.3810
2026-04-08 19:27:34    epoch  30  loss 1.5411  acc 0.3733  val_loss 1.4746  val_acc 0.3952
2026-04-08 19:27:37    epoch  31  loss 1.5278  acc 0.3792  val_loss 1.4709  val_acc 0.3941
2026-04-08 19:27:39    epoch  32  loss 1.5323  acc 0.3769  val_loss 1.4684  val_acc 0.4017
2026-04-08 19:27:41    epoch  33  loss 1.5443  acc 0.3707  val_loss 1.4794  val_acc 0.3919
2026-04-08 19:27:43    epoch  34  loss 1.5264  acc 0.3784  val_loss 1.4706  val_acc 0.3930
2026-04-08 19:27:45    epoch  35  loss 1.5290  acc 0.3736  val_loss 1.4667  val_acc 0.3886
2026-04-08 19:27:47    epoch  36  loss 1.5373  acc 0.3764  val_loss 1.4675  val_acc 0.3886
2026-04-08 19:27:50    epoch  37  loss 1.5214  acc 0.3830  val_loss 1.4858  val_acc 0.3974
2026-04-08 19:27:52    epoch  38  loss 1.5446  acc 0.3762  val_loss 1.4735  val_acc 0.4017
2026-04-08 19:27:54    epoch  39  loss 1.5229  acc 0.3769  val_loss 1.4572  val_acc 0.4072
2026-04-08 19:27:56    epoch  40  loss 1.5233  acc 0.3757  val_loss 1.4804  val_acc 0.3865
2026-04-08 19:27:58    epoch  41  loss 1.5205  acc 0.3848  val_loss 1.4601  val_acc 0.3908
2026-04-08 19:28:00    epoch  42  loss 1.5116  acc 0.3808  val_loss 1.4541  val_acc 0.4017
2026-04-08 19:28:02    epoch  43  loss 1.5204  acc 0.3852  val_loss 1.4537  val_acc 0.4159
2026-04-08 19:28:05    epoch  44  loss 1.5226  acc 0.3773  val_loss 1.4679  val_acc 0.3996
2026-04-08 19:28:07    epoch  45  loss 1.5213  acc 0.3889  val_loss 1.4450  val_acc 0.4105
2026-04-08 19:28:09    epoch  46  loss 1.5123  acc 0.3837  val_loss 1.4487  val_acc 0.4127
2026-04-08 19:28:11    epoch  47  loss 1.5025  acc 0.3893  val_loss 1.4440  val_acc 0.4094
2026-04-08 19:28:13    epoch  48  loss 1.5227  acc 0.3824  val_loss 1.5183  val_acc 0.3930
2026-04-08 19:28:15    epoch  49  loss 1.5211  acc 0.3879  val_loss 1.4750  val_acc 0.4039
2026-04-08 19:28:17    epoch  50  loss 1.5051  acc 0.3864  val_loss 1.4535  val_acc 0.4203
2026-04-08 19:28:20    epoch  51  loss 1.4986  acc 0.3981  val_loss 1.4509  val_acc 0.4105
2026-04-08 19:28:22    epoch  52  loss 1.4974  acc 0.3927  val_loss 1.4522  val_acc 0.4181
2026-04-08 19:28:24    epoch  53  loss 1.4868  acc 0.4000  val_loss 1.4204  val_acc 0.4432
2026-04-08 19:28:26    epoch  54  loss 1.4985  acc 0.3976  val_loss 1.4300  val_acc 0.4225
2026-04-08 19:28:28    epoch  55  loss 1.4894  acc 0.4040  val_loss 1.4231  val_acc 0.4301
2026-04-08 19:28:30    epoch  56  loss 1.4817  acc 0.3980  val_loss 1.4220  val_acc 0.4334
2026-04-08 19:28:32    epoch  57  loss 1.4881  acc 0.4046  val_loss 1.4371  val_acc 0.4214
2026-04-08 19:28:34    epoch  58  loss 1.4836  acc 0.4025  val_loss 1.4258  val_acc 0.4247
2026-04-08 19:28:36    epoch  59  loss 1.4745  acc 0.4081  val_loss 1.4095  val_acc 0.4432
2026-04-08 19:28:39    epoch  60  loss 1.4658  acc 0.4115  val_loss 1.4064  val_acc 0.4269
2026-04-08 19:28:41    epoch  61  loss 1.4684  acc 0.4075  val_loss 1.4190  val_acc 0.4356
2026-04-08 19:28:43    epoch  62  loss 1.4864  acc 0.4020  val_loss 1.4123  val_acc 0.4487
2026-04-08 19:28:45    epoch  63  loss 1.4600  acc 0.4127  val_loss 1.4036  val_acc 0.4290
2026-04-08 19:28:47    epoch  64  loss 1.4637  acc 0.4128  val_loss 1.4074  val_acc 0.4323
2026-04-08 19:28:49    epoch  65  loss 1.4669  acc 0.4128  val_loss 1.4127  val_acc 0.4356
2026-04-08 19:28:51    epoch  66  loss 1.4579  acc 0.4135  val_loss 1.4047  val_acc 0.4312
2026-04-08 19:28:53    epoch  67  loss 1.4710  acc 0.4120  val_loss 1.4062  val_acc 0.4454
2026-04-08 19:28:56    epoch  68  loss 1.4657  acc 0.4168  val_loss 1.3987  val_acc 0.4454
2026-04-08 19:28:58    epoch  69  loss 1.4660  acc 0.4174  val_loss 1.3957  val_acc 0.4520
2026-04-08 19:29:00    epoch  70  loss 1.4654  acc 0.4171  val_loss 1.4024  val_acc 0.4378
2026-04-08 19:29:02    epoch  71  loss 1.4591  acc 0.4198  val_loss 1.4001  val_acc 0.4378
2026-04-08 19:29:04    epoch  72  loss 1.4471  acc 0.4186  val_loss 1.4112  val_acc 0.4356
2026-04-08 19:29:06    epoch  73  loss 1.4586  acc 0.4190  val_loss 1.3899  val_acc 0.4432
2026-04-08 19:29:08    epoch  74  loss 1.4622  acc 0.4145  val_loss 1.4167  val_acc 0.4378
2026-04-08 19:29:11    epoch  75  loss 1.4562  acc 0.4206  val_loss 1.3927  val_acc 0.4465
2026-04-08 19:29:13    epoch  76  loss 1.4576  acc 0.4118  val_loss 1.3986  val_acc 0.4432
2026-04-08 19:29:15    epoch  77  loss 1.4534  acc 0.4122  val_loss 1.3872  val_acc 0.4476
2026-04-08 19:29:17    epoch  78  loss 1.4507  acc 0.4179  val_loss 1.3992  val_acc 0.4367
2026-04-08 19:29:19    epoch  79  loss 1.4536  acc 0.4094  val_loss 1.3853  val_acc 0.4596
2026-04-08 19:29:22    epoch  80  loss 1.4512  acc 0.4198  val_loss 1.3946  val_acc 0.4400
2026-04-08 19:29:24    epoch  81  loss 1.4496  acc 0.4223  val_loss 1.3851  val_acc 0.4509
2026-04-08 19:29:26    epoch  82  loss 1.4448  acc 0.4185  val_loss 1.4045  val_acc 0.4443
2026-04-08 19:29:28    epoch  83  loss 1.4517  acc 0.4137  val_loss 1.3981  val_acc 0.4476
2026-04-08 19:29:30    epoch  84  loss 1.4392  acc 0.4211  val_loss 1.3792  val_acc 0.4487
2026-04-08 19:29:32    epoch  85  loss 1.4533  acc 0.4187  val_loss 1.4065  val_acc 0.4421
2026-04-08 19:29:34    epoch  86  loss 1.4441  acc 0.4212  val_loss 1.3862  val_acc 0.4509
2026-04-08 19:29:36    epoch  87  loss 1.4611  acc 0.4130  val_loss 1.3949  val_acc 0.4476
2026-04-08 19:29:39    epoch  88  loss 1.4470  acc 0.4194  val_loss 1.3818  val_acc 0.4498
2026-04-08 19:29:41    epoch  89  loss 1.4387  acc 0.4200  val_loss 1.3757  val_acc 0.4498
2026-04-08 19:29:43    epoch  90  loss 1.4394  acc 0.4255  val_loss 1.3872  val_acc 0.4585
2026-04-08 19:29:45    epoch  91  loss 1.4468  acc 0.4280  val_loss 1.3847  val_acc 0.4454
2026-04-08 19:29:47    epoch  92  loss 1.4315  acc 0.4315  val_loss 1.3789  val_acc 0.4476
2026-04-08 19:29:49    epoch  93  loss 1.4454  acc 0.4169  val_loss 1.3859  val_acc 0.4312
2026-04-08 19:29:51    epoch  94  loss 1.4462  acc 0.4258  val_loss 1.3803  val_acc 0.4520
2026-04-08 19:29:54    epoch  95  loss 1.4358  acc 0.4224  val_loss 1.3687  val_acc 0.4607
2026-04-08 19:29:56    epoch  96  loss 1.4430  acc 0.4192  val_loss 1.3684  val_acc 0.4596
2026-04-08 19:29:58    epoch  97  loss 1.4489  acc 0.4181  val_loss 1.3726  val_acc 0.4541
2026-04-08 19:30:00    epoch  98  loss 1.4250  acc 0.4254  val_loss 1.3672  val_acc 0.4662
2026-04-08 19:30:02    epoch  99  loss 1.4393  acc 0.4268  val_loss 1.3695  val_acc 0.4574
2026-04-08 19:30:04    epoch 100  loss 1.4414  acc 0.4208  val_loss 1.3670  val_acc 0.4662
2026-04-08 19:30:04    User4 accuracy: 0.3413
2026-04-08 19:30:05  ────────────────────────────────────────────────────────────
2026-04-08 19:30:05  LOSO fold — held-out: User5 (534 test windows, 9170 train windows)
2026-04-08 19:30:07    epoch   1  loss 1.8872  acc 0.2450  val_loss 1.6632  val_acc 0.3108
2026-04-08 19:30:09    epoch   2  loss 1.7232  acc 0.2855  val_loss 1.6624  val_acc 0.3282
2026-04-08 19:30:11    epoch   3  loss 1.6876  acc 0.2954  val_loss 1.5791  val_acc 0.3446
2026-04-08 19:30:14    epoch   4  loss 1.6615  acc 0.2993  val_loss 1.5662  val_acc 0.3566
2026-04-08 19:30:16    epoch   5  loss 1.6475  acc 0.3112  val_loss 1.5834  val_acc 0.3239
2026-04-08 19:30:18    epoch   6  loss 1.6416  acc 0.3159  val_loss 1.5515  val_acc 0.3566
2026-04-08 19:30:20    epoch   7  loss 1.6308  acc 0.3212  val_loss 1.5478  val_acc 0.3555
2026-04-08 19:30:22    epoch   8  loss 1.6120  acc 0.3250  val_loss 1.5799  val_acc 0.3173
2026-04-08 19:30:24    epoch   9  loss 1.6086  acc 0.3321  val_loss 1.5598  val_acc 0.3490
2026-04-08 19:30:26    epoch  10  loss 1.6149  acc 0.3256  val_loss 1.5472  val_acc 0.3468
2026-04-08 19:30:28    epoch  11  loss 1.6137  acc 0.3324  val_loss 1.5532  val_acc 0.3359
2026-04-08 19:30:31    epoch  12  loss 1.6122  acc 0.3358  val_loss 1.5221  val_acc 0.3686
2026-04-08 19:30:33    epoch  13  loss 1.6161  acc 0.3270  val_loss 1.5322  val_acc 0.3490
2026-04-08 19:30:35    epoch  14  loss 1.6046  acc 0.3381  val_loss 1.5277  val_acc 0.3653
2026-04-08 19:30:37    epoch  15  loss 1.5976  acc 0.3364  val_loss 1.5276  val_acc 0.3555
2026-04-08 19:30:39    epoch  16  loss 1.6044  acc 0.3425  val_loss 1.5488  val_acc 0.3544
2026-04-08 19:30:41    epoch  17  loss 1.5910  acc 0.3343  val_loss 1.5192  val_acc 0.3664
2026-04-08 19:30:43    epoch  18  loss 1.5769  acc 0.3423  val_loss 1.5479  val_acc 0.3882
2026-04-08 19:30:46    epoch  19  loss 1.5800  acc 0.3476  val_loss 1.5158  val_acc 0.3871
2026-04-08 19:30:48    epoch  20  loss 1.5885  acc 0.3405  val_loss 1.5104  val_acc 0.3828
2026-04-08 19:30:50    epoch  21  loss 1.5750  acc 0.3481  val_loss 1.5056  val_acc 0.3839
2026-04-08 19:30:52    epoch  22  loss 1.5642  acc 0.3545  val_loss 1.4902  val_acc 0.3860
2026-04-08 19:30:54    epoch  23  loss 1.5582  acc 0.3531  val_loss 1.5064  val_acc 0.3871
2026-04-08 19:30:56    epoch  24  loss 1.5738  acc 0.3508  val_loss 1.5077  val_acc 0.3871
2026-04-08 19:30:59    epoch  25  loss 1.5695  acc 0.3502  val_loss 1.5180  val_acc 0.4013
2026-04-08 19:31:01    epoch  26  loss 1.5669  acc 0.3451  val_loss 1.4964  val_acc 0.3817
2026-04-08 19:31:03    epoch  27  loss 1.5668  acc 0.3556  val_loss 1.4859  val_acc 0.3959
2026-04-08 19:31:05    epoch  28  loss 1.5599  acc 0.3583  val_loss 1.5176  val_acc 0.3773
2026-04-08 19:31:07    epoch  29  loss 1.5497  acc 0.3634  val_loss 1.4812  val_acc 0.3860
2026-04-08 19:31:09    epoch  30  loss 1.5390  acc 0.3601  val_loss 1.4778  val_acc 0.3904
2026-04-08 19:31:11    epoch  31  loss 1.5473  acc 0.3601  val_loss 1.4829  val_acc 0.3948
2026-04-08 19:31:14    epoch  32  loss 1.5522  acc 0.3567  val_loss 1.5731  val_acc 0.3653
2026-04-08 19:31:16    epoch  33  loss 1.5450  acc 0.3616  val_loss 1.4718  val_acc 0.4057
2026-04-08 19:31:18    epoch  34  loss 1.5449  acc 0.3633  val_loss 1.5019  val_acc 0.3915
2026-04-08 19:31:20    epoch  35  loss 1.5503  acc 0.3699  val_loss 1.5375  val_acc 0.3871
2026-04-08 19:31:22    epoch  36  loss 1.5381  acc 0.3675  val_loss 1.4630  val_acc 0.4100
2026-04-08 19:31:24    epoch  37  loss 1.5471  acc 0.3639  val_loss 1.4750  val_acc 0.3795
2026-04-08 19:31:26    epoch  38  loss 1.5410  acc 0.3622  val_loss 1.4612  val_acc 0.4144
2026-04-08 19:31:28    epoch  39  loss 1.5360  acc 0.3681  val_loss 1.4588  val_acc 0.3937
2026-04-08 19:31:31    epoch  40  loss 1.5222  acc 0.3783  val_loss 1.4616  val_acc 0.4198
2026-04-08 19:31:33    epoch  41  loss 1.5260  acc 0.3780  val_loss 1.4939  val_acc 0.3860
2026-04-08 19:31:35    epoch  42  loss 1.5147  acc 0.3768  val_loss 1.4914  val_acc 0.3784
2026-04-08 19:31:37    epoch  43  loss 1.5288  acc 0.3736  val_loss 1.4597  val_acc 0.4122
2026-04-08 19:31:39    epoch  44  loss 1.5209  acc 0.3767  val_loss 1.4797  val_acc 0.4220
2026-04-08 19:31:41    epoch  45  loss 1.5166  acc 0.3874  val_loss 1.4646  val_acc 0.4133
2026-04-08 19:31:43    epoch  46  loss 1.5029  acc 0.3929  val_loss 1.4450  val_acc 0.4220
2026-04-08 19:31:45    epoch  47  loss 1.5032  acc 0.3859  val_loss 1.4330  val_acc 0.4329
2026-04-08 19:31:48    epoch  48  loss 1.4942  acc 0.3953  val_loss 1.4372  val_acc 0.4242
2026-04-08 19:31:50    epoch  49  loss 1.4950  acc 0.3863  val_loss 1.4674  val_acc 0.4100
2026-04-08 19:31:52    epoch  50  loss 1.5035  acc 0.3968  val_loss 1.4374  val_acc 0.4133
2026-04-08 19:31:54    epoch  51  loss 1.4945  acc 0.3980  val_loss 1.4304  val_acc 0.4297
2026-04-08 19:31:56    epoch  52  loss 1.4988  acc 0.3919  val_loss 1.4553  val_acc 0.4242
2026-04-08 19:31:58    epoch  53  loss 1.4996  acc 0.3920  val_loss 1.4414  val_acc 0.4068
2026-04-08 19:32:00    epoch  54  loss 1.4920  acc 0.3963  val_loss 1.4387  val_acc 0.4144
2026-04-08 19:32:02    epoch  55  loss 1.4972  acc 0.3956  val_loss 1.4459  val_acc 0.4122
2026-04-08 19:32:04    epoch  56  loss 1.4860  acc 0.3949  val_loss 1.4248  val_acc 0.4395
2026-04-08 19:32:07    epoch  57  loss 1.4857  acc 0.3974  val_loss 1.4279  val_acc 0.4318
2026-04-08 19:32:09    epoch  58  loss 1.4880  acc 0.3937  val_loss 1.4237  val_acc 0.4297
2026-04-08 19:32:11    epoch  59  loss 1.4827  acc 0.4002  val_loss 1.4422  val_acc 0.4242
2026-04-08 19:32:13    epoch  60  loss 1.4806  acc 0.4041  val_loss 1.4127  val_acc 0.4340
2026-04-08 19:32:15    epoch  61  loss 1.4794  acc 0.4025  val_loss 1.4464  val_acc 0.4155
2026-04-08 19:32:17    epoch  62  loss 1.4704  acc 0.4037  val_loss 1.4222  val_acc 0.4427
2026-04-08 19:32:19    epoch  63  loss 1.4694  acc 0.4065  val_loss 1.4088  val_acc 0.4504
2026-04-08 19:32:21    epoch  64  loss 1.4711  acc 0.4062  val_loss 1.4255  val_acc 0.4384
2026-04-08 19:32:24    epoch  65  loss 1.4602  acc 0.4059  val_loss 1.4177  val_acc 0.4351
2026-04-08 19:32:26    epoch  66  loss 1.4591  acc 0.4066  val_loss 1.3969  val_acc 0.4438
2026-04-08 19:32:28    epoch  67  loss 1.4661  acc 0.4059  val_loss 1.3948  val_acc 0.4515
2026-04-08 19:32:30    epoch  68  loss 1.4721  acc 0.4051  val_loss 1.4530  val_acc 0.4286
2026-04-08 19:32:32    epoch  69  loss 1.4689  acc 0.4099  val_loss 1.3910  val_acc 0.4515
2026-04-08 19:32:34    epoch  70  loss 1.4545  acc 0.4104  val_loss 1.4035  val_acc 0.4308
2026-04-08 19:32:36    epoch  71  loss 1.4548  acc 0.4129  val_loss 1.4111  val_acc 0.4231
2026-04-08 19:32:39    epoch  72  loss 1.4477  acc 0.4173  val_loss 1.4029  val_acc 0.4656
2026-04-08 19:32:41    epoch  73  loss 1.4544  acc 0.4112  val_loss 1.3906  val_acc 0.4591
2026-04-08 19:32:43    epoch  74  loss 1.4489  acc 0.4172  val_loss 1.4001  val_acc 0.4449
2026-04-08 19:32:45    epoch  75  loss 1.4401  acc 0.4198  val_loss 1.3843  val_acc 0.4624
2026-04-08 19:32:47    epoch  76  loss 1.4481  acc 0.4123  val_loss 1.3793  val_acc 0.4602
2026-04-08 19:32:49    epoch  77  loss 1.4381  acc 0.4174  val_loss 1.3854  val_acc 0.4591
2026-04-08 19:32:51    epoch  78  loss 1.4466  acc 0.4120  val_loss 1.3744  val_acc 0.4580
2026-04-08 19:32:53    epoch  79  loss 1.4506  acc 0.4198  val_loss 1.4166  val_acc 0.4417
2026-04-08 19:32:56    epoch  80  loss 1.4522  acc 0.4123  val_loss 1.3757  val_acc 0.4624
2026-04-08 19:32:58    epoch  81  loss 1.4441  acc 0.4198  val_loss 1.3798  val_acc 0.4602
2026-04-08 19:33:00    epoch  82  loss 1.4350  acc 0.4174  val_loss 1.3595  val_acc 0.4667
2026-04-08 19:33:02    epoch  83  loss 1.4448  acc 0.4171  val_loss 1.3784  val_acc 0.4678
2026-04-08 19:33:04    epoch  84  loss 1.4402  acc 0.4148  val_loss 1.3790  val_acc 0.4722
2026-04-08 19:33:06    epoch  85  loss 1.4270  acc 0.4206  val_loss 1.3738  val_acc 0.4504
2026-04-08 19:33:08    epoch  86  loss 1.4427  acc 0.4224  val_loss 1.3656  val_acc 0.4744
2026-04-08 19:33:10    epoch  87  loss 1.4343  acc 0.4202  val_loss 1.3574  val_acc 0.4624
2026-04-08 19:33:12    epoch  88  loss 1.4242  acc 0.4264  val_loss 1.4173  val_acc 0.4504
2026-04-08 19:33:14    epoch  89  loss 1.4381  acc 0.4172  val_loss 1.3893  val_acc 0.4504
2026-04-08 19:33:17    epoch  90  loss 1.4253  acc 0.4197  val_loss 1.3813  val_acc 0.4460
2026-04-08 19:33:19    epoch  91  loss 1.4333  acc 0.4191  val_loss 1.3920  val_acc 0.4395
2026-04-08 19:33:21    epoch  92  loss 1.4332  acc 0.4188  val_loss 1.3832  val_acc 0.4558
2026-04-08 19:33:23    epoch  93  loss 1.4153  acc 0.4257  val_loss 1.3859  val_acc 0.4340
2026-04-08 19:33:25    epoch  94  loss 1.4024  acc 0.4309  val_loss 1.3626  val_acc 0.4558
2026-04-08 19:33:27    epoch  95  loss 1.4184  acc 0.4288  val_loss 1.3798  val_acc 0.4744
2026-04-08 19:33:27    Early stopping at epoch 95
2026-04-08 19:33:27    User5 accuracy: 0.4288
2026-04-08 19:33:27    ✓ New best model saved (User5 held out, acc=0.4288)
2026-04-08 19:33:28  ────────────────────────────────────────────────────────────
2026-04-08 19:33:28  LOSO fold — held-out: User6 (518 test windows, 9186 train windows)
2026-04-08 19:33:30    epoch   1  loss 1.8866  acc 0.2545  val_loss 1.7054  val_acc 0.2843
2026-04-08 19:33:32    epoch   2  loss 1.7159  acc 0.2853  val_loss 1.6761  val_acc 0.2843
2026-04-08 19:33:34    epoch   3  loss 1.6603  acc 0.3047  val_loss 1.6161  val_acc 0.3083
2026-04-08 19:33:37    epoch   4  loss 1.6511  acc 0.3066  val_loss 1.5989  val_acc 0.3137
2026-04-08 19:33:39    epoch   5  loss 1.6309  acc 0.3177  val_loss 1.6301  val_acc 0.2876
2026-04-08 19:33:41    epoch   6  loss 1.6226  acc 0.3117  val_loss 1.6138  val_acc 0.3105
2026-04-08 19:33:43    epoch   7  loss 1.6123  acc 0.3220  val_loss 1.6176  val_acc 0.2963
2026-04-08 19:33:45    epoch   8  loss 1.6063  acc 0.3274  val_loss 1.6409  val_acc 0.3039
2026-04-08 19:33:47    epoch   9  loss 1.6079  acc 0.3308  val_loss 1.5710  val_acc 0.3126
2026-04-08 19:33:49    epoch  10  loss 1.5957  acc 0.3293  val_loss 1.5817  val_acc 0.3366
2026-04-08 19:33:51    epoch  11  loss 1.6027  acc 0.3314  val_loss 1.5541  val_acc 0.3617
2026-04-08 19:33:53    epoch  12  loss 1.5812  acc 0.3431  val_loss 1.5826  val_acc 0.3148
2026-04-08 19:33:56    epoch  13  loss 1.5908  acc 0.3418  val_loss 1.5514  val_acc 0.3464
2026-04-08 19:33:58    epoch  14  loss 1.5742  acc 0.3449  val_loss 1.5436  val_acc 0.3508
2026-04-08 19:34:00    epoch  15  loss 1.5794  acc 0.3459  val_loss 1.5349  val_acc 0.3562
2026-04-08 19:34:02    epoch  16  loss 1.5772  acc 0.3445  val_loss 1.5492  val_acc 0.3529
2026-04-08 19:34:04    epoch  17  loss 1.5697  acc 0.3529  val_loss 1.5393  val_acc 0.3508
2026-04-08 19:34:06    epoch  18  loss 1.5643  acc 0.3483  val_loss 1.6207  val_acc 0.3475
2026-04-08 19:34:08    epoch  19  loss 1.5690  acc 0.3497  val_loss 1.5416  val_acc 0.3529
2026-04-08 19:34:10    epoch  20  loss 1.5676  acc 0.3478  val_loss 1.5225  val_acc 0.3638
2026-04-08 19:34:12    epoch  21  loss 1.5680  acc 0.3464  val_loss 1.5471  val_acc 0.3410
2026-04-08 19:34:15    epoch  22  loss 1.5674  acc 0.3555  val_loss 1.5255  val_acc 0.3769
2026-04-08 19:34:17    epoch  23  loss 1.5593  acc 0.3567  val_loss 1.5141  val_acc 0.3780
2026-04-08 19:34:19    epoch  24  loss 1.5587  acc 0.3585  val_loss 1.5379  val_acc 0.3627
2026-04-08 19:34:21    epoch  25  loss 1.5502  acc 0.3578  val_loss 1.5601  val_acc 0.3508
2026-04-08 19:34:23    epoch  26  loss 1.5366  acc 0.3643  val_loss 1.5066  val_acc 0.3856
2026-04-08 19:34:25    epoch  27  loss 1.5464  acc 0.3621  val_loss 1.5149  val_acc 0.3638
2026-04-08 19:34:27    epoch  28  loss 1.5387  acc 0.3601  val_loss 1.5930  val_acc 0.3431
2026-04-08 19:34:29    epoch  29  loss 1.5393  acc 0.3691  val_loss 1.5031  val_acc 0.3856
2026-04-08 19:34:32    epoch  30  loss 1.5363  acc 0.3620  val_loss 1.4909  val_acc 0.3889
2026-04-08 19:34:34    epoch  31  loss 1.5354  acc 0.3691  val_loss 1.5476  val_acc 0.3671
2026-04-08 19:34:36    epoch  32  loss 1.5328  acc 0.3709  val_loss 1.5580  val_acc 0.3627
2026-04-08 19:34:38    epoch  33  loss 1.5284  acc 0.3742  val_loss 1.5024  val_acc 0.3824
2026-04-08 19:34:40    epoch  34  loss 1.5253  acc 0.3770  val_loss 1.4974  val_acc 0.4074
2026-04-08 19:34:42    epoch  35  loss 1.5268  acc 0.3749  val_loss 1.4994  val_acc 0.3943
2026-04-08 19:34:44    epoch  36  loss 1.5122  acc 0.3853  val_loss 1.4792  val_acc 0.3900
2026-04-08 19:34:46    epoch  37  loss 1.5132  acc 0.3853  val_loss 1.4885  val_acc 0.3878
2026-04-08 19:34:49    epoch  38  loss 1.5215  acc 0.3760  val_loss 1.4759  val_acc 0.4085
2026-04-08 19:34:51    epoch  39  loss 1.5128  acc 0.3766  val_loss 1.4831  val_acc 0.3824
2026-04-08 19:34:53    epoch  40  loss 1.5011  acc 0.3830  val_loss 1.4693  val_acc 0.4129
2026-04-08 19:34:55    epoch  41  loss 1.5063  acc 0.3930  val_loss 1.4969  val_acc 0.3802
2026-04-08 19:34:57    epoch  42  loss 1.5038  acc 0.3736  val_loss 1.4735  val_acc 0.4031
2026-04-08 19:34:59    epoch  43  loss 1.4972  acc 0.3820  val_loss 1.4751  val_acc 0.3922
2026-04-08 19:35:01    epoch  44  loss 1.5029  acc 0.3853  val_loss 1.4858  val_acc 0.3889
2026-04-08 19:35:03    epoch  45  loss 1.5047  acc 0.3890  val_loss 1.4959  val_acc 0.4063
2026-04-08 19:35:06    epoch  46  loss 1.4879  acc 0.3928  val_loss 1.4626  val_acc 0.4052
2026-04-08 19:35:08    epoch  47  loss 1.4858  acc 0.3972  val_loss 1.4535  val_acc 0.4085
2026-04-08 19:35:10    epoch  48  loss 1.4815  acc 0.3925  val_loss 1.4511  val_acc 0.4248
2026-04-08 19:35:12    epoch  49  loss 1.4799  acc 0.3983  val_loss 1.4724  val_acc 0.3965
2026-04-08 19:35:14    epoch  50  loss 1.4817  acc 0.3950  val_loss 1.4527  val_acc 0.4129
2026-04-08 19:35:16    epoch  51  loss 1.4795  acc 0.4029  val_loss 1.4473  val_acc 0.4150
2026-04-08 19:35:18    epoch  52  loss 1.4808  acc 0.4022  val_loss 1.4407  val_acc 0.4303
2026-04-08 19:35:20    epoch  53  loss 1.4716  acc 0.4028  val_loss 1.4441  val_acc 0.4063
2026-04-08 19:35:23    epoch  54  loss 1.4649  acc 0.4037  val_loss 1.4431  val_acc 0.4194
2026-04-08 19:35:25    epoch  55  loss 1.4766  acc 0.4031  val_loss 1.4413  val_acc 0.4150
2026-04-08 19:35:27    epoch  56  loss 1.4705  acc 0.3988  val_loss 1.4412  val_acc 0.4248
2026-04-08 19:35:29    epoch  57  loss 1.4815  acc 0.3995  val_loss 1.4438  val_acc 0.4172
2026-04-08 19:35:31    epoch  58  loss 1.4620  acc 0.4036  val_loss 1.4357  val_acc 0.4259
2026-04-08 19:35:33    epoch  59  loss 1.4642  acc 0.4058  val_loss 1.4278  val_acc 0.4357
2026-04-08 19:35:35    epoch  60  loss 1.4618  acc 0.4042  val_loss 1.4362  val_acc 0.4281
2026-04-08 19:35:37    epoch  61  loss 1.4562  acc 0.4146  val_loss 1.4574  val_acc 0.4161
2026-04-08 19:35:40    epoch  62  loss 1.4607  acc 0.4042  val_loss 1.4257  val_acc 0.4248
2026-04-08 19:35:42    epoch  63  loss 1.4636  acc 0.4060  val_loss 1.4302  val_acc 0.4423
2026-04-08 19:35:44    epoch  64  loss 1.4641  acc 0.4111  val_loss 1.4325  val_acc 0.4216
2026-04-08 19:35:46    epoch  65  loss 1.4553  acc 0.4135  val_loss 1.4247  val_acc 0.4336
2026-04-08 19:35:48    epoch  66  loss 1.4724  acc 0.4014  val_loss 1.4300  val_acc 0.4281
2026-04-08 19:35:50    epoch  67  loss 1.4557  acc 0.4030  val_loss 1.4262  val_acc 0.4270
2026-04-08 19:35:52    epoch  68  loss 1.4717  acc 0.4014  val_loss 1.4253  val_acc 0.4172
2026-04-08 19:35:54    epoch  69  loss 1.4569  acc 0.4070  val_loss 1.4324  val_acc 0.4205
2026-04-08 19:35:56    epoch  70  loss 1.4577  acc 0.4104  val_loss 1.4216  val_acc 0.4379
2026-04-08 19:35:59    epoch  71  loss 1.4499  acc 0.4162  val_loss 1.4219  val_acc 0.4401
2026-04-08 19:36:01    epoch  72  loss 1.4568  acc 0.4115  val_loss 1.4244  val_acc 0.4281
2026-04-08 19:36:03    epoch  73  loss 1.4624  acc 0.4099  val_loss 1.4257  val_acc 0.4281
2026-04-08 19:36:05    epoch  74  loss 1.4601  acc 0.4074  val_loss 1.4231  val_acc 0.4423
2026-04-08 19:36:07    epoch  75  loss 1.4418  acc 0.4253  val_loss 1.4214  val_acc 0.4368
2026-04-08 19:36:09    epoch  76  loss 1.4498  acc 0.4118  val_loss 1.4215  val_acc 0.4303
2026-04-08 19:36:11    epoch  77  loss 1.4554  acc 0.4121  val_loss 1.4280  val_acc 0.4281
2026-04-08 19:36:13    epoch  78  loss 1.4519  acc 0.4192  val_loss 1.4136  val_acc 0.4303
2026-04-08 19:36:15    epoch  79  loss 1.4584  acc 0.4140  val_loss 1.4164  val_acc 0.4379
2026-04-08 19:36:18    epoch  80  loss 1.4420  acc 0.4128  val_loss 1.4258  val_acc 0.4325
2026-04-08 19:36:20    epoch  81  loss 1.4522  acc 0.4129  val_loss 1.4212  val_acc 0.4401
2026-04-08 19:36:22    epoch  82  loss 1.4470  acc 0.4204  val_loss 1.4281  val_acc 0.4227
2026-04-08 19:36:24    epoch  83  loss 1.4499  acc 0.4147  val_loss 1.4164  val_acc 0.4390
2026-04-08 19:36:26    epoch  84  loss 1.4454  acc 0.4174  val_loss 1.4179  val_acc 0.4390
2026-04-08 19:36:28    epoch  85  loss 1.4487  acc 0.4175  val_loss 1.4146  val_acc 0.4379
2026-04-08 19:36:30    epoch  86  loss 1.4470  acc 0.4162  val_loss 1.4199  val_acc 0.4237
2026-04-08 19:36:30    Early stopping at epoch 86
2026-04-08 19:36:30    User6 accuracy: 0.3378
2026-04-08 19:36:31  ────────────────────────────────────────────────────────────
2026-04-08 19:36:31  LOSO fold — held-out: User7 (1128 test windows, 8576 train windows)
2026-04-08 19:36:33    epoch   1  loss 1.9253  acc 0.2403  val_loss 1.6902  val_acc 0.3197
2026-04-08 19:36:35    epoch   2  loss 1.7336  acc 0.2831  val_loss 1.6710  val_acc 0.2777
2026-04-08 19:36:37    epoch   3  loss 1.6754  acc 0.2990  val_loss 1.6084  val_acc 0.3291
2026-04-08 19:36:39    epoch   4  loss 1.6606  acc 0.3042  val_loss 1.5631  val_acc 0.3524
2026-04-08 19:36:41    epoch   5  loss 1.6573  acc 0.3144  val_loss 1.5829  val_acc 0.3349
2026-04-08 19:36:43    epoch   6  loss 1.6225  acc 0.3168  val_loss 1.5571  val_acc 0.3594
2026-04-08 19:36:45    epoch   7  loss 1.6256  acc 0.3187  val_loss 1.5727  val_acc 0.3232
2026-04-08 19:36:47    epoch   8  loss 1.6152  acc 0.3331  val_loss 1.5416  val_acc 0.3559
2026-04-08 19:36:49    epoch   9  loss 1.6115  acc 0.3320  val_loss 1.5735  val_acc 0.3687
2026-04-08 19:36:51    epoch  10  loss 1.6047  acc 0.3363  val_loss 1.5674  val_acc 0.3466
2026-04-08 19:36:53    epoch  11  loss 1.6009  acc 0.3263  val_loss 1.5505  val_acc 0.3664
2026-04-08 19:36:55    epoch  12  loss 1.6034  acc 0.3333  val_loss 1.5528  val_acc 0.3582
2026-04-08 19:36:57    epoch  13  loss 1.5896  acc 0.3301  val_loss 1.5595  val_acc 0.3232
2026-04-08 19:36:59    epoch  14  loss 1.5790  acc 0.3420  val_loss 1.5263  val_acc 0.3676
2026-04-08 19:37:01    epoch  15  loss 1.5670  acc 0.3480  val_loss 1.5213  val_acc 0.3641
2026-04-08 19:37:03    epoch  16  loss 1.5716  acc 0.3441  val_loss 1.5292  val_acc 0.3746
2026-04-08 19:37:05    epoch  17  loss 1.5593  acc 0.3487  val_loss 1.5366  val_acc 0.3291
2026-04-08 19:37:07    epoch  18  loss 1.5733  acc 0.3476  val_loss 1.5127  val_acc 0.3559
2026-04-08 19:37:09    epoch  19  loss 1.5639  acc 0.3519  val_loss 1.5265  val_acc 0.3582
2026-04-08 19:37:11    epoch  20  loss 1.5608  acc 0.3503  val_loss 1.5282  val_acc 0.3909
2026-04-08 19:37:13    epoch  21  loss 1.5505  acc 0.3450  val_loss 1.5335  val_acc 0.3617
2026-04-08 19:37:14    epoch  22  loss 1.5619  acc 0.3489  val_loss 1.5280  val_acc 0.3722
2026-04-08 19:37:16    epoch  23  loss 1.5562  acc 0.3539  val_loss 1.5583  val_acc 0.3594
2026-04-08 19:37:18    epoch  24  loss 1.5512  acc 0.3520  val_loss 1.5025  val_acc 0.3699
2026-04-08 19:37:20    epoch  25  loss 1.5458  acc 0.3583  val_loss 1.5160  val_acc 0.3722
2026-04-08 19:37:22    epoch  26  loss 1.5447  acc 0.3573  val_loss 1.5132  val_acc 0.3746
2026-04-08 19:37:24    epoch  27  loss 1.5410  acc 0.3649  val_loss 1.4998  val_acc 0.3676
2026-04-08 19:37:26    epoch  28  loss 1.5457  acc 0.3583  val_loss 1.5129  val_acc 0.3606
2026-04-08 19:37:28    epoch  29  loss 1.5270  acc 0.3592  val_loss 1.5127  val_acc 0.3827
2026-04-08 19:37:30    epoch  30  loss 1.5434  acc 0.3612  val_loss 1.5232  val_acc 0.3454
2026-04-08 19:37:32    epoch  31  loss 1.5290  acc 0.3643  val_loss 1.5415  val_acc 0.3442
2026-04-08 19:37:34    epoch  32  loss 1.5263  acc 0.3613  val_loss 1.5034  val_acc 0.3816
2026-04-08 19:37:36    epoch  33  loss 1.5268  acc 0.3574  val_loss 1.5036  val_acc 0.3827
2026-04-08 19:37:38    epoch  34  loss 1.5263  acc 0.3713  val_loss 1.4902  val_acc 0.3757
2026-04-08 19:37:40    epoch  35  loss 1.5221  acc 0.3599  val_loss 1.4866  val_acc 0.3932
2026-04-08 19:37:42    epoch  36  loss 1.5261  acc 0.3668  val_loss 1.4903  val_acc 0.3839
2026-04-08 19:37:44    epoch  37  loss 1.5245  acc 0.3669  val_loss 1.4901  val_acc 0.3804
2026-04-08 19:37:46    epoch  38  loss 1.5086  acc 0.3717  val_loss 1.4902  val_acc 0.3676
2026-04-08 19:37:48    epoch  39  loss 1.5200  acc 0.3656  val_loss 1.4866  val_acc 0.3757
2026-04-08 19:37:50    epoch  40  loss 1.5158  acc 0.3626  val_loss 1.4956  val_acc 0.3734
2026-04-08 19:37:52    epoch  41  loss 1.5135  acc 0.3669  val_loss 1.4962  val_acc 0.3687
2026-04-08 19:37:54    epoch  42  loss 1.5131  acc 0.3659  val_loss 1.4823  val_acc 0.3827
2026-04-08 19:37:56    epoch  43  loss 1.5089  acc 0.3697  val_loss 1.4878  val_acc 0.3932
2026-04-08 19:37:58    epoch  44  loss 1.5186  acc 0.3686  val_loss 1.4942  val_acc 0.3792
2026-04-08 19:38:00    epoch  45  loss 1.5034  acc 0.3638  val_loss 1.4867  val_acc 0.3769
2026-04-08 19:38:02    epoch  46  loss 1.5111  acc 0.3686  val_loss 1.4844  val_acc 0.3734
2026-04-08 19:38:04    epoch  47  loss 1.5050  acc 0.3736  val_loss 1.4827  val_acc 0.3886
2026-04-08 19:38:06    epoch  48  loss 1.5094  acc 0.3752  val_loss 1.4860  val_acc 0.3757
2026-04-08 19:38:08    epoch  49  loss 1.5084  acc 0.3688  val_loss 1.4845  val_acc 0.3862
2026-04-08 19:38:10    epoch  50  loss 1.5124  acc 0.3708  val_loss 1.4822  val_acc 0.3769
2026-04-08 19:38:12    epoch  51  loss 1.5027  acc 0.3752  val_loss 1.4812  val_acc 0.3874
2026-04-08 19:38:14    epoch  52  loss 1.5090  acc 0.3723  val_loss 1.4815  val_acc 0.3816
2026-04-08 19:38:16    epoch  53  loss 1.5160  acc 0.3690  val_loss 1.4797  val_acc 0.3827
2026-04-08 19:38:18    epoch  54  loss 1.5092  acc 0.3731  val_loss 1.4807  val_acc 0.3862
2026-04-08 19:38:20    epoch  55  loss 1.4979  acc 0.3709  val_loss 1.4853  val_acc 0.3757
2026-04-08 19:38:22    epoch  56  loss 1.5155  acc 0.3684  val_loss 1.4821  val_acc 0.3769
2026-04-08 19:38:24    epoch  57  loss 1.5054  acc 0.3750  val_loss 1.4794  val_acc 0.3781
2026-04-08 19:38:26    epoch  58  loss 1.5072  acc 0.3666  val_loss 1.4806  val_acc 0.3921
2026-04-08 19:38:28    epoch  59  loss 1.5158  acc 0.3604  val_loss 1.4843  val_acc 0.3781
2026-04-08 19:38:30    epoch  60  loss 1.5169  acc 0.3741  val_loss 1.4779  val_acc 0.3886
2026-04-08 19:38:32    epoch  61  loss 1.5025  acc 0.3731  val_loss 1.4832  val_acc 0.3956
2026-04-08 19:38:34    epoch  62  loss 1.5027  acc 0.3732  val_loss 1.4883  val_acc 0.3932
2026-04-08 19:38:36    epoch  63  loss 1.5160  acc 0.3712  val_loss 1.4833  val_acc 0.3781
2026-04-08 19:38:38    epoch  64  loss 1.5145  acc 0.3727  val_loss 1.4805  val_acc 0.3827
2026-04-08 19:38:40    epoch  65  loss 1.5110  acc 0.3710  val_loss 1.4798  val_acc 0.3851
2026-04-08 19:38:42    epoch  66  loss 1.5033  acc 0.3762  val_loss 1.4922  val_acc 0.3722
2026-04-08 19:38:44    epoch  67  loss 1.5140  acc 0.3785  val_loss 1.4822  val_acc 0.3734
2026-04-08 19:38:46    epoch  68  loss 1.5097  acc 0.3688  val_loss 1.4787  val_acc 0.3956
2026-04-08 19:38:46    Early stopping at epoch 68
2026-04-08 19:38:46    User7 accuracy: 0.3440
2026-04-08 19:38:47  ────────────────────────────────────────────────────────────
2026-04-08 19:38:47  LOSO fold — held-out: User8 (1014 test windows, 8690 train windows)
2026-04-08 19:38:49    epoch   1  loss 1.8787  acc 0.2459  val_loss 1.6890  val_acc 0.2934
2026-04-08 19:38:51    epoch   2  loss 1.7480  acc 0.2859  val_loss 1.6649  val_acc 0.3142
2026-04-08 19:38:53    epoch   3  loss 1.7054  acc 0.2964  val_loss 1.6066  val_acc 0.3176
2026-04-08 19:38:55    epoch   4  loss 1.6675  acc 0.3057  val_loss 1.7688  val_acc 0.2601
2026-04-08 19:38:57    epoch   5  loss 1.6664  acc 0.3122  val_loss 1.6108  val_acc 0.3280
2026-04-08 19:38:59    epoch   6  loss 1.6480  acc 0.3199  val_loss 1.5354  val_acc 0.3429
2026-04-08 19:39:01    epoch   7  loss 1.6378  acc 0.3264  val_loss 1.5730  val_acc 0.3280
2026-04-08 19:39:03    epoch   8  loss 1.6302  acc 0.3225  val_loss 1.5247  val_acc 0.3418
2026-04-08 19:39:05    epoch   9  loss 1.6263  acc 0.3319  val_loss 1.5323  val_acc 0.3521
2026-04-08 19:39:07    epoch  10  loss 1.6190  acc 0.3356  val_loss 1.6082  val_acc 0.3107
2026-04-08 19:39:09    epoch  11  loss 1.6082  acc 0.3409  val_loss 1.5173  val_acc 0.3452
2026-04-08 19:39:11    epoch  12  loss 1.6082  acc 0.3407  val_loss 1.5179  val_acc 0.3636
2026-04-08 19:39:13    epoch  13  loss 1.6056  acc 0.3383  val_loss 1.5626  val_acc 0.3372
2026-04-08 19:39:15    epoch  14  loss 1.6054  acc 0.3387  val_loss 1.5309  val_acc 0.3464
2026-04-08 19:39:17    epoch  15  loss 1.5994  acc 0.3359  val_loss 1.5252  val_acc 0.3510
2026-04-08 19:39:19    epoch  16  loss 1.5874  acc 0.3384  val_loss 1.4863  val_acc 0.3763
2026-04-08 19:39:21    epoch  17  loss 1.5940  acc 0.3457  val_loss 1.5050  val_acc 0.3521
2026-04-08 19:39:23    epoch  18  loss 1.5868  acc 0.3432  val_loss 1.5030  val_acc 0.3636
2026-04-08 19:39:25    epoch  19  loss 1.5914  acc 0.3410  val_loss 1.5157  val_acc 0.3567
2026-04-08 19:39:27    epoch  20  loss 1.5813  acc 0.3544  val_loss 1.6091  val_acc 0.3234
2026-04-08 19:39:29    epoch  21  loss 1.5763  acc 0.3552  val_loss 1.4891  val_acc 0.3797
2026-04-08 19:39:31    epoch  22  loss 1.5599  acc 0.3556  val_loss 1.4701  val_acc 0.3717
2026-04-08 19:39:33    epoch  23  loss 1.5593  acc 0.3589  val_loss 1.4743  val_acc 0.3625
2026-04-08 19:39:35    epoch  24  loss 1.5506  acc 0.3648  val_loss 1.5036  val_acc 0.3613
2026-04-08 19:39:37    epoch  25  loss 1.5496  acc 0.3567  val_loss 1.4643  val_acc 0.3590
2026-04-08 19:39:39    epoch  26  loss 1.5563  acc 0.3585  val_loss 1.4636  val_acc 0.3740
2026-04-08 19:39:41    epoch  27  loss 1.5467  acc 0.3679  val_loss 1.4692  val_acc 0.3751
2026-04-08 19:39:43    epoch  28  loss 1.5506  acc 0.3589  val_loss 1.4641  val_acc 0.3832
2026-04-08 19:39:45    epoch  29  loss 1.5589  acc 0.3613  val_loss 1.4602  val_acc 0.3774
2026-04-08 19:39:47    epoch  30  loss 1.5487  acc 0.3631  val_loss 1.4690  val_acc 0.3936
2026-04-08 19:39:49    epoch  31  loss 1.5415  acc 0.3675  val_loss 1.4669  val_acc 0.3890
2026-04-08 19:39:51    epoch  32  loss 1.5406  acc 0.3673  val_loss 1.4375  val_acc 0.4016
2026-04-08 19:39:53    epoch  33  loss 1.5258  acc 0.3686  val_loss 1.4874  val_acc 0.3763
2026-04-08 19:39:55    epoch  34  loss 1.5361  acc 0.3704  val_loss 1.4528  val_acc 0.3820
2026-04-08 19:39:57    epoch  35  loss 1.5275  acc 0.3787  val_loss 1.4360  val_acc 0.3970
2026-04-08 19:39:59    epoch  36  loss 1.5296  acc 0.3679  val_loss 1.4712  val_acc 0.3682
2026-04-08 19:40:01    epoch  37  loss 1.5291  acc 0.3766  val_loss 1.4382  val_acc 0.3878
2026-04-08 19:40:03    epoch  38  loss 1.5266  acc 0.3837  val_loss 1.4475  val_acc 0.3936
2026-04-08 19:40:05    epoch  39  loss 1.5258  acc 0.3814  val_loss 1.4267  val_acc 0.3936
2026-04-08 19:40:07    epoch  40  loss 1.5257  acc 0.3828  val_loss 1.4312  val_acc 0.3843
2026-04-08 19:40:09    epoch  41  loss 1.5234  acc 0.3847  val_loss 1.4291  val_acc 0.3878
2026-04-08 19:40:11    epoch  42  loss 1.5090  acc 0.3838  val_loss 1.4578  val_acc 0.3763
2026-04-08 19:40:14    epoch  43  loss 1.5291  acc 0.3767  val_loss 1.4270  val_acc 0.3936
2026-04-08 19:40:16    epoch  44  loss 1.5241  acc 0.3846  val_loss 1.4316  val_acc 0.3855
2026-04-08 19:40:18    epoch  45  loss 1.5087  acc 0.3898  val_loss 1.4138  val_acc 0.3947
2026-04-08 19:40:20    epoch  46  loss 1.5020  acc 0.3887  val_loss 1.4130  val_acc 0.3901
2026-04-08 19:40:22    epoch  47  loss 1.5056  acc 0.3951  val_loss 1.4094  val_acc 0.4097
2026-04-08 19:40:24    epoch  48  loss 1.5108  acc 0.3875  val_loss 1.4228  val_acc 0.4051
2026-04-08 19:40:26    epoch  49  loss 1.5162  acc 0.3867  val_loss 1.4082  val_acc 0.3982
2026-04-08 19:40:28    epoch  50  loss 1.5089  acc 0.3906  val_loss 1.4134  val_acc 0.4016
2026-04-08 19:40:30    epoch  51  loss 1.4882  acc 0.3961  val_loss 1.4171  val_acc 0.3982
2026-04-08 19:40:32    epoch  52  loss 1.5068  acc 0.3901  val_loss 1.4071  val_acc 0.3959
2026-04-08 19:40:34    epoch  53  loss 1.4989  acc 0.3996  val_loss 1.3968  val_acc 0.4028
2026-04-08 19:40:36    epoch  54  loss 1.4928  acc 0.4010  val_loss 1.4024  val_acc 0.3982
2026-04-08 19:40:38    epoch  55  loss 1.4882  acc 0.3974  val_loss 1.3993  val_acc 0.3890
2026-04-08 19:40:40    epoch  56  loss 1.4960  acc 0.3994  val_loss 1.3887  val_acc 0.4189
2026-04-08 19:40:42    epoch  57  loss 1.4867  acc 0.4006  val_loss 1.4291  val_acc 0.4097
2026-04-08 19:40:44    epoch  58  loss 1.4856  acc 0.3971  val_loss 1.3922  val_acc 0.4039
2026-04-08 19:40:46    epoch  59  loss 1.4880  acc 0.3998  val_loss 1.4324  val_acc 0.3890
2026-04-08 19:40:48    epoch  60  loss 1.4892  acc 0.4025  val_loss 1.3919  val_acc 0.4212
2026-04-08 19:40:50    epoch  61  loss 1.4877  acc 0.3961  val_loss 1.3911  val_acc 0.4108
2026-04-08 19:40:52    epoch  62  loss 1.4746  acc 0.4141  val_loss 1.3810  val_acc 0.4062
2026-04-08 19:40:54    epoch  63  loss 1.4774  acc 0.4038  val_loss 1.3816  val_acc 0.4143
2026-04-08 19:40:56    epoch  64  loss 1.4689  acc 0.4077  val_loss 1.3870  val_acc 0.4269
2026-04-08 19:40:58    epoch  65  loss 1.4632  acc 0.4089  val_loss 1.3802  val_acc 0.4177
2026-04-08 19:41:00    epoch  66  loss 1.4605  acc 0.4065  val_loss 1.3764  val_acc 0.4177
2026-04-08 19:41:02    epoch  67  loss 1.4719  acc 0.4069  val_loss 1.3731  val_acc 0.4292
2026-04-08 19:41:04    epoch  68  loss 1.4660  acc 0.4092  val_loss 1.3783  val_acc 0.4281
2026-04-08 19:41:06    epoch  69  loss 1.4690  acc 0.4061  val_loss 1.3769  val_acc 0.4292
2026-04-08 19:41:08    epoch  70  loss 1.4702  acc 0.4097  val_loss 1.3737  val_acc 0.4246
2026-04-08 19:41:10    epoch  71  loss 1.4541  acc 0.4159  val_loss 1.3958  val_acc 0.4223
2026-04-08 19:41:12    epoch  72  loss 1.4637  acc 0.4109  val_loss 1.3759  val_acc 0.4304
2026-04-08 19:41:14    epoch  73  loss 1.4511  acc 0.4127  val_loss 1.3666  val_acc 0.4281
2026-04-08 19:41:16    epoch  74  loss 1.4541  acc 0.4149  val_loss 1.3714  val_acc 0.4304
2026-04-08 19:41:18    epoch  75  loss 1.4470  acc 0.4161  val_loss 1.3730  val_acc 0.4246
2026-04-08 19:41:20    epoch  76  loss 1.4510  acc 0.4115  val_loss 1.3676  val_acc 0.4315
2026-04-08 19:41:22    epoch  77  loss 1.4500  acc 0.4153  val_loss 1.3722  val_acc 0.4235
2026-04-08 19:41:24    epoch  78  loss 1.4514  acc 0.4152  val_loss 1.3622  val_acc 0.4304
2026-04-08 19:41:26    epoch  79  loss 1.4618  acc 0.4071  val_loss 1.3651  val_acc 0.4258
2026-04-08 19:41:28    epoch  80  loss 1.4546  acc 0.4162  val_loss 1.3654  val_acc 0.4269
2026-04-08 19:41:30    epoch  81  loss 1.4649  acc 0.4175  val_loss 1.3683  val_acc 0.4292
2026-04-08 19:41:32    epoch  82  loss 1.4512  acc 0.4161  val_loss 1.3738  val_acc 0.4304
2026-04-08 19:41:34    epoch  83  loss 1.4581  acc 0.4158  val_loss 1.3694  val_acc 0.4258
2026-04-08 19:41:36    epoch  84  loss 1.4383  acc 0.4205  val_loss 1.3651  val_acc 0.4223
2026-04-08 19:41:38    epoch  85  loss 1.4498  acc 0.4200  val_loss 1.3598  val_acc 0.4419
2026-04-08 19:41:40    epoch  86  loss 1.4540  acc 0.4190  val_loss 1.3631  val_acc 0.4327
2026-04-08 19:41:42    epoch  87  loss 1.4507  acc 0.4233  val_loss 1.3595  val_acc 0.4304
2026-04-08 19:41:45    epoch  88  loss 1.4508  acc 0.4181  val_loss 1.3637  val_acc 0.4258
2026-04-08 19:41:47    epoch  89  loss 1.4517  acc 0.4296  val_loss 1.3615  val_acc 0.4235
2026-04-08 19:41:49    epoch  90  loss 1.4464  acc 0.4168  val_loss 1.3568  val_acc 0.4361
2026-04-08 19:41:51    epoch  91  loss 1.4433  acc 0.4210  val_loss 1.3622  val_acc 0.4327
2026-04-08 19:41:53    epoch  92  loss 1.4479  acc 0.4124  val_loss 1.3587  val_acc 0.4338
2026-04-08 19:41:55    epoch  93  loss 1.4409  acc 0.4196  val_loss 1.3736  val_acc 0.4212
2026-04-08 19:41:57    epoch  94  loss 1.4490  acc 0.4168  val_loss 1.3584  val_acc 0.4396
2026-04-08 19:41:59    epoch  95  loss 1.4500  acc 0.4164  val_loss 1.3622  val_acc 0.4258
2026-04-08 19:42:01    epoch  96  loss 1.4489  acc 0.4157  val_loss 1.3582  val_acc 0.4292
2026-04-08 19:42:03    epoch  97  loss 1.4516  acc 0.4180  val_loss 1.3538  val_acc 0.4396
2026-04-08 19:42:05    epoch  98  loss 1.4451  acc 0.4185  val_loss 1.3586  val_acc 0.4223
2026-04-08 19:42:07    epoch  99  loss 1.4586  acc 0.4116  val_loss 1.3640  val_acc 0.4315
2026-04-08 19:42:09    epoch 100  loss 1.4444  acc 0.4166  val_loss 1.3579  val_acc 0.4269
2026-04-08 19:42:09    User8 accuracy: 0.4448
2026-04-08 19:42:09    ✓ New best model saved (User8 held out, acc=0.4448)
2026-04-08 19:42:10  ────────────────────────────────────────────────────────────
2026-04-08 19:42:10  LOSO fold — held-out: User9 (1121 test windows, 8583 train windows)
2026-04-08 19:42:12    epoch   1  loss 1.9061  acc 0.2501  val_loss 1.6849  val_acc 0.3124
2026-04-08 19:42:14    epoch   2  loss 1.7240  acc 0.2927  val_loss 1.6230  val_acc 0.3240
2026-04-08 19:42:15    epoch   3  loss 1.6765  acc 0.3100  val_loss 1.5931  val_acc 0.3252
2026-04-08 19:42:17    epoch   4  loss 1.6469  acc 0.3177  val_loss 1.5814  val_acc 0.3380
2026-04-08 19:42:19    epoch   5  loss 1.6358  acc 0.3217  val_loss 1.5771  val_acc 0.3450
2026-04-08 19:42:21    epoch   6  loss 1.6269  acc 0.3230  val_loss 1.5955  val_acc 0.3497
2026-04-08 19:42:23    epoch   7  loss 1.6223  acc 0.3306  val_loss 1.6108  val_acc 0.3228
2026-04-08 19:42:25    epoch   8  loss 1.6063  acc 0.3336  val_loss 1.5519  val_acc 0.3322
2026-04-08 19:42:27    epoch   9  loss 1.6165  acc 0.3310  val_loss 1.6306  val_acc 0.3497
2026-04-08 19:42:29    epoch  10  loss 1.6083  acc 0.3331  val_loss 1.5473  val_acc 0.3601
2026-04-08 19:42:31    epoch  11  loss 1.6234  acc 0.3257  val_loss 1.5881  val_acc 0.3205
2026-04-08 19:42:33    epoch  12  loss 1.6008  acc 0.3272  val_loss 1.5478  val_acc 0.3601
2026-04-08 19:42:35    epoch  13  loss 1.5927  acc 0.3392  val_loss 1.5303  val_acc 0.3392
2026-04-08 19:42:37    epoch  14  loss 1.5915  acc 0.3376  val_loss 1.5059  val_acc 0.3613
2026-04-08 19:42:39    epoch  15  loss 1.5792  acc 0.3464  val_loss 1.5304  val_acc 0.3566
2026-04-08 19:42:41    epoch  16  loss 1.5808  acc 0.3446  val_loss 1.5057  val_acc 0.3578
2026-04-08 19:42:43    epoch  17  loss 1.5708  acc 0.3482  val_loss 1.5018  val_acc 0.3473
2026-04-08 19:42:45    epoch  18  loss 1.5763  acc 0.3506  val_loss 1.5058  val_acc 0.3625
2026-04-08 19:42:47    epoch  19  loss 1.5647  acc 0.3489  val_loss 1.4997  val_acc 0.3800
2026-04-08 19:42:49    epoch  20  loss 1.5654  acc 0.3530  val_loss 1.5530  val_acc 0.3718
2026-04-08 19:42:51    epoch  21  loss 1.5566  acc 0.3557  val_loss 1.5093  val_acc 0.3625
2026-04-08 19:42:53    epoch  22  loss 1.5665  acc 0.3543  val_loss 1.4965  val_acc 0.3811
2026-04-08 19:42:55    epoch  23  loss 1.5582  acc 0.3612  val_loss 1.5224  val_acc 0.3776
2026-04-08 19:42:57    epoch  24  loss 1.5514  acc 0.3630  val_loss 1.4847  val_acc 0.3904
2026-04-08 19:42:59    epoch  25  loss 1.5486  acc 0.3587  val_loss 1.4844  val_acc 0.3660
2026-04-08 19:43:01    epoch  26  loss 1.5508  acc 0.3623  val_loss 1.4892  val_acc 0.3788
2026-04-08 19:43:03    epoch  27  loss 1.5427  acc 0.3634  val_loss 1.4708  val_acc 0.3939
2026-04-08 19:43:05    epoch  28  loss 1.5379  acc 0.3674  val_loss 1.4823  val_acc 0.3916
2026-04-08 19:43:07    epoch  29  loss 1.5382  acc 0.3667  val_loss 1.4699  val_acc 0.4103
2026-04-08 19:43:09    epoch  30  loss 1.5507  acc 0.3654  val_loss 1.4739  val_acc 0.4219
2026-04-08 19:43:11    epoch  31  loss 1.5317  acc 0.3729  val_loss 1.4784  val_acc 0.4289
2026-04-08 19:43:13    epoch  32  loss 1.5356  acc 0.3627  val_loss 1.4707  val_acc 0.3974
2026-04-08 19:43:15    epoch  33  loss 1.5257  acc 0.3665  val_loss 1.6403  val_acc 0.3182
2026-04-08 19:43:17    epoch  34  loss 1.5349  acc 0.3648  val_loss 1.4593  val_acc 0.4219
2026-04-08 19:43:19    epoch  35  loss 1.5229  acc 0.3723  val_loss 1.4660  val_acc 0.3986
2026-04-08 19:43:21    epoch  36  loss 1.5220  acc 0.3720  val_loss 1.4579  val_acc 0.4021
2026-04-08 19:43:23    epoch  37  loss 1.5176  acc 0.3748  val_loss 1.4920  val_acc 0.3904
2026-04-08 19:43:25    epoch  38  loss 1.5276  acc 0.3709  val_loss 1.4535  val_acc 0.4312
2026-04-08 19:43:27    epoch  39  loss 1.5217  acc 0.3689  val_loss 1.5021  val_acc 0.4114
2026-04-08 19:43:29    epoch  40  loss 1.5229  acc 0.3755  val_loss 1.4924  val_acc 0.4079
2026-04-08 19:43:31    epoch  41  loss 1.5073  acc 0.3761  val_loss 1.4962  val_acc 0.4056
2026-04-08 19:43:33    epoch  42  loss 1.5229  acc 0.3744  val_loss 1.5480  val_acc 0.4068
2026-04-08 19:43:35    epoch  43  loss 1.5171  acc 0.3700  val_loss 1.4556  val_acc 0.3974
2026-04-08 19:43:37    epoch  44  loss 1.4972  acc 0.3830  val_loss 1.4804  val_acc 0.4068
2026-04-08 19:43:39    epoch  45  loss 1.4974  acc 0.3843  val_loss 1.4432  val_acc 0.4172
2026-04-08 19:43:41    epoch  46  loss 1.4940  acc 0.3814  val_loss 1.4493  val_acc 0.4242
2026-04-08 19:43:43    epoch  47  loss 1.4958  acc 0.3824  val_loss 1.4621  val_acc 0.3986
2026-04-08 19:43:45    epoch  48  loss 1.4924  acc 0.3834  val_loss 1.4402  val_acc 0.4207
2026-04-08 19:43:47    epoch  49  loss 1.4910  acc 0.3856  val_loss 1.4368  val_acc 0.4336
2026-04-08 19:43:49    epoch  50  loss 1.4883  acc 0.3854  val_loss 1.4313  val_acc 0.4359
2026-04-08 19:43:51    epoch  51  loss 1.4728  acc 0.3934  val_loss 1.4367  val_acc 0.4277
2026-04-08 19:43:53    epoch  52  loss 1.4826  acc 0.3889  val_loss 1.4320  val_acc 0.4324
2026-04-08 19:43:55    epoch  53  loss 1.4857  acc 0.3944  val_loss 1.4325  val_acc 0.4359
2026-04-08 19:43:57    epoch  54  loss 1.4828  acc 0.3933  val_loss 1.4186  val_acc 0.4371
2026-04-08 19:43:59    epoch  55  loss 1.4709  acc 0.3972  val_loss 1.4235  val_acc 0.4301
2026-04-08 19:44:01    epoch  56  loss 1.4763  acc 0.3938  val_loss 1.4564  val_acc 0.4126
2026-04-08 19:44:03    epoch  57  loss 1.4742  acc 0.3955  val_loss 1.4077  val_acc 0.4441
2026-04-08 19:44:05    epoch  58  loss 1.4717  acc 0.4001  val_loss 1.4397  val_acc 0.4219
2026-04-08 19:44:07    epoch  59  loss 1.4782  acc 0.3956  val_loss 1.4584  val_acc 0.4312
2026-04-08 19:44:09    epoch  60  loss 1.4667  acc 0.4025  val_loss 1.4889  val_acc 0.4138
2026-04-08 19:44:10    epoch  61  loss 1.4645  acc 0.3933  val_loss 1.4386  val_acc 0.4091
2026-04-08 19:44:12    epoch  62  loss 1.4744  acc 0.3965  val_loss 1.4392  val_acc 0.4312
2026-04-08 19:44:14    epoch  63  loss 1.4526  acc 0.4078  val_loss 1.4115  val_acc 0.4452
2026-04-08 19:44:16    epoch  64  loss 1.4587  acc 0.4141  val_loss 1.4123  val_acc 0.4336
2026-04-08 19:44:18    epoch  65  loss 1.4400  acc 0.4122  val_loss 1.4021  val_acc 0.4382
2026-04-08 19:44:20    epoch  66  loss 1.4546  acc 0.4069  val_loss 1.4144  val_acc 0.4429
2026-04-08 19:44:22    epoch  67  loss 1.4579  acc 0.4044  val_loss 1.4171  val_acc 0.4417
2026-04-08 19:44:24    epoch  68  loss 1.4575  acc 0.4023  val_loss 1.4130  val_acc 0.4324
2026-04-08 19:44:26    epoch  69  loss 1.4559  acc 0.4005  val_loss 1.4435  val_acc 0.4336
2026-04-08 19:44:28    epoch  70  loss 1.4463  acc 0.4076  val_loss 1.4099  val_acc 0.4441
2026-04-08 19:44:30    epoch  71  loss 1.4384  acc 0.4131  val_loss 1.4003  val_acc 0.4382
2026-04-08 19:44:32    epoch  72  loss 1.4413  acc 0.4087  val_loss 1.4102  val_acc 0.4301
2026-04-08 19:44:34    epoch  73  loss 1.4489  acc 0.4101  val_loss 1.4032  val_acc 0.4464
2026-04-08 19:44:36    epoch  74  loss 1.4441  acc 0.4062  val_loss 1.4023  val_acc 0.4534
2026-04-08 19:44:38    epoch  75  loss 1.4393  acc 0.4122  val_loss 1.3968  val_acc 0.4429
2026-04-08 19:44:40    epoch  76  loss 1.4385  acc 0.4104  val_loss 1.3970  val_acc 0.4417
2026-04-08 19:44:42    epoch  77  loss 1.4363  acc 0.4119  val_loss 1.3940  val_acc 0.4336
2026-04-08 19:44:44    epoch  78  loss 1.4446  acc 0.4164  val_loss 1.4029  val_acc 0.4476
2026-04-08 19:44:46    epoch  79  loss 1.4469  acc 0.4091  val_loss 1.3957  val_acc 0.4429
2026-04-08 19:44:48    epoch  80  loss 1.4279  acc 0.4171  val_loss 1.3938  val_acc 0.4382
2026-04-08 19:44:50    epoch  81  loss 1.4305  acc 0.4123  val_loss 1.3931  val_acc 0.4487
2026-04-08 19:44:52    epoch  82  loss 1.4316  acc 0.4220  val_loss 1.4108  val_acc 0.4487
2026-04-08 19:44:54    epoch  83  loss 1.4270  acc 0.4172  val_loss 1.3959  val_acc 0.4347
2026-04-08 19:44:56    epoch  84  loss 1.4301  acc 0.4167  val_loss 1.4121  val_acc 0.4406
2026-04-08 19:44:58    epoch  85  loss 1.4396  acc 0.4131  val_loss 1.4039  val_acc 0.4452
2026-04-08 19:45:00    epoch  86  loss 1.4358  acc 0.4202  val_loss 1.3944  val_acc 0.4499
2026-04-08 19:45:02    epoch  87  loss 1.4277  acc 0.4198  val_loss 1.3966  val_acc 0.4277
2026-04-08 19:45:04    epoch  88  loss 1.4388  acc 0.4164  val_loss 1.3900  val_acc 0.4545
2026-04-08 19:45:06    epoch  89  loss 1.4245  acc 0.4265  val_loss 1.3908  val_acc 0.4476
2026-04-08 19:45:08    epoch  90  loss 1.4272  acc 0.4199  val_loss 1.3924  val_acc 0.4476
2026-04-08 19:45:10    epoch  91  loss 1.4203  acc 0.4258  val_loss 1.3945  val_acc 0.4510
2026-04-08 19:45:12    epoch  92  loss 1.4254  acc 0.4243  val_loss 1.3966  val_acc 0.4522
2026-04-08 19:45:14    epoch  93  loss 1.4318  acc 0.4176  val_loss 1.3852  val_acc 0.4580
2026-04-08 19:45:16    epoch  94  loss 1.4208  acc 0.4232  val_loss 1.3859  val_acc 0.4545
2026-04-08 19:45:18    epoch  95  loss 1.4303  acc 0.4211  val_loss 1.3860  val_acc 0.4569
2026-04-08 19:45:20    epoch  96  loss 1.4305  acc 0.4215  val_loss 1.3951  val_acc 0.4592
2026-04-08 19:45:22    epoch  97  loss 1.4230  acc 0.4195  val_loss 1.3849  val_acc 0.4522
2026-04-08 19:45:24    epoch  98  loss 1.4340  acc 0.4180  val_loss 1.3891  val_acc 0.4499
2026-04-08 19:45:26    epoch  99  loss 1.4270  acc 0.4184  val_loss 1.3879  val_acc 0.4417
2026-04-08 19:45:28    epoch 100  loss 1.4248  acc 0.4223  val_loss 1.3899  val_acc 0.4522
2026-04-08 19:45:28    User9 accuracy: 0.3327
2026-04-08 19:45:29  ────────────────────────────────────────────────────────────
2026-04-08 19:45:29  LOSO fold — held-out: User10 (1115 test windows, 8589 train windows)
2026-04-08 19:45:31    epoch   1  loss 1.8981  acc 0.2397  val_loss 1.6404  val_acc 0.3438
2026-04-08 19:45:33    epoch   2  loss 1.7162  acc 0.2954  val_loss 1.5819  val_acc 0.3601
2026-04-08 19:45:35    epoch   3  loss 1.6770  acc 0.3015  val_loss 1.5440  val_acc 0.3497
2026-04-08 19:45:37    epoch   4  loss 1.6644  acc 0.3032  val_loss 1.5326  val_acc 0.3508
2026-04-08 19:45:39    epoch   5  loss 1.6444  acc 0.3222  val_loss 1.5622  val_acc 0.3403
2026-04-08 19:45:41    epoch   6  loss 1.6398  acc 0.3195  val_loss 1.5266  val_acc 0.3625
2026-04-08 19:45:43    epoch   7  loss 1.6204  acc 0.3225  val_loss 1.5329  val_acc 0.3415
2026-04-08 19:45:45    epoch   8  loss 1.6238  acc 0.3291  val_loss 1.5355  val_acc 0.3427
2026-04-08 19:45:47    epoch   9  loss 1.6197  acc 0.3270  val_loss 1.5204  val_acc 0.3555
2026-04-08 19:45:49    epoch  10  loss 1.6086  acc 0.3296  val_loss 1.5332  val_acc 0.3555
2026-04-08 19:45:51    epoch  11  loss 1.6066  acc 0.3386  val_loss 1.5190  val_acc 0.3497
2026-04-08 19:45:53    epoch  12  loss 1.6147  acc 0.3353  val_loss 1.5163  val_acc 0.3683
2026-04-08 19:45:55    epoch  13  loss 1.5901  acc 0.3407  val_loss 1.4977  val_acc 0.3648
2026-04-08 19:45:57    epoch  14  loss 1.5969  acc 0.3395  val_loss 1.5256  val_acc 0.3706
2026-04-08 19:45:59    epoch  15  loss 1.5882  acc 0.3503  val_loss 1.4960  val_acc 0.3741
2026-04-08 19:46:01    epoch  16  loss 1.6014  acc 0.3424  val_loss 1.5562  val_acc 0.3590
2026-04-08 19:46:03    epoch  17  loss 1.5995  acc 0.3456  val_loss 1.4932  val_acc 0.4056
2026-04-08 19:46:05    epoch  18  loss 1.5908  acc 0.3368  val_loss 1.4874  val_acc 0.3823
2026-04-08 19:46:07    epoch  19  loss 1.5828  acc 0.3507  val_loss 1.4768  val_acc 0.3834
2026-04-08 19:46:09    epoch  20  loss 1.5812  acc 0.3474  val_loss 1.5803  val_acc 0.3415
2026-04-08 19:46:11    epoch  21  loss 1.5744  acc 0.3549  val_loss 1.4595  val_acc 0.4091
2026-04-08 19:46:13    epoch  22  loss 1.5682  acc 0.3600  val_loss 1.5253  val_acc 0.3601
2026-04-08 19:46:15    epoch  23  loss 1.5794  acc 0.3507  val_loss 1.5065  val_acc 0.3718
2026-04-08 19:46:17    epoch  24  loss 1.5624  acc 0.3566  val_loss 1.4757  val_acc 0.3893
2026-04-08 19:46:19    epoch  25  loss 1.5566  acc 0.3520  val_loss 1.4758  val_acc 0.4079
2026-04-08 19:46:21    epoch  26  loss 1.5762  acc 0.3490  val_loss 1.4928  val_acc 0.3788
2026-04-08 19:46:23    epoch  27  loss 1.5523  acc 0.3615  val_loss 1.4655  val_acc 0.4056
2026-04-08 19:46:25    epoch  28  loss 1.5462  acc 0.3574  val_loss 1.5021  val_acc 0.3834
2026-04-08 19:46:27    epoch  29  loss 1.5427  acc 0.3657  val_loss 1.4571  val_acc 0.4068
2026-04-08 19:46:29    epoch  30  loss 1.5309  acc 0.3720  val_loss 1.4759  val_acc 0.3986
2026-04-08 19:46:31    epoch  31  loss 1.5445  acc 0.3666  val_loss 1.4554  val_acc 0.4172
2026-04-08 19:46:33    epoch  32  loss 1.5326  acc 0.3758  val_loss 1.4533  val_acc 0.4114
2026-04-08 19:46:35    epoch  33  loss 1.5384  acc 0.3730  val_loss 1.4553  val_acc 0.4324
2026-04-08 19:46:37    epoch  34  loss 1.5304  acc 0.3771  val_loss 1.4736  val_acc 0.4068
2026-04-08 19:46:39    epoch  35  loss 1.5267  acc 0.3796  val_loss 1.4774  val_acc 0.4009
2026-04-08 19:46:41    epoch  36  loss 1.5317  acc 0.3773  val_loss 1.4584  val_acc 0.4091
2026-04-08 19:46:43    epoch  37  loss 1.5286  acc 0.3760  val_loss 1.4395  val_acc 0.4161
2026-04-08 19:46:45    epoch  38  loss 1.5384  acc 0.3773  val_loss 1.4432  val_acc 0.4242
2026-04-08 19:46:47    epoch  39  loss 1.5160  acc 0.3839  val_loss 1.4564  val_acc 0.4312
2026-04-08 19:46:49    epoch  40  loss 1.5280  acc 0.3789  val_loss 1.4771  val_acc 0.4207
2026-04-08 19:46:51    epoch  41  loss 1.5183  acc 0.3809  val_loss 1.4485  val_acc 0.4184
2026-04-08 19:46:53    epoch  42  loss 1.5038  acc 0.3848  val_loss 1.4275  val_acc 0.4312
2026-04-08 19:46:55    epoch  43  loss 1.5108  acc 0.3862  val_loss 1.4261  val_acc 0.4324
2026-04-08 19:46:57    epoch  44  loss 1.5153  acc 0.3733  val_loss 1.5292  val_acc 0.3834
2026-04-08 19:46:59    epoch  45  loss 1.5123  acc 0.3875  val_loss 1.4382  val_acc 0.4219
2026-04-08 19:47:01    epoch  46  loss 1.5054  acc 0.3864  val_loss 1.4633  val_acc 0.4044
2026-04-08 19:47:03    epoch  47  loss 1.5043  acc 0.3888  val_loss 1.4430  val_acc 0.4324
2026-04-08 19:47:05    epoch  48  loss 1.5069  acc 0.3896  val_loss 1.4177  val_acc 0.4277
2026-04-08 19:47:07    epoch  49  loss 1.5186  acc 0.3873  val_loss 1.4310  val_acc 0.4417
2026-04-08 19:47:09    epoch  50  loss 1.5096  acc 0.3904  val_loss 1.4349  val_acc 0.4196
2026-04-08 19:47:11    epoch  51  loss 1.5031  acc 0.3914  val_loss 1.4088  val_acc 0.4359
2026-04-08 19:47:13    epoch  52  loss 1.4968  acc 0.3946  val_loss 1.4570  val_acc 0.4196
2026-04-08 19:47:15    epoch  53  loss 1.4964  acc 0.3921  val_loss 1.4115  val_acc 0.4359
2026-04-08 19:47:17    epoch  54  loss 1.4970  acc 0.3941  val_loss 1.4371  val_acc 0.4184
2026-04-08 19:47:19    epoch  55  loss 1.4912  acc 0.3987  val_loss 1.4016  val_acc 0.4510
2026-04-08 19:47:21    epoch  56  loss 1.4767  acc 0.4032  val_loss 1.3986  val_acc 0.4476
2026-04-08 19:47:23    epoch  57  loss 1.4822  acc 0.4011  val_loss 1.4830  val_acc 0.4219
2026-04-08 19:47:25    epoch  58  loss 1.4838  acc 0.4049  val_loss 1.4031  val_acc 0.4406
2026-04-08 19:47:27    epoch  59  loss 1.4642  acc 0.4023  val_loss 1.3973  val_acc 0.4522
2026-04-08 19:47:29    epoch  60  loss 1.4740  acc 0.4069  val_loss 1.4102  val_acc 0.4371
2026-04-08 19:47:31    epoch  61  loss 1.4735  acc 0.4046  val_loss 1.3926  val_acc 0.4441
2026-04-08 19:47:33    epoch  62  loss 1.4602  acc 0.4118  val_loss 1.3875  val_acc 0.4545
2026-04-08 19:47:35    epoch  63  loss 1.4676  acc 0.4122  val_loss 1.4285  val_acc 0.4266
2026-04-08 19:47:37    epoch  64  loss 1.4633  acc 0.4142  val_loss 1.3943  val_acc 0.4685
2026-04-08 19:47:39    epoch  65  loss 1.4480  acc 0.4117  val_loss 1.3927  val_acc 0.4510
2026-04-08 19:47:41    epoch  66  loss 1.4646  acc 0.4103  val_loss 1.3847  val_acc 0.4429
2026-04-08 19:47:43    epoch  67  loss 1.4578  acc 0.4151  val_loss 1.3858  val_acc 0.4510
2026-04-08 19:47:45    epoch  68  loss 1.4618  acc 0.4137  val_loss 1.4695  val_acc 0.4161
2026-04-08 19:47:47    epoch  69  loss 1.4612  acc 0.4133  val_loss 1.3947  val_acc 0.4429
2026-04-08 19:47:49    epoch  70  loss 1.4467  acc 0.4142  val_loss 1.4223  val_acc 0.4254
2026-04-08 19:47:51    epoch  71  loss 1.4441  acc 0.4178  val_loss 1.3778  val_acc 0.4510
2026-04-08 19:47:53    epoch  72  loss 1.4496  acc 0.4134  val_loss 1.3760  val_acc 0.4522
2026-04-08 19:47:55    epoch  73  loss 1.4559  acc 0.4146  val_loss 1.4074  val_acc 0.4382
2026-04-08 19:47:57    epoch  74  loss 1.4474  acc 0.4116  val_loss 1.4270  val_acc 0.4184
2026-04-08 19:47:59    epoch  75  loss 1.4360  acc 0.4135  val_loss 1.3872  val_acc 0.4615
2026-04-08 19:48:01    epoch  76  loss 1.4369  acc 0.4231  val_loss 1.4721  val_acc 0.4068
2026-04-08 19:48:03    epoch  77  loss 1.4459  acc 0.4191  val_loss 1.4181  val_acc 0.4207
2026-04-08 19:48:05    epoch  78  loss 1.4346  acc 0.4200  val_loss 1.3911  val_acc 0.4464
2026-04-08 19:48:06    epoch  79  loss 1.4045  acc 0.4259  val_loss 1.3621  val_acc 0.4755
2026-04-08 19:48:08    epoch  80  loss 1.4188  acc 0.4283  val_loss 1.3765  val_acc 0.4476
2026-04-08 19:48:10    epoch  81  loss 1.4232  acc 0.4300  val_loss 1.4331  val_acc 0.4394
2026-04-08 19:48:12    epoch  82  loss 1.4331  acc 0.4303  val_loss 1.3908  val_acc 0.4487
2026-04-08 19:48:14    epoch  83  loss 1.4198  acc 0.4256  val_loss 1.3838  val_acc 0.4627
2026-04-08 19:48:16    epoch  84  loss 1.4059  acc 0.4351  val_loss 1.3526  val_acc 0.4744
2026-04-08 19:48:18    epoch  85  loss 1.4127  acc 0.4249  val_loss 1.3652  val_acc 0.4732
2026-04-08 19:48:20    epoch  86  loss 1.4157  acc 0.4271  val_loss 1.3705  val_acc 0.4557
2026-04-08 19:48:22    epoch  87  loss 1.4233  acc 0.4329  val_loss 1.3646  val_acc 0.4674
2026-04-08 19:48:24    epoch  88  loss 1.4243  acc 0.4267  val_loss 1.3471  val_acc 0.4767
2026-04-08 19:48:26    epoch  89  loss 1.4247  acc 0.4230  val_loss 1.3788  val_acc 0.4522
2026-04-08 19:48:28    epoch  90  loss 1.4108  acc 0.4313  val_loss 1.4356  val_acc 0.4347
2026-04-08 19:48:30    epoch  91  loss 1.4136  acc 0.4332  val_loss 1.4599  val_acc 0.4114
2026-04-08 19:48:32    epoch  92  loss 1.4035  acc 0.4344  val_loss 1.3508  val_acc 0.4709
2026-04-08 19:48:34    epoch  93  loss 1.4089  acc 0.4332  val_loss 1.3611  val_acc 0.4732
2026-04-08 19:48:36    epoch  94  loss 1.3981  acc 0.4385  val_loss 1.3462  val_acc 0.4837
2026-04-08 19:48:38    epoch  95  loss 1.4017  acc 0.4336  val_loss 1.3494  val_acc 0.4650
2026-04-08 19:48:40    epoch  96  loss 1.4011  acc 0.4367  val_loss 1.3546  val_acc 0.4662
2026-04-08 19:48:42    epoch  97  loss 1.3978  acc 0.4378  val_loss 1.3541  val_acc 0.4697
2026-04-08 19:48:44    epoch  98  loss 1.3924  acc 0.4408  val_loss 1.3589  val_acc 0.4674
2026-04-08 19:48:46    epoch  99  loss 1.3968  acc 0.4322  val_loss 1.3503  val_acc 0.4697
2026-04-08 19:48:48    epoch 100  loss 1.3933  acc 0.4371  val_loss 1.3435  val_acc 0.4709
2026-04-08 19:48:48    User10 accuracy: 0.4143
2026-04-08 19:48:49  ────────────────────────────────────────────────────────────
2026-04-08 19:48:49  LOSO fold — held-out: User11 (1175 test windows, 8529 train windows)
2026-04-08 19:48:51    epoch   1  loss 1.9029  acc 0.2450  val_loss 1.6988  val_acc 0.2711
2026-04-08 19:48:53    epoch   2  loss 1.7226  acc 0.2850  val_loss 1.6394  val_acc 0.3052
2026-04-08 19:48:55    epoch   3  loss 1.6672  acc 0.3186  val_loss 1.5989  val_acc 0.3181
2026-04-08 19:48:57    epoch   4  loss 1.6530  acc 0.3164  val_loss 1.5663  val_acc 0.3404
2026-04-08 19:48:59    epoch   5  loss 1.6345  acc 0.3232  val_loss 1.6037  val_acc 0.2923
2026-04-08 19:49:01    epoch   6  loss 1.6274  acc 0.3225  val_loss 1.5623  val_acc 0.3275
2026-04-08 19:49:03    epoch   7  loss 1.6283  acc 0.3216  val_loss 1.5540  val_acc 0.3298
2026-04-08 19:49:05    epoch   8  loss 1.6176  acc 0.3316  val_loss 1.5610  val_acc 0.3134
2026-04-08 19:49:07    epoch   9  loss 1.6149  acc 0.3302  val_loss 1.6791  val_acc 0.2829
2026-04-08 19:49:09    epoch  10  loss 1.6151  acc 0.3289  val_loss 1.5459  val_acc 0.3592
2026-04-08 19:49:11    epoch  11  loss 1.6114  acc 0.3430  val_loss 1.5473  val_acc 0.3040
2026-04-08 19:49:13    epoch  12  loss 1.6018  acc 0.3374  val_loss 1.5602  val_acc 0.3204
2026-04-08 19:49:15    epoch  13  loss 1.6027  acc 0.3340  val_loss 1.5234  val_acc 0.3369
2026-04-08 19:49:17    epoch  14  loss 1.5921  acc 0.3375  val_loss 1.5281  val_acc 0.3638
2026-04-08 19:49:19    epoch  15  loss 1.5954  acc 0.3391  val_loss 1.5260  val_acc 0.3404
2026-04-08 19:49:20    epoch  16  loss 1.5882  acc 0.3447  val_loss 1.5052  val_acc 0.3474
2026-04-08 19:49:22    epoch  17  loss 1.5730  acc 0.3538  val_loss 1.5125  val_acc 0.3404
2026-04-08 19:49:24    epoch  18  loss 1.5803  acc 0.3490  val_loss 1.5080  val_acc 0.3509
2026-04-08 19:49:26    epoch  19  loss 1.5948  acc 0.3505  val_loss 1.5101  val_acc 0.3474
2026-04-08 19:49:28    epoch  20  loss 1.5801  acc 0.3487  val_loss 1.5160  val_acc 0.3744
2026-04-08 19:49:30    epoch  21  loss 1.5784  acc 0.3537  val_loss 1.5110  val_acc 0.3556
2026-04-08 19:49:32    epoch  22  loss 1.5606  acc 0.3572  val_loss 1.4872  val_acc 0.3803
2026-04-08 19:49:34    epoch  23  loss 1.5505  acc 0.3608  val_loss 1.4976  val_acc 0.3603
2026-04-08 19:49:36    epoch  24  loss 1.5511  acc 0.3623  val_loss 1.4919  val_acc 0.3615
2026-04-08 19:49:38    epoch  25  loss 1.5416  acc 0.3632  val_loss 1.5000  val_acc 0.3486
2026-04-08 19:49:40    epoch  26  loss 1.5500  acc 0.3698  val_loss 1.4942  val_acc 0.3533
2026-04-08 19:49:42    epoch  27  loss 1.5440  acc 0.3624  val_loss 1.4708  val_acc 0.3897
2026-04-08 19:49:44    epoch  28  loss 1.5430  acc 0.3728  val_loss 1.5091  val_acc 0.3615
2026-04-08 19:49:46    epoch  29  loss 1.5390  acc 0.3715  val_loss 1.4788  val_acc 0.3498
2026-04-08 19:49:48    epoch  30  loss 1.5541  acc 0.3650  val_loss 1.5090  val_acc 0.3662
2026-04-08 19:49:50    epoch  31  loss 1.5419  acc 0.3697  val_loss 1.4807  val_acc 0.3897
2026-04-08 19:49:52    epoch  32  loss 1.5296  acc 0.3758  val_loss 1.4651  val_acc 0.3955
2026-04-08 19:49:54    epoch  33  loss 1.5336  acc 0.3703  val_loss 1.4650  val_acc 0.3768
2026-04-08 19:49:56    epoch  34  loss 1.5397  acc 0.3780  val_loss 1.4708  val_acc 0.3779
2026-04-08 19:49:58    epoch  35  loss 1.5443  acc 0.3697  val_loss 1.4849  val_acc 0.3815
2026-04-08 19:50:00    epoch  36  loss 1.5274  acc 0.3735  val_loss 1.4763  val_acc 0.3744
2026-04-08 19:50:02    epoch  37  loss 1.5303  acc 0.3758  val_loss 1.4766  val_acc 0.3768
2026-04-08 19:50:04    epoch  38  loss 1.5233  acc 0.3710  val_loss 1.4739  val_acc 0.3721
2026-04-08 19:50:06    epoch  39  loss 1.5107  acc 0.3865  val_loss 1.4519  val_acc 0.4073
2026-04-08 19:50:08    epoch  40  loss 1.5149  acc 0.3863  val_loss 1.4591  val_acc 0.3826
2026-04-08 19:50:10    epoch  41  loss 1.5173  acc 0.3836  val_loss 1.4554  val_acc 0.3955
2026-04-08 19:50:12    epoch  42  loss 1.5089  acc 0.3895  val_loss 1.4548  val_acc 0.3885
2026-04-08 19:50:14    epoch  43  loss 1.5090  acc 0.3927  val_loss 1.4473  val_acc 0.3967
2026-04-08 19:50:16    epoch  44  loss 1.5087  acc 0.3862  val_loss 1.4494  val_acc 0.3885
2026-04-08 19:50:18    epoch  45  loss 1.5077  acc 0.3887  val_loss 1.4789  val_acc 0.3756
2026-04-08 19:50:20    epoch  46  loss 1.5144  acc 0.3826  val_loss 1.4510  val_acc 0.3944
2026-04-08 19:50:22    epoch  47  loss 1.5103  acc 0.3821  val_loss 1.4454  val_acc 0.4049
2026-04-08 19:50:24    epoch  48  loss 1.5053  acc 0.3914  val_loss 1.4448  val_acc 0.4108
2026-04-08 19:50:26    epoch  49  loss 1.5156  acc 0.3862  val_loss 1.4739  val_acc 0.3908
2026-04-08 19:50:28    epoch  50  loss 1.5087  acc 0.3900  val_loss 1.4408  val_acc 0.4049
2026-04-08 19:50:30    epoch  51  loss 1.5015  acc 0.3917  val_loss 1.4411  val_acc 0.4014
2026-04-08 19:50:32    epoch  52  loss 1.5022  acc 0.3956  val_loss 1.4737  val_acc 0.3944
2026-04-08 19:50:33    epoch  53  loss 1.5093  acc 0.3874  val_loss 1.4433  val_acc 0.4131
2026-04-08 19:50:35    epoch  54  loss 1.4989  acc 0.3926  val_loss 1.4368  val_acc 0.3979
2026-04-08 19:50:37    epoch  55  loss 1.5009  acc 0.3926  val_loss 1.4725  val_acc 0.3885
2026-04-08 19:50:39    epoch  56  loss 1.5039  acc 0.3935  val_loss 1.4372  val_acc 0.3979
2026-04-08 19:50:41    epoch  57  loss 1.5003  acc 0.3888  val_loss 1.4426  val_acc 0.3944
2026-04-08 19:50:43    epoch  58  loss 1.4977  acc 0.3865  val_loss 1.4378  val_acc 0.3991
2026-04-08 19:50:45    epoch  59  loss 1.4992  acc 0.3935  val_loss 1.4668  val_acc 0.3908
2026-04-08 19:50:47    epoch  60  loss 1.4967  acc 0.3916  val_loss 1.4287  val_acc 0.4096
2026-04-08 19:50:49    epoch  61  loss 1.4882  acc 0.3961  val_loss 1.4341  val_acc 0.4014
2026-04-08 19:50:51    epoch  62  loss 1.4765  acc 0.4071  val_loss 1.4307  val_acc 0.4061
2026-04-08 19:50:53    epoch  63  loss 1.4882  acc 0.3994  val_loss 1.4269  val_acc 0.4085
2026-04-08 19:50:55    epoch  64  loss 1.4907  acc 0.3922  val_loss 1.4248  val_acc 0.3991
2026-04-08 19:50:57    epoch  65  loss 1.4901  acc 0.3982  val_loss 1.4283  val_acc 0.4131
2026-04-08 19:50:59    epoch  66  loss 1.4815  acc 0.4002  val_loss 1.4295  val_acc 0.4073
2026-04-08 19:51:01    epoch  67  loss 1.4787  acc 0.4029  val_loss 1.4290  val_acc 0.4131
2026-04-08 19:51:03    epoch  68  loss 1.4836  acc 0.3976  val_loss 1.4256  val_acc 0.4085
2026-04-08 19:51:05    epoch  69  loss 1.4872  acc 0.3930  val_loss 1.4223  val_acc 0.4061
2026-04-08 19:51:07    epoch  70  loss 1.4847  acc 0.3974  val_loss 1.4220  val_acc 0.4108
2026-04-08 19:51:09    epoch  71  loss 1.4809  acc 0.3946  val_loss 1.4215  val_acc 0.4155
2026-04-08 19:51:11    epoch  72  loss 1.4898  acc 0.4018  val_loss 1.4281  val_acc 0.4120
2026-04-08 19:51:13    epoch  73  loss 1.4758  acc 0.4013  val_loss 1.4217  val_acc 0.4085
2026-04-08 19:51:15    epoch  74  loss 1.4785  acc 0.4064  val_loss 1.4193  val_acc 0.4049
2026-04-08 19:51:17    epoch  75  loss 1.4770  acc 0.4068  val_loss 1.4213  val_acc 0.4143
2026-04-08 19:51:19    epoch  76  loss 1.4784  acc 0.4003  val_loss 1.4200  val_acc 0.4143
2026-04-08 19:51:21    epoch  77  loss 1.4722  acc 0.4081  val_loss 1.4194  val_acc 0.4155
2026-04-08 19:51:23    epoch  78  loss 1.4692  acc 0.4127  val_loss 1.4395  val_acc 0.4014
2026-04-08 19:51:25    epoch  79  loss 1.4823  acc 0.4071  val_loss 1.4188  val_acc 0.4178
2026-04-08 19:51:27    epoch  80  loss 1.4752  acc 0.4103  val_loss 1.4149  val_acc 0.4096
2026-04-08 19:51:29    epoch  81  loss 1.4771  acc 0.4101  val_loss 1.4163  val_acc 0.4038
2026-04-08 19:51:31    epoch  82  loss 1.4692  acc 0.4026  val_loss 1.4224  val_acc 0.4085
2026-04-08 19:51:32    epoch  83  loss 1.4752  acc 0.4067  val_loss 1.4127  val_acc 0.4085
2026-04-08 19:51:34    epoch  84  loss 1.4780  acc 0.4003  val_loss 1.4131  val_acc 0.4167
2026-04-08 19:51:36    epoch  85  loss 1.4691  acc 0.4094  val_loss 1.4139  val_acc 0.4272
2026-04-08 19:51:38    epoch  86  loss 1.4718  acc 0.4051  val_loss 1.4143  val_acc 0.4272
2026-04-08 19:51:40    epoch  87  loss 1.4649  acc 0.4081  val_loss 1.4121  val_acc 0.4261
2026-04-08 19:51:42    epoch  88  loss 1.4639  acc 0.4141  val_loss 1.4218  val_acc 0.4038
2026-04-08 19:51:44    epoch  89  loss 1.4700  acc 0.4123  val_loss 1.4127  val_acc 0.4131
2026-04-08 19:51:46    epoch  90  loss 1.4673  acc 0.4084  val_loss 1.4160  val_acc 0.4131
2026-04-08 19:51:48    epoch  91  loss 1.4709  acc 0.4112  val_loss 1.4125  val_acc 0.4202
2026-04-08 19:51:50    epoch  92  loss 1.4639  acc 0.4059  val_loss 1.4225  val_acc 0.3920
2026-04-08 19:51:52    epoch  93  loss 1.4835  acc 0.4090  val_loss 1.4076  val_acc 0.4225
2026-04-08 19:51:54    epoch  94  loss 1.4567  acc 0.4125  val_loss 1.4035  val_acc 0.4237
2026-04-08 19:51:56    epoch  95  loss 1.4495  acc 0.4190  val_loss 1.4091  val_acc 0.4167
2026-04-08 19:51:58    epoch  96  loss 1.4689  acc 0.4164  val_loss 1.4135  val_acc 0.4249
2026-04-08 19:52:00    epoch  97  loss 1.4638  acc 0.4134  val_loss 1.4076  val_acc 0.4155
2026-04-08 19:52:02    epoch  98  loss 1.4555  acc 0.4114  val_loss 1.4072  val_acc 0.4261
2026-04-08 19:52:04    epoch  99  loss 1.4611  acc 0.4085  val_loss 1.4050  val_acc 0.4225
2026-04-08 19:52:06    epoch 100  loss 1.4601  acc 0.4189  val_loss 1.4041  val_acc 0.4167
2026-04-08 19:52:06    User11 accuracy: 0.3660
2026-04-08 19:52:07  ────────────────────────────────────────────────────────────
2026-04-08 19:52:07  LOSO fold — held-out: User12 (975 test windows, 8729 train windows)
2026-04-08 19:52:09    epoch   1  loss 1.9069  acc 0.2461  val_loss 1.6347  val_acc 0.3050
2026-04-08 19:52:11    epoch   2  loss 1.7135  acc 0.2917  val_loss 1.5365  val_acc 0.3670
2026-04-08 19:52:13    epoch   3  loss 1.6530  acc 0.3123  val_loss 1.5031  val_acc 0.3567
2026-04-08 19:52:15    epoch   4  loss 1.6401  acc 0.3108  val_loss 1.5075  val_acc 0.3589
2026-04-08 19:52:17    epoch   5  loss 1.6180  acc 0.3248  val_loss 1.5313  val_acc 0.3647
2026-04-08 19:52:19    epoch   6  loss 1.6125  acc 0.3319  val_loss 1.4657  val_acc 0.3784
2026-04-08 19:52:21    epoch   7  loss 1.6050  acc 0.3235  val_loss 1.4588  val_acc 0.3750
2026-04-08 19:52:23    epoch   8  loss 1.5980  acc 0.3324  val_loss 1.4770  val_acc 0.3853
2026-04-08 19:52:25    epoch   9  loss 1.5919  acc 0.3341  val_loss 1.4581  val_acc 0.3933
2026-04-08 19:52:27    epoch  10  loss 1.5905  acc 0.3400  val_loss 1.4477  val_acc 0.4083
2026-04-08 19:52:29    epoch  11  loss 1.5997  acc 0.3336  val_loss 1.4469  val_acc 0.4163
2026-04-08 19:52:31    epoch  12  loss 1.5863  acc 0.3386  val_loss 1.5162  val_acc 0.3429
2026-04-08 19:52:33    epoch  13  loss 1.5680  acc 0.3416  val_loss 1.4699  val_acc 0.4002
2026-04-08 19:52:35    epoch  14  loss 1.5683  acc 0.3463  val_loss 1.4441  val_acc 0.3853
2026-04-08 19:52:37    epoch  15  loss 1.5536  acc 0.3471  val_loss 1.4250  val_acc 0.4025
2026-04-08 19:52:39    epoch  16  loss 1.5669  acc 0.3398  val_loss 1.4218  val_acc 0.3842
2026-04-08 19:52:41    epoch  17  loss 1.5623  acc 0.3501  val_loss 1.4178  val_acc 0.4060
2026-04-08 19:52:43    epoch  18  loss 1.5545  acc 0.3476  val_loss 1.4369  val_acc 0.4128
2026-04-08 19:52:45    epoch  19  loss 1.5596  acc 0.3485  val_loss 1.4630  val_acc 0.3911
2026-04-08 19:52:47    epoch  20  loss 1.5506  acc 0.3501  val_loss 1.4246  val_acc 0.4014
2026-04-08 19:52:49    epoch  21  loss 1.5508  acc 0.3579  val_loss 1.4419  val_acc 0.4002
2026-04-08 19:52:51    epoch  22  loss 1.5473  acc 0.3621  val_loss 1.4116  val_acc 0.4083
2026-04-08 19:52:53    epoch  23  loss 1.5398  acc 0.3548  val_loss 1.5014  val_acc 0.3521
2026-04-08 19:52:55    epoch  24  loss 1.5379  acc 0.3631  val_loss 1.4065  val_acc 0.4312
2026-04-08 19:52:57    epoch  25  loss 1.5262  acc 0.3685  val_loss 1.4172  val_acc 0.4083
2026-04-08 19:52:59    epoch  26  loss 1.5419  acc 0.3669  val_loss 1.4110  val_acc 0.4106
2026-04-08 19:53:01    epoch  27  loss 1.5370  acc 0.3630  val_loss 1.4654  val_acc 0.3716
2026-04-08 19:53:03    epoch  28  loss 1.5249  acc 0.3702  val_loss 1.4224  val_acc 0.4128
2026-04-08 19:53:05    epoch  29  loss 1.5368  acc 0.3597  val_loss 1.4527  val_acc 0.3784
2026-04-08 19:53:07    epoch  30  loss 1.5191  acc 0.3723  val_loss 1.3912  val_acc 0.4404
2026-04-08 19:53:09    epoch  31  loss 1.5061  acc 0.3799  val_loss 1.4469  val_acc 0.3830
2026-04-08 19:53:11    epoch  32  loss 1.5229  acc 0.3725  val_loss 1.3863  val_acc 0.4381
2026-04-08 19:53:13    epoch  33  loss 1.5011  acc 0.3804  val_loss 1.3974  val_acc 0.4323
2026-04-08 19:53:15    epoch  34  loss 1.5112  acc 0.3816  val_loss 1.3763  val_acc 0.4392
2026-04-08 19:53:17    epoch  35  loss 1.5009  acc 0.3818  val_loss 1.3728  val_acc 0.4438
2026-04-08 19:53:19    epoch  36  loss 1.4950  acc 0.3840  val_loss 1.3934  val_acc 0.4278
2026-04-08 19:53:21    epoch  37  loss 1.4966  acc 0.3792  val_loss 1.3822  val_acc 0.4415
2026-04-08 19:53:23    epoch  38  loss 1.4994  acc 0.3808  val_loss 1.3826  val_acc 0.4415
2026-04-08 19:53:25    epoch  39  loss 1.4925  acc 0.3878  val_loss 1.3767  val_acc 0.4381
2026-04-08 19:53:27    epoch  40  loss 1.5054  acc 0.3859  val_loss 1.3704  val_acc 0.4438
2026-04-08 19:53:29    epoch  41  loss 1.4913  acc 0.3928  val_loss 1.3740  val_acc 0.4232
2026-04-08 19:53:31    epoch  42  loss 1.4938  acc 0.3929  val_loss 1.3583  val_acc 0.4415
2026-04-08 19:53:33    epoch  43  loss 1.4889  acc 0.3932  val_loss 1.3763  val_acc 0.4415
2026-04-08 19:53:35    epoch  44  loss 1.4659  acc 0.3928  val_loss 1.3526  val_acc 0.4530
2026-04-08 19:53:37    epoch  45  loss 1.4829  acc 0.3956  val_loss 1.3562  val_acc 0.4564
2026-04-08 19:53:39    epoch  46  loss 1.4855  acc 0.3982  val_loss 1.4136  val_acc 0.4300
2026-04-08 19:53:42    epoch  47  loss 1.4697  acc 0.3961  val_loss 1.3497  val_acc 0.4679
2026-04-08 19:53:44    epoch  48  loss 1.4572  acc 0.4092  val_loss 1.3459  val_acc 0.4748
2026-04-08 19:53:46    epoch  49  loss 1.4802  acc 0.3995  val_loss 1.3337  val_acc 0.4713
2026-04-08 19:53:48    epoch  50  loss 1.4598  acc 0.4100  val_loss 1.3608  val_acc 0.4725
2026-04-08 19:53:50    epoch  51  loss 1.4630  acc 0.4078  val_loss 1.3318  val_acc 0.4610
2026-04-08 19:53:52    epoch  52  loss 1.4708  acc 0.4050  val_loss 1.3479  val_acc 0.4518
2026-04-08 19:53:54    epoch  53  loss 1.4617  acc 0.4018  val_loss 1.3441  val_acc 0.4622
2026-04-08 19:53:56    epoch  54  loss 1.4514  acc 0.4139  val_loss 1.3323  val_acc 0.4885
2026-04-08 19:53:58    epoch  55  loss 1.4589  acc 0.4125  val_loss 1.3313  val_acc 0.4553
2026-04-08 19:54:00    epoch  56  loss 1.4508  acc 0.4107  val_loss 1.3315  val_acc 0.4771
2026-04-08 19:54:02    epoch  57  loss 1.4403  acc 0.4196  val_loss 1.3217  val_acc 0.4748
2026-04-08 19:54:04    epoch  58  loss 1.4482  acc 0.4227  val_loss 1.3621  val_acc 0.4576
2026-04-08 19:54:06    epoch  59  loss 1.4431  acc 0.4173  val_loss 1.3448  val_acc 0.4622
2026-04-08 19:54:08    epoch  60  loss 1.4435  acc 0.4204  val_loss 1.3120  val_acc 0.4839
2026-04-08 19:54:10    epoch  61  loss 1.4331  acc 0.4252  val_loss 1.3192  val_acc 0.4644
2026-04-08 19:54:12    epoch  62  loss 1.4351  acc 0.4220  val_loss 1.3824  val_acc 0.4450
2026-04-08 19:54:14    epoch  63  loss 1.4341  acc 0.4196  val_loss 1.3390  val_acc 0.4633
2026-04-08 19:54:16    epoch  64  loss 1.4415  acc 0.4192  val_loss 1.3173  val_acc 0.4782
2026-04-08 19:54:18    epoch  65  loss 1.4297  acc 0.4254  val_loss 1.3201  val_acc 0.4702
2026-04-08 19:54:20    epoch  66  loss 1.4201  acc 0.4303  val_loss 1.3024  val_acc 0.4817
2026-04-08 19:54:22    epoch  67  loss 1.4190  acc 0.4223  val_loss 1.2956  val_acc 0.5034
2026-04-08 19:54:24    epoch  68  loss 1.4093  acc 0.4332  val_loss 1.2951  val_acc 0.4748
2026-04-08 19:54:26    epoch  69  loss 1.4170  acc 0.4292  val_loss 1.2992  val_acc 0.4817
2026-04-08 19:54:28    epoch  70  loss 1.4073  acc 0.4378  val_loss 1.3098  val_acc 0.4874
2026-04-08 19:54:30    epoch  71  loss 1.4060  acc 0.4345  val_loss 1.3089  val_acc 0.4897
2026-04-08 19:54:32    epoch  72  loss 1.4070  acc 0.4292  val_loss 1.2977  val_acc 0.4897
2026-04-08 19:54:34    epoch  73  loss 1.4114  acc 0.4299  val_loss 1.2913  val_acc 0.4862
2026-04-08 19:54:36    epoch  74  loss 1.4015  acc 0.4350  val_loss 1.3092  val_acc 0.4794
2026-04-08 19:54:38    epoch  75  loss 1.4193  acc 0.4283  val_loss 1.2848  val_acc 0.4943
2026-04-08 19:54:40    epoch  76  loss 1.3992  acc 0.4446  val_loss 1.3098  val_acc 0.4759
2026-04-08 19:54:42    epoch  77  loss 1.4053  acc 0.4362  val_loss 1.2925  val_acc 0.5069
2026-04-08 19:54:44    epoch  78  loss 1.4004  acc 0.4441  val_loss 1.2959  val_acc 0.4828
2026-04-08 19:54:46    epoch  79  loss 1.4067  acc 0.4302  val_loss 1.3130  val_acc 0.4622
2026-04-08 19:54:48    epoch  80  loss 1.3920  acc 0.4387  val_loss 1.2774  val_acc 0.5023
2026-04-08 19:54:50    epoch  81  loss 1.4053  acc 0.4344  val_loss 1.2779  val_acc 0.4931
2026-04-08 19:54:52    epoch  82  loss 1.4011  acc 0.4327  val_loss 1.3020  val_acc 0.5023
2026-04-08 19:54:54    epoch  83  loss 1.3888  acc 0.4419  val_loss 1.2748  val_acc 0.4920
2026-04-08 19:54:56    epoch  84  loss 1.3905  acc 0.4419  val_loss 1.2714  val_acc 0.5023
2026-04-08 19:54:58    epoch  85  loss 1.3966  acc 0.4369  val_loss 1.3022  val_acc 0.4748
2026-04-08 19:55:00    epoch  86  loss 1.4116  acc 0.4346  val_loss 1.2697  val_acc 0.4862
2026-04-08 19:55:02    epoch  87  loss 1.3954  acc 0.4427  val_loss 1.3045  val_acc 0.4874
2026-04-08 19:55:04    epoch  88  loss 1.3888  acc 0.4433  val_loss 1.2626  val_acc 0.4989
2026-04-08 19:55:06    epoch  89  loss 1.4008  acc 0.4447  val_loss 1.2639  val_acc 0.5023
2026-04-08 19:55:08    epoch  90  loss 1.3828  acc 0.4492  val_loss 1.2591  val_acc 0.5069
2026-04-08 19:55:10    epoch  91  loss 1.3876  acc 0.4397  val_loss 1.2687  val_acc 0.4954
2026-04-08 19:55:12    epoch  92  loss 1.3890  acc 0.4416  val_loss 1.2657  val_acc 0.4908
2026-04-08 19:55:14    epoch  93  loss 1.3973  acc 0.4433  val_loss 1.3394  val_acc 0.4587
2026-04-08 19:55:16    epoch  94  loss 1.3993  acc 0.4397  val_loss 1.2668  val_acc 0.4920
2026-04-08 19:55:19    epoch  95  loss 1.3779  acc 0.4504  val_loss 1.2728  val_acc 0.4782
2026-04-08 19:55:21    epoch  96  loss 1.3778  acc 0.4394  val_loss 1.2878  val_acc 0.4817
2026-04-08 19:55:23    epoch  97  loss 1.3822  acc 0.4516  val_loss 1.2675  val_acc 0.5080
2026-04-08 19:55:25    epoch  98  loss 1.3756  acc 0.4494  val_loss 1.2672  val_acc 0.4954
2026-04-08 19:55:25    Early stopping at epoch 98
2026-04-08 19:55:25    User12 accuracy: 0.3713
2026-04-08 19:55:25  Best model: /home/mahmudm2/codebase/ClassyGlass/scripts/benchmark/models/cnn_best_W300_S150.pth  (acc=0.4448)
2026-04-08 19:55:25  ============================================================
2026-04-08 19:55:25  LOSO SUMMARY
2026-04-08 19:55:25  ============================================================
2026-04-08 19:55:25    User1: 0.2783
2026-04-08 19:55:25    User2: 0.4250
2026-04-08 19:55:25    User3: 0.4238
2026-04-08 19:55:25    User4: 0.3413
2026-04-08 19:55:25    User5: 0.4288
2026-04-08 19:55:25    User6: 0.3378
2026-04-08 19:55:25    User7: 0.3440
2026-04-08 19:55:25    User8: 0.4448
2026-04-08 19:55:25    User9: 0.3327
2026-04-08 19:55:25    User10: 0.4143
2026-04-08 19:55:25    User11: 0.3660
2026-04-08 19:55:25    User12: 0.3713
2026-04-08 19:55:25    Mean accuracy : 0.3757
2026-04-08 19:55:25    Std  accuracy : 0.0491
2026-04-08 19:55:25  ============================================================
2026-04-08 19:55:25  CLASSIFICATION REPORT (all folds combined)
2026-04-08 19:55:25  ============================================================
2026-04-08 19:55:25  
                            precision    recall  f1-score   support

         Sitting – Reading       0.20      0.11      0.14       926
         Sitting – Writing       0.26      0.28      0.27      1022
         Computer – Typing       0.33      0.41      0.36      1022
       Computer – Browsing       0.40      0.41      0.40      1040
Sitting – Moving head/body       0.27      0.34      0.30       896
    Sitting – Moving chair       0.34      0.34      0.34      1023
     Stand up from sitting       0.40      0.45      0.42      1213
                  Standing       0.30      0.12      0.17       679
                   Walking       0.51      0.66      0.57       804
                   Running       0.67      0.77      0.71       786
             Taking stairs       0.33      0.01      0.01       293

                  accuracy                           0.38      9704
                 macro avg       0.36      0.35      0.34      9704
              weighted avg       0.36      0.38      0.36      9704

2026-04-08 19:55:25  Confusion matrix saved to: /home/mahmudm2/codebase/ClassyGlass/scripts/benchmark/figures/cnn_confusion_matrix_W300_S150.png
2026-04-08 19:55:26  Per-subject accuracy chart saved to: /home/mahmudm2/codebase/ClassyGlass/scripts/benchmark/figures/cnn_per_subject_accuracy_W300_S150.png
2026-04-08 19:55:26  ============================================================
2026-04-08 19:55:26  cnn training complete
2026-04-08 19:55:26  ============================================================
