2026-04-08 18:39:32  ============================================================
2026-04-08 18:39:32  cnn  |  window=200  step=80
2026-04-08 18:39:32  Device  : cuda:7
2026-04-08 18:39:32  Flatten : True
2026-04-08 18:39:32  Log     : /home/mahmudm2/codebase/ClassyGlass/scripts/benchmark/logs/cnn_W200_S80.log
2026-04-08 18:39:32  Model   : /home/mahmudm2/codebase/ClassyGlass/scripts/benchmark/models/cnn_best_W200_S80.pth
2026-04-08 18:39:32  Figures : /home/mahmudm2/codebase/ClassyGlass/scripts/benchmark/figures
2026-04-08 18:39:32  ============================================================
2026-04-08 18:39:36  Loaded 18292 windows | window=200  step=80 | 129 experiments | 12 subjects | 0 experiments skipped
2026-04-08 18:39:36  ────────────────────────────────────────────────────────────
2026-04-08 18:39:36  LOSO fold — held-out: User1 (1053 test windows, 17239 train windows)
2026-04-08 18:39:42    epoch   1  loss 1.8265  acc 0.2632  val_loss 1.6488  val_acc 0.2745
2026-04-08 18:39:46    epoch   2  loss 1.6857  acc 0.2948  val_loss 1.6100  val_acc 0.3018
2026-04-08 18:39:51    epoch   3  loss 1.6626  acc 0.3080  val_loss 1.5732  val_acc 0.2931
2026-04-08 18:39:55    epoch   4  loss 1.6569  acc 0.3127  val_loss 1.6479  val_acc 0.2873
2026-04-08 18:39:59    epoch   5  loss 1.6397  acc 0.3219  val_loss 1.5506  val_acc 0.3297
2026-04-08 18:40:03    epoch   6  loss 1.6257  acc 0.3179  val_loss 1.5588  val_acc 0.3326
2026-04-08 18:40:07    epoch   7  loss 1.6198  acc 0.3279  val_loss 1.5659  val_acc 0.3511
2026-04-08 18:40:11    epoch   8  loss 1.6239  acc 0.3284  val_loss 1.5507  val_acc 0.3436
2026-04-08 18:40:15    epoch   9  loss 1.6145  acc 0.3282  val_loss 1.5560  val_acc 0.3291
2026-04-08 18:40:19    epoch  10  loss 1.6013  acc 0.3398  val_loss 1.5357  val_acc 0.3384
2026-04-08 18:40:23    epoch  11  loss 1.5986  acc 0.3349  val_loss 1.5406  val_acc 0.3523
2026-04-08 18:40:27    epoch  12  loss 1.5973  acc 0.3433  val_loss 1.5350  val_acc 0.3662
2026-04-08 18:40:32    epoch  13  loss 1.5871  acc 0.3481  val_loss 1.5376  val_acc 0.3535
2026-04-08 18:40:36    epoch  14  loss 1.5925  acc 0.3427  val_loss 1.6966  val_acc 0.2983
2026-04-08 18:40:40    epoch  15  loss 1.5841  acc 0.3491  val_loss 1.5088  val_acc 0.3697
2026-04-08 18:40:44    epoch  16  loss 1.5672  acc 0.3527  val_loss 1.5157  val_acc 0.3575
2026-04-08 18:40:48    epoch  17  loss 1.5770  acc 0.3529  val_loss 1.5026  val_acc 0.3865
2026-04-08 18:40:52    epoch  18  loss 1.5711  acc 0.3594  val_loss 1.4944  val_acc 0.3720
2026-04-08 18:40:56    epoch  19  loss 1.5636  acc 0.3569  val_loss 1.5503  val_acc 0.3471
2026-04-08 18:41:00    epoch  20  loss 1.5569  acc 0.3609  val_loss 1.4893  val_acc 0.3680
2026-04-08 18:41:04    epoch  21  loss 1.5517  acc 0.3669  val_loss 1.4861  val_acc 0.3923
2026-04-08 18:41:08    epoch  22  loss 1.5541  acc 0.3638  val_loss 1.5423  val_acc 0.3552
2026-04-08 18:41:12    epoch  23  loss 1.5428  acc 0.3725  val_loss 1.5854  val_acc 0.3593
2026-04-08 18:41:17    epoch  24  loss 1.5368  acc 0.3792  val_loss 1.4660  val_acc 0.4103
2026-04-08 18:41:21    epoch  25  loss 1.5369  acc 0.3767  val_loss 1.4626  val_acc 0.4109
2026-04-08 18:41:25    epoch  26  loss 1.5308  acc 0.3824  val_loss 1.4774  val_acc 0.4057
2026-04-08 18:41:29    epoch  27  loss 1.5155  acc 0.3866  val_loss 1.5563  val_acc 0.3668
2026-04-08 18:41:33    epoch  28  loss 1.5216  acc 0.3872  val_loss 1.4538  val_acc 0.4005
2026-04-08 18:41:37    epoch  29  loss 1.5177  acc 0.3889  val_loss 1.4498  val_acc 0.4063
2026-04-08 18:41:41    epoch  30  loss 1.5145  acc 0.3857  val_loss 1.5860  val_acc 0.3442
2026-04-08 18:41:45    epoch  31  loss 1.5237  acc 0.3897  val_loss 1.4629  val_acc 0.4039
2026-04-08 18:41:49    epoch  32  loss 1.5160  acc 0.3951  val_loss 1.5664  val_acc 0.3593
2026-04-08 18:41:53    epoch  33  loss 1.5034  acc 0.3904  val_loss 1.4517  val_acc 0.3981
2026-04-08 18:41:57    epoch  34  loss 1.5029  acc 0.3951  val_loss 1.4161  val_acc 0.4127
2026-04-08 18:42:01    epoch  35  loss 1.4973  acc 0.3998  val_loss 1.4416  val_acc 0.4028
2026-04-08 18:42:05    epoch  36  loss 1.5003  acc 0.3961  val_loss 1.4595  val_acc 0.3900
2026-04-08 18:42:09    epoch  37  loss 1.4902  acc 0.3973  val_loss 1.4658  val_acc 0.3941
2026-04-08 18:42:13    epoch  38  loss 1.5020  acc 0.3940  val_loss 1.4302  val_acc 0.4138
2026-04-08 18:42:17    epoch  39  loss 1.4929  acc 0.3962  val_loss 1.4397  val_acc 0.4005
2026-04-08 18:42:21    epoch  40  loss 1.4800  acc 0.4069  val_loss 1.4202  val_acc 0.4127
2026-04-08 18:42:25    epoch  41  loss 1.4671  acc 0.4120  val_loss 1.4102  val_acc 0.4330
2026-04-08 18:42:29    epoch  42  loss 1.4633  acc 0.4193  val_loss 1.4994  val_acc 0.3825
2026-04-08 18:42:33    epoch  43  loss 1.4613  acc 0.4109  val_loss 1.3940  val_acc 0.4370
2026-04-08 18:42:37    epoch  44  loss 1.4688  acc 0.4096  val_loss 1.4104  val_acc 0.4254
2026-04-08 18:42:41    epoch  45  loss 1.4500  acc 0.4140  val_loss 1.4055  val_acc 0.4254
2026-04-08 18:42:45    epoch  46  loss 1.4612  acc 0.4112  val_loss 1.3915  val_acc 0.4335
2026-04-08 18:42:49    epoch  47  loss 1.4512  acc 0.4175  val_loss 1.3858  val_acc 0.4440
2026-04-08 18:42:53    epoch  48  loss 1.4588  acc 0.4138  val_loss 1.4570  val_acc 0.3941
2026-04-08 18:42:57    epoch  49  loss 1.4535  acc 0.4162  val_loss 1.4371  val_acc 0.3964
2026-04-08 18:43:01    epoch  50  loss 1.4480  acc 0.4163  val_loss 1.4046  val_acc 0.4324
2026-04-08 18:43:05    epoch  51  loss 1.4480  acc 0.4209  val_loss 1.4148  val_acc 0.4312
2026-04-08 18:43:09    epoch  52  loss 1.4466  acc 0.4221  val_loss 1.3829  val_acc 0.4388
2026-04-08 18:43:13    epoch  53  loss 1.4488  acc 0.4147  val_loss 1.3774  val_acc 0.4550
2026-04-08 18:43:17    epoch  54  loss 1.4481  acc 0.4203  val_loss 1.4104  val_acc 0.4202
2026-04-08 18:43:21    epoch  55  loss 1.4458  acc 0.4217  val_loss 1.3859  val_acc 0.4376
2026-04-08 18:43:25    epoch  56  loss 1.4509  acc 0.4185  val_loss 1.4290  val_acc 0.4243
2026-04-08 18:43:29    epoch  57  loss 1.4428  acc 0.4193  val_loss 1.4258  val_acc 0.4179
2026-04-08 18:43:33    epoch  58  loss 1.4451  acc 0.4189  val_loss 1.3891  val_acc 0.4318
2026-04-08 18:43:37    epoch  59  loss 1.4252  acc 0.4243  val_loss 1.3690  val_acc 0.4428
2026-04-08 18:43:41    epoch  60  loss 1.4301  acc 0.4218  val_loss 1.3679  val_acc 0.4411
2026-04-08 18:43:45    epoch  61  loss 1.4252  acc 0.4297  val_loss 1.3950  val_acc 0.4318
2026-04-08 18:43:49    epoch  62  loss 1.4316  acc 0.4216  val_loss 1.3644  val_acc 0.4411
2026-04-08 18:43:53    epoch  63  loss 1.4237  acc 0.4268  val_loss 1.3792  val_acc 0.4388
2026-04-08 18:43:57    epoch  64  loss 1.4223  acc 0.4288  val_loss 1.3703  val_acc 0.4376
2026-04-08 18:44:01    epoch  65  loss 1.4243  acc 0.4286  val_loss 1.3747  val_acc 0.4411
2026-04-08 18:44:05    epoch  66  loss 1.4176  acc 0.4268  val_loss 1.3691  val_acc 0.4399
2026-04-08 18:44:09    epoch  67  loss 1.4230  acc 0.4245  val_loss 1.3703  val_acc 0.4457
2026-04-08 18:44:13    epoch  68  loss 1.4142  acc 0.4352  val_loss 1.3590  val_acc 0.4510
2026-04-08 18:44:17    epoch  69  loss 1.4094  acc 0.4297  val_loss 1.3531  val_acc 0.4492
2026-04-08 18:44:21    epoch  70  loss 1.4136  acc 0.4305  val_loss 1.3527  val_acc 0.4510
2026-04-08 18:44:25    epoch  71  loss 1.4042  acc 0.4369  val_loss 1.3602  val_acc 0.4498
2026-04-08 18:44:30    epoch  72  loss 1.4076  acc 0.4310  val_loss 1.3526  val_acc 0.4504
2026-04-08 18:44:33    epoch  73  loss 1.4064  acc 0.4344  val_loss 1.3561  val_acc 0.4521
2026-04-08 18:44:38    epoch  74  loss 1.4116  acc 0.4339  val_loss 1.3733  val_acc 0.4498
2026-04-08 18:44:42    epoch  75  loss 1.4110  acc 0.4296  val_loss 1.3526  val_acc 0.4515
2026-04-08 18:44:46    epoch  76  loss 1.4123  acc 0.4368  val_loss 1.3555  val_acc 0.4457
2026-04-08 18:44:50    epoch  77  loss 1.4113  acc 0.4334  val_loss 1.3564  val_acc 0.4486
2026-04-08 18:44:54    epoch  78  loss 1.3995  acc 0.4372  val_loss 1.3479  val_acc 0.4486
2026-04-08 18:44:58    epoch  79  loss 1.4015  acc 0.4357  val_loss 1.3541  val_acc 0.4533
2026-04-08 18:45:02    epoch  80  loss 1.3987  acc 0.4350  val_loss 1.3559  val_acc 0.4446
2026-04-08 18:45:06    epoch  81  loss 1.4056  acc 0.4354  val_loss 1.3515  val_acc 0.4527
2026-04-08 18:45:10    epoch  82  loss 1.4036  acc 0.4337  val_loss 1.3649  val_acc 0.4515
2026-04-08 18:45:14    epoch  83  loss 1.4045  acc 0.4424  val_loss 1.3463  val_acc 0.4527
2026-04-08 18:45:17    epoch  84  loss 1.4032  acc 0.4383  val_loss 1.3522  val_acc 0.4492
2026-04-08 18:45:21    epoch  85  loss 1.3963  acc 0.4381  val_loss 1.3482  val_acc 0.4533
2026-04-08 18:45:25    epoch  86  loss 1.4035  acc 0.4363  val_loss 1.3456  val_acc 0.4550
2026-04-08 18:45:29    epoch  87  loss 1.3988  acc 0.4348  val_loss 1.3455  val_acc 0.4504
2026-04-08 18:45:33    epoch  88  loss 1.4019  acc 0.4386  val_loss 1.3449  val_acc 0.4515
2026-04-08 18:45:37    epoch  89  loss 1.3942  acc 0.4439  val_loss 1.3487  val_acc 0.4452
2026-04-08 18:45:41    epoch  90  loss 1.3960  acc 0.4379  val_loss 1.3411  val_acc 0.4597
2026-04-08 18:45:45    epoch  91  loss 1.4003  acc 0.4358  val_loss 1.3499  val_acc 0.4515
2026-04-08 18:45:49    epoch  92  loss 1.4008  acc 0.4386  val_loss 1.3457  val_acc 0.4573
2026-04-08 18:45:53    epoch  93  loss 1.3995  acc 0.4376  val_loss 1.3494  val_acc 0.4579
2026-04-08 18:45:57    epoch  94  loss 1.4029  acc 0.4345  val_loss 1.3442  val_acc 0.4573
2026-04-08 18:46:01    epoch  95  loss 1.3976  acc 0.4377  val_loss 1.3442  val_acc 0.4504
2026-04-08 18:46:05    epoch  96  loss 1.3955  acc 0.4421  val_loss 1.3384  val_acc 0.4620
2026-04-08 18:46:09    epoch  97  loss 1.3914  acc 0.4397  val_loss 1.3401  val_acc 0.4562
2026-04-08 18:46:13    epoch  98  loss 1.4010  acc 0.4386  val_loss 1.3412  val_acc 0.4568
2026-04-08 18:46:17    epoch  99  loss 1.3991  acc 0.4407  val_loss 1.3414  val_acc 0.4573
2026-04-08 18:46:21    epoch 100  loss 1.3932  acc 0.4388  val_loss 1.3404  val_acc 0.4515
2026-04-08 18:46:21    User1 accuracy: 0.3077
2026-04-08 18:46:21    ✓ New best model saved (User1 held out, acc=0.3077)
2026-04-08 18:46:22  ────────────────────────────────────────────────────────────
2026-04-08 18:46:22  LOSO fold — held-out: User2 (971 test windows, 17321 train windows)
2026-04-08 18:46:27    epoch   1  loss 1.8495  acc 0.2543  val_loss 1.6855  val_acc 0.2841
2026-04-08 18:46:31    epoch   2  loss 1.7132  acc 0.2896  val_loss 1.6458  val_acc 0.2968
2026-04-08 18:46:35    epoch   3  loss 1.6910  acc 0.3012  val_loss 1.6455  val_acc 0.2910
2026-04-08 18:46:39    epoch   4  loss 1.6819  acc 0.3077  val_loss 1.5982  val_acc 0.3343
2026-04-08 18:46:43    epoch   5  loss 1.6521  acc 0.3222  val_loss 1.5805  val_acc 0.3297
2026-04-08 18:46:47    epoch   6  loss 1.6689  acc 0.3130  val_loss 1.5913  val_acc 0.3326
2026-04-08 18:46:51    epoch   7  loss 1.6548  acc 0.3162  val_loss 1.5616  val_acc 0.3435
2026-04-08 18:46:55    epoch   8  loss 1.6499  acc 0.3227  val_loss 1.5744  val_acc 0.3655
2026-04-08 18:46:59    epoch   9  loss 1.6475  acc 0.3286  val_loss 1.5716  val_acc 0.3482
2026-04-08 18:47:04    epoch  10  loss 1.6372  acc 0.3258  val_loss 1.5683  val_acc 0.3614
2026-04-08 18:47:08    epoch  11  loss 1.6310  acc 0.3279  val_loss 1.5709  val_acc 0.3326
2026-04-08 18:47:12    epoch  12  loss 1.6214  acc 0.3337  val_loss 1.5506  val_acc 0.3603
2026-04-08 18:47:16    epoch  13  loss 1.6207  acc 0.3361  val_loss 1.5486  val_acc 0.3637
2026-04-08 18:47:20    epoch  14  loss 1.6156  acc 0.3329  val_loss 1.6120  val_acc 0.3557
2026-04-08 18:47:24    epoch  15  loss 1.6165  acc 0.3376  val_loss 1.5452  val_acc 0.3632
2026-04-08 18:47:28    epoch  16  loss 1.6098  acc 0.3399  val_loss 1.5526  val_acc 0.3759
2026-04-08 18:47:32    epoch  17  loss 1.6110  acc 0.3412  val_loss 1.5567  val_acc 0.3649
2026-04-08 18:47:37    epoch  18  loss 1.6048  acc 0.3438  val_loss 1.5352  val_acc 0.3782
2026-04-08 18:47:41    epoch  19  loss 1.5945  acc 0.3463  val_loss 1.5249  val_acc 0.3759
2026-04-08 18:47:45    epoch  20  loss 1.6022  acc 0.3458  val_loss 1.5732  val_acc 0.3401
2026-04-08 18:47:49    epoch  21  loss 1.5991  acc 0.3452  val_loss 1.5253  val_acc 0.3955
2026-04-08 18:47:53    epoch  22  loss 1.5964  acc 0.3548  val_loss 1.5384  val_acc 0.3845
2026-04-08 18:47:57    epoch  23  loss 1.5921  acc 0.3522  val_loss 1.5213  val_acc 0.3759
2026-04-08 18:48:02    epoch  24  loss 1.5858  acc 0.3580  val_loss 1.5357  val_acc 0.3886
2026-04-08 18:48:06    epoch  25  loss 1.5919  acc 0.3556  val_loss 1.5293  val_acc 0.3822
2026-04-08 18:48:10    epoch  26  loss 1.5843  acc 0.3532  val_loss 1.5065  val_acc 0.4018
2026-04-08 18:48:14    epoch  27  loss 1.5774  acc 0.3608  val_loss 1.5155  val_acc 0.3961
2026-04-08 18:48:18    epoch  28  loss 1.5709  acc 0.3642  val_loss 1.5822  val_acc 0.3724
2026-04-08 18:48:22    epoch  29  loss 1.5698  acc 0.3667  val_loss 1.5691  val_acc 0.3603
2026-04-08 18:48:27    epoch  30  loss 1.5546  acc 0.3715  val_loss 1.5289  val_acc 0.3834
2026-04-08 18:48:31    epoch  31  loss 1.5604  acc 0.3758  val_loss 1.5602  val_acc 0.3701
2026-04-08 18:48:35    epoch  32  loss 1.5260  acc 0.3844  val_loss 1.4644  val_acc 0.3967
2026-04-08 18:48:39    epoch  33  loss 1.5304  acc 0.3842  val_loss 1.4786  val_acc 0.4157
2026-04-08 18:48:43    epoch  34  loss 1.5238  acc 0.3861  val_loss 1.4741  val_acc 0.4140
2026-04-08 18:48:47    epoch  35  loss 1.5215  acc 0.3881  val_loss 1.4459  val_acc 0.4192
2026-04-08 18:48:51    epoch  36  loss 1.5256  acc 0.3874  val_loss 1.4618  val_acc 0.4088
2026-04-08 18:48:55    epoch  37  loss 1.5125  acc 0.3923  val_loss 1.4533  val_acc 0.4255
2026-04-08 18:48:59    epoch  38  loss 1.5144  acc 0.3910  val_loss 1.4645  val_acc 0.4186
2026-04-08 18:49:03    epoch  39  loss 1.5084  acc 0.3935  val_loss 1.4482  val_acc 0.4070
2026-04-08 18:49:06    epoch  40  loss 1.5217  acc 0.3930  val_loss 1.4775  val_acc 0.4001
2026-04-08 18:49:10    epoch  41  loss 1.4970  acc 0.3963  val_loss 1.4292  val_acc 0.4203
2026-04-08 18:49:14    epoch  42  loss 1.4927  acc 0.4018  val_loss 1.4260  val_acc 0.4145
2026-04-08 18:49:18    epoch  43  loss 1.4976  acc 0.4007  val_loss 1.4238  val_acc 0.4209
2026-04-08 18:49:22    epoch  44  loss 1.4975  acc 0.4032  val_loss 1.4319  val_acc 0.4301
2026-04-08 18:49:26    epoch  45  loss 1.4932  acc 0.4036  val_loss 1.4363  val_acc 0.4330
2026-04-08 18:49:30    epoch  46  loss 1.4822  acc 0.4078  val_loss 1.4461  val_acc 0.4094
2026-04-08 18:49:34    epoch  47  loss 1.4891  acc 0.4014  val_loss 1.4277  val_acc 0.4267
2026-04-08 18:49:38    epoch  48  loss 1.4886  acc 0.4100  val_loss 1.4230  val_acc 0.4226
2026-04-08 18:49:42    epoch  49  loss 1.4961  acc 0.4041  val_loss 1.4372  val_acc 0.4278
2026-04-08 18:49:46    epoch  50  loss 1.4850  acc 0.4094  val_loss 1.4204  val_acc 0.4278
2026-04-08 18:49:50    epoch  51  loss 1.4826  acc 0.4068  val_loss 1.4238  val_acc 0.4215
2026-04-08 18:49:55    epoch  52  loss 1.4926  acc 0.4034  val_loss 1.4524  val_acc 0.4244
2026-04-08 18:49:59    epoch  53  loss 1.4864  acc 0.4052  val_loss 1.4283  val_acc 0.4174
2026-04-08 18:50:03    epoch  54  loss 1.4886  acc 0.4063  val_loss 1.4299  val_acc 0.4209
2026-04-08 18:50:07    epoch  55  loss 1.4839  acc 0.4067  val_loss 1.4166  val_acc 0.4353
2026-04-08 18:50:11    epoch  56  loss 1.4780  acc 0.4129  val_loss 1.4230  val_acc 0.4192
2026-04-08 18:50:15    epoch  57  loss 1.4817  acc 0.4064  val_loss 1.4532  val_acc 0.4249
2026-04-08 18:50:19    epoch  58  loss 1.4720  acc 0.4090  val_loss 1.4279  val_acc 0.4249
2026-04-08 18:50:23    epoch  59  loss 1.4758  acc 0.4085  val_loss 1.4203  val_acc 0.4388
2026-04-08 18:50:27    epoch  60  loss 1.4853  acc 0.4118  val_loss 1.4178  val_acc 0.4244
2026-04-08 18:50:31    epoch  61  loss 1.4686  acc 0.4124  val_loss 1.5169  val_acc 0.3903
2026-04-08 18:50:35    epoch  62  loss 1.4668  acc 0.4183  val_loss 1.4170  val_acc 0.4486
2026-04-08 18:50:39    epoch  63  loss 1.4689  acc 0.4152  val_loss 1.4008  val_acc 0.4503
2026-04-08 18:50:44    epoch  64  loss 1.4682  acc 0.4138  val_loss 1.4029  val_acc 0.4394
2026-04-08 18:50:48    epoch  65  loss 1.4671  acc 0.4157  val_loss 1.4107  val_acc 0.4382
2026-04-08 18:50:52    epoch  66  loss 1.4657  acc 0.4170  val_loss 1.4204  val_acc 0.4359
2026-04-08 18:50:56    epoch  67  loss 1.4641  acc 0.4154  val_loss 1.4085  val_acc 0.4446
2026-04-08 18:51:00    epoch  68  loss 1.4649  acc 0.4162  val_loss 1.4068  val_acc 0.4405
2026-04-08 18:51:04    epoch  69  loss 1.4579  acc 0.4174  val_loss 1.4005  val_acc 0.4457
2026-04-08 18:51:09    epoch  70  loss 1.4585  acc 0.4154  val_loss 1.4047  val_acc 0.4515
2026-04-08 18:51:13    epoch  71  loss 1.4588  acc 0.4138  val_loss 1.4393  val_acc 0.4065
2026-04-08 18:51:17    epoch  72  loss 1.4568  acc 0.4200  val_loss 1.4095  val_acc 0.4307
2026-04-08 18:51:21    epoch  73  loss 1.4619  acc 0.4157  val_loss 1.4001  val_acc 0.4400
2026-04-08 18:51:25    epoch  74  loss 1.4545  acc 0.4170  val_loss 1.3980  val_acc 0.4365
2026-04-08 18:51:29    epoch  75  loss 1.4609  acc 0.4147  val_loss 1.3974  val_acc 0.4417
2026-04-08 18:51:33    epoch  76  loss 1.4600  acc 0.4168  val_loss 1.3943  val_acc 0.4527
2026-04-08 18:51:37    epoch  77  loss 1.4580  acc 0.4168  val_loss 1.4038  val_acc 0.4313
2026-04-08 18:51:42    epoch  78  loss 1.4583  acc 0.4195  val_loss 1.3964  val_acc 0.4400
2026-04-08 18:51:46    epoch  79  loss 1.4580  acc 0.4155  val_loss 1.4030  val_acc 0.4434
2026-04-08 18:51:50    epoch  80  loss 1.4528  acc 0.4173  val_loss 1.3970  val_acc 0.4498
2026-04-08 18:51:54    epoch  81  loss 1.4472  acc 0.4223  val_loss 1.4058  val_acc 0.4319
2026-04-08 18:51:58    epoch  82  loss 1.4553  acc 0.4177  val_loss 1.4091  val_acc 0.4255
2026-04-08 18:52:02    epoch  83  loss 1.4538  acc 0.4209  val_loss 1.3948  val_acc 0.4411
2026-04-08 18:52:06    epoch  84  loss 1.4583  acc 0.4149  val_loss 1.3978  val_acc 0.4376
2026-04-08 18:52:06    Early stopping at epoch 84
2026-04-08 18:52:06    User2 accuracy: 0.4768
2026-04-08 18:52:06    ✓ New best model saved (User2 held out, acc=0.4768)
2026-04-08 18:52:07  ────────────────────────────────────────────────────────────
2026-04-08 18:52:07  LOSO fold — held-out: User3 (968 test windows, 17324 train windows)
2026-04-08 18:52:11    epoch   1  loss 1.8367  acc 0.2598  val_loss 1.6463  val_acc 0.3164
2026-04-08 18:52:15    epoch   2  loss 1.7188  acc 0.2925  val_loss 1.6113  val_acc 0.3112
2026-04-08 18:52:19    epoch   3  loss 1.6780  acc 0.3028  val_loss 1.6029  val_acc 0.3199
2026-04-08 18:52:23    epoch   4  loss 1.6671  acc 0.3102  val_loss 1.6079  val_acc 0.3020
2026-04-08 18:52:27    epoch   5  loss 1.6610  acc 0.3139  val_loss 1.5806  val_acc 0.3435
2026-04-08 18:52:31    epoch   6  loss 1.6497  acc 0.3159  val_loss 1.6251  val_acc 0.3147
2026-04-08 18:52:35    epoch   7  loss 1.6421  acc 0.3217  val_loss 1.5840  val_acc 0.3262
2026-04-08 18:52:39    epoch   8  loss 1.6405  acc 0.3222  val_loss 1.5694  val_acc 0.3458
2026-04-08 18:52:43    epoch   9  loss 1.6376  acc 0.3254  val_loss 1.5702  val_acc 0.3343
2026-04-08 18:52:47    epoch  10  loss 1.6400  acc 0.3307  val_loss 1.5614  val_acc 0.3360
2026-04-08 18:52:51    epoch  11  loss 1.6250  acc 0.3323  val_loss 1.5828  val_acc 0.3274
2026-04-08 18:52:55    epoch  12  loss 1.6275  acc 0.3295  val_loss 1.5663  val_acc 0.3199
2026-04-08 18:52:59    epoch  13  loss 1.6168  acc 0.3311  val_loss 1.5480  val_acc 0.3591
2026-04-08 18:53:03    epoch  14  loss 1.6125  acc 0.3350  val_loss 1.5712  val_acc 0.3337
2026-04-08 18:53:07    epoch  15  loss 1.6142  acc 0.3378  val_loss 1.5511  val_acc 0.3389
2026-04-08 18:53:11    epoch  16  loss 1.6141  acc 0.3357  val_loss 1.6190  val_acc 0.3193
2026-04-08 18:53:15    epoch  17  loss 1.6040  acc 0.3437  val_loss 1.5509  val_acc 0.3632
2026-04-08 18:53:19    epoch  18  loss 1.5955  acc 0.3457  val_loss 1.5345  val_acc 0.3533
2026-04-08 18:53:23    epoch  19  loss 1.5969  acc 0.3469  val_loss 1.5503  val_acc 0.3678
2026-04-08 18:53:27    epoch  20  loss 1.5995  acc 0.3441  val_loss 1.5471  val_acc 0.3597
2026-04-08 18:53:31    epoch  21  loss 1.5911  acc 0.3507  val_loss 1.5838  val_acc 0.3557
2026-04-08 18:53:35    epoch  22  loss 1.5877  acc 0.3501  val_loss 1.5353  val_acc 0.3557
2026-04-08 18:53:39    epoch  23  loss 1.5762  acc 0.3588  val_loss 1.5525  val_acc 0.3591
2026-04-08 18:53:43    epoch  24  loss 1.5705  acc 0.3627  val_loss 1.5273  val_acc 0.3707
2026-04-08 18:53:47    epoch  25  loss 1.5582  acc 0.3673  val_loss 1.5370  val_acc 0.3666
2026-04-08 18:53:51    epoch  26  loss 1.5588  acc 0.3660  val_loss 1.5094  val_acc 0.3770
2026-04-08 18:53:55    epoch  27  loss 1.5616  acc 0.3666  val_loss 1.5128  val_acc 0.3839
2026-04-08 18:53:59    epoch  28  loss 1.5535  acc 0.3645  val_loss 1.5070  val_acc 0.3943
2026-04-08 18:54:03    epoch  29  loss 1.5573  acc 0.3712  val_loss 1.5168  val_acc 0.3788
2026-04-08 18:54:07    epoch  30  loss 1.5520  acc 0.3751  val_loss 1.5458  val_acc 0.3730
2026-04-08 18:54:11    epoch  31  loss 1.5526  acc 0.3705  val_loss 1.5304  val_acc 0.3695
2026-04-08 18:54:15    epoch  32  loss 1.5485  acc 0.3762  val_loss 1.4960  val_acc 0.3863
2026-04-08 18:54:19    epoch  33  loss 1.5382  acc 0.3765  val_loss 1.4915  val_acc 0.3903
2026-04-08 18:54:23    epoch  34  loss 1.5381  acc 0.3821  val_loss 1.5069  val_acc 0.3828
2026-04-08 18:54:27    epoch  35  loss 1.5403  acc 0.3781  val_loss 1.4840  val_acc 0.3909
2026-04-08 18:54:31    epoch  36  loss 1.5297  acc 0.3828  val_loss 1.5006  val_acc 0.3932
2026-04-08 18:54:35    epoch  37  loss 1.5315  acc 0.3781  val_loss 1.4930  val_acc 0.3978
2026-04-08 18:54:39    epoch  38  loss 1.5258  acc 0.3892  val_loss 1.4826  val_acc 0.3920
2026-04-08 18:54:43    epoch  39  loss 1.5207  acc 0.3886  val_loss 1.4857  val_acc 0.4018
2026-04-08 18:54:47    epoch  40  loss 1.5206  acc 0.3864  val_loss 1.4744  val_acc 0.4117
2026-04-08 18:54:51    epoch  41  loss 1.5199  acc 0.3857  val_loss 1.4807  val_acc 0.3955
2026-04-08 18:54:55    epoch  42  loss 1.5142  acc 0.3884  val_loss 1.4891  val_acc 0.3863
2026-04-08 18:54:59    epoch  43  loss 1.5193  acc 0.3883  val_loss 1.4926  val_acc 0.3857
2026-04-08 18:55:03    epoch  44  loss 1.5115  acc 0.3899  val_loss 1.4657  val_acc 0.4024
2026-04-08 18:55:08    epoch  45  loss 1.5099  acc 0.3943  val_loss 1.4979  val_acc 0.3851
2026-04-08 18:55:12    epoch  46  loss 1.5080  acc 0.3898  val_loss 1.4790  val_acc 0.3978
2026-04-08 18:55:16    epoch  47  loss 1.5073  acc 0.3887  val_loss 1.4657  val_acc 0.4007
2026-04-08 18:55:20    epoch  48  loss 1.5105  acc 0.3884  val_loss 1.4534  val_acc 0.4059
2026-04-08 18:55:24    epoch  49  loss 1.5012  acc 0.3953  val_loss 1.4597  val_acc 0.3955
2026-04-08 18:55:28    epoch  50  loss 1.5061  acc 0.3969  val_loss 1.4773  val_acc 0.3984
2026-04-08 18:55:32    epoch  51  loss 1.5044  acc 0.3981  val_loss 1.4584  val_acc 0.4082
2026-04-08 18:55:37    epoch  52  loss 1.5040  acc 0.3974  val_loss 1.4715  val_acc 0.3926
2026-04-08 18:55:41    epoch  53  loss 1.4951  acc 0.3984  val_loss 1.4451  val_acc 0.4117
2026-04-08 18:55:45    epoch  54  loss 1.5049  acc 0.3961  val_loss 1.4419  val_acc 0.4140
2026-04-08 18:55:49    epoch  55  loss 1.5004  acc 0.3922  val_loss 1.4518  val_acc 0.4082
2026-04-08 18:55:53    epoch  56  loss 1.4926  acc 0.3975  val_loss 1.4946  val_acc 0.3943
2026-04-08 18:55:57    epoch  57  loss 1.4965  acc 0.3989  val_loss 1.4553  val_acc 0.4053
2026-04-08 18:56:02    epoch  58  loss 1.4928  acc 0.3991  val_loss 1.4740  val_acc 0.3955
2026-04-08 18:56:06    epoch  59  loss 1.4915  acc 0.3996  val_loss 1.4422  val_acc 0.4192
2026-04-08 18:56:10    epoch  60  loss 1.4751  acc 0.4090  val_loss 1.4462  val_acc 0.4117
2026-04-08 18:56:14    epoch  61  loss 1.4768  acc 0.4061  val_loss 1.4620  val_acc 0.4053
2026-04-08 18:56:18    epoch  62  loss 1.4760  acc 0.4143  val_loss 1.4283  val_acc 0.4244
2026-04-08 18:56:22    epoch  63  loss 1.4758  acc 0.4135  val_loss 1.4385  val_acc 0.4278
2026-04-08 18:56:26    epoch  64  loss 1.4736  acc 0.4096  val_loss 1.4693  val_acc 0.4059
2026-04-08 18:56:30    epoch  65  loss 1.4674  acc 0.4148  val_loss 1.4290  val_acc 0.4255
2026-04-08 18:56:34    epoch  66  loss 1.4629  acc 0.4133  val_loss 1.4674  val_acc 0.4024
2026-04-08 18:56:39    epoch  67  loss 1.4738  acc 0.4101  val_loss 1.4305  val_acc 0.4140
2026-04-08 18:56:43    epoch  68  loss 1.4626  acc 0.4143  val_loss 1.4143  val_acc 0.4238
2026-04-08 18:56:47    epoch  69  loss 1.4565  acc 0.4191  val_loss 1.4257  val_acc 0.4232
2026-04-08 18:56:51    epoch  70  loss 1.4552  acc 0.4177  val_loss 1.4171  val_acc 0.4255
2026-04-08 18:56:55    epoch  71  loss 1.4598  acc 0.4167  val_loss 1.4194  val_acc 0.4203
2026-04-08 18:56:59    epoch  72  loss 1.4537  acc 0.4196  val_loss 1.4122  val_acc 0.4261
2026-04-08 18:57:03    epoch  73  loss 1.4567  acc 0.4138  val_loss 1.4169  val_acc 0.4215
2026-04-08 18:57:07    epoch  74  loss 1.4522  acc 0.4182  val_loss 1.4121  val_acc 0.4290
2026-04-08 18:57:11    epoch  75  loss 1.4528  acc 0.4146  val_loss 1.4189  val_acc 0.4134
2026-04-08 18:57:15    epoch  76  loss 1.4553  acc 0.4178  val_loss 1.4116  val_acc 0.4307
2026-04-08 18:57:19    epoch  77  loss 1.4484  acc 0.4224  val_loss 1.4037  val_acc 0.4307
2026-04-08 18:57:23    epoch  78  loss 1.4532  acc 0.4235  val_loss 1.4126  val_acc 0.4267
2026-04-08 18:57:27    epoch  79  loss 1.4448  acc 0.4241  val_loss 1.4139  val_acc 0.4238
2026-04-08 18:57:31    epoch  80  loss 1.4526  acc 0.4220  val_loss 1.4143  val_acc 0.4324
2026-04-08 18:57:35    epoch  81  loss 1.4517  acc 0.4243  val_loss 1.4198  val_acc 0.4244
2026-04-08 18:57:39    epoch  82  loss 1.4464  acc 0.4211  val_loss 1.4250  val_acc 0.4226
2026-04-08 18:57:43    epoch  83  loss 1.4507  acc 0.4207  val_loss 1.4024  val_acc 0.4336
2026-04-08 18:57:47    epoch  84  loss 1.4449  acc 0.4228  val_loss 1.4032  val_acc 0.4284
2026-04-08 18:57:51    epoch  85  loss 1.4463  acc 0.4201  val_loss 1.4033  val_acc 0.4336
2026-04-08 18:57:55    epoch  86  loss 1.4423  acc 0.4236  val_loss 1.4061  val_acc 0.4319
2026-04-08 18:57:59    epoch  87  loss 1.4466  acc 0.4167  val_loss 1.4051  val_acc 0.4348
2026-04-08 18:58:03    epoch  88  loss 1.4422  acc 0.4250  val_loss 1.4038  val_acc 0.4290
2026-04-08 18:58:07    epoch  89  loss 1.4421  acc 0.4243  val_loss 1.4012  val_acc 0.4348
2026-04-08 18:58:11    epoch  90  loss 1.4371  acc 0.4265  val_loss 1.4096  val_acc 0.4273
2026-04-08 18:58:15    epoch  91  loss 1.4417  acc 0.4232  val_loss 1.4028  val_acc 0.4307
2026-04-08 18:58:19    epoch  92  loss 1.4396  acc 0.4244  val_loss 1.4013  val_acc 0.4348
2026-04-08 18:58:23    epoch  93  loss 1.4421  acc 0.4235  val_loss 1.4280  val_acc 0.4134
2026-04-08 18:58:27    epoch  94  loss 1.4387  acc 0.4251  val_loss 1.4037  val_acc 0.4353
2026-04-08 18:58:31    epoch  95  loss 1.4327  acc 0.4232  val_loss 1.3987  val_acc 0.4353
2026-04-08 18:58:35    epoch  96  loss 1.4379  acc 0.4250  val_loss 1.4027  val_acc 0.4336
2026-04-08 18:58:39    epoch  97  loss 1.4387  acc 0.4289  val_loss 1.4058  val_acc 0.4324
2026-04-08 18:58:43    epoch  98  loss 1.4398  acc 0.4252  val_loss 1.4013  val_acc 0.4371
2026-04-08 18:58:47    epoch  99  loss 1.4385  acc 0.4239  val_loss 1.3981  val_acc 0.4342
2026-04-08 18:58:51    epoch 100  loss 1.4394  acc 0.4262  val_loss 1.3983  val_acc 0.4359
2026-04-08 18:58:51    User3 accuracy: 0.4421
2026-04-08 18:58:52  ────────────────────────────────────────────────────────────
2026-04-08 18:58:52  LOSO fold — held-out: User4 (1024 test windows, 17268 train windows)
2026-04-08 18:58:56    epoch   1  loss 1.8471  acc 0.2577  val_loss 1.6463  val_acc 0.3407
2026-04-08 18:59:00    epoch   2  loss 1.7156  acc 0.2955  val_loss 1.5997  val_acc 0.3343
2026-04-08 18:59:04    epoch   3  loss 1.6926  acc 0.3029  val_loss 1.5895  val_acc 0.3534
2026-04-08 18:59:08    epoch   4  loss 1.6783  acc 0.3088  val_loss 1.5788  val_acc 0.3621
2026-04-08 18:59:12    epoch   5  loss 1.6697  acc 0.3110  val_loss 1.5912  val_acc 0.3673
2026-04-08 18:59:16    epoch   6  loss 1.6604  acc 0.3213  val_loss 1.5756  val_acc 0.3696
2026-04-08 18:59:20    epoch   7  loss 1.6605  acc 0.3186  val_loss 1.5569  val_acc 0.3789
2026-04-08 18:59:24    epoch   8  loss 1.6434  acc 0.3277  val_loss 1.5622  val_acc 0.3720
2026-04-08 18:59:28    epoch   9  loss 1.6433  acc 0.3280  val_loss 1.5624  val_acc 0.3673
2026-04-08 18:59:32    epoch  10  loss 1.6323  acc 0.3319  val_loss 1.5902  val_acc 0.3494
2026-04-08 18:59:36    epoch  11  loss 1.6321  acc 0.3347  val_loss 1.5464  val_acc 0.3667
2026-04-08 18:59:40    epoch  12  loss 1.6273  acc 0.3337  val_loss 1.5639  val_acc 0.3691
2026-04-08 18:59:44    epoch  13  loss 1.6241  acc 0.3395  val_loss 1.5436  val_acc 0.3720
2026-04-08 18:59:48    epoch  14  loss 1.6235  acc 0.3387  val_loss 1.5401  val_acc 0.3691
2026-04-08 18:59:52    epoch  15  loss 1.6179  acc 0.3423  val_loss 1.5331  val_acc 0.3702
2026-04-08 18:59:56    epoch  16  loss 1.6084  acc 0.3494  val_loss 1.5292  val_acc 0.3766
2026-04-08 19:00:00    epoch  17  loss 1.6060  acc 0.3453  val_loss 1.5395  val_acc 0.3818
2026-04-08 19:00:04    epoch  18  loss 1.6063  acc 0.3459  val_loss 1.5262  val_acc 0.3859
2026-04-08 19:00:08    epoch  19  loss 1.6014  acc 0.3454  val_loss 1.5240  val_acc 0.3789
2026-04-08 19:00:12    epoch  20  loss 1.5912  acc 0.3534  val_loss 1.5518  val_acc 0.3743
2026-04-08 19:00:16    epoch  21  loss 1.5950  acc 0.3536  val_loss 1.5304  val_acc 0.3754
2026-04-08 19:00:20    epoch  22  loss 1.5981  acc 0.3510  val_loss 1.5202  val_acc 0.3864
2026-04-08 19:00:23    epoch  23  loss 1.5903  acc 0.3500  val_loss 1.6308  val_acc 0.3476
2026-04-08 19:00:27    epoch  24  loss 1.5909  acc 0.3501  val_loss 1.5363  val_acc 0.3760
2026-04-08 19:00:31    epoch  25  loss 1.5883  acc 0.3604  val_loss 1.5167  val_acc 0.3743
2026-04-08 19:00:35    epoch  26  loss 1.5943  acc 0.3582  val_loss 1.5167  val_acc 0.3743
2026-04-08 19:00:39    epoch  27  loss 1.5832  acc 0.3594  val_loss 1.5220  val_acc 0.3812
2026-04-08 19:00:43    epoch  28  loss 1.5869  acc 0.3542  val_loss 1.5166  val_acc 0.3882
2026-04-08 19:00:47    epoch  29  loss 1.5744  acc 0.3600  val_loss 1.5013  val_acc 0.3928
2026-04-08 19:00:51    epoch  30  loss 1.5823  acc 0.3610  val_loss 1.5263  val_acc 0.3679
2026-04-08 19:00:55    epoch  31  loss 1.5765  acc 0.3642  val_loss 1.4989  val_acc 0.3835
2026-04-08 19:00:59    epoch  32  loss 1.5713  acc 0.3636  val_loss 1.5053  val_acc 0.3917
2026-04-08 19:01:03    epoch  33  loss 1.5716  acc 0.3651  val_loss 1.5642  val_acc 0.3720
2026-04-08 19:01:07    epoch  34  loss 1.5651  acc 0.3720  val_loss 1.5095  val_acc 0.3899
2026-04-08 19:01:11    epoch  35  loss 1.5670  acc 0.3684  val_loss 1.5023  val_acc 0.3835
2026-04-08 19:01:15    epoch  36  loss 1.5679  acc 0.3670  val_loss 1.4884  val_acc 0.3876
2026-04-08 19:01:19    epoch  37  loss 1.5645  acc 0.3745  val_loss 1.5039  val_acc 0.3853
2026-04-08 19:01:23    epoch  38  loss 1.5617  acc 0.3714  val_loss 1.5100  val_acc 0.3946
2026-04-08 19:01:27    epoch  39  loss 1.5608  acc 0.3693  val_loss 1.5134  val_acc 0.3812
2026-04-08 19:01:31    epoch  40  loss 1.5545  acc 0.3726  val_loss 1.4758  val_acc 0.3969
2026-04-08 19:01:35    epoch  41  loss 1.5435  acc 0.3778  val_loss 1.4686  val_acc 0.4114
2026-04-08 19:01:39    epoch  42  loss 1.5434  acc 0.3796  val_loss 1.4618  val_acc 0.4114
2026-04-08 19:01:43    epoch  43  loss 1.5392  acc 0.3829  val_loss 1.4548  val_acc 0.4137
2026-04-08 19:01:47    epoch  44  loss 1.5389  acc 0.3813  val_loss 1.4624  val_acc 0.4125
2026-04-08 19:01:51    epoch  45  loss 1.5302  acc 0.3871  val_loss 1.4486  val_acc 0.4038
2026-04-08 19:01:55    epoch  46  loss 1.5315  acc 0.3891  val_loss 1.4459  val_acc 0.4171
2026-04-08 19:01:58    epoch  47  loss 1.5236  acc 0.3925  val_loss 1.4392  val_acc 0.4119
2026-04-08 19:02:02    epoch  48  loss 1.5227  acc 0.3921  val_loss 1.6315  val_acc 0.3940
2026-04-08 19:02:06    epoch  49  loss 1.5183  acc 0.3920  val_loss 1.4396  val_acc 0.4235
2026-04-08 19:02:10    epoch  50  loss 1.5213  acc 0.3929  val_loss 1.5278  val_acc 0.3714
2026-04-08 19:02:15    epoch  51  loss 1.5204  acc 0.3955  val_loss 1.4374  val_acc 0.4311
2026-04-08 19:02:19    epoch  52  loss 1.5192  acc 0.3924  val_loss 1.4927  val_acc 0.4079
2026-04-08 19:02:23    epoch  53  loss 1.5055  acc 0.4034  val_loss 1.4326  val_acc 0.4229
2026-04-08 19:02:27    epoch  54  loss 1.5107  acc 0.3981  val_loss 1.4379  val_acc 0.4363
2026-04-08 19:02:31    epoch  55  loss 1.5064  acc 0.4037  val_loss 1.4215  val_acc 0.4409
2026-04-08 19:02:35    epoch  56  loss 1.5084  acc 0.3991  val_loss 1.4480  val_acc 0.4177
2026-04-08 19:02:39    epoch  57  loss 1.5055  acc 0.4010  val_loss 1.4415  val_acc 0.4311
2026-04-08 19:02:43    epoch  58  loss 1.5050  acc 0.4010  val_loss 1.4303  val_acc 0.4224
2026-04-08 19:02:47    epoch  59  loss 1.4992  acc 0.4039  val_loss 1.4245  val_acc 0.4386
2026-04-08 19:02:51    epoch  60  loss 1.5088  acc 0.4037  val_loss 1.4554  val_acc 0.4282
2026-04-08 19:02:55    epoch  61  loss 1.4828  acc 0.4113  val_loss 1.4497  val_acc 0.4200
2026-04-08 19:02:59    epoch  62  loss 1.4721  acc 0.4158  val_loss 1.4127  val_acc 0.4386
2026-04-08 19:03:03    epoch  63  loss 1.4818  acc 0.4149  val_loss 1.4209  val_acc 0.4293
2026-04-08 19:03:07    epoch  64  loss 1.4648  acc 0.4182  val_loss 1.4043  val_acc 0.4496
2026-04-08 19:03:11    epoch  65  loss 1.4694  acc 0.4200  val_loss 1.3910  val_acc 0.4467
2026-04-08 19:03:15    epoch  66  loss 1.4754  acc 0.4101  val_loss 1.4179  val_acc 0.4293
2026-04-08 19:03:19    epoch  67  loss 1.4707  acc 0.4135  val_loss 1.4137  val_acc 0.4351
2026-04-08 19:03:23    epoch  68  loss 1.4701  acc 0.4176  val_loss 1.3992  val_acc 0.4415
2026-04-08 19:03:27    epoch  69  loss 1.4690  acc 0.4176  val_loss 1.4261  val_acc 0.4374
2026-04-08 19:03:31    epoch  70  loss 1.4701  acc 0.4167  val_loss 1.4005  val_acc 0.4426
2026-04-08 19:03:35    epoch  71  loss 1.4497  acc 0.4254  val_loss 1.3960  val_acc 0.4531
2026-04-08 19:03:39    epoch  72  loss 1.4483  acc 0.4294  val_loss 1.3831  val_acc 0.4513
2026-04-08 19:03:43    epoch  73  loss 1.4426  acc 0.4264  val_loss 1.3770  val_acc 0.4467
2026-04-08 19:03:47    epoch  74  loss 1.4439  acc 0.4277  val_loss 1.4081  val_acc 0.4438
2026-04-08 19:03:51    epoch  75  loss 1.4501  acc 0.4195  val_loss 1.3927  val_acc 0.4473
2026-04-08 19:03:55    epoch  76  loss 1.4432  acc 0.4268  val_loss 1.3824  val_acc 0.4531
2026-04-08 19:03:59    epoch  77  loss 1.4460  acc 0.4261  val_loss 1.3857  val_acc 0.4519
2026-04-08 19:04:03    epoch  78  loss 1.4477  acc 0.4248  val_loss 1.3808  val_acc 0.4531
2026-04-08 19:04:07    epoch  79  loss 1.4402  acc 0.4296  val_loss 1.3797  val_acc 0.4554
2026-04-08 19:04:11    epoch  80  loss 1.4375  acc 0.4349  val_loss 1.3862  val_acc 0.4548
2026-04-08 19:04:15    epoch  81  loss 1.4392  acc 0.4301  val_loss 1.3810  val_acc 0.4490
2026-04-08 19:04:15    Early stopping at epoch 81
2026-04-08 19:04:15    User4 accuracy: 0.3818
2026-04-08 19:04:16  ────────────────────────────────────────────────────────────
2026-04-08 19:04:16  LOSO fold — held-out: User5 (1008 test windows, 17284 train windows)
2026-04-08 19:04:20    epoch   1  loss 1.8520  acc 0.2594  val_loss 1.6065  val_acc 0.3148
2026-04-08 19:04:24    epoch   2  loss 1.7077  acc 0.2952  val_loss 1.5706  val_acc 0.3466
2026-04-08 19:04:28    epoch   3  loss 1.6835  acc 0.3051  val_loss 1.5790  val_acc 0.3362
2026-04-08 19:04:32    epoch   4  loss 1.6759  acc 0.3068  val_loss 1.5743  val_acc 0.3524
2026-04-08 19:04:36    epoch   5  loss 1.6699  acc 0.3169  val_loss 1.5358  val_acc 0.3646
2026-04-08 19:04:40    epoch   6  loss 1.6603  acc 0.3140  val_loss 1.5410  val_acc 0.3519
2026-04-08 19:04:44    epoch   7  loss 1.6531  acc 0.3183  val_loss 1.5292  val_acc 0.3808
2026-04-08 19:04:48    epoch   8  loss 1.6487  acc 0.3227  val_loss 1.5491  val_acc 0.3571
2026-04-08 19:04:52    epoch   9  loss 1.6422  acc 0.3239  val_loss 1.5208  val_acc 0.3657
2026-04-08 19:04:56    epoch  10  loss 1.6420  acc 0.3282  val_loss 1.5221  val_acc 0.3686
2026-04-08 19:05:00    epoch  11  loss 1.6345  acc 0.3337  val_loss 1.5337  val_acc 0.3501
2026-04-08 19:05:04    epoch  12  loss 1.6267  acc 0.3326  val_loss 1.5040  val_acc 0.3837
2026-04-08 19:05:08    epoch  13  loss 1.6241  acc 0.3367  val_loss 1.5112  val_acc 0.3738
2026-04-08 19:05:12    epoch  14  loss 1.6199  acc 0.3360  val_loss 1.4963  val_acc 0.3727
2026-04-08 19:05:16    epoch  15  loss 1.6135  acc 0.3435  val_loss 1.4934  val_acc 0.3999
2026-04-08 19:05:20    epoch  16  loss 1.6096  acc 0.3462  val_loss 1.5184  val_acc 0.3883
2026-04-08 19:05:24    epoch  17  loss 1.6146  acc 0.3446  val_loss 1.5168  val_acc 0.3843
2026-04-08 19:05:28    epoch  18  loss 1.6103  acc 0.3433  val_loss 1.4964  val_acc 0.3802
2026-04-08 19:05:32    epoch  19  loss 1.6053  acc 0.3444  val_loss 1.5262  val_acc 0.3686
2026-04-08 19:05:36    epoch  20  loss 1.6015  acc 0.3488  val_loss 1.4909  val_acc 0.3831
2026-04-08 19:05:40    epoch  21  loss 1.6035  acc 0.3486  val_loss 1.4853  val_acc 0.3918
2026-04-08 19:05:44    epoch  22  loss 1.5986  acc 0.3483  val_loss 1.4795  val_acc 0.3779
2026-04-08 19:05:48    epoch  23  loss 1.5867  acc 0.3521  val_loss 1.4830  val_acc 0.3889
2026-04-08 19:05:52    epoch  24  loss 1.5938  acc 0.3537  val_loss 1.4857  val_acc 0.3970
2026-04-08 19:05:56    epoch  25  loss 1.5862  acc 0.3538  val_loss 1.4731  val_acc 0.3964
2026-04-08 19:06:00    epoch  26  loss 1.5912  acc 0.3509  val_loss 1.4970  val_acc 0.3843
2026-04-08 19:06:04    epoch  27  loss 1.5867  acc 0.3547  val_loss 1.4811  val_acc 0.4097
2026-04-08 19:06:08    epoch  28  loss 1.5837  acc 0.3629  val_loss 1.4922  val_acc 0.3906
2026-04-08 19:06:11    epoch  29  loss 1.5744  acc 0.3592  val_loss 1.4611  val_acc 0.4010
2026-04-08 19:06:15    epoch  30  loss 1.5843  acc 0.3575  val_loss 1.4760  val_acc 0.4010
2026-04-08 19:06:19    epoch  31  loss 1.5742  acc 0.3592  val_loss 1.4675  val_acc 0.4126
2026-04-08 19:06:23    epoch  32  loss 1.5661  acc 0.3620  val_loss 1.4751  val_acc 0.3976
2026-04-08 19:06:27    epoch  33  loss 1.5678  acc 0.3627  val_loss 1.4622  val_acc 0.4091
2026-04-08 19:06:31    epoch  34  loss 1.5645  acc 0.3655  val_loss 1.4867  val_acc 0.4034
2026-04-08 19:06:35    epoch  35  loss 1.5492  acc 0.3719  val_loss 1.4654  val_acc 0.4178
2026-04-08 19:06:39    epoch  36  loss 1.5473  acc 0.3712  val_loss 1.4602  val_acc 0.4161
2026-04-08 19:06:43    epoch  37  loss 1.5437  acc 0.3776  val_loss 1.4404  val_acc 0.4230
2026-04-08 19:06:47    epoch  38  loss 1.5445  acc 0.3799  val_loss 1.4390  val_acc 0.4184
2026-04-08 19:06:51    epoch  39  loss 1.5338  acc 0.3842  val_loss 1.4330  val_acc 0.4196
2026-04-08 19:06:55    epoch  40  loss 1.5360  acc 0.3862  val_loss 1.4393  val_acc 0.4120
2026-04-08 19:06:59    epoch  41  loss 1.5230  acc 0.3880  val_loss 1.4424  val_acc 0.4103
2026-04-08 19:07:03    epoch  42  loss 1.5200  acc 0.3897  val_loss 1.4511  val_acc 0.4167
2026-04-08 19:07:07    epoch  43  loss 1.5234  acc 0.3904  val_loss 1.4446  val_acc 0.4242
2026-04-08 19:07:11    epoch  44  loss 1.5267  acc 0.3910  val_loss 1.4496  val_acc 0.4236
2026-04-08 19:07:15    epoch  45  loss 1.5098  acc 0.3936  val_loss 1.4508  val_acc 0.4068
2026-04-08 19:07:19    epoch  46  loss 1.5113  acc 0.3982  val_loss 1.4075  val_acc 0.4375
2026-04-08 19:07:23    epoch  47  loss 1.5049  acc 0.3986  val_loss 1.4272  val_acc 0.4363
2026-04-08 19:07:27    epoch  48  loss 1.5019  acc 0.3973  val_loss 1.4544  val_acc 0.4109
2026-04-08 19:07:31    epoch  49  loss 1.5016  acc 0.3957  val_loss 1.4153  val_acc 0.4363
2026-04-08 19:07:35    epoch  50  loss 1.5046  acc 0.4015  val_loss 1.4042  val_acc 0.4398
2026-04-08 19:07:39    epoch  51  loss 1.5036  acc 0.3971  val_loss 1.4025  val_acc 0.4456
2026-04-08 19:07:43    epoch  52  loss 1.4958  acc 0.4072  val_loss 1.4044  val_acc 0.4323
2026-04-08 19:07:47    epoch  53  loss 1.5018  acc 0.3998  val_loss 1.4000  val_acc 0.4439
2026-04-08 19:07:51    epoch  54  loss 1.4984  acc 0.3987  val_loss 1.4026  val_acc 0.4450
2026-04-08 19:07:55    epoch  55  loss 1.4989  acc 0.4011  val_loss 1.4049  val_acc 0.4340
2026-04-08 19:07:59    epoch  56  loss 1.4965  acc 0.4020  val_loss 1.4021  val_acc 0.4340
2026-04-08 19:08:03    epoch  57  loss 1.4958  acc 0.3973  val_loss 1.3944  val_acc 0.4404
2026-04-08 19:08:07    epoch  58  loss 1.4908  acc 0.4033  val_loss 1.4579  val_acc 0.4196
2026-04-08 19:08:11    epoch  59  loss 1.4821  acc 0.4087  val_loss 1.4031  val_acc 0.4340
2026-04-08 19:08:15    epoch  60  loss 1.4888  acc 0.4085  val_loss 1.3889  val_acc 0.4358
2026-04-08 19:08:19    epoch  61  loss 1.4830  acc 0.4056  val_loss 1.3871  val_acc 0.4300
2026-04-08 19:08:23    epoch  62  loss 1.4941  acc 0.4025  val_loss 1.3973  val_acc 0.4363
2026-04-08 19:08:27    epoch  63  loss 1.4863  acc 0.4018  val_loss 1.3999  val_acc 0.4404
2026-04-08 19:08:31    epoch  64  loss 1.4899  acc 0.4083  val_loss 1.4352  val_acc 0.4253
2026-04-08 19:08:36    epoch  65  loss 1.4873  acc 0.4060  val_loss 1.3964  val_acc 0.4427
2026-04-08 19:08:40    epoch  66  loss 1.4873  acc 0.4070  val_loss 1.3954  val_acc 0.4381
2026-04-08 19:08:44    epoch  67  loss 1.4756  acc 0.4107  val_loss 1.3814  val_acc 0.4433
2026-04-08 19:08:48    epoch  68  loss 1.4797  acc 0.4081  val_loss 1.3811  val_acc 0.4387
2026-04-08 19:08:52    epoch  69  loss 1.4661  acc 0.4106  val_loss 1.3821  val_acc 0.4421
2026-04-08 19:08:56    epoch  70  loss 1.4715  acc 0.4151  val_loss 1.3973  val_acc 0.4433
2026-04-08 19:09:00    epoch  71  loss 1.4714  acc 0.4078  val_loss 1.3806  val_acc 0.4485
2026-04-08 19:09:04    epoch  72  loss 1.4720  acc 0.4113  val_loss 1.3786  val_acc 0.4433
2026-04-08 19:09:08    epoch  73  loss 1.4711  acc 0.4144  val_loss 1.3844  val_acc 0.4404
2026-04-08 19:09:12    epoch  74  loss 1.4669  acc 0.4123  val_loss 1.3801  val_acc 0.4410
2026-04-08 19:09:16    epoch  75  loss 1.4697  acc 0.4166  val_loss 1.3777  val_acc 0.4410
2026-04-08 19:09:20    epoch  76  loss 1.4666  acc 0.4118  val_loss 1.3773  val_acc 0.4450
2026-04-08 19:09:24    epoch  77  loss 1.4664  acc 0.4146  val_loss 1.3799  val_acc 0.4421
2026-04-08 19:09:28    epoch  78  loss 1.4620  acc 0.4150  val_loss 1.3753  val_acc 0.4427
2026-04-08 19:09:32    epoch  79  loss 1.4675  acc 0.4139  val_loss 1.3757  val_acc 0.4427
2026-04-08 19:09:36    epoch  80  loss 1.4793  acc 0.4105  val_loss 1.3727  val_acc 0.4462
2026-04-08 19:09:40    epoch  81  loss 1.4718  acc 0.4126  val_loss 1.3848  val_acc 0.4491
2026-04-08 19:09:44    epoch  82  loss 1.4681  acc 0.4139  val_loss 1.3743  val_acc 0.4479
2026-04-08 19:09:48    epoch  83  loss 1.4681  acc 0.4135  val_loss 1.3709  val_acc 0.4491
2026-04-08 19:09:52    epoch  84  loss 1.4614  acc 0.4186  val_loss 1.3706  val_acc 0.4358
2026-04-08 19:09:56    epoch  85  loss 1.4616  acc 0.4198  val_loss 1.3710  val_acc 0.4473
2026-04-08 19:10:00    epoch  86  loss 1.4630  acc 0.4233  val_loss 1.3760  val_acc 0.4439
2026-04-08 19:10:04    epoch  87  loss 1.4737  acc 0.4097  val_loss 1.3760  val_acc 0.4456
2026-04-08 19:10:08    epoch  88  loss 1.4616  acc 0.4188  val_loss 1.3774  val_acc 0.4427
2026-04-08 19:10:12    epoch  89  loss 1.4609  acc 0.4203  val_loss 1.3691  val_acc 0.4450
2026-04-08 19:10:16    epoch  90  loss 1.4601  acc 0.4164  val_loss 1.3672  val_acc 0.4381
2026-04-08 19:10:20    epoch  91  loss 1.4626  acc 0.4159  val_loss 1.3603  val_acc 0.4444
2026-04-08 19:10:24    epoch  92  loss 1.4587  acc 0.4173  val_loss 1.3644  val_acc 0.4439
2026-04-08 19:10:28    epoch  93  loss 1.4592  acc 0.4161  val_loss 1.3659  val_acc 0.4462
2026-04-08 19:10:32    epoch  94  loss 1.4611  acc 0.4191  val_loss 1.3647  val_acc 0.4514
2026-04-08 19:10:36    epoch  95  loss 1.4612  acc 0.4204  val_loss 1.3659  val_acc 0.4456
2026-04-08 19:10:40    epoch  96  loss 1.4604  acc 0.4160  val_loss 1.3706  val_acc 0.4363
2026-04-08 19:10:44    epoch  97  loss 1.4607  acc 0.4147  val_loss 1.3647  val_acc 0.4485
2026-04-08 19:10:48    epoch  98  loss 1.4504  acc 0.4219  val_loss 1.3614  val_acc 0.4450
2026-04-08 19:10:52    epoch  99  loss 1.4450  acc 0.4225  val_loss 1.3613  val_acc 0.4439
2026-04-08 19:10:52    Early stopping at epoch 99
2026-04-08 19:10:52    User5 accuracy: 0.4325
2026-04-08 19:10:53  ────────────────────────────────────────────────────────────
2026-04-08 19:10:53  LOSO fold — held-out: User6 (982 test windows, 17310 train windows)
2026-04-08 19:10:56    epoch   1  loss 1.8341  acc 0.2620  val_loss 1.7104  val_acc 0.2912
2026-04-08 19:11:00    epoch   2  loss 1.7034  acc 0.2878  val_loss 1.6232  val_acc 0.3299
2026-04-08 19:11:04    epoch   3  loss 1.6803  acc 0.3002  val_loss 1.6144  val_acc 0.3241
2026-04-08 19:11:08    epoch   4  loss 1.6642  acc 0.3179  val_loss 1.5964  val_acc 0.3530
2026-04-08 19:11:12    epoch   5  loss 1.6554  acc 0.3177  val_loss 1.5985  val_acc 0.3547
2026-04-08 19:11:16    epoch   6  loss 1.6444  acc 0.3193  val_loss 1.6244  val_acc 0.3437
2026-04-08 19:11:20    epoch   7  loss 1.6422  acc 0.3224  val_loss 1.5890  val_acc 0.3333
2026-04-08 19:11:23    epoch   8  loss 1.6334  acc 0.3250  val_loss 1.6243  val_acc 0.3229
2026-04-08 19:11:26    epoch   9  loss 1.6296  acc 0.3285  val_loss 1.5612  val_acc 0.3645
2026-04-08 19:11:29    epoch  10  loss 1.6333  acc 0.3283  val_loss 1.5763  val_acc 0.3628
2026-04-08 19:11:32    epoch  11  loss 1.6267  acc 0.3301  val_loss 1.5640  val_acc 0.3484
2026-04-08 19:11:36    epoch  12  loss 1.6164  acc 0.3364  val_loss 1.5453  val_acc 0.3680
2026-04-08 19:11:40    epoch  13  loss 1.6176  acc 0.3415  val_loss 1.5906  val_acc 0.3466
2026-04-08 19:11:44    epoch  14  loss 1.6137  acc 0.3367  val_loss 1.6107  val_acc 0.3582
2026-04-08 19:11:48    epoch  15  loss 1.6057  acc 0.3420  val_loss 1.5555  val_acc 0.3720
2026-04-08 19:11:52    epoch  16  loss 1.6016  acc 0.3446  val_loss 1.5421  val_acc 0.3703
2026-04-08 19:11:57    epoch  17  loss 1.5971  acc 0.3485  val_loss 1.5712  val_acc 0.3570
2026-04-08 19:12:01    epoch  18  loss 1.5873  acc 0.3532  val_loss 1.5534  val_acc 0.3674
2026-04-08 19:12:04    epoch  19  loss 1.5869  acc 0.3541  val_loss 1.5521  val_acc 0.3692
2026-04-08 19:12:07    epoch  20  loss 1.5899  acc 0.3472  val_loss 1.5358  val_acc 0.3668
2026-04-08 19:12:12    epoch  21  loss 1.5767  acc 0.3611  val_loss 1.5301  val_acc 0.3651
2026-04-08 19:12:17    epoch  22  loss 1.5710  acc 0.3595  val_loss 1.5204  val_acc 0.3553
2026-04-08 19:12:21    epoch  23  loss 1.5825  acc 0.3548  val_loss 1.5436  val_acc 0.3651
2026-04-08 19:12:25    epoch  24  loss 1.5699  acc 0.3597  val_loss 1.6251  val_acc 0.3293
2026-04-08 19:12:29    epoch  25  loss 1.5691  acc 0.3633  val_loss 1.5402  val_acc 0.3807
2026-04-08 19:12:33    epoch  26  loss 1.5682  acc 0.3654  val_loss 1.5249  val_acc 0.3842
2026-04-08 19:12:37    epoch  27  loss 1.5560  acc 0.3683  val_loss 1.5293  val_acc 0.3940
2026-04-08 19:12:41    epoch  28  loss 1.5460  acc 0.3749  val_loss 1.4998  val_acc 0.3882
2026-04-08 19:12:45    epoch  29  loss 1.5456  acc 0.3754  val_loss 1.4899  val_acc 0.4021
2026-04-08 19:12:49    epoch  30  loss 1.5297  acc 0.3803  val_loss 1.5029  val_acc 0.3911
2026-04-08 19:12:53    epoch  31  loss 1.5393  acc 0.3742  val_loss 1.5008  val_acc 0.4050
2026-04-08 19:12:57    epoch  32  loss 1.5272  acc 0.3837  val_loss 1.4892  val_acc 0.4032
2026-04-08 19:13:01    epoch  33  loss 1.5284  acc 0.3829  val_loss 1.4807  val_acc 0.3899
2026-04-08 19:13:05    epoch  34  loss 1.5219  acc 0.3882  val_loss 1.4781  val_acc 0.3940
2026-04-08 19:13:09    epoch  35  loss 1.5212  acc 0.3871  val_loss 1.4778  val_acc 0.4027
2026-04-08 19:13:13    epoch  36  loss 1.5171  acc 0.3882  val_loss 1.4996  val_acc 0.3871
2026-04-08 19:13:17    epoch  37  loss 1.5176  acc 0.3868  val_loss 1.4655  val_acc 0.4050
2026-04-08 19:13:21    epoch  38  loss 1.5103  acc 0.3878  val_loss 1.4730  val_acc 0.4003
2026-04-08 19:13:25    epoch  39  loss 1.5150  acc 0.3895  val_loss 1.4930  val_acc 0.3998
2026-04-08 19:13:29    epoch  40  loss 1.5182  acc 0.3883  val_loss 1.4759  val_acc 0.3963
2026-04-08 19:13:33    epoch  41  loss 1.5104  acc 0.3945  val_loss 1.4925  val_acc 0.4061
2026-04-08 19:13:37    epoch  42  loss 1.5113  acc 0.3890  val_loss 1.4874  val_acc 0.4159
2026-04-08 19:13:41    epoch  43  loss 1.4997  acc 0.3991  val_loss 1.4470  val_acc 0.4240
2026-04-08 19:13:45    epoch  44  loss 1.4963  acc 0.3974  val_loss 1.4661  val_acc 0.4096
2026-04-08 19:13:49    epoch  45  loss 1.4933  acc 0.4031  val_loss 1.4489  val_acc 0.4229
2026-04-08 19:13:53    epoch  46  loss 1.4955  acc 0.3969  val_loss 1.4546  val_acc 0.4263
2026-04-08 19:13:57    epoch  47  loss 1.4904  acc 0.4010  val_loss 1.4684  val_acc 0.4090
2026-04-08 19:14:01    epoch  48  loss 1.4917  acc 0.4007  val_loss 1.4672  val_acc 0.4154
2026-04-08 19:14:05    epoch  49  loss 1.4833  acc 0.4006  val_loss 1.4329  val_acc 0.4269
2026-04-08 19:14:09    epoch  50  loss 1.4866  acc 0.4055  val_loss 1.4434  val_acc 0.4252
2026-04-08 19:14:13    epoch  51  loss 1.4847  acc 0.4068  val_loss 1.4390  val_acc 0.4281
2026-04-08 19:14:17    epoch  52  loss 1.4749  acc 0.4082  val_loss 1.4334  val_acc 0.4263
2026-04-08 19:14:21    epoch  53  loss 1.4840  acc 0.4061  val_loss 1.4372  val_acc 0.4263
2026-04-08 19:14:25    epoch  54  loss 1.4853  acc 0.4032  val_loss 1.4415  val_acc 0.4298
2026-04-08 19:14:29    epoch  55  loss 1.4655  acc 0.4126  val_loss 1.4349  val_acc 0.4287
2026-04-08 19:14:33    epoch  56  loss 1.4728  acc 0.4070  val_loss 1.4259  val_acc 0.4396
2026-04-08 19:14:37    epoch  57  loss 1.4676  acc 0.4130  val_loss 1.4300  val_acc 0.4281
2026-04-08 19:14:41    epoch  58  loss 1.4745  acc 0.4128  val_loss 1.4361  val_acc 0.4269
2026-04-08 19:14:45    epoch  59  loss 1.4755  acc 0.4116  val_loss 1.4291  val_acc 0.4333
2026-04-08 19:14:49    epoch  60  loss 1.4704  acc 0.4101  val_loss 1.4381  val_acc 0.4252
2026-04-08 19:14:53    epoch  61  loss 1.4743  acc 0.4044  val_loss 1.4407  val_acc 0.4183
2026-04-08 19:14:57    epoch  62  loss 1.4755  acc 0.4090  val_loss 1.4250  val_acc 0.4367
2026-04-08 19:15:01    epoch  63  loss 1.4661  acc 0.4126  val_loss 1.4290  val_acc 0.4379
2026-04-08 19:15:05    epoch  64  loss 1.4684  acc 0.4105  val_loss 1.4296  val_acc 0.4321
2026-04-08 19:15:09    epoch  65  loss 1.4749  acc 0.4081  val_loss 1.4313  val_acc 0.4304
2026-04-08 19:15:13    epoch  66  loss 1.4750  acc 0.4073  val_loss 1.4278  val_acc 0.4292
2026-04-08 19:15:17    epoch  67  loss 1.4687  acc 0.4122  val_loss 1.4253  val_acc 0.4315
2026-04-08 19:15:21    epoch  68  loss 1.4729  acc 0.4121  val_loss 1.4428  val_acc 0.4246
2026-04-08 19:15:25    epoch  69  loss 1.4737  acc 0.4112  val_loss 1.4405  val_acc 0.4223
2026-04-08 19:15:29    epoch  70  loss 1.4772  acc 0.4098  val_loss 1.4348  val_acc 0.4275
2026-04-08 19:15:29    Early stopping at epoch 70
2026-04-08 19:15:29    User6 accuracy: 0.3646
2026-04-08 19:15:30  ────────────────────────────────────────────────────────────
2026-04-08 19:15:30  LOSO fold — held-out: User7 (2121 test windows, 16171 train windows)
2026-04-08 19:15:33    epoch   1  loss 1.8505  acc 0.2537  val_loss 1.7037  val_acc 0.2845
2026-04-08 19:15:37    epoch   2  loss 1.7087  acc 0.2970  val_loss 1.6427  val_acc 0.3049
2026-04-08 19:15:41    epoch   3  loss 1.6806  acc 0.3030  val_loss 1.6121  val_acc 0.3173
2026-04-08 19:15:45    epoch   4  loss 1.6643  acc 0.3114  val_loss 1.5925  val_acc 0.3346
2026-04-08 19:15:49    epoch   5  loss 1.6627  acc 0.3112  val_loss 1.5944  val_acc 0.3581
2026-04-08 19:15:52    epoch   6  loss 1.6571  acc 0.3133  val_loss 1.5905  val_acc 0.3414
2026-04-08 19:15:56    epoch   7  loss 1.6415  acc 0.3171  val_loss 1.5746  val_acc 0.3513
2026-04-08 19:16:00    epoch   8  loss 1.6441  acc 0.3216  val_loss 1.5736  val_acc 0.3457
2026-04-08 19:16:04    epoch   9  loss 1.6358  acc 0.3173  val_loss 1.6107  val_acc 0.3228
2026-04-08 19:16:07    epoch  10  loss 1.6438  acc 0.3231  val_loss 1.5709  val_acc 0.3711
2026-04-08 19:16:11    epoch  11  loss 1.6203  acc 0.3308  val_loss 1.5988  val_acc 0.3544
2026-04-08 19:16:15    epoch  12  loss 1.6219  acc 0.3328  val_loss 1.5601  val_acc 0.3457
2026-04-08 19:16:18    epoch  13  loss 1.6172  acc 0.3327  val_loss 1.5800  val_acc 0.3575
2026-04-08 19:16:22    epoch  14  loss 1.6137  acc 0.3352  val_loss 1.5417  val_acc 0.3704
2026-04-08 19:16:26    epoch  15  loss 1.6147  acc 0.3314  val_loss 1.5739  val_acc 0.3445
2026-04-08 19:16:30    epoch  16  loss 1.6062  acc 0.3389  val_loss 1.5513  val_acc 0.3704
2026-04-08 19:16:33    epoch  17  loss 1.5970  acc 0.3429  val_loss 1.5438  val_acc 0.3828
2026-04-08 19:16:37    epoch  18  loss 1.5921  acc 0.3413  val_loss 1.5345  val_acc 0.3599
2026-04-08 19:16:41    epoch  19  loss 1.5952  acc 0.3441  val_loss 1.5377  val_acc 0.3686
2026-04-08 19:16:44    epoch  20  loss 1.5966  acc 0.3464  val_loss 1.5183  val_acc 0.3816
2026-04-08 19:16:48    epoch  21  loss 1.5862  acc 0.3474  val_loss 1.5609  val_acc 0.3513
2026-04-08 19:16:52    epoch  22  loss 1.5847  acc 0.3496  val_loss 1.5268  val_acc 0.3643
2026-04-08 19:16:56    epoch  23  loss 1.5894  acc 0.3473  val_loss 1.5253  val_acc 0.3729
2026-04-08 19:16:59    epoch  24  loss 1.5819  acc 0.3589  val_loss 1.6093  val_acc 0.3562
2026-04-08 19:17:03    epoch  25  loss 1.5721  acc 0.3566  val_loss 1.5295  val_acc 0.3704
2026-04-08 19:17:07    epoch  26  loss 1.5594  acc 0.3633  val_loss 1.5004  val_acc 0.3946
2026-04-08 19:17:11    epoch  27  loss 1.5566  acc 0.3641  val_loss 1.5138  val_acc 0.3915
2026-04-08 19:17:14    epoch  28  loss 1.5513  acc 0.3681  val_loss 1.5006  val_acc 0.3810
2026-04-08 19:17:18    epoch  29  loss 1.5425  acc 0.3701  val_loss 1.4846  val_acc 0.4057
2026-04-08 19:17:22    epoch  30  loss 1.5520  acc 0.3659  val_loss 1.4984  val_acc 0.4020
2026-04-08 19:17:25    epoch  31  loss 1.5448  acc 0.3684  val_loss 1.5487  val_acc 0.3680
2026-04-08 19:17:29    epoch  32  loss 1.5457  acc 0.3664  val_loss 1.4826  val_acc 0.4014
2026-04-08 19:17:33    epoch  33  loss 1.5426  acc 0.3762  val_loss 1.4713  val_acc 0.4032
2026-04-08 19:17:36    epoch  34  loss 1.5479  acc 0.3771  val_loss 1.4763  val_acc 0.3983
2026-04-08 19:17:40    epoch  35  loss 1.5309  acc 0.3744  val_loss 1.4826  val_acc 0.4020
2026-04-08 19:17:44    epoch  36  loss 1.5326  acc 0.3752  val_loss 1.4959  val_acc 0.4082
2026-04-08 19:17:47    epoch  37  loss 1.5283  acc 0.3801  val_loss 1.4640  val_acc 0.4143
2026-04-08 19:17:51    epoch  38  loss 1.5211  acc 0.3826  val_loss 1.4529  val_acc 0.4168
2026-04-08 19:17:55    epoch  39  loss 1.5302  acc 0.3835  val_loss 1.4556  val_acc 0.4310
2026-04-08 19:17:59    epoch  40  loss 1.5198  acc 0.3872  val_loss 1.4527  val_acc 0.4162
2026-04-08 19:18:03    epoch  41  loss 1.5224  acc 0.3888  val_loss 1.5116  val_acc 0.3729
2026-04-08 19:18:06    epoch  42  loss 1.5154  acc 0.3874  val_loss 1.4758  val_acc 0.4038
2026-04-08 19:18:10    epoch  43  loss 1.5225  acc 0.3861  val_loss 1.4457  val_acc 0.4280
2026-04-08 19:18:14    epoch  44  loss 1.5027  acc 0.3938  val_loss 1.4483  val_acc 0.4168
2026-04-08 19:18:17    epoch  45  loss 1.5139  acc 0.3904  val_loss 1.5098  val_acc 0.4082
2026-04-08 19:18:21    epoch  46  loss 1.5102  acc 0.3945  val_loss 1.4781  val_acc 0.3939
2026-04-08 19:18:25    epoch  47  loss 1.5030  acc 0.3931  val_loss 1.5124  val_acc 0.3952
2026-04-08 19:18:29    epoch  48  loss 1.5021  acc 0.3902  val_loss 1.4613  val_acc 0.4100
2026-04-08 19:18:32    epoch  49  loss 1.4992  acc 0.3991  val_loss 1.4438  val_acc 0.4236
2026-04-08 19:18:36    epoch  50  loss 1.4884  acc 0.4021  val_loss 1.4247  val_acc 0.4372
2026-04-08 19:18:40    epoch  51  loss 1.4804  acc 0.4061  val_loss 1.4217  val_acc 0.4366
2026-04-08 19:18:44    epoch  52  loss 1.4887  acc 0.4033  val_loss 1.4258  val_acc 0.4242
2026-04-08 19:18:47    epoch  53  loss 1.4880  acc 0.4024  val_loss 1.4343  val_acc 0.4335
2026-04-08 19:18:51    epoch  54  loss 1.4813  acc 0.4055  val_loss 1.4223  val_acc 0.4323
2026-04-08 19:18:55    epoch  55  loss 1.4792  acc 0.4065  val_loss 1.4123  val_acc 0.4453
2026-04-08 19:18:59    epoch  56  loss 1.4767  acc 0.4098  val_loss 1.4220  val_acc 0.4366
2026-04-08 19:19:02    epoch  57  loss 1.4809  acc 0.4076  val_loss 1.4146  val_acc 0.4391
2026-04-08 19:19:06    epoch  58  loss 1.4723  acc 0.4116  val_loss 1.4090  val_acc 0.4409
2026-04-08 19:19:10    epoch  59  loss 1.4769  acc 0.4066  val_loss 1.4124  val_acc 0.4397
2026-04-08 19:19:14    epoch  60  loss 1.4788  acc 0.4057  val_loss 1.4311  val_acc 0.4230
2026-04-08 19:19:17    epoch  61  loss 1.4725  acc 0.4079  val_loss 1.4175  val_acc 0.4348
2026-04-08 19:19:21    epoch  62  loss 1.4705  acc 0.4125  val_loss 1.4222  val_acc 0.4341
2026-04-08 19:19:25    epoch  63  loss 1.4735  acc 0.4105  val_loss 1.4096  val_acc 0.4378
2026-04-08 19:19:29    epoch  64  loss 1.4623  acc 0.4101  val_loss 1.4189  val_acc 0.4317
2026-04-08 19:19:32    epoch  65  loss 1.4534  acc 0.4162  val_loss 1.4065  val_acc 0.4403
2026-04-08 19:19:36    epoch  66  loss 1.4580  acc 0.4171  val_loss 1.4098  val_acc 0.4354
2026-04-08 19:19:40    epoch  67  loss 1.4617  acc 0.4144  val_loss 1.4183  val_acc 0.4385
2026-04-08 19:19:43    epoch  68  loss 1.4676  acc 0.4100  val_loss 1.4056  val_acc 0.4440
2026-04-08 19:19:47    epoch  69  loss 1.4593  acc 0.4167  val_loss 1.4080  val_acc 0.4403
2026-04-08 19:19:51    epoch  70  loss 1.4524  acc 0.4143  val_loss 1.3980  val_acc 0.4409
2026-04-08 19:19:55    epoch  71  loss 1.4583  acc 0.4158  val_loss 1.4072  val_acc 0.4422
2026-04-08 19:19:59    epoch  72  loss 1.4632  acc 0.4125  val_loss 1.4006  val_acc 0.4459
2026-04-08 19:20:02    epoch  73  loss 1.4659  acc 0.4110  val_loss 1.4004  val_acc 0.4416
2026-04-08 19:20:06    epoch  74  loss 1.4630  acc 0.4156  val_loss 1.4010  val_acc 0.4416
2026-04-08 19:20:10    epoch  75  loss 1.4572  acc 0.4172  val_loss 1.3976  val_acc 0.4471
2026-04-08 19:20:14    epoch  76  loss 1.4572  acc 0.4187  val_loss 1.3968  val_acc 0.4428
2026-04-08 19:20:18    epoch  77  loss 1.4499  acc 0.4161  val_loss 1.3949  val_acc 0.4477
2026-04-08 19:20:21    epoch  78  loss 1.4551  acc 0.4200  val_loss 1.3975  val_acc 0.4539
2026-04-08 19:20:25    epoch  79  loss 1.4547  acc 0.4195  val_loss 1.3977  val_acc 0.4385
2026-04-08 19:20:29    epoch  80  loss 1.4523  acc 0.4169  val_loss 1.4028  val_acc 0.4403
2026-04-08 19:20:33    epoch  81  loss 1.4456  acc 0.4196  val_loss 1.4035  val_acc 0.4397
2026-04-08 19:20:36    epoch  82  loss 1.4564  acc 0.4169  val_loss 1.3992  val_acc 0.4385
2026-04-08 19:20:40    epoch  83  loss 1.4480  acc 0.4228  val_loss 1.3950  val_acc 0.4490
2026-04-08 19:20:44    epoch  84  loss 1.4487  acc 0.4230  val_loss 1.3926  val_acc 0.4484
2026-04-08 19:20:48    epoch  85  loss 1.4567  acc 0.4197  val_loss 1.4003  val_acc 0.4459
2026-04-08 19:20:51    epoch  86  loss 1.4439  acc 0.4236  val_loss 1.3981  val_acc 0.4453
2026-04-08 19:20:55    epoch  87  loss 1.4503  acc 0.4211  val_loss 1.3987  val_acc 0.4360
2026-04-08 19:20:59    epoch  88  loss 1.4417  acc 0.4258  val_loss 1.3929  val_acc 0.4490
2026-04-08 19:21:03    epoch  89  loss 1.4503  acc 0.4236  val_loss 1.3924  val_acc 0.4403
2026-04-08 19:21:06    epoch  90  loss 1.4458  acc 0.4201  val_loss 1.3908  val_acc 0.4515
2026-04-08 19:21:10    epoch  91  loss 1.4454  acc 0.4244  val_loss 1.3910  val_acc 0.4515
2026-04-08 19:21:14    epoch  92  loss 1.4409  acc 0.4248  val_loss 1.4072  val_acc 0.4465
2026-04-08 19:21:18    epoch  93  loss 1.4363  acc 0.4259  val_loss 1.3872  val_acc 0.4477
2026-04-08 19:21:21    epoch  94  loss 1.4428  acc 0.4202  val_loss 1.3929  val_acc 0.4521
2026-04-08 19:21:25    epoch  95  loss 1.4384  acc 0.4201  val_loss 1.3876  val_acc 0.4539
2026-04-08 19:21:29    epoch  96  loss 1.4471  acc 0.4202  val_loss 1.3897  val_acc 0.4477
2026-04-08 19:21:32    epoch  97  loss 1.4376  acc 0.4235  val_loss 1.3874  val_acc 0.4508
2026-04-08 19:21:36    epoch  98  loss 1.4401  acc 0.4292  val_loss 1.3886  val_acc 0.4533
2026-04-08 19:21:40    epoch  99  loss 1.4408  acc 0.4208  val_loss 1.3897  val_acc 0.4447
2026-04-08 19:21:44    epoch 100  loss 1.4435  acc 0.4255  val_loss 1.3871  val_acc 0.4496
2026-04-08 19:21:44    User7 accuracy: 0.3446
2026-04-08 19:21:45  ────────────────────────────────────────────────────────────
2026-04-08 19:21:45  LOSO fold — held-out: User8 (1910 test windows, 16382 train windows)
2026-04-08 19:21:48    epoch   1  loss 1.8553  acc 0.2484  val_loss 1.6420  val_acc 0.3309
2026-04-08 19:21:52    epoch   2  loss 1.7297  acc 0.2827  val_loss 1.5755  val_acc 0.3297
2026-04-08 19:21:56    epoch   3  loss 1.6926  acc 0.2976  val_loss 1.5686  val_acc 0.3455
2026-04-08 19:22:00    epoch   4  loss 1.6932  acc 0.3062  val_loss 1.5844  val_acc 0.3486
2026-04-08 19:22:03    epoch   5  loss 1.6798  acc 0.3051  val_loss 1.5752  val_acc 0.3553
2026-04-08 19:22:07    epoch   6  loss 1.6719  acc 0.3140  val_loss 1.5483  val_acc 0.3632
2026-04-08 19:22:11    epoch   7  loss 1.6700  acc 0.3148  val_loss 1.5397  val_acc 0.3559
2026-04-08 19:22:15    epoch   8  loss 1.6635  acc 0.3148  val_loss 1.5402  val_acc 0.3736
2026-04-08 19:22:18    epoch   9  loss 1.6567  acc 0.3175  val_loss 1.5576  val_acc 0.3455
2026-04-08 19:22:22    epoch  10  loss 1.6504  acc 0.3192  val_loss 1.5210  val_acc 0.3681
2026-04-08 19:22:26    epoch  11  loss 1.6469  acc 0.3226  val_loss 1.5477  val_acc 0.3669
2026-04-08 19:22:30    epoch  12  loss 1.6392  acc 0.3250  val_loss 1.5406  val_acc 0.3614
2026-04-08 19:22:33    epoch  13  loss 1.6360  acc 0.3289  val_loss 1.5030  val_acc 0.3694
2026-04-08 19:22:37    epoch  14  loss 1.6262  acc 0.3316  val_loss 1.5150  val_acc 0.3748
2026-04-08 19:22:41    epoch  15  loss 1.6331  acc 0.3298  val_loss 1.5143  val_acc 0.3871
2026-04-08 19:22:45    epoch  16  loss 1.6258  acc 0.3259  val_loss 1.5153  val_acc 0.3657
2026-04-08 19:22:48    epoch  17  loss 1.6204  acc 0.3380  val_loss 1.5029  val_acc 0.3742
2026-04-08 19:22:52    epoch  18  loss 1.6201  acc 0.3315  val_loss 1.4876  val_acc 0.3901
2026-04-08 19:22:56    epoch  19  loss 1.6185  acc 0.3390  val_loss 1.5115  val_acc 0.3694
2026-04-08 19:23:00    epoch  20  loss 1.6116  acc 0.3358  val_loss 1.4992  val_acc 0.3694
2026-04-08 19:23:03    epoch  21  loss 1.6089  acc 0.3401  val_loss 1.5034  val_acc 0.3767
2026-04-08 19:23:07    epoch  22  loss 1.5991  acc 0.3433  val_loss 1.4929  val_acc 0.3968
2026-04-08 19:23:11    epoch  23  loss 1.5971  acc 0.3384  val_loss 1.4898  val_acc 0.3871
2026-04-08 19:23:15    epoch  24  loss 1.5905  acc 0.3553  val_loss 1.4716  val_acc 0.4072
2026-04-08 19:23:18    epoch  25  loss 1.5820  acc 0.3499  val_loss 1.4724  val_acc 0.4023
2026-04-08 19:23:22    epoch  26  loss 1.5878  acc 0.3544  val_loss 1.4738  val_acc 0.3864
2026-04-08 19:23:26    epoch  27  loss 1.5812  acc 0.3535  val_loss 1.4747  val_acc 0.3895
2026-04-08 19:23:30    epoch  28  loss 1.5769  acc 0.3519  val_loss 1.4670  val_acc 0.3944
2026-04-08 19:23:33    epoch  29  loss 1.5708  acc 0.3572  val_loss 1.4801  val_acc 0.3938
2026-04-08 19:23:37    epoch  30  loss 1.5712  acc 0.3600  val_loss 1.4608  val_acc 0.3907
2026-04-08 19:23:41    epoch  31  loss 1.5724  acc 0.3606  val_loss 1.4611  val_acc 0.3993
2026-04-08 19:23:45    epoch  32  loss 1.5737  acc 0.3610  val_loss 1.4544  val_acc 0.4170
2026-04-08 19:23:48    epoch  33  loss 1.5675  acc 0.3643  val_loss 1.4576  val_acc 0.4188
2026-04-08 19:23:52    epoch  34  loss 1.5610  acc 0.3644  val_loss 1.4979  val_acc 0.4103
2026-04-08 19:23:56    epoch  35  loss 1.5653  acc 0.3593  val_loss 1.4556  val_acc 0.4054
2026-04-08 19:24:00    epoch  36  loss 1.5601  acc 0.3650  val_loss 1.4581  val_acc 0.4078
2026-04-08 19:24:03    epoch  37  loss 1.5609  acc 0.3690  val_loss 1.4548  val_acc 0.4066
2026-04-08 19:24:07    epoch  38  loss 1.5439  acc 0.3767  val_loss 1.4297  val_acc 0.4182
2026-04-08 19:24:11    epoch  39  loss 1.5301  acc 0.3807  val_loss 1.4152  val_acc 0.4353
2026-04-08 19:24:15    epoch  40  loss 1.5413  acc 0.3787  val_loss 1.4252  val_acc 0.4219
2026-04-08 19:24:18    epoch  41  loss 1.5360  acc 0.3762  val_loss 1.4185  val_acc 0.4286
2026-04-08 19:24:22    epoch  42  loss 1.5274  acc 0.3834  val_loss 1.4171  val_acc 0.4292
2026-04-08 19:24:26    epoch  43  loss 1.5337  acc 0.3872  val_loss 1.4148  val_acc 0.4292
2026-04-08 19:24:30    epoch  44  loss 1.5280  acc 0.3835  val_loss 1.4160  val_acc 0.4261
2026-04-08 19:24:33    epoch  45  loss 1.5240  acc 0.3862  val_loss 1.4049  val_acc 0.4347
2026-04-08 19:24:37    epoch  46  loss 1.5283  acc 0.3846  val_loss 1.4035  val_acc 0.4438
2026-04-08 19:24:41    epoch  47  loss 1.5209  acc 0.3903  val_loss 1.4049  val_acc 0.4469
2026-04-08 19:24:45    epoch  48  loss 1.5233  acc 0.3926  val_loss 1.3987  val_acc 0.4451
2026-04-08 19:24:48    epoch  49  loss 1.5195  acc 0.3874  val_loss 1.4180  val_acc 0.4316
2026-04-08 19:24:52    epoch  50  loss 1.5106  acc 0.3939  val_loss 1.3900  val_acc 0.4389
2026-04-08 19:24:56    epoch  51  loss 1.5236  acc 0.3893  val_loss 1.4049  val_acc 0.4298
2026-04-08 19:25:00    epoch  52  loss 1.5099  acc 0.3905  val_loss 1.4017  val_acc 0.4322
2026-04-08 19:25:04    epoch  53  loss 1.5141  acc 0.3920  val_loss 1.3879  val_acc 0.4567
2026-04-08 19:25:07    epoch  54  loss 1.5129  acc 0.3923  val_loss 1.3818  val_acc 0.4420
2026-04-08 19:25:11    epoch  55  loss 1.4990  acc 0.3963  val_loss 1.3802  val_acc 0.4432
2026-04-08 19:25:15    epoch  56  loss 1.5056  acc 0.3917  val_loss 1.3820  val_acc 0.4542
2026-04-08 19:25:19    epoch  57  loss 1.5066  acc 0.3996  val_loss 1.3943  val_acc 0.4396
2026-04-08 19:25:22    epoch  58  loss 1.5069  acc 0.3892  val_loss 1.3827  val_acc 0.4286
2026-04-08 19:25:26    epoch  59  loss 1.4950  acc 0.3990  val_loss 1.3807  val_acc 0.4341
2026-04-08 19:25:30    epoch  60  loss 1.4961  acc 0.3925  val_loss 1.3716  val_acc 0.4475
2026-04-08 19:25:34    epoch  61  loss 1.4960  acc 0.3989  val_loss 1.3856  val_acc 0.4481
2026-04-08 19:25:38    epoch  62  loss 1.4952  acc 0.3994  val_loss 1.3717  val_acc 0.4493
2026-04-08 19:25:41    epoch  63  loss 1.4943  acc 0.4011  val_loss 1.3932  val_acc 0.4353
2026-04-08 19:25:45    epoch  64  loss 1.5032  acc 0.3968  val_loss 1.3767  val_acc 0.4383
2026-04-08 19:25:49    epoch  65  loss 1.4911  acc 0.4000  val_loss 1.3679  val_acc 0.4530
2026-04-08 19:25:53    epoch  66  loss 1.4937  acc 0.3950  val_loss 1.3655  val_acc 0.4414
2026-04-08 19:25:57    epoch  67  loss 1.4966  acc 0.3979  val_loss 1.3827  val_acc 0.4365
2026-04-08 19:26:00    epoch  68  loss 1.4956  acc 0.3987  val_loss 1.4073  val_acc 0.4383
2026-04-08 19:26:04    epoch  69  loss 1.4899  acc 0.4014  val_loss 1.3885  val_acc 0.4524
2026-04-08 19:26:08    epoch  70  loss 1.4937  acc 0.3979  val_loss 1.3678  val_acc 0.4536
2026-04-08 19:26:12    epoch  71  loss 1.4913  acc 0.4029  val_loss 1.3687  val_acc 0.4438
2026-04-08 19:26:16    epoch  72  loss 1.4848  acc 0.4039  val_loss 1.3733  val_acc 0.4396
2026-04-08 19:26:19    epoch  73  loss 1.4790  acc 0.4027  val_loss 1.3620  val_acc 0.4457
2026-04-08 19:26:23    epoch  74  loss 1.4805  acc 0.4050  val_loss 1.3688  val_acc 0.4451
2026-04-08 19:26:27    epoch  75  loss 1.4805  acc 0.4059  val_loss 1.3653  val_acc 0.4389
2026-04-08 19:26:31    epoch  76  loss 1.4778  acc 0.4072  val_loss 1.3511  val_acc 0.4542
2026-04-08 19:26:35    epoch  77  loss 1.4776  acc 0.4076  val_loss 1.3562  val_acc 0.4609
2026-04-08 19:26:38    epoch  78  loss 1.4721  acc 0.4116  val_loss 1.3599  val_acc 0.4554
2026-04-08 19:26:42    epoch  79  loss 1.4759  acc 0.4091  val_loss 1.3519  val_acc 0.4499
2026-04-08 19:26:46    epoch  80  loss 1.4743  acc 0.4076  val_loss 1.3564  val_acc 0.4567
2026-04-08 19:26:50    epoch  81  loss 1.4682  acc 0.4129  val_loss 1.3601  val_acc 0.4402
2026-04-08 19:26:54    epoch  82  loss 1.4722  acc 0.4089  val_loss 1.3557  val_acc 0.4518
2026-04-08 19:26:58    epoch  83  loss 1.4691  acc 0.4116  val_loss 1.3589  val_acc 0.4548
2026-04-08 19:27:01    epoch  84  loss 1.4658  acc 0.4129  val_loss 1.3681  val_acc 0.4530
2026-04-08 19:27:01    Early stopping at epoch 84
2026-04-08 19:27:01    User8 accuracy: 0.4204
2026-04-08 19:27:02  ────────────────────────────────────────────────────────────
2026-04-08 19:27:02  LOSO fold — held-out: User9 (2112 test windows, 16180 train windows)
2026-04-08 19:27:06    epoch   1  loss 1.8662  acc 0.2531  val_loss 1.7028  val_acc 0.2942
2026-04-08 19:27:10    epoch   2  loss 1.7254  acc 0.2889  val_loss 1.6124  val_acc 0.3393
2026-04-08 19:27:14    epoch   3  loss 1.6910  acc 0.3046  val_loss 1.5885  val_acc 0.3461
2026-04-08 19:27:17    epoch   4  loss 1.6733  acc 0.3186  val_loss 1.5770  val_acc 0.3412
2026-04-08 19:27:21    epoch   5  loss 1.6707  acc 0.3120  val_loss 1.5805  val_acc 0.3443
2026-04-08 19:27:25    epoch   6  loss 1.6532  acc 0.3255  val_loss 1.5946  val_acc 0.3288
2026-04-08 19:27:28    epoch   7  loss 1.6440  acc 0.3276  val_loss 1.5785  val_acc 0.3455
2026-04-08 19:27:32    epoch   8  loss 1.6455  acc 0.3229  val_loss 1.5543  val_acc 0.3535
2026-04-08 19:27:36    epoch   9  loss 1.6437  acc 0.3318  val_loss 1.5608  val_acc 0.3727
2026-04-08 19:27:40    epoch  10  loss 1.6383  acc 0.3286  val_loss 1.5817  val_acc 0.3548
2026-04-08 19:27:43    epoch  11  loss 1.6228  acc 0.3364  val_loss 1.6098  val_acc 0.3356
2026-04-08 19:27:47    epoch  12  loss 1.6272  acc 0.3350  val_loss 1.5365  val_acc 0.3653
2026-04-08 19:27:51    epoch  13  loss 1.6180  acc 0.3341  val_loss 1.5729  val_acc 0.3603
2026-04-08 19:27:54    epoch  14  loss 1.6222  acc 0.3407  val_loss 1.5371  val_acc 0.3628
2026-04-08 19:27:58    epoch  15  loss 1.6066  acc 0.3466  val_loss 1.5593  val_acc 0.3492
2026-04-08 19:28:02    epoch  16  loss 1.6097  acc 0.3439  val_loss 1.5278  val_acc 0.3721
2026-04-08 19:28:05    epoch  17  loss 1.5946  acc 0.3440  val_loss 1.5138  val_acc 0.3659
2026-04-08 19:28:09    epoch  18  loss 1.6036  acc 0.3447  val_loss 1.5157  val_acc 0.3714
2026-04-08 19:28:13    epoch  19  loss 1.6031  acc 0.3489  val_loss 1.5316  val_acc 0.3585
2026-04-08 19:28:17    epoch  20  loss 1.5853  acc 0.3559  val_loss 1.5334  val_acc 0.3653
2026-04-08 19:28:20    epoch  21  loss 1.5888  acc 0.3568  val_loss 1.5771  val_acc 0.3504
2026-04-08 19:28:24    epoch  22  loss 1.5813  acc 0.3578  val_loss 1.5149  val_acc 0.3677
2026-04-08 19:28:28    epoch  23  loss 1.5674  acc 0.3633  val_loss 1.5029  val_acc 0.3807
2026-04-08 19:28:31    epoch  24  loss 1.5648  acc 0.3684  val_loss 1.5238  val_acc 0.3770
2026-04-08 19:28:35    epoch  25  loss 1.5576  acc 0.3654  val_loss 1.5088  val_acc 0.3906
2026-04-08 19:28:39    epoch  26  loss 1.5596  acc 0.3664  val_loss 1.5189  val_acc 0.3745
2026-04-08 19:28:43    epoch  27  loss 1.5549  acc 0.3669  val_loss 1.4942  val_acc 0.3906
2026-04-08 19:28:46    epoch  28  loss 1.5564  acc 0.3711  val_loss 1.5212  val_acc 0.3727
2026-04-08 19:28:50    epoch  29  loss 1.5496  acc 0.3708  val_loss 1.4915  val_acc 0.3962
2026-04-08 19:28:54    epoch  30  loss 1.5488  acc 0.3701  val_loss 1.5185  val_acc 0.3869
2026-04-08 19:28:57    epoch  31  loss 1.5496  acc 0.3740  val_loss 1.5195  val_acc 0.3857
2026-04-08 19:29:01    epoch  32  loss 1.5503  acc 0.3692  val_loss 1.4922  val_acc 0.3906
2026-04-08 19:29:05    epoch  33  loss 1.5407  acc 0.3846  val_loss 1.4795  val_acc 0.4011
2026-04-08 19:29:08    epoch  34  loss 1.5412  acc 0.3749  val_loss 1.5056  val_acc 0.3980
2026-04-08 19:29:12    epoch  35  loss 1.5446  acc 0.3734  val_loss 1.4754  val_acc 0.4110
2026-04-08 19:29:16    epoch  36  loss 1.5332  acc 0.3779  val_loss 1.5331  val_acc 0.3832
2026-04-08 19:29:20    epoch  37  loss 1.5383  acc 0.3790  val_loss 1.5421  val_acc 0.3807
2026-04-08 19:29:23    epoch  38  loss 1.5344  acc 0.3771  val_loss 1.4804  val_acc 0.4067
2026-04-08 19:29:27    epoch  39  loss 1.5339  acc 0.3815  val_loss 1.4867  val_acc 0.3980
2026-04-08 19:29:31    epoch  40  loss 1.5361  acc 0.3805  val_loss 1.4836  val_acc 0.4153
2026-04-08 19:29:34    epoch  41  loss 1.5130  acc 0.3903  val_loss 1.4713  val_acc 0.4116
2026-04-08 19:29:38    epoch  42  loss 1.5182  acc 0.3924  val_loss 1.4580  val_acc 0.4141
2026-04-08 19:29:42    epoch  43  loss 1.5180  acc 0.3844  val_loss 1.4764  val_acc 0.4067
2026-04-08 19:29:45    epoch  44  loss 1.5192  acc 0.3881  val_loss 1.4563  val_acc 0.4042
2026-04-08 19:29:49    epoch  45  loss 1.5148  acc 0.3899  val_loss 1.4910  val_acc 0.4048
2026-04-08 19:29:53    epoch  46  loss 1.5119  acc 0.3922  val_loss 1.4659  val_acc 0.4048
2026-04-08 19:29:57    epoch  47  loss 1.5142  acc 0.3888  val_loss 1.4749  val_acc 0.4135
2026-04-08 19:30:00    epoch  48  loss 1.5108  acc 0.3949  val_loss 1.4645  val_acc 0.4246
2026-04-08 19:30:04    epoch  49  loss 1.5135  acc 0.3912  val_loss 1.4574  val_acc 0.4135
2026-04-08 19:30:08    epoch  50  loss 1.5022  acc 0.3926  val_loss 1.4473  val_acc 0.4098
2026-04-08 19:30:11    epoch  51  loss 1.4975  acc 0.3971  val_loss 1.4455  val_acc 0.4104
2026-04-08 19:30:15    epoch  52  loss 1.5004  acc 0.3972  val_loss 1.4410  val_acc 0.4159
2026-04-08 19:30:19    epoch  53  loss 1.5016  acc 0.3982  val_loss 1.4425  val_acc 0.4104
2026-04-08 19:30:23    epoch  54  loss 1.4958  acc 0.3962  val_loss 1.4614  val_acc 0.4141
2026-04-08 19:30:26    epoch  55  loss 1.4971  acc 0.3987  val_loss 1.4572  val_acc 0.4073
2026-04-08 19:30:30    epoch  56  loss 1.4964  acc 0.4008  val_loss 1.4462  val_acc 0.4252
2026-04-08 19:30:34    epoch  57  loss 1.5020  acc 0.4008  val_loss 1.4442  val_acc 0.4246
2026-04-08 19:30:38    epoch  58  loss 1.4867  acc 0.4044  val_loss 1.4421  val_acc 0.4203
2026-04-08 19:30:41    epoch  59  loss 1.4921  acc 0.3991  val_loss 1.4391  val_acc 0.4190
2026-04-08 19:30:45    epoch  60  loss 1.4934  acc 0.3964  val_loss 1.4680  val_acc 0.4197
2026-04-08 19:30:49    epoch  61  loss 1.4903  acc 0.4011  val_loss 1.4387  val_acc 0.4172
2026-04-08 19:30:52    epoch  62  loss 1.4912  acc 0.4026  val_loss 1.4391  val_acc 0.4240
2026-04-08 19:30:56    epoch  63  loss 1.4967  acc 0.4030  val_loss 1.4375  val_acc 0.4190
2026-04-08 19:31:00    epoch  64  loss 1.4833  acc 0.4027  val_loss 1.4415  val_acc 0.4215
2026-04-08 19:31:04    epoch  65  loss 1.4900  acc 0.4036  val_loss 1.4495  val_acc 0.4116
2026-04-08 19:31:07    epoch  66  loss 1.4902  acc 0.4010  val_loss 1.4410  val_acc 0.4240
2026-04-08 19:31:11    epoch  67  loss 1.4830  acc 0.4071  val_loss 1.4378  val_acc 0.4159
2026-04-08 19:31:15    epoch  68  loss 1.4849  acc 0.4051  val_loss 1.4477  val_acc 0.4184
2026-04-08 19:31:19    epoch  69  loss 1.4895  acc 0.4045  val_loss 1.4464  val_acc 0.4197
2026-04-08 19:31:23    epoch  70  loss 1.4889  acc 0.3989  val_loss 1.4339  val_acc 0.4265
2026-04-08 19:31:26    epoch  71  loss 1.4874  acc 0.3973  val_loss 1.4361  val_acc 0.4190
2026-04-08 19:31:30    epoch  72  loss 1.4881  acc 0.4041  val_loss 1.4339  val_acc 0.4252
2026-04-08 19:31:34    epoch  73  loss 1.4849  acc 0.4023  val_loss 1.4383  val_acc 0.4178
2026-04-08 19:31:38    epoch  74  loss 1.4840  acc 0.4012  val_loss 1.4327  val_acc 0.4265
2026-04-08 19:31:42    epoch  75  loss 1.4810  acc 0.4087  val_loss 1.4328  val_acc 0.4258
2026-04-08 19:31:45    epoch  76  loss 1.4830  acc 0.4023  val_loss 1.4494  val_acc 0.4234
2026-04-08 19:31:49    epoch  77  loss 1.4860  acc 0.4025  val_loss 1.5488  val_acc 0.3832
2026-04-08 19:31:53    epoch  78  loss 1.4798  acc 0.4122  val_loss 1.4341  val_acc 0.4227
2026-04-08 19:31:57    epoch  79  loss 1.4832  acc 0.4047  val_loss 1.4347  val_acc 0.4265
2026-04-08 19:32:00    epoch  80  loss 1.4821  acc 0.4054  val_loss 1.4318  val_acc 0.4227
2026-04-08 19:32:04    epoch  81  loss 1.4803  acc 0.4037  val_loss 1.4502  val_acc 0.4215
2026-04-08 19:32:08    epoch  82  loss 1.4794  acc 0.4063  val_loss 1.4446  val_acc 0.4197
2026-04-08 19:32:12    epoch  83  loss 1.4803  acc 0.4070  val_loss 1.4333  val_acc 0.4258
2026-04-08 19:32:15    epoch  84  loss 1.4837  acc 0.4044  val_loss 1.4336  val_acc 0.4258
2026-04-08 19:32:19    epoch  85  loss 1.4905  acc 0.4067  val_loss 1.4308  val_acc 0.4246
2026-04-08 19:32:23    epoch  86  loss 1.4850  acc 0.4014  val_loss 1.4305  val_acc 0.4221
2026-04-08 19:32:26    epoch  87  loss 1.4843  acc 0.4026  val_loss 1.4507  val_acc 0.4203
2026-04-08 19:32:30    epoch  88  loss 1.4795  acc 0.4088  val_loss 1.4326  val_acc 0.4258
2026-04-08 19:32:34    epoch  89  loss 1.4842  acc 0.4044  val_loss 1.4332  val_acc 0.4271
2026-04-08 19:32:37    epoch  90  loss 1.4833  acc 0.4020  val_loss 1.4517  val_acc 0.4234
2026-04-08 19:32:41    epoch  91  loss 1.4856  acc 0.4072  val_loss 1.4317  val_acc 0.4271
2026-04-08 19:32:45    epoch  92  loss 1.4771  acc 0.4065  val_loss 1.4542  val_acc 0.4190
2026-04-08 19:32:48    epoch  93  loss 1.4863  acc 0.4076  val_loss 1.4341  val_acc 0.4258
2026-04-08 19:32:52    epoch  94  loss 1.4838  acc 0.4083  val_loss 1.4305  val_acc 0.4240
2026-04-08 19:32:56    epoch  95  loss 1.4858  acc 0.4073  val_loss 1.4328  val_acc 0.4166
2026-04-08 19:33:00    epoch  96  loss 1.4801  acc 0.4079  val_loss 1.4302  val_acc 0.4240
2026-04-08 19:33:03    epoch  97  loss 1.4846  acc 0.4059  val_loss 1.4349  val_acc 0.4246
2026-04-08 19:33:07    epoch  98  loss 1.4802  acc 0.4076  val_loss 1.5253  val_acc 0.3918
2026-04-08 19:33:11    epoch  99  loss 1.4837  acc 0.4046  val_loss 1.4344  val_acc 0.4227
2026-04-08 19:33:14    epoch 100  loss 1.4827  acc 0.4060  val_loss 1.4314  val_acc 0.4203
2026-04-08 19:33:14    User9 accuracy: 0.3248
2026-04-08 19:33:15  ────────────────────────────────────────────────────────────
2026-04-08 19:33:15  LOSO fold — held-out: User10 (2095 test windows, 16197 train windows)
2026-04-08 19:33:19    epoch   1  loss 1.8325  acc 0.2584  val_loss 1.6862  val_acc 0.3051
2026-04-08 19:33:23    epoch   2  loss 1.7154  acc 0.2928  val_loss 1.6408  val_acc 0.3292
2026-04-08 19:33:27    epoch   3  loss 1.6832  acc 0.3024  val_loss 1.6203  val_acc 0.3379
2026-04-08 19:33:30    epoch   4  loss 1.6727  acc 0.3047  val_loss 1.6237  val_acc 0.3125
2026-04-08 19:33:34    epoch   5  loss 1.6570  acc 0.3168  val_loss 1.6182  val_acc 0.3335
2026-04-08 19:33:38    epoch   6  loss 1.6599  acc 0.3165  val_loss 1.6375  val_acc 0.3206
2026-04-08 19:33:42    epoch   7  loss 1.6437  acc 0.3174  val_loss 1.6193  val_acc 0.3305
2026-04-08 19:33:45    epoch   8  loss 1.6374  acc 0.3167  val_loss 1.6028  val_acc 0.3181
2026-04-08 19:33:49    epoch   9  loss 1.6426  acc 0.3262  val_loss 1.5883  val_acc 0.3379
2026-04-08 19:33:52    epoch  10  loss 1.6329  acc 0.3306  val_loss 1.6086  val_acc 0.3366
2026-04-08 19:33:56    epoch  11  loss 1.6418  acc 0.3267  val_loss 1.5899  val_acc 0.3372
2026-04-08 19:34:00    epoch  12  loss 1.6256  acc 0.3262  val_loss 1.6295  val_acc 0.3342
2026-04-08 19:34:03    epoch  13  loss 1.6263  acc 0.3284  val_loss 1.5945  val_acc 0.3440
2026-04-08 19:34:07    epoch  14  loss 1.6251  acc 0.3372  val_loss 1.5838  val_acc 0.3502
2026-04-08 19:34:11    epoch  15  loss 1.6164  acc 0.3389  val_loss 1.6191  val_acc 0.3385
2026-04-08 19:34:14    epoch  16  loss 1.6105  acc 0.3387  val_loss 1.5868  val_acc 0.3477
2026-04-08 19:34:18    epoch  17  loss 1.6060  acc 0.3420  val_loss 1.6046  val_acc 0.3515
2026-04-08 19:34:22    epoch  18  loss 1.6062  acc 0.3422  val_loss 1.5995  val_acc 0.3570
2026-04-08 19:34:25    epoch  19  loss 1.5975  acc 0.3468  val_loss 1.5507  val_acc 0.3632
2026-04-08 19:34:29    epoch  20  loss 1.5897  acc 0.3531  val_loss 1.5612  val_acc 0.3657
2026-04-08 19:34:33    epoch  21  loss 1.5954  acc 0.3481  val_loss 1.6395  val_acc 0.3218
2026-04-08 19:34:37    epoch  22  loss 1.5990  acc 0.3507  val_loss 1.5986  val_acc 0.3508
2026-04-08 19:34:40    epoch  23  loss 1.5903  acc 0.3485  val_loss 1.5710  val_acc 0.3644
2026-04-08 19:34:44    epoch  24  loss 1.5854  acc 0.3524  val_loss 1.5528  val_acc 0.3632
2026-04-08 19:34:48    epoch  25  loss 1.5728  acc 0.3598  val_loss 1.5453  val_acc 0.3712
2026-04-08 19:34:52    epoch  26  loss 1.5623  acc 0.3625  val_loss 1.5460  val_acc 0.3743
2026-04-08 19:34:55    epoch  27  loss 1.5691  acc 0.3620  val_loss 1.5410  val_acc 0.3669
2026-04-08 19:34:59    epoch  28  loss 1.5595  acc 0.3614  val_loss 1.5580  val_acc 0.3607
2026-04-08 19:35:03    epoch  29  loss 1.5635  acc 0.3656  val_loss 1.5204  val_acc 0.3768
2026-04-08 19:35:07    epoch  30  loss 1.5508  acc 0.3701  val_loss 1.5308  val_acc 0.3681
2026-04-08 19:35:10    epoch  31  loss 1.5589  acc 0.3614  val_loss 1.5291  val_acc 0.3650
2026-04-08 19:35:14    epoch  32  loss 1.5497  acc 0.3650  val_loss 1.5285  val_acc 0.3552
2026-04-08 19:35:18    epoch  33  loss 1.5475  acc 0.3688  val_loss 1.5492  val_acc 0.3613
2026-04-08 19:35:21    epoch  34  loss 1.5508  acc 0.3686  val_loss 1.5261  val_acc 0.3694
2026-04-08 19:35:25    epoch  35  loss 1.5420  acc 0.3737  val_loss 1.5293  val_acc 0.3762
2026-04-08 19:35:29    epoch  36  loss 1.5392  acc 0.3741  val_loss 1.5458  val_acc 0.3817
2026-04-08 19:35:32    epoch  37  loss 1.5351  acc 0.3730  val_loss 1.5333  val_acc 0.3805
2026-04-08 19:35:32    Early stopping at epoch 37
2026-04-08 19:35:32    User10 accuracy: 0.3265
2026-04-08 19:35:33  ────────────────────────────────────────────────────────────
2026-04-08 19:35:33  LOSO fold — held-out: User11 (2212 test windows, 16080 train windows)
2026-04-08 19:35:37    epoch   1  loss 1.8467  acc 0.2521  val_loss 1.7014  val_acc 0.2898
2026-04-08 19:35:41    epoch   2  loss 1.7037  acc 0.2911  val_loss 1.6128  val_acc 0.3134
2026-04-08 19:35:45    epoch   3  loss 1.6910  acc 0.2961  val_loss 1.6278  val_acc 0.3116
2026-04-08 19:35:48    epoch   4  loss 1.6739  acc 0.3047  val_loss 1.6588  val_acc 0.3159
2026-04-08 19:35:52    epoch   5  loss 1.6579  acc 0.3065  val_loss 1.6444  val_acc 0.3215
2026-04-08 19:35:56    epoch   6  loss 1.6608  acc 0.3133  val_loss 1.6243  val_acc 0.3215
2026-04-08 19:35:59    epoch   7  loss 1.6580  acc 0.3170  val_loss 1.5973  val_acc 0.3352
2026-04-08 19:36:03    epoch   8  loss 1.6509  acc 0.3154  val_loss 1.5802  val_acc 0.3296
2026-04-08 19:36:07    epoch   9  loss 1.6385  acc 0.3228  val_loss 1.6626  val_acc 0.3414
2026-04-08 19:36:10    epoch  10  loss 1.6433  acc 0.3183  val_loss 1.5769  val_acc 0.3539
2026-04-08 19:36:14    epoch  11  loss 1.6256  acc 0.3297  val_loss 1.5717  val_acc 0.3451
2026-04-08 19:36:18    epoch  12  loss 1.6306  acc 0.3298  val_loss 1.5623  val_acc 0.3520
2026-04-08 19:36:21    epoch  13  loss 1.6231  acc 0.3327  val_loss 1.5705  val_acc 0.3476
2026-04-08 19:36:25    epoch  14  loss 1.6199  acc 0.3313  val_loss 1.5916  val_acc 0.3607
2026-04-08 19:36:29    epoch  15  loss 1.6197  acc 0.3357  val_loss 1.5559  val_acc 0.3576
2026-04-08 19:36:33    epoch  16  loss 1.6019  acc 0.3463  val_loss 1.5424  val_acc 0.3731
2026-04-08 19:36:36    epoch  17  loss 1.6060  acc 0.3435  val_loss 1.5929  val_acc 0.3526
2026-04-08 19:36:40    epoch  18  loss 1.6052  acc 0.3452  val_loss 1.5762  val_acc 0.3601
2026-04-08 19:36:44    epoch  19  loss 1.6013  acc 0.3434  val_loss 1.5573  val_acc 0.3831
2026-04-08 19:36:47    epoch  20  loss 1.5994  acc 0.3485  val_loss 1.5410  val_acc 0.3657
2026-04-08 19:36:51    epoch  21  loss 1.5979  acc 0.3490  val_loss 1.5192  val_acc 0.4080
2026-04-08 19:36:55    epoch  22  loss 1.5840  acc 0.3599  val_loss 1.5266  val_acc 0.3993
2026-04-08 19:36:59    epoch  23  loss 1.5824  acc 0.3589  val_loss 1.5492  val_acc 0.3663
2026-04-08 19:37:02    epoch  24  loss 1.5836  acc 0.3625  val_loss 1.5388  val_acc 0.3700
2026-04-08 19:37:06    epoch  25  loss 1.5746  acc 0.3652  val_loss 1.5324  val_acc 0.4061
2026-04-08 19:37:10    epoch  26  loss 1.5735  acc 0.3653  val_loss 1.5379  val_acc 0.3812
2026-04-08 19:37:13    epoch  27  loss 1.5496  acc 0.3827  val_loss 1.5013  val_acc 0.3999
2026-04-08 19:37:17    epoch  28  loss 1.5462  acc 0.3776  val_loss 1.5006  val_acc 0.3968
2026-04-08 19:37:21    epoch  29  loss 1.5426  acc 0.3820  val_loss 1.4797  val_acc 0.4303
2026-04-08 19:37:24    epoch  30  loss 1.5310  acc 0.3862  val_loss 1.4748  val_acc 0.4073
2026-04-08 19:37:28    epoch  31  loss 1.5249  acc 0.3919  val_loss 1.4676  val_acc 0.4248
2026-04-08 19:37:32    epoch  32  loss 1.5245  acc 0.3892  val_loss 1.4616  val_acc 0.4254
2026-04-08 19:37:36    epoch  33  loss 1.5239  acc 0.3885  val_loss 1.4720  val_acc 0.4223
2026-04-08 19:37:39    epoch  34  loss 1.5224  acc 0.3958  val_loss 1.4566  val_acc 0.4229
2026-04-08 19:37:43    epoch  35  loss 1.5189  acc 0.3961  val_loss 1.5091  val_acc 0.4148
2026-04-08 19:37:47    epoch  36  loss 1.5258  acc 0.3901  val_loss 1.4961  val_acc 0.4129
2026-04-08 19:37:50    epoch  37  loss 1.5147  acc 0.3928  val_loss 1.4725  val_acc 0.4154
2026-04-08 19:37:54    epoch  38  loss 1.5136  acc 0.3986  val_loss 1.4710  val_acc 0.4129
2026-04-08 19:37:58    epoch  39  loss 1.5170  acc 0.3948  val_loss 1.4393  val_acc 0.4272
2026-04-08 19:38:01    epoch  40  loss 1.5031  acc 0.4015  val_loss 1.4613  val_acc 0.4223
2026-04-08 19:38:05    epoch  41  loss 1.5047  acc 0.3989  val_loss 1.4308  val_acc 0.4341
2026-04-08 19:38:09    epoch  42  loss 1.5008  acc 0.3996  val_loss 1.4546  val_acc 0.4260
2026-04-08 19:38:12    epoch  43  loss 1.4974  acc 0.4080  val_loss 1.4431  val_acc 0.4409
2026-04-08 19:38:16    epoch  44  loss 1.4877  acc 0.4047  val_loss 1.4841  val_acc 0.4229
2026-04-08 19:38:20    epoch  45  loss 1.4956  acc 0.4035  val_loss 1.4405  val_acc 0.4328
2026-04-08 19:38:23    epoch  46  loss 1.4863  acc 0.4055  val_loss 1.4551  val_acc 0.4117
2026-04-08 19:38:27    epoch  47  loss 1.4839  acc 0.4087  val_loss 1.4248  val_acc 0.4372
2026-04-08 19:38:31    epoch  48  loss 1.4817  acc 0.4127  val_loss 1.4362  val_acc 0.4285
2026-04-08 19:38:34    epoch  49  loss 1.4779  acc 0.4100  val_loss 1.4205  val_acc 0.4291
2026-04-08 19:38:38    epoch  50  loss 1.4724  acc 0.4126  val_loss 1.4074  val_acc 0.4422
2026-04-08 19:38:42    epoch  51  loss 1.4727  acc 0.4205  val_loss 1.4088  val_acc 0.4509
2026-04-08 19:38:46    epoch  52  loss 1.4663  acc 0.4197  val_loss 1.4045  val_acc 0.4471
2026-04-08 19:38:49    epoch  53  loss 1.4698  acc 0.4145  val_loss 1.4123  val_acc 0.4397
2026-04-08 19:38:53    epoch  54  loss 1.4732  acc 0.4192  val_loss 1.4531  val_acc 0.4291
2026-04-08 19:38:57    epoch  55  loss 1.4714  acc 0.4142  val_loss 1.4058  val_acc 0.4527
2026-04-08 19:39:00    epoch  56  loss 1.4637  acc 0.4198  val_loss 1.4026  val_acc 0.4471
2026-04-08 19:39:04    epoch  57  loss 1.4713  acc 0.4193  val_loss 1.4304  val_acc 0.4291
2026-04-08 19:39:08    epoch  58  loss 1.4637  acc 0.4223  val_loss 1.3988  val_acc 0.4509
2026-04-08 19:39:12    epoch  59  loss 1.4650  acc 0.4227  val_loss 1.3979  val_acc 0.4409
2026-04-08 19:39:15    epoch  60  loss 1.4599  acc 0.4278  val_loss 1.3903  val_acc 0.4422
2026-04-08 19:39:19    epoch  61  loss 1.4570  acc 0.4223  val_loss 1.4044  val_acc 0.4453
2026-04-08 19:39:23    epoch  62  loss 1.4611  acc 0.4189  val_loss 1.4668  val_acc 0.4254
2026-04-08 19:39:26    epoch  63  loss 1.4602  acc 0.4245  val_loss 1.3855  val_acc 0.4459
2026-04-08 19:39:30    epoch  64  loss 1.4591  acc 0.4289  val_loss 1.4697  val_acc 0.3993
2026-04-08 19:39:34    epoch  65  loss 1.4614  acc 0.4247  val_loss 1.3991  val_acc 0.4440
2026-04-08 19:39:38    epoch  66  loss 1.4515  acc 0.4239  val_loss 1.4041  val_acc 0.4447
2026-04-08 19:39:41    epoch  67  loss 1.4535  acc 0.4224  val_loss 1.3895  val_acc 0.4502
2026-04-08 19:39:45    epoch  68  loss 1.4595  acc 0.4248  val_loss 1.3851  val_acc 0.4590
2026-04-08 19:39:49    epoch  69  loss 1.4551  acc 0.4257  val_loss 1.3827  val_acc 0.4590
2026-04-08 19:39:53    epoch  70  loss 1.4625  acc 0.4224  val_loss 1.3783  val_acc 0.4509
2026-04-08 19:39:56    epoch  71  loss 1.4504  acc 0.4274  val_loss 1.3905  val_acc 0.4428
2026-04-08 19:40:00    epoch  72  loss 1.4476  acc 0.4347  val_loss 1.3813  val_acc 0.4590
2026-04-08 19:40:04    epoch  73  loss 1.4553  acc 0.4276  val_loss 1.4045  val_acc 0.4384
2026-04-08 19:40:08    epoch  74  loss 1.4541  acc 0.4269  val_loss 1.4057  val_acc 0.4422
2026-04-08 19:40:11    epoch  75  loss 1.4496  acc 0.4292  val_loss 1.3890  val_acc 0.4453
2026-04-08 19:40:15    epoch  76  loss 1.4434  acc 0.4289  val_loss 1.3776  val_acc 0.4583
2026-04-08 19:40:19    epoch  77  loss 1.4338  acc 0.4376  val_loss 1.3915  val_acc 0.4534
2026-04-08 19:40:22    epoch  78  loss 1.4294  acc 0.4359  val_loss 1.3732  val_acc 0.4527
2026-04-08 19:40:26    epoch  79  loss 1.4314  acc 0.4358  val_loss 1.3733  val_acc 0.4652
2026-04-08 19:40:30    epoch  80  loss 1.4334  acc 0.4335  val_loss 1.3906  val_acc 0.4571
2026-04-08 19:40:34    epoch  81  loss 1.4337  acc 0.4403  val_loss 1.3790  val_acc 0.4502
2026-04-08 19:40:38    epoch  82  loss 1.4359  acc 0.4312  val_loss 1.3741  val_acc 0.4447
2026-04-08 19:40:41    epoch  83  loss 1.4346  acc 0.4329  val_loss 1.3747  val_acc 0.4490
2026-04-08 19:40:45    epoch  84  loss 1.4285  acc 0.4361  val_loss 1.3713  val_acc 0.4565
2026-04-08 19:40:49    epoch  85  loss 1.4281  acc 0.4370  val_loss 1.3640  val_acc 0.4720
2026-04-08 19:40:52    epoch  86  loss 1.4259  acc 0.4375  val_loss 1.3937  val_acc 0.4534
2026-04-08 19:40:56    epoch  87  loss 1.4223  acc 0.4411  val_loss 1.3939  val_acc 0.4546
2026-04-08 19:41:00    epoch  88  loss 1.4281  acc 0.4382  val_loss 1.3613  val_acc 0.4571
2026-04-08 19:41:03    epoch  89  loss 1.4328  acc 0.4340  val_loss 1.3695  val_acc 0.4571
2026-04-08 19:41:07    epoch  90  loss 1.4268  acc 0.4413  val_loss 1.3731  val_acc 0.4521
2026-04-08 19:41:11    epoch  91  loss 1.4293  acc 0.4388  val_loss 1.3600  val_acc 0.4627
2026-04-08 19:41:15    epoch  92  loss 1.4219  acc 0.4433  val_loss 1.3605  val_acc 0.4590
2026-04-08 19:41:18    epoch  93  loss 1.4268  acc 0.4379  val_loss 1.3869  val_acc 0.4527
2026-04-08 19:41:22    epoch  94  loss 1.4262  acc 0.4352  val_loss 1.3593  val_acc 0.4633
2026-04-08 19:41:26    epoch  95  loss 1.4190  acc 0.4433  val_loss 1.3618  val_acc 0.4621
2026-04-08 19:41:29    epoch  96  loss 1.4237  acc 0.4378  val_loss 1.3623  val_acc 0.4621
2026-04-08 19:41:33    epoch  97  loss 1.4256  acc 0.4360  val_loss 1.3722  val_acc 0.4614
2026-04-08 19:41:37    epoch  98  loss 1.4285  acc 0.4393  val_loss 1.3674  val_acc 0.4614
2026-04-08 19:41:40    epoch  99  loss 1.4181  acc 0.4414  val_loss 1.3708  val_acc 0.4577
2026-04-08 19:41:44    epoch 100  loss 1.4160  acc 0.4447  val_loss 1.3566  val_acc 0.4689
2026-04-08 19:41:44    User11 accuracy: 0.3594
2026-04-08 19:41:45  ────────────────────────────────────────────────────────────
2026-04-08 19:41:45  LOSO fold — held-out: User12 (1836 test windows, 16456 train windows)
2026-04-08 19:41:49    epoch   1  loss 1.8485  acc 0.2572  val_loss 1.6492  val_acc 0.3015
2026-04-08 19:41:53    epoch   2  loss 1.6864  acc 0.2982  val_loss 1.6000  val_acc 0.3228
2026-04-08 19:41:57    epoch   3  loss 1.6632  acc 0.3109  val_loss 1.5926  val_acc 0.3295
2026-04-08 19:42:00    epoch   4  loss 1.6520  acc 0.3177  val_loss 1.5891  val_acc 0.3289
2026-04-08 19:42:04    epoch   5  loss 1.6386  acc 0.3205  val_loss 1.5842  val_acc 0.3441
2026-04-08 19:42:08    epoch   6  loss 1.6365  acc 0.3254  val_loss 1.5787  val_acc 0.3520
2026-04-08 19:42:12    epoch   7  loss 1.6166  acc 0.3319  val_loss 1.5626  val_acc 0.3550
2026-04-08 19:42:15    epoch   8  loss 1.6249  acc 0.3291  val_loss 1.5856  val_acc 0.3319
2026-04-08 19:42:19    epoch   9  loss 1.6029  acc 0.3335  val_loss 1.5553  val_acc 0.3441
2026-04-08 19:42:23    epoch  10  loss 1.6181  acc 0.3324  val_loss 1.5608  val_acc 0.3307
2026-04-08 19:42:26    epoch  11  loss 1.6044  acc 0.3384  val_loss 1.5467  val_acc 0.3623
2026-04-08 19:42:30    epoch  12  loss 1.6025  acc 0.3402  val_loss 1.5742  val_acc 0.3441
2026-04-08 19:42:34    epoch  13  loss 1.5936  acc 0.3470  val_loss 1.5657  val_acc 0.3605
2026-04-08 19:42:37    epoch  14  loss 1.5902  acc 0.3474  val_loss 1.5536  val_acc 0.3714
2026-04-08 19:42:41    epoch  15  loss 1.5887  acc 0.3482  val_loss 1.5485  val_acc 0.3647
2026-04-08 19:42:45    epoch  16  loss 1.5806  acc 0.3492  val_loss 1.5379  val_acc 0.3708
2026-04-08 19:42:49    epoch  17  loss 1.5856  acc 0.3540  val_loss 1.5769  val_acc 0.3593
2026-04-08 19:42:52    epoch  18  loss 1.5799  acc 0.3578  val_loss 1.5303  val_acc 0.3726
2026-04-08 19:42:56    epoch  19  loss 1.5688  acc 0.3543  val_loss 1.5257  val_acc 0.3757
2026-04-08 19:43:00    epoch  20  loss 1.5691  acc 0.3564  val_loss 1.5344  val_acc 0.3416
2026-04-08 19:43:04    epoch  21  loss 1.5701  acc 0.3541  val_loss 1.5256  val_acc 0.3824
2026-04-08 19:43:07    epoch  22  loss 1.5831  acc 0.3566  val_loss 1.5252  val_acc 0.3757
2026-04-08 19:43:11    epoch  23  loss 1.5619  acc 0.3617  val_loss 1.5143  val_acc 0.3696
2026-04-08 19:43:15    epoch  24  loss 1.5659  acc 0.3561  val_loss 1.5305  val_acc 0.3653
2026-04-08 19:43:19    epoch  25  loss 1.5568  acc 0.3640  val_loss 1.5222  val_acc 0.3781
2026-04-08 19:43:22    epoch  26  loss 1.5603  acc 0.3639  val_loss 1.5843  val_acc 0.3544
2026-04-08 19:43:26    epoch  27  loss 1.5523  acc 0.3655  val_loss 1.5245  val_acc 0.3787
2026-04-08 19:43:30    epoch  28  loss 1.5528  acc 0.3698  val_loss 1.5041  val_acc 0.3751
2026-04-08 19:43:34    epoch  29  loss 1.5493  acc 0.3699  val_loss 1.5060  val_acc 0.3830
2026-04-08 19:43:38    epoch  30  loss 1.5467  acc 0.3775  val_loss 1.5749  val_acc 0.3587
2026-04-08 19:43:41    epoch  31  loss 1.5407  acc 0.3747  val_loss 1.4882  val_acc 0.3891
2026-04-08 19:43:45    epoch  32  loss 1.5375  acc 0.3762  val_loss 1.5251  val_acc 0.3830
2026-04-08 19:43:49    epoch  33  loss 1.5388  acc 0.3839  val_loss 1.4826  val_acc 0.4043
2026-04-08 19:43:53    epoch  34  loss 1.5352  acc 0.3815  val_loss 1.5196  val_acc 0.3909
2026-04-08 19:43:56    epoch  35  loss 1.5261  acc 0.3878  val_loss 1.5116  val_acc 0.3836
2026-04-08 19:44:00    epoch  36  loss 1.5196  acc 0.3862  val_loss 1.4929  val_acc 0.3988
2026-04-08 19:44:04    epoch  37  loss 1.5204  acc 0.3891  val_loss 1.5107  val_acc 0.3860
2026-04-08 19:44:08    epoch  38  loss 1.5151  acc 0.3911  val_loss 1.4770  val_acc 0.4030
2026-04-08 19:44:11    epoch  39  loss 1.5171  acc 0.3894  val_loss 1.5550  val_acc 0.3872
2026-04-08 19:44:15    epoch  40  loss 1.5069  acc 0.3923  val_loss 1.4994  val_acc 0.3964
2026-04-08 19:44:19    epoch  41  loss 1.5119  acc 0.3924  val_loss 1.4775  val_acc 0.4146
2026-04-08 19:44:23    epoch  42  loss 1.5019  acc 0.3952  val_loss 1.4688  val_acc 0.4024
2026-04-08 19:44:26    epoch  43  loss 1.5138  acc 0.3934  val_loss 1.4526  val_acc 0.4091
2026-04-08 19:44:30    epoch  44  loss 1.4970  acc 0.3967  val_loss 1.5047  val_acc 0.4024
2026-04-08 19:44:34    epoch  45  loss 1.5030  acc 0.3975  val_loss 1.5089  val_acc 0.4030
2026-04-08 19:44:38    epoch  46  loss 1.4940  acc 0.3980  val_loss 1.4516  val_acc 0.4255
2026-04-08 19:44:41    epoch  47  loss 1.4897  acc 0.3998  val_loss 1.4771  val_acc 0.4097
2026-04-08 19:44:45    epoch  48  loss 1.4933  acc 0.3959  val_loss 1.4659  val_acc 0.4176
2026-04-08 19:44:49    epoch  49  loss 1.4807  acc 0.4016  val_loss 1.4721  val_acc 0.4164
2026-04-08 19:44:53    epoch  50  loss 1.4909  acc 0.4057  val_loss 1.5166  val_acc 0.3836
2026-04-08 19:44:57    epoch  51  loss 1.4859  acc 0.4033  val_loss 1.4525  val_acc 0.4231
2026-04-08 19:45:00    epoch  52  loss 1.4711  acc 0.4088  val_loss 1.4329  val_acc 0.4249
2026-04-08 19:45:04    epoch  53  loss 1.4623  acc 0.4127  val_loss 1.5164  val_acc 0.4030
2026-04-08 19:45:08    epoch  54  loss 1.4609  acc 0.4119  val_loss 1.4302  val_acc 0.4347
2026-04-08 19:45:12    epoch  55  loss 1.4607  acc 0.4081  val_loss 1.4326  val_acc 0.4274
2026-04-08 19:45:16    epoch  56  loss 1.4595  acc 0.4165  val_loss 1.4147  val_acc 0.4328
2026-04-08 19:45:19    epoch  57  loss 1.4566  acc 0.4125  val_loss 1.4593  val_acc 0.4103
2026-04-08 19:45:23    epoch  58  loss 1.4571  acc 0.4154  val_loss 1.4149  val_acc 0.4316
2026-04-08 19:45:27    epoch  59  loss 1.4487  acc 0.4141  val_loss 1.4331  val_acc 0.4395
2026-04-08 19:45:31    epoch  60  loss 1.4534  acc 0.4181  val_loss 1.4140  val_acc 0.4371
2026-04-08 19:45:35    epoch  61  loss 1.4491  acc 0.4190  val_loss 1.4554  val_acc 0.4340
2026-04-08 19:45:38    epoch  62  loss 1.4414  acc 0.4224  val_loss 1.4057  val_acc 0.4334
2026-04-08 19:45:42    epoch  63  loss 1.4480  acc 0.4191  val_loss 1.4444  val_acc 0.4219
2026-04-08 19:45:46    epoch  64  loss 1.4444  acc 0.4209  val_loss 1.4418  val_acc 0.4280
2026-04-08 19:45:50    epoch  65  loss 1.4536  acc 0.4158  val_loss 1.4878  val_acc 0.4079
2026-04-08 19:45:54    epoch  66  loss 1.4412  acc 0.4223  val_loss 1.4403  val_acc 0.4334
2026-04-08 19:45:57    epoch  67  loss 1.4438  acc 0.4184  val_loss 1.4019  val_acc 0.4462
2026-04-08 19:46:01    epoch  68  loss 1.4414  acc 0.4252  val_loss 1.4108  val_acc 0.4438
2026-04-08 19:46:05    epoch  69  loss 1.4413  acc 0.4216  val_loss 1.3976  val_acc 0.4541
2026-04-08 19:46:09    epoch  70  loss 1.4456  acc 0.4254  val_loss 1.4010  val_acc 0.4432
2026-04-08 19:46:13    epoch  71  loss 1.4413  acc 0.4245  val_loss 1.3994  val_acc 0.4571
2026-04-08 19:46:17    epoch  72  loss 1.4403  acc 0.4245  val_loss 1.3955  val_acc 0.4480
2026-04-08 19:46:20    epoch  73  loss 1.4343  acc 0.4245  val_loss 1.4582  val_acc 0.4292
2026-04-08 19:46:24    epoch  74  loss 1.4409  acc 0.4249  val_loss 1.4112  val_acc 0.4371
2026-04-08 19:46:28    epoch  75  loss 1.4288  acc 0.4256  val_loss 1.4060  val_acc 0.4304
2026-04-08 19:46:32    epoch  76  loss 1.4365  acc 0.4244  val_loss 1.4075  val_acc 0.4401
2026-04-08 19:46:36    epoch  77  loss 1.4309  acc 0.4280  val_loss 1.4783  val_acc 0.4164
2026-04-08 19:46:40    epoch  78  loss 1.4233  acc 0.4297  val_loss 1.3937  val_acc 0.4462
2026-04-08 19:46:43    epoch  79  loss 1.4126  acc 0.4271  val_loss 1.4051  val_acc 0.4462
2026-04-08 19:46:47    epoch  80  loss 1.4215  acc 0.4289  val_loss 1.4048  val_acc 0.4456
2026-04-08 19:46:51    epoch  81  loss 1.4146  acc 0.4370  val_loss 1.3799  val_acc 0.4602
2026-04-08 19:46:55    epoch  82  loss 1.4165  acc 0.4396  val_loss 1.3810  val_acc 0.4529
2026-04-08 19:46:59    epoch  83  loss 1.4061  acc 0.4393  val_loss 1.3817  val_acc 0.4578
2026-04-08 19:47:02    epoch  84  loss 1.4124  acc 0.4353  val_loss 1.3988  val_acc 0.4347
2026-04-08 19:47:06    epoch  85  loss 1.4075  acc 0.4398  val_loss 1.3676  val_acc 0.4638
2026-04-08 19:47:10    epoch  86  loss 1.4094  acc 0.4357  val_loss 1.3858  val_acc 0.4432
2026-04-08 19:47:14    epoch  87  loss 1.4157  acc 0.4333  val_loss 1.3766  val_acc 0.4547
2026-04-08 19:47:18    epoch  88  loss 1.4100  acc 0.4345  val_loss 1.3843  val_acc 0.4456
2026-04-08 19:47:21    epoch  89  loss 1.4076  acc 0.4369  val_loss 1.3628  val_acc 0.4590
2026-04-08 19:47:25    epoch  90  loss 1.4147  acc 0.4327  val_loss 1.4011  val_acc 0.4498
2026-04-08 19:47:29    epoch  91  loss 1.4118  acc 0.4372  val_loss 1.3730  val_acc 0.4584
2026-04-08 19:47:33    epoch  92  loss 1.4007  acc 0.4372  val_loss 1.3671  val_acc 0.4578
2026-04-08 19:47:36    epoch  93  loss 1.4074  acc 0.4373  val_loss 1.3722  val_acc 0.4505
2026-04-08 19:47:40    epoch  94  loss 1.4070  acc 0.4408  val_loss 1.3761  val_acc 0.4596
2026-04-08 19:47:44    epoch  95  loss 1.4007  acc 0.4456  val_loss 1.3597  val_acc 0.4638
2026-04-08 19:47:48    epoch  96  loss 1.3941  acc 0.4416  val_loss 1.3638  val_acc 0.4608
2026-04-08 19:47:51    epoch  97  loss 1.3945  acc 0.4389  val_loss 1.3662  val_acc 0.4608
2026-04-08 19:47:55    epoch  98  loss 1.3893  acc 0.4437  val_loss 1.3685  val_acc 0.4541
2026-04-08 19:47:59    epoch  99  loss 1.3960  acc 0.4403  val_loss 1.3589  val_acc 0.4620
2026-04-08 19:48:03    epoch 100  loss 1.3918  acc 0.4454  val_loss 1.3613  val_acc 0.4614
2026-04-08 19:48:03    User12 accuracy: 0.3426
2026-04-08 19:48:03  Best model: /home/mahmudm2/codebase/ClassyGlass/scripts/benchmark/models/cnn_best_W200_S80.pth  (acc=0.4768)
2026-04-08 19:48:03  ============================================================
2026-04-08 19:48:03  LOSO SUMMARY
2026-04-08 19:48:03  ============================================================
2026-04-08 19:48:03    User1: 0.3077
2026-04-08 19:48:03    User2: 0.4768
2026-04-08 19:48:03    User3: 0.4421
2026-04-08 19:48:03    User4: 0.3818
2026-04-08 19:48:03    User5: 0.4325
2026-04-08 19:48:03    User6: 0.3646
2026-04-08 19:48:03    User7: 0.3446
2026-04-08 19:48:03    User8: 0.4204
2026-04-08 19:48:03    User9: 0.3248
2026-04-08 19:48:03    User10: 0.3265
2026-04-08 19:48:03    User11: 0.3594
2026-04-08 19:48:03    User12: 0.3426
2026-04-08 19:48:03    Mean accuracy : 0.3770
2026-04-08 19:48:03    Std  accuracy : 0.0516
2026-04-08 19:48:03  ============================================================
2026-04-08 19:48:03  CLASSIFICATION REPORT (all folds combined)
2026-04-08 19:48:03  ============================================================
2026-04-08 19:48:03  
                            precision    recall  f1-score   support

         Sitting – Reading       0.18      0.10      0.13      1743
         Sitting – Writing       0.25      0.24      0.24      1929
         Computer – Typing       0.32      0.48      0.38      1922
       Computer – Browsing       0.42      0.39      0.40      1959
Sitting – Moving head/body       0.28      0.37      0.32      1691
    Sitting – Moving chair       0.32      0.30      0.31      1926
     Stand up from sitting       0.39      0.43      0.41      2282
                  Standing       0.26      0.10      0.14      1281
                   Walking       0.48      0.61      0.54      1516
                   Running       0.66      0.79      0.72      1482
             Taking stairs       0.00      0.00      0.00       561

                  accuracy                           0.37     18292
                 macro avg       0.32      0.35      0.33     18292
              weighted avg       0.34      0.37      0.35     18292

2026-04-08 19:48:03  Confusion matrix saved to: /home/mahmudm2/codebase/ClassyGlass/scripts/benchmark/figures/cnn_confusion_matrix_W200_S80.png
2026-04-08 19:48:04  Per-subject accuracy chart saved to: /home/mahmudm2/codebase/ClassyGlass/scripts/benchmark/figures/cnn_per_subject_accuracy_W200_S80.png
2026-04-08 19:48:04  ============================================================
2026-04-08 19:48:04  cnn training complete
2026-04-08 19:48:04  ============================================================
