2026-04-08 18:39:32  ============================================================
2026-04-08 18:39:32  cnn  |  window=200  step=100
2026-04-08 18:39:32  Device  : cuda:6
2026-04-08 18:39:32  Flatten : True
2026-04-08 18:39:32  Log     : /home/mahmudm2/codebase/ClassyGlass/scripts/benchmark/logs/cnn_W200_S100.log
2026-04-08 18:39:32  Model   : /home/mahmudm2/codebase/ClassyGlass/scripts/benchmark/models/cnn_best_W200_S100.pth
2026-04-08 18:39:32  Figures : /home/mahmudm2/codebase/ClassyGlass/scripts/benchmark/figures
2026-04-08 18:39:32  ============================================================
2026-04-08 18:39:36  Loaded 14647 windows | window=200  step=100 | 129 experiments | 12 subjects | 0 experiments skipped
2026-04-08 18:39:36  ────────────────────────────────────────────────────────────
2026-04-08 18:39:36  LOSO fold — held-out: User1 (844 test windows, 13803 train windows)
2026-04-08 18:39:43    epoch   1  loss 1.8445  acc 0.2533  val_loss 1.6818  val_acc 0.3036
2026-04-08 18:39:46    epoch   2  loss 1.7192  acc 0.2809  val_loss 1.6293  val_acc 0.3065
2026-04-08 18:39:49    epoch   3  loss 1.6771  acc 0.2968  val_loss 1.6328  val_acc 0.3007
2026-04-08 18:39:52    epoch   4  loss 1.6574  acc 0.3044  val_loss 1.6007  val_acc 0.3051
2026-04-08 18:39:56    epoch   5  loss 1.6562  acc 0.3098  val_loss 1.5978  val_acc 0.3333
2026-04-08 18:39:59    epoch   6  loss 1.6441  acc 0.3098  val_loss 1.5901  val_acc 0.3283
2026-04-08 18:40:02    epoch   7  loss 1.6288  acc 0.3161  val_loss 1.5597  val_acc 0.3355
2026-04-08 18:40:05    epoch   8  loss 1.6317  acc 0.3219  val_loss 1.5575  val_acc 0.3580
2026-04-08 18:40:08    epoch   9  loss 1.6338  acc 0.3203  val_loss 1.5673  val_acc 0.3543
2026-04-08 18:40:12    epoch  10  loss 1.6296  acc 0.3257  val_loss 1.5746  val_acc 0.3420
2026-04-08 18:40:15    epoch  11  loss 1.6147  acc 0.3292  val_loss 1.5508  val_acc 0.3797
2026-04-08 18:40:18    epoch  12  loss 1.6132  acc 0.3327  val_loss 1.5851  val_acc 0.3406
2026-04-08 18:40:21    epoch  13  loss 1.6118  acc 0.3287  val_loss 1.5879  val_acc 0.3551
2026-04-08 18:40:24    epoch  14  loss 1.6094  acc 0.3360  val_loss 1.5608  val_acc 0.3507
2026-04-08 18:40:28    epoch  15  loss 1.6027  acc 0.3392  val_loss 1.5461  val_acc 0.3645
2026-04-08 18:40:31    epoch  16  loss 1.6026  acc 0.3416  val_loss 1.5524  val_acc 0.3899
2026-04-08 18:40:34    epoch  17  loss 1.5879  acc 0.3427  val_loss 1.5368  val_acc 0.3500
2026-04-08 18:40:37    epoch  18  loss 1.5874  acc 0.3498  val_loss 1.5285  val_acc 0.3957
2026-04-08 18:40:41    epoch  19  loss 1.5850  acc 0.3497  val_loss 1.5305  val_acc 0.3862
2026-04-08 18:40:44    epoch  20  loss 1.5689  acc 0.3532  val_loss 1.5302  val_acc 0.3746
2026-04-08 18:40:47    epoch  21  loss 1.5756  acc 0.3528  val_loss 1.5103  val_acc 0.3899
2026-04-08 18:40:50    epoch  22  loss 1.5680  acc 0.3554  val_loss 1.5359  val_acc 0.3696
2026-04-08 18:40:53    epoch  23  loss 1.5800  acc 0.3569  val_loss 1.5358  val_acc 0.4036
2026-04-08 18:40:57    epoch  24  loss 1.5645  acc 0.3589  val_loss 1.5368  val_acc 0.3775
2026-04-08 18:41:00    epoch  25  loss 1.5679  acc 0.3667  val_loss 1.5468  val_acc 0.3877
2026-04-08 18:41:03    epoch  26  loss 1.5658  acc 0.3600  val_loss 1.4967  val_acc 0.3833
2026-04-08 18:41:06    epoch  27  loss 1.5630  acc 0.3678  val_loss 1.4922  val_acc 0.4072
2026-04-08 18:41:10    epoch  28  loss 1.5558  acc 0.3670  val_loss 1.5049  val_acc 0.4138
2026-04-08 18:41:13    epoch  29  loss 1.5534  acc 0.3725  val_loss 1.4850  val_acc 0.4094
2026-04-08 18:41:16    epoch  30  loss 1.5452  acc 0.3675  val_loss 1.4991  val_acc 0.4203
2026-04-08 18:41:19    epoch  31  loss 1.5361  acc 0.3792  val_loss 1.4926  val_acc 0.4225
2026-04-08 18:41:23    epoch  32  loss 1.5483  acc 0.3762  val_loss 1.5545  val_acc 0.3551
2026-04-08 18:41:26    epoch  33  loss 1.5328  acc 0.3721  val_loss 1.4748  val_acc 0.4123
2026-04-08 18:41:29    epoch  34  loss 1.5303  acc 0.3819  val_loss 1.4955  val_acc 0.4065
2026-04-08 18:41:32    epoch  35  loss 1.5234  acc 0.3781  val_loss 1.4739  val_acc 0.4167
2026-04-08 18:41:35    epoch  36  loss 1.5137  acc 0.3882  val_loss 1.5006  val_acc 0.4036
2026-04-08 18:41:39    epoch  37  loss 1.5232  acc 0.3822  val_loss 1.5818  val_acc 0.3768
2026-04-08 18:41:42    epoch  38  loss 1.5105  acc 0.3890  val_loss 1.6064  val_acc 0.3522
2026-04-08 18:41:45    epoch  39  loss 1.5217  acc 0.3813  val_loss 1.6635  val_acc 0.3529
2026-04-08 18:41:48    epoch  40  loss 1.5160  acc 0.3897  val_loss 1.4536  val_acc 0.4341
2026-04-08 18:41:51    epoch  41  loss 1.5125  acc 0.3943  val_loss 1.4681  val_acc 0.4036
2026-04-08 18:41:55    epoch  42  loss 1.5183  acc 0.3849  val_loss 1.4536  val_acc 0.4174
2026-04-08 18:41:58    epoch  43  loss 1.5094  acc 0.3923  val_loss 1.4608  val_acc 0.4123
2026-04-08 18:42:01    epoch  44  loss 1.4991  acc 0.3933  val_loss 1.4429  val_acc 0.4355
2026-04-08 18:42:04    epoch  45  loss 1.5055  acc 0.3964  val_loss 1.4760  val_acc 0.3935
2026-04-08 18:42:07    epoch  46  loss 1.5090  acc 0.3975  val_loss 1.4718  val_acc 0.4130
2026-04-08 18:42:11    epoch  47  loss 1.4968  acc 0.3959  val_loss 1.4500  val_acc 0.4312
2026-04-08 18:42:14    epoch  48  loss 1.4886  acc 0.3978  val_loss 1.5095  val_acc 0.4152
2026-04-08 18:42:17    epoch  49  loss 1.4976  acc 0.3928  val_loss 1.5080  val_acc 0.4094
2026-04-08 18:42:20    epoch  50  loss 1.4779  acc 0.3972  val_loss 1.4302  val_acc 0.4391
2026-04-08 18:42:23    epoch  51  loss 1.4730  acc 0.4077  val_loss 1.4274  val_acc 0.4478
2026-04-08 18:42:27    epoch  52  loss 1.4770  acc 0.4044  val_loss 1.4342  val_acc 0.4384
2026-04-08 18:42:30    epoch  53  loss 1.4745  acc 0.4055  val_loss 1.4456  val_acc 0.4181
2026-04-08 18:42:33    epoch  54  loss 1.4723  acc 0.4084  val_loss 1.4358  val_acc 0.4406
2026-04-08 18:42:36    epoch  55  loss 1.4763  acc 0.4107  val_loss 1.4228  val_acc 0.4225
2026-04-08 18:42:39    epoch  56  loss 1.4741  acc 0.4043  val_loss 1.4235  val_acc 0.4370
2026-04-08 18:42:42    epoch  57  loss 1.4695  acc 0.4104  val_loss 1.4698  val_acc 0.4275
2026-04-08 18:42:46    epoch  58  loss 1.4627  acc 0.4151  val_loss 1.4265  val_acc 0.4449
2026-04-08 18:42:49    epoch  59  loss 1.4750  acc 0.4084  val_loss 1.4091  val_acc 0.4514
2026-04-08 18:42:52    epoch  60  loss 1.4565  acc 0.4162  val_loss 1.4306  val_acc 0.4319
2026-04-08 18:42:55    epoch  61  loss 1.4605  acc 0.4116  val_loss 1.4948  val_acc 0.4138
2026-04-08 18:42:58    epoch  62  loss 1.4592  acc 0.4091  val_loss 1.4225  val_acc 0.4435
2026-04-08 18:43:02    epoch  63  loss 1.4529  acc 0.4162  val_loss 1.4317  val_acc 0.4442
2026-04-08 18:43:05    epoch  64  loss 1.4526  acc 0.4168  val_loss 1.4424  val_acc 0.4370
2026-04-08 18:43:08    epoch  65  loss 1.4505  acc 0.4142  val_loss 1.4092  val_acc 0.4543
2026-04-08 18:43:11    epoch  66  loss 1.4459  acc 0.4203  val_loss 1.3987  val_acc 0.4464
2026-04-08 18:43:14    epoch  67  loss 1.4438  acc 0.4143  val_loss 1.4255  val_acc 0.4478
2026-04-08 18:43:18    epoch  68  loss 1.4446  acc 0.4201  val_loss 1.3926  val_acc 0.4536
2026-04-08 18:43:21    epoch  69  loss 1.4403  acc 0.4210  val_loss 1.4028  val_acc 0.4529
2026-04-08 18:43:24    epoch  70  loss 1.4441  acc 0.4233  val_loss 1.4163  val_acc 0.4529
2026-04-08 18:43:27    epoch  71  loss 1.4377  acc 0.4232  val_loss 1.3988  val_acc 0.4572
2026-04-08 18:43:30    epoch  72  loss 1.4518  acc 0.4179  val_loss 1.4164  val_acc 0.4464
2026-04-08 18:43:34    epoch  73  loss 1.4386  acc 0.4208  val_loss 1.4009  val_acc 0.4558
2026-04-08 18:43:37    epoch  74  loss 1.4319  acc 0.4311  val_loss 1.4029  val_acc 0.4522
2026-04-08 18:43:40    epoch  75  loss 1.4328  acc 0.4256  val_loss 1.3980  val_acc 0.4435
2026-04-08 18:43:43    epoch  76  loss 1.4332  acc 0.4219  val_loss 1.3926  val_acc 0.4543
2026-04-08 18:43:43    Early stopping at epoch 76
2026-04-08 18:43:43    User1 accuracy: 0.2927
2026-04-08 18:43:43    ✓ New best model saved (User1 held out, acc=0.2927)
2026-04-08 18:43:44  ────────────────────────────────────────────────────────────
2026-04-08 18:43:44  LOSO fold — held-out: User2 (777 test windows, 13870 train windows)
2026-04-08 18:43:47    epoch   1  loss 1.8782  acc 0.2428  val_loss 1.7250  val_acc 0.2747
2026-04-08 18:43:51    epoch   2  loss 1.7335  acc 0.2821  val_loss 1.6408  val_acc 0.3280
2026-04-08 18:43:54    epoch   3  loss 1.7103  acc 0.2984  val_loss 1.6383  val_acc 0.3035
2026-04-08 18:43:57    epoch   4  loss 1.6942  acc 0.3030  val_loss 1.6287  val_acc 0.3158
2026-04-08 18:44:00    epoch   5  loss 1.6845  acc 0.2995  val_loss 1.6141  val_acc 0.3562
2026-04-08 18:44:04    epoch   6  loss 1.6653  acc 0.3103  val_loss 1.6674  val_acc 0.3093
2026-04-08 18:44:07    epoch   7  loss 1.6696  acc 0.3079  val_loss 1.6015  val_acc 0.3403
2026-04-08 18:44:10    epoch   8  loss 1.6517  acc 0.3195  val_loss 1.6720  val_acc 0.3223
2026-04-08 18:44:13    epoch   9  loss 1.6476  acc 0.3202  val_loss 1.6275  val_acc 0.3259
2026-04-08 18:44:16    epoch  10  loss 1.6574  acc 0.3181  val_loss 1.6286  val_acc 0.3302
2026-04-08 18:44:20    epoch  11  loss 1.6522  acc 0.3198  val_loss 1.6379  val_acc 0.3237
2026-04-08 18:44:23    epoch  12  loss 1.6525  acc 0.3186  val_loss 1.5787  val_acc 0.3482
2026-04-08 18:44:26    epoch  13  loss 1.6492  acc 0.3238  val_loss 1.5845  val_acc 0.3691
2026-04-08 18:44:29    epoch  14  loss 1.6366  acc 0.3222  val_loss 1.5980  val_acc 0.3800
2026-04-08 18:44:33    epoch  15  loss 1.6324  acc 0.3270  val_loss 1.5750  val_acc 0.3547
2026-04-08 18:44:36    epoch  16  loss 1.6366  acc 0.3286  val_loss 1.5797  val_acc 0.3605
2026-04-08 18:44:39    epoch  17  loss 1.6209  acc 0.3342  val_loss 1.5771  val_acc 0.3605
2026-04-08 18:44:42    epoch  18  loss 1.6135  acc 0.3373  val_loss 1.5675  val_acc 0.3605
2026-04-08 18:44:45    epoch  19  loss 1.6230  acc 0.3412  val_loss 1.6046  val_acc 0.3605
2026-04-08 18:44:49    epoch  20  loss 1.6190  acc 0.3433  val_loss 1.5673  val_acc 0.3634
2026-04-08 18:44:52    epoch  21  loss 1.6149  acc 0.3369  val_loss 1.5804  val_acc 0.3497
2026-04-08 18:44:55    epoch  22  loss 1.6109  acc 0.3379  val_loss 1.5961  val_acc 0.3699
2026-04-08 18:44:58    epoch  23  loss 1.6185  acc 0.3357  val_loss 1.6957  val_acc 0.3180
2026-04-08 18:45:02    epoch  24  loss 1.6109  acc 0.3395  val_loss 1.5853  val_acc 0.3511
2026-04-08 18:45:05    epoch  25  loss 1.6056  acc 0.3421  val_loss 1.6386  val_acc 0.3396
2026-04-08 18:45:08    epoch  26  loss 1.5932  acc 0.3476  val_loss 1.5579  val_acc 0.3821
2026-04-08 18:45:11    epoch  27  loss 1.5840  acc 0.3534  val_loss 1.5418  val_acc 0.3735
2026-04-08 18:45:14    epoch  28  loss 1.5827  acc 0.3479  val_loss 1.5785  val_acc 0.3605
2026-04-08 18:45:18    epoch  29  loss 1.5859  acc 0.3542  val_loss 1.5491  val_acc 0.3785
2026-04-08 18:45:21    epoch  30  loss 1.5794  acc 0.3532  val_loss 1.5368  val_acc 0.3735
2026-04-08 18:45:24    epoch  31  loss 1.5821  acc 0.3546  val_loss 1.5430  val_acc 0.3800
2026-04-08 18:45:27    epoch  32  loss 1.5793  acc 0.3624  val_loss 1.5274  val_acc 0.3821
2026-04-08 18:45:30    epoch  33  loss 1.5653  acc 0.3594  val_loss 1.5285  val_acc 0.3677
2026-04-08 18:45:34    epoch  34  loss 1.5732  acc 0.3602  val_loss 1.5211  val_acc 0.3965
2026-04-08 18:45:37    epoch  35  loss 1.5701  acc 0.3619  val_loss 1.5402  val_acc 0.3749
2026-04-08 18:45:40    epoch  36  loss 1.5617  acc 0.3649  val_loss 1.5266  val_acc 0.4095
2026-04-08 18:45:43    epoch  37  loss 1.5664  acc 0.3618  val_loss 1.5267  val_acc 0.3908
2026-04-08 18:45:46    epoch  38  loss 1.5493  acc 0.3695  val_loss 1.5144  val_acc 0.3879
2026-04-08 18:45:50    epoch  39  loss 1.5541  acc 0.3659  val_loss 1.5199  val_acc 0.4066
2026-04-08 18:45:53    epoch  40  loss 1.5571  acc 0.3715  val_loss 1.5170  val_acc 0.3980
2026-04-08 18:45:56    epoch  41  loss 1.5505  acc 0.3705  val_loss 1.5327  val_acc 0.3850
2026-04-08 18:45:59    epoch  42  loss 1.5467  acc 0.3741  val_loss 1.5060  val_acc 0.4016
2026-04-08 18:46:03    epoch  43  loss 1.5534  acc 0.3758  val_loss 1.5086  val_acc 0.4059
2026-04-08 18:46:06    epoch  44  loss 1.5476  acc 0.3823  val_loss 1.4914  val_acc 0.4117
2026-04-08 18:46:09    epoch  45  loss 1.5339  acc 0.3758  val_loss 1.4924  val_acc 0.4095
2026-04-08 18:46:12    epoch  46  loss 1.5376  acc 0.3752  val_loss 1.4953  val_acc 0.4074
2026-04-08 18:46:16    epoch  47  loss 1.5405  acc 0.3818  val_loss 1.5176  val_acc 0.3994
2026-04-08 18:46:19    epoch  48  loss 1.5328  acc 0.3863  val_loss 1.5436  val_acc 0.3749
2026-04-08 18:46:22    epoch  49  loss 1.5354  acc 0.3864  val_loss 1.4905  val_acc 0.4052
2026-04-08 18:46:26    epoch  50  loss 1.5249  acc 0.3880  val_loss 1.6090  val_acc 0.3634
2026-04-08 18:46:29    epoch  51  loss 1.5339  acc 0.3825  val_loss 1.4812  val_acc 0.4196
2026-04-08 18:46:32    epoch  52  loss 1.5210  acc 0.3884  val_loss 1.4741  val_acc 0.4182
2026-04-08 18:46:35    epoch  53  loss 1.5254  acc 0.3847  val_loss 1.4868  val_acc 0.4153
2026-04-08 18:46:38    epoch  54  loss 1.5216  acc 0.3859  val_loss 1.4633  val_acc 0.4247
2026-04-08 18:46:42    epoch  55  loss 1.5234  acc 0.3848  val_loss 1.4970  val_acc 0.4016
2026-04-08 18:46:45    epoch  56  loss 1.5256  acc 0.3886  val_loss 1.5119  val_acc 0.3807
2026-04-08 18:46:48    epoch  57  loss 1.5206  acc 0.3925  val_loss 1.4708  val_acc 0.4174
2026-04-08 18:46:51    epoch  58  loss 1.5243  acc 0.3859  val_loss 1.4859  val_acc 0.4030
2026-04-08 18:46:55    epoch  59  loss 1.5237  acc 0.3846  val_loss 1.4654  val_acc 0.4247
2026-04-08 18:46:58    epoch  60  loss 1.5113  acc 0.4000  val_loss 1.4496  val_acc 0.4311
2026-04-08 18:47:01    epoch  61  loss 1.5019  acc 0.3957  val_loss 1.4569  val_acc 0.4211
2026-04-08 18:47:04    epoch  62  loss 1.4991  acc 0.4003  val_loss 1.4564  val_acc 0.4189
2026-04-08 18:47:08    epoch  63  loss 1.4955  acc 0.3998  val_loss 1.4619  val_acc 0.4203
2026-04-08 18:47:11    epoch  64  loss 1.5007  acc 0.3960  val_loss 1.4559  val_acc 0.4290
2026-04-08 18:47:14    epoch  65  loss 1.4963  acc 0.4021  val_loss 1.4587  val_acc 0.4218
2026-04-08 18:47:17    epoch  66  loss 1.4889  acc 0.4043  val_loss 1.4366  val_acc 0.4384
2026-04-08 18:47:21    epoch  67  loss 1.4810  acc 0.4054  val_loss 1.4407  val_acc 0.4326
2026-04-08 18:47:24    epoch  68  loss 1.4852  acc 0.4044  val_loss 1.4723  val_acc 0.4124
2026-04-08 18:47:27    epoch  69  loss 1.4787  acc 0.4072  val_loss 1.4413  val_acc 0.4247
2026-04-08 18:47:30    epoch  70  loss 1.4928  acc 0.3987  val_loss 1.4415  val_acc 0.4340
2026-04-08 18:47:34    epoch  71  loss 1.4873  acc 0.4037  val_loss 1.4322  val_acc 0.4319
2026-04-08 18:47:37    epoch  72  loss 1.4839  acc 0.4111  val_loss 1.4386  val_acc 0.4283
2026-04-08 18:47:40    epoch  73  loss 1.4849  acc 0.4037  val_loss 1.4391  val_acc 0.4268
2026-04-08 18:47:43    epoch  74  loss 1.4826  acc 0.4062  val_loss 1.4298  val_acc 0.4355
2026-04-08 18:47:47    epoch  75  loss 1.4889  acc 0.4022  val_loss 1.4385  val_acc 0.4355
2026-04-08 18:47:50    epoch  76  loss 1.4851  acc 0.4076  val_loss 1.4353  val_acc 0.4304
2026-04-08 18:47:53    epoch  77  loss 1.4879  acc 0.4053  val_loss 1.4312  val_acc 0.4369
2026-04-08 18:47:56    epoch  78  loss 1.4834  acc 0.4037  val_loss 1.4330  val_acc 0.4319
2026-04-08 18:48:00    epoch  79  loss 1.4826  acc 0.4078  val_loss 1.4383  val_acc 0.4247
2026-04-08 18:48:03    epoch  80  loss 1.4839  acc 0.4098  val_loss 1.4551  val_acc 0.4218
2026-04-08 18:48:06    epoch  81  loss 1.4794  acc 0.4067  val_loss 1.4297  val_acc 0.4376
2026-04-08 18:48:10    epoch  82  loss 1.4714  acc 0.4070  val_loss 1.4348  val_acc 0.4268
2026-04-08 18:48:13    epoch  83  loss 1.4777  acc 0.4098  val_loss 1.4289  val_acc 0.4297
2026-04-08 18:48:17    epoch  84  loss 1.4707  acc 0.4112  val_loss 1.4268  val_acc 0.4319
2026-04-08 18:48:20    epoch  85  loss 1.4743  acc 0.4089  val_loss 1.4299  val_acc 0.4333
2026-04-08 18:48:23    epoch  86  loss 1.4847  acc 0.4094  val_loss 1.4259  val_acc 0.4376
2026-04-08 18:48:27    epoch  87  loss 1.4701  acc 0.4131  val_loss 1.4282  val_acc 0.4326
2026-04-08 18:48:30    epoch  88  loss 1.4727  acc 0.4071  val_loss 1.4286  val_acc 0.4348
2026-04-08 18:48:33    epoch  89  loss 1.4714  acc 0.4103  val_loss 1.4284  val_acc 0.4340
2026-04-08 18:48:36    epoch  90  loss 1.4708  acc 0.4111  val_loss 1.4253  val_acc 0.4340
2026-04-08 18:48:40    epoch  91  loss 1.4694  acc 0.4134  val_loss 1.4306  val_acc 0.4362
2026-04-08 18:48:43    epoch  92  loss 1.4722  acc 0.4181  val_loss 1.4230  val_acc 0.4340
2026-04-08 18:48:46    epoch  93  loss 1.4719  acc 0.4123  val_loss 1.4288  val_acc 0.4376
2026-04-08 18:48:49    epoch  94  loss 1.4715  acc 0.4099  val_loss 1.4364  val_acc 0.4319
2026-04-08 18:48:53    epoch  95  loss 1.4738  acc 0.4088  val_loss 1.4293  val_acc 0.4268
2026-04-08 18:48:56    epoch  96  loss 1.4668  acc 0.4171  val_loss 1.4290  val_acc 0.4362
2026-04-08 18:48:59    epoch  97  loss 1.4760  acc 0.4085  val_loss 1.4375  val_acc 0.4239
2026-04-08 18:49:03    epoch  98  loss 1.4683  acc 0.4130  val_loss 1.4240  val_acc 0.4340
2026-04-08 18:49:06    epoch  99  loss 1.4646  acc 0.4142  val_loss 1.4199  val_acc 0.4376
2026-04-08 18:49:09    epoch 100  loss 1.4616  acc 0.4152  val_loss 1.4300  val_acc 0.4362
2026-04-08 18:49:09    User2 accuracy: 0.4929
2026-04-08 18:49:09    ✓ New best model saved (User2 held out, acc=0.4929)
2026-04-08 18:49:10  ────────────────────────────────────────────────────────────
2026-04-08 18:49:10  LOSO fold — held-out: User3 (775 test windows, 13872 train windows)
2026-04-08 18:49:13    epoch   1  loss 1.8638  acc 0.2577  val_loss 1.6781  val_acc 0.2610
2026-04-08 18:49:17    epoch   2  loss 1.7276  acc 0.2875  val_loss 1.6483  val_acc 0.3050
2026-04-08 18:49:20    epoch   3  loss 1.6943  acc 0.2952  val_loss 1.6172  val_acc 0.3194
2026-04-08 18:49:23    epoch   4  loss 1.6911  acc 0.2981  val_loss 1.5875  val_acc 0.3367
2026-04-08 18:49:27    epoch   5  loss 1.6772  acc 0.3080  val_loss 1.6085  val_acc 0.3461
2026-04-08 18:49:30    epoch   6  loss 1.6638  acc 0.3080  val_loss 1.5923  val_acc 0.3374
2026-04-08 18:49:33    epoch   7  loss 1.6569  acc 0.3136  val_loss 1.5924  val_acc 0.3252
2026-04-08 18:49:36    epoch   8  loss 1.6725  acc 0.3100  val_loss 1.5950  val_acc 0.3288
2026-04-08 18:49:40    epoch   9  loss 1.6527  acc 0.3160  val_loss 1.6043  val_acc 0.3345
2026-04-08 18:49:43    epoch  10  loss 1.6435  acc 0.3240  val_loss 1.5754  val_acc 0.3619
2026-04-08 18:49:46    epoch  11  loss 1.6386  acc 0.3272  val_loss 1.5786  val_acc 0.3562
2026-04-08 18:49:49    epoch  12  loss 1.6383  acc 0.3255  val_loss 1.5909  val_acc 0.3497
2026-04-08 18:49:53    epoch  13  loss 1.6316  acc 0.3284  val_loss 1.5672  val_acc 0.3706
2026-04-08 18:49:56    epoch  14  loss 1.6326  acc 0.3254  val_loss 1.5667  val_acc 0.3367
2026-04-08 18:49:59    epoch  15  loss 1.6309  acc 0.3290  val_loss 1.5620  val_acc 0.3634
2026-04-08 18:50:02    epoch  16  loss 1.6169  acc 0.3369  val_loss 1.5605  val_acc 0.3684
2026-04-08 18:50:06    epoch  17  loss 1.6079  acc 0.3381  val_loss 1.5586  val_acc 0.3576
2026-04-08 18:50:09    epoch  18  loss 1.6118  acc 0.3362  val_loss 1.5528  val_acc 0.3670
2026-04-08 18:50:12    epoch  19  loss 1.6099  acc 0.3374  val_loss 1.6175  val_acc 0.3490
2026-04-08 18:50:15    epoch  20  loss 1.6120  acc 0.3378  val_loss 1.5726  val_acc 0.3634
2026-04-08 18:50:18    epoch  21  loss 1.6062  acc 0.3341  val_loss 1.5581  val_acc 0.3684
2026-04-08 18:50:22    epoch  22  loss 1.6100  acc 0.3380  val_loss 1.5467  val_acc 0.3677
2026-04-08 18:50:25    epoch  23  loss 1.5998  acc 0.3423  val_loss 1.5525  val_acc 0.3569
2026-04-08 18:50:28    epoch  24  loss 1.5996  acc 0.3434  val_loss 1.5437  val_acc 0.3677
2026-04-08 18:50:31    epoch  25  loss 1.5953  acc 0.3461  val_loss 1.5625  val_acc 0.3706
2026-04-08 18:50:35    epoch  26  loss 1.5970  acc 0.3413  val_loss 1.5982  val_acc 0.3540
2026-04-08 18:50:38    epoch  27  loss 1.6010  acc 0.3480  val_loss 1.5447  val_acc 0.3857
2026-04-08 18:50:41    epoch  28  loss 1.5980  acc 0.3451  val_loss 1.5570  val_acc 0.3655
2026-04-08 18:50:44    epoch  29  loss 1.5845  acc 0.3471  val_loss 1.5557  val_acc 0.3771
2026-04-08 18:50:47    epoch  30  loss 1.5830  acc 0.3515  val_loss 1.5487  val_acc 0.3771
2026-04-08 18:50:51    epoch  31  loss 1.5830  acc 0.3506  val_loss 1.5399  val_acc 0.3771
2026-04-08 18:50:54    epoch  32  loss 1.5731  acc 0.3527  val_loss 1.5407  val_acc 0.3699
2026-04-08 18:50:57    epoch  33  loss 1.5712  acc 0.3608  val_loss 1.5261  val_acc 0.3814
2026-04-08 18:51:00    epoch  34  loss 1.5678  acc 0.3546  val_loss 1.5511  val_acc 0.3742
2026-04-08 18:51:03    epoch  35  loss 1.5791  acc 0.3575  val_loss 1.5253  val_acc 0.3814
2026-04-08 18:51:07    epoch  36  loss 1.5719  acc 0.3567  val_loss 1.5317  val_acc 0.3908
2026-04-08 18:51:10    epoch  37  loss 1.5743  acc 0.3540  val_loss 1.5284  val_acc 0.3872
2026-04-08 18:51:13    epoch  38  loss 1.5675  acc 0.3625  val_loss 1.5216  val_acc 0.3958
2026-04-08 18:51:16    epoch  39  loss 1.5699  acc 0.3579  val_loss 1.5187  val_acc 0.3951
2026-04-08 18:51:19    epoch  40  loss 1.5650  acc 0.3601  val_loss 1.5252  val_acc 0.3800
2026-04-08 18:51:23    epoch  41  loss 1.5707  acc 0.3564  val_loss 1.5219  val_acc 0.3922
2026-04-08 18:51:26    epoch  42  loss 1.5681  acc 0.3555  val_loss 1.5221  val_acc 0.3828
2026-04-08 18:51:29    epoch  43  loss 1.5696  acc 0.3575  val_loss 1.5194  val_acc 0.3893
2026-04-08 18:51:32    epoch  44  loss 1.5621  acc 0.3596  val_loss 1.5500  val_acc 0.3749
2026-04-08 18:51:36    epoch  45  loss 1.5600  acc 0.3700  val_loss 1.5135  val_acc 0.3958
2026-04-08 18:51:39    epoch  46  loss 1.5567  acc 0.3650  val_loss 1.5110  val_acc 0.3965
2026-04-08 18:51:42    epoch  47  loss 1.5558  acc 0.3684  val_loss 1.5309  val_acc 0.3958
2026-04-08 18:51:45    epoch  48  loss 1.5522  acc 0.3658  val_loss 1.5101  val_acc 0.3893
2026-04-08 18:51:48    epoch  49  loss 1.5556  acc 0.3628  val_loss 1.5221  val_acc 0.3764
2026-04-08 18:51:52    epoch  50  loss 1.5497  acc 0.3672  val_loss 1.5099  val_acc 0.4023
2026-04-08 18:51:55    epoch  51  loss 1.5528  acc 0.3668  val_loss 1.5105  val_acc 0.3965
2026-04-08 18:51:58    epoch  52  loss 1.5501  acc 0.3665  val_loss 1.5109  val_acc 0.4009
2026-04-08 18:52:01    epoch  53  loss 1.5516  acc 0.3674  val_loss 1.5197  val_acc 0.3915
2026-04-08 18:52:04    epoch  54  loss 1.5487  acc 0.3676  val_loss 1.5176  val_acc 0.4016
2026-04-08 18:52:08    epoch  55  loss 1.5440  acc 0.3653  val_loss 1.5074  val_acc 0.3980
2026-04-08 18:52:11    epoch  56  loss 1.5525  acc 0.3693  val_loss 1.5028  val_acc 0.3987
2026-04-08 18:52:14    epoch  57  loss 1.5459  acc 0.3716  val_loss 1.5123  val_acc 0.3850
2026-04-08 18:52:17    epoch  58  loss 1.5397  acc 0.3717  val_loss 1.5050  val_acc 0.4037
2026-04-08 18:52:21    epoch  59  loss 1.5456  acc 0.3687  val_loss 1.5044  val_acc 0.4059
2026-04-08 18:52:24    epoch  60  loss 1.5460  acc 0.3689  val_loss 1.5047  val_acc 0.3994
2026-04-08 18:52:27    epoch  61  loss 1.5501  acc 0.3691  val_loss 1.5123  val_acc 0.3937
2026-04-08 18:52:30    epoch  62  loss 1.5423  acc 0.3713  val_loss 1.4990  val_acc 0.4066
2026-04-08 18:52:34    epoch  63  loss 1.5399  acc 0.3684  val_loss 1.4977  val_acc 0.4081
2026-04-08 18:52:37    epoch  64  loss 1.5363  acc 0.3729  val_loss 1.5021  val_acc 0.3980
2026-04-08 18:52:40    epoch  65  loss 1.5386  acc 0.3724  val_loss 1.4981  val_acc 0.4088
2026-04-08 18:52:43    epoch  66  loss 1.5338  acc 0.3801  val_loss 1.4998  val_acc 0.4037
2026-04-08 18:52:47    epoch  67  loss 1.5337  acc 0.3698  val_loss 1.4978  val_acc 0.4009
2026-04-08 18:52:50    epoch  68  loss 1.5450  acc 0.3761  val_loss 1.5022  val_acc 0.3922
2026-04-08 18:52:53    epoch  69  loss 1.5363  acc 0.3704  val_loss 1.4958  val_acc 0.4124
2026-04-08 18:52:56    epoch  70  loss 1.5325  acc 0.3757  val_loss 1.5114  val_acc 0.3951
2026-04-08 18:53:00    epoch  71  loss 1.5414  acc 0.3701  val_loss 1.4996  val_acc 0.4009
2026-04-08 18:53:03    epoch  72  loss 1.5292  acc 0.3740  val_loss 1.5450  val_acc 0.3749
2026-04-08 18:53:06    epoch  73  loss 1.5309  acc 0.3783  val_loss 1.4934  val_acc 0.4117
2026-04-08 18:53:09    epoch  74  loss 1.5403  acc 0.3713  val_loss 1.4953  val_acc 0.4059
2026-04-08 18:53:13    epoch  75  loss 1.5339  acc 0.3775  val_loss 1.5015  val_acc 0.4016
2026-04-08 18:53:16    epoch  76  loss 1.5350  acc 0.3732  val_loss 1.5134  val_acc 0.3872
2026-04-08 18:53:19    epoch  77  loss 1.5300  acc 0.3784  val_loss 1.4934  val_acc 0.4066
2026-04-08 18:53:22    epoch  78  loss 1.5395  acc 0.3717  val_loss 1.4969  val_acc 0.3980
2026-04-08 18:53:26    epoch  79  loss 1.5331  acc 0.3740  val_loss 1.4935  val_acc 0.4110
2026-04-08 18:53:29    epoch  80  loss 1.5345  acc 0.3754  val_loss 1.5103  val_acc 0.3994
2026-04-08 18:53:32    epoch  81  loss 1.5347  acc 0.3772  val_loss 1.4938  val_acc 0.4059
2026-04-08 18:53:32    Early stopping at epoch 81
2026-04-08 18:53:32    User3 accuracy: 0.4065
2026-04-08 18:53:33  ────────────────────────────────────────────────────────────
2026-04-08 18:53:33  LOSO fold — held-out: User4 (821 test windows, 13826 train windows)
2026-04-08 18:53:36    epoch   1  loss 1.8711  acc 0.2455  val_loss 1.7257  val_acc 0.2808
2026-04-08 18:53:39    epoch   2  loss 1.7343  acc 0.2870  val_loss 1.7358  val_acc 0.2865
2026-04-08 18:53:42    epoch   3  loss 1.7024  acc 0.2969  val_loss 1.6582  val_acc 0.2938
2026-04-08 18:53:46    epoch   4  loss 1.6942  acc 0.2957  val_loss 1.6567  val_acc 0.3169
2026-04-08 18:53:49    epoch   5  loss 1.6797  acc 0.3006  val_loss 1.6574  val_acc 0.3133
2026-04-08 18:53:52    epoch   6  loss 1.6800  acc 0.3098  val_loss 1.6686  val_acc 0.3249
2026-04-08 18:53:55    epoch   7  loss 1.6686  acc 0.3163  val_loss 1.6375  val_acc 0.3155
2026-04-08 18:53:58    epoch   8  loss 1.6519  acc 0.3203  val_loss 1.6067  val_acc 0.3242
2026-04-08 18:54:02    epoch   9  loss 1.6459  acc 0.3210  val_loss 1.6381  val_acc 0.3126
2026-04-08 18:54:05    epoch  10  loss 1.6453  acc 0.3245  val_loss 1.6091  val_acc 0.3343
2026-04-08 18:54:08    epoch  11  loss 1.6563  acc 0.3206  val_loss 1.6177  val_acc 0.3263
2026-04-08 18:54:11    epoch  12  loss 1.6372  acc 0.3356  val_loss 1.6185  val_acc 0.3271
2026-04-08 18:54:14    epoch  13  loss 1.6290  acc 0.3322  val_loss 1.5985  val_acc 0.3480
2026-04-08 18:54:18    epoch  14  loss 1.6322  acc 0.3375  val_loss 1.6261  val_acc 0.3234
2026-04-08 18:54:21    epoch  15  loss 1.6254  acc 0.3430  val_loss 1.5864  val_acc 0.3553
2026-04-08 18:54:24    epoch  16  loss 1.6253  acc 0.3408  val_loss 1.6276  val_acc 0.3321
2026-04-08 18:54:27    epoch  17  loss 1.6233  acc 0.3407  val_loss 1.5983  val_acc 0.3538
2026-04-08 18:54:30    epoch  18  loss 1.6171  acc 0.3429  val_loss 1.5820  val_acc 0.3531
2026-04-08 18:54:34    epoch  19  loss 1.6162  acc 0.3443  val_loss 1.5794  val_acc 0.3603
2026-04-08 18:54:37    epoch  20  loss 1.6082  acc 0.3381  val_loss 1.6046  val_acc 0.3524
2026-04-08 18:54:40    epoch  21  loss 1.6005  acc 0.3521  val_loss 1.5748  val_acc 0.3480
2026-04-08 18:54:43    epoch  22  loss 1.6067  acc 0.3444  val_loss 1.5889  val_acc 0.3459
2026-04-08 18:54:46    epoch  23  loss 1.6071  acc 0.3415  val_loss 1.5740  val_acc 0.3654
2026-04-08 18:54:50    epoch  24  loss 1.6018  acc 0.3562  val_loss 1.5748  val_acc 0.3589
2026-04-08 18:54:53    epoch  25  loss 1.5916  acc 0.3554  val_loss 1.6421  val_acc 0.3314
2026-04-08 18:54:56    epoch  26  loss 1.5917  acc 0.3517  val_loss 1.5640  val_acc 0.3849
2026-04-08 18:54:59    epoch  27  loss 1.5962  acc 0.3537  val_loss 1.5587  val_acc 0.3676
2026-04-08 18:55:03    epoch  28  loss 1.5931  acc 0.3518  val_loss 1.5800  val_acc 0.3575
2026-04-08 18:55:06    epoch  29  loss 1.5814  acc 0.3574  val_loss 1.5727  val_acc 0.3777
2026-04-08 18:55:09    epoch  30  loss 1.5811  acc 0.3640  val_loss 1.5660  val_acc 0.3799
2026-04-08 18:55:12    epoch  31  loss 1.5755  acc 0.3650  val_loss 1.5523  val_acc 0.3676
2026-04-08 18:55:15    epoch  32  loss 1.5820  acc 0.3601  val_loss 1.5437  val_acc 0.3683
2026-04-08 18:55:19    epoch  33  loss 1.5789  acc 0.3635  val_loss 1.6033  val_acc 0.3408
2026-04-08 18:55:22    epoch  34  loss 1.5695  acc 0.3636  val_loss 1.5317  val_acc 0.3777
2026-04-08 18:55:25    epoch  35  loss 1.5663  acc 0.3734  val_loss 1.5544  val_acc 0.3603
2026-04-08 18:55:28    epoch  36  loss 1.5635  acc 0.3709  val_loss 1.5644  val_acc 0.3734
2026-04-08 18:55:32    epoch  37  loss 1.5531  acc 0.3797  val_loss 1.5886  val_acc 0.3546
2026-04-08 18:55:35    epoch  38  loss 1.5572  acc 0.3819  val_loss 1.5078  val_acc 0.4038
2026-04-08 18:55:38    epoch  39  loss 1.5553  acc 0.3759  val_loss 1.5157  val_acc 0.3878
2026-04-08 18:55:41    epoch  40  loss 1.5421  acc 0.3804  val_loss 1.5175  val_acc 0.3799
2026-04-08 18:55:44    epoch  41  loss 1.5552  acc 0.3804  val_loss 1.5067  val_acc 0.3900
2026-04-08 18:55:48    epoch  42  loss 1.5382  acc 0.3862  val_loss 1.5008  val_acc 0.3936
2026-04-08 18:55:51    epoch  43  loss 1.5364  acc 0.3852  val_loss 1.5733  val_acc 0.3712
2026-04-08 18:55:54    epoch  44  loss 1.5403  acc 0.3897  val_loss 1.5336  val_acc 0.3705
2026-04-08 18:55:57    epoch  45  loss 1.5417  acc 0.3888  val_loss 1.5046  val_acc 0.3973
2026-04-08 18:56:00    epoch  46  loss 1.5354  acc 0.3848  val_loss 1.4945  val_acc 0.3922
2026-04-08 18:56:04    epoch  47  loss 1.5353  acc 0.3880  val_loss 1.5140  val_acc 0.3915
2026-04-08 18:56:07    epoch  48  loss 1.5328  acc 0.3890  val_loss 1.5230  val_acc 0.3864
2026-04-08 18:56:10    epoch  49  loss 1.5240  acc 0.3899  val_loss 1.5131  val_acc 0.3907
2026-04-08 18:56:13    epoch  50  loss 1.5226  acc 0.3934  val_loss 1.5175  val_acc 0.3799
2026-04-08 18:56:16    epoch  51  loss 1.5268  acc 0.3910  val_loss 1.5156  val_acc 0.3900
2026-04-08 18:56:20    epoch  52  loss 1.4991  acc 0.4016  val_loss 1.4885  val_acc 0.4081
2026-04-08 18:56:23    epoch  53  loss 1.4927  acc 0.4098  val_loss 1.4685  val_acc 0.4146
2026-04-08 18:56:26    epoch  54  loss 1.5057  acc 0.3991  val_loss 1.4742  val_acc 0.4038
2026-04-08 18:56:29    epoch  55  loss 1.4944  acc 0.4060  val_loss 1.5151  val_acc 0.3835
2026-04-08 18:56:32    epoch  56  loss 1.4924  acc 0.4073  val_loss 1.4714  val_acc 0.4045
2026-04-08 18:56:36    epoch  57  loss 1.5073  acc 0.4033  val_loss 1.4942  val_acc 0.4059
2026-04-08 18:56:39    epoch  58  loss 1.4939  acc 0.4082  val_loss 1.4666  val_acc 0.4038
2026-04-08 18:56:42    epoch  59  loss 1.4933  acc 0.4083  val_loss 1.4694  val_acc 0.4074
2026-04-08 18:56:45    epoch  60  loss 1.4886  acc 0.4072  val_loss 1.4618  val_acc 0.4182
2026-04-08 18:56:48    epoch  61  loss 1.4933  acc 0.4050  val_loss 1.4577  val_acc 0.4168
2026-04-08 18:56:52    epoch  62  loss 1.4874  acc 0.4071  val_loss 1.4635  val_acc 0.4096
2026-04-08 18:56:55    epoch  63  loss 1.4828  acc 0.4109  val_loss 1.4535  val_acc 0.4161
2026-04-08 18:56:58    epoch  64  loss 1.4889  acc 0.4075  val_loss 1.4659  val_acc 0.4211
2026-04-08 18:57:01    epoch  65  loss 1.4911  acc 0.4083  val_loss 1.4461  val_acc 0.4269
2026-04-08 18:57:05    epoch  66  loss 1.4906  acc 0.4069  val_loss 1.4518  val_acc 0.4233
2026-04-08 18:57:08    epoch  67  loss 1.4821  acc 0.4094  val_loss 1.4916  val_acc 0.4110
2026-04-08 18:57:11    epoch  68  loss 1.4842  acc 0.4117  val_loss 1.4500  val_acc 0.4001
2026-04-08 18:57:14    epoch  69  loss 1.4811  acc 0.4090  val_loss 1.4519  val_acc 0.4233
2026-04-08 18:57:18    epoch  70  loss 1.4819  acc 0.4088  val_loss 1.4671  val_acc 0.4117
2026-04-08 18:57:21    epoch  71  loss 1.4764  acc 0.4120  val_loss 1.4385  val_acc 0.4298
2026-04-08 18:57:24    epoch  72  loss 1.4704  acc 0.4136  val_loss 1.4656  val_acc 0.4284
2026-04-08 18:57:27    epoch  73  loss 1.4534  acc 0.4188  val_loss 1.4479  val_acc 0.4276
2026-04-08 18:57:31    epoch  74  loss 1.4624  acc 0.4146  val_loss 1.4470  val_acc 0.4182
2026-04-08 18:57:34    epoch  75  loss 1.4698  acc 0.4143  val_loss 1.4440  val_acc 0.4139
2026-04-08 18:57:37    epoch  76  loss 1.4544  acc 0.4260  val_loss 1.4498  val_acc 0.4096
2026-04-08 18:57:40    epoch  77  loss 1.4568  acc 0.4184  val_loss 1.4327  val_acc 0.4334
2026-04-08 18:57:43    epoch  78  loss 1.4578  acc 0.4205  val_loss 1.4274  val_acc 0.4370
2026-04-08 18:57:47    epoch  79  loss 1.4483  acc 0.4216  val_loss 1.4266  val_acc 0.4407
2026-04-08 18:57:50    epoch  80  loss 1.4490  acc 0.4261  val_loss 1.4264  val_acc 0.4363
2026-04-08 18:57:53    epoch  81  loss 1.4528  acc 0.4219  val_loss 1.4350  val_acc 0.4313
2026-04-08 18:57:57    epoch  82  loss 1.4523  acc 0.4244  val_loss 1.4182  val_acc 0.4363
2026-04-08 18:58:00    epoch  83  loss 1.4494  acc 0.4280  val_loss 1.4293  val_acc 0.4356
2026-04-08 18:58:03    epoch  84  loss 1.4496  acc 0.4237  val_loss 1.4297  val_acc 0.4320
2026-04-08 18:58:07    epoch  85  loss 1.4601  acc 0.4206  val_loss 1.4209  val_acc 0.4363
2026-04-08 18:58:10    epoch  86  loss 1.4567  acc 0.4220  val_loss 1.4282  val_acc 0.4356
2026-04-08 18:58:13    epoch  87  loss 1.4494  acc 0.4210  val_loss 1.4376  val_acc 0.4378
2026-04-08 18:58:16    epoch  88  loss 1.4479  acc 0.4262  val_loss 1.4189  val_acc 0.4349
2026-04-08 18:58:19    epoch  89  loss 1.4424  acc 0.4249  val_loss 1.4229  val_acc 0.4298
2026-04-08 18:58:23    epoch  90  loss 1.4448  acc 0.4241  val_loss 1.4313  val_acc 0.4255
2026-04-08 18:58:23    Early stopping at epoch 90
2026-04-08 18:58:23    User4 accuracy: 0.3605
2026-04-08 18:58:23  ────────────────────────────────────────────────────────────
2026-04-08 18:58:23  LOSO fold — held-out: User5 (808 test windows, 13839 train windows)
2026-04-08 18:58:27    epoch   1  loss 1.8748  acc 0.2444  val_loss 1.6638  val_acc 0.3073
2026-04-08 18:58:30    epoch   2  loss 1.7353  acc 0.2790  val_loss 1.6140  val_acc 0.3232
2026-04-08 18:58:33    epoch   3  loss 1.6865  acc 0.2999  val_loss 1.5889  val_acc 0.3261
2026-04-08 18:58:36    epoch   4  loss 1.6813  acc 0.3084  val_loss 1.5959  val_acc 0.3131
2026-04-08 18:58:39    epoch   5  loss 1.6719  acc 0.3078  val_loss 1.5685  val_acc 0.3290
2026-04-08 18:58:43    epoch   6  loss 1.6624  acc 0.3178  val_loss 1.5792  val_acc 0.3232
2026-04-08 18:58:46    epoch   7  loss 1.6620  acc 0.3233  val_loss 1.5698  val_acc 0.3500
2026-04-08 18:58:49    epoch   8  loss 1.6548  acc 0.3217  val_loss 1.6504  val_acc 0.3030
2026-04-08 18:58:52    epoch   9  loss 1.6494  acc 0.3202  val_loss 1.5816  val_acc 0.3268
2026-04-08 18:58:56    epoch  10  loss 1.6435  acc 0.3296  val_loss 1.5671  val_acc 0.3500
2026-04-08 18:58:59    epoch  11  loss 1.6332  acc 0.3377  val_loss 1.5725  val_acc 0.3623
2026-04-08 18:59:02    epoch  12  loss 1.6317  acc 0.3337  val_loss 1.5985  val_acc 0.3189
2026-04-08 18:59:05    epoch  13  loss 1.6315  acc 0.3360  val_loss 1.6041  val_acc 0.3268
2026-04-08 18:59:09    epoch  14  loss 1.6338  acc 0.3335  val_loss 1.5500  val_acc 0.3753
2026-04-08 18:59:12    epoch  15  loss 1.6209  acc 0.3359  val_loss 1.5609  val_acc 0.3536
2026-04-08 18:59:15    epoch  16  loss 1.6264  acc 0.3386  val_loss 1.5632  val_acc 0.3362
2026-04-08 18:59:18    epoch  17  loss 1.6213  acc 0.3391  val_loss 1.5561  val_acc 0.3319
2026-04-08 18:59:21    epoch  18  loss 1.6254  acc 0.3397  val_loss 1.5469  val_acc 0.3572
2026-04-08 18:59:25    epoch  19  loss 1.6134  acc 0.3420  val_loss 1.5397  val_acc 0.3435
2026-04-08 18:59:28    epoch  20  loss 1.6082  acc 0.3488  val_loss 1.5381  val_acc 0.3601
2026-04-08 18:59:31    epoch  21  loss 1.6077  acc 0.3479  val_loss 1.5415  val_acc 0.3623
2026-04-08 18:59:34    epoch  22  loss 1.6013  acc 0.3438  val_loss 1.5460  val_acc 0.3471
2026-04-08 18:59:37    epoch  23  loss 1.6008  acc 0.3504  val_loss 1.5408  val_acc 0.3384
2026-04-08 18:59:41    epoch  24  loss 1.6048  acc 0.3443  val_loss 1.5547  val_acc 0.3348
2026-04-08 18:59:44    epoch  25  loss 1.6008  acc 0.3482  val_loss 1.5442  val_acc 0.3565
2026-04-08 18:59:47    epoch  26  loss 1.5851  acc 0.3643  val_loss 1.5217  val_acc 0.3796
2026-04-08 18:59:50    epoch  27  loss 1.5789  acc 0.3564  val_loss 1.5146  val_acc 0.3688
2026-04-08 18:59:54    epoch  28  loss 1.5857  acc 0.3555  val_loss 1.5216  val_acc 0.3818
2026-04-08 18:59:57    epoch  29  loss 1.5769  acc 0.3594  val_loss 1.5257  val_acc 0.3579
2026-04-08 19:00:00    epoch  30  loss 1.5774  acc 0.3634  val_loss 1.5338  val_acc 0.3391
2026-04-08 19:00:03    epoch  31  loss 1.5776  acc 0.3593  val_loss 1.5353  val_acc 0.3688
2026-04-08 19:00:06    epoch  32  loss 1.5790  acc 0.3587  val_loss 1.5290  val_acc 0.3565
2026-04-08 19:00:10    epoch  33  loss 1.5731  acc 0.3648  val_loss 1.5033  val_acc 0.3782
2026-04-08 19:00:13    epoch  34  loss 1.5671  acc 0.3690  val_loss 1.5169  val_acc 0.3637
2026-04-08 19:00:16    epoch  35  loss 1.5697  acc 0.3682  val_loss 1.5040  val_acc 0.3717
2026-04-08 19:00:19    epoch  36  loss 1.5633  acc 0.3662  val_loss 1.5119  val_acc 0.3608
2026-04-08 19:00:22    epoch  37  loss 1.5570  acc 0.3654  val_loss 1.5037  val_acc 0.3890
2026-04-08 19:00:25    epoch  38  loss 1.5571  acc 0.3717  val_loss 1.5096  val_acc 0.3630
2026-04-08 19:00:29    epoch  39  loss 1.5602  acc 0.3729  val_loss 1.4981  val_acc 0.3832
2026-04-08 19:00:32    epoch  40  loss 1.5533  acc 0.3750  val_loss 1.4939  val_acc 0.3868
2026-04-08 19:00:35    epoch  41  loss 1.5589  acc 0.3748  val_loss 1.4969  val_acc 0.3702
2026-04-08 19:00:38    epoch  42  loss 1.5545  acc 0.3764  val_loss 1.4956  val_acc 0.3767
2026-04-08 19:00:41    epoch  43  loss 1.5566  acc 0.3737  val_loss 1.4985  val_acc 0.3637
2026-04-08 19:00:44    epoch  44  loss 1.5583  acc 0.3709  val_loss 1.4974  val_acc 0.3644
2026-04-08 19:00:48    epoch  45  loss 1.5506  acc 0.3764  val_loss 1.4939  val_acc 0.3767
2026-04-08 19:00:51    epoch  46  loss 1.5428  acc 0.3768  val_loss 1.4890  val_acc 0.3861
2026-04-08 19:00:54    epoch  47  loss 1.5486  acc 0.3712  val_loss 1.4882  val_acc 0.3883
2026-04-08 19:00:57    epoch  48  loss 1.5463  acc 0.3751  val_loss 1.4888  val_acc 0.3745
2026-04-08 19:01:01    epoch  49  loss 1.5417  acc 0.3747  val_loss 1.4879  val_acc 0.3738
2026-04-08 19:01:04    epoch  50  loss 1.5451  acc 0.3760  val_loss 1.4863  val_acc 0.3832
2026-04-08 19:01:07    epoch  51  loss 1.5499  acc 0.3791  val_loss 1.4858  val_acc 0.3818
2026-04-08 19:01:10    epoch  52  loss 1.5421  acc 0.3786  val_loss 1.5027  val_acc 0.3738
2026-04-08 19:01:14    epoch  53  loss 1.5440  acc 0.3813  val_loss 1.4867  val_acc 0.3818
2026-04-08 19:01:17    epoch  54  loss 1.5441  acc 0.3749  val_loss 1.4860  val_acc 0.3811
2026-04-08 19:01:20    epoch  55  loss 1.5430  acc 0.3731  val_loss 1.4889  val_acc 0.3745
2026-04-08 19:01:23    epoch  56  loss 1.5400  acc 0.3782  val_loss 1.4854  val_acc 0.3767
2026-04-08 19:01:26    epoch  57  loss 1.5416  acc 0.3740  val_loss 1.4851  val_acc 0.3803
2026-04-08 19:01:30    epoch  58  loss 1.5418  acc 0.3801  val_loss 1.4993  val_acc 0.3651
2026-04-08 19:01:33    epoch  59  loss 1.5435  acc 0.3764  val_loss 1.4946  val_acc 0.3738
2026-04-08 19:01:36    epoch  60  loss 1.5447  acc 0.3785  val_loss 1.4934  val_acc 0.3803
2026-04-08 19:01:39    epoch  61  loss 1.5400  acc 0.3766  val_loss 1.4824  val_acc 0.3847
2026-04-08 19:01:42    epoch  62  loss 1.5365  acc 0.3764  val_loss 1.4946  val_acc 0.3688
2026-04-08 19:01:46    epoch  63  loss 1.5397  acc 0.3795  val_loss 1.4835  val_acc 0.3811
2026-04-08 19:01:49    epoch  64  loss 1.5378  acc 0.3781  val_loss 1.4813  val_acc 0.3811
2026-04-08 19:01:52    epoch  65  loss 1.5388  acc 0.3773  val_loss 1.4806  val_acc 0.3912
2026-04-08 19:01:55    epoch  66  loss 1.5451  acc 0.3762  val_loss 1.4821  val_acc 0.3789
2026-04-08 19:01:58    epoch  67  loss 1.5362  acc 0.3817  val_loss 1.4904  val_acc 0.3695
2026-04-08 19:02:02    epoch  68  loss 1.5359  acc 0.3736  val_loss 1.4828  val_acc 0.3796
2026-04-08 19:02:05    epoch  69  loss 1.5423  acc 0.3760  val_loss 1.4967  val_acc 0.3717
2026-04-08 19:02:08    epoch  70  loss 1.5436  acc 0.3791  val_loss 1.4804  val_acc 0.3883
2026-04-08 19:02:11    epoch  71  loss 1.5394  acc 0.3754  val_loss 1.4988  val_acc 0.3745
2026-04-08 19:02:15    epoch  72  loss 1.5326  acc 0.3820  val_loss 1.4833  val_acc 0.3861
2026-04-08 19:02:18    epoch  73  loss 1.5399  acc 0.3755  val_loss 1.4834  val_acc 0.3738
2026-04-08 19:02:21    epoch  74  loss 1.5263  acc 0.3853  val_loss 1.4860  val_acc 0.3782
2026-04-08 19:02:24    epoch  75  loss 1.5332  acc 0.3829  val_loss 1.4840  val_acc 0.3818
2026-04-08 19:02:28    epoch  76  loss 1.5333  acc 0.3811  val_loss 1.5292  val_acc 0.3651
2026-04-08 19:02:31    epoch  77  loss 1.5363  acc 0.3805  val_loss 1.4812  val_acc 0.3883
2026-04-08 19:02:34    epoch  78  loss 1.5333  acc 0.3785  val_loss 1.4810  val_acc 0.3825
2026-04-08 19:02:34    Early stopping at epoch 78
2026-04-08 19:02:34    User5 accuracy: 0.3861
2026-04-08 19:02:35  ────────────────────────────────────────────────────────────
2026-04-08 19:02:35  LOSO fold — held-out: User6 (788 test windows, 13859 train windows)
2026-04-08 19:02:38    epoch   1  loss 1.8692  acc 0.2542  val_loss 1.6934  val_acc 0.3032
2026-04-08 19:02:41    epoch   2  loss 1.7185  acc 0.2890  val_loss 1.7036  val_acc 0.2852
2026-04-08 19:02:44    epoch   3  loss 1.6880  acc 0.2956  val_loss 1.6583  val_acc 0.3097
2026-04-08 19:02:48    epoch   4  loss 1.6732  acc 0.3053  val_loss 1.6340  val_acc 0.3242
2026-04-08 19:02:51    epoch   5  loss 1.6617  acc 0.3052  val_loss 1.6090  val_acc 0.3184
2026-04-08 19:02:54    epoch   6  loss 1.6549  acc 0.3113  val_loss 1.6080  val_acc 0.3372
2026-04-08 19:02:57    epoch   7  loss 1.6501  acc 0.3197  val_loss 1.6283  val_acc 0.3365
2026-04-08 19:03:00    epoch   8  loss 1.6426  acc 0.3202  val_loss 1.5941  val_acc 0.3437
2026-04-08 19:03:04    epoch   9  loss 1.6418  acc 0.3247  val_loss 1.5952  val_acc 0.3401
2026-04-08 19:03:07    epoch  10  loss 1.6327  acc 0.3259  val_loss 1.6126  val_acc 0.3502
2026-04-08 19:03:10    epoch  11  loss 1.6272  acc 0.3333  val_loss 1.5900  val_acc 0.3588
2026-04-08 19:03:13    epoch  12  loss 1.6243  acc 0.3315  val_loss 1.6044  val_acc 0.3437
2026-04-08 19:03:16    epoch  13  loss 1.6253  acc 0.3333  val_loss 1.5909  val_acc 0.3386
2026-04-08 19:03:20    epoch  14  loss 1.6160  acc 0.3314  val_loss 1.5924  val_acc 0.3343
2026-04-08 19:03:23    epoch  15  loss 1.6104  acc 0.3413  val_loss 1.5928  val_acc 0.3610
2026-04-08 19:03:26    epoch  16  loss 1.6120  acc 0.3408  val_loss 1.5778  val_acc 0.3415
2026-04-08 19:03:29    epoch  17  loss 1.6138  acc 0.3387  val_loss 1.5876  val_acc 0.3632
2026-04-08 19:03:33    epoch  18  loss 1.6073  acc 0.3389  val_loss 1.5787  val_acc 0.3560
2026-04-08 19:03:36    epoch  19  loss 1.5992  acc 0.3418  val_loss 1.5708  val_acc 0.3502
2026-04-08 19:03:39    epoch  20  loss 1.6035  acc 0.3462  val_loss 1.5559  val_acc 0.3610
2026-04-08 19:03:42    epoch  21  loss 1.5915  acc 0.3496  val_loss 1.5729  val_acc 0.3487
2026-04-08 19:03:45    epoch  22  loss 1.5930  acc 0.3495  val_loss 1.5473  val_acc 0.3668
2026-04-08 19:03:49    epoch  23  loss 1.6063  acc 0.3475  val_loss 1.5494  val_acc 0.3805
2026-04-08 19:03:52    epoch  24  loss 1.5981  acc 0.3478  val_loss 1.5513  val_acc 0.3646
2026-04-08 19:03:55    epoch  25  loss 1.5884  acc 0.3546  val_loss 1.5403  val_acc 0.3863
2026-04-08 19:03:58    epoch  26  loss 1.5905  acc 0.3554  val_loss 1.6013  val_acc 0.3625
2026-04-08 19:04:02    epoch  27  loss 1.5833  acc 0.3552  val_loss 1.5547  val_acc 0.3682
2026-04-08 19:04:05    epoch  28  loss 1.5843  acc 0.3607  val_loss 1.5529  val_acc 0.3769
2026-04-08 19:04:08    epoch  29  loss 1.5678  acc 0.3588  val_loss 1.5285  val_acc 0.3834
2026-04-08 19:04:11    epoch  30  loss 1.5706  acc 0.3658  val_loss 1.5338  val_acc 0.3682
2026-04-08 19:04:15    epoch  31  loss 1.5672  acc 0.3686  val_loss 1.5241  val_acc 0.3935
2026-04-08 19:04:18    epoch  32  loss 1.5711  acc 0.3636  val_loss 1.5195  val_acc 0.3935
2026-04-08 19:04:21    epoch  33  loss 1.5584  acc 0.3683  val_loss 1.5092  val_acc 0.3841
2026-04-08 19:04:24    epoch  34  loss 1.5527  acc 0.3713  val_loss 1.5985  val_acc 0.3545
2026-04-08 19:04:27    epoch  35  loss 1.5620  acc 0.3645  val_loss 1.5412  val_acc 0.3783
2026-04-08 19:04:31    epoch  36  loss 1.5571  acc 0.3743  val_loss 1.5617  val_acc 0.3646
2026-04-08 19:04:34    epoch  37  loss 1.5503  acc 0.3740  val_loss 1.5358  val_acc 0.3899
2026-04-08 19:04:37    epoch  38  loss 1.5496  acc 0.3757  val_loss 1.5236  val_acc 0.3718
2026-04-08 19:04:40    epoch  39  loss 1.5307  acc 0.3857  val_loss 1.4863  val_acc 0.4101
2026-04-08 19:04:43    epoch  40  loss 1.5243  acc 0.3850  val_loss 1.4819  val_acc 0.4051
2026-04-08 19:04:47    epoch  41  loss 1.5302  acc 0.3821  val_loss 1.4932  val_acc 0.4036
2026-04-08 19:04:50    epoch  42  loss 1.5214  acc 0.3903  val_loss 1.5123  val_acc 0.3805
2026-04-08 19:04:53    epoch  43  loss 1.5097  acc 0.3921  val_loss 1.4709  val_acc 0.4065
2026-04-08 19:04:56    epoch  44  loss 1.5160  acc 0.3903  val_loss 1.4732  val_acc 0.4029
2026-04-08 19:04:59    epoch  45  loss 1.5155  acc 0.3932  val_loss 1.4708  val_acc 0.4000
2026-04-08 19:05:03    epoch  46  loss 1.5106  acc 0.3904  val_loss 1.4881  val_acc 0.4072
2026-04-08 19:05:06    epoch  47  loss 1.5229  acc 0.3885  val_loss 1.4603  val_acc 0.4116
2026-04-08 19:05:09    epoch  48  loss 1.5166  acc 0.3878  val_loss 1.4759  val_acc 0.4152
2026-04-08 19:05:12    epoch  49  loss 1.5123  acc 0.3916  val_loss 1.4715  val_acc 0.4000
2026-04-08 19:05:16    epoch  50  loss 1.5088  acc 0.3939  val_loss 1.4602  val_acc 0.4065
2026-04-08 19:05:19    epoch  51  loss 1.5172  acc 0.3957  val_loss 1.4714  val_acc 0.4014
2026-04-08 19:05:22    epoch  52  loss 1.5073  acc 0.3978  val_loss 1.4632  val_acc 0.4065
2026-04-08 19:05:25    epoch  53  loss 1.5033  acc 0.4052  val_loss 1.4753  val_acc 0.3935
2026-04-08 19:05:29    epoch  54  loss 1.5103  acc 0.3924  val_loss 1.4601  val_acc 0.4058
2026-04-08 19:05:32    epoch  55  loss 1.5061  acc 0.3979  val_loss 1.4508  val_acc 0.4181
2026-04-08 19:05:35    epoch  56  loss 1.5092  acc 0.3948  val_loss 1.4578  val_acc 0.4101
2026-04-08 19:05:38    epoch  57  loss 1.5005  acc 0.3963  val_loss 1.4503  val_acc 0.4079
2026-04-08 19:05:41    epoch  58  loss 1.5026  acc 0.3987  val_loss 1.4845  val_acc 0.3949
2026-04-08 19:05:45    epoch  59  loss 1.5084  acc 0.4005  val_loss 1.4602  val_acc 0.4094
2026-04-08 19:05:48    epoch  60  loss 1.5010  acc 0.3970  val_loss 1.4474  val_acc 0.4195
2026-04-08 19:05:51    epoch  61  loss 1.4971  acc 0.4026  val_loss 1.4555  val_acc 0.4022
2026-04-08 19:05:54    epoch  62  loss 1.5050  acc 0.3995  val_loss 1.4713  val_acc 0.4036
2026-04-08 19:05:58    epoch  63  loss 1.5027  acc 0.3985  val_loss 1.4460  val_acc 0.4130
2026-04-08 19:06:01    epoch  64  loss 1.4874  acc 0.4024  val_loss 1.4580  val_acc 0.4123
2026-04-08 19:06:04    epoch  65  loss 1.4981  acc 0.4050  val_loss 1.4434  val_acc 0.4253
2026-04-08 19:06:07    epoch  66  loss 1.4912  acc 0.4003  val_loss 1.4469  val_acc 0.4173
2026-04-08 19:06:10    epoch  67  loss 1.4934  acc 0.4035  val_loss 1.4714  val_acc 0.4065
2026-04-08 19:06:14    epoch  68  loss 1.4956  acc 0.4033  val_loss 1.4489  val_acc 0.4260
2026-04-08 19:06:17    epoch  69  loss 1.4826  acc 0.4089  val_loss 1.4560  val_acc 0.4029
2026-04-08 19:06:20    epoch  70  loss 1.4936  acc 0.4002  val_loss 1.4722  val_acc 0.4000
2026-04-08 19:06:23    epoch  71  loss 1.4808  acc 0.4043  val_loss 1.4441  val_acc 0.4108
2026-04-08 19:06:27    epoch  72  loss 1.4726  acc 0.4121  val_loss 1.4337  val_acc 0.4224
2026-04-08 19:06:30    epoch  73  loss 1.4713  acc 0.4135  val_loss 1.4492  val_acc 0.4217
2026-04-08 19:06:33    epoch  74  loss 1.4770  acc 0.4083  val_loss 1.4381  val_acc 0.4144
2026-04-08 19:06:36    epoch  75  loss 1.4726  acc 0.4094  val_loss 1.4452  val_acc 0.4209
2026-04-08 19:06:39    epoch  76  loss 1.4746  acc 0.4122  val_loss 1.4277  val_acc 0.4318
2026-04-08 19:06:43    epoch  77  loss 1.4672  acc 0.4127  val_loss 1.4750  val_acc 0.4101
2026-04-08 19:06:46    epoch  78  loss 1.4735  acc 0.4135  val_loss 1.4460  val_acc 0.4173
2026-04-08 19:06:49    epoch  79  loss 1.4689  acc 0.4117  val_loss 1.4241  val_acc 0.4188
2026-04-08 19:06:52    epoch  80  loss 1.4767  acc 0.4121  val_loss 1.4337  val_acc 0.4282
2026-04-08 19:06:56    epoch  81  loss 1.4670  acc 0.4117  val_loss 1.4307  val_acc 0.4260
2026-04-08 19:06:59    epoch  82  loss 1.4678  acc 0.4167  val_loss 1.4280  val_acc 0.4245
2026-04-08 19:07:02    epoch  83  loss 1.4669  acc 0.4117  val_loss 1.4276  val_acc 0.4282
2026-04-08 19:07:06    epoch  84  loss 1.4550  acc 0.4141  val_loss 1.4228  val_acc 0.4289
2026-04-08 19:07:09    epoch  85  loss 1.4713  acc 0.4113  val_loss 1.4222  val_acc 0.4202
2026-04-08 19:07:12    epoch  86  loss 1.4648  acc 0.4126  val_loss 1.4214  val_acc 0.4267
2026-04-08 19:07:15    epoch  87  loss 1.4578  acc 0.4191  val_loss 1.4237  val_acc 0.4202
2026-04-08 19:07:19    epoch  88  loss 1.4632  acc 0.4095  val_loss 1.4150  val_acc 0.4368
2026-04-08 19:07:22    epoch  89  loss 1.4670  acc 0.4120  val_loss 1.4210  val_acc 0.4433
2026-04-08 19:07:25    epoch  90  loss 1.4550  acc 0.4177  val_loss 1.4297  val_acc 0.4267
2026-04-08 19:07:28    epoch  91  loss 1.4612  acc 0.4156  val_loss 1.4370  val_acc 0.4195
2026-04-08 19:07:32    epoch  92  loss 1.4654  acc 0.4152  val_loss 1.4188  val_acc 0.4325
2026-04-08 19:07:35    epoch  93  loss 1.4579  acc 0.4197  val_loss 1.4236  val_acc 0.4159
2026-04-08 19:07:38    epoch  94  loss 1.4496  acc 0.4249  val_loss 1.4170  val_acc 0.4310
2026-04-08 19:07:42    epoch  95  loss 1.4499  acc 0.4242  val_loss 1.4107  val_acc 0.4296
2026-04-08 19:07:45    epoch  96  loss 1.4489  acc 0.4166  val_loss 1.4115  val_acc 0.4282
2026-04-08 19:07:48    epoch  97  loss 1.4541  acc 0.4153  val_loss 1.4180  val_acc 0.4310
2026-04-08 19:07:51    epoch  98  loss 1.4504  acc 0.4232  val_loss 1.4169  val_acc 0.4274
2026-04-08 19:07:54    epoch  99  loss 1.4479  acc 0.4168  val_loss 1.4134  val_acc 0.4274
2026-04-08 19:07:58    epoch 100  loss 1.4461  acc 0.4247  val_loss 1.4101  val_acc 0.4332
2026-04-08 19:07:58    User6 accuracy: 0.3896
2026-04-08 19:07:58  ────────────────────────────────────────────────────────────
2026-04-08 19:07:58  LOSO fold — held-out: User7 (1698 test windows, 12949 train windows)
2026-04-08 19:08:01    epoch   1  loss 1.8898  acc 0.2462  val_loss 1.7298  val_acc 0.2743
2026-04-08 19:08:04    epoch   2  loss 1.7314  acc 0.2886  val_loss 1.6840  val_acc 0.2929
2026-04-08 19:08:07    epoch   3  loss 1.7029  acc 0.2884  val_loss 1.6037  val_acc 0.3308
2026-04-08 19:08:10    epoch   4  loss 1.6864  acc 0.2992  val_loss 1.6176  val_acc 0.3083
2026-04-08 19:08:13    epoch   5  loss 1.6784  acc 0.3061  val_loss 1.5873  val_acc 0.3594
2026-04-08 19:08:16    epoch   6  loss 1.6672  acc 0.3079  val_loss 1.5808  val_acc 0.3485
2026-04-08 19:08:19    epoch   7  loss 1.6682  acc 0.3062  val_loss 1.5783  val_acc 0.3679
2026-04-08 19:08:22    epoch   8  loss 1.6613  acc 0.3222  val_loss 1.5849  val_acc 0.3362
2026-04-08 19:08:26    epoch   9  loss 1.6555  acc 0.3143  val_loss 1.5735  val_acc 0.3331
2026-04-08 19:08:29    epoch  10  loss 1.6461  acc 0.3182  val_loss 1.5748  val_acc 0.3354
2026-04-08 19:08:32    epoch  11  loss 1.6443  acc 0.3198  val_loss 1.5825  val_acc 0.3547
2026-04-08 19:08:35    epoch  12  loss 1.6415  acc 0.3223  val_loss 1.6255  val_acc 0.3238
2026-04-08 19:08:38    epoch  13  loss 1.6303  acc 0.3289  val_loss 1.5582  val_acc 0.3539
2026-04-08 19:08:41    epoch  14  loss 1.6263  acc 0.3262  val_loss 1.5546  val_acc 0.3655
2026-04-08 19:08:44    epoch  15  loss 1.6355  acc 0.3263  val_loss 1.6243  val_acc 0.3215
2026-04-08 19:08:47    epoch  16  loss 1.6089  acc 0.3379  val_loss 1.5953  val_acc 0.3431
2026-04-08 19:08:50    epoch  17  loss 1.6218  acc 0.3296  val_loss 1.5507  val_acc 0.3470
2026-04-08 19:08:53    epoch  18  loss 1.6103  acc 0.3361  val_loss 1.5331  val_acc 0.3764
2026-04-08 19:08:56    epoch  19  loss 1.6140  acc 0.3338  val_loss 1.5293  val_acc 0.3694
2026-04-08 19:08:59    epoch  20  loss 1.6211  acc 0.3320  val_loss 1.5669  val_acc 0.3563
2026-04-08 19:09:02    epoch  21  loss 1.6034  acc 0.3398  val_loss 1.5192  val_acc 0.3694
2026-04-08 19:09:05    epoch  22  loss 1.5964  acc 0.3506  val_loss 1.5506  val_acc 0.3717
2026-04-08 19:09:08    epoch  23  loss 1.6009  acc 0.3480  val_loss 1.5443  val_acc 0.3524
2026-04-08 19:09:11    epoch  24  loss 1.6048  acc 0.3405  val_loss 1.5289  val_acc 0.3586
2026-04-08 19:09:14    epoch  25  loss 1.5948  acc 0.3441  val_loss 1.5084  val_acc 0.4019
2026-04-08 19:09:17    epoch  26  loss 1.5939  acc 0.3413  val_loss 1.5093  val_acc 0.3818
2026-04-08 19:09:20    epoch  27  loss 1.5839  acc 0.3544  val_loss 1.5280  val_acc 0.3640
2026-04-08 19:09:23    epoch  28  loss 1.5936  acc 0.3496  val_loss 1.6625  val_acc 0.3315
2026-04-08 19:09:26    epoch  29  loss 1.5907  acc 0.3425  val_loss 1.5076  val_acc 0.3764
2026-04-08 19:09:29    epoch  30  loss 1.5878  acc 0.3462  val_loss 1.5344  val_acc 0.3570
2026-04-08 19:09:32    epoch  31  loss 1.5838  acc 0.3509  val_loss 1.5008  val_acc 0.4080
2026-04-08 19:09:35    epoch  32  loss 1.5782  acc 0.3521  val_loss 1.4961  val_acc 0.4119
2026-04-08 19:09:38    epoch  33  loss 1.5731  acc 0.3526  val_loss 1.5036  val_acc 0.3864
2026-04-08 19:09:41    epoch  34  loss 1.5744  acc 0.3581  val_loss 1.5138  val_acc 0.3570
2026-04-08 19:09:44    epoch  35  loss 1.5704  acc 0.3574  val_loss 1.5031  val_acc 0.3794
2026-04-08 19:09:47    epoch  36  loss 1.5684  acc 0.3564  val_loss 1.4827  val_acc 0.4134
2026-04-08 19:09:50    epoch  37  loss 1.5613  acc 0.3645  val_loss 1.4666  val_acc 0.4003
2026-04-08 19:09:53    epoch  38  loss 1.5624  acc 0.3659  val_loss 1.5323  val_acc 0.3578
2026-04-08 19:09:56    epoch  39  loss 1.5555  acc 0.3707  val_loss 1.4880  val_acc 0.3918
2026-04-08 19:09:59    epoch  40  loss 1.5525  acc 0.3666  val_loss 1.5151  val_acc 0.3887
2026-04-08 19:10:02    epoch  41  loss 1.5573  acc 0.3677  val_loss 1.4672  val_acc 0.4003
2026-04-08 19:10:05    epoch  42  loss 1.5486  acc 0.3689  val_loss 1.4819  val_acc 0.3957
2026-04-08 19:10:08    epoch  43  loss 1.5399  acc 0.3739  val_loss 1.4493  val_acc 0.4289
2026-04-08 19:10:12    epoch  44  loss 1.5286  acc 0.3760  val_loss 1.4782  val_acc 0.4049
2026-04-08 19:10:15    epoch  45  loss 1.5277  acc 0.3816  val_loss 1.4476  val_acc 0.4250
2026-04-08 19:10:18    epoch  46  loss 1.5255  acc 0.3863  val_loss 1.4308  val_acc 0.4374
2026-04-08 19:10:21    epoch  47  loss 1.5185  acc 0.3881  val_loss 1.4395  val_acc 0.4073
2026-04-08 19:10:24    epoch  48  loss 1.5196  acc 0.3846  val_loss 1.4341  val_acc 0.4142
2026-04-08 19:10:27    epoch  49  loss 1.5141  acc 0.3883  val_loss 1.4221  val_acc 0.4189
2026-04-08 19:10:30    epoch  50  loss 1.5164  acc 0.3901  val_loss 1.4303  val_acc 0.4382
2026-04-08 19:10:33    epoch  51  loss 1.5196  acc 0.3920  val_loss 1.4407  val_acc 0.3964
2026-04-08 19:10:36    epoch  52  loss 1.5142  acc 0.3902  val_loss 1.4265  val_acc 0.4011
2026-04-08 19:10:38    epoch  53  loss 1.5083  acc 0.3899  val_loss 1.4790  val_acc 0.4158
2026-04-08 19:10:41    epoch  54  loss 1.5211  acc 0.3941  val_loss 1.4248  val_acc 0.4196
2026-04-08 19:10:44    epoch  55  loss 1.5024  acc 0.3979  val_loss 1.4169  val_acc 0.4297
2026-04-08 19:10:47    epoch  56  loss 1.4898  acc 0.4057  val_loss 1.3980  val_acc 0.4451
2026-04-08 19:10:50    epoch  57  loss 1.4944  acc 0.4010  val_loss 1.4015  val_acc 0.4382
2026-04-08 19:10:54    epoch  58  loss 1.4840  acc 0.4004  val_loss 1.4000  val_acc 0.4266
2026-04-08 19:10:56    epoch  59  loss 1.4911  acc 0.4017  val_loss 1.4042  val_acc 0.4328
2026-04-08 19:10:59    epoch  60  loss 1.4953  acc 0.3954  val_loss 1.4045  val_acc 0.4382
2026-04-08 19:11:02    epoch  61  loss 1.4916  acc 0.4013  val_loss 1.4059  val_acc 0.4374
2026-04-08 19:11:05    epoch  62  loss 1.4866  acc 0.3993  val_loss 1.3985  val_acc 0.4374
2026-04-08 19:11:08    epoch  63  loss 1.4766  acc 0.4123  val_loss 1.3988  val_acc 0.4389
2026-04-08 19:11:11    epoch  64  loss 1.4747  acc 0.4003  val_loss 1.4024  val_acc 0.4312
2026-04-08 19:11:11    Early stopping at epoch 64
2026-04-08 19:11:11    User7 accuracy: 0.3375
2026-04-08 19:11:11  ────────────────────────────────────────────────────────────
2026-04-08 19:11:11  LOSO fold — held-out: User8 (1528 test windows, 13119 train windows)
2026-04-08 19:11:14    epoch   1  loss 1.8759  acc 0.2459  val_loss 1.6973  val_acc 0.2761
2026-04-08 19:11:18    epoch   2  loss 1.7426  acc 0.2830  val_loss 1.6281  val_acc 0.3234
2026-04-08 19:11:21    epoch   3  loss 1.7120  acc 0.2939  val_loss 1.6339  val_acc 0.3310
2026-04-08 19:11:24    epoch   4  loss 1.6993  acc 0.3024  val_loss 1.5993  val_acc 0.3242
2026-04-08 19:11:26    epoch   5  loss 1.6781  acc 0.3058  val_loss 1.5939  val_acc 0.3371
2026-04-08 19:11:28    epoch   6  loss 1.6762  acc 0.3039  val_loss 1.5934  val_acc 0.3524
2026-04-08 19:11:31    epoch   7  loss 1.6744  acc 0.3088  val_loss 1.5998  val_acc 0.3364
2026-04-08 19:11:34    epoch   8  loss 1.6695  acc 0.3107  val_loss 1.5880  val_acc 0.3440
2026-04-08 19:11:37    epoch   9  loss 1.6576  acc 0.3193  val_loss 1.5832  val_acc 0.3516
2026-04-08 19:11:40    epoch  10  loss 1.6594  acc 0.3171  val_loss 1.5936  val_acc 0.3349
2026-04-08 19:11:43    epoch  11  loss 1.6627  acc 0.3147  val_loss 1.5833  val_acc 0.3516
2026-04-08 19:11:46    epoch  12  loss 1.6509  acc 0.3180  val_loss 1.5778  val_acc 0.3532
2026-04-08 19:11:49    epoch  13  loss 1.6416  acc 0.3206  val_loss 1.5806  val_acc 0.3410
2026-04-08 19:11:52    epoch  14  loss 1.6425  acc 0.3217  val_loss 1.5895  val_acc 0.3432
2026-04-08 19:11:55    epoch  15  loss 1.6418  acc 0.3288  val_loss 1.5661  val_acc 0.3547
2026-04-08 19:11:59    epoch  16  loss 1.6274  acc 0.3302  val_loss 1.5546  val_acc 0.3760
2026-04-08 19:12:02    epoch  17  loss 1.6351  acc 0.3249  val_loss 1.5549  val_acc 0.3593
2026-04-08 19:12:04    epoch  18  loss 1.6289  acc 0.3281  val_loss 1.5502  val_acc 0.3707
2026-04-08 19:12:06    epoch  19  loss 1.6188  acc 0.3309  val_loss 1.5668  val_acc 0.3532
2026-04-08 19:12:09    epoch  20  loss 1.6243  acc 0.3295  val_loss 1.5773  val_acc 0.3501
2026-04-08 19:12:11    epoch  21  loss 1.6166  acc 0.3326  val_loss 1.5575  val_acc 0.3638
2026-04-08 19:12:14    epoch  22  loss 1.6151  acc 0.3356  val_loss 1.5405  val_acc 0.3616
2026-04-08 19:12:17    epoch  23  loss 1.6137  acc 0.3399  val_loss 1.6488  val_acc 0.3158
2026-04-08 19:12:19    epoch  24  loss 1.6094  acc 0.3427  val_loss 1.5586  val_acc 0.3585
2026-04-08 19:12:21    epoch  25  loss 1.6160  acc 0.3351  val_loss 1.5778  val_acc 0.3631
2026-04-08 19:12:25    epoch  26  loss 1.6049  acc 0.3378  val_loss 1.6164  val_acc 0.3425
2026-04-08 19:12:28    epoch  27  loss 1.6105  acc 0.3398  val_loss 1.5412  val_acc 0.3547
2026-04-08 19:12:31    epoch  28  loss 1.5926  acc 0.3499  val_loss 1.5260  val_acc 0.3661
2026-04-08 19:12:34    epoch  29  loss 1.5931  acc 0.3425  val_loss 1.5352  val_acc 0.3623
2026-04-08 19:12:37    epoch  30  loss 1.5839  acc 0.3509  val_loss 1.5224  val_acc 0.3654
2026-04-08 19:12:40    epoch  31  loss 1.5860  acc 0.3449  val_loss 1.5292  val_acc 0.3593
2026-04-08 19:12:43    epoch  32  loss 1.5838  acc 0.3517  val_loss 1.5233  val_acc 0.3730
2026-04-08 19:12:46    epoch  33  loss 1.5917  acc 0.3497  val_loss 1.5727  val_acc 0.3478
2026-04-08 19:12:49    epoch  34  loss 1.5830  acc 0.3577  val_loss 1.5316  val_acc 0.3806
2026-04-08 19:12:52    epoch  35  loss 1.5818  acc 0.3572  val_loss 1.5246  val_acc 0.3730
2026-04-08 19:12:55    epoch  36  loss 1.5685  acc 0.3537  val_loss 1.5150  val_acc 0.3753
2026-04-08 19:12:58    epoch  37  loss 1.5752  acc 0.3530  val_loss 1.5113  val_acc 0.3715
2026-04-08 19:13:01    epoch  38  loss 1.5701  acc 0.3558  val_loss 1.5082  val_acc 0.3745
2026-04-08 19:13:04    epoch  39  loss 1.5604  acc 0.3663  val_loss 1.5089  val_acc 0.3814
2026-04-08 19:13:07    epoch  40  loss 1.5679  acc 0.3590  val_loss 1.5060  val_acc 0.3738
2026-04-08 19:13:10    epoch  41  loss 1.5610  acc 0.3556  val_loss 1.5008  val_acc 0.3768
2026-04-08 19:13:13    epoch  42  loss 1.5586  acc 0.3633  val_loss 1.5032  val_acc 0.3844
2026-04-08 19:13:16    epoch  43  loss 1.5572  acc 0.3628  val_loss 1.5055  val_acc 0.3799
2026-04-08 19:13:19    epoch  44  loss 1.5641  acc 0.3653  val_loss 1.4969  val_acc 0.3844
2026-04-08 19:13:22    epoch  45  loss 1.5568  acc 0.3642  val_loss 1.4929  val_acc 0.3905
2026-04-08 19:13:25    epoch  46  loss 1.5624  acc 0.3639  val_loss 1.4968  val_acc 0.3890
2026-04-08 19:13:28    epoch  47  loss 1.5532  acc 0.3688  val_loss 1.4962  val_acc 0.3905
2026-04-08 19:13:32    epoch  48  loss 1.5483  acc 0.3662  val_loss 1.4874  val_acc 0.3822
2026-04-08 19:13:35    epoch  49  loss 1.5521  acc 0.3714  val_loss 1.4962  val_acc 0.3753
2026-04-08 19:13:38    epoch  50  loss 1.5471  acc 0.3712  val_loss 1.4828  val_acc 0.3829
2026-04-08 19:13:41    epoch  51  loss 1.5450  acc 0.3735  val_loss 1.4884  val_acc 0.3867
2026-04-08 19:13:44    epoch  52  loss 1.5511  acc 0.3662  val_loss 1.4950  val_acc 0.3913
2026-04-08 19:13:47    epoch  53  loss 1.5359  acc 0.3757  val_loss 1.4879  val_acc 0.3936
2026-04-08 19:13:50    epoch  54  loss 1.5374  acc 0.3775  val_loss 1.4783  val_acc 0.3883
2026-04-08 19:13:53    epoch  55  loss 1.5402  acc 0.3795  val_loss 1.4860  val_acc 0.3997
2026-04-08 19:13:56    epoch  56  loss 1.5490  acc 0.3723  val_loss 1.4915  val_acc 0.4012
2026-04-08 19:13:59    epoch  57  loss 1.5314  acc 0.3835  val_loss 1.4756  val_acc 0.4012
2026-04-08 19:14:02    epoch  58  loss 1.5369  acc 0.3767  val_loss 1.4768  val_acc 0.4005
2026-04-08 19:14:05    epoch  59  loss 1.5412  acc 0.3790  val_loss 1.4823  val_acc 0.4005
2026-04-08 19:14:08    epoch  60  loss 1.5377  acc 0.3820  val_loss 1.4796  val_acc 0.4035
2026-04-08 19:14:11    epoch  61  loss 1.5411  acc 0.3764  val_loss 1.4721  val_acc 0.3928
2026-04-08 19:14:14    epoch  62  loss 1.5299  acc 0.3820  val_loss 1.4731  val_acc 0.4066
2026-04-08 19:14:17    epoch  63  loss 1.5266  acc 0.3894  val_loss 1.4634  val_acc 0.4066
2026-04-08 19:14:20    epoch  64  loss 1.5219  acc 0.3859  val_loss 1.4751  val_acc 0.3959
2026-04-08 19:14:23    epoch  65  loss 1.5229  acc 0.3867  val_loss 1.4591  val_acc 0.3921
2026-04-08 19:14:26    epoch  66  loss 1.5225  acc 0.3835  val_loss 1.4642  val_acc 0.3989
2026-04-08 19:14:29    epoch  67  loss 1.5229  acc 0.3831  val_loss 1.4624  val_acc 0.3951
2026-04-08 19:14:32    epoch  68  loss 1.5278  acc 0.3817  val_loss 1.4663  val_acc 0.4050
2026-04-08 19:14:35    epoch  69  loss 1.5147  acc 0.3857  val_loss 1.4576  val_acc 0.3738
2026-04-08 19:14:38    epoch  70  loss 1.5283  acc 0.3907  val_loss 1.4724  val_acc 0.3997
2026-04-08 19:14:42    epoch  71  loss 1.5093  acc 0.3945  val_loss 1.4509  val_acc 0.4172
2026-04-08 19:14:45    epoch  72  loss 1.5191  acc 0.3913  val_loss 1.4577  val_acc 0.4035
2026-04-08 19:14:48    epoch  73  loss 1.5171  acc 0.3958  val_loss 1.4762  val_acc 0.3905
2026-04-08 19:14:51    epoch  74  loss 1.5177  acc 0.3887  val_loss 1.4507  val_acc 0.4027
2026-04-08 19:14:54    epoch  75  loss 1.5120  acc 0.3932  val_loss 1.4644  val_acc 0.3944
2026-04-08 19:14:57    epoch  76  loss 1.5113  acc 0.3918  val_loss 1.4516  val_acc 0.3959
2026-04-08 19:15:00    epoch  77  loss 1.5149  acc 0.3874  val_loss 1.4455  val_acc 0.4150
2026-04-08 19:15:03    epoch  78  loss 1.5023  acc 0.3962  val_loss 1.4403  val_acc 0.4203
2026-04-08 19:15:06    epoch  79  loss 1.5081  acc 0.3968  val_loss 1.4401  val_acc 0.4066
2026-04-08 19:15:09    epoch  80  loss 1.5030  acc 0.3927  val_loss 1.4730  val_acc 0.3928
2026-04-08 19:15:12    epoch  81  loss 1.5078  acc 0.3870  val_loss 1.4434  val_acc 0.4005
2026-04-08 19:15:15    epoch  82  loss 1.5081  acc 0.3943  val_loss 1.4510  val_acc 0.4073
2026-04-08 19:15:18    epoch  83  loss 1.5084  acc 0.3919  val_loss 1.4949  val_acc 0.3913
2026-04-08 19:15:21    epoch  84  loss 1.5013  acc 0.3959  val_loss 1.4394  val_acc 0.4035
2026-04-08 19:15:24    epoch  85  loss 1.4992  acc 0.4008  val_loss 1.4573  val_acc 0.4020
2026-04-08 19:15:28    epoch  86  loss 1.5007  acc 0.3948  val_loss 1.4539  val_acc 0.4172
2026-04-08 19:15:31    epoch  87  loss 1.4972  acc 0.4036  val_loss 1.4422  val_acc 0.4104
2026-04-08 19:15:34    epoch  88  loss 1.5018  acc 0.3946  val_loss 1.4369  val_acc 0.4066
2026-04-08 19:15:37    epoch  89  loss 1.4926  acc 0.4074  val_loss 1.4348  val_acc 0.4104
2026-04-08 19:15:40    epoch  90  loss 1.5007  acc 0.3952  val_loss 1.4635  val_acc 0.3974
2026-04-08 19:15:43    epoch  91  loss 1.4963  acc 0.3953  val_loss 1.5019  val_acc 0.3760
2026-04-08 19:15:46    epoch  92  loss 1.4931  acc 0.3964  val_loss 1.4261  val_acc 0.4035
2026-04-08 19:15:49    epoch  93  loss 1.5001  acc 0.4033  val_loss 1.4337  val_acc 0.4005
2026-04-08 19:15:52    epoch  94  loss 1.4922  acc 0.4042  val_loss 1.4768  val_acc 0.3989
2026-04-08 19:15:55    epoch  95  loss 1.4835  acc 0.4045  val_loss 1.4312  val_acc 0.4188
2026-04-08 19:15:58    epoch  96  loss 1.5023  acc 0.3941  val_loss 1.4298  val_acc 0.4073
2026-04-08 19:16:01    epoch  97  loss 1.4853  acc 0.4046  val_loss 1.4190  val_acc 0.4180
2026-04-08 19:16:04    epoch  98  loss 1.4907  acc 0.4035  val_loss 1.4211  val_acc 0.4150
2026-04-08 19:16:08    epoch  99  loss 1.4870  acc 0.4027  val_loss 1.4199  val_acc 0.4272
2026-04-08 19:16:11    epoch 100  loss 1.4862  acc 0.4057  val_loss 1.4302  val_acc 0.4111
2026-04-08 19:16:11    User8 accuracy: 0.4149
2026-04-08 19:16:11  ────────────────────────────────────────────────────────────
2026-04-08 19:16:11  LOSO fold — held-out: User9 (1691 test windows, 12956 train windows)
2026-04-08 19:16:14    epoch   1  loss 1.8768  acc 0.2530  val_loss 1.7226  val_acc 0.2664
2026-04-08 19:16:17    epoch   2  loss 1.7323  acc 0.2783  val_loss 1.6667  val_acc 0.2965
2026-04-08 19:16:20    epoch   3  loss 1.6993  acc 0.2999  val_loss 1.6657  val_acc 0.2896
2026-04-08 19:16:23    epoch   4  loss 1.6936  acc 0.3085  val_loss 1.6689  val_acc 0.3058
2026-04-08 19:16:26    epoch   5  loss 1.6762  acc 0.3101  val_loss 1.6426  val_acc 0.3073
2026-04-08 19:16:29    epoch   6  loss 1.6663  acc 0.3181  val_loss 1.6201  val_acc 0.3158
2026-04-08 19:16:32    epoch   7  loss 1.6581  acc 0.3236  val_loss 1.6018  val_acc 0.3205
2026-04-08 19:16:35    epoch   8  loss 1.6559  acc 0.3245  val_loss 1.6124  val_acc 0.3166
2026-04-08 19:16:38    epoch   9  loss 1.6563  acc 0.3339  val_loss 1.6227  val_acc 0.3112
2026-04-08 19:16:41    epoch  10  loss 1.6555  acc 0.3263  val_loss 1.6014  val_acc 0.3181
2026-04-08 19:16:44    epoch  11  loss 1.6379  acc 0.3312  val_loss 1.5999  val_acc 0.3328
2026-04-08 19:16:47    epoch  12  loss 1.6468  acc 0.3320  val_loss 1.6084  val_acc 0.3243
2026-04-08 19:16:51    epoch  13  loss 1.6286  acc 0.3350  val_loss 1.5923  val_acc 0.3266
2026-04-08 19:16:54    epoch  14  loss 1.6234  acc 0.3398  val_loss 1.6443  val_acc 0.2988
2026-04-08 19:16:57    epoch  15  loss 1.6204  acc 0.3416  val_loss 1.5787  val_acc 0.3436
2026-04-08 19:17:00    epoch  16  loss 1.6223  acc 0.3444  val_loss 1.5693  val_acc 0.3398
2026-04-08 19:17:03    epoch  17  loss 1.6158  acc 0.3435  val_loss 1.5965  val_acc 0.3212
2026-04-08 19:17:06    epoch  18  loss 1.6062  acc 0.3486  val_loss 1.6164  val_acc 0.3290
2026-04-08 19:17:09    epoch  19  loss 1.6127  acc 0.3486  val_loss 1.5760  val_acc 0.3475
2026-04-08 19:17:12    epoch  20  loss 1.5989  acc 0.3465  val_loss 1.6159  val_acc 0.3336
2026-04-08 19:17:15    epoch  21  loss 1.6048  acc 0.3513  val_loss 1.5544  val_acc 0.3459
2026-04-08 19:17:18    epoch  22  loss 1.5965  acc 0.3532  val_loss 1.5739  val_acc 0.3490
2026-04-08 19:17:21    epoch  23  loss 1.5924  acc 0.3541  val_loss 1.5963  val_acc 0.3490
2026-04-08 19:17:24    epoch  24  loss 1.5871  acc 0.3577  val_loss 1.5656  val_acc 0.3575
2026-04-08 19:17:27    epoch  25  loss 1.5956  acc 0.3555  val_loss 1.5520  val_acc 0.3429
2026-04-08 19:17:30    epoch  26  loss 1.5839  acc 0.3547  val_loss 1.5845  val_acc 0.3266
2026-04-08 19:17:32    epoch  27  loss 1.5884  acc 0.3568  val_loss 1.5492  val_acc 0.3614
2026-04-08 19:17:35    epoch  28  loss 1.5812  acc 0.3609  val_loss 1.5414  val_acc 0.3707
2026-04-08 19:17:38    epoch  29  loss 1.5830  acc 0.3594  val_loss 1.5786  val_acc 0.3467
2026-04-08 19:17:41    epoch  30  loss 1.5724  acc 0.3658  val_loss 1.5398  val_acc 0.3660
2026-04-08 19:17:44    epoch  31  loss 1.5752  acc 0.3633  val_loss 1.5599  val_acc 0.3459
2026-04-08 19:17:48    epoch  32  loss 1.5766  acc 0.3587  val_loss 1.5513  val_acc 0.3560
2026-04-08 19:17:51    epoch  33  loss 1.5709  acc 0.3672  val_loss 1.5455  val_acc 0.3614
2026-04-08 19:17:54    epoch  34  loss 1.5724  acc 0.3674  val_loss 1.5349  val_acc 0.3737
2026-04-08 19:17:57    epoch  35  loss 1.5623  acc 0.3682  val_loss 1.5293  val_acc 0.3768
2026-04-08 19:18:00    epoch  36  loss 1.5582  acc 0.3669  val_loss 1.5963  val_acc 0.3251
2026-04-08 19:18:03    epoch  37  loss 1.5676  acc 0.3645  val_loss 1.5444  val_acc 0.3707
2026-04-08 19:18:06    epoch  38  loss 1.5646  acc 0.3678  val_loss 1.5595  val_acc 0.3668
2026-04-08 19:18:09    epoch  39  loss 1.5641  acc 0.3681  val_loss 1.5392  val_acc 0.3730
2026-04-08 19:18:12    epoch  40  loss 1.5609  acc 0.3765  val_loss 1.5273  val_acc 0.3722
2026-04-08 19:18:15    epoch  41  loss 1.5603  acc 0.3779  val_loss 1.5244  val_acc 0.3784
2026-04-08 19:18:18    epoch  42  loss 1.5419  acc 0.3745  val_loss 1.5083  val_acc 0.3753
2026-04-08 19:18:21    epoch  43  loss 1.5389  acc 0.3783  val_loss 1.5088  val_acc 0.3915
2026-04-08 19:18:24    epoch  44  loss 1.5446  acc 0.3825  val_loss 1.5003  val_acc 0.3907
2026-04-08 19:18:27    epoch  45  loss 1.5417  acc 0.3769  val_loss 1.5417  val_acc 0.3799
2026-04-08 19:18:30    epoch  46  loss 1.5400  acc 0.3765  val_loss 1.5249  val_acc 0.3869
2026-04-08 19:18:33    epoch  47  loss 1.5327  acc 0.3802  val_loss 1.5315  val_acc 0.3853
2026-04-08 19:18:36    epoch  48  loss 1.5421  acc 0.3795  val_loss 1.5224  val_acc 0.3977
2026-04-08 19:18:39    epoch  49  loss 1.5291  acc 0.3858  val_loss 1.5102  val_acc 0.3915
2026-04-08 19:18:42    epoch  50  loss 1.5174  acc 0.3893  val_loss 1.4808  val_acc 0.4046
2026-04-08 19:18:45    epoch  51  loss 1.5121  acc 0.3979  val_loss 1.5273  val_acc 0.3838
2026-04-08 19:18:48    epoch  52  loss 1.5118  acc 0.3929  val_loss 1.4896  val_acc 0.4039
2026-04-08 19:18:51    epoch  53  loss 1.5180  acc 0.3880  val_loss 1.5069  val_acc 0.3768
2026-04-08 19:18:54    epoch  54  loss 1.5129  acc 0.3928  val_loss 1.4812  val_acc 0.4023
2026-04-08 19:18:57    epoch  55  loss 1.5119  acc 0.3962  val_loss 1.4945  val_acc 0.3969
2026-04-08 19:19:00    epoch  56  loss 1.4928  acc 0.4047  val_loss 1.4842  val_acc 0.4046
2026-04-08 19:19:03    epoch  57  loss 1.4934  acc 0.4043  val_loss 1.4689  val_acc 0.4046
2026-04-08 19:19:06    epoch  58  loss 1.4947  acc 0.4081  val_loss 1.4792  val_acc 0.4046
2026-04-08 19:19:09    epoch  59  loss 1.4950  acc 0.4027  val_loss 1.4776  val_acc 0.4031
2026-04-08 19:19:12    epoch  60  loss 1.4959  acc 0.3976  val_loss 1.4721  val_acc 0.4154
2026-04-08 19:19:15    epoch  61  loss 1.4905  acc 0.4072  val_loss 1.4634  val_acc 0.4131
2026-04-08 19:19:18    epoch  62  loss 1.4897  acc 0.4030  val_loss 1.5019  val_acc 0.3954
2026-04-08 19:19:21    epoch  63  loss 1.4886  acc 0.4076  val_loss 1.4674  val_acc 0.4124
2026-04-08 19:19:24    epoch  64  loss 1.4920  acc 0.4021  val_loss 1.4900  val_acc 0.4039
2026-04-08 19:19:27    epoch  65  loss 1.4927  acc 0.4019  val_loss 1.4724  val_acc 0.4085
2026-04-08 19:19:30    epoch  66  loss 1.4876  acc 0.4096  val_loss 1.5020  val_acc 0.4000
2026-04-08 19:19:33    epoch  67  loss 1.4812  acc 0.4112  val_loss 1.4575  val_acc 0.4131
2026-04-08 19:19:36    epoch  68  loss 1.4809  acc 0.4114  val_loss 1.4586  val_acc 0.4185
2026-04-08 19:19:39    epoch  69  loss 1.4784  acc 0.4115  val_loss 1.4608  val_acc 0.4131
2026-04-08 19:19:42    epoch  70  loss 1.4788  acc 0.4105  val_loss 1.4581  val_acc 0.4069
2026-04-08 19:19:45    epoch  71  loss 1.4724  acc 0.4110  val_loss 1.4691  val_acc 0.4046
2026-04-08 19:19:48    epoch  72  loss 1.4724  acc 0.4080  val_loss 1.4724  val_acc 0.4100
2026-04-08 19:19:52    epoch  73  loss 1.4811  acc 0.4111  val_loss 1.4622  val_acc 0.4124
2026-04-08 19:19:55    epoch  74  loss 1.4779  acc 0.4096  val_loss 1.4545  val_acc 0.4224
2026-04-08 19:19:58    epoch  75  loss 1.4661  acc 0.4169  val_loss 1.4550  val_acc 0.4147
2026-04-08 19:20:01    epoch  76  loss 1.4763  acc 0.4116  val_loss 1.4596  val_acc 0.4162
2026-04-08 19:20:04    epoch  77  loss 1.4748  acc 0.4102  val_loss 1.4551  val_acc 0.4147
2026-04-08 19:20:07    epoch  78  loss 1.4759  acc 0.4100  val_loss 1.4766  val_acc 0.4108
2026-04-08 19:20:10    epoch  79  loss 1.4711  acc 0.4102  val_loss 1.4623  val_acc 0.4216
2026-04-08 19:20:13    epoch  80  loss 1.4764  acc 0.4097  val_loss 1.4561  val_acc 0.4216
2026-04-08 19:20:16    epoch  81  loss 1.4668  acc 0.4105  val_loss 1.4578  val_acc 0.4208
2026-04-08 19:20:19    epoch  82  loss 1.4708  acc 0.4109  val_loss 1.4558  val_acc 0.4193
2026-04-08 19:20:19    Early stopping at epoch 82
2026-04-08 19:20:19    User9 accuracy: 0.3199
2026-04-08 19:20:20  ────────────────────────────────────────────────────────────
2026-04-08 19:20:20  LOSO fold — held-out: User10 (1677 test windows, 12970 train windows)
2026-04-08 19:20:23    epoch   1  loss 1.8722  acc 0.2509  val_loss 1.6660  val_acc 0.2938
2026-04-08 19:20:26    epoch   2  loss 1.7277  acc 0.2846  val_loss 1.6495  val_acc 0.3022
2026-04-08 19:20:29    epoch   3  loss 1.7012  acc 0.3035  val_loss 1.5980  val_acc 0.3300
2026-04-08 19:20:32    epoch   4  loss 1.6770  acc 0.3071  val_loss 1.5843  val_acc 0.3454
2026-04-08 19:20:35    epoch   5  loss 1.6778  acc 0.3081  val_loss 1.5880  val_acc 0.3231
2026-04-08 19:20:38    epoch   6  loss 1.6807  acc 0.3129  val_loss 1.5826  val_acc 0.3184
2026-04-08 19:20:41    epoch   7  loss 1.6694  acc 0.3130  val_loss 1.5837  val_acc 0.3577
2026-04-08 19:20:44    epoch   8  loss 1.6524  acc 0.3193  val_loss 1.5727  val_acc 0.3385
2026-04-08 19:20:47    epoch   9  loss 1.6580  acc 0.3184  val_loss 1.5725  val_acc 0.3446
2026-04-08 19:20:50    epoch  10  loss 1.6579  acc 0.3240  val_loss 1.5944  val_acc 0.3238
2026-04-08 19:20:53    epoch  11  loss 1.6538  acc 0.3224  val_loss 1.5673  val_acc 0.3624
2026-04-08 19:20:56    epoch  12  loss 1.6465  acc 0.3313  val_loss 1.5500  val_acc 0.3685
2026-04-08 19:20:59    epoch  13  loss 1.6449  acc 0.3271  val_loss 1.5927  val_acc 0.3346
2026-04-08 19:21:02    epoch  14  loss 1.6385  acc 0.3324  val_loss 1.5716  val_acc 0.3331
2026-04-08 19:21:05    epoch  15  loss 1.6348  acc 0.3386  val_loss 1.5547  val_acc 0.3662
2026-04-08 19:21:08    epoch  16  loss 1.6404  acc 0.3329  val_loss 1.5732  val_acc 0.3577
2026-04-08 19:21:11    epoch  17  loss 1.6193  acc 0.3363  val_loss 1.6217  val_acc 0.3007
2026-04-08 19:21:14    epoch  18  loss 1.6046  acc 0.3464  val_loss 1.5455  val_acc 0.3539
2026-04-08 19:21:17    epoch  19  loss 1.6093  acc 0.3415  val_loss 1.5575  val_acc 0.3400
2026-04-08 19:21:20    epoch  20  loss 1.6059  acc 0.3442  val_loss 1.5396  val_acc 0.3539
2026-04-08 19:21:23    epoch  21  loss 1.5996  acc 0.3471  val_loss 1.5320  val_acc 0.3631
2026-04-08 19:21:26    epoch  22  loss 1.5945  acc 0.3454  val_loss 1.5275  val_acc 0.3739
2026-04-08 19:21:29    epoch  23  loss 1.5965  acc 0.3495  val_loss 1.5690  val_acc 0.3431
2026-04-08 19:21:32    epoch  24  loss 1.5991  acc 0.3497  val_loss 1.5509  val_acc 0.3485
2026-04-08 19:21:35    epoch  25  loss 1.5947  acc 0.3503  val_loss 1.5294  val_acc 0.3770
2026-04-08 19:21:38    epoch  26  loss 1.5859  acc 0.3578  val_loss 1.5394  val_acc 0.3470
2026-04-08 19:21:41    epoch  27  loss 1.5865  acc 0.3557  val_loss 1.5222  val_acc 0.3562
2026-04-08 19:21:44    epoch  28  loss 1.5895  acc 0.3512  val_loss 1.5421  val_acc 0.3647
2026-04-08 19:21:47    epoch  29  loss 1.5951  acc 0.3447  val_loss 1.5183  val_acc 0.3631
2026-04-08 19:21:50    epoch  30  loss 1.5862  acc 0.3523  val_loss 1.5368  val_acc 0.3701
2026-04-08 19:21:53    epoch  31  loss 1.5838  acc 0.3544  val_loss 1.5280  val_acc 0.3739
2026-04-08 19:21:56    epoch  32  loss 1.5866  acc 0.3540  val_loss 1.5287  val_acc 0.3639
2026-04-08 19:21:59    epoch  33  loss 1.5845  acc 0.3566  val_loss 1.5337  val_acc 0.3608
2026-04-08 19:22:02    epoch  34  loss 1.5784  acc 0.3517  val_loss 1.5354  val_acc 0.3562
2026-04-08 19:22:05    epoch  35  loss 1.5728  acc 0.3564  val_loss 1.5135  val_acc 0.3732
2026-04-08 19:22:08    epoch  36  loss 1.5653  acc 0.3652  val_loss 1.5135  val_acc 0.3601
2026-04-08 19:22:11    epoch  37  loss 1.5666  acc 0.3617  val_loss 1.5069  val_acc 0.3770
2026-04-08 19:22:14    epoch  38  loss 1.5614  acc 0.3637  val_loss 1.5024  val_acc 0.3724
2026-04-08 19:22:17    epoch  39  loss 1.5713  acc 0.3652  val_loss 1.5011  val_acc 0.3816
2026-04-08 19:22:20    epoch  40  loss 1.5588  acc 0.3677  val_loss 1.4928  val_acc 0.3847
2026-04-08 19:22:23    epoch  41  loss 1.5638  acc 0.3680  val_loss 1.4998  val_acc 0.3716
2026-04-08 19:22:26    epoch  42  loss 1.5707  acc 0.3668  val_loss 1.5061  val_acc 0.3701
2026-04-08 19:22:29    epoch  43  loss 1.5581  acc 0.3721  val_loss 1.5075  val_acc 0.3732
2026-04-08 19:22:32    epoch  44  loss 1.5577  acc 0.3640  val_loss 1.4964  val_acc 0.3816
2026-04-08 19:22:35    epoch  45  loss 1.5568  acc 0.3680  val_loss 1.4941  val_acc 0.3793
2026-04-08 19:22:38    epoch  46  loss 1.5470  acc 0.3721  val_loss 1.4938  val_acc 0.3770
2026-04-08 19:22:41    epoch  47  loss 1.5459  acc 0.3750  val_loss 1.4919  val_acc 0.3763
2026-04-08 19:22:44    epoch  48  loss 1.5505  acc 0.3726  val_loss 1.5092  val_acc 0.3678
2026-04-08 19:22:47    epoch  49  loss 1.5535  acc 0.3695  val_loss 1.4919  val_acc 0.3724
2026-04-08 19:22:50    epoch  50  loss 1.5409  acc 0.3679  val_loss 1.4954  val_acc 0.3662
2026-04-08 19:22:53    epoch  51  loss 1.5415  acc 0.3754  val_loss 1.4862  val_acc 0.3693
2026-04-08 19:22:56    epoch  52  loss 1.5534  acc 0.3738  val_loss 1.4936  val_acc 0.3624
2026-04-08 19:22:59    epoch  53  loss 1.5465  acc 0.3740  val_loss 1.4948  val_acc 0.3639
2026-04-08 19:23:02    epoch  54  loss 1.5353  acc 0.3763  val_loss 1.4954  val_acc 0.3709
2026-04-08 19:23:05    epoch  55  loss 1.5447  acc 0.3772  val_loss 1.5483  val_acc 0.3608
2026-04-08 19:23:08    epoch  56  loss 1.5438  acc 0.3721  val_loss 1.4882  val_acc 0.3786
2026-04-08 19:23:11    epoch  57  loss 1.5372  acc 0.3792  val_loss 1.4830  val_acc 0.3770
2026-04-08 19:23:14    epoch  58  loss 1.5288  acc 0.3802  val_loss 1.4845  val_acc 0.3647
2026-04-08 19:23:17    epoch  59  loss 1.5327  acc 0.3754  val_loss 1.4889  val_acc 0.3639
2026-04-08 19:23:20    epoch  60  loss 1.5421  acc 0.3740  val_loss 1.4851  val_acc 0.3709
2026-04-08 19:23:23    epoch  61  loss 1.5393  acc 0.3743  val_loss 1.4826  val_acc 0.3770
2026-04-08 19:23:26    epoch  62  loss 1.5336  acc 0.3802  val_loss 1.4855  val_acc 0.3770
2026-04-08 19:23:29    epoch  63  loss 1.5327  acc 0.3768  val_loss 1.4790  val_acc 0.3763
2026-04-08 19:23:32    epoch  64  loss 1.5358  acc 0.3789  val_loss 1.4901  val_acc 0.3739
2026-04-08 19:23:35    epoch  65  loss 1.5286  acc 0.3846  val_loss 1.4795  val_acc 0.3816
2026-04-08 19:23:39    epoch  66  loss 1.5371  acc 0.3825  val_loss 1.4823  val_acc 0.3685
2026-04-08 19:23:42    epoch  67  loss 1.5283  acc 0.3781  val_loss 1.4757  val_acc 0.3832
2026-04-08 19:23:45    epoch  68  loss 1.5328  acc 0.3809  val_loss 1.4862  val_acc 0.3662
2026-04-08 19:23:48    epoch  69  loss 1.5328  acc 0.3754  val_loss 1.4829  val_acc 0.3678
2026-04-08 19:23:51    epoch  70  loss 1.5300  acc 0.3804  val_loss 1.4798  val_acc 0.3732
2026-04-08 19:23:54    epoch  71  loss 1.5251  acc 0.3824  val_loss 1.4779  val_acc 0.3855
2026-04-08 19:23:57    epoch  72  loss 1.5310  acc 0.3787  val_loss 1.4775  val_acc 0.3878
2026-04-08 19:24:00    epoch  73  loss 1.5183  acc 0.3842  val_loss 1.4749  val_acc 0.3847
2026-04-08 19:24:03    epoch  74  loss 1.5276  acc 0.3877  val_loss 1.4734  val_acc 0.3863
2026-04-08 19:24:06    epoch  75  loss 1.5317  acc 0.3812  val_loss 1.4727  val_acc 0.3855
2026-04-08 19:24:09    epoch  76  loss 1.5259  acc 0.3803  val_loss 1.4827  val_acc 0.3693
2026-04-08 19:24:12    epoch  77  loss 1.5254  acc 0.3816  val_loss 1.4776  val_acc 0.3739
2026-04-08 19:24:15    epoch  78  loss 1.5259  acc 0.3792  val_loss 1.4761  val_acc 0.3786
2026-04-08 19:24:18    epoch  79  loss 1.5264  acc 0.3793  val_loss 1.4771  val_acc 0.3716
2026-04-08 19:24:21    epoch  80  loss 1.5270  acc 0.3803  val_loss 1.4772  val_acc 0.3747
2026-04-08 19:24:24    epoch  81  loss 1.5268  acc 0.3825  val_loss 1.4689  val_acc 0.3840
2026-04-08 19:24:27    epoch  82  loss 1.5220  acc 0.3841  val_loss 1.4746  val_acc 0.3724
2026-04-08 19:24:30    epoch  83  loss 1.5286  acc 0.3756  val_loss 1.4717  val_acc 0.3816
2026-04-08 19:24:33    epoch  84  loss 1.5237  acc 0.3864  val_loss 1.4759  val_acc 0.3870
2026-04-08 19:24:36    epoch  85  loss 1.5231  acc 0.3855  val_loss 1.4802  val_acc 0.3739
2026-04-08 19:24:39    epoch  86  loss 1.5298  acc 0.3820  val_loss 1.4758  val_acc 0.3739
2026-04-08 19:24:42    epoch  87  loss 1.5297  acc 0.3813  val_loss 1.4745  val_acc 0.3809
2026-04-08 19:24:46    epoch  88  loss 1.5181  acc 0.3820  val_loss 1.4760  val_acc 0.3832
2026-04-08 19:24:49    epoch  89  loss 1.5328  acc 0.3828  val_loss 1.4730  val_acc 0.3801
2026-04-08 19:24:49    Early stopping at epoch 89
2026-04-08 19:24:49    User10 accuracy: 0.3190
2026-04-08 19:24:49  ────────────────────────────────────────────────────────────
2026-04-08 19:24:49  LOSO fold — held-out: User11 (1770 test windows, 12877 train windows)
2026-04-08 19:24:52    epoch   1  loss 1.8747  acc 0.2501  val_loss 1.6986  val_acc 0.2883
2026-04-08 19:24:55    epoch   2  loss 1.7383  acc 0.2864  val_loss 1.7849  val_acc 0.2657
2026-04-08 19:24:58    epoch   3  loss 1.6974  acc 0.3024  val_loss 1.6234  val_acc 0.3318
2026-04-08 19:25:01    epoch   4  loss 1.6909  acc 0.3028  val_loss 1.6235  val_acc 0.3372
2026-04-08 19:25:04    epoch   5  loss 1.6755  acc 0.3091  val_loss 1.6440  val_acc 0.3279
2026-04-08 19:25:07    epoch   6  loss 1.6666  acc 0.3074  val_loss 1.6154  val_acc 0.3497
2026-04-08 19:25:10    epoch   7  loss 1.6717  acc 0.3167  val_loss 1.6264  val_acc 0.3326
2026-04-08 19:25:13    epoch   8  loss 1.6556  acc 0.3186  val_loss 1.6075  val_acc 0.3349
2026-04-08 19:25:16    epoch   9  loss 1.6430  acc 0.3197  val_loss 1.6324  val_acc 0.3357
2026-04-08 19:25:19    epoch  10  loss 1.6448  acc 0.3210  val_loss 1.6003  val_acc 0.3434
2026-04-08 19:25:22    epoch  11  loss 1.6405  acc 0.3304  val_loss 1.6029  val_acc 0.3489
2026-04-08 19:25:25    epoch  12  loss 1.6351  acc 0.3311  val_loss 1.5863  val_acc 0.3574
2026-04-08 19:25:28    epoch  13  loss 1.6307  acc 0.3245  val_loss 1.6222  val_acc 0.3341
2026-04-08 19:25:31    epoch  14  loss 1.6237  acc 0.3378  val_loss 1.5931  val_acc 0.3489
2026-04-08 19:25:34    epoch  15  loss 1.6234  acc 0.3361  val_loss 1.5876  val_acc 0.3660
2026-04-08 19:25:37    epoch  16  loss 1.6176  acc 0.3411  val_loss 1.5738  val_acc 0.3730
2026-04-08 19:25:40    epoch  17  loss 1.6162  acc 0.3461  val_loss 1.5773  val_acc 0.3566
2026-04-08 19:25:43    epoch  18  loss 1.6186  acc 0.3433  val_loss 1.5936  val_acc 0.3621
2026-04-08 19:25:46    epoch  19  loss 1.6117  acc 0.3368  val_loss 1.5852  val_acc 0.3598
2026-04-08 19:25:49    epoch  20  loss 1.6082  acc 0.3482  val_loss 1.5971  val_acc 0.3419
2026-04-08 19:25:52    epoch  21  loss 1.6021  acc 0.3476  val_loss 1.5678  val_acc 0.3815
2026-04-08 19:25:55    epoch  22  loss 1.6084  acc 0.3431  val_loss 1.5726  val_acc 0.3776
2026-04-08 19:25:58    epoch  23  loss 1.5943  acc 0.3527  val_loss 1.5687  val_acc 0.3660
2026-04-08 19:26:01    epoch  24  loss 1.5972  acc 0.3565  val_loss 1.5611  val_acc 0.3831
2026-04-08 19:26:04    epoch  25  loss 1.5969  acc 0.3513  val_loss 1.6253  val_acc 0.3598
2026-04-08 19:26:07    epoch  26  loss 1.5883  acc 0.3606  val_loss 1.5632  val_acc 0.3730
2026-04-08 19:26:10    epoch  27  loss 1.5833  acc 0.3581  val_loss 1.5891  val_acc 0.3629
2026-04-08 19:26:13    epoch  28  loss 1.5811  acc 0.3621  val_loss 1.5493  val_acc 0.3768
2026-04-08 19:26:16    epoch  29  loss 1.5855  acc 0.3605  val_loss 1.5804  val_acc 0.3737
2026-04-08 19:26:19    epoch  30  loss 1.5775  acc 0.3587  val_loss 1.5574  val_acc 0.3823
2026-04-08 19:26:22    epoch  31  loss 1.5781  acc 0.3600  val_loss 1.6476  val_acc 0.3341
2026-04-08 19:26:25    epoch  32  loss 1.5777  acc 0.3657  val_loss 1.5439  val_acc 0.3823
2026-04-08 19:26:28    epoch  33  loss 1.5664  acc 0.3714  val_loss 1.5434  val_acc 0.3893
2026-04-08 19:26:31    epoch  34  loss 1.5661  acc 0.3666  val_loss 1.5581  val_acc 0.3869
2026-04-08 19:26:34    epoch  35  loss 1.5668  acc 0.3670  val_loss 1.5376  val_acc 0.3877
2026-04-08 19:26:37    epoch  36  loss 1.5712  acc 0.3663  val_loss 1.5606  val_acc 0.3730
2026-04-08 19:26:40    epoch  37  loss 1.5677  acc 0.3745  val_loss 1.5404  val_acc 0.3924
2026-04-08 19:26:43    epoch  38  loss 1.5576  acc 0.3737  val_loss 1.5259  val_acc 0.3978
2026-04-08 19:26:46    epoch  39  loss 1.5559  acc 0.3794  val_loss 1.5524  val_acc 0.3745
2026-04-08 19:26:49    epoch  40  loss 1.5521  acc 0.3806  val_loss 1.5231  val_acc 0.3807
2026-04-08 19:26:52    epoch  41  loss 1.5522  acc 0.3849  val_loss 1.7282  val_acc 0.3155
2026-04-08 19:26:55    epoch  42  loss 1.5476  acc 0.3815  val_loss 1.5122  val_acc 0.4149
2026-04-08 19:26:58    epoch  43  loss 1.5568  acc 0.3736  val_loss 1.5256  val_acc 0.4110
2026-04-08 19:27:01    epoch  44  loss 1.5437  acc 0.3893  val_loss 1.5020  val_acc 0.4180
2026-04-08 19:27:04    epoch  45  loss 1.5364  acc 0.3892  val_loss 1.5711  val_acc 0.3916
2026-04-08 19:27:07    epoch  46  loss 1.5450  acc 0.3890  val_loss 1.5657  val_acc 0.3675
2026-04-08 19:27:10    epoch  47  loss 1.5316  acc 0.3949  val_loss 1.5162  val_acc 0.3986
2026-04-08 19:27:13    epoch  48  loss 1.5310  acc 0.3931  val_loss 1.5177  val_acc 0.3869
2026-04-08 19:27:16    epoch  49  loss 1.5319  acc 0.3953  val_loss 1.5356  val_acc 0.3947
2026-04-08 19:27:19    epoch  50  loss 1.5095  acc 0.3991  val_loss 1.5129  val_acc 0.4079
2026-04-08 19:27:22    epoch  51  loss 1.5203  acc 0.3985  val_loss 1.4863  val_acc 0.4134
2026-04-08 19:27:25    epoch  52  loss 1.5059  acc 0.4040  val_loss 1.4813  val_acc 0.4211
2026-04-08 19:27:28    epoch  53  loss 1.5072  acc 0.4091  val_loss 1.4797  val_acc 0.4103
2026-04-08 19:27:31    epoch  54  loss 1.5041  acc 0.4072  val_loss 1.4809  val_acc 0.4219
2026-04-08 19:27:34    epoch  55  loss 1.5010  acc 0.4139  val_loss 1.4775  val_acc 0.4219
2026-04-08 19:27:37    epoch  56  loss 1.4951  acc 0.4123  val_loss 1.4935  val_acc 0.4040
2026-04-08 19:27:40    epoch  57  loss 1.4883  acc 0.4080  val_loss 1.4785  val_acc 0.4141
2026-04-08 19:27:43    epoch  58  loss 1.4974  acc 0.4059  val_loss 1.4718  val_acc 0.4165
2026-04-08 19:27:46    epoch  59  loss 1.4909  acc 0.4085  val_loss 1.4862  val_acc 0.4087
2026-04-08 19:27:49    epoch  60  loss 1.4844  acc 0.4124  val_loss 1.4956  val_acc 0.3955
2026-04-08 19:27:52    epoch  61  loss 1.4944  acc 0.4075  val_loss 1.4707  val_acc 0.4336
2026-04-08 19:27:55    epoch  62  loss 1.4844  acc 0.4097  val_loss 1.4722  val_acc 0.4351
2026-04-08 19:27:58    epoch  63  loss 1.4913  acc 0.4107  val_loss 1.4782  val_acc 0.4157
2026-04-08 19:28:01    epoch  64  loss 1.4859  acc 0.4134  val_loss 1.4636  val_acc 0.4266
2026-04-08 19:28:04    epoch  65  loss 1.4812  acc 0.4158  val_loss 1.4873  val_acc 0.4266
2026-04-08 19:28:07    epoch  66  loss 1.4807  acc 0.4143  val_loss 1.4624  val_acc 0.4211
2026-04-08 19:28:10    epoch  67  loss 1.4887  acc 0.4154  val_loss 1.4958  val_acc 0.4056
2026-04-08 19:28:13    epoch  68  loss 1.4746  acc 0.4220  val_loss 1.5432  val_acc 0.3831
2026-04-08 19:28:16    epoch  69  loss 1.4791  acc 0.4156  val_loss 1.4739  val_acc 0.4204
2026-04-08 19:28:19    epoch  70  loss 1.4854  acc 0.4181  val_loss 1.4560  val_acc 0.4328
2026-04-08 19:28:22    epoch  71  loss 1.4789  acc 0.4097  val_loss 1.4666  val_acc 0.4281
2026-04-08 19:28:25    epoch  72  loss 1.4771  acc 0.4165  val_loss 1.4887  val_acc 0.4141
2026-04-08 19:28:28    epoch  73  loss 1.4714  acc 0.4227  val_loss 1.4561  val_acc 0.4235
2026-04-08 19:28:31    epoch  74  loss 1.4701  acc 0.4173  val_loss 1.5019  val_acc 0.4079
2026-04-08 19:28:34    epoch  75  loss 1.4758  acc 0.4128  val_loss 1.4720  val_acc 0.4235
2026-04-08 19:28:37    epoch  76  loss 1.4553  acc 0.4202  val_loss 1.4784  val_acc 0.4235
2026-04-08 19:28:40    epoch  77  loss 1.4540  acc 0.4252  val_loss 1.4570  val_acc 0.4204
2026-04-08 19:28:43    epoch  78  loss 1.4517  acc 0.4269  val_loss 1.4441  val_acc 0.4390
2026-04-08 19:28:46    epoch  79  loss 1.4480  acc 0.4265  val_loss 1.4472  val_acc 0.4367
2026-04-08 19:28:49    epoch  80  loss 1.4556  acc 0.4246  val_loss 1.4536  val_acc 0.4359
2026-04-08 19:28:52    epoch  81  loss 1.4576  acc 0.4278  val_loss 1.4496  val_acc 0.4444
2026-04-08 19:28:55    epoch  82  loss 1.4484  acc 0.4294  val_loss 1.4702  val_acc 0.4289
2026-04-08 19:28:58    epoch  83  loss 1.4565  acc 0.4205  val_loss 1.4448  val_acc 0.4343
2026-04-08 19:29:01    epoch  84  loss 1.4478  acc 0.4279  val_loss 1.4340  val_acc 0.4413
2026-04-08 19:29:04    epoch  85  loss 1.4398  acc 0.4307  val_loss 1.4363  val_acc 0.4406
2026-04-08 19:29:07    epoch  86  loss 1.4456  acc 0.4292  val_loss 1.4374  val_acc 0.4390
2026-04-08 19:29:10    epoch  87  loss 1.4384  acc 0.4345  val_loss 1.4362  val_acc 0.4406
2026-04-08 19:29:14    epoch  88  loss 1.4412  acc 0.4327  val_loss 1.4322  val_acc 0.4367
2026-04-08 19:29:17    epoch  89  loss 1.4453  acc 0.4349  val_loss 1.4398  val_acc 0.4328
2026-04-08 19:29:20    epoch  90  loss 1.4359  acc 0.4348  val_loss 1.4379  val_acc 0.4375
2026-04-08 19:29:23    epoch  91  loss 1.4427  acc 0.4337  val_loss 1.4254  val_acc 0.4452
2026-04-08 19:29:26    epoch  92  loss 1.4359  acc 0.4315  val_loss 1.4419  val_acc 0.4359
2026-04-08 19:29:29    epoch  93  loss 1.4399  acc 0.4273  val_loss 1.4400  val_acc 0.4328
2026-04-08 19:29:32    epoch  94  loss 1.4372  acc 0.4293  val_loss 1.4335  val_acc 0.4367
2026-04-08 19:29:35    epoch  95  loss 1.4336  acc 0.4349  val_loss 1.4391  val_acc 0.4258
2026-04-08 19:29:38    epoch  96  loss 1.4347  acc 0.4362  val_loss 1.4296  val_acc 0.4437
2026-04-08 19:29:41    epoch  97  loss 1.4305  acc 0.4356  val_loss 1.4279  val_acc 0.4491
2026-04-08 19:29:44    epoch  98  loss 1.4274  acc 0.4377  val_loss 1.4243  val_acc 0.4382
2026-04-08 19:29:47    epoch  99  loss 1.4207  acc 0.4388  val_loss 1.4266  val_acc 0.4367
2026-04-08 19:29:50    epoch 100  loss 1.4305  acc 0.4371  val_loss 1.4318  val_acc 0.4382
2026-04-08 19:29:50    User11 accuracy: 0.3492
2026-04-08 19:29:51  ────────────────────────────────────────────────────────────
2026-04-08 19:29:51  LOSO fold — held-out: User12 (1470 test windows, 13177 train windows)
2026-04-08 19:29:54    epoch   1  loss 1.8546  acc 0.2637  val_loss 1.6795  val_acc 0.2863
2026-04-08 19:29:57    epoch   2  loss 1.7123  acc 0.2918  val_loss 1.6107  val_acc 0.3007
2026-04-08 19:30:00    epoch   3  loss 1.6658  acc 0.3094  val_loss 1.6100  val_acc 0.2992
2026-04-08 19:30:03    epoch   4  loss 1.6564  acc 0.3165  val_loss 1.5838  val_acc 0.3257
2026-04-08 19:30:07    epoch   5  loss 1.6487  acc 0.3213  val_loss 1.5873  val_acc 0.3242
2026-04-08 19:30:10    epoch   6  loss 1.6552  acc 0.3243  val_loss 1.5890  val_acc 0.3311
2026-04-08 19:30:13    epoch   7  loss 1.6319  acc 0.3267  val_loss 1.5682  val_acc 0.3121
2026-04-08 19:30:16    epoch   8  loss 1.6253  acc 0.3266  val_loss 1.5765  val_acc 0.3447
2026-04-08 19:30:19    epoch   9  loss 1.6137  acc 0.3307  val_loss 1.5490  val_acc 0.3554
2026-04-08 19:30:22    epoch  10  loss 1.6229  acc 0.3280  val_loss 1.5619  val_acc 0.3591
2026-04-08 19:30:25    epoch  11  loss 1.6170  acc 0.3348  val_loss 1.5664  val_acc 0.3318
2026-04-08 19:30:28    epoch  12  loss 1.6175  acc 0.3354  val_loss 1.5481  val_acc 0.3713
2026-04-08 19:30:31    epoch  13  loss 1.6071  acc 0.3391  val_loss 1.6636  val_acc 0.3371
2026-04-08 19:30:34    epoch  14  loss 1.6111  acc 0.3384  val_loss 1.5629  val_acc 0.3189
2026-04-08 19:30:37    epoch  15  loss 1.6038  acc 0.3461  val_loss 1.6098  val_acc 0.3440
2026-04-08 19:30:40    epoch  16  loss 1.6041  acc 0.3428  val_loss 1.6006  val_acc 0.3295
2026-04-08 19:30:43    epoch  17  loss 1.5979  acc 0.3459  val_loss 1.6193  val_acc 0.3417
2026-04-08 19:30:46    epoch  18  loss 1.5814  acc 0.3522  val_loss 1.5129  val_acc 0.3842
2026-04-08 19:30:49    epoch  19  loss 1.5790  acc 0.3556  val_loss 1.5159  val_acc 0.3721
2026-04-08 19:30:52    epoch  20  loss 1.5791  acc 0.3533  val_loss 1.5140  val_acc 0.3569
2026-04-08 19:30:55    epoch  21  loss 1.5678  acc 0.3599  val_loss 1.5162  val_acc 0.3743
2026-04-08 19:30:59    epoch  22  loss 1.5724  acc 0.3610  val_loss 1.4987  val_acc 0.3865
2026-04-08 19:31:02    epoch  23  loss 1.5734  acc 0.3592  val_loss 1.5158  val_acc 0.3865
2026-04-08 19:31:05    epoch  24  loss 1.5655  acc 0.3568  val_loss 1.5061  val_acc 0.3743
2026-04-08 19:31:08    epoch  25  loss 1.5591  acc 0.3606  val_loss 1.5392  val_acc 0.3698
2026-04-08 19:31:11    epoch  26  loss 1.5696  acc 0.3616  val_loss 1.5108  val_acc 0.3850
2026-04-08 19:31:14    epoch  27  loss 1.5636  acc 0.3653  val_loss 1.5043  val_acc 0.3705
2026-04-08 19:31:17    epoch  28  loss 1.5478  acc 0.3725  val_loss 1.4861  val_acc 0.3834
2026-04-08 19:31:20    epoch  29  loss 1.5502  acc 0.3619  val_loss 1.4948  val_acc 0.3880
2026-04-08 19:31:23    epoch  30  loss 1.5502  acc 0.3687  val_loss 1.4965  val_acc 0.3910
2026-04-08 19:31:26    epoch  31  loss 1.5480  acc 0.3662  val_loss 1.4839  val_acc 0.3979
2026-04-08 19:31:29    epoch  32  loss 1.5510  acc 0.3727  val_loss 1.4880  val_acc 0.3918
2026-04-08 19:31:32    epoch  33  loss 1.5527  acc 0.3643  val_loss 1.4798  val_acc 0.4032
2026-04-08 19:31:35    epoch  34  loss 1.5357  acc 0.3725  val_loss 1.4770  val_acc 0.3994
2026-04-08 19:31:39    epoch  35  loss 1.5485  acc 0.3707  val_loss 1.4823  val_acc 0.4002
2026-04-08 19:31:42    epoch  36  loss 1.5432  acc 0.3713  val_loss 1.4793  val_acc 0.4009
2026-04-08 19:31:45    epoch  37  loss 1.5430  acc 0.3716  val_loss 1.4814  val_acc 0.4077
2026-04-08 19:31:48    epoch  38  loss 1.5324  acc 0.3723  val_loss 1.4853  val_acc 0.3971
2026-04-08 19:31:51    epoch  39  loss 1.5366  acc 0.3720  val_loss 1.4854  val_acc 0.4009
2026-04-08 19:31:54    epoch  40  loss 1.5266  acc 0.3720  val_loss 1.4780  val_acc 0.4017
2026-04-08 19:31:57    epoch  41  loss 1.5249  acc 0.3755  val_loss 1.4756  val_acc 0.4002
2026-04-08 19:32:00    epoch  42  loss 1.5313  acc 0.3769  val_loss 1.4751  val_acc 0.4032
2026-04-08 19:32:03    epoch  43  loss 1.5352  acc 0.3761  val_loss 1.4738  val_acc 0.3971
2026-04-08 19:32:06    epoch  44  loss 1.5355  acc 0.3742  val_loss 1.4737  val_acc 0.3964
2026-04-08 19:32:09    epoch  45  loss 1.5220  acc 0.3782  val_loss 1.4715  val_acc 0.4032
2026-04-08 19:32:12    epoch  46  loss 1.5200  acc 0.3796  val_loss 1.4902  val_acc 0.3895
2026-04-08 19:32:15    epoch  47  loss 1.5226  acc 0.3728  val_loss 1.4709  val_acc 0.4039
2026-04-08 19:32:18    epoch  48  loss 1.5251  acc 0.3815  val_loss 1.4751  val_acc 0.4108
2026-04-08 19:32:21    epoch  49  loss 1.5224  acc 0.3845  val_loss 1.4671  val_acc 0.4055
2026-04-08 19:32:24    epoch  50  loss 1.5230  acc 0.3804  val_loss 1.4665  val_acc 0.4123
2026-04-08 19:32:27    epoch  51  loss 1.5250  acc 0.3814  val_loss 1.4728  val_acc 0.4009
2026-04-08 19:32:30    epoch  52  loss 1.5238  acc 0.3768  val_loss 1.4725  val_acc 0.4077
2026-04-08 19:32:33    epoch  53  loss 1.5222  acc 0.3798  val_loss 1.4717  val_acc 0.4108
2026-04-08 19:32:37    epoch  54  loss 1.5185  acc 0.3820  val_loss 1.4668  val_acc 0.4108
2026-04-08 19:32:40    epoch  55  loss 1.5238  acc 0.3831  val_loss 1.4761  val_acc 0.4017
2026-04-08 19:32:43    epoch  56  loss 1.5139  acc 0.3852  val_loss 1.4602  val_acc 0.4047
2026-04-08 19:32:46    epoch  57  loss 1.5176  acc 0.3819  val_loss 1.4635  val_acc 0.4108
2026-04-08 19:32:49    epoch  58  loss 1.5169  acc 0.3815  val_loss 1.4622  val_acc 0.4009
2026-04-08 19:32:52    epoch  59  loss 1.5162  acc 0.3822  val_loss 1.4610  val_acc 0.4062
2026-04-08 19:32:55    epoch  60  loss 1.5141  acc 0.3872  val_loss 1.4648  val_acc 0.4062
2026-04-08 19:32:58    epoch  61  loss 1.5077  acc 0.3854  val_loss 1.4736  val_acc 0.4017
2026-04-08 19:33:01    epoch  62  loss 1.5194  acc 0.3853  val_loss 1.4664  val_acc 0.4062
2026-04-08 19:33:04    epoch  63  loss 1.5190  acc 0.3818  val_loss 1.4603  val_acc 0.4085
2026-04-08 19:33:07    epoch  64  loss 1.5119  acc 0.3796  val_loss 1.4595  val_acc 0.4062
2026-04-08 19:33:10    epoch  65  loss 1.5095  acc 0.3779  val_loss 1.4646  val_acc 0.4093
2026-04-08 19:33:13    epoch  66  loss 1.5071  acc 0.3801  val_loss 1.4625  val_acc 0.4009
2026-04-08 19:33:16    epoch  67  loss 1.5117  acc 0.3864  val_loss 1.4708  val_acc 0.3994
2026-04-08 19:33:19    epoch  68  loss 1.5074  acc 0.3849  val_loss 1.4589  val_acc 0.4002
2026-04-08 19:33:22    epoch  69  loss 1.5164  acc 0.3809  val_loss 1.4551  val_acc 0.4123
2026-04-08 19:33:26    epoch  70  loss 1.5162  acc 0.3831  val_loss 1.4614  val_acc 0.4047
2026-04-08 19:33:29    epoch  71  loss 1.5077  acc 0.3802  val_loss 1.4616  val_acc 0.4070
2026-04-08 19:33:32    epoch  72  loss 1.5122  acc 0.3879  val_loss 1.4569  val_acc 0.4070
2026-04-08 19:33:35    epoch  73  loss 1.5122  acc 0.3869  val_loss 1.4560  val_acc 0.3986
2026-04-08 19:33:38    epoch  74  loss 1.5157  acc 0.3810  val_loss 1.4591  val_acc 0.4085
2026-04-08 19:33:41    epoch  75  loss 1.5076  acc 0.3878  val_loss 1.4587  val_acc 0.4039
2026-04-08 19:33:44    epoch  76  loss 1.5104  acc 0.3924  val_loss 1.4567  val_acc 0.4039
2026-04-08 19:33:47    epoch  77  loss 1.5140  acc 0.3874  val_loss 1.4603  val_acc 0.4055
2026-04-08 19:33:47    Early stopping at epoch 77
2026-04-08 19:33:47    User12 accuracy: 0.2830
2026-04-08 19:33:47  Best model: /home/mahmudm2/codebase/ClassyGlass/scripts/benchmark/models/cnn_best_W200_S100.pth  (acc=0.4929)
2026-04-08 19:33:47  ============================================================
2026-04-08 19:33:47  LOSO SUMMARY
2026-04-08 19:33:47  ============================================================
2026-04-08 19:33:47    User1: 0.2927
2026-04-08 19:33:47    User2: 0.4929
2026-04-08 19:33:47    User3: 0.4065
2026-04-08 19:33:47    User4: 0.3605
2026-04-08 19:33:47    User5: 0.3861
2026-04-08 19:33:47    User6: 0.3896
2026-04-08 19:33:47    User7: 0.3375
2026-04-08 19:33:47    User8: 0.4149
2026-04-08 19:33:47    User9: 0.3199
2026-04-08 19:33:47    User10: 0.3190
2026-04-08 19:33:47    User11: 0.3492
2026-04-08 19:33:47    User12: 0.2830
2026-04-08 19:33:47    Mean accuracy : 0.3626
2026-04-08 19:33:47    Std  accuracy : 0.0568
2026-04-08 19:33:47  ============================================================
2026-04-08 19:33:47  CLASSIFICATION REPORT (all folds combined)
2026-04-08 19:33:47  ============================================================
2026-04-08 19:33:47  
                            precision    recall  f1-score   support

         Sitting – Reading       0.17      0.10      0.13      1397
         Sitting – Writing       0.26      0.26      0.26      1543
         Computer – Typing       0.33      0.46      0.39      1540
       Computer – Browsing       0.43      0.37      0.40      1567
Sitting – Moving head/body       0.25      0.37      0.30      1353
    Sitting – Moving chair       0.27      0.23      0.25      1542
     Stand up from sitting       0.35      0.39      0.37      1826
                  Standing       0.28      0.12      0.17      1027
                   Walking       0.47      0.62      0.53      1214
                   Running       0.66      0.76      0.71      1186
             Taking stairs       0.25      0.00      0.00       452

                  accuracy                           0.35     14647
                 macro avg       0.34      0.33      0.32     14647
              weighted avg       0.34      0.35      0.34     14647

2026-04-08 19:33:48  Confusion matrix saved to: /home/mahmudm2/codebase/ClassyGlass/scripts/benchmark/figures/cnn_confusion_matrix_W200_S100.png
2026-04-08 19:33:48  Per-subject accuracy chart saved to: /home/mahmudm2/codebase/ClassyGlass/scripts/benchmark/figures/cnn_per_subject_accuracy_W200_S100.png
2026-04-08 19:33:48  ============================================================
2026-04-08 19:33:48  cnn training complete
2026-04-08 19:33:48  ============================================================
