epoch (ms),time (-13:00),elapsed (s),x-axis (T),y-axis (T),z-axis (T)
1568493819372,2019-09-14T16:43:39.372,0.0,2.0957506911891034e-06,-2.458363469593275e-06,3.441008270733153e-06
1568493819422,2019-09-14T16:43:39.422,0.05,2.4648110829062637e-06,-2.086029057437844e-06,3.5407156375248937e-06
1568493819472,2019-09-14T16:43:39.472,0.1,2.9261189890654617e-06,-2.0608225248866578e-06,3.567514807561274e-06
1568493819522,2019-09-14T16:43:39.522,0.15,3.5207292435026627e-06,-2.2767550664747232e-06,3.782510702248685e-06
1568493819572,2019-09-14T16:43:39.572,0.2,4.101037930524349e-06,-2.329208642269163e-06,4.030565593492094e-06
1568493819622,2019-09-14T16:43:39.622,0.25,4.456642333643646e-06,-2.140495528155329e-06,3.7494268975640707e-06
1568493819672,2019-09-14T16:43:39.672,0.3,4.672741395689655e-06,-2.0940314200924886e-06,3.1210447691150876e-06
1568493819722,2019-09-14T16:43:39.722,0.35,5.028671655974534e-06,-2.439588195894034e-06,2.9345251032398824e-06
1568493819772,2019-09-14T16:43:39.772,0.4,5.3548260888725495e-06,-2.9383798345253095e-06,3.28820212647552e-06
1568493819822,2019-09-14T16:43:39.822,0.45,4.961670765298656e-06,-3.1707816020321374e-06,3.6772628796650323e-06
1568493819872,2019-09-14T16:43:39.872,0.5,3.587455565644302e-06,-2.9795338007544055e-06,3.9728383008877624e-06
1568493819922,2019-09-14T16:43:39.922,0.55,1.7472959102898563e-06,-2.659802206022711e-06,4.342383245685781e-06
1568493819972,2019-09-14T16:43:39.972,0.6,-4.447632936293452e-07,-2.668818230622338e-06,4.9470260566029705e-06
1568493820022,2019-09-14T16:43:40.022,0.65,-3.86406690627405e-06,-2.925207181567391e-06,6.176402539347185e-06
1568493820072,2019-09-14T16:43:40.072,0.7,-8.857016227688254e-06,-2.6747227446132704e-06,8.221142267919176e-06
1568493820122,2019-09-14T16:43:40.122,0.75,-1.4011351807823083e-05,-1.4504356364444676e-06,1.0453477517956071e-05
1568493820172,2019-09-14T16:43:40.172,0.8,-1.7542780030420012e-05,1.904339939568053e-07,1.2122034151049595e-05
1568493820222,2019-09-14T16:43:40.222,0.85,-1.9263510120621673e-05,1.3716878379466804e-06,1.3289638314058686e-05
1568493820272,2019-09-14T16:43:40.272,0.9,-2.0173542308867055e-05,2.0129985609038556e-06,1.4481251507444346e-05
1568493820322,2019-09-14T16:43:40.322,0.95,-2.0784975921064938e-05,2.6480710750595743e-06,1.5891026540833795e-05
1568493820372,2019-09-14T16:43:40.372,1.0,-2.0977975437620446e-05,3.354840252227063e-06,1.7262297832194737e-05
1568493820422,2019-09-14T16:43:40.422,1.05,-2.094031392561614e-05,3.6875763498058203e-06,1.8237161823198743e-05
1568493820472,2019-09-14T16:43:40.472,1.1,-2.10479393366957e-05,3.6459510538177524e-06,1.8827662990511376e-05
1568493820522,2019-09-14T16:43:40.522,1.15,-2.1096871536586246e-05,3.7831891086973905e-06,1.9582929054468377e-05
1568493820572,2019-09-14T16:43:40.572,1.2,-2.0657025147769117e-05,4.274935520491927e-06,2.0869169170223077e-05
1568493820622,2019-09-14T16:43:40.622,1.25,-2.0000387449384433e-05,4.713442835371257e-06,2.2087385806069255e-05
1568493820672,2019-09-14T16:43:40.672,1.3,-1.973599865012044e-05,4.857780996268236e-06,2.2372241412107568e-05
1568493820722,2019-09-14T16:43:40.722,1.35,-1.9711652994740787e-05,4.905365911591708e-06,2.1912353894815938e-05
1568493820772,2019-09-14T16:43:40.772,1.4,-1.9288028324585657e-05,5.0158319855033466e-06,2.1617958163638804e-05
1568493820822,2019-09-14T16:43:40.822,1.45,-1.847944045818238e-05,5.096271301051457e-06,2.1680435370939044e-05
1568493820872,2019-09-14T16:43:40.872,1.5,-1.7870489146053875e-05,5.092264743173564e-06,2.1521987709955985e-05
1568493820922,2019-09-14T16:43:40.922,1.55,-1.7715978402709798e-05,5.117289306734524e-06,2.0997568950423398e-05
1568493820972,2019-09-14T16:43:40.972,1.6,-1.7825488756091507e-05,5.217526023553786e-06,2.062241719966369e-05
1568493821022,2019-09-14T16:43:41.022,1.65,-1.797849115977594e-05,5.2287250012023206e-06,2.0689968223994006e-05
1568493821072,2019-09-14T16:43:41.072,1.7,-1.8069997969718094e-05,4.9747638437297015e-06,2.0904812591740222e-05
1568493821122,2019-09-14T16:43:41.122,1.75,-1.8110125196269517e-05,4.548189004887873e-06,2.0808871273024974e-05
1568493821172,2019-09-14T16:43:41.172,1.8,-1.8245590228487557e-05,4.287280847020897e-06,2.019324675625318e-05
1568493821222,2019-09-14T16:43:41.222,1.85,-1.874397010961351e-05,4.3806989393839405e-06,1.9130789805935613e-05
1568493821272,2019-09-14T16:43:41.272,1.9,-1.981602684160711e-05,4.572417598419785e-06,1.7679676369162312e-05
1568493821322,2019-09-14T16:43:41.322,1.95,-2.1202507087520433e-05,4.5036341421473794e-06,1.5729243123465887e-05
1568493821372,2019-09-14T16:43:41.372,2.0,-2.2165892310218033e-05,4.307575667768062e-06,1.3248423461898833e-05
1568493821422,2019-09-14T16:43:41.422,2.05,-2.2337569854532834e-05,4.4308738602762656e-06,1.0303849273552167e-05
1568493821472,2019-09-14T16:43:41.472,2.1,-2.219196952477301e-05,4.828607081411691e-06,6.86997178467537e-06
1568493821522,2019-09-14T16:43:41.522,2.15,-2.216999922529792e-05,4.981617974331453e-06,3.214678812319698e-06
1568493821572,2019-09-14T16:43:41.572,2.2,-2.1932103937532015e-05,4.840100121368063e-06,9.038803282134976e-08
1568493821622,2019-09-14T16:43:41.622,2.25,-2.1111941236537483e-05,4.915391865253898e-06,-2.2068225868585337e-06
1568493821672,2019-09-14T16:43:41.672,2.3,-2.0148339502919316e-05,5.275078136631385e-06,-4.304069412312075e-06
1568493821722,2019-09-14T16:43:41.722,2.35,-1.9658297835343804e-05,5.446628030638728e-06,-6.590208122465739e-06
1568493821772,2019-09-14T16:43:41.772,2.4,-1.952045267421318e-05,5.422992127599436e-06,-8.518752344901358e-06
1568493821822,2019-09-14T16:43:41.822,2.45,-1.9214924367104767e-05,5.634914934780474e-06,-9.714129033585373e-06
1568493821872,2019-09-14T16:43:41.872,2.5,-1.8667388270456493e-05,5.960613295599951e-06,-1.071436518955226e-05
1568493821922,2019-09-14T16:43:41.922,2.55,-1.815402630572188e-05,5.9388528900347775e-06,-1.1927057745726979e-05
1568493821972,2019-09-14T16:43:41.972,2.6,-1.765148295148094e-05,5.731202339360139e-06,-1.285000453184426e-05
1568493822022,2019-09-14T16:43:42.022,2.65,-1.697578846762282e-05,5.78987415424466e-06,-1.301854183818032e-05
1568493822072,2019-09-14T16:43:42.072,2.7,-1.6386089805196606e-05,6.0252942082948715e-06,-1.2860230362463526e-05
1568493822122,2019-09-14T16:43:42.122,2.75,-1.6272987172611175e-05,6.191814084093681e-06,-1.3018315770592957e-05
1568493822172,2019-09-14T16:43:42.172,2.8,-1.640969119723128e-05,6.469385580224614e-06,-1.3522207680620968e-05
1568493822222,2019-09-14T16:43:42.222,2.85,-1.6273482834123298e-05,6.973294088408014e-06,-1.402454222221999e-05
1568493822272,2019-09-14T16:43:42.272,2.9,-1.592830990053086e-05,7.3736158023652384e-06,-1.4331900354786236e-05
1568493822322,2019-09-14T16:43:42.322,2.95,-1.5892047829564463e-05,7.463695793335967e-06,-1.4477395193696954e-05
1568493822372,2019-09-14T16:43:42.372,3.0,-1.6240373627048276e-05,7.420431220809684e-06,-1.4592192677188198e-05
1568493822422,2019-09-14T16:43:42.422,3.05,-1.6408423815689462e-05,7.2982621054390275e-06,-1.481095395652608e-05
1568493822472,2019-09-14T16:43:42.472,3.1,-1.5834934568228142e-05,6.947281071401771e-06,-1.5244376931411016e-05
1568493822522,2019-09-14T16:43:42.522,3.15,-1.4395352308858809e-05,6.446779455732424e-06,-1.6055984257637024e-05
1568493822572,2019-09-14T16:43:42.572,3.2,-1.231537272070556e-05,6.040373368078264e-06,-1.7358921803070645e-05
1568493822622,2019-09-14T16:43:42.622,3.25,-1.004752667784374e-05,5.747738995450953e-06,-1.8906419470302533e-05
1568493822672,2019-09-14T16:43:42.672,3.3,-8.096711298367718e-06,5.441013825147597e-06,-2.0261230028903614e-05
1568493822722,2019-09-14T16:43:42.722,3.35,-6.591358499690415e-06,5.111760721255153e-06,-2.138859138820028e-05
1568493822772,2019-09-14T16:43:42.772,3.4,-5.142037278348954e-06,4.769553491883024e-06,-2.253486383786139e-05
1568493822822,2019-09-14T16:43:42.822,3.45,-3.437964141710405e-06,4.302729577866523e-06,-2.348682236732836e-05
1568493822872,2019-09-14T16:43:42.872,3.5,-1.8252332526949768e-06,3.750769156566555e-06,-2.377119754352591e-05
1568493822922,2019-09-14T16:43:42.922,3.55,-8.582088397300011e-07,3.4860998753249346e-06,-2.369094063362813e-05
1568493822972,2019-09-14T16:43:42.972,3.6,-3.3751316096255324e-07,3.70663196042949e-06,-2.412488666052808e-05
1568493823022,2019-09-14T16:43:43.022,3.65,5.034965492343594e-07,3.9973080555934e-06,-2.507296440566126e-05
1568493823072,2019-09-14T16:43:43.072,3.7,1.6623959433832347e-06,3.907285838831147e-06,-2.556248813775123e-05
1568493823122,2019-09-14T16:43:43.122,3.75,2.2349772225357415e-06,3.604171890034763e-06,-2.5273572043655358e-05
1568493823172,2019-09-14T16:43:43.172,3.8,2.0957525889025906e-06,3.3917503718816007e-06,-2.499576647486665e-05
1568493823222,2019-09-14T16:43:43.222,3.85,2.399395653298225e-06,3.0786608806307467e-06,-2.5105538310760474e-05
1568493823272,2019-09-14T16:43:43.272,3.9,3.6612872280416163e-06,2.4003501135909403e-06,-2.4843929025936874e-05
1568493823322,2019-09-14T16:43:43.322,3.95,4.771546234444309e-06,1.5390211814782918e-06,-2.35944496019548e-05
1568493823372,2019-09-14T16:43:43.372,4.0,4.758293309069309e-06,7.683309567485696e-07,-2.181928640135273e-05
1568493823422,2019-09-14T16:43:43.422,4.05,4.137420965833252e-06,6.826173002913807e-08,-2.0295804651926186e-05
1568493823472,2019-09-14T16:43:43.472,4.1,3.774742231230092e-06,-6.28606853343224e-07,-1.9204613167624952e-05
1568493823522,2019-09-14T16:43:43.522,4.15,3.7066191404377235e-06,-1.2536696276345126e-06,-1.8210458935507683e-05
1568493823572,2019-09-14T16:43:43.572,4.2,3.7345624679967876e-06,-1.8390997768115545e-06,-1.7013442218590398e-05
1568493823622,2019-09-14T16:43:43.622,4.25,4.0944152619449384e-06,-2.531111909369579e-06,-1.5712186962938994e-05
1568493823672,2019-09-14T16:43:43.672,4.3,4.902228721608404e-06,-3.2374665575658363e-06,-1.4589865579672093e-05
1568493823722,2019-09-14T16:43:43.722,4.35,5.6990326206120196e-06,-3.672431251735409e-06,-1.357331468378985e-05
1568493823772,2019-09-14T16:43:43.772,4.4,6.074903723976698e-06,-3.867695080785959e-06,-1.2369266666361998e-05
1568493823822,2019-09-14T16:43:43.822,4.45,6.247178020104089e-06,-4.202403539535344e-06,-1.1212129349436852e-05
1568493823872,2019-09-14T16:43:43.872,4.5,6.701282005337292e-06,-4.7729993289193306e-06,-1.077018041203272e-05
1568493823922,2019-09-14T16:43:43.922,4.55,7.614592613646259e-06,-5.159533362059882e-06,-1.1128470167407075e-05
1568493823972,2019-09-14T16:43:43.972,4.6,8.746247216690658e-06,-5.118173135065072e-06,-1.1585259431300473e-05
1568493824022,2019-09-14T16:43:44.022,4.65,9.68495343501746e-06,-5.121881944756578e-06,-1.1643755697979352e-05
1568493824072,2019-09-14T16:43:44.072,4.7,1.022332710725505e-05,-5.6392161529166e-06,-1.1640235113233007e-05
1568493824122,2019-09-14T16:43:44.122,4.75,1.04683090144173e-05,-6.219599717235242e-06,-1.2230289995079762e-05
1568493824172,2019-09-14T16:43:44.172,4.8,1.0526156776004485e-05,-6.1469577198104185e-06,-1.350758827590621e-05
1568493824222,2019-09-14T16:43:44.222,4.85,1.0347798934207067e-05,-5.6222410902678495e-06,-1.4765854171875709e-05
1568493824272,2019-09-14T16:43:44.272,4.9,9.956892134522518e-06,-5.282803974037318e-06,-1.5189111974059798e-05
1568493824322,2019-09-14T16:43:44.322,4.95,9.521200815152693e-06,-5.089665060975048e-06,-1.4731886193202007e-05
1568493824372,2019-09-14T16:43:44.372,5.0,9.166289667627666e-06,-4.752762352452733e-06,-1.4193362416119765e-05
1568493824422,2019-09-14T16:43:44.422,5.05,8.84862772160732e-06,-4.53553909981108e-06,-1.4341970733179089e-05
1568493824472,2019-09-14T16:43:44.472,5.1,8.413585110124411e-06,-4.6618583260168644e-06,-1.5027431146877276e-05
1568493824522,2019-09-14T16:43:44.522,5.15,7.867608713779216e-06,-4.7208366082079055e-06,-1.546720234888331e-05
1568493824572,2019-09-14T16:43:44.572,5.2,7.458746888437367e-06,-4.392703775508002e-06,-1.5381865905038848e-05
1568493824622,2019-09-14T16:43:44.622,5.25,7.242459449466502e-06,-3.991099221875736e-06,-1.523563704209575e-05
1568493824672,2019-09-14T16:43:44.672,5.3,6.949704990295654e-06,-3.834972844804302e-06,-1.53766823082906e-05
1568493824722,2019-09-14T16:43:44.722,5.35,6.525171500052662e-06,-3.817755742380049e-06,-1.5656368270704995e-05
1568493824772,2019-09-14T16:43:44.772,5.4,6.161997946334861e-06,-3.865593549601663e-06,-1.5826043025608447e-05
1568493824822,2019-09-14T16:43:44.822,5.45,5.718595286666939e-06,-4.1083930123277314e-06,-1.580616968884983e-05
1568493824872,2019-09-14T16:43:44.872,5.5,4.9021400309250445e-06,-4.39623664197726e-06,-1.570940656878128e-05
1568493824922,2019-09-14T16:43:44.922,5.55,3.894086799237133e-06,-4.299499150177753e-06,-1.566771112348889e-05
1568493824972,2019-09-14T16:43:44.972,5.6,2.932367445555307e-06,-3.758817435569916e-06,-1.546911203976737e-05
1568493825022,2019-09-14T16:43:45.022,5.65,1.6128006660306352e-06,-3.223994249684089e-06,-1.4753981132251997e-05
1568493825072,2019-09-14T16:43:45.072,5.7,-5.013251598077551e-07,-3.0018782253224994e-06,-1.3657104433991931e-05
1568493825122,2019-09-14T16:43:45.122,5.75,-2.9323196903463686e-06,-2.8154358834654196e-06,-1.2565306956894924e-05
1568493825172,2019-09-14T16:43:45.172,5.8,-4.7793908529524875e-06,-2.218367939585897e-06,-1.1400391658675018e-05
1568493825222,2019-09-14T16:43:45.222,5.85,-5.892594565703724e-06,-1.2605296010465023e-06,-9.972570313527255e-06
1568493825272,2019-09-14T16:43:45.272,5.9,-6.813796873000087e-06,-4.299975654856527e-07,-8.579999119103833e-06
1568493825322,2019-09-14T16:43:45.322,5.95,-7.797823540525196e-06,1.658020706456726e-09,-7.465265368947052e-06
1568493825372,2019-09-14T16:43:45.372,6.0,-8.723023462496399e-06,2.0750189149744482e-07,-6.286901579509802e-06
1568493825422,2019-09-14T16:43:45.422,6.05,-9.651613596710493e-06,4.136893252458764e-07,-4.627333954086167e-06
1568493825472,2019-09-14T16:43:45.472,6.1,-1.0526231143151522e-05,6.621995704723957e-07,-2.4466336095819174e-06
1568493825522,2019-09-14T16:43:45.522,6.15,-1.0804144488727183e-05,9.059548277683175e-07,3.2795181737728816e-08
1568493825572,2019-09-14T16:43:45.572,6.2,-1.0266114373180368e-05,1.0407936980657946e-06,2.3836727506971473e-06
1568493825622,2019-09-14T16:43:45.622,6.25,-9.486704304562642e-06,1.0242784868917078e-06,4.176563527153535e-06
1568493825672,2019-09-14T16:43:45.672,6.3,-8.952778573457077e-06,1.140072776317513e-06,5.563074393192248e-06
1568493825722,2019-09-14T16:43:45.722,6.35,-8.543237411454082e-06,1.7480216808563227e-06,7.185927934377315e-06
1568493825772,2019-09-14T16:43:45.772,6.4,-8.084767268615893e-06,2.5892743451932357e-06,9.191912490156078e-06
1568493825822,2019-09-14T16:43:45.822,6.45,-7.666276600995174e-06,2.859738464635843e-06,1.1051684193629081e-05
1568493825872,2019-09-14T16:43:45.872,6.5,-7.3398629750201465e-06,2.2577304745240824e-06,1.2529213389269999e-05
1568493825922,2019-09-14T16:43:45.922,6.55,-6.915248035836526e-06,1.4704077023503798e-06,1.3921240855629768e-05
1568493825972,2019-09-14T16:43:45.972,6.6,-6.091874284625968e-06,1.2969428976969087e-06,1.5311261508678732e-05
1568493826022,2019-09-14T16:43:46.022,6.65,-4.823826668836503e-06,1.7300532082085442e-06,1.6449835435606543e-05
1568493826072,2019-09-14T16:43:46.072,6.7,-3.461920405641403e-06,2.196292709332165e-06,1.7265993790638037e-05
1568493826122,2019-09-14T16:43:46.122,6.75,-2.206512136275846e-06,2.2851837340336787e-06,1.7899062500120973e-05
1568493826172,2019-09-14T16:43:46.172,6.8,-7.339379250158529e-07,1.9914812759517384e-06,1.844648681731021e-05
1568493826222,2019-09-14T16:43:46.222,6.85,1.0833246169933202e-06,1.542412790828974e-06,1.8965417570406985e-05
1568493826272,2019-09-14T16:43:46.272,6.9,2.625744158522982e-06,1.1682609289623508e-06,1.9440719457247403e-05
1568493826322,2019-09-14T16:43:46.322,6.95,3.3702947647608666e-06,9.867126644281252e-07,1.971773023832009e-05
1568493826372,2019-09-14T16:43:46.372,7.0,3.6837118685052258e-06,1.0471693305851994e-06,1.9749959545259543e-05
1568493826422,2019-09-14T16:43:46.422,7.05,4.160318954455547e-06,1.295478819666814e-06,1.9811418036848448e-05
1568493826472,2019-09-14T16:43:46.472,7.1,4.8455636610084805e-06,1.4682676238127107e-06,2.019947542251056e-05
1568493826522,2019-09-14T16:43:46.522,7.15,5.686582471340029e-06,1.3216545541761215e-06,2.0801260672955968e-05
1568493826572,2019-09-14T16:43:46.572,7.2,6.95525012309586e-06,9.546703167032868e-07,2.1183162723827065e-05
1568493826622,2019-09-14T16:43:46.622,7.25,8.617006624652225e-06,6.580041060766228e-07,2.115023878989717e-05
1568493826672,2019-09-14T16:43:46.672,7.3,1.0076691054012335e-05,5.832490035290826e-07,2.099355689483271e-05
1568493826722,2019-09-14T16:43:46.722,7.35,1.103564987892843e-05,6.276864078775703e-07,2.0970771601061515e-05
1568493826772,2019-09-14T16:43:46.772,7.4,1.1855664528055019e-05,4.359375226969001e-07,2.0773759314312346e-05
1568493826822,2019-09-14T16:43:46.822,7.45,1.2799888707524982e-05,-2.1197851012307663e-07,1.9981379685292305e-05
1568493826872,2019-09-14T16:43:46.872,7.5,1.3597590378988171e-05,-8.631441499243732e-07,1.890933118698625e-05
1568493826922,2019-09-14T16:43:46.922,7.55,1.3971602820636272e-05,-9.068996095323961e-07,1.8352696710183425e-05
1568493826972,2019-09-14T16:43:46.972,7.6,1.4067222977111346e-05,-5.877504575583161e-07,1.847792351469157e-05
1568493827022,2019-09-14T16:43:47.022,7.65,1.4082609120229037e-05,-5.832752622262143e-07,1.86627186865661e-05
1568493827072,2019-09-14T16:43:47.072,7.7,1.3863882322490646e-05,-8.537318945128905e-07,1.847858806637797e-05
1568493827122,2019-09-14T16:43:47.122,7.75,1.3324564041554833e-05,-8.741249135057744e-07,1.813967584398415e-05
1568493827172,2019-09-14T16:43:47.172,7.8,1.2985146969106812e-05,-6.578611990404258e-07,1.7908985605343178e-05
1568493827222,2019-09-14T16:43:47.222,7.85,1.3427938963525712e-05,-7.335138685936235e-07,1.7673150720571953e-05
1568493827272,2019-09-14T16:43:47.272,7.9,1.4423079951127933e-05,-1.2706108464543183e-06,1.7182224999492886e-05
1568493827322,2019-09-14T16:43:47.322,7.95,1.53806949455811e-05,-1.8224579456682554e-06,1.630922098337609e-05
1568493827372,2019-09-14T16:43:47.372,8.0,1.6380721410218173e-05,-2.0102804684951813e-06,1.5122927592199905e-05
1568493827422,2019-09-14T16:43:47.422,8.05,1.7826899046156578e-05,-2.024908210421906e-06,1.3951005937015373e-05
1568493827472,2019-09-14T16:43:47.472,8.1,1.9410834981381795e-05,-2.2716467060432345e-06,1.3206020359035975e-05
1568493827522,2019-09-14T16:43:47.522,8.15,2.042451032670599e-05,-2.8335242427288864e-06,1.2947664125057685e-05
1568493827572,2019-09-14T16:43:47.572,8.2,2.087399513607012e-05,-3.39124929799866e-06,1.278079498091601e-05
1568493827622,2019-09-14T16:43:47.622,8.25,2.134635091449908e-05,-3.521533591076181e-06,1.2368565650339049e-05
1568493827672,2019-09-14T16:43:47.672,8.3,2.19098651863894e-05,-3.1360431723065493e-06,1.1899070250791125e-05
1568493827722,2019-09-14T16:43:47.722,8.35,2.207245502692432e-05,-2.6265587613533743e-06,1.1847670070955526e-05
1568493827772,2019-09-14T16:43:47.772,8.4,2.1776899049698725e-05,-2.445788078007295e-06,1.2330217941138422e-05
1568493827822,2019-09-14T16:43:47.822,8.45,2.150718941229521e-05,-2.690161316349215e-06,1.2783385792863495e-05
1568493827872,2019-09-14T16:43:47.872,8.5,2.1446032121678423e-05,-3.1928300729065306e-06,1.2423106210796342e-05
1568493827922,2019-09-14T16:43:47.922,8.55,2.1388466736418028e-05,-3.748377884861552e-06,1.1239216280428287e-05
1568493827972,2019-09-14T16:43:47.972,8.6,2.1341835665137205e-05,-4.116899093115921e-06,1.0230252647537479e-05
1568493828022,2019-09-14T16:43:48.022,8.65,2.144909060133243e-05,-4.056108012452236e-06,1.0174742016995581e-05
1568493828072,2019-09-14T16:43:48.072,8.7,2.1558400461625577e-05,-3.562509398644003e-06,1.0696101775146625e-05
1568493828122,2019-09-14T16:43:48.122,8.75,2.142443228088952e-05,-3.0241703539067663e-06,1.1094938983514416e-05
1568493828172,2019-09-14T16:43:48.172,8.8,2.107373744317002e-05,-2.900144476898428e-06,1.1313590744969206e-05
1568493828222,2019-09-14T16:43:48.222,8.85,2.0721232463527344e-05,-3.196526020987159e-06,1.152906198298261e-05
1568493828272,2019-09-14T16:43:48.272,8.9,2.0522188151394615e-05,-3.539933872237209e-06,1.1612148254666715e-05
1568493828322,2019-09-14T16:43:48.322,8.95,2.0336905169644354e-05,-3.740694406673474e-06,1.1480470441535186e-05
1568493828372,2019-09-14T16:43:48.372,9.0,1.9705489730547282e-05,-3.819747641003727e-06,1.1497197784800407e-05
1568493828422,2019-09-14T16:43:48.422,9.05,1.8380611735658697e-05,-3.6175136075401673e-06,1.2153269625965901e-05
1568493828472,2019-09-14T16:43:48.472,9.1,1.6688621487299205e-05,-3.0240949910827692e-06,1.3396522617086277e-05
1568493828522,2019-09-14T16:43:48.522,9.15,1.4940289903797053e-05,-2.4329302721912513e-06,1.4521996838168453e-05
1568493828572,2019-09-14T16:43:48.572,9.2,1.3003659144716731e-05,-2.3132138001102496e-06,1.4937782361417255e-05
1568493828622,2019-09-14T16:43:48.622,9.25,1.0900850439805797e-05,-2.4997873680058823e-06,1.4836017088723994e-05
1568493828672,2019-09-14T16:43:48.672,9.3,9.078868226283122e-06,-2.475837387212785e-06,1.4868410552842794e-05
1568493828722,2019-09-14T16:43:48.722,9.35,7.677262506369999e-06,-2.155269395790112e-06,1.530363297438912e-05
1568493828772,2019-09-14T16:43:48.772,9.4,6.219025743298801e-06,-1.810702093692192e-06,1.5733604593379785e-05
1568493828822,2019-09-14T16:43:48.822,9.45,4.330014792811162e-06,-1.4654164553492563e-06,1.574646063722642e-05
1568493828872,2019-09-14T16:43:48.872,9.5,2.291114133188675e-06,-9.822558769058883e-07,1.565845319342286e-05
1568493828922,2019-09-14T16:43:48.922,9.55,6.296974868635525e-07,-5.037181860020578e-07,1.59984528268963e-05
1568493828972,2019-09-14T16:43:48.972,9.6,-5.505916445597031e-07,-2.332281188280368e-07,1.643993024829625e-05
1568493829022,2019-09-14T16:43:49.022,9.65,-1.5751542559122381e-06,-6.67453668817525e-08,1.6082472173555388e-05
1568493829072,2019-09-14T16:43:49.072,9.7,-2.8496339650799193e-06,1.1840522774986057e-07,1.4662538807082057e-05
1568493829122,2019-09-14T16:43:49.122,9.75,-4.744907059985322e-06,1.734493062053702e-07,1.2735998795104789e-05
1568493829172,2019-09-14T16:43:49.172,9.8,-7.28563954780177e-06,8.317998930930245e-08,1.0793161573848528e-05
1568493829222,2019-09-14T16:43:49.222,9.85,-9.810913684995785e-06,2.679087650085255e-07,8.652178704885104e-06
1568493829272,2019-09-14T16:43:49.272,9.9,-1.1595779744423916e-05,9.956327347351623e-07,5.782726196853878e-06
1568493829322,2019-09-14T16:43:49.322,9.95,-1.2634571585028714e-05,1.796432688071528e-06,2.255875201517344e-06
1568493829372,2019-09-14T16:43:49.372,10.0,-1.3218696511072028e-05,1.966118366450748e-06,-1.0369680340025134e-06
1568493829422,2019-09-14T16:43:49.422,10.05,-1.3310906418970734e-05,1.4589905194738687e-06,-3.664029129458736e-06
1568493829472,2019-09-14T16:43:49.472,10.1,-1.2839262329872326e-05,8.884205362997697e-07,-6.417909407771424e-06
1568493829522,2019-09-14T16:43:49.522,10.15,-1.1941419304901435e-05,7.876071248231033e-07,-9.95923141758894e-06
1568493829572,2019-09-14T16:43:49.572,10.2,-1.071782265427894e-05,1.131478242460968e-06,-1.3589744905903416e-05
1568493829622,2019-09-14T16:43:49.622,10.25,-9.351787348736472e-06,1.514563121141363e-06,-1.6258345009388547e-05
1568493829672,2019-09-14T16:43:49.672,10.3,-8.221818860348565e-06,1.614929339195155e-06,-1.8018536799154033e-05
1568493829722,2019-09-14T16:43:49.722,10.35,-7.364537701252968e-06,1.4245628879573963e-06,-1.9683034411983125e-05
1568493829772,2019-09-14T16:43:49.772,10.4,-6.439664282769791e-06,1.1771200205810901e-06,-2.1524447545938832e-05
1568493829822,2019-09-14T16:43:49.822,10.45,-5.521824076816338e-06,1.1617945234897127e-06,-2.3115190076001588e-05
1568493829872,2019-09-14T16:43:49.872,10.5,-5.057554139760419e-06,1.4328371819317593e-06,-2.4204528235607044e-05
1568493829922,2019-09-14T16:43:49.922,10.55,-4.991032280653965e-06,1.710494096075049e-06,-2.4958044556789804e-05
1568493829972,2019-09-14T16:43:49.972,10.6,-4.802274344211925e-06,1.7831922420847602e-06,-2.552762009818575e-05
1568493830022,2019-09-14T16:43:50.022,10.65,-4.270889556508329e-06,1.7805436870301994e-06,-2.6014046374980216e-05
1568493830072,2019-09-14T16:43:50.072,10.7,-3.5707028964520436e-06,1.83029840806856e-06,-2.649596304616125e-05
1568493830122,2019-09-14T16:43:50.122,10.75,-2.8795944530050013e-06,1.7928804379560178e-06,-2.6744706884293382e-05
1568493830172,2019-09-14T16:43:50.172,10.8,-2.2530955710071915e-06,1.517922724871935e-06,-2.639076416851587e-05
1568493830222,2019-09-14T16:43:50.222,10.85,-1.6462906730080483e-06,1.1018198494021713e-06,-2.545026465779333e-05
1568493830272,2019-09-14T16:43:50.272,10.9,-1.0315286328135748e-06,7.463393878917415e-07,-2.4331125065185457e-05
1568493830322,2019-09-14T16:43:50.322,10.95,-6.600378316480454e-07,4.570592749389319e-07,-2.3449191084621296e-05
1568493830372,2019-09-14T16:43:50.372,11.0,-9.216537410822586e-07,6.044490122334526e-08,-2.293081426058673e-05
1568493830422,2019-09-14T16:43:50.422,11.05,-1.7237124232764453e-06,-4.7360355635140124e-07,-2.2530913147451957e-05
1568493830472,2019-09-14T16:43:50.472,11.1,-2.4045675699792156e-06,-9.576342442840255e-07,-2.1995172178608375e-05
1568493830522,2019-09-14T16:43:50.522,11.15,-2.608428175471393e-06,-1.1970965130487115e-06,-2.147920621138321e-05
1568493830572,2019-09-14T16:43:50.572,11.2,-2.8964360303352137e-06,-1.080663769551516e-06,-2.1199140732450716e-05
1568493830622,2019-09-14T16:43:50.622,11.25,-3.9900424804251265e-06,-6.666648375459745e-07,-2.0819751807326607e-05
1568493830672,2019-09-14T16:43:50.672,11.3,-5.69456220612105e-06,-2.4399655646489077e-07,-1.9746502737891265e-05
1568493830722,2019-09-14T16:43:50.722,11.35,-7.260353850456398e-06,-1.1606694271014072e-08,-1.792875190999069e-05
1568493830772,2019-09-14T16:43:50.772,11.4,-8.544185028302704e-06,9.980842623577886e-08,-1.588096585521669e-05
1568493830822,2019-09-14T16:43:50.822,11.45,-9.9624533544393e-06,7.015400590246153e-08,-1.3907933684587162e-05
1568493830872,2019-09-14T16:43:50.872,11.5,-1.1577014880243621e-05,-1.6672483289213349e-07,-1.1749789750758834e-05
1568493830922,2019-09-14T16:43:50.922,11.55,-1.3077964541195183e-05,-2.2251040632665107e-07,-9.132376072673476e-06
1568493830972,2019-09-14T16:43:50.972,11.6,-1.4328806121293709e-05,3.5132181815420635e-07,-6.195085874507028e-06
1568493831022,2019-09-14T16:43:51.022,11.65,-1.5307193580588558e-05,1.1260366987047156e-06,-3.1842446680998717e-06
1568493831072,2019-09-14T16:43:51.072,11.7,-1.5928907637892552e-05,1.177837627660026e-06,-3.4640142326522746e-07
1568493831122,2019-09-14T16:43:51.122,11.75,-1.6230098074387508e-05,4.988250714480287e-07,1.7659244625703813e-06
1568493831172,2019-09-14T16:43:51.172,11.8,-1.6376980908779343e-05,1.292690773939135e-07,2.7362922794466735e-06
1568493831222,2019-09-14T16:43:51.222,11.85,-1.6522587671654377e-05,6.431627530815479e-07,3.1477942751177167e-06
1568493831272,2019-09-14T16:43:51.272,11.9,-1.6816296555425022e-05,1.4008190080046162e-06,4.146705144095841e-06
1568493831322,2019-09-14T16:43:51.322,11.95,-1.730585417083464e-05,1.7108053220370215e-06,6.038084115948949e-06
1568493831372,2019-09-14T16:43:51.372,12.0,-1.7729187141374594e-05,1.7873753535122918e-06,8.129648572983832e-06
1568493831422,2019-09-14T16:43:51.422,12.05,-1.767481824722792e-05,2.0781792523011016e-06,1.0059913963357866e-05
1568493831472,2019-09-14T16:43:51.472,12.1,-1.713596418354131e-05,2.5390783006341613e-06,1.2257685303306027e-05
1568493831522,2019-09-14T16:43:51.522,12.15,-1.664763900030897e-05,2.9193663755654094e-06,1.4778521926527965e-05
1568493831572,2019-09-14T16:43:51.572,12.2,-1.6547536325470515e-05,3.112766152847991e-06,1.685708848296407e-05
1568493831622,2019-09-14T16:43:51.622,12.25,-1.6483144979718868e-05,3.1837792334961075e-06,1.804203641583738e-05
1568493831672,2019-09-14T16:43:51.672,12.3,-1.613544834799237e-05,3.3105857993060855e-06,1.8639661189469463e-05
1568493831722,2019-09-14T16:43:51.722,12.35,-1.58662731039217e-05,3.486415153675168e-06,1.8914169966876638e-05
1568493831772,2019-09-14T16:43:51.772,12.4,-1.597740291015523e-05,3.420379538327326e-06,1.9017574797839016e-05
1568493831822,2019-09-14T16:43:51.822,12.45,-1.5934909208827794e-05,3.004178864950727e-06,1.940434253288409e-05
1568493831872,2019-09-14T16:43:51.872,12.5,-1.5132712202536533e-05,2.4680696092160115e-06,2.0210561332397574e-05
1568493831922,2019-09-14T16:43:51.922,12.55,-1.3901567982334044e-05,1.9676694618440864e-06,2.0864860741689534e-05
1568493831972,2019-09-14T16:43:51.972,12.6,-1.2933438067041917e-05,1.5112745695395725e-06,2.107747411334393e-05
1568493832022,2019-09-14T16:43:52.022,12.65,-1.2185815268947657e-05,1.1887728260124891e-06,2.13001073118562e-05
1568493832072,2019-09-14T16:43:52.072,12.7,-1.1225725653060585e-05,1.0391920280790686e-06,2.1824870006725113e-05
1568493832122,2019-09-14T16:43:52.122,12.75,-1.0233395216660881e-05,8.731991353417322e-07,2.237158268462905e-05
1568493832172,2019-09-14T16:43:52.172,12.8,-9.716006873793194e-06,4.955821968313035e-07,2.2669776716471935e-05
1568493832222,2019-09-14T16:43:52.222,12.85,-9.529253245028077e-06,-5.894238701843602e-09,2.2773877972725013e-05
1568493832272,2019-09-14T16:43:52.272,12.9,-9.135596678939395e-06,-3.2570561926402e-07,2.2858101407019924e-05
1568493832322,2019-09-14T16:43:52.322,12.95,-8.601013046364786e-06,-2.9184383600302294e-07,2.2973076496924448e-05
1568493832372,2019-09-14T16:43:52.372,13.0,-8.46379869585348e-06,-3.665577723494533e-08,2.2967656924098143e-05
1568493832422,2019-09-14T16:43:52.422,13.05,-8.842556933910042e-06,2.1812591152954755e-07,2.2801591471109867e-05
1568493832472,2019-09-14T16:43:52.472,13.1,-9.331705165649242e-06,3.499750175016585e-07,2.2806300328169155e-05
1568493832522,2019-09-14T16:43:52.522,13.15,-9.535144004035744e-06,3.0033356861641427e-07,2.3101362273874346e-05
1568493832572,2019-09-14T16:43:52.572,13.2,-9.419533836655449e-06,1.323093028324298e-07,2.310655347029111e-05
1568493832622,2019-09-14T16:43:52.622,13.25,-9.413628118010306e-06,7.288336699790954e-08,2.244254908390609e-05
1568493832672,2019-09-14T16:43:52.672,13.3,-1.0052675901628376e-05,1.9812392631605613e-07,2.1734431354178632e-05
1568493832722,2019-09-14T16:43:52.722,13.35,-1.1291887813571941e-05,2.771818000244344e-07,2.1586532445981083e-05
1568493832772,2019-09-14T16:43:52.772,13.4,-1.2577299654863772e-05,2.2824382082926222e-07,2.154944806200673e-05
1568493832822,2019-09-14T16:43:52.822,13.45,-1.36796742361978e-05,3.348162924340887e-07,2.1063513618199744e-05
1568493832872,2019-09-14T16:43:52.872,13.5,-1.4781393367377691e-05,7.049569757836377e-07,2.0540497208779977e-05
1568493832922,2019-09-14T16:43:52.922,13.55,-1.572908818403497e-05,9.840664498172856e-07,2.0565135947051482e-05
1568493832972,2019-09-14T16:43:52.972,13.6,-1.6025164967208e-05,8.654788493179438e-07,2.0781016863189535e-05
1568493833022,2019-09-14T16:43:53.022,13.65,-1.564364819588901e-05,4.788762883493944e-07,2.041742710354579e-05
1568493833072,2019-09-14T16:43:53.072,13.7,-1.5183436139847026e-05,9.260154122064863e-08,1.9414793545217964e-05
1568493833122,2019-09-14T16:43:53.122,13.75,-1.5102356394725682e-05,-2.1427345958583414e-07,1.8322659122960755e-05
1568493833172,2019-09-14T16:43:53.172,13.8,-1.5231863847600184e-05,-4.5800325875528134e-07,1.7402795678938996e-05
1568493833222,2019-09-14T16:43:53.222,13.85,-1.5218922294113168e-05,-6.530379621066658e-07,1.6440860682187445e-05
1568493833272,2019-09-14T16:43:53.272,13.9,-1.5159456247125809e-05,-8.421257014041045e-07,1.5245607860545014e-05
1568493833322,2019-09-14T16:43:53.322,13.95,-1.5416043699411666e-05,-9.801682942659467e-07,1.3866815803234874e-05
1568493833372,2019-09-14T16:43:53.372,14.0,-1.5982226788367353e-05,-9.473034975714771e-07,1.2445302234414765e-05
1568493833422,2019-09-14T16:43:53.422,14.05,-1.653050453681151e-05,-8.304429531642016e-07,1.1062266984663375e-05
1568493833472,2019-09-14T16:43:53.472,14.1,-1.6893710353822282e-05,-8.600513806639293e-07,9.635550248712773e-06
1568493833522,2019-09-14T16:43:53.522,14.15,-1.703198245056419e-05,-9.959219828646842e-07,8.011164291980375e-06
1568493833572,2019-09-14T16:43:53.572,14.2,-1.686760005509521e-05,-9.966765886079366e-07,6.227054101364181e-06
1568493833622,2019-09-14T16:43:53.622,14.25,-1.6486542329793064e-05,-9.045704694546863e-07,4.4515455643343825e-06
1568493833672,2019-09-14T16:43:53.672,14.3,-1.610650027906046e-05,-1.003539209004621e-06,2.678860468570586e-06
1568493833722,2019-09-14T16:43:53.722,14.35,-1.5796309861415988e-05,-1.2869672438130633e-06,8.323177760089639e-07
1568493833772,2019-09-14T16:43:53.772,14.4,-1.552320427262745e-05,-1.3684657927735305e-06,-1.0200758684171408e-06
1568493833822,2019-09-14T16:43:53.822,14.45,-1.5181399636496241e-05,-1.0147671695659241e-06,-2.9113635636227728e-06
1568493833872,2019-09-14T16:43:53.872,14.5,-1.4496907464024556e-05,-5.103786347984001e-07,-5.010277322795938e-06
1568493833922,2019-09-14T16:43:53.922,14.55,-1.3420198810570388e-05,-2.6993342997431795e-07,-7.207258506888219e-06
1568493833972,2019-09-14T16:43:53.972,14.6,-1.2427627424989825e-05,-2.2861529432832508e-07,-9.29357579700324e-06
1568493834022,2019-09-14T16:43:54.022,14.65,-1.1865150399488327e-05,1.0964040769218563e-09,-1.143171553406037e-05
1568493834072,2019-09-14T16:43:54.072,14.7,-1.1310033481786144e-05,4.5341176732565435e-07,-1.3719384324489105e-05
1568493834122,2019-09-14T16:43:54.122,14.75,-1.0062350892714573e-05,7.649757925965466e-07,-1.571270104068958e-05
1568493834172,2019-09-14T16:43:54.172,14.8,-8.003616475992328e-06,7.420876573088052e-07,-1.7066558080722283e-05
1568493834222,2019-09-14T16:43:54.222,14.85,-5.689162695609098e-06,5.602113509156916e-07,-1.806261058164989e-05
1568493834272,2019-09-14T16:43:54.272,14.9,-3.802937425497915e-06,4.6391917761933675e-07,-1.8957534938743036e-05
1568493834322,2019-09-14T16:43:54.322,14.95,-2.6175639062678296e-06,5.316291174534963e-07,-1.952793946249609e-05
1568493834372,2019-09-14T16:43:54.372,15.0,-1.7841797252004201e-06,6.976786299910309e-07,-1.9807645359433755e-05
1568493834422,2019-09-14T16:43:54.422,15.05,-7.24514128687179e-07,8.968076469052443e-07,-2.0417675700921882e-05
1568493834472,2019-09-14T16:43:54.472,15.1,5.907547462501938e-07,1.145921892363717e-06,-2.148517241523443e-05
1568493834522,2019-09-14T16:43:54.522,15.15,1.6174718887751119e-06,1.4529107990965393e-06,-2.2226067897319034e-05
1568493834572,2019-09-14T16:43:54.572,15.2,2.2316763188366005e-06,1.7224710168613695e-06,-2.2277139505354057e-05
1568493834622,2019-09-14T16:43:54.622,15.25,3.12985284466943e-06,1.8032386427297413e-06,-2.2252987817008604e-05
1568493834672,2019-09-14T16:43:54.672,15.3,4.814939753342089e-06,1.5862886529896245e-06,-2.2511194084621525e-05
1568493834722,2019-09-14T16:43:54.722,15.35,6.779461725005113e-06,1.1659172819724163e-06,-2.2697313407954428e-05
1568493834772,2019-09-14T16:43:54.772,15.4,8.256691248826876e-06,8.910656673028843e-07,-2.269169331798494e-05
1568493834822,2019-09-14T16:43:54.822,15.45,9.321663467220587e-06,9.372725874164589e-07,-2.278289183797741e-05
1568493834872,2019-09-14T16:43:54.872,15.5,1.052718873783121e-05,9.925307125120327e-07,-2.2987291290766165e-05
1568493834922,2019-09-14T16:43:54.922,15.55,1.1819110433500958e-05,8.538231819794176e-07,-2.3055306656697992e-05
1568493834972,2019-09-14T16:43:54.972,15.6,1.2750266533813732e-05,8.461859196907384e-07,-2.2826933843137e-05
1568493835022,2019-09-14T16:43:55.022,15.65,1.3439257477858348e-05,1.045453114873562e-06,-2.2128863309990724e-05
1568493835072,2019-09-14T16:43:55.072,15.7,1.4298113652205168e-05,8.912134421118917e-07,-2.091308326501259e-05
1568493835122,2019-09-14T16:43:55.122,15.75,1.5207199714703873e-05,1.8241726265336306e-07,-1.974191330019721e-05
1568493835172,2019-09-14T16:43:55.172,15.8,1.588119914848811e-05,-4.2515816175888453e-07,-1.9354229997933372e-05
1568493835222,2019-09-14T16:43:55.222,15.85,1.6592309063008303e-05,-3.9657075474343176e-07,-1.9533818407823523e-05
1568493835272,2019-09-14T16:43:55.272,15.9,1.7860510230720787e-05,-9.627597327828898e-08,-1.920386525506347e-05
1568493835322,2019-09-14T16:43:55.322,15.95,1.9795551177069995e-05,-2.2100241751471658e-07,-1.7844872414023294e-05
1568493835372,2019-09-14T16:43:55.372,16.0,2.19978160110048e-05,-8.14407409784389e-07,-1.6046116189924773e-05
1568493835422,2019-09-14T16:43:55.422,16.05,2.3852543839313353e-05,-1.223960905671542e-06,-1.4481410562171536e-05
1568493835472,2019-09-14T16:43:55.472,16.1,2.5017890902478056e-05,-1.049207006695946e-06,-1.3229801909755286e-05
1568493835522,2019-09-14T16:43:55.522,16.15,2.578604091511993e-05,-6.95790437143313e-07,-1.2400879467886322e-05
1568493835572,2019-09-14T16:43:55.572,16.2,2.6684170573686134e-05,-6.484630039774025e-07,-1.2444637307974761e-05
1568493835622,2019-09-14T16:43:55.622,16.25,2.7684250766020018e-05,-6.597891847073677e-07,-1.333392527329758e-05
1568493835672,2019-09-14T16:43:55.672,16.3,2.830009265910319e-05,-2.8974067587058376e-07,-1.4238829199478539e-05
1568493835722,2019-09-14T16:43:55.722,16.35,2.849206145166607e-05,1.9753869193108082e-07,-1.4498028041013595e-05
1568493835772,2019-09-14T16:43:55.772,16.4,2.88260919279187e-05,3.678105669480377e-07,-1.4331397124880944e-05
1568493835822,2019-09-14T16:43:55.822,16.45,2.9664808991874574e-05,5.921762384199476e-07,-1.4227986743702073e-05
1568493835872,2019-09-14T16:43:55.872,16.5,3.08057689358537e-05,1.3354643876361586e-06,-1.4223185160631098e-05
1568493835922,2019-09-14T16:43:55.922,16.55,3.1880576897057834e-05,1.9614016670568713e-06,-1.4248382236192269e-05
1568493835972,2019-09-14T16:43:55.972,16.6,3.261878596621948e-05,1.620976713736232e-06,-1.4523669175750539e-05
1568493836022,2019-09-14T16:43:56.022,16.65,3.2913384114832486e-05,8.378959236058945e-07,-1.5007304812002941e-05
1568493836072,2019-09-14T16:43:56.072,16.7,3.2941748207239914e-05,7.751700190813679e-07,-1.5171440888698052e-05
1568493836122,2019-09-14T16:43:56.122,16.75,3.2941698851538374e-05,1.385520337167721e-06,-1.4824854457024641e-05
1568493836172,2019-09-14T16:43:56.172,16.8,3.288457891738442e-05,1.6330394860028957e-06,-1.441299018087962e-05
1568493836222,2019-09-14T16:43:56.222,16.85,3.2735723066317633e-05,1.1602008326507148e-06,-1.4218253324823061e-05
1568493836272,2019-09-14T16:43:56.272,16.9,3.268106172372724e-05,5.677203930139433e-07,-1.4027299460873108e-05
1568493836322,2019-09-14T16:43:56.322,16.95,3.2717882922384014e-05,3.0991887995380327e-07,-1.3734843613433795e-05
1568493836372,2019-09-14T16:43:56.372,17.0,3.2576813116574094e-05,2.2855505433729112e-07,-1.352157954272358e-05
1568493836422,2019-09-14T16:43:56.422,17.05,3.2244595458906234e-05,7.319252419946409e-08,-1.3365041325020573e-05
1568493836472,2019-09-14T16:43:56.472,17.1,3.193719627538006e-05,-1.1305119588486251e-07,-1.3107674328424202e-05
1568493836522,2019-09-14T16:43:56.522,17.15,3.1600482435149334e-05,-1.6829024247333107e-07,-1.3007635022454631e-05
1568493836572,2019-09-14T16:43:56.572,17.2,3.098909324236961e-05,-6.397207947283591e-08,-1.3549800023389594e-05
1568493836622,2019-09-14T16:43:56.622,17.25,3.0066693521533035e-05,1.3579547380464972e-07,-1.4718112105891472e-05
1568493836672,2019-09-14T16:43:56.672,17.3,2.900854063602064e-05,3.7046143502987444e-07,-1.590132937196895e-05
1568493836722,2019-09-14T16:43:56.722,17.35,2.8029428682139352e-05,5.030451902812879e-07,-1.6493917286792252e-05
1568493836772,2019-09-14T16:43:56.772,17.4,2.7308817533232582e-05,3.698655622160076e-07,-1.6431532634788315e-05
1568493836822,2019-09-14T16:43:56.822,17.45,2.6868934959678513e-05,4.218284282627823e-08,-1.6237569959052848e-05
1568493836872,2019-09-14T16:43:56.872,17.5,2.6499952852331527e-05,-1.873205749859513e-07,-1.65093452626959e-05
1568493836922,2019-09-14T16:43:56.922,17.55,2.589577077178368e-05,-1.4952183863066646e-07,-1.7229865646480607e-05
1568493836972,2019-09-14T16:43:56.972,17.6,2.486980049035881e-05,8.817032955033923e-08,-1.7841323589989155e-05
1568493837022,2019-09-14T16:43:57.022,17.65,2.352318803788048e-05,4.4780757331697447e-07,-1.812147398404903e-05
1568493837072,2019-09-14T16:43:57.072,17.7,2.2222331019965512e-05,8.728436916013675e-07,-1.8448635921142795e-05
1568493837122,2019-09-14T16:43:57.122,17.75,2.116150976759385e-05,1.12758485701421e-06,-1.9070069546947952e-05
1568493837172,2019-09-14T16:43:57.172,17.8,1.9896421662172163e-05,9.831753229046691e-07,-1.9782199423047264e-05
1568493837222,2019-09-14T16:43:57.222,17.85,1.7791924765065854e-05,6.603994834951704e-07,-2.0348574925614548e-05
1568493837272,2019-09-14T16:43:57.272,17.9,1.5043221598950325e-05,6.238933075042841e-07,-2.0623468026450233e-05
1568493837322,2019-09-14T16:43:57.322,17.95,1.2439856824756452e-05,9.233787788519965e-07,-2.0504276849944173e-05
1568493837372,2019-09-14T16:43:57.372,18.0,9.956899800274252e-06,1.2493463284336406e-06,-2.0195108908396193e-05
1568493837422,2019-09-14T16:43:57.422,18.05,6.7830620094740454e-06,1.524748351549378e-06,-1.997882566253214e-05
1568493837472,2019-09-14T16:43:57.472,18.1,3.0197430303339636e-06,1.823549302704081e-06,-1.9542112284258114e-05
1568493837522,2019-09-14T16:43:57.522,18.15,-8.85468878194954e-08,1.9359885796849286e-06,-1.8407213961193572e-05
1568493837572,2019-09-14T16:43:57.572,18.2,-2.0969324311650814e-06,1.7345019191065802e-06,-1.6998695866214835e-05
1568493837622,2019-09-14T16:43:57.622,18.25,-4.089403190563365e-06,1.65094814370563e-06,-1.6076948460272936e-05
1568493837672,2019-09-14T16:43:57.672,18.3,-6.776448972779084e-06,2.029984047929414e-06,-1.5288097669586913e-05
1568493837722,2019-09-14T16:43:57.722,18.35,-9.289985875225846e-06,2.414660778319934e-06,-1.3594164951884626e-05
1568493837772,2019-09-14T16:43:57.772,18.4,-1.0824343817842855e-05,2.1988443800632476e-06,-1.0828849013936207e-05
1568493837822,2019-09-14T16:43:57.822,18.45,-1.208718724020436e-05,1.5240906798923267e-06,-7.712512835983417e-06
1568493837872,2019-09-14T16:43:57.872,18.5,-1.392006040739884e-05,9.577789357056912e-07,-4.84623545442527e-06
1568493837922,2019-09-14T16:43:57.922,18.55,-1.5693765079121842e-05,7.432567927053666e-07,-2.429087066689107e-06
1568493837972,2019-09-14T16:43:57.972,18.6,-1.636242934554008e-05,7.172417544450654e-07,-3.1221518773523533e-07
1568493838022,2019-09-14T16:43:58.022,18.65,-1.61783229601884e-05,6.340953187323874e-07,1.9859359044066852e-06
1568493838072,2019-09-14T16:43:58.072,18.7,-1.6182971223097397e-05,4.2607623306561446e-07,4.67745933910563e-06
1568493838122,2019-09-14T16:43:58.122,18.75,-1.6658182108636573e-05,2.3692476306607656e-07,7.188682934685235e-06
1568493838172,2019-09-14T16:43:58.172,18.8,-1.7051781788011034e-05,1.9050593386760838e-07,8.852573713107672e-06
1568493838222,2019-09-14T16:43:58.222,18.85,-1.701378515113195e-05,2.3782694669600323e-07,9.911763850299207e-06
1568493838272,2019-09-14T16:43:58.272,18.9,-1.67708554637013e-05,3.1392379865857765e-07,1.1297295169756527e-05
1568493838322,2019-09-14T16:43:58.322,18.95,-1.6651422612715263e-05,4.451541626128449e-07,1.3537501065647152e-05
1568493838372,2019-09-14T16:43:58.372,19.0,-1.664656734914142e-05,6.128526056842023e-07,1.6292572688541018e-05
1568493838422,2019-09-14T16:43:58.422,19.05,-1.643869773280063e-05,7.297772308312512e-07,1.8857742780262464e-05
1568493838472,2019-09-14T16:43:58.472,19.1,-1.5805404574993914e-05,8.134362463751444e-07,2.072465597450571e-05
1568493838522,2019-09-14T16:43:58.522,19.15,-1.4899440787999946e-05,9.430085634036762e-07,2.177406154246646e-05
1568493838572,2019-09-14T16:43:58.572,19.2,-1.3972264800883831e-05,1.005366038856646e-06,2.2319060263289765e-05
1568493838622,2019-09-14T16:43:58.622,19.25,-1.3038784940388017e-05,7.613138642063288e-07,2.2839117930845044e-05
1568493838672,2019-09-14T16:43:58.672,19.3,-1.2060043044585755e-05,2.68375228906229e-07,2.3541632863221654e-05
1568493838722,2019-09-14T16:43:58.722,19.35,-1.1153257311674033e-05,-3.1680152878932074e-08,2.4426534838305506e-05
1568493838772,2019-09-14T16:43:58.772,19.4,-1.0419804044889391e-05,9.883726808327535e-08,2.5473177912505917e-05
1568493838822,2019-09-14T16:43:58.822,19.45,-9.820811653235625e-06,2.8168761572383477e-07,2.6329542658397854e-05
1568493838872,2019-09-14T16:43:58.872,19.5,-9.177746403687288e-06,9.147314216528976e-08,2.640172752592087e-05
1568493838922,2019-09-14T16:43:58.922,19.55,-8.123457613167323e-06,-3.6523077659243634e-07,2.5598288390020612e-05
1568493838972,2019-09-14T16:43:58.972,19.6,-6.405368479029131e-06,-9.111036302022417e-07,2.4340844622185683e-05
1568493839022,2019-09-14T16:43:59.022,19.65,-4.3241851327651815e-06,-1.723838515729205e-06,2.293663005693646e-05
1568493839072,2019-09-14T16:43:59.072,19.7,-2.4068768814032606e-06,-2.8639044843074602e-06,2.155105991632401e-05
1568493839122,2019-09-14T16:43:59.122,19.75,-8.219830103998331e-07,-4.04372066625341e-06,2.0287272476992575e-05
1568493839172,2019-09-14T16:43:59.172,19.8,4.190763070179734e-07,-5.027128070235236e-06,1.8946677906318135e-05
1568493839222,2019-09-14T16:43:59.222,19.85,1.1825850227782153e-06,-5.6827207449678526e-06,1.74000130304153e-05
1568493839272,2019-09-14T16:43:59.272,19.9,1.5857839796678212e-06,-5.8566589571190135e-06,1.6040326525041816e-05
1568493839322,2019-09-14T16:43:59.322,19.95,2.0533668524302556e-06,-5.643594111262888e-06,1.5181760800717933e-05
1568493839372,2019-09-14T16:43:59.372,20.0,2.7138053597282995e-06,-5.43880011468504e-06,1.456406687495576e-05
1568493839422,2019-09-14T16:43:59.422,20.05,3.302312954473195e-06,-5.524960044240583e-06,1.3877658901322798e-05
1568493839472,2019-09-14T16:43:59.472,20.1,3.6762324062501234e-06,-5.850592749404024e-06,1.2995798777397623e-05
1568493839522,2019-09-14T16:43:59.522,20.15,3.837764451949927e-06,-6.143835130729822e-06,1.1682760944928058e-05
1568493839572,2019-09-14T16:43:59.572,20.2,3.638585537383698e-06,-6.171560942867998e-06,9.988486887083227e-06
1568493839622,2019-09-14T16:43:59.622,20.25,3.1055173312713136e-06,-6.0161814080791235e-06,8.578704910194128e-06
1568493839672,2019-09-14T16:43:59.672,20.3,2.816241908578639e-06,-5.9984651423891305e-06,7.793778837308568e-06
1568493839722,2019-09-14T16:43:59.722,20.35,3.3170719634245787e-06,-6.308909915193412e-06,7.042508211581142e-06
1568493839772,2019-09-14T16:43:59.772,20.4,4.330007661502596e-06,-6.861392283641685e-06,5.860864991830712e-06
1568493839822,2019-09-14T16:43:59.822,20.45,5.097440209375705e-06,-7.406024947745989e-06,4.668533035984909e-06
1568493839872,2019-09-14T16:43:59.872,20.5,5.4178142219853025e-06,-7.724319108946098e-06,3.884360395590113e-06
1568493839922,2019-09-14T16:43:59.922,20.55,5.7295392512731225e-06,-7.790455943443294e-06,3.24021971972319e-06
1568493839972,2019-09-14T16:43:59.972,20.6,6.197322363675916e-06,-7.666689471466354e-06,2.4263562862877233e-06
1568493840022,2019-09-14T16:44:00.022,20.65,6.5226614220773945e-06,-7.343020621180196e-06,1.5980062751925122e-06
1568493840072,2019-09-14T16:44:00.072,20.7,6.740861545167452e-06,-6.897042163808569e-06,9.51514025002905e-07
1568493840122,2019-09-14T16:44:00.122,20.75,7.183447458081288e-06,-6.594184157079687e-06,4.668853056420318e-07
1568493840172,2019-09-14T16:44:00.172,20.8,7.442820460524206e-06,-6.574159313592324e-06,1.8523995269223447e-07
1568493840222,2019-09-14T16:44:00.222,20.85,6.491457893935361e-06,-6.605947582604964e-06,1.6040928735726807e-07
1568493840272,2019-09-14T16:44:00.272,20.9,4.0813927282505366e-06,-6.287237765125362e-06,1.8985620883275882e-07
1568493840322,2019-09-14T16:44:00.322,20.95,1.0410418938443615e-06,-5.40453301130499e-06,1.335453009035669e-07
1568493840372,2019-09-14T16:44:00.372,21.0,-1.8130019823875625e-06,-4.081548856479207e-06,2.998636529793334e-07
1568493840422,2019-09-14T16:44:00.422,21.05,-4.154664306406134e-06,-2.639792190663992e-06,9.703276139236405e-07
1568493840472,2019-09-14T16:44:00.472,21.1,-5.813038409296883e-06,-1.4191880511108384e-06,1.8316013836091725e-06
1568493840522,2019-09-14T16:44:00.522,21.15,-6.81194044226519e-06,-6.991700375719889e-07,2.4600184948387825e-06
1568493840572,2019-09-14T16:44:00.572,21.2,-7.494217976052273e-06,-4.889571242452719e-07,3.0153876584261133e-06
1568493840622,2019-09-14T16:44:00.622,21.25,-8.128043315844202e-06,-3.4605578057428205e-07,3.849457217824197e-06
1568493840672,2019-09-14T16:44:00.672,21.3,-8.702427136186656e-06,1.9495273995533907e-07,4.7858461373167056e-06
1568493840722,2019-09-14T16:44:00.722,21.35,-9.227065614788025e-06,9.371173635020644e-07,5.32987548449885e-06
1568493840772,2019-09-14T16:44:00.772,21.4,-9.775450151844225e-06,1.2594862112174296e-06,5.411149400928531e-06
1568493840822,2019-09-14T16:44:00.822,21.45,-1.0215383506748375e-05,1.1311265304443289e-06,5.555452721292807e-06
1568493840872,2019-09-14T16:44:00.872,21.5,-1.0390661266347701e-05,1.178279865524166e-06,6.202231588409449e-06
1568493840922,2019-09-14T16:44:00.922,21.55,-1.0542551681565528e-05,1.564606178281727e-06,7.1442293721493975e-06
1568493840972,2019-09-14T16:44:00.972,21.6,-1.0994342584073157e-05,1.7523287404267316e-06,8.033987250626597e-06
1568493841022,2019-09-14T16:44:01.022,21.65,-1.1553762102501312e-05,1.6372665618817195e-06,8.968958456494028e-06
1568493841072,2019-09-14T16:44:01.072,21.7,-1.1874875229990833e-05,1.8313701514909786e-06,1.0040650089719538e-05
1568493841122,2019-09-14T16:44:01.122,21.75,-1.2055415049625445e-05,2.5304618955347778e-06,1.0990944401078507e-05
1568493841172,2019-09-14T16:44:01.172,21.8,-1.2238702666789246e-05,3.1593783323591347e-06,1.178204850492448e-05
1568493841222,2019-09-14T16:44:01.222,21.85,-1.221997003872621e-05,3.348614104664776e-06,1.2818297217233841e-05
1568493841272,2019-09-14T16:44:01.272,21.9,-1.1933845861296513e-05,3.3441226987011708e-06,1.4269636702121307e-05
1568493841322,2019-09-14T16:44:01.322,21.95,-1.1691869545118476e-05,3.3753070053137474e-06,1.5589319754840806e-05
1568493841372,2019-09-14T16:44:01.372,22.0,-1.1717839206635883e-05,3.3524930394772416e-06,1.6012411895726096e-05
1568493841422,2019-09-14T16:44:01.422,22.05,-1.1928626151157757e-05,3.2213543760247544e-06,1.5477514049494917e-05
1568493841472,2019-09-14T16:44:01.472,22.1,-1.212526330853745e-05,3.1780766396916233e-06,1.4619502360352898e-05
1568493841522,2019-09-14T16:44:01.522,22.15,-1.2118789877035145e-05,3.4313628187835126e-06,1.377282210587087e-05
1568493841572,2019-09-14T16:44:01.572,22.2,-1.1851889960373243e-05,3.82560403381793e-06,1.2745853997511936e-05
1568493841622,2019-09-14T16:44:01.622,22.25,-1.1491513558226605e-05,3.946640420894389e-06,1.1668325814416768e-05
1568493841672,2019-09-14T16:44:01.672,22.3,-1.1191573608407763e-05,3.774400248882932e-06,1.1002114211367615e-05
1568493841722,2019-09-14T16:44:01.722,22.35,-1.0868612716661452e-05,3.7468482949765777e-06,1.0573714275739211e-05
1568493841772,2019-09-14T16:44:01.772,22.4,-1.0479256248180358e-05,3.918557145841302e-06,9.636926549501332e-06
1568493841822,2019-09-14T16:44:01.822,22.45,-1.0296609126251586e-05,3.7943174560015577e-06,8.058442421186332e-06
1568493841872,2019-09-14T16:44:01.872,22.5,-1.0533805143985273e-05,3.258957128889709e-06,6.613484362393809e-06
1568493841922,2019-09-14T16:44:01.922,22.55,-1.0872492261516604e-05,2.847557574188017e-06,5.870725966441424e-06
1568493841972,2019-09-14T16:44:01.972,22.6,-1.0789578798091127e-05,2.870459337388319e-06,5.388456542695528e-06
1568493842022,2019-09-14T16:44:02.022,22.65,-1.0254078947707596e-05,2.9731732383969818e-06,4.47978306807521e-06
1568493842072,2019-09-14T16:44:02.072,22.7,-9.71238316496985e-06,2.7682443517785652e-06,3.333666285693413e-06
1568493842122,2019-09-14T16:44:02.122,22.75,-9.476335043601118e-06,2.402566333161693e-06,2.580002563475267e-06
1568493842172,2019-09-14T16:44:02.172,22.8,-9.465592482007727e-06,2.2342873653022863e-06,2.100977641981583e-06
1568493842222,2019-09-14T16:44:02.222,22.85,-9.457803127693769e-06,2.289063686070447e-06,1.3422912890294716e-06
1568493842272,2019-09-14T16:44:02.272,22.9,-9.304121322690124e-06,2.365737507709406e-06,4.4697637138244603e-07
1568493842322,2019-09-14T16:44:02.322,22.95,-8.92775373255801e-06,2.38600708254527e-06,-8.2196447698566e-08
1568493842372,2019-09-14T16:44:02.372,23.0,-8.322885615642994e-06,2.3278315002642784e-06,-4.4759059154349903e-07
1568493842422,2019-09-14T16:44:02.422,23.05,-7.661123337385495e-06,2.17470944969523e-06,-1.1642550728259908e-06
1568493842472,2019-09-14T16:44:02.472,23.1,-7.2749890017866234e-06,2.141159917045694e-06,-2.004787961802978e-06
1568493842522,2019-09-14T16:44:02.522,23.15,-7.27834609328235e-06,2.4305989879037955e-06,-2.4070954485725826e-06
1568493842572,2019-09-14T16:44:02.572,23.2,-7.262874727890796e-06,2.697656645076788e-06,-2.6349707785958265e-06
1568493842622,2019-09-14T16:44:02.622,23.25,-6.7142240625308045e-06,2.4740974646781336e-06,-3.4592915950134197e-06
1568493842672,2019-09-14T16:44:02.672,23.3,-5.703628038164578e-06,2.0747890034922126e-06,-4.869773390027857e-06
1568493842722,2019-09-14T16:44:02.722,23.35,-4.852406442629126e-06,2.1945706208695995e-06,-6.178272245784716e-06
1568493842772,2019-09-14T16:44:02.772,23.4,-4.576180078741996e-06,2.745598285706623e-06,-7.16461376490714e-06
1568493842822,2019-09-14T16:44:02.822,23.45,-4.590311394526763e-06,2.9972394709695276e-06,-8.001497153866853e-06
1568493842872,2019-09-14T16:44:02.872,23.5,-4.3639756429642145e-06,2.6932802583005797e-06,-8.393469931690658e-06
1568493842922,2019-09-14T16:44:02.922,23.55,-3.941055306456053e-06,2.304394321292289e-06,-7.980637097509803e-06
1568493842972,2019-09-14T16:44:02.972,23.6,-3.856369390285345e-06,2.3137757207520736e-06,-7.2831685738037735e-06
1568493843022,2019-09-14T16:44:03.022,23.65,-4.185102867315817e-06,2.6171169058372117e-06,-7.117482579022744e-06
1568493843072,2019-09-14T16:44:03.072,23.7,-4.315764463262145e-06,2.6102700018927924e-06,-7.365844076629828e-06
1568493843122,2019-09-14T16:44:03.122,23.75,-3.919713438879742e-06,1.9901079431822175e-06,-7.345971502705352e-06
1568493843172,2019-09-14T16:44:03.172,23.8,-3.4340830946595195e-06,1.3235688730281803e-06,-7.00113834559493e-06
1568493843222,2019-09-14T16:44:03.222,23.85,-3.2254849209684617e-06,1.234057787582948e-06,-6.74508785868981e-06
1568493843272,2019-09-14T16:44:03.272,23.9,-3.0471138363426018e-06,1.3379876788570666e-06,-6.62711421196283e-06
1568493843322,2019-09-14T16:44:03.322,23.95,-2.716238088933269e-06,9.46401072367992e-07,-6.508135925488053e-06
1568493843372,2019-09-14T16:44:03.372,24.0,-2.5365597284526625e-06,3.9056102887424864e-07,-6.5155489500691615e-06
1568493843422,2019-09-14T16:44:03.422,24.05,-2.6525272824230914e-06,4.7384318153781696e-07,-6.718468795026079e-06
1568493843472,2019-09-14T16:44:03.472,24.1,-2.6865597355375394e-06,1.032903058068117e-06,-6.8882208817501334e-06
1568493843522,2019-09-14T16:44:03.522,24.15,-2.3562553165270916e-06,1.182584122591406e-06,-6.879701823323264e-06
1568493843572,2019-09-14T16:44:03.572,24.2,-1.8435166899959198e-06,6.35666106982954e-07,-6.7960599396695555e-06
1568493843622,2019-09-14T16:44:03.622,24.25,-1.2863960405375067e-06,-8.430758153944165e-08,-6.729659505264554e-06
1568493843672,2019-09-14T16:44:03.672,24.3,-5.312125549548191e-07,-4.4828499865634933e-07,-6.657234032666526e-06
1568493843722,2019-09-14T16:44:03.722,24.35,3.6696997176146966e-07,-4.180347024564677e-07,-6.504244610063577e-06
1568493843772,2019-09-14T16:44:03.772,24.4,1.036028066300099e-06,-3.401612141610246e-07,-6.1838687726434376e-06
1568493843822,2019-09-14T16:44:03.822,24.45,1.3254662302563142e-06,-5.286277680192074e-07,-5.710611598428092e-06
1568493843872,2019-09-14T16:44:03.872,24.5,1.3926920834895812e-06,-8.530844474451197e-07,-5.2703425219403495e-06
1568493843922,2019-09-14T16:44:03.922,24.55,1.3270656925395378e-06,-8.947739893643568e-07,-5.082740637289783e-06
1568493843972,2019-09-14T16:44:03.972,24.6,1.1506652031566928e-06,-6.583662937064159e-07,-5.190570289198593e-06
1568493844022,2019-09-14T16:44:04.022,24.65,1.0144879989567198e-06,-7.126178206784804e-07,-5.384937996238346e-06
1568493844072,2019-09-14T16:44:04.072,24.7,1.0816924159775002e-06,-1.2813478661509463e-06,-5.474657074261496e-06
1568493844122,2019-09-14T16:44:04.122,24.75,1.2982356275804025e-06,-1.7721032054354938e-06,-5.57141335324905e-06
1568493844172,2019-09-14T16:44:04.172,24.8,1.4491224031195433e-06,-1.7367035528059557e-06,-5.732744493585273e-06
1568493844222,2019-09-14T16:44:04.222,24.85,1.5213943502850977e-06,-1.6220885614030716e-06,-5.604335497581509e-06
1568493844272,2019-09-14T16:44:04.272,24.9,1.7985317607363433e-06,-1.9110113833581936e-06,-5.009820637190303e-06
1568493844322,2019-09-14T16:44:04.322,24.95,2.3269210599456e-06,-2.2069287848170884e-06,-4.452269578278773e-06
1568493844372,2019-09-14T16:44:04.372,25.0,2.630656319846438e-06,-1.9607291798274968e-06,-4.462695992315027e-06
1568493844422,2019-09-14T16:44:04.422,25.05,2.3366416890642954e-06,-1.5067500966903701e-06,-4.9133630431574085e-06
1568493844472,2019-09-14T16:44:04.472,25.1,1.7153128017368234e-06,-1.4410949812443878e-06,-5.3391216028832805e-06
1568493844522,2019-09-14T16:44:04.522,25.15,1.3132104752034624e-06,-1.5204555484154563e-06,-5.560387639291381e-06
1568493844572,2019-09-14T16:44:04.572,25.2,1.338674834517739e-06,-1.2353138767325996e-06,-5.768635812715555e-06
1568493844622,2019-09-14T16:44:04.622,25.25,1.488033706141826e-06,-8.394238008511282e-07,-6.166741303948148e-06
1568493844672,2019-09-14T16:44:04.672,25.3,1.232324187733801e-06,-7.353976267835957e-07,-6.635940678974339e-06
1568493844722,2019-09-14T16:44:04.722,25.35,3.925231540328612e-07,-6.337834600231582e-07,-6.794303560066925e-06
1568493844772,2019-09-14T16:44:04.772,25.4,-5.747465178518955e-07,-2.778921367560605e-07,-6.403297707833842e-06
1568493844822,2019-09-14T16:44:04.822,25.45,-1.1155237913300421e-06,-1.0489134926566806e-07,-5.557981659454902e-06
1568493844872,2019-09-14T16:44:04.872,25.5,-1.2644507210543266e-06,-4.15106154892294e-07,-4.32726268757654e-06
1568493844922,2019-09-14T16:44:04.922,25.55,-1.3726371555995329e-06,-7.471692522967161e-07,-2.495937091716461e-06
1568493844972,2019-09-14T16:44:04.972,25.6,-1.3361397441648574e-06,-6.810915227528078e-07,-5.2513498226704314e-08
1568493845022,2019-09-14T16:44:05.022,25.65,-7.413440035003845e-07,-5.158190341585692e-07,2.4519488988728813e-06
1568493845072,2019-09-14T16:44:05.072,25.7,2.848393498363821e-07,-6.244815657558372e-07,4.685733332763995e-06
1568493845122,2019-09-14T16:44:05.122,25.75,1.1300903563835432e-06,-7.905644148627488e-07,7.133622465064898e-06
1568493845172,2019-09-14T16:44:05.172,25.8,1.7183561751043044e-06,-7.377707287225323e-07,1.0030313782629461e-05
1568493845222,2019-09-14T16:44:05.222,25.85,2.677868280698066e-06,-7.019188706651611e-07,1.2480021550430613e-05
1568493845272,2019-09-14T16:44:05.272,25.9,4.202300824759012e-06,-8.881248286895076e-07,1.3729646756821137e-05
1568493845322,2019-09-14T16:44:05.322,25.95,5.607234481029828e-06,-1.00290319863328e-06,1.4455443726951612e-05
1568493845372,2019-09-14T16:44:05.372,26.0,6.403853121186829e-06,-8.636673762165886e-07,1.565050367640675e-05
1568493845422,2019-09-14T16:44:05.422,26.05,6.895387376187696e-06,-7.632188993153523e-07,1.702889540070392e-05
1568493845472,2019-09-14T16:44:05.472,26.1,7.433280410316025e-06,-8.560797480350896e-07,1.763870586844532e-05
1568493845522,2019-09-14T16:44:05.522,26.15,8.009701312009521e-06,-9.369239740916287e-07,1.746542667040295e-05
1568493845572,2019-09-14T16:44:05.572,26.2,8.590525395986375e-06,-9.527901773933691e-07,1.7371295176797034e-05
1568493845622,2019-09-14T16:44:05.622,26.25,9.057404851881774e-06,-1.048017122821907e-06,1.7767858961611916e-05
1568493845672,2019-09-14T16:44:05.672,26.3,9.139550565822157e-06,-1.2098456981055575e-06,1.82788728312987e-05
1568493845722,2019-09-14T16:44:05.722,26.35,8.9169327821008e-06,-1.3367051132673952e-06,1.859633799691493e-05
1568493845772,2019-09-14T16:44:05.772,26.4,8.8069303430581e-06,-1.4106802177059025e-06,1.889738451544677e-05
1568493845822,2019-09-14T16:44:05.822,26.45,8.829947992559264e-06,-1.3704298680941286e-06,1.931820392832969e-05
1568493845872,2019-09-14T16:44:05.872,26.5,8.526895652959428e-06,-1.0561834462184742e-06,1.952745633068628e-05
1568493845922,2019-09-14T16:44:05.922,26.55,7.595865793328523e-06,-4.62863788405445e-07,1.9117224553287318e-05
1568493845972,2019-09-14T16:44:05.972,26.6,6.201895310517051e-06,4.759471588004282e-08,1.81643878183614e-05
1568493846022,2019-09-14T16:44:06.022,26.65,4.86359853236583e-06,9.392301193447817e-08,1.7002459159514054e-05
1568493846072,2019-09-14T16:44:06.072,26.7,4.038824353347069e-06,-1.366328644243206e-07,1.5674023289520465e-05
1568493846122,2019-09-14T16:44:06.122,26.75,3.4970309401084555e-06,-1.501591768922608e-07,1.4085343524493585e-05
1568493846172,2019-09-14T16:44:06.172,26.8,2.5304849933141284e-06,3.1268979682145176e-08,1.2306665675709839e-05
1568493846222,2019-09-14T16:44:06.222,26.85,1.1048758824884784e-06,4.3292750890436486e-08,1.0341955528250573e-05
1568493846272,2019-09-14T16:44:06.272,26.9,1.242460067239692e-08,2.7072696389519962e-08,8.22937018168051e-06
1568493846322,2019-09-14T16:44:06.322,26.95,-3.979431300410234e-07,3.9453406895600295e-07,6.331222511487674e-06
1568493846372,2019-09-14T16:44:06.372,27.0,-6.892578698673929e-07,9.463600186382886e-07,4.614377748371567e-06
1568493846422,2019-09-14T16:44:06.422,27.05,-1.2044678873059167e-06,1.1158187151388124e-06,2.228794261242006e-06
1568493846472,2019-09-14T16:44:06.472,27.1,-1.3442944079141098e-06,8.19264522942116e-07,-1.1765208401718207e-06
1568493846522,2019-09-14T16:44:06.522,27.15,-4.5699982965483116e-07,3.33414342035941e-07,-4.715921743417509e-06
1568493846572,2019-09-14T16:44:06.572,27.2,1.1895797717110285e-06,-2.2504199961508428e-07,-7.571642271424608e-06
1568493846622,2019-09-14T16:44:06.622,27.25,2.8453831265111872e-06,-7.271508207305077e-07,-9.813411506178822e-06
1568493846672,2019-09-14T16:44:06.672,27.3,4.184800425568981e-06,-8.954808065698167e-07,-1.1657907544675583e-05
1568493846722,2019-09-14T16:44:06.722,27.35,5.304937393184992e-06,-6.89517555511281e-07,-1.3110423232876132e-05
1568493846772,2019-09-14T16:44:06.772,27.4,6.203052044116667e-06,-3.459030839230607e-07,-1.4330030261399821e-05
1568493846822,2019-09-14T16:44:06.822,27.45,6.635237949696264e-06,-5.431803724205887e-08,-1.5489904151153476e-05
1568493846872,2019-09-14T16:44:06.872,27.5,6.486594359859834e-06,1.1667593918327494e-08,-1.6388908270641616e-05
1568493846922,2019-09-14T16:44:06.922,27.55,6.165120036094365e-06,-3.1650768272141497e-07,-1.6670244839326806e-05
1568493846972,2019-09-14T16:44:06.972,27.6,6.191462754810828e-06,-8.094077815958198e-07,-1.6299391720258018e-05
1568493847022,2019-09-14T16:44:07.022,27.65,6.286320556328445e-06,-9.102275781053699e-07,-1.562586864033466e-05
1568493847072,2019-09-14T16:44:07.072,27.7,5.721140986111183e-06,-5.339447249546446e-07,-1.50970768353401e-05
1568493847122,2019-09-14T16:44:07.122,27.75,4.790422020619288e-06,-2.634732270796878e-07,-1.488750880478606e-05
1568493847172,2019-09-14T16:44:07.172,27.8,4.6304676312516535e-06,-4.845886656062577e-07,-1.4632645679507604e-05
1568493847222,2019-09-14T16:44:07.222,27.85,5.219663571917221e-06,-8.883878606797547e-07,-1.3858895085044908e-05
1568493847272,2019-09-14T16:44:07.272,27.9,5.2027182150527e-06,-9.670990362956015e-07,-1.2872374987726532e-05
1568493847322,2019-09-14T16:44:07.322,27.95,4.148246615409151e-06,-5.417598408242247e-07,-1.2381865017285427e-05
1568493847372,2019-09-14T16:44:07.372,28.0,3.1773090979354567e-06,1.0049465668910867e-07,-1.2032595704025595e-05
1568493847422,2019-09-14T16:44:07.422,28.05,2.930924899670654e-06,3.670215108365353e-07,-1.0653821171548867e-05
1568493847472,2019-09-14T16:44:07.472,28.1,2.668777887238508e-06,-6.9966423571027955e-09,-8.22838485737262e-06
1568493847522,2019-09-14T16:44:07.522,28.15,1.7354268723365533e-06,-5.24073317756463e-07,-6.126621135214721e-06
1568493847572,2019-09-14T16:44:07.572,28.2,4.5584512921412395e-07,-5.259854802389536e-07,-5.07992301612955e-06
1568493847622,2019-09-14T16:44:07.622,28.25,-6.470532133339308e-07,1.5511036428706758e-08,-4.270832882008746e-06
1568493847672,2019-09-14T16:44:07.672,28.3,-1.4432414509291138e-06,6.500978625503235e-07,-2.8281634759261683e-06
1568493847722,2019-09-14T16:44:07.722,28.35,-1.9525076686895977e-06,1.106617806902957e-06,-1.0993566446773543e-06
1568493847772,2019-09-14T16:44:07.772,28.4,-2.235328099894409e-06,1.4820795956538027e-06,1.6227331790696323e-07
1568493847822,2019-09-14T16:44:07.822,28.45,-2.4541510875476757e-06,1.863992097939113e-06,1.0017543492566895e-06
1568493847872,2019-09-14T16:44:07.872,28.5,-2.6702759903760657e-06,2.1516391951431366e-06,1.9302013251206033e-06
1568493847922,2019-09-14T16:44:07.922,28.55,-2.7769362642635466e-06,2.409114867588864e-06,3.0538596152316536e-06
1568493847972,2019-09-14T16:44:07.972,28.6,-2.773402964534406e-06,2.868205058806102e-06,4.128243150382951e-06
1568493848022,2019-09-14T16:44:08.022,28.65,-2.797341596920918e-06,3.3289608271081844e-06,4.899023301665798e-06
1568493848072,2019-09-14T16:44:08.072,28.7,-2.8301085840036016e-06,3.215716229641513e-06,5.120468497287997e-06
1568493848122,2019-09-14T16:44:08.122,28.75,-2.7420657215133587e-06,2.464001936897562e-06,4.820354835350534e-06
1568493848172,2019-09-14T16:44:08.172,28.8,-2.612051505382638e-06,1.7111128614067016e-06,4.477384032839303e-06
1568493848222,2019-09-14T16:44:08.222,28.85,-2.569986820771324e-06,1.4235896496681682e-06,4.439030845544112e-06
1568493848272,2019-09-14T16:44:08.272,28.9,-2.4511484401319225e-06,1.3816060900369526e-06,4.512457086710161e-06
1568493848322,2019-09-14T16:44:08.322,28.95,-2.0676231584150316e-06,1.2084509576080488e-06,4.408609145045805e-06
1568493848372,2019-09-14T16:44:08.372,29.0,-1.595752670121587e-06,9.11563934817854e-07,4.119422030970387e-06
1568493848422,2019-09-14T16:44:08.422,29.05,-1.2863582049214944e-06,6.671851313990783e-07,3.8418837683396805e-06
1568493848472,2019-09-14T16:44:08.472,29.1,-1.1061457639858214e-06,5.63819239783281e-07,3.836198923827149e-06
1568493848522,2019-09-14T16:44:08.522,29.15,-9.898533931779248e-07,7.184244197942456e-07,4.116021317204721e-06
1568493848572,2019-09-14T16:44:08.572,29.2,-1.053634184898701e-06,1.0879864317106727e-06,4.296581790738439e-06
1568493848622,2019-09-14T16:44:08.622,29.25,-1.3188869481521045e-06,1.238790297352436e-06,4.098087267933023e-06
1568493848672,2019-09-14T16:44:08.672,29.3,-1.5944358474739743e-06,9.104604915223485e-07,3.670569122425623e-06
1568493848722,2019-09-14T16:44:08.722,29.35,-1.677218876498301e-06,4.3796408159116337e-07,3.1585195999849595e-06
1568493848772,2019-09-14T16:44:08.772,29.4,-1.4226566377153812e-06,1.0726376507152719e-07,2.456911026098343e-06
1568493848822,2019-09-14T16:44:08.822,29.45,-8.458801883713268e-07,-2.3372461993236062e-07,1.5053618517566747e-06
1568493848872,2019-09-14T16:44:08.872,29.5,-2.817014916040373e-07,-5.897704406223602e-07,3.9197218952366725e-07
1568493848922,2019-09-14T16:44:08.922,29.55,-6.813484608403363e-08,-6.876537378991563e-07,-7.067811301143741e-07
1568493848972,2019-09-14T16:44:08.972,29.6,-4.499708092515235e-08,-6.112036725988969e-07,-1.5171659751233299e-06
1568493849022,2019-09-14T16:44:09.022,29.65,2.1474931331885685e-07,-7.780707172373011e-07,-1.9990983568371566e-06
1568493849072,2019-09-14T16:44:09.072,29.7,6.957383877831598e-07,-1.2247911959222506e-06,-2.6271162758280167e-06
1568493849122,2019-09-14T16:44:09.122,29.75,1.0033763285120468e-06,-1.4986965621406625e-06,-3.845522721865359e-06
1568493849172,2019-09-14T16:44:09.172,29.8,1.183114513592401e-06,-1.2746943971253953e-06,-5.497532881155355e-06
1568493849222,2019-09-14T16:44:09.222,29.85,1.7203796357140776e-06,-8.005996033574036e-07,-7.204756448658653e-06
1568493849272,2019-09-14T16:44:09.272,29.9,2.6087494768408407e-06,-6.650338122055463e-07,-8.887342335375425e-06
1568493849322,2019-09-14T16:44:09.322,29.95,3.3427467310848172e-06,-1.0590556780439147e-06,-1.0589562380180671e-05
1568493849372,2019-09-14T16:44:09.372,30.0,3.8131215019328784e-06,-1.459462007539234e-06,-1.2202065805566762e-05
1568493849422,2019-09-14T16:44:09.422,30.05,4.26394188100967e-06,-1.4012240003173219e-06,-1.3600365859737785e-05
1568493849472,2019-09-14T16:44:09.472,30.1,4.677991671114535e-06,-1.191664589041302e-06,-1.4870489789271608e-05
1568493849522,2019-09-14T16:44:09.522,30.15,4.941447227475652e-06,-1.2514404040203978e-06,-1.6201845191812028e-05
1568493849572,2019-09-14T16:44:09.572,30.2,5.099771329192378e-06,-1.2180327741933184e-06,-1.7461009785865265e-05
1568493849622,2019-09-14T16:44:09.622,30.25,5.146763615367956e-06,-5.322364264672641e-07,-1.811008227568455e-05
1568493849672,2019-09-14T16:44:09.672,30.3,5.0211055402585715e-06,4.263333928968176e-07,-1.7874301186318024e-05
1568493849722,2019-09-14T16:44:09.722,30.35,4.629238908029205e-06,7.330070748276702e-07,-1.7212366225016815e-05
1568493849772,2019-09-14T16:44:09.772,30.4,3.753617045175028e-06,3.3539678793966954e-07,-1.6707373294402203e-05
1568493849822,2019-09-14T16:44:09.822,30.45,2.4855328212592113e-06,9.958432189154331e-08,-1.624651129770702e-05
1568493849872,2019-09-14T16:44:09.872,30.5,1.42001249150631e-06,4.136330429528894e-07,-1.5229799787418662e-05
1568493849922,2019-09-14T16:44:09.922,30.55,8.030442816091056e-07,7.458628946390425e-07,-1.3449892561724146e-05
1568493849972,2019-09-14T16:44:09.972,30.6,1.5581575834766557e-07,6.686762352753509e-07,-1.1367355454476255e-05
1568493850022,2019-09-14T16:44:10.022,30.65,-8.532977606966195e-07,4.2474513136630655e-07,-9.49954032186264e-06
1568493850072,2019-09-14T16:44:10.072,30.7,-1.9320267069239054e-06,4.1214623553944145e-07,-7.89887236639907e-06
1568493850122,2019-09-14T16:44:10.122,30.75,-2.661947145897403e-06,6.67340790857942e-07,-6.3322949159877884e-06
1568493850172,2019-09-14T16:44:10.172,30.8,-2.845657856547282e-06,8.23918557992655e-07,-4.562189957594779e-06
1568493850222,2019-09-14T16:44:10.222,30.85,-2.405480989745222e-06,4.271593347420827e-07,-2.406547842360163e-06
1568493850272,2019-09-14T16:44:10.272,30.9,-1.3869994577922016e-06,-5.458738291820509e-07,-7.856399947677381e-08
1568493850322,2019-09-14T16:44:10.322,30.95,-2.060509643593706e-07,-1.5221766547301731e-06,1.6635224475587773e-06
1568493850372,2019-09-14T16:44:10.372,31.0,3.6969468881012516e-07,-1.8955909269057514e-06,2.359396759845772e-06
1568493850422,2019-09-14T16:44:10.422,31.05,-5.215746823881367e-08,-1.7056615987353687e-06,2.483356855256337e-06
1568493850472,2019-09-14T16:44:10.472,31.1,-9.231943927244782e-07,-1.4650824038291883e-06,2.6490391851181396e-06
1568493850522,2019-09-14T16:44:10.522,31.15,-1.4972490368171946e-06,-1.304457867768508e-06,2.769046609010035e-06
1568493850572,2019-09-14T16:44:10.572,31.2,-1.8081943574757014e-06,-8.880695103690699e-07,2.5064866719021097e-06
1568493850622,2019-09-14T16:44:10.622,31.25,-2.2673830963496143e-06,-3.105270846811802e-07,1.941862831841037e-06
1568493850672,2019-09-14T16:44:10.672,31.3,-2.8090366003054633e-06,-1.45170980768881e-07,1.425681640717547e-06
1568493850722,2019-09-14T16:44:10.722,31.35,-3.0346508636305026e-06,-3.986557475790854e-07,1.1986139223723751e-06
1568493850772,2019-09-14T16:44:10.772,31.4,-2.8103810411698466e-06,-4.847841265372733e-07,1.3140214692099952e-06
1568493850822,2019-09-14T16:44:10.822,31.45,-2.4529828096805413e-06,-3.138882274898805e-07,1.6897891252700086e-06
1568493850872,2019-09-14T16:44:10.872,31.5,-2.4691298955837217e-06,-3.1540898682726544e-07,2.1422767560427622e-06
1568493850922,2019-09-14T16:44:10.922,31.55,-2.989765590043382e-06,-4.473799443016245e-07,2.4166559615628397e-06
1568493850972,2019-09-14T16:44:10.972,31.6,-3.5391155053978793e-06,-2.2028649138284513e-07,2.280846567946846e-06
1568493851022,2019-09-14T16:44:11.022,31.65,-3.7136413397579933e-06,3.5165211324325065e-07,1.7049383708647152e-06
1568493851072,2019-09-14T16:44:11.072,31.7,-3.835802014743623e-06,6.888591788936986e-07,9.5147653124488e-07
1568493851122,2019-09-14T16:44:11.122,31.75,-4.46897850567046e-06,6.21417912445769e-07,3.8562306159842366e-07
1568493851172,2019-09-14T16:44:11.172,31.8,-5.581994204898968e-06,7.672375501823443e-07,1.2092920399977578e-07
1568493851222,2019-09-14T16:44:11.222,31.85,-6.632672837457848e-06,1.5867362158768252e-06,-6.646856991011926e-08
1568493851272,2019-09-14T16:44:11.272,31.9,-7.204314410112399e-06,2.4844772518318917e-06,-3.691268716372688e-07
1568493851322,2019-09-14T16:44:11.322,31.95,-7.269279015295025e-06,2.5082164121795776e-06,-6.467332724239371e-07
1568493851372,2019-09-14T16:44:11.372,32.0,-7.11891069408035e-06,1.8097745067816594e-06,-6.923078869490625e-07
1568493851422,2019-09-14T16:44:11.422,32.05,-7.194288313190326e-06,1.5592127927350942e-06,-6.71606505296354e-07
1568493851472,2019-09-14T16:44:11.472,32.1,-7.710210152119963e-06,2.2813277295637222e-06,-1.040906659947094e-06
1568493851522,2019-09-14T16:44:11.522,32.15,-8.402257107164479e-06,3.1882992161933007e-06,-1.935718382632343e-06
1568493851572,2019-09-14T16:44:11.572,32.2,-8.781207415579896e-06,3.4182690597695087e-06,-2.792143423453087e-06
1568493851622,2019-09-14T16:44:11.622,32.25,-8.533801642249677e-06,3.01040875472085e-06,-2.9726906135774106e-06
1568493851672,2019-09-14T16:44:11.672,32.3,-7.732865713738499e-06,2.3590192245134697e-06,-2.735770725488503e-06
1568493851722,2019-09-14T16:44:11.722,32.35,-6.828359177616517e-06,1.6052983586123848e-06,-2.9108881118867767e-06
1568493851772,2019-09-14T16:44:11.772,32.4,-6.27840778938866e-06,9.323297333445273e-07,-3.6994281706785293e-06
1568493851822,2019-09-14T16:44:11.822,32.45,-6.220383135319955e-06,8.170211143950907e-07,-4.6039120967222615e-06
1568493851872,2019-09-14T16:44:11.872,32.5,-6.651281497460516e-06,1.593246568413156e-06,-5.2604637995861234e-06
1568493851922,2019-09-14T16:44:11.922,32.55,-7.448133983596148e-06,2.878794857864087e-06,-5.623721579525413e-06
1568493851972,2019-09-14T16:44:11.972,32.6,-7.980758102205257e-06,3.6648087225250284e-06,-5.742426938351763e-06
1568493852022,2019-09-14T16:44:12.022,32.65,-7.474584842505344e-06,3.2349759417361735e-06,-5.7478841438769495e-06
1568493852072,2019-09-14T16:44:12.072,32.7,-6.093559125702115e-06,1.9144978230427903e-06,-5.659245771002419e-06
1568493852122,2019-09-14T16:44:12.122,32.75,-4.986495344116583e-06,6.813063234191188e-07,-5.2565032615113015e-06
1568493852172,2019-09-14T16:44:12.172,32.8,-5.055114252386596e-06,2.997289294904941e-07,-4.569914222714095e-06
1568493852222,2019-09-14T16:44:12.222,32.85,-6.194129593211861e-06,9.405414618920553e-07,-4.08181593671375e-06
1568493852272,2019-09-14T16:44:12.272,32.9,-7.668761183484779e-06,2.1046153470381245e-06,-3.922719874689255e-06
1568493852322,2019-09-14T16:44:12.322,32.95,-8.62685387913762e-06,2.806942589707686e-06,-3.4934151471125286e-06
1568493852372,2019-09-14T16:44:12.372,33.0,-8.36846516991433e-06,2.4159137043961024e-06,-2.502327613125122e-06
1568493852422,2019-09-14T16:44:12.422,33.05,-6.919188790756343e-06,1.3821518428712709e-06,-1.608982763223756e-06
1568493852472,2019-09-14T16:44:12.472,33.1,-5.4368532431540875e-06,6.678366807882623e-07,-1.4350851292984107e-06
1568493852522,2019-09-14T16:44:12.522,33.15,-5.279852689963386e-06,6.119052465810225e-07,-1.7690476099302465e-06
1568493852572,2019-09-14T16:44:12.572,33.2,-6.493554037211134e-06,8.972395380461829e-07,-2.126557008151882e-06
1568493852622,2019-09-14T16:44:12.622,33.25,-7.822962060655137e-06,1.2684024752613734e-06,-2.2571413920520614e-06
1568493852672,2019-09-14T16:44:12.672,33.3,-8.251459503828321e-06,1.6057833524790781e-06,-1.986627128342728e-06
1568493852722,2019-09-14T16:44:12.722,33.35,-8.01334143926687e-06,1.7245527199546096e-06,-1.3256362171786528e-06
1568493852772,2019-09-14T16:44:12.772,33.4,-8.031951232389313e-06,1.6796099447584948e-06,-7.066194838754045e-07
1568493852822,2019-09-14T16:44:12.822,33.45,-8.689071531894616e-06,1.8128726111202278e-06,-5.31432332679359e-07
1568493852872,2019-09-14T16:44:12.872,33.5,-9.45471423810398e-06,2.1919861674574366e-06,-6.344989201027802e-07
1568493852922,2019-09-14T16:44:12.922,33.55,-9.736313680687895e-06,2.4940716123793957e-06,-6.204625441717528e-07
1568493852972,2019-09-14T16:44:12.972,33.6,-9.592460840853715e-06,2.555765986371947e-06,-4.114032430721198e-07
1568493853022,2019-09-14T16:44:13.022,33.65,-9.356998441113734e-06,2.53855663120809e-06,-6.93317417469575e-08
1568493853072,2019-09-14T16:44:13.072,33.7,-9.143118488586881e-06,2.480295112353516e-06,5.077815056956979e-07
1568493853122,2019-09-14T16:44:13.122,33.75,-8.998695863133677e-06,2.185441980527635e-06,1.3124821746501146e-06
1568493853172,2019-09-14T16:44:13.172,33.8,-8.877907108567043e-06,1.6425249859158682e-06,2.082006880219304e-06
1568493853222,2019-09-14T16:44:13.222,33.85,-8.242434347462912e-06,1.014663124692604e-06,2.879321728264986e-06
1568493853272,2019-09-14T16:44:13.272,33.9,-6.400963538042988e-06,2.09918796057207e-07,4.322017219964015e-06
1568493853322,2019-09-14T16:44:13.322,33.95,-3.422768628191499e-06,-9.416156215670097e-07,6.574399303683545e-06
1568493853372,2019-09-14T16:44:13.372,34.0,-1.8848017011456484e-07,-2.2131833439119755e-06,8.644225821103417e-06
1568493853422,2019-09-14T16:44:13.422,34.05,2.5094799628055218e-06,-3.2116580168470247e-06,9.541628095757366e-06
1568493853472,2019-09-14T16:44:13.472,34.1,4.586220845571017e-06,-3.799302437661905e-06,9.63748119890224e-06
1568493853522,2019-09-14T16:44:13.522,34.15,6.414987941876547e-06,-3.9989914092125526e-06,9.987670280091487e-06
1568493853572,2019-09-14T16:44:13.572,34.2,8.131511955746175e-06,-3.913695882811411e-06,1.0854939495420475e-05
1568493853622,2019-09-14T16:44:13.622,34.25,9.34504630471944e-06,-3.812552568390053e-06,1.1771335299283909e-05
1568493853672,2019-09-14T16:44:13.672,34.3,9.775059272914893e-06,-3.8643134119835315e-06,1.2489502206678216e-05
1568493853722,2019-09-14T16:44:13.722,34.35,9.920059573716215e-06,-3.9041277565193234e-06,1.3060731723974486e-05
1568493853772,2019-09-14T16:44:13.772,34.4,1.0494040931181267e-05,-3.808457068655939e-06,1.349915191952879e-05
1568493853822,2019-09-14T16:44:13.822,34.45,1.143622501279725e-05,-3.7907668425799346e-06,1.3961947889064173e-05
1568493853872,2019-09-14T16:44:13.872,34.5,1.2116571751474221e-05,-3.967135973172482e-06,1.4713209967613787e-05
1568493853922,2019-09-14T16:44:13.922,34.55,1.218203259127902e-05,-4.000960128078189e-06,1.559115686450974e-05
1568493853972,2019-09-14T16:44:13.972,34.6,1.1731911085703934e-05,-3.620788781849716e-06,1.614248534606413e-05
1568493854022,2019-09-14T16:44:14.022,34.65,1.1191612956268707e-05,-3.184227295694265e-06,1.6285376371509026e-05
1568493854072,2019-09-14T16:44:14.072,34.7,1.1239685840163506e-05,-3.2057818883620204e-06,1.6144725261800025e-05
1568493854122,2019-09-14T16:44:14.122,34.75,1.2191962250755441e-05,-3.5497097708146286e-06,1.562162835564149e-05
1568493854172,2019-09-14T16:44:14.172,34.8,1.3523970661961762e-05,-3.684790277223057e-06,1.4802520877304838e-05
1568493854222,2019-09-14T16:44:14.222,34.85,1.462509420535065e-05,-3.5329890738469545e-06,1.4114152708208552e-05
1568493854272,2019-09-14T16:44:14.272,34.9,1.553467041867247e-05,-3.4191720853994765e-06,1.3653976860218578e-05
1568493854322,2019-09-14T16:44:14.322,34.95,1.6373285137700937e-05,-3.45153650256222e-06,1.3153366938232385e-05
1568493854372,2019-09-14T16:44:14.372,35.0,1.6875729645286397e-05,-3.6001453450361972e-06,1.2602294675741486e-05
1568493854422,2019-09-14T16:44:14.422,35.05,1.701890951028328e-05,-3.976658671514765e-06,1.2130304426246548e-05
1568493854472,2019-09-14T16:44:14.472,35.1,1.729601148145395e-05,-4.420454224607037e-06,1.1559258542399453e-05
1568493854522,2019-09-14T16:44:14.522,35.15,1.7973396678649494e-05,-4.379034939306906e-06,1.0780020963480817e-05
1568493854572,2019-09-14T16:44:14.572,35.2,1.8663722690878326e-05,-3.7864703017512753e-06,1.0204643992647186e-05
1568493854622,2019-09-14T16:44:14.622,35.25,1.8882927449285854e-05,-3.39906889643666e-06,1.0198448741920953e-05
1568493854672,2019-09-14T16:44:14.672,35.3,1.8684227621072625e-05,-3.727393428670187e-06,1.0397759392055849e-05
1568493854722,2019-09-14T16:44:14.722,35.35,1.850680505244472e-05,-4.325498829387202e-06,1.0218296433283083e-05
1568493854772,2019-09-14T16:44:14.772,35.4,1.8565674362495396e-05,-4.57470380135492e-06,9.748994890503349e-06
1568493854822,2019-09-14T16:44:14.822,35.45,1.867967292281738e-05,-4.495204043149894e-06,9.556747566590702e-06
1568493854872,2019-09-14T16:44:14.872,35.5,1.8582694713662508e-05,-4.416438607163201e-06,9.879621492460543e-06
1568493854922,2019-09-14T16:44:14.922,35.55,1.8073477968817165e-05,-4.363513376156914e-06,1.0532084316831195e-05
1568493854972,2019-09-14T16:44:14.972,35.6,1.700824823505517e-05,-4.107072735383413e-06,1.1395922002462568e-05
1568493855022,2019-09-14T16:44:15.022,35.65,1.545716121483241e-05,-3.5861769885413528e-06,1.2508781823856926e-05
1568493855072,2019-09-14T16:44:15.072,35.7,1.3724135911699761e-05,-2.979132084088325e-06,1.3633680943587004e-05
1568493855122,2019-09-14T16:44:15.122,35.75,1.2100913801469128e-05,-2.4533701575362177e-06,1.4189251293661372e-05
1568493855172,2019-09-14T16:44:15.172,35.8,1.0815300828606013e-05,-2.142670502151605e-06,1.398238204030547e-05
1568493855222,2019-09-14T16:44:15.222,35.85,1.000646740068754e-05,-2.177114628231915e-06,1.3658271087704144e-05
1568493855272,2019-09-14T16:44:15.272,35.9,9.309112617187592e-06,-2.429544994057045e-06,1.3882923965589301e-05
1568493855322,2019-09-14T16:44:15.322,35.95,7.983735045661332e-06,-2.483194193621154e-06,1.4484639903807465e-05
1568493855372,2019-09-14T16:44:15.372,36.0,6.041123295399447e-06,-2.0247684651072047e-06,1.4960912822815043e-05
1568493855422,2019-09-14T16:44:15.422,36.05,4.337174909874845e-06,-1.138443619296973e-06,1.5289316529227493e-05
1568493855472,2019-09-14T16:44:15.472,36.1,3.0295551326424453e-06,-2.5289866551833765e-07,1.566285749181491e-05
1568493855522,2019-09-14T16:44:15.522,36.15,1.2328544717299986e-06,2.2023559013594583e-07,1.5874977400790854e-05
1568493855572,2019-09-14T16:44:15.572,36.2,-1.412537388071344e-06,2.697291638951592e-07,1.5424995037433722e-05
1568493855622,2019-09-14T16:44:15.622,36.25,-4.149547657918148e-06,2.1060100999606585e-07,1.3971909591622189e-05
1568493855672,2019-09-14T16:44:15.672,36.3,-6.192903950955541e-06,2.7689653112771744e-07,1.1452107636728155e-05
1568493855722,2019-09-14T16:44:15.722,36.35,-7.395113563631624e-06,3.6835745748450103e-07,8.052919811025611e-06
1568493855772,2019-09-14T16:44:15.772,36.4,-7.9695352187133e-06,2.149933124850758e-07,4.334116207887947e-06
1568493855822,2019-09-14T16:44:15.822,36.45,-8.229564815301543e-06,-6.948656120538134e-08,1.0371304981276177e-06
1568493855872,2019-09-14T16:44:15.872,36.5,-8.469909521455437e-06,9.406057737251222e-08,-1.6135240733757943e-06
1568493855922,2019-09-14T16:44:15.922,36.55,-8.735244609256824e-06,8.214240229682876e-07,-4.079992967610756e-06
1568493855972,2019-09-14T16:44:15.972,36.6,-8.750852581974786e-06,1.3483739578871757e-06,-6.636642439304348e-06
1568493856022,2019-09-14T16:44:16.022,36.65,-8.311693320284599e-06,1.1538466066618336e-06,-8.889966358448661e-06
1568493856072,2019-09-14T16:44:16.072,36.7,-7.661829696551467e-06,7.639538664631422e-07,-1.0546545111155954e-05
1568493856122,2019-09-14T16:44:16.122,36.75,-7.123304704347237e-06,8.831115442868188e-07,-1.1981306803935053e-05
1568493856172,2019-09-14T16:44:16.172,36.8,-6.5617389716765636e-06,1.4127547239770549e-06,-1.3655974879679494e-05
1568493856222,2019-09-14T16:44:16.222,36.85,-5.8117837101734245e-06,1.7768859801761247e-06,-1.548882887067902e-05
1568493856272,2019-09-14T16:44:16.272,36.9,-5.170427626502145e-06,1.7982761116172099e-06,-1.7096725323961663e-05
1568493856322,2019-09-14T16:44:16.322,36.95,-4.708294276677694e-06,1.8742401256020346e-06,-1.837488283356163e-05
1568493856372,2019-09-14T16:44:16.372,37.0,-3.776166213775964e-06,2.2808370947035353e-06,-1.9600051401360733e-05
1568493856422,2019-09-14T16:44:16.422,37.05,-1.9713227634154995e-06,2.6039918863839147e-06,-2.1051057986500928e-05
1568493856472,2019-09-14T16:44:16.472,37.1,1.1727598861316647e-07,2.275308006793019e-06,-2.2648607188680666e-05
1568493856522,2019-09-14T16:44:16.522,37.15,1.7283215194679311e-06,1.5178621011219301e-06,-2.399149103166017e-05
1568493856572,2019-09-14T16:44:16.572,37.2,2.835690001368555e-06,1.1676185316737356e-06,-2.4871780766700417e-05
1568493856622,2019-09-14T16:44:16.622,37.25,3.7810605202887205e-06,1.6108865903142132e-06,-2.5641522545702503e-05
1568493856672,2019-09-14T16:44:16.672,37.3,4.5863496759101195e-06,2.435016602810414e-06,-2.6627555799069055e-05
1568493856722,2019-09-14T16:44:16.722,37.35,5.062894030776661e-06,3.0627986212166927e-06,-2.7396288868143083e-05
1568493856772,2019-09-14T16:44:16.772,37.4,5.113137993250616e-06,3.3219916364132414e-06,-2.732576944105056e-05
1568493856822,2019-09-14T16:44:16.822,37.45,4.6007827940313674e-06,3.434787664871192e-06,-2.670334999575069e-05
1568493856872,2019-09-14T16:44:16.872,37.5,3.4408601928779073e-06,3.6778455514616397e-06,-2.6433257734520726e-05
1568493856922,2019-09-14T16:44:16.922,37.55,2.0076473910391318e-06,4.0697917142476654e-06,-2.6748479054121176e-05
1568493856972,2019-09-14T16:44:16.972,37.6,8.977496516919953e-07,4.353823381743199e-06,-2.6989264275505934e-05
1568493857022,2019-09-14T16:44:17.022,37.65,2.0932775092935452e-07,4.3200811621327584e-06,-2.6669867882524234e-05
1568493857072,2019-09-14T16:44:17.072,37.7,-4.845700337780511e-07,4.122378247342135e-06,-2.598072990364907e-05
1568493857122,2019-09-14T16:44:17.122,37.75,-1.5032740556001388e-06,4.099323320250934e-06,-2.5166428098866424e-05
1568493857172,2019-09-14T16:44:17.172,37.8,-2.7363239165628474e-06,4.319200647354606e-06,-2.4239239421226967e-05
1568493857222,2019-09-14T16:44:17.222,37.85,-3.8637047013136774e-06,4.622463999858449e-06,-2.3303731309445445e-05
1568493857272,2019-09-14T16:44:17.272,37.9,-4.750215772420896e-06,4.957125440993693e-06,-2.2409641530696203e-05
1568493857322,2019-09-14T16:44:17.322,37.95,-5.662010355454919e-06,5.313389463975976e-06,-2.136805761666446e-05
1568493857372,2019-09-14T16:44:17.372,38.0,-6.974504122651782e-06,5.630639629598729e-06,-2.0214395414696435e-05
1568493857422,2019-09-14T16:44:17.422,38.05,-8.630006029571672e-06,5.935294379329381e-06,-1.920908281209577e-05
1568493857472,2019-09-14T16:44:17.472,38.1,-1.0179536806672349e-05,6.1955943993448815e-06,-1.822616890134616e-05
1568493857522,2019-09-14T16:44:17.522,38.15,-1.1372513725278103e-05,6.2007976300132705e-06,-1.694311070561612e-05
1568493857572,2019-09-14T16:44:17.572,38.2,-1.2333574915226932e-05,5.9538024387166824e-06,-1.5414020831792775e-05
1568493857622,2019-09-14T16:44:17.622,38.25,-1.3204902559792557e-05,5.833030792330284e-06,-1.3776662883390628e-05
1568493857672,2019-09-14T16:44:17.672,38.3,-1.4056038277466719e-05,6.107849438156513e-06,-1.184759627472971e-05
1568493857722,2019-09-14T16:44:17.722,38.35,-1.5113696858691041e-05,6.652593652302388e-06,-9.369410117002182e-06
1568493857772,2019-09-14T16:44:17.772,38.4,-1.655590681704492e-05,7.205619395210463e-06,-6.27829748978598e-06
1568493857822,2019-09-14T16:44:17.822,38.45,-1.796929765697493e-05,7.5415003585780445e-06,-2.7826156559753216e-06
1568493857872,2019-09-14T16:44:17.872,38.5,-1.853018815527165e-05,7.426348899265625e-06,6.338740083256396e-07
1568493857922,2019-09-14T16:44:17.922,38.55,-1.7930346895642826e-05,6.807712661108416e-06,3.5382223610194203e-06
1568493857972,2019-09-14T16:44:17.972,38.6,-1.668852662364584e-05,6.035021463719872e-06,5.917511997600437e-06
1568493858022,2019-09-14T16:44:18.022,38.65,-1.543995254225488e-05,5.552140648220227e-06,8.12205880122441e-06
1568493858072,2019-09-14T16:44:18.072,38.7,-1.4361429684622098e-05,5.406511452544379e-06,1.0471785349916123e-05
1568493858122,2019-09-14T16:44:18.122,38.75,-1.3372075815477221e-05,5.284852916568711e-06,1.2763853106960769e-05
1568493858172,2019-09-14T16:44:18.172,38.8,-1.2499297547864033e-05,4.9009110298517e-06,1.4272134065578153e-05
1568493858222,2019-09-14T16:44:18.222,38.85,-1.181250601163386e-05,4.23476891001062e-06,1.470690339109747e-05
1568493858272,2019-09-14T16:44:18.272,38.9,-1.1130219106383255e-05,3.6052107574312204e-06,1.4883588677025976e-05
1568493858322,2019-09-14T16:44:18.322,38.95,-1.0125286710839549e-05,3.47101338571587e-06,1.5701762867093854e-05
1568493858372,2019-09-14T16:44:18.372,39.0,-8.856158473527501e-06,3.8474379391275304e-06,1.6926475030372026e-05
1568493858422,2019-09-14T16:44:18.422,39.05,-7.844971458359371e-06,4.1226480552890285e-06,1.779156068716786e-05
1568493858472,2019-09-14T16:44:18.472,39.1,-7.3784554974284026e-06,3.8898486280383725e-06,1.815435269861665e-05
1568493858522,2019-09-14T16:44:18.522,39.15,-7.1979426773690335e-06,3.554283415717127e-06,1.8344461402914156e-05
1568493858572,2019-09-14T16:44:18.572,39.2,-7.1179327549575615e-06,3.5444897771263826e-06,1.853726461015353e-05
1568493858622,2019-09-14T16:44:18.622,39.25,-7.19717065605751e-06,3.5531214176276705e-06,1.867034649295098e-05
1568493858672,2019-09-14T16:44:18.672,39.3,-7.152339591160746e-06,3.2179705386301235e-06,1.8520004479028797e-05
1568493858722,2019-09-14T16:44:18.722,39.35,-6.616047592905105e-06,2.8195984807929987e-06,1.7909168711058572e-05
1568493858772,2019-09-14T16:44:18.772,39.4,-5.931723358397542e-06,2.7190071450370794e-06,1.7085173715243003e-05
1568493858822,2019-09-14T16:44:18.822,39.45,-5.639214846254261e-06,2.7500377624590752e-06,1.6565137027466998e-05
1568493858872,2019-09-14T16:44:18.872,39.5,-5.492450450088506e-06,2.5387494739041697e-06,1.6501439236284124e-05
1568493858922,2019-09-14T16:44:18.922,39.55,-5.005941032640281e-06,2.0495744506047715e-06,1.6515191180487704e-05
1568493858972,2019-09-14T16:44:18.972,39.6,-4.510085286988985e-06,1.6668434749214014e-06,1.6123092953925188e-05
1568493859022,2019-09-14T16:44:19.022,39.65,-4.603510268460189e-06,1.6895481131898654e-06,1.5161664777005185e-05
1568493859072,2019-09-14T16:44:19.072,39.7,-4.93746226287533e-06,1.7203021466522465e-06,1.3940478244473842e-05
1568493859122,2019-09-14T16:44:19.122,39.75,-4.645882073121936e-06,1.054346284526052e-06,1.2966467110037252e-05
1568493859172,2019-09-14T16:44:19.172,39.8,-3.6631765433013786e-06,-1.9793400621990185e-07,1.23261091527798e-05
1568493859222,2019-09-14T16:44:19.222,39.85,-2.4211175645141576e-06,-1.2267345190288832e-06,1.1554603062066642e-05
1568493859272,2019-09-14T16:44:19.272,39.9,-5.661671451503176e-07,-1.881726354284875e-06,1.0291556678322324e-05
1568493859322,2019-09-14T16:44:19.322,39.95,2.6480019321893433e-06,-2.841553095768352e-06,8.714347719749861e-06
1568493859372,2019-09-14T16:44:19.372,40.0,6.822364640493238e-06,-4.2934910516450015e-06,7.234788480717541e-06
1568493859422,2019-09-14T16:44:19.422,40.05,1.049600126803608e-05,-5.508600996887702e-06,6.0957107362096e-06
1568493859472,2019-09-14T16:44:19.472,40.1,1.26848072601751e-05,-5.927118652580927e-06,5.2188538663118405e-06
1568493859522,2019-09-14T16:44:19.522,40.15,1.3466875199261414e-05,-5.866079573863059e-06,4.308973145201325e-06
1568493859572,2019-09-14T16:44:19.572,40.2,1.3427895866416488e-05,-5.925653214497941e-06,3.251490810513695e-06
1568493859622,2019-09-14T16:44:19.622,40.25,1.323691125848404e-05,-6.1848769678499305e-06,2.2537434815975536e-06
1568493859672,2019-09-14T16:44:19.672,40.3,1.326318241052445e-05,-6.2820878499992564e-06,1.416283766315514e-06
1568493859722,2019-09-14T16:44:19.722,40.35,1.3286075563726687e-05,-6.118381073982864e-06,5.866343319617129e-07
1568493859772,2019-09-14T16:44:19.772,40.4,1.3107954971428766e-05,-6.076544588263824e-06,-1.8826405842367209e-07
1568493859822,2019-09-14T16:44:19.822,40.45,1.3149506283855042e-05,-6.358687377895972e-06,-5.616027356850736e-07
1568493859872,2019-09-14T16:44:19.872,40.5,1.3773551113763056e-05,-6.556610141001971e-06,-3.7548061079632883e-07
1568493859922,2019-09-14T16:44:19.922,40.55,1.4627994346417383e-05,-6.342934489382284e-06,7.118024702448361e-08
1568493859972,2019-09-14T16:44:19.972,40.6,1.5190820090483873e-05,-6.077884994371204e-06,3.0088970285809564e-07
1568493860022,2019-09-14T16:44:20.022,40.65,1.5373864662116504e-05,-6.103116247281826e-06,9.387769570945467e-08
1568493860072,2019-09-14T16:44:20.072,40.7,1.545054429874987e-05,-6.075269347530633e-06,-3.9161085448560915e-07
1568493860122,2019-09-14T16:44:20.122,40.75,1.574845930314909e-05,-5.712719053824916e-06,-8.861421626688625e-07
1568493860172,2019-09-14T16:44:20.172,40.8,1.6191601200000612e-05,-5.459435327544059e-06,-1.2819417853916274e-06
1568493860222,2019-09-14T16:44:20.222,40.85,1.6250480114496244e-05,-5.688922858503225e-06,-1.6642466844110452e-06
1568493860272,2019-09-14T16:44:20.272,40.9,1.5855683606463967e-05,-5.9808756373995186e-06,-2.1335659413893957e-06
1568493860322,2019-09-14T16:44:20.322,40.95,1.5753429509911727e-05,-5.851282682628628e-06,-2.639147108468856e-06
1568493860372,2019-09-14T16:44:20.372,41.0,1.623104607984043e-05,-5.563428194403604e-06,-3.1088141195848973e-06
1568493860422,2019-09-14T16:44:20.422,41.05,1.6464387380815905e-05,-5.606917047799496e-06,-3.5729218241925917e-06
1568493860472,2019-09-14T16:44:20.472,41.1,1.5961743116223492e-05,-5.914670653010996e-06,-3.943189464023074e-06
1568493860522,2019-09-14T16:44:20.522,41.15,1.546983867670528e-05,-6.163758358667027e-06,-4.021645195615886e-06
1568493860572,2019-09-14T16:44:20.572,41.2,1.560189558623084e-05,-6.333312971527285e-06,-3.909986634354357e-06
1568493860622,2019-09-14T16:44:20.622,41.25,1.5831446527812275e-05,-6.428067049926215e-06,-3.963406886582506e-06
1568493860672,2019-09-14T16:44:20.672,41.3,1.561295234202032e-05,-6.222349231467144e-06,-4.279433616047265e-06
1568493860722,2019-09-14T16:44:20.722,41.35,1.5217294691356333e-05,-5.787050246591361e-06,-4.622490176832362e-06
1568493860772,2019-09-14T16:44:20.772,41.4,1.4856314018710679e-05,-5.608755126289644e-06,-4.749488315119133e-06
1568493860822,2019-09-14T16:44:20.822,41.45,1.4246046920995466e-05,-5.758849507686184e-06,-4.5388929402696064e-06
1568493860872,2019-09-14T16:44:20.872,41.5,1.339187163081539e-05,-5.743944489469427e-06,-4.056963021994949e-06
1568493860922,2019-09-14T16:44:20.922,41.55,1.2668554826876204e-05,-5.482431536955344e-06,-3.6570851813431047e-06
1568493860972,2019-09-14T16:44:20.972,41.6,1.2127185209741655e-05,-5.481019335388584e-06,-3.627184952290919e-06
1568493861022,2019-09-14T16:44:21.022,41.65,1.1634137599394251e-05,-5.82617043354359e-06,-3.704314415658216e-06
1568493861072,2019-09-14T16:44:21.072,41.7,1.1290569845124257e-05,-5.965631386456435e-06,-3.475839270465189e-06
1568493861122,2019-09-14T16:44:21.122,41.75,1.1003512834200083e-05,-5.670420878485826e-06,-3.1477589073964956e-06
1568493861172,2019-09-14T16:44:21.172,41.8,1.0240995873103756e-05,-5.347877913478222e-06,-3.2168421944428494e-06
1568493861222,2019-09-14T16:44:21.222,41.85,8.710492167720666e-06,-5.173785756370998e-06,-3.6631256470178335e-06
1568493861272,2019-09-14T16:44:21.272,41.9,6.759339481451561e-06,-4.691455965405528e-06,-4.239760135444683e-06
1568493861322,2019-09-14T16:44:21.322,41.95,4.892925178750242e-06,-3.672808592120474e-06,-5.041869563337806e-06
1568493861372,2019-09-14T16:44:21.372,42.0,3.3307847063699634e-06,-2.7082652321259856e-06,-5.978688730797168e-06
1568493861422,2019-09-14T16:44:21.422,42.05,2.098253077353539e-06,-2.43422354681302e-06,-6.369598670693315e-06
1568493861472,2019-09-14T16:44:21.472,42.1,1.150754409112577e-06,-2.70979025131759e-06,-5.879007818695181e-06
1568493861522,2019-09-14T16:44:21.522,42.15,3.410445434960082e-07,-2.9384221598504246e-06,-5.19548620962061e-06
1568493861572,2019-09-14T16:44:21.572,42.2,-3.9669283406323667e-07,-2.7534880256764804e-06,-5.044098636536909e-06
1568493861622,2019-09-14T16:44:21.622,42.25,-8.878694470277995e-07,-2.208233368630374e-06,-5.110632390014524e-06
1568493861672,2019-09-14T16:44:21.672,42.3,-1.098628867994574e-06,-1.5966505104814668e-06,-4.720379969376772e-06
1568493861722,2019-09-14T16:44:21.722,42.35,-1.3791047490515303e-06,-1.1507235979769856e-06,-4.100020492819037e-06
1568493861772,2019-09-14T16:44:21.772,42.4,-1.8550336772999798e-06,-9.418222827585747e-07,-4.03857197274594e-06
1568493861822,2019-09-14T16:44:21.822,42.45,-2.049841187020612e-06,-1.0733795495280545e-06,-4.644977205173273e-06
1568493861872,2019-09-14T16:44:21.872,42.5,-1.6859111482944558e-06,-1.5335018935802436e-06,-5.388940605832897e-06
1568493861922,2019-09-14T16:44:21.922,42.55,-1.3311921343327244e-06,-1.8161825091058449e-06,-5.978813664278489e-06
1568493861972,2019-09-14T16:44:21.972,42.6,-1.645029725464729e-06,-1.3527361070442325e-06,-6.388255149694752e-06
1568493862022,2019-09-14T16:44:22.022,42.65,-2.4359129470336127e-06,-3.630564186384416e-07,-6.612018882925582e-06
1568493862072,2019-09-14T16:44:22.072,42.7,-2.9830154349861826e-06,3.4216397735956127e-07,-6.915942996752313e-06
1568493862122,2019-09-14T16:44:22.122,42.75,-3.006682165231028e-06,3.69790912842926e-07,-7.488124192522525e-06
1568493862172,2019-09-14T16:44:22.172,42.8,-2.9528590751403678e-06,6.231945168097559e-08,-7.748620336818505e-06
1568493862222,2019-09-14T16:44:22.222,42.85,-3.3511489656374427e-06,-8.495723652982101e-08,-7.132048610029268e-06
1568493862272,2019-09-14T16:44:22.272,42.9,-4.124325882516479e-06,1.007418543210782e-07,-6.285341964980283e-06
1568493862322,2019-09-14T16:44:22.322,42.95,-4.786191450768214e-06,5.248720590696995e-07,-6.156859918595509e-06
1568493862372,2019-09-14T16:44:22.372,43.0,-5.206113030126688e-06,1.0073827999494522e-06,-6.406166439378787e-06
1568493862422,2019-09-14T16:44:22.422,43.05,-5.6942576285141844e-06,1.314428645922483e-06,-6.042890415524948e-06
1568493862472,2019-09-14T16:44:22.472,43.1,-6.310445570322607e-06,1.2378714677916927e-06,-4.945330729396004e-06
1568493862522,2019-09-14T16:44:22.522,43.15,-6.714604816587263e-06,9.002303167128527e-07,-3.608685315032388e-06
1568493862572,2019-09-14T16:44:22.572,43.2,-6.875364357744762e-06,7.93854403324835e-07,-2.17577351086987e-06
1568493862622,2019-09-14T16:44:22.622,43.25,-7.17542534049121e-06,1.1006613983020442e-06,-5.501893688698455e-07
1568493862672,2019-09-14T16:44:22.672,43.3,-7.566605855543843e-06,1.2589998883128827e-06,1.1478167385504564e-06
1568493862722,2019-09-14T16:44:22.722,43.35,-7.544240369742542e-06,7.763890097449279e-07,2.539368692346137e-06
1568493862772,2019-09-14T16:44:22.772,43.4,-7.121946621612398e-06,4.78807351531539e-08,3.084434275770448e-06
1568493862822,2019-09-14T16:44:22.822,43.45,-6.789507084302744e-06,-2.8713887730370755e-07,2.6074748150776855e-06
1568493862872,2019-09-14T16:44:22.872,43.5,-6.596791408475701e-06,-2.698115061192467e-07,1.8608384342868264e-06
1568493862922,2019-09-14T16:44:22.922,43.55,-6.306768675939096e-06,-2.6213852300422297e-07,1.761951648607358e-06
1568493862972,2019-09-14T16:44:22.972,43.6,-6.109648202781095e-06,-2.7853208822566906e-07,2.155340140051297e-06
1568493863022,2019-09-14T16:44:23.022,43.65,-6.30377815839427e-06,-2.3355619673801232e-07,2.254086520632108e-06
1568493863072,2019-09-14T16:44:23.072,43.7,-6.68811357331101e-06,-2.1367525500966442e-07,1.9299522047333776e-06
1568493863122,2019-09-14T16:44:23.122,43.75,-6.883616228711903e-06,-1.489427785074733e-07,1.629927971963916e-06
1568493863172,2019-09-14T16:44:23.172,43.8,-6.848198302024398e-06,1.4480383632337184e-07,1.4488864514350447e-06
1568493863222,2019-09-14T16:44:23.222,43.85,-6.711896955569915e-06,5.065932689473295e-07,1.0336086672364538e-06
1568493863272,2019-09-14T16:44:23.272,43.9,-6.520326182648415e-06,6.25466421084617e-07,1.8700842736182258e-07
1568493863322,2019-09-14T16:44:23.322,43.95,-6.362621886633935e-06,5.80567355004908e-07,-8.366593254398994e-07
1568493863372,2019-09-14T16:44:23.372,44.0,-6.368489400765718e-06,6.746961378179885e-07,-1.7296885170668109e-06
1568493863422,2019-09-14T16:44:23.422,44.05,-6.500423979332384e-06,9.742898177693172e-07,-2.6509874834640967e-06
1568493863472,2019-09-14T16:44:23.472,44.1,-6.634360381575129e-06,1.3329143853804677e-06,-3.882757542177606e-06
1568493863522,2019-09-14T16:44:23.522,44.15,-6.704554671260214e-06,1.5489213129208298e-06,-5.013036237405469e-06
1568493863572,2019-09-14T16:44:23.572,44.2,-6.588973619865006e-06,1.4570758667289819e-06,-5.229832479417825e-06
1568493863622,2019-09-14T16:44:23.622,44.25,-6.185532619218982e-06,1.1803090813227367e-06,-4.565188159525803e-06
1568493863672,2019-09-14T16:44:23.672,44.3,-5.732938619060331e-06,1.0815615961908068e-06,-4.047698534376042e-06
1568493863722,2019-09-14T16:44:23.722,44.35,-5.715683284590062e-06,1.272211990394879e-06,-4.286133045837147e-06
1568493863772,2019-09-14T16:44:23.772,44.4,-6.330446180465345e-06,1.4866393803005294e-06,-4.586514793103557e-06
1568493863822,2019-09-14T16:44:23.822,44.45,-7.19722113697255e-06,1.483727427649501e-06,-4.069148121290489e-06
1568493863872,2019-09-14T16:44:23.872,44.5,-7.656968152222423e-06,1.2844579673687408e-06,-3.1000040199437288e-06
1568493863922,2019-09-14T16:44:23.922,44.55,-7.392010327602822e-06,1.0141031905408645e-06,-2.6282217765250714e-06
1568493863972,2019-09-14T16:44:23.972,44.6,-6.7615656573319124e-06,7.204661278231162e-07,-2.4665488583970984e-06
1568493864022,2019-09-14T16:44:24.022,44.65,-6.38824047973979e-06,4.4297326416800415e-07,-1.5649188255789996e-06
1568493864072,2019-09-14T16:44:24.072,44.7,-6.456373742046363e-06,3.2329012948400984e-07,1.8608888358321931e-07
1568493864122,2019-09-14T16:44:24.122,44.75,-6.712903102915854e-06,4.382343647002321e-07,1.963439577873829e-06
1568493864172,2019-09-14T16:44:24.172,44.8,-7.011843450403004e-06,6.210208150321466e-07,3.7011797092098196e-06
1568493864222,2019-09-14T16:44:24.222,44.85,-7.321753543278514e-06,7.263271667898493e-07,6.186127171281928e-06
1568493864272,2019-09-14T16:44:24.272,44.9,-7.338696641440396e-06,9.275124754397859e-07,9.573739339517368e-06
1568493864322,2019-09-14T16:44:24.322,44.95,-6.728333491414765e-06,1.3400789657285893e-06,1.3126624179780696e-05
1568493864372,2019-09-14T16:44:24.372,45.0,-5.694856923853684e-06,1.5839193471443384e-06,1.614350133723781e-05
1568493864422,2019-09-14T16:44:24.422,45.05,-4.824978768397336e-06,1.3186330224841737e-06,1.8189810640580695e-05
1568493864472,2019-09-14T16:44:24.472,45.1,-4.425273968093494e-06,9.278257432368068e-07,1.8972479572611194e-05
1568493864522,2019-09-14T16:44:24.522,45.15,-4.328605674956244e-06,1.0071785207691113e-06,1.878008862012136e-05
1568493864572,2019-09-14T16:44:24.572,45.2,-4.2911918243626145e-06,1.4883809726440394e-06,1.849326443308702e-05
1568493864622,2019-09-14T16:44:24.622,45.25,-4.320547972213731e-06,1.8410708297063564e-06,1.8626953467586467e-05
1568493864672,2019-09-14T16:44:24.672,45.3,-4.518905646675303e-06,1.8145806638960848e-06,1.889391214374149e-05
1568493864722,2019-09-14T16:44:24.722,45.35,-4.772329437522275e-06,1.5384919315236508e-06,1.8984421216779548e-05
1568493864772,2019-09-14T16:44:24.772,45.4,-4.83527297503597e-06,1.1707543532447144e-06,1.9054590044520612e-05
1568493864822,2019-09-14T16:44:24.822,45.45,-4.656912089205575e-06,7.766611542946662e-07,1.915446099838592e-05
1568493864872,2019-09-14T16:44:24.872,45.5,-4.424584449846282e-06,4.1680179838465236e-07,1.9027903103263544e-05
1568493864922,2019-09-14T16:44:24.922,45.55,-4.349440203268828e-06,2.3009679751678116e-07,1.8770855324187465e-05
1568493864972,2019-09-14T16:44:24.972,45.6,-4.473933003400841e-06,3.969225177293883e-07,1.8755888472899577e-05
1568493865022,2019-09-14T16:44:25.022,45.65,-4.644059618268894e-06,8.274166502925348e-07,1.8828808513513897e-05
1568493865072,2019-09-14T16:44:25.072,45.7,-4.759350421323527e-06,1.0532025954135352e-06,1.8563358884046597e-05
1568493865122,2019-09-14T16:44:25.122,45.75,-4.9551702435611e-06,8.430384995535776e-07,1.8064160141806935e-05
1568493865172,2019-09-14T16:44:25.172,45.8,-5.266246498723495e-06,5.850018715439366e-07,1.766388547559404e-05
1568493865222,2019-09-14T16:44:25.222,45.85,-5.3549218626134755e-06,5.954833335977472e-07,1.7356302965445738e-05
1568493865272,2019-09-14T16:44:25.272,45.9,-4.974343856963104e-06,5.918629141580357e-07,1.705107188254714e-05
1568493865322,2019-09-14T16:44:25.322,45.95,-4.426470570816794e-06,3.0966410610732045e-07,1.6767148572409645e-05
1568493865372,2019-09-14T16:44:25.372,46.0,-4.202068783975916e-06,2.4286695225798347e-08,1.6440977479433887e-05
1568493865422,2019-09-14T16:44:25.422,46.05,-4.3967027891714535e-06,-3.3482467724097055e-09,1.6013255050123905e-05
1568493865472,2019-09-14T16:44:25.472,46.1,-4.683738121532613e-06,-3.0519795416395126e-09,1.5536723585662764e-05
1568493865522,2019-09-14T16:44:25.522,46.15,-4.679878236202668e-06,-1.7368632142660614e-07,1.5007747413334254e-05
1568493865572,2019-09-14T16:44:25.572,46.2,-4.308855051216111e-06,-3.3398145065489384e-07,1.441574159257833e-05
1568493865622,2019-09-14T16:44:25.622,46.25,-3.958771641002962e-06,-4.4108270710099534e-07,1.383965911308427e-05
1568493865672,2019-09-14T16:44:25.672,46.3,-4.102869043628494e-06,-6.665947063018247e-07,1.3091272672877804e-05
1568493865722,2019-09-14T16:44:25.722,46.35,-4.578170792110156e-06,-8.56209105082846e-07,1.1688906178036584e-05
1568493865772,2019-09-14T16:44:25.772,46.4,-4.631071900134962e-06,-8.158551293060948e-07,9.605116857561236e-06
1568493865822,2019-09-14T16:44:25.822,46.45,-3.94178779627614e-06,-8.985808957797749e-07,7.342712925923266e-06
1568493865872,2019-09-14T16:44:25.872,46.5,-3.058847452086228e-06,-1.440098853574431e-06,5.0316325042029165e-06
1568493865922,2019-09-14T16:44:25.922,46.55,-2.5187741140441273e-06,-2.080036745086827e-06,2.4160265973573925e-06
1568493865972,2019-09-14T16:44:25.972,46.6,-2.1478877617721876e-06,-2.2865755532122817e-06,-3.214170041028263e-07
1568493866022,2019-09-14T16:44:26.022,46.65,-1.5499298510455998e-06,-2.023606053436933e-06,-2.813002429530933e-06
1568493866072,2019-09-14T16:44:26.072,46.7,-8.41317325116839e-07,-1.540926739501195e-06,-5.250500223806689e-06
1568493866122,2019-09-14T16:44:26.122,46.75,-6.112841119229618e-07,-9.949885354597282e-07,-7.890377832026612e-06
1568493866172,2019-09-14T16:44:26.172,46.8,-1.1247003982491354e-06,-4.677739091721622e-07,-1.0315478524259252e-05
1568493866222,2019-09-14T16:44:26.222,46.85,-1.7333695186318258e-06,5.421730387801978e-09,-1.194989925384296e-05
1568493866272,2019-09-14T16:44:26.272,46.9,-1.5623457890327e-06,4.983677620099513e-07,-1.2801214022970345e-05
1568493866322,2019-09-14T16:44:26.322,46.95,-6.335435486990706e-07,9.815415391153876e-07,-1.3249038939810328e-05
1568493866372,2019-09-14T16:44:26.372,47.0,3.74925867152766e-07,1.1097695955851355e-06,-1.3599791070494104e-05
1568493866422,2019-09-14T16:44:26.422,47.05,1.0851758950428829e-06,6.449245252247884e-07,-1.4061434286942572e-05
1568493866472,2019-09-14T16:44:26.472,47.1,1.4179217212029933e-06,1.6843117070987914e-08,-1.4724111243889497e-05
1568493866522,2019-09-14T16:44:26.522,47.15,1.3317577908226107e-06,-4.1585690813432804e-08,-1.5436894944789384e-05
1568493866572,2019-09-14T16:44:26.572,47.2,1.1639088086959754e-06,6.157895262670406e-07,-1.593754041473481e-05
1568493866622,2019-09-14T16:44:26.622,47.25,1.4332854721759661e-06,1.432910411694103e-06,-1.6215031888891392e-05
1568493866672,2019-09-14T16:44:26.672,47.3,2.071820725281385e-06,1.844518253542577e-06,-1.6675826207994715e-05
1568493866722,2019-09-14T16:44:26.722,47.35,2.729782788327095e-06,1.779564758879344e-06,-1.7769472993508874e-05
1568493866772,2019-09-14T16:44:26.772,47.4,3.699571232569205e-06,1.5538753549778794e-06,-1.9431728133886265e-05
1568493866822,2019-09-14T16:44:26.822,47.45,5.524358455165098e-06,1.4620465428102884e-06,-2.112409588192629e-05
1568493866872,2019-09-14T16:44:26.872,47.5,7.888856436219465e-06,1.4924059247877713e-06,-2.2411434634571653e-05
1568493866922,2019-09-14T16:44:26.922,47.55,9.765104957597583e-06,1.4852675325946954e-06,-2.3251793015877572e-05
1568493866972,2019-09-14T16:44:26.972,47.6,1.0463610681941704e-05,1.5246455848937235e-06,-2.3758937184067607e-05
1568493867022,2019-09-14T16:44:27.022,47.65,1.0058052826887027e-05,1.848761043906208e-06,-2.3984581541448727e-05
1568493867072,2019-09-14T16:44:27.072,47.7,9.17858921996461e-06,2.395772498280998e-06,-2.4050298496511693e-05
1568493867122,2019-09-14T16:44:27.122,47.75,8.631147374135333e-06,2.904682866611665e-06,-2.4266733848998097e-05
1568493867172,2019-09-14T16:44:27.172,47.8,8.690353740999081e-06,3.365867475911128e-06,-2.48206466243161e-05
1568493867222,2019-09-14T16:44:27.222,47.85,8.75077438739071e-06,3.869680793748313e-06,-2.538077618109241e-05
1568493867272,2019-09-14T16:44:27.272,47.9,8.229310676294803e-06,4.2000631188368195e-06,-2.5422173143728167e-05
1568493867322,2019-09-14T16:44:27.322,47.95,7.529537516725681e-06,4.084143863281074e-06,-2.503554751309061e-05
1568493867372,2019-09-14T16:44:27.372,48.0,7.420867531530371e-06,3.677610193481026e-06,-2.4860713554472653e-05
1568493867422,2019-09-14T16:44:27.422,48.05,7.851876479972539e-06,3.3679495796234645e-06,-2.5080883749504028e-05
1568493867472,2019-09-14T16:44:27.472,48.1,8.16518331650592e-06,3.280642394452712e-06,-2.5210021617666005e-05
1568493867522,2019-09-14T16:44:27.522,48.15,8.107130408760363e-06,3.3027455409424023e-06,-2.4983249024262804e-05
1568493867572,2019-09-14T16:44:27.572,48.2,7.831641385268874e-06,3.301679391040293e-06,-2.464101919867381e-05
1568493867622,2019-09-14T16:44:27.622,48.25,7.306683332553842e-06,3.179409102722543e-06,-2.4283021411628863e-05
1568493867672,2019-09-14T16:44:27.672,48.3,6.497150116540917e-06,3.065499785287316e-06,-2.37398513211247e-05
1568493867722,2019-09-14T16:44:27.722,48.35,5.6893550708089656e-06,3.253291025607083e-06,-2.313058986206532e-05
1568493867772,2019-09-14T16:44:27.772,48.4,5.011942387253238e-06,3.634005158911973e-06,-2.28120985850477e-05
1568493867822,2019-09-14T16:44:27.822,48.45,4.281366064219036e-06,3.789584242110932e-06,-2.268478497119702e-05
1568493867872,2019-09-14T16:44:27.872,48.5,3.6681382119994937e-06,3.7505700530564766e-06,-2.22707116249671e-05
1568493867922,2019-09-14T16:44:27.922,48.55,3.547308126208454e-06,3.7912915389888394e-06,-2.1573907153804825e-05
1568493867972,2019-09-14T16:44:27.972,48.6,3.569621071981534e-06,3.7348143685405974e-06,-2.105669260802051e-05
1568493868022,2019-09-14T16:44:28.022,48.65,2.9783199208409006e-06,3.427036252855221e-06,-2.0688291496891548e-05
1568493868072,2019-09-14T16:44:28.072,48.7,1.7654150738488805e-06,3.2934128647904704e-06,-1.9854106431419613e-05
1568493868122,2019-09-14T16:44:28.122,48.75,5.222997797580387e-07,3.578057757290857e-06,-1.8267869693113597e-05
1568493868172,2019-09-14T16:44:28.172,48.8,-6.142870326910864e-07,3.786699824120497e-06,-1.6264694023448004e-05
1568493868222,2019-09-14T16:44:28.222,48.85,-2.0139977300269116e-06,3.450627675228507e-06,-1.4123685952955976e-05
1568493868272,2019-09-14T16:44:28.272,48.9,-3.7949246494773393e-06,2.769599043322537e-06,-1.1632409534173393e-05
1568493868322,2019-09-14T16:44:28.322,48.95,-5.68096245840172e-06,2.2260476633680483e-06,-8.489782333139637e-06
1568493868372,2019-09-14T16:44:28.372,49.0,-7.398060629493304e-06,2.0258224718950437e-06,-4.785463570031436e-06
1568493868422,2019-09-14T16:44:28.422,49.05,-8.737020151124008e-06,2.0673958030077076e-06,-9.125077507827231e-07
1568493868472,2019-09-14T16:44:28.472,49.1,-9.49074666989727e-06,2.265972669734207e-06,2.6301629430627073e-06
1568493868522,2019-09-14T16:44:28.522,49.15,-9.739557956160728e-06,2.7021374326435894e-06,5.317103138651187e-06
1568493868572,2019-09-14T16:44:28.572,49.2,-9.982023076688882e-06,3.342629284786829e-06,7.0437759471495414e-06
1568493868622,2019-09-14T16:44:28.622,49.25,-1.0596701108639317e-05,3.815924975887048e-06,8.410362304679861e-06
1568493868672,2019-09-14T16:44:28.672,49.3,-1.1262306860193192e-05,3.7452687282263776e-06,9.92807261487331e-06
1568493868722,2019-09-14T16:44:28.722,49.35,-1.132483456416225e-05,3.282552972567058e-06,1.124656856555795e-05
1568493868772,2019-09-14T16:44:28.772,49.4,-1.077483566876677e-05,3.093397872765423e-06,1.1878634504201049e-05
1568493868822,2019-09-14T16:44:28.822,49.45,-1.033484022202641e-05,3.6128853099280835e-06,1.232472035755735e-05
1568493868872,2019-09-14T16:44:28.872,49.5,-1.04067288383286e-05,4.432915430008186e-06,1.364021320078263e-05
1568493868922,2019-09-14T16:44:28.922,49.55,-1.0556284461370636e-05,4.8140408434924845e-06,1.5953201887843883e-05
1568493868972,2019-09-14T16:44:28.972,49.6,-1.0333353133591936e-05,4.678303664232274e-06,1.823621874821559e-05
1568493869022,2019-09-14T16:44:29.022,49.65,-9.921196133601661e-06,4.583755929246286e-06,1.971920493293277e-05
1568493869072,2019-09-14T16:44:29.072,49.7,-9.55300745558277e-06,4.85980781414058e-06,2.0653622497692675e-05
1568493869122,2019-09-14T16:44:29.122,49.75,-8.94850864803501e-06,5.238329855154108e-06,2.1499776604578814e-05
1568493869172,2019-09-14T16:44:29.172,49.8,-7.868013228082746e-06,5.2727475961115235e-06,2.2348982706779216e-05
1568493869222,2019-09-14T16:44:29.222,49.85,-6.732751385746108e-06,4.865658670853534e-06,2.3224517701417874e-05
1568493869272,2019-09-14T16:44:29.272,49.9,-6.165969873171567e-06,4.306014242562946e-06,2.4059553465515105e-05
1568493869322,2019-09-14T16:44:29.322,49.95,-6.135790523752005e-06,3.828779473406503e-06,2.453617574457795e-05
1568493869372,2019-09-14T16:44:29.372,50.0,-5.9447547236288716e-06,3.3921411477812193e-06,2.4584161807740892e-05
1568493869422,2019-09-14T16:44:29.422,50.05,-5.160548521744657e-06,2.9634364032241633e-06,2.45768834986911e-05
1568493869472,2019-09-14T16:44:29.472,50.1,-4.35494467036857e-06,2.6946404909022075e-06,2.4634891752080695e-05
1568493869522,2019-09-14T16:44:29.522,50.15,-4.54271721748008e-06,2.7407492054411377e-06,2.4387354127521346e-05
1568493869572,2019-09-14T16:44:29.572,50.2,-5.8837906262880445e-06,3.103413322014912e-06,2.359844595085306e-05
1568493869622,2019-09-14T16:44:29.622,50.25,-7.439010818588258e-06,3.626109476746412e-06,2.2462405427012952e-05
1568493869672,2019-09-14T16:44:29.672,50.3,-8.237182474478547e-06,4.096738120741947e-06,2.1426457329673915e-05
1568493869722,2019-09-14T16:44:29.722,50.35,-8.000297325852413e-06,4.31190416785101e-06,2.0991337832245004e-05
1568493869772,2019-09-14T16:44:29.772,50.4,-6.921130367020417e-06,3.970899095471276e-06,2.1202906891854952e-05
1568493869822,2019-09-14T16:44:29.822,50.45,-5.442541480181588e-06,2.8612447446643092e-06,2.1386940787384243e-05
1568493869872,2019-09-14T16:44:29.872,50.5,-4.1215537455635495e-06,1.3685860521013762e-06,2.094429034348029e-05
1568493869922,2019-09-14T16:44:29.922,50.55,-3.143924151097312e-06,2.496525625328984e-07,2.0087470736324794e-05
1568493869972,2019-09-14T16:44:29.972,50.6,-2.2410232260597925e-06,-2.4886192838005545e-07,1.938060963924143e-05
1568493870022,2019-09-14T16:44:30.022,50.65,-1.4020786969811567e-06,-4.083164017735992e-07,1.899320437929519e-05
1568493870072,2019-09-14T16:44:30.072,50.7,-1.157833407673847e-06,-3.463402772310081e-07,1.86984275125289e-05
1568493870122,2019-09-14T16:44:30.122,50.75,-1.7786000363704561e-06,-6.366920751052097e-08,1.835242392741457e-05
1568493870172,2019-09-14T16:44:30.172,50.8,-2.6484766489497735e-06,1.893962100737037e-07,1.8098341690509903e-05
1568493870222,2019-09-14T16:44:30.222,50.85,-2.9354777693925577e-06,2.486188345176851e-07,1.7958704902930002e-05
1568493870272,2019-09-14T16:44:30.272,50.9,-2.5887369916574377e-06,2.5538284424089537e-07,1.7573953282264615e-05
1568493870322,2019-09-14T16:44:30.322,50.95,-2.1776142842583085e-06,1.7211976896826378e-07,1.67644145903052e-05
1568493870372,2019-09-14T16:44:30.372,51.0,-2.024133284757604e-06,-3.034866342252237e-07,1.576753274531407e-05
1568493870422,2019-09-14T16:44:30.422,51.05,-1.9745266459719164e-06,-1.0814976899412545e-06,1.4455463706421364e-05
1568493870472,2019-09-14T16:44:30.472,51.1,-1.8616160847968102e-06,-1.5979448063967046e-06,1.2318248221930474e-05
1568493870522,2019-09-14T16:44:30.522,51.15,-1.8478072082153334e-06,-1.7039861186180799e-06,9.683819932718191e-06
1568493870572,2019-09-14T16:44:30.572,51.2,-2.1954493692877752e-06,-1.9246088476742727e-06,7.66206132567746e-06
1568493870622,2019-09-14T16:44:30.622,51.25,-2.784671222046913e-06,-2.44148858775682e-06,6.493764013849286e-06
1568493870672,2019-09-14T16:44:30.672,51.3,-3.196254986792009e-06,-2.700867139712161e-06,5.329042860558185e-06
1568493870722,2019-09-14T16:44:30.722,51.35,-3.283226594299062e-06,-2.4480284645653166e-06,3.8002236452492002e-06
1568493870772,2019-09-14T16:44:30.772,51.4,-3.2136081681883124e-06,-2.1184586575170577e-06,2.367765730851276e-06
1568493870822,2019-09-14T16:44:30.822,51.45,-3.0640051521447332e-06,-1.8899854741106464e-06,1.1023649906121872e-06
1568493870872,2019-09-14T16:44:30.872,51.5,-2.8578826889561957e-06,-1.4514592913181968e-06,-4.3510904349971773e-07
1568493870922,2019-09-14T16:44:30.922,51.55,-2.7154260626973014e-06,-9.393125896004582e-07,-2.123527709945811e-06
1568493870972,2019-09-14T16:44:30.972,51.6,-2.4437894870379914e-06,-1.0655128097884955e-06,-3.3389815309877745e-06
1568493871022,2019-09-14T16:44:31.022,51.65,-1.3020456658437646e-06,-2.043943685938717e-06,-3.988193203838454e-06
1568493871072,2019-09-14T16:44:31.072,51.7,1.2625701556591117e-06,-3.199700522092532e-06,-4.526974022497871e-06
1568493871122,2019-09-14T16:44:31.122,51.75,4.819508131327473e-06,-3.947866096193239e-06,-5.222412692990389e-06
1568493871172,2019-09-14T16:44:31.172,51.8,8.293643121152522e-06,-4.526815702491272e-06,-6.0622763929343115e-06
1568493871222,2019-09-14T16:44:31.222,51.85,1.0896680720160836e-05,-5.379993179842463e-06,-6.904310653372618e-06
1568493871272,2019-09-14T16:44:31.272,51.9,1.2535282319293402e-05,-6.304339063207707e-06,-7.3351045093880466e-06
1568493871322,2019-09-14T16:44:31.322,51.95,1.3619288243858721e-05,-6.771011385321146e-06,-7.058498429130918e-06
1568493871372,2019-09-14T16:44:31.372,52.0,1.4523546431290264e-05,-6.807823535059382e-06,-6.553027765962732e-06
1568493871422,2019-09-14T16:44:31.422,52.05,1.5110449430416847e-05,-6.840632867145734e-06,-6.554809160041302e-06
1568493871472,2019-09-14T16:44:31.472,52.1,1.5100520303702268e-05,-6.8387732837497786e-06,-6.956377202589561e-06
1568493871522,2019-09-14T16:44:31.522,52.15,1.4794539910486659e-05,-6.5107130401974265e-06,-7.065724607538398e-06
1568493871572,2019-09-14T16:44:31.572,52.2,1.4727892911280545e-05,-6.118998786107114e-06,-6.799708637478466e-06
1568493871622,2019-09-14T16:44:31.622,52.25,1.4904259722193095e-05,-6.1191755532878865e-06,-6.817156242756883e-06
1568493871672,2019-09-14T16:44:31.672,52.3,1.5122086958040329e-05,-6.324384414350406e-06,-7.575635774863351e-06
1568493871722,2019-09-14T16:44:31.722,52.35,1.549804354061466e-05,-6.2854542630443015e-06,-8.814973852094632e-06
1568493871772,2019-09-14T16:44:31.772,52.4,1.6067893847200833e-05,-6.069534071580106e-06,-9.977327464973994e-06
1568493871822,2019-09-14T16:44:31.822,52.45,1.6577688755447773e-05,-6.004316446570319e-06,-1.0896840742004595e-05
1568493871872,2019-09-14T16:44:31.872,52.5,1.6930112281514167e-05,-5.993132322559045e-06,-1.187838941929859e-05
1568493871922,2019-09-14T16:44:31.922,52.55,1.720820259475751e-05,-5.584849046966076e-06,-1.3117526686961022e-05
1568493871972,2019-09-14T16:44:31.972,52.6,1.7435507220306014e-05,-4.6612822154217954e-06,-1.4492576211111268e-05
1568493872022,2019-09-14T16:44:32.022,52.65,1.772655840002702e-05,-3.6969102963665503e-06,-1.589209740825486e-05
1568493872072,2019-09-14T16:44:32.072,52.7,1.8208344069467147e-05,-3.2049135946449618e-06,-1.708237724523722e-05
1568493872122,2019-09-14T16:44:32.122,52.75,1.867072130018955e-05,-3.1904472411446187e-06,-1.7528786961430113e-05
1568493872172,2019-09-14T16:44:32.172,52.8,1.879878571304512e-05,-3.284937841363859e-06,-1.7119082834552805e-05
1568493872222,2019-09-14T16:44:32.222,52.85,1.8581140355019376e-05,-3.216545895689439e-06,-1.6548708253119853e-05
1568493872272,2019-09-14T16:44:32.272,52.9,1.8124391440056304e-05,-3.0495058992383916e-06,-1.6351597158071997e-05
1568493872322,2019-09-14T16:44:32.322,52.95,1.7436647742561354e-05,-2.989161527706655e-06,-1.6252771903672314e-05
1568493872372,2019-09-14T16:44:32.372,53.0,1.6586438421372767e-05,-3.0016744359925906e-06,-1.5897429838802878e-05
1568493872422,2019-09-14T16:44:32.422,53.05,1.5693856951222044e-05,-2.866311118325241e-06,-1.5485604614179203e-05
1568493872472,2019-09-14T16:44:32.472,53.1,1.475584574286297e-05,-2.6509442601177583e-06,-1.539208773242034e-05
1568493872522,2019-09-14T16:44:32.522,53.15,1.3787266642695705e-05,-2.670836721240626e-06,-1.5605746920430766e-05
1568493872572,2019-09-14T16:44:32.572,53.2,1.3012433876747132e-05,-2.865168177984908e-06,-1.5753364897481595e-05
1568493872622,2019-09-14T16:44:32.622,53.25,1.2610813127980326e-05,-2.820055608014951e-06,-1.5614891262766063e-05
1568493872672,2019-09-14T16:44:32.672,53.3,1.2355481069599234e-05,-2.5050260819556465e-06,-1.5393220767611088e-05
1568493872722,2019-09-14T16:44:32.722,53.35,1.1807586959763843e-05,-2.3274969517248855e-06,-1.52897399401406e-05
1568493872772,2019-09-14T16:44:32.772,53.4,1.0889292671742114e-05,-2.407425971682808e-06,-1.5173431724734872e-05
1568493872822,2019-09-14T16:44:32.822,53.45,9.974794959335054e-06,-2.421193568347569e-06,-1.4959362143391183e-05
1568493872872,2019-09-14T16:44:32.872,53.5,9.280630500630972e-06,-2.214056599708531e-06,-1.4783364298731956e-05
1568493872922,2019-09-14T16:44:32.922,53.55,8.444596463207161e-06,-2.067973955295781e-06,-1.4438276928710093e-05
1568493872972,2019-09-14T16:44:32.972,53.6,7.021507603506992e-06,-2.2371279137631225e-06,-1.3295837197386599e-05
1568493873022,2019-09-14T16:44:33.022,53.65,5.203738463560414e-06,-2.5140826156225158e-06,-1.1217377520746307e-05
1568493873072,2019-09-14T16:44:33.072,53.7,3.6128914989350092e-06,-2.533246636073862e-06,-8.816739071776152e-06
1568493873122,2019-09-14T16:44:33.122,53.75,2.4785913496771327e-06,-2.4289599317945368e-06,-6.5313887232644375e-06
1568493873172,2019-09-14T16:44:33.172,53.8,1.4967994344053231e-06,-2.6756913252690827e-06,-4.2605888682534875e-06
1568493873222,2019-09-14T16:44:33.222,53.85,4.748229089078831e-07,-3.2160117755428438e-06,-1.8751790648795892e-06
1568493873272,2019-09-14T16:44:33.272,53.9,-3.872663273157565e-07,-3.5231328987834054e-06,7.293063908239284e-07
1568493873322,2019-09-14T16:44:33.322,53.95,-9.665830699189512e-07,-3.5148062343074176e-06,3.6304601462755223e-06
1568493873372,2019-09-14T16:44:33.372,54.0,-1.4191468037193001e-06,-3.4529473354384648e-06,6.3786521462989555e-06
1568493873422,2019-09-14T16:44:33.422,54.05,-1.7086498256799538e-06,-3.1902343590015575e-06,8.330708868068477e-06
1568493873472,2019-09-14T16:44:33.472,54.1,-1.6546601438129932e-06,-2.5029449290700742e-06,9.704601933447382e-06
1568493873522,2019-09-14T16:44:33.522,54.15,-1.6465579206982815e-06,-1.7579084696818072e-06,1.1241414783303817e-05
1568493873572,2019-09-14T16:44:33.572,54.2,-2.259640982013097e-06,-1.4231115952645218e-06,1.2823998563381562e-05
1568493873622,2019-09-14T16:44:33.622,54.25,-3.030503927218414e-06,-1.3364788129183299e-06,1.3617133314271184e-05
1568493873672,2019-09-14T16:44:33.672,54.3,-2.9996955958800186e-06,-1.049828072988627e-06,1.3535367916550934e-05
1568493873722,2019-09-14T16:44:33.722,54.35,-2.4635934811716148e-06,-5.616880593150008e-07,1.3392999262466575e-05
1568493873772,2019-09-14T16:44:33.772,54.4,-2.5697093416370827e-06,-2.90609190455269e-07,1.360221023651773e-05
1568493873822,2019-09-14T16:44:33.822,54.45,-3.3476787509821334e-06,-4.723664567878714e-07,1.3792123452133718e-05
1568493873872,2019-09-14T16:44:33.872,54.5,-3.8135235947762873e-06,-8.245750862768764e-07,1.3747088179127908e-05
1568493873922,2019-09-14T16:44:33.922,54.55,-3.7261835839502052e-06,-8.709888336581381e-07,1.3765153669502919e-05
1568493873972,2019-09-14T16:44:33.972,54.6,-3.660758343764023e-06,-5.201304951239046e-07,1.3967202165431104e-05
1568493874022,2019-09-14T16:44:34.022,54.65,-3.680493237604038e-06,-1.0807643896532419e-07,1.4068856184039461e-05
1568493874072,2019-09-14T16:44:34.072,54.7,-3.3924108779019227e-06,9.945793384047068e-08,1.4025965946636738e-05
1568493874122,2019-09-14T16:44:34.122,54.75,-3.045919665614198e-06,1.4846195387949065e-07,1.4203088780500617e-05
1568493874172,2019-09-14T16:44:34.172,54.8,-3.2845290874906047e-06,1.6920817882702613e-07,1.4712358578259822e-05
1568493874222,2019-09-14T16:44:34.222,54.85,-3.988930359808073e-06,1.6509899683701366e-07,1.5172745744552797e-05
1568493874272,2019-09-14T16:44:34.272,54.9,-4.418220688265985e-06,5.922098761417264e-08,1.5240581132778956e-05
1568493874322,2019-09-14T16:44:34.322,54.95,-4.363912229047065e-06,-1.0865841012970987e-07,1.4989842115590956e-05
1568493874372,2019-09-14T16:44:34.372,55.0,-4.3226569311239335e-06,-1.300843767858204e-07,1.4751839180308605e-05
1568493874422,2019-09-14T16:44:34.422,55.05,-4.556824953175424e-06,6.507539654607874e-08,1.4670179167572905e-05
1568493874472,2019-09-14T16:44:34.472,55.1,-4.678350363939639e-06,2.2403030399464103e-07,1.4428532754540334e-05
1568493874522,2019-09-14T16:44:34.522,55.15,-4.342040937573149e-06,1.6952830227337013e-07,1.3696380955166246e-05
1568493874572,2019-09-14T16:44:34.572,55.2,-3.817164310998402e-06,6.710997568284274e-08,1.2741924254678523e-05
1568493874622,2019-09-14T16:44:34.622,55.25,-3.5484522754503367e-06,-2.287382482367644e-08,1.2072484012741196e-05
1568493874672,2019-09-14T16:44:34.672,55.3,-3.5224687973295987e-06,-3.945846105787813e-07,1.1667574309569389e-05
1568493874722,2019-09-14T16:44:34.722,55.35,-3.3405988378191107e-06,-1.1082133897504437e-06,1.1113650933955592e-05
1568493874772,2019-09-14T16:44:34.772,55.4,-2.715307592691949e-06,-1.6369269424242562e-06,1.0332284209137038e-05
1568493874822,2019-09-14T16:44:34.822,55.45,-1.8663997358466946e-06,-1.5630343929340475e-06,9.755723920840305e-06
1568493874872,2019-09-14T16:44:34.872,55.5,-1.4507404251420376e-06,-1.2459210321311887e-06,9.635307782891362e-06
1568493874922,2019-09-14T16:44:34.922,55.55,-1.8633484364539474e-06,-1.3116403824997749e-06,9.44072857306921e-06
1568493874972,2019-09-14T16:44:34.972,55.6,-2.760169756380641e-06,-1.6992485144530002e-06,8.525578536626997e-06
1568493875022,2019-09-14T16:44:35.022,55.65,-3.594130823582048e-06,-1.7456041755918845e-06,7.210451633356678e-06
1568493875072,2019-09-14T16:44:35.072,55.7,-4.294380072096796e-06,-1.2313221911881992e-06,6.399196762612759e-06
1568493875122,2019-09-14T16:44:35.122,55.75,-5.08102943426692e-06,-7.102442767200435e-07,6.291288453648659e-06
1568493875172,2019-09-14T16:44:35.172,55.8,-5.9202915188152834e-06,-5.517485372508535e-07,6.151018550866632e-06
1568493875222,2019-09-14T16:44:35.222,55.85,-6.51412292232131e-06,-4.108134275010385e-07,5.244914957121307e-06
1568493875272,2019-09-14T16:44:35.272,55.9,-6.7505928946888835e-06,-2.8192139002172315e-09,3.6894970335679438e-06
1568493875322,2019-09-14T16:44:35.322,55.95,-6.806380808401535e-06,4.031953100901322e-07,2.2739725158319254e-06
1568493875372,2019-09-14T16:44:35.372,56.0,-6.728813543090964e-06,5.6016808663483e-07,1.4550337552525054e-06
1568493875422,2019-09-14T16:44:35.422,56.05,-6.410088510655657e-06,6.016617448660498e-07,9.115505694981871e-07
1568493875472,2019-09-14T16:44:35.472,56.1,-6.060337068344046e-06,7.042978086061538e-07,2.2627719945216166e-07
1568493875522,2019-09-14T16:44:35.522,56.15,-6.044802039313387e-06,8.843456598799254e-07,-5.24427028001437e-07
1568493875572,2019-09-14T16:44:35.572,56.2,-6.269984714358013e-06,1.0503466060897986e-06,-1.0214721449279496e-06
1568493875622,2019-09-14T16:44:35.622,56.25,-6.376989369693583e-06,1.0575181284319018e-06,-1.1786479228232042e-06
1568493875672,2019-09-14T16:44:35.672,56.3,-6.287552175310241e-06,9.53899398597445e-07,-1.2751764336775663e-06
1568493875722,2019-09-14T16:44:35.722,56.35,-6.083725395117505e-06,1.0239187848518437e-06,-1.6241644080949756e-06
1568493875772,2019-09-14T16:44:35.772,56.4,-5.8224641950769915e-06,1.2513414324460373e-06,-2.0905112967291785e-06
1568493875822,2019-09-14T16:44:35.822,56.45,-5.705658511699998e-06,1.2229426033827414e-06,-2.19788790265591e-06
1568493875872,2019-09-14T16:44:35.872,56.5,-5.89399870089432e-06,8.863809957061787e-07,-1.7873537711675484e-06
1568493875922,2019-09-14T16:44:35.922,56.55,-6.201864518873453e-06,7.182117137924084e-07,-1.2314203124807704e-06
1568493875972,2019-09-14T16:44:35.972,56.6,-6.493553281975327e-06,9.724039931549727e-07,-9.073533227223919e-07
1568493876022,2019-09-14T16:44:36.022,56.65,-7.000154822082186e-06,1.4760496588144477e-06,-7.396247675836424e-07
1568493876072,2019-09-14T16:44:36.072,56.7,-7.732107399180037e-06,2.1195565414140566e-06,-4.587465244095355e-07
1568493876122,2019-09-14T16:44:36.122,56.75,-8.315393116143437e-06,2.9129825327538894e-06,-1.9884768610363152e-07
1568493876172,2019-09-14T16:44:36.172,56.8,-8.859675557754517e-06,3.6669785080977867e-06,-4.954582423703084e-07
1568493876222,2019-09-14T16:44:36.222,56.85,-9.873657322922865e-06,4.068806008794727e-06,-1.602973555409609e-06
1568493876272,2019-09-14T16:44:36.272,56.9,-1.101405749458281e-05,4.095526508122491e-06,-3.130261275498222e-06
1568493876322,2019-09-14T16:44:36.322,56.95,-1.1286033341220886e-05,4.1227724394168844e-06,-4.46053160262363e-06
1568493876372,2019-09-14T16:44:36.372,57.0,-1.0628882094237213e-05,4.451509649818796e-06,-5.38833858907758e-06
1568493876422,2019-09-14T16:44:36.422,57.05,-9.993358863777506e-06,4.880148652203196e-06,-6.357583153661959e-06
1568493876472,2019-09-14T16:44:36.472,57.1,-9.862693564248501e-06,5.0593519084875215e-06,-7.965215639822265e-06
1568493876522,2019-09-14T16:44:36.522,57.15,-9.729963242880782e-06,5.080617477384903e-06,-1.0111650425548553e-05
1568493876572,2019-09-14T16:44:36.572,57.2,-8.978486355795045e-06,5.238560795169057e-06,-1.2072725749544446e-05
1568493876622,2019-09-14T16:44:36.622,57.25,-7.593477693166523e-06,5.385678276938201e-06,-1.3577551799050438e-05
1568493876672,2019-09-14T16:44:36.672,57.3,-5.928196041626043e-06,5.114409498584949e-06,-1.5030813088842264e-05
1568493876722,2019-09-14T16:44:36.722,57.35,-4.1347193559485376e-06,4.48551478449122e-06,-1.6478044627740506e-05
1568493876772,2019-09-14T16:44:36.772,57.4,-2.1220346220068137e-06,3.985742922708187e-06,-1.7423304531666857e-05
1568493876822,2019-09-14T16:44:36.822,57.45,9.275539497072529e-08,3.816853084661797e-06,-1.787096311899907e-05
1568493876872,2019-09-14T16:44:36.872,57.5,2.3538418979897843e-06,3.7283687726205503e-06,-1.8409125530800127e-05
1568493876922,2019-09-14T16:44:36.922,57.55,4.4299718165039645e-06,3.5035683038125093e-06,-1.9169544353014883e-05
1568493876972,2019-09-14T16:44:36.972,57.6,5.8582946539274505e-06,3.2526112030524585e-06,-1.9705776925261385e-05
1568493877022,2019-09-14T16:44:37.022,57.65,6.293865912575596e-06,3.210934074233347e-06,-1.9861314532457688e-05
1568493877072,2019-09-14T16:44:37.072,57.7,6.190917396217659e-06,3.3961769425531923e-06,-2.000745884716641e-05
1568493877122,2019-09-14T16:44:37.122,57.75,6.40850289356581e-06,3.589273493343914e-06,-2.0412950234220764e-05
1568493877172,2019-09-14T16:44:37.172,57.8,7.022267840214595e-06,3.6728876324748967e-06,-2.0836409842056545e-05
1568493877222,2019-09-14T16:44:37.222,57.85,7.263008477390002e-06,3.7229201934120776e-06,-2.0956861225895582e-05
1568493877272,2019-09-14T16:44:37.272,57.9,6.765079180334731e-06,3.6711482253719222e-06,-2.089617365511478e-05
1568493877322,2019-09-14T16:44:37.322,57.95,6.0836810273558595e-06,3.2926454708435495e-06,-2.0828445459501464e-05
1568493877372,2019-09-14T16:44:37.372,58.0,5.6766654607144205e-06,2.7067589758137496e-06,-2.040594745403325e-05
1568493877422,2019-09-14T16:44:37.422,58.05,5.330731184418038e-06,2.3929435507520384e-06,-1.9258654030341936e-05
1568493877472,2019-09-14T16:44:37.472,58.1,5.11158833757602e-06,2.364016367089719e-06,-1.767254088978938e-05
1568493877522,2019-09-14T16:44:37.522,58.15,5.754943892502724e-06,1.8100804763000891e-06,-1.604514664491326e-05
1568493877572,2019-09-14T16:44:37.572,58.2,7.462974175983812e-06,1.6569665628074012e-07,-1.413234202666908e-05
1568493877622,2019-09-14T16:44:37.622,58.25,9.360812275214694e-06,-1.8516675747433765e-06,-1.164517350015899e-05
1568493877672,2019-09-14T16:44:37.672,58.3,1.0622915960867527e-05,-3.0692558876689834e-06,-9.134125133513456e-06
1568493877722,2019-09-14T16:44:37.722,58.35,1.123514122934041e-05,-3.3655273528756105e-06,-7.36193154813151e-06
1568493877772,2019-09-14T16:44:37.772,58.4,1.145346393279525e-05,-3.4569890720784423e-06,-6.228621341858024e-06
1568493877822,2019-09-14T16:44:37.822,58.45,1.1358514611602613e-05,-3.682702352429546e-06,-5.1929456692880245e-06
1568493877872,2019-09-14T16:44:37.872,58.5,1.1020723942024054e-05,-3.9312803419732736e-06,-4.187996265148392e-06
1568493877922,2019-09-14T16:44:37.922,58.55,1.0467567174626929e-05,-4.171416429378407e-06,-3.350616076537212e-06
1568493877972,2019-09-14T16:44:37.972,58.6,9.642703594527645e-06,-4.290536132749765e-06,-2.5774536984210997e-06
1568493878022,2019-09-14T16:44:38.022,58.65,8.759647847284565e-06,-4.057900931333726e-06,-1.9618590843360735e-06
1568493878072,2019-09-14T16:44:38.072,58.7,8.186610608138551e-06,-3.670589361205523e-06,-1.890120263226422e-06
1568493878122,2019-09-14T16:44:38.122,58.75,7.894542371526513e-06,-3.6369247448720516e-06,-2.299326257313653e-06
1568493878172,2019-09-14T16:44:38.172,58.8,7.687538780658947e-06,-3.9726059526568295e-06,-2.6065807281168293e-06
1568493878222,2019-09-14T16:44:38.222,58.85,7.581743047179778e-06,-4.157161468173721e-06,-2.596214530905753e-06
1568493878272,2019-09-14T16:44:38.272,58.9,7.2680999842541445e-06,-3.861360927932283e-06,-2.5775915230967087e-06
1568493878322,2019-09-14T16:44:38.322,58.95,6.075981865153697e-06,-3.2166246054382795e-06,-2.5267625554792935e-06
1568493878372,2019-09-14T16:44:38.372,59.0,4.024524661485066e-06,-2.5077245126877786e-06,-2.000265412409972e-06
1568493878422,2019-09-14T16:44:38.422,59.05,1.8300376239075412e-06,-1.968454075473311e-06,-1.0908771429263486e-06
1568493878472,2019-09-14T16:44:38.472,59.1,-2.888831769826454e-07,-1.6640471770022103e-06,-3.94590654427413e-07
1568493878522,2019-09-14T16:44:38.522,59.15,-2.6154443318246056e-06,-1.3441218701471075e-06,2.26544071312879e-07
1568493878572,2019-09-14T16:44:38.572,59.2,-4.886388754588533e-06,-7.22716250363411e-07,1.61653637731034e-06
1568493878622,2019-09-14T16:44:38.622,59.25,-6.428586910791874e-06,2.993231147576141e-08,3.82219614569941e-06
1568493878672,2019-09-14T16:44:38.672,59.3,-7.16961044066672e-06,5.212669795288545e-07,5.913939989940413e-06
1568493878722,2019-09-14T16:44:38.722,59.35,-7.604007808178895e-06,7.60950158236186e-07,7.37864131318751e-06
1568493878772,2019-09-14T16:44:38.772,59.4,-8.04290149734801e-06,1.0216741640969541e-06,8.507053223778265e-06
1568493878822,2019-09-14T16:44:38.822,59.45,-8.552287587750748e-06,1.3562173344459686e-06,9.625927952947295e-06
1568493878872,2019-09-14T16:44:38.872,59.5,-9.18173126016266e-06,1.7270819123097866e-06,1.0919958859752596e-05
1568493878922,2019-09-14T16:44:38.922,59.55,-9.74353900914294e-06,2.160975807292486e-06,1.2558019541322334e-05
1568493878972,2019-09-14T16:44:38.972,59.6,-9.853685268510236e-06,2.5221059198950673e-06,1.4279993508533362e-05
1568493879022,2019-09-14T16:44:39.022,59.65,-9.536210417277877e-06,2.6704566543709595e-06,1.540917669159911e-05
1568493879072,2019-09-14T16:44:39.072,59.7,-9.315294403470466e-06,2.7463462257491055e-06,1.5740958034179032e-05
1568493879122,2019-09-14T16:44:39.122,59.75,-9.466393594223613e-06,2.8072952369188244e-06,1.5844117552472736e-05
1568493879172,2019-09-14T16:44:39.172,59.8,-9.64174384001096e-06,2.6497458838978815e-06,1.6205893040246792e-05
1568493879222,2019-09-14T16:44:39.222,59.85,-9.50804640574968e-06,2.389200438028885e-06,1.6617144213764435e-05
1568493879272,2019-09-14T16:44:39.272,59.9,-9.315587172297852e-06,2.5257909971402435e-06,1.659967015959397e-05
1568493879322,2019-09-14T16:44:39.322,59.95,-9.47013437462344e-06,3.0983214254218433e-06,1.612923957867963e-05
1568493879372,2019-09-14T16:44:39.372,60.0,-9.854398075564744e-06,3.4645999914393055e-06,1.5759646296161428e-05
1568493879422,2019-09-14T16:44:39.422,60.05,-1.001314822407057e-05,3.228972589002314e-06,1.5934123839226983e-05
1568493879472,2019-09-14T16:44:39.472,60.1,-9.92434558527339e-06,2.823932201463392e-06,1.627602120427545e-05
1568493879522,2019-09-14T16:44:39.522,60.15,-1.0054151248591731e-05,2.8215068141511424e-06,1.601168320529974e-05
1568493879572,2019-09-14T16:44:39.572,60.2,-1.0479256457429695e-05,3.0877374839963032e-06,1.5102187799618018e-05
1568493879622,2019-09-14T16:44:39.622,60.25,-1.063452945625808e-05,3.0746785027996047e-06,1.435816464931833e-05
1568493879672,2019-09-14T16:44:39.672,60.3,-1.0249130447210735e-05,2.7024653042484783e-06,1.4342974328767619e-05
1568493879722,2019-09-14T16:44:39.722,60.35,-9.753030705345093e-06,2.4261838730285747e-06,1.465902555345716e-05
1568493879772,2019-09-14T16:44:39.772,60.4,-9.56157997824999e-06,2.421606813365498e-06,1.4390667346009084e-05
1568493879822,2019-09-14T16:44:39.822,60.45,-9.728307466502005e-06,2.2504436754242684e-06,1.3072442770740643e-05
1568493879872,2019-09-14T16:44:39.872,60.5,-1.015312130917885e-05,1.6864821124370844e-06,1.1315742656248373e-05
1568493879922,2019-09-14T16:44:39.922,60.55,-1.0502921643736293e-05,1.3223276030565563e-06,1.0287694731849043e-05
1568493879972,2019-09-14T16:44:39.972,60.6,-1.0380248241185178e-05,1.6485467729784999e-06,1.0259152439268041e-05
1568493880022,2019-09-14T16:44:40.022,60.65,-9.88586394883292e-06,2.0560886898005245e-06,1.0134836532412398e-05
1568493880072,2019-09-14T16:44:40.072,60.7,-9.417654608366365e-06,1.7072130213870928e-06,8.891227730468577e-06
1568493880122,2019-09-14T16:44:40.122,60.75,-8.941431743084512e-06,8.925346575042918e-07,6.9034404018726305e-06
1568493880172,2019-09-14T16:44:40.172,60.8,-8.112747247265578e-06,4.148142862801803e-07,5.289814894240812e-06
1568493880222,2019-09-14T16:44:40.222,60.85,-6.921610355246813e-06,1.792557900639844e-07,4.403392685384378e-06
1568493880272,2019-09-14T16:44:40.272,60.9,-5.488848671616119e-06,-3.717551480070546e-07,3.5455048276091514e-06
1568493880322,2019-09-14T16:44:40.322,60.95,-3.469395350780904e-06,-1.050137623840867e-06,2.0839557680697823e-06
1568493880372,2019-09-14T16:44:40.372,61.0,-5.898065388758663e-07,-1.3702686058868485e-06,3.651005791103686e-07
1568493880422,2019-09-14T16:44:40.422,61.05,2.442026283089538e-06,-1.4988471108311756e-06,-8.301674619879334e-07
1568493880472,2019-09-14T16:44:40.472,61.1,4.618348107346087e-06,-1.7478743436655168e-06,-1.3412484358955034e-06
1568493880522,2019-09-14T16:44:40.522,61.15,5.975466492860309e-06,-1.939767893489076e-06,-1.5990334656644648e-06
1568493880572,2019-09-14T16:44:40.572,61.2,7.258185493958205e-06,-1.9761728240389922e-06,-1.9890959576469356e-06
1568493880622,2019-09-14T16:44:40.622,61.25,8.555497141173482e-06,-2.1059450490053036e-06,-2.6904092419171767e-06
1568493880672,2019-09-14T16:44:40.672,61.3,9.298254350915341e-06,-2.2622829760973e-06,-3.5790334132109463e-06
1568493880722,2019-09-14T16:44:40.722,61.35,9.52021577483663e-06,-2.127015787066434e-06,-4.12651963136129e-06
1568493880772,2019-09-14T16:44:40.772,61.4,1.0007136205164139e-05,-1.8870440449038443e-06,-4.045585263586573e-06
1568493880822,2019-09-14T16:44:40.822,61.45,1.0885388918534876e-05,-1.9223699160023155e-06,-3.8240111364257966e-06
1568493880872,2019-09-14T16:44:40.872,61.5,1.121720889626541e-05,-1.99885440154389e-06,-3.912472450137161e-06
1568493880922,2019-09-14T16:44:40.922,61.55,1.0511340235691375e-05,-1.746042802778967e-06,-3.945823145652768e-06
1568493880972,2019-09-14T16:44:40.972,61.6,9.493122258207114e-06,-1.4721226056235497e-06,-3.4981476172628706e-06
1568493881022,2019-09-14T16:44:41.022,61.65,8.935350704646298e-06,-1.6316396769114855e-06,-2.893952808581592e-06
1568493881072,2019-09-14T16:44:41.072,61.7,8.702137073828165e-06,-2.043702644061329e-06,-2.6879654790799855e-06
1568493881122,2019-09-14T16:44:41.122,61.75,8.199005919892107e-06,-2.2565123208577226e-06,-2.982320526215201e-06
1568493881172,2019-09-14T16:44:41.172,61.8,7.19690527325889e-06,-2.127944059734147e-06,-3.509676936029546e-06
1568493881222,2019-09-14T16:44:41.222,61.85,6.1009488107683674e-06,-1.7884468329996663e-06,-3.9021385625929224e-06
1568493881272,2019-09-14T16:44:41.272,61.9,5.399316156439931e-06,-1.4863527828432428e-06,-3.885920024343804e-06
1568493881322,2019-09-14T16:44:41.322,61.95,4.900400451469641e-06,-1.4082641726764513e-06,-3.5417193135076713e-06
1568493881372,2019-09-14T16:44:41.372,62.0,4.0222229057389174e-06,-1.4049408027396487e-06,-3.2900810148935435e-06
1568493881422,2019-09-14T16:44:41.422,62.05,2.7787634332234712e-06,-1.1559895593859118e-06,-3.409543596740629e-06
1568493881472,2019-09-14T16:44:41.472,62.1,1.7556810552039382e-06,-6.703380252329992e-07,-3.6643126857588746e-06
1568493881522,2019-09-14T16:44:41.522,62.15,1.2288481705158429e-06,-3.101367962602973e-07,-3.6185841437050433e-06
1568493881572,2019-09-14T16:44:41.572,62.2,1.0074418391214325e-06,-3.1262954406764246e-07,-3.24250602616893e-06
1568493881622,2019-09-14T16:44:41.622,62.25,9.429656264925672e-07,-5.493859600149135e-07,-2.913468257732656e-06
1568493881672,2019-09-14T16:44:41.672,62.3,9.697577147224536e-07,-7.691301061339018e-07,-2.821702530224387e-06
1568493881722,2019-09-14T16:44:41.722,62.35,8.945749986054863e-07,-8.433614431513872e-07,-2.7530593027351483e-06
1568493881772,2019-09-14T16:44:41.772,62.4,6.68390299752367e-07,-7.31608139238852e-07,-2.5626586317842225e-06
1568493881822,2019-09-14T16:44:41.822,62.45,5.532183828095223e-07,-4.5377776011751174e-07,-2.4411634893950227e-06
1568493881872,2019-09-14T16:44:41.872,62.5,6.54449853892685e-07,-1.9824469962679883e-07,-2.5129555328766083e-06
1568493881922,2019-09-14T16:44:41.922,62.55,7.356900816629764e-07,-2.2713413523034382e-07,-2.5471582283805525e-06
1568493881972,2019-09-14T16:44:41.972,62.6,7.177866713290682e-07,-5.000784651785098e-07,-2.3068980862167845e-06
1568493882022,2019-09-14T16:44:42.022,62.65,8.176420166018056e-07,-6.130965118437085e-07,-1.963979269860035e-06
1568493882072,2019-09-14T16:44:42.072,62.7,1.03574104220977e-06,-3.9137213940586486e-07,-1.943941988020929e-06
1568493882122,2019-09-14T16:44:42.122,62.75,9.879627341172931e-07,-2.663193183112857e-07,-2.3616248949036498e-06
1568493882172,2019-09-14T16:44:42.172,62.8,4.5873380844874315e-07,-6.311288585628124e-07,-2.767171262753494e-06
1568493882222,2019-09-14T16:44:42.222,62.85,-1.478885687195969e-07,-1.116600921952555e-06,-2.6196383724315113e-06
1568493882272,2019-09-14T16:44:42.272,62.9,-2.7106464941891075e-07,-1.0525655759591956e-06,-1.9432468836754857e-06
1568493882322,2019-09-14T16:44:42.322,62.95,-3.938574125817439e-08,-4.581162856359883e-07,-1.2680377097834693e-06
1568493882372,2019-09-14T16:44:42.372,63.0,-6.169498373715685e-08,-2.7505337534722263e-08,-9.265613626348961e-07
1568493882422,2019-09-14T16:44:42.422,63.05,-3.584312759851252e-07,-1.5212919837330256e-07,-7.524063085427652e-07
1568493882472,2019-09-14T16:44:42.472,63.1,-3.8262724220685527e-07,-4.279307188389141e-07,-5.662101689557103e-07
1568493882522,2019-09-14T16:44:42.522,63.15,-1.3945231096775172e-07,-3.14589248338356e-07,-5.16259194942869e-07
1568493882572,2019-09-14T16:44:42.572,63.2,-2.1272869906468972e-07,5.1242991728841965e-08,-7.109319583651086e-07
1568493882622,2019-09-14T16:44:42.622,63.25,-6.68751115946843e-07,8.710951568523392e-08,-9.43927276753871e-07
1568493882672,2019-09-14T16:44:42.672,63.3,-9.561520252384556e-07,-3.299852821687348e-07,-1.0305057820385969e-06
1568493882722,2019-09-14T16:44:42.722,63.35,-7.755907532304947e-07,-6.811655740966911e-07,-1.0291939727028819e-06
1568493882772,2019-09-14T16:44:42.772,63.4,-2.736434832832474e-07,-5.229048764274807e-07,-9.944589437628762e-07
1568493882822,2019-09-14T16:44:42.822,63.45,3.544212419305599e-07,5.598448716376879e-08,-8.99726544248373e-07
