epoch (ms),time (-13:00),elapsed (s),x-axis (T),y-axis (T),z-axis (T)
1573069211697,2019-11-06T14:40:11.697,0.0,6.634354104552864e-06,-4.5340634342191347e-07,-7.567173214456788e-07
1573069211747,2019-11-06T14:40:11.747,0.05,5.570389487081829e-06,-1.4364130364247015e-06,-4.148139766710784e-07
1573069211797,2019-11-06T14:40:11.797,0.1,5.2188492272277425e-06,-1.5732283247696286e-06,-7.048719828517269e-07
1573069211847,2019-11-06T14:40:11.847,0.15,5.271773154547753e-06,-1.2060017691817084e-06,-1.4056550401576567e-06
1573069211897,2019-11-06T14:40:11.897,0.2,5.161619106828403e-06,-1.2142925691045908e-06,-1.8692521241848694e-06
1573069211947,2019-11-06T14:40:11.947,0.25,5.0931103859165365e-06,-1.5607476059185678e-06,-1.920138004328193e-06
1573069211997,2019-11-06T14:40:11.997,0.3,5.457579156025609e-06,-1.4266400899613198e-06,-1.8801844776382405e-06
1573069212047,2019-11-06T14:40:12.047,0.35,5.826960620043826e-06,-6.705907564333816e-07,-1.8947361989470316e-06
1573069212097,2019-11-06T14:40:12.097,0.4,5.499030726628375e-06,1.73740794939488e-08,-1.7195687685006365e-06
1573069212147,2019-11-06T14:40:12.147,0.45,4.7379954397364175e-06,4.4890304709498637e-07,-1.2776442476449431e-06
1573069212197,2019-11-06T14:40:12.197,0.5,4.5214848819445785e-06,1.1345055995890915e-06,-9.065513633432084e-07
1573069212247,2019-11-06T14:40:12.247,0.55,5.110521651357142e-06,2.096690141685298e-06,-7.30215546585068e-07
1573069212297,2019-11-06T14:40:12.297,0.6,5.735440638174149e-06,2.7752010944229545e-06,-3.8940812526457685e-07
1573069212347,2019-11-06T14:40:12.347,0.65,5.747843996289506e-06,3.1113857002566563e-06,2.227044513233638e-07
1573069212397,2019-11-06T14:40:12.397,0.7,5.3507581575402285e-06,3.593708391887353e-06,6.61469857977675e-07
1573069212447,2019-11-06T14:40:12.447,0.75,5.11511982981083e-06,4.355277396016122e-06,6.615609796470131e-07
1573069212497,2019-11-06T14:40:12.497,0.8,5.241419829299535e-06,5.07720086142713e-06,4.879441965912809e-07
1573069212547,2019-11-06T14:40:12.547,0.85,5.3910460905765675e-06,5.5107170707558565e-06,4.777511254971832e-07
1573069212597,2019-11-06T14:40:12.597,0.9,5.21201747031632e-06,5.6363929131865395e-06,7.362169017365951e-07
1573069212647,2019-11-06T14:40:12.647,0.95,4.961153187898129e-06,5.686206598578646e-06,1.16308357648619e-06
1573069212697,2019-11-06T14:40:12.697,1.0,5.2096429565266855e-06,6.026921644761293e-06,1.5820984209755838e-06
1573069212747,2019-11-06T14:40:12.747,1.05,5.920730131484082e-06,6.631043933513507e-06,2.0145355956862216e-06
1573069212797,2019-11-06T14:40:12.797,1.1,6.422698564599785e-06,7.013970612894234e-06,2.6375424970971628e-06
1573069212847,2019-11-06T14:40:12.847,1.15,6.383294432561525e-06,6.988229603598832e-06,3.3935752404808517e-06
1573069212897,2019-11-06T14:40:12.897,1.2,6.2619958933121255e-06,6.906717461088968e-06,4.0880793236608665e-06
1573069212947,2019-11-06T14:40:12.947,1.25,6.600295260383152e-06,7.032552679233721e-06,4.753612265265085e-06
1573069212997,2019-11-06T14:40:12.997,1.3,7.163372421363473e-06,7.302321884416996e-06,5.4481498096741105e-06
1573069213047,2019-11-06T14:40:13.047,1.35,7.2373694619342795e-06,7.629041227347296e-06,6.038657991907884e-06
1573069213097,2019-11-06T14:40:13.097,1.4,6.8229580158917965e-06,7.855568973466125e-06,6.487176792188341e-06
1573069213147,2019-11-06T14:40:13.147,1.45,6.685404310630247e-06,7.727791677472279e-06,6.830002326254216e-06
1573069213197,2019-11-06T14:40:13.197,1.5,6.884507893639112e-06,7.42152866365849e-06,6.780005114769986e-06
1573069213247,2019-11-06T14:40:13.247,1.55,6.4392350102747435e-06,7.588889352929217e-06,5.971114737367481e-06
1573069213297,2019-11-06T14:40:13.297,1.6,4.805095419151608e-06,8.436934843968733e-06,4.5827979496965385e-06
1573069213347,2019-11-06T14:40:13.347,1.65,2.3913840039793083e-06,9.313367929859797e-06,3.199594478837495e-06
1573069213397,2019-11-06T14:40:13.397,1.7,-3.696391234898789e-07,9.54789614838278e-06,2.2333022438266593e-06
1573069213447,2019-11-06T14:40:13.447,1.75,-3.165945102307482e-06,9.212723827204247e-06,1.8088758004199111e-06
1573069213497,2019-11-06T14:40:13.497,1.8,-5.415506994607422e-06,8.844337642418743e-06,1.7662766714644736e-06
1573069213547,2019-11-06T14:40:13.547,1.85,-6.809009865504674e-06,8.79973655584832e-06,1.5955586115754078e-06
1573069213597,2019-11-06T14:40:13.597,1.9,-7.715867775449527e-06,8.987593607298296e-06,9.593872773327435e-07
1573069213647,2019-11-06T14:40:13.647,1.95,-8.584485602800361e-06,9.00919642862301e-06,1.957746653473043e-07
1573069213697,2019-11-06T14:40:13.697,2.0,-9.530754984477614e-06,8.577100695747834e-06,-2.5915915914479e-07
1573069213747,2019-11-06T14:40:13.747,2.05,-1.0424257002642497e-05,7.859232573325314e-06,-4.41911188507707e-07
1573069213797,2019-11-06T14:40:13.797,2.1,-1.098278678852379e-05,7.290407650858934e-06,-4.0179533845315197e-07
1573069213847,2019-11-06T14:40:13.847,2.15,-1.1199271148361243e-05,7.086195967025958e-06,-5.0335510535635284e-08
1573069213897,2019-11-06T14:40:13.897,2.2,-1.1583116523542887e-05,7.067334172608791e-06,2.5460847863105597e-07
1573069213947,2019-11-06T14:40:13.947,2.25,-1.2406285479159158e-05,6.872269158764737e-06,-4.544116260228468e-09
1573069213997,2019-11-06T14:40:13.997,2.3,-1.3223427440108231e-05,6.339333292500847e-06,-5.839264846049395e-07
1573069214047,2019-11-06T14:40:14.047,2.35,-1.3672565389440646e-05,5.726661941823141e-06,-7.503604682893929e-07
1573069214097,2019-11-06T14:40:14.097,2.4,-1.4072892469338766e-05,5.382751606075189e-06,-3.03424630391919e-07
1573069214147,2019-11-06T14:40:14.147,2.45,-1.479979331166831e-05,5.254391907991684e-06,3.330413571541856e-07
1573069214197,2019-11-06T14:40:14.197,2.5,-1.5650119519176112e-05,4.987211771972859e-06,7.39274549051533e-07
1573069214247,2019-11-06T14:40:14.247,2.55,-1.6218463572537812e-05,4.434770087729101e-06,8.38919567845754e-07
1573069214297,2019-11-06T14:40:14.297,2.6,-1.6550674098450114e-05,3.855874664273832e-06,8.592423375543701e-07
1573069214347,2019-11-06T14:40:14.347,2.65,-1.7011888702739847e-05,3.5880697052693236e-06,1.0358724769943508e-06
1573069214397,2019-11-06T14:40:14.397,2.7,-1.766888665838687e-05,3.635169574488723e-06,1.3084076784425456e-06
1573069214447,2019-11-06T14:40:14.447,2.75,-1.8253211604766434e-05,3.660249577448064e-06,1.5177268423170786e-06
1573069214497,2019-11-06T14:40:14.497,2.8,-1.8690716947584555e-05,3.2360224835125087e-06,1.813714768782359e-06
1573069214547,2019-11-06T14:40:14.547,2.85,-1.923614077291617e-05,2.1350026557441188e-06,2.478267664535557e-06
1573069214597,2019-11-06T14:40:14.597,2.9,-2.005744307139133e-05,7.831228304484561e-07,3.41237287522905e-06
1573069214647,2019-11-06T14:40:14.647,2.95,-2.0958425569834775e-05,1.6854367167922638e-07,4.240917397816754e-06
1573069214697,2019-11-06T14:40:14.697,3.0,-2.1531220566191553e-05,5.662628940306404e-07,4.925090612439333e-06
1573069214747,2019-11-06T14:40:14.747,3.05,-2.158622292450129e-05,8.652291770098652e-07,5.8008502891794255e-06
1573069214797,2019-11-06T14:40:14.797,3.1,-2.1431172828772715e-05,1.4003567123133025e-07,6.971169077727374e-06
1573069214847,2019-11-06T14:40:14.847,3.15,-2.1447451163703398e-05,-9.01524933678434e-07,8.056923128603807e-06
1573069214897,2019-11-06T14:40:14.897,3.2,-2.1541556067789223e-05,-1.192663618666543e-06,8.578341954101414e-06
1573069214947,2019-11-06T14:40:14.947,3.25,-2.150766224539726e-05,-1.036442684456003e-06,8.411362715321048e-06
1573069214997,2019-11-06T14:40:14.997,3.3,-2.150245996391331e-05,-1.3413036150983133e-06,7.891923624208116e-06
1573069215047,2019-11-06T14:40:15.047,3.35,-2.1619601869396394e-05,-2.072186886259538e-06,7.496483733237393e-06
1573069215097,2019-11-06T14:40:15.097,3.4,-2.162454633806941e-05,-2.5400544819694152e-06,7.4490129872093365e-06
1573069215147,2019-11-06T14:40:15.147,3.45,-2.144919210837976e-05,-2.5873557007247424e-06,7.612290639253837e-06
1573069215197,2019-11-06T14:40:15.197,3.5,-2.1292608406679866e-05,-2.7034499380168847e-06,7.653803085989937e-06
1573069215247,2019-11-06T14:40:15.247,3.55,-2.120253208183531e-05,-3.227998484129813e-06,7.424194310537921e-06
1573069215297,2019-11-06T14:40:15.297,3.6,-2.1068421093731535e-05,-3.9190671066883475e-06,7.177657784768746e-06
1573069215347,2019-11-06T14:40:15.347,3.65,-2.0867540473049787e-05,-4.320847055268806e-06,7.124526579921765e-06
1573069215397,2019-11-06T14:40:15.397,3.7,-2.0638403168286467e-05,-4.342529688839e-06,6.902936826400163e-06
1573069215447,2019-11-06T14:40:15.447,3.75,-2.0397347436067283e-05,-4.35903016694386e-06,6.009898206832402e-06
1573069215497,2019-11-06T14:40:15.497,3.8,-2.01846622966706e-05,-4.704456718139805e-06,4.696654529587844e-06
1573069215547,2019-11-06T14:40:15.547,3.85,-2.0022349295898506e-05,-5.199440859811138e-06,3.815491403325333e-06
1573069215597,2019-11-06T14:40:15.597,3.9,-1.97635229690544e-05,-5.460978905323082e-06,3.5938269407064167e-06
1573069215647,2019-11-06T14:40:15.647,3.95,-1.9173260529653983e-05,-5.502947535274186e-06,3.2036888643049045e-06
1573069215697,2019-11-06T14:40:15.697,4.0,-1.822971017507678e-05,-5.5816006901596376e-06,1.9499659295679122e-06
1573069215747,2019-11-06T14:40:15.747,4.05,-1.713022400879538e-05,-5.73953386299795e-06,2.054478755719185e-07
1573069215797,2019-11-06T14:40:15.797,4.1,-1.598533986431837e-05,-5.943351491717429e-06,-1.3443231439284093e-06
1573069215847,2019-11-06T14:40:15.847,4.15,-1.471367504880833e-05,-6.230606961981841e-06,-2.6392539227656625e-06
1573069215897,2019-11-06T14:40:15.897,4.2,-1.3221515964448637e-05,-6.449801694294218e-06,-3.840540102896103e-06
1573069215947,2019-11-06T14:40:15.947,4.25,-1.1639436254883368e-05,-6.359798394360112e-06,-4.703991170017427e-06
1573069215997,2019-11-06T14:40:15.997,4.3,-1.0330127313052398e-05,-6.033874672950627e-06,-5.020743904697567e-06
1573069216047,2019-11-06T14:40:16.047,4.35,-9.399957255027384e-06,-5.732836100144449e-06,-5.1891628199880395e-06
1573069216097,2019-11-06T14:40:16.097,4.4,-8.404844501054037e-06,-5.498894899014789e-06,-5.716661931621395e-06
1573069216147,2019-11-06T14:40:16.147,4.45,-7.078179218954758e-06,-5.220792556000491e-06,-6.45164456686281e-06
1573069216197,2019-11-06T14:40:16.197,4.5,-5.9057370217346965e-06,-4.926801202114056e-06,-6.9213863851652015e-06
1573069216247,2019-11-06T14:40:16.247,4.55,-5.274049308938608e-06,-4.688365738685155e-06,-7.161888808527023e-06
1573069216297,2019-11-06T14:40:16.297,4.6,-4.7413260199697175e-06,-4.4105561882654504e-06,-7.4803139497043645e-06
1573069216347,2019-11-06T14:40:16.347,4.65,-3.882316454228554e-06,-4.026926704859959e-06,-7.693764648420158e-06
1573069216397,2019-11-06T14:40:16.397,4.7,-3.0012234283070562e-06,-3.6530960472455324e-06,-7.44957197592388e-06
1573069216447,2019-11-06T14:40:16.447,4.75,-2.3968179161939246e-06,-3.3027003723203345e-06,-7.007498970295265e-06
1573069216497,2019-11-06T14:40:16.497,4.8,-1.8192937175075005e-06,-2.8425580780762023e-06,-6.90719914795468e-06
1573069216547,2019-11-06T14:40:16.547,4.85,-1.0810100636329452e-06,-2.3647587694266615e-06,-7.13407348735982e-06
1573069216597,2019-11-06T14:40:16.597,4.9,-4.238200822525027e-07,-2.08824734341949e-06,-7.261745746029127e-06
1573069216647,2019-11-06T14:40:16.647,4.95,-8.978070039043376e-08,-1.914943026927335e-06,-7.163110974233054e-06
1573069216697,2019-11-06T14:40:16.697,5.0,-9.611072549646392e-08,-1.644140406653419e-06,-7.0684457531848525e-06
1573069216747,2019-11-06T14:40:16.747,5.05,-3.537614273086259e-07,-1.3944115699360515e-06,-7.093076308628367e-06
1573069216797,2019-11-06T14:40:16.797,5.1,-6.287539480563071e-07,-1.3047952515433043e-06,-7.065393807568112e-06
1573069216847,2019-11-06T14:40:16.847,5.15,-6.986032723745749e-07,-1.2402604448839186e-06,-6.802551929461967e-06
1573069216897,2019-11-06T14:40:16.897,5.2,-7.677544989821846e-07,-1.131318991253342e-06,-6.389054489539264e-06
1573069216947,2019-11-06T14:40:16.947,5.25,-1.2521521897150944e-06,-1.097472617441381e-06,-6.070240125042112e-06
1573069216997,2019-11-06T14:40:16.997,5.3,-2.08425246115815e-06,-1.1515072649713304e-06,-5.908696087347679e-06
1573069217047,2019-11-06T14:40:17.047,5.35,-2.7497182885844637e-06,-1.2446443013255001e-06,-5.732101356831889e-06
1573069217097,2019-11-06T14:40:17.097,5.4,-2.923137539633743e-06,-1.4187209430356952e-06,-5.4474682966471375e-06
1573069217147,2019-11-06T14:40:17.147,5.45,-2.7092594924239888e-06,-1.5592804833853569e-06,-5.210407309672285e-06
1573069217197,2019-11-06T14:40:17.197,5.5,-2.482991677125354e-06,-1.4020757826598892e-06,-5.173926356509905e-06
1573069217247,2019-11-06T14:40:17.247,5.55,-2.5662415810606773e-06,-1.0699774715711874e-06,-5.231733761450246e-06
1573069217297,2019-11-06T14:40:17.297,5.6,-2.8889691346063374e-06,-1.0578928289029628e-06,-5.209262173364063e-06
1573069217347,2019-11-06T14:40:17.347,5.65,-3.193026099130203e-06,-1.4018392232545801e-06,-5.144572146827473e-06
1573069217397,2019-11-06T14:40:17.397,5.7,-3.4527917870792664e-06,-1.5236250740910275e-06,-5.1310349214995026e-06
1573069217447,2019-11-06T14:40:17.447,5.75,-3.6334343130203323e-06,-1.2250416843734252e-06,-5.108582270800456e-06
1573069217497,2019-11-06T14:40:17.497,5.8,-3.48180811218729e-06,-1.069196773527573e-06,-5.0537833112685915e-06
1573069217547,2019-11-06T14:40:17.547,5.85,-3.1015787960581707e-06,-1.3844823452812576e-06,-5.086354893991489e-06
1573069217597,2019-11-06T14:40:17.597,5.9,-3.0536270899777354e-06,-1.6883364533133135e-06,-5.218746025235744e-06
1573069217647,2019-11-06T14:40:17.647,5.95,-3.3769220543269975e-06,-1.5587500713678605e-06,-5.314754488348295e-06
1573069217697,2019-11-06T14:40:17.697,6.0,-3.346033208701323e-06,-1.315104585467059e-06,-5.318644699435284e-06
1573069217747,2019-11-06T14:40:17.747,6.05,-2.6917873617707034e-06,-1.2997839511343434e-06,-5.239755626295858e-06
1573069217797,2019-11-06T14:40:17.797,6.1,-2.139388596245556e-06,-1.2228814553843814e-06,-5.076458025114769e-06
1573069217847,2019-11-06T14:40:17.847,6.15,-2.2216456825911197e-06,-8.222862969843903e-07,-4.937928454170809e-06
1573069217897,2019-11-06T14:40:17.897,6.2,-2.4605573773760077e-06,-4.621068462283294e-07,-4.9201562520974995e-06
1573069217947,2019-11-06T14:40:17.947,6.25,-2.2068930445766496e-06,-5.002351813386301e-07,-4.881441118511085e-06
1573069217997,2019-11-06T14:40:17.997,6.3,-1.5436632845014883e-06,-6.998109470246417e-07,-4.699306873303029e-06
1573069218047,2019-11-06T14:40:18.047,6.35,-9.716804649779828e-07,-6.952064623777879e-07,-4.449749990201612e-06
1573069218097,2019-11-06T14:40:18.097,6.4,-7.050398679329164e-07,-4.962836854718093e-07,-4.106245481970994e-06
1573069218147,2019-11-06T14:40:18.147,6.45,-6.427582531768485e-07,-2.87757254457683e-07,-3.675177124431061e-06
1573069218197,2019-11-06T14:40:18.197,6.5,-7.893507300623827e-07,-1.859713571732409e-07,-3.621557006487028e-06
1573069218247,2019-11-06T14:40:18.247,6.55,-1.2182303136550368e-06,-2.538834397375237e-07,-4.238875754456151e-06
1573069218297,2019-11-06T14:40:18.297,6.6,-1.6031136800604998e-06,-3.999130456169248e-07,-4.767951049566217e-06
1573069218347,2019-11-06T14:40:18.347,6.65,-1.3353599589360017e-06,-3.748375484665824e-07,-4.283549268806036e-06
1573069218397,2019-11-06T14:40:18.397,6.7,-3.3778715296159537e-07,-6.14849237538734e-08,-3.2256800745866065e-06
1573069218447,2019-11-06T14:40:18.447,6.75,6.652219915729629e-07,4.333566276353005e-07,-2.8198800911002673e-06
1573069218497,2019-11-06T14:40:18.497,6.8,1.0476148547428503e-06,8.72764332134835e-07,-3.245915014419029e-06
1573069218547,2019-11-06T14:40:18.547,6.85,1.1666736405312157e-06,9.052584865066109e-07,-3.585585443410395e-06
1573069218597,2019-11-06T14:40:18.597,6.9,1.7740451209955679e-06,4.582225622029241e-07,-3.3239686162859744e-06
1573069218647,2019-11-06T14:40:18.647,6.95,2.759404524191864e-06,1.5096708830500085e-07,-2.855241768894645e-06
1573069218697,2019-11-06T14:40:18.697,7.0,3.4672460443026247e-06,5.594174915510767e-07,-2.6596689150709358e-06
1573069218747,2019-11-06T14:40:18.747,7.05,4.113767079129543e-06,1.2722555695126842e-06,-2.7115742111356004e-06
1573069218797,2019-11-06T14:40:18.797,7.1,5.550910688441668e-06,1.581827174590261e-06,-2.649837015892672e-06
1573069218847,2019-11-06T14:40:18.847,7.15,7.773607918261705e-06,1.6429447970640613e-06,-2.1926558032218363e-06
1573069218897,2019-11-06T14:40:18.897,7.2,9.960024357896596e-06,1.9777350578892674e-06,-1.4141412657228696e-06
1573069218947,2019-11-06T14:40:18.947,7.25,1.1622783700412866e-05,2.4253969204977466e-06,-6.289315253523205e-07
1573069218997,2019-11-06T14:40:18.997,7.3,1.2762926877063593e-05,2.5037544159892667e-06,4.394041365030277e-08
1573069219047,2019-11-06T14:40:19.047,7.35,1.3446265989652179e-05,2.278320799090178e-06,8.013238679254453e-07
1573069219097,2019-11-06T14:40:19.097,7.4,1.3800289095004988e-05,2.1553947907415525e-06,1.7041047328041948e-06
1573069219147,2019-11-06T14:40:19.147,7.45,1.4057430454448312e-05,2.218575625800043e-06,2.423871317161497e-06
1573069219197,2019-11-06T14:40:19.197,7.5,1.4380650032898002e-05,2.243240058060898e-06,2.7969186549325066e-06
1573069219247,2019-11-06T14:40:19.247,7.55,1.470608818378747e-05,2.12909764112603e-06,3.2541905834873975e-06
1573069219297,2019-11-06T14:40:19.297,7.6,1.4900401418692773e-05,2.0247738596014063e-06,4.0802426274882485e-06
1573069219347,2019-11-06T14:40:19.347,7.65,1.5124379103282835e-05,2.0556544023980225e-06,4.720108756796362e-06
1573069219397,2019-11-06T14:40:19.397,7.7,1.560768290252976e-05,2.1344196794842544e-06,4.675586939509745e-06
1573069219447,2019-11-06T14:40:19.447,7.75,1.607132948960188e-05,2.2050500809789283e-06,4.506603731441334e-06
1573069219497,2019-11-06T14:40:19.497,7.8,1.6145850533780655e-05,2.4410880093002052e-06,4.957041820540895e-06
1573069219547,2019-11-06T14:40:19.547,7.85,1.6194505823195667e-05,2.858828654217678e-06,5.742314322236503e-06
1573069219597,2019-11-06T14:40:19.597,7.9,1.6772060535503705e-05,3.027262318738957e-06,6.19223965126543e-06
1573069219647,2019-11-06T14:40:19.647,7.95,1.757360518362928e-05,2.6321697297107586e-06,6.366728581127523e-06
1573069219697,2019-11-06T14:40:19.697,8.0,1.7876051854835814e-05,2.049845148839603e-06,6.625401251444636e-06
1573069219747,2019-11-06T14:40:19.747,8.05,1.768962383347207e-05,1.9035819855526645e-06,6.8810734682133565e-06
1573069219797,2019-11-06T14:40:19.797,8.1,1.760833212520576e-05,2.258091555446568e-06,7.027782580243815e-06
1573069219847,2019-11-06T14:40:19.847,8.15,1.7794418978838402e-05,2.591387318376519e-06,7.344131964462854e-06
1573069219897,2019-11-06T14:40:19.897,8.2,1.7904854245845092e-05,2.463794819140245e-06,7.98705193383723e-06
1573069219947,2019-11-06T14:40:19.947,8.25,1.7857470948358136e-05,2.0288407593990848e-06,8.682301096366455e-06
1573069219997,2019-11-06T14:40:19.997,8.3,1.7910537960595636e-05,1.8449722481222368e-06,9.087198436219814e-06
1573069220047,2019-11-06T14:40:20.047,8.35,1.8063887640738188e-05,2.1685737712699466e-06,9.155167762398565e-06
1573069220097,2019-11-06T14:40:20.097,8.4,1.8090796146614327e-05,2.5696841092722974e-06,9.212134279669695e-06
1573069220147,2019-11-06T14:40:20.147,8.45,1.8065511268217416e-05,2.4895420024249773e-06,9.604052959847867e-06
1573069220197,2019-11-06T14:40:20.197,8.5,1.8208140851420163e-05,2.0029679681336076e-06,1.0102727537042964e-05
1573069220247,2019-11-06T14:40:20.247,8.55,1.8373199422152723e-05,1.6241196804709089e-06,1.01290221349551e-05
1573069220297,2019-11-06T14:40:20.297,8.6,1.8284078413672724e-05,1.552968056035931e-06,9.696410228993099e-06
1573069220347,2019-11-06T14:40:20.347,8.65,1.808958281935849e-05,1.5715859759312132e-06,9.347817152576325e-06
1573069220397,2019-11-06T14:40:20.397,8.7,1.815435335293027e-05,1.5487978900698737e-06,9.144583412813845e-06
1573069220447,2019-11-06T14:40:20.447,8.75,1.8416169277963684e-05,1.6229235923416535e-06,8.658221756327938e-06
1573069220497,2019-11-06T14:40:20.497,8.8,1.8466955613924657e-05,1.8383556548003184e-06,7.91518854951013e-06
1573069220547,2019-11-06T14:40:20.547,8.85,1.8292904723986592e-05,1.9518270618057828e-06,7.433756572236089e-06
1573069220597,2019-11-06T14:40:20.597,8.9,1.835666840100586e-05,1.8215587050800854e-06,7.2212943600821974e-06
1573069220647,2019-11-06T14:40:20.647,8.95,1.8753182336559088e-05,1.6698619511736219e-06,6.516531598477035e-06
1573069220697,2019-11-06T14:40:20.697,9.0,1.8966492512515618e-05,1.6734235651609386e-06,5.023219159209927e-06
1573069220747,2019-11-06T14:40:20.747,9.05,1.87401430149377e-05,1.655585194667396e-06,3.7490622004661717e-06
1573069220797,2019-11-06T14:40:20.797,9.1,1.8418967134336645e-05,1.536723285348564e-06,3.60762328027123e-06
1573069220847,2019-11-06T14:40:20.847,9.15,1.8204308505589148e-05,1.6950064735319548e-06,3.7629227367115707e-06
1573069220897,2019-11-06T14:40:20.897,9.2,1.781563736568321e-05,2.332606202193501e-06,2.8108560631164798e-06
1573069220947,2019-11-06T14:40:20.947,9.25,1.7013005068566194e-05,2.8357865304266243e-06,1.10076250679282e-06
1573069220997,2019-11-06T14:40:20.997,9.3,1.5938580964526767e-05,2.5872876570932424e-06,2.397603434279436e-07
1573069221047,2019-11-06T14:40:21.047,9.35,1.4900763133841685e-05,2.12286586817451e-06,6.229073945529146e-07
1573069221097,2019-11-06T14:40:21.097,9.4,1.4045530762179736e-05,2.4168894211603698e-06,1.0646499686896315e-06
1573069221147,2019-11-06T14:40:21.147,9.45,1.3284448103583187e-05,3.2639471048953684e-06,8.617828221662387e-07
1573069221197,2019-11-06T14:40:21.197,9.5,1.2496670407881702e-05,3.58453988911668e-06,6.818200948934311e-07
1573069221247,2019-11-06T14:40:21.247,9.55,1.1704634395065578e-05,3.170473111548754e-06,9.908591619991602e-07
1573069221297,2019-11-06T14:40:21.297,9.6,1.1051077513520093e-05,2.8798293446620965e-06,1.0834636219162486e-06
1573069221347,2019-11-06T14:40:21.347,9.65,1.0671372611737702e-05,3.174679875935079e-06,4.3921524115899177e-07
1573069221397,2019-11-06T14:40:21.397,9.7,1.052017085268579e-05,3.621860931822109e-06,-2.9688070107238886e-07
1573069221447,2019-11-06T14:40:21.447,9.75,1.027497649145412e-05,3.815019762132904e-06,-4.4835875300901037e-07
1573069221497,2019-11-06T14:40:21.497,9.8,9.570279376078202e-06,3.839317879562052e-06,-2.6278709363359915e-07
1573069221547,2019-11-06T14:40:21.547,9.85,8.455697463736928e-06,3.852247539188905e-06,-2.2507778961834774e-07
1573069221597,2019-11-06T14:40:21.597,9.9,7.414718222062816e-06,3.8476736976620835e-06,-3.4462886022799377e-07
1573069221647,2019-11-06T14:40:21.647,9.95,6.763413077890101e-06,3.7919333123074414e-06,-4.1652140778282615e-07
1573069221697,2019-11-06T14:40:21.697,10.0,6.355882913488815e-06,3.6977268484923135e-06,-4.222080269074474e-07
1573069221747,2019-11-06T14:40:21.747,10.05,6.000349603514007e-06,3.6151827694564667e-06,-4.843534039082732e-07
1573069221797,2019-11-06T14:40:21.797,10.1,5.678431802664477e-06,3.570991532252741e-06,-6.176929774526024e-07
1573069221847,2019-11-06T14:40:21.847,10.15,5.2815060079568826e-06,3.482241703377567e-06,-7.375462953260801e-07
1573069221897,2019-11-06T14:40:21.897,10.2,4.642408799094516e-06,3.2983847418998934e-06,-9.336140485731719e-07
1573069221947,2019-11-06T14:40:21.947,10.25,3.863773223450979e-06,3.2102129034465178e-06,-1.3639320123609695e-06
1573069221997,2019-11-06T14:40:21.997,10.3,3.1828464567841333e-06,3.3534617181973354e-06,-1.8110301104336227e-06
1573069222047,2019-11-06T14:40:22.047,10.35,2.5435200301645297e-06,3.384495859947528e-06,-1.8700529722171604e-06
1573069222097,2019-11-06T14:40:22.097,10.4,1.7516118276437136e-06,2.9372618408237856e-06,-1.6162826130661063e-06
1573069222147,2019-11-06T14:40:22.147,10.45,9.547724012731494e-07,2.324154964352781e-06,-1.5302721652247993e-06
1573069222197,2019-11-06T14:40:22.197,10.5,4.0441519044452214e-07,2.016022785219739e-06,-1.754900477492533e-06
1573069222247,2019-11-06T14:40:22.247,10.55,-9.055508075841916e-08,1.8061624583678577e-06,-1.934964721221638e-06
1573069222297,2019-11-06T14:40:22.297,10.6,-8.351241557127976e-07,1.3567013665650031e-06,-1.844312911122831e-06
1573069222347,2019-11-06T14:40:22.347,10.65,-1.6326871739279238e-06,9.358026921698544e-07,-1.722559994300043e-06
1573069222397,2019-11-06T14:40:22.397,10.7,-2.095687552420101e-06,7.619880320932976e-07,-1.816260940520525e-06
1573069222447,2019-11-06T14:40:22.447,10.75,-2.2444808181762294e-06,4.511066970639791e-07,-1.9735125629065568e-06
1573069222497,2019-11-06T14:40:22.497,10.8,-2.329550372959283e-06,-1.703907038153808e-07,-1.9867788176423922e-06
1573069222547,2019-11-06T14:40:22.547,10.85,-2.4287955555251236e-06,-6.162750926822361e-07,-1.9941866448772383e-06
1573069222597,2019-11-06T14:40:22.597,10.9,-2.5930086105958293e-06,-6.419430681519255e-07,-2.1690358246647814e-06
1573069222647,2019-11-06T14:40:22.647,10.95,-2.980537973858288e-06,-7.094816822845154e-07,-2.354744630517176e-06
1573069222697,2019-11-06T14:40:22.697,11.0,-3.530058063781202e-06,-1.1484168389218994e-06,-2.368823578978453e-06
1573069222747,2019-11-06T14:40:22.747,11.05,-3.9726255849336534e-06,-1.632147117177823e-06,-2.260120939867623e-06
1573069222797,2019-11-06T14:40:22.797,11.1,-4.3055560960288956e-06,-1.8481811353010666e-06,-2.0675860895122865e-06
1573069222847,2019-11-06T14:40:22.847,11.15,-4.682486843287189e-06,-2.0718858780468556e-06,-1.8513138461812098e-06
1573069222897,2019-11-06T14:40:22.897,11.2,-5.024875371274599e-06,-2.66640984707149e-06,-1.9039065783730359e-06
1573069222947,2019-11-06T14:40:22.947,11.25,-5.3514377430296186e-06,-3.436225371615324e-06,-2.3152726883534598e-06
1573069222997,2019-11-06T14:40:22.997,11.3,-5.9972953527213166e-06,-3.955305336486316e-06,-2.5462777410101145e-06
1573069223047,2019-11-06T14:40:23.047,11.35,-6.990065458984767e-06,-4.2583434426958115e-06,-1.9724632337644334e-06
1573069223097,2019-11-06T14:40:23.097,11.4,-7.835532776902438e-06,-4.7042904227962425e-06,-6.341194963087079e-07
1573069223147,2019-11-06T14:40:23.147,11.45,-8.272622293237995e-06,-5.3368377211947035e-06,8.272208903873127e-07
1573069223197,2019-11-06T14:40:23.197,11.5,-8.601478921938697e-06,-5.850446649797866e-06,1.8078059667917722e-06
1573069223247,2019-11-06T14:40:23.247,11.55,-9.009057130206014e-06,-6.1429537903780085e-06,2.2491961715467727e-06
1573069223297,2019-11-06T14:40:23.297,11.6,-9.191268558689709e-06,-6.497847754603224e-06,2.506320880754992e-06
1573069223347,2019-11-06T14:40:23.347,11.65,-8.941901045856537e-06,-7.066750416752741e-06,2.7340523095708506e-06
1573069223397,2019-11-06T14:40:23.397,11.7,-8.593956760259727e-06,-7.484435713642236e-06,2.7902139233630898e-06
1573069223447,2019-11-06T14:40:23.447,11.75,-8.523315101937276e-06,-7.33571339107374e-06,2.767321604533793e-06
1573069223497,2019-11-06T14:40:23.497,11.8,-8.588028406059148e-06,-6.79567657229367e-06,2.899323135369167e-06
1573069223547,2019-11-06T14:40:23.547,11.85,-8.406945418590229e-06,-6.357835367183268e-06,2.9052763687704796e-06
1573069223597,2019-11-06T14:40:23.597,11.9,-7.921048079920888e-06,-6.092090275316211e-06,2.320449237774917e-06
1573069223647,2019-11-06T14:40:23.647,11.95,-7.36726756599215e-06,-5.7515487147666286e-06,1.4438485606722168e-06
1573069223697,2019-11-06T14:40:23.697,12.0,-6.917238534644331e-06,-5.460136547558578e-06,9.118642078881496e-07
1573069223747,2019-11-06T14:40:23.747,12.05,-6.546325182973342e-06,-5.557656262631032e-06,4.5966432046149857e-07
1573069223797,2019-11-06T14:40:23.797,12.1,-6.055308432206695e-06,-5.87107510399455e-06,-6.095556742262651e-07
1573069223847,2019-11-06T14:40:23.847,12.15,-5.186911997175205e-06,-5.8941139042905235e-06,-1.8818851989619815e-06
1573069223897,2019-11-06T14:40:23.897,12.2,-3.93453709785159e-06,-5.5658696432866246e-06,-2.304802111837091e-06
1573069223947,2019-11-06T14:40:23.947,12.25,-2.67523465400391e-06,-5.191758672842807e-06,-2.1155826045790856e-06
1573069223997,2019-11-06T14:40:23.997,12.3,-1.830073526135383e-06,-4.834819786061223e-06,-2.6094683152649287e-06
1573069224047,2019-11-06T14:40:24.047,12.35,-1.4540473471250035e-06,-4.465639716592698e-06,-3.933434254989614e-06
1573069224097,2019-11-06T14:40:24.097,12.4,-1.24033734325498e-06,-4.337608798993388e-06,-4.846375013081348e-06
1573069224147,2019-11-06T14:40:24.147,12.45,-8.551102242865414e-07,-4.4809355287459725e-06,-4.865065037051292e-06
1573069224197,2019-11-06T14:40:24.197,12.5,-1.7912203217866963e-07,-4.326553282392932e-06,-4.8820953426458665e-06
1573069224247,2019-11-06T14:40:24.247,12.55,6.703496969919733e-07,-3.540428375329561e-06,-5.376441233278746e-06
1573069224297,2019-11-06T14:40:24.297,12.6,1.366857800352014e-06,-2.6176670066670066e-06,-5.7059170276293666e-06
1573069224347,2019-11-06T14:40:24.347,12.65,1.55660297289128e-06,-2.1000130680412126e-06,-5.3961481899759066e-06
1573069224397,2019-11-06T14:40:24.397,12.7,1.21807927859215e-06,-1.8929215587985975e-06,-4.766888111820586e-06
1573069224447,2019-11-06T14:40:24.447,12.75,6.47184814813612e-07,-1.6692225594896924e-06,-4.2984020547608205e-06
1573069224497,2019-11-06T14:40:24.497,12.8,-1.0811589820078753e-08,-1.2864354934233797e-06,-4.222851965091967e-06
1573069224547,2019-11-06T14:40:24.547,12.85,-8.61693354067287e-07,-7.80690930897559e-07,-4.418140245812119e-06
1573069224597,2019-11-06T14:40:24.597,12.9,-1.8212967846504826e-06,-4.708908888829007e-07,-4.370790872039289e-06
1573069224647,2019-11-06T14:40:24.647,12.95,-2.5218704852594537e-06,-7.561733315942813e-07,-3.825160127192136e-06
1573069224697,2019-11-06T14:40:24.697,13.0,-2.8441513589305154e-06,-1.4562627739761156e-06,-3.3630034592787337e-06
1573069224747,2019-11-06T14:40:24.747,13.05,-3.151107657826885e-06,-1.8938487818005107e-06,-3.4992880212900217e-06
1573069224797,2019-11-06T14:40:24.797,13.1,-3.7259780605215428e-06,-1.7571752416948668e-06,-3.6170507511919777e-06
1573069224847,2019-11-06T14:40:24.847,13.15,-4.32157385603033e-06,-1.322952715851e-06,-2.8653858763133324e-06
1573069224897,2019-11-06T14:40:24.897,13.2,-4.566312334580018e-06,-9.590138791326067e-07,-1.6266824154082086e-06
1573069224947,2019-11-06T14:40:24.947,13.25,-4.50975469318906e-06,-8.033446597267924e-07,-9.758515728076115e-07
1573069224997,2019-11-06T14:40:24.997,13.3,-4.5108059657629925e-06,-7.070058055056563e-07,-1.0463577205838232e-06
1573069225047,2019-11-06T14:40:25.047,13.35,-4.822334985470863e-06,-4.433335222766878e-07,-9.837639200794324e-07
1573069225097,2019-11-06T14:40:25.097,13.4,-5.397567841498214e-06,-1.2540476811103878e-07,-3.536459141639934e-07
1573069225147,2019-11-06T14:40:25.147,13.45,-5.919870374781966e-06,-5.881502369059877e-08,4.1156299495083225e-07
1573069225197,2019-11-06T14:40:25.197,13.5,-6.070261315698854e-06,-1.4369882027441629e-07,9.463408825440008e-07
1573069225247,2019-11-06T14:40:25.247,13.55,-5.913740566140032e-06,-4.912312749106666e-08,1.4102750911868616e-06
1573069225297,2019-11-06T14:40:25.297,13.6,-5.832747024878055e-06,1.1301739556099375e-07,1.9956167223498724e-06
1573069225347,2019-11-06T14:40:25.347,13.65,-5.984294240637676e-06,1.7608257811809397e-08,2.629883427299405e-06
1573069225397,2019-11-06T14:40:25.397,13.7,-6.126014067524821e-06,-1.8323100858167895e-07,3.149131089579904e-06
1573069225447,2019-11-06T14:40:25.447,13.75,-6.0783479327083556e-06,-1.1065144963039419e-07,3.4804257536892725e-06
1573069225497,2019-11-06T14:40:25.497,13.8,-6.0845145576957615e-06,1.5642507051879308e-07,3.682806122812001e-06
1573069225547,2019-11-06T14:40:25.547,13.85,-6.5221835350277396e-06,2.5117735961443686e-07,3.867678414524719e-06
1573069225597,2019-11-06T14:40:25.597,13.9,-7.314990205063781e-06,1.672093548935872e-07,4.117554206045061e-06
1573069225647,2019-11-06T14:40:25.647,13.95,-7.873159423553278e-06,2.9334391764843493e-07,4.405883689008961e-06
1573069225697,2019-11-06T14:40:25.697,14.0,-7.748667586419165e-06,8.812421603912051e-07,4.496359816222763e-06
1573069225747,2019-11-06T14:40:25.747,14.05,-7.078634883439007e-06,1.7346939114014705e-06,4.200130730316189e-06
1573069225797,2019-11-06T14:40:25.797,14.1,-6.211106661946277e-06,2.4371174162609327e-06,3.840413123374414e-06
1573069225847,2019-11-06T14:40:25.847,14.15,-5.309354484077987e-06,2.7429636179523237e-06,3.955188766471719e-06
1573069225897,2019-11-06T14:40:25.897,14.2,-4.5687712643872e-06,2.7102870632001923e-06,4.4451182568465325e-06
1573069225947,2019-11-06T14:40:25.947,14.25,-4.280344190160938e-06,2.5579958240188838e-06,4.656942449582125e-06
1573069225997,2019-11-06T14:40:25.997,14.3,-4.401843210578618e-06,2.4632214121916663e-06,4.4077086615409205e-06
1573069226047,2019-11-06T14:40:26.047,14.35,-4.574897784737834e-06,2.520094582024097e-06,4.27699251286414e-06
1573069226097,2019-11-06T14:40:26.097,14.4,-4.560018761845344e-06,2.80431332319509e-06,4.715123950662685e-06
1573069226147,2019-11-06T14:40:26.147,14.45,-4.221022598806447e-06,3.242815577697084e-06,5.336160465898891e-06
1573069226197,2019-11-06T14:40:26.197,14.5,-3.566378721589766e-06,3.5139963546469755e-06,5.416526125758393e-06
1573069226247,2019-11-06T14:40:26.247,14.55,-3.0899157331117135e-06,3.4386633846769614e-06,4.9567962305454805e-06
1573069226297,2019-11-06T14:40:26.297,14.6,-3.199890359829733e-06,3.362269896516535e-06,4.676235542183647e-06
1573069226347,2019-11-06T14:40:26.347,14.65,-3.430396070980566e-06,3.7230937100194193e-06,4.748089965768753e-06
1573069226397,2019-11-06T14:40:26.397,14.7,-3.2873157044815036e-06,4.284747739101111e-06,4.500729267603983e-06
1573069226447,2019-11-06T14:40:26.447,14.75,-3.172990320795871e-06,4.327657698806936e-06,3.829082343481804e-06
1573069226497,2019-11-06T14:40:26.497,14.8,-3.4124710273324646e-06,3.7148264490413476e-06,3.5623464363898732e-06
1573069226547,2019-11-06T14:40:26.547,14.85,-3.545489319485803e-06,3.135990637244888e-06,3.8874385528715e-06
1573069226597,2019-11-06T14:40:26.597,14.9,-3.3799439775855846e-06,3.157748999717967e-06,3.938937920355106e-06
1573069226647,2019-11-06T14:40:26.647,14.95,-3.377263884853654e-06,3.673266601406356e-06,3.4240260537605154e-06
1573069226697,2019-11-06T14:40:26.697,15.0,-3.636904442415216e-06,4.201151465809441e-06,3.1094186209697083e-06
1573069226747,2019-11-06T14:40:26.747,15.05,-3.7726280008857225e-06,4.225715967760728e-06,3.3069654814009273e-06
1573069226797,2019-11-06T14:40:26.797,15.1,-3.7500175045856615e-06,3.61703795932808e-06,3.331085866694686e-06
1573069226847,2019-11-06T14:40:26.847,15.15,-3.860388532721671e-06,2.8959812665779665e-06,2.8910879509095684e-06
1573069226897,2019-11-06T14:40:26.897,15.2,-4.135773082819952e-06,2.5752632699016503e-06,2.7391554227145437e-06
1573069226947,2019-11-06T14:40:26.947,15.25,-4.4026227996750795e-06,2.4927081214928097e-06,3.381623773704301e-06
1573069226997,2019-11-06T14:40:26.997,15.3,-4.60242128966568e-06,2.3219017208950394e-06,4.195859171671077e-06
1573069227047,2019-11-06T14:40:27.047,15.35,-4.794935813765431e-06,2.15914358919589e-06,4.41141155826477e-06
1573069227097,2019-11-06T14:40:27.097,15.4,-5.051829107958205e-06,2.131288748683257e-06,4.118229447623106e-06
1573069227147,2019-11-06T14:40:27.147,15.45,-5.366568308515433e-06,2.0795346909315478e-06,3.834485231454524e-06
1573069227197,2019-11-06T14:40:27.197,15.5,-5.596872364686772e-06,1.9125470523571984e-06,3.8124807091078185e-06
1573069227247,2019-11-06T14:40:27.247,15.55,-5.584041161334992e-06,1.692182695494472e-06,4.095266285743725e-06
1573069227297,2019-11-06T14:40:27.297,15.6,-5.3884719693838495e-06,1.3776322873130956e-06,4.6331554188971085e-06
1573069227347,2019-11-06T14:40:27.347,15.65,-5.345568654723153e-06,1.0056805260394201e-06,5.132552903983208e-06
1573069227397,2019-11-06T14:40:27.397,15.7,-5.753218962999038e-06,9.166890148866233e-07,5.230270239934131e-06
1573069227447,2019-11-06T14:40:27.447,15.75,-6.490096582946268e-06,1.297207200471642e-06,4.83822832822502e-06
1573069227497,2019-11-06T14:40:27.497,15.8,-7.0545063893353685e-06,1.7306105880628904e-06,4.089546536094831e-06
1573069227547,2019-11-06T14:40:27.547,15.85,-6.998657837716085e-06,1.6842452994985263e-06,3.276724480996366e-06
1573069227597,2019-11-06T14:40:27.597,15.9,-6.403680378069932e-06,1.2426389692361132e-06,2.905762823830435e-06
1573069227647,2019-11-06T14:40:27.647,15.95,-5.972537199713522e-06,8.511779513234702e-07,3.130573366952692e-06
1573069227697,2019-11-06T14:40:27.697,16.0,-6.337046447309858e-06,5.528640675439792e-07,3.2650179152944146e-06
1573069227747,2019-11-06T14:40:27.747,16.05,-7.2197920046291e-06,1.0736720051580571e-07,2.6626969383872317e-06
1573069227797,2019-11-06T14:40:27.797,16.1,-7.779806684636234e-06,-3.7227933613308166e-07,1.605596966876364e-06
1573069227847,2019-11-06T14:40:27.847,16.15,-7.73415133221014e-06,-5.857145130065922e-07,5.845086956694597e-07
1573069227897,2019-11-06T14:40:27.897,16.2,-7.505523889007153e-06,-6.112356878820303e-07,-4.292915131899598e-07
1573069227947,2019-11-06T14:40:27.947,16.25,-7.4204317611842666e-06,-7.630865151741679e-07,-1.3546192383771107e-06
1573069227997,2019-11-06T14:40:27.997,16.3,-7.430205619967922e-06,-1.108421889176793e-06,-1.731490596718276e-06
1573069228047,2019-11-06T14:40:28.047,16.35,-7.417220635297462e-06,-1.4588962982858347e-06,-1.6317089422639524e-06
1573069228097,2019-11-06T14:40:28.097,16.4,-7.279225416850271e-06,-1.6888453970137428e-06,-1.7646951744905594e-06
1573069228147,2019-11-06T14:40:28.147,16.45,-7.019456532653704e-06,-1.8612110705811711e-06,-2.3311230444291032e-06
1573069228197,2019-11-06T14:40:28.197,16.5,-6.943225600549879e-06,-2.048495961865777e-06,-2.8267980700097673e-06
1573069228247,2019-11-06T14:40:28.247,16.55,-7.2763215242257544e-06,-2.2095797729836664e-06,-3.0890450096703187e-06
1573069228297,2019-11-06T14:40:28.297,16.6,-7.633051115539369e-06,-2.389778045669558e-06,-3.489617339639774e-06
1573069228347,2019-11-06T14:40:28.347,16.65,-7.4610938334956e-06,-2.777969461277037e-06,-4.106871297794752e-06
1573069228397,2019-11-06T14:40:28.397,16.7,-6.845544391963617e-06,-3.2610842413309984e-06,-4.609919144176219e-06
1573069228447,2019-11-06T14:40:28.447,16.75,-6.2198964001545835e-06,-3.3084085752249883e-06,-4.9727574456073774e-06
1573069228497,2019-11-06T14:40:28.497,16.8,-5.47123891409775e-06,-2.7458865567846437e-06,-5.65937237991217e-06
1573069228547,2019-11-06T14:40:28.547,16.85,-4.049506303430985e-06,-2.174903809188947e-06,-6.950480086763745e-06
1573069228597,2019-11-06T14:40:28.597,16.9,-1.87076843236243e-06,-2.081044958460221e-06,-8.447505602553445e-06
1573069228647,2019-11-06T14:40:28.647,16.95,5.579546692569134e-07,-2.0624616130667667e-06,-9.511112391748226e-06
1573069228697,2019-11-06T14:40:28.697,17.0,2.8658093900382513e-06,-1.6062936730554512e-06,-9.994720095280872e-06
1573069228747,2019-11-06T14:40:28.747,17.05,5.054805927986643e-06,-1.0688610077123369e-06,-1.020608708388208e-05
1573069228797,2019-11-06T14:40:28.797,17.1,6.99391188324978e-06,-1.0609011622370185e-06,-1.0305686299989858e-05
1573069228847,2019-11-06T14:40:28.847,17.15,8.301531407533883e-06,-1.3721980211037805e-06,-1.0195968490050882e-05
1573069228897,2019-11-06T14:40:28.897,17.2,8.980544526838115e-06,-1.383923327721797e-06,-9.968080805145888e-06
1573069228947,2019-11-06T14:40:28.947,17.25,9.654133417293648e-06,-1.1215297650037446e-06,-9.990650389621624e-06
1573069228997,2019-11-06T14:40:28.997,17.3,1.0781154849679815e-05,-1.1144949578485575e-06,-1.0383378808749626e-05
1573069229047,2019-11-06T14:40:29.047,17.35,1.203025085925553e-05,-1.4980739819032758e-06,-1.0735334363579841e-05
1573069229097,2019-11-06T14:40:29.097,17.4,1.2786429634625798e-05,-1.8684839806043016e-06,-1.0685464847035349e-05
1573069229147,2019-11-06T14:40:29.147,17.45,1.2922512967658208e-05,-1.950024191808494e-06,-1.0546108576230763e-05
1573069229197,2019-11-06T14:40:29.197,17.5,1.279260468934546e-05,-1.956026408002949e-06,-1.0834030750726965e-05
1573069229247,2019-11-06T14:40:29.247,17.55,1.2758699361993802e-05,-2.189683871143718e-06,-1.1406448932661117e-05
1573069229297,2019-11-06T14:40:29.297,17.6,1.2888935117899192e-05,-2.638341782662677e-06,-1.174875966718193e-05
1573069229347,2019-11-06T14:40:29.347,17.65,1.2932302767472776e-05,-3.0894232406957673e-06,-1.1881584539825913e-05
1573069229397,2019-11-06T14:40:29.397,17.7,1.2559637470105778e-05,-3.3118496532175827e-06,-1.2216428310674436e-05
1573069229447,2019-11-06T14:40:29.447,17.75,1.1729514965457096e-05,-3.1169787950300945e-06,-1.2710004676136372e-05
1573069229497,2019-11-06T14:40:29.497,17.8,1.077508795112839e-05,-2.5962002340024535e-06,-1.2877914506777762e-05
1573069229547,2019-11-06T14:40:29.547,17.85,1.004186215183199e-05,-2.161525249586572e-06,-1.261057625178107e-05
1573069229597,2019-11-06T14:40:29.597,17.9,9.389811793482707e-06,-2.0389014454588934e-06,-1.24317843996834e-05
1573069229647,2019-11-06T14:40:29.647,17.95,8.126948668272402e-06,-1.9852761167095752e-06,-1.2754039998172258e-05
1573069229697,2019-11-06T14:40:29.697,18.0,5.576521694966261e-06,-1.792045398252189e-06,-1.318528299925339e-05
1573069229747,2019-11-06T14:40:29.747,18.05,1.6554535494001884e-06,-1.7622943763254156e-06,-1.2911342290837298e-05
1573069229797,2019-11-06T14:40:29.797,18.1,-3.109241593915528e-06,-2.3426059268917e-06,-1.158218928673544e-05
1573069229847,2019-11-06T14:40:29.847,18.15,-7.87114559321436e-06,-3.4934463463793103e-06,-9.386323883968742e-06
1573069229897,2019-11-06T14:40:29.897,18.2,-1.1800673147988675e-05,-4.799673143873913e-06,-6.512094970862651e-06
1573069229947,2019-11-06T14:40:29.947,18.25,-1.4527096132320598e-05,-6.012565616398074e-06,-3.2347067948248254e-06
1573069229997,2019-11-06T14:40:29.997,18.3,-1.631785923441424e-05,-7.048597457224315e-06,-2.664296664900809e-07
1573069230047,2019-11-06T14:40:30.047,18.35,-1.7613567362740304e-05,-7.712800257225863e-06,1.8245263843602292e-06
1573069230097,2019-11-06T14:40:30.097,18.4,-1.8510468704347426e-05,-7.95498865009934e-06,3.265179373794183e-06
1573069230147,2019-11-06T14:40:30.147,18.45,-1.896729102293894e-05,-8.136404492226648e-06,4.471939914371519e-06
1573069230197,2019-11-06T14:40:30.197,18.5,-1.926890963102492e-05,-8.529303458787686e-06,5.357390493614328e-06
1573069230247,2019-11-06T14:40:30.247,18.55,-1.9765945034368965e-05,-8.820231442958836e-06,5.803897804660585e-06
1573069230297,2019-11-06T14:40:30.297,18.6,-2.026467221636524e-05,-8.580699147013948e-06,6.01426919068765e-06
1573069230347,2019-11-06T14:40:30.347,18.65,-2.026707534102834e-05,-7.947141978394194e-06,5.953557130660626e-06
1573069230397,2019-11-06T14:40:30.397,18.7,-1.978628980213124e-05,-7.360393377659194e-06,5.382142130923559e-06
1573069230447,2019-11-06T14:40:30.447,18.75,-1.930983302674653e-05,-6.933559532406679e-06,4.6336097495755586e-06
1573069230497,2019-11-06T14:40:30.497,18.8,-1.90188922813387e-05,-6.547895270351063e-06,4.348490482572815e-06
1573069230547,2019-11-06T14:40:30.547,18.85,-1.8720464003571558e-05,-6.2347362801742144e-06,4.48307878201366e-06
1573069230597,2019-11-06T14:40:30.597,18.9,-1.8463225255893923e-05,-6.031866298303565e-06,4.475253613696601e-06
1573069230647,2019-11-06T14:40:30.647,18.95,-1.85208482728662e-05,-5.805531761457975e-06,4.139515799625537e-06
1573069230697,2019-11-06T14:40:30.697,19.0,-1.8796668103191603e-05,-5.5269205907298755e-06,3.7612424532809293e-06
1573069230747,2019-11-06T14:40:30.747,19.05,-1.8861106299849634e-05,-5.3480448810115755e-06,3.602448415135313e-06
1573069230797,2019-11-06T14:40:30.797,19.1,-1.8613476030878195e-05,-5.1846338469165325e-06,3.639922798600087e-06
1573069230847,2019-11-06T14:40:30.847,19.15,-1.8400969821020536e-05,-4.67941625423707e-06,3.663984740342034e-06
1573069230897,2019-11-06T14:40:30.897,19.2,-1.844719448710613e-05,-3.8294462391286345e-06,3.5736335952157316e-06
1573069230947,2019-11-06T14:40:30.947,19.25,-1.8558910904664896e-05,-3.150064790886632e-06,3.450722272962586e-06
1573069230997,2019-11-06T14:40:30.997,19.3,-1.8389134143618407e-05,-2.8949977764808426e-06,3.321248250921182e-06
1573069231047,2019-11-06T14:40:31.047,19.35,-1.7794601740257543e-05,-2.644434582934278e-06,3.1717395119977653e-06
1573069231097,2019-11-06T14:40:31.097,19.4,-1.7005815212182133e-05,-2.0364951373221363e-06,3.1480142389846203e-06
1573069231147,2019-11-06T14:40:31.147,19.45,-1.645956586927919e-05,-1.3494336760480186e-06,3.320817948166768e-06
1573069231197,2019-11-06T14:40:31.197,19.5,-1.6390481151202025e-05,-9.441849053263779e-07,3.4528385577597058e-06
1573069231247,2019-11-06T14:40:31.247,19.55,-1.655882323962517e-05,-6.384498667625824e-07,3.425741207469786e-06
1573069231297,2019-11-06T14:40:31.297,19.6,-1.640444840178802e-05,-8.664185856690364e-08,3.551768578932716e-06
1573069231347,2019-11-06T14:40:31.347,19.65,-1.567628927810932e-05,6.059447992081974e-07,3.989186379103599e-06
1573069231397,2019-11-06T14:40:31.397,19.7,-1.4834988673554184e-05,1.121026057693731e-06,4.187356500931872e-06
1573069231447,2019-11-06T14:40:31.447,19.75,-1.4408303261391935e-05,1.5093480206436284e-06,3.4075998114440317e-06
1573069231497,2019-11-06T14:40:31.497,19.8,-1.4187866011819529e-05,2.043204421968678e-06,1.6799429768985216e-06
1573069231547,2019-11-06T14:40:31.547,19.85,-1.3628237003125535e-05,2.6663012033848892e-06,-1.4833616251480616e-07
1573069231597,2019-11-06T14:40:31.597,19.9,-1.2675283674578805e-05,3.1089082743973594e-06,-1.411565630913074e-06
1573069231647,2019-11-06T14:40:31.647,19.95,-1.1699197794286986e-05,3.417570620670365e-06,-2.3143539799287562e-06
1573069231697,2019-11-06T14:40:31.697,20.0,-1.0981774482994805e-05,3.828125007839482e-06,-3.3925204548398247e-06
1573069231747,2019-11-06T14:40:31.747,20.05,-1.0463595949982423e-05,4.268880294488201e-06,-4.753984865174245e-06
1573069231797,2019-11-06T14:40:31.797,20.1,-9.705120940948705e-06,4.513645564275782e-06,-6.180715188181533e-06
1573069231847,2019-11-06T14:40:31.847,20.15,-8.272527573550194e-06,4.626675427095608e-06,-7.467718718680629e-06
1573069231897,2019-11-06T14:40:31.897,20.2,-6.248269225147416e-06,4.855946006220149e-06,-8.416647973703762e-06
1573069231947,2019-11-06T14:40:31.947,20.25,-4.006089313021056e-06,5.308288701159774e-06,-8.993413040452691e-06
1573069231997,2019-11-06T14:40:31.997,20.3,-1.8105037601271087e-06,5.944073552959246e-06,-9.524482999076373e-06
1573069232047,2019-11-06T14:40:32.047,20.35,-1.7728675107791082e-08,6.633532658086812e-06,-1.0274769340535995e-05
1573069232097,2019-11-06T14:40:32.097,20.4,1.0420228169878974e-06,7.058002169372816e-06,-1.0988810434847972e-05
1573069232147,2019-11-06T14:40:32.147,20.45,1.6993317919474362e-06,6.856354300741425e-06,-1.1228030106160784e-05
1573069232197,2019-11-06T14:40:32.197,20.5,2.6908101357720643e-06,6.17062970383449e-06,-1.0933060696597898e-05
1573069232247,2019-11-06T14:40:32.247,20.55,4.181639197841989e-06,5.749111454931464e-06,-1.0497527527354669e-05
1573069232297,2019-11-06T14:40:32.297,20.6,5.6912862746853945e-06,6.068767988483436e-06,-1.0461545301743512e-05
1573069232347,2019-11-06T14:40:32.347,20.65,6.862525416564509e-06,6.6917515481252745e-06,-1.0904305604457646e-05
1573069232397,2019-11-06T14:40:32.397,20.7,7.780605449235665e-06,6.960770068085411e-06,-1.1127097330483795e-05
1573069232447,2019-11-06T14:40:32.447,20.75,8.705233780336702e-06,6.875531697817797e-06,-1.0567821628676161e-05
1573069232497,2019-11-06T14:40:32.497,20.8,9.910388228323153e-06,6.798378020863348e-06,-9.744942145682911e-06
1573069232547,2019-11-06T14:40:32.547,20.85,1.1645439030681282e-05,6.7584419565616494e-06,-9.35371889655816e-06
1573069232597,2019-11-06T14:40:32.597,20.9,1.383235653094757e-05,6.522851227258569e-06,-9.04994978890149e-06
1573069232647,2019-11-06T14:40:32.647,20.95,1.589680586210529e-05,6.096159589527857e-06,-8.218142483952752e-06
1573069232697,2019-11-06T14:40:32.697,21.0,1.731408121352901e-05,5.764968646950471e-06,-7.103166963586853e-06
1573069232747,2019-11-06T14:40:32.747,21.05,1.8168845382919947e-05,5.658854952724546e-06,-6.213067288932728e-06
1573069232797,2019-11-06T14:40:32.797,21.1,1.8797531652499934e-05,5.5896143847359695e-06,-5.529256508047189e-06
1573069232847,2019-11-06T14:40:32.847,21.15,1.92046071625354e-05,5.470751171130388e-06,-4.9456945496728495e-06
1573069232897,2019-11-06T14:40:32.897,21.2,1.9308793357226772e-05,5.475278059749785e-06,-4.591538931190291e-06
1573069232947,2019-11-06T14:40:32.947,21.25,1.9430148508462637e-05,5.55089392018529e-06,-4.413295380491177e-06
1573069232997,2019-11-06T14:40:32.997,21.3,1.990439552858191e-05,5.3653584064335695e-06,-4.142441806774157e-06
1573069233047,2019-11-06T14:40:33.047,21.35,2.0430371846340705e-05,4.9298971021946015e-06,-3.7413579516813685e-06
1573069233097,2019-11-06T14:40:33.097,21.4,2.0554231496053233e-05,4.631734698658179e-06,-3.4286953955064455e-06
1573069233147,2019-11-06T14:40:33.147,21.45,2.057295681108549e-05,4.637198881769681e-06,-3.304011734851338e-06
1573069233197,2019-11-06T14:40:33.197,21.5,2.1049177603323214e-05,4.7744157774062755e-06,-3.220818444094138e-06
1573069233247,2019-11-06T14:40:33.247,21.55,2.175277735579557e-05,4.786578993055759e-06,-3.0658537329455743e-06
1573069233297,2019-11-06T14:40:33.297,21.6,2.200390975912704e-05,4.475863933647007e-06,-3.0332208140779884e-06
1573069233347,2019-11-06T14:40:33.347,21.65,2.1698526766142392e-05,3.927600815842661e-06,-3.379175310663119e-06
1573069233397,2019-11-06T14:40:33.397,21.7,2.1335085782901024e-05,3.541188992751473e-06,-3.876420018884029e-06
1573069233447,2019-11-06T14:40:33.447,21.75,2.1355552486006422e-05,3.5856056291540745e-06,-3.97677154001623e-06
1573069233497,2019-11-06T14:40:33.497,21.8,2.177030197281548e-05,3.907296851090633e-06,-3.6365187599279176e-06
1573069233547,2019-11-06T14:40:33.547,21.85,2.2256090174632703e-05,4.152686787865775e-06,-3.3718651180586144e-06
1573069233597,2019-11-06T14:40:33.597,21.9,2.2548535328323965e-05,4.089426379078525e-06,-3.4208391270023197e-06
1573069233647,2019-11-06T14:40:33.647,21.95,2.2665328767167408e-05,3.7759195152512163e-06,-3.4644269950870487e-06
1573069233697,2019-11-06T14:40:33.697,22.0,2.270085465326354e-05,3.5439605971597665e-06,-3.182593554506229e-06
1573069233747,2019-11-06T14:40:33.747,22.05,2.270018135324018e-05,3.6494537829427415e-06,-2.699157544767064e-06
1573069233797,2019-11-06T14:40:33.797,22.1,2.2790565948591065e-05,3.907278377817862e-06,-2.453637705592809e-06
1573069233847,2019-11-06T14:40:33.847,22.15,2.3014737443086075e-05,3.9370582863611855e-06,-2.513911725539667e-06
1573069233897,2019-11-06T14:40:33.897,22.2,2.3100506368887643e-05,3.6919442780504866e-06,-2.016708261595524e-06
1573069233947,2019-11-06T14:40:33.947,22.25,2.2810564689044263e-05,3.3779811337086597e-06,7.126855877118169e-08
1573069233997,2019-11-06T14:40:33.997,22.3,2.2199766736795062e-05,2.9900265596456988e-06,3.536838103510414e-06
1573069234047,2019-11-06T14:40:34.047,22.35,2.1235937777137675e-05,2.3474444760000827e-06,7.107595675668208e-06
1573069234097,2019-11-06T14:40:34.097,22.4,1.9777088964564008e-05,1.5082484794150665e-06,1.0038093803459679e-05
1573069234147,2019-11-06T14:40:34.147,22.45,1.8122863017555687e-05,7.877257355911234e-07,1.2491814365983747e-05
1573069234197,2019-11-06T14:40:34.197,22.5,1.6902775973211764e-05,3.5682734744150614e-07,1.448928696375016e-05
1573069234247,2019-11-06T14:40:34.247,22.55,1.6236958366691675e-05,4.411977476227316e-08,1.570884310700391e-05
1573069234297,2019-11-06T14:40:34.297,22.6,1.554886305402094e-05,-4.381995656092314e-07,1.6299132006708374e-05
1573069234347,2019-11-06T14:40:34.347,22.65,1.4422875295419437e-05,-1.1323935823416484e-06,1.6800010206230262e-05
1573069234397,2019-11-06T14:40:34.397,22.7,1.3237271133978932e-05,-1.685383777751629e-06,1.7331737940672477e-05
1573069234447,2019-11-06T14:40:34.447,22.75,1.2644465099339494e-05,-1.7164558076926496e-06,1.7648803857607382e-05
1573069234497,2019-11-06T14:40:34.497,22.8,1.273664401447045e-05,-1.4068735611129969e-06,1.7737325491668025e-05
1573069234547,2019-11-06T14:40:34.547,22.85,1.3014926902344715e-05,-1.3479971446360678e-06,1.779809305668984e-05
1573069234597,2019-11-06T14:40:34.597,22.9,1.2988971284817788e-05,-1.7280368452518023e-06,1.7900550095652398e-05
1573069234647,2019-11-06T14:40:34.647,22.95,1.269283326280428e-05,-2.1612556572098875e-06,1.7950172604722388e-05
1573069234697,2019-11-06T14:40:34.697,23.0,1.2610582531723567e-05,-2.2653366202886256e-06,1.7842963413539927e-05
1573069234747,2019-11-06T14:40:34.747,23.05,1.2955481214791663e-05,-1.918105948874861e-06,1.7598289124212642e-05
1573069234797,2019-11-06T14:40:34.797,23.1,1.3257117919105026e-05,-1.2390774301944442e-06,1.7405982016263832e-05
1573069234847,2019-11-06T14:40:34.847,23.15,1.3066970125807703e-05,-7.380185452562718e-07,1.7430315890710705e-05
1573069234897,2019-11-06T14:40:34.897,23.2,1.2739989834699189e-05,-9.567683425589204e-07,1.7517687181371988e-05
1573069234947,2019-11-06T14:40:34.947,23.25,1.2917096674975518e-05,-1.6644780085581515e-06,1.7346546092172387e-05
1573069234997,2019-11-06T14:40:34.997,23.3,1.3497569761993976e-05,-2.077562815930478e-06,1.696036862650808e-05
1573069235047,2019-11-06T14:40:35.047,23.35,1.383600648061237e-05,-1.9618872581117405e-06,1.679396205582071e-05
1573069235097,2019-11-06T14:40:35.097,23.4,1.3806487440258837e-05,-1.7467485571366912e-06,1.7052222425833298e-05
1573069235147,2019-11-06T14:40:35.147,23.45,1.3860787728635875e-05,-1.6697781484074381e-06,1.7451241115394445e-05
1573069235197,2019-11-06T14:40:35.197,23.5,1.407629683191227e-05,-1.5663219136021887e-06,1.7620879472881894e-05
1573069235247,2019-11-06T14:40:35.247,23.55,1.401911999034045e-05,-1.3069367812157588e-06,1.7395354592801707e-05
1573069235297,2019-11-06T14:40:35.297,23.6,1.3614216770639618e-05,-9.424259100666404e-07,1.6795226064408916e-05
1573069235347,2019-11-06T14:40:35.347,23.65,1.3376937173946695e-05,-5.954052747578814e-07,1.609755081345031e-05
1573069235397,2019-11-06T14:40:35.397,23.7,1.3678737507194048e-05,-3.3221172125600145e-07,1.5749347376583303e-05
1573069235447,2019-11-06T14:40:35.447,23.75,1.4329701531341544e-05,-6.884948658359225e-08,1.583096686746367e-05
1573069235497,2019-11-06T14:40:35.497,23.8,1.4945874266882544e-05,2.3002858025913301e-07,1.584317360203948e-05
1573069235547,2019-11-06T14:40:35.547,23.85,1.5337094106661553e-05,3.880912064252207e-07,1.542941088536504e-05
1573069235597,2019-11-06T14:40:35.597,23.9,1.5464736388042286e-05,3.6573250362374586e-07,1.5008340783918961e-05
1573069235647,2019-11-06T14:40:35.647,23.95,1.536132258729831e-05,4.6952443965799483e-07,1.5167013235532318e-05
1573069235697,2019-11-06T14:40:35.697,24.0,1.5222152087615953e-05,8.630567808701225e-07,1.565912235823784e-05
1573069235747,2019-11-06T14:40:35.747,24.05,1.5279369762075024e-05,1.1924242363981043e-06,1.5697624563980628e-05
1573069235797,2019-11-06T14:40:35.797,24.1,1.5487665209548384e-05,1.0638241086014604e-06,1.5215556250746476e-05
1573069235847,2019-11-06T14:40:35.847,24.15,1.5609417768901205e-05,6.850248898798727e-07,1.4965576135286532e-05
1573069235897,2019-11-06T14:40:35.897,24.2,1.5636741613467757e-05,6.435110628158981e-07,1.5152934235692242e-05
1573069235947,2019-11-06T14:40:35.947,24.25,1.577730630818375e-05,1.1756233034147801e-06,1.4965017985350293e-05
1573069235997,2019-11-06T14:40:35.997,24.3,1.5931695926224712e-05,2.0762467595202134e-06,1.3819766129166109e-05
1573069236047,2019-11-06T14:40:36.047,24.35,1.5642282319822004e-05,3.1614914867610934e-06,1.204643824786177e-05
1573069236097,2019-11-06T14:40:36.097,24.4,1.4758304280250139e-05,4.409710908796555e-06,9.946045516366656e-06
1573069236147,2019-11-06T14:40:36.147,24.45,1.359735041664217e-05,5.83252795453788e-06,7.300772959231536e-06
1573069236197,2019-11-06T14:40:36.197,24.5,1.2256044099896124e-05,7.340987058821016e-06,4.309996639186954e-06
1573069236247,2019-11-06T14:40:36.247,24.55,1.0419774781189156e-05,8.540797952715943e-06,1.8397606648186834e-06
1573069236297,2019-11-06T14:40:36.297,24.6,8.003879525263539e-06,9.001871273261086e-06,1.4158515000247892e-07
1573069236347,2019-11-06T14:40:36.347,24.65,5.406093981688411e-06,8.946470866093966e-06,-1.5135402519868984e-06
1573069236397,2019-11-06T14:40:36.397,24.7,3.1464493532255173e-06,9.006371952078002e-06,-3.419457102151863e-06
1573069236447,2019-11-06T14:40:36.447,24.75,1.5830606191301052e-06,9.258119510227366e-06,-4.864639885459581e-06
1573069236497,2019-11-06T14:40:36.497,24.8,6.200481146965141e-07,9.258832912805673e-06,-5.383743630697288e-06
1573069236547,2019-11-06T14:40:36.547,24.85,-4.0555887390780214e-07,8.872458219133073e-06,-5.479481405054422e-06
1573069236597,2019-11-06T14:40:36.597,24.9,-1.9141803473267796e-06,8.44551812589783e-06,-5.7543777456832926e-06
1573069236647,2019-11-06T14:40:36.647,24.95,-3.3635187251787796e-06,8.287953146326731e-06,-6.152374573033219e-06
1573069236697,2019-11-06T14:40:36.697,25.0,-4.183333722868724e-06,8.240334747853811e-06,-6.353288036437839e-06
1573069236747,2019-11-06T14:40:36.747,25.05,-4.884385815061291e-06,7.83476522682441e-06,-6.309963431834402e-06
1573069236797,2019-11-06T14:40:36.797,25.1,-6.155362531711015e-06,6.9562258687649205e-06,-6.1041086424125046e-06
1573069236847,2019-11-06T14:40:36.847,25.15,-7.5562293855369816e-06,6.096675794872281e-06,-5.7686703747368634e-06
1573069236897,2019-11-06T14:40:36.897,25.2,-8.30144139800195e-06,5.663081086692802e-06,-5.493374337900382e-06
1573069236947,2019-11-06T14:40:36.947,25.25,-8.639148839635517e-06,5.367851040356015e-06,-5.538002724782255e-06
1573069236997,2019-11-06T14:40:36.997,25.3,-9.274877243097531e-06,4.820934150103518e-06,-5.8908826329758145e-06
1573069237047,2019-11-06T14:40:37.047,25.35,-1.0052449886397678e-05,4.3331465653919445e-06,-6.411835832404925e-06
1573069237097,2019-11-06T14:40:37.097,25.4,-1.0307927683084425e-05,4.346984702169947e-06,-6.992896626690387e-06
1573069237147,2019-11-06T14:40:37.147,25.45,-1.0077106633456507e-05,4.48722357572977e-06,-7.312604505991943e-06
1573069237197,2019-11-06T14:40:37.197,25.5,-1.0029249196050193e-05,4.104781692508092e-06,-7.13075546229723e-06
1573069237247,2019-11-06T14:40:37.247,25.55,-1.0433968405713194e-05,3.348162274825327e-06,-6.892577613475124e-06
1573069237297,2019-11-06T14:40:37.297,25.6,-1.0878203501394538e-05,2.834137345016579e-06,-7.1447274557949105e-06
1573069237347,2019-11-06T14:40:37.347,25.65,-1.1033106001016796e-05,2.661377587648012e-06,-7.527015052194796e-06
1573069237397,2019-11-06T14:40:37.397,25.7,-1.1193527420176883e-05,2.433406975970841e-06,-7.33332768192487e-06
1573069237447,2019-11-06T14:40:37.447,25.75,-1.1696968036993658e-05,1.9369996280405896e-06,-6.8128861626064095e-06
1573069237497,2019-11-06T14:40:37.497,25.8,-1.219320678047027e-05,1.364535301013111e-06,-6.868389614366041e-06
1573069237547,2019-11-06T14:40:37.547,25.85,-1.2165456072258114e-05,1.0273449435574972e-06,-7.591364452918464e-06
1573069237597,2019-11-06T14:40:37.597,25.9,-1.1921533957588742e-05,9.764142589153272e-07,-8.131808445284693e-06
1573069237647,2019-11-06T14:40:37.647,25.95,-1.2244919054850402e-05,9.103514424951235e-07,-8.060494772970537e-06
1573069237697,2019-11-06T14:40:37.697,26.0,-1.3136205235712161e-05,6.123896882132386e-07,-7.839445846536069e-06
1573069237747,2019-11-06T14:40:37.747,26.05,-1.3690770917197476e-05,2.9436052776721285e-07,-7.776087119295203e-06
1573069237797,2019-11-06T14:40:37.797,26.1,-1.3358872566830093e-05,1.549662629370191e-07,-7.553418636370225e-06
1573069237847,2019-11-06T14:40:37.847,26.15,-1.2694772040137628e-05,-2.1787002724355037e-08,-7.048895001588416e-06
1573069237897,2019-11-06T14:40:37.897,26.2,-1.2597339608092082e-05,-4.3944769006577763e-07,-6.633275960285333e-06
1573069237947,2019-11-06T14:40:37.947,26.25,-1.3181442982141406e-05,-1.0063191088139922e-06,-6.521356905058441e-06
1573069237997,2019-11-06T14:40:37.997,26.3,-1.3665612377960034e-05,-1.6282698548058069e-06,-6.624232559551865e-06
1573069238047,2019-11-06T14:40:38.047,26.35,-1.339293744586288e-05,-2.123656594644151e-06,-6.766133587784494e-06
1573069238097,2019-11-06T14:40:38.097,26.4,-1.277415914335079e-05,-2.1351802625532134e-06,-6.523724764359085e-06
1573069238147,2019-11-06T14:40:38.147,26.45,-1.277058761107415e-05,-1.8111203510144054e-06,-5.658250925095952e-06
1573069238197,2019-11-06T14:40:38.197,26.5,-1.350799544770386e-05,-1.901872447056409e-06,-4.871241771265788e-06
1573069238247,2019-11-06T14:40:38.247,26.55,-1.4101610478824569e-05,-2.6286155578032084e-06,-4.886527774928122e-06
1573069238297,2019-11-06T14:40:38.297,26.6,-1.391494665506663e-05,-3.3282774370363692e-06,-5.064899322812527e-06
1573069238347,2019-11-06T14:40:38.347,26.65,-1.33287506368996e-05,-3.606910370474305e-06,-4.497788563390622e-06
1573069238397,2019-11-06T14:40:38.397,26.7,-1.3104468442324192e-05,-3.914250171766692e-06,-3.7638639424037505e-06
1573069238447,2019-11-06T14:40:38.447,26.75,-1.3442648348370474e-05,-4.5819980827579115e-06,-3.8424011967553555e-06
1573069238497,2019-11-06T14:40:38.497,26.8,-1.3909606898167697e-05,-5.187188422361253e-06,-4.277962914759727e-06
1573069238547,2019-11-06T14:40:38.547,26.85,-1.4076169924773212e-05,-5.3585706233040896e-06,-4.128689430423964e-06
1573069238597,2019-11-06T14:40:38.597,26.9,-1.3963199224860924e-05,-5.424618294700891e-06,-3.613492138249332e-06
1573069238647,2019-11-06T14:40:38.647,26.95,-1.3887642303170003e-05,-5.814409503558005e-06,-3.361830582514906e-06
1573069238697,2019-11-06T14:40:38.697,27.0,-1.4045266668087389e-05,-6.456520041224534e-06,-3.126923615347145e-06
1573069238747,2019-11-06T14:40:38.747,27.05,-1.4292166207772532e-05,-7.058863642881256e-06,-2.4285579533142926e-06
1573069238797,2019-11-06T14:40:38.797,27.1,-1.4332217654222591e-05,-7.54769266153632e-06,-1.5945208291485838e-06
1573069238847,2019-11-06T14:40:38.847,27.15,-1.4088267145174666e-05,-8.026472980249292e-06,-1.2495474638073632e-06
1573069238897,2019-11-06T14:40:38.897,27.2,-1.3752034472467605e-05,-8.498714793719466e-06,-1.3543327232820144e-06
1573069238947,2019-11-06T14:40:38.947,27.25,-1.3518807985242979e-05,-8.87562950281873e-06,-1.3863528940303972e-06
1573069238997,2019-11-06T14:40:38.997,27.3,-1.3498585065563666e-05,-9.186299861469073e-06,-1.09464728452537e-06
1573069239047,2019-11-06T14:40:39.047,27.35,-1.3745826125145693e-05,-9.461636395794257e-06,-6.485681531020652e-07
1573069239097,2019-11-06T14:40:39.097,27.4,-1.4109207540297166e-05,-9.58554620604005e-06,-2.5925384462953984e-07
1573069239147,2019-11-06T14:40:39.147,27.45,-1.426363536886215e-05,-9.606332630658548e-06,2.573187593655501e-08
1573069239197,2019-11-06T14:40:39.197,27.5,-1.4115053451558791e-05,-9.804795747754446e-06,1.686194282516156e-07
1573069239247,2019-11-06T14:40:39.247,27.55,-1.394113473845279e-05,-1.0204324292087774e-05,9.478751152023029e-08
1573069239297,2019-11-06T14:40:39.297,27.6,-1.3949610496558849e-05,-1.053167041343597e-05,-4.0869143119593855e-08
1573069239347,2019-11-06T14:40:39.347,27.65,-1.390514526035874e-05,-1.0693462727844293e-05,2.7219284355425376e-08
1573069239397,2019-11-06T14:40:39.397,27.7,-1.3455328394204871e-05,-1.0752581242443885e-05,1.286583415269052e-07
1573069239447,2019-11-06T14:40:39.447,27.75,-1.2741143709812255e-05,-1.06112105946387e-05,-8.499906912469564e-08
1573069239497,2019-11-06T14:40:39.497,27.8,-1.231428060438759e-05,-1.0288626124618658e-05,-3.547684401591218e-07
1573069239547,2019-11-06T14:40:39.547,27.85,-1.2378866600105538e-05,-1.023681616308481e-05,-2.5066794717120576e-07
1573069239597,2019-11-06T14:40:39.597,27.9,-1.2499319451661941e-05,-1.0710433458328286e-05,-1.505382460674705e-07
1573069239647,2019-11-06T14:40:39.647,27.95,-1.221827216707935e-05,-1.1149186972916512e-05,-6.915034356233072e-07
1573069239697,2019-11-06T14:40:39.697,28.0,-1.1651340697849616e-05,-1.0984404162316409e-05,-1.6098793023162869e-06
1573069239747,2019-11-06T14:40:39.747,28.05,-1.1262920712349059e-05,-1.0660996762492999e-05,-2.0990502668480152e-06
1573069239797,2019-11-06T14:40:39.797,28.1,-1.1215840706735934e-05,-1.0961732139937966e-05,-1.9885718014091283e-06
1573069239847,2019-11-06T14:40:39.847,28.15,-1.1203319597741707e-05,-1.1743788195764704e-05,-1.8435995595339736e-06
1573069239897,2019-11-06T14:40:39.897,28.2,-1.1003270619513882e-05,-1.2233370069189312e-05,-2.019973935159269e-06
1573069239947,2019-11-06T14:40:39.947,28.25,-1.0891080959800173e-05,-1.2200975152919988e-05,-2.1559763916728404e-06
1573069239997,2019-11-06T14:40:39.997,28.3,-1.112653698316451e-05,-1.206493574032274e-05,-1.8205414149304113e-06
1573069240047,2019-11-06T14:40:40.047,28.35,-1.132922780881678e-05,-1.2108721551828947e-05,-1.246524219524355e-06
1573069240097,2019-11-06T14:40:40.097,28.4,-1.0949311082564218e-05,-1.2253916402819906e-05,-9.05570483493018e-07
1573069240147,2019-11-06T14:40:40.147,28.45,-1.0130028522672501e-05,-1.2436193414458538e-05,-7.017844454719441e-07
1573069240197,2019-11-06T14:40:40.197,28.5,-9.52483612024885e-06,-1.2672944111639707e-05,-2.555690463824431e-07
1573069240247,2019-11-06T14:40:40.247,28.55,-9.409930696598835e-06,-1.2803820501934824e-05,2.849270700240643e-07
1573069240297,2019-11-06T14:40:40.297,28.6,-9.386789837120257e-06,-1.2449442940507637e-05,4.022346875571009e-07
1573069240347,2019-11-06T14:40:40.347,28.65,-8.90426002006626e-06,-1.1233221607862143e-05,-1.640057942068484e-08
1573069240397,2019-11-06T14:40:40.397,28.7,-7.851457395340856e-06,-9.116610306420224e-06,-6.135470186881853e-07
1573069240447,2019-11-06T14:40:40.447,28.75,-6.580102126442394e-06,-6.6680513636964445e-06,-1.0458131716491868e-06
1573069240497,2019-11-06T14:40:40.497,28.8,-5.4925896845636394e-06,-4.772227626474058e-06,-1.182408283133304e-06
1573069240547,2019-11-06T14:40:40.547,28.85,-4.805700995567733e-06,-3.7994485779878843e-06,-1.1305981044160424e-06
1573069240597,2019-11-06T14:40:40.597,28.9,-4.546803257413428e-06,-3.305879711152605e-06,-1.1970640746167214e-06
1573069240647,2019-11-06T14:40:40.647,28.95,-4.443567673650212e-06,-2.774044871670484e-06,-1.5118400784925708e-06
1573069240697,2019-11-06T14:40:40.697,29.0,-4.018594215779035e-06,-2.2339503644110046e-06,-1.8001440669579425e-06
1573069240747,2019-11-06T14:40:40.747,29.05,-3.211155100750472e-06,-1.8757127106154478e-06,-1.7654397675886784e-06
1573069240797,2019-11-06T14:40:40.797,29.1,-2.6487472473326067e-06,-1.5667182585528475e-06,-1.4327868717600405e-06
1573069240847,2019-11-06T14:40:40.847,29.15,-2.8128151685764e-06,-1.1091261434545649e-06,-9.675508535737108e-07
1573069240897,2019-11-06T14:40:40.897,29.2,-3.2573547386403487e-06,-5.615376758295815e-07,-4.5226636748296957e-07
1573069240947,2019-11-06T14:40:40.947,29.25,-3.24682221398541e-06,-7.951912652331423e-08,4.5242827296171355e-08
1573069240997,2019-11-06T14:40:40.997,29.3,-2.802362800006675e-06,2.535178386317348e-07,4.576970367419818e-07
1573069241047,2019-11-06T14:40:41.047,29.35,-2.414220655112872e-06,4.3124046237779493e-07,8.660708649407074e-07
1573069241097,2019-11-06T14:40:41.097,29.4,-2.154982006259778e-06,6.039970220627468e-07,1.3218395137118925e-06
1573069241147,2019-11-06T14:40:41.147,29.45,-1.8764793096900675e-06,9.92241476161017e-07,1.4879239661757912e-06
1573069241197,2019-11-06T14:40:41.197,29.5,-1.7475266744703296e-06,1.5552063893971428e-06,1.0069983683946003e-06
1573069241247,2019-11-06T14:40:41.247,29.55,-1.8392278649127332e-06,1.972452056006143e-06,2.6937662700513973e-07
1573069241297,2019-11-06T14:40:41.297,29.6,-1.8483630202570104e-06,2.0336968553008045e-06,1.2919971885837316e-07
1573069241347,2019-11-06T14:40:41.347,29.65,-1.7510845216215226e-06,1.8333583414068887e-06,7.33681832404738e-07
1573069241397,2019-11-06T14:40:41.397,29.7,-1.9430737365705086e-06,1.5517189366126365e-06,1.2461197368357416e-06
1573069241447,2019-11-06T14:40:41.447,29.75,-2.55727043729374e-06,1.2150218768807306e-06,9.6576392096934e-07
1573069241497,2019-11-06T14:40:41.497,29.8,-3.390078989278848e-06,7.062623621374969e-07,3.065918930175347e-07
1573069241547,2019-11-06T14:40:41.547,29.85,-4.2717061372054926e-06,-6.367582282559649e-08,2.39416764884273e-07
1573069241597,2019-11-06T14:40:41.597,29.9,-4.92735245844195e-06,-9.501944657459992e-07,9.17527245770938e-07
1573069241647,2019-11-06T14:40:41.647,29.95,-5.02390325908937e-06,-1.5312226755501988e-06,1.5008892731555104e-06
1573069241697,2019-11-06T14:40:41.697,30.0,-4.738859571631798e-06,-1.5006913141415347e-06,1.425645823328063e-06
1573069241747,2019-11-06T14:40:41.747,30.05,-4.653228966201928e-06,-1.1005556173867416e-06,1.055732564821426e-06
1573069241797,2019-11-06T14:40:41.797,30.1,-4.894126351618328e-06,-8.261385518700532e-07,8.809220912681497e-07
1573069241847,2019-11-06T14:40:41.847,30.15,-4.968281638746527e-06,-8.239969210068682e-07,8.910601913782198e-07
1573069241897,2019-11-06T14:40:41.897,30.2,-4.599481131623237e-06,-8.990124690574239e-07,9.386476954169222e-07
1573069241947,2019-11-06T14:40:41.947,30.25,-4.181813848382582e-06,-8.039256797398743e-07,1.0133751394591728e-06
1573069241997,2019-11-06T14:40:41.997,30.3,-4.056497684158826e-06,-3.2029222904451074e-07,1.0436002816627236e-06
1573069242047,2019-11-06T14:40:42.047,30.35,-3.884312968369289e-06,5.294653501496478e-07,9.303988745924048e-07
1573069242097,2019-11-06T14:40:42.097,30.4,-3.327319702687095e-06,1.349803454542347e-06,7.882268131276249e-07
1573069242147,2019-11-06T14:40:42.147,30.45,-2.7958707255665467e-06,1.8046429168229119e-06,8.383409768568889e-07
1573069242197,2019-11-06T14:40:42.197,30.5,-2.779238525326145e-06,1.9243323494490133e-06,1.0924971838618983e-06
1573069242247,2019-11-06T14:40:42.247,30.55,-2.9634936190759207e-06,1.7781823514192172e-06,1.265905830828736e-06
1573069242297,2019-11-06T14:40:42.297,30.6,-2.7886738326754114e-06,1.3556580059122346e-06,9.828866807162645e-07
1573069242347,2019-11-06T14:40:42.347,30.65,-2.4353829172834454e-06,9.45415441082273e-07,1.9669582221256556e-07
1573069242397,2019-11-06T14:40:42.397,30.7,-2.454765647398179e-06,1.0350516530517185e-06,-5.611826778677349e-07
1573069242447,2019-11-06T14:40:42.447,30.75,-2.7319585573540286e-06,1.6013432031567372e-06,-7.669206867538394e-07
1573069242497,2019-11-06T14:40:42.497,30.8,-2.666170292924253e-06,2.0415563148337703e-06,-6.950521537331359e-07
1573069242547,2019-11-06T14:40:42.547,30.85,-2.180050763085522e-06,2.0811601863699796e-06,-8.912893971672115e-07
1573069242597,2019-11-06T14:40:42.597,30.9,-1.6748184949529877e-06,2.194302778319269e-06,-1.148698546906424e-06
1573069242647,2019-11-06T14:40:42.647,30.95,-1.2062339089254362e-06,2.77557072813167e-06,-1.0515800815772609e-06
1573069242697,2019-11-06T14:40:42.697,31.0,-6.264374713214925e-07,3.4582723677767163e-06,-9.734470658897147e-07
1573069242747,2019-11-06T14:40:42.747,31.05,-1.661388620995157e-07,3.6510075279705013e-06,-1.3213073757302277e-06
1573069242797,2019-11-06T14:40:42.797,31.1,6.249034860234156e-08,3.3150047815363174e-06,-1.5245115446422487e-06
1573069242847,2019-11-06T14:40:42.847,31.15,5.365288997528845e-07,2.9407608405827893e-06,-9.904728652286206e-07
1573069242897,2019-11-06T14:40:42.897,31.2,1.484117010463957e-06,3.0466537605822157e-06,-2.8283251401122463e-07
1573069242947,2019-11-06T14:40:42.947,31.25,2.373376647057209e-06,3.7386620003552195e-06,-2.1956960885171795e-07
1573069242997,2019-11-06T14:40:42.997,31.3,2.790280969512456e-06,4.540186794280234e-06,-5.284623673628103e-07
1573069243047,2019-11-06T14:40:43.047,31.35,3.0108021225184696e-06,4.852945643448931e-06,-4.388165671807961e-07
1573069243097,2019-11-06T14:40:43.097,31.4,3.3991171053830367e-06,4.758795186815885e-06,-1.077644866993829e-08
1573069243147,2019-11-06T14:40:43.147,31.45,3.886797763156967e-06,4.853905739336641e-06,1.2272122823530153e-07
1573069243197,2019-11-06T14:40:43.197,31.5,4.230864313879046e-06,5.162147306962549e-06,-6.759514839338047e-08
1573069243247,2019-11-06T14:40:43.247,31.55,4.409639796780755e-06,5.126384485680149e-06,-8.382457339750124e-08
1573069243297,2019-11-06T14:40:43.297,31.6,4.619183997079206e-06,4.76792686524801e-06,7.513257090185206e-08
1573069243347,2019-11-06T14:40:43.347,31.65,4.96501035732537e-06,4.633316809925349e-06,-2.834376907687762e-08
1573069243397,2019-11-06T14:40:43.397,31.7,5.259554632421035e-06,4.6453337817888e-06,-3.7519157155081837e-07
1573069243447,2019-11-06T14:40:43.447,31.75,5.312321720091448e-06,4.3550124370159995e-06,-6.690356738800151e-07
1573069243497,2019-11-06T14:40:43.497,31.8,5.339183222722851e-06,4.0363614756876935e-06,-1.0992602560678522e-06
1573069243547,2019-11-06T14:40:43.547,31.85,5.676467135712932e-06,4.222780045952205e-06,-1.9171540072235936e-06
1573069243597,2019-11-06T14:40:43.597,31.9,6.223116127145072e-06,4.641129467506509e-06,-2.690688522698699e-06
1573069243647,2019-11-06T14:40:43.647,31.95,6.682469456341065e-06,4.720453893111841e-06,-2.8804238943641725e-06
1573069243697,2019-11-06T14:40:43.697,32.0,7.141444848833236e-06,4.575080593731619e-06,-2.73991480213154e-06
1573069243747,2019-11-06T14:40:43.747,32.05,7.872537736543761e-06,4.603998161487343e-06,-2.9564440512372548e-06
1573069243797,2019-11-06T14:40:43.797,32.1,8.748848113368336e-06,4.694395266389038e-06,-3.6365365981863572e-06
1573069243847,2019-11-06T14:40:43.847,32.15,9.363708736006904e-06,4.498446765348396e-06,-4.180595783487104e-06
1573069243897,2019-11-06T14:40:43.897,32.2,9.646971866696192e-06,4.07698096651137e-06,-4.231716799187946e-06
1573069243947,2019-11-06T14:40:43.947,32.25,9.920988781060144e-06,3.817898972270237e-06,-4.2275230841487975e-06
1573069243997,2019-11-06T14:40:43.997,32.3,1.0457449665615292e-05,3.9258981377712086e-06,-4.6037586854914475e-06
1573069244047,2019-11-06T14:40:44.047,32.35,1.133422207289002e-05,4.228392039282661e-06,-5.068888505941092e-06
1573069244097,2019-11-06T14:40:44.097,32.4,1.2442327358824303e-05,4.438359216827352e-06,-5.293270890664843e-06
1573069244147,2019-11-06T14:40:44.147,32.45,1.3430308930670574e-05,4.477840361425995e-06,-5.581755244264852e-06
1573069244197,2019-11-06T14:40:44.197,32.5,1.4082042941171128e-05,4.427308845726919e-06,-6.223593458636519e-06
1573069244247,2019-11-06T14:40:44.247,32.55,1.4704180502360864e-05,4.255323570327128e-06,-6.9081343132362776e-06
1573069244297,2019-11-06T14:40:44.297,32.6,1.5625793207454547e-05,3.92181761813201e-06,-7.220323130999728e-06
1573069244347,2019-11-06T14:40:44.347,32.65,1.6571257006045576e-05,3.688336602466552e-06,-7.159782375767955e-06
1573069244397,2019-11-06T14:40:44.397,32.7,1.7072248336761598e-05,3.815530569019148e-06,-7.0750968713327565e-06
1573069244447,2019-11-06T14:40:44.447,32.75,1.717689075892537e-05,3.9984394263367585e-06,-7.341115871823644e-06
1573069244497,2019-11-06T14:40:44.497,32.8,1.7223000349065904e-05,3.744789928324559e-06,-7.882298799958944e-06
1573069244547,2019-11-06T14:40:44.547,32.85,1.7234858051455332e-05,3.253542021953708e-06,-8.120574996926874e-06
1573069244597,2019-11-06T14:40:44.597,32.9,1.7008723536579355e-05,3.2011870134274227e-06,-7.790796302020354e-06
1573069244647,2019-11-06T14:40:44.647,32.95,1.6511254022890032e-05,3.714142780631168e-06,-7.387068390349208e-06
1573069244697,2019-11-06T14:40:44.697,33.0,1.5937900839047438e-05,4.228054124619857e-06,-7.34639147818375e-06
1573069244747,2019-11-06T14:40:44.747,33.05,1.5607627926313747e-05,4.284751779017138e-06,-7.333662221062765e-06
1573069244797,2019-11-06T14:40:44.797,33.1,1.5720470398203498e-05,3.970163236042058e-06,-6.840087925649142e-06
1573069244847,2019-11-06T14:40:44.847,33.15,1.6006826154156742e-05,3.7202121685098538e-06,-6.093565133659358e-06
1573069244897,2019-11-06T14:40:44.897,33.2,1.595042308878456e-05,3.890144796681384e-06,-5.8437147974329396e-06
1573069244947,2019-11-06T14:40:44.947,33.25,1.5494859071977798e-05,4.286602864730048e-06,-6.35151231771151e-06
1573069244997,2019-11-06T14:40:44.997,33.3,1.5048303023651257e-05,4.325519297987585e-06,-7.027915941144422e-06
1573069245047,2019-11-06T14:40:45.047,33.35,1.4788925355459599e-05,3.922867616885915e-06,-7.1883408265036635e-06
1573069245097,2019-11-06T14:40:45.097,33.4,1.453302674933493e-05,3.659434157111224e-06,-6.87186348221884e-06
1573069245147,2019-11-06T14:40:45.147,33.45,1.419230326794629e-05,3.7720830959166007e-06,-6.612743525362839e-06
1573069245197,2019-11-06T14:40:45.197,33.5,1.3822524696726694e-05,3.7958889896566828e-06,-6.56631299373208e-06
1573069245247,2019-11-06T14:40:45.247,33.55,1.3341569286147756e-05,3.523814116984491e-06,-6.342163344060102e-06
1573069245297,2019-11-06T14:40:45.297,33.6,1.26038182074235e-05,3.3765370784076234e-06,-5.721304317281792e-06
1573069245347,2019-11-06T14:40:45.347,33.65,1.1689532540752865e-05,3.490378621183355e-06,-5.091501514265774e-06
1573069245397,2019-11-06T14:40:45.397,33.7,1.0882517572116383e-05,3.4548052579594904e-06,-4.971724230358317e-06
1573069245447,2019-11-06T14:40:45.447,33.75,1.0347281520626288e-05,3.208421862487157e-06,-5.277020707398084e-06
1573069245497,2019-11-06T14:40:45.497,33.8,9.944700885165869e-06,3.1388849868879807e-06,-5.366753596427158e-06
1573069245547,2019-11-06T14:40:45.547,33.85,9.432448938281007e-06,3.236571694466358e-06,-4.9497054738732555e-06
1573069245597,2019-11-06T14:40:45.597,33.9,8.807642092662267e-06,3.1724199494486104e-06,-4.518800519190766e-06
1573069245647,2019-11-06T14:40:45.647,33.95,8.307140713257822e-06,2.9976190731578793e-06,-4.532743901032594e-06
1573069245697,2019-11-06T14:40:45.697,34.0,8.016381812116263e-06,2.918216628014724e-06,-4.67113478762819e-06
1573069245747,2019-11-06T14:40:45.747,34.05,7.769640387993657e-06,2.8782487815871654e-06,-4.3448333828572216e-06
1573069245797,2019-11-06T14:40:45.797,34.1,7.575174337289364e-06,2.8928437210567056e-06,-3.49623903093677e-06
1573069245847,2019-11-06T14:40:45.847,34.15,7.664193581183572e-06,3.097519575070107e-06,-2.6129270962286998e-06
1573069245897,2019-11-06T14:40:45.897,34.2,7.954250369624991e-06,3.314862672157551e-06,-2.218509501907288e-06
1573069245947,2019-11-06T14:40:45.947,34.25,8.012958789806501e-06,3.2690586245699837e-06,-2.3481018798354715e-06
1573069245997,2019-11-06T14:40:45.997,34.3,7.623960756906735e-06,3.0848289344207253e-06,-2.5178758353550133e-06
1573069246047,2019-11-06T14:40:46.047,34.35,6.910822661670775e-06,3.051865474489287e-06,-2.345481416562073e-06
1573069246097,2019-11-06T14:40:46.097,34.4,6.004276270277567e-06,3.1556249564967236e-06,-1.9044467046963182e-06
1573069246147,2019-11-06T14:40:46.147,34.45,4.979850234829696e-06,3.1620154536388767e-06,-1.374449169134497e-06
1573069246197,2019-11-06T14:40:46.197,34.5,3.981932272248875e-06,2.9804942492125446e-06,-7.735960739313693e-07
1573069246247,2019-11-06T14:40:46.247,34.55,3.1517063388004086e-06,2.755763331282269e-06,-5.25372754374372e-08
1573069246297,2019-11-06T14:40:46.297,34.6,2.5156107620135804e-06,2.663013683254576e-06,7.646807753339036e-07
1573069246347,2019-11-06T14:40:46.347,34.65,2.0465661680091383e-06,2.7351983817610528e-06,1.4860638376011827e-06
1573069246397,2019-11-06T14:40:46.397,34.7,1.7385842790478612e-06,2.878661421430733e-06,1.908950531577508e-06
1573069246447,2019-11-06T14:40:46.447,34.75,1.5512050028054222e-06,2.961149328443494e-06,2.0723613736418754e-06
1573069246497,2019-11-06T14:40:46.497,34.8,1.4118991809227172e-06,2.8860695995790585e-06,2.1046710235520063e-06
1573069246547,2019-11-06T14:40:46.547,34.85,1.3190030127123906e-06,2.666888410208908e-06,2.028347974560564e-06
1573069246597,2019-11-06T14:40:46.597,34.9,1.2489356377965195e-06,2.46943872430751e-06,1.9386778805684586e-06
1573069246647,2019-11-06T14:40:46.647,34.95,1.0171201354954758e-06,2.4846294181734754e-06,2.053165362023762e-06
1573069246697,2019-11-06T14:40:46.697,35.0,5.631946096438311e-07,2.6543762233933293e-06,2.485218653718177e-06
1573069246747,2019-11-06T14:40:46.747,35.05,2.298483874358843e-07,2.6778085758385913e-06,3.143898275641383e-06
1573069246797,2019-11-06T14:40:46.797,35.1,2.6379537830489404e-07,2.442770552647004e-06,3.726009757436337e-06
1573069246847,2019-11-06T14:40:46.847,35.15,2.647898777600508e-07,2.1732431700851034e-06,3.846453422173853e-06
1573069246897,2019-11-06T14:40:46.897,35.2,-2.423981931314025e-07,1.9842667973191188e-06,3.5047766907021533e-06
1573069246947,2019-11-06T14:40:46.947,35.25,-1.0181818281538165e-06,1.7288843986247321e-06,3.237482267004813e-06
1573069246997,2019-11-06T14:40:46.997,35.3,-1.5287264231215044e-06,1.4028740385108568e-06,3.3896787894694426e-06
1573069247047,2019-11-06T14:40:47.047,35.35,-1.7188311788130925e-06,1.1862765540434268e-06,3.6056015419112412e-06
1573069247097,2019-11-06T14:40:47.097,35.4,-1.8612150526639246e-06,1.100859476789739e-06,3.576451341283805e-06
1573069247147,2019-11-06T14:40:47.147,35.45,-2.0917180471129067e-06,1.0487842790915065e-06,3.6541984032774583e-06
1573069247197,2019-11-06T14:40:47.197,35.5,-2.369210215059195e-06,1.0160129006839038e-06,4.016990023273653e-06
1573069247247,2019-11-06T14:40:47.247,35.55,-2.5372137427608013e-06,1.0018549398168127e-06,4.127712972540051e-06
1573069247297,2019-11-06T14:40:47.297,35.6,-2.4409634660589283e-06,9.381780503767676e-07,3.824085137186002e-06
1573069247347,2019-11-06T14:40:47.347,35.65,-2.2655202313485007e-06,7.276615262753379e-07,3.8782491314430525e-06
1573069247397,2019-11-06T14:40:47.397,35.7,-2.4933696143786794e-06,3.347262474304575e-07,4.664028633324207e-06
1573069247447,2019-11-06T14:40:47.447,35.75,-3.24018422441835e-06,-6.807937540583831e-08,5.335409939885045e-06
1573069247497,2019-11-06T14:40:47.497,35.8,-3.989085030457368e-06,-2.4719209417488875e-07,5.107195304548534e-06
1573069247547,2019-11-06T14:40:47.547,35.85,-4.230241662468209e-06,-3.4607951843628236e-07,4.446914927145218e-06
1573069247597,2019-11-06T14:40:47.597,35.9,-4.007541200507654e-06,-7.054782911400476e-07,4.297615876339167e-06
1573069247647,2019-11-06T14:40:47.647,35.95,-3.693121960035585e-06,-1.0997780476698963e-06,4.765933377256362e-06
1573069247697,2019-11-06T14:40:47.697,36.0,-3.566029627054632e-06,-9.032125523547435e-07,5.162997788558771e-06
1573069247747,2019-11-06T14:40:47.747,36.05,-3.677792014999109e-06,-1.9146995626175494e-07,5.061521551026924e-06
1573069247797,2019-11-06T14:40:47.797,36.1,-3.876315908634676e-06,2.040570897949466e-07,4.84162895527483e-06
1573069247847,2019-11-06T14:40:47.847,36.15,-3.989357882952443e-06,-7.037040887913408e-08,5.005913658543181e-06
1573069247897,2019-11-06T14:40:47.897,36.2,-4.040495523567544e-06,-4.111731606250743e-07,5.330973127169835e-06
1573069247947,2019-11-06T14:40:47.947,36.25,-4.059664963089022e-06,-2.269670598100759e-07,5.275303232657731e-06
1573069247997,2019-11-06T14:40:47.997,36.3,-3.9216468097733205e-06,2.144253765005285e-07,4.898065364727592e-06
1573069248047,2019-11-06T14:40:48.047,36.35,-3.8014305827250923e-06,2.212528055958333e-07,4.6585052530996024e-06
1573069248097,2019-11-06T14:40:48.097,36.4,-4.152855280837017e-06,-3.671742234334667e-07,4.646921903810615e-06
1573069248147,2019-11-06T14:40:48.147,36.45,-4.7540197384877e-06,-1.0022363186899525e-06,4.644621006546695e-06
1573069248197,2019-11-06T14:40:48.197,36.5,-4.816240457772853e-06,-1.0998039902317714e-06,4.604292221171166e-06
1573069248247,2019-11-06T14:40:48.247,36.55,-4.389029141759674e-06,-6.805786892668679e-07,4.591389628465895e-06
1573069248297,2019-11-06T14:40:48.297,36.6,-4.3898561489147175e-06,-3.619222663114154e-07,4.550228158391873e-06
1573069248347,2019-11-06T14:40:48.347,36.65,-5.1213127583249645e-06,-7.473589748979849e-07,4.518470465262305e-06
1573069248397,2019-11-06T14:40:48.397,36.7,-5.951764160073568e-06,-1.7636668464992943e-06,4.72011917891189e-06
1573069248447,2019-11-06T14:40:48.447,36.75,-6.357024148831151e-06,-2.67564095260828e-06,4.996638264644749e-06
1573069248497,2019-11-06T14:40:48.497,36.8,-6.401669567620597e-06,-2.8970983838929425e-06,4.770886711559504e-06
1573069248547,2019-11-06T14:40:48.547,36.85,-6.4525089044210446e-06,-2.6755641899142563e-06,4.229032837035215e-06
1573069248597,2019-11-06T14:40:48.597,36.9,-6.863233867980929e-06,-2.7447118291107485e-06,4.513875842208737e-06
1573069248647,2019-11-06T14:40:48.647,36.95,-7.625049070565711e-06,-3.394831052723397e-06,5.8867368378779145e-06
1573069248697,2019-11-06T14:40:48.697,37.0,-8.319869570413827e-06,-4.206758493746689e-06,7.009217366204847e-06
1573069248747,2019-11-06T14:40:48.747,37.05,-8.723334236108626e-06,-4.724387481188745e-06,6.949864142055684e-06
1573069248797,2019-11-06T14:40:48.797,37.1,-9.132706780568059e-06,-5.0145489468506476e-06,6.540785787669799e-06
1573069248847,2019-11-06T14:40:48.847,37.15,-9.823628329764733e-06,-5.328014866178726e-06,6.889446142247034e-06
1573069248897,2019-11-06T14:40:48.897,37.2,-1.0588001911475397e-05,-5.598353753916337e-06,7.703861712134044e-06
1573069248947,2019-11-06T14:40:48.947,37.25,-1.1021885307776293e-05,-5.75186032512987e-06,7.976493876752158e-06
1573069248997,2019-11-06T14:40:48.997,37.3,-1.1003470240140686e-05,-6.110440896674666e-06,7.5889885075003665e-06
1573069249047,2019-11-06T14:40:49.047,37.35,-1.0773398836016591e-05,-6.8110990328712875e-06,7.30165857768464e-06
1573069249097,2019-11-06T14:40:49.097,37.4,-1.0677005789903943e-05,-7.228663329933847e-06,7.441426074572849e-06
1573069249147,2019-11-06T14:40:49.147,37.45,-1.091087240516183e-05,-6.758006609763098e-06,7.483976959928071e-06
1573069249197,2019-11-06T14:40:49.197,37.5,-1.1421836496308627e-05,-5.836854773974452e-06,6.997968849186689e-06
1573069249247,2019-11-06T14:40:49.247,37.55,-1.195057422701149e-05,-5.450619939611565e-06,6.358634242289485e-06
1573069249297,2019-11-06T14:40:49.297,37.6,-1.2295570026058163e-05,-5.831160591863171e-06,6.209124796365093e-06
1573069249347,2019-11-06T14:40:49.347,37.65,-1.2553788427613952e-05,-6.273582194287685e-06,6.4963682707833925e-06
1573069249397,2019-11-06T14:40:49.397,37.7,-1.2854063734999292e-05,-6.197069484649105e-06,6.5597781393328e-06
1573069249447,2019-11-06T14:40:49.447,37.75,-1.2959730384623493e-05,-5.810026539900476e-06,6.193211428513864e-06
1573069249497,2019-11-06T14:40:49.497,37.8,-1.2618299024784709e-05,-5.5711858323889935e-06,5.896243539093586e-06
1573069249547,2019-11-06T14:40:49.547,37.85,-1.2208432230768727e-05,-5.601596431827111e-06,5.920817192275978e-06
1573069249597,2019-11-06T14:40:49.597,37.9,-1.234507053405495e-05,-5.854216328035832e-06,5.953527271862382e-06
1573069249647,2019-11-06T14:40:49.647,37.95,-1.2860593829468914e-05,-6.134687744182446e-06,5.865803987405428e-06
1573069249697,2019-11-06T14:40:49.697,38.0,-1.3038586831140799e-05,-5.8990534730082705e-06,5.872486416394011e-06
1573069249747,2019-11-06T14:40:49.747,38.05,-1.285169789745729e-05,-4.9301512862520824e-06,5.941091348071594e-06
1573069249797,2019-11-06T14:40:49.797,38.1,-1.2932064683271208e-05,-3.9922078108283565e-06,5.829910612785502e-06
1573069249847,2019-11-06T14:40:49.847,38.15,-1.3327018508639397e-05,-3.85321317469595e-06,5.674533796660382e-06
1573069249897,2019-11-06T14:40:49.897,38.2,-1.3440879659156772e-05,-4.105954605847482e-06,5.883224774107617e-06
1573069249947,2019-11-06T14:40:49.947,38.25,-1.3216622596234479e-05,-3.9007204810634485e-06,6.332189240183766e-06
1573069249997,2019-11-06T14:40:49.997,38.3,-1.3173253514963217e-05,-3.3371382543613356e-06,6.3048748630557445e-06
1573069250047,2019-11-06T14:40:50.047,38.35,-1.3253170577716613e-05,-3.125916878116519e-06,5.629179716638432e-06
1573069250097,2019-11-06T14:40:50.097,38.4,-1.2874238012406773e-05,-3.244187786513299e-06,5.118392143011381e-06
1573069250147,2019-11-06T14:40:50.147,38.45,-1.216605418279531e-05,-3.046048980455306e-06,5.2677227048496365e-06
1573069250197,2019-11-06T14:40:50.197,38.5,-1.1919754226111896e-05,-2.5263276387319508e-06,5.436837326406941e-06
1573069250247,2019-11-06T14:40:50.247,38.55,-1.2261957996631916e-05,-2.2967880424253476e-06,5.0563589354925355e-06
1573069250297,2019-11-06T14:40:50.297,38.6,-1.2501242955071313e-05,-2.3784138206276625e-06,4.6588685749422624e-06
1573069250347,2019-11-06T14:40:50.347,38.65,-1.2280585636381662e-05,-2.18000808279569e-06,4.892019354682875e-06
1573069250397,2019-11-06T14:40:50.397,38.7,-1.1923484384822807e-05,-1.6100220955770838e-06,5.348069419188464e-06
1573069250447,2019-11-06T14:40:50.447,38.75,-1.1711376602621711e-05,-1.1227198773689966e-06,5.2449735217614985e-06
1573069250497,2019-11-06T14:40:50.497,38.8,-1.1539552577290617e-05,-8.355237622956998e-07,4.667514607261121e-06
1573069250547,2019-11-06T14:40:50.547,38.85,-1.1218759920142366e-05,-5.255303346384759e-07,4.263685457366466e-06
1573069250597,2019-11-06T14:40:50.597,38.9,-1.0825982060888525e-05,-1.5816158722952477e-07,4.105132700157879e-06
1573069250647,2019-11-06T14:40:50.647,38.95,-1.0763998194268018e-05,1.7431466961560465e-07,3.6993685657627285e-06
1573069250697,2019-11-06T14:40:50.697,39.0,-1.1172708737941074e-05,3.406920925593401e-07,2.9757039613666577e-06
1573069250747,2019-11-06T14:40:50.747,39.05,-1.1402022407779124e-05,1.0122161625516379e-07,2.470426459000224e-06
1573069250797,2019-11-06T14:40:50.797,39.1,-1.0891039598581248e-05,-4.1520678819382784e-07,2.4563765982996116e-06
1573069250847,2019-11-06T14:40:50.847,39.15,-1.0232177224344523e-05,-5.161072732276774e-07,2.5713640602529775e-06
1573069250897,2019-11-06T14:40:50.897,39.2,-1.0269541084400451e-05,8.458089657900128e-08,2.457652467405411e-06
1573069250947,2019-11-06T14:40:50.947,39.25,-1.0690052891081276e-05,6.995825966192748e-07,2.1530369601372212e-06
1573069250997,2019-11-06T14:40:50.997,39.3,-1.0598796836000499e-05,7.148987801458862e-07,1.7293588872799469e-06
1573069251047,2019-11-06T14:40:51.047,39.35,-9.855826739247011e-06,5.222664728159583e-07,1.089506503437477e-06
1573069251097,2019-11-06T14:40:51.097,39.4,-8.969437256569358e-06,7.559973426806064e-07,2.609984832457504e-07
1573069251147,2019-11-06T14:40:51.147,39.45,-8.268289985363226e-06,1.220163023066685e-06,-4.847963688784573e-07
1573069251197,2019-11-06T14:40:51.197,39.5,-7.707951225985545e-06,1.3031855688006988e-06,-9.861761343880783e-07
1573069251247,2019-11-06T14:40:51.247,39.55,-7.014179801270381e-06,9.919930426790286e-07,-1.4583943324200407e-06
1573069251297,2019-11-06T14:40:51.297,39.6,-5.92980987085851e-06,7.871737117098512e-07,-2.165925166527959e-06
1573069251347,2019-11-06T14:40:51.347,39.65,-4.673638226145223e-06,9.816780651718295e-07,-2.963360399783633e-06
1573069251397,2019-11-06T14:40:51.397,39.7,-3.82162270410491e-06,1.4970776251202173e-06,-3.4871439761480566e-06
1573069251447,2019-11-06T14:40:51.447,39.75,-3.446553328368218e-06,2.080868489522198e-06,-3.6739129901942573e-06
1573069251497,2019-11-06T14:40:51.497,39.8,-2.937872084967105e-06,2.4225596923115004e-06,-3.794467616915968e-06
1573069251547,2019-11-06T14:40:51.547,39.85,-1.9460861697873912e-06,2.3784911214685575e-06,-4.1100824793561235e-06
1573069251597,2019-11-06T14:40:51.597,39.9,-8.961696395274003e-07,2.1978348838129593e-06,-4.608980706854606e-06
1573069251647,2019-11-06T14:40:51.647,39.95,-2.1088143651877376e-07,2.2851336187511227e-06,-4.999846214640902e-06
1573069251697,2019-11-06T14:40:51.697,40.0,4.2680263072010214e-07,2.639176320372833e-06,-5.0278198454446096e-06
1573069251747,2019-11-06T14:40:51.747,40.05,1.516700235115905e-06,2.784470190626931e-06,-4.741415280076486e-06
1573069251797,2019-11-06T14:40:51.797,40.1,2.87178477188208e-06,2.4308893218320472e-06,-4.382049836124939e-06
1573069251847,2019-11-06T14:40:51.847,40.15,3.914898514146871e-06,1.928575724013126e-06,-4.214479631053805e-06
1573069251897,2019-11-06T14:40:51.897,40.2,4.499413592257697e-06,1.8023422209180024e-06,-4.383963236805445e-06
1573069251947,2019-11-06T14:40:51.947,40.25,4.859856326258443e-06,2.0305233860380714e-06,-4.720307665540497e-06
1573069251997,2019-11-06T14:40:51.997,40.3,5.0750391359425925e-06,2.1177624211763525e-06,-4.901263596182489e-06
1573069252047,2019-11-06T14:40:52.047,40.35,5.107685713763353e-06,1.8113629575293184e-06,-4.818618067038688e-06
1573069252097,2019-11-06T14:40:52.097,40.4,5.150257317075239e-06,1.4095149277883897e-06,-4.550813290121049e-06
1573069252147,2019-11-06T14:40:52.147,40.45,5.47176503989062e-06,1.3446781211206914e-06,-4.266531262758747e-06
1573069252197,2019-11-06T14:40:52.197,40.5,6.0020293615859465e-06,1.6962466187237849e-06,-4.199087464530327e-06
1573069252247,2019-11-06T14:40:52.247,40.55,6.454979071119451e-06,2.1339560677382475e-06,-4.264349968313677e-06
1573069252297,2019-11-06T14:40:52.297,40.6,6.821688094058015e-06,2.2705330676446335e-06,-4.041668409496803e-06
1573069252347,2019-11-06T14:40:52.347,40.65,7.308016533312931e-06,2.0582414106962773e-06,-3.528074168665208e-06
1573069252397,2019-11-06T14:40:52.397,40.7,7.834142133965892e-06,1.7560776015563623e-06,-3.223487905756577e-06
1573069252447,2019-11-06T14:40:52.447,40.75,8.146816798072061e-06,1.584875735839499e-06,-3.2628143394150215e-06
1573069252497,2019-11-06T14:40:52.497,40.8,8.385813164090508e-06,1.6105459600695528e-06,-3.2119606046601963e-06
1573069252547,2019-11-06T14:40:52.547,40.85,8.937686344017264e-06,1.7996139430764091e-06,-2.734349410587035e-06
1573069252597,2019-11-06T14:40:52.597,40.9,9.818275620337497e-06,1.9560104935107548e-06,-1.971972290539494e-06
1573069252647,2019-11-06T14:40:52.647,40.95,1.0762170881633526e-05,1.802922982633027e-06,-1.3368618980696464e-06
1573069252697,2019-11-06T14:40:52.697,41.0,1.1698485894853033e-05,1.353870046725427e-06,-9.960755346492004e-07
1573069252747,2019-11-06T14:40:52.747,41.05,1.2612652256555393e-05,1.0271160380336698e-06,-5.886953167283748e-07
1573069252797,2019-11-06T14:40:52.797,41.1,1.3234112511004283e-05,1.1454338594559415e-06,1.9916016096844457e-07
1573069252847,2019-11-06T14:40:52.847,41.15,1.3377353100349751e-05,1.4931907923439725e-06,9.388649119166437e-07
1573069252897,2019-11-06T14:40:52.897,41.2,1.3370873153076947e-05,1.6754123333906396e-06,9.424689259508112e-07
1573069252947,2019-11-06T14:40:52.947,41.25,1.3611362621826982e-05,1.6754882685355096e-06,2.846333768022384e-07
1573069252997,2019-11-06T14:40:52.997,41.3,1.3822403901279498e-05,1.701105654939439e-06,-2.4909474305322206e-07
1573069253047,2019-11-06T14:40:53.047,41.35,1.3431979685015413e-05,1.807514884865529e-06,-1.7252703030739604e-07
1573069253097,2019-11-06T14:40:53.097,41.4,1.260433121194872e-05,1.976003663388089e-06,2.1495136096385114e-07
1573069253147,2019-11-06T14:40:53.147,41.45,1.207355140668507e-05,2.17520454615955e-06,4.129468334903001e-07
1573069253197,2019-11-06T14:40:53.197,41.5,1.2041620888781634e-05,2.250464687344323e-06,3.8372984242261964e-07
1573069253247,2019-11-06T14:40:53.247,41.55,1.2046228628935929e-05,2.1907545432173607e-06,3.943058198235491e-07
1573069253297,2019-11-06T14:40:53.297,41.6,1.1812571746617728e-05,2.3329492884422696e-06,4.877603893512017e-07
1573069253347,2019-11-06T14:40:53.347,41.65,1.15439585989875e-05,2.846201739605203e-06,4.746241568930649e-07
1573069253397,2019-11-06T14:40:53.397,41.7,1.1349160719761487e-05,3.324976117082208e-06,3.3487693203247533e-07
1573069253447,2019-11-06T14:40:53.447,41.75,1.0990464069966704e-05,3.2836199439651587e-06,2.401905315663452e-07
1573069253497,2019-11-06T14:40:53.497,41.8,1.0448961892632442e-05,2.8043927858310827e-06,1.8003108104860414e-07
1573069253547,2019-11-06T14:40:53.547,41.85,1.0108331459214842e-05,2.416097326517931e-06,-5.622539438884982e-08
1573069253597,2019-11-06T14:40:53.597,41.9,1.0013067603216614e-05,2.4286620519343555e-06,-5.052909950213806e-07
1573069253647,2019-11-06T14:40:53.647,41.95,9.725438673353115e-06,2.6255877729062067e-06,-9.389833765806681e-07
1573069253697,2019-11-06T14:40:53.697,42.0,9.252793253369115e-06,2.6493940781166656e-06,-1.139405159445991e-06
1573069253747,2019-11-06T14:40:53.747,42.05,9.181882712935428e-06,2.4340554287186022e-06,-1.1167101254778263e-06
1573069253797,2019-11-06T14:40:53.797,42.1,9.611373452649628e-06,2.173874265987901e-06,-1.0835862748115807e-06
1573069253847,2019-11-06T14:40:53.847,42.15,9.894598254527075e-06,2.0892718742732853e-06,-1.2575611630479496e-06
1573069253897,2019-11-06T14:40:53.897,42.2,9.682410911224212e-06,2.225745906309379e-06,-1.6555748822888122e-06
1573069253947,2019-11-06T14:40:53.947,42.25,9.386526111701511e-06,2.3730660139233752e-06,-2.027424011033154e-06
1573069253997,2019-11-06T14:40:53.997,42.3,9.380410706639901e-06,2.321262368754373e-06,-2.0983823150408715e-06
1573069254047,2019-11-06T14:40:54.047,42.35,9.416184744551069e-06,2.1331305549596083e-06,-1.9944252411458454e-06
1573069254097,2019-11-06T14:40:54.097,42.4,9.116192187205524e-06,1.8966328804319961e-06,-2.1405362647980384e-06
1573069254147,2019-11-06T14:40:54.147,42.45,8.586619335400275e-06,1.4859871042957766e-06,-2.6085285843170406e-06
1573069254197,2019-11-06T14:40:54.197,42.5,8.212684177917749e-06,9.94049585327147e-07,-2.9844914637825615e-06
1573069254247,2019-11-06T14:40:54.247,42.55,8.114479642119903e-06,9.2522002842288e-07,-2.9608319617067735e-06
1573069254297,2019-11-06T14:40:54.297,42.6,8.11541155667995e-06,1.3359855657868689e-06,-2.691880074712034e-06
1573069254347,2019-11-06T14:40:54.347,42.65,8.044228834489262e-06,1.4090444312931711e-06,-2.5159716470796426e-06
1573069254397,2019-11-06T14:40:54.397,42.7,7.835634717287384e-06,6.285261885663328e-07,-2.5415616093655526e-06
1573069254447,2019-11-06T14:40:54.447,42.75,7.533197106332019e-06,-3.532925422373343e-07,-2.6482492763894754e-06
1573069254497,2019-11-06T14:40:54.497,42.8,7.296703812102285e-06,-7.098694977463402e-07,-2.785943374943116e-06
1573069254547,2019-11-06T14:40:54.547,42.85,7.205331052045982e-06,-4.890158337707261e-07,-2.942359659168288e-06
1573069254597,2019-11-06T14:40:54.597,42.9,7.096457057220311e-06,-1.4624981980244104e-07,-2.93658280018836e-06
1573069254647,2019-11-06T14:40:54.647,42.95,6.810032669780085e-06,1.5306852293102698e-07,-2.751998844693026e-06
1573069254697,2019-11-06T14:40:54.697,43.0,6.439880144059015e-06,3.4412944848897524e-07,-2.829234295380635e-06
1573069254747,2019-11-06T14:40:54.747,43.05,6.1615022367651844e-06,2.3911380952455456e-07,-3.3674227058044465e-06
1573069254797,2019-11-06T14:40:54.797,43.1,6.036705204469386e-06,-1.4806562740491004e-07,-3.7348439147261377e-06
1573069254847,2019-11-06T14:40:54.847,43.15,6.023874340255102e-06,-5.145504405175402e-07,-3.4187285468857855e-06
1573069254897,2019-11-06T14:40:54.897,43.2,5.908477911408087e-06,-7.239503063187556e-07,-3.036225679444026e-06
1573069254947,2019-11-06T14:40:54.947,43.25,5.453670795447061e-06,-9.332613553179329e-07,-3.3606085329664685e-06
1573069254997,2019-11-06T14:40:54.997,43.3,4.883894591500701e-06,-1.1967961053931398e-06,-3.958577082770868e-06
1573069255047,2019-11-06T14:40:55.047,43.35,4.7081633750298155e-06,-1.361125709381814e-06,-3.982786372743413e-06
1573069255097,2019-11-06T14:40:55.097,43.4,4.895242486337277e-06,-1.3387278344100304e-06,-3.6757989450567515e-06
1573069255147,2019-11-06T14:40:55.147,43.45,4.916869059719392e-06,-1.2282438162355944e-06,-3.855600920000854e-06
1573069255197,2019-11-06T14:40:55.197,43.5,4.627505219510458e-06,-1.2598988294934368e-06,-4.476017138205283e-06
1573069255247,2019-11-06T14:40:55.247,43.55,4.353483434635939e-06,-1.6598439293957397e-06,-4.871714984710732e-06
1573069255297,2019-11-06T14:40:55.297,43.6,4.220095147364754e-06,-2.3775877610046975e-06,-4.99696942865333e-06
1573069255347,2019-11-06T14:40:55.347,43.65,4.085979429730457e-06,-3.029617219922838e-06,-5.299931781186942e-06
1573069255397,2019-11-06T14:40:55.397,43.7,3.97231188098851e-06,-3.3403270452389943e-06,-5.622677894894351e-06
1573069255447,2019-11-06T14:40:55.447,43.75,3.997787295684055e-06,-3.432055760245479e-06,-5.371936629167079e-06
1573069255497,2019-11-06T14:40:55.497,43.8,4.028858703922546e-06,-3.4634247069412707e-06,-4.783611009900035e-06
1573069255547,2019-11-06T14:40:55.547,43.85,3.7722267404797447e-06,-3.427551072120218e-06,-4.847944935305967e-06
1573069255597,2019-11-06T14:40:55.597,43.9,3.212189396556664e-06,-3.5354753258913476e-06,-5.716220448969638e-06
1573069255647,2019-11-06T14:40:55.647,43.95,2.7631257090520403e-06,-4.1059600450766675e-06,-6.308068323072895e-06
1573069255697,2019-11-06T14:40:55.697,44.0,2.8435926790206926e-06,-4.799328857254313e-06,-5.936348591420651e-06
1573069255747,2019-11-06T14:40:55.747,44.05,3.3836233364346016e-06,-4.790060512871799e-06,-5.293119015788332e-06
1573069255797,2019-11-06T14:40:55.797,44.1,3.941148959832315e-06,-4.027455155477312e-06,-5.302030380597992e-06
1573069255847,2019-11-06T14:40:55.847,44.15,4.188610614749442e-06,-3.4740819572033675e-06,-5.858072397125918e-06
1573069255897,2019-11-06T14:40:55.897,44.2,4.1333212452283395e-06,-3.7860901247617992e-06,-6.221823363200846e-06
1573069255947,2019-11-06T14:40:55.947,44.25,4.039946037787854e-06,-4.53800995026256e-06,-6.052909204353045e-06
1573069255997,2019-11-06T14:40:55.997,44.3,4.1547456756096376e-06,-4.9334878339724875e-06,-5.649490228239485e-06
1573069256047,2019-11-06T14:40:56.047,44.35,4.3439896332510676e-06,-4.6805895185837895e-06,-5.446767099685569e-06
1573069256097,2019-11-06T14:40:56.097,44.4,4.251880281370919e-06,-4.120454510555633e-06,-5.493426828189832e-06
1573069256147,2019-11-06T14:40:56.147,44.45,3.9334347296107976e-06,-3.7956040915586083e-06,-5.483988887849496e-06
1573069256197,2019-11-06T14:40:56.197,44.5,3.850522049717636e-06,-3.854291488854041e-06,-5.3358590882789125e-06
1573069256247,2019-11-06T14:40:56.247,44.55,4.14618006222536e-06,-3.865774102033117e-06,-5.404121015662222e-06
1573069256297,2019-11-06T14:40:56.297,44.6,4.452713312369467e-06,-3.4118076048938524e-06,-5.800929857485188e-06
1573069256347,2019-11-06T14:40:56.347,44.65,4.517542203817355e-06,-2.8056712002136105e-06,-5.960497446304777e-06
1573069256397,2019-11-06T14:40:56.397,44.7,4.5512366615678615e-06,-2.7522620405057124e-06,-5.4798199395832974e-06
1573069256447,2019-11-06T14:40:56.447,44.75,4.735461232663125e-06,-3.1999046933845424e-06,-4.903998539331282e-06
1573069256497,2019-11-06T14:40:56.497,44.8,4.7707086813199035e-06,-3.2891610677232612e-06,-4.912842514626761e-06
1573069256547,2019-11-06T14:40:56.547,44.85,4.377146774153949e-06,-2.7159672251267377e-06,-5.2524296909764645e-06
1573069256597,2019-11-06T14:40:56.597,44.9,3.943441514327161e-06,-2.205161012719026e-06,-5.284703450721272e-06
1573069256647,2019-11-06T14:40:56.647,44.95,4.0522984366153194e-06,-2.2315094522206713e-06,-4.9999561819731135e-06
1573069256697,2019-11-06T14:40:56.697,45.0,4.634020729597218e-06,-2.3046023591450867e-06,-4.7506330331680435e-06
1573069256747,2019-11-06T14:40:56.747,45.05,5.154766940780782e-06,-2.012318416927167e-06,-4.636596105585177e-06
1573069256797,2019-11-06T14:40:56.797,45.1,5.371223736094537e-06,-1.7035972525100331e-06,-4.603717208135109e-06
1573069256847,2019-11-06T14:40:56.847,45.15,5.524845323036079e-06,-1.6303320050282348e-06,-4.4471248494939684e-06
1573069256897,2019-11-06T14:40:56.897,45.2,5.911164399052914e-06,-1.4561142925779893e-06,-3.764025490158026e-06
1573069256947,2019-11-06T14:40:56.947,45.25,6.425546825746384e-06,-1.0477134703726493e-06,-2.70219747393075e-06
1573069256997,2019-11-06T14:40:56.997,45.3,6.773442191798746e-06,-8.026233804335486e-07,-2.1904012626348317e-06
1573069257047,2019-11-06T14:40:57.047,45.35,7.0912372222738175e-06,-8.540859359537436e-07,-2.5503793288163332e-06
1573069257097,2019-11-06T14:40:57.097,45.4,7.674579196049948e-06,-7.851228101444443e-07,-2.7914813221195173e-06
1573069257147,2019-11-06T14:40:57.147,45.45,8.130692699260953e-06,-4.198691000585223e-07,-2.1344121752258377e-06
1573069257197,2019-11-06T14:40:57.197,45.5,7.837906186367238e-06,-1.3878251384548588e-07,-1.2299234881623363e-06
1573069257247,2019-11-06T14:40:57.247,45.55,7.141674906375306e-06,-1.1233818387906675e-07,-1.0982972905234344e-06
1573069257297,2019-11-06T14:40:57.297,45.6,6.93137224227912e-06,3.560064695064014e-08,-1.6969181084605486e-06
1573069257347,2019-11-06T14:40:57.347,45.65,7.177325886490323e-06,4.882333699955485e-07,-2.226869583330945e-06
1573069257397,2019-11-06T14:40:57.397,45.7,7.027995799856288e-06,9.137782575738628e-07,-2.2981051105758047e-06
1573069257447,2019-11-06T14:40:57.447,45.75,6.305634951694692e-06,1.1403545816093453e-06,-2.1449326176521875e-06
1573069257497,2019-11-06T14:40:57.497,45.8,5.840346575076292e-06,1.3665445556354137e-06,-2.0682083786681227e-06
1573069257547,2019-11-06T14:40:57.547,45.85,6.129093476593519e-06,1.5524301854949398e-06,-2.203206802743852e-06
1573069257597,2019-11-06T14:40:57.597,45.9,6.56695469181737e-06,1.3925098968043263e-06,-2.4355399709300877e-06
1573069257647,2019-11-06T14:40:57.647,45.95,6.438578172072622e-06,9.794922380146686e-07,-2.327680354437465e-06
1573069257697,2019-11-06T14:40:57.697,46.0,5.982213371067094e-06,8.233900134349448e-07,-1.7362971362830835e-06
1573069257747,2019-11-06T14:40:57.747,46.05,5.878348435587589e-06,1.1340668430599295e-06,-1.2765648532659464e-06
1573069257797,2019-11-06T14:40:57.797,46.1,6.17305179024322e-06,1.5672467507839667e-06,-1.3722816980183673e-06
1573069257847,2019-11-06T14:40:57.847,46.15,6.388022307346695e-06,1.7637371920028634e-06,-1.4642987589560923e-06
1573069257897,2019-11-06T14:40:57.897,46.2,6.3485012562884645e-06,1.8098436135226915e-06,-1.0597245444946883e-06
1573069257947,2019-11-06T14:40:57.947,46.25,6.166080649305415e-06,2.059604806177341e-06,-7.472957741354979e-07
1573069257997,2019-11-06T14:40:57.997,46.3,5.552589632046395e-06,2.651461547562878e-06,-1.2300333616416477e-06
1573069258047,2019-11-06T14:40:58.047,46.35,3.8116558649375963e-06,3.2639572631493976e-06,-2.063149123133231e-06
1573069258097,2019-11-06T14:40:58.097,46.4,6.634541464128366e-07,3.4106340754887304e-06,-2.1837131227704246e-06
1573069258147,2019-11-06T14:40:58.147,46.45,-3.2071374487952556e-06,3.0396481172772326e-06,-1.2154834582213329e-06
1573069258197,2019-11-06T14:40:58.197,46.5,-6.629421567058641e-06,2.647757734378997e-06,3.5704287269462325e-07
1573069258247,2019-11-06T14:40:58.247,46.55,-8.961733043866123e-06,2.6417353771348662e-06,1.948144574865457e-06
1573069258297,2019-11-06T14:40:58.297,46.6,-1.0472820546346335e-05,2.825837748461927e-06,3.28408622696162e-06
1573069258347,2019-11-06T14:40:58.347,46.65,-1.1661461242303089e-05,2.7398469008624056e-06,4.310552657765445e-06
1573069258397,2019-11-06T14:40:58.397,46.7,-1.2553241912753994e-05,2.322973687388984e-06,5.135666141484585e-06
1573069258447,2019-11-06T14:40:58.447,46.75,-1.3052677804325695e-05,1.9794450550077035e-06,5.918442022306078e-06
1573069258497,2019-11-06T14:40:58.497,46.8,-1.3533622303446403e-05,2.003731143107407e-06,6.640186545813705e-06
1573069258547,2019-11-06T14:40:58.547,46.85,-1.4301726390826718e-05,2.205575833664268e-06,7.246253601058313e-06
1573069258597,2019-11-06T14:40:58.597,46.9,-1.4896219033406075e-05,2.2672438986117893e-06,7.909867516599123e-06
1573069258647,2019-11-06T14:40:58.647,46.95,-1.4847659741199431e-05,2.199992273684757e-06,8.697363099115526e-06
1573069258697,2019-11-06T14:40:58.697,47.0,-1.4631656773435966e-05,2.123486081115803e-06,9.213607185374096e-06
1573069258747,2019-11-06T14:40:58.747,47.05,-1.4951190382390326e-05,1.9329789576317423e-06,9.150113437669579e-06
1573069258797,2019-11-06T14:40:58.797,47.1,-1.558762281899909e-05,1.6481017106291574e-06,8.957486381742566e-06
1573069258847,2019-11-06T14:40:58.847,47.15,-1.5761984171305446e-05,1.6188810825598105e-06,9.383259725898842e-06
1573069258897,2019-11-06T14:40:58.897,47.2,-1.528415637156267e-05,1.8668883782526613e-06,1.0455018244171735e-05
1573069258947,2019-11-06T14:40:58.947,47.25,-1.4753710868816903e-05,1.894864697004888e-06,1.1502911046696518e-05
1573069258997,2019-11-06T14:40:58.997,47.3,-1.4739665157778978e-05,1.5974574633855943e-06,1.2136029662601507e-05
1573069259047,2019-11-06T14:40:59.047,47.35,-1.5164215178012865e-05,1.4693797735218609e-06,1.2509899544333263e-05
1573069259097,2019-11-06T14:40:59.097,47.4,-1.5554672974283563e-05,1.623385032567562e-06,1.2689507043440912e-05
1573069259147,2019-11-06T14:40:59.147,47.45,-1.567099507084742e-05,1.606833088231294e-06,1.2577020372167207e-05
1573069259197,2019-11-06T14:40:59.197,47.5,-1.5740408132639404e-05,1.2688928094592233e-06,1.2368711460532495e-05
1573069259247,2019-11-06T14:40:59.247,47.55,-1.605160527202007e-05,8.810106485115848e-07,1.230815359574827e-05
1573069259297,2019-11-06T14:40:59.297,47.6,-1.6442223921371435e-05,5.757421275586501e-07,1.2210812679853222e-05
1573069259347,2019-11-06T14:40:59.347,47.65,-1.6495017645063386e-05,3.684156263672117e-07,1.1794770397160842e-05
1573069259397,2019-11-06T14:40:59.397,47.7,-1.6230167881917148e-05,3.346436692734924e-07,1.1182005382659197e-05
1573069259447,2019-11-06T14:40:59.447,47.75,-1.6136704361634732e-05,3.6842623741146196e-07,1.0734131137807765e-05
1573069259497,2019-11-06T14:40:59.497,47.8,-1.640786859022597e-05,2.094836274946739e-07,1.057879610818506e-05
1573069259547,2019-11-06T14:40:59.547,47.85,-1.665428994580381e-05,-2.2628750554273477e-07,1.048414526562501e-05
1573069259597,2019-11-06T14:40:59.597,47.9,-1.6591479604278083e-05,-7.994086927562457e-07,1.0194458895690388e-05
1573069259647,2019-11-06T14:40:59.647,47.95,-1.6472463276762866e-05,-1.2148755269002719e-06,9.667627694199163e-06
1573069259697,2019-11-06T14:40:59.697,48.0,-1.6521800288070743e-05,-1.2004582712600746e-06,8.888297149497826e-06
1573069259747,2019-11-06T14:40:59.747,48.05,-1.6511096419089535e-05,-9.32617066598105e-07,7.878869129735476e-06
1573069259797,2019-11-06T14:40:59.797,48.1,-1.6199405271658377e-05,-9.237983356105688e-07,6.989760572469612e-06
1573069259847,2019-11-06T14:40:59.847,48.15,-1.5621725688915557e-05,-1.2267704103331646e-06,6.586939937037026e-06
1573069259897,2019-11-06T14:40:59.897,48.2,-1.4891234391960448e-05,-1.31796742721362e-06,6.4452908875767655e-06
1573069259947,2019-11-06T14:40:59.947,48.25,-1.4289566281811785e-05,-9.879190153331183e-07,6.0342161200422345e-06
1573069259997,2019-11-06T14:40:59.997,48.3,-1.4197676757964264e-05,-7.318615518432055e-07,5.303164370817596e-06
1573069260047,2019-11-06T14:41:00.047,48.35,-1.4388681353908698e-05,-1.0150315260076074e-06,4.6521519602235645e-06
1573069260097,2019-11-06T14:41:00.097,48.4,-1.4109668823537299e-05,-1.6328780230754656e-06,4.213660963502291e-06
1573069260147,2019-11-06T14:41:00.147,48.45,-1.3289129493384937e-05,-2.0564578080822096e-06,3.6637457721604736e-06
1573069260197,2019-11-06T14:41:00.197,48.5,-1.267391127748798e-05,-2.1422726591120216e-06,2.7220518217647295e-06
1573069260247,2019-11-06T14:41:00.247,48.55,-1.2440105406083506e-05,-2.1993048711544508e-06,1.4488801615624088e-06
1573069260297,2019-11-06T14:41:00.297,48.6,-1.1769984386325283e-05,-2.415239239189139e-06,1.861711327091057e-07
1573069260347,2019-11-06T14:41:00.347,48.65,-1.0241426854833607e-05,-2.5991694376857223e-06,-5.959699624121897e-07
1573069260397,2019-11-06T14:41:00.397,48.7,-8.65210493713273e-06,-2.583208598999422e-06,-7.933026265829849e-07
1573069260447,2019-11-06T14:41:00.447,48.75,-7.830253934281122e-06,-2.5208699460774386e-06,-9.921950696807653e-07
1573069260497,2019-11-06T14:41:00.497,48.8,-7.4621875987845605e-06,-2.665274207477946e-06,-1.7250707938219615e-06
1573069260547,2019-11-06T14:41:00.547,48.85,-6.8847785945795855e-06,-3.020656388184884e-06,-2.6197907140334585e-06
1573069260597,2019-11-06T14:41:00.597,48.9,-6.189196842777408e-06,-3.2957650472507897e-06,-2.9551268496675566e-06
1573069260647,2019-11-06T14:41:00.647,48.95,-5.672297151318343e-06,-3.288214543309476e-06,-2.7707731188873694e-06
1573069260697,2019-11-06T14:41:00.697,49.0,-5.129692394881272e-06,-3.199968280836141e-06,-2.72497122972943e-06
1573069260747,2019-11-06T14:41:00.747,49.05,-4.493291832978004e-06,-3.2626380353387784e-06,-3.0916563879316205e-06
1573069260797,2019-11-06T14:41:00.797,49.1,-4.152953036316122e-06,-3.3145856781063233e-06,-3.528239776927418e-06
1573069260847,2019-11-06T14:41:00.847,49.15,-4.073552614119466e-06,-3.2278149254713553e-06,-3.6673298173920438e-06
1573069260897,2019-11-06T14:41:00.897,49.2,-3.7564210261153887e-06,-3.3249088767134352e-06,-3.5288003761932917e-06
1573069260947,2019-11-06T14:41:00.947,49.25,-3.363846185370122e-06,-3.7987388862267198e-06,-3.453211547549702e-06
1573069260997,2019-11-06T14:41:00.997,49.3,-3.5044768424779037e-06,-4.249662858996252e-06,-3.7181275192790135e-06
1573069261047,2019-11-06T14:41:01.047,49.35,-3.853810629134956e-06,-4.350521294638343e-06,-4.1702558713056275e-06
1573069261097,2019-11-06T14:41:01.097,49.4,-3.5091357381408487e-06,-4.346626087493446e-06,-4.3932373114988245e-06
1573069261147,2019-11-06T14:41:01.147,49.45,-2.6025952385518506e-06,-4.4489822049041e-06,-4.227949605163305e-06
1573069261197,2019-11-06T14:41:01.197,49.5,-2.096256918968168e-06,-4.467868084672271e-06,-3.9389519432979385e-06
1573069261247,2019-11-06T14:41:01.247,49.55,-2.2344782662206738e-06,-4.376665661612543e-06,-3.918720825151638e-06
1573069261297,2019-11-06T14:41:01.297,49.6,-2.4673041646089315e-06,-4.425903693722114e-06,-4.237957706427779e-06
1573069261347,2019-11-06T14:41:01.347,49.65,-2.5385771099641416e-06,-4.4849017081634755e-06,-4.4973880124808145e-06
1573069261397,2019-11-06T14:41:01.397,49.7,-2.6841426973301925e-06,-4.095544624053674e-06,-4.39111066583894e-06
1573069261447,2019-11-06T14:41:01.447,49.75,-3.1044267911606912e-06,-3.2974476473527466e-06,-4.2340645354085185e-06
1573069261497,2019-11-06T14:41:01.497,49.8,-3.743446190120387e-06,-2.671494350110758e-06,-4.400974163258193e-06
1573069261547,2019-11-06T14:41:01.547,49.85,-4.366149735493967e-06,-2.538681252255607e-06,-4.567449537991465e-06
1573069261597,2019-11-06T14:41:01.597,49.9,-4.835030731421588e-06,-2.6545347573692593e-06,-4.222480213388557e-06
1573069261647,2019-11-06T14:41:01.647,49.95,-5.32672363454568e-06,-2.6605599873325614e-06,-3.627881868157053e-06
1573069261697,2019-11-06T14:41:01.697,50.0,-6.004459024816875e-06,-2.4706685506427845e-06,-3.4806655983062155e-06
1573069261747,2019-11-06T14:41:01.747,50.05,-6.677208370905186e-06,-2.171229726463753e-06,-3.8006904228402313e-06
1573069261797,2019-11-06T14:41:01.797,50.1,-7.074571988081247e-06,-1.790066888132505e-06,-3.9059048183336264e-06
1573069261847,2019-11-06T14:41:01.847,50.15,-7.124329799600022e-06,-1.3507930222707525e-06,-3.43105717465828e-06
1573069261897,2019-11-06T14:41:01.897,50.2,-6.838072816205771e-06,-9.932550899687367e-07,-2.7413012111824155e-06
1573069261947,2019-11-06T14:41:01.947,50.25,-6.326600521657712e-06,-8.601449386891745e-07,-2.3545242688015918e-06
1573069261997,2019-11-06T14:41:01.997,50.3,-5.9237315066503784e-06,-9.324133769699508e-07,-2.4096538263836403e-06
1573069262047,2019-11-06T14:41:02.047,50.35,-5.899973982984279e-06,-9.882965966600124e-07,-2.655516597450525e-06
1573069262097,2019-11-06T14:41:02.097,50.4,-6.042307415609847e-06,-8.142894524813134e-07,-2.7292445671515927e-06
1573069262147,2019-11-06T14:41:02.147,50.45,-5.842025804632981e-06,-5.14196366597955e-07,-2.556194467099481e-06
1573069262197,2019-11-06T14:41:02.197,50.5,-5.171038989814556e-06,-2.849560134639935e-07,-2.4044292893207837e-06
1573069262247,2019-11-06T14:41:02.247,50.55,-4.467147976315882e-06,-9.925659972237307e-09,-2.372933477408618e-06
1573069262297,2019-11-06T14:41:02.297,50.6,-4.095065715401228e-06,3.9987775707878007e-07,-2.2265199564258646e-06
1573069262347,2019-11-06T14:41:02.347,50.65,-3.842507248312793e-06,6.656529359318506e-07,-1.9335584267552465e-06
1573069262397,2019-11-06T14:41:02.397,50.7,-3.2818209956150667e-06,6.819579492115706e-07,-1.7736968808018363e-06
1573069262447,2019-11-06T14:41:02.447,50.75,-2.3499103182948086e-06,7.750569967438531e-07,-1.7948014831538016e-06
1573069262497,2019-11-06T14:41:02.497,50.8,-1.3593854172623943e-06,1.0268353152474087e-06,-1.799373461332429e-06
1573069262547,2019-11-06T14:41:02.547,50.85,-6.513979622802983e-07,1.1223309177729358e-06,-1.8393069424328632e-06
1573069262597,2019-11-06T14:41:02.597,50.9,-3.148153062561809e-07,1.1401299613030765e-06,-2.0613313679813796e-06
1573069262647,2019-11-06T14:41:02.647,50.95,-8.804306659806023e-08,1.5974808887419063e-06,-2.1983929125809745e-06
1573069262697,2019-11-06T14:41:02.697,51.0,3.8468189661177095e-07,2.456896579036633e-06,-1.9344748911387926e-06
1573069262747,2019-11-06T14:41:02.747,51.05,1.1146408099668403e-06,2.9896519758145428e-06,-1.5248244053955704e-06
1573069262797,2019-11-06T14:41:02.797,51.1,1.7784150215772707e-06,2.8729866940621363e-06,-1.267117314143446e-06
1573069262847,2019-11-06T14:41:02.847,51.15,2.2039758144247228e-06,2.61144577871805e-06,-8.652533878776576e-07
1573069262897,2019-11-06T14:41:02.897,51.2,2.6193249718152897e-06,2.6435707676934654e-06,-1.9350399724273015e-07
1573069262947,2019-11-06T14:41:02.947,51.25,3.2813930256279335e-06,2.7402964970331712e-06,1.5355516735062963e-07
1573069262997,2019-11-06T14:41:02.997,51.3,4.01573775926252e-06,2.6181630679484183e-06,-4.935875934638527e-08
1573069263047,2019-11-06T14:41:03.047,51.35,4.449646855005341e-06,2.568304231991398e-06,-1.252311834577465e-07
1573069263097,2019-11-06T14:41:03.097,51.4,4.588135409114854e-06,2.935862545644487e-06,2.658077938665966e-07
1573069263147,2019-11-06T14:41:03.147,51.45,4.715329505485889e-06,3.4354991402541758e-06,5.916351164388606e-07
1573069263197,2019-11-06T14:41:03.197,51.5,4.962421904604792e-06,3.621379120762406e-06,5.870153337483558e-07
1573069263247,2019-11-06T14:41:03.247,51.55,5.403505091738699e-06,3.553259538653479e-06,6.969389523596646e-07
1573069263297,2019-11-06T14:41:03.297,51.6,6.128286479098102e-06,3.4782110685138296e-06,1.0633453033028612e-06
1573069263347,2019-11-06T14:41:03.347,51.65,6.886139729456075e-06,3.410399088306872e-06,1.1923300206899848e-06
1573069263397,2019-11-06T14:41:03.397,51.7,7.223551155038387e-06,3.283062343336686e-06,9.780488262537047e-07
1573069263447,2019-11-06T14:41:03.447,51.75,7.1830257931285164e-06,3.098722469622754e-06,1.065470328777253e-06
1573069263497,2019-11-06T14:41:03.497,51.8,7.3387665093444505e-06,2.9912575518150574e-06,1.7632559480472623e-06
1573069263547,2019-11-06T14:41:03.547,51.85,8.013001543780995e-06,3.2058866707845594e-06,2.417532604810637e-06
1573069263597,2019-11-06T14:41:03.597,51.9,8.851739597549312e-06,3.722411302670124e-06,2.389869243141487e-06
1573069263647,2019-11-06T14:41:03.647,51.95,9.335902400438567e-06,4.126022976902024e-06,2.1162979594378198e-06
1573069263697,2019-11-06T14:41:03.697,52.0,9.48242996099564e-06,4.09977063574689e-06,2.532348027707797e-06
1573069263747,2019-11-06T14:41:03.747,52.05,9.742718287932958e-06,3.690880005155193e-06,3.5810802929834696e-06
1573069263797,2019-11-06T14:41:03.797,52.1,1.0278854339426795e-05,3.101731177503042e-06,4.189236409617221e-06
1573069263847,2019-11-06T14:41:03.847,52.15,1.0759502033867304e-05,2.595603186551883e-06,4.055408847211027e-06
1573069263897,2019-11-06T14:41:03.897,52.2,1.0942133966399588e-05,2.4512536750199713e-06,4.2482580698727115e-06
1573069263947,2019-11-06T14:41:03.947,52.25,1.1043042512966398e-05,2.7091157554233053e-06,5.2664807035322e-06
1573069263997,2019-11-06T14:41:03.997,52.3,1.1319202587779839e-05,3.032308958783572e-06,5.981852782153979e-06
1573069264047,2019-11-06T14:41:04.047,52.35,1.1642550587417121e-05,2.99975674882573e-06,5.564236682144417e-06
1573069264097,2019-11-06T14:41:04.097,52.4,1.1874422587352283e-05,2.611463466320062e-06,4.9739551641501075e-06
1573069264147,2019-11-06T14:41:04.147,52.45,1.2224720013644081e-05,2.314776125321171e-06,5.448031121732732e-06
1573069264197,2019-11-06T14:41:04.197,52.5,1.2651523534595153e-05,2.3781552175794586e-06,6.665457104694861e-06
1573069264247,2019-11-06T14:41:04.247,52.55,1.2579730691615035e-05,2.5873616837851293e-06,7.3457184452662535e-06
1573069264297,2019-11-06T14:41:04.297,52.6,1.1970803717806469e-05,2.742602001012358e-06,7.053135796601867e-06
1573069264347,2019-11-06T14:41:04.347,52.65,1.1791996804641207e-05,2.958479947160804e-06,6.635773054609938e-06
1573069264397,2019-11-06T14:41:04.397,52.7,1.2613312012900501e-05,3.2997124159133588e-06,6.878463425888895e-06
1573069264447,2019-11-06T14:41:04.447,52.75,1.3601583422399355e-05,3.600444187026457e-06,7.4270490836442554e-06
1573069264497,2019-11-06T14:41:04.497,52.8,1.3650736710989322e-05,3.6721894973430963e-06,7.515753075241015e-06
1573069264547,2019-11-06T14:41:04.547,52.85,1.2904504529799434e-05,3.3783979576537373e-06,7.095527348285154e-06
1573069264597,2019-11-06T14:41:04.597,52.9,1.2524691305585104e-05,2.8036502596039133e-06,6.634454185859967e-06
1573069264647,2019-11-06T14:41:04.647,52.95,1.3118750769807922e-05,2.4909422110272406e-06,6.43478083008651e-06
1573069264697,2019-11-06T14:41:04.697,53.0,1.3920687274324908e-05,2.8701070769333504e-06,6.55007353322313e-06
1573069264747,2019-11-06T14:41:04.747,53.05,1.3875724910436408e-05,3.440483097127534e-06,6.725768193464451e-06
1573069264797,2019-11-06T14:41:04.797,53.1,1.3141310064019678e-05,3.3888086796637125e-06,6.402817188338609e-06
1573069264847,2019-11-06T14:41:04.847,53.15,1.2742834094985737e-05,2.9244890279355502e-06,5.436863748304113e-06
1573069264897,2019-11-06T14:41:04.897,53.2,1.297679537854617e-05,2.9545455347115852e-06,4.432735162977728e-06
1573069264947,2019-11-06T14:41:04.947,53.25,1.3084839508946686e-05,3.54540513644781e-06,3.81469854210321e-06
1573069264997,2019-11-06T14:41:04.997,53.3,1.2446041417816485e-05,3.907132544537212e-06,3.285158051412903e-06
1573069265047,2019-11-06T14:41:05.047,53.35,1.1309379043612042e-05,3.805189968052952e-06,2.6118352423304685e-06
1573069265097,2019-11-06T14:41:05.097,53.4,1.0270018091764127e-05,3.687989375183758e-06,2.06945684044741e-06
1573069265147,2019-11-06T14:41:05.147,53.45,9.525330730794818e-06,3.6047324628677673e-06,1.7858693642849994e-06
1573069265197,2019-11-06T14:41:05.197,53.5,8.860134182598121e-06,3.320213015072628e-06,1.4330181443542953e-06
1573069265247,2019-11-06T14:41:05.247,53.55,8.132661879281168e-06,3.0977487133690607e-06,8.057794518606968e-07
1573069265297,2019-11-06T14:41:05.297,53.6,7.48488828683967e-06,3.185105043514213e-06,1.5288717444876796e-07
1573069265347,2019-11-06T14:41:05.347,53.65,7.1032247777676655e-06,3.1915452494827478e-06,-2.4869488147606667e-07
1573069265397,2019-11-06T14:41:05.397,53.7,6.965967810114176e-06,2.838100441235067e-06,-4.89206348376166e-07
1573069265447,2019-11-06T14:41:05.447,53.75,6.840336342347188e-06,2.4591653998265225e-06,-8.186532180094994e-07
1573069265497,2019-11-06T14:41:05.497,53.8,6.508719885365686e-06,2.2632439437724564e-06,-1.277641245187324e-06
1573069265547,2019-11-06T14:41:05.547,53.85,6.063708750037859e-06,2.0093390833645524e-06,-1.7320893561753742e-06
1573069265597,2019-11-06T14:41:05.597,53.9,5.874442460830932e-06,1.6110036284444513e-06,-2.105485047378024e-06
1573069265647,2019-11-06T14:41:05.647,53.95,6.071688274336557e-06,1.2293791458558005e-06,-2.4032609147866906e-06
1573069265697,2019-11-06T14:41:05.697,54.0,6.253348222193626e-06,8.231165384200848e-07,-2.6675976940864427e-06
1573069265747,2019-11-06T14:41:05.747,54.05,6.055899901025493e-06,3.2824211007665067e-07,-2.976053186069767e-06
1573069265797,2019-11-06T14:41:05.797,54.1,5.758416828487435e-06,2.6698624053858913e-08,-3.321430374489392e-06
1573069265847,2019-11-06T14:41:05.847,54.15,5.787845851685522e-06,1.1684851743308538e-07,-3.6012719131679275e-06
1573069265897,2019-11-06T14:41:05.897,54.2,5.960440730734408e-06,2.3972155242384057e-07,-3.85035527196504e-06
1573069265947,2019-11-06T14:41:05.947,54.25,5.883910853799801e-06,-8.168051565070436e-08,-4.173565910791085e-06
1573069265997,2019-11-06T14:41:05.997,54.3,5.706810592535766e-06,-7.620188605892334e-07,-4.434524251243401e-06
1573069266047,2019-11-06T14:41:06.047,54.35,5.701036309588218e-06,-1.2996618793834869e-06,-4.5050361009736865e-06
1573069266097,2019-11-06T14:41:06.097,54.4,5.567996820467032e-06,-1.531312950606057e-06,-4.646266731303889e-06
1573069266147,2019-11-06T14:41:06.147,54.45,5.001579200547822e-06,-1.7885528107876918e-06,-5.020532096567499e-06
1573069266197,2019-11-06T14:41:06.197,54.5,4.419460592112376e-06,-2.213292830060563e-06,-5.2383042946759e-06
1573069266247,2019-11-06T14:41:06.247,54.55,4.289333988846293e-06,-2.530021574707813e-06,-5.018584220130496e-06
1573069266297,2019-11-06T14:41:06.297,54.6,4.31091012657316e-06,-2.6321395936174456e-06,-4.707512749794143e-06
1573069266347,2019-11-06T14:41:06.347,54.65,4.033924475728143e-06,-2.692153512560653e-06,-4.670065921889023e-06
1573069266397,2019-11-06T14:41:06.397,54.7,3.6515959123734843e-06,-2.7378603147629356e-06,-4.804558230643996e-06
1573069266447,2019-11-06T14:41:06.447,54.75,3.4900868210105843e-06,-2.761922238887389e-06,-4.8944872258351025e-06
1573069266497,2019-11-06T14:41:06.497,54.8,3.3321273240239044e-06,-2.8614521393867326e-06,-4.889831181143884e-06
1573069266547,2019-11-06T14:41:06.547,54.85,2.895855602535218e-06,-2.8888833560277333e-06,-4.822012177368978e-06
1573069266597,2019-11-06T14:41:06.597,54.9,2.401368215967984e-06,-2.700852423944556e-06,-4.844212012913958e-06
1573069266647,2019-11-06T14:41:06.647,54.95,2.040562826772946e-06,-2.668418398105853e-06,-5.167946161396402e-06
1573069266697,2019-11-06T14:41:06.697,55.0,1.5056890077765825e-06,-2.9678768332782174e-06,-5.631177985834106e-06
1573069266747,2019-11-06T14:41:06.747,55.05,6.645401299518479e-07,-2.9494363193281094e-06,-5.6834880721525504e-06
1573069266797,2019-11-06T14:41:06.797,55.1,5.4571818066421844e-08,-2.2115626894668267e-06,-5.140924435491355e-06
1573069266847,2019-11-06T14:41:06.847,55.15,1.3854981674079342e-07,-1.394251792424546e-06,-4.507773175244172e-06
1573069266897,2019-11-06T14:41:06.897,55.2,6.271440961676734e-07,-1.131111537019627e-06,-4.22511450792007e-06
1573069266947,2019-11-06T14:41:06.947,55.25,9.1092041475334e-07,-1.2438555570990005e-06,-4.185357158013012e-06
1573069266997,2019-11-06T14:41:06.997,55.3,7.28941121078079e-07,-1.3997369459130924e-06,-4.235641071909981e-06
1573069267047,2019-11-06T14:41:07.047,55.35,2.2243578930755935e-07,-1.5259689782155555e-06,-4.350613317635462e-06
1573069267097,2019-11-06T14:41:07.097,55.4,-3.8097559335432925e-07,-1.4078853197639847e-06,-4.2468098066825315e-06
1573069267147,2019-11-06T14:41:07.147,55.45,-9.75301320288424e-07,-8.572888064242431e-07,-3.8452750777211905e-06
1573069267197,2019-11-06T14:41:07.197,55.5,-1.508736135471899e-06,-3.099624129326082e-07,-3.803765007173046e-06
1573069267247,2019-11-06T14:41:07.247,55.55,-1.8319932681351131e-06,-3.6135719509553414e-07,-4.427846315594131e-06
1573069267297,2019-11-06T14:41:07.297,55.6,-1.8052147014940849e-06,-7.983435844132304e-07,-4.793668162769678e-06
1573069267347,2019-11-06T14:41:07.347,55.65,-1.5986343396026402e-06,-9.247602750814194e-07,-4.189031577342629e-06
1573069267397,2019-11-06T14:41:07.397,55.7,-1.6148679597871046e-06,-6.056902480402352e-07,-3.434004190438003e-06
1573069267447,2019-11-06T14:41:07.447,55.75,-1.8887486468028092e-06,-2.497491288688495e-07,-3.533380987452808e-06
1573069267497,2019-11-06T14:41:07.497,55.8,-1.924083049937481e-06,-1.052982386357192e-07,-4.027402573886656e-06
1573069267547,2019-11-06T14:41:07.547,55.85,-1.4920211842584446e-06,-7.383700256801358e-08,-3.878088180800884e-06
1573069267597,2019-11-06T14:41:07.597,55.9,-1.0855381604156265e-06,1.0333169696671162e-07,-3.1747855967658088e-06
1573069267647,2019-11-06T14:41:07.647,55.95,-1.152197938723307e-06,5.603311176856165e-07,-2.845550966016672e-06
1573069267697,2019-11-06T14:41:07.697,56.0,-1.461197240311338e-06,9.832343939756743e-07,-3.1539880716354096e-06
1573069267747,2019-11-06T14:41:07.747,56.05,-1.6120382958445307e-06,9.11727657008417e-07,-3.47283325785423e-06
1573069267797,2019-11-06T14:41:07.797,56.1,-1.6211123635308399e-06,4.7526189629480297e-07,-3.4407342304380463e-06
1573069267847,2019-11-06T14:41:07.847,56.15,-1.6862093726578868e-06,1.9718992251691315e-07,-3.432001609363773e-06
1573069267897,2019-11-06T14:41:07.897,56.2,-1.7843602048276504e-06,1.0869595027448975e-07,-3.685436497819219e-06
1573069267947,2019-11-06T14:41:07.947,56.25,-1.788718602289892e-06,-9.19937482860134e-08,-3.864375264891936e-06
1573069267997,2019-11-06T14:41:07.997,56.3,-1.7259190400754756e-06,-1.8726840441420837e-07,-3.8029519085283286e-06
1573069268047,2019-11-06T14:41:08.047,56.35,-1.6656067727089481e-06,2.1958492473520115e-07,-3.8124780226678927e-06
1573069268097,2019-11-06T14:41:08.097,56.4,-1.4955745554587033e-06,8.094467493801697e-07,-4.025021313034768e-06
1573069268147,2019-11-06T14:41:08.147,56.45,-1.0442442255007495e-06,1.0320266846217296e-06,-4.209503544054767e-06
1573069268197,2019-11-06T14:41:08.197,56.5,-3.776193030467946e-07,1.0078818682676541e-06,-4.249186179103542e-06
1573069268247,2019-11-06T14:41:08.247,56.55,3.1450639166608623e-07,1.1251215650976384e-06,-4.2403249309651105e-06
1573069268297,2019-11-06T14:41:08.297,56.6,1.0666555233951485e-06,1.4392964066209277e-06,-4.241402238624081e-06
1573069268347,2019-11-06T14:41:08.347,56.65,1.8849431811580193e-06,1.9380565683328112e-06,-4.234259958198034e-06
1573069268397,2019-11-06T14:41:08.397,56.7,2.3639558100161836e-06,2.572290704907707e-06,-4.221134649968786e-06
1573069268447,2019-11-06T14:41:08.447,56.75,2.310143186432454e-06,2.929634308613125e-06,-4.161501488259168e-06
1573069268497,2019-11-06T14:41:08.497,56.8,2.297543695602039e-06,2.710251997445849e-06,-3.882636684311681e-06
1573069268547,2019-11-06T14:41:08.547,56.85,2.7418168946642227e-06,2.3501409644737804e-06,-3.3907745715930615e-06
1573069268597,2019-11-06T14:41:08.597,56.9,3.168873906872749e-06,2.4180846661266922e-06,-3.151894978236244e-06
1573069268647,2019-11-06T14:41:08.647,56.95,3.195010456212423e-06,2.7834379356167454e-06,-3.4523815548736586e-06
1573069268697,2019-11-06T14:41:08.697,57.0,3.2107703024169154e-06,3.0463844681994646e-06,-3.778885543867824e-06
1573069268747,2019-11-06T14:41:08.747,57.05,3.44569035500215e-06,3.2133203313210297e-06,-3.6481347822710955e-06
1573069268797,2019-11-06T14:41:08.797,57.1,3.4783109582174803e-06,3.3568435471637623e-06,-3.4578492940292307e-06
1573069268847,2019-11-06T14:41:08.847,57.15,3.1211972807009775e-06,3.27255328273419e-06,-3.6072642975607703e-06
1573069268897,2019-11-06T14:41:08.897,57.2,2.7743353187007972e-06,2.9458323640027883e-06,-3.6714212716151347e-06
1573069268947,2019-11-06T14:41:08.947,57.25,2.698118213838791e-06,2.7783379721940127e-06,-3.3478036237519226e-06
1573069268997,2019-11-06T14:41:08.997,57.3,2.7702323798565786e-06,3.029657548389746e-06,-3.1421228410492356e-06
1573069269047,2019-11-06T14:41:09.047,57.35,2.9290478348224007e-06,3.3961029480005638e-06,-3.356099198454599e-06
1573069269097,2019-11-06T14:41:09.097,57.4,3.1619357404546693e-06,3.408603679736923e-06,-3.514574951918987e-06
1573069269147,2019-11-06T14:41:09.147,57.45,3.302953553735861e-06,3.145861361441028e-06,-3.3277048765061206e-06
1573069269197,2019-11-06T14:41:09.197,57.5,3.402827393122355e-06,3.1595260817627075e-06,-3.185691259964616e-06
1573069269247,2019-11-06T14:41:09.247,57.55,3.784806959403324e-06,3.5832424907265082e-06,-3.3714779194700185e-06
1573069269297,2019-11-06T14:41:09.297,57.6,4.303724677060894e-06,3.919537454187955e-06,-3.6264439758780925e-06
1573069269347,2019-11-06T14:41:09.347,57.65,4.300182369625226e-06,3.890490939831922e-06,-3.6846386200632473e-06
1573069269397,2019-11-06T14:41:09.397,57.7,3.6478531224631587e-06,3.782370129918254e-06,-3.6114507358481207e-06
1573069269447,2019-11-06T14:41:09.447,57.75,3.0243360096132464e-06,3.875499705367881e-06,-3.4773389109007853e-06
1573069269497,2019-11-06T14:41:09.497,57.8,2.810240912003189e-06,4.152539859254158e-06,-3.164325204465322e-06
1573069269547,2019-11-06T14:41:09.547,57.85,2.539066610153637e-06,4.392211677521757e-06,-2.6799986169420123e-06
1573069269597,2019-11-06T14:41:09.597,57.9,1.8025577985610127e-06,4.26009452765158e-06,-2.2501557453178304e-06
1573069269647,2019-11-06T14:41:09.647,57.95,9.042064135364104e-07,3.789564957198487e-06,-1.8913358315683115e-06
1573069269697,2019-11-06T14:41:09.697,58.0,2.3830727691325484e-07,3.576866396612223e-06,-1.441375890595047e-06
1573069269747,2019-11-06T14:41:09.747,58.05,-3.06663990620165e-07,3.802004848358277e-06,-1.1100118537451923e-06
1573069269797,2019-11-06T14:41:09.797,58.1,-1.073776177003951e-06,3.814561847323011e-06,-1.1194944310017833e-06
1573069269847,2019-11-06T14:41:09.847,58.15,-2.193757740762185e-06,3.423711657317385e-06,-8.404769919141034e-07
1573069269897,2019-11-06T14:41:09.897,58.2,-3.434166713277852e-06,3.3249746169785168e-06,6.200192019307908e-07
1573069269947,2019-11-06T14:41:09.947,58.25,-4.325032015368341e-06,3.644023187084713e-06,3.077530082823766e-06
1573069269997,2019-11-06T14:41:09.997,58.3,-4.610746168923693e-06,3.6029322935447616e-06,5.393969424023565e-06
1573069270047,2019-11-06T14:41:10.047,58.35,-4.602122473702388e-06,2.96088837397035e-06,6.684744711637734e-06
1573069270097,2019-11-06T14:41:10.097,58.4,-4.887255249307045e-06,2.3071132833474105e-06,6.8941441127334565e-06
1573069270147,2019-11-06T14:41:10.147,58.45,-5.731676812951016e-06,1.949210799175151e-06,6.547297401758414e-06
1573069270197,2019-11-06T14:41:10.197,58.5,-6.855797945455357e-06,1.6813669157335696e-06,6.288537471760285e-06
1573069270247,2019-11-06T14:41:10.247,58.55,-7.75743755717497e-06,1.3484282219961127e-06,6.442368381414706e-06
1573069270297,2019-11-06T14:41:10.297,58.6,-8.23810643735778e-06,9.128576136849378e-07,6.749241930567436e-06
1573069270347,2019-11-06T14:41:10.347,58.65,-8.538945480525054e-06,3.9012529342591684e-07,6.6610175395501365e-06
1573069270397,2019-11-06T14:41:10.397,58.7,-8.926468200161105e-06,-6.619118018992856e-08,6.1362561395619295e-06
1573069270447,2019-11-06T14:41:10.447,58.75,-9.40326084366464e-06,-4.4675226015063453e-07,5.771557994626234e-06
1573069270497,2019-11-06T14:41:10.497,58.8,-9.919635907423266e-06,-9.941894989171228e-07,5.841963748728741e-06
1573069270547,2019-11-06T14:41:10.547,58.85,-1.0500365112515389e-05,-1.649346086484581e-06,5.8912371656530925e-06
1573069270597,2019-11-06T14:41:10.597,58.9,-1.0998019262698282e-05,-2.000213794161704e-06,5.6109574081322615e-06
1573069270647,2019-11-06T14:41:10.647,58.95,-1.1137136582220379e-05,-2.079048308963968e-06,5.353609672181591e-06
1573069270697,2019-11-06T14:41:10.697,59.0,-1.107838623561008e-05,-2.416075494546199e-06,5.434422122271639e-06
1573069270747,2019-11-06T14:41:10.747,59.05,-1.1454504879271426e-05,-3.1446448342751563e-06,5.551617007649982e-06
1573069270797,2019-11-06T14:41:10.797,59.1,-1.2392386890541667e-05,-3.866941418317356e-06,5.329993290100884e-06
1573069270847,2019-11-06T14:41:10.847,59.15,-1.3103853643634458e-05,-4.385035475103584e-06,5.0572960131130184e-06
1573069270897,2019-11-06T14:41:10.897,59.2,-1.3129010998559488e-05,-4.863540741069062e-06,5.264831969593172e-06
1573069270947,2019-11-06T14:41:10.947,59.25,-1.322120437983331e-05,-5.386516459909961e-06,5.691728295750967e-06
1573069270997,2019-11-06T14:41:10.997,59.3,-1.4025274517013348e-05,-5.847981489782148e-06,5.460882946206087e-06
1573069271047,2019-11-06T14:41:11.047,59.35,-1.4768074044126663e-05,-6.2307791969974965e-06,4.502245914554423e-06
1573069271097,2019-11-06T14:41:11.097,59.4,-1.452059253455118e-05,-6.71995449924526e-06,3.920958264708261e-06
1573069271147,2019-11-06T14:41:11.147,59.45,-1.3814159882901134e-05,-7.391856406519744e-06,4.3697825213153e-06
1573069271197,2019-11-06T14:41:11.197,59.5,-1.3648443552121412e-05,-7.924446814421614e-06,4.932354806815458e-06
1573069271247,2019-11-06T14:41:11.247,59.55,-1.390608044732426e-05,-7.993081147071338e-06,4.512338072710039e-06
1573069271297,2019-11-06T14:41:11.297,59.6,-1.3975983364818432e-05,-7.864915617474187e-06,3.5689007028711387e-06
1573069271347,2019-11-06T14:41:11.347,59.65,-1.3941991990126463e-05,-8.093752219450128e-06,3.360665549330331e-06
1573069271397,2019-11-06T14:41:11.397,59.7,-1.4210728398564038e-05,-8.738948481966331e-06,3.950815708460415e-06
1573069271447,2019-11-06T14:41:11.447,59.75,-1.4728926764356816e-05,-9.40437655661616e-06,4.225462798352878e-06
1573069271497,2019-11-06T14:41:11.497,59.8,-1.5131980100520909e-05,-9.900418532542992e-06,3.7904837509656037e-06
1573069271547,2019-11-06T14:41:11.547,59.85,-1.5268742862076723e-05,-1.0343501939396462e-05,3.4585553055087146e-06
1573069271597,2019-11-06T14:41:11.597,59.9,-1.5347259565306925e-05,-1.0733335985358246e-05,3.5936661023373284e-06
1573069271647,2019-11-06T14:41:11.647,59.95,-1.5689852665027904e-05,-1.1019340889475983e-05,3.466644860246936e-06
1573069271697,2019-11-06T14:41:11.697,60.0,-1.6398189209596312e-05,-1.1518980759256855e-05,2.721305608058107e-06
1573069271747,2019-11-06T14:41:11.747,60.05,-1.7215755477466017e-05,-1.2651057618907473e-05,1.972983033779257e-06
1573069271797,2019-11-06T14:41:11.797,60.1,-1.7760823377355744e-05,-1.4231075597920898e-05,1.562583129731461e-06
1573069271847,2019-11-06T14:41:11.847,60.15,-1.7943706949298588e-05,-1.5467001715393086e-05,1.1937865769668192e-06
1573069271897,2019-11-06T14:41:11.897,60.2,-1.80000895901069e-05,-1.5726657210593863e-05,9.222887190707059e-07
1573069271947,2019-11-06T14:41:11.947,60.25,-1.814035468470226e-05,-1.520077683281966e-05,1.0693065743099442e-06
1573069271997,2019-11-06T14:41:11.997,60.3,-1.845018073503089e-05,-1.4672001623138247e-05,1.2557355126212762e-06
1573069272047,2019-11-06T14:41:12.047,60.35,-1.8890951347956837e-05,-1.4500301836455501e-05,7.946977383067518e-07
1573069272097,2019-11-06T14:41:12.097,60.4,-1.910056044893306e-05,-1.422025583149015e-05,-1.8920643538021458e-07
1573069272147,2019-11-06T14:41:12.147,60.45,-1.8745632253274306e-05,-1.3476462064586747e-05,-1.0459773679574216e-06
1573069272197,2019-11-06T14:41:12.197,60.5,-1.8157688062862185e-05,-1.2680414107782408e-05,-1.6254893784300377e-06
1573069272247,2019-11-06T14:41:12.247,60.55,-1.778577428151053e-05,-1.2187939494753992e-05,-2.1795786623780115e-06
1573069272297,2019-11-06T14:41:12.297,60.6,-1.7338936881611857e-05,-1.1617987828259352e-05,-2.670607701058566e-06
1573069272347,2019-11-06T14:41:12.347,60.65,-1.6512429283121668e-05,-1.0616602563201539e-05,-2.862353671254691e-06
1573069272397,2019-11-06T14:41:12.397,60.7,-1.5854111020752054e-05,-9.515301189849355e-06,-2.8047675615669536e-06
1573069272447,2019-11-06T14:41:12.447,60.75,-1.5766097510837984e-05,-8.693187513058914e-06,-2.797787365563092e-06
1573069272497,2019-11-06T14:41:12.497,60.8,-1.554690984339386e-05,-7.996359788150325e-06,-2.9546737002283115e-06
1573069272547,2019-11-06T14:41:12.547,60.85,-1.4572926061611159e-05,-7.140042603033486e-06,-3.042011508202323e-06
1573069272597,2019-11-06T14:41:12.597,60.9,-1.3485829121438964e-05,-6.099104429042866e-06,-2.8835981139026136e-06
1573069272647,2019-11-06T14:41:12.647,60.95,-1.305403948230715e-05,-4.976856823178861e-06,-2.698508897092016e-06
1573069272697,2019-11-06T14:41:12.697,61.0,-1.2798050391049183e-05,-3.942060486208223e-06,-2.7919190089488482e-06
1573069272747,2019-11-06T14:41:12.747,61.05,-1.1926325189025588e-05,-3.188200491377353e-06,-3.180487776667241e-06
1573069272797,2019-11-06T14:41:12.797,61.1,-1.0721460128781157e-05,-2.6047803636522684e-06,-3.684030525899456e-06
1573069272847,2019-11-06T14:41:12.847,61.15,-9.865993630730037e-06,-1.8268668026805782e-06,-4.1107974751794625e-06
1573069272897,2019-11-06T14:41:12.897,61.2,-9.25268569822758e-06,-8.725321102721054e-07,-4.396941616284707e-06
1573069272947,2019-11-06T14:41:12.947,61.25,-8.444984244325858e-06,-1.8282667461520562e-07,-4.7419610045811214e-06
1573069272997,2019-11-06T14:41:12.997,61.3,-7.568969241713869e-06,1.5638143260968278e-07,-5.331674644982488e-06
1573069273047,2019-11-06T14:41:13.047,61.35,-6.9585912769286275e-06,5.662719282201205e-07,-5.885986958159851e-06
1573069273097,2019-11-06T14:41:13.097,61.4,-6.468783021351393e-06,1.2302909294062464e-06,-5.942678806527075e-06
1573069273147,2019-11-06T14:41:13.147,61.45,-5.708581232984916e-06,1.8645187893441221e-06,-5.537348865084686e-06
1573069273197,2019-11-06T14:41:13.197,61.5,-4.6014295321615695e-06,2.300502488677204e-06,-5.104680596065973e-06
1573069273247,2019-11-06T14:41:13.247,61.55,-3.3836980594427278e-06,2.701647150629086e-06,-4.89840839313182e-06
1573069273297,2019-11-06T14:41:13.297,61.6,-2.2486880900918234e-06,3.2075570592569786e-06,-4.934177966169125e-06
1573069273347,2019-11-06T14:41:13.347,61.65,-1.096396569358474e-06,3.837063670345737e-06,-5.164751176124834e-06
1573069273397,2019-11-06T14:41:13.397,61.7,3.49371797594124e-07,4.5251278143923105e-06,-5.388102591818875e-06
1573069273447,2019-11-06T14:41:13.447,61.75,1.9719412520426264e-06,4.92348411281762e-06,-5.321931335358068e-06
1573069273497,2019-11-06T14:41:13.497,61.8,3.0948147602154477e-06,4.7584820872125724e-06,-4.970964397838621e-06
1573069273547,2019-11-06T14:41:13.547,61.85,3.502135181096329e-06,4.545251124039643e-06,-4.686293273578568e-06
1573069273597,2019-11-06T14:41:13.597,61.9,4.147068794172062e-06,4.922613940776666e-06,-4.698764540992321e-06
1573069273647,2019-11-06T14:41:13.647,61.95,5.864248850736638e-06,5.439182252811319e-06,-4.7250235458258205e-06
1573069273697,2019-11-06T14:41:13.697,62.0,7.956694481856181e-06,5.381799003333138e-06,-4.298782195863604e-06
1573069273747,2019-11-06T14:41:13.747,62.05,9.229645322017539e-06,5.1807401251891806e-06,-3.4539950550903596e-06
1573069273797,2019-11-06T14:41:13.797,62.1,9.836202486249155e-06,5.4424358391250134e-06,-2.6974311549730405e-06
1573069273847,2019-11-06T14:41:13.847,62.15,1.0884560165683568e-05,5.623860837248434e-06,-2.3067480415000387e-06
1573069273897,2019-11-06T14:41:13.897,62.2,1.2616945213148019e-05,5.128463303616169e-06,-2.13499595652033e-06
1573069273947,2019-11-06T14:41:13.947,62.25,1.407332727087045e-05,4.538272434208884e-06,-2.069658264222309e-06
1573069273997,2019-11-06T14:41:13.997,62.3,1.4506128094203955e-05,4.5740987050695505e-06,-2.063118843491579e-06
1573069274047,2019-11-06T14:41:14.047,62.35,1.4344812349905856e-05,4.902465096577914e-06,-1.7893726186329072e-06
1573069274097,2019-11-06T14:41:14.097,62.4,1.4566388378518908e-05,4.868829189465065e-06,-1.0078674457692513e-06
1573069274147,2019-11-06T14:41:14.147,62.45,1.5510336698621074e-05,4.57585521470284e-06,-1.185300565153532e-07
1573069274197,2019-11-06T14:41:14.197,62.5,1.6595485731224407e-05,4.4974423488295606e-06,3.602130546876275e-07
1573069274247,2019-11-06T14:41:14.247,62.55,1.7187541746928662e-05,4.567520504917065e-06,6.026051406622392e-07
1573069274297,2019-11-06T14:41:14.297,62.6,1.7416713695761856e-05,4.342174445910397e-06,1.1881672192240344e-06
1573069274347,2019-11-06T14:41:14.347,62.65,1.777112605296188e-05,3.831135979983888e-06,2.2387031006482657e-06
1573069274397,2019-11-06T14:41:14.397,62.7,1.8214291362654115e-05,3.5184087947577264e-06,3.217277191680096e-06
1573069274447,2019-11-06T14:41:14.447,62.75,1.836986451082519e-05,3.5897326385553476e-06,3.6696449588030137e-06
1573069274497,2019-11-06T14:41:14.497,62.8,1.835465155706432e-05,3.73588530683975e-06,3.9947399015799125e-06
1573069274547,2019-11-06T14:41:14.547,62.85,1.8672823068197345e-05,3.7301773421233852e-06,4.934048324633648e-06
1573069274597,2019-11-06T14:41:14.597,62.9,1.9346717036189254e-05,3.6507542006334605e-06,6.349524209676804e-06
1573069274647,2019-11-06T14:41:14.647,62.95,1.981797604185297e-05,3.574674360890646e-06,7.3831529181127075e-06
1573069274697,2019-11-06T14:41:14.697,63.0,1.974409054090549e-05,3.508189794534443e-06,7.808760147191895e-06
1573069274747,2019-11-06T14:41:14.747,63.05,1.936359171880118e-05,3.4844403258978703e-06,8.30943626757038e-06
1573069274797,2019-11-06T14:41:14.797,63.1,1.902391469838821e-05,3.4408679968014006e-06,9.364231510663427e-06
1573069274847,2019-11-06T14:41:14.847,63.15,1.8756168854440082e-05,3.2474912932321915e-06,1.0535391327205449e-05
1573069274897,2019-11-06T14:41:14.897,63.2,1.841544678848077e-05,2.990906999617427e-06,1.1059660903038761e-05
1573069274947,2019-11-06T14:41:14.947,63.25,1.8022201134745586e-05,2.9333246263550395e-06,1.085283314042148e-05
1573069274997,2019-11-06T14:41:14.997,63.3,1.7771153193303484e-05,3.1578532954557473e-06,1.0622993563896254e-05
1573069275047,2019-11-06T14:41:15.047,63.35,1.7691282662046104e-05,3.4853214220716813e-06,1.1000256709818384e-05
1573069275097,2019-11-06T14:41:15.097,63.4,1.7539044010109917e-05,3.7047311350868254e-06,1.1834818586949373e-05
1573069275147,2019-11-06T14:41:15.147,63.45,1.7140015366561304e-05,3.793024269669931e-06,1.2422464845851626e-05
1573069275197,2019-11-06T14:41:15.197,63.5,1.6586220731257376e-05,3.946310026970981e-06,1.2315236999901822e-05
1573069275247,2019-11-06T14:41:15.247,63.55,1.6013858483979733e-05,4.305801000411582e-06,1.1854077751004659e-05
1573069275297,2019-11-06T14:41:15.297,63.6,1.543588217675765e-05,4.681094339781114e-06,1.1658342863597032e-05
1573069275347,2019-11-06T14:41:15.347,63.65,1.4856090332238449e-05,4.829357762273425e-06,1.1636493496183386e-05
1573069275397,2019-11-06T14:41:15.397,63.7,1.4313341998853689e-05,4.92500986024959e-06,1.1169414666287145e-05
1573069275447,2019-11-06T14:41:15.447,63.75,1.3703387757198133e-05,5.302222229582392e-06,1.023189225869852e-05
1573069275497,2019-11-06T14:41:15.497,63.8,1.2783440076505017e-05,5.819360231651704e-06,9.429658414635463e-06
1573069275547,2019-11-06T14:41:15.547,63.85,1.1566571773056421e-05,6.063927664220436e-06,8.995995054282148e-06
1573069275597,2019-11-06T14:41:15.597,63.9,1.0495072464866932e-05,6.108503401277811e-06,8.660672004106189e-06
1573069275647,2019-11-06T14:41:15.647,63.95,9.920878145892597e-06,6.357997070414133e-06,8.408627456441166e-06
1573069275697,2019-11-06T14:41:15.697,64.0,9.642048910567945e-06,6.7237398053537895e-06,8.49559456047061e-06
1573069275747,2019-11-06T14:41:15.747,64.05,9.310990582339402e-06,6.758952510776796e-06,8.718753716475819e-06
1573069275797,2019-11-06T14:41:15.797,64.1,9.035940860497654e-06,6.593618164169337e-06,8.399930070166255e-06
1573069275847,2019-11-06T14:41:15.847,64.15,9.173705508967753e-06,6.793019885349889e-06,7.23532179183783e-06
1573069275897,2019-11-06T14:41:15.897,64.2,9.77505428992811e-06,7.1577969516325125e-06,5.805796252886806e-06
1573069275947,2019-11-06T14:41:15.947,64.25,1.0567667019996734e-05,6.867996506424016e-06,5.002681574148519e-06
1573069275997,2019-11-06T14:41:15.997,64.3,1.1272784310445349e-05,6.133466132902924e-06,4.887166770556239e-06
1573069276047,2019-11-06T14:41:16.047,64.35,1.1793549532504624e-05,6.110873901023778e-06,4.578214534937281e-06
1573069276097,2019-11-06T14:41:16.097,64.4,1.2233482854411573e-05,6.772279894044982e-06,3.6184687878322045e-06
1573069276147,2019-11-06T14:41:16.147,64.45,1.2663847342410119e-05,6.774920942757055e-06,2.653744636614627e-06
1573069276197,2019-11-06T14:41:16.197,64.5,1.2928751822297573e-05,5.777286870825784e-06,2.2831168285612244e-06
1573069276247,2019-11-06T14:41:16.247,64.55,1.2954236744592807e-05,4.888258616266495e-06,2.161414818724875e-06
1573069276297,2019-11-06T14:41:16.297,64.6,1.2976594859109205e-05,4.7024183154248714e-06,1.6657178017100898e-06
1573069276347,2019-11-06T14:41:16.347,64.65,1.3091818910229528e-05,4.669137377955957e-06,7.738466203738658e-07
1573069276397,2019-11-06T14:41:16.397,64.7,1.2954498761453116e-05,4.373161550007801e-06,1.5000073578237195e-08
1573069276447,2019-11-06T14:41:16.447,64.75,1.222418269427213e-05,4.113983619431005e-06,-2.4530445628590737e-07
1573069276497,2019-11-06T14:41:16.497,64.8,1.1011456684971263e-05,4.142049293053546e-06,-3.4108360989751383e-07
1573069276547,2019-11-06T14:41:16.547,64.85,9.750719208233118e-06,4.092503995871301e-06,-9.000106110062629e-07
1573069276597,2019-11-06T14:41:16.597,64.9,8.747581208035837e-06,3.5882152245554884e-06,-1.93603267943021e-06
1573069276647,2019-11-06T14:41:16.647,64.95,7.93275955332795e-06,3.039668529062243e-06,-2.7910512934497767e-06
1573069276697,2019-11-06T14:41:16.697,65.0,7.1683885470165e-06,3.0772383040594803e-06,-3.0527633093846745e-06
1573069276747,2019-11-06T14:41:16.747,65.05,6.582703103550979e-06,3.4448004990172107e-06,-3.0463633831211134e-06
1573069276797,2019-11-06T14:41:16.797,65.1,6.266201932292369e-06,3.4162360523848023e-06,-3.168036517414167e-06
1573069276847,2019-11-06T14:41:16.847,65.15,5.935421160502887e-06,2.9657731873956142e-06,-3.262180314759645e-06
1573069276897,2019-11-06T14:41:16.897,65.2,5.3162814193401725e-06,2.573104060131449e-06,-3.1550945815012993e-06
1573069276947,2019-11-06T14:41:16.947,65.25,4.585312736633819e-06,2.2915764734636534e-06,-3.1769182971100345e-06
1573069276997,2019-11-06T14:41:16.997,65.3,4.037891418338348e-06,1.8735828188996395e-06,-3.5196730849885295e-06
1573069277047,2019-11-06T14:41:17.047,65.35,3.5237673783704567e-06,1.4571795155593561e-06,-3.7926217594390457e-06
1573069277097,2019-11-06T14:41:17.097,65.4,2.631755176456378e-06,1.3161643314260172e-06,-3.7261458597542805e-06
1573069277147,2019-11-06T14:41:17.147,65.45,1.3738820643802581e-06,1.1316151352168235e-06,-3.592192427340408e-06
1573069277197,2019-11-06T14:41:17.197,65.5,2.380760459244072e-07,3.5672940946983887e-07,-3.686858072123911e-06
1573069277247,2019-11-06T14:41:17.247,65.55,-5.119627002919932e-07,-7.633317935869939e-07,-3.973322968450925e-06
1573069277297,2019-11-06T14:41:17.297,65.6,-1.1378794741346742e-06,-1.425869697844313e-06,-4.208162255003839e-06
1573069277347,2019-11-06T14:41:17.347,65.65,-1.8669178048829728e-06,-1.436027170984373e-06,-4.123442895773131e-06
1573069277397,2019-11-06T14:41:17.397,65.7,-2.4923748285982236e-06,-1.304684857186344e-06,-3.7300048348569414e-06
1573069277447,2019-11-06T14:41:17.447,65.75,-2.8241960072618776e-06,-1.4536202423900099e-06,-3.4480002936229215e-06
1573069277497,2019-11-06T14:41:17.497,65.8,-3.143945056726607e-06,-1.967690373329014e-06,-3.556991470157553e-06
1573069277547,2019-11-06T14:41:17.547,65.85,-3.823006631888202e-06,-2.688991758941983e-06,-3.7464707079117236e-06
1573069277597,2019-11-06T14:41:17.597,65.9,-4.741945185934407e-06,-3.2274307244827222e-06,-3.639140228892969e-06
1573069277647,2019-11-06T14:41:17.647,65.95,-5.4704933245790295e-06,-3.395333207036779e-06,-3.371949923542098e-06
1573069277697,2019-11-06T14:41:17.697,66.0,-5.8962400446248346e-06,-3.600666885758237e-06,-3.25674154082271e-06
1573069277747,2019-11-06T14:41:17.747,66.05,-6.314863432905243e-06,-4.225440549759405e-06,-3.3250809993055662e-06
1573069277797,2019-11-06T14:41:17.797,66.1,-6.8856259387233615e-06,-4.8700473315386975e-06,-3.482122415486183e-06
1573069277847,2019-11-06T14:41:17.847,66.15,-7.322903556764003e-06,-4.916760345993899e-06,-3.5960534960619148e-06
1573069277897,2019-11-06T14:41:17.897,66.2,-7.321122960795091e-06,-4.517420332285673e-06,-3.40537862299086e-06
1573069277947,2019-11-06T14:41:17.947,66.25,-7.081778296191801e-06,-4.230367759754612e-06,-2.9316072217216804e-06
1573069277997,2019-11-06T14:41:17.997,66.3,-7.058892266332497e-06,-4.061372439610808e-06,-2.721027754949131e-06
1573069278047,2019-11-06T14:41:18.047,66.35,-7.223498650000066e-06,-3.6815476547902153e-06,-3.0669128663414298e-06
1573069278097,2019-11-06T14:41:18.097,66.4,-7.041576090263327e-06,-3.239353357403958e-06,-3.5111940327413426e-06
1573069278147,2019-11-06T14:41:18.147,66.45,-6.305311742041166e-06,-3.232475778451319e-06,-3.6227278841911897e-06
1573069278197,2019-11-06T14:41:18.197,66.5,-5.606943550281582e-06,-3.7045677944192054e-06,-3.5934353858200017e-06
1573069278247,2019-11-06T14:41:18.247,66.55,-5.76660195643543e-06,-4.098536078824078e-06,-3.685264531118214e-06
1573069278297,2019-11-06T14:41:18.297,66.6,-6.921012764815147e-06,-4.055370164199258e-06,-3.744112103818874e-06
1573069278347,2019-11-06T14:41:18.347,66.65,-8.363946182429591e-06,-3.930501693922462e-06,-3.5717928924471956e-06
1573069278397,2019-11-06T14:41:18.397,66.7,-9.354469344754036e-06,-4.184245800706987e-06,-3.330322792487168e-06
1573069278447,2019-11-06T14:41:18.447,66.75,-9.928588531051432e-06,-4.690598161748293e-06,-3.325729589561315e-06
1573069278497,2019-11-06T14:41:18.497,66.8,-1.064595965504281e-05,-5.039608515537499e-06,-3.5825304483079087e-06
1573069278547,2019-11-06T14:41:18.547,66.85,-1.1633141456595754e-05,-5.169995552822175e-06,-3.815962661618601e-06
1573069278597,2019-11-06T14:41:18.597,66.9,-1.2408501864017785e-05,-5.345837765167875e-06,-3.810847726631207e-06
1573069278647,2019-11-06T14:41:18.647,66.95,-1.274225817737243e-05,-5.635716351248806e-06,-3.657774276059382e-06
1573069278697,2019-11-06T14:41:18.697,67.0,-1.3027090438585029e-05,-5.739037536908572e-06,-3.472630542242595e-06
1573069278747,2019-11-06T14:41:18.747,67.05,-1.3570361265447618e-05,-5.453811952702901e-06,-3.0961581281810493e-06
1573069278797,2019-11-06T14:41:18.797,67.1,-1.4135349322623568e-05,-4.967870340974504e-06,-2.4369043451858334e-06
1573069278847,2019-11-06T14:41:18.847,67.15,-1.4372049019438745e-05,-4.487523460176767e-06,-1.8446391131510073e-06
1573069278897,2019-11-06T14:41:18.897,67.2,-1.4218108250128023e-05,-4.051742524532112e-06,-1.582744853317405e-06
1573069278947,2019-11-06T14:41:18.947,67.25,-1.3825669627884979e-05,-3.779509107107292e-06,-1.3184259319459394e-06
1573069278997,2019-11-06T14:41:18.997,67.3,-1.34361895462356e-05,-3.676947443837885e-06,-8.008544113741611e-07
1573069279047,2019-11-06T14:41:19.047,67.35,-1.3290208735792187e-05,-3.368368287999766e-06,-4.849335443665136e-07
1573069279097,2019-11-06T14:41:19.097,67.4,-1.3446625668708496e-05,-2.709571424798857e-06,-7.787257926403122e-07
1573069279147,2019-11-06T14:41:19.147,67.45,-1.3701122720068331e-05,-2.2548677546127753e-06,-1.295686412435082e-06
1573069279197,2019-11-06T14:41:19.197,67.5,-1.3798185863188386e-05,-2.402079508381603e-06,-1.449106493334785e-06
1573069279247,2019-11-06T14:41:19.247,67.55,-1.3711378449107106e-05,-2.613394837336254e-06,-1.189346104660763e-06
1573069279297,2019-11-06T14:41:19.297,67.6,-1.352427949827362e-05,-2.1958007331462002e-06,-7.664964627377315e-07
1573069279347,2019-11-06T14:41:19.347,67.65,-1.3142569293825425e-05,-1.3350307858153553e-06,-2.884130335300104e-07
1573069279397,2019-11-06T14:41:19.397,67.7,-1.2565403705044513e-05,-6.818255558716101e-07,2.259686576146038e-07
1573069279447,2019-11-06T14:41:19.447,67.75,-1.2201149492641157e-05,-3.5391181397644845e-07,6.391845534488773e-07
1573069279497,2019-11-06T14:41:19.497,67.8,-1.2221897526681838e-05,-2.159909132084111e-08,7.477700640622295e-07
1573069279547,2019-11-06T14:41:19.547,67.85,-1.1989290296996114e-05,3.309327496050403e-07,5.798966750092506e-07
1573069279597,2019-11-06T14:41:19.597,67.9,-1.1009656890582537e-05,4.5418503014683183e-07,4.801788779167745e-07
1573069279647,2019-11-06T14:41:19.647,67.95,-9.970200532049102e-06,4.928308912767525e-07,6.874027403590942e-07
1573069279697,2019-11-06T14:41:19.697,68.0,-9.780874214826484e-06,8.212548092916695e-07,9.75477239820962e-07
1573069279747,2019-11-06T14:41:19.747,68.05,-1.0098529310111548e-05,1.2688112844481176e-06,9.525625648872572e-07
1573069279797,2019-11-06T14:41:19.797,68.1,-9.917704668942338e-06,1.3675761948578488e-06,6.064799427138246e-07
1573069279847,2019-11-06T14:41:19.847,68.15,-9.1674317729871e-06,1.2907902998835558e-06,3.237432453245708e-07
1573069279897,2019-11-06T14:41:19.897,68.2,-8.616052743639819e-06,1.5557094280011008e-06,3.833688688686524e-07
1573069279947,2019-11-06T14:41:19.947,68.25,-8.467194497109315e-06,1.9906280149658575e-06,6.40973587573525e-07
1573069279997,2019-11-06T14:41:19.997,68.3,-8.088474347475622e-06,2.0618211853193123e-06,7.779662042628506e-07
1573069280047,2019-11-06T14:41:20.047,68.35,-7.161014180657374e-06,1.9016065974902104e-06,7.042746659699324e-07
1573069280097,2019-11-06T14:41:20.097,68.4,-6.174452113377704e-06,1.984875655584851e-06,5.973622645650957e-07
1573069280147,2019-11-06T14:41:20.147,68.45,-5.499661613106831e-06,2.1970374604341495e-06,5.915058075971813e-07
1573069280197,2019-11-06T14:41:20.197,68.5,-4.7858391621358865e-06,2.143142629394445e-06,5.903404759631919e-07
1573069280247,2019-11-06T14:41:20.247,68.55,-3.661294921241759e-06,1.9320210075709933e-06,4.489018844694092e-07
1573069280297,2019-11-06T14:41:20.297,68.6,-2.3376068133499435e-06,1.9014014879979519e-06,1.765603792951967e-07
1573069280347,2019-11-06T14:41:20.347,68.65,-1.1457722254360852e-06,2.057724393401781e-06,-8.958526206077e-08
1573069280397,2019-11-06T14:41:20.397,68.7,1.7775160291081215e-08,2.2678031841709404e-06,-2.0565302327667553e-07
1573069280447,2019-11-06T14:41:20.447,68.75,1.440409289511773e-06,2.4324455800443053e-06,-1.589609489898725e-07
1573069280497,2019-11-06T14:41:20.497,68.8,3.1050353936685045e-06,2.345040229737006e-06,-5.2234359912508324e-08
1573069280547,2019-11-06T14:41:20.547,68.85,4.782737248226587e-06,1.994998787003481e-06,8.591210674336582e-08
1573069280597,2019-11-06T14:41:20.597,68.9,6.3680952067293545e-06,1.77853089099648e-06,2.0523523261448378e-07
1573069280647,2019-11-06T14:41:20.647,68.95,7.803526928367618e-06,1.8379031908584894e-06,8.662609535898431e-08
1573069280697,2019-11-06T14:41:20.697,69.0,8.963351986388428e-06,1.6825254522350919e-06,-2.1165395554042427e-07
1573069280747,2019-11-06T14:41:20.747,69.05,9.899265524887438e-06,9.59548829544454e-07,-1.69951925418765e-07
1573069280797,2019-11-06T14:41:20.797,69.1,1.0912021499275548e-05,5.161787584664125e-08,3.286656502660075e-07
1573069280847,2019-11-06T14:41:20.847,69.15,1.2136952447799924e-05,-5.050119780972614e-07,6.088936827116804e-07
1573069280897,2019-11-06T14:41:20.897,69.2,1.3197687801731354e-05,-7.168441997286997e-07,2.6419015392659535e-07
1573069280947,2019-11-06T14:41:20.947,69.25,1.3527756918054833e-05,-8.730043151946084e-07,-1.9756549680424546e-07
1573069280997,2019-11-06T14:41:20.997,69.3,1.3112522731012656e-05,-9.567127604108273e-07,-2.8570324882171566e-07
1573069281047,2019-11-06T14:41:21.047,69.35,1.2576809949835719e-05,-7.348504914600871e-07,-2.1922664479282007e-07
1573069281097,2019-11-06T14:41:21.097,69.4,1.2351785996889838e-05,-2.8747714606645487e-07,-2.373846463961712e-07
1573069281147,2019-11-06T14:41:21.147,69.45,1.2189632158365258e-05,-3.146032426783691e-08,-1.2175098632179586e-07
1573069281197,2019-11-06T14:41:21.197,69.5,1.1682726016550587e-05,-1.2876569782839406e-07,2.45015170245367e-07
1573069281247,2019-11-06T14:41:21.247,69.55,1.0823470936039232e-05,-2.2769332857428452e-07,6.559657749280103e-07
1573069281297,2019-11-06T14:41:21.297,69.6,9.918161969666387e-06,3.626384500498572e-09,1.05235557380858e-06
1573069281347,2019-11-06T14:41:21.347,69.65,9.256087360417214e-06,4.385995983048195e-07,1.5312313839455842e-06
1573069281397,2019-11-06T14:41:21.397,69.7,8.885913229544693e-06,8.088446572602576e-07,1.919554604710948e-06
1573069281447,2019-11-06T14:41:21.447,69.75,8.547357305015583e-06,1.0666469219526704e-06,1.9326293662527008e-06
1573069281497,2019-11-06T14:41:21.497,69.8,7.952815430475734e-06,1.240398688850248e-06,1.7261254897238607e-06
1573069281547,2019-11-06T14:41:21.547,69.85,7.196495504801197e-06,1.29992775000162e-06,1.7651172764616535e-06
1573069281597,2019-11-06T14:41:21.597,69.9,6.5940194988668934e-06,1.2750621398787809e-06,2.0503588405333433e-06
1573069281647,2019-11-06T14:41:21.647,69.95,6.1618408523495125e-06,1.2880558542772012e-06,2.0209316474613955e-06
1573069281697,2019-11-06T14:41:21.697,70.0,5.655895439039302e-06,1.4930599046092583e-06,1.513506306203302e-06
1573069281747,2019-11-06T14:41:21.747,70.05,5.026073025598698e-06,1.9666009990676655e-06,1.2339191176477392e-06
1573069281797,2019-11-06T14:41:21.797,70.1,4.456422366647523e-06,2.4988664446457425e-06,1.7903035264187683e-06
1573069281847,2019-11-06T14:41:21.847,70.15,4.069308784747221e-06,2.7278463367068095e-06,2.761105104246246e-06
1573069281897,2019-11-06T14:41:21.897,70.2,3.9296211954984835e-06,2.691129756288283e-06,3.287343481099011e-06
1573069281947,2019-11-06T14:41:21.947,70.25,4.28203694308023e-06,2.8381671779118263e-06,3.2876648285235568e-06
1573069281997,2019-11-06T14:41:21.997,70.3,5.325539634653659e-06,3.271279623027286e-06,3.5332009336650744e-06
1573069282047,2019-11-06T14:41:22.047,70.35,6.627855143213693e-06,3.4840292667503815e-06,4.506760207285684e-06
1573069282097,2019-11-06T14:41:22.097,70.4,7.4130670988181314e-06,3.139281106331887e-06,5.680496257341758e-06
1573069282147,2019-11-06T14:41:22.147,70.45,7.684986861860737e-06,2.608997523992694e-06,6.229390009740516e-06
1573069282197,2019-11-06T14:41:22.197,70.5,8.144669801682995e-06,2.3877924897081534e-06,6.031929198773915e-06
1573069282247,2019-11-06T14:41:22.247,70.55,8.781463109228948e-06,2.4392518096503465e-06,5.570254157078888e-06
1573069282297,2019-11-06T14:41:22.297,70.6,8.860759460155805e-06,2.5450462495024436e-06,5.275016172193875e-06
1573069282347,2019-11-06T14:41:22.347,70.65,8.428787454265797e-06,2.79670587109375e-06,5.301646443159907e-06
1573069282397,2019-11-06T14:41:22.397,70.7,8.258118194441443e-06,3.18342260207619e-06,5.515178862018223e-06
1573069282447,2019-11-06T14:41:22.447,70.75,8.348391079142476e-06,3.1888331409909034e-06,5.462823765413965e-06
1573069282497,2019-11-06T14:41:22.497,70.8,8.014302118105367e-06,2.4755491157071758e-06,4.795651003908745e-06
1573069282547,2019-11-06T14:41:22.547,70.85,7.197242489447424e-06,1.5842707455172393e-06,3.913633904218492e-06
1573069282597,2019-11-06T14:41:22.597,70.9,6.435046562410537e-06,1.2810409592698667e-06,3.6962153512401285e-06
1573069282647,2019-11-06T14:41:22.647,70.95,5.95762693884838e-06,1.4917579148396187e-06,4.282237852571624e-06
1573069282697,2019-11-06T14:41:22.697,71.0,5.719910074240763e-06,1.5303636129672006e-06,4.696382338041287e-06
1573069282747,2019-11-06T14:41:22.747,71.05,5.817243717436939e-06,1.1993414130003925e-06,4.1907151738626804e-06
1573069282797,2019-11-06T14:41:22.797,71.1,6.18165873731162e-06,9.439996554117936e-07,3.2858274825890796e-06
1573069282847,2019-11-06T14:41:22.847,71.15,6.317402737411556e-06,8.936994990917962e-07,2.779609698806669e-06
1573069282897,2019-11-06T14:41:22.897,71.2,5.820682706048148e-06,5.595651395813347e-07,2.4821014315827766e-06
1573069282947,2019-11-06T14:41:22.947,71.25,4.801783522094956e-06,-1.9718586148636833e-07,1.7759272910458158e-06
1573069282997,2019-11-06T14:41:22.997,71.3,3.543500688352984e-06,-7.040174871771304e-07,7.023960109206009e-07
1573069283047,2019-11-06T14:41:23.047,71.35,2.1644259986766396e-06,-5.607159799528765e-07,-2.6466792748759123e-07
1573069283097,2019-11-06T14:41:23.097,71.4,8.405789345217703e-07,-4.4053758111255973e-07,-9.295297377043542e-07
1573069283147,2019-11-06T14:41:23.147,71.45,-1.157358703694294e-07,-1.041768462601999e-06,-1.4210721252562038e-06
1573069283197,2019-11-06T14:41:23.197,71.5,-7.159549033929734e-07,-1.912013924395862e-06,-1.951216847519749e-06
1573069283247,2019-11-06T14:41:23.247,71.55,-1.4186130708664129e-06,-2.220147262532438e-06,-2.617337683378842e-06
1573069283297,2019-11-06T14:41:23.297,71.6,-2.5196648015977756e-06,-2.114383125363126e-06,-3.226701004188407e-06
1573069283347,2019-11-06T14:41:23.347,71.65,-3.7751192453802766e-06,-2.359904229571782e-06,-3.502678052481128e-06
1573069283397,2019-11-06T14:41:23.397,71.7,-4.767321900025914e-06,-3.0556518852279222e-06,-3.5610464444994193e-06
1573069283447,2019-11-06T14:41:23.447,71.75,-5.337952724204423e-06,-3.5650383136411075e-06,-3.819191748926612e-06
1573069283497,2019-11-06T14:41:23.497,71.8,-5.570558916240259e-06,-3.5184316788916826e-06,-4.350416297270372e-06
1573069283547,2019-11-06T14:41:23.547,71.85,-5.611996839766059e-06,-3.3077127689363914e-06,-4.785844501206766e-06
1573069283597,2019-11-06T14:41:23.597,71.9,-5.691283013277193e-06,-3.592514128491221e-06,-4.927413428825076e-06
1573069283647,2019-11-06T14:41:23.647,71.95,-6.061209308033913e-06,-4.4937737663153715e-06,-4.969556637894254e-06
1573069283697,2019-11-06T14:41:23.697,72.0,-6.641513944208888e-06,-5.313879117129458e-06,-5.0939686885773315e-06
1573069283747,2019-11-06T14:41:23.747,72.05,-7.001638685701577e-06,-5.23012389487255e-06,-5.268729143975145e-06
1573069283797,2019-11-06T14:41:23.797,72.1,-6.9981721458829245e-06,-4.318066402941223e-06,-5.44560772624069e-06
1573069283847,2019-11-06T14:41:23.847,72.15,-7.0657123591906896e-06,-3.5666787011809116e-06,-5.669173564360011e-06
1573069283897,2019-11-06T14:41:23.897,72.2,-7.4926239253398876e-06,-3.7215557928520853e-06,-5.924690057461381e-06
1573069283947,2019-11-06T14:41:23.947,72.25,-7.831714833857578e-06,-4.394698699397388e-06,-6.0243233338050395e-06
1573069283997,2019-11-06T14:41:23.997,72.3,-7.594866087273099e-06,-4.598805409100357e-06,-5.825328315774281e-06
1573069284047,2019-11-06T14:41:24.047,72.35,-7.152383906792668e-06,-4.015557466299512e-06,-5.5319087872978025e-06
1573069284097,2019-11-06T14:41:24.097,72.4,-7.2707866007369005e-06,-3.284153646856045e-06,-5.52255838541341e-06
1573069284147,2019-11-06T14:41:24.147,72.45,-8.026655871022163e-06,-3.0163366752372954e-06,-5.829203786394349e-06
1573069284197,2019-11-06T14:41:24.197,72.5,-8.823887525352338e-06,-3.1253683414851186e-06,-6.130771220406693e-06
1573069284247,2019-11-06T14:41:24.247,72.55,-9.338386848750264e-06,-3.2966449025917207e-06,-6.392526612609234e-06
1573069284297,2019-11-06T14:41:24.297,72.6,-9.791081300512897e-06,-3.489180764134911e-06,-6.990239267185303e-06
1573069284347,2019-11-06T14:41:24.347,72.65,-1.0247320110654792e-05,-3.6701994657864045e-06,-7.879344743241943e-06
1573069284397,2019-11-06T14:41:24.397,72.7,-1.038880702294838e-05,-3.5760985423681285e-06,-8.306972065012816e-06
1573069284447,2019-11-06T14:41:24.447,72.75,-1.0243046865244536e-05,-3.1462891658851035e-06,-7.85420427425766e-06
1573069284497,2019-11-06T14:41:24.497,72.8,-1.0317033227433405e-05,-2.801985374758714e-06,-7.102155509661635e-06
1573069284547,2019-11-06T14:41:24.547,72.85,-1.0649451126683313e-05,-2.8045671632933985e-06,-6.83760735490346e-06
1573069284597,2019-11-06T14:41:24.597,72.9,-1.064002389445808e-05,-2.7679235977175476e-06,-7.207796514761556e-06
1573069284647,2019-11-06T14:41:24.647,72.95,-1.013919468033076e-05,-2.4028483881372023e-06,-7.775958031992348e-06
1573069284697,2019-11-06T14:41:24.697,73.0,-9.738146796420831e-06,-2.1131868204067113e-06,-7.894449541753356e-06
1573069284747,2019-11-06T14:41:24.747,73.05,-9.728631634220348e-06,-2.1547425384658654e-06,-7.260538820293638e-06
1573069284797,2019-11-06T14:41:24.797,73.1,-9.669929374553976e-06,-2.027582075178814e-06,-6.40310224552315e-06
1573069284847,2019-11-06T14:41:24.847,73.15,-9.202841039516965e-06,-1.3904487921766678e-06,-6.091470315224137e-06
1573069284897,2019-11-06T14:41:24.897,73.2,-8.631964191336414e-06,-6.730543395940232e-07,-6.231541308543022e-06
1573069284947,2019-11-06T14:41:24.947,73.25,-8.460676746842395e-06,-2.410745085977638e-07,-6.070632340569488e-06
1573069284997,2019-11-06T14:41:24.997,73.3,-8.728251415293563e-06,1.3878596922196374e-07,-5.463638210271344e-06
1573069285047,2019-11-06T14:41:25.047,73.35,-9.07100233280367e-06,5.939385166897709e-07,-5.147921442760616e-06
1573069285097,2019-11-06T14:41:25.097,73.4,-9.189361925638896e-06,7.403010254629403e-07,-5.491727533711797e-06
1573069285147,2019-11-06T14:41:25.147,73.45,-9.025803043990442e-06,4.1394192705128484e-07,-5.693728343977262e-06
1573069285197,2019-11-06T14:41:25.197,73.5,-8.762496161268838e-06,1.9715269856017842e-07,-5.0308953910280684e-06
1573069285247,2019-11-06T14:41:25.247,73.55,-8.696186674601102e-06,6.510549919068566e-07,-4.2793072832148034e-06
1573069285297,2019-11-06T14:41:25.297,73.6,-8.783433264447804e-06,1.3453542494957851e-06,-4.602569550516663e-06
1573069285347,2019-11-06T14:41:25.347,73.65,-8.606404882256027e-06,1.3731882522481474e-06,-5.5713971435172416e-06
1573069285397,2019-11-06T14:41:25.397,73.7,-8.165436479789158e-06,7.250864122383046e-07,-5.799943614527077e-06
1573069285447,2019-11-06T14:41:25.447,73.75,-8.079336314483729e-06,3.170322347561994e-07,-5.083866206152133e-06
1573069285497,2019-11-06T14:41:25.497,73.8,-8.607662300955799e-06,6.849294850596535e-07,-4.459853787195554e-06
1573069285547,2019-11-06T14:41:25.547,73.85,-9.171842181871695e-06,1.4373111303011176e-06,-4.4868784697475565e-06
1573069285597,2019-11-06T14:41:25.597,73.9,-9.079703782956963e-06,1.9149623699072825e-06,-4.724242766686822e-06
1573069285647,2019-11-06T14:41:25.647,73.95,-8.174406332068202e-06,1.8743313697955738e-06,-4.7538613158424555e-06
1573069285697,2019-11-06T14:41:25.697,74.0,-6.8149503799786226e-06,1.6713388541789892e-06,-4.672348676810408e-06
1573069285747,2019-11-06T14:41:25.747,74.05,-5.5112878289737105e-06,1.7951540495489045e-06,-4.581613515271057e-06
1573069285797,2019-11-06T14:41:25.797,74.1,-4.374633203518538e-06,2.092401946748759e-06,-4.418988530350291e-06
1573069285847,2019-11-06T14:41:25.847,74.15,-3.0420189129144193e-06,2.0232725574445246e-06,-4.27276289840152e-06
1573069285897,2019-11-06T14:41:25.897,74.2,-1.4182622269651447e-06,1.7001350498503402e-06,-4.247550860061346e-06
1573069285947,2019-11-06T14:41:25.947,74.25,-4.7519328778133185e-08,1.6709529047124348e-06,-4.1951511876491645e-06
1573069285997,2019-11-06T14:41:25.997,74.3,5.62386461511906e-07,1.807288083368707e-06,-4.056127065749633e-06
1573069286047,2019-11-06T14:41:26.047,74.35,5.788581328271547e-07,1.5063914545625004e-06,-4.0495517683532565e-06
1573069286097,2019-11-06T14:41:26.097,74.4,6.196284938516502e-07,7.89483569793273e-07,-4.109745871904228e-06
1573069286147,2019-11-06T14:41:26.147,74.45,1.092184200854274e-06,2.783265788965434e-07,-3.837733705117832e-06
1573069286197,2019-11-06T14:41:26.197,74.5,1.7882291362176073e-06,2.521676028357565e-07,-3.3330601273377216e-06
1573069286247,2019-11-06T14:41:26.247,74.55,2.0733385624484057e-06,4.051615044850366e-07,-3.054215763360919e-06
1573069286297,2019-11-06T14:41:26.297,74.6,1.5993954217778868e-06,4.420712414098427e-07,-2.7750578240536623e-06
1573069286347,2019-11-06T14:41:26.347,74.65,8.836290369011776e-07,3.82948992415618e-07,-1.9687143985056526e-06
1573069286397,2019-11-06T14:41:26.397,74.7,8.253915381050827e-07,2.926242111980633e-07,-1.0149059377966947e-06
1573069286447,2019-11-06T14:41:26.447,74.75,1.461016616848551e-06,1.5493396898413695e-07,-7.748331666248355e-07
1573069286497,2019-11-06T14:41:26.497,74.8,1.8024598563724312e-06,5.083744707798803e-08,-1.3556118988293606e-06
1573069286547,2019-11-06T14:41:26.547,74.85,1.2903036032616428e-06,6.837788904852924e-08,-2.084248856298272e-06
1573069286597,2019-11-06T14:41:26.597,74.9,6.307974001507047e-07,4.475970446847629e-08,-2.2653640439559983e-06
1573069286647,2019-11-06T14:41:26.647,74.95,5.73870405454045e-07,-1.4520459096170202e-07,-1.7529694284481792e-06
1573069286697,2019-11-06T14:41:26.697,75.0,6.744992177174527e-07,-1.9613371368415385e-07,-1.1368838309283886e-06
1573069286747,2019-11-06T14:41:26.747,75.05,1.4893464832604834e-07,7.444058951929441e-08,-1.1653576352923437e-06
1573069286797,2019-11-06T14:41:26.797,75.1,-7.166340045046533e-07,1.5258380464059333e-07,-1.7728940824216944e-06
1573069286847,2019-11-06T14:41:26.847,75.15,-1.0582938062762802e-06,-2.880019150447232e-07,-2.1340399572309065e-06
1573069286897,2019-11-06T14:41:26.897,75.2,-8.845286905264908e-07,-5.75284937519096e-07,-1.830186412526056e-06
1573069286947,2019-11-06T14:41:26.947,75.25,-9.174310436154113e-07,-1.8375882378910716e-07,-1.4114222121076065e-06
1573069286997,2019-11-06T14:41:26.997,75.3,-1.1681669688364718e-06,2.2346479700126968e-07,-1.5882815770871274e-06
1573069287047,2019-11-06T14:41:27.047,75.35,-8.298751249383991e-07,-4.5130073937273264e-08,-2.290235666075199e-06
1573069287097,2019-11-06T14:41:27.097,75.4,3.0632777605897144e-07,-5.921082379975384e-07,-2.799284970909554e-06
1573069287147,2019-11-06T14:41:27.147,75.45,1.4751137225626699e-06,-8.228623069576813e-07,-2.6897078072984994e-06
1573069287197,2019-11-06T14:41:27.197,75.5,2.2468749712768904e-06,-8.479764121220773e-07,-2.3438805325221236e-06
1573069287247,2019-11-06T14:41:27.247,75.55,3.020312156395735e-06,-9.319816122285565e-07,-2.307235606371083e-06
1573069287297,2019-11-06T14:41:27.297,75.6,3.874382425067379e-06,-1.00515414533068e-06,-2.415088182906817e-06
1573069287347,2019-11-06T14:41:27.347,75.65,4.264537971896775e-06,-1.0074624555599853e-06,-2.114802282493261e-06
1573069287397,2019-11-06T14:41:27.397,75.7,4.2240869837685814e-06,-9.851196097373417e-07,-1.433396970640857e-06
1573069287447,2019-11-06T14:41:27.447,75.75,4.469276049854533e-06,-8.37089582434884e-07,-9.078809728802575e-07
1573069287497,2019-11-06T14:41:27.497,75.8,5.015735105312734e-06,-5.08413777660594e-07,-7.228606695531721e-07
1573069287547,2019-11-06T14:41:27.547,75.85,5.053738008145657e-06,-2.1031285215743505e-07,-6.149655580734024e-07
1573069287597,2019-11-06T14:41:27.597,75.9,4.40549790043193e-06,-5.2160291237101385e-08,-4.404280110111602e-07
1573069287647,2019-11-06T14:41:27.647,75.95,3.834334564101003e-06,1.3958064751844616e-07,-2.2113733206139267e-07
1573069287697,2019-11-06T14:41:27.697,76.0,3.6852029412288076e-06,3.887393848868886e-07,1.004517872995316e-07
1573069287747,2019-11-06T14:41:27.747,76.05,3.3787200628277423e-06,5.01922975523869e-07,4.396496648821008e-07
1573069287797,2019-11-06T14:41:27.797,76.1,2.63537111254169e-06,5.326527150340377e-07,5.69180597671899e-07
1573069287847,2019-11-06T14:41:27.847,76.15,2.113161242552212e-06,6.907286747483971e-07,7.119623063870013e-07
1573069287897,2019-11-06T14:41:27.897,76.2,2.1481336015244697e-06,8.252196976485725e-07,1.3318670545945193e-06
1573069287947,2019-11-06T14:41:27.947,76.25,1.937786227998598e-06,6.756456785246281e-07,2.124207527401896e-06
1573069287997,2019-11-06T14:41:27.997,76.3,9.440481749830582e-07,5.079600349226407e-07,2.2940132435008233e-06
1573069288047,2019-11-06T14:41:28.047,76.35,-1.8442682167203443e-08,7.317865114981009e-07,1.8591668696442902e-06
1573069288097,2019-11-06T14:41:28.097,76.4,-1.4373209295459707e-07,1.0984027246108258e-06,1.605122748093947e-06
1573069288147,2019-11-06T14:41:28.147,76.45,1.0821094099254136e-07,1.1596579950434054e-06,1.9434228459733307e-06
1573069288197,2019-11-06T14:41:28.197,76.5,7.194242856909956e-08,1.1233045355585313e-06,2.6642679514906866e-06
1573069288247,2019-11-06T14:41:28.247,76.55,7.648088308530867e-08,1.2912533469447503e-06,3.4656441493832514e-06
1573069288297,2019-11-06T14:41:28.297,76.6,7.37877072828358e-07,1.3039535590568083e-06,4.117530873791278e-06
1573069288347,2019-11-06T14:41:28.347,76.65,1.8875419085183205e-06,8.366661466329684e-07,4.511439588414272e-06
1573069288397,2019-11-06T14:41:28.397,76.7,2.956926765723493e-06,2.076374297324342e-07,4.967208528295855e-06
1573069288447,2019-11-06T14:41:28.447,76.75,3.8551491508687944e-06,-3.5491391385086953e-07,5.965982623917424e-06
1573069288497,2019-11-06T14:41:28.497,76.8,4.760901564278379e-06,-1.1264656300608182e-06,7.2621841622493475e-06
1573069288547,2019-11-06T14:41:28.547,76.85,5.511469870910887e-06,-2.085571364709389e-06,8.003809201701744e-06
1573069288597,2019-11-06T14:41:28.597,76.9,5.8527606362131195e-06,-2.5662326479791778e-06,7.980719632202039e-06
1573069288647,2019-11-06T14:41:28.647,76.95,5.884871136941012e-06,-2.2322844681557357e-06,7.828538530626931e-06
1573069288697,2019-11-06T14:41:28.697,77.0,5.8015841271513624e-06,-1.688402452278673e-06,7.89756457232605e-06
1573069288747,2019-11-06T14:41:28.747,77.05,5.588774415792271e-06,-1.5351536314201129e-06,7.949475677943694e-06
1573069288797,2019-11-06T14:41:28.797,77.1,5.237012796220507e-06,-1.5322041809453102e-06,7.939807244880682e-06
1573069288847,2019-11-06T14:41:28.847,77.15,4.881640451409807e-06,-1.354269605603616e-06,8.077794835018604e-06
1573069288897,2019-11-06T14:41:28.897,77.2,4.5995504302868764e-06,-1.3107111113860642e-06,8.189825776889304e-06
1573069288947,2019-11-06T14:41:28.947,77.25,4.390664593637018e-06,-1.581201403976166e-06,7.913721509461858e-06
1573069288997,2019-11-06T14:41:28.997,77.3,4.373395831463109e-06,-1.7049115056936788e-06,7.3827201929677775e-06
1573069289047,2019-11-06T14:41:29.047,77.35,4.64813044230924e-06,-1.504048529670259e-06,7.007484744699732e-06
1573069289097,2019-11-06T14:41:29.097,77.4,5.046677332023387e-06,-1.4875549548497704e-06,6.860171973213848e-06
1573069289147,2019-11-06T14:41:29.147,77.45,5.331384685064091e-06,-1.820789195751834e-06,6.7746439023513464e-06
1573069289197,2019-11-06T14:41:29.197,77.5,5.4167213548141125e-06,-1.9009626487901387e-06,6.590625471413413e-06
1573069289247,2019-11-06T14:41:29.247,77.55,5.214814070187516e-06,-1.3378470880888655e-06,6.043475964196177e-06
1573069289297,2019-11-06T14:41:29.297,77.6,4.688500486325413e-06,-5.117609539478572e-07,5.035968639722836e-06
1573069289347,2019-11-06T14:41:29.347,77.65,4.086136305385798e-06,1.146010087399455e-07,4.065390040649945e-06
1573069289397,2019-11-06T14:41:29.397,77.7,3.6193722257158563e-06,5.406435083098232e-07,3.7097523152981628e-06
1573069289447,2019-11-06T14:41:29.447,77.75,3.1367004038657035e-06,8.987119400099974e-07,3.7575868190965566e-06
1573069289497,2019-11-06T14:41:29.497,77.8,2.565757693373174e-06,1.2427478565765092e-06,3.499439599655082e-06
1573069289547,2019-11-06T14:41:29.547,77.85,2.114867298057239e-06,1.7372966938855688e-06,2.7788870379451974e-06
1573069289597,2019-11-06T14:41:29.597,77.9,1.7115943449610437e-06,2.388904599653496e-06,2.0703117854582967e-06
1573069289647,2019-11-06T14:41:29.647,77.95,9.881901828015272e-07,2.733952959739396e-06,1.6158600827525546e-06
1573069289697,2019-11-06T14:41:29.697,78.0,-2.5498472898439217e-08,2.496329256900741e-06,1.2373063687154724e-06
1573069289747,2019-11-06T14:41:29.747,78.05,-8.674941444186433e-07,2.2142945692433007e-06,9.033327975087893e-07
1573069289797,2019-11-06T14:41:29.797,78.1,-1.3403028472541793e-06,2.4975925197961713e-06,7.544181573217901e-07
1573069289847,2019-11-06T14:41:29.847,78.15,-1.763219247534181e-06,3.0826848668037505e-06,6.957670420149953e-07
1573069289897,2019-11-06T14:41:29.897,78.2,-2.401127381827445e-06,3.2964740710507747e-06,5.121752667621789e-07
1573069289947,2019-11-06T14:41:29.947,78.25,-2.990916357748221e-06,3.0536073590927044e-06,2.3062584585865846e-07
1573069289997,2019-11-06T14:41:29.997,78.3,-3.1995743683021405e-06,2.8304374416831547e-06,1.5034759191975005e-07
1573069290047,2019-11-06T14:41:30.047,78.35,-3.2096238262339128e-06,2.956392890297231e-06,6.073014916495776e-07
1573069290097,2019-11-06T14:41:30.097,78.4,-3.3036489607733645e-06,3.2997768146053907e-06,1.5022060775942738e-06
1573069290147,2019-11-06T14:41:30.147,78.45,-3.305504382413208e-06,3.485647822913597e-06,2.1209037319096397e-06
1573069290197,2019-11-06T14:41:30.197,78.5,-3.0169273310567288e-06,3.2748658869907235e-06,1.991927387820962e-06
1573069290247,2019-11-06T14:41:30.247,78.55,-2.682294044674718e-06,2.783749693951536e-06,1.630080797625616e-06
1573069290297,2019-11-06T14:41:30.297,78.6,-2.545612268500235e-06,2.353762289139639e-06,1.687288319992504e-06
1573069290347,2019-11-06T14:41:30.347,78.65,-2.483644276736317e-06,2.215763354187573e-06,1.964491313510701e-06
1573069290397,2019-11-06T14:41:30.397,78.7,-2.3158928522058536e-06,2.3047769511487973e-06,2.0979156592044035e-06
1573069290447,2019-11-06T14:41:30.447,78.75,-1.9469362448302944e-06,2.381875809639472e-06,2.4131107938664803e-06
1573069290497,2019-11-06T14:41:30.497,78.8,-1.2326748629875262e-06,2.2486065732016684e-06,3.2015806670405757e-06
1573069290547,2019-11-06T14:41:30.547,78.85,-2.2595432905555182e-07,1.8167834615035053e-06,3.986329179352944e-06
1573069290597,2019-11-06T14:41:30.597,78.9,6.692626705276003e-07,1.140095399956774e-06,4.346105810042369e-06
1573069290647,2019-11-06T14:41:30.647,78.95,1.1884897318683486e-06,4.5826222623134757e-07,4.657221484949665e-06
1573069290697,2019-11-06T14:41:30.697,79.0,1.5033966017968413e-06,1.55853255902907e-08,5.3146633783503625e-06
1573069290747,2019-11-06T14:41:30.747,79.05,1.8223109629246276e-06,-2.044948319126625e-07,6.007080395474193e-06
1573069290797,2019-11-06T14:41:30.797,79.1,2.1076047201551274e-06,-3.624902017210128e-07,6.332440289686678e-06
1573069290847,2019-11-06T14:41:30.847,79.15,2.2983900350767817e-06,-4.6601749346152157e-07,6.4140139169767815e-06
1573069290897,2019-11-06T14:41:30.897,79.2,2.4511707998310088e-06,-4.5320523145885403e-07,6.489931147049729e-06
1573069290947,2019-11-06T14:41:30.947,79.25,2.590737857520572e-06,-4.196235965053396e-07,6.5412480849582895e-06
1573069290997,2019-11-06T14:41:30.997,79.3,2.677023017311702e-06,-4.790059239715063e-07,6.6009231620662724e-06
1573069291047,2019-11-06T14:41:31.047,79.35,2.7036669567217462e-06,-5.478173651037209e-07,6.843127638271711e-06
1573069291097,2019-11-06T14:41:31.097,79.4,2.686507558454527e-06,-4.930470391969718e-07,7.149987113645467e-06
1573069291147,2019-11-06T14:41:31.147,79.45,2.6665223021757793e-06,-3.5548891260952876e-07,7.050637279307491e-06
1573069291197,2019-11-06T14:41:31.197,79.5,2.690246065290687e-06,-2.495674479905752e-07,6.3449125492531795e-06
1573069291247,2019-11-06T14:41:31.247,79.55,2.671368643132279e-06,-1.6897878258759406e-07,5.5231833903808175e-06
1573069291297,2019-11-06T14:41:31.297,79.6,2.531788719667697e-06,-3.8012867283760066e-08,5.23778234630473e-06
1573069291347,2019-11-06T14:41:31.347,79.65,2.4646192730518088e-06,1.4391344066798594e-07,5.4543949564155964e-06
1573069291397,2019-11-06T14:41:31.397,79.7,2.6234027864680597e-06,2.5297350371836184e-07,5.543688466722348e-06
1573069291447,2019-11-06T14:41:31.447,79.75,2.7221785110049437e-06,1.07173286529378e-07,5.192881506958427e-06
1573069291497,2019-11-06T14:41:31.497,79.8,2.4824917697211516e-06,-2.4626807763280646e-07,4.67529537386202e-06
1573069291547,2019-11-06T14:41:31.547,79.85,2.3034591791002026e-06,-3.866545982921031e-07,4.195037819856431e-06
1573069291597,2019-11-06T14:41:31.597,79.9,2.8525143358062663e-06,-6.33225313145867e-08,3.6094401540460353e-06
1573069291647,2019-11-06T14:41:31.647,79.95,3.9991242911435286e-06,2.870773802425354e-07,2.8772508050982615e-06
1573069291697,2019-11-06T14:41:31.697,80.0,4.884179127590883e-06,7.393781030264313e-08,2.240776860012064e-06
1573069291747,2019-11-06T14:41:31.747,80.05,5.157976382839853e-06,-6.12614180693298e-07,1.8377573578351262e-06
1573069291797,2019-11-06T14:41:31.797,80.1,5.326639098408817e-06,-1.168474150980401e-06,1.4452386480649166e-06
1573069291847,2019-11-06T14:41:31.847,80.15,5.769505272339221e-06,-1.275276178141967e-06,8.463571770691597e-07
1573069291897,2019-11-06T14:41:31.897,80.2,6.259263621238897e-06,-1.1658756198991124e-06,2.901318161821758e-07
1573069291947,2019-11-06T14:41:31.947,80.25,6.506512742105642e-06,-1.193532652663848e-06,1.548119363315828e-07
1573069291997,2019-11-06T14:41:31.997,80.3,6.465042581074297e-06,-1.3984167617934674e-06,3.0401716622845874e-07
1573069292047,2019-11-06T14:41:32.047,80.35,6.138635917175486e-06,-1.5749194616509356e-06,3.2205070118421294e-07
1573069292097,2019-11-06T14:41:32.097,80.4,5.637089020103567e-06,-1.628897010132762e-06,1.623717828808788e-07
1573069292147,2019-11-06T14:41:32.147,80.45,5.276739753597564e-06,-1.6622122349486473e-06,5.3166779835373533e-08
1573069292197,2019-11-06T14:41:32.197,80.5,5.201967047943798e-06,-1.7388498355148307e-06,3.527641475855629e-08
1573069292247,2019-11-06T14:41:32.247,80.55,5.171754258845768e-06,-1.755999794358613e-06,4.245312164587445e-09
1573069292297,2019-11-06T14:41:32.297,80.6,4.976741119256276e-06,-1.5537303487160978e-06,-1.5919201067940704e-08
1573069292347,2019-11-06T14:41:32.347,80.65,4.647981872058058e-06,-1.159284858730463e-06,6.07695391764845e-08
1573069292397,2019-11-06T14:41:32.397,80.7,4.189667794168382e-06,-9.213668983736976e-07,1.73256347329982e-07
1573069292447,2019-11-06T14:41:32.447,80.75,3.5928761309726314e-06,-1.0645052148072078e-06,1.8920686645186378e-07
1573069292497,2019-11-06T14:41:32.497,80.8,3.0036970659796753e-06,-1.1299919242086963e-06,1.6505027940930481e-07
1573069292547,2019-11-06T14:41:32.547,80.85,2.489892289721137e-06,-5.745054491104155e-07,2.9550183717408286e-07
1573069292597,2019-11-06T14:41:32.597,80.9,1.870309222319481e-06,2.1107391908217064e-07,4.981767755628147e-07
1573069292647,2019-11-06T14:41:32.647,80.95,9.557247955525042e-07,5.02549227038957e-07,4.055571182249537e-07
1573069292697,2019-11-06T14:41:32.697,81.0,-3.0892307483236093e-07,5.205719227011956e-07,5.914707195779121e-08
1573069292747,2019-11-06T14:41:32.747,81.05,-1.864489288659763e-06,9.579774941963713e-07,1.1295436036135163e-07
1573069292797,2019-11-06T14:41:32.797,81.1,-3.43287581130363e-06,1.7248077423590637e-06,8.394906946760594e-07
1573069292847,2019-11-06T14:41:32.847,81.15,-4.660078654763652e-06,2.189755703314305e-06,1.5512252010065394e-06
1573069292897,2019-11-06T14:41:32.897,81.2,-5.513996891323884e-06,2.1977616364446886e-06,1.6509616457503158e-06
1573069292947,2019-11-06T14:41:32.947,81.25,-6.151135421175392e-06,2.1643977088840556e-06,1.394356577642898e-06
1573069292997,2019-11-06T14:41:32.997,81.3,-6.434550267628452e-06,2.4678151492829794e-06,1.0033595547183433e-06
1573069293047,2019-11-06T14:41:33.047,81.35,-6.087519521805013e-06,3.042045507057655e-06,3.0802161003497864e-07
1573069293097,2019-11-06T14:41:33.097,81.4,-5.282556302212847e-06,3.4444726001614296e-06,-3.1340495743112767e-07
1573069293147,2019-11-06T14:41:33.147,81.45,-4.630158999015317e-06,3.3191759772130567e-06,-2.445503472575826e-07
1573069293197,2019-11-06T14:41:33.197,81.5,-4.4598707980499195e-06,2.867705789842149e-06,9.440045237873536e-08
1573069293247,2019-11-06T14:41:33.247,81.55,-4.384081918263318e-06,2.681161728633716e-06,-3.2500400441697985e-08
1573069293297,2019-11-06T14:41:33.297,81.6,-3.8671781601364074e-06,2.9263440736432626e-06,-1.5382787837259786e-07
1573069293347,2019-11-06T14:41:33.347,81.65,-3.0325716012516596e-06,3.0806813113310167e-06,5.547506238621092e-07
1573069293397,2019-11-06T14:41:33.397,81.7,-2.384566048492279e-06,2.8350980826254015e-06,1.6830015396380407e-06
1573069293447,2019-11-06T14:41:33.447,81.75,-1.9196628013136204e-06,2.6285983140422984e-06,2.34125535947683e-06
1573069293497,2019-11-06T14:41:33.497,81.8,-1.2897496034541208e-06,2.8112208848168305e-06,2.5938959269060014e-06
1573069293547,2019-11-06T14:41:33.547,81.85,-6.191773156882487e-07,3.0777252261502247e-06,2.9746945964388257e-06
1573069293597,2019-11-06T14:41:33.597,81.9,-2.0766835205243818e-07,3.1305721169773403e-06,3.4886450809075763e-06
1573069293647,2019-11-06T14:41:33.647,81.95,2.363956900029899e-07,3.060855645343088e-06,3.871227822778054e-06
1573069293697,2019-11-06T14:41:33.697,82.0,1.0900184725133037e-06,2.8744907621584895e-06,4.050413444041061e-06
1573069293747,2019-11-06T14:41:33.747,82.05,2.042602128222333e-06,2.4208712598417936e-06,4.027188789505109e-06
1573069293797,2019-11-06T14:41:33.797,82.1,2.662449910636548e-06,1.8208360703163983e-06,3.919295110145625e-06
1573069293847,2019-11-06T14:41:33.847,82.15,3.125483414249006e-06,1.35772879317408e-06,4.034006841272695e-06
1573069293897,2019-11-06T14:41:33.897,82.2,3.7321829676779137e-06,1.0422947784599678e-06,4.442356596741406e-06
1573069293947,2019-11-06T14:41:33.947,82.25,4.283711438415248e-06,7.591754554119836e-07,4.842770443018755e-06
1573069293997,2019-11-06T14:41:33.997,82.3,4.513562203805459e-06,6.909169952828977e-07,5.077164436779376e-06
1573069294047,2019-11-06T14:41:34.047,82.35,4.695805373843425e-06,1.1136069150067303e-06,5.253149555913724e-06
1573069294097,2019-11-06T14:41:34.097,82.4,5.142498903046529e-06,1.8455919700971918e-06,5.348407134210235e-06
1573069294147,2019-11-06T14:41:34.147,82.45,5.444533113399909e-06,2.361725618918095e-06,5.291150447537724e-06
1573069294197,2019-11-06T14:41:34.197,82.5,5.1059284144059275e-06,2.4255761551459367e-06,5.288817565917307e-06
1573069294247,2019-11-06T14:41:34.247,82.55,4.5162697981339415e-06,2.235534866956118e-06,5.516235998627732e-06
1573069294297,2019-11-06T14:41:34.297,82.6,4.289009760371782e-06,2.0310963326765038e-06,5.706015046773969e-06
1573069294347,2019-11-06T14:41:34.347,82.65,4.2991682915684655e-06,1.8936883834608715e-06,5.524752054562126e-06
1573069294397,2019-11-06T14:41:34.397,82.7,4.303852086699924e-06,1.8466450396484863e-06,5.0949388766654495e-06
1573069294447,2019-11-06T14:41:34.447,82.75,4.558847796350849e-06,1.8383309613402114e-06,4.727033037428706e-06
1573069294497,2019-11-06T14:41:34.497,82.8,5.056632919978953e-06,1.756233085006312e-06,4.358337371531005e-06
1573069294547,2019-11-06T14:41:34.547,82.85,5.245255555668742e-06,1.6966028514512478e-06,3.683999029938076e-06
1573069294597,2019-11-06T14:41:34.597,82.9,5.052405723081384e-06,1.8392285779046072e-06,2.7562488060418915e-06
1573069294647,2019-11-06T14:41:34.647,82.95,5.074721097133095e-06,1.9413945738662846e-06,2.036008850067474e-06
1573069294697,2019-11-06T14:41:34.697,83.0,5.43118719002527e-06,1.664817799575835e-06,1.8133439595899578e-06
1573069294747,2019-11-06T14:41:34.747,83.05,5.583183861157547e-06,1.2670222392048488e-06,1.908817159176982e-06
1573069294797,2019-11-06T14:41:34.797,83.1,5.469463955644251e-06,1.1025078089394548e-06,1.9915650395235524e-06
1573069294847,2019-11-06T14:41:34.847,83.15,5.672223994214382e-06,9.650231174329086e-07,1.926758902619546e-06
1573069294897,2019-11-06T14:41:34.897,83.2,6.293182191746004e-06,7.220520435510928e-07,1.7133248664509417e-06
1573069294947,2019-11-06T14:41:34.947,83.25,6.658403733986107e-06,7.019729999874108e-07,1.270126924538002e-06
1573069294997,2019-11-06T14:41:34.997,83.3,6.368335728625268e-06,8.74112531925043e-07,5.80155521620281e-07
1573069295047,2019-11-06T14:41:35.047,83.35,5.894643744049511e-06,7.587512884511875e-07,-1.8441513777604377e-08
1573069295097,2019-11-06T14:41:35.097,83.4,5.843470417434886e-06,3.998968814286784e-07,-2.2010650024035908e-07
1573069295147,2019-11-06T14:41:35.147,83.45,6.141217772953298e-06,2.609567140374888e-07,-4.368191262029723e-07
1573069295197,2019-11-06T14:41:35.197,83.5,6.274697067595472e-06,3.010530866014254e-07,-1.3486034555548502e-06
1573069295247,2019-11-06T14:41:35.247,83.55,6.043988340039943e-06,1.995340006334046e-07,-2.7467570881708066e-06
1573069295297,2019-11-06T14:41:35.297,83.6,5.75808612553679e-06,-4.9437123586338604e-08,-3.7018273736977764e-06
1573069295347,2019-11-06T14:41:35.347,83.65,5.7558220681223234e-06,-4.871082813898548e-07,-3.96743781009982e-06
1573069295397,2019-11-06T14:41:35.397,83.7,5.978020338513103e-06,-1.2589018930379703e-06,-4.355220694839783e-06
1573069295447,2019-11-06T14:41:35.447,83.75,6.049255245636063e-06,-2.0181647594025128e-06,-5.501644748565095e-06
1573069295497,2019-11-06T14:41:35.497,83.8,5.607845828063588e-06,-2.226179720717366e-06,-6.9821215593608305e-06
1573069295547,2019-11-06T14:41:35.547,83.85,4.527210817300647e-06,-1.998763702565137e-06,-7.99861984041188e-06
1573069295597,2019-11-06T14:41:35.597,83.9,2.9964115920195516e-06,-1.8668576894745396e-06,-8.44605776007364e-06
1573069295647,2019-11-06T14:41:35.647,83.95,1.4829883390904027e-06,-2.025443856810982e-06,-8.888301100392922e-06
1573069295697,2019-11-06T14:41:35.697,84.0,4.456391508052403e-07,-2.3674355333204567e-06,-9.720135829218341e-06
1573069295747,2019-11-06T14:41:35.747,84.05,-1.4867501625379715e-07,-2.8364085782202794e-06,-1.0742821130471079e-05
1573069295797,2019-11-06T14:41:35.797,84.1,-8.53255204820839e-07,-3.3602947100065055e-06,-1.1583480565516088e-05
1573069295847,2019-11-06T14:41:35.847,84.15,-1.9273305278965713e-06,-3.7302083622572176e-06,-1.214521867572942e-05
1573069295897,2019-11-06T14:41:35.897,84.2,-2.7580954709598202e-06,-3.825205073432891e-06,-1.2448496124564293e-05
1573069295947,2019-11-06T14:41:35.947,84.25,-2.7026738667493788e-06,-3.866655287195059e-06,-1.2505089414874129e-05
1573069295997,2019-11-06T14:41:35.997,84.3,-2.258391027316936e-06,-4.221967399023705e-06,-1.2557080680701901e-05
1573069296047,2019-11-06T14:41:36.047,84.35,-2.5229318647477874e-06,-4.8893456574492034e-06,-1.2848839841955205e-05
1573069296097,2019-11-06T14:41:36.097,84.4,-3.562092329237881e-06,-5.385654314996241e-06,-1.3156124835810598e-05
1573069296147,2019-11-06T14:41:36.147,84.45,-4.340828143350437e-06,-5.320646947945757e-06,-1.3214082619106757e-05
1573069296197,2019-11-06T14:41:36.197,84.5,-4.430095346756086e-06,-4.906728644489564e-06,-1.3298761584346865e-05
1573069296247,2019-11-06T14:41:36.247,84.55,-4.728259305563526e-06,-4.654688626458939e-06,-1.364834344963996e-05
1573069296297,2019-11-06T14:41:36.297,84.6,-6.068301182430375e-06,-4.703364650985265e-06,-1.3831189584256245e-05
1573069296347,2019-11-06T14:41:36.347,84.65,-8.03506231485248e-06,-4.759482120344132e-06,-1.3413317371123904e-05
1573069296397,2019-11-06T14:41:36.397,84.7,-9.79681191949357e-06,-4.6627783333272195e-06,-1.2718937209319167e-05
1573069296447,2019-11-06T14:41:36.447,84.75,-1.137075056989145e-05,-4.682044981222962e-06,-1.2317871368788345e-05
1573069296497,2019-11-06T14:41:36.497,84.8,-1.3348874285347628e-05,-5.066435526597287e-06,-1.2145826787542814e-05
1573069296547,2019-11-06T14:41:36.547,84.85,-1.583626909429831e-05,-5.533294856901319e-06,-1.1600327392349807e-05
1573069296597,2019-11-06T14:41:36.597,84.9,-1.818705495602484e-05,-5.631489611912855e-06,-1.0414175633126863e-05
1573069296647,2019-11-06T14:41:36.647,84.95,-1.9664142373954782e-05,-5.5049754364225314e-06,-9.083457208264278e-06
1573069296697,2019-11-06T14:41:36.697,85.0,-2.027021361009853e-05,-5.6883878326326594e-06,-8.143439491104645e-06
1573069296747,2019-11-06T14:41:36.747,85.05,-2.078857576627398e-05,-6.226554316394532e-06,-7.392972079707641e-06
1573069296797,2019-11-06T14:41:36.797,85.1,-2.1713349518677967e-05,-6.692096759033396e-06,-6.517347739128839e-06
1573069296847,2019-11-06T14:41:36.847,85.15,-2.2532368120586863e-05,-6.937610520653628e-06,-5.8732320300071425e-06
1573069296897,2019-11-06T14:41:36.897,85.2,-2.2651413395841587e-05,-7.114882662815237e-06,-5.700970952904752e-06
1573069296947,2019-11-06T14:41:36.947,85.25,-2.2458347719467343e-05,-7.122312555243937e-06,-5.4734578897932525e-06
1573069296997,2019-11-06T14:41:36.997,85.3,-2.2668876341060452e-05,-6.726763809055478e-06,-4.896635795523776e-06
1573069297047,2019-11-06T14:41:37.047,85.35,-2.317177834703293e-05,-6.0888403465106225e-06,-4.425428397702911e-06
1573069297097,2019-11-06T14:41:37.097,85.4,-2.3281775785083275e-05,-5.537300981978569e-06,-4.33963861567281e-06
1573069297147,2019-11-06T14:41:37.147,85.45,-2.2622802436375364e-05,-4.9953591381236374e-06,-4.426258616703932e-06
1573069297197,2019-11-06T14:41:37.197,85.5,-2.1338008665984737e-05,-4.267726989919464e-06,-4.583685417367959e-06
1573069297247,2019-11-06T14:41:37.247,85.55,-1.9985473519193388e-05,-3.665442446417416e-06,-4.91965106054197e-06
1573069297297,2019-11-06T14:41:37.297,85.6,-1.917414869178019e-05,-3.6105401524564927e-06,-5.432427186966312e-06
1573069297347,2019-11-06T14:41:37.347,85.65,-1.8774006411331017e-05,-3.7777653561052754e-06,-5.907635363733696e-06
1573069297397,2019-11-06T14:41:37.397,85.7,-1.8036670492218673e-05,-3.38873563471265e-06,-6.007768829547295e-06
1573069297447,2019-11-06T14:41:37.447,85.75,-1.6801671907141735e-05,-2.3548958200016117e-06,-5.646277912923627e-06
1573069297497,2019-11-06T14:41:37.497,85.8,-1.5601195971468567e-05,-1.4068690008067352e-06,-5.242205689290866e-06
1573069297547,2019-11-06T14:41:37.547,85.85,-1.4500866769790196e-05,-9.712927638406123e-07,-5.2337180666558784e-06
1573069297597,2019-11-06T14:41:37.597,85.9,-1.2924215725286788e-05,-6.77338176290345e-07,-5.598339426531871e-06
1573069297647,2019-11-06T14:41:37.647,85.95,-1.051497448176501e-05,-1.7563509682198817e-07,-6.083011399686509e-06
1573069297697,2019-11-06T14:41:37.697,86.0,-7.327538161451117e-06,4.150287763938745e-07,-6.407185318142786e-06
1573069297747,2019-11-06T14:41:37.747,86.05,-3.4945505459319205e-06,1.0646051499229333e-06,-6.250368303043712e-06
1573069297797,2019-11-06T14:41:37.797,86.1,5.894195864740313e-07,1.861176972705705e-06,-5.55371945309526e-06
1573069297847,2019-11-06T14:41:37.847,86.15,4.095985150597041e-06,2.420476938912563e-06,-4.5747171279562566e-06
1573069297897,2019-11-06T14:41:37.897,86.2,6.459673733099958e-06,2.3042318124920407e-06,-3.4052603006692067e-06
1573069297947,2019-11-06T14:41:37.947,86.25,8.062888420285813e-06,1.894582097129146e-06,-1.9830825463587296e-06
1573069297997,2019-11-06T14:41:37.997,86.3,9.61466814891599e-06,1.82160453624161e-06,-5.148565754195768e-07
1573069298047,2019-11-06T14:41:38.047,86.35,1.1090494530755663e-05,1.8670685183647042e-06,8.364566259823409e-07
1573069298097,2019-11-06T14:41:38.097,86.4,1.2035594569030199e-05,1.4599308421037938e-06,2.3669152186889403e-06
1573069298147,2019-11-06T14:41:38.147,86.45,1.2599189829183542e-05,8.413640306535934e-07,4.164581763841859e-06
1573069298197,2019-11-06T14:41:38.197,86.5,1.3298449093197153e-05,7.137948726283547e-07,5.53116684534969e-06
1573069298247,2019-11-06T14:41:38.247,86.55,1.4043524328301318e-05,1.0158938589937186e-06,5.883640853759294e-06
1573069298297,2019-11-06T14:41:38.297,86.6,1.4398163748204432e-05,1.0393880488508097e-06,5.78322131217769e-06
1573069298347,2019-11-06T14:41:38.347,86.65,1.451621115638219e-05,6.537756766554619e-07,6.280465182223612e-06
1573069298397,2019-11-06T14:41:38.397,86.7,1.4968018353345995e-05,4.0449201029772676e-07,7.488566917556739e-06
1573069298447,2019-11-06T14:41:38.447,86.75,1.59231624453747e-05,4.225904272269344e-07,8.546211126261916e-06
1573069298497,2019-11-06T14:41:38.497,86.8,1.703550745527924e-05,2.6562374933561554e-07,8.95678545274629e-06
1573069298547,2019-11-06T14:41:38.547,86.85,1.7888409692524588e-05,-2.4868106935287365e-07,9.221929455598588e-06
1573069298597,2019-11-06T14:41:38.597,86.9,1.8350506116112465e-05,-9.130092955156007e-07,9.915421458246184e-06
1573069298647,2019-11-06T14:41:38.647,86.95,1.863773512368674e-05,-1.4960235680466255e-06,1.0773927287142757e-05
1573069298697,2019-11-06T14:41:38.697,87.0,1.904328952024941e-05,-1.710096481644942e-06,1.1194933928402192e-05
1573069298747,2019-11-06T14:41:38.747,87.05,1.962357487812979e-05,-1.428499350556473e-06,1.1178396585511605e-05
1573069298797,2019-11-06T14:41:38.797,87.1,2.0185703857593944e-05,-1.0776885343119931e-06,1.1157258028348666e-05
1573069298847,2019-11-06T14:41:38.847,87.15,2.0453739577518583e-05,-1.0480319077702665e-06,1.1229698086942931e-05
1573069298897,2019-11-06T14:41:38.897,87.2,2.0206011420561114e-05,-9.70974474385555e-07,1.109969123781552e-05
1573069298947,2019-11-06T14:41:38.947,87.25,1.9412928359956438e-05,-4.423343174704977e-07,1.0452713213591353e-05
1573069298997,2019-11-06T14:41:38.997,87.3,1.8334062858712916e-05,1.8397593751320936e-07,9.128244938540558e-06
1573069299047,2019-11-06T14:41:39.047,87.35,1.728198728257241e-05,6.829390695256549e-07,7.29365656160989e-06
1573069299097,2019-11-06T14:41:39.097,87.4,1.6106024798804762e-05,1.6134767117611423e-06,5.459590807146139e-06
1573069299147,2019-11-06T14:41:39.147,87.45,1.4261624588052862e-05,3.100977234688402e-06,4.0816145122564605e-06
1573069299197,2019-11-06T14:41:39.197,87.5,1.1700627263771767e-05,4.24300488370237e-06,3.2895775697680624e-06
1573069299247,2019-11-06T14:41:39.247,87.55,9.209693912604622e-06,4.499735775597216e-06,2.9349530243346857e-06
1573069299297,2019-11-06T14:41:39.297,87.6,7.508146857470749e-06,4.364426992518003e-06,2.676284354510877e-06
1573069299347,2019-11-06T14:41:39.347,87.65,6.486459219228234e-06,4.323334194535941e-06,2.3250956490215415e-06
1573069299397,2019-11-06T14:41:39.397,87.7,5.640525540320011e-06,4.349442102146799e-06,2.159503962648427e-06
1573069299447,2019-11-06T14:41:39.447,87.75,4.816579308717367e-06,4.455980802628284e-06,2.3683005910911754e-06
1573069299497,2019-11-06T14:41:39.497,87.8,4.189079862983421e-06,4.799736244902334e-06,2.478061624439568e-06
1573069299547,2019-11-06T14:41:39.547,87.85,3.866864494298846e-06,5.212124884859067e-06,2.155485701093496e-06
1573069299597,2019-11-06T14:41:39.597,87.9,3.863065099323132e-06,5.285522176460929e-06,1.989550774881667e-06
1573069299647,2019-11-06T14:41:39.647,87.95,4.1064863206065365e-06,5.051401802211265e-06,2.4295427510388313e-06
1573069299697,2019-11-06T14:41:39.697,88.0,4.295438131045692e-06,5.023980573956343e-06,2.8368340348515596e-06
1573069299747,2019-11-06T14:41:39.747,88.05,4.1943209764793e-06,5.328720515472961e-06,2.7072530957229097e-06
1573069299797,2019-11-06T14:41:39.797,88.1,4.042044196772796e-06,5.425852826157272e-06,2.5706035721767765e-06
1573069299847,2019-11-06T14:41:39.847,88.15,4.145496278442924e-06,5.056466965645385e-06,2.638273593840189e-06
1573069299897,2019-11-06T14:41:39.897,88.2,4.325495424973464e-06,4.720688277243078e-06,2.2037024224640875e-06
1573069299947,2019-11-06T14:41:39.947,88.25,4.2699229284708535e-06,4.798064651038019e-06,1.3073104100808908e-06
1573069299997,2019-11-06T14:41:39.997,88.3,4.079589170009918e-06,4.953529811672769e-06,1.1256395907162431e-06
1573069300047,2019-11-06T14:41:40.047,88.35,4.052819861201403e-06,4.826643204015644e-06,1.8582859035493246e-06
1573069300097,2019-11-06T14:41:40.097,88.4,4.176120203991485e-06,4.63986833418224e-06,2.1049842851945565e-06
1573069300147,2019-11-06T14:41:40.147,88.45,4.115672362531026e-06,4.791293027481381e-06,1.1649787913433297e-06
1573069300197,2019-11-06T14:41:40.197,88.5,3.717085043379816e-06,5.29290824628873e-06,2.0721356047253357e-07
1573069300247,2019-11-06T14:41:40.247,88.55,3.281723183796626e-06,5.735733152939089e-06,3.09065657515476e-07
1573069300297,2019-11-06T14:41:40.297,88.6,3.09303040965137e-06,5.655874594603195e-06,8.831384428305674e-07
1573069300347,2019-11-06T14:41:40.347,88.65,2.91792706638096e-06,5.101503765942209e-06,9.658012495126615e-07
1573069300397,2019-11-06T14:41:40.397,88.7,2.3718487773862243e-06,4.7034164906158404e-06,7.500844388898464e-07
1573069300447,2019-11-06T14:41:40.447,88.75,1.5530084111262637e-06,4.830525105757127e-06,8.559737716409067e-07
1573069300497,2019-11-06T14:41:40.497,88.8,9.065924534060237e-07,5.109921350119736e-06,1.1638809719550257e-06
1573069300547,2019-11-06T14:41:40.547,88.85,5.778354828977374e-07,5.143515151062617e-06,1.2962342020444669e-06
1573069300597,2019-11-06T14:41:40.597,88.9,2.9954472050280317e-07,5.006609617208397e-06,1.3052431080675597e-06
1573069300647,2019-11-06T14:41:40.647,88.95,-8.22970765095634e-08,4.832111436901925e-06,1.2089157690950685e-06
1573069300697,2019-11-06T14:41:40.697,89.0,-4.2336669236481913e-07,4.66678151448845e-06,8.443430190217457e-07
1573069300747,2019-11-06T14:41:40.747,89.05,-6.638274307454233e-07,4.621379268309216e-06,5.461086126625178e-07
1573069300797,2019-11-06T14:41:40.797,89.1,-9.112019222478783e-07,4.518574154400428e-06,8.162041670702276e-07
1573069300847,2019-11-06T14:41:40.847,89.15,-1.1522661669510472e-06,3.917299489094399e-06,1.173530446863772e-06
1573069300897,2019-11-06T14:41:40.897,89.2,-1.3070387885086941e-06,2.9955225453257124e-06,6.274846443228065e-07
1573069300947,2019-11-06T14:41:40.947,89.25,-1.454314460296735e-06,2.5977067014194704e-06,-5.868522616965465e-07
1573069300997,2019-11-06T14:41:40.997,89.3,-1.6830102076832472e-06,2.929849265362854e-06,-1.0869312801518185e-06
1573069301047,2019-11-06T14:41:41.047,89.35,-1.8990935830271108e-06,3.135022975492214e-06,-3.940730106549262e-07
1573069301097,2019-11-06T14:41:41.097,89.4,-2.0063643112047425e-06,2.675636873597782e-06,3.8006177285433575e-07
1573069301147,2019-11-06T14:41:41.147,89.45,-2.0537649786476032e-06,2.1078725363378163e-06,2.3686374045078218e-07
1573069301197,2019-11-06T14:41:41.197,89.5,-2.0811814742273377e-06,1.9172577081954297e-06,-5.168032101178658e-07
1573069301247,2019-11-06T14:41:41.247,89.55,-2.1424410760319005e-06,1.7182527866326707e-06,-1.0911823864700513e-06
1573069301297,2019-11-06T14:41:41.297,89.6,-2.4499988147588335e-06,1.2005988097557133e-06,-1.199038968247047e-06
1573069301347,2019-11-06T14:41:41.347,89.65,-3.029220106662597e-06,7.607355106804942e-07,-9.970556305009297e-07
1573069301397,2019-11-06T14:41:41.397,89.7,-3.423898970122061e-06,6.660610922402077e-07,-7.363546022790868e-07
1573069301447,2019-11-06T14:41:41.447,89.75,-3.3148504008662037e-06,5.504167728221211e-07,-6.209175969883529e-07
1573069301497,2019-11-06T14:41:41.497,89.8,-3.1166605303678337e-06,1.4613137267748866e-07,-7.427808531790122e-07
1573069301547,2019-11-06T14:41:41.547,89.85,-3.4015583549800015e-06,-2.736675790161456e-07,-1.0672229300102937e-06
1573069301597,2019-11-06T14:41:41.597,89.9,-4.1316171966571134e-06,-5.10303765088343e-07,-1.4415705725054915e-06
1573069301647,2019-11-06T14:41:41.647,89.95,-4.86896789464116e-06,-8.614732804086402e-07,-1.6483874173236146e-06
1573069301697,2019-11-06T14:41:41.697,90.0,-5.280950084676433e-06,-1.5859895526178165e-06,-1.6197245973213178e-06
1573069301747,2019-11-06T14:41:41.747,90.05,-5.295252359272125e-06,-2.3892525586505266e-06,-1.5690376188599807e-06
1573069301797,2019-11-06T14:41:41.797,90.1,-5.171051266347966e-06,-2.8479047553919703e-06,-1.6957756622925092e-06
1573069301847,2019-11-06T14:41:41.847,90.15,-5.262162344348226e-06,-3.084404543420881e-06,-1.8873214081610043e-06
1573069301897,2019-11-06T14:41:41.897,90.2,-5.555167301296218e-06,-3.513562542928882e-06,-1.9361890361628758e-06
1573069301947,2019-11-06T14:41:41.947,90.25,-5.851032475187367e-06,-4.091156944229272e-06,-1.8020561246135968e-06
1573069301997,2019-11-06T14:41:41.997,90.3,-6.258380408786965e-06,-4.482394921039839e-06,-1.5761458556511426e-06
1573069302047,2019-11-06T14:41:42.047,90.35,-6.984962608141099e-06,-4.827981078814887e-06,-1.5116847311998331e-06
1573069302097,2019-11-06T14:41:42.097,90.4,-7.795109474297582e-06,-5.516547577665487e-06,-1.8745898884048754e-06
1573069302147,2019-11-06T14:41:42.147,90.45,-8.071331510157092e-06,-6.31913683169092e-06,-2.4621880882840685e-06
1573069302197,2019-11-06T14:41:42.197,90.5,-7.5840108156825956e-06,-6.6081874720384265e-06,-2.7410832585191985e-06
1573069302247,2019-11-06T14:41:42.247,90.55,-7.049006121187092e-06,-6.376424097055621e-06,-2.5896516953611754e-06
1573069302297,2019-11-06T14:41:42.297,90.6,-7.362064290509993e-06,-6.289685848847164e-06,-2.3572390551401738e-06
1573069302347,2019-11-06T14:41:42.347,90.65,-8.299939089758057e-06,-6.6831925484809736e-06,-2.2741175656590505e-06
1573069302397,2019-11-06T14:41:42.397,90.7,-8.77959466625298e-06,-7.114822281807794e-06,-2.2971152500007984e-06
1573069302447,2019-11-06T14:41:42.447,90.75,-8.3987210555416e-06,-7.108793074355653e-06,-2.4140604968765467e-06
1573069302497,2019-11-06T14:41:42.497,90.8,-7.853919680130168e-06,-6.86785304422541e-06,-2.673895897739821e-06
1573069302547,2019-11-06T14:41:42.547,90.85,-7.706913148809653e-06,-6.8896683429989805e-06,-2.9066408626363518e-06
1573069302597,2019-11-06T14:41:42.597,90.9,-7.5068941454017514e-06,-7.137881769336992e-06,-2.8592752366472224e-06
1573069302647,2019-11-06T14:41:42.647,90.95,-6.595634980284198e-06,-7.072191656505066e-06,-2.722369040164698e-06
1573069302697,2019-11-06T14:41:42.697,91.0,-5.29562487955787e-06,-6.5192990238380205e-06,-2.9185573838290686e-06
1573069302747,2019-11-06T14:41:42.747,91.05,-4.581263641651315e-06,-5.979189847545306e-06,-3.2476194837451278e-06
1573069302797,2019-11-06T14:41:42.797,91.1,-4.744197920119483e-06,-5.833910021386987e-06,-3.0480112648769778e-06
1573069302847,2019-11-06T14:41:42.847,91.15,-5.092840397264094e-06,-5.793095650451069e-06,-2.3316733392611013e-06
1573069302897,2019-11-06T14:41:42.897,91.2,-4.9658893122320484e-06,-5.450642242718651e-06,-1.8495190076241335e-06
1573069302947,2019-11-06T14:41:42.947,91.25,-4.510458485528093e-06,-4.877500765035803e-06,-1.8556845024845473e-06
1573069302997,2019-11-06T14:41:42.997,91.3,-4.404797859693124e-06,-4.306614210288349e-06,-1.703401514323027e-06
1573069303047,2019-11-06T14:41:43.047,91.35,-5.098778850455183e-06,-3.712025031758032e-06,-9.555897892076833e-07
1573069303097,2019-11-06T14:41:43.097,91.4,-6.374299179374588e-06,-3.0986618414611112e-06,-1.0887852041225878e-07
1573069303147,2019-11-06T14:41:43.147,91.45,-7.570860972540199e-06,-2.7629768758541037e-06,2.3970575791926594e-07
1573069303197,2019-11-06T14:41:43.197,91.5,-8.226414713025228e-06,-2.8183464609472706e-06,3.3911156543879015e-07
1573069303247,2019-11-06T14:41:43.247,91.55,-8.442538239202714e-06,-2.8708817549469324e-06,7.538200640383466e-07
1573069303297,2019-11-06T14:41:43.297,91.6,-8.594773344910326e-06,-2.5922538201695996e-06,1.3238341002090066e-06
1573069303347,2019-11-06T14:41:43.347,91.65,-8.865427301149917e-06,-2.191566065816197e-06,1.4820612054868309e-06
1573069303397,2019-11-06T14:41:43.397,91.7,-9.22901578367028e-06,-1.994755612650656e-06,1.2845242174902781e-06
1573069303447,2019-11-06T14:41:43.447,91.75,-9.669618546320316e-06,-2.0074564957922444e-06,1.22245963735862e-06
1573069303497,2019-11-06T14:41:43.497,91.8,-1.008538023225568e-05,-2.0900067603355558e-06,1.307781555965458e-06
1573069303547,2019-11-06T14:41:43.547,91.85,-1.0194855264782033e-05,-2.180869593875727e-06,1.1875929697729452e-06
1573069303597,2019-11-06T14:41:43.597,91.9,-9.915211779641752e-06,-2.2418367098943143e-06,8.66886730417877e-07
1573069303647,2019-11-06T14:41:43.647,91.95,-9.59455629335041e-06,-2.2030733704673554e-06,6.510620149225233e-07
1573069303697,2019-11-06T14:41:43.697,92.0,-9.555428613340189e-06,-2.04536374646482e-06,6.599364056014178e-07
1573069303747,2019-11-06T14:41:43.747,92.05,-9.669808779482035e-06,-1.8513289573105653e-06,7.958555392999069e-07
1573069303797,2019-11-06T14:41:43.797,92.1,-9.607019086504293e-06,-1.7352201815202628e-06,8.965877766752718e-07
1573069303847,2019-11-06T14:41:43.847,92.15,-9.353290746897627e-06,-1.8060071172578864e-06,7.971858392343126e-07
1573069303897,2019-11-06T14:41:43.897,92.2,-9.32315308196577e-06,-2.0747939213704883e-06,5.33499892373195e-07
1573069303947,2019-11-06T14:41:43.947,92.25,-9.804145911539161e-06,-2.2503978421820283e-06,3.6490371011783383e-07
1573069303997,2019-11-06T14:41:43.997,92.3,-1.042421969842701e-05,-2.0331118011094934e-06,3.482622428966646e-07
1573069304047,2019-11-06T14:41:44.047,92.35,-1.0652103699004498e-05,-1.73416038184791e-06,2.2819769218162614e-07
1573069304097,2019-11-06T14:41:44.097,92.4,-1.0640107521151928e-05,-1.8852794407584809e-06,-4.898109142103799e-08
1573069304147,2019-11-06T14:41:44.147,92.45,-1.0831072655892704e-05,-2.278249262933168e-06,-2.0979578848510803e-07
1573069304197,2019-11-06T14:41:44.197,92.5,-1.1025619919106456e-05,-2.3338454394962806e-06,-1.976125685412256e-07
1573069304247,2019-11-06T14:41:44.247,92.55,-1.0778223013457999e-05,-2.1077011613565073e-06,-2.6548058910163563e-07
1573069304297,2019-11-06T14:41:44.297,92.6,-1.0393078448737886e-05,-1.9393417889132216e-06,-4.3090409852867415e-07
1573069304347,2019-11-06T14:41:44.347,92.65,-1.0472418582416989e-05,-1.6978734582464772e-06,-4.2283816996363494e-07
1573069304397,2019-11-06T14:41:44.397,92.7,-1.0743489774088214e-05,-1.2379621314404883e-06,-2.060835651862454e-07
1573069304447,2019-11-06T14:41:44.447,92.75,-1.0404627503978372e-05,-8.853077870912366e-07,-5.799635321234579e-08
1573069304497,2019-11-06T14:41:44.497,92.8,-9.422244338823102e-06,-8.536070420162849e-07,-1.4542317648336586e-07
1573069304547,2019-11-06T14:41:44.547,92.85,-8.499803163091442e-06,-8.063960870460491e-07,-3.6313547697834487e-07
1573069304597,2019-11-06T14:41:44.597,92.9,-7.971578779933916e-06,-3.7964501103821585e-07,-5.068688096440472e-07
1573069304647,2019-11-06T14:41:44.647,92.95,-7.515811124338591e-06,2.8918092128640604e-07,-4.437722354521747e-07
1573069304697,2019-11-06T14:41:44.697,93.0,-6.762465273981615e-06,8.295937588246278e-07,-2.440106962467315e-07
1573069304747,2019-11-06T14:41:44.747,93.05,-5.730399641709887e-06,1.1547700093431607e-06,-1.2292120169962508e-07
1573069304797,2019-11-06T14:41:44.797,93.1,-4.785633123444987e-06,1.4048559949244663e-06,-8.981215130067579e-08
1573069304847,2019-11-06T14:41:44.847,93.15,-4.184085922985515e-06,1.5985935496308693e-06,1.0423528927230739e-07
1573069304897,2019-11-06T14:41:44.897,93.2,-3.660586597212373e-06,1.6972994231091831e-06,4.5445041072926726e-07
1573069304947,2019-11-06T14:41:44.947,93.25,-2.821093036563297e-06,1.8268042214458442e-06,5.837617426669514e-07
1573069304997,2019-11-06T14:41:44.997,93.3,-1.7747536988005968e-06,2.1485187740009537e-06,3.808250957111584e-07
1573069305047,2019-11-06T14:41:45.047,93.35,-8.565005830540639e-07,2.6161660968891265e-06,2.1855655139527227e-07
1573069305097,2019-11-06T14:41:45.097,93.4,-5.560214193218494e-08,2.986842363414962e-06,3.8100501895482496e-07
1573069305147,2019-11-06T14:41:45.147,93.45,7.613191303851501e-07,3.1530893261280468e-06,7.598083960555675e-07
1573069305197,2019-11-06T14:41:45.197,93.5,1.4595182265297778e-06,3.4088127524570386e-06,1.1232680458845499e-06
1573069305247,2019-11-06T14:41:45.247,93.55,1.907555759515278e-06,3.997601068053959e-06,1.3971823996262988e-06
1573069305297,2019-11-06T14:41:45.297,93.6,2.3597398070571156e-06,4.524403503521172e-06,1.681814148285242e-06
1573069305347,2019-11-06T14:41:45.347,93.65,3.2121927876998543e-06,4.47610457249478e-06,1.981305552479178e-06
1573069305397,2019-11-06T14:41:45.397,93.7,4.402314797883413e-06,4.097471887933239e-06,2.1454239725240525e-06
1573069305447,2019-11-06T14:41:45.447,93.75,5.356526359817991e-06,4.014005923073684e-06,2.319275461235784e-06
1573069305497,2019-11-06T14:41:45.497,93.8,5.7509351847198704e-06,4.2376536832223935e-06,2.894268510043513e-06
1573069305547,2019-11-06T14:41:45.547,93.85,6.029386935761944e-06,4.275307469111236e-06,3.7667646671672263e-06
1573069305597,2019-11-06T14:41:45.597,93.9,6.762758276494396e-06,4.077568359124312e-06,4.3937506255023084e-06
1573069305647,2019-11-06T14:41:45.647,93.95,7.756741674327138e-06,4.098893520295264e-06,4.643207074849018e-06
1573069305697,2019-11-06T14:41:45.697,94.0,8.362050518682132e-06,4.42804466462255e-06,4.860485914000887e-06
1573069305747,2019-11-06T14:41:45.747,94.05,8.490026583742186e-06,4.730682113481835e-06,5.197043143606602e-06
1573069305797,2019-11-06T14:41:45.797,94.1,8.635749807951032e-06,5.019433636145003e-06,5.433600291503871e-06
1573069305847,2019-11-06T14:41:45.847,94.15,9.018428169779245e-06,5.488633744730408e-06,5.4028727927699216e-06
1573069305897,2019-11-06T14:41:45.897,94.2,9.449592661784683e-06,5.7569131084435865e-06,5.327362966384611e-06
1573069305947,2019-11-06T14:41:45.947,94.25,9.922132309401754e-06,5.344290329643391e-06,5.648184333027601e-06
1573069305997,2019-11-06T14:41:45.997,94.3,1.0549113172649847e-05,4.615029410485361e-06,6.417324409995747e-06
1573069306047,2019-11-06T14:41:46.047,94.35,1.1035711957635101e-05,4.312538288814941e-06,7.042187299260387e-06
1573069306097,2019-11-06T14:41:46.097,94.4,1.0931856047146703e-05,4.583224873387919e-06,6.975829885243688e-06
1573069306147,2019-11-06T14:41:46.147,94.45,1.0320106291694697e-05,5.069119430341572e-06,6.435439533470899e-06
1573069306197,2019-11-06T14:41:46.197,94.5,9.717336198817909e-06,5.425810540121137e-06,6.023960082024093e-06
1573069306247,2019-11-06T14:41:46.247,94.55,9.438789802604846e-06,5.504311790671099e-06,5.896425783135451e-06
1573069306297,2019-11-06T14:41:46.297,94.6,9.411134432287171e-06,5.447334095878986e-06,5.716748410891523e-06
1573069306347,2019-11-06T14:41:46.347,94.65,9.441368092794712e-06,5.466700516627597e-06,5.280911155457786e-06
1573069306397,2019-11-06T14:41:46.397,94.7,9.424558083036078e-06,5.431377977580713e-06,4.869233821545253e-06
1573069306447,2019-11-06T14:41:46.447,94.75,9.314730970871474e-06,5.210868474556579e-06,4.9166496774822796e-06
1573069306497,2019-11-06T14:41:46.497,94.8,9.07633941512876e-06,5.198695968043785e-06,5.328418350075018e-06
1573069306547,2019-11-06T14:41:46.547,94.85,8.789322366024422e-06,5.656525397429684e-06,5.337973341689382e-06
1573069306597,2019-11-06T14:41:46.597,94.9,8.57967334516069e-06,5.961248710779591e-06,4.471732024630025e-06
1573069306647,2019-11-06T14:41:46.647,94.95,8.357991356834051e-06,5.513786370599555e-06,3.4007226983290044e-06
1573069306697,2019-11-06T14:41:46.697,95.0,8.032656733377919e-06,4.896435694757473e-06,3.069289392045219e-06
1573069306747,2019-11-06T14:41:46.747,95.05,7.926864227001994e-06,5.03872918721115e-06,3.284762349671759e-06
1573069306797,2019-11-06T14:41:46.797,95.1,8.35760943461557e-06,5.7079942942523956e-06,3.1627976426919744e-06
1573069306847,2019-11-06T14:41:46.847,95.15,8.976122188405896e-06,5.898991262923719e-06,2.6202022140032345e-06
1573069306897,2019-11-06T14:41:46.897,95.2,9.27405817705683e-06,5.361960508406881e-06,2.3181957368869666e-06
1573069306947,2019-11-06T14:41:46.947,95.25,9.380061227937129e-06,4.817118391816664e-06,2.3929702801952678e-06
1573069306997,2019-11-06T14:41:46.997,95.3,9.55535560218722e-06,4.828308566544282e-06,2.272040826168265e-06
1573069307047,2019-11-06T14:41:47.047,95.35,9.556686659030006e-06,5.130135496347845e-06,1.659920890125383e-06
1573069307097,2019-11-06T14:41:47.097,95.4,9.311526769162744e-06,5.097389682038356e-06,9.282638708510312e-07
1573069307147,2019-11-06T14:41:47.147,95.45,9.357708347185934e-06,4.52838650572907e-06,5.019973649758492e-07
1573069307197,2019-11-06T14:41:47.197,95.5,9.892845228937867e-06,3.817579764540821e-06,3.9915738329513033e-07
1573069307247,2019-11-06T14:41:47.247,95.55,1.0256083410334659e-05,3.4402083018953486e-06,3.9383843663005193e-07
1573069307297,2019-11-06T14:41:47.297,95.6,9.932112114627528e-06,3.42156630899289e-06,2.343645272952822e-07
1573069307347,2019-11-06T14:41:47.347,95.65,9.36142941903253e-06,3.4044444498878893e-06,-1.971923480077882e-07
1573069307397,2019-11-06T14:41:47.397,95.7,9.221677568555398e-06,3.1595565548881098e-06,-6.585035032210377e-07
1573069307447,2019-11-06T14:41:47.447,95.75,9.41748763325493e-06,2.8253029629499862e-06,-7.389441531631392e-07
1573069307497,2019-11-06T14:41:47.497,95.8,9.387311041955427e-06,2.567298028969623e-06,-4.6780576310756475e-07
1573069307547,2019-11-06T14:41:47.547,95.85,9.02802111600588e-06,2.2621734612743966e-06,-4.049315277381355e-07
1573069307597,2019-11-06T14:41:47.597,95.9,8.652426431814838e-06,1.7887578085452592e-06,-9.035012971142476e-07
1573069307647,2019-11-06T14:41:47.647,95.95,8.390613131030025e-06,1.3766511165748698e-06,-1.5344651099197933e-06
1573069307697,2019-11-06T14:41:47.697,96.0,8.223963117237125e-06,1.2855562783124262e-06,-1.643615345002618e-06
1573069307747,2019-11-06T14:41:47.747,96.05,8.228045553185369e-06,1.366640522000994e-06,-1.3300863434649354e-06
1573069307797,2019-11-06T14:41:47.797,96.1,8.384553306843205e-06,1.2939968445100741e-06,-1.286452363844534e-06
1573069307847,2019-11-06T14:41:47.847,96.15,8.473191316168689e-06,1.0305397974684568e-06,-1.8211369499829103e-06
1573069307897,2019-11-06T14:41:47.897,96.2,8.299976261364141e-06,7.768379311494985e-07,-2.6179294224188165e-06
1573069307947,2019-11-06T14:41:47.947,96.25,7.871770955254914e-06,5.95334109841567e-07,-3.183774748952664e-06
1573069307997,2019-11-06T14:41:47.997,96.3,7.366319067657652e-06,4.1227968672114496e-07,-3.22364988756207e-06
1573069308047,2019-11-06T14:41:48.047,96.35,6.9507920826551295e-06,3.246645461115669e-07,-3.0048688485685606e-06
1573069308097,2019-11-06T14:41:48.097,96.4,6.6306009391325e-06,3.7453787937797485e-07,-3.248075946456073e-06
1573069308147,2019-11-06T14:41:48.147,96.45,6.339907869136996e-06,1.2210165441095053e-07,-4.1574513522694845e-06
1573069308197,2019-11-06T14:41:48.197,96.5,6.0666421794848445e-06,-7.104329835914231e-07,-5.023996486995495e-06
1573069308247,2019-11-06T14:41:48.247,96.55,5.830030176653795e-06,-1.4536302029316422e-06,-5.256398629519741e-06
1573069308297,2019-11-06T14:41:48.297,96.6,5.6835662050117765e-06,-1.4857521309581158e-06,-5.148458360212632e-06
1573069308347,2019-11-06T14:41:48.347,96.65,5.665996597384823e-06,-1.4505972448878886e-06,-5.2221604459366636e-06
1573069308397,2019-11-06T14:41:48.397,96.7,5.669764970809256e-06,-2.1485300227974965e-06,-5.498540684681167e-06
1573069308447,2019-11-06T14:41:48.447,96.75,5.5654881857477295e-06,-3.046638604303835e-06,-5.768118243395826e-06
1573069308497,2019-11-06T14:41:48.497,96.8,5.393261623050512e-06,-3.3276191461139902e-06,-6.001718904137433e-06
1573069308547,2019-11-06T14:41:48.547,96.85,5.253605820656182e-06,-3.42880146738785e-06,-6.276993301698618e-06
1573069308597,2019-11-06T14:41:48.597,96.9,5.1955429438394385e-06,-4.094833627433666e-06,-6.632933325426834e-06
1573069308647,2019-11-06T14:41:48.647,96.95,5.168193061125351e-06,-4.84716795305523e-06,-6.9707486709206915e-06
1573069308697,2019-11-06T14:41:48.697,97.0,4.919324069495827e-06,-4.755734882658371e-06,-7.14658151712388e-06
1573069308747,2019-11-06T14:41:48.747,97.05,4.270580398756471e-06,-4.059785919257102e-06,-7.377510362148053e-06
1573069308797,2019-11-06T14:41:48.797,97.1,3.5007389539046028e-06,-3.848313737329354e-06,-8.013973472432392e-06
1573069308847,2019-11-06T14:41:48.847,97.15,2.9815841163292527e-06,-4.465051643609764e-06,-8.672860151713972e-06
1573069308897,2019-11-06T14:41:48.897,97.2,2.612799981204296e-06,-5.215988760205273e-06,-8.59884456357338e-06
1573069308947,2019-11-06T14:41:48.947,97.25,2.066818495290824e-06,-5.568243798152581e-06,-8.033500310795423e-06
1573069308997,2019-11-06T14:41:48.997,97.3,1.3444463144358216e-06,-5.7436800388370875e-06,-7.99078491644148e-06
1573069309047,2019-11-06T14:41:49.047,97.35,7.488667156994582e-07,-6.0398885128104346e-06,-8.673459143857965e-06
1573069309097,2019-11-06T14:41:49.097,97.4,3.924145171851896e-07,-6.354968675782423e-06,-9.327083030552927e-06
1573069309147,2019-11-06T14:41:49.147,97.45,-1.1807598123769167e-07,-6.570507212049117e-06,-9.487195352327382e-06
1573069309197,2019-11-06T14:41:49.197,97.5,-1.2510874978998391e-06,-6.815824992727777e-06,-9.348240876844572e-06
1573069309247,2019-11-06T14:41:49.247,97.55,-2.768918943900209e-06,-7.178282766651022e-06,-9.228893844943214e-06
1573069309297,2019-11-06T14:41:49.297,97.6,-3.984512181074643e-06,-7.499984177301999e-06,-9.371973586474966e-06
1573069309347,2019-11-06T14:41:49.347,97.65,-4.864732779831839e-06,-7.560297232618995e-06,-9.854969405508157e-06
1573069309397,2019-11-06T14:41:49.397,97.7,-5.958890525705524e-06,-7.340908686068606e-06,-1.0369622559219297e-05
1573069309447,2019-11-06T14:41:49.447,97.75,-7.250680344262791e-06,-7.100434691413649e-06,-1.0479141877385566e-05
1573069309497,2019-11-06T14:41:49.497,97.8,-8.170648090053252e-06,-7.143491293271826e-06,-1.0121856534744932e-05
1573069309547,2019-11-06T14:41:49.547,97.85,-8.644562761044391e-06,-7.458554917545175e-06,-9.619200234684282e-06
1573069309597,2019-11-06T14:41:49.597,97.9,-9.101973332509527e-06,-7.664250393154055e-06,-9.349131009160227e-06
1573069309647,2019-11-06T14:41:49.647,97.95,-9.672561720572349e-06,-7.404104412059191e-06,-9.452460900046968e-06
1573069309697,2019-11-06T14:41:49.697,98.0,-1.0197045370313586e-05,-6.7728207722388406e-06,-9.600196938000775e-06
1573069309747,2019-11-06T14:41:49.747,98.05,-1.0684112715613793e-05,-6.210329247796244e-06,-9.27885545261072e-06
1573069309797,2019-11-06T14:41:49.797,98.1,-1.1231609848145441e-05,-5.919389038129301e-06,-8.599169552043455e-06
1573069309847,2019-11-06T14:41:49.847,98.15,-1.1872277370671327e-05,-5.658773713791097e-06,-8.214438479030384e-06
1573069309897,2019-11-06T14:41:49.897,98.2,-1.2663785467359405e-05,-5.23097243604361e-06,-8.154942997302054e-06
1573069309947,2019-11-06T14:41:49.947,98.25,-1.3595364737762458e-05,-4.733633104637561e-06,-7.705446968709123e-06
1573069309997,2019-11-06T14:41:49.997,98.3,-1.4483928208709247e-05,-4.205191860410251e-06,-6.693076275882156e-06
1573069310047,2019-11-06T14:41:50.047,98.35,-1.5203782526233046e-05,-3.600896837871297e-06,-5.84768991333711e-06
1573069310097,2019-11-06T14:41:50.097,98.4,-1.584012749677777e-05,-3.136424834255484e-06,-5.656043237620932e-06
1573069310147,2019-11-06T14:41:50.147,98.45,-1.648641710150547e-05,-3.017968475162291e-06,-5.709191292528115e-06
1573069310197,2019-11-06T14:41:50.197,98.5,-1.7118162994701877e-05,-3.0071666458850882e-06,-5.442055479611946e-06
1573069310247,2019-11-06T14:41:50.247,98.55,-1.7717142589346455e-05,-2.8384080385755482e-06,-4.9592611277609196e-06
1573069310297,2019-11-06T14:41:50.297,98.6,-1.8284481943742974e-05,-2.6677849051668247e-06,-4.763318563636112e-06
1573069310347,2019-11-06T14:41:50.347,98.65,-1.8726514289716794e-05,-2.629883884237406e-06,-4.958046853236231e-06
1573069310397,2019-11-06T14:41:50.397,98.7,-1.8908105290725604e-05,-2.513054458646457e-06,-5.164387556762786e-06
1573069310447,2019-11-06T14:41:50.447,98.75,-1.880072881201486e-05,-2.201053086041377e-06,-5.119746493214028e-06
1573069310497,2019-11-06T14:41:50.497,98.8,-1.8452560279349556e-05,-1.7950949148578144e-06,-4.939504250904315e-06
1573069310547,2019-11-06T14:41:50.547,98.85,-1.7849070881613863e-05,-1.2203737499504927e-06,-4.81193020320835e-06
1573069310597,2019-11-06T14:41:50.597,98.9,-1.699902129007743e-05,-4.1718644924989857e-07,-4.783789343013806e-06
1573069310647,2019-11-06T14:41:50.647,98.95,-1.6134273359746723e-05,2.546619508432332e-07,-4.8271246038079164e-06
1573069310697,2019-11-06T14:41:50.697,99.0,-1.5544240929593247e-05,4.614320251208145e-07,-4.915564173016345e-06
1573069310747,2019-11-06T14:41:50.747,99.05,-1.5240088079284156e-05,3.860175370433053e-07,-5.150442873980277e-06
1573069310797,2019-11-06T14:41:50.797,99.1,-1.4948107244997859e-05,3.5280358575507843e-07,-5.768611559260625e-06
1573069310847,2019-11-06T14:41:50.847,99.15,-1.4339635671086311e-05,4.1383636343543163e-07,-6.691842364372121e-06
1573069310897,2019-11-06T14:41:50.897,99.2,-1.3363494834770633e-05,5.016645608106241e-07,-7.333152519147067e-06
1573069310947,2019-11-06T14:41:50.947,99.25,-1.2428630173535364e-05,6.632191858616881e-07,-7.3201421331117455e-06
1573069310997,2019-11-06T14:41:50.997,99.3,-1.1925723149996216e-05,1.039742171045984e-06,-7.011558973749158e-06
1573069311047,2019-11-06T14:41:51.047,99.35,-1.1650764571083774e-05,1.6222813530318e-06,-6.937292334469584e-06
1573069311097,2019-11-06T14:41:51.097,99.4,-1.1116619195360224e-05,2.086689136281542e-06,-7.1594227584009636e-06
1573069311147,2019-11-06T14:41:51.147,99.45,-1.0189333173014399e-05,2.14085492117145e-06,-7.3092809083719544e-06
1573069311197,2019-11-06T14:41:51.197,99.5,-9.088298693233828e-06,2.0113224663071592e-06,-7.04614534595505e-06
1573069311247,2019-11-06T14:41:51.247,99.55,-8.068184704922203e-06,2.200828584200637e-06,-6.6046608032242755e-06
1573069311297,2019-11-06T14:41:51.297,99.6,-7.225227240687023e-06,2.7647680797777627e-06,-6.595182732848156e-06
1573069311347,2019-11-06T14:41:51.347,99.65,-6.234455977108539e-06,3.250600990055973e-06,-6.913779340111566e-06
1573069311397,2019-11-06T14:41:51.397,99.7,-4.362118982347381e-06,3.374727691129075e-06,-6.597783228138315e-06
1573069311447,2019-11-06T14:41:51.447,99.75,-1.2725071443818727e-06,3.3048744542474024e-06,-5.080313871990764e-06
1573069311497,2019-11-06T14:41:51.497,99.8,2.3299359703729157e-06,3.236759874643947e-06,-2.631626125539989e-06
1573069311547,2019-11-06T14:41:51.547,99.85,5.333924743198773e-06,3.1414765420879887e-06,3.649311627401011e-07
1573069311597,2019-11-06T14:41:51.597,99.9,7.201433394189472e-06,2.9224378266786834e-06,3.4991330840225936e-06
1573069311647,2019-11-06T14:41:51.647,99.95,8.07348263581652e-06,2.4747606906775784e-06,6.057767668018996e-06
1573069311697,2019-11-06T14:41:51.697,100.0,8.403659885304486e-06,1.8146376512941649e-06,7.565719229891404e-06
1573069311747,2019-11-06T14:41:51.747,100.05,8.61865949303831e-06,1.343198215050989e-06,8.251810230429447e-06
1573069311797,2019-11-06T14:41:51.797,100.1,8.764085017655284e-06,1.4182837120088107e-06,8.622021428137762e-06
1573069311847,2019-11-06T14:41:51.847,100.15,8.585383792898888e-06,1.6714578832102262e-06,8.999053023265803e-06
1573069311897,2019-11-06T14:41:51.897,100.2,8.110225086783193e-06,1.5635976035910946e-06,9.541071908684904e-06
1573069311947,2019-11-06T14:41:51.947,100.25,7.733179141669559e-06,1.271695531202009e-06,1.0286135527790406e-05
1573069311997,2019-11-06T14:41:51.997,100.3,7.637801456514312e-06,1.1377196290959524e-06,1.1065806024032193e-05
1573069312047,2019-11-06T14:41:52.047,100.35,7.69228677591317e-06,9.603947929448355e-07,1.1601040534154336e-05
1573069312097,2019-11-06T14:41:52.097,100.4,7.870153978212699e-06,6.187182122622218e-07,1.1819439328151539e-05
1573069312147,2019-11-06T14:41:52.147,100.45,8.161693332208044e-06,4.6123036592560463e-07,1.19840931597885e-05
1573069312197,2019-11-06T14:41:52.197,100.5,8.35799900525466e-06,5.186031953064773e-07,1.2415001225922229e-05
1573069312247,2019-11-06T14:41:52.247,100.55,8.506718827038942e-06,2.833534243251565e-07,1.3165095196929472e-05
1573069312297,2019-11-06T14:41:52.297,100.6,9.017463715608398e-06,-3.9285901777456025e-07,1.4052722673814444e-05
1573069312347,2019-11-06T14:41:52.347,100.65,9.878515482808251e-06,-1.0298619768834463e-06,1.4867307300483437e-05
1573069312397,2019-11-06T14:41:52.397,100.7,1.0560826092000744e-05,-1.3587887784233026e-06,1.5433492330051896e-05
1573069312447,2019-11-06T14:41:52.447,100.75,1.0902538380085988e-05,-1.7247127936233708e-06,1.5785358847198994e-05
1573069312497,2019-11-06T14:41:52.497,100.8,1.1128751830226536e-05,-2.3711256340302294e-06,1.631311253489279e-05
1573069312547,2019-11-06T14:41:52.547,100.85,1.1065455270497323e-05,-2.8157447367288452e-06,1.7099745027207574e-05
1573069312597,2019-11-06T14:41:52.597,100.9,1.046314071060847e-05,-2.4413287384985154e-06,1.733429970074879e-05
1573069312647,2019-11-06T14:41:52.647,100.95,9.815668885191093e-06,-1.5441914362172087e-06,1.6460570735965414e-05
1573069312697,2019-11-06T14:41:52.697,101.0,9.703089068584351e-06,-1.0933005144886886e-06,1.5423583671926974e-05
1573069312747,2019-11-06T14:41:52.747,101.05,9.805826924544281e-06,-1.3389569739094884e-06,1.5397956373716137e-05
1573069312797,2019-11-06T14:41:52.797,101.1,9.540320230456957e-06,-1.494247538372418e-06,1.5941464804661928e-05
1573069312847,2019-11-06T14:41:52.847,101.15,9.02803478803809e-06,-1.0282966064089868e-06,1.583676530772077e-05
1573069312897,2019-11-06T14:41:52.897,101.2,8.756323940272952e-06,-3.69379366576309e-07,1.4975285004853595e-05
1573069312947,2019-11-06T14:41:52.947,101.25,8.854165726962547e-06,-4.110883030579553e-08,1.4085494935956146e-05
1573069312997,2019-11-06T14:41:52.997,101.3,9.043027124798863e-06,6.947953128738566e-08,1.3419653321399002e-05
1573069313047,2019-11-06T14:41:53.047,101.35,9.009984682920456e-06,3.308391255496207e-07,1.2835291675784818e-05
1573069313097,2019-11-06T14:41:53.097,101.4,8.760239612273629e-06,8.344661499093067e-07,1.246025319425375e-05
1573069313147,2019-11-06T14:41:53.147,101.45,8.578505857778974e-06,1.3547083601108908e-06,1.2390376889731316e-05
1573069313197,2019-11-06T14:41:53.197,101.5,8.604888713055639e-06,1.6182996300556881e-06,1.2192397360022193e-05
1573069313247,2019-11-06T14:41:53.247,101.55,8.682418181024757e-06,1.6594095120557813e-06,1.1358890749370016e-05
1573069313297,2019-11-06T14:41:53.297,101.6,8.657333419074143e-06,1.7818845633266249e-06,1.0076692439635822e-05
1573069313347,2019-11-06T14:41:53.347,101.65,8.562368806895e-06,2.070416316318558e-06,9.087136179591854e-06
1573069313397,2019-11-06T14:41:53.397,101.7,8.482999892269735e-06,2.2849399282584237e-06,8.780556963487338e-06
1573069313447,2019-11-06T14:41:53.447,101.75,8.407611792322395e-06,2.2689048139470895e-06,8.771736174891993e-06
1573069313497,2019-11-06T14:41:53.497,101.8,8.279085463319018e-06,2.0976978853767807e-06,8.53485079206643e-06
1573069313547,2019-11-06T14:41:53.547,101.85,8.176735778961783e-06,1.9581113232369922e-06,8.191599324084963e-06
1573069313597,2019-11-06T14:41:53.597,101.9,8.253836938351712e-06,2.0802945665006107e-06,8.208827538496262e-06
1573069313647,2019-11-06T14:41:53.647,101.95,8.399525188945806e-06,2.4414595534215623e-06,8.455700719139776e-06
1573069313697,2019-11-06T14:41:53.697,102.0,8.324377868980545e-06,2.5936945949540762e-06,8.398240767007498e-06
1573069313747,2019-11-06T14:41:53.747,102.05,8.116470675679214e-06,2.28522780168734e-06,8.164484460228502e-06
1573069313797,2019-11-06T14:41:53.797,102.1,8.159724730010382e-06,1.9512498674982665e-06,8.265563250974229e-06
1573069313847,2019-11-06T14:41:53.847,102.15,8.359678192271377e-06,2.0598028801907243e-06,8.43974279133061e-06
1573069313897,2019-11-06T14:41:53.897,102.2,8.193938127896078e-06,2.375692161861837e-06,8.145122209063848e-06
1573069313947,2019-11-06T14:41:53.947,102.25,7.726352532412984e-06,2.369945036619757e-06,7.789000279799587e-06
1573069313997,2019-11-06T14:41:53.997,102.3,7.70232533213393e-06,2.0824438702951714e-06,7.999545641855814e-06
1573069314047,2019-11-06T14:41:54.047,102.35,8.33448074911343e-06,2.0492825059608665e-06,8.301673918892293e-06
1573069314097,2019-11-06T14:41:54.097,102.4,8.87341622205128e-06,2.3408603827810126e-06,7.949061299241998e-06
1573069314147,2019-11-06T14:41:54.147,102.45,8.780896353031638e-06,2.3261383491041962e-06,7.37068839731374e-06
1573069314197,2019-11-06T14:41:54.197,102.5,8.5467221984887e-06,1.7048361143201299e-06,7.528385827930811e-06
1573069314247,2019-11-06T14:41:54.247,102.55,8.877707345172713e-06,1.0060845631546204e-06,8.398415526376321e-06
1573069314297,2019-11-06T14:41:54.297,102.6,9.621861875222143e-06,7.391717066198295e-07,9.057279213327241e-06
1573069314347,2019-11-06T14:41:54.347,102.65,1.0007712197859487e-05,8.33931878336663e-07,8.972945938408917e-06
1573069314397,2019-11-06T14:41:54.397,102.7,9.776903361753902e-06,1.0042689865151193e-06,8.50597484986482e-06
1573069314447,2019-11-06T14:41:54.447,102.75,9.517824077566593e-06,1.0055776908970641e-06,8.177846775442503e-06
1573069314497,2019-11-06T14:41:54.497,102.8,9.638771863164633e-06,7.002528873846978e-07,8.039644928394718e-06
1573069314547,2019-11-06T14:41:54.547,102.85,9.65654064695249e-06,2.5513227584360085e-07,7.904522251137666e-06
1573069314597,2019-11-06T14:41:54.597,102.9,9.113115063010917e-06,-9.48104778371019e-09,7.685865674344749e-06
1573069314647,2019-11-06T14:41:54.647,102.95,8.500035167728342e-06,-5.0242807812669724e-08,7.344047805500985e-06
1573069314697,2019-11-06T14:41:54.697,103.0,8.415347862923932e-06,-4.1961178267942374e-08,6.867932766668054e-06
1573069314747,2019-11-06T14:41:54.747,103.05,8.49294270847411e-06,4.1119258320104764e-08,6.344603593754202e-06
1573069314797,2019-11-06T14:41:54.797,103.1,8.092085622128047e-06,3.38868747407077e-07,5.856018662612692e-06
1573069314847,2019-11-06T14:41:54.847,103.15,7.38090864169712e-06,6.0610515873581e-07,5.352609679149389e-06
1573069314897,2019-11-06T14:41:54.897,103.2,6.923761908229054e-06,3.6557124492109817e-07,4.694213729631843e-06
1573069314947,2019-11-06T14:41:54.947,103.25,6.8216943870592046e-06,-2.9307116652489304e-07,3.909897583721433e-06
1573069314997,2019-11-06T14:41:54.997,103.3,6.81790583349163e-06,-6.597920517834252e-07,3.3680833528225585e-06
1573069315047,2019-11-06T14:41:55.047,103.35,6.7217364126512564e-06,-3.764513616943746e-07,3.229990451632545e-06
1573069315097,2019-11-06T14:41:55.097,103.4,6.444978460959209e-06,6.347637023821695e-08,2.8559885073674956e-06
1573069315147,2019-11-06T14:41:55.147,103.45,5.919968150872386e-06,3.8002920631265175e-08,1.5795507454284897e-06
1573069315197,2019-11-06T14:41:55.197,103.5,5.057829998195691e-06,-3.6943768949633556e-07,-2.0317673472829379e-07
1573069315247,2019-11-06T14:41:55.247,103.55,3.819687569378001e-06,-6.124125120891077e-07,-1.7096848792150286e-06
1573069315297,2019-11-06T14:41:55.297,103.6,2.367487618238376e-06,-6.010260430981442e-07,-2.979194862962427e-06
1573069315347,2019-11-06T14:41:55.347,103.65,9.11994345082846e-07,-7.998953493400534e-07,-4.337415884509313e-06
1573069315397,2019-11-06T14:41:55.397,103.7,-4.860825539047745e-07,-1.3023072889780367e-06,-5.4512917766326485e-06
1573069315447,2019-11-06T14:41:55.447,103.75,-1.670732204787832e-06,-1.6413496833308978e-06,-5.96172444640866e-06
1573069315497,2019-11-06T14:41:55.497,103.8,-2.3750747922372484e-06,-1.7189448343399012e-06,-6.222437885497782e-06
1573069315547,2019-11-06T14:41:55.547,103.85,-2.7519095730428562e-06,-1.9181659521357174e-06,-6.662451146153404e-06
1573069315597,2019-11-06T14:41:55.597,103.9,-3.2913953629366696e-06,-2.272210888870798e-06,-7.226582746408582e-06
1573069315647,2019-11-06T14:41:55.647,103.95,-4.068653162782548e-06,-2.5256333820403177e-06,-7.762037652529367e-06
1573069315697,2019-11-06T14:41:55.697,104.0,-4.7408648121004145e-06,-2.748293850975937e-06,-8.190304218647152e-06
1573069315747,2019-11-06T14:41:55.747,104.05,-5.165991171841663e-06,-3.0725868274230563e-06,-8.30409552430832e-06
1573069315797,2019-11-06T14:41:55.797,104.1,-5.407400490443902e-06,-3.2735616864369415e-06,-8.029987084772118e-06
1573069315847,2019-11-06T14:41:55.847,104.15,-5.416586068938656e-06,-3.136376524399587e-06,-7.747003140234884e-06
1573069315897,2019-11-06T14:41:55.897,104.2,-5.259179711994326e-06,-2.8315639847163323e-06,-7.860986917982646e-06
1573069315947,2019-11-06T14:41:55.947,104.25,-5.394162081292842e-06,-2.6941114023043498e-06,-8.185881701441442e-06
1573069315997,2019-11-06T14:41:55.997,104.3,-6.153556977954231e-06,-2.83597059541747e-06,-8.186604335517856e-06
1573069316047,2019-11-06T14:41:56.047,104.35,-7.074092471627285e-06,-2.965943168807093e-06,-7.806189896451885e-06
1573069316097,2019-11-06T14:41:56.097,104.4,-7.42512584637208e-06,-2.646467391555241e-06,-7.533661648450622e-06
1573069316147,2019-11-06T14:41:56.147,104.45,-7.261593779186345e-06,-1.9307836883559486e-06,-7.616947305870562e-06
1573069316197,2019-11-06T14:41:56.197,104.5,-7.237508431547373e-06,-1.4576528908106665e-06,-7.812869113610157e-06
1573069316247,2019-11-06T14:41:56.247,104.55,-7.729965202520143e-06,-1.542053445048934e-06,-7.93690468788175e-06
1573069316297,2019-11-06T14:41:56.297,104.6,-8.691051949938009e-06,-1.6244490384701624e-06,-8.051738687562464e-06
1573069316347,2019-11-06T14:41:56.347,104.65,-9.824396801476084e-06,-1.1758138714101527e-06,-8.127988397953336e-06
1573069316397,2019-11-06T14:41:56.397,104.7,-1.0745390157757874e-05,-6.138192538479181e-07,-8.024218322615223e-06
1573069316447,2019-11-06T14:41:56.447,104.75,-1.1432036517070799e-05,-5.973025130779989e-07,-7.776564286968751e-06
1573069316497,2019-11-06T14:41:56.497,104.8,-1.2242276786320491e-05,-9.524106061688472e-07,-7.590114984622638e-06
1573069316547,2019-11-06T14:41:56.547,104.85,-1.32766225479581e-05,-1.1005144894948053e-06,-7.596925736071999e-06
1573069316597,2019-11-06T14:41:56.597,104.9,-1.4222636261366751e-05,-1.0449145053589594e-06,-7.733376218129958e-06
1573069316647,2019-11-06T14:41:56.647,104.95,-1.4790697016839956e-05,-1.149009788011003e-06,-7.7420201230378e-06
1573069316697,2019-11-06T14:41:56.697,105.0,-1.4895867254482393e-05,-1.3535023350316108e-06,-7.404899597039741e-06
1573069316747,2019-11-06T14:41:56.747,105.05,-1.4616153509439874e-05,-1.2894931876571896e-06,-6.95659054834317e-06
1573069316797,2019-11-06T14:41:56.797,105.1,-1.4185376932835739e-05,-9.041837244644114e-07,-6.9231587827032955e-06
1573069316847,2019-11-06T14:41:56.847,105.15,-1.3810157818007816e-05,-5.092530370020168e-07,-7.340405269368439e-06
1573069316897,2019-11-06T14:41:56.897,105.2,-1.3476102224499201e-05,-3.445423712362555e-07,-7.624185056853063e-06
1573069316947,2019-11-06T14:41:56.947,105.25,-1.3105407195601436e-05,-3.730983473034101e-07,-7.397063447663492e-06
1573069316997,2019-11-06T14:41:56.997,105.3,-1.2729950000945324e-05,-4.4699875264811556e-07,-6.951794258089167e-06
1573069317047,2019-11-06T14:41:57.047,105.35,-1.228885811297419e-05,-4.363637351471254e-07,-6.728659439568233e-06
1573069317097,2019-11-06T14:41:57.097,105.4,-1.1561204969085946e-05,-1.7098249356484673e-07,-6.7226668875582446e-06
1573069317147,2019-11-06T14:41:57.147,105.45,-1.0591357476374003e-05,4.5168811810612957e-07,-6.665695490626002e-06
1573069317197,2019-11-06T14:41:57.197,105.5,-9.759651266431845e-06,1.1617420063971625e-06,-6.536091962710089e-06
1573069317247,2019-11-06T14:41:57.247,105.55,-9.117331175979251e-06,1.4626557181735432e-06,-6.4927172689279086e-06
1573069317297,2019-11-06T14:41:57.297,105.6,-8.2192549450934e-06,1.3168476935362902e-06,-6.442177976646931e-06
1573069317347,2019-11-06T14:41:57.347,105.65,-6.933669483680917e-06,1.2751444768970437e-06,-6.1307068002427e-06
1573069317397,2019-11-06T14:41:57.397,105.7,-5.767668532320878e-06,1.6122055757119045e-06,-5.599889092640998e-06
1573069317447,2019-11-06T14:41:57.447,105.75,-5.085823093818329e-06,1.872209997222887e-06,-5.090856289441338e-06
1573069317497,2019-11-06T14:41:57.497,105.8,-4.601504818266386e-06,1.6668234712946154e-06,-4.5893399700298945e-06
1573069317547,2019-11-06T14:41:57.547,105.85,-3.9067139814699136e-06,1.292546539517974e-06,-3.991171840788634e-06
1573069317597,2019-11-06T14:41:57.597,105.9,-3.055109331913353e-06,1.1650146332836996e-06,-3.5793404891658258e-06
1573069317647,2019-11-06T14:41:57.647,105.95,-2.402518253051847e-06,1.2783081454624098e-06,-3.684248633721021e-06
1573069317697,2019-11-06T14:41:57.697,106.0,-2.1579456165154716e-06,1.4858892793256035e-06,-3.96926617779207e-06
1573069317747,2019-11-06T14:41:57.747,106.05,-2.2489021385275966e-06,1.7398644981083658e-06,-3.820730975484995e-06
1573069317797,2019-11-06T14:41:57.797,106.1,-2.4710545157287933e-06,1.9557401283828327e-06,-3.4277499258330492e-06
1573069317847,2019-11-06T14:41:57.847,106.15,-2.6680060291616417e-06,2.0534356623906746e-06,-3.5504766448599097e-06
1573069317897,2019-11-06T14:41:57.897,106.2,-2.772313703801266e-06,2.072677972490598e-06,-4.148823506732901e-06
1573069317947,2019-11-06T14:41:57.947,106.25,-2.6765337276714555e-06,2.0697272255988034e-06,-4.284429844138833e-06
1573069317997,2019-11-06T14:41:57.997,106.3,-2.2319535586011713e-06,2.061914743022426e-06,-3.5446055825678988e-06
1573069318047,2019-11-06T14:41:58.047,106.35,-1.5124736013413557e-06,2.0527275249373925e-06,-2.654505534634213e-06
1573069318097,2019-11-06T14:41:58.097,106.4,-8.246942435341996e-07,1.9775593750876353e-06,-2.4283807289008563e-06
1573069318147,2019-11-06T14:41:58.147,106.45,-3.218641540447027e-07,1.777395247719833e-06,-2.705648231053714e-06
1573069318197,2019-11-06T14:41:58.197,106.5,8.043492102473677e-08,1.5803359211186711e-06,-2.7865609752956354e-06
1573069318247,2019-11-06T14:41:58.247,106.55,4.0211035527945735e-07,1.6401806280691175e-06,-2.5446645838622917e-06
1573069318297,2019-11-06T14:41:58.297,106.6,6.023416883941588e-07,2.054703146334217e-06,-2.2423149791171226e-06
1573069318347,2019-11-06T14:41:58.347,106.65,8.106724498909604e-07,2.6078412321421464e-06,-1.6776512361282986e-06
1573069318397,2019-11-06T14:41:58.397,106.7,1.1351897579459132e-06,2.9581695631436345e-06,-7.542331401019879e-07
1573069318447,2019-11-06T14:41:58.447,106.75,1.3578335453461294e-06,2.976065208549003e-06,-2.091944084880612e-07
1573069318497,2019-11-06T14:41:58.497,106.8,1.2193159050799452e-06,2.7836968915766325e-06,-5.256513883503543e-07
1573069318547,2019-11-06T14:41:58.547,106.85,7.899619017768119e-07,2.5496334676656464e-06,-1.1084521618146696e-06
1573069318597,2019-11-06T14:41:58.597,106.9,1.961554813002201e-07,2.3877833516691417e-06,-1.410940814085709e-06
1573069318647,2019-11-06T14:41:58.647,106.95,-7.002423386459673e-07,2.3258874435722414e-06,-1.696560038893957e-06
1573069318697,2019-11-06T14:41:58.697,107.0,-2.0260449646332137e-06,2.336448299470372e-06,-2.2494734071742533e-06
1573069318747,2019-11-06T14:41:58.747,107.05,-3.5425565529079093e-06,2.470012140031864e-06,-2.85349178312635e-06
1573069318797,2019-11-06T14:41:58.797,107.1,-4.732965115717519e-06,2.7562198725671915e-06,-3.13206978980592e-06
1573069318847,2019-11-06T14:41:58.847,107.15,-5.210110763133165e-06,2.935203201945621e-06,-2.9080554491137623e-06
1573069318897,2019-11-06T14:41:58.897,107.2,-5.137278889755526e-06,2.66532083226379e-06,-2.437921993488109e-06
1573069318947,2019-11-06T14:41:58.947,107.25,-5.112596865211803e-06,2.114416386136897e-06,-2.214806633489636e-06
1573069318997,2019-11-06T14:41:58.997,107.3,-5.373511486223721e-06,1.9296770179027494e-06,-2.2535793293325856e-06
1573069319047,2019-11-06T14:41:59.047,107.35,-5.437965911950357e-06,2.3467947696674875e-06,-2.096240137164185e-06
1573069319097,2019-11-06T14:41:59.097,107.4,-4.851849593835428e-06,2.7320335225664386e-06,-1.6657433872097613e-06
1573069319147,2019-11-06T14:41:59.147,107.45,-3.824448798066963e-06,2.4627835932896857e-06,-1.3237418375167618e-06
1573069319197,2019-11-06T14:41:59.197,107.5,-2.894824747011091e-06,1.8919195396159792e-06,-1.1407084134897482e-06
1573069319247,2019-11-06T14:41:59.247,107.55,-2.429438109204436e-06,1.8268587208897672e-06,-8.869504702605899e-07
1573069319297,2019-11-06T14:41:59.297,107.6,-2.4344042863230935e-06,2.281578824402374e-06,-5.14851151391385e-07
1573069319347,2019-11-06T14:41:59.347,107.65,-2.5591204344283424e-06,2.4638805711055617e-06,-1.467147785893594e-07
1573069319397,2019-11-06T14:41:59.397,107.7,-2.4805722460847003e-06,2.0661173888936845e-06,4.815874639717003e-08
1573069319447,2019-11-06T14:41:59.447,107.75,-2.2087717091194864e-06,1.7605504116529357e-06,-8.812311273513056e-08
1573069319497,2019-11-06T14:41:59.497,107.8,-1.775259458541623e-06,1.9986053289335905e-06,-3.003342737990236e-07
1573069319547,2019-11-06T14:41:59.547,107.85,-1.2135200423964802e-06,2.2383487804188457e-06,-2.3091734636003563e-08
1573069319597,2019-11-06T14:41:59.597,107.9,-1.040915395096977e-06,2.0058709519654828e-06,6.298172419144694e-07
1573069319647,2019-11-06T14:41:59.647,107.95,-1.7612334584360079e-06,1.6971823404575375e-06,8.338416508529667e-07
1573069319697,2019-11-06T14:41:59.697,108.0,-2.8470413816005435e-06,1.6745732761971118e-06,3.638647863831508e-07
1573069319747,2019-11-06T14:41:59.747,108.05,-3.3538715410085925e-06,1.595954284855326e-06,-1.5529663165035555e-07
1573069319797,2019-11-06T14:41:59.797,108.1,-3.2661164658649408e-06,1.1600863461492639e-06,-3.7837540806659214e-07
1573069319847,2019-11-06T14:41:59.847,108.15,-3.155851914334972e-06,7.330832505659506e-07,-5.260614647392611e-07
1573069319897,2019-11-06T14:41:59.897,108.2,-3.15341566694783e-06,8.678283281383548e-07,-7.80392277704396e-07
1573069319947,2019-11-06T14:41:59.947,108.25,-3.1655636758057395e-06,1.4574973936455596e-06,-1.1757001677848932e-06
1573069319997,2019-11-06T14:41:59.997,108.3,-3.328296321017755e-06,1.6473230933297375e-06,-1.6310916089577668e-06
1573069320047,2019-11-06T14:42:00.047,108.35,-3.6431140678086177e-06,9.493606542425811e-07,-1.7982737915086252e-06
1573069320097,2019-11-06T14:42:00.097,108.4,-3.852455985144993e-06,1.0960848379725633e-07,-1.4249789372336166e-06
1573069320147,2019-11-06T14:42:00.147,108.45,-3.953379110622426e-06,5.2054763193129745e-08,-8.780968502221337e-07
1573069320197,2019-11-06T14:42:00.197,108.5,-4.25384120747419e-06,4.848978166746862e-07,-8.513274485283944e-07
1573069320247,2019-11-06T14:42:00.247,108.55,-4.7485876740204e-06,5.384943121933626e-07,-1.4851783328056164e-06
1573069320297,2019-11-06T14:42:00.297,108.6,-5.037324455884347e-06,7.342861150602519e-08,-2.1021809139718285e-06
1573069320347,2019-11-06T14:42:00.347,108.65,-5.0800148845482224e-06,-5.387622185735112e-07,-2.1220890363324757e-06
1573069320397,2019-11-06T14:42:00.397,108.7,-5.27914076751729e-06,-1.1355970933638272e-06,-1.909290219009058e-06
1573069320447,2019-11-06T14:42:00.447,108.75,-5.6390297812227265e-06,-1.5738955377411596e-06,-2.16637659449308e-06
1573069320497,2019-11-06T14:42:00.497,108.8,-5.804085790980147e-06,-1.5931797901584725e-06,-2.85230619368368e-06
1573069320547,2019-11-06T14:42:00.547,108.85,-5.89833074233389e-06,-1.365672132867654e-06,-3.363448766966261e-06
1573069320597,2019-11-06T14:42:00.597,108.9,-6.295555518735267e-06,-1.4760899457878893e-06,-3.5205789964613673e-06
1573069320647,2019-11-06T14:42:00.647,108.95,-6.840531524525477e-06,-2.0018449530658487e-06,-3.741568998360989e-06
1573069320697,2019-11-06T14:42:00.697,109.0,-7.148181274277789e-06,-2.315460438405595e-06,-4.268057754644901e-06
1573069320747,2019-11-06T14:42:00.747,109.05,-7.178758278641951e-06,-2.1090545648239587e-06,-4.7501688919600904e-06
1573069320797,2019-11-06T14:42:00.797,109.1,-7.0073009042772615e-06,-1.9132368701503995e-06,-4.8468147433765075e-06
1573069320847,2019-11-06T14:42:00.847,109.15,-6.6612848631739356e-06,-2.2509580759859453e-06,-4.86526968429842e-06
1573069320897,2019-11-06T14:42:00.897,109.2,-6.355520001865233e-06,-2.8620394230954816e-06,-5.344825198926738e-06
1573069320947,2019-11-06T14:42:00.947,109.25,-6.241822836223807e-06,-3.097469298556028e-06,-6.203056317220496e-06
1573069320997,2019-11-06T14:42:00.997,109.3,-6.030709361831138e-06,-2.7038499715418618e-06,-6.8509583878505905e-06
1573069321047,2019-11-06T14:42:01.047,109.35,-5.344641906129482e-06,-2.038373101398596e-06,-7.09056328200843e-06
1573069321097,2019-11-06T14:42:01.097,109.4,-4.150976993578741e-06,-1.6852384642402973e-06,-7.2775722071204516e-06
1573069321147,2019-11-06T14:42:01.147,109.45,-2.6235269324252353e-06,-1.8397977516679026e-06,-7.526680504123617e-06
1573069321197,2019-11-06T14:42:01.197,109.5,-9.764593775104045e-07,-2.1078407308937126e-06,-7.416139115352707e-06
1573069321247,2019-11-06T14:42:01.247,109.55,5.311897417351514e-07,-2.1321278432221985e-06,-6.728992710247197e-06
1573069321297,2019-11-06T14:42:01.297,109.6,1.7813495483498665e-06,-2.1550288189771387e-06,-5.926577207440138e-06
1573069321347,2019-11-06T14:42:01.347,109.65,2.8751711985797576e-06,-2.488933054894879e-06,-5.487096599193331e-06
1573069321397,2019-11-06T14:42:01.397,109.7,3.7828966843366372e-06,-2.7756660061725792e-06,-5.169534325681886e-06
1573069321447,2019-11-06T14:42:01.447,109.75,4.253039143704828e-06,-2.484714753773344e-06,-4.4796231700937024e-06
1573069321497,2019-11-06T14:42:01.497,109.8,4.34185865350341e-06,-1.8539346732617641e-06,-3.5811466283122287e-06
1573069321547,2019-11-06T14:42:01.547,109.85,4.534247987949649e-06,-1.489450478793305e-06,-3.0119121328636224e-06
1573069321597,2019-11-06T14:42:01.597,109.9,5.075660196791593e-06,-1.3200545776356569e-06,-2.6760247332684926e-06
1573069321647,2019-11-06T14:42:01.647,109.95,5.7570026347132646e-06,-8.756648661864465e-07,-1.8798552795928948e-06
1573069321697,2019-11-06T14:42:01.697,110.0,6.442699042417297e-06,-3.1690629842883204e-07,-2.972658164845718e-07
1573069321747,2019-11-06T14:42:01.747,110.05,7.1898474903914074e-06,-2.2299316335688595e-07,1.617858793597777e-06
1573069321797,2019-11-06T14:42:01.797,110.1,7.887360198555957e-06,-4.928571407374881e-07,3.1804289251745606e-06
1573069321847,2019-11-06T14:42:01.847,110.15,8.300977058285453e-06,-4.1044292278792495e-07,4.203528324419845e-06
1573069321897,2019-11-06T14:42:01.897,110.2,8.465056591142421e-06,7.894782322896494e-08,5.047250245878234e-06
1573069321947,2019-11-06T14:42:01.947,110.25,8.745222258034404e-06,1.3191270153786086e-07,5.991905338873469e-06
1573069321997,2019-11-06T14:42:01.997,110.3,9.450261969298613e-06,-6.427741990561516e-07,6.877930364872845e-06
1573069322047,2019-11-06T14:42:02.047,110.35,1.0452268017805758e-05,-1.5944820424227624e-06,7.48945125208034e-06
1573069322097,2019-11-06T14:42:02.097,110.4,1.1318106247806516e-05,-2.083740617483296e-06,7.972628966557179e-06
1573069322147,2019-11-06T14:42:02.147,110.45,1.1875219328847385e-05,-2.2325651867682866e-06,8.5942854556561e-06
1573069322197,2019-11-06T14:42:02.197,110.5,1.2413737268943615e-05,-2.531615888313893e-06,9.223378827681638e-06
1573069322247,2019-11-06T14:42:02.247,110.55,1.3159579869479e-05,-3.2350995714187138e-06,9.395363830995526e-06
1573069322297,2019-11-06T14:42:02.297,110.6,1.3904542925869052e-05,-4.032008404787765e-06,8.986395294939971e-06
1573069322347,2019-11-06T14:42:02.347,110.65,1.4418635520072253e-05,-4.364432604974701e-06,8.583444934476353e-06
1573069322397,2019-11-06T14:42:02.397,110.7,1.478989389238669e-05,-4.306011989095731e-06,8.905748996966381e-06
1573069322447,2019-11-06T14:42:02.447,110.75,1.5084633466378487e-05,-4.517635507252463e-06,9.8332144046756e-06
1573069322497,2019-11-06T14:42:02.497,110.8,1.513906252647909e-05,-5.042614501346951e-06,1.0394492562425054e-05
1573069322547,2019-11-06T14:42:02.547,110.85,1.4848442716436659e-05,-5.053628488617024e-06,9.966211371710773e-06
1573069322597,2019-11-06T14:42:02.597,110.9,1.4223410604031842e-05,-4.109424728715613e-06,8.892901507411011e-06
1573069322647,2019-11-06T14:42:02.647,110.95,1.3237295041020924e-05,-2.7607107185059076e-06,7.53643873345556e-06
1573069322697,2019-11-06T14:42:02.697,111.0,1.1970781027160571e-05,-1.7120560498871357e-06,5.64120376821514e-06
1573069322747,2019-11-06T14:42:02.747,111.05,1.0568394480781277e-05,-1.1682980107002376e-06,3.205467366844189e-06
1573069322797,2019-11-06T14:42:02.797,111.1,8.894907414954784e-06,-9.675170111073267e-07,9.685601688269977e-07
1573069322847,2019-11-06T14:42:02.847,111.15,6.789302939857013e-06,-7.380235933779989e-07,-4.94274528352948e-07
1573069322897,2019-11-06T14:42:02.897,111.2,4.595342127337241e-06,-1.746552522235984e-07,-1.2933369140842036e-06
1573069322947,2019-11-06T14:42:02.947,111.25,2.83356320907049e-06,4.936875950858658e-07,-1.642421219774835e-06
1573069322997,2019-11-06T14:42:02.997,111.3,1.5786370735332802e-06,6.91084064046367e-07,-1.5778357683917236e-06
1573069323047,2019-11-06T14:42:03.047,111.35,6.374484231140471e-07,2.9594002318866454e-07,-1.2912064729628425e-06
1573069323097,2019-11-06T14:42:03.097,111.4,-3.504763825112417e-08,-1.0670938469313141e-07,-1.0619011639847699e-06
1573069323147,2019-11-06T14:42:03.147,111.45,-4.885468793617641e-07,3.663792225178862e-08,-9.142557691270253e-07
1573069323197,2019-11-06T14:42:03.197,111.5,-9.310427230961723e-07,4.777949415788261e-07,-7.836877163185892e-07
1573069323247,2019-11-06T14:42:03.247,111.55,-1.359754257385319e-06,5.521197735108326e-07,-7.558554774903875e-07
1573069323297,2019-11-06T14:42:03.297,111.6,-1.4414984020231892e-06,2.3631590595165127e-07,-8.077630666208328e-07
1573069323347,2019-11-06T14:42:03.347,111.65,-1.1044881164011178e-06,9.105229154771203e-08,-7.000119511741833e-07
1573069323397,2019-11-06T14:42:03.397,111.7,-8.119770908056194e-07,2.1296399633093613e-07,-3.8753589623106384e-07
1573069323447,2019-11-06T14:42:03.447,111.75,-9.753347318248499e-07,2.4409516342183633e-07,-1.6174306798662395e-07
1573069323497,2019-11-06T14:42:03.497,111.8,-1.5221899200917733e-06,2.864270753093592e-07,-1.6952613049357256e-07
1573069323547,2019-11-06T14:42:03.547,111.85,-2.139751364629776e-06,6.936749180625209e-07,-1.259563452805645e-07
1573069323597,2019-11-06T14:42:03.597,111.9,-2.5995865998332143e-06,1.2382047168687657e-06,2.0547737899097855e-07
1573069323647,2019-11-06T14:42:03.647,111.95,-2.875625302543596e-06,1.4851201751244169e-06,5.61963395673791e-07
1573069323697,2019-11-06T14:42:03.697,112.0,-3.054360844315416e-06,1.5358057132687645e-06,6.44947434206453e-07
1573069323747,2019-11-06T14:42:03.747,112.05,-3.106434831097644e-06,1.680198458865929e-06,6.807927517862448e-07
1573069323797,2019-11-06T14:42:03.797,112.1,-3.0022939524744013e-06,1.8946113190032102e-06,9.207878006539609e-07
1573069323847,2019-11-06T14:42:03.847,112.15,-3.0330457659737905e-06,2.0722861997669037e-06,1.0065950735502127e-06
1573069323897,2019-11-06T14:42:03.897,112.2,-3.4945025727772067e-06,2.1751330429607255e-06,6.521317691349943e-07
1573069323947,2019-11-06T14:42:03.947,112.25,-4.1518884216576875e-06,2.128972155874587e-06,5.463280005278888e-07
1573069323997,2019-11-06T14:42:03.997,112.3,-4.608208645190308e-06,2.048604131979092e-06,1.4804271719394153e-06
1573069324047,2019-11-06T14:42:04.047,112.35,-4.944178371673683e-06,2.2695967323849374e-06,2.8342576721604377e-06
1573069324097,2019-11-06T14:42:04.097,112.4,-5.402710821231876e-06,2.7745055099429114e-06,3.2563808300073726e-06
1573069324147,2019-11-06T14:42:04.147,112.45,-5.782882125369193e-06,3.029115949192725e-06,2.709180961008978e-06
1573069324197,2019-11-06T14:42:04.197,112.5,-5.659506050415859e-06,2.70285548272761e-06,2.3415298465987553e-06
1573069324247,2019-11-06T14:42:04.247,112.55,-4.912971227820944e-06,2.197593458074518e-06,2.485568101276072e-06
1573069324297,2019-11-06T14:42:04.297,112.6,-3.67207717666289e-06,2.1539642172886385e-06,2.413951574648462e-06
1573069324347,2019-11-06T14:42:04.347,112.65,-1.8958490334178888e-06,2.5442432586273843e-06,2.0413040968624298e-06
1573069324397,2019-11-06T14:42:04.397,112.7,6.891436732238446e-07,2.6297125086970933e-06,2.3983614777911268e-06
1573069324447,2019-11-06T14:42:04.447,112.75,4.116149173639592e-06,1.992563356223135e-06,4.185305870689873e-06
1573069324497,2019-11-06T14:42:04.497,112.8,7.714761429448943e-06,1.125796420799536e-06,6.770732225739422e-06
1573069324547,2019-11-06T14:42:04.547,112.85,1.0354718409396187e-05,6.114641208576284e-07,8.943125555897268e-06
1573069324597,2019-11-06T14:42:04.597,112.9,1.1344416630813621e-05,3.429498972407596e-07,1.011765652278763e-05
1573069324647,2019-11-06T14:42:04.647,112.95,1.104485869179369e-05,7.763149681922515e-08,1.0504454271507885e-05
1573069324697,2019-11-06T14:42:04.697,113.0,1.0500049969472275e-05,5.0528245177933124e-08,1.055189988134934e-05
1573069324747,2019-11-06T14:42:04.747,113.05,1.0498263106851261e-05,4.4758828587299903e-07,1.0583263446090474e-05
1573069324797,2019-11-06T14:42:04.797,113.1,1.1001448329325093e-05,8.394605438887388e-07,1.0732591744711935e-05
1573069324847,2019-11-06T14:42:04.847,113.15,1.1409286914062043e-05,7.118272831484585e-07,1.0992573760236041e-05
1573069324897,2019-11-06T14:42:04.897,113.2,1.1302998554242778e-05,2.4326205992154953e-07,1.1257901511216682e-05
1573069324947,2019-11-06T14:42:04.947,113.25,1.0891001213578887e-05,5.79969030926087e-08,1.1271323293160347e-05
1573069324997,2019-11-06T14:42:04.997,113.3,1.0705460940359995e-05,3.664593661916091e-07,1.0744891280032946e-05
1573069325047,2019-11-06T14:42:05.047,113.35,1.0815720195496795e-05,7.988065200676933e-07,9.781773411480559e-06
1573069325097,2019-11-06T14:42:05.097,113.4,1.059950228734941e-05,9.72068557331946e-07,8.898414173804211e-06
1573069325147,2019-11-06T14:42:05.147,113.45,9.73496703794335e-06,8.493955788524761e-07,8.38370331805602e-06
1573069325197,2019-11-06T14:42:05.197,113.5,8.93798341773346e-06,6.891484186242107e-07,8.06765101165494e-06
1573069325247,2019-11-06T14:42:05.247,113.55,8.879058852229113e-06,8.822955803916601e-07,7.824475433597729e-06
1573069325297,2019-11-06T14:42:05.297,113.6,9.055193183626059e-06,1.5579224711907915e-06,7.615650282328735e-06
1573069325347,2019-11-06T14:42:05.347,113.65,8.7528087518401e-06,2.2381231976910594e-06,7.0963558634215895e-06
1573069325397,2019-11-06T14:42:05.397,113.7,8.245981398105633e-06,2.3678263616903994e-06,6.061638899970551e-06
1573069325447,2019-11-06T14:42:05.447,113.75,8.030360112603834e-06,2.122595236780907e-06,5.1241145400101e-06
1573069325497,2019-11-06T14:42:05.497,113.8,7.876583783871119e-06,2.0031724985030233e-06,5.001601217979769e-06
1573069325547,2019-11-06T14:42:05.547,113.85,7.4918495236832585e-06,1.971288574921832e-06,5.2632670628860975e-06
1573069325597,2019-11-06T14:42:05.597,113.9,7.0728902634894635e-06,1.8232542070305703e-06,4.723661823425485e-06
1573069325647,2019-11-06T14:42:05.647,113.95,6.621715149721319e-06,1.7994470855247514e-06,3.0927590228954257e-06
1573069325697,2019-11-06T14:42:05.697,114.0,5.7637427333392175e-06,1.9979575952816725e-06,1.3695997148462096e-06
1573069325747,2019-11-06T14:42:05.747,114.05,4.584607364108731e-06,1.9930817565662258e-06,4.5925644631453994e-07
1573069325797,2019-11-06T14:42:05.797,114.1,3.664098573730771e-06,1.6746829659423514e-06,1.5963758384383946e-07
1573069325847,2019-11-06T14:42:05.847,114.15,3.1294220560036825e-06,1.5318911300657504e-06,-1.8725575607295443e-07
1573069325897,2019-11-06T14:42:05.897,114.2,2.557784664959759e-06,1.6721354397946365e-06,-6.279423092306579e-07
1573069325947,2019-11-06T14:42:05.947,114.25,1.850340428339016e-06,1.5691286140382903e-06,-7.139586954825259e-07
1573069325997,2019-11-06T14:42:05.997,114.3,1.407847334711727e-06,1.1314540097264515e-06,-3.9906626276671716e-07
1573069326047,2019-11-06T14:42:06.047,114.35,1.392091374092207e-06,1.004278492665594e-06,-1.4682425073032483e-07
1573069326097,2019-11-06T14:42:06.097,114.4,1.4366111820935362e-06,1.4328447351645792e-06,-1.920806775796111e-07
1573069326147,2019-11-06T14:42:06.147,114.45,1.2054905967186409e-06,1.7680451295927115e-06,-3.362193378436845e-07
1573069326197,2019-11-06T14:42:06.197,114.5,8.472746736360958e-07,1.51776039506996e-06,-4.2208713556804843e-07
1573069326247,2019-11-06T14:42:06.247,114.55,6.818463815069517e-07,1.091631130099368e-06,-4.6676851386219743e-07
1573069326297,2019-11-06T14:42:06.297,114.6,6.260785360112042e-07,1.049144191536603e-06,-4.933535873578722e-07
1573069326347,2019-11-06T14:42:06.347,114.65,3.3648869862596365e-07,1.200410696856365e-06,-5.409174315196829e-07
1573069326397,2019-11-06T14:42:06.397,114.7,-8.65823715566515e-08,1.0341735534987121e-06,-5.511471450970345e-07
1573069326447,2019-11-06T14:42:06.447,114.75,-1.747916870514808e-07,6.94732312307048e-07,-3.377223484200133e-07
1573069326497,2019-11-06T14:42:06.497,114.8,5.20136601792986e-09,7.642125839226207e-07,-2.9531712744759135e-08
1573069326547,2019-11-06T14:42:06.547,114.85,-1.7696026970190003e-07,1.2600326466927358e-06,-1.1103749583607017e-07
1573069326597,2019-11-06T14:42:06.597,114.9,-8.543637559607191e-07,1.687075564711449e-06,-7.143830700508672e-07
1573069326647,2019-11-06T14:42:06.647,114.95,-1.389603534032294e-06,1.801828857791459e-06,-1.3523562775317906e-06
1573069326697,2019-11-06T14:42:06.697,115.0,-1.3681991332796403e-06,1.5929088950845114e-06,-1.5078954704393753e-06
1573069326747,2019-11-06T14:42:06.747,115.05,-1.169330687022113e-06,1.0573137295937468e-06,-1.1969645947475517e-06
1573069326797,2019-11-06T14:42:06.797,115.1,-1.3224190596273855e-06,5.166406700782802e-07,-9.166669754501804e-07
1573069326847,2019-11-06T14:42:06.847,115.15,-1.8258393343690583e-06,4.142401849064547e-07,-1.1547203742178682e-06
1573069326897,2019-11-06T14:42:06.897,115.2,-2.34601741969851e-06,5.443276553409446e-07,-1.969620634531184e-06
1573069326947,2019-11-06T14:42:06.947,115.25,-2.6935095742619173e-06,2.5059832460527735e-07,-2.961245484550333e-06
1573069326997,2019-11-06T14:42:06.997,115.3,-2.905956961106932e-06,-5.369869286328315e-07,-3.576030619727876e-06
1573069327047,2019-11-06T14:42:07.047,115.35,-3.147542679813156e-06,-1.1564124338289274e-06,-3.5798432521688003e-06
1573069327097,2019-11-06T14:42:07.097,115.4,-3.5633399478459187e-06,-1.2325484886358536e-06,-3.354904381393897e-06
1573069327147,2019-11-06T14:42:07.147,115.45,-4.081734782872121e-06,-1.2318562838040555e-06,-3.543386284889129e-06
1573069327197,2019-11-06T14:42:07.197,115.5,-4.503572540917397e-06,-1.5908973987735943e-06,-4.243067079361202e-06
1573069327247,2019-11-06T14:42:07.247,115.55,-4.707889891939649e-06,-1.936709304740934e-06,-4.827070769686697e-06
1573069327297,2019-11-06T14:42:07.297,115.6,-4.5801144555951914e-06,-1.888799668457797e-06,-4.77588640297983e-06
1573069327347,2019-11-06T14:42:07.347,115.65,-4.202604826942767e-06,-1.8389988298376067e-06,-4.2737589592802065e-06
1573069327397,2019-11-06T14:42:07.397,115.7,-4.185599006416395e-06,-2.130899075577886e-06,-3.749333874476932e-06
1573069327447,2019-11-06T14:42:07.447,115.75,-4.909562793960279e-06,-2.4112512935711182e-06,-3.4528051828989346e-06
1573069327497,2019-11-06T14:42:07.497,115.8,-5.654207544235408e-06,-2.438357394687348e-06,-3.6187779024307244e-06
1573069327547,2019-11-06T14:42:07.547,115.85,-5.656514888295532e-06,-2.5520715348818735e-06,-4.254938635277674e-06
1573069327597,2019-11-06T14:42:07.597,115.9,-5.395112712897028e-06,-2.933713141751251e-06,-4.838601112635181e-06
1573069327647,2019-11-06T14:42:07.647,115.95,-5.586842239739195e-06,-3.296522005979589e-06,-4.9293742169390955e-06
1573069327697,2019-11-06T14:42:07.697,116.0,-5.9287316447069994e-06,-3.5318300464068635e-06,-4.727453796007445e-06
1573069327747,2019-11-06T14:42:07.747,116.05,-5.977091848602508e-06,-3.852774403004154e-06,-4.581936928136488e-06
1573069327797,2019-11-06T14:42:07.797,116.1,-6.094990648409685e-06,-4.190649078196789e-06,-4.50317152423138e-06
1573069327847,2019-11-06T14:42:07.847,116.15,-6.571334036053016e-06,-4.228151068244256e-06,-4.388770221124357e-06
1573069327897,2019-11-06T14:42:07.897,116.2,-6.946891617198458e-06,-4.080553699160216e-06,-4.275756740372371e-06
1573069327947,2019-11-06T14:42:07.947,116.25,-6.943411021808514e-06,-4.205654674132894e-06,-4.2623029459720345e-06
1573069327997,2019-11-06T14:42:07.997,116.3,-6.98157930911606e-06,-4.61658534750622e-06,-4.378942166468945e-06
1573069328047,2019-11-06T14:42:08.047,116.35,-7.241877588265191e-06,-4.8511145304610316e-06,-4.678991467257766e-06
1573069328097,2019-11-06T14:42:08.097,116.4,-7.253632728597194e-06,-4.761337611853676e-06,-5.350752714911888e-06
1573069328147,2019-11-06T14:42:08.147,116.45,-6.885706198723315e-06,-4.726201941011087e-06,-6.296391515430552e-06
1573069328197,2019-11-06T14:42:08.197,116.5,-6.778561656352973e-06,-4.961857255522122e-06,-6.810927105440208e-06
1573069328247,2019-11-06T14:42:08.247,116.55,-7.265368890910158e-06,-5.148887147337047e-06,-6.506411407492287e-06
1573069328297,2019-11-06T14:42:08.297,116.6,-7.7245465384486e-06,-4.948925663902527e-06,-6.108018100214944e-06
1573069328347,2019-11-06T14:42:08.347,116.65,-7.652588885607667e-06,-4.513944904819821e-06,-6.321442623593557e-06
1573069328397,2019-11-06T14:42:08.397,116.7,-7.561229004685714e-06,-4.222355641020426e-06,-6.727272628766283e-06
1573069328447,2019-11-06T14:42:08.447,116.75,-8.015869891762342e-06,-4.1247375154557955e-06,-6.793721346154388e-06
1573069328497,2019-11-06T14:42:08.497,116.8,-8.629082175078533e-06,-3.971358589968408e-06,-6.787602001328535e-06
1573069328547,2019-11-06T14:42:08.547,116.85,-8.864556511784453e-06,-3.679091592745368e-06,-6.84640059865582e-06
1573069328597,2019-11-06T14:42:08.597,116.9,-8.933984477734828e-06,-3.4137080746403725e-06,-6.587076892294325e-06
1573069328647,2019-11-06T14:42:08.647,116.95,-9.124457137407014e-06,-3.274325334359346e-06,-6.164311437141796e-06
1573069328697,2019-11-06T14:42:08.697,117.0,-9.20534986075488e-06,-3.21586790118143e-06,-6.208407600273519e-06
1573069328747,2019-11-06T14:42:08.747,117.05,-9.141095750511221e-06,-3.208183174814182e-06,-6.568344949574181e-06
1573069328797,2019-11-06T14:42:08.797,117.1,-9.443649357761116e-06,-3.177381121820393e-06,-6.543800862322954e-06
1573069328847,2019-11-06T14:42:08.847,117.15,-1.0245332433251284e-05,-2.9074265578737763e-06,-6.169590768486063e-06
1573069328897,2019-11-06T14:42:08.897,117.2,-1.0781749960324735e-05,-2.36406802782221e-06,-6.030520716740575e-06
1573069328947,2019-11-06T14:42:08.947,117.25,-1.0363856738405023e-05,-1.951229058076852e-06,-6.188333167741238e-06
1573069328997,2019-11-06T14:42:08.997,117.3,-9.39419250915835e-06,-1.9840051941116783e-06,-6.260765282253365e-06
1573069329047,2019-11-06T14:42:09.047,117.35,-8.799260407482199e-06,-2.1455644396871594e-06,-6.149007784650093e-06
1573069329097,2019-11-06T14:42:09.097,117.4,-8.686952199642774e-06,-1.9757357282891114e-06,-6.039886268831133e-06
1573069329147,2019-11-06T14:42:09.147,117.45,-8.37533629114214e-06,-1.5582095263985754e-06,-5.991427346902691e-06
1573069329197,2019-11-06T14:42:09.197,117.5,-7.712679547553264e-06,-1.2169197849586138e-06,-5.820808521912717e-06
1573069329247,2019-11-06T14:42:09.247,117.55,-7.307181388248563e-06,-9.4084907093579e-07,-5.342463199083121e-06
1573069329297,2019-11-06T14:42:09.297,117.6,-7.308096554231143e-06,-5.862951162765788e-07,-4.791308283739247e-06
1573069329347,2019-11-06T14:42:09.347,117.65,-7.1373567223068055e-06,-2.571814781707574e-07,-4.792879579221037e-06
1573069329397,2019-11-06T14:42:09.397,117.7,-6.633963767792256e-06,-8.488345392432863e-08,-5.490833199234656e-06
1573069329447,2019-11-06T14:42:09.447,117.75,-6.33525536375517e-06,3.634681794356628e-08,-6.0994927216228834e-06
1573069329497,2019-11-06T14:42:09.497,117.8,-6.442763697521313e-06,2.0944738275580034e-07,-5.888100161250629e-06
1573069329547,2019-11-06T14:42:09.547,117.85,-6.4579231232413076e-06,3.324396728403886e-07,-5.0855114718402114e-06
1573069329597,2019-11-06T14:42:09.597,117.9,-6.00303845896315e-06,3.6171103438042004e-07,-4.307247958073613e-06
1573069329647,2019-11-06T14:42:09.647,117.95,-5.313739559534742e-06,5.242655977912684e-07,-3.757325447526398e-06
1573069329697,2019-11-06T14:42:09.697,118.0,-4.783124814476969e-06,9.93513799025687e-07,-3.4054796535685493e-06
1573069329747,2019-11-06T14:42:09.747,118.05,-4.495939141923622e-06,1.4709371386373673e-06,-3.2903086841198118e-06
1573069329797,2019-11-06T14:42:09.797,118.1,-4.339838048437515e-06,1.4596537778023508e-06,-3.3938355420974774e-06
1573069329847,2019-11-06T14:42:09.847,118.15,-4.254003956860696e-06,1.0211596282188093e-06,-3.6419548086054477e-06
1573069329897,2019-11-06T14:42:09.897,118.2,-4.220236790204249e-06,8.107472518374527e-07,-3.967716891122652e-06
1573069329947,2019-11-06T14:42:09.947,118.25,-4.156301678257788e-06,1.142804491178445e-06,-4.176933147302156e-06
1573069329997,2019-11-06T14:42:09.997,118.3,-3.946422351435314e-06,1.548104286978111e-06,-4.070480519143096e-06
1573069330047,2019-11-06T14:42:10.047,118.35,-3.592464181432467e-06,1.593702466625208e-06,-3.768771020320285e-06
1573069330097,2019-11-06T14:42:10.097,118.4,-3.300241297726564e-06,1.51887351308945e-06,-3.5668494304013897e-06
1573069330147,2019-11-06T14:42:10.147,118.45,-3.335117012365398e-06,1.6126529441051649e-06,-3.534739550649892e-06
1573069330197,2019-11-06T14:42:10.197,118.5,-3.7280667897021637e-06,1.6835536121939537e-06,-3.5543631342802626e-06
1573069330247,2019-11-06T14:42:10.247,118.55,-4.159701612789126e-06,1.617431012045341e-06,-3.622090676218211e-06
1573069330297,2019-11-06T14:42:10.297,118.6,-4.2121012930035815e-06,1.6333891151011852e-06,-3.8453589851158845e-06
1573069330347,2019-11-06T14:42:10.347,118.65,-3.8166578685903314e-06,1.6881483679255717e-06,-4.121260618374546e-06
1573069330397,2019-11-06T14:42:10.397,118.7,-3.4502426442829045e-06,1.5685498295296799e-06,-4.081886903012185e-06
1573069330447,2019-11-06T14:42:10.447,118.75,-3.63546070452116e-06,1.5365951503526112e-06,-3.6561040529492447e-06
1573069330497,2019-11-06T14:42:10.497,118.8,-4.162072123754555e-06,1.880929993032105e-06,-3.385391036451032e-06
1573069330547,2019-11-06T14:42:10.547,118.85,-4.2885732846483495e-06,2.2021936064546235e-06,-3.6835797084855704e-06
1573069330597,2019-11-06T14:42:10.597,118.9,-3.828814854023198e-06,2.078113621333193e-06,-4.189672354487515e-06
1573069330647,2019-11-06T14:42:10.647,118.95,-3.332770706129418e-06,1.8577500458570783e-06,-4.367735045682848e-06
1573069330697,2019-11-06T14:42:10.697,119.0,-3.160739746224807e-06,2.000979716613599e-06,-4.240633779978394e-06
1573069330747,2019-11-06T14:42:10.747,119.05,-3.1476543118080698e-06,2.2452066891935133e-06,-4.127890793801178e-06
1573069330797,2019-11-06T14:42:10.797,119.1,-3.018210169956126e-06,2.1286218666796403e-06,-4.115041490537695e-06
1573069330847,2019-11-06T14:42:10.847,119.15,-2.487375536976985e-06,1.8349041801183605e-06,-4.004123259759274e-06
1573069330897,2019-11-06T14:42:10.897,119.2,-1.220899276817656e-06,1.8554015963809687e-06,-3.5529227728822538e-06
1573069330947,2019-11-06T14:42:10.947,119.25,8.746405904515421e-07,2.147089139204522e-06,-2.779593381606405e-06
1573069330997,2019-11-06T14:42:10.997,119.3,3.388934975182226e-06,2.2306671242839367e-06,-1.9803166064525644e-06
1573069331047,2019-11-06T14:42:11.047,119.35,5.588337167465408e-06,1.9570188773607948e-06,-1.2194277933978658e-06
1573069331097,2019-11-06T14:42:11.097,119.4,7.054531727013728e-06,1.6665354277126742e-06,-1.4985384558139516e-07
1573069331147,2019-11-06T14:42:11.147,119.45,8.081974121069725e-06,1.5708943621806863e-06,1.3881660609456939e-06
1573069331197,2019-11-06T14:42:11.197,119.5,9.16715497397087e-06,1.3927639818942094e-06,3.1859221293878424e-06
1573069331247,2019-11-06T14:42:11.247,119.55,1.03691156811677e-05,8.544292355247961e-07,5.0929856856996685e-06
1573069331297,2019-11-06T14:42:11.297,119.6,1.1469488574518168e-05,1.7391508060902225e-07,6.8410528776541564e-06
1573069331347,2019-11-06T14:42:11.347,119.65,1.2366316673284553e-05,-3.1333367018439054e-07,7.902981512967376e-06
1573069331397,2019-11-06T14:42:11.397,119.7,1.3071104252816521e-05,-6.718872001975097e-07,8.410169583239818e-06
1573069331447,2019-11-06T14:42:11.447,119.75,1.3605567195053277e-05,-1.109447450821395e-06,9.333707227288214e-06
1573069331497,2019-11-06T14:42:11.497,119.8,1.3986337288684854e-05,-1.588848769087575e-06,1.093159037981146e-05
1573069331547,2019-11-06T14:42:11.547,119.85,1.4243192688094729e-05,-1.9831828968767063e-06,1.2121058815495332e-05
1573069331597,2019-11-06T14:42:11.597,119.9,1.4478408498448117e-05,-2.293999631734484e-06,1.2099151878512568e-05
1573069331647,2019-11-06T14:42:11.647,119.95,1.4723310425873001e-05,-2.5602955118287898e-06,1.1551322403828657e-05
1573069331697,2019-11-06T14:42:11.697,120.0,1.4715200975737394e-05,-2.7222976048317317e-06,1.1623478322377909e-05
1573069331747,2019-11-06T14:42:11.747,120.05,1.4265895240160737e-05,-2.687941684537351e-06,1.2386837780157967e-05
1573069331797,2019-11-06T14:42:11.797,120.1,1.3782975103979418e-05,-2.503926989135062e-06,1.292200226368904e-05
1573069331847,2019-11-06T14:42:11.847,120.15,1.3740828171757144e-05,-2.3040029537256988e-06,1.2660921405642395e-05
1573069331897,2019-11-06T14:42:11.897,120.2,1.380467513366702e-05,-2.0769516880239497e-06,1.2046658873248843e-05
1573069331947,2019-11-06T14:42:11.947,120.25,1.3273741718653998e-05,-1.6727790129801196e-06,1.1795991480333288e-05
1573069331997,2019-11-06T14:42:11.997,120.3,1.2147913599081482e-05,-9.912253314918962e-07,1.2075124711180051e-05
1573069332047,2019-11-06T14:42:12.047,120.35,1.0985640819443915e-05,-9.746776829299062e-08,1.2580323798751004e-05
1573069332097,2019-11-06T14:42:12.097,120.4,9.924640602553093e-06,6.872746014478536e-07,1.2924677624475354e-05
1573069332147,2019-11-06T14:42:12.147,120.45,8.56891059875093e-06,1.0222798548813726e-06,1.2869120893433896e-05
1573069332197,2019-11-06T14:42:12.197,120.5,6.840186260189449e-06,1.0870946449054225e-06,1.2605440163143549e-05
1573069332247,2019-11-06T14:42:12.247,120.55,5.2859059660170435e-06,1.3912248157572763e-06,1.2660737425057935e-05
1573069332297,2019-11-06T14:42:12.297,120.6,4.3638431472940775e-06,1.9476883529858677e-06,1.312298767151935e-05
1573069332347,2019-11-06T14:42:12.347,120.65,4.000159118774738e-06,2.2632918578313997e-06,1.3340736974000534e-05
1573069332397,2019-11-06T14:42:12.397,120.7,3.967853648027571e-06,2.1131055338209877e-06,1.28294638114197e-05
1573069332447,2019-11-06T14:42:12.447,120.75,4.086451245242108e-06,1.8439860338033441e-06,1.1954330137474302e-05
1573069332497,2019-11-06T14:42:12.497,120.8,4.050126952283337e-06,1.9830756723942163e-06,1.1273101752665643e-05
1573069332547,2019-11-06T14:42:12.547,120.85,3.709755008569889e-06,2.6654331299403338e-06,1.084825045282011e-05
1573069332597,2019-11-06T14:42:12.597,120.9,3.449689811813422e-06,3.391052390935655e-06,1.0584772705663047e-05
1573069332647,2019-11-06T14:42:12.647,120.95,3.6184183414104183e-06,3.585171818095545e-06,1.0537244996089552e-05
1573069332697,2019-11-06T14:42:12.697,121.0,3.7616397379628378e-06,3.4494464111555054e-06,1.0570300080801864e-05
1573069332747,2019-11-06T14:42:12.747,121.05,3.1963216694848357e-06,3.7197282489067955e-06,1.0297698971490867e-05
1573069332797,2019-11-06T14:42:12.797,121.1,2.0998319740117356e-06,4.429964608303981e-06,9.654056721187639e-06
1573069332847,2019-11-06T14:42:12.847,121.15,1.1861416220230014e-06,4.696527838741017e-06,9.179341532096862e-06
1573069332897,2019-11-06T14:42:12.897,121.2,6.380752595291832e-07,4.106480422405145e-06,9.346871639118549e-06
1573069332947,2019-11-06T14:42:12.947,121.25,1.6236590141487316e-07,3.447922778341609e-06,9.765649703897409e-06
1573069332997,2019-11-06T14:42:12.997,121.3,-3.040846444243006e-07,3.5233610595774244e-06,9.582991287304612e-06
1573069333047,2019-11-06T14:42:13.047,121.35,-6.106754331003515e-07,4.065716003319661e-06,8.64715346520479e-06
1573069333097,2019-11-06T14:42:13.097,121.4,-7.687020391658226e-07,4.350150812427008e-06,7.699157561295725e-06
1573069333147,2019-11-06T14:42:13.147,121.45,-8.462742245660314e-07,4.183960168231436e-06,7.31423341023136e-06
1573069333197,2019-11-06T14:42:13.197,121.5,-6.885142822239218e-07,3.903823971503813e-06,7.153651338968658e-06
1573069333247,2019-11-06T14:42:13.247,121.55,-1.1272096999900655e-07,3.8627271165313454e-06,6.640917662640872e-06
1573069333297,2019-11-06T14:42:13.297,121.6,6.413374621543596e-07,4.133339701517925e-06,5.9717939116496656e-06
1573069333347,2019-11-06T14:42:13.347,121.65,1.0493456787710504e-06,4.480436892769908e-06,5.657289017716728e-06
1573069333397,2019-11-06T14:42:13.397,121.7,9.84947852757628e-07,4.566942738270926e-06,5.4112174013665585e-06
1573069333447,2019-11-06T14:42:13.447,121.75,8.765598458245647e-07,4.326888631766469e-06,4.578665207811611e-06
1573069333497,2019-11-06T14:42:13.497,121.8,1.0948455889184415e-06,4.065639237237571e-06,3.3333998970594686e-06
1573069333547,2019-11-06T14:42:13.547,121.85,1.5174152213876166e-06,3.984522380799234e-06,2.436944621124657e-06
1573069333597,2019-11-06T14:42:13.597,121.9,1.7954278063958355e-06,3.83703665441308e-06,2.1146733966421906e-06
1573069333647,2019-11-06T14:42:13.647,121.95,1.8070271906477934e-06,3.4329460620000756e-06,1.8456154907184847e-06
1573069333697,2019-11-06T14:42:13.697,122.0,1.6617275795851722e-06,3.087045493331888e-06,1.1489737739936734e-06
1573069333747,2019-11-06T14:42:13.747,122.05,1.4391761047576958e-06,3.0636614278970366e-06,2.198488963516035e-07
1573069333797,2019-11-06T14:42:13.797,122.1,1.2368212345750057e-06,3.0808167985843786e-06,-4.249631126697784e-07
1573069333847,2019-11-06T14:42:13.847,122.15,1.279190472259815e-06,2.864990714483713e-06,-6.956033876278244e-07
1573069333897,2019-11-06T14:42:13.897,122.2,1.5608320221031363e-06,2.635880377843264e-06,-8.903419893540453e-07
1573069333947,2019-11-06T14:42:13.947,122.25,1.6312571630168277e-06,2.6182996975229734e-06,-1.19565597077503e-06
1573069333997,2019-11-06T14:42:13.997,122.3,1.2088858640110865e-06,2.64216439376282e-06,-1.5968009305683027e-06
1573069334047,2019-11-06T14:42:14.047,122.35,7.174335663122508e-07,2.5635359856019195e-06,-1.9129282190249175e-06
1573069334097,2019-11-06T14:42:14.097,122.4,7.079160803735411e-07,2.532323132142166e-06,-1.862509051779983e-06
1573069334147,2019-11-06T14:42:14.147,122.45,1.0368152722036156e-06,2.579374223817661e-06,-1.525600891959041e-06
1573069334197,2019-11-06T14:42:14.197,122.5,1.1647136417738079e-06,2.480884081814568e-06,-1.4553915717165879e-06
1573069334247,2019-11-06T14:42:14.247,122.55,1.0054160436393936e-06,2.2398015146994704e-06,-1.924717597474151e-06
1573069334297,2019-11-06T14:42:14.297,122.6,8.344196439024183e-07,2.171503130525456e-06,-2.534945324054291e-06
1573069334347,2019-11-06T14:42:14.347,122.65,6.03635268748998e-07,2.33927023961619e-06,-2.8324516316093042e-06
1573069334397,2019-11-06T14:42:14.397,122.7,1.422252298130082e-07,2.363830637970262e-06,-2.8549156092806387e-06
1573069334447,2019-11-06T14:42:14.447,122.75,-2.006410384568435e-07,1.9843399676058725e-06,-2.9595021356691865e-06
1573069334497,2019-11-06T14:42:14.497,122.8,-1.891633118286792e-08,1.516456157211081e-06,-3.3413528396385794e-06
1573069334547,2019-11-06T14:42:14.547,122.85,2.815980551088463e-07,1.4694741121653317e-06,-3.7755193456086684e-06
1573069334597,2019-11-06T14:42:14.597,122.9,-4.7567125802815904e-08,1.7900432538925503e-06,-3.952081333190436e-06
1573069334647,2019-11-06T14:42:14.647,122.95,-9.839277224220805e-07,1.9224402974587657e-06,-4.001687596139692e-06
1573069334697,2019-11-06T14:42:14.697,123.0,-1.7729762045618137e-06,1.6649237161269768e-06,-4.2903346232986e-06
1573069334747,2019-11-06T14:42:14.747,123.05,-1.9166197311688832e-06,1.3242128363584382e-06,-4.769268675465894e-06
1573069334797,2019-11-06T14:42:14.797,123.1,-1.7089943725038433e-06,9.822091177265104e-07,-5.0653825917658185e-06
1573069334847,2019-11-06T14:42:14.847,123.15,-1.781613735815962e-06,4.552345457847826e-07,-5.146768900716156e-06
1573069334897,2019-11-06T14:42:14.897,123.2,-2.290395691291369e-06,-6.564209950338721e-08,-5.32781179027723e-06
1573069334947,2019-11-06T14:42:14.947,123.25,-2.8595077480177246e-06,-2.4308918801347927e-07,-5.6754715723147065e-06
1573069334997,2019-11-06T14:42:14.997,123.3,-3.3447633846498427e-06,-2.792797261369533e-07,-5.941514607514122e-06
1573069335047,2019-11-06T14:42:15.047,123.35,-4.029403368328495e-06,-5.752156849165157e-07,-6.059531179690519e-06
1573069335097,2019-11-06T14:42:15.097,123.4,-4.899399638797667e-06,-1.0226272931035898e-06,-6.302170408469963e-06
1573069335147,2019-11-06T14:42:15.147,123.45,-5.499302678126746e-06,-1.2556696744102443e-06,-6.87683795047022e-06
1573069335197,2019-11-06T14:42:15.197,123.5,-5.755427268541615e-06,-1.238375197114684e-06,-7.595551621894428e-06
1573069335247,2019-11-06T14:42:15.247,123.55,-6.2286148765795985e-06,-1.15813244187558e-06,-8.112636345987537e-06
1573069335297,2019-11-06T14:42:15.297,123.6,-7.238136779551748e-06,-1.1034063666270226e-06,-8.367792872410501e-06
1573069335347,2019-11-06T14:42:15.347,123.65,-8.278809346830946e-06,-1.1724972946961547e-06,-8.53251513752822e-06
1573069335397,2019-11-06T14:42:15.397,123.7,-8.768798594191554e-06,-1.5482639600667405e-06,-8.625964987051966e-06
1573069335447,2019-11-06T14:42:15.447,123.75,-9.003017980883379e-06,-2.2025137495024725e-06,-8.547086195480859e-06
1573069335497,2019-11-06T14:42:15.497,123.8,-9.650377173394016e-06,-2.841780638947146e-06,-8.411609477895596e-06
1573069335547,2019-11-06T14:42:15.547,123.85,-1.053138015822332e-05,-3.2756613392609364e-06,-8.460988453514928e-06
1573069335597,2019-11-06T14:42:15.597,123.9,-1.0875868007266273e-05,-3.4888027726242072e-06,-8.674748934495716e-06
1573069335647,2019-11-06T14:42:15.647,123.95,-1.0717435924346509e-05,-3.4479422403560405e-06,-8.870419530295633e-06
1573069335697,2019-11-06T14:42:15.697,124.0,-1.0890791969241966e-05,-3.3493369371482667e-06,-9.108339774256077e-06
1573069335747,2019-11-06T14:42:15.747,124.05,-1.1571958533824282e-05,-3.6939231187175366e-06,-9.482975851530122e-06
1573069335797,2019-11-06T14:42:15.797,124.1,-1.196446483216009e-05,-4.436160928246639e-06,-9.67082780156305e-06
1573069335847,2019-11-06T14:42:15.847,124.15,-1.1653867642535497e-05,-4.712963472058584e-06,-9.383625859556447e-06
1573069335897,2019-11-06T14:42:15.897,124.2,-1.125820500114801e-05,-4.165548249564395e-06,-9.024574868236263e-06
1573069335947,2019-11-06T14:42:15.947,124.25,-1.1354536979563337e-05,-3.6433202990867984e-06,-9.102762928933786e-06
1573069335997,2019-11-06T14:42:15.997,124.3,-1.1556481222574414e-05,-3.929380281248744e-06,-9.379836930736074e-06
1573069336047,2019-11-06T14:42:16.047,124.35,-1.118556117248351e-05,-4.689264087367209e-06,-9.394045509588792e-06
1573069336097,2019-11-06T14:42:16.097,124.4,-1.035620432373742e-05,-5.155531607458663e-06,-9.335005703386466e-06
1573069336147,2019-11-06T14:42:16.147,124.45,-9.786855594910991e-06,-5.092564058102055e-06,-9.638081336588479e-06
1573069336197,2019-11-06T14:42:16.197,124.5,-9.726142968617706e-06,-4.769327636577668e-06,-1.013987902231746e-05
1573069336247,2019-11-06T14:42:16.247,124.55,-9.69566520521994e-06,-4.492618458397486e-06,-1.0266507814425074e-05
1573069336297,2019-11-06T14:42:16.297,124.6,-9.329527693318272e-06,-4.440888583859361e-06,-9.85336620781682e-06
1573069336347,2019-11-06T14:42:16.347,124.65,-8.825059722081045e-06,-4.689982507360219e-06,-9.35377360805152e-06
1573069336397,2019-11-06T14:42:16.397,124.7,-8.415729564629602e-06,-5.1280589119188755e-06,-9.239072473341246e-06
1573069336447,2019-11-06T14:42:16.447,124.75,-7.970898617595693e-06,-5.403258432002012e-06,-9.507633975579703e-06
1573069336497,2019-11-06T14:42:16.497,124.8,-7.244053729909742e-06,-5.201101467545084e-06,-9.870753483595755e-06
1573069336547,2019-11-06T14:42:16.547,124.85,-6.140313251605167e-06,-4.674080881678754e-06,-1.0028640748768056e-05
1573069336597,2019-11-06T14:42:16.597,124.9,-4.754696917654739e-06,-4.376607885597452e-06,-9.71766464448054e-06
1573069336647,2019-11-06T14:42:16.647,124.95,-3.3037957588331476e-06,-4.584306362083684e-06,-9.068791130623088e-06
1573069336697,2019-11-06T14:42:16.697,125.0,-1.9132945437400486e-06,-4.930045854840365e-06,-8.754899991995428e-06
1573069336747,2019-11-06T14:42:16.747,125.05,-5.804580725460919e-07,-4.954277725194623e-06,-8.99441912063233e-06
1573069336797,2019-11-06T14:42:16.797,125.1,5.383089596108053e-07,-4.702338871957742e-06,-8.954148677641382e-06
1573069336847,2019-11-06T14:42:16.847,125.15,1.1743950523674484e-06,-4.455173311339871e-06,-8.09911309912705e-06
1573069336897,2019-11-06T14:42:16.897,125.2,1.3830176882488453e-06,-4.178136095184944e-06,-7.210564984745815e-06
1573069336947,2019-11-06T14:42:16.947,125.25,1.487400527443885e-06,-3.675424270029949e-06,-7.079476285484503e-06
1573069336997,2019-11-06T14:42:16.997,125.3,1.6268596287796838e-06,-3.0709371169204716e-06,-7.3211250002672585e-06
1573069337047,2019-11-06T14:42:17.047,125.35,1.7328114376939532e-06,-2.626991923653686e-06,-7.295503964681598e-06
1573069337097,2019-11-06T14:42:17.097,125.4,1.6785516343485278e-06,-2.2729257836223353e-06,-7.055228219041842e-06
1573069337147,2019-11-06T14:42:17.147,125.45,1.246987202034014e-06,-1.8618463844126599e-06,-6.853715683826317e-06
1573069337197,2019-11-06T14:42:17.197,125.5,4.3135059209689627e-07,-1.583251366799683e-06,-6.732779412836907e-06
1573069337247,2019-11-06T14:42:17.247,125.55,-2.99252309296786e-07,-1.4786137018027888e-06,-6.814848579244502e-06
1573069337297,2019-11-06T14:42:17.297,125.6,-6.183085589208198e-07,-1.0705230392160476e-06,-7.172938611632875e-06
1573069337347,2019-11-06T14:42:17.347,125.65,-8.913872883451476e-07,-2.4176732297444015e-07,-7.486879423829644e-06
1573069337397,2019-11-06T14:42:17.397,125.7,-1.565967055170451e-06,2.3819074415498505e-07,-7.50870128287393e-06
1573069337447,2019-11-06T14:42:17.447,125.75,-2.443604142173983e-06,-5.328678688667636e-08,-7.551808058890848e-06
1573069337497,2019-11-06T14:42:17.497,125.8,-2.9718961585541875e-06,-2.668338206967063e-07,-7.849273359818277e-06
1573069337547,2019-11-06T14:42:17.547,125.85,-2.9396059827435802e-06,3.967878810675222e-07,-7.855645587181633e-06
1573069337597,2019-11-06T14:42:17.597,125.9,-2.5644223376290833e-06,1.2925982289741887e-06,-6.9408897760331834e-06
1573069337647,2019-11-06T14:42:17.647,125.95,-2.0415611325907857e-06,1.4609967985189317e-06,-5.406107559973311e-06
1573069337697,2019-11-06T14:42:17.697,126.0,-1.3943854611167515e-06,1.2587280344063702e-06,-4.102662228440117e-06
1573069337747,2019-11-06T14:42:17.747,126.05,-7.891909187434949e-07,1.4399658394397484e-06,-3.3245870270497394e-06
1573069337797,2019-11-06T14:42:17.797,126.1,-4.792976144456053e-07,1.6445771387639396e-06,-2.5879775742923583e-06
1573069337847,2019-11-06T14:42:17.847,126.15,-3.173290196493277e-07,1.346587639262109e-06,-1.3554475506983076e-06
1573069337897,2019-11-06T14:42:17.897,126.2,1.5952350370125682e-07,1.1225916246124507e-06,2.9178016584411206e-07
1573069337947,2019-11-06T14:42:17.947,126.25,1.096741868770543e-06,1.542677577139967e-06,1.7776774270126378e-06
1573069337997,2019-11-06T14:42:17.997,126.3,2.1379489782520862e-06,1.981069168559149e-06,2.7433747425355683e-06
1573069338047,2019-11-06T14:42:18.047,126.35,2.8047653907670805e-06,1.6616382044955803e-06,3.322201466614936e-06
1573069338097,2019-11-06T14:42:18.097,126.4,2.981426233018122e-06,9.059262197168067e-07,3.7041875193727116e-06
1573069338147,2019-11-06T14:42:18.147,126.45,3.1055056784641154e-06,5.468626404136463e-07,3.891330399750618e-06
1573069338197,2019-11-06T14:42:18.197,126.5,3.5664018431542005e-06,7.940529279352742e-07,3.952515716163784e-06
1573069338247,2019-11-06T14:42:18.247,126.55,3.974110602164164e-06,1.1588807327681393e-06,4.087673030063815e-06
1573069338297,2019-11-06T14:42:18.297,126.6,3.767632843338937e-06,1.0885706512334402e-06,4.3424811534409425e-06
1573069338347,2019-11-06T14:42:18.347,126.65,3.3628659468442567e-06,5.617684669778072e-07,4.566883999368694e-06
1573069338397,2019-11-06T14:42:18.397,126.7,3.67901639771031e-06,1.9086822366236394e-07,4.666392498641947e-06
1573069338447,2019-11-06T14:42:18.447,126.75,4.7178288280136244e-06,4.0999317308749586e-07,4.626714710857789e-06
1573069338497,2019-11-06T14:42:18.497,126.8,5.633330807084892e-06,7.243551260251147e-07,4.404154279514533e-06
1573069338547,2019-11-06T14:42:18.547,126.85,6.066624461637977e-06,4.440924994937415e-07,4.092226679873445e-06
1573069338597,2019-11-06T14:42:18.597,126.9,6.490761190214283e-06,-2.3373195512462815e-07,4.003198983333129e-06
1573069338647,2019-11-06T14:42:18.647,126.95,7.1948078324802894e-06,-6.316117911433476e-07,4.275127019497023e-06
1573069338697,2019-11-06T14:42:18.697,127.0,7.694758685752085e-06,-5.69908636757372e-07,4.6316906947404546e-06
1573069338747,2019-11-06T14:42:18.747,127.05,7.471464446779269e-06,-3.356044339985643e-07,4.761856689741887e-06
1573069338797,2019-11-06T14:42:18.797,127.1,6.764098763044897e-06,-1.358017736929314e-07,4.598746926254456e-06
1573069338847,2019-11-06T14:42:18.847,127.15,6.192621381653972e-06,2.553722000241707e-08,4.145096198785017e-06
1573069338897,2019-11-06T14:42:18.897,127.2,5.971136549362938e-06,2.2562840424184635e-07,3.558950512921103e-06
1573069338947,2019-11-06T14:42:18.947,127.25,5.90625435881776e-06,5.383309172182351e-07,3.3163073577893333e-06
1573069338997,2019-11-06T14:42:18.997,127.3,5.868985593008338e-06,8.833520103256578e-07,3.6288404547352884e-06
1573069339047,2019-11-06T14:42:19.047,127.35,5.9421268958197e-06,1.047983859907685e-06,3.997344806259884e-06
1573069339097,2019-11-06T14:42:19.097,127.4,6.2396415125066335e-06,1.0290633461426224e-06,3.974907258787604e-06
1573069339147,2019-11-06T14:42:19.147,127.45,6.648183020910454e-06,1.012211303402246e-06,3.89814928174265e-06
1573069339197,2019-11-06T14:42:19.197,127.5,6.795293602251096e-06,8.730703380988404e-07,4.301796477957832e-06
1573069339247,2019-11-06T14:42:19.247,127.55,6.565196667212502e-06,3.262394403993488e-07,5.120841708862608e-06
1573069339297,2019-11-06T14:42:19.297,127.6,6.435679292579526e-06,-3.2134230173297427e-07,5.945667743646386e-06
1573069339347,2019-11-06T14:42:19.347,127.65,6.77259129550539e-06,-4.0990843438006123e-07,6.623883222527437e-06
1573069339397,2019-11-06T14:42:19.397,127.7,7.2297024009003975e-06,-2.3350720517998736e-09,7.2575219031102675e-06
1573069339447,2019-11-06T14:42:19.447,127.75,7.408694632853076e-06,1.7635690025400247e-07,7.914473731972186e-06
1573069339497,2019-11-06T14:42:19.497,127.8,7.416958697285046e-06,-1.3781872439691707e-07,8.518703332354161e-06
1573069339547,2019-11-06T14:42:19.547,127.85,7.386154534034102e-06,-5.18769020051381e-07,8.869851980305166e-06
1573069339597,2019-11-06T14:42:19.597,127.9,7.2850043764602255e-06,-5.829329456394959e-07,8.809668723833893e-06
1573069339647,2019-11-06T14:42:19.647,127.95,7.287863191552458e-06,-2.944501107632858e-07,8.524909662712234e-06
1573069339697,2019-11-06T14:42:19.697,128.0,7.519883120911149e-06,1.6316071658829725e-07,8.516270659800476e-06
1573069339747,2019-11-06T14:42:19.747,128.05,7.669516513126912e-06,4.751895480469804e-07,8.960662955678033e-06
1573069339797,2019-11-06T14:42:19.797,128.1,7.5197415733992804e-06,4.804499533537962e-07,9.349101770288438e-06
1573069339847,2019-11-06T14:42:19.847,128.15,7.439358867065753e-06,3.0808781146602165e-07,9.196252878935648e-06
1573069339897,2019-11-06T14:42:19.897,128.2,7.769660293426038e-06,5.949204468052785e-08,8.742971939802293e-06
1573069339947,2019-11-06T14:42:19.947,128.25,8.189881945061431e-06,-2.2482514325768285e-07,8.478425336564965e-06
1573069339997,2019-11-06T14:42:19.997,128.3,8.25578007631314e-06,-3.801541409398226e-07,8.426239677069214e-06
1573069340047,2019-11-06T14:42:20.047,128.35,8.083040580814688e-06,-3.9394073040270995e-07,8.347741227012752e-06
1573069340097,2019-11-06T14:42:20.097,128.4,7.956841224577437e-06,-4.2744835811815316e-07,8.222203315250527e-06
1573069340147,2019-11-06T14:42:20.147,128.45,7.833881156255874e-06,-3.443293990173514e-07,8.153103332887551e-06
1573069340197,2019-11-06T14:42:20.197,128.5,7.6778638515016e-06,1.4203599889245192e-11,8.144240589292275e-06
1573069340247,2019-11-06T14:42:20.247,128.55,7.648531030891184e-06,1.721669316519034e-07,8.231349710718249e-06
1573069340297,2019-11-06T14:42:20.297,128.6,7.70098802400561e-06,-2.0432974776237437e-07,8.481256926885199e-06
1573069340347,2019-11-06T14:42:20.347,128.65,7.6257703478755085e-06,-6.745985866517314e-07,8.718389920652126e-06
1573069340397,2019-11-06T14:42:20.397,128.7,7.49560915825434e-06,-6.238880383501262e-07,8.674574985622264e-06
1573069340447,2019-11-06T14:42:20.447,128.75,7.5379572942118175e-06,-1.8784995295009776e-07,8.480387890335974e-06
1573069340497,2019-11-06T14:42:20.497,128.8,7.781696758588948e-06,1.0270285786158381e-07,8.630846014701166e-06
1573069340547,2019-11-06T14:42:20.547,128.85,8.175770058182798e-06,1.1001977899876601e-07,9.342962515654943e-06
1573069340597,2019-11-06T14:42:20.597,128.9,8.666196330908202e-06,6.061286617233513e-08,1.009057161215986e-05
1573069340647,2019-11-06T14:42:20.647,128.95,8.99967290751017e-06,6.660476626538762e-08,1.0099362298418594e-05
1573069340697,2019-11-06T14:42:20.697,129.0,8.83934245730252e-06,4.3595863905717264e-08,9.454844166084987e-06
1573069340747,2019-11-06T14:42:20.747,129.05,8.09945997289367e-06,-9.930194230337364e-08,9.103277859662424e-06
1573069340797,2019-11-06T14:42:20.797,129.1,7.0677092514398285e-06,-3.566052954383303e-07,9.451685213017885e-06
1573069340847,2019-11-06T14:42:20.847,129.15,6.3497148143183185e-06,-5.392303298807328e-07,9.874069173278212e-06
1573069340897,2019-11-06T14:42:20.897,129.2,6.390821585089437e-06,-3.291271399165226e-07,9.850222427060449e-06
1573069340947,2019-11-06T14:42:20.947,129.25,6.7310975492862575e-06,3.714774914374629e-07,9.507939654381213e-06
1573069340997,2019-11-06T14:42:20.997,129.3,6.380353299042952e-06,1.1611684781569603e-06,8.990298284633949e-06
1573069341047,2019-11-06T14:42:21.047,129.35,5.225456484192141e-06,1.405811605437029e-06,8.348734419966896e-06
1573069341097,2019-11-06T14:42:21.097,129.4,4.093578933815622e-06,1.0085458921982457e-06,7.884828373637307e-06
1573069341147,2019-11-06T14:42:21.147,129.45,3.3482055665469885e-06,7.041904938734987e-07,7.7942329200687e-06
1573069341197,2019-11-06T14:42:21.197,129.5,2.6321998731141197e-06,1.1171766790367547e-06,7.803373850519562e-06
1573069341247,2019-11-06T14:42:21.247,129.55,1.8274569432647351e-06,1.8663796643512946e-06,7.593981536597822e-06
1573069341297,2019-11-06T14:42:21.297,129.6,1.1794450159652872e-06,2.201217515083722e-06,7.261318143844718e-06
1573069341347,2019-11-06T14:42:21.347,129.65,8.379902223801847e-07,2.0609823763517964e-06,7.148478507056299e-06
1573069341397,2019-11-06T14:42:21.397,129.7,8.340909735710997e-07,1.8859583144580585e-06,7.34071370473862e-06
1573069341447,2019-11-06T14:42:21.447,129.75,9.956698622930056e-07,1.8420559002478622e-06,7.503230475632853e-06
1573069341497,2019-11-06T14:42:21.497,129.8,9.04782200184848e-07,1.8360018659514594e-06,7.371825397272921e-06
1573069341547,2019-11-06T14:42:21.547,129.85,4.763376435817772e-07,1.9136862621430557e-06,7.153128247995567e-06
1573069341597,2019-11-06T14:42:21.597,129.9,2.220256829742323e-07,2.0889019428977745e-06,7.170132599240642e-06
1573069341647,2019-11-06T14:42:21.647,129.95,4.973517306167747e-07,2.1225969885806105e-06,7.3674668035718024e-06
1573069341697,2019-11-06T14:42:21.697,130.0,9.642819810788475e-07,1.922494648764888e-06,7.357857979917335e-06
1573069341747,2019-11-06T14:42:21.747,130.05,1.1978817402729213e-06,1.800124917406592e-06,6.824824850347159e-06
1573069341797,2019-11-06T14:42:21.797,130.1,1.3263222282799946e-06,1.9892739044884745e-06,5.82446451102474e-06
1573069341847,2019-11-06T14:42:21.847,130.15,1.6025244055974996e-06,2.267575126576793e-06,4.676470693283528e-06
1573069341897,2019-11-06T14:42:21.897,130.2,1.8442066159413041e-06,2.3176358257722445e-06,3.6366348641380684e-06
1573069341947,2019-11-06T14:42:21.947,130.25,1.8424429488581874e-06,2.1508555490432893e-06,2.78200574362938e-06
1573069341997,2019-11-06T14:42:21.997,130.3,1.8058720724038222e-06,1.990335289487712e-06,2.0132627843433308e-06
1573069342047,2019-11-06T14:42:22.047,130.35,1.8935865610041236e-06,2.0004303738928277e-06,1.142801442711337e-06
1573069342097,2019-11-06T14:42:22.097,130.4,1.869615867931948e-06,2.218249809121125e-06,2.582056050482261e-07
1573069342147,2019-11-06T14:42:22.147,130.45,1.5602749256569042e-06,2.4957871452534362e-06,-2.3250990008514663e-07
1573069342197,2019-11-06T14:42:22.197,130.5,1.0651824586508382e-06,2.5208125668318695e-06,-2.2658790345358517e-07
1573069342247,2019-11-06T14:42:22.247,130.55,4.5196987791299206e-07,2.188495066057515e-06,-2.0227249139428246e-07
1573069342297,2019-11-06T14:42:22.297,130.6,-1.834338720759641e-07,1.8753873507104581e-06,-5.810560156231665e-07
1573069342347,2019-11-06T14:42:22.347,130.65,-5.735122884351229e-07,2.0095451292309517e-06,-1.1473808739643633e-06
1573069342397,2019-11-06T14:42:22.397,130.7,-7.006503424620687e-07,2.4781124492012006e-06,-1.375122023689371e-06
1573069342447,2019-11-06T14:42:22.447,130.75,-9.97527290009463e-07,2.8012125245962405e-06,-1.2252604840169573e-06
1573069342497,2019-11-06T14:42:22.497,130.8,-1.7268581345834624e-06,2.7741367932361564e-06,-1.2622733348495622e-06
1573069342547,2019-11-06T14:42:22.547,130.85,-2.525893685403012e-06,2.614000077497652e-06,-1.732072284240141e-06
1573069342597,2019-11-06T14:42:22.597,130.9,-2.9904206951129616e-06,2.5620037625503475e-06,-2.0427023598983616e-06
1573069342647,2019-11-06T14:42:22.647,130.95,-3.4285924581924e-06,2.6192712285163647e-06,-1.8210228499357647e-06
1573069342697,2019-11-06T14:42:22.697,131.0,-4.398613832228719e-06,2.6128704493473083e-06,-1.8220861033037532e-06
1573069342747,2019-11-06T14:42:22.747,131.05,-5.662771113779263e-06,2.3549981923913907e-06,-2.7798110694843727e-06
1573069342797,2019-11-06T14:42:22.797,131.1,-6.415491166689943e-06,1.86854582544144e-06,-4.08856545380614e-06
1573069342847,2019-11-06T14:42:22.847,131.15,-6.429967939251221e-06,1.4847261510743515e-06,-4.7876868108632885e-06
1573069342897,2019-11-06T14:42:22.897,131.2,-6.216309432063328e-06,1.4325908416253877e-06,-5.0537122506270455e-06
1573069342947,2019-11-06T14:42:22.947,131.25,-6.1971464665060955e-06,1.4305378497206595e-06,-5.548134581078585e-06
1573069342997,2019-11-06T14:42:22.997,131.3,-6.261697245543199e-06,1.1248207928235278e-06,-6.112414005308225e-06
1573069343047,2019-11-06T14:42:23.047,131.35,-6.0791978943679074e-06,7.219700394857671e-07,-6.176788979982677e-06
1573069343097,2019-11-06T14:42:23.097,131.4,-5.627965779362678e-06,6.294443034832634e-07,-5.778189563142476e-06
1573069343147,2019-11-06T14:42:23.147,131.45,-5.210657612563539e-06,7.565859371003313e-07,-5.411838681535652e-06
1573069343197,2019-11-06T14:42:23.197,131.5,-4.948802433464562e-06,7.656653981266028e-07,-5.36234511404864e-06
1573069343247,2019-11-06T14:42:23.247,131.55,-4.701264208284001e-06,6.588226790510396e-07,-5.557914273102234e-06
1573069343297,2019-11-06T14:42:23.297,131.6,-4.4419307523378225e-06,5.754304478732707e-07,-5.743752546370576e-06
1573069343347,2019-11-06T14:42:23.347,131.65,-4.2000291490451225e-06,4.275656841082885e-07,-5.685615975474655e-06
1573069343397,2019-11-06T14:42:23.397,131.7,-3.885689130440066e-06,1.5247503514668862e-07,-5.380393865900679e-06
1573069343447,2019-11-06T14:42:23.447,131.75,-3.547071363505139e-06,-3.870032426995569e-08,-5.02284419891393e-06
1573069343497,2019-11-06T14:42:23.497,131.8,-3.3428808611307274e-06,1.232288125057297e-07,-4.770931210136194e-06
1573069343547,2019-11-06T14:42:23.547,131.85,-3.2244841999221167e-06,6.253737971276544e-07,-4.6968226655052e-06
1573069343597,2019-11-06T14:42:23.597,131.9,-3.153774027505707e-06,1.0081826531068562e-06,-4.8201698841871744e-06
1573069343647,2019-11-06T14:42:23.647,131.95,-3.318612056627479e-06,7.590775174525451e-07,-4.949130866653454e-06
1573069343697,2019-11-06T14:42:23.697,132.0,-3.7487199936218486e-06,8.970945981532879e-08,-4.714153212161094e-06
1573069343747,2019-11-06T14:42:23.747,132.05,-4.179662507537159e-06,-2.3134549361662805e-07,-4.09037648756944e-06
1573069343797,2019-11-06T14:42:23.797,132.1,-4.407946330990073e-06,-4.300165195267447e-08,-3.640572614182253e-06
1573069343847,2019-11-06T14:42:23.847,132.15,-4.441576660005954e-06,6.452673703385005e-08,-3.825600933204171e-06
1573069343897,2019-11-06T14:42:23.897,132.2,-4.4616972395826196e-06,-1.2974393204893245e-07,-4.308594433371787e-06
1573069343947,2019-11-06T14:42:23.947,132.25,-4.694681805591254e-06,-2.7284187462359346e-07,-4.42640674872386e-06
1573069343997,2019-11-06T14:42:23.997,132.3,-5.0499636647416056e-06,-3.2217521578667936e-07,-4.142868510568967e-06
1573069344047,2019-11-06T14:42:24.047,132.35,-5.133560754382551e-06,-5.792787950061517e-07,-3.966126897416412e-06
1573069344097,2019-11-06T14:42:24.097,132.4,-4.911875224817323e-06,-9.651930955234212e-07,-4.099817628756784e-06
1573069344147,2019-11-06T14:42:24.147,132.45,-4.9535282423385276e-06,-1.1103131735146795e-06,-4.3501230615924536e-06
1573069344197,2019-11-06T14:42:24.197,132.5,-5.640379177584823e-06,-1.0187486387034271e-06,-4.691356514708027e-06
1573069344247,2019-11-06T14:42:24.247,132.55,-6.444279761285237e-06,-1.0672606412541658e-06,-5.154595624531946e-06
1573069344297,2019-11-06T14:42:24.297,132.6,-6.508197336111011e-06,-1.4222995524487674e-06,-5.381917183879533e-06
1573069344347,2019-11-06T14:42:24.347,132.65,-5.904868792436382e-06,-1.817658513282399e-06,-5.07714159955988e-06
1573069344397,2019-11-06T14:42:24.397,132.7,-5.620288085171779e-06,-1.963274418637054e-06,-4.604782114775393e-06
1573069344447,2019-11-06T14:42:24.447,132.75,-6.0907052372891426e-06,-1.9523226638652383e-06,-4.484898426475396e-06
1573069344497,2019-11-06T14:42:24.497,132.8,-6.665511047715408e-06,-2.0916935673452124e-06,-4.701546275946656e-06
1573069344547,2019-11-06T14:42:24.547,132.85,-6.850038004261786e-06,-2.4805065179352222e-06,-4.9509716828292225e-06
1573069344597,2019-11-06T14:42:24.597,132.9,-6.988191736613779e-06,-2.9852862299217454e-06,-5.044916654699691e-06
1573069344647,2019-11-06T14:42:24.647,132.95,-7.327530556948402e-06,-3.485198026661562e-06,-4.852448884480394e-06
1573069344697,2019-11-06T14:42:24.697,133.0,-7.50638122099418e-06,-3.880797909138169e-06,-4.461117118775926e-06
1573069344747,2019-11-06T14:42:24.747,133.05,-7.309421585904501e-06,-4.021647865571436e-06,-4.397477160379656e-06
1573069344797,2019-11-06T14:42:24.797,133.1,-6.990978002377641e-06,-3.909335318976791e-06,-4.977803790471952e-06
1573069344847,2019-11-06T14:42:24.847,133.15,-6.6672182487775885e-06,-3.8037837600920804e-06,-5.624491386334857e-06
1573069344897,2019-11-06T14:42:24.897,133.2,-6.1766556637387934e-06,-3.864291891006917e-06,-5.644234544752627e-06
1573069344947,2019-11-06T14:42:24.947,133.25,-5.5814326817397206e-06,-3.947662179626974e-06,-5.373564547724133e-06
1573069344997,2019-11-06T14:42:24.997,133.3,-5.160014715976018e-06,-4.029565376165571e-06,-5.624301040359996e-06
1573069345047,2019-11-06T14:42:25.047,133.35,-4.951351634266546e-06,-4.3512327756690535e-06,-6.3214297047632744e-06
1573069345097,2019-11-06T14:42:25.097,133.4,-4.778216851985276e-06,-4.809215150497904e-06,-6.703722183983576e-06
1573069345147,2019-11-06T14:42:25.147,133.45,-4.54985355407309e-06,-4.888687607522388e-06,-6.63086505961441e-06
1573069345197,2019-11-06T14:42:25.197,133.5,-4.19199505220237e-06,-4.539567910529825e-06,-6.634214907229683e-06
1573069345247,2019-11-06T14:42:25.247,133.55,-3.656835204907283e-06,-4.290112003057845e-06,-6.795827862504755e-06
1573069345297,2019-11-06T14:42:25.297,133.6,-3.3217889533544182e-06,-4.305730164510149e-06,-6.663595567692847e-06
1573069345347,2019-11-06T14:42:25.347,133.65,-3.725780065151759e-06,-4.2214605281482385e-06,-6.270777345952647e-06
1573069345397,2019-11-06T14:42:25.397,133.7,-4.590332570018731e-06,-3.957219585188103e-06,-6.149030074676002e-06
1573069345447,2019-11-06T14:42:25.447,133.75,-4.989328769960274e-06,-3.865128892134807e-06,-6.2874484450217e-06
1573069345497,2019-11-06T14:42:25.497,133.8,-4.75180239557734e-06,-3.989298145144907e-06,-6.145450606964466e-06
1573069345547,2019-11-06T14:42:25.547,133.85,-4.705754235756791e-06,-3.866051699378575e-06,-5.700441710135778e-06
1573069345597,2019-11-06T14:42:25.597,133.9,-5.354727886387721e-06,-3.2844965906953312e-06,-5.501363004383809e-06
1573069345647,2019-11-06T14:42:25.647,133.95,-6.235384155242204e-06,-2.7379565415938257e-06,-5.7443639451257145e-06
1573069345697,2019-11-06T14:42:25.697,134.0,-6.732538430815952e-06,-2.7754219688846664e-06,-6.0289597000068865e-06
1573069345747,2019-11-06T14:42:25.747,134.05,-6.848971261744697e-06,-3.2319202341912065e-06,-5.905104786130595e-06
1573069345797,2019-11-06T14:42:25.797,134.1,-6.99777984357567e-06,-3.4679774224106294e-06,-5.32851780866486e-06
1573069345847,2019-11-06T14:42:25.847,134.15,-7.3628778624138635e-06,-3.204701764319164e-06,-4.7204527512908755e-06
1573069345897,2019-11-06T14:42:25.897,134.2,-7.638123990044252e-06,-2.7531657256165403e-06,-4.462320290508693e-06
1573069345947,2019-11-06T14:42:25.947,134.25,-7.384686813612116e-06,-2.4672740613668253e-06,-4.3239544999264235e-06
1573069345997,2019-11-06T14:42:25.997,134.3,-6.580720912386353e-06,-2.3600727051772764e-06,-3.955025005158845e-06
1573069346047,2019-11-06T14:42:26.047,134.35,-5.744389246371045e-06,-2.2553027567991126e-06,-3.6883449407166973e-06
1573069346097,2019-11-06T14:42:26.097,134.4,-5.402559466177982e-06,-2.0186256646339495e-06,-3.92908839101615e-06
1573069346147,2019-11-06T14:42:26.147,134.45,-5.396325881612203e-06,-1.7226417986508894e-06,-4.186828505574331e-06
1573069346197,2019-11-06T14:42:26.197,134.5,-5.007738202842656e-06,-1.6178029487495762e-06,-3.760376757543877e-06
1573069346247,2019-11-06T14:42:26.247,134.55,-3.983901495879165e-06,-1.7002243294560306e-06,-2.925419724878414e-06
1573069346297,2019-11-06T14:42:26.297,134.6,-3.019271259503966e-06,-1.599840992117829e-06,-2.5341373390572383e-06
1573069346347,2019-11-06T14:42:26.347,134.65,-2.8363252370492645e-06,-1.2374920121853823e-06,-2.7603154715904586e-06
1573069346397,2019-11-06T14:42:26.397,134.7,-3.1421168154684406e-06,-1.0260521954241352e-06,-2.8967863991525513e-06
1573069346447,2019-11-06T14:42:26.447,134.75,-3.067330102548738e-06,-1.0576606105925234e-06,-2.3438265572807863e-06
1573069346497,2019-11-06T14:42:26.497,134.8,-2.4750285152236317e-06,-7.993089616569675e-07,-1.3888294752878741e-06
1573069346547,2019-11-06T14:42:26.547,134.85,-2.033265291891083e-06,-3.794997016708814e-09,-7.699196882163391e-07
1573069346597,2019-11-06T14:42:26.597,134.9,-1.9793944202340654e-06,6.95263247242602e-07,-7.451278449204064e-07
1573069346647,2019-11-06T14:42:26.647,134.95,-1.8247104428121056e-06,6.112893002108566e-07,-9.83569287827952e-07
1573069346697,2019-11-06T14:42:26.697,135.0,-1.3595512954382334e-06,8.867716562525054e-08,-1.0894843956113729e-06
1573069346747,2019-11-06T14:42:26.747,135.05,-9.024341739100444e-07,1.1088104572759103e-07,-9.015149166797347e-07
1573069346797,2019-11-06T14:42:26.797,135.1,-6.148975083226618e-07,8.395088869902561e-07,-6.000342677944846e-07
1573069346847,2019-11-06T14:42:26.847,135.15,-5.127611576547592e-07,1.3024042568238194e-06,-5.818224342203725e-07
1573069346897,2019-11-06T14:42:26.897,135.2,-8.068981600276743e-07,8.209904369024288e-07,-9.009177776138267e-07
1573069346947,2019-11-06T14:42:26.947,135.25,-1.4069138366851017e-06,7.018587235411925e-09,-1.0867624666949991e-06
1573069346997,2019-11-06T14:42:26.997,135.3,-1.7094084802818832e-06,-1.7261043730177572e-07,-8.194263821202411e-07
1573069347047,2019-11-06T14:42:27.047,135.35,-1.5558050552110283e-06,2.925996808106659e-07,-3.733762680787159e-07
1573069347097,2019-11-06T14:42:27.097,135.4,-1.547293601723729e-06,7.435949884078593e-07,-1.3979128482365596e-07
1573069347147,2019-11-06T14:42:27.147,135.45,-1.90069735280882e-06,9.330358593681498e-07,-1.4067323052856396e-07
1573069347197,2019-11-06T14:42:27.197,135.5,-2.0056905826971954e-06,1.0351220642703507e-06,-2.2515696716231512e-07
1573069347247,2019-11-06T14:42:27.247,135.55,-1.5268335364931939e-06,1.0444496716751524e-06,-2.9633680081433303e-07
1573069347297,2019-11-06T14:42:27.297,135.6,-9.71237697606994e-07,9.677553279710004e-07,-1.4086490415494954e-07
1573069347347,2019-11-06T14:42:27.347,135.65,-8.111052044345374e-07,1.1411713728026722e-06,4.7458436435121703e-07
1573069347397,2019-11-06T14:42:27.397,135.7,-8.44646308719661e-07,1.6728896990516344e-06,1.3193592978296777e-06
1573069347447,2019-11-06T14:42:27.447,135.75,-7.614520107759398e-07,2.077180782988153e-06,1.760533582192335e-06
1573069347497,2019-11-06T14:42:27.497,135.8,-6.711926958354467e-07,1.9802496557179616e-06,1.5170477112033608e-06
1573069347547,2019-11-06T14:42:27.547,135.85,-6.730813898791328e-07,1.659087003819401e-06,1.0237832574146607e-06
1573069347597,2019-11-06T14:42:27.597,135.9,-4.832448789040171e-07,1.4843667248442171e-06,8.545306929558882e-07
1573069347647,2019-11-06T14:42:27.647,135.95,6.147015513597896e-08,1.4242827271388564e-06,1.076045039208702e-06
1573069347697,2019-11-06T14:42:27.697,136.0,6.461467564130212e-07,1.454666878609786e-06,1.4498906038862086e-06
1573069347747,2019-11-06T14:42:27.747,136.05,1.0147702476149694e-06,1.750693472690095e-06,1.9289711855931895e-06
1573069347797,2019-11-06T14:42:27.797,136.1,1.3124960702995507e-06,2.147616584656826e-06,2.494625313642897e-06
1573069347847,2019-11-06T14:42:27.847,136.15,1.5901912653908538e-06,2.1916190585448203e-06,2.845602505998869e-06
1573069347897,2019-11-06T14:42:27.897,136.2,1.652551005995137e-06,1.933422462985381e-06,2.790024349790106e-06
1573069347947,2019-11-06T14:42:27.947,136.25,1.639393171160153e-06,1.876421218519468e-06,2.600302284231327e-06
1573069347997,2019-11-06T14:42:27.997,136.3,1.93432793640306e-06,2.0642886477232593e-06,2.524439884786964e-06
1573069348047,2019-11-06T14:42:28.047,136.35,2.3416803768155935e-06,2.0367303590103605e-06,2.4290952916186662e-06
1573069348097,2019-11-06T14:42:28.097,136.4,2.309935118544817e-06,1.746053890978861e-06,2.2808299474687757e-06
1573069348147,2019-11-06T14:42:28.147,136.45,2.0431489194606157e-06,1.6932088395987205e-06,2.3512501515130715e-06
1573069348197,2019-11-06T14:42:28.197,136.5,2.3305979706943534e-06,2.032597076048827e-06,2.669876794131368e-06
1573069348247,2019-11-06T14:42:28.247,136.55,3.224353516475501e-06,2.3151076588982197e-06,2.889137458972959e-06
1573069348297,2019-11-06T14:42:28.297,136.6,3.904666384340701e-06,2.2459761655105538e-06,2.8331769413964795e-06
1573069348347,2019-11-06T14:42:28.347,136.65,3.8738411701121295e-06,1.9987692718898334e-06,2.682503622690732e-06
1573069348397,2019-11-06T14:42:28.397,136.7,3.487038103864539e-06,1.7810520341461945e-06,2.6076463565739904e-06
1573069348447,2019-11-06T14:42:28.447,136.75,3.362027275758464e-06,1.730498759814425e-06,2.6000826924544677e-06
1573069348497,2019-11-06T14:42:28.497,136.8,3.734749839804871e-06,2.0173000930403717e-06,2.6515082344623995e-06
1573069348547,2019-11-06T14:42:28.547,136.85,4.327976470827752e-06,2.4906202721981775e-06,2.825179567408633e-06
1573069348597,2019-11-06T14:42:28.597,136.9,4.742548564042667e-06,2.6436174606540448e-06,3.060825683587992e-06
1573069348647,2019-11-06T14:42:28.647,136.95,4.939592508193201e-06,2.314776312900293e-06,3.1019796347485274e-06
1573069348697,2019-11-06T14:42:28.697,137.0,5.135644738111667e-06,1.9267994611442514e-06,2.868399897976288e-06
1573069348747,2019-11-06T14:42:28.747,137.05,5.336567279061944e-06,1.8711985810126325e-06,2.733642468935485e-06
1573069348797,2019-11-06T14:42:28.797,137.1,5.345646427641706e-06,2.1198438783640613e-06,3.037763594596826e-06
1573069348847,2019-11-06T14:42:28.847,137.15,5.219767071285345e-06,2.4412204711089876e-06,3.5110551700250433e-06
1573069348897,2019-11-06T14:42:28.897,137.2,5.340080860518483e-06,2.591662290323466e-06,3.6320830984912975e-06
1573069348947,2019-11-06T14:42:28.947,137.25,5.807378770434347e-06,2.3590296244520827e-06,3.358920274157749e-06
1573069348997,2019-11-06T14:42:28.997,137.3,6.112731667394806e-06,1.8327138040530085e-06,3.107171339861862e-06
1573069349047,2019-11-06T14:42:29.047,137.35,5.861006440234827e-06,1.5123367831878647e-06,3.1646209406273434e-06
1573069349097,2019-11-06T14:42:29.097,137.4,5.445769697989706e-06,1.6899697278748757e-06,3.3907572252222987e-06
1573069349147,2019-11-06T14:42:29.147,137.45,5.458960052187562e-06,2.0028468472516437e-06,3.4031485696198638e-06
1573069349197,2019-11-06T14:42:29.197,137.5,5.869937166235286e-06,2.051818232032808e-06,2.9912754890291633e-06
1573069349247,2019-11-06T14:42:29.247,137.55,6.234922394243264e-06,1.942164234832124e-06,2.4118455433049633e-06
1573069349297,2019-11-06T14:42:29.297,137.6,6.3042622951649945e-06,1.8682497017145519e-06,2.154622936689899e-06
1573069349347,2019-11-06T14:42:29.347,137.65,6.219206537565272e-06,1.8469872971302701e-06,2.348356270707958e-06
1573069349397,2019-11-06T14:42:29.397,137.7,6.281151741193905e-06,1.9861951498635075e-06,2.659632939363595e-06
1573069349447,2019-11-06T14:42:29.447,137.75,6.442675198151276e-06,2.2859302656793158e-06,2.809161994674129e-06
1573069349497,2019-11-06T14:42:29.497,137.8,6.2674840567552174e-06,2.282280158550822e-06,2.8214619005226827e-06
1573069349547,2019-11-06T14:42:29.547,137.85,5.692007454611733e-06,1.6695780671088228e-06,2.7613033643587177e-06
1573069349597,2019-11-06T14:42:29.597,137.9,5.233822854553547e-06,1.0659307424711627e-06,2.590583709010179e-06
1573069349647,2019-11-06T14:42:29.647,137.95,5.134493715369433e-06,1.262566028826977e-06,2.30933486426865e-06
1573069349697,2019-11-06T14:42:29.697,138.0,5.031097998391937e-06,1.8709723094880851e-06,2.0513453785514233e-06
1573069349747,2019-11-06T14:42:29.747,138.05,4.6751018477289e-06,1.7683022336760005e-06,1.973090309708613e-06
1573069349797,2019-11-06T14:42:29.797,138.1,4.355396784655802e-06,8.804997767130168e-07,1.9234972352586175e-06
1573069349847,2019-11-06T14:42:29.847,138.15,4.478086158822504e-06,3.233057981620288e-07,1.4211676171245511e-06
1573069349897,2019-11-06T14:42:29.897,138.2,5.017061561468733e-06,5.643694690164294e-07,4.6671741034535583e-07
1573069349947,2019-11-06T14:42:29.947,138.25,5.487777581113489e-06,7.41884326718027e-07,-3.768022103262224e-08
1573069349997,2019-11-06T14:42:29.997,138.3,5.514784036606204e-06,2.576418582345104e-07,4.5275652329553226e-07
1573069350047,2019-11-06T14:42:30.047,138.35,5.328180458920154e-06,-2.263190016454398e-07,1.056181460134578e-06
1573069350097,2019-11-06T14:42:30.097,138.4,5.383794645736827e-06,-4.970918784798646e-08,7.482674476479904e-07
1573069350147,2019-11-06T14:42:30.147,138.45,5.56532992556805e-06,2.532413841703195e-07,4.7134237094506e-09
1573069350197,2019-11-06T14:42:30.197,138.5,5.327432529983956e-06,-1.2278907607251784e-07,-2.827534587538977e-08
1573069350247,2019-11-06T14:42:30.247,138.55,4.632274852750756e-06,-8.584590551373609e-07,6.619615432813538e-07
1573069350297,2019-11-06T14:42:30.297,138.6,4.045191270527435e-06,-1.0415221563148324e-06,1.1000202882693941e-06
1573069350347,2019-11-06T14:42:30.347,138.65,3.8830381672234346e-06,-6.834562971089025e-07,8.039560547541256e-07
1573069350397,2019-11-06T14:42:30.397,138.7,3.916143163820277e-06,-6.277539413956601e-07,2.9003908930221744e-07
1573069350447,2019-11-06T14:42:30.447,138.75,3.8723184582195365e-06,-1.170281420796692e-06,2.7672852699925373e-07
1573069350497,2019-11-06T14:42:30.497,138.8,3.756210015213367e-06,-1.7195245507495965e-06,8.292614197927455e-07
1573069350547,2019-11-06T14:42:30.547,138.85,3.7152438883951963e-06,-1.685359629701583e-06,1.4356900176049155e-06
1573069350597,2019-11-06T14:42:30.597,138.9,3.855032536319028e-06,-1.1360511834982947e-06,1.7365224957590495e-06
1573069350647,2019-11-06T14:42:30.647,138.95,4.142780164931095e-06,-6.971490558672366e-07,1.7479147681391982e-06
1573069350697,2019-11-06T14:42:30.697,139.0,4.37824841970571e-06,-8.7797343061934e-07,1.5508462939732707e-06
1573069350747,2019-11-06T14:42:30.747,139.05,4.372930833667048e-06,-1.3953360662777889e-06,1.3413498055817474e-06
1573069350797,2019-11-06T14:42:30.797,139.1,4.163344889036373e-06,-1.5224499893176314e-06,1.4254888612919827e-06
1573069350847,2019-11-06T14:42:30.847,139.15,3.871763282210371e-06,-1.1579911927813225e-06,1.6694808424817572e-06
1573069350897,2019-11-06T14:42:30.897,139.2,3.5567118503068565e-06,-8.969931100223403e-07,1.5844895802042787e-06
1573069350947,2019-11-06T14:42:30.947,139.25,3.387987036209176e-06,-1.0072429909436152e-06,1.1906924306677209e-06
1573069350997,2019-11-06T14:42:30.997,139.3,3.5518241012176215e-06,-1.0669796353288174e-06,9.670946984533753e-07
1573069351047,2019-11-06T14:42:31.047,139.35,3.854429846599407e-06,-7.283841827159568e-07,1.0244175353720227e-06
1573069351097,2019-11-06T14:42:31.097,139.4,3.872774572199918e-06,-2.359738686867339e-07,1.1442629390630704e-06
1573069351147,2019-11-06T14:42:31.147,139.45,3.4748036526805404e-06,2.0335342789212274e-08,1.293883662705281e-06
1573069351197,2019-11-06T14:42:31.197,139.5,2.8617540167451827e-06,5.0050348492164696e-08,1.4943825421605407e-06
1573069351247,2019-11-06T14:42:31.247,139.55,2.2967194391812094e-06,1.013702609400089e-07,1.6080010106336302e-06
1573069351297,2019-11-06T14:42:31.297,139.6,1.9806443707562047e-06,2.1467598780592378e-07,1.5453915823127684e-06
1573069351347,2019-11-06T14:42:31.347,139.65,1.917251998014311e-06,2.2801118014187903e-07,1.3497175463754294e-06
1573069351397,2019-11-06T14:42:31.397,139.7,1.830720658626224e-06,1.41085812608387e-07,1.122636174017928e-06
1573069351447,2019-11-06T14:42:31.447,139.75,1.4701711299608787e-06,1.526994167768976e-07,1.0908659276911244e-06
1573069351497,2019-11-06T14:42:31.497,139.8,9.775058011766959e-07,2.982596761000426e-07,1.4548366944446279e-06
1573069351547,2019-11-06T14:42:31.547,139.85,7.642609351794942e-07,4.452863537123162e-07,1.9759810756446406e-06
1573069351597,2019-11-06T14:42:31.597,139.9,1.022117349598909e-06,6.731103505658808e-07,2.171874546342918e-06
1573069351647,2019-11-06T14:42:31.647,139.95,1.4428762150416755e-06,1.1294016397959813e-06,2.145794809231328e-06
1573069351697,2019-11-06T14:42:31.697,140.0,1.5519847899522873e-06,1.5812043173113137e-06,2.5289787823118735e-06
1573069351747,2019-11-06T14:42:31.747,140.05,1.347983909584019e-06,1.690048167931337e-06,3.292088925032386e-06
1573069351797,2019-11-06T14:42:31.797,140.1,1.3198668329833405e-06,1.547009097989515e-06,3.5910167618661045e-06
1573069351847,2019-11-06T14:42:31.847,140.15,1.6893933842088131e-06,1.4555968271363131e-06,3.185947732269155e-06
1573069351897,2019-11-06T14:42:31.897,140.2,2.0381028985894517e-06,1.4880171751913855e-06,2.8917987828204315e-06
1573069351947,2019-11-06T14:42:31.947,140.25,2.0015197768132685e-06,1.6017211387304826e-06,3.1993066283988406e-06
1573069351997,2019-11-06T14:42:31.997,140.3,1.9339408004586353e-06,1.8501502718980648e-06,3.5041928024326617e-06
1573069352047,2019-11-06T14:42:32.047,140.35,2.2741846067765145e-06,2.193072501949709e-06,3.169536460903352e-06
1573069352097,2019-11-06T14:42:32.097,140.4,2.5645675363703448e-06,2.3526243985623866e-06,2.5437659822352115e-06
1573069352147,2019-11-06T14:42:32.147,140.45,2.0802864878650942e-06,2.1475062189136073e-06,2.382760157147092e-06
1573069352197,2019-11-06T14:42:32.197,140.5,1.2492621378872586e-06,1.874717426358144e-06,2.7564738847767833e-06
1573069352247,2019-11-06T14:42:32.247,140.55,1.1953865106228462e-06,1.9948266874249906e-06,3.0854725322277763e-06
1573069352297,2019-11-06T14:42:32.297,140.6,1.943046096461104e-06,2.382285733628694e-06,3.0309415747780085e-06
1573069352347,2019-11-06T14:42:32.347,140.65,2.392199632171039e-06,2.4402645669501293e-06,2.8681145931718223e-06
1573069352397,2019-11-06T14:42:32.397,140.7,2.0395947378894454e-06,2.1549482915360243e-06,2.9692749037294942e-06
1573069352447,2019-11-06T14:42:32.447,140.75,1.4862912110784484e-06,2.2089546865086955e-06,3.2266604820782544e-06
1573069352497,2019-11-06T14:42:32.497,140.8,1.318391297183035e-06,2.7379159956181733e-06,3.2567325542314118e-06
1573069352547,2019-11-06T14:42:32.547,140.85,1.5426284674329565e-06,3.0335677426278904e-06,3.0613148086333843e-06
1573069352597,2019-11-06T14:42:32.597,140.9,1.931765137013267e-06,2.7966569537537796e-06,2.9535632642787807e-06
1573069352647,2019-11-06T14:42:32.647,140.95,2.1715513270390087e-06,2.548569683069036e-06,2.8912055402591943e-06
1573069352697,2019-11-06T14:42:32.697,141.0,2.0323810913291764e-06,2.59405056472039e-06,2.6495280449107136e-06
1573069352747,2019-11-06T14:42:32.747,141.05,1.806505963523391e-06,2.612387988137176e-06,2.4326658823410867e-06
1573069352797,2019-11-06T14:42:32.797,141.1,2.0856509629590585e-06,2.4216043330290915e-06,2.4460487696964607e-06
1573069352847,2019-11-06T14:42:32.847,141.15,2.8604231107151363e-06,2.3739400933079968e-06,2.3942320903443215e-06
1573069352897,2019-11-06T14:42:32.897,141.2,3.282247460160272e-06,2.7551468376595914e-06,2.1528832398716177e-06
1573069352947,2019-11-06T14:42:32.947,141.25,2.701556487656946e-06,3.163310163753826e-06,2.0483800917395483e-06
1573069352997,2019-11-06T14:42:32.997,141.3,1.708683611329004e-06,2.8507748849517244e-06,1.9443681101056476e-06
1573069353047,2019-11-06T14:42:33.047,141.35,1.4915294022612122e-06,1.7489014252498649e-06,1.2044731125468135e-06
1573069353097,2019-11-06T14:42:33.097,141.4,2.2301167860766376e-06,7.671074393949473e-07,-8.881480297767281e-08
1573069353147,2019-11-06T14:42:33.147,141.45,2.9475283417268436e-06,6.988415361034467e-07,-1.0475504252805252e-06
1573069353197,2019-11-06T14:42:33.197,141.5,2.8639899413002485e-06,1.1932619369979288e-06,-1.2151447051808052e-06
1573069353247,2019-11-06T14:42:33.247,141.55,2.0752806036877843e-06,1.341497962239989e-06,-8.748893731028003e-07
1573069353297,2019-11-06T14:42:33.297,141.6,1.0700723732765852e-06,9.275362085902571e-07,-4.007014392185369e-07
1573069353347,2019-11-06T14:42:33.347,141.65,3.040006574174496e-07,5.13736539124081e-07,-1.218478347388034e-07
1573069353397,2019-11-06T14:42:33.397,141.7,1.0285413278335599e-07,5.414226482298225e-07,-2.2711702116919507e-07
1573069353447,2019-11-06T14:42:33.447,141.75,4.245054209055595e-07,8.371099368224417e-07,-3.245616956126888e-07
1573069353497,2019-11-06T14:42:33.497,141.8,7.264055428087637e-07,9.678933848800368e-07,7.775324768339904e-08
1573069353547,2019-11-06T14:42:33.547,141.85,4.926886358364741e-07,8.326526716581763e-07,5.858700062752469e-07
1573069353597,2019-11-06T14:42:33.597,141.9,-5.306601028726861e-08,7.378607774628197e-07,3.6605091042866166e-07
1573069353647,2019-11-06T14:42:33.647,141.95,-2.8029216284874706e-07,8.776803822197054e-07,-5.77257531993926e-07
1573069353697,2019-11-06T14:42:33.697,142.0,-2.035422876041139e-07,9.577501671975164e-07,-1.4456827229598118e-06
1573069353747,2019-11-06T14:42:33.747,142.05,-3.916166695276233e-07,5.437309708807678e-07,-1.7582488776983906e-06
1573069353797,2019-11-06T14:42:33.797,142.1,-9.009821691171181e-07,-2.682635534715516e-07,-1.7369487181965791e-06
1573069353847,2019-11-06T14:42:33.847,142.15,-1.2599444910740524e-06,-8.146782181524969e-07,-1.741782515762346e-06
1573069353897,2019-11-06T14:42:33.897,142.2,-1.3103591342946107e-06,-6.801443311751206e-07,-1.8526015494508492e-06
1573069353947,2019-11-06T14:42:33.947,142.25,-1.2585438390567345e-06,-2.487988151958089e-07,-2.0260240332997175e-06
1573069353997,2019-11-06T14:42:33.997,142.3,-1.2473626945437237e-06,-1.5367021999372463e-07,-2.2021861435664136e-06
1573069354047,2019-11-06T14:42:34.047,142.35,-1.3695447982398588e-06,-5.223423122472879e-07,-2.1512856419406114e-06
1573069354097,2019-11-06T14:42:34.097,142.4,-1.6832315119317507e-06,-1.0110281087854207e-06,-1.7582453360251229e-06
1573069354147,2019-11-06T14:42:34.147,142.45,-2.0372296416493363e-06,-1.243881127774002e-06,-1.4164604479490743e-06
1573069354197,2019-11-06T14:42:34.197,142.5,-2.2709749830278262e-06,-1.1367471817428585e-06,-1.4454611072812734e-06
1573069354247,2019-11-06T14:42:34.247,142.55,-2.5104159380318825e-06,-9.69051236705712e-07,-1.4882472246378842e-06
1573069354297,2019-11-06T14:42:34.297,142.6,-2.87065997369059e-06,-9.776282893775853e-07,-1.2224240627257192e-06
1573069354347,2019-11-06T14:42:34.347,142.65,-3.1056744645942994e-06,-9.797038877002901e-07,-9.913724253216878e-07
1573069354397,2019-11-06T14:42:34.397,142.7,-3.0543300219721855e-06,-7.995449075696972e-07,-1.1142500764440208e-06
1573069354447,2019-11-06T14:42:34.447,142.75,-3.0845156678980955e-06,-7.040460137310891e-07,-1.3458151881309597e-06
1573069354497,2019-11-06T14:42:34.497,142.8,-3.4606466244358066e-06,-9.142220681436355e-07,-1.3926832079546756e-06
1573069354547,2019-11-06T14:42:34.547,142.85,-3.759385662470602e-06,-1.2340072846483678e-06,-1.2962331058630077e-06
1573069354597,2019-11-06T14:42:34.597,142.9,-3.608327238894764e-06,-1.509896875083437e-06,-1.2163571061203066e-06
1573069354647,2019-11-06T14:42:34.647,142.95,-3.374229996267219e-06,-1.7636768318519e-06,-1.2848441164100564e-06
1573069354697,2019-11-06T14:42:34.697,143.0,-3.4994556862280006e-06,-1.8519364389738391e-06,-1.4972310538214804e-06
1573069354747,2019-11-06T14:42:34.747,143.05,-3.8265387282583455e-06,-1.7292919249578071e-06,-1.5809026825024893e-06
1573069354797,2019-11-06T14:42:34.797,143.1,-4.010245023981287e-06,-1.7116825353682145e-06,-1.3600794030893377e-06
1573069354847,2019-11-06T14:42:34.847,143.15,-4.014036102892622e-06,-1.8905605061642099e-06,-1.1349832687650804e-06
1573069354897,2019-11-06T14:42:34.897,143.2,-3.948533772219716e-06,-1.9012665878620224e-06,-1.2028375717279956e-06
1573069354947,2019-11-06T14:42:34.947,143.25,-3.860423314815088e-06,-1.6603218581211519e-06,-1.3830873722470027e-06
1573069354997,2019-11-06T14:42:34.997,143.3,-3.841852041680646e-06,-1.6571958480466823e-06,-1.4976788388573233e-06
1573069355047,2019-11-06T14:42:35.047,143.35,-4.00246915905298e-06,-2.210845435864389e-06,-1.7125843132669273e-06
1573069355097,2019-11-06T14:42:35.097,143.4,-4.209654850081709e-06,-2.910117923707566e-06,-2.00850019312768e-06
1573069355147,2019-11-06T14:42:35.147,143.45,-4.234114283321161e-06,-3.1516920797855697e-06,-2.0559596898000155e-06
1573069355197,2019-11-06T14:42:35.197,143.5,-4.234995429964956e-06,-3.0197122555838168e-06,-1.8397619882246057e-06
1573069355247,2019-11-06T14:42:35.247,143.55,-4.5627122474911965e-06,-3.076855784809135e-06,-1.662719563678345e-06
1573069355297,2019-11-06T14:42:35.297,143.6,-5.017485776314229e-06,-3.3684791340501176e-06,-1.6124687123193098e-06
1573069355347,2019-11-06T14:42:35.347,143.65,-5.0366947576008385e-06,-3.4224768183955257e-06,-1.6722292107112255e-06
1573069355397,2019-11-06T14:42:35.397,143.7,-4.719164725231729e-06,-3.1317465815115832e-06,-1.916748136312924e-06
1573069355447,2019-11-06T14:42:35.447,143.75,-4.780555604865941e-06,-2.8105336422934176e-06,-2.1510348761269102e-06
1573069355497,2019-11-06T14:42:35.497,143.8,-5.275362281078177e-06,-2.6215166383649567e-06,-2.0619825923708156e-06
1573069355547,2019-11-06T14:42:35.547,143.85,-5.318375311988681e-06,-2.57271631002648e-06,-1.850074129617171e-06
1573069355597,2019-11-06T14:42:35.597,143.9,-4.49165998914303e-06,-2.6918000432025066e-06,-1.8942894758952988e-06
1573069355647,2019-11-06T14:42:35.647,143.95,-3.565383825949417e-06,-2.8449243251129795e-06,-2.0248719296869204e-06
1573069355697,2019-11-06T14:42:35.697,144.0,-3.1722274396841256e-06,-2.7585202180774775e-06,-1.927679050126547e-06
1573069355747,2019-11-06T14:42:35.747,144.05,-2.7452614042663673e-06,-2.3655988228689872e-06,-1.7984765486122706e-06
1573069355797,2019-11-06T14:42:35.797,144.1,-1.636602350503759e-06,-1.9205683343435684e-06,-1.914244522472969e-06
1573069355847,2019-11-06T14:42:35.847,144.15,-3.971492640780753e-07,-1.7769217062434862e-06,-2.1053163741454685e-06
1573069355897,2019-11-06T14:42:35.897,144.2,-8.453668484494573e-08,-2.0972627204629235e-06,-2.146707367393108e-06
1573069355947,2019-11-06T14:42:35.947,144.25,-9.105082839080702e-07,-2.6556714406947254e-06,-2.1564938910240646e-06
1573069355997,2019-11-06T14:42:35.997,144.3,-2.1323165313732237e-06,-2.9584825215385695e-06,-2.298443464881523e-06
1573069356047,2019-11-06T14:42:36.047,144.35,-3.045342350180096e-06,-2.8050204991791883e-06,-2.462675891906957e-06
1573069356097,2019-11-06T14:42:36.097,144.4,-3.7583988319621413e-06,-2.6283192214306875e-06,-2.4440986801276728e-06
1573069356147,2019-11-06T14:42:36.147,144.45,-4.691737406895222e-06,-2.9188918472970048e-06,-2.360662721207121e-06
1573069356197,2019-11-06T14:42:36.197,144.5,-5.574221460889745e-06,-3.544058151333146e-06,-2.697564280215848e-06
1573069356247,2019-11-06T14:42:36.247,144.55,-5.8005814562851575e-06,-4.047493806410115e-06,-3.58204708842316e-06
1573069356297,2019-11-06T14:42:36.297,144.6,-5.530149760769539e-06,-4.213387025664155e-06,-4.273298414013743e-06
1573069356347,2019-11-06T14:42:36.347,144.65,-5.3715616272984785e-06,-4.007205081298383e-06,-4.162201498783643e-06
1573069356397,2019-11-06T14:42:36.397,144.7,-5.403623218517831e-06,-3.5314746790878222e-06,-3.876784534886108e-06
1573069356447,2019-11-06T14:42:36.447,144.75,-5.476533476664182e-06,-3.2320743713689373e-06,-4.293185860457044e-06
1573069356497,2019-11-06T14:42:36.497,144.8,-5.837476600408597e-06,-3.5085352002675753e-06,-5.04876660261065e-06
1573069356547,2019-11-06T14:42:36.547,144.85,-6.667691742829054e-06,-4.07954692548627e-06,-5.266700439750284e-06
1573069356597,2019-11-06T14:42:36.597,144.9,-7.620873338611344e-06,-4.378700550806767e-06,-5.030599348568891e-06
1573069356647,2019-11-06T14:42:36.647,144.95,-8.328306341317722e-06,-4.430333265308008e-06,-4.990066345884727e-06
1573069356697,2019-11-06T14:42:36.697,145.0,-8.881644418513797e-06,-4.627685591517542e-06,-5.184822251620794e-06
1573069356747,2019-11-06T14:42:36.747,145.05,-9.50283137824808e-06,-4.9373530544407465e-06,-5.191167757403997e-06
1573069356797,2019-11-06T14:42:36.797,145.1,-1.0077331707225744e-05,-5.083710850443538e-06,-4.975028916128346e-06
1573069356847,2019-11-06T14:42:36.847,145.15,-1.0327690905909669e-05,-5.136154501703351e-06,-4.9143488836432445e-06
1573069356897,2019-11-06T14:42:36.897,145.2,-1.024280543736797e-05,-5.18061744146698e-06,-5.140807382333676e-06
1573069356947,2019-11-06T14:42:36.947,145.25,-1.0017877481010493e-05,-4.896051351592802e-06,-5.355440744699766e-06
1573069356997,2019-11-06T14:42:36.997,145.3,-9.797529250083577e-06,-4.132064361057243e-06,-5.309637707301366e-06
1573069357047,2019-11-06T14:42:37.047,145.35,-9.752411615863694e-06,-3.3421341974853304e-06,-5.068865771253481e-06
1573069357097,2019-11-06T14:42:37.097,145.4,-1.0033373915428729e-05,-2.924959878328776e-06,-4.7900262193362825e-06
1573069357147,2019-11-06T14:42:37.147,145.45,-1.0428979300565964e-05,-2.7771799465217725e-06,-4.564282311929778e-06
1573069357197,2019-11-06T14:42:37.197,145.5,-1.0483959202959936e-05,-2.7214342717873597e-06,-4.404722945485344e-06
1573069357247,2019-11-06T14:42:37.247,145.55,-1.0045386860791395e-05,-2.6381428509470023e-06,-4.169575160375166e-06
1573069357297,2019-11-06T14:42:37.297,145.6,-9.355095355903579e-06,-2.2112699623331397e-06,-3.6476690095965072e-06
1573069357347,2019-11-06T14:42:37.347,145.65,-8.646248675058579e-06,-1.2432928030179421e-06,-2.8845556906477137e-06
1573069357397,2019-11-06T14:42:37.397,145.7,-7.896455647206537e-06,-7.499364966838461e-08,-2.196099067080775e-06
1573069357447,2019-11-06T14:42:37.447,145.75,-6.9640954641237e-06,7.400016230973074e-07,-1.6488767977780699e-06
1573069357497,2019-11-06T14:42:37.497,145.8,-5.887970508511762e-06,9.949768461550812e-07,-9.136396942715836e-07
1573069357547,2019-11-06T14:42:37.547,145.85,-5.022843915492132e-06,9.425331784315004e-07,5.59673153289644e-08
1573069357597,2019-11-06T14:42:37.597,145.9,-4.787025806513466e-06,1.036905848938984e-06,7.168534452886119e-07
1573069357647,2019-11-06T14:42:37.647,145.95,-5.224872430526823e-06,1.5206475023976604e-06,6.582680491635139e-07
1573069357697,2019-11-06T14:42:37.697,146.0,-5.8870659301311756e-06,2.1474726848940448e-06,1.8293160505381895e-07
1573069357747,2019-11-06T14:42:37.747,146.05,-6.207824021571121e-06,2.4336375803252965e-06,-9.215522564790326e-08
1573069357797,2019-11-06T14:42:37.797,146.1,-6.005137634761704e-06,2.262821971792673e-06,6.619595489910415e-08
1573069357847,2019-11-06T14:42:37.847,146.15,-5.62458335096699e-06,2.086787348844445e-06,3.6577570637212473e-07
1573069357897,2019-11-06T14:42:37.897,146.2,-5.588519089054723e-06,2.33144574306443e-06,3.9830413110227247e-07
1573069357947,2019-11-06T14:42:37.947,146.25,-6.013145362794936e-06,2.739309702248311e-06,8.040562651829516e-08
1573069357997,2019-11-06T14:42:37.997,146.3,-6.414972216030507e-06,2.7313650810370633e-06,-2.8520262383000216e-07
1573069358047,2019-11-06T14:42:38.047,146.35,-6.323363848785431e-06,2.326088113319737e-06,-3.6695342130163813e-07
1573069358097,2019-11-06T14:42:38.097,146.4,-5.941333367532319e-06,2.07714919848383e-06,-2.0466671938496637e-07
1573069358147,2019-11-06T14:42:38.147,146.45,-5.7385479781522054e-06,2.189629760039032e-06,-1.7989796728008897e-07
1573069358197,2019-11-06T14:42:38.197,146.5,-5.627674340970463e-06,2.340911343687921e-06,-5.430663109278059e-07
1573069358247,2019-11-06T14:42:38.247,146.55,-5.2435823871412e-06,2.284650936750994e-06,-1.067414793541878e-06
1573069358297,2019-11-06T14:42:38.297,146.6,-4.6372736855422245e-06,2.1556140227352424e-06,-1.3329244533470468e-06
1573069358347,2019-11-06T14:42:38.347,146.65,-3.768000994435802e-06,2.2117573420073114e-06,-1.2417221272207694e-06
1573069358397,2019-11-06T14:42:38.397,146.7,-1.9343799069556097e-06,2.464087501416616e-06,-9.615597595548793e-07
1573069358447,2019-11-06T14:42:38.447,146.75,1.1819150503032656e-06,2.6394820085557293e-06,-5.026857831918241e-07
1573069358497,2019-11-06T14:42:38.497,146.8,4.525226137122714e-06,2.601235655749111e-06,2.958888522966539e-07
1573069358547,2019-11-06T14:42:38.547,146.85,6.68098309425047e-06,2.5732523154574146e-06,1.4975692437378078e-06
1573069358597,2019-11-06T14:42:38.597,146.9,7.393737060556989e-06,2.6644286923350216e-06,2.9548995654838734e-06
1573069358647,2019-11-06T14:42:38.647,146.95,7.387958544105054e-06,2.6195188378985102e-06,4.240938349181407e-06
1573069358697,2019-11-06T14:42:38.697,147.0,7.154841044460539e-06,2.4467678914429437e-06,4.807970015156502e-06
1573069358747,2019-11-06T14:42:38.747,147.05,6.724618800627076e-06,2.5997080721974285e-06,4.608803765714336e-06
1573069358797,2019-11-06T14:42:38.797,147.1,6.363681898937715e-06,3.07389372897113e-06,4.3926663027963866e-06
1573069358847,2019-11-06T14:42:38.847,147.15,6.493537246884463e-06,3.2309060276698737e-06,5.0344345185223674e-06
1573069358897,2019-11-06T14:42:38.897,147.2,6.89230582871676e-06,2.9276180554282273e-06,6.581853033060853e-06
1573069358947,2019-11-06T14:42:38.947,147.25,6.8981584351295405e-06,2.752945712908027e-06,8.019409603555095e-06
1573069358997,2019-11-06T14:42:38.997,147.3,6.481798847987408e-06,2.8773426253467917e-06,8.214607589014924e-06
1573069359047,2019-11-06T14:42:39.047,147.35,6.284299562912655e-06,2.803794536690572e-06,7.333921541129147e-06
1573069359097,2019-11-06T14:42:39.097,147.4,6.525737316920529e-06,2.4206891797454692e-06,6.656232581210328e-06
1573069359147,2019-11-06T14:42:39.147,147.45,6.634565998136332e-06,2.2779833368558444e-06,6.623978674812642e-06
1573069359197,2019-11-06T14:42:39.197,147.5,6.167959913084897e-06,2.6440445370731876e-06,6.339907427612785e-06
1573069359247,2019-11-06T14:42:39.247,147.55,5.58320956616345e-06,3.0003358964315668e-06,5.385732569891079e-06
1573069359297,2019-11-06T14:42:39.297,147.6,5.605096052845771e-06,2.8033348739207956e-06,4.550232402446492e-06
1573069359347,2019-11-06T14:42:39.347,147.65,5.965368834044678e-06,2.4065693694862123e-06,4.4252167283344375e-06
1573069359397,2019-11-06T14:42:39.397,147.7,5.645455302302029e-06,2.569622281331291e-06,4.5636113090476414e-06
1573069359447,2019-11-06T14:42:39.447,147.75,4.571600589705164e-06,3.0970096516846065e-06,4.192266255655627e-06
1573069359497,2019-11-06T14:42:39.497,147.8,3.829044429928065e-06,3.0198025560287206e-06,3.1766860545230183e-06
1573069359547,2019-11-06T14:42:39.547,147.85,3.932706851587504e-06,2.2546693765253727e-06,2.1901772290386985e-06
1573069359597,2019-11-06T14:42:39.597,147.9,4.330239390469748e-06,1.7750768318798492e-06,1.858986081691782e-06
1573069359647,2019-11-06T14:42:39.647,147.95,4.58526492417894e-06,1.9984403379727e-06,1.927845890127745e-06
1573069359697,2019-11-06T14:42:39.697,148.0,4.617820409845146e-06,2.3279163703190532e-06,1.749554788196345e-06
1573069359747,2019-11-06T14:42:39.747,148.05,4.2332498578927646e-06,2.3101088529182274e-06,1.3317157512169539e-06
1573069359797,2019-11-06T14:42:39.797,148.1,3.5840603976329186e-06,2.077893269603123e-06,1.1848884856474306e-06
1573069359847,2019-11-06T14:42:39.847,148.15,3.303790651182717e-06,1.768550537437351e-06,1.3026228799030982e-06
1573069359897,2019-11-06T14:42:39.897,148.2,3.4884377460349975e-06,1.3719755990730969e-06,1.1321672992742837e-06
1573069359947,2019-11-06T14:42:39.947,148.25,3.5702329178368177e-06,9.557291854045329e-07,5.717635270766471e-07
1573069359997,2019-11-06T14:42:39.997,148.3,3.4128120057434908e-06,5.851220653439238e-07,1.3836350377909403e-07
1573069360047,2019-11-06T14:42:40.047,148.35,3.373468614235503e-06,2.5996511488544566e-07,1.676232012909502e-08
1573069360097,2019-11-06T14:42:40.097,148.4,3.374076110739935e-06,4.424118823651653e-08,-2.323822272092613e-07
1573069360147,2019-11-06T14:42:40.147,148.45,3.0384987863255955e-06,-1.9752349735980144e-09,-8.000962436030465e-07
1573069360197,2019-11-06T14:42:40.197,148.5,2.5840281676729016e-06,-3.7892811848389077e-08,-1.2502934913126152e-06
1573069360247,2019-11-06T14:42:40.247,148.55,2.7010632847923706e-06,-3.8034170852384274e-07,-1.3365719984236398e-06
1573069360297,2019-11-06T14:42:40.297,148.6,3.6381525746085282e-06,-1.1373790129774064e-06,-1.4051551165511317e-06
1573069360347,2019-11-06T14:42:40.347,148.65,4.903300366137487e-06,-2.0107434991304706e-06,-1.5578429707751511e-06
1573069360397,2019-11-06T14:42:40.397,148.7,5.862264686222596e-06,-2.624567545918862e-06,-1.279664607354656e-06
1573069360447,2019-11-06T14:42:40.447,148.75,6.352090655072337e-06,-2.961458059117012e-06,-4.5980304674439e-07
1573069360497,2019-11-06T14:42:40.497,148.8,6.582199333675558e-06,-3.218362558032307e-06,7.32241671882643e-08
1573069360547,2019-11-06T14:42:40.547,148.85,6.680539430961093e-06,-3.3939152863287805e-06,-3.020806989468709e-07
1573069360597,2019-11-06T14:42:40.597,148.9,6.636142973831031e-06,-3.410026314910143e-06,-1.0509367827364242e-06
1573069360647,2019-11-06T14:42:40.647,148.95,6.472777388038965e-06,-3.4179543299063748e-06,-1.361015359036808e-06
1573069360697,2019-11-06T14:42:40.697,149.0,6.175786386112029e-06,-3.5676467223568806e-06,-1.3443464919116401e-06
1573069360747,2019-11-06T14:42:40.747,149.05,5.676970084049109e-06,-3.7602533774603438e-06,-1.6163092473453837e-06
1573069360797,2019-11-06T14:42:40.797,149.1,5.062857157288802e-06,-3.885404800780537e-06,-2.1651531861685285e-06
1573069360847,2019-11-06T14:42:40.847,149.15,4.481634180089864e-06,-3.929959020928858e-06,-2.456117688195843e-06
1573069360897,2019-11-06T14:42:40.897,149.2,3.884014971043089e-06,-3.81754699617626e-06,-2.3704302532272455e-06
1573069360947,2019-11-06T14:42:40.947,149.25,3.2847004365266592e-06,-3.5068101030159043e-06,-2.302544640922446e-06
1573069360997,2019-11-06T14:42:40.997,149.3,3.018884944851136e-06,-3.1160484882239123e-06,-2.485056766221782e-06
1573069361047,2019-11-06T14:42:41.047,149.35,3.160531114003127e-06,-2.7463294999557444e-06,-2.76222770052314e-06
1573069361097,2019-11-06T14:42:41.097,149.4,3.1578754158462695e-06,-2.405527929360677e-06,-2.9014493716665865e-06
1573069361147,2019-11-06T14:42:41.147,149.45,2.6786429908483987e-06,-2.154238861703293e-06,-2.8210997461113007e-06
1573069361197,2019-11-06T14:42:41.197,149.5,2.153330254512733e-06,-2.1017169410732396e-06,-2.6514169231626915e-06
1573069361247,2019-11-06T14:42:41.247,149.55,1.9906495431450005e-06,-2.2318299652190013e-06,-2.6311570044622197e-06
1573069361297,2019-11-06T14:42:41.297,149.6,2.0271755863204986e-06,-2.36174348163471e-06,-2.813877376614961e-06
1573069361347,2019-11-06T14:42:41.347,149.65,2.000704074326524e-06,-2.3045471795572844e-06,-3.037271732172904e-06
1573069361397,2019-11-06T14:42:41.397,149.7,1.8707042791985889e-06,-2.013562737462272e-06,-3.247096356278986e-06
1573069361447,2019-11-06T14:42:41.447,149.75,1.624363966608074e-06,-1.5808851308653907e-06,-3.498270862981896e-06
1573069361497,2019-11-06T14:42:41.497,149.8,1.2687439660030528e-06,-1.1945017071017152e-06,-3.613172336320469e-06
1573069361547,2019-11-06T14:42:41.547,149.85,9.972556487747423e-07,-1.0611748044160153e-06,-3.3055880052604425e-06
1573069361597,2019-11-06T14:42:41.597,149.9,1.0312652965676223e-06,-1.2284505615957643e-06,-2.7118335079589634e-06
1573069361647,2019-11-06T14:42:41.647,149.95,1.2575959987446139e-06,-1.4925616492993419e-06,-2.3099882809689707e-06
1573069361697,2019-11-06T14:42:41.697,150.0,1.3234652329180346e-06,-1.566541221874398e-06,-2.186775260678759e-06
1573069361747,2019-11-06T14:42:41.747,150.05,1.2408918406776788e-06,-1.3438802747099815e-06,-1.9596273864906085e-06
1573069361797,2019-11-06T14:42:41.797,150.1,1.4578570948952971e-06,-9.980785581620687e-07,-1.589615508047145e-06
1573069361847,2019-11-06T14:42:41.847,150.15,2.027861957249481e-06,-8.052929159158171e-07,-1.4988336991427158e-06
1573069361897,2019-11-06T14:42:41.897,150.2,2.2947093868974684e-06,-8.585695017745608e-07,-1.6602334945103998e-06
1573069361947,2019-11-06T14:42:41.947,150.25,1.8593819469756952e-06,-1.0080163719447512e-06,-1.4966365840558202e-06
1573069361997,2019-11-06T14:42:41.997,150.3,1.333505564817172e-06,-1.02003815572923e-06,-9.876730497530373e-07
1573069362047,2019-11-06T14:42:42.047,150.35,1.5828710550201234e-06,-7.22811223777917e-07,-9.183567507766155e-07
1573069362097,2019-11-06T14:42:42.097,150.4,2.512739523107533e-06,-1.6241836503606486e-07,-1.5675572854551885e-06
1573069362147,2019-11-06T14:42:42.147,150.45,3.2142968521114203e-06,2.963480439576173e-07,-2.045645590530904e-06
1573069362197,2019-11-06T14:42:42.197,150.5,3.234073260871348e-06,2.757367560870337e-07,-1.6408161565070155e-06
1573069362247,2019-11-06T14:42:42.247,150.55,3.02808062353606e-06,-8.323107439406452e-08,-1.0499928045862326e-06
1573069362297,2019-11-06T14:42:42.297,150.6,3.1399187965741158e-06,-2.3605175211279462e-07,-1.2796647159852188e-06
1573069362347,2019-11-06T14:42:42.347,150.65,3.514136181764492e-06,-8.901566527708865e-08,-1.9362095148757997e-06
1573069362397,2019-11-06T14:42:42.397,150.7,3.716368260712315e-06,-2.06635926737184e-07,-1.8757764624730072e-06
1573069362447,2019-11-06T14:42:42.447,150.75,3.5518821649637726e-06,-7.326281700258638e-07,-1.1466838428052118e-06
1573069362497,2019-11-06T14:42:42.497,150.8,3.2352016411616044e-06,-8.490039391262632e-07,-8.486737400054733e-07
1573069362547,2019-11-06T14:42:42.547,150.85,2.966820116132575e-06,-7.544527059605801e-08,-1.2451623299045801e-06
1573069362597,2019-11-06T14:42:42.597,150.9,2.7901074239830174e-06,7.411803118545733e-07,-1.455051743110521e-06
1573069362647,2019-11-06T14:42:42.647,150.95,2.8134908863271584e-06,6.989078896839727e-07,-1.0444530435935902e-06
1573069362697,2019-11-06T14:42:42.697,151.0,2.9788340049867488e-06,2.0092394467954006e-07,-6.290544313725668e-07
1573069362747,2019-11-06T14:42:42.747,151.05,2.913343050657128e-06,1.1803129275451157e-07,-6.764077857461419e-07
1573069362797,2019-11-06T14:42:42.797,151.1,2.521855140754973e-06,5.627758538662546e-07,-7.542718522996274e-07
1573069362847,2019-11-06T14:42:42.847,151.15,2.2072676887366405e-06,1.2017300014037723e-06,-3.765752133644012e-07
1573069362897,2019-11-06T14:42:42.897,151.2,2.175450363502388e-06,1.7810404472201255e-06,9.495385135919272e-08
1573069362947,2019-11-06T14:42:42.947,151.25,2.030475953657985e-06,1.9918569596801804e-06,-4.6197968447574635e-08
1573069362997,2019-11-06T14:42:42.997,151.3,1.3519099066804642e-06,1.7411662917219166e-06,-7.220485075781947e-07
1573069363047,2019-11-06T14:42:43.047,151.35,4.2221910006691634e-07,1.4963472566841566e-06,-1.1073768887585339e-06
1573069363097,2019-11-06T14:42:43.097,151.4,1.6382710606266177e-08,1.6386703182457679e-06,-8.965102233027157e-07
1573069363147,2019-11-06T14:42:43.147,151.45,3.783549618561242e-07,1.891846372057084e-06,-7.264113971349821e-07
1573069363197,2019-11-06T14:42:43.197,151.5,7.883701200660052e-07,1.9076956012410325e-06,-9.168077995331239e-07
1573069363247,2019-11-06T14:42:43.247,151.55,5.359779647046328e-07,1.8186387212016673e-06,-7.892077674878225e-07
1573069363297,2019-11-06T14:42:43.297,151.6,-4.327596301814339e-08,1.8265997566055794e-06,4.4548362402163434e-08
1573069363347,2019-11-06T14:42:43.347,151.65,-1.8041226491459763e-07,1.8453655332891804e-06,7.730682417520305e-07
1573069363397,2019-11-06T14:42:43.397,151.7,8.669182220309199e-08,1.816665497883714e-06,6.485949074475585e-07
1573069363447,2019-11-06T14:42:43.447,151.75,1.9318719260595575e-07,1.8362977575267951e-06,2.5403282531594073e-07
1573069363497,2019-11-06T14:42:43.497,151.8,3.911857543881137e-08,1.830972113692207e-06,5.656653420465916e-07
1573069363547,2019-11-06T14:42:43.547,151.85,-1.9347141455034117e-07,1.6288128013632267e-06,1.3798743804024386e-06
1573069363597,2019-11-06T14:42:43.597,151.9,-5.097993997106634e-07,1.3987194829140066e-06,1.6779920169929989e-06
1573069363647,2019-11-06T14:42:43.647,151.95,-7.434903138445011e-07,1.5004106841449666e-06,1.2370025948876779e-06
1573069363697,2019-11-06T14:42:43.697,152.0,-5.480235866735205e-07,1.834165807093279e-06,8.532807025786321e-07
1573069363747,2019-11-06T14:42:43.747,152.05,-3.5054030860490336e-08,1.8580285163666047e-06,1.0295440089555832e-06
1573069363797,2019-11-06T14:42:43.797,152.1,3.706308346164122e-07,1.4230759884914495e-06,1.3603032278964055e-06
1573069363847,2019-11-06T14:42:43.847,152.15,6.077327851289904e-07,1.0774807875104345e-06,1.3738572240956744e-06
1573069363897,2019-11-06T14:42:43.897,152.2,8.218147437547046e-07,1.2600800814278574e-06,1.2684737325106988e-06
1573069363947,2019-11-06T14:42:43.947,152.25,9.489170484780748e-07,1.6986870969291019e-06,1.4334489909698872e-06
1573069363997,2019-11-06T14:42:43.997,152.3,9.674086537513201e-07,1.9001682205062364e-06,1.7350349856843955e-06
1573069364047,2019-11-06T14:42:44.047,152.35,1.0318256931642328e-06,1.7616526953411409e-06,1.8192307461941728e-06
1573069364097,2019-11-06T14:42:44.097,152.4,1.103759527927047e-06,1.4832476239636117e-06,1.7348320381821077e-06
1573069364147,2019-11-06T14:42:44.147,152.45,9.491433526064539e-07,1.2659287078049459e-06,1.7192849482224472e-06
1573069364197,2019-11-06T14:42:44.197,152.5,5.758483619001038e-07,1.2119157756735605e-06,1.8098771223811534e-06
1573069364247,2019-11-06T14:42:44.247,152.55,3.2358213273690585e-07,1.2452706840846166e-06,2.0292818689143946e-06
1573069364297,2019-11-06T14:42:44.297,152.6,4.6232728327528807e-07,1.1346042892198594e-06,2.4105813360378568e-06
1573069364347,2019-11-06T14:42:44.347,152.65,8.190285776409379e-07,8.383005107682144e-07,2.7215647709745946e-06
1573069364397,2019-11-06T14:42:44.397,152.7,9.108624750415639e-07,6.6833696347282e-07,2.6853741630711873e-06
1573069364447,2019-11-06T14:42:44.447,152.75,5.777481683586339e-07,8.280077634435336e-07,2.414374109691106e-06
1573069364497,2019-11-06T14:42:44.497,152.8,2.8901360946717767e-07,1.0837280350538711e-06,2.3150469766945624e-06
1573069364547,2019-11-06T14:42:44.547,152.85,4.265480479391537e-07,1.1444789500468228e-06,2.6261700542907093e-06
1573069364597,2019-11-06T14:42:44.597,152.9,5.819065275095407e-07,1.0041666223894165e-06,3.066215833297105e-06
1573069364647,2019-11-06T14:42:44.647,152.95,2.11129054947009e-07,8.276929293378577e-07,3.0901056862438006e-06
1573069364697,2019-11-06T14:42:44.697,153.0,-4.852928324455759e-07,8.16906369398666e-07,2.7537397367309104e-06
1573069364747,2019-11-06T14:42:44.747,153.05,-1.0495264083584245e-06,1.0695037526615945e-06,2.789838407843805e-06
1573069364797,2019-11-06T14:42:44.797,153.1,-1.443694370707225e-06,1.4304367777853918e-06,3.3353766483960407e-06
1573069364847,2019-11-06T14:42:44.847,153.15,-1.6549089287043325e-06,1.7210233974609523e-06,3.515432723263076e-06
1573069364897,2019-11-06T14:42:44.897,153.2,-1.4952179846014253e-06,1.9586501195840186e-06,2.958836190938143e-06
1573069364947,2019-11-06T14:42:44.947,153.25,-1.2140157511205453e-06,2.1051075052031862e-06,2.545213231719139e-06
1573069364997,2019-11-06T14:42:44.997,153.3,-1.4349548126937323e-06,2.048982518349531e-06,2.9207109045479105e-06
1573069365047,2019-11-06T14:42:45.047,153.35,-2.1687920330751696e-06,1.9491509464148438e-06,3.4834956917712907e-06
1573069365097,2019-11-06T14:42:45.097,153.4,-2.650279195094534e-06,1.998295611302766e-06,3.478427779135935e-06
1573069365147,2019-11-06T14:42:45.147,153.45,-2.464169262340041e-06,2.0301139275171785e-06,3.0643212667575417e-06
1573069365197,2019-11-06T14:42:45.197,153.5,-2.148144146999624e-06,1.958272606685848e-06,2.8162888784486443e-06
1573069365247,2019-11-06T14:42:45.247,153.55,-2.2658941398573873e-06,2.110621417562702e-06,2.8849400781609795e-06
1573069365297,2019-11-06T14:42:45.297,153.6,-2.5308113921956166e-06,2.58749870964996e-06,3.021602587267129e-06
1573069365347,2019-11-06T14:42:45.347,153.65,-2.4312311838318014e-06,2.9020939319715254e-06,3.071555932767561e-06
1573069365397,2019-11-06T14:42:45.397,153.7,-2.1587203587958668e-06,2.7496615327844117e-06,3.1065953825217033e-06
1573069365447,2019-11-06T14:42:45.447,153.75,-2.1967401339234703e-06,2.5936033330272035e-06,3.1728401721999192e-06
1573069365497,2019-11-06T14:42:45.497,153.8,-2.4226576716735928e-06,2.9503428954020287e-06,3.177611158424016e-06
1573069365547,2019-11-06T14:42:45.547,153.85,-2.405068015809048e-06,3.49545007411409e-06,3.01164481966936e-06
1573069365597,2019-11-06T14:42:45.597,153.9,-2.2814339308392004e-06,3.5911764996137986e-06,2.6929965212702707e-06
1573069365647,2019-11-06T14:42:45.647,153.95,-2.4903397997352773e-06,3.405337929779644e-06,2.474235360543758e-06
1573069365697,2019-11-06T14:42:45.697,154.0,-2.847495971385872e-06,3.580320302918982e-06,2.6237055572481448e-06
1573069365747,2019-11-06T14:42:45.747,154.05,-2.8107938449589615e-06,4.014986630686648e-06,2.9502270692379324e-06
1573069365797,2019-11-06T14:42:45.797,154.1,-2.476782529102264e-06,4.0223275372695935e-06,3.0214101421327133e-06
1573069365847,2019-11-06T14:42:45.847,154.15,-2.3586762525453323e-06,3.527234103842773e-06,2.9065989270706394e-06
1573069365897,2019-11-06T14:42:45.897,154.2,-2.4217761248921845e-06,3.109491320523543e-06,3.0085979624334584e-06
1573069365947,2019-11-06T14:42:45.947,154.25,-2.2319752773526037e-06,3.0443257613250226e-06,3.297538405251136e-06
1573069365997,2019-11-06T14:42:45.997,154.3,-1.7468214601967391e-06,3.145846430388167e-06,3.419296167766733e-06
1573069366047,2019-11-06T14:42:46.047,154.35,-1.2895577094657359e-06,3.3128356167969423e-06,3.3323724222281002e-06
1573069366097,2019-11-06T14:42:46.097,154.4,-1.0549951642728669e-06,3.5746426370169847e-06,3.3422635961980217e-06
1573069366147,2019-11-06T14:42:46.147,154.45,-9.867515705437775e-07,3.833656345059953e-06,3.639049459072159e-06
1573069366197,2019-11-06T14:42:46.197,154.5,-9.161442149569502e-07,3.952954148843247e-06,4.016607998280338e-06
1573069366247,2019-11-06T14:42:46.247,154.55,-7.23013398587094e-07,3.8986043854456905e-06,4.104815917254287e-06
1573069366297,2019-11-06T14:42:46.297,154.6,-4.369481828283439e-07,3.667094991102764e-06,3.838198488016302e-06
1573069366347,2019-11-06T14:42:46.347,154.65,-1.5638965151070755e-07,3.3180999230197154e-06,3.558629560161559e-06
1573069366397,2019-11-06T14:42:46.397,154.7,1.7619724031765233e-07,3.0855798749624266e-06,3.6888167332907802e-06
1573069366447,2019-11-06T14:42:46.447,154.75,8.3157734195189e-07,3.1326353190844913e-06,4.334819714983392e-06
1573069366497,2019-11-06T14:42:46.497,154.8,1.857734667148282e-06,3.208113633724024e-06,5.122589687205666e-06
1573069366547,2019-11-06T14:42:46.547,154.85,2.671794006350195e-06,2.9276356569780015e-06,5.592753039420488e-06
1573069366597,2019-11-06T14:42:46.597,154.9,2.696562494021268e-06,2.3993945140713884e-06,5.739136714870266e-06
1573069366647,2019-11-06T14:42:46.647,154.95,2.3836824080002544e-06,2.1424372807476236e-06,5.754238310419951e-06
1573069366697,2019-11-06T14:42:46.697,155.0,2.732250007791003e-06,2.3130504459544812e-06,5.550526495572705e-06
1573069366747,2019-11-06T14:42:46.747,155.05,3.744025065158595e-06,2.4678632788351843e-06,5.172203320726121e-06
1573069366797,2019-11-06T14:42:46.797,155.1,4.4076638679976935e-06,2.271036952456546e-06,5.120931276267567e-06
1573069366847,2019-11-06T14:42:46.847,155.15,4.298598016568315e-06,1.9725575808632937e-06,5.568619259806123e-06
1573069366897,2019-11-06T14:42:46.897,155.2,4.0400388168707385e-06,1.887984367768466e-06,5.922287009648048e-06
1573069366947,2019-11-06T14:42:46.947,155.25,4.114004279314862e-06,1.8435960493324015e-06,5.71625040615439e-06
1573069366997,2019-11-06T14:42:46.997,155.3,4.335517224817451e-06,1.556112588224566e-06,5.236586618280917e-06
1573069367047,2019-11-06T14:42:47.047,155.35,4.515314361948931e-06,1.2169065463356071e-06,4.994613736111289e-06
1573069367097,2019-11-06T14:42:47.097,155.4,4.717849267339366e-06,1.1932446214204484e-06,5.1841987669147975e-06
1573069367147,2019-11-06T14:42:47.147,155.45,4.865232928953225e-06,1.355310119975317e-06,5.569587962702244e-06
1573069367197,2019-11-06T14:42:47.197,155.5,4.7304272863628026e-06,1.245784369546988e-06,5.5767920085711555e-06
1573069367247,2019-11-06T14:42:47.247,155.55,4.3851402978997765e-06,8.060282647798539e-07,4.975288708394444e-06
1573069367297,2019-11-06T14:42:47.297,155.6,4.2446472597635905e-06,3.719398880023621e-07,4.383789997743292e-06
1573069367347,2019-11-06T14:42:47.347,155.65,4.489510178119515e-06,8.173355360921811e-08,4.346329357772321e-06
1573069367397,2019-11-06T14:42:47.397,155.7,4.766251898767452e-06,-1.4525683538741132e-07,4.464733794289485e-06
1573069367447,2019-11-06T14:42:47.447,155.75,4.761515141082493e-06,-2.524395513083963e-07,4.225760014482149e-06
1573069367497,2019-11-06T14:42:47.497,155.8,4.6637728644638996e-06,-1.7501323190346408e-07,3.757095412736031e-06
1573069367547,2019-11-06T14:42:47.547,155.85,4.667517290983469e-06,-8.547604287627839e-08,3.263921203586088e-06
1573069367597,2019-11-06T14:42:47.597,155.9,4.6149905364436295e-06,-1.6460578684252742e-07,2.822985319453544e-06
1573069367647,2019-11-06T14:42:47.647,155.95,4.49922255846202e-06,-3.278743495650405e-07,2.732152633804202e-06
1573069367697,2019-11-06T14:42:47.697,156.0,4.496151329604016e-06,-3.7898263181901065e-07,2.9908129863894925e-06
1573069367747,2019-11-06T14:42:47.747,156.05,4.270656827080611e-06,-3.332640181158796e-07,2.933155866774359e-06
1573069367797,2019-11-06T14:42:47.797,156.1,3.2889880642874983e-06,-4.220523787494651e-07,2.1751438890357228e-06
1573069367847,2019-11-06T14:42:47.847,156.15,1.8527037882717225e-06,-7.332550833227735e-07,1.0889027415272352e-06
1573069367897,2019-11-06T14:42:47.897,156.2,6.991358835646782e-07,-1.065112162571093e-06,-2.0139381458641155e-08
1573069367947,2019-11-06T14:42:47.947,156.25,-2.50080563440056e-07,-1.2987951543886443e-06,-1.1913669856991676e-06
1573069367997,2019-11-06T14:42:47.997,156.3,-1.6184698181987053e-06,-1.6459319231404513e-06,-2.244021578408664e-06
1573069368047,2019-11-06T14:42:48.047,156.35,-3.350395344208251e-06,-2.3140161507794894e-06,-2.8770131245012206e-06
1573069368097,2019-11-06T14:42:48.097,156.4,-4.832623186611785e-06,-3.1342317793153345e-06,-3.1606045184527725e-06
1573069368147,2019-11-06T14:42:48.147,156.45,-5.950263869007571e-06,-3.6746198931547512e-06,-3.303819040665478e-06
1573069368197,2019-11-06T14:42:48.197,156.5,-7.078020798665752e-06,-3.6936321512590196e-06,-3.3415509850045527e-06
1573069368247,2019-11-06T14:42:48.247,156.55,-8.255009992160021e-06,-3.483452710832779e-06,-3.393018497061919e-06
1573069368297,2019-11-06T14:42:48.297,156.6,-9.114379349157318e-06,-3.6153367650042117e-06,-3.6631513390694263e-06
1573069368347,2019-11-06T14:42:48.347,156.65,-9.52191750445515e-06,-4.215850035830234e-06,-4.027552864543088e-06
1573069368397,2019-11-06T14:42:48.397,156.7,-9.811588080619813e-06,-4.787539981485385e-06,-4.114688532909861e-06
1573069368447,2019-11-06T14:42:48.447,156.75,-1.0308047661967177e-05,-4.942112863402679e-06,-3.8070310806049706e-06
1573069368497,2019-11-06T14:42:48.497,156.8,-1.0814818411580837e-05,-4.955121495370406e-06,-3.380355899924755e-06
1573069368547,2019-11-06T14:42:48.547,156.85,-1.0880770532565468e-05,-5.337561843408915e-06,-3.2307504722253073e-06
1573069368597,2019-11-06T14:42:48.597,156.9,-1.055280282956287e-05,-6.099598801607958e-06,-3.5166790697487355e-06
1573069368647,2019-11-06T14:42:48.647,156.95,-1.026020763076016e-05,-6.744438714228668e-06,-4.021667901920756e-06
1573069368697,2019-11-06T14:42:48.697,157.0,-9.773453129535724e-06,-6.986732628434553e-06,-4.467650153676522e-06
1573069368747,2019-11-06T14:42:48.747,157.05,-8.141080764779954e-06,-7.090686068807925e-06,-4.852594186476143e-06
1573069368797,2019-11-06T14:42:48.797,157.1,-5.152792432226853e-06,-7.2570352340231425e-06,-5.255353604805342e-06
1573069368847,2019-11-06T14:42:48.847,157.15,-2.0907520235447117e-06,-7.264014669347746e-06,-5.519207479899315e-06
1573069368897,2019-11-06T14:42:48.897,157.2,-4.506508772204402e-07,-7.1772863721722e-06,-5.437298172590314e-06
1573069368947,2019-11-06T14:42:48.947,157.25,-3.8324741216030086e-07,-7.538133309643983e-06,-5.075836870417211e-06
1573069368997,2019-11-06T14:42:48.997,157.3,-7.583432154690868e-07,-8.219093633549267e-06,-4.644113524541582e-06
1573069369047,2019-11-06T14:42:49.047,157.35,-5.125736329766092e-07,-8.195858698790298e-06,-4.249650786874711e-06
1573069369097,2019-11-06T14:42:49.097,157.4,3.377288653781839e-07,-7.138240702751361e-06,-4.021630693600609e-06
1573069369147,2019-11-06T14:42:49.147,157.45,1.0497863977966588e-06,-6.054777138656781e-06,-4.175941785052971e-06
1573069369197,2019-11-06T14:42:49.197,157.5,1.234796227240068e-06,-5.759250516790318e-06,-4.659426704912786e-06
1573069369247,2019-11-06T14:42:49.247,157.55,1.2011357750740655e-06,-5.8530160345894325e-06,-5.018991416255239e-06
1573069369297,2019-11-06T14:42:49.297,157.6,1.332418855819432e-06,-5.6415273356175055e-06,-4.929087961527624e-06
1573069369347,2019-11-06T14:42:49.347,157.65,1.578311935152135e-06,-4.981511815009991e-06,-4.579841692389883e-06
1573069369397,2019-11-06T14:42:49.397,157.7,1.6306712358827005e-06,-4.104140611139724e-06,-4.291744424965484e-06
1573069369447,2019-11-06T14:42:49.447,157.75,1.3485795248979171e-06,-3.466360286631439e-06,-4.113973048417423e-06
1573069369497,2019-11-06T14:42:49.497,157.8,9.161588064366253e-07,-3.4713099600095645e-06,-4.032827986755703e-06
1573069369547,2019-11-06T14:42:49.547,157.85,6.404104413409085e-07,-3.805483507118958e-06,-4.1478003764995055e-06
1573069369597,2019-11-06T14:42:49.597,157.9,6.153674897729531e-07,-3.7189093602146552e-06,-4.452508873421744e-06
1573069369647,2019-11-06T14:42:49.647,157.95,6.074363459735543e-07,-3.107154855966131e-06,-4.726343917466665e-06
1573069369697,2019-11-06T14:42:49.697,158.0,3.6434770279581147e-07,-2.578307008478036e-06,-4.715653209785354e-06
1573069369747,2019-11-06T14:42:49.747,158.05,-1.5635746714728386e-09,-2.5805341873799465e-06,-4.38345109634975e-06
1573069369797,2019-11-06T14:42:49.797,158.1,-1.635416823894091e-07,-2.8811887616353474e-06,-3.964678168990353e-06
1573069369847,2019-11-06T14:42:49.847,158.15,-6.12206216313455e-08,-2.7454023412936256e-06,-3.661039921401467e-06
1573069369897,2019-11-06T14:42:49.897,158.2,8.386079728921316e-08,-1.8376060493824578e-06,-3.4045850101733445e-06
1573069369947,2019-11-06T14:42:49.947,158.25,1.6646301392896707e-07,-9.422622638886915e-07,-3.059458980355897e-06
1573069369997,2019-11-06T14:42:49.997,158.3,2.9861306282436236e-07,-9.609704239349354e-07,-2.6279102711728794e-06
1573069370047,2019-11-06T14:42:50.047,158.35,5.704651812386393e-07,-1.450579933117205e-06,-2.2064725338174e-06
1573069370097,2019-11-06T14:42:50.097,158.4,9.234452242833034e-07,-1.3424536967639085e-06,-1.9188634623441556e-06
1573069370147,2019-11-06T14:42:50.147,158.45,1.2082907344401194e-06,-6.138563912821168e-07,-1.7824269326802644e-06
1573069370197,2019-11-06T14:42:50.197,158.5,1.2853967372638105e-06,4.501313501059818e-09,-1.601094015585987e-06
1573069370247,2019-11-06T14:42:50.247,158.55,1.1580485809999523e-06,3.3582158612252425e-07,-1.2397974642041897e-06
1573069370297,2019-11-06T14:42:50.297,158.6,1.0435601674615411e-06,6.388881453618154e-07,-8.783983745347581e-07
1573069370347,2019-11-06T14:42:50.347,158.65,1.1901487233828477e-06,8.06590887568901e-07,-6.952717959185676e-07
1573069370397,2019-11-06T14:42:50.397,158.7,1.5618478858132797e-06,6.272823893850765e-07,-6.144156859448676e-07
1573069370447,2019-11-06T14:42:50.447,158.75,1.8787329888322335e-06,3.974545792428475e-07,-5.704771142115885e-07
1573069370497,2019-11-06T14:42:50.497,158.8,2.026852023187797e-06,5.084486036956309e-07,-5.425277435835265e-07
1573069370547,2019-11-06T14:42:50.547,158.85,2.08712423607983e-06,7.391250978846034e-07,-4.0578925614363994e-07
1573069370597,2019-11-06T14:42:50.597,158.9,1.9771412193992954e-06,6.808530285584632e-07,-2.963851936160519e-07
1573069370647,2019-11-06T14:42:50.647,158.95,1.6010097987026149e-06,5.403267151230464e-07,-6.05382861769328e-07
1573069370697,2019-11-06T14:42:50.697,159.0,1.1545499508634352e-06,7.200367852637409e-07,-1.1074803979755456e-06
1573069370747,2019-11-06T14:42:50.747,159.05,7.181093080458491e-07,1.0300032102554464e-06,-1.0437340109529898e-06
1573069370797,2019-11-06T14:42:50.797,159.1,2.946550530729213e-08,1.1211367584268016e-06,-4.948685348475254e-07
1573069370847,2019-11-06T14:42:50.847,159.15,-9.0186807120631e-07,1.1145782663274644e-06,-4.786429934200402e-07
1573069370897,2019-11-06T14:42:50.897,159.2,-1.6581235204435872e-06,1.1607135509696708e-06,-1.3402330693080802e-06
1573069370947,2019-11-06T14:42:50.947,159.25,-2.1658539881120708e-06,1.0998144552199733e-06,-2.243689511531417e-06
1573069370997,2019-11-06T14:42:50.997,159.3,-2.8224660169704372e-06,9.211439277932995e-07,-2.4790002246266658e-06
1573069371047,2019-11-06T14:42:51.047,159.35,-3.7131550486015915e-06,7.924157227526613e-07,-2.2612605046899995e-06
1573069371097,2019-11-06T14:42:51.097,159.4,-4.430276593253251e-06,6.092166083893111e-07,-2.2102788802959794e-06
1573069371147,2019-11-06T14:42:51.147,159.45,-4.764238183292747e-06,2.7952893052646385e-07,-2.7037587181166837e-06
1573069371197,2019-11-06T14:42:51.197,159.5,-4.930269703773571e-06,1.792741193690387e-07,-3.5004685319486075e-06
1573069371247,2019-11-06T14:42:51.247,159.55,-5.120653471223993e-06,5.587133579107005e-07,-3.8000393260467534e-06
1573069371297,2019-11-06T14:42:51.297,159.6,-5.365285928631026e-06,9.76217561326088e-07,-3.233665921471757e-06
1573069371347,2019-11-06T14:42:51.347,159.65,-5.647028976315665e-06,1.0169565407669217e-06,-2.593343751613015e-06
1573069371397,2019-11-06T14:42:51.397,159.7,-5.760134163082879e-06,9.163671111828092e-07,-2.7872842871320345e-06
1573069371447,2019-11-06T14:42:51.447,159.75,-5.498889610304639e-06,9.302181806611228e-07,-3.5192153744607734e-06
1573069371497,2019-11-06T14:42:51.497,159.8,-5.2264834935695195e-06,8.964647067646472e-07,-3.896781849840512e-06
1573069371547,2019-11-06T14:42:51.547,159.85,-5.517962762130698e-06,7.764423814729319e-07,-3.7805530167150454e-06
1573069371597,2019-11-06T14:42:51.597,159.9,-6.12486440281628e-06,8.040863048780764e-07,-3.6274181313143826e-06
1573069371647,2019-11-06T14:42:51.647,159.95,-6.232019193229369e-06,9.607262244412337e-07,-3.585425604737453e-06
1573069371697,2019-11-06T14:42:51.697,160.0,-5.759993482565117e-06,1.0138096533818197e-06,-3.481333091572673e-06
1573069371747,2019-11-06T14:42:51.747,160.05,-5.429508474493618e-06,1.0084954820572627e-06,-3.178440043495287e-06
1573069371797,2019-11-06T14:42:51.797,160.1,-5.579280158302131e-06,1.1642205388502787e-06,-2.65336853235213e-06
1573069371847,2019-11-06T14:42:51.847,160.15,-5.8470255466090195e-06,1.4453953737505313e-06,-2.197497821892845e-06
1573069371897,2019-11-06T14:42:51.897,160.2,-5.931481032031598e-06,1.6004453625216882e-06,-2.2856208416883653e-06
1573069371947,2019-11-06T14:42:51.947,160.25,-5.8469140831694145e-06,1.4953145000946235e-06,-2.78849223555807e-06
1573069371997,2019-11-06T14:42:51.997,160.3,-5.583312919736769e-06,1.2761891459845348e-06,-2.9419914636357177e-06
1573069372047,2019-11-06T14:42:52.047,160.35,-5.1730786853621305e-06,1.2517705119839445e-06,-2.467206687281492e-06
1573069372097,2019-11-06T14:42:52.097,160.4,-4.8229697040944345e-06,1.524545585473095e-06,-1.9845015769310417e-06
1573069372147,2019-11-06T14:42:52.147,160.45,-4.5768079694963515e-06,1.7843162934444138e-06,-2.0443025676097347e-06
1573069372197,2019-11-06T14:42:52.197,160.5,-4.255908775807159e-06,1.757733900462587e-06,-2.3586489967235606e-06
1573069372247,2019-11-06T14:42:52.247,160.55,-3.865513197714088e-06,1.6946061851771046e-06,-2.303998082975869e-06
1573069372297,2019-11-06T14:42:52.297,160.6,-3.55983120253015e-06,1.8901635951368861e-06,-1.856921201651316e-06
1573069372347,2019-11-06T14:42:52.347,160.65,-3.2765854510590585e-06,2.0447832782558836e-06,-1.4850597872884252e-06
1573069372397,2019-11-06T14:42:52.397,160.7,-2.8981011278814765e-06,1.8493191961527683e-06,-1.2265862924030035e-06
1573069372447,2019-11-06T14:42:52.447,160.75,-2.5623320801340094e-06,1.7147377095355764e-06,-7.999633925141938e-07
1573069372497,2019-11-06T14:42:52.497,160.8,-2.3918538066041186e-06,2.0015094034412035e-06,-4.7332725870877956e-07
1573069372547,2019-11-06T14:42:52.547,160.85,-2.2157496113205896e-06,2.1770002888262407e-06,-6.029900265725973e-07
1573069372597,2019-11-06T14:42:52.597,160.9,-1.8958820431448379e-06,1.7564059300707562e-06,-7.113952790424587e-07
1573069372647,2019-11-06T14:42:52.647,160.95,-1.5640920067125364e-06,1.364726666211238e-06,-2.7083439077073724e-07
1573069372697,2019-11-06T14:42:52.697,161.0,-1.2810308903607921e-06,1.802674845549351e-06,2.632391018995665e-07
1573069372747,2019-11-06T14:42:52.747,161.05,-8.932790581610711e-07,2.6594639969517702e-06,2.3715351415409548e-07
1573069372797,2019-11-06T14:42:52.797,161.1,-4.3065201086855547e-07,2.8612160145753824e-06,-1.3160234400735978e-07
1573069372847,2019-11-06T14:42:52.847,161.15,-1.7110644560536756e-07,2.2475095440318814e-06,-2.1433921190575218e-07
1573069372897,2019-11-06T14:42:52.897,161.2,-1.5782554088220766e-07,1.7264248906759316e-06,1.2087317756565216e-07
1573069372947,2019-11-06T14:42:52.947,161.25,-7.709362942890092e-08,1.919749718247656e-06,5.435663884112962e-07
1573069372997,2019-11-06T14:42:52.997,161.3,3.0859402240009794e-07,2.426381887681179e-06,8.039903936212381e-07
1573069373047,2019-11-06T14:42:53.047,161.35,8.869630700239883e-07,2.670110744026824e-06,9.715123586684537e-07
1573069373097,2019-11-06T14:42:53.097,161.4,1.3869084492115927e-06,2.772885540688335e-06,1.2647108038856342e-06
1573069373147,2019-11-06T14:42:53.147,161.45,1.80061763444703e-06,3.0813964146070035e-06,1.6839263938430714e-06
1573069373197,2019-11-06T14:42:53.197,161.5,2.5263952462527296e-06,3.4006950720622906e-06,1.933413170590339e-06
1573069373247,2019-11-06T14:42:53.247,161.55,3.8028787850885303e-06,3.3364293486046986e-06,1.8968733401079936e-06
1573069373297,2019-11-06T14:42:53.297,161.6,5.157223581290107e-06,3.021349812874891e-06,1.9178114966474536e-06
1573069373347,2019-11-06T14:42:53.347,161.65,5.990216829021708e-06,2.9299919908801924e-06,2.3689789258927263e-06
1573069373397,2019-11-06T14:42:53.397,161.7,6.476932162109414e-06,3.18712463329564e-06,3.245115139645066e-06
1573069373447,2019-11-06T14:42:53.447,161.75,7.121552188900179e-06,3.438679546052598e-06,4.233251244592232e-06
1573069373497,2019-11-06T14:42:53.497,161.8,7.776056458668081e-06,3.3290901095939476e-06,4.935322362568777e-06
1573069373547,2019-11-06T14:42:53.547,161.85,7.997544251578424e-06,2.944351567364077e-06,5.152547055538575e-06
1573069373597,2019-11-06T14:42:53.597,161.9,7.92164795709733e-06,2.707358080416011e-06,5.014302391119221e-06
1573069373647,2019-11-06T14:42:53.647,161.95,7.92050878371128e-06,2.8177895662791312e-06,4.7082887234909955e-06
1573069373697,2019-11-06T14:42:53.697,162.0,7.973031397128447e-06,2.9734196311816817e-06,4.3465410081006516e-06
1573069373747,2019-11-06T14:42:53.747,162.05,8.037823698198392e-06,2.754346303859641e-06,4.131816315829894e-06
1573069373797,2019-11-06T14:42:53.797,162.1,8.3217127893541e-06,2.142349201323563e-06,4.173132883793949e-06
1573069373847,2019-11-06T14:42:53.847,162.15,8.73577082120102e-06,1.5897322498300434e-06,4.1934575320838675e-06
1573069373897,2019-11-06T14:42:53.897,162.2,8.83128066152422e-06,1.5589916359149752e-06,3.9557056968387375e-06
1573069373947,2019-11-06T14:42:53.947,162.25,8.503585042619303e-06,1.9121763717198586e-06,3.8093742132247452e-06
1573069373997,2019-11-06T14:42:53.997,162.3,8.168386901537198e-06,1.9467248010065162e-06,4.147614684694569e-06
1573069374047,2019-11-06T14:42:54.047,162.35,8.191874476805387e-06,1.2855308114138146e-06,4.466380932878243e-06
1573069374097,2019-11-06T14:42:54.097,162.4,8.504013230569498e-06,4.339564143015131e-07,3.852267323625032e-06
1573069374147,2019-11-06T14:42:54.147,162.45,8.715939326383791e-06,1.1491120126614411e-07,2.445949890569351e-06
1573069374197,2019-11-06T14:42:54.197,162.5,8.49670727861064e-06,3.4688478552509837e-07,1.3885370875853818e-06
1573069374247,2019-11-06T14:42:54.247,162.55,7.96421382073778e-06,5.536485032212975e-07,1.1659911976615159e-06
1573069374297,2019-11-06T14:42:54.297,162.6,7.642953968919055e-06,3.9637623696959894e-07,1.1500697647913471e-06
1573069374347,2019-11-06T14:42:54.347,162.65,7.820257404473804e-06,6.57202043976072e-08,9.058858064958825e-07
1573069374397,2019-11-06T14:42:54.397,162.7,8.083309076580004e-06,-2.265318512079023e-07,7.409482358239309e-07
1573069374447,2019-11-06T14:42:54.447,162.75,7.821217239005046e-06,-5.349889389315631e-07,8.504780596379573e-07
1573069374497,2019-11-06T14:42:54.497,162.8,7.066786029048747e-06,-8.489368594791295e-07,9.40716609957003e-07
1573069374547,2019-11-06T14:42:54.547,162.85,6.401801884706593e-06,-1.013466827084455e-06,7.741162124629997e-07
1573069374597,2019-11-06T14:42:54.597,162.9,6.137541732136188e-06,-1.1170533339795422e-06,4.346689871830076e-07
1573069374647,2019-11-06T14:42:54.647,162.95,6.055948174177728e-06,-1.4585171746179308e-06,3.23265490923592e-08
1573069374697,2019-11-06T14:42:54.697,163.0,5.711986798410208e-06,-2.054764775888857e-06,-3.853562000638995e-07
1573069374747,2019-11-06T14:42:54.747,163.05,4.638550311705083e-06,-2.582492112278881e-06,-6.032336012834995e-07
1573069374797,2019-11-06T14:42:54.797,163.1,2.8017280077431493e-06,-2.8358491639712856e-06,-5.432827148408259e-07
1573069374847,2019-11-06T14:42:54.847,163.15,9.881391178142564e-07,-2.9851850328391493e-06,-7.94286816347739e-07
1573069374897,2019-11-06T14:42:54.897,163.2,-3.362563649877632e-08,-3.3227298861897737e-06,-1.8319385010671134e-06
1573069374947,2019-11-06T14:42:54.947,163.25,-4.958189422085061e-07,-3.865864479869597e-06,-2.895767388670519e-06
1573069374997,2019-11-06T14:42:54.997,163.3,-9.267758685623502e-07,-4.373734690945103e-06,-3.029165197372834e-06
1573069375047,2019-11-06T14:42:55.047,163.35,-1.0969221668836171e-06,-4.717874240116297e-06,-2.7341345470150923e-06
1573069375097,2019-11-06T14:42:55.097,163.4,-5.638940494128795e-07,-4.958917697923024e-06,-3.0300364222583616e-06
1573069375147,2019-11-06T14:42:55.147,163.45,3.4849921930667273e-07,-5.0937306200928455e-06,-3.707034331820468e-06
1573069375197,2019-11-06T14:42:55.197,163.5,8.81724391881717e-07,-5.06266934934043e-06,-3.9693101559269005e-06
1573069375247,2019-11-06T14:42:55.247,163.55,8.215416553649432e-07,-4.948555042962645e-06,-3.80305265205928e-06
1573069375297,2019-11-06T14:42:55.297,163.6,5.965649678195518e-07,-4.877600081517018e-06,-3.6472865379922724e-06
1573069375347,2019-11-06T14:42:55.347,163.65,5.457031199041381e-07,-4.824320226606282e-06,-3.622209414392244e-06
1573069375397,2019-11-06T14:42:55.397,163.7,6.15628286198009e-07,-4.719830504175834e-06,-3.6314145017649627e-06
1573069375447,2019-11-06T14:42:55.447,163.75,7.706680052681863e-07,-4.577856504720093e-06,-3.658576576613668e-06
1573069375497,2019-11-06T14:42:55.497,163.8,1.143008074490636e-06,-4.359113752173104e-06,-3.775888771445516e-06
1573069375547,2019-11-06T14:42:55.547,163.85,1.6148177621226781e-06,-3.98923751384656e-06,-3.995149905109869e-06
1573069375597,2019-11-06T14:42:55.597,163.9,1.6641317243930404e-06,-3.6287495678840275e-06,-4.172512774567788e-06
1573069375647,2019-11-06T14:42:55.647,163.95,9.685383793365096e-07,-3.5267182403721708e-06,-4.170101492510175e-06
1573069375697,2019-11-06T14:42:55.697,164.0,-1.439612476045561e-08,-3.5509221320275917e-06,-4.0234180623222655e-06
1573069375747,2019-11-06T14:42:55.747,164.05,-6.000836674426027e-07,-3.352554001976987e-06,-3.877901134440976e-06
1573069375797,2019-11-06T14:42:55.797,164.1,-9.296690178909215e-07,-3.003544671955633e-06,-3.885708820522664e-06
1573069375847,2019-11-06T14:42:55.847,164.15,-1.6698526385623424e-06,-2.9696058929813034e-06,-4.036729176453434e-06
1573069375897,2019-11-06T14:42:55.897,164.2,-2.7843288635755067e-06,-3.384251494159983e-06,-4.013812674194863e-06
1573069375947,2019-11-06T14:42:55.947,164.25,-3.634243956001209e-06,-3.755914597434641e-06,-3.609993440075828e-06
1573069375997,2019-11-06T14:42:55.997,164.3,-4.0943397672258485e-06,-3.626631240904157e-06,-3.2600511573937315e-06
1573069376047,2019-11-06T14:42:56.047,164.35,-4.5134589741157925e-06,-3.23088911730285e-06,-3.4648205701794724e-06
1573069376097,2019-11-06T14:42:56.097,164.4,-4.845137918135371e-06,-3.069272865049297e-06,-3.828860317173071e-06
1573069376147,2019-11-06T14:42:56.147,164.45,-4.747401646865587e-06,-3.0830904153521275e-06,-3.6429483783013513e-06
1573069376197,2019-11-06T14:42:56.197,164.5,-4.331084361368335e-06,-2.851035350247537e-06,-3.1507300335889333e-06
1573069376247,2019-11-06T14:42:56.247,164.55,-4.1290532015858105e-06,-2.3684128237216916e-06,-3.0504754662986333e-06
1573069376297,2019-11-06T14:42:56.297,164.6,-4.381776301214125e-06,-2.050260777506335e-06,-3.181153318655936e-06
1573069376347,2019-11-06T14:42:56.347,164.65,-4.718299155106597e-06,-2.127798178675642e-06,-3.003649739810147e-06
1573069376397,2019-11-06T14:42:56.397,164.7,-4.606664578528145e-06,-2.378414363159394e-06,-2.7725629856032207e-06
1573069376447,2019-11-06T14:42:56.447,164.75,-3.9891430113696044e-06,-2.3679176705048458e-06,-2.9753563929901965e-06
1573069376497,2019-11-06T14:42:56.497,164.8,-3.2776444251607765e-06,-1.911157629459135e-06,-3.352649549027319e-06
1573069376547,2019-11-06T14:42:56.547,164.85,-2.7258630303621663e-06,-1.3327346421995822e-06,-3.476893866376231e-06
1573069376597,2019-11-06T14:42:56.597,164.9,-2.193620728370184e-06,-1.1147685716625936e-06,-3.4478909036808817e-06
1573069376647,2019-11-06T14:42:56.647,164.95,-1.6311319235861496e-06,-1.2508468076635544e-06,-3.353277654948873e-06
1573069376697,2019-11-06T14:42:56.697,165.0,-1.289226450361331e-06,-1.2691282302034187e-06,-2.9668099633077838e-06
1573069376747,2019-11-06T14:42:56.747,165.05,-1.2643804314391088e-06,-9.272096860791132e-07,-2.409482367596793e-06
1573069376797,2019-11-06T14:42:56.797,165.1,-1.2814793240360064e-06,-4.0300359988871097e-07,-2.230363329044425e-06
1573069376847,2019-11-06T14:42:56.847,165.15,-1.1056349312131226e-06,1.6700755497025915e-07,-2.5202007543301523e-06
1573069376897,2019-11-06T14:42:56.897,165.2,-8.291866678120302e-07,7.102641879064922e-07,-2.7093931219655805e-06
1573069376947,2019-11-06T14:42:56.947,165.25,-6.321057160484872e-07,9.126634376755209e-07,-2.500382475592448e-06
1573069376997,2019-11-06T14:42:56.997,165.3,-5.504609620901196e-07,5.933691771988509e-07,-2.309543693493801e-06
1573069377047,2019-11-06T14:42:57.047,165.35,-5.5028301475154e-07,2.1438645042119408e-07,-2.509953651513643e-06
1573069377097,2019-11-06T14:42:57.097,165.4,-6.083411733002941e-07,3.610529548999026e-07,-2.8688436549658904e-06
1573069377147,2019-11-06T14:42:57.147,165.45,-7.192528653278454e-07,8.740769747349153e-07,-3.056479441230104e-06
1573069377197,2019-11-06T14:42:57.197,165.5,-8.633145303095462e-07,1.0736508148973673e-06,-3.1562180443367784e-06
1573069377247,2019-11-06T14:42:57.247,165.55,-8.61322722612924e-07,7.664846252581996e-07,-3.334417573079444e-06
1573069377297,2019-11-06T14:42:57.297,165.6,-4.678741806224083e-07,4.970531500558713e-07,-3.455304688037416e-06
1573069377347,2019-11-06T14:42:57.347,165.65,1.6288233682466052e-07,7.068750303561759e-07,-3.345971670323646e-06
1573069377397,2019-11-06T14:42:57.397,165.7,4.4653081413645145e-07,1.1280916581296514e-06,-3.1345497742987737e-06
1573069377447,2019-11-06T14:42:57.447,165.75,8.084482718138299e-08,1.2736422267458172e-06,-3.0111981928513374e-06
1573069377497,2019-11-06T14:42:57.497,165.8,-5.221393613053559e-07,1.125115471478373e-06,-2.855482743295853e-06
1573069377547,2019-11-06T14:42:57.547,165.85,-7.516857520376176e-07,1.005811840053275e-06,-2.4775368310639958e-06
1573069377597,2019-11-06T14:42:57.597,165.9,-4.841059990722124e-07,1.093852317230832e-06,-2.045477926531497e-06
1573069377647,2019-11-06T14:42:57.647,165.95,1.689626272390271e-08,1.3423295869601625e-06,-1.8043459014470358e-06
1573069377697,2019-11-06T14:42:57.697,166.0,6.538622514281487e-07,1.635684211672704e-06,-1.665712903321676e-06
1573069377747,2019-11-06T14:42:57.747,166.05,1.472585719320882e-06,1.87143920563577e-06,-1.6034549705414e-06
1573069377797,2019-11-06T14:42:57.797,166.1,2.208767362861763e-06,2.0291214760145327e-06,-1.9362462021848377e-06
1573069377847,2019-11-06T14:42:57.847,166.15,2.502708322282709e-06,2.1071963646336927e-06,-2.605774622734876e-06
1573069377897,2019-11-06T14:42:57.897,166.2,2.4672620463774936e-06,1.9980356934222726e-06,-2.8476747671235587e-06
1573069377947,2019-11-06T14:42:57.947,166.25,2.3035826142681894e-06,1.7250355263623e-06,-2.2605366088932653e-06
1573069377997,2019-11-06T14:42:57.997,166.3,1.6005797404676767e-06,1.629367957308636e-06,-1.4972089107134755e-06
1573069378047,2019-11-06T14:42:58.047,166.35,-1.2345008750313017e-07,1.852546418128691e-06,-1.1588957219709374e-06
1573069378097,2019-11-06T14:42:58.097,166.4,-2.5706547393389737e-06,1.9689356944599516e-06,-6.519355537810175e-07
1573069378147,2019-11-06T14:42:58.147,166.45,-5.143106635395574e-06,1.5907780065276386e-06,1.0108407838751358e-06
1573069378197,2019-11-06T14:42:58.197,166.5,-7.60518823215747e-06,8.892604979237957e-07,3.6877676060062944e-06
1573069378247,2019-11-06T14:42:58.247,166.55,-9.661972908003355e-06,2.614813207084121e-07,6.191083917899048e-06
1573069378297,2019-11-06T14:42:58.297,166.6,-1.0842444427752652e-05,-1.7659460397645845e-08,7.656993643352102e-06
1573069378347,2019-11-06T14:42:58.347,166.65,-1.122313894875633e-05,1.182175029504486e-07,8.197716708119396e-06
1573069378397,2019-11-06T14:42:58.397,166.7,-1.1396199570255459e-05,3.097688862200211e-07,8.421402687193537e-06
1573069378447,2019-11-06T14:42:58.447,166.75,-1.1731924068081396e-05,4.804058508221849e-08,8.798546298636878e-06
1573069378497,2019-11-06T14:42:58.497,166.8,-1.2241750465839178e-05,-4.981406856586836e-07,9.328060079669078e-06
1573069378547,2019-11-06T14:42:58.547,166.85,-1.2763335244083961e-05,-6.67793013525356e-07,9.681714203594148e-06
1573069378597,2019-11-06T14:42:58.597,166.9,-1.308260860859642e-05,-4.921200895604951e-07,9.826301908350513e-06
1573069378647,2019-11-06T14:42:58.647,166.95,-1.3277386364704075e-05,-7.03758971166228e-07,1.0154569643391756e-05
1573069378697,2019-11-06T14:42:58.697,167.0,-1.3638085800057538e-05,-1.45988586762428e-06,1.0736354890476734e-05
1573069378747,2019-11-06T14:42:58.747,167.05,-1.4059140214818433e-05,-2.107295823005381e-06,1.1060569461978919e-05
1573069378797,2019-11-06T14:42:58.797,167.1,-1.4172935120684025e-05,-2.270847614535241e-06,1.0833311457483017e-05
1573069378847,2019-11-06T14:42:58.847,167.15,-1.4009632847271404e-05,-2.1739838829419528e-06,1.0312491785297226e-05
1573069378897,2019-11-06T14:42:58.897,167.2,-1.3766814345150685e-05,-1.8932183110256301e-06,9.51434677947554e-06
1573069378947,2019-11-06T14:42:58.947,167.25,-1.3165662663788988e-05,-1.232431338241826e-06,7.878580327906428e-06
1573069378997,2019-11-06T14:42:58.997,167.3,-1.1681858815864848e-05,-3.2028362342570957e-07,5.225148774289685e-06
1573069379047,2019-11-06T14:42:59.047,167.35,-9.195503502131734e-06,4.3445183310910616e-07,2.3949618868491886e-06
1573069379097,2019-11-06T14:42:59.097,167.4,-6.044177523213989e-06,9.611319515428327e-07,4.522493762556487e-07
1573069379147,2019-11-06T14:42:59.147,167.45,-2.728786805193718e-06,1.551386216073684e-06,-2.7054151497362734e-07
1573069379197,2019-11-06T14:42:59.197,167.5,1.6224602367540754e-07,2.263861505332751e-06,-9.391729567507116e-08
1573069379247,2019-11-06T14:42:59.247,167.55,2.04112477980287e-06,2.742776641412853e-06,5.05354953248344e-07
1573069379297,2019-11-06T14:42:59.297,167.6,2.6529983973220977e-06,2.819172822747017e-06,1.0978969920697396e-06
1573069379347,2019-11-06T14:42:59.347,167.65,2.411596072151665e-06,2.8634962313982793e-06,1.4557095130772358e-06
1573069379397,2019-11-06T14:42:59.397,167.7,2.317801866122474e-06,3.110077810224365e-06,1.722930621284734e-06
1573069379447,2019-11-06T14:42:59.447,167.75,3.0599325167859216e-06,3.2033398354607873e-06,2.2262569106750916e-06
1573069379497,2019-11-06T14:42:59.497,167.8,4.147765643788589e-06,3.0222342524444744e-06,3.121176141252484e-06
1573069379547,2019-11-06T14:42:59.547,167.85,4.68763757671048e-06,3.1390060343322317e-06,4.2765637988888036e-06
1573069379597,2019-11-06T14:42:59.597,167.9,4.822199687719214e-06,3.774578353330243e-06,5.2490618739535104e-06
1573069379647,2019-11-06T14:42:59.647,167.95,5.3658050108899035e-06,4.244350833131818e-06,5.53848380993979e-06
1573069379697,2019-11-06T14:42:59.697,168.0,6.368948556192703e-06,4.0340469974583295e-06,5.2875341298752716e-06
1573069379747,2019-11-06T14:42:59.747,168.05,7.1161798619343394e-06,3.528061395703032e-06,5.210430165533199e-06
1573069379797,2019-11-06T14:42:59.797,168.1,7.245966193429804e-06,3.286015830902634e-06,5.416964292133165e-06
1573069379847,2019-11-06T14:42:59.847,168.15,7.058560390027394e-06,3.368081511868055e-06,5.290624081991113e-06
1573069379897,2019-11-06T14:42:59.897,168.2,6.884303458206897e-06,3.578860106443815e-06,4.829637143699604e-06
1573069379947,2019-11-06T14:42:59.947,168.25,6.706022669907074e-06,3.762950231338165e-06,4.681150402933262e-06
1573069379997,2019-11-06T14:42:59.997,168.3,6.4395495785123634e-06,3.7912282511375483e-06,4.6845896183327444e-06
1573069380047,2019-11-06T14:43:00.047,168.35,6.210885539951352e-06,3.659418129299172e-06,4.040415167974801e-06
1573069380097,2019-11-06T14:43:00.097,168.4,6.159905525051474e-06,3.5131334889476476e-06,2.950454445980841e-06
1573069380147,2019-11-06T14:43:00.147,168.45,6.1941440305995184e-06,3.380900112069558e-06,2.4687039465035114e-06
1573069380197,2019-11-06T14:43:00.197,168.5,6.125491063313766e-06,3.107096594701277e-06,2.7780381189080006e-06
1573069380247,2019-11-06T14:43:00.247,168.55,5.92208520822609e-06,2.7027509477408487e-06,3.041205761759734e-06
1573069380297,2019-11-06T14:43:00.297,168.6,5.72175182808874e-06,2.546014592774606e-06,2.9071028567597384e-06
1573069380347,2019-11-06T14:43:00.347,168.65,5.657450342786737e-06,2.9112603080390575e-06,2.8648861923751604e-06
1573069380397,2019-11-06T14:43:00.397,168.7,5.733060664883418e-06,3.399506018176761e-06,3.0455473770540442e-06
1573069380447,2019-11-06T14:43:00.447,168.75,5.859173219113587e-06,3.3887104668389352e-06,2.9722695179928765e-06
1573069380497,2019-11-06T14:43:00.497,168.8,5.910703087513385e-06,2.9538470418467046e-06,2.681076002174544e-06
1573069380547,2019-11-06T14:43:00.547,168.85,5.782167743491792e-06,2.624941462730818e-06,2.7286885997826623e-06
1573069380597,2019-11-06T14:43:00.597,168.9,5.581474599377196e-06,2.5126269220582843e-06,2.9468323537979773e-06
1573069380647,2019-11-06T14:43:00.647,168.95,5.666925865078798e-06,2.4388527388709145e-06,2.6315632143761624e-06
1573069380697,2019-11-06T14:43:00.697,169.0,6.19471833465106e-06,2.451332613104236e-06,1.968471163073106e-06
1573069380747,2019-11-06T14:43:00.747,169.05,6.74629780785019e-06,2.5781875118685178e-06,1.8818385017451626e-06
1573069380797,2019-11-06T14:43:00.797,169.1,6.7717539159736e-06,2.6280438550515284e-06,2.5823701497773485e-06
1573069380847,2019-11-06T14:43:00.847,169.15,6.357489318462338e-06,2.5550761387527484e-06,3.3679435134603986e-06
1573069380897,2019-11-06T14:43:00.897,169.2,6.1070137264209645e-06,2.5177622576862107e-06,3.7082557272045065e-06
1573069380947,2019-11-06T14:43:00.947,169.25,6.192482798251332e-06,2.536808143582298e-06,3.7617151806616936e-06
1573069380997,2019-11-06T14:43:00.997,169.3,6.091045790182201e-06,2.4680196057857177e-06,3.832205558995232e-06
1573069381047,2019-11-06T14:43:01.047,169.35,5.442483746523627e-06,2.267219478438562e-06,3.7693724809075018e-06
1573069381097,2019-11-06T14:43:01.097,169.4,4.57633842405376e-06,2.063766203313105e-06,3.2387720261046448e-06
1573069381147,2019-11-06T14:43:01.147,169.45,4.035228043084834e-06,1.962312824050641e-06,2.4817833360781585e-06
1573069381197,2019-11-06T14:43:01.197,169.5,4.028774085464703e-06,1.9380107648063283e-06,2.1621139794489876e-06
1573069381247,2019-11-06T14:43:01.247,169.55,4.266828378210867e-06,1.993625349452796e-06,2.2969698524329402e-06
1573069381297,2019-11-06T14:43:01.297,169.6,4.076469513011991e-06,2.1483625080649094e-06,2.161467679531808e-06
1573069381347,2019-11-06T14:43:01.347,169.65,3.1111334193888876e-06,2.214900055449042e-06,1.5320783838232857e-06
1573069381397,2019-11-06T14:43:01.397,169.7,2.019379940767164e-06,1.979083423381262e-06,1.141778722320205e-06
1573069381447,2019-11-06T14:43:01.447,169.75,1.6673614303268268e-06,1.5742947168143237e-06,1.4779044713861857e-06
1573069381497,2019-11-06T14:43:01.497,169.8,1.799029709484846e-06,1.3108785637061498e-06,1.8717308849740542e-06
1573069381547,2019-11-06T14:43:01.547,169.85,1.5622008952278015e-06,1.2576257096091018e-06,1.4278778301998102e-06
1573069381597,2019-11-06T14:43:01.597,169.9,1.1422734217727e-06,1.2357966088877143e-06,4.093871654806702e-07
1573069381647,2019-11-06T14:43:01.647,169.95,1.3992277649619419e-06,1.136255732821185e-06,-1.364282274373249e-07
1573069381697,2019-11-06T14:43:01.697,170.0,2.0885739267106194e-06,1.0906945331518742e-06,9.905868389760839e-08
1573069381747,2019-11-06T14:43:01.747,170.05,2.1255697188351187e-06,1.2206545619811907e-06,4.568242231275804e-07
1573069381797,2019-11-06T14:43:01.797,170.1,1.4473680085771902e-06,1.3100138054826785e-06,4.3816559865416347e-07
1573069381847,2019-11-06T14:43:01.847,170.15,9.966400451553075e-07,1.0110282859538819e-06,1.6908784870163968e-07
1573069381897,2019-11-06T14:43:01.897,170.2,1.0998168539325698e-06,3.845211016730421e-07,-1.3066663305625268e-07
1573069381947,2019-11-06T14:43:01.947,170.25,1.2122988621966498e-06,-4.164480360061488e-08,-3.825903117175561e-07
1573069381997,2019-11-06T14:43:01.997,170.3,9.451418395686715e-07,9.23305588488202e-08,-4.525336038813071e-07
1573069382047,2019-11-06T14:43:02.047,170.35,4.0044259821461703e-07,4.90753118503917e-07,-2.9690187482665957e-07
1573069382097,2019-11-06T14:43:02.097,170.4,-2.0583553508765015e-07,6.307403179739008e-07,-1.805232535671247e-07
1573069382147,2019-11-06T14:43:02.147,170.45,-7.320078003062643e-07,4.120104474821695e-07,-3.144471840642835e-07
1573069382197,2019-11-06T14:43:02.197,170.5,-1.0957035745380739e-06,6.124346953666815e-08,-4.538272846518311e-07
1573069382247,2019-11-06T14:43:02.247,170.55,-1.315796197039043e-06,-2.0262193367375022e-07,-2.5343691489722955e-07
1573069382297,2019-11-06T14:43:02.297,170.6,-1.5616380070051992e-06,-2.2319186972507988e-07,1.1721516046165226e-07
1573069382347,2019-11-06T14:43:02.347,170.65,-2.0013790160089245e-06,-9.20895539273031e-08,1.527075153232247e-07
1573069382397,2019-11-06T14:43:02.397,170.7,-2.5346953168439718e-06,-1.6466771831798245e-07,-1.973331184909606e-07
1573069382447,2019-11-06T14:43:02.447,170.75,-2.8946021592908577e-06,-5.042470053153508e-07,-3.946224078035896e-07
1573069382497,2019-11-06T14:43:02.497,170.8,-3.0629355918881826e-06,-7.05831232162002e-07,-1.2993684190363305e-07
1573069382547,2019-11-06T14:43:02.547,170.85,-3.296099319453012e-06,-5.479764836379675e-07,1.9796437287320993e-07
1573069382597,2019-11-06T14:43:02.597,170.9,-3.7134737168606025e-06,-3.572573466098988e-07,1.448194471021707e-07
1573069382647,2019-11-06T14:43:02.647,170.95,-4.09073609162315e-06,-4.63816608188668e-07,-6.10050736397344e-08
1573069382697,2019-11-06T14:43:02.697,171.0,-4.083063117909921e-06,-6.484909190154365e-07,1.55445039510883e-08
1573069382747,2019-11-06T14:43:02.747,171.05,-3.6127988927600903e-06,-5.474351152371136e-07,2.006889491749951e-07
1573069382797,2019-11-06T14:43:02.797,171.1,-3.030441668740739e-06,-3.6172711293024986e-07,1.1471519761183397e-07
1573069382847,2019-11-06T14:43:02.847,171.15,-2.772295041019251e-06,-5.02834728326513e-07,1.3577875445561076e-08
1573069382897,2019-11-06T14:43:02.897,171.2,-2.9007352515364574e-06,-7.611120663445248e-07,2.668827325650241e-07
1573069382947,2019-11-06T14:43:02.947,171.25,-3.158500033786082e-06,-6.532650673315621e-07,4.3820535042660674e-07
1573069382997,2019-11-06T14:43:02.997,171.3,-3.3245558708945605e-06,-3.416249027787809e-07,-4.2508014130892065e-08
1573069383047,2019-11-06T14:43:03.047,171.35,-3.2954016374972597e-06,-3.8140422667119276e-07,-7.360396801205314e-07
1573069383097,2019-11-06T14:43:03.097,171.4,-2.985243360289463e-06,-7.752318791386736e-07,-7.951976452338313e-07
1573069383147,2019-11-06T14:43:03.147,171.45,-2.4153720441427966e-06,-9.96193975355159e-07,-4.3116852918513025e-07
1573069383197,2019-11-06T14:43:03.197,171.5,-1.8665912891915958e-06,-8.712204158360034e-07,-7.121927969506535e-07
1573069383247,2019-11-06T14:43:03.247,171.55,-1.6931446151504236e-06,-8.47994358829088e-07,-1.8187599217549952e-06
1573069383297,2019-11-06T14:43:03.297,171.6,-1.914958641970982e-06,-1.2535488922260683e-06,-2.587111815525354e-06
1573069383347,2019-11-06T14:43:03.347,171.65,-2.1849395918164857e-06,-1.7807846829495007e-06,-2.271111724338251e-06
1573069383397,2019-11-06T14:43:03.397,171.7,-2.221470709748402e-06,-1.9949620281089914e-06,-1.712464334516143e-06
1573069383447,2019-11-06T14:43:03.447,171.75,-2.1023149620400452e-06,-1.9166365474420874e-06,-2.0012434483113863e-06
1573069383497,2019-11-06T14:43:03.497,171.8,-2.0375168012965063e-06,-1.8262574082662191e-06,-2.8932853514784125e-06
1573069383547,2019-11-06T14:43:03.547,171.85,-2.0225287981155274e-06,-1.9212258473212124e-06,-3.4807735311819406e-06
1573069383597,2019-11-06T14:43:03.597,171.9,-1.963906324192789e-06,-2.299107650700651e-06,-3.6740455084781596e-06
1573069383647,2019-11-06T14:43:03.647,171.95,-1.977843834643119e-06,-2.833092099829499e-06,-3.968759032885723e-06
1573069383697,2019-11-06T14:43:03.697,172.0,-2.1549294535100073e-06,-3.1332923665996614e-06,-4.349598473443937e-06
1573069383747,2019-11-06T14:43:03.747,172.05,-2.2231930288482233e-06,-3.076081144028237e-06,-4.516047136880028e-06
1573069383797,2019-11-06T14:43:03.797,172.1,-1.8921033084793753e-06,-3.056563322934071e-06,-4.6678954833029604e-06
1573069383847,2019-11-06T14:43:03.847,172.15,-1.2827344821426564e-06,-3.2429774973860947e-06,-5.049582660560558e-06
1573069383897,2019-11-06T14:43:03.897,172.2,-6.616716146825448e-07,-3.156885382574509e-06,-5.274034257018808e-06
1573069383947,2019-11-06T14:43:03.947,172.25,-8.784130575545534e-08,-2.5795261954075273e-06,-4.996798748675752e-06
1573069383997,2019-11-06T14:43:03.997,172.3,4.2046558706026294e-07,-2.151801732700113e-06,-4.649429390960145e-06
1573069384047,2019-11-06T14:43:04.047,172.35,7.433919623808236e-07,-2.403891419673359e-06,-4.717965045343556e-06
1573069384097,2019-11-06T14:43:04.097,172.4,8.457063188500007e-07,-2.9048752200440155e-06,-4.888157941919952e-06
1573069384147,2019-11-06T14:43:04.147,172.45,8.178155414395832e-07,-2.9901275470267e-06,-4.652123818192799e-06
1573069384197,2019-11-06T14:43:04.197,172.5,7.288329635156696e-07,-2.691643626139022e-06,-4.302766713726078e-06
1573069384247,2019-11-06T14:43:04.247,172.55,6.247841428175598e-07,-2.465632127328366e-06,-4.502755038388726e-06
1573069384297,2019-11-06T14:43:04.297,172.6,5.708135021445189e-07,-2.5085013920965776e-06,-5.10365309359683e-06
1573069384347,2019-11-06T14:43:04.347,172.65,5.820135919671699e-07,-2.6516159261686325e-06,-5.339981733929458e-06
1573069384397,2019-11-06T14:43:04.397,172.7,5.920256690187963e-07,-2.6109097858289154e-06,-5.109040787296881e-06
1573069384447,2019-11-06T14:43:04.447,172.75,5.437597609128004e-07,-2.288575682637611e-06,-5.0067009293220954e-06
1573069384497,2019-11-06T14:43:04.497,172.8,4.915158027682895e-07,-1.9900929055782383e-06,-5.164047313185702e-06
1573069384547,2019-11-06T14:43:04.547,172.85,5.359986985584568e-07,-2.0854900006664658e-06,-5.122980623531506e-06
1573069384597,2019-11-06T14:43:04.597,172.9,5.965317602914782e-07,-2.3711848961570443e-06,-4.767518544013749e-06
1573069384647,2019-11-06T14:43:04.647,172.95,4.4380510559956706e-07,-2.286617829863543e-06,-4.423860357303831e-06
1573069384697,2019-11-06T14:43:04.697,173.0,1.4139672362142313e-07,-1.8201119640841014e-06,-4.1897323934294025e-06
1573069384747,2019-11-06T14:43:04.747,173.05,1.1327174455888242e-07,-1.5252121411481741e-06,-3.956772231892376e-06
1573069384797,2019-11-06T14:43:04.797,173.1,4.92759216926152e-07,-1.5878834146674711e-06,-3.854409289311417e-06
1573069384847,2019-11-06T14:43:04.847,173.15,8.560427155116499e-07,-1.6066765705091137e-06,-4.003463706470505e-06
1573069384897,2019-11-06T14:43:04.897,173.2,8.792383025513399e-07,-1.3938745037702624e-06,-4.182723725292232e-06
1573069384947,2019-11-06T14:43:04.947,173.25,7.537382120964146e-07,-1.2956598257721815e-06,-4.233872790296721e-06
1573069384997,2019-11-06T14:43:04.997,173.3,6.998500164553109e-07,-1.5201815074904378e-06,-4.297707783804144e-06
1573069385047,2019-11-06T14:43:05.047,173.35,5.131027325809915e-07,-1.727657064726872e-06,-4.372435784126643e-06
1573069385097,2019-11-06T14:43:05.097,173.4,-9.197817752791851e-08,-1.564840397983997e-06,-4.218645146444931e-06
1573069385147,2019-11-06T14:43:05.147,173.45,-9.022362115100128e-07,-1.2154545117036662e-06,-3.821446094058675e-06
1573069385197,2019-11-06T14:43:05.197,173.5,-1.381985405886404e-06,-1.105129609892911e-06,-3.470456814173915e-06
1573069385247,2019-11-06T14:43:05.247,173.55,-1.4433204486063586e-06,-1.2172752196788814e-06,-3.3350360740885976e-06
1573069385297,2019-11-06T14:43:05.297,173.6,-1.545997335412227e-06,-1.0985520729456987e-06,-3.2835088927336682e-06
1573069385347,2019-11-06T14:43:05.347,173.65,-1.94158677885509e-06,-6.696332539578727e-07,-3.2020755517103775e-06
1573069385397,2019-11-06T14:43:05.397,173.7,-2.385544684719086e-06,-5.066584077540938e-07,-3.194557574786274e-06
1573069385447,2019-11-06T14:43:05.447,173.75,-2.6912838200276477e-06,-9.386543841856461e-07,-3.2634289650086083e-06
1573069385497,2019-11-06T14:43:05.497,173.8,-3.016985531730762e-06,-1.475050923329277e-06,-3.164050005105673e-06
1573069385547,2019-11-06T14:43:05.547,173.85,-3.4548060772386145e-06,-1.5812698646052956e-06,-2.881008002985573e-06
1573069385597,2019-11-06T14:43:05.597,173.9,-3.787955414932205e-06,-1.3678403429674373e-06,-2.7715474231042387e-06
1573069385647,2019-11-06T14:43:05.647,173.95,-3.925797843846598e-06,-1.1667713527998471e-06,-2.926157500010764e-06
1573069385697,2019-11-06T14:43:05.697,174.0,-4.176971784157748e-06,-1.0815383200353545e-06,-3.006549449493949e-06
1573069385747,2019-11-06T14:43:05.747,174.05,-4.699468833697983e-06,-1.0743672571311795e-06,-2.9175674733240256e-06
1573069385797,2019-11-06T14:43:05.797,174.1,-5.140466196118095e-06,-9.471533755895205e-07,-2.8729252838221204e-06
1573069385847,2019-11-06T14:43:05.847,174.15,-5.232219613844666e-06,-4.960065415596956e-07,-2.8219929388930635e-06
1573069385897,2019-11-06T14:43:05.897,174.2,-5.196353107555125e-06,-8.122866724437052e-08,-2.6114919259083087e-06
1573069385947,2019-11-06T14:43:05.947,174.25,-5.208298869548387e-06,-3.3112887838711124e-07,-2.396899558474006e-06
1573069385997,2019-11-06T14:43:05.997,174.3,-5.023982155657681e-06,-9.836142356768516e-07,-2.2821379021741887e-06
1573069386047,2019-11-06T14:43:06.047,174.35,-4.478684953148565e-06,-1.032854024242094e-06,-2.129576507509697e-06
1573069386097,2019-11-06T14:43:06.097,174.4,-3.899159684901402e-06,-2.5761420944419436e-07,-1.9964867623318848e-06
1573069386147,2019-11-06T14:43:06.147,174.45,-3.6465730015441185e-06,4.744615269929651e-07,-2.059715257172068e-06
1573069386197,2019-11-06T14:43:06.197,174.5,-3.5879347039401144e-06,6.063528398456914e-07,-2.14353829154956e-06
1573069386247,2019-11-06T14:43:06.247,174.55,-3.369505068534991e-06,6.029023607442712e-07,-1.9375064467820367e-06
1573069386297,2019-11-06T14:43:06.297,174.6,-2.920859215324508e-06,1.0352159316451218e-06,-1.4732287889443657e-06
1573069386347,2019-11-06T14:43:06.347,174.65,-2.429794155814727e-06,1.7085406932455391e-06,-9.871083948318982e-07
1573069386397,2019-11-06T14:43:06.397,174.7,-2.0586335061170352e-06,2.031440545520981e-06,-5.691584923691128e-07
1573069386447,2019-11-06T14:43:06.447,174.75,-1.800027719292832e-06,1.820968361678007e-06,-1.7643073517758042e-07
1573069386497,2019-11-06T14:43:06.497,174.8,-1.4982930217870883e-06,1.4085419376403937e-06,1.9011140310347075e-07
1573069386547,2019-11-06T14:43:06.547,174.85,-1.1041628408305559e-06,1.1952271293007785e-06,4.87392474937924e-07
1573069386597,2019-11-06T14:43:06.597,174.9,-8.727366313942533e-07,1.387221648819225e-06,7.446220533250324e-07
1573069386647,2019-11-06T14:43:06.647,174.95,-9.736191629544417e-07,1.9625463374262525e-06,1.0243174948068557e-06
1573069386697,2019-11-06T14:43:06.697,175.0,-1.0620316630341826e-06,2.644869484016847e-06,1.282961766434919e-06
1573069386747,2019-11-06T14:43:06.747,175.05,-7.699984959276803e-07,3.0276317064819876e-06,1.4426040008134516e-06
1573069386797,2019-11-06T14:43:06.797,175.1,-3.4952249986340634e-07,2.878397449638431e-06,1.5734218458387553e-06
1573069386847,2019-11-06T14:43:06.847,175.15,-1.827678822059533e-07,2.358869359474578e-06,1.7718450299051016e-06
1573069386897,2019-11-06T14:43:06.897,175.2,-7.546480851588944e-08,1.938921997603134e-06,1.9215191658067164e-06
1573069386947,2019-11-06T14:43:06.947,175.25,2.409304660840105e-07,1.950819096562298e-06,1.9308697962023017e-06
1573069386997,2019-11-06T14:43:06.997,175.3,5.003983779397718e-07,2.226100185506723e-06,2.0754351884514336e-06
1573069387047,2019-11-06T14:43:07.047,175.35,6.100085326905888e-07,2.3968034961453462e-06,2.572085129310956e-06
1573069387097,2019-11-06T14:43:07.097,175.4,1.227203503882228e-06,2.388614372062267e-06,3.058332714253877e-06
1573069387147,2019-11-06T14:43:07.147,175.45,2.7430462480851055e-06,2.3043888714790627e-06,3.16216447162425e-06
1573069387197,2019-11-06T14:43:07.197,175.5,4.467382761797307e-06,2.178139204976477e-06,3.186965704795527e-06
1573069387247,2019-11-06T14:43:07.247,175.55,5.633407448737229e-06,2.143172118870681e-06,3.5785444913701113e-06
1573069387297,2019-11-06T14:43:07.297,175.6,6.422089414316487e-06,2.359748951173429e-06,4.290614735674185e-06
1573069387347,2019-11-06T14:43:07.347,175.65,7.318413751840347e-06,2.6186002799464387e-06,5.141325150220971e-06
1573069387397,2019-11-06T14:43:07.397,175.7,8.168450054311745e-06,2.549421826420679e-06,6.061896888345734e-06
1573069387447,2019-11-06T14:43:07.447,175.75,8.494440477966258e-06,2.1983938780284925e-06,6.7621698002546714e-06
1573069387497,2019-11-06T14:43:07.497,175.8,8.32170250202662e-06,1.8998516142718675e-06,6.90021362974835e-06
1573069387547,2019-11-06T14:43:07.547,175.85,8.147195318359383e-06,1.766817735021558e-06,6.625501998631623e-06
1573069387597,2019-11-06T14:43:07.597,175.9,8.215847738802058e-06,1.7110533078908205e-06,6.410213763177262e-06
1573069387647,2019-11-06T14:43:07.647,175.95,8.309213372388617e-06,1.655236220268033e-06,6.454788011639787e-06
1573069387697,2019-11-06T14:43:07.697,176.0,8.276251335606204e-06,1.4710694920141034e-06,6.559865514504794e-06
1573069387747,2019-11-06T14:43:07.747,176.05,8.31212687956544e-06,1.079942336852284e-06,6.483745706432122e-06
1573069387797,2019-11-06T14:43:07.797,176.1,8.574052143162336e-06,6.980732549586703e-07,6.274179961634575e-06
1573069387847,2019-11-06T14:43:07.847,176.15,8.856059158459269e-06,6.080758472420101e-07,6.144808433652884e-06
1573069387897,2019-11-06T14:43:07.897,176.2,8.846724832905593e-06,7.257764716706772e-07,6.112497633356958e-06
1573069387947,2019-11-06T14:43:07.947,176.25,8.547571506290744e-06,7.280680500299034e-07,6.043906252375374e-06
1573069387997,2019-11-06T14:43:07.997,176.3,8.184226902177745e-06,5.709157946459361e-07,5.956341731321878e-06
1573069388047,2019-11-06T14:43:08.047,176.35,7.817525396019173e-06,5.631556357341014e-07,5.935487924157818e-06
1573069388097,2019-11-06T14:43:08.097,176.4,7.424458806294639e-06,8.034832109965269e-07,5.8801375678678245e-06
1573069388147,2019-11-06T14:43:08.147,176.45,7.205857116286406e-06,8.69327750487841e-07,5.604521550009531e-06
1573069388197,2019-11-06T14:43:08.197,176.5,7.302929468194483e-06,4.147222110691805e-07,5.121594532409764e-06
1573069388247,2019-11-06T14:43:08.247,176.55,7.4126265949446125e-06,-2.355276353311383e-07,4.6845990729854585e-06
1573069388297,2019-11-06T14:43:08.297,176.6,7.2087340007244594e-06,-5.489140618733465e-07,4.537473815501456e-06
1573069388347,2019-11-06T14:43:08.347,176.65,6.922337307593005e-06,-5.233433916204922e-07,4.63656894792189e-06
1573069388397,2019-11-06T14:43:08.397,176.7,7.022561542775742e-06,-4.782585823162504e-07,4.686357539195411e-06
1573069388447,2019-11-06T14:43:08.447,176.75,7.425009770699297e-06,-4.614942968707162e-07,4.482467054538258e-06
1573069388497,2019-11-06T14:43:08.497,176.8,7.4459418340709476e-06,-4.252368980673632e-07,4.112958745992648e-06
1573069388547,2019-11-06T14:43:08.547,176.85,6.770589638727673e-06,-6.270703209006416e-07,3.7892385024960168e-06
1573069388597,2019-11-06T14:43:08.597,176.9,6.1452523080060805e-06,-1.1784011649735202e-06,3.6037254477986635e-06
1573069388647,2019-11-06T14:43:08.647,176.95,6.424371899435861e-06,-1.564240118889813e-06,3.533045162718677e-06
1573069388697,2019-11-06T14:43:08.697,177.0,7.115564060993491e-06,-1.3475963420073464e-06,3.6019260384364786e-06
1573069388747,2019-11-06T14:43:08.747,177.05,7.0376810667017915e-06,-9.178283736984918e-07,3.865931720116841e-06
1573069388797,2019-11-06T14:43:08.797,177.1,6.324048691003629e-06,-8.233423762138455e-07,4.176527149850886e-06
1573069388847,2019-11-06T14:43:08.847,177.15,6.1561345351857745e-06,-9.209273104679301e-07,4.1450093358727436e-06
1573069388897,2019-11-06T14:43:08.897,177.2,6.603426649734143e-06,-8.422346719754959e-07,3.5194133567478618e-06
1573069388947,2019-11-06T14:43:08.947,177.25,6.58887266247485e-06,-6.599040082345391e-07,2.607858769604655e-06
1573069388997,2019-11-06T14:43:08.997,177.3,5.818243735226224e-06,-5.477853758369495e-07,2.104792073281415e-06
1573069389047,2019-11-06T14:43:09.047,177.35,4.9957155366639365e-06,-3.898555127194102e-07,2.2104318688645365e-06
1573069389097,2019-11-06T14:43:09.097,177.4,4.4315108819126905e-06,-1.5096219170052672e-07,2.2148141257734875e-06
1573069389147,2019-11-06T14:43:09.147,177.45,3.7376174815981465e-06,-1.7514920200594693e-07,1.4557852148702747e-06
1573069389197,2019-11-06T14:43:09.197,177.5,2.5274789068267637e-06,-7.291114585902311e-07,2.7932796653450593e-07
1573069389247,2019-11-06T14:43:09.247,177.55,7.267657448900368e-07,-1.5071136571668314e-06,-5.01034602129648e-07
1573069389297,2019-11-06T14:43:09.297,177.6,-1.3915254518463221e-06,-1.9754337910412395e-06,-6.397324174731917e-07
1573069389347,2019-11-06T14:43:09.347,177.65,-3.22961317537577e-06,-2.0696136263075875e-06,-5.447758355533685e-07
1573069389397,2019-11-06T14:43:09.397,177.7,-4.291426788884395e-06,-2.152618087816381e-06,-7.122818772238648e-07
1573069389447,2019-11-06T14:43:09.447,177.75,-4.631116949126747e-06,-2.3745003154174524e-06,-1.257415504582783e-06
1573069389497,2019-11-06T14:43:09.497,177.8,-4.645088374382112e-06,-2.495405135666236e-06,-1.8138107156790912e-06
1573069389547,2019-11-06T14:43:09.547,177.85,-4.584647301884562e-06,-2.3563667754857123e-06,-1.9560880573653782e-06
1573069389597,2019-11-06T14:43:09.597,177.9,-4.564337473970044e-06,-2.1656809335538313e-06,-1.7637458249492234e-06
1573069389647,2019-11-06T14:43:09.647,177.95,-4.79420448692623e-06,-2.2020827807879095e-06,-1.7536143566770472e-06
1573069389697,2019-11-06T14:43:09.697,178.0,-5.35081004972813e-06,-2.4506795017324135e-06,-2.190697993917545e-06
1573069389747,2019-11-06T14:43:09.747,178.05,-5.874175189402366e-06,-2.657254161345074e-06,-2.6832456009402674e-06
1573069389797,2019-11-06T14:43:09.797,178.1,-5.946948475080493e-06,-2.6298528450704058e-06,-2.701974708556391e-06
1573069389847,2019-11-06T14:43:09.847,178.15,-5.6698524461387e-06,-2.39581520907421e-06,-2.3723646009910703e-06
1573069389897,2019-11-06T14:43:09.897,178.2,-5.4545346754142005e-06,-2.154635086574308e-06,-2.2980682868373294e-06
1573069389947,2019-11-06T14:43:09.947,178.25,-5.394494009209443e-06,-2.107552578283637e-06,-2.6285318144101637e-06
1573069389997,2019-11-06T14:43:09.997,178.3,-5.303239712085332e-06,-2.1948739422070907e-06,-2.891302836260441e-06
1573069390047,2019-11-06T14:43:10.047,178.35,-5.2629325082422445e-06,-2.114068179966022e-06,-2.8252447411375912e-06
1573069390097,2019-11-06T14:43:10.097,178.4,-5.601129401564782e-06,-1.7971951247270063e-06,-2.775440790465283e-06
1573069390147,2019-11-06T14:43:10.147,178.45,-6.290554356606069e-06,-1.543095331776551e-06,-3.038069288862593e-06
1573069390197,2019-11-06T14:43:10.197,178.5,-6.886605042793141e-06,-1.5033271286178858e-06,-3.3417288098405653e-06
1573069390247,2019-11-06T14:43:10.247,178.55,-7.185019559175364e-06,-1.548979471909509e-06,-3.367810161401934e-06
1573069390297,2019-11-06T14:43:10.297,178.6,-7.427242915748704e-06,-1.6676507906421077e-06,-3.3145486314487776e-06
1573069390347,2019-11-06T14:43:10.347,178.65,-7.704935515204758e-06,-1.911100068776163e-06,-3.4127319010832015e-06
1573069390397,2019-11-06T14:43:10.397,178.7,-7.752225320584195e-06,-2.0719393054941135e-06,-3.424846886961283e-06
1573069390447,2019-11-06T14:43:10.447,178.75,-7.512079373229186e-06,-1.941589624093607e-06,-3.258001570311163e-06
1573069390497,2019-11-06T14:43:10.497,178.8,-7.290155599560206e-06,-1.7347078058085526e-06,-3.350145678225597e-06
1573069390547,2019-11-06T14:43:10.547,178.85,-7.1928674671129265e-06,-1.754389508223655e-06,-3.806415236382216e-06
1573069390597,2019-11-06T14:43:10.597,178.9,-6.995613296531058e-06,-1.762909381461531e-06,-4.060886336541664e-06
1573069390647,2019-11-06T14:43:10.647,178.95,-6.675055284774483e-06,-1.3350601020569723e-06,-3.914205998772579e-06
1573069390697,2019-11-06T14:43:10.697,179.0,-6.5861449859740315e-06,-7.322039676818213e-07,-3.8598750695896164e-06
1573069390747,2019-11-06T14:43:10.747,179.05,-6.939873625412109e-06,-5.851324764974158e-07,-4.053446175616735e-06
1573069390797,2019-11-06T14:43:10.797,179.1,-7.413403913777972e-06,-8.461780857853486e-07,-4.078012846890254e-06
1573069390847,2019-11-06T14:43:10.847,179.15,-7.566347623639116e-06,-9.30767348356276e-07,-3.87643707041627e-06
1573069390897,2019-11-06T14:43:10.897,179.2,-7.431518471854459e-06,-6.98530209710402e-07,-3.841024716403779e-06
1573069390947,2019-11-06T14:43:10.947,179.25,-7.279760582404586e-06,-5.324454262303206e-07,-4.009288509454404e-06
1573069390997,2019-11-06T14:43:10.997,179.3,-7.0986978981991875e-06,-6.17272333768313e-07,-4.073622472394564e-06
1573069391047,2019-11-06T14:43:11.047,179.35,-6.8903189520225066e-06,-7.178522980463827e-07,-4.0408363468247465e-06
1573069391097,2019-11-06T14:43:11.097,179.4,-7.0480751895783134e-06,-6.171875231188877e-07,-4.217512909343699e-06
1573069391147,2019-11-06T14:43:11.147,179.45,-7.729492437043735e-06,-4.194737366931014e-07,-4.625066692909168e-06
1573069391197,2019-11-06T14:43:11.197,179.5,-8.36474641954137e-06,-3.6749764397555797e-07,-4.846626942627232e-06
1573069391247,2019-11-06T14:43:11.247,179.55,-8.360133084555438e-06,-4.5799533805793443e-07,-4.5943931713581614e-06
1573069391297,2019-11-06T14:43:11.297,179.6,-7.71583498009079e-06,-3.953081574598136e-07,-4.1738403503049105e-06
1573069391347,2019-11-06T14:43:11.347,179.65,-6.752247347187764e-06,-8.797317069617221e-08,-4.049426055040248e-06
1573069391397,2019-11-06T14:43:11.397,179.7,-5.846730712229093e-06,1.3110103060691854e-07,-4.237858873371807e-06
1573069391447,2019-11-06T14:43:11.447,179.75,-5.313351730389465e-06,1.2497328508218178e-07,-4.49473075610969e-06
1573069391497,2019-11-06T14:43:11.497,179.8,-5.052951229584284e-06,2.6520963038310677e-07,-4.64505813077265e-06
1573069391547,2019-11-06T14:43:11.547,179.85,-4.562793538969308e-06,7.282947204070823e-07,-4.4945615361507155e-06
1573069391597,2019-11-06T14:43:11.597,179.9,-3.489445638582986e-06,1.1650852972823068e-06,-3.9565975547838246e-06
1573069391647,2019-11-06T14:43:11.647,179.95,-1.95513595882399e-06,1.3699557642191861e-06,-3.281408808927994e-06
1573069391697,2019-11-06T14:43:11.697,180.0,-3.505361080829026e-07,1.5363952326615915e-06,-2.691431245417619e-06
1573069391747,2019-11-06T14:43:11.747,180.05,1.0498082560684252e-06,1.7502320770919801e-06,-2.005306828839143e-06
1573069391797,2019-11-06T14:43:11.797,180.1,2.2560641340732806e-06,1.9082358523466184e-06,-1.0106246699228713e-06
1573069391847,2019-11-06T14:43:11.847,180.15,3.3522136147248157e-06,2.0482810315984206e-06,6.98962473266168e-08
1573069391897,2019-11-06T14:43:11.897,180.2,4.229531270665439e-06,2.235963043264238e-06,8.1430384955057e-07
1573069391947,2019-11-06T14:43:11.947,180.25,4.70507283186566e-06,2.2933073198414676e-06,1.1676974006643342e-06
1573069391997,2019-11-06T14:43:11.997,180.3,4.83700615402829e-06,2.0702152651358657e-06,1.530532469182265e-06
1573069392047,2019-11-06T14:43:12.047,180.35,4.9071814506240545e-06,1.85971612478619e-06,2.2010533055675056e-06
1573069392097,2019-11-06T14:43:12.097,180.4,5.058800436339061e-06,2.0369065918408604e-06,2.8915377796090346e-06
1573069392147,2019-11-06T14:43:12.147,180.45,5.145305523668078e-06,2.3379557979988593e-06,3.069410018710241e-06
1573069392197,2019-11-06T14:43:12.197,180.5,5.0775222501080875e-06,2.162727703058749e-06,2.7306656407643484e-06
1573069392247,2019-11-06T14:43:12.247,180.55,5.074060254608129e-06,1.5549932998133705e-06,2.5196702611131376e-06
1573069392297,2019-11-06T14:43:12.297,180.6,5.239740773596005e-06,1.1691282011698238e-06,2.960171497169013e-06
1573069392347,2019-11-06T14:43:12.347,180.65,5.223670376433466e-06,1.3430600936829363e-06,3.734165110175843e-06
1573069392397,2019-11-06T14:43:12.397,180.7,4.83223419488238e-06,1.7854141140475624e-06,3.9791293686574055e-06
1573069392447,2019-11-06T14:43:12.447,180.75,4.565995247721864e-06,2.0707381826517683e-06,3.3527913495171112e-06
1573069392497,2019-11-06T14:43:12.497,180.8,4.856302193409122e-06,2.050734853410708e-06,2.5495729860165232e-06
1573069392547,2019-11-06T14:43:12.547,180.85,5.2648302252921804e-06,1.8066834986261207e-06,2.5530338856885153e-06
1573069392597,2019-11-06T14:43:12.597,180.9,5.220425621299939e-06,1.447117330206586e-06,3.4427151875785987e-06
1573069392647,2019-11-06T14:43:12.647,180.95,4.992042387702018e-06,1.1299879707734209e-06,4.201549111077134e-06
1573069392697,2019-11-06T14:43:12.697,181.0,5.070814262012453e-06,1.110211241862123e-06,3.917933416536055e-06
1573069392747,2019-11-06T14:43:12.747,181.05,5.104711199203239e-06,1.3532494393595345e-06,2.8994442140260495e-06
1573069392797,2019-11-06T14:43:12.797,181.1,4.311394508883667e-06,1.3208006061622108e-06,2.15745735441842e-06
1573069392847,2019-11-06T14:43:12.847,181.15,2.647225788035959e-06,7.31928332449427e-07,2.0483561649746516e-06
