epoch (ms),time (-13:00),elapsed (s),x-axis (g),y-axis (g),z-axis (g)
1574114580548,2019-11-18T17:03:00.548,0.0,0.023494900092368626,0.05852836333196601,0.02257949593841936
1574114580558,2019-11-18T17:03:00.558,0.01,0.02826610260629829,0.014926233263522028,0.01846816991225508
1574114580568,2019-11-18T17:03:00.568,0.02,0.02625183305528446,-0.018327995332190327,0.016610397254814592
1574114580578,2019-11-18T17:03:00.578,0.03,0.014512327260000953,-0.02660413653020487,0.013825546042747001
1574114580588,2019-11-18T17:03:00.588,0.04,-0.008198174645624395,-0.005145667303435069,0.0070144310938010344
1574114580598,2019-11-18T17:03:00.598,0.05,-0.03847493478176894,0.028901950772438404,-0.00044886048078587263
1574114580608,2019-11-18T17:03:00.608,0.06,-0.06224510384668369,0.05405379601252128,-0.0032021358808823567
1574114580618,2019-11-18T17:03:00.618,0.07,-0.0645950696545049,0.07030918721262383,-0.0008909471523729872
1574114580628,2019-11-18T17:03:00.628,0.08,-0.048155321447963174,0.09149657849613844,0.003453387212573734
1574114580638,2019-11-18T17:03:00.638,0.09,-0.030179085269202856,0.11678048523758319,0.008030836402358216
1574114580648,2019-11-18T17:03:00.648,0.1,-0.020982342692412375,0.1309248250190908,0.01187948468668822
1574114580658,2019-11-18T17:03:00.658,0.11,-0.016828062424811416,0.1322998264704882,0.013282735900911322
1574114580668,2019-11-18T17:03:00.668,0.12,-0.012036320761956149,0.13683120276855848,0.011811892330462048
1574114580678,2019-11-18T17:03:00.678,0.13,-0.0040120738225828696,0.14628659771054187,0.010222633141926629
1574114580688,2019-11-18T17:03:00.688,0.14,0.012898115020354543,0.1355452837844587,0.01135466247713857
1574114580698,2019-11-18T17:03:00.698,0.15,0.04310905026401567,0.09107643021949169,0.013744338010782117
1574114580708,2019-11-18T17:03:00.708,0.16,0.07669909470374603,0.04572697395572811,0.013840860379338127
1574114580718,2019-11-18T17:03:00.718,0.17,0.09500804435321701,0.04507851931018082,0.012580407346699142
1574114580728,2019-11-18T17:03:00.728,0.18,0.09487010997886657,0.08416789078403511,0.014558430727011237
1574114580738,2019-11-18T17:03:00.738,0.19,0.09432701677909408,0.11098778395732696,0.019561303888569834
1574114580748,2019-11-18T17:03:00.748,0.2,0.1070496820521136,0.09665960365211336,0.02137602613679685
1574114580758,2019-11-18T17:03:00.758,0.21,0.12386465069863684,0.06825431503861076,0.01716462677451976
1574114580768,2019-11-18T17:03:00.768,0.22,0.12923381083612814,0.06018419774337745,0.01127870951807224
1574114580778,2019-11-18T17:03:00.778,0.23,0.12415375167545847,0.06520199810068207,0.007372432219575861
1574114580788,2019-11-18T17:03:00.788,0.24,0.120280618666955,0.055869797818563355,0.0033754570495328822
1574114580798,2019-11-18T17:03:00.798,0.25,0.11983294441942377,0.03224805362110582,-0.0033390262802572073
1574114580808,2019-11-18T17:03:00.808,0.26,0.11497565807236579,0.01928447061218952,-0.011559030432816971
1574114580818,2019-11-18T17:03:00.818,0.27,0.1036324772394617,0.024595757923721758,-0.018861958442722836
1574114580828,2019-11-18T17:03:00.828,0.28,0.09314007339387845,0.02761641993760078,-0.02440562285914956
1574114580838,2019-11-18T17:03:00.838,0.29,0.08659448006851711,0.015179714380878551,-0.0281384396823655
1574114580848,2019-11-18T17:03:00.848,0.3,0.07567814940631681,0.0026102913625749968,-0.029876943695203054
1574114580858,2019-11-18T17:03:00.858,0.31,0.05241446609547915,0.0064422146892915986,-0.02976482435212623
1574114580868,2019-11-18T17:03:00.868,0.32,0.02184147271271039,0.015552366153237242,-0.028771664918421605
1574114580878,2019-11-18T17:03:00.878,0.33,-0.0030128964317719014,0.006810590060523981,-0.028205117224431416
1574114580888,2019-11-18T17:03:00.888,0.34,-0.015589720110164674,-0.020695381060987207,-0.02856686252054465
1574114580898,2019-11-18T17:03:00.898,0.35,-0.020433431287248584,-0.04217404162641443,-0.029565583772327174
1574114580908,2019-11-18T17:03:00.908,0.36,-0.024815001442469335,-0.037009011093545485,-0.03127686941256363
1574114580918,2019-11-18T17:03:00.918,0.37,-0.029709553285638672,-0.013559475031424467,-0.03436455330467745
1574114580928,2019-11-18T17:03:00.928,0.38,-0.03041522496748965,0.002376209346055898,-0.03914393445745103
1574114580938,2019-11-18T17:03:00.938,0.39,-0.024337194028313948,0.0010388629394031614,-0.04417626423085444
1574114580948,2019-11-18T17:03:00.948,0.4,-0.014860963483950706,-0.0037190109233451673,-0.045839684450322965
1574114580958,2019-11-18T17:03:00.958,0.41,-0.006180479883366145,-0.0035510582761583407,-0.041814385036373
1574114580968,2019-11-18T17:03:00.968,0.42,0.002382441782487246,-0.010810580184796484,-0.035337686715840914
1574114580978,2019-11-18T17:03:00.978,0.43,0.012954601423233385,-0.03230925396426867,-0.03229502757243733
1574114580988,2019-11-18T17:03:00.988,0.44,0.022136723772433115,-0.04861441649468018,-0.034181919233817214
1574114580998,2019-11-18T17:03:00.998,0.45,0.023760476401956825,-0.03814999017865865,-0.03772830352989513
1574114581008,2019-11-18T17:03:01.008,0.46,0.019610414460915833,-0.00839366150628679,-0.04005849843684501
1574114581018,2019-11-18T17:03:01.018,0.47,0.020344976263095067,0.014880478323486988,-0.04066124816451217
1574114581028,2019-11-18T17:03:01.028,0.48,0.03132752395495478,0.02077842682863977,-0.04036104550684874
1574114581038,2019-11-18T17:03:01.038,0.49,0.04403379503456198,0.01850705765246242,-0.040418978186850606
1574114581048,2019-11-18T17:03:01.048,0.5,0.04785738352960203,0.01425224986052227,-0.04044962694930986
1574114581058,2019-11-18T17:03:01.058,0.51,0.04395842319681483,0.0020663392363720326,-0.03812088474998161
1574114581068,2019-11-18T17:03:01.068,0.52,0.039797509798313944,-0.019255751455693946,-0.03354779897502204
1574114581078,2019-11-18T17:03:01.078,0.53,0.03630607540034939,-0.03808539669232946,-0.030352626876232833
1574114581088,2019-11-18T17:03:01.088,0.54,0.029061803436714648,-0.04670559636860691,-0.029597411179376087
1574114581098,2019-11-18T17:03:01.098,0.55,0.017280690999903037,-0.05042320774696583,-0.02782133293025327
1574114581108,2019-11-18T17:03:01.108,0.56,0.003646358832912916,-0.05229298123578336,-0.023215166193396808
1574114581118,2019-11-18T17:03:01.118,0.57,-0.011064470053681495,-0.045922586577128194,-0.01817573031280327
1574114581128,2019-11-18T17:03:01.128,0.58,-0.026237004698873544,-0.030936407844053562,-0.014696381609625098
1574114581138,2019-11-18T17:03:01.138,0.59,-0.03749530659060804,-0.018517259392659552,-0.01234627558107089
1574114581148,2019-11-18T17:03:01.148,0.6,-0.041058567425419266,-0.015244555263186712,-0.010618807326526482
1574114581158,2019-11-18T17:03:01.158,0.61,-0.03981895472276907,-0.016023043106681106,-0.009094672745166291
1574114581168,2019-11-18T17:03:01.168,0.62,-0.03890952233301089,-0.017130073676875107,-0.006533806759721433
1574114581178,2019-11-18T17:03:01.178,0.63,-0.03664556398861075,-0.023637961537770237,-0.002699295900796623
1574114581188,2019-11-18T17:03:01.188,0.64,-0.026872020158755325,-0.03870827801350339,0.0007159478121927364
1574114581198,2019-11-18T17:03:01.198,0.65,-0.010628088189900464,-0.05428129616605007,0.0025468206636643613
1574114581208,2019-11-18T17:03:01.208,0.66,0.0025647216165523247,-0.06059437804461812,0.0036853989479748786
1574114581218,2019-11-18T17:03:01.218,0.67,0.007963020964186336,-0.061265992391704216,0.004986053134582091
1574114581228,2019-11-18T17:03:01.228,0.68,0.012243370366017546,-0.06751864251573315,0.005232926157282434
1574114581238,2019-11-18T17:03:01.238,0.69,0.02216855996043804,-0.07731038087492242,0.0034949885440769576
1574114581248,2019-11-18T17:03:01.248,0.7,0.03407569164760656,-0.07601824164366656,0.002519437440173471
1574114581258,2019-11-18T17:03:01.258,0.71,0.040540311297405804,-0.06164776542006054,0.005942331437827147
1574114581268,2019-11-18T17:03:01.268,0.72,0.04069521438482382,-0.05028279293201662,0.012654207410946099
1574114581278,2019-11-18T17:03:01.278,0.73,0.03736752301980427,-0.04997080421335569,0.018247619365265103
1574114581288,2019-11-18T17:03:01.288,0.74,0.029803288835532928,-0.049528040131300806,0.021123175226248674
1574114581298,2019-11-18T17:03:01.298,0.75,0.01642378842628942,-0.04131684253062268,0.023367356694017773
1574114581308,2019-11-18T17:03:01.308,0.76,0.0009121259730610781,-0.03485764498861174,0.02720766335472618
1574114581318,2019-11-18T17:03:01.318,0.77,-0.011820409189352041,-0.03709149277318437,0.03335311037171833
1574114581328,2019-11-18T17:03:01.328,0.78,-0.024196053687182164,-0.03610813118913876,0.04119695130680827
1574114581338,2019-11-18T17:03:01.338,0.79,-0.04347154721961606,-0.018382607804880248,0.04959363375158197
1574114581348,2019-11-18T17:03:01.348,0.8,-0.07068008723556038,0.007443757748864045,0.05848782908090232
1574114581358,2019-11-18T17:03:01.358,0.81,-0.0990623444348124,0.018215503551708936,0.06829834502701185
1574114581368,2019-11-18T17:03:01.368,0.82,-0.12452142589228687,0.007037233768204448,0.0767646265832189
1574114581378,2019-11-18T17:03:01.378,0.83,-0.15080034627769523,-0.0032959530789974023,0.08039855790620108
1574114581388,2019-11-18T17:03:01.388,0.84,-0.18216492025020725,0.01619005878692431,0.08061897451359515
1574114581398,2019-11-18T17:03:01.398,0.85,-0.21570247756528443,0.06583471595023496,0.0831320777953809
1574114581408,2019-11-18T17:03:01.408,0.86,-0.2429170112438337,0.11506481813985373,0.08959447761156147
1574114581418,2019-11-18T17:03:01.418,0.87,-0.25787275411507826,0.13852473510169944,0.09630894839009542
1574114581428,2019-11-18T17:03:01.428,0.88,-0.26404663643503257,0.14226632059001373,0.10241233076378792
1574114581438,2019-11-18T17:03:01.438,0.89,-0.2714978717745423,0.14485677659188914,0.11123098242776022
1574114581448,2019-11-18T17:03:01.448,0.9,-0.2842628179908227,0.1475666552538783,0.12199371124190786
1574114581458,2019-11-18T17:03:01.458,0.91,-0.2940147165425302,0.13958727846966873,0.1290728193278394
1574114581468,2019-11-18T17:03:01.468,0.92,-0.2914885073444488,0.12276756285749774,0.1311691598393211
1574114581478,2019-11-18T17:03:01.478,0.93,-0.2793182540488137,0.11414339621048838,0.1333197600964736
1574114581488,2019-11-18T17:03:01.488,0.94,-0.2670380952859065,0.12360679571974517,0.13888662950438432
1574114581498,2019-11-18T17:03:01.498,0.95,-0.2600606000829422,0.13921358756087246,0.1458218479637211
1574114581508,2019-11-18T17:03:01.508,0.96,-0.26050452533013263,0.14441526672672741,0.15087694473883395
1574114581518,2019-11-18T17:03:01.518,0.97,-0.26953880459414953,0.14419201077702132,0.15304212098405146
1574114581528,2019-11-18T17:03:01.528,0.98,-0.28084907236069473,0.15290043392291663,0.1525725674085483
1574114581538,2019-11-18T17:03:01.538,0.99,-0.2824134478702498,0.1624716770320759,0.14867955584987863
1574114581548,2019-11-18T17:03:01.548,1.0,-0.2730453813251622,0.15647085592180793,0.13926534826095777
1574114581558,2019-11-18T17:03:01.558,1.01,-0.26436110983621547,0.14509517997944665,0.12389695999248687
1574114581568,2019-11-18T17:03:01.568,1.02,-0.2542451037359378,0.13850538652320354,0.10653505815273365
1574114581578,2019-11-18T17:03:01.578,1.03,-0.21134638683644147,0.0964800604539861,0.09282886311092108
1574114581588,2019-11-18T17:03:01.588,1.04,-0.10865636643652346,-0.02999487670300828,0.08381709449580987
1574114581598,2019-11-18T17:03:01.598,1.05,0.027675988769691552,-0.19909494858813637,0.07421751532687364
1574114581608,2019-11-18T17:03:01.608,1.06,0.12777085119834364,-0.2913755230392294,0.05717379208086175
1574114581618,2019-11-18T17:03:01.618,1.07,0.15144948648340198,-0.2558937033925396,0.027548692737868023
1574114581628,2019-11-18T17:03:01.628,1.08,0.13681002902324393,-0.18319699341532306,-0.017698275685927696
1574114581638,2019-11-18T17:03:01.638,1.09,0.1565597019228738,-0.19291467908921517,-0.07371950471469553
1574114581648,2019-11-18T17:03:01.648,1.1,0.2376686149571881,-0.29612440053233285,-0.12348872412697307
1574114581658,2019-11-18T17:03:01.658,1.11,0.34315226247775993,-0.40058949539970934,-0.15188514813107146
1574114581668,2019-11-18T17:03:01.668,1.12,0.41709105412961056,-0.41676275092390075,-0.16237681654424288
1574114581678,2019-11-18T17:03:01.678,1.13,0.4266854984886446,-0.3319623207756674,-0.1670589590784049
1574114581688,2019-11-18T17:03:01.688,1.14,0.3818950698350134,-0.197705611499247,-0.16868037156751087
1574114581698,2019-11-18T17:03:01.698,1.15,0.33638410442479333,-0.08598898655398945,-0.1676303279584219
1574114581708,2019-11-18T17:03:01.708,1.16,0.34638426423861357,-0.0664236200866273,-0.17337948743483356
1574114581718,2019-11-18T17:03:01.718,1.17,0.4101044275341633,-0.15735260222706499,-0.1925961268103012
1574114581728,2019-11-18T17:03:01.728,1.18,0.46866037385200143,-0.27320334979543803,-0.21761141117774419
1574114581738,2019-11-18T17:03:01.738,1.19,0.47555747193798475,-0.30246635562155894,-0.23792270027990864
1574114581748,2019-11-18T17:03:01.748,1.2,0.44037923900507536,-0.24746534863400502,-0.25288059516592937
1574114581758,2019-11-18T17:03:01.758,1.21,0.39803946322342754,-0.20074730851774492,-0.2657881914958147
1574114581768,2019-11-18T17:03:01.768,1.22,0.364136744528289,-0.20321143816119405,-0.27422305137441166
1574114581778,2019-11-18T17:03:01.778,1.23,0.33268408091057733,-0.21261764521344356,-0.27328524544350663
1574114581788,2019-11-18T17:03:01.788,1.24,0.2940889359295582,-0.1880607505776376,-0.26252038997636007
1574114581798,2019-11-18T17:03:01.798,1.25,0.24265109830945797,-0.13640988951251112,-0.24381792610679545
1574114581808,2019-11-18T17:03:01.808,1.26,0.18209359316253143,-0.08658570646084862,-0.21882547583519782
1574114581818,2019-11-18T17:03:01.818,1.27,0.12850945781344866,-0.05426425276501337,-0.19265167851343823
1574114581828,2019-11-18T17:03:01.828,1.28,0.09427580234362382,-0.029039545782249994,-0.1719493684750804
1574114581838,2019-11-18T17:03:01.838,1.29,0.0710133787235372,0.011671144907149803,-0.15681217614367285
1574114581848,2019-11-18T17:03:01.848,1.3,0.041032671438753034,0.07448940321833605,-0.14177362427530465
1574114581858,2019-11-18T17:03:01.858,1.31,2.2001763782428588e-05,0.14200823496405426,-0.12410388344844558
1574114581868,2019-11-18T17:03:01.868,1.32,-0.04227282691364218,0.19376791143758743,-0.10648763905289779
1574114581878,2019-11-18T17:03:01.878,1.33,-0.07799286796053716,0.22566262765618453,-0.09437516052813978
1574114581888,2019-11-18T17:03:01.888,1.34,-0.11104704809889698,0.24959833345736326,-0.09182196056614231
1574114581898,2019-11-18T17:03:01.898,1.35,-0.1536526870200852,0.2793784275962505,-0.09657830633771859
1574114581908,2019-11-18T17:03:01.908,1.36,-0.20914680055647994,0.30749903662847855,-0.1010702020512012
1574114581918,2019-11-18T17:03:01.918,1.37,-0.25497431672125787,0.2956768753517308,-0.10111247517079666
1574114581928,2019-11-18T17:03:01.928,1.38,-0.2597765817920674,0.21684753643686988,-0.10018575088326505
1574114581938,2019-11-18T17:03:01.938,1.39,-0.2291315513663397,0.1145678130453805,-0.10257756038935684
1574114581948,2019-11-18T17:03:01.948,1.4,-0.21129557573856816,0.07749895396967432,-0.1062699546456553
1574114581958,2019-11-18T17:03:01.958,1.41,-0.23772403673049108,0.13248530724550714,-0.10571505609515085
1574114581968,2019-11-18T17:03:01.968,1.42,-0.2815084231209909,0.20921726289100445,-0.09928649329870812
1574114581978,2019-11-18T17:03:01.978,1.43,-0.29977455408567877,0.23970086262880924,-0.09113044981575998
1574114581988,2019-11-18T17:03:01.988,1.44,-0.29373001455261727,0.23962015525755492,-0.08565626820388965
1574114581998,2019-11-18T17:03:01.998,1.45,-0.2923557525462259,0.24839017816167624,-0.08225434522988541
1574114582008,2019-11-18T17:03:02.008,1.46,-0.2931241098802877,0.24157558183706035,-0.07782863997972991
1574114582018,2019-11-18T17:03:02.018,1.47,-0.2639404308945211,0.16893012340821711,-0.0727656332380211
1574114582028,2019-11-18T17:03:02.028,1.48,-0.2042378282189019,0.05126465206968518,-0.0696540408410976
1574114582038,2019-11-18T17:03:02.038,1.49,-0.15852942846981993,-0.029095131030766934,-0.06829636985274098
1574114582048,2019-11-18T17:03:02.048,1.5,-0.15622751453090594,-0.027224875317861854,-0.06809303445304701
1574114582058,2019-11-18T17:03:02.058,1.51,-0.17800508306551158,0.02936350393677461,-0.0714395158915718
1574114582068,2019-11-18T17:03:02.068,1.52,-0.1930739600770125,0.0870326728829938,-0.07769035614532499
1574114582078,2019-11-18T17:03:02.078,1.53,-0.1843473475984031,0.08629551437710933,-0.07988099355778544
1574114582088,2019-11-18T17:03:02.088,1.54,-0.13094115404140383,-0.02597663632435327,-0.07616335076885886
1574114582098,2019-11-18T17:03:02.098,1.55,-0.029909170625233628,-0.2161844814155975,-0.07650071248094302
1574114582108,2019-11-18T17:03:02.108,1.56,0.057793019358010615,-0.34930498443754165,-0.08601675389662847
1574114582118,2019-11-18T17:03:02.118,1.57,0.06894710692991665,-0.3610122576964958,-0.09087843854541716
1574114582128,2019-11-18T17:03:02.128,1.58,0.05676102128197208,-0.35502331396119324,-0.07715613357757536
1574114582138,2019-11-18T17:03:02.138,1.59,0.13935028776331998,-0.40726180325279765,-0.05485247418662137
1574114582148,2019-11-18T17:03:02.148,1.6,0.30773605575545804,-0.4185227408201461,-0.043226694161536114
1574114582158,2019-11-18T17:03:02.158,1.61,0.4103799165513858,-0.306047678836125,-0.03900516628256257
1574114582168,2019-11-18T17:03:02.168,1.62,0.36950244457618137,-0.16889967272120388,-0.02188369735061635
1574114582178,2019-11-18T17:03:02.178,1.63,0.2882545570709073,-0.12688156274084134,0.010304124081721728
1574114582188,2019-11-18T17:03:02.188,1.64,0.2891093317906158,-0.15752068939353323,0.03628657850420014
1574114582198,2019-11-18T17:03:02.198,1.65,0.35900959605978133,-0.18388947468345035,0.04399647588824102
1574114582208,2019-11-18T17:03:02.208,1.66,0.41296540320888553,-0.18632761604865078,0.04358295084514796
1574114582218,2019-11-18T17:03:02.218,1.67,0.41547010429669623,-0.17341755722504523,0.04462530154813884
1574114582228,2019-11-18T17:03:02.228,1.68,0.3844265887111488,-0.14466919882354295,0.045715755629201896
1574114582238,2019-11-18T17:03:02.238,1.69,0.3443331547596632,-0.11897897155436346,0.047410020991074345
1574114582248,2019-11-18T17:03:02.248,1.7,0.3137359872289589,-0.13195737098480925,0.05299624693411355
1574114582258,2019-11-18T17:03:02.258,1.71,0.2970959087583085,-0.177397392787508,0.05908472682777818
1574114582268,2019-11-18T17:03:02.268,1.72,0.2761610098652367,-0.20146767713657268,0.061253453085852026
1574114582278,2019-11-18T17:03:02.278,1.73,0.2338890735634408,-0.17532743413513843,0.06286772982058188
1574114582288,2019-11-18T17:03:02.288,1.74,0.1788082938490132,-0.12689688128341375,0.06834810896203179
1574114582298,2019-11-18T17:03:02.298,1.75,0.12639634365506305,-0.08401934682499046,0.07561278189160639
1574114582308,2019-11-18T17:03:02.308,1.76,0.07380054477558018,-0.036513233097079864,0.08227283703664229
1574114582318,2019-11-18T17:03:02.318,1.77,0.014199334426467517,0.02398691314810662,0.09091017742811597
1574114582328,2019-11-18T17:03:02.328,1.78,-0.040498903382857866,0.0766515709080777,0.10251027401864848
1574114582338,2019-11-18T17:03:02.338,1.79,-0.07450629753889365,0.11203979100317296,0.11367419754913104
1574114582348,2019-11-18T17:03:02.348,1.8,-0.09360740906407267,0.1556092549699003,0.1241857225911448
1574114582358,2019-11-18T17:03:02.358,1.81,-0.11518534500623764,0.22240572200085093,0.13791362280949582
1574114582368,2019-11-18T17:03:02.368,1.82,-0.144511690714313,0.29052487492554935,0.15490487178838583
1574114582378,2019-11-18T17:03:02.378,1.83,-0.179483273029105,0.34417164825926694,0.17105405689756722
1574114582388,2019-11-18T17:03:02.388,1.84,-0.22415715685430437,0.39468361197742097,0.18498411791595698
1574114582398,2019-11-18T17:03:02.398,1.85,-0.2743418976475638,0.43061027556255943,0.19892727590332393
1574114582408,2019-11-18T17:03:02.408,1.86,-0.30236746971039996,0.3998262993220215,0.2132286228320328
1574114582418,2019-11-18T17:03:02.418,1.87,-0.2863751235025834,0.2847699520130531,0.2238448388734221
1574114582428,2019-11-18T17:03:02.428,1.88,-0.25023960970928055,0.15869457804601156,0.22741524753955858
1574114582438,2019-11-18T17:03:02.438,1.89,-0.24191001604903,0.11758986296682411,0.22798682291210473
1574114582448,2019-11-18T17:03:02.448,1.9,-0.27092267616600885,0.1690993623703732,0.2335194850704354
1574114582458,2019-11-18T17:03:02.458,1.91,-0.30027589350456513,0.2337531876975013,0.2433402614008137
1574114582468,2019-11-18T17:03:02.468,1.92,-0.30441981850598454,0.2559811861224551,0.2475399025456548
1574114582478,2019-11-18T17:03:02.478,1.93,-0.2986983459650425,0.2543530311985618,0.24466084314543862
1574114582488,2019-11-18T17:03:02.488,1.94,-0.2936367287195028,0.23232786327898788,0.24672813814126138
1574114582498,2019-11-18T17:03:02.498,1.95,-0.2540044924748146,0.11970984865684034,0.25589634725902743
1574114582508,2019-11-18T17:03:02.508,1.96,-0.1476871757759643,-0.10620662704230198,0.25460087170125656
1574114582518,2019-11-18T17:03:02.518,1.97,-0.024158794906260973,-0.30563543377746494,0.2348464096584804
1574114582528,2019-11-18T17:03:02.528,1.98,0.020789303603354528,-0.32112551336853756,0.21419344278991315
1574114582538,2019-11-18T17:03:02.538,1.99,-0.01607065280626142,-0.21144795164530977,0.20268250311535402
1574114582548,2019-11-18T17:03:02.548,2.0,-0.010930134609520479,-0.18411177807785745,0.18085614804629205
1574114582558,2019-11-18T17:03:02.558,2.01,0.11516642619575325,-0.2911284542742064,0.13738687280251388
1574114582568,2019-11-18T17:03:02.568,2.02,0.2523012565046925,-0.3660074067810226,0.10063938985694741
1574114582578,2019-11-18T17:03:02.578,2.03,0.25021125864283505,-0.30125356663915215,0.0946667578179071
1574114582588,2019-11-18T17:03:02.588,2.04,0.16054727976742314,-0.20738082104083516,0.0901553445752946
1574114582598,2019-11-18T17:03:02.598,2.05,0.15314524673096852,-0.21513022248173586,0.049411419024208536
1574114582608,2019-11-18T17:03:02.608,2.06,0.23318565748896902,-0.27313684710657754,-0.006559167304422308
1574114582618,2019-11-18T17:03:02.618,2.07,0.25865912240656225,-0.25769942629437714,-0.033410386465759744
1574114582628,2019-11-18T17:03:02.628,2.08,0.19684964513667702,-0.18127598583074547,-0.03560034099142986
1574114582638,2019-11-18T17:03:02.638,2.09,0.14542482415792174,-0.15446393182258983,-0.04590883282843895
1574114582648,2019-11-18T17:03:02.648,2.1,0.14100042386553663,-0.19656989756380894,-0.06499573334465307
1574114582658,2019-11-18T17:03:02.658,2.11,0.12890704505738987,-0.2281857383221605,-0.07187131577779127
1574114582668,2019-11-18T17:03:02.668,2.12,0.08682744168645706,-0.2183525989697203,-0.06683646257042092
1574114582678,2019-11-18T17:03:02.678,2.13,0.04620934559433573,-0.2050591597354937,-0.06550674947963896
1574114582688,2019-11-18T17:03:02.688,2.14,0.01670926237758383,-0.19871371422071998,-0.06993982929904163
1574114582698,2019-11-18T17:03:02.698,2.15,-0.023024742386344027,-0.17166162356635845,-0.07118646952554046
1574114582708,2019-11-18T17:03:02.708,2.16,-0.07868277449231292,-0.11403105407685216,-0.06713062822768102
1574114582718,2019-11-18T17:03:02.718,2.17,-0.14016583507426159,-0.03225912557121015,-0.060687634665454966
1574114582728,2019-11-18T17:03:02.728,2.18,-0.20732849682211563,0.06929793593171421,-0.04948102943933221
1574114582738,2019-11-18T17:03:02.738,2.19,-0.27566343521263725,0.16284561182145513,-0.031576183233592583
1574114582748,2019-11-18T17:03:02.748,2.2,-0.318488904340938,0.20081924393960104,-0.015716510520002485
1574114582758,2019-11-18T17:03:02.758,2.21,-0.3195220276274044,0.1822385926455165,-0.012456362703655258
1574114582768,2019-11-18T17:03:02.768,2.22,-0.3053534612781641,0.1718629630726467,-0.018518726000302355
1574114582778,2019-11-18T17:03:02.778,2.23,-0.31332458760886883,0.2178562266951759,-0.022120806269782675
1574114582788,2019-11-18T17:03:02.788,2.24,-0.3414889688121179,0.2856025778543411,-0.02113192905143297
1574114582798,2019-11-18T17:03:02.798,2.25,-0.3593809904448832,0.30883022452882225,-0.02441513841608854
1574114582808,2019-11-18T17:03:02.808,2.26,-0.3568767188551999,0.280313227010883,-0.03607632047308593
1574114582818,2019-11-18T17:03:02.818,2.27,-0.35403168467071094,0.25044819909327987,-0.04865387004766551
1574114582828,2019-11-18T17:03:02.828,2.28,-0.36569706341396296,0.2474881719338007,-0.05383847537713951
1574114582838,2019-11-18T17:03:02.838,2.29,-0.38062199511868067,0.24526143681245183,-0.05250126260408257
1574114582848,2019-11-18T17:03:02.848,2.3,-0.381045143654455,0.2144983324477221,-0.05132227945226353
1574114582858,2019-11-18T17:03:02.858,2.31,-0.3652856978514175,0.16270619342100617,-0.05483542878535684
1574114582868,2019-11-18T17:03:02.868,2.32,-0.34098161135306526,0.10918158719639753,-0.06331263814405763
1574114582878,2019-11-18T17:03:02.878,2.33,-0.31015262272621713,0.05892143308863476,-0.07488333913939875
1574114582888,2019-11-18T17:03:02.888,2.34,-0.2760064782799095,0.020155218556189913,-0.08688076743446191
1574114582898,2019-11-18T17:03:02.898,2.35,-0.25210156376716464,0.010882971882498055,-0.09537347742931525
1574114582908,2019-11-18T17:03:02.908,2.36,-0.24091604047020138,0.01773269775973995,-0.09675974680802474
1574114582918,2019-11-18T17:03:02.918,2.37,-0.21273240532693288,-0.018098592271733813,-0.09323532290953103
1574114582928,2019-11-18T17:03:02.928,2.38,-0.14000381475452361,-0.12377764862848037,-0.0920238651601742
1574114582938,2019-11-18T17:03:02.938,2.39,-0.047846624665422416,-0.22722821125648146,-0.09368366132312328
1574114582948,2019-11-18T17:03:02.948,2.4,0.011368674311453789,-0.23894827521843776,-0.08896635119238569
1574114582958,2019-11-18T17:03:02.958,2.41,0.03234448673215352,-0.1923462114864088,-0.07398473416744551
1574114582968,2019-11-18T17:03:02.968,2.42,0.060786992096740995,-0.20560393478472883,-0.05804790731054554
1574114582978,2019-11-18T17:03:02.978,2.43,0.1226574165700931,-0.2931264242910967,-0.04986410176566726
1574114582988,2019-11-18T17:03:02.988,2.44,0.19429906084317086,-0.33690434993439045,-0.0469993649300153
1574114582998,2019-11-18T17:03:02.998,2.45,0.24518527181453853,-0.2823297036389038,-0.04389580813312936
1574114583008,2019-11-18T17:03:03.008,2.46,0.26961358165834864,-0.22630431666437978,-0.0397941349281586
1574114583018,2019-11-18T17:03:03.018,2.47,0.2745091752839994,-0.2516311338377956,-0.035518827354152384
1574114583028,2019-11-18T17:03:03.028,2.48,0.27162334026519575,-0.3061059298892742,-0.03179701140232241
1574114583038,2019-11-18T17:03:03.038,2.49,0.2808157142750957,-0.31004475131321396,-0.03164867573060115
1574114583048,2019-11-18T17:03:03.048,2.5,0.31192028448627684,-0.26860294882545854,-0.035703218241932275
1574114583058,2019-11-18T17:03:03.058,2.51,0.348405250415804,-0.22533042130697517,-0.03759651114306399
1574114583068,2019-11-18T17:03:03.068,2.52,0.36817061590596395,-0.19541745946057887,-0.03249753862704368
1574114583078,2019-11-18T17:03:03.078,2.53,0.3680696404084366,-0.17695568313087368,-0.024171801003984417
1574114583088,2019-11-18T17:03:03.088,2.54,0.35520556039009354,-0.16604557988675717,-0.01622643656263236
1574114583098,2019-11-18T17:03:03.098,2.55,0.33043415051881053,-0.1499635453373806,-0.005329040300627337
1574114583108,2019-11-18T17:03:03.108,2.56,0.2912776444651243,-0.11841712934150708,0.010702556876692281
1574114583118,2019-11-18T17:03:03.118,2.57,0.2385930166631647,-0.07302803005304694,0.027473543384140806
1574114583128,2019-11-18T17:03:03.128,2.58,0.17301311856556073,-0.013454851949836718,0.041746877809467856
1574114583138,2019-11-18T17:03:03.138,2.59,0.09379499951662251,0.06268503101691088,0.0563818356831661
1574114583148,2019-11-18T17:03:03.148,2.6,0.006387836168815039,0.14037685148188211,0.07293558065773012
1574114583158,2019-11-18T17:03:03.158,2.61,-0.07569294767686734,0.19476825891913718,0.08694631893985685
1574114583168,2019-11-18T17:03:03.168,2.62,-0.14053375435415846,0.22279827724714896,0.09591568738735931
1574114583178,2019-11-18T17:03:03.178,2.63,-0.18489508736852084,0.24424390468908713,0.10434982927939188
1574114583188,2019-11-18T17:03:03.188,2.64,-0.21202630241339104,0.2715054407107933,0.1151593018092864
1574114583198,2019-11-18T17:03:03.198,2.65,-0.22875156918747724,0.2989101275494988,0.12433558094162142
1574114583208,2019-11-18T17:03:03.208,2.66,-0.24273488080561698,0.31710018522195815,0.12940774244336836
1574114583218,2019-11-18T17:03:03.218,2.67,-0.25633755446505146,0.32051602794150463,0.1342581526123046
1574114583228,2019-11-18T17:03:03.228,2.68,-0.2665272819847697,0.30888620276265233,0.1412334385542914
1574114583238,2019-11-18T17:03:03.238,2.69,-0.273701210395732,0.2915778102328643,0.1470165333622918
1574114583248,2019-11-18T17:03:03.248,2.7,-0.2817007739491379,0.27709765374455414,0.14887203987101336
1574114583258,2019-11-18T17:03:03.258,2.71,-0.28726119259163907,0.2579067434304188,0.1476474045089602
1574114583268,2019-11-18T17:03:03.268,2.72,-0.2832276309733038,0.22794209619376338,0.1444478380417299
1574114583278,2019-11-18T17:03:03.278,2.73,-0.27475762681615506,0.20894747416033402,0.14004444160352572
1574114583288,2019-11-18T17:03:03.288,2.74,-0.27601198100913926,0.22617620666567273,0.13573711596183746
1574114583298,2019-11-18T17:03:03.298,2.75,-0.2846181201835724,0.25882024098447276,0.1316119089701157
1574114583308,2019-11-18T17:03:03.308,2.76,-0.27236970401606286,0.2482829989729352,0.1266539504592277
1574114583318,2019-11-18T17:03:03.318,2.77,-0.2116734566464487,0.1653577304037484,0.12006799007982294
1574114583328,2019-11-18T17:03:03.328,2.78,-0.10853057846988773,0.047278432968080236,0.10956942902330807
1574114583338,2019-11-18T17:03:03.338,2.79,-0.0009726004348656857,-0.045882777201422746,0.09196623780456109
1574114583348,2019-11-18T17:03:03.348,2.8,0.0789517320145996,-0.0979422105217291,0.06726824732029119
1574114583358,2019-11-18T17:03:03.358,2.81,0.13483515211792915,-0.13805987501637126,0.03784194907117165
1574114583368,2019-11-18T17:03:03.368,2.82,0.19152333539865105,-0.1833034285638496,0.004953040649083054
1574114583378,2019-11-18T17:03:03.378,2.83,0.26165592709323554,-0.2166394737029711,-0.029534630495405202
1574114583388,2019-11-18T17:03:03.388,2.84,0.33780656818400445,-0.22698336547506293,-0.061762536046384056
1574114583398,2019-11-18T17:03:03.398,2.85,0.40587635016481727,-0.22487871413775662,-0.08939814181328001
1574114583408,2019-11-18T17:03:03.408,2.86,0.4519847899173478,-0.2028337715117251,-0.11356713958389507
1574114583418,2019-11-18T17:03:03.418,2.87,0.4665736153517568,-0.13005450241009314,-0.13661693333216185
1574114583428,2019-11-18T17:03:03.428,2.88,0.4550235436519533,-0.01252201268411602,-0.15907188074062678
1574114583438,2019-11-18T17:03:03.438,2.89,0.4373989826717988,0.08181016392132058,-0.17803365401362167
1574114583448,2019-11-18T17:03:03.448,2.9,0.42877780049210745,0.08568966490415261,-0.18982365950412738
1574114583458,2019-11-18T17:03:03.458,2.91,0.4240769250717207,0.0019216997715649792,-0.19494894276083866
1574114583468,2019-11-18T17:03:03.468,2.92,0.4070569915555073,-0.10060313886173076,-0.19754156989276572
1574114583478,2019-11-18T17:03:03.478,2.93,0.3707769964337303,-0.14987251573065963,-0.19988973893400996
1574114583488,2019-11-18T17:03:03.488,2.94,0.3257195332053622,-0.1301786330049874,-0.2009867317316878
1574114583498,2019-11-18T17:03:03.498,2.95,0.28781307082445434,-0.0828272489486308,-0.20007285197228442
1574114583508,2019-11-18T17:03:03.508,2.96,0.2577497131450349,-0.04493196116523078,-0.19806508428897235
1574114583518,2019-11-18T17:03:03.518,2.97,0.21567411526354263,-0.0033887874985505636,-0.1942593304825193
1574114583528,2019-11-18T17:03:03.528,2.98,0.14505982427674816,0.06625106038287125,-0.18392822321095909
1574114583538,2019-11-18T17:03:03.538,2.99,0.05880421036918484,0.1358262800696316,-0.1633858254470132
1574114583548,2019-11-18T17:03:03.548,3.0,-0.014563485190789923,0.15051099717248234,-0.13736267424234128
1574114583558,2019-11-18T17:03:03.558,3.01,-0.0713428186791944,0.11908870506069191,-0.11433228323444476
1574114583568,2019-11-18T17:03:03.568,3.02,-0.13785384432797884,0.12173810181445399,-0.0935835510271418
1574114583578,2019-11-18T17:03:03.578,3.03,-0.22749550803341928,0.20420284615630047,-0.0673451757845089
1574114583588,2019-11-18T17:03:03.588,3.04,-0.3137966991655695,0.31033375397489826,-0.03733671375018527
1574114583598,2019-11-18T17:03:03.598,3.05,-0.36138141229300613,0.35837154619873784,-0.016415973263069754
1574114583608,2019-11-18T17:03:03.608,3.06,-0.37082195490424474,0.35215500906888575,-0.010981749722435017
1574114583618,2019-11-18T17:03:03.618,3.07,-0.3752230713795702,0.3641057242969209,-0.013931001218337642
1574114583628,2019-11-18T17:03:03.628,3.08,-0.3935989387666571,0.4169968731609368,-0.018405694104225684
1574114583638,2019-11-18T17:03:03.638,3.09,-0.404360684351164,0.44356133718580865,-0.027864192541131864
1574114583648,2019-11-18T17:03:03.648,3.1,-0.37941481415650524,0.3894266270754635,-0.0474760874831631
1574114583658,2019-11-18T17:03:03.658,3.11,-0.3345411225476478,0.3040702588014339,-0.07136954783980443
1574114583668,2019-11-18T17:03:03.668,3.12,-0.311806123363676,0.2644547754597916,-0.08346928088191599
1574114583678,2019-11-18T17:03:03.678,3.13,-0.3025347193821796,0.23385497997404164,-0.07412511962254274
1574114583688,2019-11-18T17:03:03.688,3.14,-0.2389350472528642,0.10289762623317222,-0.056196691212278056
1574114583698,2019-11-18T17:03:03.698,3.15,-0.10270344516777846,-0.10748896838800993,-0.052682305851144404
1574114583708,2019-11-18T17:03:03.708,3.16,0.017044377623235844,-0.22108461522209025,-0.06238895599217269
1574114583718,2019-11-18T17:03:03.718,3.17,0.04729828404200849,-0.15823132113491822,-0.05882508797763564
1574114583728,2019-11-18T17:03:03.728,3.18,0.05764010084510567,-0.06605582335454332,-0.03365611627673312
1574114583738,2019-11-18T17:03:03.738,3.19,0.16647759957814753,-0.09714648194769836,-0.013836796031651026
1574114583748,2019-11-18T17:03:03.748,3.2,0.3580164854167598,-0.20389021997854012,-0.020748204741162853
1574114583758,2019-11-18T17:03:03.758,3.21,0.4938736688648723,-0.24415123456818383,-0.03825981963269558
1574114583768,2019-11-18T17:03:03.768,3.22,0.49601175361517647,-0.16652753886598523,-0.038163387943037315
1574114583778,2019-11-18T17:03:03.778,3.23,0.4345953201048559,-0.04300031491663317,-0.018542187746114686
1574114583788,2019-11-18T17:03:03.788,3.24,0.4235982503858755,0.00607574577550715,-0.00010954461686099983
1574114583798,2019-11-18T17:03:03.798,3.25,0.48782236083353187,-0.06402884120386047,0.005575090246812923
1574114583808,2019-11-18T17:03:03.808,3.26,0.5622760776620184,-0.15507401397019338,0.008246527337323693
1574114583818,2019-11-18T17:03:03.818,3.27,0.5918072852323109,-0.15117871854603954,0.020202822827884517
1574114583828,2019-11-18T17:03:03.828,3.28,0.587850023550919,-0.08211844530140516,0.03835594945410549
1574114583838,2019-11-18T17:03:03.838,3.29,0.5853112368171789,-0.06217527158931355,0.0512270934845818
1574114583848,2019-11-18T17:03:03.848,3.3,0.5817163754043544,-0.11042450132131856,0.05611309456872074
1574114583858,2019-11-18T17:03:03.858,3.31,0.5432030580929147,-0.14074938015771826,0.060808699047460876
1574114583868,2019-11-18T17:03:03.868,3.32,0.45546515512626956,-0.10563878653697661,0.0718069539556851
1574114583878,2019-11-18T17:03:03.878,3.33,0.345619465024419,-0.05457141314851857,0.08758985232026721
1574114583888,2019-11-18T17:03:03.888,3.34,0.2512930480892503,-0.044128959023947395,0.10180733928835534
1574114583898,2019-11-18T17:03:03.898,3.35,0.18033811511978023,-0.056079229125317265,0.10944421240095065
1574114583908,2019-11-18T17:03:03.908,3.36,0.10997732608306096,-0.031044931142468597,0.11156938274473402
1574114583918,2019-11-18T17:03:03.918,3.37,0.021910241969444865,0.0494778922456503,0.11409910629138215
1574114583928,2019-11-18T17:03:03.928,3.38,-0.07344830676881084,0.1448916168646176,0.1195097702875278
1574114583938,2019-11-18T17:03:03.938,3.39,-0.15275169089807028,0.21060191652529286,0.1234240744891062
1574114583948,2019-11-18T17:03:03.948,3.4,-0.20995612229782984,0.24669151932638575,0.12299216556983844
1574114583958,2019-11-18T17:03:03.958,3.41,-0.25771866086515904,0.28348481932769626,0.12258851540883747
1574114583968,2019-11-18T17:03:03.968,3.42,-0.30166877952510174,0.3324994670068401,0.1265867915482818
1574114583978,2019-11-18T17:03:03.978,3.43,-0.3291167588190662,0.369894890895455,0.13227720054766207
1574114583988,2019-11-18T17:03:03.988,3.44,-0.3283446836697023,0.37022453198817595,0.13428342610591879
1574114583998,2019-11-18T17:03:03.998,3.45,-0.30708017895880546,0.33893623716954824,0.1319192287277241
1574114584008,2019-11-18T17:03:04.008,3.46,-0.28200739519105944,0.2980614435581789,0.12838869607580874
1574114584018,2019-11-18T17:03:04.018,3.47,-0.25798712139923896,0.2548936515815181,0.12498864388648868
1574114584028,2019-11-18T17:03:04.028,3.48,-0.2325409469826683,0.20871657567522206,0.12023843000730723
1574114584038,2019-11-18T17:03:04.038,3.49,-0.21529354855989802,0.17565615103036394,0.11436825961207728
1574114584048,2019-11-18T17:03:04.048,3.5,-0.21922768152252853,0.1710352663788599,0.11021772932283289
1574114584058,2019-11-18T17:03:04.058,3.51,-0.2314192478423631,0.17206493276300383,0.10849308282828529
1574114584068,2019-11-18T17:03:04.068,3.52,-0.2204076022417643,0.13939183120403983,0.10599704460341222
1574114584078,2019-11-18T17:03:04.078,3.53,-0.18101667061136623,0.08010748613026614,0.1007204720144415
1574114584088,2019-11-18T17:03:04.088,3.54,-0.14456944487626722,0.047008242685208784,0.09617387902148482
1574114584098,2019-11-18T17:03:04.098,3.55,-0.12983776948443077,0.05892194593793522,0.09693833682160952
1574114584108,2019-11-18T17:03:04.108,3.56,-0.11049112127361058,0.0629395819442418,0.09950540017857842
1574114584118,2019-11-18T17:03:04.118,3.57,-0.058000106423985634,0.009421398890482472,0.09374477937736589
1574114584128,2019-11-18T17:03:04.128,3.58,0.005567587518591523,-0.07137351029837456,0.07834585539010037
1574114584138,2019-11-18T17:03:04.138,3.59,0.0370565508159341,-0.11877415796860205,0.06583630544030508
1574114584148,2019-11-18T17:03:04.148,3.6,0.037801068165113944,-0.13686774975965713,0.06341233775299174
1574114584158,2019-11-18T17:03:04.158,3.61,0.043522995547649726,-0.1704497440489515,0.06066326870585708
1574114584168,2019-11-18T17:03:04.168,3.62,0.06366107440437219,-0.20907808518738819,0.047069427155079585
1574114584178,2019-11-18T17:03:04.178,3.63,0.07932294591924463,-0.20038309779548358,0.027264489215017382
1574114584188,2019-11-18T17:03:04.188,3.64,0.08938063379281884,-0.15200273686742022,0.008275373529504363
1574114584198,2019-11-18T17:03:04.198,3.65,0.11460421208340213,-0.1357728953170316,-0.013532721026950705
1574114584208,2019-11-18T17:03:04.208,3.66,0.16056458893960107,-0.18061118063756715,-0.0432147740599976
1574114584218,2019-11-18T17:03:04.218,3.67,0.20459990345409168,-0.22890707646156283,-0.07587721981935641
1574114584228,2019-11-18T17:03:04.228,3.68,0.22255558075453766,-0.2221200582065861,-0.1015053283295844
1574114584238,2019-11-18T17:03:04.238,3.69,0.22031420172946545,-0.18390642945191626,-0.11701006305921018
1574114584248,2019-11-18T17:03:04.248,3.7,0.22887627472148298,-0.17826646952920683,-0.12968427163991508
1574114584258,2019-11-18T17:03:04.258,3.71,0.25918139698802106,-0.2035431882079637,-0.14692473031594683
1574114584268,2019-11-18T17:03:04.268,3.72,0.28016937106246953,-0.18625308939452156,-0.1655451762997997
1574114584278,2019-11-18T17:03:04.278,3.73,0.26400403074745143,-0.0936276503822365,-0.1775483317760142
1574114584288,2019-11-18T17:03:04.288,3.74,0.22908364568020106,0.009579419750720533,-0.18250251758266772
1574114584298,2019-11-18T17:03:04.298,3.75,0.2099897495967512,0.046608019152781746,-0.18543857914595752
1574114584308,2019-11-18T17:03:04.308,3.76,0.2104160122482403,0.01516660733189333,-0.18729171768016917
1574114584318,2019-11-18T17:03:04.318,3.77,0.21141084539240795,-0.038515760237071164,-0.18598178199857052
1574114584328,2019-11-18T17:03:04.328,3.78,0.20084864731239044,-0.07957151702578438,-0.18195794108341262
1574114584338,2019-11-18T17:03:04.338,3.79,0.17463057485321842,-0.09490009981523265,-0.17632698201238353
1574114584348,2019-11-18T17:03:04.348,3.8,0.12861622612747906,-0.08228234988310476,-0.16831607923026973
1574114584358,2019-11-18T17:03:04.358,3.81,0.062228594258199904,-0.045570534787905646,-0.15767407640121542
1574114584368,2019-11-18T17:03:04.368,3.82,-0.019138975369106227,0.012769383085455024,-0.14483898041166796
1574114584378,2019-11-18T17:03:04.378,3.83,-0.10635732095899006,0.08889156538126558,-0.12907611886958142
1574114584388,2019-11-18T17:03:04.388,3.84,-0.1867977676998251,0.16298533507080054,-0.11120179676413444
1574114584398,2019-11-18T17:03:04.398,3.85,-0.24747610144018686,0.20633215232375263,-0.09545252406194654
1574114584408,2019-11-18T17:03:04.408,3.86,-0.28298143415968313,0.21072869783916637,-0.08499583790129867
1574114584418,2019-11-18T17:03:04.418,3.87,-0.30016690081672043,0.1992503641123659,-0.07905671627830525
1574114584428,2019-11-18T17:03:04.428,3.88,-0.31442666705341316,0.20465024294939776,-0.07530599025325595
1574114584438,2019-11-18T17:03:04.438,3.89,-0.33781620274127167,0.2396361638993452,-0.07170513841541598
1574114584448,2019-11-18T17:03:04.448,3.9,-0.3665659383493316,0.2830044458855392,-0.06794331234048441
1574114584458,2019-11-18T17:03:04.458,3.91,-0.38309902045443844,0.29610930006424946,-0.06695760471776123
1574114584468,2019-11-18T17:03:04.468,3.92,-0.3755138505332325,0.26342729838700224,-0.07098080542617133
1574114584478,2019-11-18T17:03:04.478,3.93,-0.3521842901862776,0.2135866826639543,-0.07642947211318876
1574114584488,2019-11-18T17:03:04.488,3.94,-0.3306075412205314,0.18710490751157802,-0.07808861561293597
1574114584498,2019-11-18T17:03:04.498,3.95,-0.3142971508803695,0.18768922960453313,-0.0765462977284918
1574114584508,2019-11-18T17:03:04.508,3.96,-0.2901052615648768,0.18142868298470632,-0.07655439083421865
1574114584518,2019-11-18T17:03:04.518,3.97,-0.2500866644443842,0.14390563737445822,-0.08078259911595143
1574114584528,2019-11-18T17:03:04.528,3.98,-0.20609945280233258,0.09175362196326413,-0.08801501659413553
1574114584538,2019-11-18T17:03:04.538,3.99,-0.17427764669610823,0.0572023983959557,-0.09372944508494767
1574114584548,2019-11-18T17:03:04.548,4.0,-0.1504322320971106,0.04130496190209923,-0.0926216514324423
1574114584558,2019-11-18T17:03:04.558,4.01,-0.11472955970555408,0.015420617322193006,-0.08554617116377182
1574114584568,2019-11-18T17:03:04.568,4.02,-0.06304563724713849,-0.02730155959420835,-0.08029209198394188
1574114584578,2019-11-18T17:03:04.578,4.03,-0.017300724369945564,-0.05502817269762479,-0.07914110357242211
1574114584588,2019-11-18T17:03:04.588,4.04,0.006674140143413309,-0.05547953292459052,-0.07308317118586358
1574114584598,2019-11-18T17:03:04.598,4.05,0.027091261882375726,-0.07866595878705601,-0.0568599633160914
1574114584608,2019-11-18T17:03:04.608,4.06,0.07309926786719834,-0.1774791441608286,-0.04024538765787833
1574114584618,2019-11-18T17:03:04.618,4.07,0.1404570875618264,-0.318265401980775,-0.033844312630892985
1574114584628,2019-11-18T17:03:04.628,4.08,0.1900087283163087,-0.3948693511500241,-0.03239421503387978
1574114584638,2019-11-18T17:03:04.638,4.09,0.19257022211740576,-0.34257251232932334,-0.022794845444818596
1574114584648,2019-11-18T17:03:04.648,4.1,0.1627445778212871,-0.21729301295068482,-0.0017099338259922913
1574114584658,2019-11-18T17:03:04.658,4.11,0.14402774230075235,-0.14945597444633138,0.023947970402310267
1574114584668,2019-11-18T17:03:04.668,4.12,0.16761883073583245,-0.22204735511401028,0.047551269768698896
1574114584678,2019-11-18T17:03:04.678,4.13,0.22654135414789145,-0.3912542712056587,0.06531704708211639
1574114584688,2019-11-18T17:03:04.688,4.14,0.27922342945150525,-0.5176634374703845,0.07420752667910775
1574114584698,2019-11-18T17:03:04.698,4.15,0.27817764194684824,-0.4845511380934482,0.07582583705254989
1574114584708,2019-11-18T17:03:04.708,4.16,0.21474560920886246,-0.3109224571541037,0.07848850009148403
1574114584718,2019-11-18T17:03:04.718,4.17,0.13972204854136672,-0.1437601717385873,0.08806827982335871
1574114584728,2019-11-18T17:03:04.728,4.18,0.11489088743902118,-0.10782814997329943,0.10008830072262709
1574114584738,2019-11-18T17:03:04.738,4.19,0.14096067152095315,-0.17410499482312652,0.10723134387439026
1574114584748,2019-11-18T17:03:04.748,4.2,0.1633778906855961,-0.2159325837509662,0.11038359942696273
1574114584758,2019-11-18T17:03:04.758,4.21,0.14729346079098116,-0.17069201208980203,0.11573387838200568
1574114584768,2019-11-18T17:03:04.768,4.22,0.10983386281701833,-0.08710972221733695,0.12553010068114615
1574114584778,2019-11-18T17:03:04.778,4.23,0.08040735189113662,-0.03321704079445287,0.13715510460105296
1574114584788,2019-11-18T17:03:04.788,4.24,0.0649235755648321,-0.02334640628113585,0.14717450522035117
1574114584798,2019-11-18T17:03:04.798,4.25,0.050750516208141756,-0.03255736702729436,0.15416606324767018
1574114584808,2019-11-18T17:03:04.808,4.26,0.024776197279172574,-0.03685065670271742,0.1611062935035204
1574114584818,2019-11-18T17:03:04.818,4.27,-0.014317228489945988,-0.03371257976789393,0.17255425247090725
1574114584828,2019-11-18T17:03:04.828,4.28,-0.0560597548554565,-0.03666481401669051,0.18675098800263112
1574114584838,2019-11-18T17:03:04.838,4.29,-0.09339429160919444,-0.04765876255645112,0.19669579393676762
1574114584848,2019-11-18T17:03:04.848,4.3,-0.13174083150857235,-0.04449530078882813,0.20020249833870718
1574114584858,2019-11-18T17:03:04.858,4.31,-0.1776616707263218,-0.009288452446100152,0.20110106817496595
1574114584868,2019-11-18T17:03:04.868,4.32,-0.2295728241358304,0.04676404487195395,0.20182716219152802
1574114584878,2019-11-18T17:03:04.878,4.33,-0.2831953950729897,0.10213709972875845,0.20246395594172661
1574114584888,2019-11-18T17:03:04.888,4.34,-0.3345302464240245,0.14854493797505813,0.20412328328655122
1574114584898,2019-11-18T17:03:04.898,4.35,-0.3763067561289456,0.18080658582918524,0.20734329108719657
1574114584908,2019-11-18T17:03:04.908,4.36,-0.40009000660460814,0.1857213841487258,0.20997225475447245
1574114584918,2019-11-18T17:03:04.918,4.37,-0.4037928050456342,0.16126754086658546,0.20988530905312777
1574114584928,2019-11-18T17:03:04.928,4.38,-0.3959636085916203,0.1294163342213761,0.20799393859443444
1574114584938,2019-11-18T17:03:04.938,4.39,-0.3892334971758579,0.1092744232938674,0.20696898121905966
1574114584948,2019-11-18T17:03:04.948,4.4,-0.3862488040033968,0.09440393146593026,0.20734629079925093
1574114584958,2019-11-18T17:03:04.958,4.41,-0.3807979316060508,0.07744919313833405,0.20693532983913676
1574114584968,2019-11-18T17:03:04.968,4.42,-0.37556696278691015,0.07309911823977934,0.20556829979291563
1574114584978,2019-11-18T17:03:04.978,4.43,-0.3800153889363447,0.08915159317956556,0.20658319448539808
1574114584988,2019-11-18T17:03:04.988,4.44,-0.388265777440567,0.10298822531339281,0.21030220604935768
1574114584998,2019-11-18T17:03:04.998,4.45,-0.38417899657065313,0.09721559580667669,0.21194392204103613
1574114585008,2019-11-18T17:03:05.008,4.46,-0.3676491852541234,0.08523035579134332,0.21032078849611796
1574114585018,2019-11-18T17:03:05.018,4.47,-0.3476986537794928,0.07356485745391228,0.2098202556840801
1574114585028,2019-11-18T17:03:05.028,4.48,-0.3183522769980366,0.05056605557779987,0.20830608591781663
1574114585038,2019-11-18T17:03:05.038,4.49,-0.2795673260122119,0.04590015916903414,0.19735838675502285
1574114585048,2019-11-18T17:03:05.048,4.5,-0.2639362788982394,0.10973144332486932,0.18357008270692787
1574114585058,2019-11-18T17:03:05.058,4.51,-0.2770264618820053,0.16137834166393972,0.1851212110723072
1574114585068,2019-11-18T17:03:05.068,4.52,-0.23484500715558887,-0.0005138359122695852,0.19037879691254586
1574114585078,2019-11-18T17:03:05.078,4.53,-0.07350824053148067,-0.3899880338377668,0.15912996842316787
1574114585088,2019-11-18T17:03:05.088,4.54,0.10275186384327853,-0.7032027241392209,0.09059835740728257
1574114585098,2019-11-18T17:03:05.098,4.55,0.1462356043344351,-0.7059106019834005,0.034514086257829445
1574114585108,2019-11-18T17:03:05.108,4.56,0.10555642046578642,-0.5647708181389854,0.006460791991661871
1574114585118,2019-11-18T17:03:05.118,4.57,0.14129602549263595,-0.5492616068875131,-0.03622240058250682
1574114585128,2019-11-18T17:03:05.128,4.58,0.2568135396403099,-0.6175435654948013,-0.1093985547139629
1574114585138,2019-11-18T17:03:05.138,4.59,0.327129809809388,-0.5721298270783295,-0.1718887841338898
1574114585148,2019-11-18T17:03:05.148,4.6,0.32825655898354955,-0.4260670375866226,-0.20000809859637064
1574114585158,2019-11-18T17:03:05.158,4.61,0.34260375358346773,-0.3393679641142991,-0.22123212736055714
1574114585168,2019-11-18T17:03:05.168,4.62,0.39626622119241917,-0.33884480297745817,-0.2603892067109701
1574114585178,2019-11-18T17:03:05.178,4.63,0.4392233474630808,-0.3330517781784305,-0.30690698721856835
1574114585188,2019-11-18T17:03:05.188,4.64,0.4488367169146658,-0.3133000785037211,-0.3429568943183058
1574114585198,2019-11-18T17:03:05.198,4.65,0.45632679534784026,-0.35880506005568413,-0.3676163053615433
1574114585208,2019-11-18T17:03:05.208,4.66,0.4812504248912232,-0.47600581750005433,-0.38741617488684044
1574114585218,2019-11-18T17:03:05.218,4.67,0.4938843220386983,-0.5591784254802258,-0.40111344786880976
1574114585228,2019-11-18T17:03:05.228,4.68,0.45566590950353314,-0.5254287546189518,-0.3993310145759614
1574114585238,2019-11-18T17:03:05.238,4.69,0.3725887160083099,-0.415392180602446,-0.3770060181904483
1574114585248,2019-11-18T17:03:05.248,4.7,0.28421386564087353,-0.3233132135609082,-0.3429003652670763
1574114585258,2019-11-18T17:03:05.258,4.71,0.2107072111257249,-0.2724624872719868,-0.3111916194416616
1574114585268,2019-11-18T17:03:05.268,4.72,0.13929189445409712,-0.2129470965960923,-0.28540389966931695
1574114585278,2019-11-18T17:03:05.278,4.73,0.05781599697632024,-0.11873731431793383,-0.25769157438186724
1574114585288,2019-11-18T17:03:05.288,4.74,-0.026044205707885838,-0.02628467989243162,-0.22257201688785003
1574114585298,2019-11-18T17:03:05.298,4.75,-0.09923247311150032,0.023120398964561993,-0.18479458237372176
1574114585308,2019-11-18T17:03:05.308,4.76,-0.1584455203702452,0.03460117683785672,-0.15272633201488012
1574114585318,2019-11-18T17:03:05.318,4.77,-0.20975323964699644,0.043452987114791196,-0.12766875427763957
1574114585328,2019-11-18T17:03:05.328,4.78,-0.26078796089058337,0.0706076620553896,-0.10318895059715812
1574114585338,2019-11-18T17:03:05.338,4.79,-0.3109335387788809,0.10359502862086599,-0.07538871874894322
1574114585348,2019-11-18T17:03:05.348,4.8,-0.3483653191177909,0.11697881504863063,-0.04968261679417059
1574114585358,2019-11-18T17:03:05.358,4.81,-0.3633574399059928,0.10738515921598453,-0.03397808759471739
1574114585368,2019-11-18T17:03:05.368,4.82,-0.36289700552013493,0.10133503775617207,-0.02867364073617965
1574114585378,2019-11-18T17:03:05.378,4.83,-0.36352914810160264,0.12626324833366337,-0.028042357108030505
1574114585388,2019-11-18T17:03:05.388,4.84,-0.37193028662695765,0.18294062635802086,-0.02815939636298922
1574114585398,2019-11-18T17:03:05.398,4.85,-0.3793206837151192,0.2462666406957087,-0.028704097589585705
1574114585408,2019-11-18T17:03:05.408,4.86,-0.37111268478085613,0.28100746781897384,-0.030500060467599156
1574114585418,2019-11-18T17:03:05.418,4.87,-0.3394113196616253,0.26401480689153123,-0.03489843690879106
1574114585428,2019-11-18T17:03:05.428,4.88,-0.2919986338994439,0.20926069598362684,-0.04200297973299349
1574114585438,2019-11-18T17:03:05.438,4.89,-0.24646885292207094,0.15966896184790325,-0.04887257795819274
1574114585448,2019-11-18T17:03:05.448,4.9,-0.21012494341012317,0.13682066235272644,-0.053445823366721906
1574114585458,2019-11-18T17:03:05.458,4.91,-0.17575525654740007,0.11814475845601338,-0.057697285372983964
1574114585468,2019-11-18T17:03:05.468,4.92,-0.14040267085622987,0.07864028197059453,-0.06294646137360811
1574114585478,2019-11-18T17:03:05.478,4.93,-0.10972769237992042,0.025916601656724297,-0.06727034495903667
1574114585488,2019-11-18T17:03:05.488,4.94,-0.08200365079508809,-0.02162118897276972,-0.07129171389921704
1574114585498,2019-11-18T17:03:05.498,4.95,-0.05029967433326321,-0.057246185512870806,-0.07963370130483269
1574114585508,2019-11-18T17:03:05.508,4.96,-0.019687156853007707,-0.07043949544649707,-0.09310829665387027
1574114585518,2019-11-18T17:03:05.518,4.97,-0.001318278318072877,-0.047609557894396956,-0.10603034862015931
1574114585528,2019-11-18T17:03:05.528,4.98,0.005451355612403214,-0.009660408316670217,-0.11268420277185426
1574114585538,2019-11-18T17:03:05.538,4.99,0.012012973638309585,-0.006494894163103882,-0.11050345817314389
1574114585548,2019-11-18T17:03:05.548,5.0,0.03502587020012066,-0.04442871122074586,-0.09992902796108308
1574114585558,2019-11-18T17:03:05.558,5.01,0.09179294928239874,-0.06601867717208308,-0.08775519777844584
1574114585568,2019-11-18T17:03:05.568,5.02,0.17252728509467308,-0.03954155093604815,-0.08237297606098029
1574114585578,2019-11-18T17:03:05.578,5.03,0.22820023405303885,-0.013462426825278716,-0.07925084755295915
1574114585588,2019-11-18T17:03:05.588,5.04,0.22623190865146708,-0.03160403035168945,-0.0648023704667258
1574114585598,2019-11-18T17:03:05.598,5.05,0.19742720881173878,-0.04574319082732833,-0.03785380228153308
1574114585608,2019-11-18T17:03:05.608,5.06,0.18901146094424884,0.025308061540650795,-0.008824527570013192
1574114585618,2019-11-18T17:03:05.618,5.07,0.20958820919414395,0.17138617889750413,0.019388600891666725
1574114585628,2019-11-18T17:03:05.628,5.08,0.25532321471488006,0.2759184829233598,0.04836690873372807
1574114585638,2019-11-18T17:03:05.638,5.09,0.3364814215206179,0.24047641027334812,0.07047241151805927
1574114585648,2019-11-18T17:03:05.648,5.1,0.43868040814314974,0.10678455448514934,0.07875572590016941
1574114585658,2019-11-18T17:03:05.658,5.11,0.5057529615363539,0.017541577914534714,0.08096389813144049
1574114585668,2019-11-18T17:03:05.668,5.12,0.5010821088785969,0.04563993476371077,0.08814320273569021
1574114585678,2019-11-18T17:03:05.678,5.13,0.45710724740330505,0.11190648264825154,0.09797331215954938
1574114585688,2019-11-18T17:03:05.688,5.14,0.43151401444352877,0.10651154532583115,0.1002574728402729
1574114585698,2019-11-18T17:03:05.698,5.15,0.43268963912672254,0.03959338300163198,0.09243177584496073
1574114585708,2019-11-18T17:03:05.708,5.16,0.4216737048313984,0.009728248768165151,0.08126715808365417
1574114585718,2019-11-18T17:03:05.718,5.17,0.3777901741257073,0.056063616348612455,0.07269623692815286
1574114585728,2019-11-18T17:03:05.728,5.18,0.3241007906204413,0.11736090788702033,0.06655867504564356
1574114585738,2019-11-18T17:03:05.738,5.19,0.28629954895361703,0.13299414597540765,0.06043628529227586
1574114585748,2019-11-18T17:03:05.748,5.2,0.26081267412949094,0.11667613155707134,0.05381499958900628
1574114585758,2019-11-18T17:03:05.758,5.21,0.23175573538492247,0.11544445149301155,0.04772975878041695
1574114585768,2019-11-18T17:03:05.768,5.22,0.19558487275695774,0.14226689562710648,0.04290763350692513
1574114585778,2019-11-18T17:03:05.778,5.23,0.16103265671075045,0.1711727428703097,0.039092923469647586
1574114585788,2019-11-18T17:03:05.788,5.24,0.13622917313737448,0.1798021827936134,0.035629733020850124
1574114585798,2019-11-18T17:03:05.798,5.25,0.11932279575960979,0.17811427859485357,0.03300712791934838
1574114585808,2019-11-18T17:03:05.808,5.26,0.10125112043243412,0.18874824659703365,0.033248062369400096
1574114585818,2019-11-18T17:03:05.818,5.27,0.07965550307170274,0.20790359142073764,0.03749601843101735
1574114585828,2019-11-18T17:03:05.828,5.28,0.06248462381885743,0.2085869011041548,0.04417540240702263
1574114585838,2019-11-18T17:03:05.838,5.29,0.05227217100607867,0.18474862527600866,0.0506569973725295
1574114585848,2019-11-18T17:03:05.848,5.3,0.03873003498516784,0.1650940141438037,0.055586732450820645
1574114585858,2019-11-18T17:03:05.858,5.31,0.013638013242523929,0.1741896076333617,0.05909876316329077
1574114585868,2019-11-18T17:03:05.868,5.32,-0.01872235546395118,0.2023160272870384,0.06190965032065718
1574114585878,2019-11-18T17:03:05.878,5.33,-0.05064524786218661,0.22456005029161813,0.0647993713847994
1574114585888,2019-11-18T17:03:05.888,5.34,-0.08084221236287262,0.234899154449212,0.06908043487686868
1574114585898,2019-11-18T17:03:05.898,5.35,-0.11274242815167415,0.24945927209940066,0.07699462614874264
1574114585908,2019-11-18T17:03:05.908,5.36,-0.14750771380092734,0.2789990020857628,0.08961934418195722
1574114585918,2019-11-18T17:03:05.918,5.37,-0.1783927279064817,0.30762883505794886,0.10395622114307898
1574114585928,2019-11-18T17:03:05.928,5.38,-0.19414934476984796,0.30914594980304844,0.114749904121905
1574114585938,2019-11-18T17:03:05.938,5.39,-0.1931438168447261,0.28416856015653824,0.12005310409900363
1574114585948,2019-11-18T17:03:05.948,5.4,-0.18885111416138817,0.26414672117050986,0.1226277481316889
1574114585958,2019-11-18T17:03:05.958,5.41,-0.1938756205289343,0.26994565315078867,0.12583034562343462
1574114585968,2019-11-18T17:03:05.968,5.42,-0.20504143510979295,0.2839649386059306,0.1307184599657673
1574114585978,2019-11-18T17:03:05.978,5.43,-0.21172563102203895,0.277005096303639,0.13682893135038315
1574114585988,2019-11-18T17:03:05.988,5.44,-0.2113885242004922,0.24731511927512606,0.14328379182069054
1574114585998,2019-11-18T17:03:05.998,5.45,-0.20915294952447236,0.21651477378059775,0.1491143966456494
1574114586008,2019-11-18T17:03:06.008,5.46,-0.20838974314637232,0.19778237402281296,0.1537917447258573
1574114586018,2019-11-18T17:03:06.018,5.47,-0.20897325279508144,0.18540280187551467,0.1573198986036955
1574114586028,2019-11-18T17:03:06.028,5.48,-0.21124622887815728,0.17133382887294968,0.15959060127346258
1574114586038,2019-11-18T17:03:06.038,5.49,-0.21646427000605717,0.1569532339789133,0.1604027147784331
1574114586048,2019-11-18T17:03:06.048,5.5,-0.2243572794194026,0.14610729257474717,0.16033842818595134
1574114586058,2019-11-18T17:03:06.058,5.51,-0.23174627881101084,0.13563914890675827,0.16082567516129212
1574114586068,2019-11-18T17:03:06.068,5.52,-0.23285647701711487,0.11958335157540254,0.16282624792615336
1574114586078,2019-11-18T17:03:06.078,5.53,-0.2237017314983779,0.1013063265552665,0.16578751224145954
1574114586088,2019-11-18T17:03:06.088,5.54,-0.2089142416568571,0.09112036099495925,0.16858106783574595
1574114586098,2019-11-18T17:03:06.098,5.55,-0.19860267456455932,0.08589696748360942,0.17134779870956945
1574114586108,2019-11-18T17:03:06.108,5.56,-0.19402027231113442,0.06933383748959121,0.17465896476136628
1574114586118,2019-11-18T17:03:06.118,5.57,-0.1854097950183593,0.047905982254826326,0.1764676147354007
1574114586128,2019-11-18T17:03:06.128,5.58,-0.17089060271403927,0.05241668619870184,0.17374839293366728
1574114586138,2019-11-18T17:03:06.138,5.59,-0.16384971416651042,0.07396844488997338,0.16899401940823133
1574114586148,2019-11-18T17:03:06.148,5.6,-0.16529151798975034,0.056463446116256234,0.16805368349815386
1574114586158,2019-11-18T17:03:06.158,5.61,-0.14033013180995194,-0.0029772291403299487,0.16651956990899844
1574114586168,2019-11-18T17:03:06.168,5.62,-0.05376506046969505,-0.0361824954461602,0.14901614531189555
1574114586178,2019-11-18T17:03:06.178,5.63,0.06809550986955996,-0.03237985773052308,0.11213920331188969
1574114586188,2019-11-18T17:03:06.188,5.64,0.15253931936317233,-0.06069384997491353,0.07509261411828787
1574114586198,2019-11-18T17:03:06.198,5.65,0.17526200220146257,-0.14056685242373296,0.05248538319801992
1574114586208,2019-11-18T17:03:06.208,5.66,0.19591314079392838,-0.23154501897383567,0.02963777456472162
1574114586218,2019-11-18T17:03:06.218,5.67,0.2736688732804605,-0.32580232265106035,-0.01628868791115276
1574114586228,2019-11-18T17:03:06.228,5.68,0.38858798371785186,-0.4065154755661404,-0.08087356596254808
1574114586238,2019-11-18T17:03:06.238,5.69,0.4727857466339389,-0.38509199560288,-0.13805143261178549
1574114586248,2019-11-18T17:03:06.248,5.7,0.4908862545011198,-0.21603235671643253,-0.17435310491331688
1574114586258,2019-11-18T17:03:06.258,5.71,0.47116044370516497,-0.006629459742568677,-0.1990725016970728
1574114586268,2019-11-18T17:03:06.268,5.72,0.4670404888059468,0.09092038053412167,-0.2249561442638941
1574114586278,2019-11-18T17:03:06.278,5.73,0.4932409800544021,0.053661379047763635,-0.2539934348023785
1574114586288,2019-11-18T17:03:06.288,5.74,0.5096763831056605,-0.017379872115874682,-0.27972479321544924
1574114586298,2019-11-18T17:03:06.298,5.75,0.4799659973697227,-0.05135195432649947,-0.2948738993881047
1574114586308,2019-11-18T17:03:06.308,5.76,0.42321622812279464,-0.07906612456370335,-0.29761794896603494
1574114586318,2019-11-18T17:03:06.318,5.77,0.38036075670161584,-0.13984770272021343,-0.2912794360349059
1574114586328,2019-11-18T17:03:06.328,5.78,0.3526793766816718,-0.19984554011071137,-0.278142159100806
1574114586338,2019-11-18T17:03:06.338,5.79,0.30789514953957686,-0.20899558091624426,-0.2580296917755997
1574114586348,2019-11-18T17:03:06.348,5.8,0.229184679840844,-0.1723913305543459,-0.23122197685634938
1574114586358,2019-11-18T17:03:06.358,5.81,0.12688583405594556,-0.11493954687264846,-0.19734029556214186
1574114586368,2019-11-18T17:03:06.368,5.82,0.014570426397589403,-0.032916113301444616,-0.15618691396171824
1574114586378,2019-11-18T17:03:06.378,5.83,-0.09960252569312153,0.07083901491895822,-0.11347083701384396
1574114586388,2019-11-18T17:03:06.388,5.84,-0.2029509506522748,0.1515716696297745,-0.07801769776334427
1574114586398,2019-11-18T17:03:06.398,5.85,-0.2807617196046388,0.17130145989128273,-0.0521118337525653
1574114586408,2019-11-18T17:03:06.408,5.86,-0.33238901871004245,0.15521943120265916,-0.031863497413278784
1574114586418,2019-11-18T17:03:06.418,5.87,-0.3736196021736282,0.1623934972190762,-0.014970322454173292
1574114586428,2019-11-18T17:03:06.428,5.88,-0.4179734049152962,0.2155787807729717,-0.0033164931951792033
1574114586438,2019-11-18T17:03:06.438,5.89,-0.4611355509810372,0.28442040682132036,-0.0010002526642532417
1574114586448,2019-11-18T17:03:06.448,5.9,-0.48692964246159476,0.32478763789577053,-0.010135888035218749
1574114586458,2019-11-18T17:03:06.458,5.91,-0.4852311550129425,0.31414667915065186,-0.02597696141377946
1574114586468,2019-11-18T17:03:06.468,5.92,-0.4623538834292612,0.25919670276115747,-0.039527082219927276
1574114586478,2019-11-18T17:03:06.478,5.93,-0.4360151941151016,0.18929572773432812,-0.046500741389427114
1574114586488,2019-11-18T17:03:06.488,5.94,-0.4208697945651432,0.13667525325524105,-0.04893875054197025
1574114586498,2019-11-18T17:03:06.498,5.95,-0.4150834860913063,0.10653564233475063,-0.04914703452935823
1574114586508,2019-11-18T17:03:06.508,5.96,-0.39878372279090546,0.07534855270735512,-0.04915550470312956
1574114586518,2019-11-18T17:03:06.518,5.97,-0.3554197760500827,0.03723327985110983,-0.053695501724076736
1574114586528,2019-11-18T17:03:06.528,5.98,-0.29948945178896913,0.030821545355117812,-0.064366988549215
1574114586538,2019-11-18T17:03:06.538,5.99,-0.25785132562691093,0.076745603722426,-0.07302808338931896
1574114586548,2019-11-18T17:03:06.548,6.0,-0.21050553814421646,0.1066082537078677,-0.07064945670082072
1574114586558,2019-11-18T17:03:06.558,6.01,-0.10010936309031186,0.02637522117049466,-0.060239384635754956
1574114586568,2019-11-18T17:03:06.568,6.02,0.06490469078603585,-0.14900303582274393,-0.05225323202207835
1574114586578,2019-11-18T17:03:06.578,6.03,0.18377961304490797,-0.3043785044070987,-0.05111745605002879
1574114586588,2019-11-18T17:03:06.588,6.04,0.19719505604867277,-0.36723345170861227,-0.05431601503745374
1574114586598,2019-11-18T17:03:06.598,6.05,0.17883932913005848,-0.35764958350392806,-0.06008015666644935
1574114586608,2019-11-18T17:03:06.608,6.06,0.22695290857027295,-0.3181801261252004,-0.06721485376311338
1574114586618,2019-11-18T17:03:06.618,6.07,0.3280094174300124,-0.28458578478745533,-0.06981344468039159
1574114586628,2019-11-18T17:03:06.628,6.08,0.39730348126246395,-0.2863485620727031,-0.061748896077760934
1574114586638,2019-11-18T17:03:06.638,6.09,0.40623873981264375,-0.3065752266806982,-0.04728153761027586
1574114586648,2019-11-18T17:03:06.648,6.1,0.4016276877779697,-0.29650708624554056,-0.0376242697596179
1574114586658,2019-11-18T17:03:06.658,6.11,0.4239921922504398,-0.25478215217183253,-0.03506309009452953
1574114586668,2019-11-18T17:03:06.668,6.12,0.46553861087146575,-0.22644807138441933,-0.03051626749906253
1574114586678,2019-11-18T17:03:06.678,6.13,0.5024430583395306,-0.23180269914183696,-0.018418458371025737
1574114586688,2019-11-18T17:03:06.688,6.14,0.5190557782109526,-0.2500889060075806,-0.0029174851307342885
1574114586698,2019-11-18T17:03:06.698,6.15,0.4956321556809091,-0.2545739097653539,0.01304896855669584
1574114586708,2019-11-18T17:03:06.708,6.16,0.41536864271874857,-0.2394019929529893,0.032722435368796966
1574114586718,2019-11-18T17:03:06.718,6.17,0.2962632480313976,-0.22328902068291995,0.05504173574270803
1574114586728,2019-11-18T17:03:06.728,6.18,0.18320046161823517,-0.21763799244025833,0.07200538858822446
1574114586738,2019-11-18T17:03:06.738,6.19,0.09739866500376818,-0.19224109797136213,0.08241005832766615
1574114586748,2019-11-18T17:03:06.748,6.2,0.021319959231220133,-0.11038650515699269,0.09393659763229281
1574114586758,2019-11-18T17:03:06.758,6.21,-0.05984523985028936,0.005977326203886888,0.10674011490754746
1574114586768,2019-11-18T17:03:06.768,6.22,-0.13280837618486768,0.0948912360937551,0.11173463520495114
1574114586778,2019-11-18T17:03:06.778,6.23,-0.18389486591191734,0.13565590077747613,0.10795061479870549
1574114586788,2019-11-18T17:03:06.788,6.24,-0.22600097710578437,0.16620659168256963,0.10492486798219205
1574114586798,2019-11-18T17:03:06.798,6.25,-0.2819643253714694,0.21989220841163581,0.10769084788183625
1574114586808,2019-11-18T17:03:06.808,6.26,-0.35271912383088244,0.2796162308440062,0.1126628264790652
1574114586818,2019-11-18T17:03:06.818,6.27,-0.411090512825038,0.2978890890411509,0.11662167635520407
1574114586828,2019-11-18T17:03:06.828,6.28,-0.42623091399492136,0.24506661055785056,0.12060640760923369
1574114586838,2019-11-18T17:03:06.838,6.29,-0.3959895512093936,0.1399406514820556,0.12589214799422027
1574114586848,2019-11-18T17:03:06.848,6.3,-0.35440422622660317,0.04355309177533556,0.13143189810234426
1574114586858,2019-11-18T17:03:06.858,6.31,-0.3416656607685652,0.01740881945929106,0.13638298971123633
1574114586868,2019-11-18T17:03:06.868,6.32,-0.3684991093021819,0.07467113911942513,0.14218339066488972
1574114586878,2019-11-18T17:03:06.878,6.33,-0.41618458508553474,0.17360865909246978,0.1492600937147442
1574114586888,2019-11-18T17:03:06.888,6.34,-0.46457423812851106,0.2628267102892381,0.1551225049868838
1574114586898,2019-11-18T17:03:06.898,6.35,-0.5018811614079464,0.3132555804724951,0.15980624847240668
1574114586908,2019-11-18T17:03:06.908,6.36,-0.5067738371532866,0.2959618827114736,0.16565626707831427
1574114586918,2019-11-18T17:03:06.918,6.37,-0.45150263706264704,0.17814171185329694,0.16609426612829603
1574114586928,2019-11-18T17:03:06.928,6.38,-0.34136193206979626,-0.010582415613952765,0.14907640137022848
1574114586938,2019-11-18T17:03:06.938,6.39,-0.22290097644628418,-0.15587215999289533,0.11917720276412222
1574114586948,2019-11-18T17:03:06.948,6.4,-0.12900539527614996,-0.18245859424082222,0.09476605682504649
1574114586958,2019-11-18T17:03:06.958,6.41,-0.04403061106857749,-0.1668838401794674,0.07630138305605079
1574114586968,2019-11-18T17:03:06.968,6.42,0.056489366476141493,-0.2232499825900121,0.04633075209406825
1574114586978,2019-11-18T17:03:06.978,6.43,0.16917058829267734,-0.309007972918772,0.00644706012582751
1574114586988,2019-11-18T17:03:06.988,6.44,0.2853629256142084,-0.30064720107626697,-0.021666906217004053
1574114586998,2019-11-18T17:03:06.998,6.45,0.4053190520022616,-0.2372880496977247,-0.03772101108756394
1574114587008,2019-11-18T17:03:07.008,6.46,0.5077082186198292,-0.2637602251148563,-0.0644730479916635
1574114587018,2019-11-18T17:03:07.018,6.47,0.5488262419872921,-0.34081155869125934,-0.10047065602723895
1574114587028,2019-11-18T17:03:07.028,6.48,0.5182742239582729,-0.28588987549806527,-0.11550285069122845
1574114587038,2019-11-18T17:03:07.038,6.49,0.4651814430932678,-0.10498681107690169,-0.10261554076355017
1574114587048,2019-11-18T17:03:07.048,6.5,0.4451004485518806,-0.007705388403287553,-0.08984709874210994
1574114587058,2019-11-18T17:03:07.058,6.51,0.4575068172101159,-0.08613662443832122,-0.09230476886077361
1574114587068,2019-11-18T17:03:07.068,6.52,0.45725666222530426,-0.21185372126108448,-0.09415830095279815
1574114587078,2019-11-18T17:03:07.078,6.53,0.41744240158709667,-0.25286090999326216,-0.08265814565034917
1574114587088,2019-11-18T17:03:07.088,6.54,0.35340801445196457,-0.21305505021476606,-0.06652563210123166
1574114587098,2019-11-18T17:03:07.098,6.55,0.2858535805162258,-0.14945986322736277,-0.05741854962815242
1574114587108,2019-11-18T17:03:07.108,6.56,0.21114115740066236,-0.07903373798573646,-0.05290429572097935
1574114587118,2019-11-18T17:03:07.118,6.57,0.118747792257585,0.007196682713406916,-0.04149498170764066
1574114587128,2019-11-18T17:03:07.128,6.58,0.015927681180665225,0.10547196354599246,-0.019529527670064224
1574114587138,2019-11-18T17:03:07.138,6.59,-0.07875118512162589,0.19838086231774557,0.002485888612689622
1574114587148,2019-11-18T17:03:07.148,6.6,-0.1542435843055891,0.2679328105543244,0.015115461218188308
1574114587158,2019-11-18T17:03:07.158,6.61,-0.2090468213699555,0.3026487310917455,0.02153820762453095
1574114587168,2019-11-18T17:03:07.168,6.62,-0.24420794363570947,0.3051294624543188,0.025779309330678964
1574114587178,2019-11-18T17:03:07.178,6.63,-0.2661245474876744,0.297318524318828,0.024745437594930947
1574114587188,2019-11-18T17:03:07.188,6.64,-0.289129687827004,0.30642749018386667,0.019284955437978674
1574114587198,2019-11-18T17:03:07.198,6.65,-0.31966524792950235,0.33158731827509513,0.01665486745968156
1574114587208,2019-11-18T17:03:07.208,6.66,-0.3406378187681312,0.33278329996052286,0.0173697902203623
1574114587218,2019-11-18T17:03:07.218,6.67,-0.33049126197330003,0.2796003411813933,0.012750363860553764
1574114587228,2019-11-18T17:03:07.228,6.68,-0.2992598413305351,0.20927996426982926,-0.0017772232549852218
1574114587238,2019-11-18T17:03:07.238,6.69,-0.2819582187003638,0.19331102141314171,-0.019256816841162788
1574114587248,2019-11-18T17:03:07.248,6.7,-0.28629753651021295,0.23140840306946742,-0.030433907691130135
1574114587258,2019-11-18T17:03:07.258,6.71,-0.2720309586766992,0.23430333750735605,-0.03713805874248957
1574114587268,2019-11-18T17:03:07.268,6.72,-0.20513462221162573,0.15174550716365162,-0.05009589247886251
1574114587278,2019-11-18T17:03:07.278,6.73,-0.11412764098474537,0.06000551560531946,-0.07025484459231061
1574114587288,2019-11-18T17:03:07.288,6.74,-0.05703612181875524,0.053775048659199576,-0.08154240489103338
1574114587298,2019-11-18T17:03:07.298,6.75,-0.03725274263602347,0.0924915808431696,-0.07346322488641382
1574114587308,2019-11-18T17:03:07.308,6.76,0.004225755082013224,0.045524888798912526,-0.061245668632060074
1574114587318,2019-11-18T17:03:07.318,6.77,0.10033216270298165,-0.11380650910289573,-0.06567650146285123
1574114587328,2019-11-18T17:03:07.328,6.78,0.20534245055176453,-0.2550069668188186,-0.08185534244829948
1574114587338,2019-11-18T17:03:07.338,6.79,0.2599111881438574,-0.27145283665131437,-0.08857831674535797
1574114587348,2019-11-18T17:03:07.348,6.8,0.2712873306670024,-0.22754983638584114,-0.07938309313407402
1574114587358,2019-11-18T17:03:07.358,6.81,0.2843588988154371,-0.2406025326025977,-0.06483563811329879
1574114587368,2019-11-18T17:03:07.368,6.82,0.30376953773658966,-0.2960176065991841,-0.054594826601641416
1574114587378,2019-11-18T17:03:07.378,6.83,0.30410694708774677,-0.3063045082013374,-0.052059268145053204
1574114587388,2019-11-18T17:03:07.388,6.84,0.2896895812619414,-0.2744496226808659,-0.055634358154908845
1574114587398,2019-11-18T17:03:07.398,6.85,0.27813765946765984,-0.25167503583426315,-0.056971400701738215
1574114587408,2019-11-18T17:03:07.408,6.86,0.2572307685373273,-0.22105534434772153,-0.04795191928387963
1574114587418,2019-11-18T17:03:07.418,6.87,0.21694302412376662,-0.15533180067935348,-0.030801615022769686
1574114587428,2019-11-18T17:03:07.428,6.88,0.18338174224086495,-0.0941011182306485,-0.012981939325825056
1574114587438,2019-11-18T17:03:07.438,6.89,0.18001150173428032,-0.07601806178665198,0.003637221008065484
1574114587448,2019-11-18T17:03:07.448,6.9,0.19569498224144666,-0.08315223023767965,0.020185379450008006
1574114587458,2019-11-18T17:03:07.458,6.91,0.20978122192673868,-0.08607929922705308,0.03344597269623182
1574114587468,2019-11-18T17:03:07.468,6.92,0.21545557083659203,-0.07202987858543619,0.039674803179865464
1574114587478,2019-11-18T17:03:07.478,6.93,0.21252858071820277,-0.03059855842637304,0.041791307816815275
1574114587488,2019-11-18T17:03:07.488,6.94,0.19913825084741385,0.03380225183290903,0.04686201851906917
1574114587498,2019-11-18T17:03:07.498,6.95,0.1736741641686132,0.08866928378511549,0.05837757339054456
1574114587508,2019-11-18T17:03:07.508,6.96,0.1350357377150719,0.1097146514468981,0.07339702243726348
1574114587518,2019-11-18T17:03:07.518,6.97,0.07933884718321452,0.1129015807501936,0.0872487459748598
1574114587528,2019-11-18T17:03:07.528,6.98,0.0026880781345442178,0.12316317925818088,0.09932343453852086
1574114587538,2019-11-18T17:03:07.538,6.99,-0.08747546174219069,0.13595932870855382,0.10954754361821512
1574114587548,2019-11-18T17:03:07.548,7.0,-0.16858753948972308,0.1420705908971629,0.11322312125616961
1574114587558,2019-11-18T17:03:07.558,7.01,-0.22082795944677486,0.16135831624637872,0.1102592063562281
1574114587568,2019-11-18T17:03:07.568,7.02,-0.24813629027465398,0.20660048520019159,0.11062404349014354
1574114587578,2019-11-18T17:03:07.578,7.03,-0.2714877931167064,0.2394988110028756,0.11582137377264848
1574114587588,2019-11-18T17:03:07.588,7.04,-0.3008965662736096,0.21576998208200016,0.11109274686186785
1574114587598,2019-11-18T17:03:07.598,7.05,-0.3254335426631417,0.16161047048823984,0.0929258453764722
1574114587608,2019-11-18T17:03:07.608,7.06,-0.3348346838076067,0.1576847197568416,0.08242656135176334
1574114587618,2019-11-18T17:03:07.618,7.07,-0.33774933793546374,0.23677338829990513,0.09429294543359483
1574114587628,2019-11-18T17:03:07.628,7.08,-0.3478369252272423,0.3295196641690317,0.11523338541020149
1574114587638,2019-11-18T17:03:07.638,7.09,-0.36195993561724116,0.34378287952462344,0.12654577825272204
1574114587648,2019-11-18T17:03:07.648,7.1,-0.36379938281117663,0.2741779254393367,0.12674622993902707
1574114587658,2019-11-18T17:03:07.658,7.11,-0.3437859397516326,0.19077527675237071,0.12196642162346932
1574114587668,2019-11-18T17:03:07.668,7.12,-0.31256668075266947,0.1509948481971856,0.11245706597882492
1574114587678,2019-11-18T17:03:07.678,7.13,-0.29545141631840766,0.16363666868502494,0.09864071113991701
1574114587688,2019-11-18T17:03:07.688,7.14,-0.29844674965299184,0.1937088787114939,0.08692490146440104
1574114587698,2019-11-18T17:03:07.698,7.15,-0.2799269211110639,0.16901766848406258,0.07821727021879815
1574114587708,2019-11-18T17:03:07.708,7.16,-0.19117887737274158,0.04006349869268774,0.06089332202604176
1574114587718,2019-11-18T17:03:07.718,7.17,-0.05061039742777885,-0.13457867099032836,0.026972138057070872
1574114587728,2019-11-18T17:03:07.728,7.18,0.06758003495989391,-0.22638076207493293,-0.014628261945384094
1574114587738,2019-11-18T17:03:07.738,7.19,0.12961838176451407,-0.20336254277264187,-0.05094302847923981
1574114587748,2019-11-18T17:03:07.748,7.2,0.18048664729134667,-0.1890062147117513,-0.07912734680125894
1574114587758,2019-11-18T17:03:07.758,7.21,0.26969746296635955,-0.2788943091775835,-0.10237215167205074
1574114587768,2019-11-18T17:03:07.768,7.22,0.38219644936689046,-0.3770268205612598,-0.1255183307855453
1574114587778,2019-11-18T17:03:07.778,7.23,0.468611678851393,-0.3481288554973972,-0.15420393212738856
1574114587788,2019-11-18T17:03:07.788,7.24,0.5075772758780353,-0.24474739657609126,-0.18610386988807012
1574114587798,2019-11-18T17:03:07.798,7.25,0.5047114401293873,-0.1908375779026587,-0.20952474388409809
1574114587808,2019-11-18T17:03:07.808,7.26,0.46377546361003075,-0.15062414592974377,-0.2182819886724212
1574114587818,2019-11-18T17:03:07.818,7.27,0.4014231746578817,-0.04628823837585046,-0.21874829230016624
1574114587828,2019-11-18T17:03:07.828,7.28,0.35949870357580216,0.033221307608232685,-0.2196494460164768
1574114587838,2019-11-18T17:03:07.838,7.29,0.35733089319425926,-0.021790868262172445,-0.22253373847439373
1574114587848,2019-11-18T17:03:07.848,7.3,0.35930149334616107,-0.1337212399289972,-0.22276175633146375
1574114587858,2019-11-18T17:03:07.858,7.31,0.3255064740571241,-0.16696243717375514,-0.21667188258755699
1574114587868,2019-11-18T17:03:07.868,7.32,0.2632269067579366,-0.12466546736033489,-0.2073565185326895
1574114587878,2019-11-18T17:03:07.878,7.33,0.19984099981429826,-0.08314478512148446,-0.20171999154240983
1574114587888,2019-11-18T17:03:07.888,7.34,0.13786935615237805,-0.05163665274284758,-0.19929735734086973
1574114587898,2019-11-18T17:03:07.898,7.35,0.06365311484514834,0.005289610946575428,-0.18785664166305094
1574114587908,2019-11-18T17:03:07.908,7.36,-0.023582158795165203,0.08436109057456878,-0.15812657408786296
1574114587918,2019-11-18T17:03:07.918,7.37,-0.1103681052992704,0.14621113031833405,-0.11827692832665311
1574114587928,2019-11-18T17:03:07.928,7.38,-0.1807033966407497,0.1641364842703673,-0.08300180160363829
1574114587938,2019-11-18T17:03:07.938,7.39,-0.2237562579110403,0.14694576561217124,-0.05662625396737858
1574114587948,2019-11-18T17:03:07.948,7.4,-0.24669975274798162,0.13569335275152347,-0.036130432453851474
1574114587958,2019-11-18T17:03:07.958,7.41,-0.2755269317819081,0.17215292835332996,-0.017619176367713478
1574114587968,2019-11-18T17:03:07.968,7.42,-0.32230923013710117,0.24390106588750707,0.003878364879414246
1574114587978,2019-11-18T17:03:07.978,7.43,-0.36190823839818154,0.28050197638697194,0.027074200477236327
1574114587988,2019-11-18T17:03:07.988,7.44,-0.36745936743065455,0.24096398859971252,0.04155904479453788
1574114587998,2019-11-18T17:03:07.998,7.45,-0.3560696328308814,0.178552477855239,0.043507803369217744
1574114588008,2019-11-18T17:03:08.008,7.46,-0.36558939912509786,0.1703508443107293,0.04256027240328978
1574114588018,2019-11-18T17:03:08.018,7.47,-0.39572377139656184,0.20995869251583338,0.04474030761852529
1574114588028,2019-11-18T17:03:08.028,7.48,-0.40899680701472274,0.22825650317511875,0.04308140048630177
1574114588038,2019-11-18T17:03:08.038,7.49,-0.38504290545584785,0.1983051390573846,0.03184241124465473
1574114588048,2019-11-18T17:03:08.048,7.5,-0.3397857760410856,0.1568015300909102,0.016290782235499436
1574114588058,2019-11-18T17:03:08.058,7.51,-0.2932323762386061,0.1315731856739187,0.002901115801635266
1574114588068,2019-11-18T17:03:08.068,7.52,-0.2478744944941636,0.10712811976117101,-0.009162269044318109
1574114588078,2019-11-18T17:03:08.078,7.53,-0.20074444343640452,0.06948113784539375,-0.022649044296713456
1574114588088,2019-11-18T17:03:08.088,7.54,-0.15437332964949638,0.037886192111946035,-0.03545622869694556
1574114588098,2019-11-18T17:03:08.098,7.55,-0.10688565966858303,0.023700140870943017,-0.04258452043199541
1574114588108,2019-11-18T17:03:08.108,7.56,-0.04208168350047431,-0.015641804770651968,-0.043938854484502035
1574114588118,2019-11-18T17:03:08.118,7.57,0.05263175602338518,-0.13089728299930756,-0.047567465452087135
1574114588128,2019-11-18T17:03:08.128,7.58,0.1525490088384212,-0.28594773533687046,-0.058706181672621295
1574114588138,2019-11-18T17:03:08.138,7.59,0.2047051630113208,-0.37329845522331795,-0.06793614203779942
1574114588148,2019-11-18T17:03:08.148,7.6,0.19175522665569042,-0.35484901057863827,-0.06235314367220526
1574114588158,2019-11-18T17:03:08.158,7.61,0.15823096890007246,-0.3149192877275728,-0.04503615234496075
1574114588168,2019-11-18T17:03:08.168,7.62,0.14664271840404505,-0.3275557383991282,-0.028556018958947507
1574114588178,2019-11-18T17:03:08.178,7.63,0.14367802365923557,-0.3525688498618242,-0.01466692127889484
1574114588188,2019-11-18T17:03:08.188,7.64,0.12027290226495588,-0.3239373832476289,0.0038328262871375873
1574114588198,2019-11-18T17:03:08.198,7.65,0.08739405858571922,-0.26416357300403054,0.02641200159281563
1574114588208,2019-11-18T17:03:08.208,7.66,0.07849312320977565,-0.24101437870162862,0.04380533010187185
1574114588218,2019-11-18T17:03:08.218,7.67,0.10096723937114291,-0.26322371329650907,0.050476002916431575
1574114588228,2019-11-18T17:03:08.228,7.68,0.1302233626636516,-0.2775953724068921,0.04931781915352977
1574114588238,2019-11-18T17:03:08.238,7.69,0.14070726985934875,-0.24190147497644277,0.04674753463361793
1574114588248,2019-11-18T17:03:08.248,7.7,0.12870962048755938,-0.16348789855034734,0.048236389354225966
1574114588258,2019-11-18T17:03:08.258,7.71,0.10771189941715066,-0.0809789094259266,0.05632511264005818
1574114588268,2019-11-18T17:03:08.268,7.72,0.09002575214516584,-0.03296063876491162,0.06948404557555268
1574114588278,2019-11-18T17:03:08.278,7.73,0.0773973311810783,-0.037343003553069604,0.08296685293403658
1574114588288,2019-11-18T17:03:08.288,7.74,0.0649269592803461,-0.07921863724830129,0.09236132804992986
1574114588298,2019-11-18T17:03:08.298,7.75,0.04615860974274753,-0.11754642846803329,0.09758681502895358
1574114588308,2019-11-18T17:03:08.308,7.76,0.015941834746394563,-0.12070302117533416,0.1026781884599341
1574114588318,2019-11-18T17:03:08.318,7.77,-0.025093338166910038,-0.09738118283999422,0.10958570166364545
1574114588328,2019-11-18T17:03:08.328,7.78,-0.0697542827426089,-0.07927989116561104,0.11355225620737891
1574114588338,2019-11-18T17:03:08.338,7.79,-0.11211414526462786,-0.0752639044282039,0.10997915516179918
1574114588348,2019-11-18T17:03:08.348,7.8,-0.15563619512239985,-0.057202790077326385,0.10520131614135239
1574114588358,2019-11-18T17:03:08.358,7.81,-0.20933198622128368,0.003883815721947563,0.10997526703322201
1574114588368,2019-11-18T17:03:08.368,7.82,-0.27208184000758023,0.09392601091304018,0.12186207622652397
1574114588378,2019-11-18T17:03:08.378,7.83,-0.3246069283093609,0.16187866060633538,0.12906756925744675
1574114588388,2019-11-18T17:03:08.388,7.84,-0.3470525992332193,0.1780328433580614,0.13060784168952927
1574114588398,2019-11-18T17:03:08.398,7.85,-0.34197926867437173,0.1664494255923866,0.13508255086215523
1574114588408,2019-11-18T17:03:08.408,7.86,-0.3253957994120772,0.1594352498988516,0.1431522028688818
1574114588418,2019-11-18T17:03:08.418,7.87,-0.3007118578605441,0.1488775686180288,0.14754118312483128
1574114588428,2019-11-18T17:03:08.428,7.88,-0.264372620143136,0.11865407525910329,0.1460905582867487
1574114588438,2019-11-18T17:03:08.438,7.89,-0.23095390534320728,0.09396288195698949,0.14352873460789636
1574114588448,2019-11-18T17:03:08.448,7.9,-0.22190026969948956,0.10618815358519154,0.14356562328510447
1574114588458,2019-11-18T17:03:08.458,7.91,-0.23047926713031378,0.13003526410416275,0.14510967970959857
1574114588468,2019-11-18T17:03:08.468,7.92,-0.22866745538038408,0.11394611634906332,0.1449055896199974
1574114588478,2019-11-18T17:03:08.478,7.93,-0.20961490277205302,0.06391862000852612,0.14215293618840882
1574114588488,2019-11-18T17:03:08.488,7.94,-0.19336528290820276,0.040326273996267745,0.14010367132926507
1574114588498,2019-11-18T17:03:08.498,7.95,-0.18993537096474478,0.07043802836240604,0.1419652238905989
1574114588508,2019-11-18T17:03:08.508,7.96,-0.18583062811932052,0.11274979802317608,0.14684383936066303
1574114588518,2019-11-18T17:03:08.518,7.97,-0.16748941489690686,0.11445050714388957,0.15130309584431773
1574114588528,2019-11-18T17:03:08.528,7.98,-0.136893741833039,0.07277434191789495,0.15117802179902678
1574114588538,2019-11-18T17:03:08.538,7.99,-0.1116061160490243,0.03848062546073599,0.14267935644785604
1574114588548,2019-11-18T17:03:08.548,8.0,-0.11752896523917991,0.06092114365824293,0.12969758974015888
1574114588558,2019-11-18T17:03:08.558,8.01,-0.15158760692505108,0.10260492052774443,0.12338185485803119
1574114588568,2019-11-18T17:03:08.568,8.02,-0.15155738226694432,0.03805342360900833,0.11912758358676012
1574114588578,2019-11-18T17:03:08.578,8.03,-0.06434379738234211,-0.18017350313946093,0.08952773059863887
1574114588588,2019-11-18T17:03:08.588,8.04,0.05645349473520076,-0.395330801192023,0.024696988440046967
1574114588598,2019-11-18T17:03:08.598,8.05,0.109168405563147,-0.4211511454896195,-0.045862776471615053
1574114588608,2019-11-18T17:03:08.608,8.06,0.09463388301772664,-0.30705817695559556,-0.10030365710704851
1574114588618,2019-11-18T17:03:08.618,8.07,0.10337586079309191,-0.2667128560072779,-0.1550628652488395
1574114588628,2019-11-18T17:03:08.628,8.08,0.1696779373317988,-0.37633471024104154,-0.21986444071283298
1574114588638,2019-11-18T17:03:08.638,8.09,0.2467379152053222,-0.5147884813914718,-0.27084048077282014
1574114588648,2019-11-18T17:03:08.648,8.1,0.30039236872049363,-0.5696295990156743,-0.29516962989294904
1574114588658,2019-11-18T17:03:08.658,8.11,0.3348613000941617,-0.5438967194486443,-0.31368492944448556
1574114588668,2019-11-18T17:03:08.668,8.12,0.3556634743291338,-0.48752746430635385,-0.3405489445276957
1574114588678,2019-11-18T17:03:08.678,8.13,0.3687499858198272,-0.44364120839200294,-0.3639408854235057
1574114588688,2019-11-18T17:03:08.688,8.14,0.38527865522669164,-0.43550708840783536,-0.3748697850014827
1574114588698,2019-11-18T17:03:08.698,8.15,0.3971711693170058,-0.4406757589740461,-0.37836003576555155
1574114588708,2019-11-18T17:03:08.708,8.16,0.3810039442681533,-0.41717895551169654,-0.3750441243879846
1574114588718,2019-11-18T17:03:08.718,8.17,0.33755162455569265,-0.37476744767623976,-0.3592280725783499
1574114588728,2019-11-18T17:03:08.728,8.18,0.29378117426712713,-0.3593765303779308,-0.3323304121315195
1574114588738,2019-11-18T17:03:08.738,8.19,0.2601495874531447,-0.36602981955365177,-0.30121499838372107
1574114588748,2019-11-18T17:03:08.748,8.2,0.2183104420232416,-0.33831613314016945,-0.2684641986420845
1574114588758,2019-11-18T17:03:08.758,8.21,0.15749959493840693,-0.25595452667406904,-0.2330970973048041
1574114588768,2019-11-18T17:03:08.768,8.22,0.09394670121889433,-0.160301499374646,-0.19528222361084926
1574114588778,2019-11-18T17:03:08.778,8.23,0.0444609047498191,-0.09046985555007922,-0.15641298652204133
1574114588788,2019-11-18T17:03:08.788,8.24,0.0027241028580520686,-0.0435119692673926,-0.1176440733790832
1574114588798,2019-11-18T17:03:08.798,8.25,-0.04748645879292348,-0.0019949526858336697,-0.07812069879417133
1574114588808,2019-11-18T17:03:08.808,8.26,-0.10909353554135208,0.03645332386845872,-0.03498025041118613
1574114588818,2019-11-18T17:03:08.818,8.27,-0.17104808308222347,0.06779402118217645,0.010289676929009988
1574114588828,2019-11-18T17:03:08.828,8.28,-0.2243170925597749,0.09887305624353868,0.048674832056221175
1574114588838,2019-11-18T17:03:08.838,8.29,-0.2705606989950777,0.14288192540240313,0.07453706660669825
1574114588848,2019-11-18T17:03:08.848,8.3,-0.31442128205933106,0.2009374085285156,0.09390200223904464
1574114588858,2019-11-18T17:03:08.858,8.31,-0.3519088329052107,0.25541683016574485,0.11323856843348465
1574114588868,2019-11-18T17:03:08.868,8.32,-0.37268116884260183,0.28799739804797136,0.12833823778939313
1574114588878,2019-11-18T17:03:08.878,8.33,-0.37538909468948334,0.30289232240062136,0.13304903178621424
1574114588888,2019-11-18T17:03:08.888,8.34,-0.3726386153022829,0.3204357482818996,0.13046244692179396
1574114588898,2019-11-18T17:03:08.898,8.35,-0.3740635136424185,0.34595028081233903,0.1273744239356712
1574114588908,2019-11-18T17:03:08.908,8.36,-0.3726857251948211,0.3605877261930879,0.12412671031303969
1574114588918,2019-11-18T17:03:08.918,8.37,-0.3572544870512471,0.34716188288320843,0.11658949937852564
1574114588928,2019-11-18T17:03:08.928,8.38,-0.3296658744828813,0.3089813307878683,0.10411219309386682
1574114588938,2019-11-18T17:03:08.938,8.39,-0.29933628629613573,0.2583578948291796,0.09040996085324479
1574114588948,2019-11-18T17:03:08.948,8.4,-0.2675070548684062,0.20151921655016472,0.07893383687891423
1574114588958,2019-11-18T17:03:08.958,8.41,-0.22816908191405705,0.14104955024944776,0.07062119157981014
1574114588968,2019-11-18T17:03:08.968,8.42,-0.18061350980379556,0.08391681834619302,0.06423453062313446
1574114588978,2019-11-18T17:03:08.978,8.43,-0.13232920133472528,0.043852175813376845,0.05681431564139372
1574114588988,2019-11-18T17:03:08.988,8.44,-0.09065385022010222,0.03705359381523699,0.04632305000315176
1574114588998,2019-11-18T17:03:08.998,8.45,-0.057123313105654744,0.06263253947988598,0.036127016899743396
1574114589008,2019-11-18T17:03:09.008,8.46,-0.025244914016141397,0.08163494897948681,0.03293245127139216
1574114589018,2019-11-18T17:03:09.018,8.47,0.02637071488095876,0.04661391288747523,0.035699665490902026
1574114589028,2019-11-18T17:03:09.028,8.48,0.12346329128407044,-0.032378561753529066,0.032987758570084506
1574114589038,2019-11-18T17:03:09.038,8.49,0.2513217270363737,-0.09616294092485622,0.020707978333611175
1574114589048,2019-11-18T17:03:09.048,8.5,0.34549477279384555,-0.1218970293925099,0.01306662675581587
1574114589058,2019-11-18T17:03:09.058,8.51,0.369131000723793,-0.13565165289011835,0.02154063275418918
1574114589068,2019-11-18T17:03:09.068,8.52,0.3616283212244874,-0.13760860625258486,0.03698965732114314
1574114589078,2019-11-18T17:03:09.078,8.53,0.3692362345065875,-0.09892617221960415,0.049527444682094315
1574114589088,2019-11-18T17:03:09.088,8.54,0.38719510938209406,-0.04344629596198347,0.0657914741630713
1574114589098,2019-11-18T17:03:09.098,8.55,0.40363854478673333,-0.04683609972434283,0.08924676457303692
1574114589108,2019-11-18T17:03:09.108,8.56,0.42587567860258096,-0.1204061617531306,0.1080422030227868
1574114589118,2019-11-18T17:03:09.118,8.57,0.44124908876342717,-0.16857131354037627,0.11694003980412424
1574114589128,2019-11-18T17:03:09.128,8.58,0.42308351272385847,-0.11842921343702273,0.12638120081488344
1574114589138,2019-11-18T17:03:09.138,8.59,0.3837962777975504,-0.030141803935929613,0.14081971814554423
1574114589148,2019-11-18T17:03:09.148,8.6,0.3655222107575965,-0.007956904273769765,0.15078860669142038
1574114589158,2019-11-18T17:03:09.158,8.61,0.37810013221157934,-0.05294368407346912,0.15109329165881832
1574114589168,2019-11-18T17:03:09.168,8.62,0.38762109487428054,-0.08076894628956328,0.14864833428968244
1574114589178,2019-11-18T17:03:09.178,8.63,0.3666528209675952,-0.05235803099107539,0.14932165912006337
1574114589188,2019-11-18T17:03:09.188,8.64,0.3252989009797411,-0.011129083505746245,0.14970979369037057
1574114589198,2019-11-18T17:03:09.198,8.65,0.28540998633430803,0.0026369949996241917,0.145166028226496
1574114589208,2019-11-18T17:03:09.208,8.66,0.24710335379127746,0.008379015776188119,0.13761304519624093
1574114589218,2019-11-18T17:03:09.218,8.67,0.19690661723627295,0.03885209061742165,0.13090813920249067
1574114589228,2019-11-18T17:03:09.228,8.68,0.13559042776021268,0.08447479386597181,0.12432861268129647
1574114589238,2019-11-18T17:03:09.238,8.69,0.07909031317603551,0.11276200339483827,0.11604265045020637
1574114589248,2019-11-18T17:03:09.248,8.7,0.036115762541797394,0.11616736593528902,0.1080907336600731
1574114589258,2019-11-18T17:03:09.258,8.71,-0.0003589390003784134,0.11422208971527852,0.10250306172901136
1574114589268,2019-11-18T17:03:09.268,8.72,-0.03904508541444551,0.12206972079853658,0.09731339575361972
1574114589278,2019-11-18T17:03:09.278,8.73,-0.07834681484973309,0.13694655295175642,0.0910557095797655
1574114589288,2019-11-18T17:03:09.288,8.74,-0.11172168788654296,0.14993230235902932,0.0857738889289972
1574114589298,2019-11-18T17:03:09.298,8.75,-0.13829092229583734,0.15756700095810994,0.0818462592361689
1574114589308,2019-11-18T17:03:09.308,8.76,-0.1621040052517544,0.16196155971653375,0.07627998548952769
1574114589318,2019-11-18T17:03:09.318,8.77,-0.18270877886976788,0.16507702016995854,0.06910002970533058
1574114589328,2019-11-18T17:03:09.328,8.78,-0.19300039929952817,0.1657653406885722,0.06455798773822785
1574114589338,2019-11-18T17:03:09.338,8.79,-0.18982991981891867,0.16467754210011612,0.0645006801526648
1574114589348,2019-11-18T17:03:09.348,8.8,-0.1821640137026612,0.16832858604552517,0.0671293145449622
1574114589358,2019-11-18T17:03:09.358,8.81,-0.18104481966996802,0.17986825839308146,0.07186848822242117
1574114589368,2019-11-18T17:03:09.368,8.82,-0.183420842666129,0.1900630823571003,0.0792381726876861
1574114589378,2019-11-18T17:03:09.378,8.83,-0.17659783241038954,0.19020544540312573,0.08700494142595744
1574114589388,2019-11-18T17:03:09.388,8.84,-0.15825749109019285,0.18882596117553152,0.09148321223852615
1574114589398,2019-11-18T17:03:09.398,8.85,-0.13853327740690247,0.19856874142349082,0.09176118080275072
1574114589408,2019-11-18T17:03:09.408,8.86,-0.12050233360771068,0.21015395711055201,0.08926174064905369
1574114589418,2019-11-18T17:03:09.418,8.87,-0.09301721452412667,0.19923845389386063,0.08462973357287476
1574114589428,2019-11-18T17:03:09.428,8.88,-0.048197443330474266,0.1610402548140138,0.07826450015781727
1574114589438,2019-11-18T17:03:09.438,8.89,0.0032496338169086363,0.12174585005209812,0.07205813945573498
1574114589448,2019-11-18T17:03:09.448,8.9,0.039582022062319304,0.10971679199265377,0.0679129272785998
1574114589458,2019-11-18T17:03:09.458,8.91,0.05130143715815477,0.12392575318104071,0.06648515001972301
1574114589468,2019-11-18T17:03:09.468,8.92,0.056365998418486364,0.1347925992021049,0.06641185534750235
1574114589478,2019-11-18T17:03:09.478,8.93,0.0802202154612836,0.1119919738620264,0.06173638368977177
1574114589488,2019-11-18T17:03:09.488,8.94,0.11587287977650843,0.0511329644779122,0.04786773493041658
1574114589498,2019-11-18T17:03:09.498,8.95,0.13388794944247073,-0.019142071778237797,0.03353879907758283
1574114589508,2019-11-18T17:03:09.508,8.96,0.14481776070115862,-0.056622404415745,0.028551278657312315
1574114589518,2019-11-18T17:03:09.518,8.97,0.1968859846669644,-0.04594394461132771,0.019092420562315006
1574114589528,2019-11-18T17:03:09.528,8.98,0.2833967234660672,-0.011265349787556583,-0.0116449163375036
1574114589538,2019-11-18T17:03:09.538,8.99,0.324631811462623,0.027386107623225787,-0.0440656140376459
1574114589548,2019-11-18T17:03:09.548,9.0,0.28167766383630244,0.07122152408496683,-0.050267773204275806
1574114589558,2019-11-18T17:03:09.558,9.01,0.21421912176107255,0.09985101613114587,-0.047076052190869765
1574114589568,2019-11-18T17:03:09.568,9.02,0.19154315503348457,0.0844529291925407,-0.06959021399840969
1574114589578,2019-11-18T17:03:09.578,9.03,0.21388644721719913,0.05000801187883806,-0.1143436563700434
1574114589588,2019-11-18T17:03:09.588,9.04,0.24206442700072653,0.04396852091285182,-0.15336746519956668
1574114589598,2019-11-18T17:03:09.598,9.05,0.2533623397603945,0.06005510070911169,-0.17884069221505705
1574114589608,2019-11-18T17:03:09.608,9.06,0.25510233872964194,0.057857784107864976,-0.20134526071233327
1574114589618,2019-11-18T17:03:09.618,9.07,0.2622375646727344,0.031478802414811054,-0.22452423788295858
1574114589628,2019-11-18T17:03:09.628,9.08,0.26951088602604856,0.01602239082319437,-0.24150594248802149
1574114589638,2019-11-18T17:03:09.638,9.09,0.2609194397988182,0.031597008608032454,-0.2474806997441606
1574114589648,2019-11-18T17:03:09.648,9.1,0.24445695582200272,0.04562659222138157,-0.24714038241217237
1574114589658,2019-11-18T17:03:09.658,9.11,0.24322345645930532,0.01924488828385868,-0.24858390559466148
1574114589668,2019-11-18T17:03:09.668,9.12,0.252520794946273,-0.02270313400872265,-0.2516211250622219
1574114589678,2019-11-18T17:03:09.678,9.13,0.24373790958919853,-0.0191535764150082,-0.2484642380664993
1574114589688,2019-11-18T17:03:09.688,9.14,0.20970124959779535,0.03853357667788788,-0.23632083356636474
1574114589698,2019-11-18T17:03:09.698,9.15,0.17260746500513396,0.10005039754562246,-0.2208426247799094
1574114589708,2019-11-18T17:03:09.708,9.16,0.14807999293719873,0.1298359872024587,-0.20601590228683592
1574114589718,2019-11-18T17:03:09.718,9.17,0.12854982582295704,0.13866718453483867,-0.18926835699703257
1574114589728,2019-11-18T17:03:09.728,9.18,0.10322390277956583,0.14834537145780424,-0.16907418392810614
1574114589738,2019-11-18T17:03:09.738,9.19,0.07373850127399258,0.1652307596177286,-0.14928704372234342
1574114589748,2019-11-18T17:03:09.748,9.2,0.04567579128170233,0.18836112257017298,-0.1314561360331844
1574114589758,2019-11-18T17:03:09.758,9.21,0.018614535806573216,0.2138081299378673,-0.11076975811033274
1574114589768,2019-11-18T17:03:09.768,9.22,-0.008555649968473378,0.2279600872498062,-0.08632224973348467
1574114589778,2019-11-18T17:03:09.778,9.23,-0.031385515193547445,0.22112872392056582,-0.06744727239221644
1574114589788,2019-11-18T17:03:09.788,9.24,-0.04799575135880842,0.2128957178814266,-0.0607848567845664
1574114589798,2019-11-18T17:03:09.798,9.25,-0.06776768650827684,0.23912851372693578,-0.05847074109531929
1574114589808,2019-11-18T17:03:09.808,9.26,-0.10064513464432248,0.3039745480093722,-0.0501177389386028
1574114589818,2019-11-18T17:03:09.818,9.27,-0.14028279315935605,0.3674315496965612,-0.03943212508200938
1574114589828,2019-11-18T17:03:09.828,9.28,-0.168839794265507,0.39321707071391854,-0.036751478774924615
1574114589838,2019-11-18T17:03:09.838,9.29,-0.1779926048284221,0.3888464163211316,-0.042256830667010525
1574114589848,2019-11-18T17:03:09.848,9.3,-0.17577218752827128,0.38270460123764916,-0.04807302117654679
1574114589858,2019-11-18T17:03:09.858,9.31,-0.17222431520399317,0.3798935827796176,-0.05004683768972287
1574114589868,2019-11-18T17:03:09.868,9.32,-0.16833908120843877,0.3656655307250816,-0.04924260008806288
1574114589878,2019-11-18T17:03:09.878,9.33,-0.1628132712511306,0.3437609547239201,-0.04785589917209151
1574114589888,2019-11-18T17:03:09.888,9.34,-0.15890148678182403,0.33889915176718877,-0.04827113795918897
1574114589898,2019-11-18T17:03:09.898,9.35,-0.15633812044534418,0.35375198143685116,-0.05245075554620118
1574114589908,2019-11-18T17:03:09.908,9.36,-0.14620609637415885,0.3534981578233259,-0.06028520945490955
1574114589918,2019-11-18T17:03:09.918,9.37,-0.12425381072865896,0.31158817965855995,-0.06923303269806928
1574114589928,2019-11-18T17:03:09.928,9.38,-0.1006282992119385,0.24618933579600802,-0.07551668761949865
1574114589938,2019-11-18T17:03:09.938,9.39,-0.08545587775049661,0.18978860810010742,-0.07709248822210654
1574114589948,2019-11-18T17:03:09.948,9.4,-0.07374065002907147,0.14776629980897216,-0.07656119033670189
1574114589958,2019-11-18T17:03:09.958,9.41,-0.05634302949906439,0.11136582626369318,-0.07839416909641275
1574114589968,2019-11-18T17:03:09.968,9.42,-0.03582393420802364,0.08497113164920471,-0.08287008240567126
1574114589978,2019-11-18T17:03:09.978,9.43,-0.01810499570270717,0.07385754328193668,-0.08753652106704689
1574114589988,2019-11-18T17:03:09.988,9.44,0.0009618710084113693,0.06825568834583809,-0.09340823415749668
1574114589998,2019-11-18T17:03:09.998,9.45,0.02665175362957253,0.0582960282401722,-0.1024106243143485
1574114590008,2019-11-18T17:03:10.008,9.46,0.05229973480694023,0.04229343521811668,-0.11157062020377573
1574114590018,2019-11-18T17:03:10.018,9.47,0.06789077612090381,0.01848340418395888,-0.11798041252051239
1574114590028,2019-11-18T17:03:10.028,9.48,0.07684181256417898,-0.0047615446120227774,-0.12344008582454719
1574114590038,2019-11-18T17:03:10.038,9.49,0.0954393566109543,-0.015156893611492844,-0.12627596418708809
1574114590048,2019-11-18T17:03:10.048,9.5,0.1314235673385892,-0.05055283584995501,-0.12099887773518933
1574114590058,2019-11-18T17:03:10.058,9.51,0.16499966982158015,-0.1808661139394445,-0.11454945130210445
1574114590068,2019-11-18T17:03:10.068,9.52,0.1671832105671239,-0.3669524321260579,-0.12233976304554743
1574114590078,2019-11-18T17:03:10.078,9.53,0.13977400843839322,-0.4443214486927358,-0.13817296874573523
1574114590088,2019-11-18T17:03:10.088,9.54,0.11097254305981957,-0.3602835190828845,-0.13481364354650188
1574114590098,2019-11-18T17:03:10.098,9.55,0.09896719017213006,-0.2856365882240274,-0.10569068713456772
1574114590108,2019-11-18T17:03:10.108,9.56,0.11737145259323037,-0.34339710203458523,-0.07943756181812173
1574114590118,2019-11-18T17:03:10.118,9.57,0.18484747519660855,-0.4092010160807543,-0.08115082403564408
1574114590128,2019-11-18T17:03:10.128,9.58,0.27396518492714317,-0.3475919906164052,-0.09751483371594831
1574114590138,2019-11-18T17:03:10.138,9.59,0.2978553678676165,-0.23325904061361225,-0.09186474582210524
1574114590148,2019-11-18T17:03:10.148,9.6,0.21594346725642688,-0.1853220309487388,-0.048366760770172226
1574114590158,2019-11-18T17:03:10.158,9.61,0.10660085271671964,-0.19615887336867244,0.00844380833744774
1574114590168,2019-11-18T17:03:10.168,9.62,0.06809983571903318,-0.22212572442523637,0.04363620516091225
1574114590178,2019-11-18T17:03:10.178,9.63,0.0926170980580092,-0.25534481481402616,0.05280130272356416
1574114590188,2019-11-18T17:03:10.188,9.64,0.10363426246904492,-0.2712538528146631,0.058438482871621386
1574114590198,2019-11-18T17:03:10.198,9.65,0.07484339252170985,-0.24508778692648273,0.07296459908879305
1574114590208,2019-11-18T17:03:10.208,9.66,0.04217446447613983,-0.20679957518125797,0.08789620585178368
1574114590218,2019-11-18T17:03:10.218,9.67,0.02781277732428384,-0.19402359387632817,0.09603238643624039
1574114590228,2019-11-18T17:03:10.228,9.68,0.0159155824619147,-0.18888480003323893,0.09968826923750637
1574114590238,2019-11-18T17:03:10.238,9.69,-0.01200764092417501,-0.14741346535515398,0.09930848123119407
1574114590248,2019-11-18T17:03:10.248,9.7,-0.060754823830928804,-0.05833126273246836,0.09586633645915194
1574114590258,2019-11-18T17:03:10.258,9.71,-0.12515513129273217,0.04077709745200303,0.09822115602562934
1574114590268,2019-11-18T17:03:10.268,9.72,-0.1854329435182825,0.09044662413417645,0.109105541395323
1574114590278,2019-11-18T17:03:10.278,9.73,-0.2184530311041226,0.07212646456484523,0.11555052571177393
1574114590288,2019-11-18T17:03:10.288,9.74,-0.22744751278965453,0.0487661053235087,0.10907803599781396
1574114590298,2019-11-18T17:03:10.298,9.75,-0.24164838594220298,0.09416215941263309,0.10042472678168787
1574114590308,2019-11-18T17:03:10.308,9.76,-0.278700781759085,0.17957136368656845,0.10213310874975029
1574114590318,2019-11-18T17:03:10.318,9.77,-0.31940303998089875,0.20361177885878612,0.11140519671846677
1574114590328,2019-11-18T17:03:10.328,9.78,-0.32589739655946315,0.14133370407955492,0.11953570773524079
1574114590338,2019-11-18T17:03:10.338,9.79,-0.2875820141178656,0.07813890219291267,0.12608000246208845
1574114590348,2019-11-18T17:03:10.348,9.8,-0.2416250512904291,0.08248880386149436,0.1349693131992977
1574114590358,2019-11-18T17:03:10.358,9.81,-0.22766653783499796,0.12407775962371695,0.14536052981114223
1574114590368,2019-11-18T17:03:10.368,9.82,-0.23477817992807568,0.13928919219881641,0.15484187920595724
1574114590378,2019-11-18T17:03:10.378,9.83,-0.2281140896156715,0.11941840072267082,0.16525704151630694
1574114590388,2019-11-18T17:03:10.388,9.84,-0.20729886038310374,0.10072741884161748,0.1781594834526831
1574114590398,2019-11-18T17:03:10.398,9.85,-0.19629894490028493,0.09893936172920431,0.19019617980483694
1574114590408,2019-11-18T17:03:10.408,9.86,-0.1997855273388887,0.09737112470090314,0.19782912936821895
1574114590418,2019-11-18T17:03:10.418,9.87,-0.20662033976046268,0.08922510388143223,0.20094106933191402
1574114590428,2019-11-18T17:03:10.428,9.88,-0.21364131847189177,0.08805311608985611,0.19995543760031406
1574114590438,2019-11-18T17:03:10.438,9.89,-0.22164099229060946,0.09457217447255037,0.19659082250382573
1574114590448,2019-11-18T17:03:10.448,9.9,-0.2246411104955448,0.07989366572255696,0.19756888634740083
1574114590458,2019-11-18T17:03:10.458,9.91,-0.2104413075909698,0.003696680708519662,0.20752144508395567
1574114590468,2019-11-18T17:03:10.468,9.92,-0.16338506534873487,-0.15093374336322485,0.21761446424967829
1574114590478,2019-11-18T17:03:10.478,9.93,-0.08153567457365506,-0.3386266852121188,0.2129946212619821
1574114590488,2019-11-18T17:03:10.488,9.94,-0.0006440817465259065,-0.4488609656374244,0.19168230733067865
1574114590498,2019-11-18T17:03:10.498,9.95,0.02456527069362745,-0.39436997164766896,0.16434199728337706
1574114590508,2019-11-18T17:03:10.508,9.96,-0.02041325904050735,-0.23590194284821842,0.13915665666201976
1574114590518,2019-11-18T17:03:10.518,9.97,-0.08170465062286666,-0.15464955618947338,0.11884534311682911
1574114590528,2019-11-18T17:03:10.528,9.98,-0.0839666885588163,-0.23216801991645608,0.10498986227974025
1574114590538,2019-11-18T17:03:10.538,9.99,-0.015937661511440798,-0.3353205848991852,0.09470521520269279
1574114590548,2019-11-18T17:03:10.548,10.0,0.0470456248103004,-0.3153925631233791,0.0816566861254962
1574114590558,2019-11-18T17:03:10.558,10.01,0.03873262310404482,-0.2275909268175058,0.06553829781379988
1574114590568,2019-11-18T17:03:10.568,10.02,-0.010010360334777715,-0.2256615561613398,0.051352041064554745
1574114590578,2019-11-18T17:03:10.578,10.03,-0.035781199807395664,-0.3137814607416132,0.04031659462978137
1574114590588,2019-11-18T17:03:10.588,10.04,-0.04385292961408299,-0.3523276199044011,0.030331982844883712
1574114590598,2019-11-18T17:03:10.598,10.05,-0.06666534301609517,-0.28701892892632647,0.020753413682663636
1574114590608,2019-11-18T17:03:10.608,10.06,-0.08514139929096735,-0.2170707059907345,0.011029685804860492
1574114590618,2019-11-18T17:03:10.618,10.07,-0.072376067625143,-0.212330399055645,0.00035813103900339625
1574114590628,2019-11-18T17:03:10.628,10.08,-0.051847019303221414,-0.2177356002866293,-0.010052331261462833
1574114590638,2019-11-18T17:03:10.638,10.09,-0.05063088517012511,-0.18359621096860335,-0.018410860698906566
1574114590648,2019-11-18T17:03:10.648,10.1,-0.05497854851319556,-0.14680976088588216,-0.023688354620720414
1574114590658,2019-11-18T17:03:10.658,10.11,-0.05069505498053754,-0.13909458552019716,-0.02500894530375921
1574114590668,2019-11-18T17:03:10.668,10.12,-0.05371257850003667,-0.12830482748462613,-0.02378141385412611
1574114590678,2019-11-18T17:03:10.678,10.13,-0.07703569041816642,-0.07770818307073377,-0.02327284230881631
1574114590688,2019-11-18T17:03:10.688,10.14,-0.11071202116986822,0.013385414881518912,-0.022376837779808683
1574114590698,2019-11-18T17:03:10.698,10.15,-0.14702697512106733,0.12625943751294083,-0.016770751003576577
1574114590708,2019-11-18T17:03:10.708,10.16,-0.18789869478205826,0.22093094637261299,-0.00884703477454927
1574114590718,2019-11-18T17:03:10.718,10.17,-0.21990346885595713,0.23860605164916723,-0.006763888864830238
1574114590728,2019-11-18T17:03:10.728,10.18,-0.2186520776301379,0.16329786058856627,-0.012568284764026856
1574114590738,2019-11-18T17:03:10.738,10.19,-0.18860088205123954,0.06408889813216245,-0.02131885225968774
1574114590748,2019-11-18T17:03:10.748,10.2,-0.16711516470428606,0.029933630397510853,-0.030304405159563553
1574114590758,2019-11-18T17:03:10.758,10.21,-0.1765827874815288,0.07390842934239224,-0.04008219977363688
1574114590768,2019-11-18T17:03:10.768,10.22,-0.1982668073483249,0.1331879956236782,-0.04990122111550083
1574114590778,2019-11-18T17:03:10.778,10.23,-0.20494068672697763,0.1497884386808654,-0.058453606861234075
1574114590788,2019-11-18T17:03:10.788,10.24,-0.19564854923381086,0.12160805693074839,-0.0653497802888249
1574114590798,2019-11-18T17:03:10.798,10.25,-0.18572735118772407,0.08132033855558395,-0.06990901470045449
1574114590808,2019-11-18T17:03:10.808,10.26,-0.18268672610464326,0.05579391543776176,-0.07298393014648355
1574114590818,2019-11-18T17:03:10.818,10.27,-0.1846299536612262,0.052311509080805535,-0.07853088639588103
1574114590828,2019-11-18T17:03:10.828,10.28,-0.18646383202613043,0.05981424803120827,-0.08869422744501566
1574114590838,2019-11-18T17:03:10.838,10.29,-0.17715999537192717,0.05320492434547528,-0.10141763726692092
1574114590848,2019-11-18T17:03:10.848,10.3,-0.14764960040663028,0.02199206615198933,-0.1161435121056123
1574114590858,2019-11-18T17:03:10.858,10.31,-0.11278259908666408,0.0037254437411521554,-0.13238026142419757
1574114590868,2019-11-18T17:03:10.868,10.32,-0.1016895543944822,0.042560331407615185,-0.14016172439569013
1574114590878,2019-11-18T17:03:10.878,10.33,-0.10532047977599537,0.08831190080319934,-0.1296062707911595
1574114590888,2019-11-18T17:03:10.888,10.34,-0.06692967440701322,0.010809971100458986,-0.11341373306455135
1574114590898,2019-11-18T17:03:10.898,10.35,0.03489872595948572,-0.20981955569937877,-0.1143111584905269
1574114590908,2019-11-18T17:03:10.908,10.36,0.1329143315239298,-0.38686437528484313,-0.12631288493177406
1574114590918,2019-11-18T17:03:10.918,10.37,0.15975563141171517,-0.3582109295081395,-0.12010663368816968
1574114590928,2019-11-18T17:03:10.928,10.38,0.14533367466339578,-0.24874926594855087,-0.08942310514090132
1574114590938,2019-11-18T17:03:10.938,10.39,0.15512367793646745,-0.2958478709870196,-0.05830060054292656
1574114590948,2019-11-18T17:03:10.948,10.4,0.18390837826623518,-0.45883723131228593,-0.043157522367455556
1574114590958,2019-11-18T17:03:10.958,10.41,0.18800796671686043,-0.4906886961171736,-0.03781630087733262
1574114590968,2019-11-18T17:03:10.968,10.42,0.16951306009206094,-0.36961828095563165,-0.02982263253065426
1574114590978,2019-11-18T17:03:10.978,10.43,0.15841584091904798,-0.3014374892205163,-0.008995655542633705
1574114590988,2019-11-18T17:03:10.988,10.44,0.1591454995111941,-0.32825175091678216,0.027694506987582294
1574114590998,2019-11-18T17:03:10.998,10.45,0.16408080349364015,-0.3136365938125681,0.06550202903814258
1574114591008,2019-11-18T17:03:11.008,10.46,0.17555213507479422,-0.2443705072294887,0.08372288647218407
1574114591018,2019-11-18T17:03:11.018,10.47,0.18607998839819057,-0.2124616733002963,0.08463382072142703
1574114591028,2019-11-18T17:03:11.028,10.48,0.17957041358128362,-0.21034699905055737,0.08904140236145977
1574114591038,2019-11-18T17:03:11.038,10.49,0.1653553633762451,-0.18380979920087542,0.10215015666869408
1574114591048,2019-11-18T17:03:11.048,10.5,0.16885229394448925,-0.1539463455467775,0.10935389668785153
1574114591058,2019-11-18T17:03:11.058,10.51,0.18425654918440745,-0.14431594956788737,0.105743034266843
1574114591068,2019-11-18T17:03:11.068,10.52,0.17879896266068313,-0.11572671230576323,0.10300021631985667
1574114591078,2019-11-18T17:03:11.078,10.53,0.1438443266304973,-0.04537077223082047,0.10576056575140214
1574114591088,2019-11-18T17:03:11.088,10.54,0.0985320051289185,0.03814090625569426,0.10644927051853051
1574114591098,2019-11-18T17:03:11.098,10.55,0.04368368596879231,0.12479310140790567,0.1049365901856171
1574114591108,2019-11-18T17:03:11.108,10.56,-0.039330195046124616,0.22540531401598368,0.10918443852896945
1574114591118,2019-11-18T17:03:11.118,10.57,-0.13582745855249828,0.2953111889098232,0.11611650509418048
1574114591128,2019-11-18T17:03:11.128,10.58,-0.19328943927170894,0.2675698144944224,0.11451356386576236
1574114591138,2019-11-18T17:03:11.138,10.59,-0.19071702802857796,0.18235913732338968,0.10520555838623052
1574114591148,2019-11-18T17:03:11.148,10.6,-0.17166793012922332,0.16709080596109016,0.09939405122581693
1574114591158,2019-11-18T17:03:11.158,10.61,-0.18271271297864794,0.25056237943408693,0.10166491180146414
1574114591168,2019-11-18T17:03:11.168,10.62,-0.21502403689747568,0.3137940775268555,0.10834622706313696
1574114591178,2019-11-18T17:03:11.178,10.63,-0.23545601801486282,0.2746895471388819,0.11568867884611395
1574114591188,2019-11-18T17:03:11.188,10.64,-0.24049689882427314,0.20591241038574484,0.12155736127609554
1574114591198,2019-11-18T17:03:11.198,10.65,-0.24191738282179642,0.2065351788177233,0.12474456761379912
1574114591208,2019-11-18T17:03:11.208,10.66,-0.2273312194981179,0.2519964513781189,0.12462126605069009
1574114591218,2019-11-18T17:03:11.218,10.67,-0.18036106671996,0.24802241302584177,0.1202053144213504
1574114591228,2019-11-18T17:03:11.228,10.68,-0.1232194609901581,0.1814230654345778,0.1136489760193028
1574114591238,2019-11-18T17:03:11.238,10.69,-0.09500304776479189,0.13421259635879548,0.11137058005172978
1574114591248,2019-11-18T17:03:11.248,10.7,-0.0964204687625129,0.15593095820518124,0.11407198033461338
1574114591258,2019-11-18T17:03:11.258,10.71,-0.09521082413014331,0.2044382498918209,0.11233862902257649
1574114591268,2019-11-18T17:03:11.268,10.72,-0.08044586985662219,0.22699626895212643,0.10109149173732998
1574114591278,2019-11-18T17:03:11.278,10.73,-0.0694244843235623,0.21364908000282135,0.08934595794999964
1574114591288,2019-11-18T17:03:11.288,10.74,-0.05593128758098868,0.1471773899144565,0.08453419557505928
1574114591298,2019-11-18T17:03:11.298,10.75,5.074046175831265e-06,-0.004955948868018402,0.07699579726688605
1574114591308,2019-11-18T17:03:11.308,10.76,0.10346889062577351,-0.20033752981270744,0.0553414390956749
1574114591318,2019-11-18T17:03:11.318,10.77,0.19051317607373627,-0.3045803483724852,0.028157338205455622
1574114591328,2019-11-18T17:03:11.328,10.78,0.2104574665801739,-0.2457505488411444,0.012086911669348863
1574114591338,2019-11-18T17:03:11.338,10.79,0.20646920876001712,-0.14064819500839298,0.006411162547426009
1574114591348,2019-11-18T17:03:11.348,10.8,0.24678154293798926,-0.15945102037713213,-0.004671713433457585
1574114591358,2019-11-18T17:03:11.358,10.81,0.3031357373672967,-0.2788205958523464,-0.03210617452893645
1574114591368,2019-11-18T17:03:11.368,10.82,0.2951010197500857,-0.3139748670259557,-0.07102923166910514
1574114591378,2019-11-18T17:03:11.378,10.83,0.24028547314585028,-0.21015225629978163,-0.10293722131171361
1574114591388,2019-11-18T17:03:11.388,10.84,0.2319405935537262,-0.11933761036151289,-0.11301121053806285
1574114591398,2019-11-18T17:03:11.398,10.85,0.2739511421852283,-0.14349707839962086,-0.1082133532557224
1574114591408,2019-11-18T17:03:11.408,10.86,0.28112358500779405,-0.1952222303586653,-0.10659327923864939
1574114591418,2019-11-18T17:03:11.418,10.87,0.23073795793172056,-0.17391286300047315,-0.11282069489304207
1574114591428,2019-11-18T17:03:11.428,10.88,0.17947945166550539,-0.10875058204188917,-0.12021057103390734
1574114591438,2019-11-18T17:03:11.438,10.89,0.15584899644040628,-0.07053774122688715,-0.1283358950461595
1574114591448,2019-11-18T17:03:11.448,10.9,0.14364066290894606,-0.07344980910890181,-0.13971393332072232
1574114591458,2019-11-18T17:03:11.458,10.91,0.13838795596746434,-0.09920796988930003,-0.1460023650067795
1574114591468,2019-11-18T17:03:11.468,10.92,0.14310477368710842,-0.1256008566803346,-0.1381164856656703
1574114591478,2019-11-18T17:03:11.478,10.93,0.13860616084718874,-0.120572556638086,-0.12583562777458587
1574114591488,2019-11-18T17:03:11.488,10.94,0.10647056929888385,-0.06754399845636756,-0.12497143564766441
1574114591498,2019-11-18T17:03:11.498,10.95,0.05576994282885378,0.013306338255049413,-0.13046906199515323
1574114591508,2019-11-18T17:03:11.508,10.96,0.0014604806759437759,0.09710244123879375,-0.12675067302896567
1574114591518,2019-11-18T17:03:11.518,10.97,-0.05491930882385619,0.17446273789275574,-0.1158280070430954
1574114591528,2019-11-18T17:03:11.528,10.98,-0.10677247417905311,0.22667759420517036,-0.11093701702292667
1574114591538,2019-11-18T17:03:11.538,10.99,-0.13552246702405835,0.22762047892061626,-0.11262655825364157
1574114591548,2019-11-18T17:03:11.548,11.0,-0.13598260201468856,0.1825972851588739,-0.11111413135637827
1574114591558,2019-11-18T17:03:11.558,11.01,-0.12327525675220302,0.12684352767402288,-0.10448359947011204
1574114591568,2019-11-18T17:03:11.568,11.02,-0.10922002853179262,0.08595927533053037,-0.10051297779592638
1574114591578,2019-11-18T17:03:11.578,11.03,-0.09635249456392142,0.07111160830848162,-0.10367737827103282
1574114591588,2019-11-18T17:03:11.588,11.04,-0.0939161583172401,0.09737399409136346,-0.10945538688067699
1574114591598,2019-11-18T17:03:11.598,11.05,-0.11198353720346318,0.16404909563357511,-0.11181059377149044
1574114591608,2019-11-18T17:03:11.608,11.06,-0.1386419603298094,0.22776245303235132,-0.11007230821695133
1574114591618,2019-11-18T17:03:11.618,11.07,-0.14797346440212206,0.2369191498920009,-0.10662181506801868
1574114591628,2019-11-18T17:03:11.628,11.08,-0.13317837449099076,0.18879696318378797,-0.10225208920649495
1574114591638,2019-11-18T17:03:11.638,11.09,-0.11021760533575778,0.12149712101444074,-0.09696533462297453
1574114591648,2019-11-18T17:03:11.648,11.1,-0.09068391348836552,0.06584091601365216,-0.09384457363755375
1574114591658,2019-11-18T17:03:11.658,11.11,-0.07631554276152817,0.03854074299426656,-0.0971988091901145
1574114591668,2019-11-18T17:03:11.668,11.12,-0.07075623769697716,0.04511195762068833,-0.10401211453598236
1574114591678,2019-11-18T17:03:11.678,11.13,-0.06265391725704106,0.0424212982176049,-0.10435463897672911
1574114591688,2019-11-18T17:03:11.688,11.14,-0.017746598889084704,-0.03780998541680399,-0.09734412740902978
1574114591698,2019-11-18T17:03:11.698,11.15,0.06481996822440071,-0.1634124763995208,-0.0954590451355859
1574114591708,2019-11-18T17:03:11.708,11.16,0.12011775018873999,-0.19888464272924777,-0.10191553548348059
1574114591718,2019-11-18T17:03:11.718,11.17,0.10326168136257179,-0.11814454701423158,-0.10076743714024435
1574114591728,2019-11-18T17:03:11.728,11.18,0.07006345123528379,-0.08092807822821532,-0.08359899821204073
1574114591738,2019-11-18T17:03:11.738,11.19,0.10293524752398585,-0.17532383426677414,-0.06465232787369066
1574114591748,2019-11-18T17:03:11.748,11.2,0.19496830914504598,-0.26099847444021496,-0.05617272905271196
1574114591758,2019-11-18T17:03:11.758,11.21,0.27235280654538896,-0.21877111979739514,-0.05116033501198558
1574114591768,2019-11-18T17:03:11.768,11.22,0.2914866745056962,-0.15218094812077065,-0.039194474086382984
1574114591778,2019-11-18T17:03:11.778,11.23,0.25866748636713044,-0.1760080031507299,-0.019352616550064684
1574114591788,2019-11-18T17:03:11.788,11.24,0.1966149380915388,-0.21783933312780818,0.005818080158402525
1574114591798,2019-11-18T17:03:11.798,11.25,0.14007667726614215,-0.19154990261373858,0.03281451098862389
1574114591808,2019-11-18T17:03:11.808,11.26,0.12622717341670842,-0.16301097620653093,0.05344845323017952
1574114591818,2019-11-18T17:03:11.818,11.27,0.15211290801646488,-0.1985498643619414,0.06146141852053255
1574114591828,2019-11-18T17:03:11.828,11.28,0.17478424050887365,-0.23186748322620385,0.06187712800098352
1574114591838,2019-11-18T17:03:11.838,11.29,0.17362968960149683,-0.19884459974347593,0.06380603895745701
1574114591848,2019-11-18T17:03:11.848,11.3,0.17302436685359346,-0.14584383631329875,0.0671455774832428
1574114591858,2019-11-18T17:03:11.858,11.31,0.18965170418810473,-0.1164662742867556,0.0665479939373785
1574114591868,2019-11-18T17:03:11.868,11.32,0.20142582982343354,-0.06896526693339401,0.06452889655076188
1574114591878,2019-11-18T17:03:11.878,11.33,0.1845123490064724,0.02372939655836722,0.06882084041654683
1574114591888,2019-11-18T17:03:11.888,11.34,0.14452033881846407,0.1031386249730406,0.07867796821483009
1574114591898,2019-11-18T17:03:11.898,11.35,0.09709448663648229,0.11240745641131691,0.08558404080594093
1574114591908,2019-11-18T17:03:11.908,11.36,0.04518490501440037,0.07608589302930013,0.0871661571172761
1574114591918,2019-11-18T17:03:11.918,11.37,-0.012830056953729178,0.05195543225893835,0.08871419100672051
1574114591928,2019-11-18T17:03:11.928,11.38,-0.07111323508303834,0.05915507524383685,0.09153261231057994
1574114591938,2019-11-18T17:03:11.938,11.39,-0.1221606572306593,0.08533144001011135,0.09246576815414632
1574114591948,2019-11-18T17:03:11.948,11.4,-0.16534302342082066,0.12730614341686686,0.09344802980685948
1574114591958,2019-11-18T17:03:11.958,11.41,-0.20542696768954152,0.19468351928261263,0.09925689208654395
1574114591968,2019-11-18T17:03:11.968,11.42,-0.246300933004005,0.28485281268042834,0.10859259261635948
1574114591978,2019-11-18T17:03:11.978,11.43,-0.2839702052901746,0.36964783099100434,0.11646937608283772
1574114591988,2019-11-18T17:03:11.988,11.44,-0.3039548295114208,0.4072596822988548,0.12121116801028269
1574114591998,2019-11-18T17:03:11.998,11.45,-0.29288694763267653,0.37069656326554884,0.12405190571450339
1574114592008,2019-11-18T17:03:12.008,11.46,-0.2559270472779528,0.2747607666184436,0.12642739365161787
1574114592018,2019-11-18T17:03:12.018,11.47,-0.21699878613268664,0.17683281265849632,0.1296654760101622
1574114592028,2019-11-18T17:03:12.028,11.48,-0.20141393422971682,0.14039471610121282,0.13383743865326345
1574114592038,2019-11-18T17:03:12.038,11.49,-0.2191014265964787,0.1828111916950933,0.1372015130941883
1574114592048,2019-11-18T17:03:12.048,11.5,-0.2536040560785093,0.2507287757538313,0.13897526468314852
1574114592058,2019-11-18T17:03:12.058,11.51,-0.26550680196474086,0.26127913857734597,0.13990487078489294
1574114592068,2019-11-18T17:03:12.068,11.52,-0.22923060031537246,0.19250604150319625,0.13887249393714882
1574114592078,2019-11-18T17:03:12.078,11.53,-0.1698330437719191,0.1190727127500527,0.13498605291731092
1574114592088,2019-11-18T17:03:12.088,11.54,-0.13009968987681586,0.11524005082223981,0.13287449333833296
1574114592098,2019-11-18T17:03:12.098,11.55,-0.09949317186546415,0.13767032984925182,0.13521644325761595
1574114592108,2019-11-18T17:03:12.108,11.56,-0.02500030914648313,0.07595182829175673,0.13197824601920585
1574114592118,2019-11-18T17:03:12.118,11.57,0.09821422805537466,-0.07689519551789888,0.11244433735346226
1574114592128,2019-11-18T17:03:12.128,11.58,0.2026408488906261,-0.19293627681294964,0.08360454919729163
1574114592138,2019-11-18T17:03:12.138,11.59,0.23601332305463815,-0.18875928158639435,0.05921479194403832
1574114592148,2019-11-18T17:03:12.148,11.6,0.22663486479352724,-0.1510174242787215,0.03891530035544473
1574114592158,2019-11-18T17:03:12.158,11.61,0.23253857967422562,-0.19583565153483606,0.01451300711350315
1574114592168,2019-11-18T17:03:12.168,11.62,0.25886239337418887,-0.2770298253983227,-0.015400798704412673
1574114592178,2019-11-18T17:03:12.178,11.63,0.2659285736922613,-0.2766414067624234,-0.04948390140616423
1574114592188,2019-11-18T17:03:12.188,11.64,0.2434449018613809,-0.21981607189544033,-0.08679734811512083
1574114592198,2019-11-18T17:03:12.198,11.65,0.22522856702119987,-0.20466865845407411,-0.11836504216724664
1574114592208,2019-11-18T17:03:12.208,11.66,0.22936506468654447,-0.19561682188213692,-0.13279072025706373
1574114592218,2019-11-18T17:03:12.218,11.67,0.23829181295868085,-0.11541943436247842,-0.13471639301207114
1574114592228,2019-11-18T17:03:12.228,11.68,0.24344290641669805,-0.03815091290927694,-0.14116640669554914
1574114592238,2019-11-18T17:03:12.238,11.69,0.2538481791402842,-0.06120231843679948,-0.15738590777737793
1574114592248,2019-11-18T17:03:12.248,11.7,0.2594494705913193,-0.11782378627829178,-0.1718190682884126
1574114592258,2019-11-18T17:03:12.258,11.71,0.2416251522041637,-0.11365266459629056,-0.17683919162250877
1574114592268,2019-11-18T17:03:12.268,11.72,0.21405157521891685,-0.09910150837309614,-0.17884453286798374
1574114592278,2019-11-18T17:03:12.278,11.73,0.20101675959841891,-0.14605316298264076,-0.18322688595787215
1574114592288,2019-11-18T17:03:12.288,11.74,0.1889492290685616,-0.19691196356232685,-0.18446213388415988
1574114592298,2019-11-18T17:03:12.298,11.75,0.14556047286494908,-0.1656025436780731,-0.17744695300103952
1574114592308,2019-11-18T17:03:12.308,11.76,0.06923601137208435,-0.07331430109789422,-0.1630216114946801
1574114592318,2019-11-18T17:03:12.318,11.77,-0.01669757077398488,0.010910059418799491,-0.13845972073110555
1574114592328,2019-11-18T17:03:12.328,11.78,-0.09787772679184559,0.07300977620751686,-0.10233016794606312
1574114592338,2019-11-18T17:03:12.338,11.79,-0.16866301926316485,0.1307923040682283,-0.06836423083459732
1574114592348,2019-11-18T17:03:12.348,11.8,-0.21833369089732313,0.1819804828465221,-0.05159434268154639
1574114592358,2019-11-18T17:03:12.358,11.81,-0.2428886032709341,0.22575659513253107,-0.04639598161562744
1574114592368,2019-11-18T17:03:12.368,11.82,-0.2580507868291504,0.2843703717417316,-0.03853805114688755
1574114592378,2019-11-18T17:03:12.378,11.83,-0.2805775450578217,0.3648442379716058,-0.027262217683377006
1574114592388,2019-11-18T17:03:12.388,11.84,-0.3026133133854616,0.4260048139151843,-0.020501782601754705
1574114592398,2019-11-18T17:03:12.398,11.85,-0.2997900672112289,0.4124248600676871,-0.021459024273323735
1574114592408,2019-11-18T17:03:12.408,11.86,-0.26493769474733797,0.3218249059893871,-0.02820278635063212
1574114592418,2019-11-18T17:03:12.418,11.87,-0.22249392963445785,0.22271163805569943,-0.036409261489686755
1574114592428,2019-11-18T17:03:12.428,11.88,-0.20205782304396747,0.1858559447369036,-0.04075905461845186
1574114592438,2019-11-18T17:03:12.438,11.89,-0.20390321852365817,0.20669090626985104,-0.040017957677809975
1574114592448,2019-11-18T17:03:12.448,11.9,-0.20236984047440182,0.22382249838619164,-0.037909200124023865
1574114592458,2019-11-18T17:03:12.458,11.91,-0.1791691919733952,0.20211900817545955,-0.036251982067442
1574114592468,2019-11-18T17:03:12.468,11.92,-0.1384477372896508,0.15717104986080685,-0.0337926880876873
1574114592478,2019-11-18T17:03:12.478,11.93,-0.09220000785835394,0.10861183382611489,-0.032352442096004866
1574114592488,2019-11-18T17:03:12.488,11.94,-0.048415712232873095,0.056700560448911995,-0.03628022648011944
1574114592498,2019-11-18T17:03:12.498,11.95,-0.01481269831305854,0.005813671594055811,-0.046121550811293585
1574114592508,2019-11-18T17:03:12.508,11.96,0.0007088454378443411,-0.025869037251031173,-0.05742607250179592
1574114592518,2019-11-18T17:03:12.518,11.97,8.535910752561495e-05,-0.031939930906210334,-0.0642363312136381
1574114592528,2019-11-18T17:03:12.528,11.98,0.0007654356078323548,-0.04220339420976037,-0.06510979425681629
1574114592538,2019-11-18T17:03:12.538,11.99,0.02485890123794416,-0.1080060011364152,-0.0678574157193165
1574114592548,2019-11-18T17:03:12.548,12.0,0.07619847709968122,-0.23974334122776197,-0.0803743708518102
1574114592558,2019-11-18T17:03:12.558,12.01,0.1277737284355729,-0.3574046256327471,-0.09637871465982889
1574114592568,2019-11-18T17:03:12.568,12.02,0.1435825846794455,-0.35438590629038047,-0.10354114527784286
1574114592578,2019-11-18T17:03:12.578,12.03,0.1217469404123752,-0.23900613519581998,-0.10125019378326201
1574114592588,2019-11-18T17:03:12.588,12.04,0.10189331129874013,-0.14662922239895393,-0.09390255270066061
1574114592598,2019-11-18T17:03:12.598,12.05,0.11234632367136763,-0.1612717093183262,-0.07860327149016463
1574114592608,2019-11-18T17:03:12.608,12.06,0.13146189582365075,-0.21162880688189092,-0.05817051591921033
1574114592618,2019-11-18T17:03:12.618,12.07,0.130817795671052,-0.21035626033137378,-0.047545809603266584
1574114592628,2019-11-18T17:03:12.628,12.08,0.12383442125660121,-0.18102026212781813,-0.04787366940701262
1574114592638,2019-11-18T17:03:12.638,12.09,0.1317241342545327,-0.16967384407935704,-0.03783718675350024
1574114592648,2019-11-18T17:03:12.648,12.1,0.14377682425103389,-0.16270580692800382,-0.008836120948981212
1574114592658,2019-11-18T17:03:12.658,12.11,0.14790622019343913,-0.15444029617087454,0.017996946690423572
1574114592668,2019-11-18T17:03:12.668,12.12,0.14998971827998137,-0.16252174788390422,0.025781292761272473
1574114592678,2019-11-18T17:03:12.678,12.13,0.14408920732679553,-0.15877943234997524,0.026018015378630556
1574114592688,2019-11-18T17:03:12.688,12.14,0.12023134811860799,-0.11440030364522608,0.03472007743786152
1574114592698,2019-11-18T17:03:12.698,12.15,0.09871076134421723,-0.08083062922312732,0.04771063043122434
1574114592708,2019-11-18T17:03:12.708,12.16,0.09933766860292471,-0.10427005535664252,0.053120454720373224
1574114592718,2019-11-18T17:03:12.718,12.17,0.09674479597068475,-0.12604341236060213,0.05222533477734754
1574114592728,2019-11-18T17:03:12.728,12.18,0.05853312166451198,-0.07604000099628208,0.05552175635729023
1574114592738,2019-11-18T17:03:12.738,12.19,-0.001274005377315937,0.01111781976478566,0.06627490336805726
1574114592748,2019-11-18T17:03:12.748,12.2,-0.05233432456278534,0.06418396517277342,0.07745242430680978
1574114592758,2019-11-18T17:03:12.758,12.21,-0.09939532533525351,0.08814561774716305,0.08328122016024408
1574114592768,2019-11-18T17:03:12.768,12.22,-0.16131396152359223,0.12891864778593515,0.08674480877953991
1574114592778,2019-11-18T17:03:12.778,12.23,-0.2267989166016223,0.1779651258352179,0.09188864981475214
1574114592788,2019-11-18T17:03:12.788,12.24,-0.2704450468725057,0.18946236170335445,0.09591332812378484
1574114592798,2019-11-18T17:03:12.798,12.25,-0.2928658638393906,0.1746153035431413,0.09746901258416048
1574114592808,2019-11-18T17:03:12.808,12.26,-0.3120980183236806,0.2061219873022151,0.1035096545856044
1574114592818,2019-11-18T17:03:12.818,12.27,-0.32894482118871954,0.30187327138037695,0.11703733541446787
1574114592828,2019-11-18T17:03:12.828,12.28,-0.32858420818758427,0.3660064139806252,0.1293018985084229
1574114592838,2019-11-18T17:03:12.838,12.29,-0.31048430870293714,0.3177972246211025,0.1337412174318507
1574114592848,2019-11-18T17:03:12.848,12.3,-0.29308242208301233,0.22664992398727785,0.13599109608213875
1574114592858,2019-11-18T17:03:12.858,12.31,-0.28515087446216986,0.20627078916723957,0.14290327447133366
1574114592868,2019-11-18T17:03:12.868,12.32,-0.2723681473100561,0.22900004019524717,0.15128322160944013
1574114592878,2019-11-18T17:03:12.878,12.33,-0.2457340157971234,0.1925941989918124,0.1539310274806238
1574114592888,2019-11-18T17:03:12.888,12.34,-0.22512210977291094,0.11317746231662223,0.15134628398888492
1574114592898,2019-11-18T17:03:12.898,12.35,-0.23056662034799263,0.08900050934295156,0.15025085198558324
1574114592908,2019-11-18T17:03:12.908,12.36,-0.24669229546300522,0.12830034933008755,0.1522298527315426
1574114592918,2019-11-18T17:03:12.918,12.37,-0.2469674139101689,0.16303436750583006,0.15278732076532991
1574114592928,2019-11-18T17:03:12.928,12.38,-0.2348140687833336,0.1774258025915654,0.15188867369610726
1574114592938,2019-11-18T17:03:12.938,12.39,-0.22346570661252757,0.19421423871209542,0.15414575675077366
1574114592948,2019-11-18T17:03:12.948,12.4,-0.19923666846760424,0.19322257104148405,0.15778382479933378
1574114592958,2019-11-18T17:03:12.958,12.41,-0.14985999344702966,0.15843105242792904,0.1568862234768932
1574114592968,2019-11-18T17:03:12.968,12.42,-0.09962799272360823,0.13839172392746163,0.1541933630908967
1574114592978,2019-11-18T17:03:12.978,12.43,-0.0635360365514406,0.14580858674157693,0.1547174796005153
1574114592988,2019-11-18T17:03:12.988,12.44,-0.0034606747835871955,0.08011273734770592,0.1483524758426128
1574114592998,2019-11-18T17:03:12.998,12.45,0.1042767101822094,-0.10821352594611053,0.12079603347795059
1574114593008,2019-11-18T17:03:13.008,12.46,0.19689489239262556,-0.2626711354683317,0.08092791678028888
1574114593018,2019-11-18T17:03:13.018,12.47,0.2018162091618222,-0.220255066357267,0.05292145177573383
1574114593028,2019-11-18T17:03:13.028,12.48,0.15576091713368834,-0.09642070256564145,0.04012388108035247
1574114593038,2019-11-18T17:03:13.038,12.49,0.16299134436648355,-0.12878741083619172,0.01892912141995386
1574114593048,2019-11-18T17:03:13.048,12.5,0.2563486372574876,-0.2871882289528417,-0.027727967074188724
1574114593058,2019-11-18T17:03:13.058,12.51,0.3754040915362238,-0.33686809241774607,-0.08604622840968515
1574114593068,2019-11-18T17:03:13.068,12.52,0.45642374046537143,-0.2485579635836165,-0.12752493871690643
1574114593078,2019-11-18T17:03:13.078,12.53,0.4765287007737078,-0.1996956663165051,-0.1417102309799873
1574114593088,2019-11-18T17:03:13.088,12.54,0.4399874574923075,-0.2132794061051515,-0.142153803165298
1574114593098,2019-11-18T17:03:13.098,12.55,0.3776333411911524,-0.15809764239559926,-0.14383638907437643
1574114593108,2019-11-18T17:03:13.108,12.56,0.33353610679264334,-0.0502838427915469,-0.1488728687270314
1574114593118,2019-11-18T17:03:13.118,12.57,0.3191069341615294,-0.0296677037088656,-0.15288798132682097
1574114593128,2019-11-18T17:03:13.128,12.58,0.30428906483688534,-0.10587031429754777,-0.15298955303757328
1574114593138,2019-11-18T17:03:13.138,12.59,0.2647533606143168,-0.1694973103918339,-0.14903103599494846
1574114593148,2019-11-18T17:03:13.148,12.6,0.2099013934575199,-0.1761687912050225,-0.1424928499449607
1574114593158,2019-11-18T17:03:13.158,12.61,0.1576900545033899,-0.15836829539945316,-0.13522777552317577
1574114593168,2019-11-18T17:03:13.168,12.62,0.10660397304092166,-0.1265570136919951,-0.12895564698683815
1574114593178,2019-11-18T17:03:13.178,12.63,0.04401986941269915,-0.06431762383404628,-0.12257117755004146
1574114593188,2019-11-18T17:03:13.188,12.64,-0.03174687775932332,0.022157183090868404,-0.10964316193842263
1574114593198,2019-11-18T17:03:13.198,12.65,-0.10944738411138849,0.10877994656834264,-0.08689103407813627
1574114593208,2019-11-18T17:03:13.208,12.66,-0.17754962448422076,0.18267489525919248,-0.06342791259920869
1574114593218,2019-11-18T17:03:13.218,12.67,-0.23038347534584147,0.24168405899599676,-0.04973566322562939
1574114593228,2019-11-18T17:03:13.228,12.68,-0.26842102286618275,0.2858111472250404,-0.04318270972196296
1574114593238,2019-11-18T17:03:13.238,12.69,-0.2973811869413427,0.3193597046707617,-0.03599874812151575
1574114593248,2019-11-18T17:03:13.248,12.7,-0.3206318492131674,0.3473453708312022,-0.028290492802200473
1574114593258,2019-11-18T17:03:13.258,12.71,-0.33482749149359337,0.3703166969356362,-0.024343872281223394
1574114593268,2019-11-18T17:03:13.268,12.72,-0.3393643933782926,0.38824808425523305,-0.024131898332784774
1574114593278,2019-11-18T17:03:13.278,12.73,-0.338636732750893,0.39499964298576995,-0.023844885344177474
1574114593288,2019-11-18T17:03:13.288,12.74,-0.32814309846029943,0.36742171011965385,-0.02182613992885359
1574114593298,2019-11-18T17:03:13.298,12.75,-0.2971064694679125,0.29014715354901355,-0.021305054813423638
1574114593308,2019-11-18T17:03:13.308,12.76,-0.2530881321811188,0.19817205626400533,-0.02568826266322454
1574114593318,2019-11-18T17:03:13.318,12.77,-0.2227427268108159,0.1563600600956664,-0.03248145817760563
1574114593328,2019-11-18T17:03:13.328,12.78,-0.21802501090327234,0.17995243604556252,-0.03590273906131334
1574114593338,2019-11-18T17:03:13.338,12.79,-0.21834156576579145,0.20978831793240932,-0.03560667990989185
1574114593348,2019-11-18T17:03:13.348,12.8,-0.19434964873364766,0.18755541210600707,-0.037922841381205635
1574114593358,2019-11-18T17:03:13.358,12.81,-0.14224064847442025,0.13217503133878772,-0.045997309019975265
1574114593368,2019-11-18T17:03:13.368,12.82,-0.09210257293464241,0.11571363631093862,-0.05359257424067587
1574114593378,2019-11-18T17:03:13.378,12.83,-0.07210257031541452,0.15577161466086076,-0.05389516525180103
1574114593388,2019-11-18T17:03:13.388,12.84,-0.053514307886439606,0.1490477983780968,-0.04995863908023359
1574114593398,2019-11-18T17:03:13.398,12.85,0.03173731690498376,-0.024669595290936444,-0.04898630969561411
1574114593408,2019-11-18T17:03:13.408,12.86,0.1797915707248892,-0.30164728435930976,-0.05064420738923431
1574114593418,2019-11-18T17:03:13.418,12.87,0.2809687231092988,-0.44516897065495875,-0.04992336828850364
1574114593428,2019-11-18T17:03:13.428,12.88,0.2691040427843705,-0.35178444104123713,-0.04823235604536305
1574114593438,2019-11-18T17:03:13.438,12.89,0.2323001376942846,-0.21550890527842612,-0.05270698474485286
1574114593448,2019-11-18T17:03:13.448,12.9,0.2796265576353498,-0.24396374073359633,-0.06400890019109255
1574114593458,2019-11-18T17:03:13.458,12.91,0.3758099980279015,-0.3600867441806217,-0.07106905682223577
1574114593468,2019-11-18T17:03:13.468,12.92,0.4157620281856921,-0.3652777236592084,-0.06354507167803469
1574114593478,2019-11-18T17:03:13.478,12.93,0.39186281572253845,-0.2546113652213258,-0.04639643547100607
1574114593488,2019-11-18T17:03:13.488,12.94,0.38164526570605384,-0.17778936245843946,-0.032774347660709274
1574114593498,2019-11-18T17:03:13.498,12.95,0.418854120336805,-0.19491899875596447,-0.025337894317367445
1574114593508,2019-11-18T17:03:13.508,12.96,0.46292622064982214,-0.23647212301161538,-0.016371093490666563
1574114593518,2019-11-18T17:03:13.518,12.97,0.4713969686387536,-0.23999777158956354,-0.0025380664078626003
1574114593528,2019-11-18T17:03:13.528,12.98,0.4430872722357539,-0.20890445001423075,0.012787177529011023
1574114593538,2019-11-18T17:03:13.538,12.99,0.39695114901443673,-0.16833542510795185,0.028147368740213893
1574114593548,2019-11-18T17:03:13.548,13.0,0.3450393312731627,-0.1318313039170662,0.04430186633450085
1574114593558,2019-11-18T17:03:13.558,13.01,0.2898755067624899,-0.0989251323485883,0.058471246386852235
1574114593568,2019-11-18T17:03:13.568,13.02,0.2302577698152078,-0.05752700208354894,0.06669246596263476
1574114593578,2019-11-18T17:03:13.578,13.03,0.1644515917930577,0.00224117290778578,0.07106740002903346
1574114593588,2019-11-18T17:03:13.588,13.04,0.09408212198252133,0.07105805306128088,0.07767705050927119
1574114593598,2019-11-18T17:03:13.598,13.05,0.02625480819036117,0.12815433727088818,0.08671091768044913
1574114593608,2019-11-18T17:03:13.608,13.06,-0.031198484595077125,0.16522264632571587,0.09194055879376606
1574114593618,2019-11-18T17:03:13.618,13.07,-0.07648711574007785,0.19284895493302082,0.09122450245694386
1574114593628,2019-11-18T17:03:13.628,13.08,-0.11311828011011141,0.22259967485130977,0.08900948903774383
1574114593638,2019-11-18T17:03:13.638,13.09,-0.14262588886106303,0.2503079313189654,0.08743324543142827
1574114593648,2019-11-18T17:03:13.648,13.1,-0.16389962846368822,0.26398090992204765,0.08418762994310859
1574114593658,2019-11-18T17:03:13.658,13.11,-0.18111172639614975,0.26337767389052197,0.0799259931350158
1574114593668,2019-11-18T17:03:13.668,13.12,-0.20182412970830899,0.2580185154968571,0.07933443963148197
1574114593678,2019-11-18T17:03:13.678,13.13,-0.22364405548223304,0.24963517711027264,0.08326451376654011
1574114593688,2019-11-18T17:03:13.688,13.14,-0.23624985329461862,0.23654653627473377,0.08630943458412904
1574114593698,2019-11-18T17:03:13.698,13.15,-0.23948567722427666,0.23215804967828094,0.08569102777257681
1574114593708,2019-11-18T17:03:13.708,13.16,-0.2426645603578091,0.2527951939834516,0.08746751947445044
1574114593718,2019-11-18T17:03:13.718,13.17,-0.24335073266278567,0.2837384166109176,0.09740256559849628
1574114593728,2019-11-18T17:03:13.728,13.18,-0.22573308985590101,0.2854196675401709,0.10995209703596291
1574114593738,2019-11-18T17:03:13.738,13.19,-0.18731105978887716,0.24929870933314796,0.11572370188902743
1574114593748,2019-11-18T17:03:13.748,13.2,-0.15239091690300777,0.22299085172673677,0.11609354829909821
1574114593758,2019-11-18T17:03:13.758,13.21,-0.145312891033256,0.2483490807314051,0.11954484781659547
1574114593768,2019-11-18T17:03:13.768,13.22,-0.15689957842180124,0.2919182525558041,0.12692038683383375
1574114593778,2019-11-18T17:03:13.778,13.23,-0.15558666059959214,0.28281572825086787,0.131569041045665
1574114593788,2019-11-18T17:03:13.788,13.24,-0.12936516597459569,0.21173620813917088,0.13175083498279072
1574114593798,2019-11-18T17:03:13.798,13.25,-0.09423713251706778,0.1409733105417006,0.1321103670518097
1574114593808,2019-11-18T17:03:13.808,13.26,-0.06417322281348059,0.12021754981451156,0.13439725545029546
1574114593818,2019-11-18T17:03:13.818,13.27,-0.038158918072333625,0.13963179935316708,0.1370178658034389
1574114593828,2019-11-18T17:03:13.828,13.28,-0.010371146139293224,0.15882434930360856,0.1413208528720591
1574114593838,2019-11-18T17:03:13.838,13.29,0.02889879285300853,0.15348554974350287,0.147568163290885
1574114593848,2019-11-18T17:03:13.848,13.3,0.0830556171678534,0.15369419161019,0.14991445298134298
1574114593858,2019-11-18T17:03:13.858,13.31,0.12566485340433697,0.214824265685781,0.14569565801165676
1574114593868,2019-11-18T17:03:13.868,13.32,0.1378813590762173,0.28000405477929485,0.13643984002015677
1574114593878,2019-11-18T17:03:13.878,13.33,0.17828911244388007,0.16152733398392594,0.11039520930053187
1574114593888,2019-11-18T17:03:13.888,13.34,0.31057845007396184,-0.17149145194015786,0.05345161804193912
1574114593898,2019-11-18T17:03:13.898,13.35,0.4523847863205829,-0.42500537944397765,-0.01158385283580391
1574114593908,2019-11-18T17:03:13.908,13.36,0.4653150886802193,-0.36656817201274644,-0.04325711555805143
1574114593918,2019-11-18T17:03:13.918,13.37,0.4020872703435615,-0.21477475104859367,-0.04919611192086058
1574114593928,2019-11-18T17:03:13.928,13.38,0.4465732474102492,-0.31785707439647914,-0.07583221909248625
1574114593938,2019-11-18T17:03:13.938,13.39,0.616706698016668,-0.6190956991507212,-0.12735152766518568
1574114593948,2019-11-18T17:03:13.948,13.4,0.7520330310220831,-0.7706215370961081,-0.16289260631622984
1574114593958,2019-11-18T17:03:13.958,13.41,0.761710736569489,-0.6195953729619612,-0.17062262331880879
1574114593968,2019-11-18T17:03:13.968,13.42,0.6941797307101173,-0.31377765264841484,-0.17905681294167342
1574114593978,2019-11-18T17:03:13.978,13.43,0.6163387104716458,-0.0664689432187427,-0.2032001787560222
1574114593988,2019-11-18T17:03:13.988,13.44,0.5611016399121557,-0.002216360409677787,-0.23128932620232945
1574114593998,2019-11-18T17:03:13.998,13.45,0.5417806420411594,-0.11595008499379264,-0.2526314447348269
1574114594008,2019-11-18T17:03:14.008,13.46,0.5387781066672945,-0.274773209304811,-0.263211534078123
1574114594018,2019-11-18T17:03:14.018,13.47,0.5095053087793517,-0.3388689893801154,-0.25719899479484487
1574114594028,2019-11-18T17:03:14.028,13.48,0.44028576890679505,-0.30167937457314564,-0.2348741920672896
1574114594038,2019-11-18T17:03:14.038,13.49,0.35686423381583166,-0.24443338813183907,-0.20817135812894988
1574114594048,2019-11-18T17:03:14.048,13.5,0.2814151055018775,-0.19850926689826665,-0.18713819273707513
1574114594058,2019-11-18T17:03:14.058,13.51,0.21208938897511687,-0.14036922129556645,-0.16964005464828164
1574114594068,2019-11-18T17:03:14.068,13.52,0.14460797248257265,-0.0726003051172718,-0.14938751861956096
1574114594078,2019-11-18T17:03:14.078,13.53,0.08521425745478581,-0.024214903687931087,-0.12619232860292556
1574114594088,2019-11-18T17:03:14.088,13.54,0.03848610833694166,0.0006320900713000207,-0.1044727593097376
1574114594098,2019-11-18T17:03:14.098,13.55,0.0017058148782001133,0.020692066571955277,-0.08658566769070906
1574114594108,2019-11-18T17:03:14.108,13.56,-0.026043467000229387,0.04788297067676854,-0.07095200498258397
1574114594118,2019-11-18T17:03:14.118,13.57,-0.0432442502699462,0.08515900177909413,-0.055582390884726995
1574114594128,2019-11-18T17:03:14.128,13.58,-0.05460180034968233,0.1284318553360178,-0.04195627329658094
1574114594138,2019-11-18T17:03:14.138,13.59,-0.06789907556558203,0.1596521983512406,-0.034191369952990006
1574114594148,2019-11-18T17:03:14.148,13.6,-0.08367709950834575,0.1634177418641217,-0.033463674866820586
1574114594158,2019-11-18T17:03:14.158,13.61,-0.09945072317880424,0.15324727790757187,-0.035419508759913204
1574114594168,2019-11-18T17:03:14.168,13.62,-0.11917461977171431,0.15699734095285447,-0.03585446144489769
1574114594178,2019-11-18T17:03:14.178,13.63,-0.14546306824393787,0.17658550965175523,-0.03626694018099563
1574114594188,2019-11-18T17:03:14.188,13.64,-0.16911411106444726,0.1852037914300314,-0.04020535067272647
1574114594198,2019-11-18T17:03:14.198,13.65,-0.18004737148806105,0.16573258618752265,-0.04715527639042394
1574114594208,2019-11-18T17:03:14.208,13.66,-0.18180046745454678,0.13265235825815402,-0.05365310720834896
1574114594218,2019-11-18T17:03:14.218,13.67,-0.18398897294527472,0.11156703329357134,-0.05798978332407865
1574114594228,2019-11-18T17:03:14.228,13.68,-0.18848753536263535,0.1099656814420242,-0.061296133890266676
1574114594238,2019-11-18T17:03:14.238,13.69,-0.19153402173046336,0.11506347220289323,-0.0653240940212912
1574114594248,2019-11-18T17:03:14.248,13.7,-0.1912668228133813,0.116766090295144,-0.06970321170434077
1574114594258,2019-11-18T17:03:14.258,13.71,-0.18813277284820168,0.12467094446241822,-0.07090993157175321
1574114594268,2019-11-18T17:03:14.268,13.72,-0.18424064635360346,0.152505512881987,-0.06608291797687557
1574114594278,2019-11-18T17:03:14.278,13.73,-0.18133241210583356,0.18765759186994865,-0.058605913541717736
1574114594288,2019-11-18T17:03:14.288,13.74,-0.1737063094600858,0.19465372395809455,-0.055320102654986894
1574114594298,2019-11-18T17:03:14.298,13.75,-0.15059127687280657,0.15665749604676826,-0.05677639171462353
1574114594308,2019-11-18T17:03:14.308,13.76,-0.11283038166723942,0.09612405796801181,-0.05694908749396862
1574114594318,2019-11-18T17:03:14.318,13.77,-0.07688312076071836,0.04285557404995802,-0.054450793160442656
1574114594328,2019-11-18T17:03:14.328,13.78,-0.05563880645508869,0.0009466610169199521,-0.05509841991353015
1574114594338,2019-11-18T17:03:14.338,13.79,-0.048039095167751004,-0.03349728893931243,-0.060447162172931584
1574114594348,2019-11-18T17:03:14.348,13.8,-0.05126344481941059,-0.04598299046688334,-0.06372318886119503
1574114594358,2019-11-18T17:03:14.358,13.81,-0.064181983990914,-0.03210650792098986,-0.06118291528755386
1574114594368,2019-11-18T17:03:14.368,13.82,-0.07416656735028737,-0.03259814224654533,-0.05818147861854006
1574114594378,2019-11-18T17:03:14.378,13.83,-0.062894556817174,-0.09029317855188163,-0.05946549697982509
1574114594388,2019-11-18T17:03:14.388,13.84,-0.032198998438601995,-0.1849000628216684,-0.06140536603798613
1574114594398,2019-11-18T17:03:14.398,13.85,-0.004928781751104018,-0.2585809581773038,-0.05898277474936252
1574114594408,2019-11-18T17:03:14.408,13.86,0.0036364068590867844,-0.2893054401709718,-0.0543117543106619
1574114594418,2019-11-18T17:03:14.418,13.87,-0.0015618857849765623,-0.2929981061720134,-0.051401515835330105
1574114594428,2019-11-18T17:03:14.428,13.88,-0.010834773933286938,-0.277983014553178,-0.04645631823145718
1574114594438,2019-11-18T17:03:14.438,13.89,-0.02033295678146136,-0.24705350136868046,-0.032333387751127644
1574114594448,2019-11-18T17:03:14.448,13.9,-0.026114915058655805,-0.2222153706802711,-0.010600414709422627
1574114594458,2019-11-18T17:03:14.458,13.91,-0.023466883412092836,-0.219673040951779,0.010628027755423467
1574114594468,2019-11-18T17:03:14.468,13.92,-0.01585185555920282,-0.21773782155293214,0.0291128069589036
1574114594478,2019-11-18T17:03:14.478,13.93,-0.013262349425767466,-0.18811502111997952,0.048811291644586086
1574114594488,2019-11-18T17:03:14.488,13.94,-0.019690489530716702,-0.13965088440297754,0.06949441670276511
1574114594498,2019-11-18T17:03:14.498,13.95,-0.03057065927140867,-0.09916082880880375,0.08539087083341541
1574114594508,2019-11-18T17:03:14.508,13.96,-0.04080341658879589,-0.07018208407006603,0.09375642779977397
1574114594518,2019-11-18T17:03:14.518,13.97,-0.04862150190407154,-0.038003563398043116,0.09824006531993176
1574114594528,2019-11-18T17:03:14.528,13.98,-0.055874074355474604,0.00036856331112564145,0.10348060153536548
1574114594538,2019-11-18T17:03:14.538,13.99,-0.06759541641699651,0.029549004227904466,0.10960893811459346
1574114594548,2019-11-18T17:03:14.548,14.0,-0.08526089427912117,0.0333166840230488,0.11298891307523728
1574114594558,2019-11-18T17:03:14.558,14.01,-0.10249562777613237,0.014715686347339435,0.11216785312346421
1574114594568,2019-11-18T17:03:14.568,14.02,-0.11487132653532252,-0.003247247412366156,0.1108097993152323
1574114594578,2019-11-18T17:03:14.578,14.03,-0.12756331905111423,-0.0024339088154042903,0.11202750507353511
1574114594588,2019-11-18T17:03:14.588,14.04,-0.14513936889342388,0.012650413711723232,0.1131172652767439
1574114594598,2019-11-18T17:03:14.598,14.05,-0.16176621427841342,0.028626400309759256,0.11029537986043642
1574114594608,2019-11-18T17:03:14.608,14.06,-0.16889304320475837,0.03936687504838611,0.10495662533422842
1574114594618,2019-11-18T17:03:14.618,14.07,-0.16606487451777918,0.04097059840664033,0.10069570200773736
1574114594628,2019-11-18T17:03:14.628,14.08,-0.16000073428113087,0.027903528712122788,0.09776082202338313
1574114594638,2019-11-18T17:03:14.638,14.09,-0.15725571988076012,0.0005424492379946452,0.09465423624058805
1574114594648,2019-11-18T17:03:14.648,14.1,-0.15830510048357044,-0.03461113641829664,0.09233032130596523
1574114594658,2019-11-18T17:03:14.658,14.11,-0.15762969951251662,-0.07003187856756812,0.0929265406550541
1574114594668,2019-11-18T17:03:14.668,14.12,-0.15196260524311744,-0.09430589976251456,0.09599381128341253
1574114594678,2019-11-18T17:03:14.678,14.13,-0.14557275489806126,-0.09489586911299944,0.09915572661703424
1574114594688,2019-11-18T17:03:14.688,14.14,-0.14259758290305785,-0.07390626264037754,0.10133325446772407
1574114594698,2019-11-18T17:03:14.698,14.15,-0.1402747081900569,-0.05079543926760621,0.10278302560585692
1574114594708,2019-11-18T17:03:14.708,14.16,-0.13542504382993326,-0.04310640186605631,0.10318009024234011
1574114594718,2019-11-18T17:03:14.718,14.17,-0.1300618848701693,-0.053192618702849186,0.10183280149597908
1574114594728,2019-11-18T17:03:14.728,14.18,-0.1265864565028726,-0.07261347439958035,0.09898841988975204
1574114594738,2019-11-18T17:03:14.738,14.19,-0.12548959981765706,-0.0889429984532009,0.09544697448965539
1574114594748,2019-11-18T17:03:14.748,14.2,-0.12899788121598113,-0.09198136065644268,0.09118947360665303
1574114594758,2019-11-18T17:03:14.758,14.21,-0.13901940889081565,-0.0825997733394229,0.08541664730867798
1574114594768,2019-11-18T17:03:14.768,14.22,-0.15200467489713954,-0.07191048738316144,0.07802485376695334
1574114594778,2019-11-18T17:03:14.778,14.23,-0.162059540292185,-0.06746346142194963,0.06999598390069511
1574114594788,2019-11-18T17:03:14.788,14.24,-0.16765553648347398,-0.0668784114724226,0.06195765269417709
1574114594798,2019-11-18T17:03:14.798,14.25,-0.17150283610624825,-0.067824702035436,0.05365089864784364
1574114594808,2019-11-18T17:03:14.808,14.26,-0.17611625651484525,-0.07410691890206947,0.04553587937528585
1574114594818,2019-11-18T17:03:14.818,14.27,-0.18227856679993176,-0.08599508933061913,0.039704311406392884
1574114594828,2019-11-18T17:03:14.828,14.28,-0.18972160751470765,-0.09511379250988486,0.038253014087295305
1574114594838,2019-11-18T17:03:14.838,14.29,-0.19643633225433654,-0.09725198481326756,0.04104056232939133
1574114594848,2019-11-18T17:03:14.848,14.3,-0.19873193165562572,-0.09811043241153937,0.045168103947121285
1574114594858,2019-11-18T17:03:14.858,14.31,-0.19506700946311292,-0.0973775797290649,0.046936808906731284
1574114594868,2019-11-18T17:03:14.868,14.32,-0.18865733246440683,-0.08903562405631799,0.045217244726816305
1574114594878,2019-11-18T17:03:14.878,14.33,-0.18265442525155806,-0.09032238370963669,0.0431590931963956
1574114594888,2019-11-18T17:03:14.888,14.34,-0.17385253942758505,-0.12986026936723122,0.045626502941906406
1574114594898,2019-11-18T17:03:14.898,14.35,-0.1568612082878648,-0.18490786590603023,0.05370585951980343
1574114594908,2019-11-18T17:03:14.908,14.36,-0.135431026383223,-0.1930062984109388,0.06282320869838548
1574114594918,2019-11-18T17:03:14.918,14.37,-0.12153751892262493,-0.15767003782219824,0.06878129460277206
1574114594928,2019-11-18T17:03:14.928,14.38,-0.11919535323920374,-0.1599431480564444,0.0731737024616351
1574114594938,2019-11-18T17:03:14.938,14.39,-0.1196993449828678,-0.22793783340797236,0.07897436975313801
1574114594948,2019-11-18T17:03:14.948,14.4,-0.11861908715783998,-0.2870966378958581,0.08516271549466828
1574114594958,2019-11-18T17:03:14.958,14.41,-0.12366980059202762,-0.27575057489459776,0.08969738205864783
1574114594968,2019-11-18T17:03:14.968,14.42,-0.1395391298512645,-0.22361303948244912,0.09229942184928905
1574114594978,2019-11-18T17:03:14.978,14.43,-0.16011200788615398,-0.18585973323043042,0.09187691176646952
1574114594988,2019-11-18T17:03:14.988,14.44,-0.18057264708859638,-0.16872389160758833,0.08662325961303208
1574114594998,2019-11-18T17:03:14.998,14.45,-0.2038167640881771,-0.14741919607182752,0.07742272574821385
1574114595008,2019-11-18T17:03:15.008,14.46,-0.2320563028774803,-0.11400172705822414,0.06735701758078393
1574114595018,2019-11-18T17:03:15.018,14.47,-0.2614118077815347,-0.0817675270521887,0.058773393090375256
1574114595028,2019-11-18T17:03:15.028,14.48,-0.286695899895672,-0.05936026769279351,0.05316421469204466
1574114595038,2019-11-18T17:03:15.038,14.49,-0.30680405080740736,-0.041739628223669986,0.05151059265944455
1574114595048,2019-11-18T17:03:15.048,14.5,-0.3237640919133844,-0.027669642630699105,0.052657501020885164
1574114595058,2019-11-18T17:03:15.058,14.51,-0.33856129789366246,-0.028853239794050058,0.05364529929870816
1574114595068,2019-11-18T17:03:15.068,14.52,-0.3503745517596654,-0.049991930868053265,0.05285476966016833
1574114595078,2019-11-18T17:03:15.078,14.53,-0.3596211948790523,-0.07417753117641046,0.05135705344759696
1574114595088,2019-11-18T17:03:15.088,14.54,-0.3683367064738638,-0.086159998211493,0.05096040076090157
1574114595098,2019-11-18T17:03:15.098,14.55,-0.3761290395835857,-0.09644926467660811,0.05151531184251198
1574114595108,2019-11-18T17:03:15.108,14.56,-0.37984632211347236,-0.11835628769099198,0.05107015472697542
1574114595118,2019-11-18T17:03:15.118,14.57,-0.3797228554080448,-0.13498570524703563,0.049705402817029315
1574114595128,2019-11-18T17:03:15.128,14.58,-0.380443808260193,-0.11967822202924087,0.05046771950299466
1574114595138,2019-11-18T17:03:15.138,14.59,-0.38367287476200174,-0.07798517998160784,0.054021670314500655
1574114595148,2019-11-18T17:03:15.148,14.6,-0.38663459775838294,-0.038349177467828004,0.056648098560958704
1574114595158,2019-11-18T17:03:15.158,14.61,-0.38835381255973556,-0.013587112346910069,0.05570566546539542
1574114595168,2019-11-18T17:03:15.168,14.62,-0.38824672199718163,5.135929343086029e-05,0.05188637121393013
1574114595178,2019-11-18T17:03:15.178,14.63,-0.38193814869776116,0.0025251643018734432,0.04600879327533829
1574114595188,2019-11-18T17:03:15.188,14.64,-0.36846968084056975,-0.005290168387019429,0.03916722147913004
1574114595198,2019-11-18T17:03:15.198,14.65,-0.3547351530679246,-0.01346643168398986,0.03413100424636418
1574114595208,2019-11-18T17:03:15.208,14.66,-0.34440758416188055,-0.01625546203789663,0.031893696835911575
1574114595218,2019-11-18T17:03:15.218,14.67,-0.3323059944006085,-0.01629339357633548,0.029889855134197313
1574114595228,2019-11-18T17:03:15.228,14.68,-0.3152385471216307,-0.01182834700166967,0.02652647085702107
1574114595238,2019-11-18T17:03:15.238,14.69,-0.2971255164612441,-0.0010011677173473537,0.02348630284921001
1574114595248,2019-11-18T17:03:15.248,14.7,-0.27958655538430893,0.00455428444095987,0.02147601766788255
1574114595258,2019-11-18T17:03:15.258,14.71,-0.2568096920786639,-0.007081898525793006,0.01808242188830772
1574114595268,2019-11-18T17:03:15.268,14.72,-0.22042554125962305,-0.028561169502056897,0.012098782478866126
1574114595278,2019-11-18T17:03:15.278,14.73,-0.16236132315340662,-0.04582689337605815,0.005847565766295576
1574114595288,2019-11-18T17:03:15.288,14.74,-0.07971931050877043,-0.055512167289314136,0.0007442990956161232
1574114595298,2019-11-18T17:03:15.298,14.75,0.010275337164715763,-0.053672279008914275,-0.005885444871996149
1574114595308,2019-11-18T17:03:15.308,14.76,0.07035249983761904,-0.03142518868272782,-0.016915965477833934
1574114595318,2019-11-18T17:03:15.318,14.77,0.07897262312666994,0.0027686657194733247,-0.030666550878075332
1574114595328,2019-11-18T17:03:15.328,14.78,0.06020123047841053,0.024461452128740263,-0.04267921342672342
1574114595338,2019-11-18T17:03:15.338,14.79,0.0601240864024293,0.024807874918175578,-0.051437236131506914
1574114595348,2019-11-18T17:03:15.348,14.8,0.09987671709880383,0.015040996255886136,-0.060008809498240515
1574114595358,2019-11-18T17:03:15.358,14.81,0.16212635672364728,0.005109742329151323,-0.07196784622329574
1574114595368,2019-11-18T17:03:15.368,14.82,0.21172599977275672,-0.0026686668246147073,-0.08691684251463895
1574114595378,2019-11-18T17:03:15.378,14.83,0.22539155125442178,-0.010687039886378823,-0.09985952138530252
1574114595388,2019-11-18T17:03:15.388,14.84,0.21525761881375,-0.020925627868412906,-0.10611962158434883
1574114595398,2019-11-18T17:03:15.398,14.85,0.21728094262810974,-0.025622798777667866,-0.10808543242154645
1574114595408,2019-11-18T17:03:15.408,14.86,0.24219342920860165,-0.01905564741200895,-0.1125838373269656
1574114595418,2019-11-18T17:03:15.418,14.87,0.2588959133460741,-0.014718650991478389,-0.11944694353345395
1574114595428,2019-11-18T17:03:15.428,14.88,0.24452474529692164,-0.02229151975139368,-0.12093987661105148
1574114595438,2019-11-18T17:03:15.438,14.89,0.22074418214653724,-0.026134108287584105,-0.11542287797228415
1574114595448,2019-11-18T17:03:15.448,14.9,0.21845331823560799,-0.0181287830018919,-0.11094105065304657
1574114595458,2019-11-18T17:03:15.458,14.91,0.23556257309403406,-0.01945981818238287,-0.11230192636825369
1574114595468,2019-11-18T17:03:15.468,14.92,0.24929776751124944,-0.03854309913167296,-0.11522495106196436
1574114595478,2019-11-18T17:03:15.478,14.93,0.24656227116049678,-0.043886226380961846,-0.1147126095343829
1574114595488,2019-11-18T17:03:15.488,14.94,0.228620237426025,-0.008710701402390502,-0.10973032841360145
1574114595498,2019-11-18T17:03:15.498,14.95,0.20452156412769296,0.0457248694847611,-0.10027992650774101
1574114595508,2019-11-18T17:03:15.508,14.96,0.18782532409551167,0.07767931239030737,-0.0879576604008267
1574114595518,2019-11-18T17:03:15.518,14.97,0.18631644754670096,0.08000387118265333,-0.07758490943299337
1574114595528,2019-11-18T17:03:15.528,14.98,0.19320213769329925,0.08304219815293958,-0.07221434368803922
1574114595538,2019-11-18T17:03:15.538,14.99,0.1983808621756042,0.10651733191401473,-0.06886015725195067
1574114595548,2019-11-18T17:03:15.548,15.0,0.20386789487604742,0.1343652322934947,-0.06307539814733298
1574114595558,2019-11-18T17:03:15.558,15.01,0.21683471191880874,0.1440602195801221,-0.05542974814218363
1574114595568,2019-11-18T17:03:15.568,15.02,0.23250540805967715,0.13637177305453602,-0.05060734004470423
1574114595578,2019-11-18T17:03:15.578,15.03,0.23723211189709842,0.12388737405651504,-0.05067995950399046
1574114595588,2019-11-18T17:03:15.588,15.04,0.22788430343358063,0.11122040912454191,-0.05172431053780295
1574114595598,2019-11-18T17:03:15.598,15.05,0.21623099694405015,0.0996794309392344,-0.049150556821027036
1574114595608,2019-11-18T17:03:15.608,15.06,0.21217908707636002,0.09523198635833545,-0.04390026476283776
1574114595618,2019-11-18T17:03:15.618,15.07,0.21342105610361584,0.1006669994671413,-0.039515048224375876
1574114595628,2019-11-18T17:03:15.628,15.08,0.21398382511334457,0.11003045425859158,-0.036069356077195094
1574114595638,2019-11-18T17:03:15.638,15.09,0.2126891005629078,0.11726533945850215,-0.031623094646603005
1574114595648,2019-11-18T17:03:15.648,15.1,0.21030397844751253,0.12346646623314274,-0.02686630366720773
1574114595658,2019-11-18T17:03:15.658,15.11,0.20603517047776226,0.13183303194755897,-0.02416823492894317
1574114595668,2019-11-18T17:03:15.668,15.12,0.19932946899382242,0.14084083075443996,-0.024071620025856603
1574114595678,2019-11-18T17:03:15.678,15.13,0.19179314274787446,0.14655832662274315,-0.02548429924406778
1574114595688,2019-11-18T17:03:15.688,15.14,0.1866304220567871,0.14832455688949162,-0.027396408498507205
1574114595698,2019-11-18T17:03:15.698,15.15,0.18576714791974325,0.14763876913926902,-0.028837187733278737
1574114595708,2019-11-18T17:03:15.708,15.16,0.18627485047855602,0.14405378524132914,-0.029211285692300866
1574114595718,2019-11-18T17:03:15.718,15.17,0.1822521644165368,0.13732931014943284,-0.029267273860664956
1574114595728,2019-11-18T17:03:15.728,15.18,0.17269302498904868,0.13088775982305295,-0.029993850346997482
1574114595738,2019-11-18T17:03:15.738,15.19,0.16391426629467817,0.12744440879047328,-0.031110170058047577
1574114595748,2019-11-18T17:03:15.748,15.2,0.16098256716520803,0.12505520010869073,-0.03185529625065687
1574114595758,2019-11-18T17:03:15.758,15.21,0.16066102713729533,0.12301507665779818,-0.031980711944437995
1574114595768,2019-11-18T17:03:15.768,15.22,0.15736825432647839,0.12541923621237036,-0.03127768059493275
1574114595778,2019-11-18T17:03:15.778,15.23,0.15243905634504124,0.1332172278559559,-0.02938861208165363
1574114595788,2019-11-18T17:03:15.788,15.24,0.15115017803472827,0.14049455263792782,-0.02634933838183279
1574114595798,2019-11-18T17:03:15.798,15.25,0.1533064490086217,0.1432773188095403,-0.022697304939107592
1574114595808,2019-11-18T17:03:15.808,15.26,0.15406127369447403,0.14306504799227518,-0.019371754205397405
1574114595818,2019-11-18T17:03:15.818,15.27,0.15232438956712607,0.13873014244852183,-0.01760809540482238
1574114595828,2019-11-18T17:03:15.828,15.28,0.15120507786605275,0.12662430147930648,-0.017717914891959827
1574114595838,2019-11-18T17:03:15.838,15.29,0.15081866352178483,0.11265452782389745,-0.01776246508371579
1574114595848,2019-11-18T17:03:15.848,15.3,0.1472625481377852,0.11006095103558997,-0.015488444279584096
1574114595858,2019-11-18T17:03:15.858,15.31,0.13981829465087606,0.117741484440978,-0.01202369621780919
1574114595868,2019-11-18T17:03:15.868,15.32,0.1335984760918052,0.11682343788978303,-0.010827232730790327
1574114595878,2019-11-18T17:03:15.878,15.33,0.1324299140927602,0.10126292495749556,-0.012414873842350103
1574114595888,2019-11-18T17:03:15.888,15.34,0.13368919709873384,0.09387959355916596,-0.013513550196343444
1574114595898,2019-11-18T17:03:15.898,15.35,0.1329363026059182,0.11181958025678726,-0.012292349427876142
1574114595908,2019-11-18T17:03:15.908,15.36,0.12946852312521315,0.13368467962882996,-0.011058614951695184
1574114595918,2019-11-18T17:03:15.918,15.37,0.12528746137732888,0.12944470855803522,-0.0123407623582836
1574114595928,2019-11-18T17:03:15.928,15.38,0.12201501454100945,0.1086066312635505,-0.015059927377741554
1574114595938,2019-11-18T17:03:15.938,15.39,0.12003117401873303,0.10415349018637465,-0.016524236846095275
1574114595948,2019-11-18T17:03:15.948,15.4,0.11901027563784827,0.11822297075915866,-0.016125258303037224
1574114595958,2019-11-18T17:03:15.958,15.41,0.11874826713725727,0.12088970051215625,-0.01500632525499021
1574114595968,2019-11-18T17:03:15.968,15.42,0.11918334622765078,0.10017520254276556,-0.013901521107726219
1574114595978,2019-11-18T17:03:15.978,15.43,0.11937698641353224,0.07840919681783119,-0.013273697447698608
1574114595988,2019-11-18T17:03:15.988,15.44,0.1176970595554562,0.07408669186838142,-0.014069209165757646
1574114595998,2019-11-18T17:03:15.998,15.45,0.11411498788598656,0.07628817520727525,-0.01664822967301067
1574114596008,2019-11-18T17:03:16.008,15.46,0.11070264639872021,0.06831535818238813,-0.01975105451690459
1574114596018,2019-11-18T17:03:16.018,15.47,0.1083389981880632,0.055291441410447104,-0.021580616478602238
1574114596028,2019-11-18T17:03:16.028,15.48,0.10536412152569517,0.0524065728606293,-0.02172652522022128
1574114596038,2019-11-18T17:03:16.038,15.49,0.10069677843172542,0.05929834580208456,-0.021199741677378217
1574114596048,2019-11-18T17:03:16.048,15.5,0.09509040969529342,0.06316830709677085,-0.020446646883726917
1574114596058,2019-11-18T17:03:16.058,15.51,0.0890754495148805,0.060482796959545254,-0.01891525740663458
1574114596068,2019-11-18T17:03:16.068,15.52,0.08291317128825484,0.0593706993539643,-0.01716728624601215
1574114596078,2019-11-18T17:03:16.078,15.53,0.07789812783396685,0.06213744622290715,-0.01685616497850099
1574114596088,2019-11-18T17:03:16.088,15.54,0.07492114944647064,0.060463851490569306,-0.01776510699318682
1574114596098,2019-11-18T17:03:16.098,15.55,0.07254043016870969,0.05120099858114244,-0.01773400882258541
1574114596108,2019-11-18T17:03:16.108,15.56,0.06862648240816038,0.044452667889110245,-0.015931449937879195
1574114596118,2019-11-18T17:03:16.118,15.57,0.0636985208867416,0.049334176763671356,-0.013551198936766998
1574114596128,2019-11-18T17:03:16.128,15.58,0.06099218645619977,0.05999250907060699,-0.011380019016121548
1574114596138,2019-11-18T17:03:16.138,15.59,0.0626541101120819,0.0631237097096744,-0.008961566391106845
1574114596148,2019-11-18T17:03:16.148,15.6,0.06698102671058552,0.05517423047527854,-0.005980020304626154
1574114596158,2019-11-18T17:03:16.158,15.61,0.07013224570000345,0.04546422922781439,-0.0024842352270753694
1574114596168,2019-11-18T17:03:16.168,15.62,0.06957206860076348,0.0431340129690743,0.0017543394146010414
1574114596178,2019-11-18T17:03:16.178,15.63,0.06551128706930523,0.04693163777059685,0.005919884092806258
1574114596188,2019-11-18T17:03:16.188,15.64,0.060240308678905605,0.05047223758647533,0.007698614534917256
1574114596198,2019-11-18T17:03:16.198,15.65,0.0561100808890366,0.05280839851278709,0.006764800833846848
1574114596208,2019-11-18T17:03:16.208,15.66,0.05347243544056742,0.05776012414997738,0.005845243351663977
1574114596218,2019-11-18T17:03:16.218,15.67,0.051665606440223145,0.06484259143800293,0.006075156735144726
1574114596228,2019-11-18T17:03:16.228,15.68,0.05173897811131352,0.06817235337442201,0.005849851078721136
1574114596238,2019-11-18T17:03:16.238,15.69,0.054619483121511006,0.06488788237020587,0.005572496844368691
1574114596248,2019-11-18T17:03:16.248,15.7,0.056724618053884124,0.058470671335186374,0.007852307603553347
1574114596258,2019-11-18T17:03:16.258,15.71,0.05340965503637468,0.05226903478001528,0.012368479954536498
1574114596268,2019-11-18T17:03:16.268,15.72,0.047408097502446386,0.04457473223527556,0.01535166332828168
1574114596278,2019-11-18T17:03:16.278,15.73,0.04608644205114522,0.03347096820039004,0.014099324940627133
1574114596288,2019-11-18T17:03:16.288,15.74,0.04896705393716546,0.024506222624778327,0.009710253331740979
1574114596298,2019-11-18T17:03:16.298,15.75,0.047145351246702896,0.026581209378246887,0.005885242162848688
1574114596308,2019-11-18T17:03:16.308,15.76,0.03742820897562936,0.0368209546091205,0.004257305137324765
1574114596318,2019-11-18T17:03:16.318,15.77,0.027131150329948353,0.03929299351765575,0.0009588987495089532
1574114596328,2019-11-18T17:03:16.328,15.78,0.021655974236071712,0.026954490700619074,-0.008218682323001509
1574114596338,2019-11-18T17:03:16.338,15.79,0.017385966065939843,0.0136878430613992,-0.02004956834342794
1574114596348,2019-11-18T17:03:16.348,15.8,0.010743075933554995,0.014791953651396014,-0.026499000754042115
1574114596358,2019-11-18T17:03:16.358,15.81,0.005382712489314722,0.027028744659496777,-0.02358407030413654
1574114596368,2019-11-18T17:03:16.368,15.82,0.006260639501110304,0.03647704723156233,-0.013992703150513954
1574114596378,2019-11-18T17:03:16.378,15.83,0.012275462911256165,0.0357415722103014,-0.003967497387817881
1574114596388,2019-11-18T17:03:16.388,15.84,0.018081076444819977,0.026763384831564027,0.0005306364475055889
1574114596398,2019-11-18T17:03:16.398,15.85,0.020598372161838033,0.013997743294776398,-0.001966290230969027
1574114596408,2019-11-18T17:03:16.408,15.86,0.02090538863241685,0.0007457390623150412,-0.007162565827579925
1574114596418,2019-11-18T17:03:16.418,15.87,0.020085890560612087,-0.009791094205077658,-0.00971985594583857
1574114596428,2019-11-18T17:03:16.428,15.88,0.017003751101508868,-0.01443011899811782,-0.00842686384546979
1574114596438,2019-11-18T17:03:16.438,15.89,0.01203855904627878,-0.013383029986086273,-0.005687412552322113
1574114596448,2019-11-18T17:03:16.448,15.9,0.00877717509021567,-0.010776374457292908,-0.003523510474195815
1574114596458,2019-11-18T17:03:16.458,15.91,0.009045781792865342,-0.008150411484798118,-0.0014643644989185836
1574114596468,2019-11-18T17:03:16.468,15.92,0.010102959006714885,-0.001627249693339521,0.001997536782789768
1574114596478,2019-11-18T17:03:16.478,15.93,0.008977849961278237,0.00863085122666513,0.0064434672953499455
1574114596488,2019-11-18T17:03:16.488,15.94,0.00608226568224658,0.012475611245589206,0.00899309884748114
1574114596498,2019-11-18T17:03:16.498,15.95,0.003552965150318701,0.0034829229435126147,0.007885553770027405
1574114596508,2019-11-18T17:03:16.508,15.96,0.0029595025455738957,-0.007799245127439961,0.0051509352633187675
1574114596518,2019-11-18T17:03:16.518,15.97,0.004415759933233452,-0.007811642831708486,0.0036282044807186727
1574114596528,2019-11-18T17:03:16.528,15.98,0.005815256167431927,-0.0009857958085240362,0.0034112481339338713
1574114596538,2019-11-18T17:03:16.538,15.99,0.004247929879305414,-0.0017239575443465274,0.003526407784520157
1574114596548,2019-11-18T17:03:16.548,16.0,-0.0004698062199906134,-0.011542251186101225,0.004381752722547545
1574114596558,2019-11-18T17:03:16.558,16.01,-0.005694277409663016,-0.019303495095285814,0.006238343107360176
1574114596568,2019-11-18T17:03:16.568,16.02,-0.00969950759397581,-0.019560631431958686,0.007638369100195492
1574114596578,2019-11-18T17:03:16.578,16.03,-0.012639275244310813,-0.01774890502996322,0.0072011187179023516
1574114596588,2019-11-18T17:03:16.588,16.04,-0.014088502543623826,-0.01874022268356112,0.005524554471437248
1574114596598,2019-11-18T17:03:16.598,16.05,-0.013442289363713816,-0.019264892514863435,0.004421093495703287
1574114596608,2019-11-18T17:03:16.608,16.06,-0.01268659089078354,-0.013839523868690582,0.005178011293155921
1574114596618,2019-11-18T17:03:16.618,16.07,-0.014620183833496312,-0.004006724955862413,0.007364948199482531
1574114596628,2019-11-18T17:03:16.628,16.08,-0.01804959761956961,0.0027103977864465383,0.0084950683530643
1574114596638,2019-11-18T17:03:16.638,16.09,-0.018804891806624893,0.0021553749752532005,0.00615190358394483
1574114596648,2019-11-18T17:03:16.648,16.1,-0.01593028000937369,-0.003417150762207116,0.0015763522534772796
1574114596658,2019-11-18T17:03:16.658,16.11,-0.01306970824036875,-0.011281484710921108,-0.0008082166887113137
1574114596668,2019-11-18T17:03:16.668,16.12,-0.012863826061218346,-0.02063565541210575,0.0011940564870572478
1574114596678,2019-11-18T17:03:16.678,16.13,-0.013435273839739071,-0.02894592112362447,0.004623572312786053
1574114596688,2019-11-18T17:03:16.688,16.14,-0.012701051676028922,-0.031852413047268074,0.0054819300948328285
1574114596698,2019-11-18T17:03:16.698,16.15,-0.013130245670123797,-0.027198837898183347,0.004098104944673632
1574114596708,2019-11-18T17:03:16.708,16.16,-0.01767730312688801,-0.01733098059130713,0.003963481651316494
1574114596718,2019-11-18T17:03:16.718,16.17,-0.023283604838443495,-0.008675025150590003,0.006105635765923817
1574114596728,2019-11-18T17:03:16.728,16.18,-0.024574104948194495,-0.0069752064458464946,0.00793375990916138
1574114596738,2019-11-18T17:03:16.738,16.19,-0.02229883321716183,-0.01043539152105256,0.007597893552775074
1574114596748,2019-11-18T17:03:16.748,16.2,-0.021854399729278287,-0.011916844587719237,0.006008168921387906
1574114596758,2019-11-18T17:03:16.758,16.21,-0.025110235110422166,-0.009315295093684983,0.004786691287672355
1574114596768,2019-11-18T17:03:16.768,16.22,-0.0290975797158892,-0.007624165125559984,0.0050512027973089145
1574114596778,2019-11-18T17:03:16.778,16.23,-0.031167834647444874,-0.010243269655437258,0.006784299087036701
1574114596788,2019-11-18T17:03:16.788,16.24,-0.03125632959954541,-0.014412135541854564,0.008036655580737554
1574114596798,2019-11-18T17:03:16.798,16.25,-0.030248029074056135,-0.01612901877586982,0.0075251235588738715
1574114596808,2019-11-18T17:03:16.808,16.26,-0.029064003621644095,-0.015816969754697915,0.0072016115771650745
1574114596818,2019-11-18T17:03:16.818,16.27,-0.028760841820140652,-0.017282832847069704,0.00864935123558584
1574114596828,2019-11-18T17:03:16.828,16.28,-0.029832489827338757,-0.021266943343469177,0.009966540762801932
1574114596838,2019-11-18T17:03:16.838,16.29,-0.031567197685996806,-0.023239244331525015,0.010014230068856367
1574114596848,2019-11-18T17:03:16.848,16.3,-0.03246852142222381,-0.021187030383749424,0.01137859801741474
1574114596858,2019-11-18T17:03:16.858,16.31,-0.031403848282289135,-0.02065250918854199,0.015575657631969959
1574114596868,2019-11-18T17:03:16.868,16.32,-0.029002591909520994,-0.025114031948259265,0.019620532632769288
1574114596878,2019-11-18T17:03:16.878,16.33,-0.027361987934009457,-0.027935168176568853,0.020250217479937892
1574114596888,2019-11-18T17:03:16.888,16.34,-0.027389488544611804,-0.022990603338934407,0.018313520623895928
1574114596898,2019-11-18T17:03:16.898,16.35,-0.028049795971726126,-0.01571244508251337,0.016867368763121057
1574114596908,2019-11-18T17:03:16.908,16.36,-0.028814238833434605,-0.01377242803166651,0.01708162820453524
1574114596918,2019-11-18T17:03:16.918,16.37,-0.029822475424205696,-0.015002247796368185,0.017969748986995868
1574114596928,2019-11-18T17:03:16.928,16.38,-0.029761853925959536,-0.014516783841494161,0.018855716163728484
1574114596938,2019-11-18T17:03:16.938,16.39,-0.027636559755696538,-0.01559164202450419,0.019732727120041038
1574114596948,2019-11-18T17:03:16.948,16.4,-0.025703927190611778,-0.023052201077056307,0.019863370146921598
1574114596958,2019-11-18T17:03:16.958,16.41,-0.02649633526516328,-0.03253337858601525,0.018672288923488
1574114596968,2019-11-18T17:03:16.968,16.42,-0.028624320170650572,-0.03623308362726293,0.01752964865489654
1574114596978,2019-11-18T17:03:16.978,16.43,-0.02904843517740006,-0.03439512010698431,0.0180947759462497
1574114596988,2019-11-18T17:03:16.988,16.44,-0.02747881237717926,-0.03234680111204083,0.01938714688754515
1574114596998,2019-11-18T17:03:16.998,16.45,-0.02603252799842754,-0.030302498602557695,0.01890434518962348
1574114597008,2019-11-18T17:03:17.008,16.46,-0.02623190490109478,-0.024552219904113867,0.01651981223557308
1574114597018,2019-11-18T17:03:17.018,16.47,-0.02768584171729964,-0.01650797948844855,0.01477194273231568
1574114597028,2019-11-18T17:03:17.028,16.48,-0.028744547222288586,-0.013304919555998251,0.014720684379730533
1574114597038,2019-11-18T17:03:17.038,16.49,-0.028272763648075638,-0.018973349329442876,0.014581206680665324
1574114597048,2019-11-18T17:03:17.048,16.5,-0.027445173539490185,-0.029100347073614554,0.013625471646602768
1574114597058,2019-11-18T17:03:17.058,16.51,-0.029225003483121195,-0.03578432778237524,0.013556341415884583
1574114597068,2019-11-18T17:03:17.068,16.52,-0.034909179719797054,-0.036713977065870256,0.014593629756625792
1574114597078,2019-11-18T17:03:17.078,16.53,-0.04136719571820205,-0.0372956332396623,0.014429633335052868
1574114597088,2019-11-18T17:03:17.088,16.54,-0.04376739546290129,-0.041611031779073396,0.012327197145772694
1574114597098,2019-11-18T17:03:17.098,16.55,-0.042054823741192474,-0.04416738431186811,0.010645481122339033
1574114597108,2019-11-18T17:03:17.108,16.56,-0.04102826021980672,-0.03842917229796617,0.011469941226200164
1574114597118,2019-11-18T17:03:17.118,16.57,-0.041565538953789505,-0.03049924220048151,0.013894991252254057
1574114597128,2019-11-18T17:03:17.128,16.58,-0.038566985556391,-0.030814707604614553,0.015208937275101177
1574114597138,2019-11-18T17:03:17.138,16.59,-0.03203004063613186,-0.03554947666539215,0.014046799102928446
1574114597148,2019-11-18T17:03:17.148,16.6,-0.030359531623996603,-0.03300764459008211,0.011281583924672108
1574114597158,2019-11-18T17:03:17.158,16.61,-0.03688716101748331,-0.02404645734066025,0.007781960805798955
1574114597168,2019-11-18T17:03:17.168,16.62,-0.04426004168274148,-0.019500194512858164,0.0037736494057161846
1574114597178,2019-11-18T17:03:17.178,16.63,-0.04688457476878419,-0.023339508841253038,0.0004867331935244539
1574114597188,2019-11-18T17:03:17.188,16.64,-0.047335144478053516,-0.031748167211288036,-0.0011605274498706275
1574114597198,2019-11-18T17:03:17.198,16.65,-0.048246569699296665,-0.04110221014766021,-0.0027853443772042756
1574114597208,2019-11-18T17:03:17.208,16.66,-0.049042117108705374,-0.04793849894041288,-0.005624977165028817
1574114597218,2019-11-18T17:03:17.218,16.67,-0.050753093442333044,-0.04913896223344227,-0.007454191285266752
1574114597228,2019-11-18T17:03:17.228,16.68,-0.05483657079947239,-0.04617728140991205,-0.006094221028137069
1574114597238,2019-11-18T17:03:17.238,16.69,-0.05880710534049777,-0.04253434105452668,-0.0034509467794691367
1574114597248,2019-11-18T17:03:17.248,16.7,-0.05954750941348731,-0.03842009721446547,-0.0028518061276833727
1574114597258,2019-11-18T17:03:17.258,16.71,-0.057816732002791776,-0.0336678872995673,-0.004139896877746931
1574114597268,2019-11-18T17:03:17.268,16.72,-0.05501439315296331,-0.030558070600919078,-0.003928762431570831
1574114597278,2019-11-18T17:03:17.278,16.73,-0.04989877422661133,-0.029557744235901413,-0.00038262159907219906
1574114597288,2019-11-18T17:03:17.288,16.74,-0.042301470624266056,-0.028852282052433766,0.004336935351918611
1574114597298,2019-11-18T17:03:17.298,16.75,-0.03546430452623443,-0.029214725364569333,0.007491012837940303
1574114597308,2019-11-18T17:03:17.308,16.76,-0.03149228151332742,-0.03250885051914587,0.009548348464031263
1574114597318,2019-11-18T17:03:17.318,16.77,-0.028808331917467123,-0.03710997449517052,0.012212608084217414
1574114597328,2019-11-18T17:03:17.328,16.78,-0.026227086616375038,-0.04032752711611635,0.01468373158100644
1574114597338,2019-11-18T17:03:17.338,16.79,-0.02502660731435878,-0.04165877671347459,0.014929577620990788
1574114597348,2019-11-18T17:03:17.348,16.8,-0.025400878092485348,-0.04053533912308337,0.013184820044941153
1574114597358,2019-11-18T17:03:17.358,16.81,-0.025467903944956318,-0.03617980119667863,0.0114526170733434
1574114597368,2019-11-18T17:03:17.368,16.82,-0.025038191756776424,-0.031005974010865092,0.010709724565156134
1574114597378,2019-11-18T17:03:17.378,16.83,-0.02579718932431179,-0.028220681463489945,0.010660296388810022
1574114597388,2019-11-18T17:03:17.388,16.84,-0.02709471899329221,-0.02652594220633919,0.01096734443727922
1574114597398,2019-11-18T17:03:17.398,16.85,-0.026306586866718898,-0.02328011014965855,0.01089613457466366
1574114597408,2019-11-18T17:03:17.408,16.86,-0.023693221994164577,-0.020494222953591365,0.009244932381390826
1574114597418,2019-11-18T17:03:17.418,16.87,-0.022205386650572922,-0.021455673668237505,0.006745507194552373
1574114597428,2019-11-18T17:03:17.428,16.88,-0.02221195443984682,-0.025224110493605158,0.0065579816201120555
1574114597438,2019-11-18T17:03:17.438,16.89,-0.0210109759639231,-0.030182083145873423,0.009410921660313843
1574114597448,2019-11-18T17:03:17.448,16.9,-0.018474515123996376,-0.03734409982708697,0.010907353681033766
1574114597458,2019-11-18T17:03:17.458,16.91,-0.019031583477765165,-0.04466778357637772,0.0077980703424572004
1574114597468,2019-11-18T17:03:17.468,16.92,-0.02583691522104993,-0.046587346523813966,0.0034813480177887683
1574114597478,2019-11-18T17:03:17.478,16.93,-0.035552701098347114,-0.044632012448765246,0.0021865620223474563
1574114597488,2019-11-18T17:03:17.488,16.94,-0.041747911663810464,-0.045473200643714726,0.0022743784133813045
1574114597498,2019-11-18T17:03:17.498,16.95,-0.04258878384732122,-0.04478597258349366,0.0011410841881802016
1574114597508,2019-11-18T17:03:17.508,16.96,-0.04206031663873418,-0.03343518400699023,0.0012696723919426896
1574114597518,2019-11-18T17:03:17.518,16.97,-0.042878036232269164,-0.019802368007553844,0.005262873800361419
1574114597528,2019-11-18T17:03:17.528,16.98,-0.041962943380834845,-0.019024263482175095,0.010101242716058365
1574114597538,2019-11-18T17:03:17.538,16.99,-0.03620653660818943,-0.024411827216682516,0.01150062317994073
1574114597548,2019-11-18T17:03:17.548,17.0,-0.029317752999669603,-0.018386162764387013,0.009704700885646251
1574114597558,2019-11-18T17:03:17.558,17.01,-0.027463391458108274,-0.004625430219219106,0.00765887032483034
1574114597568,2019-11-18T17:03:17.568,17.02,-0.030206244572262897,-0.0029023979716498375,0.007022200274100849
1574114597578,2019-11-18T17:03:17.578,17.03,-0.03180170339000763,-0.017125944017359087,0.007947301324780413
1574114597588,2019-11-18T17:03:17.588,17.04,-0.0301241797136129,-0.030009630917286916,0.009989170573790784
1574114597598,2019-11-18T17:03:17.598,17.05,-0.02820012118787454,-0.029066758018099763,0.012056114804777137
1574114597608,2019-11-18T17:03:17.608,17.06,-0.02740965865374452,-0.021317097232892476,0.013174975482735597
1574114597618,2019-11-18T17:03:17.618,17.07,-0.025102967255539285,-0.018987848325341575,0.013548806185853576
1574114597628,2019-11-18T17:03:17.628,17.08,-0.019989939009444756,-0.023537406768291018,0.01388385875158155
1574114597638,2019-11-18T17:03:17.638,17.09,-0.015125651144416,-0.028566009074505586,0.014199834473734234
1574114597648,2019-11-18T17:03:17.648,17.1,-0.013506255881552957,-0.029121072774535756,0.01414890554231403
1574114597658,2019-11-18T17:03:17.658,17.11,-0.01410955490246463,-0.02422928925712981,0.013885544719238217
1574114597668,2019-11-18T17:03:17.668,17.12,-0.014360450464553417,-0.016726173111349628,0.013909750321251978
1574114597678,2019-11-18T17:03:17.678,17.13,-0.013720943435170246,-0.011990485077527365,0.014428340331737007
1574114597688,2019-11-18T17:03:17.688,17.14,-0.012832731508083173,-0.011970812177122692,0.014992315146834693
1574114597698,2019-11-18T17:03:17.698,17.15,-0.011447570252903907,-0.012676197861107515,0.014247834370840453
1574114597708,2019-11-18T17:03:17.708,17.16,-0.009278352207781785,-0.01229015350455449,0.0108047248745183
1574114597718,2019-11-18T17:03:17.718,17.17,-0.007527575435214422,-0.01571415930800842,0.0057530608315210455
1574114597728,2019-11-18T17:03:17.728,17.18,-0.007946726723000251,-0.02548200845481018,0.0028002251833097237
1574114597738,2019-11-18T17:03:17.738,17.19,-0.010853363264127489,-0.03560173283857372,0.003252228458838854
1574114597748,2019-11-18T17:03:17.748,17.2,-0.014934639662692713,-0.039399366045424294,0.00319104215897188
1574114597758,2019-11-18T17:03:17.758,17.21,-0.018636109039921127,-0.03692788993565997,-0.0005515747338954274
1574114597768,2019-11-18T17:03:17.768,17.22,-0.021033324627542586,-0.031618875468404056,-0.004909301015770024
1574114597778,2019-11-18T17:03:17.778,17.23,-0.02202220540218402,-0.024688519588273145,-0.005255930263379458
1574114597788,2019-11-18T17:03:17.788,17.24,-0.0226534873138188,-0.015112643126574751,-0.0015986290482486918
1574114597798,2019-11-18T17:03:17.798,17.25,-0.024079647654307382,-0.003013973799163873,0.003151656991778527
1574114597808,2019-11-18T17:03:17.808,17.26,-0.02512001507212025,0.008292362438053048,0.007054805669674948
1574114597818,2019-11-18T17:03:17.818,17.27,-0.02301777567985009,0.014357779272812166,0.009691817911589002
1574114597828,2019-11-18T17:03:17.828,17.28,-0.017496930680516238,0.014213548848341705,0.011952996772725107
1574114597838,2019-11-18T17:03:17.838,17.29,-0.011062376508252944,0.01160833181899097,0.014975112098765047
1574114597848,2019-11-18T17:03:17.848,17.3,-0.005111150256052839,0.009971228942903193,0.017776667810031066
1574114597858,2019-11-18T17:03:17.858,17.31,0.0006644935916249921,0.007385249714700781,0.018242362723455818
1574114597868,2019-11-18T17:03:17.868,17.32,0.006036524300554003,0.00043830786095108167,0.016867463947785894
1574114597878,2019-11-18T17:03:17.878,17.33,0.011175992144457749,-0.007423981106931672,0.015953393849903373
1574114597888,2019-11-18T17:03:17.888,17.34,0.0173357832837683,-0.009267219877165379,0.015352950917136954
1574114597898,2019-11-18T17:03:17.898,17.35,0.022549241068034024,-0.006399143950953938,0.013290707786386044
1574114597908,2019-11-18T17:03:17.908,17.36,0.02052398214085852,-0.004688309722984448,0.010815027293113157
1574114597918,2019-11-18T17:03:17.918,17.37,0.00972672344952889,-0.0022889654909248954,0.010633763190616182
1574114597928,2019-11-18T17:03:17.928,17.38,-8.951404429636449e-05,0.0033156883849620547,0.011814628943056307
1574114597938,2019-11-18T17:03:17.938,17.39,0.0010630232547873429,0.004922110556266664,0.010496820566413193
1574114597948,2019-11-18T17:03:17.948,17.4,0.00820141496484378,-0.0013953673019928689,0.006029010373454931
1574114597958,2019-11-18T17:03:17.958,17.41,0.007881923206399053,-0.006471868601524796,0.0018781262352682963
1574114597968,2019-11-18T17:03:17.968,17.42,-0.0016624857896523884,-0.0041815672131281815,0.00033804193422804673
1574114597978,2019-11-18T17:03:17.978,17.43,-0.00926190214014848,-0.0017679733212611847,0.0005501417818086953
1574114597988,2019-11-18T17:03:17.988,17.44,-0.008937132811944672,-0.005560272011516488,0.0014380873271370386
1574114597998,2019-11-18T17:03:17.998,17.45,-0.006517189143023306,-0.011428591605350272,0.002756320494571733
1574114598008,2019-11-18T17:03:18.008,17.46,-0.007467122497961062,-0.014561580352499789,0.003744078408689377
1574114598018,2019-11-18T17:03:18.018,17.47,-0.009539550385041114,-0.015462308415041117,0.003670341169921593
1574114598028,2019-11-18T17:03:18.028,17.48,-0.009804220229849185,-0.01390196427032198,0.0031064245795858186
1574114598038,2019-11-18T17:03:18.038,17.49,-0.009977714302231478,-0.008730485158221519,0.002787635294509578
1574114598048,2019-11-18T17:03:18.048,17.5,-0.011710194901405763,-0.0040556151185490346,0.0023174796587838884
1574114598058,2019-11-18T17:03:18.058,17.51,-0.013217426491950752,-0.005254316106638848,0.0015163236934369242
1574114598068,2019-11-18T17:03:18.068,17.52,-0.013375387004045277,-0.009711910654067943,0.00137487433943057
1574114598078,2019-11-18T17:03:18.078,17.53,-0.014084083980902787,-0.010417917461250271,0.002168799167622896
1574114598088,2019-11-18T17:03:18.088,17.54,-0.016390653691941467,-0.00675492046705565,0.002680023332653896
1574114598098,2019-11-18T17:03:18.098,17.55,-0.0181776953579209,-0.0033228419546702747,0.002409887423432497
1574114598108,2019-11-18T17:03:18.108,17.56,-0.01703527610324259,-0.0011433033336237435,0.0021487068463847386
1574114598118,2019-11-18T17:03:18.118,17.57,-0.012494117840878328,0.0012586524250348162,0.0018598385680032906
1574114598128,2019-11-18T17:03:18.128,17.58,-0.0055566594866658815,0.0016725473995544084,0.0008395490972788596
1574114598138,2019-11-18T17:03:18.138,17.59,0.0013344453021379688,-0.002615380806690497,-1.5914586490180867e-05
1574114598148,2019-11-18T17:03:18.148,17.6,0.0052478025698446664,-0.008593075773391067,0.000794419800707077
1574114598158,2019-11-18T17:03:18.158,17.61,0.005841470304472366,-0.01022682565316935,0.002430553487125793
1574114598168,2019-11-18T17:03:18.168,17.62,0.0054352658333823335,-0.005624250346097422,0.0027189439446398053
1574114598178,2019-11-18T17:03:18.178,17.63,0.005333790621682445,0.0005442380603023868,0.0014700125073872838
1574114598188,2019-11-18T17:03:18.188,17.64,0.004940357870664576,0.0018725779661030787,0.0003921797988952015
1574114598198,2019-11-18T17:03:18.198,17.65,0.004089963367258926,-0.0017071066061352812,0.0005383460248862363
1574114598208,2019-11-18T17:03:18.208,17.66,0.0031875712921059975,-0.003408281187940939,0.0014002658080395176
1574114598218,2019-11-18T17:03:18.218,17.67,0.0020523078125842774,0.00037926676708331176,0.0018939949374743243
1574114598228,2019-11-18T17:03:18.228,17.68,0.0010944432127171352,0.005069679217444517,0.0015222069584103263
1574114598238,2019-11-18T17:03:18.238,17.69,0.0017471232574534077,0.00607812603456355,0.000583547796528459
1574114598248,2019-11-18T17:03:18.248,17.7,0.003568580728503217,0.004741018091316933,-0.000578885388356306
1574114598258,2019-11-18T17:03:18.258,17.71,0.0034138948823282827,0.0033025873574732646,-0.001739700922115192
1574114598268,2019-11-18T17:03:18.268,17.72,-0.00030161325464223,0.0017498848775063004,-0.002167311566458499
1574114598278,2019-11-18T17:03:18.278,17.73,-0.0046032351825254034,0.0006783096778478686,-0.001277358333478171
1574114598288,2019-11-18T17:03:18.288,17.74,-0.00508053880151029,3.348236409563633e-05,-0.00013469798600073242
1574114598298,2019-11-18T17:03:18.298,17.75,-0.0013192847489152892,-0.0021722013739425955,-0.0006539410944278454
1574114598308,2019-11-18T17:03:18.308,17.76,0.001584583341020084,-0.002828112611179815,-0.0028365990472527646
1574114598318,2019-11-18T17:03:18.318,17.77,-0.0015626022093963854,0.004802743015133459,-0.004585316969459079
1574114598328,2019-11-18T17:03:18.328,17.78,-0.007981317685443133,0.014471583720401011,-0.005142339732358013
1574114598338,2019-11-18T17:03:18.338,17.79,-0.008381397552197963,0.010276009864759003,-0.006295301834447516
1574114598348,2019-11-18T17:03:18.348,17.8,-0.0002691587528013547,-0.004509566235858591,-0.008568138555090855
1574114598358,2019-11-18T17:03:18.358,17.81,0.006726368733348942,-0.00813263910182491,-0.009694174746382818
1574114598368,2019-11-18T17:03:18.368,17.82,0.005004229179820173,0.00311255882249825,-0.008935887222402236
1574114598378,2019-11-18T17:03:18.378,17.83,0.00038752861143345903,0.010193842127713347,-0.008434066357420035
1574114598388,2019-11-18T17:03:18.388,17.84,0.0019284456880263431,0.006014756646044853,-0.00887649237405029
1574114598398,2019-11-18T17:03:18.398,17.85,0.008695645817437874,0.002350345865373858,-0.009028844840245461
1574114598408,2019-11-18T17:03:18.408,17.86,0.01420742687886543,0.003082270255788496,-0.009344420330820048
1574114598418,2019-11-18T17:03:18.418,17.87,0.01676200005618367,0.00011436244018674753,-0.010705077905654871
1574114598428,2019-11-18T17:03:18.428,17.88,0.018543723473668988,-0.007003773863230637,-0.01139754571804696
1574114598438,2019-11-18T17:03:18.438,17.89,0.019494826991755376,-0.010663223845215277,-0.009953668681639927
1574114598448,2019-11-18T17:03:18.448,17.9,0.017829573048097878,-0.009953217832051869,-0.008090888095244341
1574114598458,2019-11-18T17:03:18.458,17.91,0.014062716573347896,-0.009339364032010784,-0.00760449543896758
1574114598468,2019-11-18T17:03:18.468,17.92,0.010243550875150161,-0.007863831977948066,-0.007951968979328056
1574114598478,2019-11-18T17:03:18.478,17.93,0.0066030118017901054,-0.0016739530716210803,-0.008675147439016699
1574114598488,2019-11-18T17:03:18.488,17.94,0.002601441429138363,0.0064089553129743045,-0.010258928193037337
1574114598498,2019-11-18T17:03:18.498,17.95,7.88969802597003e-05,0.008672015542889497,-0.012084758245947028
1574114598508,2019-11-18T17:03:18.508,17.96,0.0010318131304747217,0.003035874189481944,-0.013173785931294018
1574114598518,2019-11-18T17:03:18.518,17.97,0.0029384528553573893,-0.004274209835504941,-0.014113602401416892
1574114598528,2019-11-18T17:03:18.528,17.98,0.0011014535854630106,-0.007750457380938874,-0.015339215482367852
1574114598538,2019-11-18T17:03:18.538,17.99,-0.004633803146190746,-0.00918379587457869,-0.01572680278382584
1574114598548,2019-11-18T17:03:18.548,18.0,-0.009908280360298572,-0.012173941733931604,-0.01507793852852217
1574114598558,2019-11-18T17:03:18.558,18.01,-0.012100954996615385,-0.0147105456345553,-0.015002681026496437
1574114598568,2019-11-18T17:03:18.568,18.02,-0.01278688067576203,-0.012477986109961092,-0.016026105742518452
1574114598578,2019-11-18T17:03:18.578,18.03,-0.01423925964285749,-0.006970325666594656,-0.01689688559469258
1574114598588,2019-11-18T17:03:18.588,18.04,-0.016435440438817814,-0.004157834321897404,-0.017098067380585925
1574114598598,2019-11-18T17:03:18.598,18.05,-0.018321855288282292,-0.005484794363237397,-0.017338871710539983
1574114598608,2019-11-18T17:03:18.608,18.06,-0.020109762274446438,-0.006566897293311964,-0.017956313386437356
1574114598618,2019-11-18T17:03:18.618,18.07,-0.022383596465007437,-0.005352495882827161,-0.018723980136244767
1574114598628,2019-11-18T17:03:18.628,18.08,-0.0240455127715516,-0.0043945465804408725,-0.019385159671575836
1574114598638,2019-11-18T17:03:18.638,18.09,-0.023426260320882405,-0.0041893102487000865,-0.019557704213966468
1574114598648,2019-11-18T17:03:18.648,18.1,-0.02051003954199648,-0.0022767337346334825,-0.01928477368274238
1574114598658,2019-11-18T17:03:18.658,18.11,-0.016325129199364213,8.429582870783908e-05,-0.01950513947468287
1574114598668,2019-11-18T17:03:18.668,18.12,-0.011743116391223198,-0.0015437663224407473,-0.020557334560400202
1574114598678,2019-11-18T17:03:18.678,18.13,-0.00798137197208011,-0.006648096481373904,-0.021033026785065585
1574114598688,2019-11-18T17:03:18.688,18.14,-0.005741679639750311,-0.009554930609316881,-0.019779615553551642
1574114598698,2019-11-18T17:03:18.698,18.15,-0.0035842057204370937,-0.008129629618970784,-0.017939529942739847
1574114598708,2019-11-18T17:03:18.708,18.16,-0.0008592511260141171,-0.006409859262318353,-0.0171330790871964
1574114598718,2019-11-18T17:03:18.718,18.17,-0.0010143941639183247,-0.0077897764324131235,-0.01704860431603663
1574114598728,2019-11-18T17:03:18.728,18.18,-0.006198110371493418,-0.010558563790083554,-0.01697395525206763
1574114598738,2019-11-18T17:03:18.738,18.19,-0.011021957889084319,-0.011176128449062314,-0.017656606718257643
1574114598748,2019-11-18T17:03:18.748,18.2,-0.009255748619928499,-0.008807843568890295,-0.019045944540124357
1574114598758,2019-11-18T17:03:18.758,18.21,-0.00351273974960456,-0.005739150768606313,-0.01894562305087659
1574114598768,2019-11-18T17:03:18.768,18.22,-0.0008037771329540704,-0.004686915272080309,-0.01690382916883441
1574114598778,2019-11-18T17:03:18.778,18.23,-0.0025249964241521195,-0.006534377295716064,-0.016175531880764246
1574114598788,2019-11-18T17:03:18.788,18.24,-0.00494672807827283,-0.010469155753359105,-0.018770901826336707
1574114598798,2019-11-18T17:03:18.798,18.25,-0.005946134530278738,-0.014978699717818702,-0.022173876024329898
1574114598808,2019-11-18T17:03:18.808,18.26,-0.006959429285370676,-0.018180034089330298,-0.023852446716338484
1574114598818,2019-11-18T17:03:18.818,18.27,-0.009381417504678377,-0.01861596411734916,-0.025155259399548324
1574114598828,2019-11-18T17:03:18.828,18.28,-0.01146883408097861,-0.016609260573129496,-0.02796447562737775
1574114598838,2019-11-18T17:03:18.838,18.29,-0.011027790345138736,-0.014294098500626174,-0.03119615558195851
1574114598848,2019-11-18T17:03:18.848,18.3,-0.010221497073711127,-0.01344122568632439,-0.033053869573313334
1574114598858,2019-11-18T17:03:18.858,18.31,-0.013352382536662521,-0.013235777813831237,-0.033674063373548196
1574114598868,2019-11-18T17:03:18.868,18.32,-0.01986115250548709,-0.012008725858892571,-0.033988034517261685
1574114598878,2019-11-18T17:03:18.878,18.33,-0.024386451022722792,-0.010968170213893721,-0.03430161481259774
1574114598888,2019-11-18T17:03:18.888,18.34,-0.024504893649736723,-0.012210099360176821,-0.034616583366765596
1574114598898,2019-11-18T17:03:18.898,18.35,-0.023664263510587417,-0.01361861316702358,-0.0348166745166659
1574114598908,2019-11-18T17:03:18.908,18.36,-0.024508806874459103,-0.011904469271399994,-0.03457568905814665
1574114598918,2019-11-18T17:03:18.918,18.37,-0.023986747473146167,-0.009397988123941988,-0.03400088628881293
1574114598928,2019-11-18T17:03:18.928,18.38,-0.01915828914443385,-0.010410961002211888,-0.03381801174896007
1574114598938,2019-11-18T17:03:18.938,18.39,-0.013908881884543776,-0.013265636417103193,-0.03395929114517456
1574114598948,2019-11-18T17:03:18.948,18.4,-0.01383447579745566,-0.013430368225970562,-0.03295332850303188
1574114598958,2019-11-18T17:03:18.958,18.41,-0.01705492915782499,-0.011267105845681493,-0.030135930753889255
1574114598968,2019-11-18T17:03:18.968,18.42,-0.017018413061390746,-0.010309638178408269,-0.027032492212594884
1574114598978,2019-11-18T17:03:18.978,18.43,-0.012853774952183313,-0.011203263955053909,-0.025094348478617058
1574114598988,2019-11-18T17:03:18.988,18.44,-0.009930072322988839,-0.011746632502130906,-0.024110254557153626
1574114598998,2019-11-18T17:03:18.998,18.45,-0.010972875791186772,-0.010652144159292817,-0.023723534857020216
1574114599008,2019-11-18T17:03:19.008,18.46,-0.012993896825410554,-0.009237288204114801,-0.024041608598459108
1574114599018,2019-11-18T17:03:19.018,18.47,-0.0128803730590434,-0.00989780414256083,-0.024619936739585367
1574114599028,2019-11-18T17:03:19.028,18.48,-0.01128955896746628,-0.012394897498595125,-0.02499518089562299
1574114599038,2019-11-18T17:03:19.038,18.49,-0.010825145233405355,-0.012820444030383942,-0.02560545811456505
1574114599048,2019-11-18T17:03:19.048,18.5,-0.01294624098877118,-0.008711516896718185,-0.026791343151195683
1574114599058,2019-11-18T17:03:19.058,18.51,-0.01666182038005215,-0.0026725056459197777,-0.027935898523286845
1574114599068,2019-11-18T17:03:19.068,18.52,-0.019375772787205654,0.001836042969095772,-0.028137299459021846
1574114599078,2019-11-18T17:03:19.078,18.53,-0.019473962061689446,0.003989958959802626,-0.02680249663214199
1574114599088,2019-11-18T17:03:19.088,18.54,-0.0180587073267536,0.002939264207643681,-0.02420558588471553
1574114599098,2019-11-18T17:03:19.098,18.55,-0.01687074778799915,-0.0029355794919214188,-0.022312069676668773
1574114599108,2019-11-18T17:03:19.108,18.56,-0.015224282196966508,-0.012769669263893963,-0.023499538581162403
1574114599118,2019-11-18T17:03:19.118,18.57,-0.01247689498456196,-0.021481457680285497,-0.02758086556306595
1574114599128,2019-11-18T17:03:19.128,18.58,-0.012364417619747776,-0.0213297821526779,-0.03170474541607614
1574114599138,2019-11-18T17:03:19.138,18.59,-0.018173365675367224,-0.01002176675376609,-0.033745369588093196
1574114599148,2019-11-18T17:03:19.148,18.6,-0.025001556516418263,0.0014339277265752,-0.03433264283563888
1574114599158,2019-11-18T17:03:19.158,18.61,-0.02563297902990263,0.0008266231417418351,-0.035144708076082526
1574114599168,2019-11-18T17:03:19.168,18.62,-0.02188462834507532,-0.005823173978154263,-0.03678667067131851
1574114599178,2019-11-18T17:03:19.178,18.63,-0.020959673156775896,-0.004255141561275684,-0.03934896636019579
1574114599188,2019-11-18T17:03:19.188,18.64,-0.023681698815912,0.0029715175986331673,-0.04325213260636768
1574114599198,2019-11-18T17:03:19.198,18.65,-0.025066988181735313,0.002059094728884505,-0.047701680294913035
1574114599208,2019-11-18T17:03:19.208,18.66,-0.023855139037717035,-0.007243214054903358,-0.05027719323627465
1574114599218,2019-11-18T17:03:19.218,18.67,-0.023594709113702143,-0.012190646519937953,-0.05002979757530086
1574114599228,2019-11-18T17:03:19.228,18.68,-0.0254169332940668,-0.008156966054196683,-0.048718887614183796
1574114599238,2019-11-18T17:03:19.238,18.69,-0.026314459615469406,-0.004209490766346052,-0.04781513952110783
1574114599248,2019-11-18T17:03:19.248,18.7,-0.02492841815020332,-0.008664965163571237,-0.04710290387734173
1574114599258,2019-11-18T17:03:19.258,18.71,-0.023871641421984495,-0.018172200024787456,-0.046478190653246924
1574114599268,2019-11-18T17:03:19.268,18.72,-0.024939011468069136,-0.023593416553246843,-0.04617131571252514
1574114599278,2019-11-18T17:03:19.278,18.73,-0.026075437992812044,-0.022081835089976742,-0.04550834961039596
1574114599288,2019-11-18T17:03:19.288,18.74,-0.025196630666340262,-0.01758387240839032,-0.043792117505698
1574114599298,2019-11-18T17:03:19.298,18.75,-0.023570039881044547,-0.012229721800862257,-0.041940834102987865
1574114599308,2019-11-18T17:03:19.308,18.76,-0.022797303219674953,-0.005899248129696649,-0.041631136523800946
1574114599318,2019-11-18T17:03:19.318,18.77,-0.021560537003938375,-0.0014655985529321712,-0.04276829985046425
1574114599328,2019-11-18T17:03:19.328,18.78,-0.01848299877247872,-0.0005628311023475732,-0.04297483102928617
1574114599338,2019-11-18T17:03:19.338,18.79,-0.01564047335712146,0.0018309070345093412,-0.040601439159848075
1574114599348,2019-11-18T17:03:19.348,18.8,-0.015499510403984746,0.00944249322044736,-0.03714346393523961
1574114599358,2019-11-18T17:03:19.358,18.81,-0.016223897584171837,0.017099394831359537,-0.034875395028338314
1574114599368,2019-11-18T17:03:19.368,18.82,-0.01432837420482593,0.018435736360898226,-0.033603384930604475
1574114599378,2019-11-18T17:03:19.378,18.83,-0.010523262901911697,0.013850618384104531,-0.03182611837513798
1574114599388,2019-11-18T17:03:19.388,18.84,-0.008152877225143842,0.0053597662791144,-0.029190802489822115
1574114599398,2019-11-18T17:03:19.398,18.85,-0.007527618806100462,-0.007354388596403109,-0.026295084839040084
1574114599408,2019-11-18T17:03:19.408,18.86,-0.007257310106139886,-0.020821133624620566,-0.02409484271154889
1574114599418,2019-11-18T17:03:19.418,18.87,-0.009235630175445628,-0.027258737901632184,-0.023912107701051084
1574114599428,2019-11-18T17:03:19.428,18.88,-0.015876059036719063,-0.024912971068723977,-0.026110869409201008
1574114599438,2019-11-18T17:03:19.438,18.89,-0.023844724917585314,-0.020427926559757274,-0.02910206338572236
1574114599448,2019-11-18T17:03:19.448,18.9,-0.02719155398399639,-0.01793000291508751,-0.03085558244824462
1574114599458,2019-11-18T17:03:19.458,18.91,-0.025776703074320576,-0.014597044110472399,-0.030591321339419622
1574114599468,2019-11-18T17:03:19.468,18.92,-0.02431054650468722,-0.008866308596473034,-0.0287625124841549
1574114599478,2019-11-18T17:03:19.478,18.93,-0.02421796549820416,-0.0037276380120774945,-0.02633351554182535
1574114599488,2019-11-18T17:03:19.488,18.94,-0.0228984714236544,-0.0011646873461565138,-0.023575332816797193
1574114599498,2019-11-18T17:03:19.498,18.95,-0.01967166268358163,-0.0022460711591294675,-0.019266790779826348
1574114599508,2019-11-18T17:03:19.508,18.96,-0.01578657123400034,-0.011023097701509277,-0.012074486701054751
1574114599518,2019-11-18T17:03:19.518,18.97,-0.010275656316202593,-0.028649119203280175,-0.0021202007515197996
1574114599528,2019-11-18T17:03:19.528,18.98,-0.00273370527381983,-0.045949757627410354,0.009389099387222271
1574114599538,2019-11-18T17:03:19.538,18.99,0.002402499568311733,-0.05142300341462516,0.020600654496776512
1574114599548,2019-11-18T17:03:19.548,19.0,0.0026410874396239304,-0.044369099080783375,0.030010073079388674
1574114599558,2019-11-18T17:03:19.558,19.01,0.005882405123802975,-0.03018799761739499,0.039787962095067506
1574114599568,2019-11-18T17:03:19.568,19.02,0.021930506904340306,-0.005749039843349262,0.055977810425040866
1574114599578,2019-11-18T17:03:19.578,19.03,0.046402539506039946,0.03487774109200728,0.08118132942983972
1574114599588,2019-11-18T17:03:19.588,19.04,0.0631421256675882,0.07822848654639587,0.10844664277446814
1574114599598,2019-11-18T17:03:19.598,19.05,0.06262982234959397,0.0943662357407932,0.1259789233015729
1574114599608,2019-11-18T17:03:19.608,19.06,0.04984959266657316,0.07287302963834226,0.12821278028606892
1574114599618,2019-11-18T17:03:19.618,19.07,0.03689411946746472,0.043089900515428256,0.12235553085493592
1574114599628,2019-11-18T17:03:19.628,19.08,0.035658106688240224,0.045338128684944606,0.12315217256031208
1574114599638,2019-11-18T17:03:19.638,19.09,0.050247330822200176,0.08452287872084444,0.13691303599458207
1574114599648,2019-11-18T17:03:19.648,19.1,0.06832692859477736,0.12126814039560493,0.152960246367076
1574114599658,2019-11-18T17:03:19.658,19.11,0.07239378127491475,0.11466668991257614,0.15924127806932806
1574114599668,2019-11-18T17:03:19.668,19.12,0.06481875843390648,0.06942799270329081,0.15986491780587458
1574114599678,2019-11-18T17:03:19.678,19.13,0.061727106972864376,0.02848431713831496,0.16356381760623484
1574114599688,2019-11-18T17:03:19.688,19.14,0.06215657009166739,0.020216293893571456,0.16544359819233206
1574114599698,2019-11-18T17:03:19.698,19.15,0.05178082936414111,0.03284263753242053,0.15726500131314902
1574114599708,2019-11-18T17:03:19.708,19.16,0.034579745765903655,0.045251681240903396,0.14468568064473686
1574114599718,2019-11-18T17:03:19.718,19.17,0.03091992912010414,0.05705865798564527,0.13927404638996743
1574114599728,2019-11-18T17:03:19.728,19.18,0.0466885403720684,0.07325734914016896,0.14234845656030778
1574114599738,2019-11-18T17:03:19.738,19.19,0.06647311671237524,0.08161455247361458,0.14627386748847154
1574114599748,2019-11-18T17:03:19.748,19.2,0.07442865314117998,0.06675292056010043,0.1455282593456955
1574114599758,2019-11-18T17:03:19.758,19.21,0.0684658629297765,0.035577854677287926,0.14106448344418598
1574114599768,2019-11-18T17:03:19.768,19.22,0.056181859238825724,0.012334090373367655,0.13718771168012214
1574114599778,2019-11-18T17:03:19.778,19.23,0.04552170957014702,0.01204631209834224,0.13748837746846013
1574114599788,2019-11-18T17:03:19.788,19.24,0.04060692893827567,0.025558369588128273,0.142384660955178
1574114599798,2019-11-18T17:03:19.798,19.25,0.041418042879564125,0.029211107817505022,0.14835077553216058
1574114599808,2019-11-18T17:03:19.808,19.26,0.04303697231730429,0.010812192022992051,0.15060681813265095
1574114599818,2019-11-18T17:03:19.818,19.27,0.037275332817000226,-0.014033654577079098,0.1484925096103949
1574114599828,2019-11-18T17:03:19.828,19.28,0.020966962825157302,-0.02099213466746639,0.1465424151007249
1574114599838,2019-11-18T17:03:19.838,19.29,0.0028843422841284506,-0.010458235163423098,0.14855696749606398
1574114599848,2019-11-18T17:03:19.848,19.3,-0.004047635356208382,-0.004709076052654181,0.1531397450757605
1574114599858,2019-11-18T17:03:19.858,19.31,0.000834342916636317,-0.013592372453375183,0.15672202830385135
1574114599868,2019-11-18T17:03:19.868,19.32,0.004354141256766007,-0.024717113437520567,0.15839531163087847
1574114599878,2019-11-18T17:03:19.878,19.33,-0.002836245591352699,-0.0274810287271961,0.16005905713074034
1574114599888,2019-11-18T17:03:19.888,19.34,-0.01497359851427571,-0.024612439887487313,0.16320491413633748
1574114599898,2019-11-18T17:03:19.898,19.35,-0.022184148388948225,-0.018191054056011055,0.16719824863969074
1574114599908,2019-11-18T17:03:19.908,19.36,-0.024737562272777847,-0.005281362008579917,0.17092517832391876
1574114599918,2019-11-18T17:03:19.918,19.37,-0.029083216028534357,0.008808050618220261,0.1748083861031655
1574114599928,2019-11-18T17:03:19.928,19.38,-0.035588606669942305,0.011681088393890508,0.1799471619656312
1574114599938,2019-11-18T17:03:19.938,19.39,-0.03925474909214672,0.003527950988834972,0.18580591270691174
1574114599948,2019-11-18T17:03:19.948,19.4,-0.040110359054779436,0.0009411283522495818,0.1902098821468593
1574114599958,2019-11-18T17:03:19.958,19.41,-0.043790362777214466,0.015810340790403964,0.19192935978751013
1574114599968,2019-11-18T17:03:19.968,19.42,-0.05148139390170465,0.04029071696391099,0.19159539118612018
1574114599978,2019-11-18T17:03:19.978,19.43,-0.05762944987894107,0.05735963784645287,0.18942195182640711
1574114599988,2019-11-18T17:03:19.988,19.44,-0.05944364017753624,0.060837107568704016,0.1847974411528624
1574114599998,2019-11-18T17:03:19.998,19.45,-0.061018758416676096,0.060041092489118736,0.17887512848961196
1574114600008,2019-11-18T17:03:20.008,19.46,-0.06577001269786734,0.06594022913661157,0.17389139263354042
1574114600018,2019-11-18T17:03:20.018,19.47,-0.07155139680497755,0.0780931276630347,0.16953471969840422
1574114600028,2019-11-18T17:03:20.028,19.48,-0.0748527714129287,0.08702161310801272,0.1634948082842293
1574114600038,2019-11-18T17:03:20.038,19.49,-0.07451253573204068,0.0855499248924539,0.15499434542862806
1574114600048,2019-11-18T17:03:20.048,19.5,-0.07171778634365941,0.0766258460345664,0.14465975408183357
1574114600058,2019-11-18T17:03:20.058,19.51,-0.07012385359214526,0.0706655401696562,0.13204696495641227
1574114600068,2019-11-18T17:03:20.068,19.52,-0.07237797442083,0.07113885438334484,0.11632092999530286
1574114600078,2019-11-18T17:03:20.078,19.53,-0.07344829470126306,0.0657140852375803,0.09888731578832582
1574114600088,2019-11-18T17:03:20.088,19.54,-0.06449690910005917,0.044786994035185435,0.0827206263100384
1574114600098,2019-11-18T17:03:20.098,19.55,-0.04722707291966673,0.02335188071642359,0.06861404079568
1574114600108,2019-11-18T17:03:20.108,19.56,-0.035579460239130174,0.02185310230234759,0.05399600740492679
1574114600118,2019-11-18T17:03:20.118,19.57,-0.03742038003373462,0.033666749619116754,0.03596286340087622
1574114600128,2019-11-18T17:03:20.128,19.58,-0.03977076043019051,0.04051745772373384,0.01304850397658136
1574114600138,2019-11-18T17:03:20.138,19.59,-0.018899667797194878,0.04361800322629117,-0.015890813916432323
1574114600148,2019-11-18T17:03:20.148,19.6,0.02879411067158802,0.04749459541133332,-0.048755697617945154
1574114600158,2019-11-18T17:03:20.158,19.61,0.06912666326915032,0.043325949905470604,-0.07538868474075
1574114600168,2019-11-18T17:03:20.168,19.62,0.06521043152227435,0.038786880526563455,-0.08542546927516534
1574114600178,2019-11-18T17:03:20.178,19.63,0.034469112974659606,0.05742440678699433,-0.08421251732077323
1574114600188,2019-11-18T17:03:20.188,19.64,0.0351748825696421,0.0857445983911397,-0.09029422584756175
1574114600198,2019-11-18T17:03:20.198,19.65,0.08621612400519074,0.08355601199950789,-0.11307218327144439
1574114600208,2019-11-18T17:03:20.208,19.66,0.14426508597441481,0.05846165956939106,-0.14263022871779163
1574114600218,2019-11-18T17:03:20.218,19.67,0.17168303268937307,0.058281599450829905,-0.16524500354864702
1574114600228,2019-11-18T17:03:20.228,19.68,0.17982057918088162,0.08725285106140349,-0.18026961432583877
1574114600238,2019-11-18T17:03:20.238,19.69,0.1941704089512265,0.10078619308189604,-0.19681163597706408
1574114600248,2019-11-18T17:03:20.248,19.7,0.21859827393953282,0.08065553726519008,-0.21974472174779933
1574114600258,2019-11-18T17:03:20.258,19.71,0.24419498476872192,0.05023387186181941,-0.24560898869115105
1574114600268,2019-11-18T17:03:20.268,19.72,0.2660533467811106,0.0163348164129949,-0.2703407064677883
1574114600278,2019-11-18T17:03:20.278,19.73,0.2846102538412836,-0.04154564840942856,-0.2936465718080221
1574114600288,2019-11-18T17:03:20.288,19.74,0.29964543981990654,-0.11213845377344159,-0.31319209653110813
1574114600298,2019-11-18T17:03:20.298,19.75,0.30388229298285835,-0.14029885129174302,-0.321600291571877
1574114600308,2019-11-18T17:03:20.308,19.76,0.28786896084534863,-0.10245797922234273,-0.3163898384202599
1574114600318,2019-11-18T17:03:20.318,19.77,0.25420053999884346,-0.047279716798702826,-0.30742392090887555
1574114600328,2019-11-18T17:03:20.328,19.78,0.214950331127292,-0.02712062287098061,-0.30501136114344723
1574114600338,2019-11-18T17:03:20.338,19.79,0.17546090391706615,-0.031323783269047244,-0.30555137128223026
1574114600348,2019-11-18T17:03:20.348,19.8,0.1358496435325849,-0.023112798254120805,-0.2990251876945519
1574114600358,2019-11-18T17:03:20.358,19.81,0.10164075312477905,-0.0009985338066543009,-0.28468736331586053
1574114600368,2019-11-18T17:03:20.368,19.82,0.07625241881729286,0.015001367003720546,-0.2687633024780764
1574114600378,2019-11-18T17:03:20.378,19.83,0.0531040713362835,0.023610174015234214,-0.2528944712665301
1574114600388,2019-11-18T17:03:20.388,19.84,0.028131273165007083,0.03534736694221527,-0.23492304883632992
1574114600398,2019-11-18T17:03:20.398,19.85,0.007170215644307397,0.052950495106850244,-0.21553368633061165
1574114600408,2019-11-18T17:03:20.408,19.86,-0.00764722083190311,0.08068425467379384,-0.1960889351320328
1574114600418,2019-11-18T17:03:20.418,19.87,-0.024154828715735,0.1253730091123424,-0.175494330278797
1574114600428,2019-11-18T17:03:20.428,19.88,-0.04590201928960928,0.17141615413777062,-0.15535819393463382
1574114600438,2019-11-18T17:03:20.438,19.89,-0.06438580802114828,0.1828188045495296,-0.14168898941370475
1574114600448,2019-11-18T17:03:20.448,19.9,-0.07211053910983631,0.14879737549475114,-0.13577307126455024
1574114600458,2019-11-18T17:03:20.458,19.91,-0.07467013592577612,0.10508416609544766,-0.13017847015689427
1574114600468,2019-11-18T17:03:20.468,19.92,-0.0831561600642603,0.09118608872364534,-0.11881500228610997
1574114600478,2019-11-18T17:03:20.478,19.93,-0.09968218054609718,0.10537582632425785,-0.10414941348217326
1574114600488,2019-11-18T17:03:20.488,19.94,-0.11767396683384246,0.12181743904946035,-0.09076988208514844
1574114600498,2019-11-18T17:03:20.498,19.95,-0.13367266062607663,0.133601363899934,-0.07920604342984151
1574114600508,2019-11-18T17:03:20.508,19.96,-0.15022299602603012,0.15214475004016895,-0.06967844316060076
1574114600518,2019-11-18T17:03:20.518,19.97,-0.16664363915836122,0.17377143863528305,-0.06527443137556133
1574114600528,2019-11-18T17:03:20.528,19.98,-0.17435812554568875,0.17436011957445274,-0.06738745354966892
1574114600538,2019-11-18T17:03:20.538,19.99,-0.16533872829361254,0.14159794353959382,-0.07186247929504469
1574114600548,2019-11-18T17:03:20.548,20.0,-0.14413132713386204,0.09653295782010524,-0.07286793345462836
1574114600558,2019-11-18T17:03:20.558,20.01,-0.1279901373281828,0.07240324383546297,-0.06933527015585374
1574114600568,2019-11-18T17:03:20.568,20.02,-0.12935539286740366,0.07746275963681204,-0.0652453412327455
1574114600578,2019-11-18T17:03:20.578,20.03,-0.13913747345544758,0.090738220923998,-0.06339524854250839
1574114600588,2019-11-18T17:03:20.588,20.04,-0.13694646532048133,0.09368629203417841,-0.061795252221027566
1574114600598,2019-11-18T17:03:20.598,20.05,-0.11750692352104491,0.09078018486201513,-0.058178822632604224
1574114600608,2019-11-18T17:03:20.608,20.06,-0.09476506445510374,0.09268298836572786,-0.05499005834441859
1574114600618,2019-11-18T17:03:20.618,20.07,-0.08017024446888804,0.09137177683367564,-0.056469067540800555
1574114600628,2019-11-18T17:03:20.628,20.08,-0.07020430357670303,0.06610500066272618,-0.06283044058013687
1574114600638,2019-11-18T17:03:20.638,20.09,-0.05737650771570897,0.01736373656939702,-0.07025749583927396
1574114600648,2019-11-18T17:03:20.648,20.1,-0.04299305205134915,-0.01809549765072144,-0.07488599137610367
1574114600658,2019-11-18T17:03:20.658,20.11,-0.03369769249213333,-0.007464966252460444,-0.07544023661980455
1574114600668,2019-11-18T17:03:20.668,20.12,-0.02964063032755327,0.026907711835198828,-0.07465147672947181
1574114600678,2019-11-18T17:03:20.678,20.13,-0.022898697085363344,0.028348677806282255,-0.07794882623423166
1574114600688,2019-11-18T17:03:20.688,20.14,-0.008952524903754316,-0.020315425637651954,-0.08740004285245218
1574114600698,2019-11-18T17:03:20.698,20.15,0.007062709154854828,-0.08025615130449204,-0.09841330418495078
1574114600708,2019-11-18T17:03:20.708,20.16,0.019615426538208705,-0.11627811421230307,-0.10488623873134509
1574114600718,2019-11-18T17:03:20.718,20.17,0.03184406493985903,-0.13355650103057734,-0.10488545284109686
1574114600728,2019-11-18T17:03:20.728,20.18,0.049729273810708026,-0.15050146818698437,-0.10092102371445416
1574114600738,2019-11-18T17:03:20.738,20.19,0.07109213988532188,-0.1716900650226686,-0.09831312530598768
1574114600748,2019-11-18T17:03:20.748,20.2,0.08673234033615719,-0.19766459140301795,-0.10231400468591961
1574114600758,2019-11-18T17:03:20.758,20.21,0.09326962519799961,-0.2355786743189081,-0.11393489209985337
1574114600768,2019-11-18T17:03:20.768,20.22,0.09897101065121916,-0.28488584860692345,-0.12920251363804508
1574114600778,2019-11-18T17:03:20.778,20.23,0.11320454540026186,-0.3258658174238855,-0.14161326826465087
1574114600788,2019-11-18T17:03:20.788,20.24,0.13652757376733476,-0.3416211332183722,-0.14407769615063082
1574114600798,2019-11-18T17:03:20.798,20.25,0.16356078867991242,-0.3447851721843378,-0.13287476896261774
1574114600808,2019-11-18T17:03:20.808,20.26,0.18607286534899642,-0.358195993094163,-0.11256106223800803
1574114600818,2019-11-18T17:03:20.818,20.27,0.19568361186442096,-0.37971273909786896,-0.09243813145522775
1574114600828,2019-11-18T17:03:20.828,20.28,0.19701625890246033,-0.40250129237615556,-0.07617857502065185
1574114600838,2019-11-18T17:03:20.838,20.29,0.20777860744367538,-0.45023542994179055,-0.058895321200379214
1574114600848,2019-11-18T17:03:20.848,20.3,0.23177601430118394,-0.5323327150029883,-0.03426817633628027
1574114600858,2019-11-18T17:03:20.858,20.31,0.2529914792383099,-0.5798244513559523,-0.0007131649075607805
1574114600868,2019-11-18T17:03:20.868,20.32,0.2651037796679206,-0.5003901592241669,0.03838652016769023
1574114600878,2019-11-18T17:03:20.878,20.33,0.2765024367513527,-0.2953507094354335,0.07781294039072965
1574114600888,2019-11-18T17:03:20.888,20.34,0.2855222268340215,-0.056018403539673176,0.11427732684410835
1574114600898,2019-11-18T17:03:20.898,20.35,0.27894276141944097,0.14595636661497197,0.14647345015784846
1574114600908,2019-11-18T17:03:20.908,20.36,0.2501368693788999,0.29169129543283745,0.17152392559573856
1574114600918,2019-11-18T17:03:20.918,20.37,0.209211159784163,0.3523579144848534,0.18602705801559377
1574114600928,2019-11-18T17:03:20.928,20.38,0.18291477865596284,0.2884154837224849,0.19167939017569108
1574114600938,2019-11-18T17:03:20.938,20.39,0.19123392997730237,0.13305385901121425,0.194689641620298
1574114600948,2019-11-18T17:03:20.948,20.4,0.21647549373205616,0.0020489101124778267,0.19894732118269878
1574114600958,2019-11-18T17:03:20.958,20.41,0.22077785060970884,-0.01844072061546347,0.20402650440886894
1574114600968,2019-11-18T17:03:20.968,20.42,0.19576740812384089,0.04317944126826672,0.20912583979096652
1574114600978,2019-11-18T17:03:20.978,20.43,0.16570371571595655,0.09397537650033067,0.2141220254176271
1574114600988,2019-11-18T17:03:20.988,20.44,0.14514991677655226,0.08296452838119242,0.21706909692573467
1574114600998,2019-11-18T17:03:20.998,20.45,0.12336466255365691,0.035657784989966336,0.21579952326895385
1574114601008,2019-11-18T17:03:21.008,20.46,0.08982258292956087,0.0022209560148153578,0.2123000047495942
1574114601018,2019-11-18T17:03:21.018,20.47,0.0511850445877063,0.0015499756603618879,0.21061771468188428
1574114601028,2019-11-18T17:03:21.028,20.48,0.01882899617542997,0.01931154001116855,0.21089900632636954
1574114601038,2019-11-18T17:03:21.038,20.49,-0.005842263722592389,0.039103044833962784,0.21043681442601558
1574114601048,2019-11-18T17:03:21.048,20.5,-0.028568870259050055,0.060019537161743144,0.2088609255170535
1574114601058,2019-11-18T17:03:21.058,20.51,-0.05350765374769389,0.08970008792629175,0.2069896559625652
1574114601068,2019-11-18T17:03:21.068,20.52,-0.08224097378778517,0.1301072354474389,0.20277116069928613
1574114601078,2019-11-18T17:03:21.078,20.53,-0.11495228189996723,0.1693852527180008,0.19364247419527145
1574114601088,2019-11-18T17:03:21.088,20.54,-0.147122025854481,0.18754980655035047,0.18139434741727103
1574114601098,2019-11-18T17:03:21.098,20.55,-0.17065583928129766,0.17565693866338145,0.1707671498923427
1574114601108,2019-11-18T17:03:21.108,20.56,-0.183555715640875,0.14751629429333257,0.16447754268039147
1574114601118,2019-11-18T17:03:21.118,20.57,-0.19220074430150147,0.12692258095479989,0.1620059631830557
1574114601128,2019-11-18T17:03:21.128,20.58,-0.19992377875656064,0.12701766842204276,0.16126427509770058
1574114601138,2019-11-18T17:03:21.138,20.59,-0.20298852003456658,0.14390322132502753,0.15942822080683375
1574114601148,2019-11-18T17:03:21.148,20.6,-0.20246645485102394,0.1624860078999978,0.1547193670321056
1574114601158,2019-11-18T17:03:21.158,20.61,-0.20646210449534352,0.16803234686372626,0.14942819898056212
1574114601168,2019-11-18T17:03:21.168,20.62,-0.21420318737013488,0.15749241398694547,0.14817246148733126
1574114601178,2019-11-18T17:03:21.178,20.63,-0.21434899320497702,0.13794163200360998,0.151333375461304
1574114601188,2019-11-18T17:03:21.188,20.64,-0.20576225882203208,0.11897645640995594,0.15436501501277775
1574114601198,2019-11-18T17:03:21.198,20.65,-0.20096817809064824,0.11315901581477386,0.1553675016873006
1574114601208,2019-11-18T17:03:21.208,20.66,-0.20309954789281356,0.12870291485983415,0.15727843337535327
1574114601218,2019-11-18T17:03:21.218,20.67,-0.19917422385602285,0.15298887609304673,0.16030920289318074
1574114601228,2019-11-18T17:03:21.228,20.68,-0.18069822219852155,0.1622313698310989,0.15991308880905297
1574114601238,2019-11-18T17:03:21.238,20.69,-0.1539065172969841,0.15250246320283256,0.15570758113582067
1574114601248,2019-11-18T17:03:21.248,20.7,-0.12751327030969567,0.14215368093001923,0.15504691081748562
1574114601258,2019-11-18T17:03:21.258,20.71,-0.10288692495735552,0.13916199155068848,0.16316897176558723
1574114601268,2019-11-18T17:03:21.268,20.72,-0.07759069610359265,0.12255535783946643,0.17472874793760174
1574114601278,2019-11-18T17:03:21.278,20.73,-0.05189626975552217,0.06967308691552468,0.1793315805378728
1574114601288,2019-11-18T17:03:21.288,20.74,-0.029802103714202253,-0.005631265103877693,0.17222217096576478
1574114601298,2019-11-18T17:03:21.298,20.75,-0.01437331752318652,-0.06618213674344019,0.15580711596678243
1574114601308,2019-11-18T17:03:21.308,20.76,-0.004285552665237354,-0.10443054256604983,0.1340240104864801
1574114601318,2019-11-18T17:03:21.318,20.77,0.0042944430314991264,-0.1470072121099722,0.11034561404201701
1574114601328,2019-11-18T17:03:21.328,20.78,0.017601872778611305,-0.1987028991590487,0.08820627417339777
1574114601338,2019-11-18T17:03:21.338,20.79,0.04378126376257703,-0.23415921607609116,0.06622940124066459
1574114601348,2019-11-18T17:03:21.348,20.8,0.07700399818907971,-0.2591261474234304,0.03612489985278869
1574114601358,2019-11-18T17:03:21.358,20.81,0.0884334152501386,-0.30077648148926117,-0.0056360254145268384
1574114601368,2019-11-18T17:03:21.368,20.82,0.06916632813513317,-0.32201639591616077,-0.04982247698216599
1574114601378,2019-11-18T17:03:21.378,20.83,0.07119033375376177,-0.26614282818833523,-0.08890085623106399
1574114601388,2019-11-18T17:03:21.388,20.84,0.1348324335686793,-0.18872387416684208,-0.1261190305512439
1574114601398,2019-11-18T17:03:21.398,20.85,0.19007138259120693,-0.17678569795861687,-0.15682042182618194
1574114601408,2019-11-18T17:03:21.408,20.86,0.14388620526910928,-0.17172967901501404,-0.1650293476286391
1574114601418,2019-11-18T17:03:21.418,20.87,0.049468531465193,-0.07458807544937245,-0.15678914367891703
1574114601428,2019-11-18T17:03:21.428,20.88,0.04058070232084709,0.05023791247331399,-0.16673335598617156
1574114601438,2019-11-18T17:03:21.438,20.89,0.11697617518043918,0.07344122018830904,-0.2115111514952019
1574114601448,2019-11-18T17:03:21.448,20.9,0.1559735630507464,0.013636746904112793,-0.2659617727768123
1574114601458,2019-11-18T17:03:21.458,20.91,0.11661871259092096,-0.001817536462915154,-0.3017830010621197
1574114601468,2019-11-18T17:03:21.468,20.92,0.08133713895469165,0.06322519686593117,-0.32168925729960063
1574114601478,2019-11-18T17:03:21.478,20.93,0.10620975667475989,0.10163964900303643,-0.34063437748538883
1574114601488,2019-11-18T17:03:21.488,20.94,0.14914647742113313,0.02938140917016292,-0.3580942365464762
1574114601498,2019-11-18T17:03:21.498,20.95,0.15033662750118665,-0.07949365517155664,-0.3647870091638483
1574114601508,2019-11-18T17:03:21.508,20.96,0.10728657621835871,-0.10235973323601832,-0.35973670670814617
1574114601518,2019-11-18T17:03:21.518,20.97,0.05744831043980338,-0.042249477507819155,-0.34736922868764075
1574114601528,2019-11-18T17:03:21.528,20.98,0.02767179739137251,0.0051747731075339354,-0.32884837576066167
1574114601538,2019-11-18T17:03:21.538,20.99,0.01619314380615066,0.00154535356016005,-0.3055619827158622
1574114601548,2019-11-18T17:03:21.548,21.0,0.007321295113330061,-0.00682314129081573,-0.2831944023733766
1574114601558,2019-11-18T17:03:21.558,21.01,-0.010118046883025006,0.02169055376325263,-0.26550110604259264
1574114601568,2019-11-18T17:03:21.568,21.02,-0.03690257446196959,0.07514395860902529,-0.2491965690911765
1574114601578,2019-11-18T17:03:21.578,21.03,-0.06756470068612258,0.12221813703199227,-0.230326452008621
1574114601588,2019-11-18T17:03:21.588,21.04,-0.09680006251086071,0.15368290214872232,-0.2123610340889191
1574114601598,2019-11-18T17:03:21.598,21.05,-0.12360162770186361,0.1792903133691185,-0.2023443408057372
1574114601608,2019-11-18T17:03:21.608,21.06,-0.14909100229415126,0.20129684196470216,-0.20026045282830335
1574114601618,2019-11-18T17:03:21.618,21.07,-0.17008840872478387,0.20692736494896882,-0.19813032358988852
1574114601628,2019-11-18T17:03:21.628,21.08,-0.1800633326174894,0.1871742084293669,-0.190281493651924
1574114601638,2019-11-18T17:03:21.638,21.09,-0.17849440804253736,0.15139202962912313,-0.17900261682539387
1574114601648,2019-11-18T17:03:21.648,21.1,-0.17300153526373674,0.11671768335335586,-0.1683458028229461
1574114601658,2019-11-18T17:03:21.658,21.11,-0.16996429137911404,0.09222875600093461,-0.157474913243191
1574114601668,2019-11-18T17:03:21.668,21.12,-0.1685922343556763,0.08316843482023037,-0.14296988053953724
1574114601678,2019-11-18T17:03:21.678,21.13,-0.16632393034755738,0.10097949460305161,-0.12389757760740469
1574114601688,2019-11-18T17:03:21.688,21.14,-0.16466076933539306,0.14822193251249222,-0.10170859482506804
1574114601698,2019-11-18T17:03:21.698,21.15,-0.16355867854760398,0.19190327524391124,-0.07794862885498957
1574114601708,2019-11-18T17:03:21.708,21.16,-0.15301004726920106,0.1804886573220936,-0.05511109424918857
1574114601718,2019-11-18T17:03:21.718,21.17,-0.1234684446856669,0.10873932331395653,-0.03785055748941863
1574114601728,2019-11-18T17:03:21.728,21.18,-0.08758698913617691,0.03997979744497151,-0.02951195072966214
1574114601738,2019-11-18T17:03:21.738,21.19,-0.07211512309376768,0.02838816430661973,-0.0275245635439628
1574114601748,2019-11-18T17:03:21.748,21.2,-0.07857238544317627,0.04089119959064934,-0.02598717509487725
1574114601758,2019-11-18T17:03:21.758,21.21,-0.07504145004919252,0.006058773273375319,-0.023706151851185797
1574114601768,2019-11-18T17:03:21.768,21.22,-0.04248893444422269,-0.07186150630858695,-0.02599688843968665
1574114601778,2019-11-18T17:03:21.778,21.23,-0.006002249013114851,-0.11211559547997234,-0.037350112841932195
1574114601788,2019-11-18T17:03:21.788,21.24,0.000613378562070429,-0.08056302368507856,-0.0558616999499747
1574114601798,2019-11-18T17:03:21.798,21.25,-0.016986193779501314,-0.04495498935161996,-0.07616408844940034
1574114601808,2019-11-18T17:03:21.808,21.26,-0.023906728478740084,-0.06683003425530637,-0.09487773279510997
1574114601818,2019-11-18T17:03:21.818,21.27,-0.005843584146619868,-0.09956971357681164,-0.11142934449534489
1574114601828,2019-11-18T17:03:21.828,21.28,0.01160218694066657,-0.06778428254619187,-0.12429881748832519
1574114601838,2019-11-18T17:03:21.838,21.29,-0.0004912200717519643,-0.003885139214027531,-0.12871465275758495
1574114601848,2019-11-18T17:03:21.848,21.3,-0.025388712298435197,-0.004762796581167237,-0.1223021946550353
1574114601858,2019-11-18T17:03:21.858,21.31,-0.008890769839266672,-0.07690359045271625,-0.11208887942592531
1574114601868,2019-11-18T17:03:21.868,21.32,0.06675196906712509,-0.1317095008727372,-0.1049983784420905
1574114601878,2019-11-18T17:03:21.878,21.33,0.1442864378464335,-0.12132247782135833,-0.08968174907041088
1574114601888,2019-11-18T17:03:21.888,21.34,0.16370344546746818,-0.09751648880953032,-0.04643952442918951
1574114601898,2019-11-18T17:03:21.898,21.35,0.14262382386824018,-0.14886277940191017,0.01870803282769008
1574114601908,2019-11-18T17:03:21.908,21.36,0.13936477410643228,-0.2934961315450188,0.07332700714815887
1574114601918,2019-11-18T17:03:21.918,21.37,0.1700908966017069,-0.4084445053554335,0.10055987493334051
1574114601928,2019-11-18T17:03:21.928,21.38,0.2033459662413398,-0.3430975001320886,0.1165858833687213
1574114601938,2019-11-18T17:03:21.938,21.39,0.2049498065675392,-0.13821031867660283,0.13809502729458953
1574114601948,2019-11-18T17:03:21.948,21.4,0.1669824370915836,0.023648379512250062,0.15978472881193845
1574114601958,2019-11-18T17:03:21.958,21.41,0.1153396253096749,0.08473402588465037,0.17408359734104395
1574114601968,2019-11-18T17:03:21.968,21.42,0.08934851207319852,0.10980558485511904,0.1873698217139978
1574114601978,2019-11-18T17:03:21.978,21.43,0.10481597116905961,0.08044695341031116,0.20537650101750776
1574114601988,2019-11-18T17:03:21.988,21.44,0.14344474089442377,-0.05122452459702191,0.22311240529421994
1574114601998,2019-11-18T17:03:21.998,21.45,0.17132720994046136,-0.19024493974354661,0.23758810639292077
1574114602008,2019-11-18T17:03:22.008,21.46,0.16311205989727748,-0.20469480794028486,0.2538798199968383
1574114602018,2019-11-18T17:03:22.018,21.47,0.12184076135593286,-0.12181173677744017,0.2736853204259645
1574114602028,2019-11-18T17:03:22.028,21.48,0.07493071763934211,-0.06671520455215674,0.2909714528540792
1574114602038,2019-11-18T17:03:22.038,21.49,0.042778743277449696,-0.07930694939426375,0.3010063321640871
1574114602048,2019-11-18T17:03:22.048,21.5,0.020300755865924384,-0.0961256364433088,0.3047603638528935
1574114602058,2019-11-18T17:03:22.058,21.51,-0.00739471190492578,-0.06633804282880473,0.30535364217137384
1574114602068,2019-11-18T17:03:22.068,21.52,-0.044520066704836506,-0.007834615284025539,0.3052931692183021
1574114602078,2019-11-18T17:03:22.078,21.53,-0.08362616125233302,0.04089248524225187,0.3044000391703566
1574114602088,2019-11-18T17:03:22.088,21.54,-0.11669586688481115,0.0729365007816321,0.2994016537720138
1574114602098,2019-11-18T17:03:22.098,21.55,-0.1430336222784794,0.10126783363920822,0.28869520914579083
1574114602108,2019-11-18T17:03:22.108,21.56,-0.16629110636328617,0.12483925528702267,0.274784225985537
1574114602118,2019-11-18T17:03:22.118,21.57,-0.18579622253018985,0.14003339072615564,0.2604386742768446
1574114602128,2019-11-18T17:03:22.128,21.58,-0.19494434589618176,0.1676489430428227,0.24847388658666358
1574114602138,2019-11-18T17:03:22.138,21.59,-0.18840168188351558,0.21902455153057349,0.24441443137417895
1574114602148,2019-11-18T17:03:22.148,21.6,-0.16921965475102457,0.2544161541235306,0.25030817357257096
1574114602158,2019-11-18T17:03:22.158,21.61,-0.15068710481794587,0.23791389119904857,0.2576242758261047
1574114602168,2019-11-18T17:03:22.168,21.62,-0.14742769003523643,0.19570726822182594,0.25612051056919194
1574114602178,2019-11-18T17:03:22.178,21.63,-0.1562021602312076,0.1514204569472708,0.24848111444517662
1574114602188,2019-11-18T17:03:22.188,21.64,-0.15419332356812204,0.0805528700074889,0.24730170712465183
1574114602198,2019-11-18T17:03:22.198,21.65,-0.13136554195542752,-0.002008055592403475,0.2571207038729213
1574114602208,2019-11-18T17:03:22.208,21.66,-0.10957343892237924,-0.020936709748745144,0.2680571340948028
1574114602218,2019-11-18T17:03:22.218,21.67,-0.10827195520861917,0.031404498665788594,0.2719733730070252
1574114602228,2019-11-18T17:03:22.228,21.68,-0.11218324945622546,0.06441883439852161,0.2745731073846779
1574114602238,2019-11-18T17:03:22.238,21.69,-0.0999345926774208,0.03060842581619174,0.2808880453779462
1574114602248,2019-11-18T17:03:22.248,21.7,-0.08219914188834421,-0.009240795749717378,0.28194254006021113
1574114602258,2019-11-18T17:03:22.258,21.71,-0.08226286472838218,0.005751783774681075,0.27021709300514885
1574114602268,2019-11-18T17:03:22.268,21.72,-0.09807104967593899,0.04627993224660645,0.2538374566770904
1574114602278,2019-11-18T17:03:22.278,21.73,-0.10896075973766137,0.04484322526027933,0.2419389500036078
1574114602288,2019-11-18T17:03:22.288,21.74,-0.1047224729383753,-0.009069445779451957,0.22896708616120837
1574114602298,2019-11-18T17:03:22.298,21.75,-0.09083556355595854,-0.06423890416272894,0.20374088235857618
1574114602308,2019-11-18T17:03:22.308,21.76,-0.07937809986238795,-0.08777888880214318,0.16659069239134727
1574114602318,2019-11-18T17:03:22.318,21.77,-0.08214983692235425,-0.10290680862153684,0.1301186358401371
1574114602328,2019-11-18T17:03:22.328,21.78,-0.09493999573215939,-0.12832181853122845,0.10183585445057727
1574114602338,2019-11-18T17:03:22.338,21.79,-0.09152416078871303,-0.14559676021430132,0.07377447374033477
1574114602348,2019-11-18T17:03:22.348,21.8,-0.06120818911189819,-0.15802467587601393,0.04188946891148371
1574114602358,2019-11-18T17:03:22.358,21.81,-0.041479665292657585,-0.19643146797671357,0.02305671044674969
1574114602368,2019-11-18T17:03:22.368,21.82,-0.06699794348296367,-0.25592208755232726,0.025552836770607427
1574114602378,2019-11-18T17:03:22.378,21.83,-0.10039130863106324,-0.3148500630251078,0.01991734202638121
1574114602388,2019-11-18T17:03:22.388,21.84,-0.08405456800261721,-0.36601894660440126,-0.024095479053069663
1574114602398,2019-11-18T17:03:22.398,21.85,-0.0451905713611646,-0.35890424024914375,-0.09191353025082732
1574114602408,2019-11-18T17:03:22.408,21.86,-0.05817749060391141,-0.23319926373326255,-0.1502819537320036
1574114602418,2019-11-18T17:03:22.418,21.87,-0.1178673430426655,-0.061587808625513836,-0.19455053295209418
1574114602428,2019-11-18T17:03:22.428,21.88,-0.14620568452139684,-0.0116188089829438,-0.24036701283024497
1574114602438,2019-11-18T17:03:22.438,21.89,-0.11249458984666649,-0.13057775772150265,-0.28997637924027186
1574114602448,2019-11-18T17:03:22.448,21.9,-0.06650908139439698,-0.29039848700770476,-0.33048942743789966
1574114602458,2019-11-18T17:03:22.458,21.91,-0.05877733650957684,-0.36249428777500514,-0.35463084033780984
1574114602468,2019-11-18T17:03:22.468,21.92,-0.08486076278759958,-0.3505153705399472,-0.3673576837618839
1574114602478,2019-11-18T17:03:22.478,21.93,-0.11119940494520958,-0.32772214847283193,-0.374019364433553
1574114602488,2019-11-18T17:03:22.488,21.94,-0.12190116419468944,-0.31941507282926973,-0.3726919630184359
1574114602498,2019-11-18T17:03:22.498,21.95,-0.12729392960959945,-0.2966320419607126,-0.36066669681104213
1574114602508,2019-11-18T17:03:22.508,21.96,-0.13934248931994642,-0.24718624424189883,-0.34058068563493277
1574114602518,2019-11-18T17:03:22.518,21.97,-0.15440160156239166,-0.1993661421073733,-0.31729746029422784
1574114602528,2019-11-18T17:03:22.528,21.98,-0.16283860682047127,-0.18016672104135634,-0.29475576366751194
1574114602538,2019-11-18T17:03:22.538,21.99,-0.165346661713019,-0.1805882750336112,-0.27639601839509786
1574114602548,2019-11-18T17:03:22.548,22.0,-0.171949616726313,-0.16771959204913842,-0.26276045737309006
1574114602558,2019-11-18T17:03:22.558,22.01,-0.18871142818367276,-0.12197235864010085,-0.24857951821225158
1574114602568,2019-11-18T17:03:22.568,22.02,-0.2115540189518229,-0.05707511568782825,-0.22705632912993057
1574114602578,2019-11-18T17:03:22.578,22.03,-0.23282927057685282,-0.0007980011897677376,-0.19745222122747708
1574114602588,2019-11-18T17:03:22.588,22.04,-0.25022745176099753,0.03771379190033118,-0.16471478698814318
1574114602598,2019-11-18T17:03:22.598,22.05,-0.2675790017605142,0.0697070969366331,-0.1317143153055045
1574114602608,2019-11-18T17:03:22.608,22.06,-0.2889091163236848,0.10129492052193234,-0.09759168081989608
1574114602618,2019-11-18T17:03:22.618,22.07,-0.31427161573533235,0.12457225986718604,-0.06430678583857252
1574114602628,2019-11-18T17:03:22.628,22.08,-0.33972558976710326,0.1330959663466713,-0.03636782329713372
1574114602638,2019-11-18T17:03:22.638,22.09,-0.35763708525648097,0.127973356182008,-0.0134437075146253
1574114602648,2019-11-18T17:03:22.648,22.1,-0.3592581965830585,0.11106650268563446,0.006777671340868289
1574114602658,2019-11-18T17:03:22.658,22.11,-0.34338714620451743,0.08965037147988898,0.020334141076645527
1574114602668,2019-11-18T17:03:22.668,22.12,-0.3208517935340928,0.07915951425641549,0.02293774489353583
1574114602678,2019-11-18T17:03:22.678,22.13,-0.3032591845563912,0.08204754916215828,0.019586281082611574
1574114602688,2019-11-18T17:03:22.688,22.14,-0.2905203494879292,0.07716893354377559,0.017350445263050636
1574114602698,2019-11-18T17:03:22.698,22.15,-0.2768761801800764,0.048047112638925804,0.014818659294143664
1574114602708,2019-11-18T17:03:22.708,22.16,-0.26216632063358986,0.0032162543669581652,0.006922662378539475
1574114602718,2019-11-18T17:03:22.718,22.17,-0.24835220902668254,-0.045966956874595365,-0.007064468566623577
1574114602728,2019-11-18T17:03:22.728,22.18,-0.2341349933040085,-0.10172772314249226,-0.025444494716536023
1574114602738,2019-11-18T17:03:22.738,22.19,-0.22235149194757015,-0.15809737300495053,-0.04654440995425617
1574114602748,2019-11-18T17:03:22.748,22.2,-0.22317240388695067,-0.1909478648766985,-0.0663433706633425
1574114602758,2019-11-18T17:03:22.758,22.21,-0.2404283740794716,-0.18940629455567717,-0.07978981680915323
1574114602768,2019-11-18T17:03:22.768,22.22,-0.26275231897868356,-0.17453096323520356,-0.08601881952622374
1574114602778,2019-11-18T17:03:22.778,22.23,-0.27656130859750194,-0.1710067573858141,-0.08833446221201927
1574114602788,2019-11-18T17:03:22.788,22.24,-0.2791262593214279,-0.18281848369036857,-0.08891168628630138
1574114602798,2019-11-18T17:03:22.798,22.25,-0.27164472874754075,-0.20529779714956797,-0.08697811121184942
1574114602808,2019-11-18T17:03:22.808,22.26,-0.25515896803768856,-0.2240745860206737,-0.08297780733787768
1574114602818,2019-11-18T17:03:22.818,22.27,-0.2447601521305357,-0.19375596244553406,-0.07938386910877526
1574114602828,2019-11-18T17:03:22.828,22.28,-0.25932112116590866,-0.0836896515323451,-0.07277090531689034
1574114602838,2019-11-18T17:03:22.838,22.29,-0.27186355984809646,0.03121783725001539,-0.05351179138277262
1574114602848,2019-11-18T17:03:22.848,22.3,-0.21268387607316763,0.024002475586019374,-0.023414809687294463
1574114602858,2019-11-18T17:03:22.858,22.31,-0.0712559539037036,-0.0884097946064239,-0.0002611147535118369
1574114602868,2019-11-18T17:03:22.868,22.32,0.053360478802091105,-0.12648916745604669,0.009897003794563753
1574114602878,2019-11-18T17:03:22.878,22.33,0.07779070225386235,-0.005301024977937871,0.02549168046659423
1574114602888,2019-11-18T17:03:22.888,22.34,0.06852558683930285,0.128242711071623,0.05708416457183025
1574114602898,2019-11-18T17:03:22.898,22.35,0.15751567391582877,0.1172205637852112,0.08715336607830662
1574114602908,2019-11-18T17:03:22.908,22.36,0.33745792613143494,0.01399472631620241,0.10183534827136573
1574114602918,2019-11-18T17:03:22.918,22.37,0.4478460698976023,-0.03450242175104813,0.11420067927983453
1574114602928,2019-11-18T17:03:22.928,22.38,0.4093609834307653,0.00012569877773092528,0.1319087988362535
1574114602938,2019-11-18T17:03:22.938,22.39,0.36519432547936503,0.03425442841469843,0.1326257766501204
1574114602948,2019-11-18T17:03:22.948,22.4,0.47039718894841825,0.014003672310701203,0.1041844859805134
1574114602958,2019-11-18T17:03:22.958,22.41,0.6383893822454747,-0.027462511192618812,0.07963792371062653
1574114602968,2019-11-18T17:03:22.968,22.42,0.6791603467902199,-0.036418301153321765,0.09211819665320677
1574114602978,2019-11-18T17:03:22.978,22.43,0.6008515715735238,-0.02284337696645086,0.12054608941559167
1574114602988,2019-11-18T17:03:22.988,22.44,0.5570075070582545,-0.038347829425927835,0.1233055405039214
1574114602998,2019-11-18T17:03:22.998,22.45,0.574006290068747,-0.07635426218169644,0.10316875560806907
1574114603008,2019-11-18T17:03:23.008,22.46,0.5503172131944081,-0.07476946762596709,0.09464261322693414
1574114603018,2019-11-18T17:03:23.018,22.47,0.46458787642135735,-0.028580242366081723,0.10548502641330025
1574114603028,2019-11-18T17:03:23.028,22.48,0.39739670123812487,-0.0035615754923680213,0.11408047260109117
1574114603038,2019-11-18T17:03:23.038,22.49,0.38784502833383255,-0.030162960177673788,0.11180271928402229
1574114603048,2019-11-18T17:03:23.048,22.5,0.39973733260406463,-0.07328193024140728,0.1100072826547969
1574114603058,2019-11-18T17:03:23.058,22.51,0.3967591371905434,-0.09737416883248354,0.11361705143728826
1574114603068,2019-11-18T17:03:23.068,22.52,0.3697949243140676,-0.08898949019040414,0.11617252830776903
1574114603078,2019-11-18T17:03:23.078,22.53,0.3181287086548597,-0.04128206990154455,0.11466032780780955
1574114603088,2019-11-18T17:03:23.088,22.54,0.25059959554743855,0.03114553138398487,0.11227307589947585
1574114603098,2019-11-18T17:03:23.098,22.55,0.1863658330252868,0.09064894345623933,0.11204512430694648
1574114603108,2019-11-18T17:03:23.108,22.56,0.13349686681070866,0.11906056638419522,0.11439409668292341
1574114603118,2019-11-18T17:03:23.118,22.57,0.08146603303006142,0.1399909096776687,0.11656584510272025
1574114603128,2019-11-18T17:03:23.128,22.58,0.02210220431190369,0.1866710236552257,0.1153789750673834
1574114603138,2019-11-18T17:03:23.138,22.59,-0.036983239882089444,0.2559512544952978,0.11248249933956213
1574114603148,2019-11-18T17:03:23.148,22.6,-0.08415991501561525,0.30258120426504076,0.11177348223260378
1574114603158,2019-11-18T17:03:23.158,22.61,-0.11431614247128474,0.29227694573400975,0.11290728314721142
1574114603168,2019-11-18T17:03:23.168,22.62,-0.12382924572024942,0.24623571570915087,0.11356357906024493
1574114603178,2019-11-18T17:03:23.178,22.63,-0.10995703395589787,0.20299695654479288,0.11402928583698935
1574114603188,2019-11-18T17:03:23.188,22.64,-0.08096255179364967,0.16882702476522807,0.11512658708639101
1574114603198,2019-11-18T17:03:23.198,22.65,-0.0554606493504806,0.14513849366132484,0.11751483098896454
1574114603208,2019-11-18T17:03:23.208,22.66,-0.04507787460847311,0.15300844893370805,0.12464558807295462
1574114603218,2019-11-18T17:03:23.218,22.67,-0.041715737889980044,0.18778432343812398,0.1394605803460554
1574114603228,2019-11-18T17:03:23.228,22.68,-0.025909470307653087,0.20245062546314424,0.1573217747491075
1574114603238,2019-11-18T17:03:23.238,22.69,0.011302522150418158,0.17113799057996376,0.1680045542529865
1574114603248,2019-11-18T17:03:23.248,22.7,0.057579631173753365,0.12678754396131245,0.16555023139354363
1574114603258,2019-11-18T17:03:23.258,22.71,0.09314770281253397,0.1138874863964729,0.15256619083226827
1574114603268,2019-11-18T17:03:23.268,22.72,0.11038661699243563,0.1378029678134628,0.1350793269968931
1574114603278,2019-11-18T17:03:23.278,22.73,0.11558764579796801,0.17213535875764926,0.11676616802343617
1574114603288,2019-11-18T17:03:23.288,22.74,0.12013826182361759,0.18419372721523844,0.09838300480095719
1574114603298,2019-11-18T17:03:23.298,22.75,0.13561810225606677,0.14901491514979615,0.07830572637382575
1574114603308,2019-11-18T17:03:23.308,22.76,0.16722528139843867,0.07460215356028033,0.051445104242275524
1574114603318,2019-11-18T17:03:23.318,22.77,0.20712136938778059,0.015080441913121287,0.0136255671404963
1574114603328,2019-11-18T17:03:23.328,22.78,0.24390484432989087,0.016611114518265968,-0.028900555257920457
1574114603338,2019-11-18T17:03:23.338,22.79,0.2771595006724378,0.05233965840537835,-0.06409081255806885
1574114603348,2019-11-18T17:03:23.348,22.8,0.31009368669693604,0.061553563465805414,-0.09347840473094632
1574114603358,2019-11-18T17:03:23.358,22.81,0.33359199505354703,0.04534543485583922,-0.12967408115540993
1574114603368,2019-11-18T17:03:23.368,22.82,0.3315533927931549,0.06452083230798396,-0.16717969457523094
1574114603378,2019-11-18T17:03:23.378,22.83,0.30179992086527535,0.1428131593062861,-0.1823359374932702
1574114603388,2019-11-18T17:03:23.388,22.84,0.2711794457344505,0.2160681676625068,-0.1747529590637947
1574114603398,2019-11-18T17:03:23.398,22.85,0.2808033125826373,0.20161490161364903,-0.17666173763546122
1574114603408,2019-11-18T17:03:23.408,22.86,0.33312808613352085,0.11921643713758684,-0.20518067999162962
1574114603418,2019-11-18T17:03:23.418,22.87,0.37119654351906495,0.09162622976032878,-0.23844468523485945
1574114603428,2019-11-18T17:03:23.428,22.88,0.3505494308919701,0.17797473290088006,-0.2543518979089836
1574114603438,2019-11-18T17:03:23.438,22.89,0.30484665424645263,0.27954555389652525,-0.26081531947446845
1574114603448,2019-11-18T17:03:23.448,22.9,0.29340105350014634,0.28182441197517677,-0.27332094359316106
1574114603458,2019-11-18T17:03:23.458,22.91,0.3143525624079005,0.20922109070044698,-0.2890619919161467
1574114603468,2019-11-18T17:03:23.468,22.92,0.3165080699116128,0.16233011716208207,-0.2961430087044751
1574114603478,2019-11-18T17:03:23.478,22.93,0.2759961253370127,0.16843648141808865,-0.29174329109972763
1574114603488,2019-11-18T17:03:23.488,22.94,0.222275703083548,0.16801350090704656,-0.28215708022735925
1574114603498,2019-11-18T17:03:23.498,22.95,0.19297892197628302,0.11823728158578548,-0.2726468205146968
1574114603508,2019-11-18T17:03:23.508,22.96,0.18851790371110327,0.050041523078405675,-0.2626566416579871
1574114603518,2019-11-18T17:03:23.518,22.97,0.18066159445092678,0.016821415387534032,-0.24947076282128897
1574114603528,2019-11-18T17:03:23.528,22.98,0.15388030429147614,0.025200604964949323,-0.23314983341228646
1574114603538,2019-11-18T17:03:23.538,22.99,0.11919843907501695,0.044427705150621416,-0.21515717781835125
1574114603548,2019-11-18T17:03:23.548,23.0,0.08798202853846998,0.06136399825029143,-0.19436806858307493
1574114603558,2019-11-18T17:03:23.558,23.01,0.05543387421406827,0.08569773778321668,-0.16939188698580482
1574114603568,2019-11-18T17:03:23.568,23.02,0.01742419543399314,0.1105684528095846,-0.14325093207734857
1574114603578,2019-11-18T17:03:23.578,23.03,-0.017558464550856398,0.11208718163693523,-0.12073421468771217
1574114603588,2019-11-18T17:03:23.588,23.04,-0.04404626178607775,0.09118694692281976,-0.1028106572048167
1574114603598,2019-11-18T17:03:23.598,23.05,-0.07183108918131066,0.0802488627721876,-0.08697836298556336
1574114603608,2019-11-18T17:03:23.608,23.06,-0.11111247483042748,0.0991649023188573,-0.07098239951453332
1574114603618,2019-11-18T17:03:23.618,23.07,-0.1540848314781225,0.1304935641825853,-0.055122932745201456
1574114603628,2019-11-18T17:03:23.628,23.08,-0.18261029439217435,0.1477008981550954,-0.04221738749838344
1574114603638,2019-11-18T17:03:23.638,23.09,-0.1911636250441383,0.14719350034233897,-0.0337954340360167
1574114603648,2019-11-18T17:03:23.648,23.1,-0.19207786313089714,0.1407384552192461,-0.02666527282148768
1574114603658,2019-11-18T17:03:23.658,23.11,-0.1977374136032361,0.13359158676716848,-0.016751269080786266
1574114603668,2019-11-18T17:03:23.668,23.12,-0.2063209609970768,0.1247593154609136,-0.00537562358972561
1574114603678,2019-11-18T17:03:23.678,23.13,-0.20856975018780666,0.11661319886646582,0.0018214858211861667
1574114603688,2019-11-18T17:03:23.688,23.14,-0.20230298236926017,0.11035050605072708,0.0015668933470057433
1574114603698,2019-11-18T17:03:23.698,23.15,-0.19384530659161608,0.0997299718195657,-0.0038794156166549985
1574114603708,2019-11-18T17:03:23.708,23.16,-0.18754063156160458,0.07884632233093708,-0.009868910722495431
1574114603718,2019-11-18T17:03:23.718,23.17,-0.18065136586805178,0.05088728935297751,-0.01345775487998824
1574114603728,2019-11-18T17:03:23.728,23.18,-0.168846712026509,0.024954748830116683,-0.014353999175836917
1574114603738,2019-11-18T17:03:23.738,23.19,-0.1508945803489027,0.007030139573900165,-0.014835059794853594
1574114603748,2019-11-18T17:03:23.748,23.2,-0.12634852364360297,-0.006892147169757822,-0.019501847621477834
1574114603758,2019-11-18T17:03:23.758,23.21,-0.09398928469472116,-0.027543145260012527,-0.031294496717344994
1574114603768,2019-11-18T17:03:23.768,23.22,-0.05650791031693225,-0.05524120928506212,-0.04620910673889466
1574114603778,2019-11-18T17:03:23.778,23.23,-0.02260222811051555,-0.07122890149105673,-0.05618943213855269
1574114603788,2019-11-18T17:03:23.788,23.24,0.0014218264802443922,-0.06014358537485448,-0.05810296015231749
1574114603798,2019-11-18T17:03:23.798,23.25,0.02003271703748803,-0.03668689709433688,-0.05289002966033631
1574114603808,2019-11-18T17:03:23.808,23.26,0.04385091913766189,-0.03267147291511473,-0.036498856559034225
1574114603818,2019-11-18T17:03:23.818,23.27,0.07774735021210433,-0.05548450725719312,-0.0054340894088742535
1574114603828,2019-11-18T17:03:23.828,23.28,0.11417723509617281,-0.07333813946885227,0.02857227519647458
1574114603838,2019-11-18T17:03:23.838,23.29,0.13729149218246192,-0.05425561263978773,0.04784179481352778
1574114603848,2019-11-18T17:03:23.848,23.3,0.13867586877149252,-0.014251000550905977,0.050533911213847454
1574114603858,2019-11-18T17:03:23.858,23.31,0.1307283299360361,-0.0026856050553970973,0.042746599417325976
1574114603868,2019-11-18T17:03:23.868,23.32,0.13162085145363198,-0.03442955877575348,0.021175987575991387
1574114603878,2019-11-18T17:03:23.878,23.33,0.13129696536291688,-0.06620247809644449,-0.009356294418396208
1574114603888,2019-11-18T17:03:23.888,23.34,0.09807624262329231,-0.05341013708749885,-0.022554923200544835
1574114603898,2019-11-18T17:03:23.898,23.35,0.041088562754185154,-0.008582355008385409,-0.006778783511847386
1574114603908,2019-11-18T17:03:23.908,23.36,0.02949344679313867,0.012648811170487356,0.012245942131827945
1574114603918,2019-11-18T17:03:23.918,23.37,0.1013140523713387,-0.013379080452671133,0.013493537178253169
1574114603928,2019-11-18T17:03:23.928,23.38,0.1878127357151686,-0.035697681055053665,0.013478150650552516
1574114603938,2019-11-18T17:03:23.938,23.39,0.1929316589962267,-0.003672914301222092,0.03344311009661643
1574114603948,2019-11-18T17:03:23.948,23.4,0.12253644865581978,0.0400440627457073,0.06536501778482429
1574114603958,2019-11-18T17:03:23.958,23.41,0.06804244787700575,0.024110446706162934,0.08996341906500435
1574114603968,2019-11-18T17:03:23.968,23.42,0.07505714709015941,-0.02793752916530225,0.10494645197706548
1574114603978,2019-11-18T17:03:23.978,23.43,0.09421647785238121,-0.03832458972378171,0.1212187405172657
1574114603988,2019-11-18T17:03:23.988,23.44,0.06940561648638514,0.0045170066334920735,0.14442636933424402
1574114603998,2019-11-18T17:03:23.998,23.45,0.015334091201537083,0.05126615164866177,0.16959055756687438
1574114604008,2019-11-18T17:03:24.008,23.46,-0.019814840462650446,0.06823493227270677,0.18919879852975469
1574114604018,2019-11-18T17:03:24.018,23.47,-0.024003429203286818,0.053589754393964156,0.20094943342137592
1574114604028,2019-11-18T17:03:24.028,23.48,-0.019709959494747437,0.019966209482163263,0.20716922303081764
1574114604038,2019-11-18T17:03:24.038,23.49,-0.022890067083537385,-0.01070397157238037,0.21027743230369833
1574114604048,2019-11-18T17:03:24.048,23.5,-0.032883366969055625,-0.019518899818738535,0.211709100338625
1574114604058,2019-11-18T17:03:24.058,23.51,-0.04608921671313872,-0.0070230345310003175,0.2128497491165941
1574114604068,2019-11-18T17:03:24.068,23.52,-0.06104770666055209,0.010708953988822103,0.21335691512763488
1574114604078,2019-11-18T17:03:24.078,23.53,-0.07696250726017356,0.01933745445816478,0.2095206445647067
1574114604088,2019-11-18T17:03:24.088,23.54,-0.09374383583559301,0.016186468219984648,0.19734855747067695
1574114604098,2019-11-18T17:03:24.098,23.55,-0.11152916171631545,0.009095667863903775,0.1778034266331345
1574114604108,2019-11-18T17:03:24.108,23.56,-0.13105470137073624,0.009303915219362344,0.15714503295469212
1574114604118,2019-11-18T17:03:24.118,23.57,-0.15359366117238338,0.020357950270502266,0.14090736081673694
1574114604128,2019-11-18T17:03:24.128,23.58,-0.17637233461137716,0.03104928636325134,0.12894599888409755
1574114604138,2019-11-18T17:03:24.138,23.59,-0.1915344463380591,0.026315773796205484,0.11791757015262383
1574114604148,2019-11-18T17:03:24.148,23.6,-0.19620170008341548,0.008746648187025668,0.10681930280752056
1574114604158,2019-11-18T17:03:24.158,23.61,-0.19919254972139394,-0.0013923735821426099,0.09764860625593344
1574114604168,2019-11-18T17:03:24.168,23.62,-0.20975521109272594,0.004949842550832648,0.09182001335065054
1574114604178,2019-11-18T17:03:24.178,23.63,-0.22414647549477695,0.010002373949663362,0.08853789618858922
1574114604188,2019-11-18T17:03:24.188,23.64,-0.23234679599535568,-0.0038479214979999787,0.08668304300484614
1574114604198,2019-11-18T17:03:24.198,23.65,-0.23309964822712748,-0.025456310031105753,0.08680505399918886
1574114604208,2019-11-18T17:03:24.208,23.66,-0.23146683581226257,-0.03355937530770543,0.09045684498380283
1574114604218,2019-11-18T17:03:24.218,23.67,-0.22611949891054756,-0.031658754192827085,0.09736989658067771
1574114604228,2019-11-18T17:03:24.228,23.68,-0.2116486302576656,-0.039767571481829606,0.10431381358500375
1574114604238,2019-11-18T17:03:24.238,23.69,-0.19023602033109666,-0.060188326924959304,0.108126018409439
1574114604248,2019-11-18T17:03:24.248,23.7,-0.16933298886452378,-0.07591355784250683,0.10898773553248156
1574114604258,2019-11-18T17:03:24.258,23.71,-0.15132239504940487,-0.07767868033120472,0.10966532952866076
1574114604268,2019-11-18T17:03:24.268,23.72,-0.13451438322547976,-0.0725754175171368,0.1123609032733392
1574114604278,2019-11-18T17:03:24.278,23.73,-0.11845632449207572,-0.06997563437324444,0.1159769158708091
1574114604288,2019-11-18T17:03:24.288,23.74,-0.10179096591391379,-0.07276958500921078,0.11607835293043338
1574114604298,2019-11-18T17:03:24.298,23.75,-0.08215986718325999,-0.07763506779424438,0.10958309403940217
1574114604308,2019-11-18T17:03:24.308,23.76,-0.06065801520119241,-0.07696152248789984,0.09819214397279527
1574114604318,2019-11-18T17:03:24.318,23.77,-0.03863444309725847,-0.06788779563987524,0.08324892737807492
1574114604328,2019-11-18T17:03:24.328,23.78,-0.013332955901390836,-0.05917344377824582,0.06274815853634715
1574114604338,2019-11-18T17:03:24.338,23.79,0.016606154430861123,-0.05788021434116414,0.03929922421543705
1574114604348,2019-11-18T17:03:24.348,23.8,0.05393338268708747,-0.05800439167911309,0.015970276810371123
1574114604358,2019-11-18T17:03:24.358,23.81,0.11248754130288947,-0.0577915615129352,-0.021932023562524827
1574114604368,2019-11-18T17:03:24.368,23.82,0.18709026278048355,-0.06692671951986054,-0.08612664742752868
1574114604378,2019-11-18T17:03:24.378,23.83,0.2159559659171656,-0.07769060174659104,-0.14037839596803378
1574114604388,2019-11-18T17:03:24.388,23.84,0.1554315752105332,-0.07005182441528007,-0.13736713433575945
1574114604398,2019-11-18T17:03:24.398,23.85,0.09203895334916559,-0.06313687558536439,-0.10603815543248732
1574114604408,2019-11-18T17:03:24.408,23.86,0.14424466197222705,-0.09426559509817248,-0.1209174428215295
1574114604418,2019-11-18T17:03:24.418,23.87,0.2585450760471962,-0.13635338016990262,-0.18568364831013084
1574114604428,2019-11-18T17:03:24.428,23.88,0.2827993932254639,-0.12401256092466986,-0.23744262114706668
1574114604438,2019-11-18T17:03:24.438,23.89,0.21669958195537625,-0.060699198268646976,-0.2544007160089883
1574114604448,2019-11-18T17:03:24.448,23.9,0.19045623088627756,-0.013620936540642132,-0.2705069041734841
1574114604458,2019-11-18T17:03:24.458,23.91,0.2350839295508688,-0.01365616146024547,-0.3002313368490092
1574114604468,2019-11-18T17:03:24.468,23.92,0.2570938196995114,-0.02575224724828448,-0.3231725973898624
1574114604478,2019-11-18T17:03:24.478,23.93,0.20568094338353798,-0.01218152155945862,-0.32876063675279127
1574114604488,2019-11-18T17:03:24.488,23.94,0.12822933471925574,0.009533347331404667,-0.32630385285674457
1574114604498,2019-11-18T17:03:24.498,23.95,0.0813459743232865,-0.013360015923118881,-0.3223828675545335
1574114604508,2019-11-18T17:03:24.508,23.96,0.06970284387622712,-0.08953429139058135,-0.315271011637839
1574114604518,2019-11-18T17:03:24.518,23.97,0.06401123885481196,-0.1548594245672389,-0.30273001073529554
1574114604528,2019-11-18T17:03:24.528,23.98,0.04051054042042079,-0.15223000431298714,-0.28479568121288534
1574114604538,2019-11-18T17:03:24.538,23.99,0.0022795312848660244,-0.10616852244826615,-0.26497358543884925
1574114604548,2019-11-18T17:03:24.548,24.0,-0.03222814756020662,-0.07450785513155697,-0.24838012660479436
1574114604558,2019-11-18T17:03:24.558,24.01,-0.0582407948888294,-0.06043450621107157,-0.2343375025793944
1574114604568,2019-11-18T17:03:24.568,24.02,-0.08795807975978734,-0.02820053920986931,-0.21660368331966928
1574114604578,2019-11-18T17:03:24.578,24.03,-0.12506750821674298,0.020549687227508537,-0.19384485736506485
1574114604588,2019-11-18T17:03:24.588,24.04,-0.15714999777255248,0.04834450374501232,-0.17189946181606597
1574114604598,2019-11-18T17:03:24.598,24.05,-0.17743409420311018,0.048228799341976686,-0.1536288827405572
1574114604608,2019-11-18T17:03:24.608,24.06,-0.19516130066788606,0.05271656582130338,-0.13468985153196422
1574114604618,2019-11-18T17:03:24.618,24.07,-0.21903629987138007,0.07734813103202756,-0.11178922133981622
1574114604628,2019-11-18T17:03:24.628,24.08,-0.24503891789452797,0.10108659493137669,-0.08899431388407689
1574114604638,2019-11-18T17:03:24.638,24.09,-0.26550485348136127,0.10783631225729662,-0.07272670106413784
1574114604648,2019-11-18T17:03:24.648,24.1,-0.27917212738499075,0.11005695215343872,-0.06338193818491861
1574114604658,2019-11-18T17:03:24.658,24.11,-0.2877705653766939,0.12043807010143874,-0.05537727691057815
1574114604668,2019-11-18T17:03:24.668,24.12,-0.2902489498926312,0.12871869722573928,-0.04518373604364044
1574114604678,2019-11-18T17:03:24.678,24.13,-0.2847579999217693,0.12205915129967768,-0.03544099194663052
1574114604688,2019-11-18T17:03:24.688,24.14,-0.27343834593713523,0.1085556202578003,-0.030215970049521805
1574114604698,2019-11-18T17:03:24.698,24.15,-0.26242263200635757,0.10303468261051063,-0.030365351197719742
1574114604708,2019-11-18T17:03:24.708,24.16,-0.256259048865102,0.10268362405225782,-0.034387184236404064
1574114604718,2019-11-18T17:03:24.718,24.17,-0.2524576212075672,0.09437061043394566,-0.03989864099121766
1574114604728,2019-11-18T17:03:24.728,24.18,-0.24356633321517762,0.07841242842770868,-0.04467174996421276
1574114604738,2019-11-18T17:03:24.738,24.19,-0.22611500918750582,0.06790794481646545,-0.04961617443924823
1574114604748,2019-11-18T17:03:24.748,24.2,-0.20454602639754219,0.06389128922927811,-0.05889316184325766
1574114604758,2019-11-18T17:03:24.758,24.21,-0.18350370077673545,0.044964514845271045,-0.07418984677101075
1574114604768,2019-11-18T17:03:24.768,24.22,-0.16079863178738404,-0.006396801854431894,-0.09142357311710436
1574114604778,2019-11-18T17:03:24.778,24.23,-0.13293510579460854,-0.07115956337056842,-0.10552730306725383
1574114604788,2019-11-18T17:03:24.788,24.24,-0.10290448500061185,-0.10563977968470553,-0.11589999294296074
1574114604798,2019-11-18T17:03:24.798,24.25,-0.07668596337002054,-0.0930977755005985,-0.1247183947038988
1574114604808,2019-11-18T17:03:24.808,24.26,-0.05489144331706709,-0.06680142108983686,-0.13229767418687513
1574114604818,2019-11-18T17:03:24.818,24.27,-0.031779447473480736,-0.06978811768370353,-0.1372190838003395
1574114604828,2019-11-18T17:03:24.828,24.28,-0.0017289704286839553,-0.10484030377612026,-0.13887138060301965
1574114604838,2019-11-18T17:03:24.838,24.29,0.03425965185307406,-0.13776994323338349,-0.13628413785875304
1574114604848,2019-11-18T17:03:24.848,24.3,0.068653199973914,-0.14109818072402694,-0.1269099232620371
1574114604858,2019-11-18T17:03:24.858,24.31,0.09443231377494857,-0.11976888161006007,-0.10983864264707939
1574114604868,2019-11-18T17:03:24.868,24.32,0.11313423381312099,-0.09515573607610706,-0.08694960452331517
1574114604878,2019-11-18T17:03:24.878,24.33,0.1369951568814718,-0.07773816594426619,-0.060191457290996744
1574114604888,2019-11-18T17:03:24.888,24.34,0.17597414980623907,-0.06794911142323057,-0.034051588829832585
1574114604898,2019-11-18T17:03:24.898,24.35,0.21453346875950802,-0.07557418534655377,-0.01725343535955831
1574114604908,2019-11-18T17:03:24.908,24.36,0.21697410436559256,-0.10601048684863781,-0.009526373777252897
1574114604918,2019-11-18T17:03:24.918,24.37,0.17481403443497257,-0.1300131907460879,0.006849460308631076
1574114604928,2019-11-18T17:03:24.928,24.38,0.13193378112945675,-0.12622511141267892,0.044498107897706654
1574114604938,2019-11-18T17:03:24.938,24.39,0.13833029043482575,-0.14319246313382472,0.0895668910746941
1574114604948,2019-11-18T17:03:24.948,24.4,0.18684085136139528,-0.21967497173547784,0.12367593433189544
1574114604958,2019-11-18T17:03:24.958,24.41,0.21756548805038511,-0.26809109316446655,0.15352508065135664
1574114604968,2019-11-18T17:03:24.968,24.42,0.18798904873787547,-0.17267083777787517,0.19498820101227426
1574114604978,2019-11-18T17:03:24.978,24.43,0.11851127267518309,0.021917240674713814,0.24173443850318893
1574114604988,2019-11-18T17:03:24.988,24.44,0.0614428141468646,0.14663955025249478,0.2731527470648564
1574114604998,2019-11-18T17:03:24.998,24.45,0.04860904800055134,0.11000634101736151,0.283182817552961
1574114605008,2019-11-18T17:03:25.008,24.46,0.07349987953625722,-0.016576042239926318,0.2837847895070613
1574114605018,2019-11-18T17:03:25.018,24.47,0.10017765138388142,-0.0933826875878162,0.28757347336760153
1574114605028,2019-11-18T17:03:25.028,24.48,0.09271837968156754,-0.055789356303461185,0.29685851619559805
1574114605038,2019-11-18T17:03:25.038,24.49,0.05325971301227922,0.02977759430312034,0.30371959894978107
1574114605048,2019-11-18T17:03:25.048,24.5,0.01764887010443556,0.05401693655929436,0.2980205733629261
1574114605058,2019-11-18T17:03:25.058,24.51,0.00560969078394068,-0.0035443058521778727,0.2795212044873422
1574114605068,2019-11-18T17:03:25.068,24.52,-0.0004768487471030539,-0.06706092594276816,0.2590932650809844
1574114605078,2019-11-18T17:03:25.078,24.53,-0.02063238198383663,-0.07680044390961835,0.24473878258734888
1574114605088,2019-11-18T17:03:25.088,24.54,-0.04849563766355488,-0.053775514090315404,0.2324554590775898
1574114605098,2019-11-18T17:03:25.098,24.55,-0.06859386932292968,-0.044221577421054134,0.21466402789913253
1574114605108,2019-11-18T17:03:25.108,24.56,-0.08155681727361096,-0.04968577440346396,0.19191388649395463
1574114605118,2019-11-18T17:03:25.118,24.57,-0.09855983743693837,-0.040726420046739896,0.17143582981668087
1574114605128,2019-11-18T17:03:25.128,24.58,-0.1218213394303633,-0.0120487672673863,0.1572401527543878
1574114605138,2019-11-18T17:03:25.138,24.59,-0.14218926718630687,0.011378342446972162,0.14660248825004932
1574114605148,2019-11-18T17:03:25.148,24.6,-0.15301041042105465,0.017065231402817866,0.13597478696991067
1574114605158,2019-11-18T17:03:25.158,24.61,-0.1590301514199881,0.022036036136996798,0.12620627516028296
1574114605168,2019-11-18T17:03:25.168,24.62,-0.16852565327552935,0.03915705564897328,0.12004571369794391
1574114605178,2019-11-18T17:03:25.178,24.63,-0.17938026598938167,0.05439504281224091,0.11704201533850761
1574114605188,2019-11-18T17:03:25.188,24.64,-0.18086022098963583,0.057021082659496895,0.11425991251060041
1574114605198,2019-11-18T17:03:25.198,24.65,-0.17068439559617682,0.06791860192242294,0.1109394222659062
1574114605208,2019-11-18T17:03:25.208,24.66,-0.1586155271862008,0.10772910390588279,0.10819348042343496
1574114605218,2019-11-18T17:03:25.218,24.67,-0.14851898697505334,0.15529394684385744,0.10482705674540435
1574114605228,2019-11-18T17:03:25.228,24.68,-0.1318415816846582,0.17336579028895316,0.09873241976484097
1574114605238,2019-11-18T17:03:25.238,24.69,-0.10659925414124671,0.16241132898225638,0.09185312434569229
1574114605248,2019-11-18T17:03:25.248,24.7,-0.0867050069981617,0.15145241799260792,0.08824124918357357
1574114605258,2019-11-18T17:03:25.258,24.71,-0.08167130700132341,0.1457824862573993,0.08786204728092673
1574114605268,2019-11-18T17:03:25.268,24.72,-0.08108140965319353,0.12432933587399887,0.08757333473892362
1574114605278,2019-11-18T17:03:25.278,24.73,-0.07106756450113497,0.08522639366356957,0.08752145920684318
1574114605288,2019-11-18T17:03:25.288,24.74,-0.054661600004126065,0.054209342466512406,0.09144674043221951
1574114605298,2019-11-18T17:03:25.298,24.75,-0.04352248333528397,0.04405380765617248,0.10046005490577754
1574114605308,2019-11-18T17:03:25.308,24.76,-0.03896654874328861,0.03931078492882858,0.11093537177621077
1574114605318,2019-11-18T17:03:25.318,24.77,-0.03446642991319658,0.027201500074694372,0.11955339232272919
1574114605328,2019-11-18T17:03:25.328,24.78,-0.03023870793984662,0.014261739394287078,0.12644958425743386
1574114605338,2019-11-18T17:03:25.338,24.79,-0.0312524638114072,0.004936267220752552,0.13223958663782054
1574114605348,2019-11-18T17:03:25.348,24.8,-0.03387144604604693,-0.010910842324052981,0.13686501376080537
1574114605358,2019-11-18T17:03:25.358,24.81,-0.027839453276976515,-0.04110654971615239,0.14318701885889898
1574114605368,2019-11-18T17:03:25.368,24.82,-0.010967300453197198,-0.08054987372732432,0.1556449408078451
1574114605378,2019-11-18T17:03:25.378,24.83,0.00875423613537887,-0.11922523135614227,0.17235969018781203
1574114605388,2019-11-18T17:03:25.388,24.84,0.023325581499943654,-0.14453367287860666,0.18494787604383006
1574114605398,2019-11-18T17:03:25.398,24.85,0.02811600834874582,-0.14223380345887826,0.18982256418310423
1574114605408,2019-11-18T17:03:25.408,24.86,0.022227061809768543,-0.11492915894143152,0.1929619190027493
1574114605418,2019-11-18T17:03:25.418,24.87,0.015423879825742769,-0.08979337688149844,0.19910576268620156
1574114605428,2019-11-18T17:03:25.428,24.88,0.023855140111292573,-0.08707888577495553,0.20295682351373479
1574114605438,2019-11-18T17:03:25.438,24.89,0.047688687561905044,-0.09846373787238766,0.19663562877816834
1574114605448,2019-11-18T17:03:25.448,24.9,0.06640770401547864,-0.11853639718547279,0.1802864329916447
1574114605458,2019-11-18T17:03:25.458,24.91,0.06835956204560373,-0.15846330067735762,0.159056459154174
1574114605468,2019-11-18T17:03:25.468,24.92,0.06921973275517468,-0.19732878804595116,0.1352064345286268
1574114605478,2019-11-18T17:03:25.478,24.93,0.08717534651666299,-0.1894193783698827,0.11204492065166743
1574114605488,2019-11-18T17:03:25.488,24.94,0.11518195500334696,-0.15753989906407861,0.09901474824603335
1574114605498,2019-11-18T17:03:25.498,24.95,0.13217518022141023,-0.176387964346017,0.09805133306397987
1574114605508,2019-11-18T17:03:25.508,24.96,0.13089513499458186,-0.23482452408397975,0.08925776194548729
1574114605518,2019-11-18T17:03:25.518,24.97,0.12610746787943938,-0.24495055336374508,0.0490952061136051
1574114605528,2019-11-18T17:03:25.528,24.98,0.14176066274690705,-0.19089983403139388,-0.01677085595719601
1574114605538,2019-11-18T17:03:25.538,24.99,0.18829279777678756,-0.12585084517248596,-0.07552479501832038
1574114605548,2019-11-18T17:03:25.548,25.0,0.24586448204875094,-0.04569891839555322,-0.10318180221078381
1574114605558,2019-11-18T17:03:25.558,25.01,0.27868672953005924,0.0899146404189773,-0.10486760533261333
1574114605568,2019-11-18T17:03:25.568,25.02,0.2756472318496559,0.23580910508987513,-0.10007571479383315
1574114605578,2019-11-18T17:03:25.578,25.03,0.2652558540784689,0.28893385917889464,-0.1017342959364565
1574114605588,2019-11-18T17:03:25.588,25.04,0.2765746307234822,0.2326041877598906,-0.11170462021153113
1574114605598,2019-11-18T17:03:25.598,25.05,0.29998241187372876,0.1527025825425825,-0.12600252634930148
1574114605608,2019-11-18T17:03:25.608,25.06,0.30911636104404033,0.103730924659653,-0.13921359367363015
1574114605618,2019-11-18T17:03:25.618,25.07,0.30628993190646403,0.05163413828320021,-0.14722494773995665
1574114605628,2019-11-18T17:03:25.628,25.08,0.3127626390060173,-0.02527770657789246,-0.14852495993997186
1574114605638,2019-11-18T17:03:25.638,25.09,0.3242097275178249,-0.07120077301139742,-0.1435582591528312
1574114605648,2019-11-18T17:03:25.648,25.1,0.3150975879301123,-0.04361785377394843,-0.13455812450143395
1574114605658,2019-11-18T17:03:25.658,25.11,0.2849190482742113,0.001638412434049245,-0.12661197195066032
1574114605668,2019-11-18T17:03:25.668,25.12,0.26250588187805823,-0.015507460489544132,-0.12525207337051966
1574114605678,2019-11-18T17:03:25.678,25.13,0.2605957520012054,-0.0838708313541328,-0.1300590896959538
1574114605688,2019-11-18T17:03:25.688,25.14,0.25730789384257113,-0.12424619197367218,-0.1340476744912173
1574114605698,2019-11-18T17:03:25.698,25.15,0.23022948362609236,-0.10249036300943529,-0.13301134424087369
1574114605708,2019-11-18T17:03:25.708,25.16,0.18543962279169757,-0.0593841026237871,-0.1317685398640738
1574114605718,2019-11-18T17:03:25.718,25.17,0.14234703203272386,-0.03536941722102552,-0.13657029350715877
1574114605728,2019-11-18T17:03:25.728,25.18,0.10559512679639121,-0.019891861387774313,-0.14484572265879717
1574114605738,2019-11-18T17:03:25.738,25.19,0.0659510114840704,0.00904779612947127,-0.1481820170844398
1574114605748,2019-11-18T17:03:25.748,25.2,0.022152873430987687,0.03488286566576784,-0.14333867133697537
1574114605758,2019-11-18T17:03:25.758,25.21,-0.01360571095013769,0.026365644045860205,-0.13501126643763658
1574114605768,2019-11-18T17:03:25.768,25.22,-0.03440532651958236,-0.006307498557255,-0.12847303823084855
1574114605778,2019-11-18T17:03:25.778,25.23,-0.05043268205579317,-0.016429011932415773,-0.12333035714680846
1574114605788,2019-11-18T17:03:25.788,25.24,-0.07473687164421479,0.02141288123600905,-0.11544263455716511
1574114605798,2019-11-18T17:03:25.798,25.25,-0.10706537668570763,0.08919563653429749,-0.10295686363395927
1574114605808,2019-11-18T17:03:25.808,25.26,-0.14075232374346,0.15894307790794474,-0.0874964450306798
1574114605818,2019-11-18T17:03:25.818,25.27,-0.17452260367315559,0.217681554053851,-0.07044457840963143
1574114605828,2019-11-18T17:03:25.828,25.28,-0.20710233314101217,0.25797559473522236,-0.05278554505561139
1574114605838,2019-11-18T17:03:25.838,25.29,-0.2318727247372549,0.2715900540899977,-0.037334663050583916
1574114605848,2019-11-18T17:03:25.848,25.3,-0.2456942402109369,0.257813021479466,-0.02606562327895984
1574114605858,2019-11-18T17:03:25.858,25.31,-0.2530698635617399,0.22429712057254594,-0.017611707063342634
1574114605868,2019-11-18T17:03:25.868,25.32,-0.2597090173690883,0.18486969244917234,-0.011003562971483544
1574114605878,2019-11-18T17:03:25.878,25.33,-0.2703336649092881,0.16049255789697048,-0.008068740585217723
1574114605888,2019-11-18T17:03:25.888,25.34,-0.2862167404560708,0.1624940625429057,-0.010115674181796276
1574114605898,2019-11-18T17:03:25.898,25.35,-0.29756968560027336,0.17380862589716617,-0.015439359882636616
1574114605908,2019-11-18T17:03:25.908,25.36,-0.2908055000705323,0.17268949857628318,-0.01951873901915942
1574114605918,2019-11-18T17:03:25.918,25.37,-0.2685350543050216,0.16759950880600114,-0.016626318952437286
1574114605928,2019-11-18T17:03:25.928,25.38,-0.24689772943496052,0.17600266132665998,-0.005937488418623134
1574114605938,2019-11-18T17:03:25.938,25.39,-0.23080298502686092,0.1829401569057046,0.003624435019105824
1574114605948,2019-11-18T17:03:25.948,25.4,-0.20961891190492093,0.16116516857821395,0.0011551960542941604
1574114605958,2019-11-18T17:03:25.958,25.41,-0.17950933088861007,0.11949490251176562,-0.013837112582613373
1574114605968,2019-11-18T17:03:25.968,25.42,-0.15160565631025272,0.08793569039790922,-0.032045002652513796
1574114605978,2019-11-18T17:03:25.978,25.43,-0.1323740958092962,0.06282346605689998,-0.045645204912219135
1574114605988,2019-11-18T17:03:25.988,25.44,-0.11258379870986097,0.013509312822929767,-0.05506715565104003
1574114605998,2019-11-18T17:03:25.998,25.45,-0.086668135657293,-0.052737437090802204,-0.06531084031441793
1574114606008,2019-11-18T17:03:26.008,25.46,-0.0674759737332064,-0.08274633279960728,-0.07788892322758459
1574114606018,2019-11-18T17:03:26.018,25.47,-0.06377152363295337,-0.05599967547935171,-0.08974106004633732
1574114606028,2019-11-18T17:03:26.028,25.48,-0.057927513761962965,-0.025278555249661386,-0.10016452318216482
1574114606038,2019-11-18T17:03:26.038,25.49,-0.02952119685758326,-0.04915683463435386,-0.11141647425161684
1574114606048,2019-11-18T17:03:26.048,25.5,0.013943805658330193,-0.1255334231721685,-0.12207679115670025
1574114606058,2019-11-18T17:03:26.058,25.51,0.05219802587538152,-0.2124570508845659,-0.13049932729577735
1574114606068,2019-11-18T17:03:26.068,25.52,0.07644383429034364,-0.267205901793522,-0.14236085019107178
1574114606078,2019-11-18T17:03:26.078,25.53,0.08093828707399243,-0.2655098364241645,-0.16094811544283374
1574114606088,2019-11-18T17:03:26.088,25.54,0.06602720804432483,-0.24595527068114914,-0.17689004359011695
1574114606098,2019-11-18T17:03:26.098,25.55,0.0642769485677046,-0.30714339857107953,-0.18375355941039534
1574114606108,2019-11-18T17:03:26.108,25.56,0.11128697002271007,-0.47022951470813235,-0.19052714815567973
1574114606118,2019-11-18T17:03:26.118,25.57,0.1773026474146373,-0.5948495657268836,-0.1991046440845691
1574114606128,2019-11-18T17:03:26.128,25.58,0.19564389387272402,-0.5514155891671142,-0.1892601631417149
1574114606138,2019-11-18T17:03:26.138,25.59,0.16884322498300985,-0.41604968341786586,-0.14990393948377148
1574114606148,2019-11-18T17:03:26.148,25.6,0.16507152448805784,-0.3531429052257956,-0.10288537964928446
1574114606158,2019-11-18T17:03:26.158,25.61,0.2016038696419952,-0.3646930574871292,-0.07199386482505292
1574114606168,2019-11-18T17:03:26.168,25.62,0.2191079899944273,-0.3109689320189753,-0.051456191761599504
1574114606178,2019-11-18T17:03:26.178,25.63,0.18164639713915418,-0.142072697116961,-0.02486363113397189
1574114606188,2019-11-18T17:03:26.188,25.64,0.12648187545075446,0.0325933326869481,0.008251884288121597
1574114606198,2019-11-18T17:03:26.198,25.65,0.10493147334187111,0.09629639918135532,0.04107876656801086
1574114606208,2019-11-18T17:03:26.208,25.66,0.12677058764056665,0.0459844123468928,0.07394035768644915
1574114606218,2019-11-18T17:03:26.218,25.67,0.16649095562340382,-0.03910656865722008,0.10645912349022713
1574114606228,2019-11-18T17:03:26.228,25.68,0.19059933311630484,-0.08443189442590839,0.1305128456113049
1574114606238,2019-11-18T17:03:26.238,25.69,0.17908887507099977,-0.06844233730071496,0.1413251447931813
1574114606248,2019-11-18T17:03:26.248,25.7,0.13944804670335928,-0.022700481157913302,0.14530186327652894
1574114606258,2019-11-18T17:03:26.258,25.71,0.09848864382206778,0.0020186562968885604,0.1499217018865045
1574114606268,2019-11-18T17:03:26.268,25.72,0.07356896428052948,-0.016788704835809982,0.15435188684393586
1574114606278,2019-11-18T17:03:26.278,25.73,0.058334833875056655,-0.05273601827310876,0.1554152630271336
1574114606288,2019-11-18T17:03:26.288,25.74,0.03907995838842128,-0.06152539917414972,0.1546168993885761
1574114606298,2019-11-18T17:03:26.298,25.75,0.012579130784318281,-0.027833688570549582,0.1540220362758347
1574114606308,2019-11-18T17:03:26.308,25.76,-0.017671814155396325,0.02898065324922815,0.15203956002291974
1574114606318,2019-11-18T17:03:26.318,25.77,-0.05081356052746082,0.0864725952422844,0.14711458953546386
1574114606328,2019-11-18T17:03:26.328,25.78,-0.08632439265672447,0.1355062625728593,0.13985375704734634
1574114606338,2019-11-18T17:03:26.338,25.79,-0.11890974141499483,0.16938423087474036,0.12970722434770243
1574114606348,2019-11-18T17:03:26.348,25.8,-0.1419817565253234,0.18167768447813792,0.11525698313277581
1574114606358,2019-11-18T17:03:26.358,25.81,-0.155293585096553,0.1796434919259763,0.09908972276501221
1574114606368,2019-11-18T17:03:26.368,25.82,-0.1655147314988219,0.1805508850213765,0.08699087472553585
1574114606378,2019-11-18T17:03:26.378,25.83,-0.17652452082537984,0.1891774466619323,0.0804928089221496
1574114606388,2019-11-18T17:03:26.388,25.84,-0.18284163508423323,0.19517755436382087,0.07496922968967683
1574114606398,2019-11-18T17:03:26.398,25.85,-0.17924277847542358,0.19628414117085177,0.06739589608077579
1574114606408,2019-11-18T17:03:26.408,25.86,-0.1718313642209061,0.20498458059030356,0.061426732483370376
1574114606418,2019-11-18T17:03:26.418,25.87,-0.16952309664173126,0.22434481826556935,0.061597606260304444
1574114606428,2019-11-18T17:03:26.428,25.88,-0.169965555249098,0.2363163697724771,0.06636596615445206
1574114606438,2019-11-18T17:03:26.438,25.89,-0.16478406937967296,0.22773262952415702,0.07093228428953235
1574114606448,2019-11-18T17:03:26.448,25.9,-0.15342291009717118,0.21125788350003102,0.07446530570756975
1574114606458,2019-11-18T17:03:26.458,25.91,-0.14165396167461433,0.2026561438062604,0.0799888735921223
1574114606468,2019-11-18T17:03:26.468,25.92,-0.130799692564972,0.1924357190795231,0.08807476095403946
1574114606478,2019-11-18T17:03:26.478,25.93,-0.1170641641233727,0.16230277001490262,0.0950441304098843
1574114606488,2019-11-18T17:03:26.488,25.94,-0.09958936719578088,0.11841061812371306,0.09761479358912839
1574114606498,2019-11-18T17:03:26.498,25.95,-0.08370990065123889,0.08512098506146627,0.09647841814298568
1574114606508,2019-11-18T17:03:26.508,25.96,-0.07529462011937993,0.07102405931067445,0.09533242087867216
1574114606518,2019-11-18T17:03:26.518,25.97,-0.0719563510177698,0.05885122584879739,0.09696343866119621
1574114606528,2019-11-18T17:03:26.528,25.98,-0.062457782360888794,0.028464596375176256,0.09892162519620354
1574114606538,2019-11-18T17:03:26.538,25.99,-0.041735087902381715,-0.018954569235083235,0.09475127581858017
1574114606548,2019-11-18T17:03:26.548,26.0,-0.02331709139517346,-0.06064259822115247,0.08256190265229206
1574114606558,2019-11-18T17:03:26.558,26.01,-0.02102195418216864,-0.07618854460195729,0.06836452082889734
1574114606568,2019-11-18T17:03:26.568,26.02,-0.021685479278460037,-0.07448389827921202,0.0548405013791185
1574114606578,2019-11-18T17:03:26.578,26.03,-0.003873734929156716,-0.0915458516427349,0.032867428864737404
1574114606588,2019-11-18T17:03:26.588,26.04,0.020057703818535538,-0.1455808928305345,-0.0038962447417964386
1574114606598,2019-11-18T17:03:26.598,26.05,0.02755645150590698,-0.19666209995985043,-0.042816215071594645
1574114606608,2019-11-18T17:03:26.608,26.06,0.048155883424494395,-0.18732984010130227,-0.06913673883254579
1574114606618,2019-11-18T17:03:26.618,26.07,0.12379415959215317,-0.12800338459890578,-0.08989688786365177
1574114606628,2019-11-18T17:03:26.628,26.08,0.2038608219023199,-0.08638122473198441,-0.11703170103644708
1574114606638,2019-11-18T17:03:26.638,26.09,0.19342552262259938,-0.09001864726579922,-0.14242632125055577
1574114606648,2019-11-18T17:03:26.648,26.1,0.11654039084479069,-0.11033965262010156,-0.15891396234195046
1574114606658,2019-11-18T17:03:26.658,26.11,0.0931210805650354,-0.12586426723388514,-0.1836077285455685
1574114606668,2019-11-18T17:03:26.668,26.12,0.1458659583167606,-0.12246957921390969,-0.2290379866629987
1574114606678,2019-11-18T17:03:26.678,26.13,0.18055039383997296,-0.07739218560402254,-0.27561170511837035
1574114606688,2019-11-18T17:03:26.688,26.14,0.15803656294859442,-0.015275390117443943,-0.30022168537536925
1574114606698,2019-11-18T17:03:26.698,26.15,0.1381365205747306,-0.005605088501376428,-0.30822561863644105
1574114606708,2019-11-18T17:03:26.708,26.16,0.1529817276582735,-0.053381717408437945,-0.31572733185066887
1574114606718,2019-11-18T17:03:26.718,26.17,0.16235858344530008,-0.08480183870117915,-0.32266438721178897
1574114606728,2019-11-18T17:03:26.728,26.18,0.13863585072503054,-0.06681881856938013,-0.3209426102648315
1574114606738,2019-11-18T17:03:26.738,26.19,0.10483345048788636,-0.04425066065290202,-0.31175602529994123
1574114606748,2019-11-18T17:03:26.748,26.2,0.08359400393279097,-0.048962002653611225,-0.30143699947152136
1574114606758,2019-11-18T17:03:26.758,26.21,0.06830898397730112,-0.057426655119285075,-0.29049316396997926
1574114606768,2019-11-18T17:03:26.768,26.22,0.048639215321205534,-0.04352239695205959,-0.27440229547087547
1574114606778,2019-11-18T17:03:26.778,26.23,0.026909027228394056,-0.011711329918819936,-0.2507512071976143
1574114606788,2019-11-18T17:03:26.788,26.24,0.005686876135868723,0.0258251176627197,-0.22292095128935496
1574114606798,2019-11-18T17:03:26.798,26.25,-0.018343322352079295,0.06681473895949162,-0.19756760097138557
1574114606808,2019-11-18T17:03:26.808,26.26,-0.04570523419727368,0.11146691684502497,-0.1783563240372477
1574114606818,2019-11-18T17:03:26.818,26.27,-0.07221913633476794,0.15685700891991347,-0.16292338434625192
1574114606828,2019-11-18T17:03:26.828,26.28,-0.09564590456612768,0.19828656143333961,-0.1467510989238259
1574114606838,2019-11-18T17:03:26.838,26.29,-0.11634986127955009,0.22913462661424963,-0.1286511784139474
1574114606848,2019-11-18T17:03:26.848,26.3,-0.13393219845743248,0.24428089141711407,-0.1114002421898836
1574114606858,2019-11-18T17:03:26.858,26.31,-0.14873063399570619,0.24694284575602796,-0.0977653946265934
1574114606868,2019-11-18T17:03:26.868,26.32,-0.1625398995205047,0.24522189207006345,-0.08722355088358638
1574114606878,2019-11-18T17:03:26.878,26.33,-0.17410053424346547,0.24017908852136777,-0.07749465145269625
1574114606888,2019-11-18T17:03:26.888,26.34,-0.1797309165579355,0.22776670654538883,-0.0681816163062355
1574114606898,2019-11-18T17:03:26.898,26.35,-0.18151633103508868,0.2148843702981359,-0.06055447059761614
1574114606908,2019-11-18T17:03:26.908,26.36,-0.18729810745923164,0.21635995261486954,-0.05460944993839352
1574114606918,2019-11-18T17:03:26.918,26.37,-0.19851095353957088,0.22728361454593685,-0.04908899293206197
1574114606928,2019-11-18T17:03:26.928,26.38,-0.20543777158501741,0.21711948930437713,-0.04375337273240486
1574114606938,2019-11-18T17:03:26.938,26.39,-0.19884377198857528,0.16546483212650656,-0.03997653029663677
1574114606948,2019-11-18T17:03:26.948,26.4,-0.1806845048997998,0.09013042768272089,-0.03986498640935629
1574114606958,2019-11-18T17:03:26.958,26.41,-0.16145472678020947,0.02785397484511705,-0.044686306167975
1574114606968,2019-11-18T17:03:26.968,26.42,-0.15119842558212382,-0.004665845378055052,-0.05323045854172606
1574114606978,2019-11-18T17:03:26.978,26.43,-0.1502182343333376,-0.024293883796853103,-0.06326057374058146
1574114606988,2019-11-18T17:03:26.988,26.44,-0.14510850723664573,-0.05914899415598792,-0.07540625240426448
1574114606998,2019-11-18T17:03:26.998,26.45,-0.12287857439363453,-0.11294481541610779,-0.09284652919325885
1574114607008,2019-11-18T17:03:27.008,26.46,-0.09224514938187153,-0.15490443093764256,-0.11540088574562556
1574114607018,2019-11-18T17:03:27.018,26.47,-0.07661987354850133,-0.15423641466867122,-0.13626042314698694
1574114607028,2019-11-18T17:03:27.028,26.48,-0.08161784485985854,-0.12072570889607767,-0.14717088399139153
1574114607038,2019-11-18T17:03:27.038,26.49,-0.08456610487931024,-0.09307656875428008,-0.14660270885831633
1574114607048,2019-11-18T17:03:27.048,26.5,-0.06386014952954691,-0.08404272236874137,-0.14038150265792126
1574114607058,2019-11-18T17:03:27.058,26.51,-0.029437652358030666,-0.06693527695374868,-0.13167065038464346
1574114607068,2019-11-18T17:03:27.068,26.52,-0.007478660630877134,-0.040315867230891374,-0.11356505117498013
1574114607078,2019-11-18T17:03:27.078,26.53,0.009227234200444738,-0.06459909678141446,-0.08101813906271238
1574114607088,2019-11-18T17:03:27.088,26.54,0.06037335044446181,-0.17507393927358908,-0.04736906255147727
1574114607098,2019-11-18T17:03:27.098,26.55,0.1388024919680991,-0.29690346449294064,-0.03011025492408197
1574114607108,2019-11-18T17:03:27.108,26.56,0.16692278885886092,-0.32476985605448755,-0.0202289504758061
1574114607118,2019-11-18T17:03:27.118,26.57,0.11151824040958994,-0.2496468757570937,0.006859526556112173
1574114607128,2019-11-18T17:03:27.128,26.58,0.058595395952913396,-0.14120296894832907,0.046531798548639494
1574114607138,2019-11-18T17:03:27.138,26.59,0.09378233579429163,-0.06681517958132877,0.06575763507483556
1574114607148,2019-11-18T17:03:27.148,26.6,0.17062424108700575,-0.07083858039088362,0.05819981979064835
1574114607158,2019-11-18T17:03:27.158,26.61,0.1868769607638529,-0.14054937930826097,0.06202974070468464
1574114607168,2019-11-18T17:03:27.168,26.62,0.13772739793326608,-0.17580160480801457,0.1068181846586522
1574114607178,2019-11-18T17:03:27.178,26.63,0.10178318481869625,-0.09751734732611607,0.1750144215785472
1574114607188,2019-11-18T17:03:27.188,26.64,0.11308906202537147,0.03149250776234154,0.2326937618846663
1574114607198,2019-11-18T17:03:27.198,26.65,0.1348842794680939,0.0899345719144542,0.26905154357408945
1574114607208,2019-11-18T17:03:27.208,26.66,0.13959428532726748,0.05492859847061337,0.290099594182054
1574114607218,2019-11-18T17:03:27.218,26.67,0.13722739271242376,-0.0031308958731007894,0.299660959319237
1574114607228,2019-11-18T17:03:27.228,26.68,0.13399454460696814,-0.03204476701586542,0.30099782939497355
1574114607238,2019-11-18T17:03:27.238,26.69,0.12368011039852389,-0.03920520536668855,0.2991500883044983
1574114607248,2019-11-18T17:03:27.248,26.7,0.1101912278662128,-0.04298987686194283,0.2942786188656145
1574114607258,2019-11-18T17:03:27.258,26.71,0.09721192613400198,-0.033874423361240226,0.28424421249437193
1574114607268,2019-11-18T17:03:27.268,26.72,0.07515432696811239,-0.002244328768362353,0.2722916472672645
1574114607278,2019-11-18T17:03:27.278,26.73,0.04452337050442668,0.02694073038522713,0.2627954161740217
1574114607288,2019-11-18T17:03:27.288,26.74,0.023484125397964732,0.025737166476169908,0.2547957441727251
1574114607298,2019-11-18T17:03:27.298,26.75,0.016081885147890815,0.009419634360150963,0.24612042178645963
1574114607308,2019-11-18T17:03:27.308,26.76,0.004272045389729489,0.011789858703173655,0.23725037819231787
1574114607318,2019-11-18T17:03:27.318,26.77,-0.019959640517626553,0.036066845309038156,0.2281593373395458
1574114607328,2019-11-18T17:03:27.328,26.78,-0.04532832167709874,0.06754639825540881,0.21805908074226976
1574114607338,2019-11-18T17:03:27.338,26.79,-0.06739039944113005,0.10823876705275975,0.20890141817340813
1574114607348,2019-11-18T17:03:27.348,26.8,-0.09399554550007289,0.16006823437239992,0.20322815235841768
1574114607358,2019-11-18T17:03:27.358,26.81,-0.12230222913605093,0.19820825092852287,0.1991828972505914
1574114607368,2019-11-18T17:03:27.368,26.82,-0.13733687956472215,0.20058933046853167,0.1927716027135768
1574114607378,2019-11-18T17:03:27.378,26.83,-0.13682189795358732,0.18825189897473338,0.18426148469420722
1574114607388,2019-11-18T17:03:27.388,26.84,-0.1359324453347054,0.20137878465418488,0.17815586984055992
1574114607398,2019-11-18T17:03:27.398,26.85,-0.14371566747289505,0.24371166464960503,0.1773020316386002
1574114607408,2019-11-18T17:03:27.408,26.86,-0.15137151040442426,0.2803407204195539,0.17981453512666706
1574114607418,2019-11-18T17:03:27.418,26.87,-0.14847847768656733,0.285323259858128,0.1817978268035198
1574114607428,2019-11-18T17:03:27.428,26.88,-0.13804708556155632,0.2633784179657688,0.18160880000993831
1574114607438,2019-11-18T17:03:27.438,26.89,-0.12865306328181456,0.22619955332919153,0.1803938815003542
1574114607448,2019-11-18T17:03:27.448,26.9,-0.12103430482454275,0.17630913620794508,0.17904689365329343
1574114607458,2019-11-18T17:03:27.458,26.91,-0.11099195195676932,0.11999473986102788,0.17717099202104286
1574114607468,2019-11-18T17:03:27.468,26.92,-0.09831426977904603,0.07310028484472536,0.17505044743808035
1574114607478,2019-11-18T17:03:27.478,26.93,-0.08548187836162087,0.04521266058407339,0.17377997860838013
1574114607488,2019-11-18T17:03:27.488,26.94,-0.0747350655037484,0.028923443245440168,0.1737293207089757
1574114607498,2019-11-18T17:03:27.498,26.95,-0.06879612819596853,0.006718373806403368,0.17482526853853766
1574114607508,2019-11-18T17:03:27.508,26.96,-0.06554523236259885,-0.03336941177266242,0.17693629894811658
1574114607518,2019-11-18T17:03:27.518,26.97,-0.056065119520544264,-0.08274843353346342,0.17895074201004998
1574114607528,2019-11-18T17:03:27.528,26.98,-0.038039682225609876,-0.11588929318259858,0.17931978806898446
1574114607538,2019-11-18T17:03:27.538,26.99,-0.021790714755992424,-0.11905610804003947,0.17754242342677384
1574114607548,2019-11-18T17:03:27.548,27.0,-0.012998994242912405,-0.10828005048588032,0.17305795875994928
1574114607558,2019-11-18T17:03:27.558,27.01,-0.0006150112778770718,-0.10623763721569145,0.16266930657081669
1574114607568,2019-11-18T17:03:27.568,27.02,0.026222960062250982,-0.11061399220380058,0.14230769464984666
1574114607578,2019-11-18T17:03:27.578,27.03,0.05673598646963144,-0.1025064228149272,0.1147645631947588
1574114607588,2019-11-18T17:03:27.588,27.04,0.07202207896360843,-0.08238660830800959,0.09071377852974291
1574114607598,2019-11-18T17:03:27.598,27.05,0.08106157352465578,-0.07735102040594735,0.07193272176860126
1574114607608,2019-11-18T17:03:27.608,27.06,0.11157797175880442,-0.10137170868019028,0.04261655965531508
1574114607618,2019-11-18T17:03:27.618,27.07,0.14912578444822616,-0.12371066476240214,-0.0023817404099185594
1574114607628,2019-11-18T17:03:27.628,27.08,0.13518177711943072,-0.10839973495375257,-0.03721045921828501
1574114607638,2019-11-18T17:03:27.638,27.09,0.06589994914061226,-0.08143056308946436,-0.04563214914330108
1574114607648,2019-11-18T17:03:27.648,27.1,0.030222973101888435,-0.10095752053378534,-0.05845592216675354
1574114607658,2019-11-18T17:03:27.658,27.11,0.08339594094874014,-0.15205846013363195,-0.10859622562984991
1574114607668,2019-11-18T17:03:27.668,27.12,0.15133772080946256,-0.15797461547575764,-0.17615715449563307
1574114607678,2019-11-18T17:03:27.678,27.13,0.1459425198129944,-0.10766087220857892,-0.22131660129332875
1574114607688,2019-11-18T17:03:27.688,27.14,0.10246541116009389,-0.06867515178834456,-0.24306625290703643
1574114607698,2019-11-18T17:03:27.698,27.15,0.10788907905228595,-0.07678527433650367,-0.2659164483784514
1574114607708,2019-11-18T17:03:27.708,27.16,0.159422526025229,-0.10761131432347631,-0.2940112955355001
1574114607718,2019-11-18T17:03:27.718,27.17,0.183982938339334,-0.13062339552025073,-0.31174341056070176
1574114607728,2019-11-18T17:03:27.728,27.18,0.1522355466195935,-0.128478761483989,-0.3129378443043963
1574114607738,2019-11-18T17:03:27.738,27.19,0.10247173638923804,-0.10243476699870394,-0.3059843524164327
1574114607748,2019-11-18T17:03:27.748,27.2,0.07441731355498012,-0.08080336353800897,-0.2983250705941514
1574114607758,2019-11-18T17:03:27.758,27.21,0.06834440287773591,-0.08699926206774586,-0.28909901100395163
1574114607768,2019-11-18T17:03:27.768,27.22,0.0648004288068457,-0.10884406429433593,-0.2741490492883235
1574114607778,2019-11-18T17:03:27.778,27.23,0.05464823672303286,-0.12226318293906774,-0.2522995480519187
1574114607788,2019-11-18T17:03:27.788,27.24,0.04146123204180814,-0.1183758562157959,-0.22675839809492382
1574114607798,2019-11-18T17:03:27.798,27.25,0.02599812383668524,-0.09254842978806395,-0.20141050619345668
1574114607808,2019-11-18T17:03:27.808,27.26,0.0009390690641497583,-0.03802210168399997,-0.1767327149433286
1574114607818,2019-11-18T17:03:27.818,27.27,-0.036726911832127396,0.0356249404947718,-0.15096432905053256
1574114607828,2019-11-18T17:03:27.828,27.28,-0.07719344749406787,0.10032554991922943,-0.12416316000447941
1574114607838,2019-11-18T17:03:27.838,27.29,-0.10815180762516047,0.1367551287349026,-0.09896868934439128
1574114607848,2019-11-18T17:03:27.848,27.3,-0.12885153055713727,0.1528534579081777,-0.07822428524445005
1574114607858,2019-11-18T17:03:27.858,27.31,-0.14823269100590486,0.17038088614084662,-0.06317650740647981
1574114607868,2019-11-18T17:03:27.868,27.32,-0.17032963357671027,0.1981118409161855,-0.053610116696600624
1574114607878,2019-11-18T17:03:27.878,27.33,-0.18684042585429977,0.22304908744179158,-0.04877788357785835
1574114607888,2019-11-18T17:03:27.888,27.34,-0.18755219078116847,0.2283602242295893,-0.04708098460164473
1574114607898,2019-11-18T17:03:27.898,27.35,-0.1737053254680918,0.21242511512925677,-0.04554392401199942
1574114607908,2019-11-18T17:03:27.908,27.36,-0.15513377274555273,0.18510897272831775,-0.04233464629992052
1574114607918,2019-11-18T17:03:27.918,27.37,-0.13918669693000763,0.15563133652989952,-0.03953643865564976
1574114607928,2019-11-18T17:03:27.928,27.38,-0.12916245607990534,0.13192490694943396,-0.0405545365354858
1574114607938,2019-11-18T17:03:27.938,27.39,-0.1269294173773785,0.11892847363550502,-0.04552439956745875
1574114607948,2019-11-18T17:03:27.948,27.4,-0.12914269308764667,0.10750833723783446,-0.0518327633369597
1574114607958,2019-11-18T17:03:27.958,27.41,-0.1255764342400456,0.07788548708671512,-0.05792512684528418
1574114607968,2019-11-18T17:03:27.968,27.42,-0.10732423778396773,0.024634580139340594,-0.06401036262779791
1574114607978,2019-11-18T17:03:27.978,27.43,-0.07636671425927724,-0.03166083849665071,-0.06928356202675451
1574114607988,2019-11-18T17:03:27.988,27.44,-0.045997083238187866,-0.06619970609425388,-0.07081825621196193
1574114607998,2019-11-18T17:03:27.998,27.45,-0.029864222074742396,-0.07478302664127975,-0.06709899635021718
1574114608008,2019-11-18T17:03:28.008,27.46,-0.0290249211015359,-0.06974266665411813,-0.061720398875275265
1574114608018,2019-11-18T17:03:28.018,27.47,-0.03258375082394202,-0.06111233474345294,-0.06035780455131283
1574114608028,2019-11-18T17:03:28.028,27.48,-0.031110106665425616,-0.05161819483942636,-0.06298840198558348
1574114608038,2019-11-18T17:03:28.038,27.49,-0.024484334071891094,-0.04279388821139137,-0.06188500446694596
1574114608048,2019-11-18T17:03:28.048,27.5,-0.015445539747213813,-0.038068261184996816,-0.049804621548526815
1574114608058,2019-11-18T17:03:28.058,27.51,0.00216354017600008,-0.043783039061624424,-0.029581480596907288
1574114608068,2019-11-18T17:03:28.068,27.52,0.04081712057222768,-0.0645958718672986,-0.01290288545243205
1574114608078,2019-11-18T17:03:28.078,27.53,0.09235075638253265,-0.09032691195778626,-0.005429197799420421
1574114608088,2019-11-18T17:03:28.088,27.54,0.12176137782164095,-0.09836662764375098,0.005020722394926627
1574114608098,2019-11-18T17:03:28.098,27.55,0.1279365317135054,-0.08184286068188547,0.03213691694919011
1574114608108,2019-11-18T17:03:28.108,27.56,0.17406851753834243,-0.06304185396255577,0.06312189858214262
1574114608118,2019-11-18T17:03:28.118,27.57,0.27683082285282734,-0.06536031856360396,0.07400052795898301
1574114608128,2019-11-18T17:03:28.128,27.58,0.3280514016939564,-0.08159669698405592,0.07441352618633366
1574114608138,2019-11-18T17:03:28.138,27.59,0.255227557104197,-0.08537741534104161,0.09567541559880186
1574114608148,2019-11-18T17:03:28.148,27.6,0.1728630496683355,-0.0727077483934041,0.13277452588482735
1574114608158,2019-11-18T17:03:28.158,27.61,0.21223775441171858,-0.07086787787245223,0.14999204139459188
1574114608168,2019-11-18T17:03:28.168,27.62,0.30494328254901903,-0.09190365756219546,0.14394146340144504
1574114608178,2019-11-18T17:03:28.178,27.63,0.30612137215378754,-0.10437439224936829,0.14683547633986263
1574114608188,2019-11-18T17:03:28.188,27.64,0.227602944050049,-0.08497446659942526,0.16865866006950334
1574114608198,2019-11-18T17:03:28.198,27.65,0.19026402796746544,-0.06948432385607455,0.1849297080451462
1574114608208,2019-11-18T17:03:28.208,27.66,0.22602635174553345,-0.09729581883665131,0.181309445152656
1574114608218,2019-11-18T17:03:28.218,27.67,0.2571387805783368,-0.13042440343378509,0.17218682052809506
1574114608228,2019-11-18T17:03:28.228,27.68,0.22959238363356305,-0.1029929352171534,0.17295960396029772
1574114608238,2019-11-18T17:03:28.238,27.69,0.17288070306009024,-0.034488106563368925,0.17968001692776148
1574114608248,2019-11-18T17:03:28.248,27.7,0.1344074521332001,-0.009042721610827482,0.1807585830933188
1574114608258,2019-11-18T17:03:28.258,27.71,0.11629390749693994,-0.051027514069448526,0.17375799097902886
1574114608268,2019-11-18T17:03:28.268,27.72,0.0932531388750264,-0.09994927872714937,0.1643393244097265
1574114608278,2019-11-18T17:03:28.278,27.73,0.05702796557668462,-0.10263776206032713,0.15616972217893652
1574114608288,2019-11-18T17:03:28.288,27.74,0.018251194833130167,-0.06576660049907979,0.14869087824998495
1574114608298,2019-11-18T17:03:28.298,27.75,-0.01690359373534822,-0.021500936651096782,0.14147052647688865
1574114608308,2019-11-18T17:03:28.308,27.76,-0.048835420829174775,0.011345619771741033,0.1344597982376285
1574114608318,2019-11-18T17:03:28.318,27.77,-0.07426208448655586,0.03385391561114402,0.1257416923723106
1574114608328,2019-11-18T17:03:28.328,27.78,-0.09214854244980007,0.0627897967591657,0.11433174923441541
1574114608338,2019-11-18T17:03:28.338,27.79,-0.11143904732851864,0.11406013516603683,0.10340863351687617
1574114608348,2019-11-18T17:03:28.348,27.8,-0.1380872582368674,0.17604930557793924,0.095915995391706
1574114608358,2019-11-18T17:03:28.358,27.81,-0.161983990971385,0.2141659170086547,0.08946402893523113
1574114608368,2019-11-18T17:03:28.368,27.82,-0.1703131332617364,0.21399933238221613,0.0809556678728672
1574114608378,2019-11-18T17:03:28.378,27.83,-0.1675830105491701,0.20053504945618095,0.07289351412673127
1574114608388,2019-11-18T17:03:28.388,27.84,-0.1684448695080531,0.20074054908392783,0.0690398514805588
1574114608398,2019-11-18T17:03:28.398,27.85,-0.17462616625681487,0.20845174536713815,0.06800877286147435
1574114608408,2019-11-18T17:03:28.408,27.86,-0.17432745596756002,0.20480096708388068,0.06679931516228144
1574114608418,2019-11-18T17:03:28.418,27.87,-0.16418558223271718,0.1945551795059263,0.06575668390367817
1574114608428,2019-11-18T17:03:28.428,27.88,-0.15587118667524602,0.19790409826864513,0.06580818536827551
1574114608438,2019-11-18T17:03:28.438,27.89,-0.15698324372654923,0.21436106945859706,0.06560447434658231
1574114608448,2019-11-18T17:03:28.448,27.9,-0.15926306874126211,0.21717690929405775,0.06398744430272663
1574114608458,2019-11-18T17:03:28.458,27.91,-0.1519606565371759,0.18590374827983952,0.06186307760205263
1574114608468,2019-11-18T17:03:28.468,27.92,-0.13708539249407908,0.12957022004477525,0.06049748877027462
1574114608478,2019-11-18T17:03:28.478,27.93,-0.12512855207092488,0.07047555689297963,0.05968336410539726
1574114608488,2019-11-18T17:03:28.488,27.94,-0.11943566682250743,0.014820354007437425,0.058059210326684096
1574114608498,2019-11-18T17:03:28.498,27.95,-0.10832268044062851,-0.04706006199831979,0.054933374088322676
1574114608508,2019-11-18T17:03:28.508,27.96,-0.07701018995882394,-0.11099587521749463,0.051785201065920355
1574114608518,2019-11-18T17:03:28.518,27.97,-0.031144099867430712,-0.14829230578070815,0.051960668831993954
1574114608528,2019-11-18T17:03:28.528,27.98,0.003162668353032201,-0.14329545225328816,0.05803543182898013
1574114608538,2019-11-18T17:03:28.538,27.99,0.014635736090920152,-0.12735990143323989,0.06812258181059279
1574114608548,2019-11-18T17:03:28.548,28.0,0.023580975220657864,-0.14382477899774757,0.07639125340844331
1574114608558,2019-11-18T17:03:28.558,28.01,0.04624948561162967,-0.18758231784835078,0.08001605080852289
1574114608568,2019-11-18T17:03:28.568,28.02,0.06952056582354475,-0.2148634573953449,0.0823912470293789
1574114608578,2019-11-18T17:03:28.578,28.03,0.08048762093240094,-0.20715190416618467,0.0862018723894488
1574114608588,2019-11-18T17:03:28.588,28.04,0.08801755499792684,-0.19171997816941092,0.0899573330554075
1574114608598,2019-11-18T17:03:28.598,28.05,0.09876190143546883,-0.19783253287412692,0.09372814769538258
1574114608608,2019-11-18T17:03:28.608,28.06,0.10695977862305678,-0.2183560474735757,0.0958266841285533
1574114608618,2019-11-18T17:03:28.618,28.07,0.11358775874323263,-0.230177102281419,0.083810639234972
1574114608628,2019-11-18T17:03:28.628,28.08,0.11885474821953998,-0.2341657201535206,0.049552935298652095
1574114608638,2019-11-18T17:03:28.638,28.09,0.10395613478412441,-0.24452139234992668,0.010632819286540699
1574114608648,2019-11-18T17:03:28.648,28.1,0.06366428034986024,-0.2658737637179975,-0.011428312658458955
1574114608658,2019-11-18T17:03:28.658,28.11,0.038824023389537124,-0.3106768117182496,-0.02706099731469168
1574114608668,2019-11-18T17:03:28.668,28.12,0.06213509600317707,-0.37486533297932445,-0.05923777283222122
1574114608678,2019-11-18T17:03:28.678,28.13,0.09528030220059473,-0.3846748901288456,-0.10114999761865748
1574114608688,2019-11-18T17:03:28.688,28.14,0.0825237287828492,-0.275629574346036,-0.12983147651087495
1574114608698,2019-11-18T17:03:28.698,28.15,0.03717059786634437,-0.10988376375647782,-0.14607603897941734
1574114608708,2019-11-18T17:03:28.708,28.16,0.011019484417163734,0.003671812425641574,-0.16634419110703744
1574114608718,2019-11-18T17:03:28.718,28.17,0.012385749965197122,0.05575862467234415,-0.19105039867534174
1574114608728,2019-11-18T17:03:28.728,28.18,0.012066517106763701,0.09630582549779913,-0.20923690198214212
1574114608738,2019-11-18T17:03:28.738,28.19,-0.0005896474768553243,0.12196660464892012,-0.2204542986674683
1574114608748,2019-11-18T17:03:28.748,28.2,-0.012389570183317818,0.10068301008586929,-0.2308774836433018
1574114608758,2019-11-18T17:03:28.758,28.21,-0.016391005825023654,0.0512186292569303,-0.2386704999813084
1574114608768,2019-11-18T17:03:28.768,28.22,-0.019419715869198714,0.02511739423699927,-0.23756329691056932
1574114608778,2019-11-18T17:03:28.778,28.23,-0.028388288588217292,0.03722597837538221,-0.22803359745750232
1574114608788,2019-11-18T17:03:28.788,28.24,-0.040810852141595216,0.05724234096350643,-0.21626840764970645
1574114608798,2019-11-18T17:03:28.798,28.25,-0.04766319669807074,0.05949443477267623,-0.20558855347232102
1574114608808,2019-11-18T17:03:28.808,28.26,-0.04494886678705848,0.0520541249115803,-0.19423322584950845
1574114608818,2019-11-18T17:03:28.818,28.27,-0.0396930264499558,0.05193418062832912,-0.1806457989245685
1574114608828,2019-11-18T17:03:28.828,28.28,-0.040376931186920664,0.05608905483333102,-0.1669357581378519
1574114608838,2019-11-18T17:03:28.838,28.29,-0.04787865698104284,0.057229797761140386,-0.15620105249142754
1574114608848,2019-11-18T17:03:28.848,28.3,-0.06175237794087952,0.06850985369349633,-0.14917693998435885
1574114608858,2019-11-18T17:03:28.858,28.31,-0.0849151546930496,0.1040918438565499,-0.14463393837285765
1574114608868,2019-11-18T17:03:28.868,28.32,-0.11404882636359126,0.15015241823058822,-0.14144641521365353
1574114608878,2019-11-18T17:03:28.878,28.33,-0.13683055864480143,0.18217389949936924,-0.13945785579985498
1574114608888,2019-11-18T17:03:28.888,28.34,-0.14689912752972442,0.1966669157290422,-0.1384226270387326
1574114608898,2019-11-18T17:03:28.898,28.35,-0.1509901091236149,0.20231499217917057,-0.13661023725023652
1574114608908,2019-11-18T17:03:28.908,28.36,-0.15499325137984676,0.19669812145055587,-0.13200504137283028
1574114608918,2019-11-18T17:03:28.918,28.37,-0.15435799155964763,0.176644281223151,-0.12485323481299299
1574114608928,2019-11-18T17:03:28.928,28.38,-0.1453149339100154,0.15656353496306383,-0.11707826703735441
1574114608938,2019-11-18T17:03:28.938,28.39,-0.13441594048445957,0.15175129486159578,-0.10954137255910801
1574114608948,2019-11-18T17:03:28.948,28.4,-0.12835889880172457,0.15564502481090664,-0.10149264514463391
1574114608958,2019-11-18T17:03:28.958,28.41,-0.12446309453748516,0.15538642182889761,-0.09170205643337412
1574114608968,2019-11-18T17:03:28.968,28.42,-0.11949958786733092,0.15676408655558038,-0.07921691524316812
1574114608978,2019-11-18T17:03:28.978,28.43,-0.117084742483127,0.17075694936968638,-0.06453608794323562
1574114608988,2019-11-18T17:03:28.988,28.44,-0.11843720561791682,0.18659189856564445,-0.05049465619914642
1574114608998,2019-11-18T17:03:28.998,28.45,-0.11755494712041285,0.1833322697299255,-0.04087258039186485
1574114609008,2019-11-18T17:03:29.008,28.46,-0.11257850295134449,0.16225553852786856,-0.03805663890825712
1574114609018,2019-11-18T17:03:29.018,28.47,-0.10943632401954825,0.14329144778138508,-0.04187337303290211
1574114609028,2019-11-18T17:03:29.028,28.48,-0.10861005146195467,0.13326116088957682,-0.04946880916090828
1574114609038,2019-11-18T17:03:29.038,28.49,-0.10217782897709643,0.12263733543360723,-0.05637037285363733
1574114609048,2019-11-18T17:03:29.048,28.5,-0.08893373323089127,0.10935307378456721,-0.05949103997250258
1574114609058,2019-11-18T17:03:29.058,28.51,-0.07814998683840343,0.09832983908772111,-0.06037280434573102
1574114609068,2019-11-18T17:03:29.068,28.52,-0.07423583934338968,0.08095307370350809,-0.06457093317045064
1574114609078,2019-11-18T17:03:29.078,28.53,-0.07061693367242367,0.04222935296527506,-0.07607176813992705
1574114609088,2019-11-18T17:03:29.088,28.54,-0.06113555864761938,-0.013731460978413143,-0.09244883381625635
1574114609098,2019-11-18T17:03:29.098,28.55,-0.04671538495673323,-0.06779082989311054,-0.10705513134534088
1574114609108,2019-11-18T17:03:29.108,28.56,-0.029923399067849965,-0.11096490686445223,-0.11575827247290052
1574114609118,2019-11-18T17:03:29.118,28.57,-0.011916367829174643,-0.14537791850343187,-0.11993116860085458
1574114609128,2019-11-18T17:03:29.128,28.58,0.0038790856035021285,-0.16600491183272942,-0.1236773907130721
1574114609138,2019-11-18T17:03:29.138,28.59,0.012683483019905737,-0.16268252093868668,-0.13068941751796948
1574114609148,2019-11-18T17:03:29.148,28.6,0.016607943464797697,-0.13895225993488777,-0.14272388770895017
1574114609158,2019-11-18T17:03:29.158,28.61,0.02672264485777105,-0.11259035376907704,-0.15742039415523987
1574114609168,2019-11-18T17:03:29.168,28.62,0.05297987761042148,-0.09585111769659321,-0.16797936639622815
1574114609178,2019-11-18T17:03:29.178,28.63,0.09427277769509293,-0.08560871452135874,-0.16822687756211865
1574114609188,2019-11-18T17:03:29.188,28.64,0.13865222510147265,-0.07803173954754544,-0.15782106602920087
1574114609198,2019-11-18T17:03:29.198,28.65,0.17366043570897868,-0.08427101070259208,-0.14060031301934509
1574114609208,2019-11-18T17:03:29.208,28.66,0.20000746438659456,-0.11217967463536221,-0.11931924033161215
1574114609218,2019-11-18T17:03:29.218,28.67,0.2287853931332586,-0.13478604484655365,-0.09407876963700051
1574114609228,2019-11-18T17:03:29.228,28.68,0.2587544008841548,-0.11625176373354452,-0.06381271014004569
1574114609238,2019-11-18T17:03:29.238,28.69,0.27428107929396717,-0.07548799034382636,-0.02824028060995311
1574114609248,2019-11-18T17:03:29.248,28.7,0.27697705327409244,-0.06478767564129811,0.00773587288702343
1574114609258,2019-11-18T17:03:29.258,28.71,0.2910336664251252,-0.08057375305246195,0.03361822179841262
1574114609268,2019-11-18T17:03:29.268,28.72,0.3231567371767463,-0.08028652957147135,0.04583434356340355
1574114609278,2019-11-18T17:03:29.278,28.73,0.34968240511343807,-0.08087394729719788,0.05682404438570954
1574114609288,2019-11-18T17:03:29.288,28.74,0.35351406703954386,-0.1246367177879135,0.08070137275273251
1574114609298,2019-11-18T17:03:29.298,28.75,0.3414636729766779,-0.16140156279896178,0.11521771852018158
1574114609308,2019-11-18T17:03:29.308,28.76,0.32091714536773225,-0.09607820267826346,0.14795732235565537
1574114609318,2019-11-18T17:03:29.318,28.77,0.2893593443286488,0.05657521780393163,0.17274517181447446
1574114609328,2019-11-18T17:03:29.328,28.78,0.25184501700794876,0.17368643849378176,0.19017012810911083
1574114609338,2019-11-18T17:03:29.338,28.79,0.2273306724555163,0.1693033752929927,0.19971891476001863
1574114609348,2019-11-18T17:03:29.348,28.8,0.22823969381346315,0.07087381083740124,0.20188653711109134
1574114609358,2019-11-18T17:03:29.358,28.81,0.24225014482319046,-0.03079395242522671,0.20281797476402394
1574114609368,2019-11-18T17:03:29.368,28.82,0.24343650445694837,-0.06942325136040625,0.20746128044435572
1574114609378,2019-11-18T17:03:29.378,28.83,0.21893952598708025,-0.04796258187652068,0.21183679416860068
1574114609388,2019-11-18T17:03:29.388,28.84,0.1770878180067571,-0.01168715232995754,0.20917794702414433
1574114609398,2019-11-18T17:03:29.398,28.85,0.13267787895942995,0.009779222332784658,0.199315212893332
1574114609408,2019-11-18T17:03:29.408,28.86,0.09285431938729824,0.02259311004957601,0.1869018059144309
1574114609418,2019-11-18T17:03:29.418,28.87,0.05648830913317069,0.041918304544992305,0.1757166608388886
1574114609428,2019-11-18T17:03:29.428,28.88,0.022487007191779644,0.06542362676700228,0.16759144893618727
1574114609438,2019-11-18T17:03:29.438,28.89,-0.004949231125674643,0.07742181652141938,0.16137081538954773
1574114609448,2019-11-18T17:03:29.448,28.9,-0.022652444124007964,0.07113748716925047,0.15256150422272177
1574114609458,2019-11-18T17:03:29.458,28.91,-0.03569098766647026,0.05874571614447516,0.13871722104142656
1574114609468,2019-11-18T17:03:29.468,28.92,-0.051680903771868604,0.056513064786570484,0.12241168636840272
1574114609478,2019-11-18T17:03:29.478,28.93,-0.0724571008949891,0.06566492618458221,0.10537845681234659
1574114609488,2019-11-18T17:03:29.488,28.94,-0.09510798882473206,0.07411271529819644,0.08614454141597375
1574114609498,2019-11-18T17:03:29.498,28.95,-0.11398799532219603,0.07435098843192856,0.06698538703908877
1574114609508,2019-11-18T17:03:29.508,28.96,-0.12164489141624454,0.07472420269820208,0.05496737080447092
1574114609518,2019-11-18T17:03:29.518,28.97,-0.11753403504106164,0.09237359968818923,0.05268433094333494
1574114609528,2019-11-18T17:03:29.528,28.98,-0.11308490145811018,0.13464812626148476,0.055320013243082895
1574114609538,2019-11-18T17:03:29.538,28.99,-0.11832911703247923,0.18796900273039627,0.05837637274719509
1574114609548,2019-11-18T17:03:29.548,29.0,-0.12884368294629087,0.22814843949789404,0.06173628863898989
1574114609558,2019-11-18T17:03:29.558,29.01,-0.13414732052887085,0.2419131822782447,0.06533454333606074
1574114609568,2019-11-18T17:03:29.568,29.02,-0.13213332630026473,0.23651954040492018,0.06670714739315572
1574114609578,2019-11-18T17:03:29.578,29.03,-0.12899819151445407,0.22966449010345627,0.06514495468847042
1574114609588,2019-11-18T17:03:29.588,29.04,-0.13030581541124178,0.2311821803214435,0.06413152823094688
1574114609598,2019-11-18T17:03:29.598,29.05,-0.13494278694047124,0.23523008756754832,0.06644439788012749
1574114609608,2019-11-18T17:03:29.608,29.06,-0.13654375759438345,0.23339988929172328,0.07012360939097706
1574114609618,2019-11-18T17:03:29.618,29.07,-0.1335144733235249,0.2312040698264666,0.07236772697144084
1574114609628,2019-11-18T17:03:29.628,29.08,-0.1345632338232159,0.238176553346498,0.07382003950398404
1574114609638,2019-11-18T17:03:29.638,29.09,-0.14478857672889783,0.24268246695179257,0.07592024243855616
1574114609648,2019-11-18T17:03:29.648,29.1,-0.1517914842338725,0.2182220947281734,0.07678266120199304
1574114609658,2019-11-18T17:03:29.658,29.11,-0.14093147461216138,0.16207166192292816,0.072640146132458
1574114609668,2019-11-18T17:03:29.668,29.12,-0.11850800516920892,0.10592735880587786,0.06416214080512728
1574114609678,2019-11-18T17:03:29.678,29.13,-0.10185183134948145,0.07796885200885466,0.060218560437009294
1574114609688,2019-11-18T17:03:29.688,29.14,-0.09308501874941578,0.07512124123455757,0.06951591531761041
1574114609698,2019-11-18T17:03:29.698,29.15,-0.08165828278538455,0.07976188254613388,0.08539297300476333
1574114609708,2019-11-18T17:03:29.708,29.16,-0.06519919180603499,0.07869258897991659,0.08886805633007601
1574114609718,2019-11-18T17:03:29.718,29.17,-0.04881326257191945,0.05765107009664182,0.07560827211078214
1574114609728,2019-11-18T17:03:29.728,29.18,-0.03144193346033905,0.0024157284828494885,0.06779238895262518
1574114609738,2019-11-18T17:03:29.738,29.19,-0.01050395818224099,-0.08141137416794007,0.0839435880101562
1574114609748,2019-11-18T17:03:29.748,29.2,0.005963810744051002,-0.16337166821647953,0.10882849844633766
1574114609758,2019-11-18T17:03:29.758,29.21,0.006479009116882172,-0.2142284529006222,0.11375174516700276
1574114609768,2019-11-18T17:03:29.768,29.22,-0.006376468468770809,-0.23370598730349168,0.09652104093891778
1574114609778,2019-11-18T17:03:29.778,29.23,-0.01542332504479403,-0.2436296902503291,0.0784732292775667
1574114609788,2019-11-18T17:03:29.788,29.24,-0.008932128879493961,-0.2539375091117645,0.07031134531029945
1574114609798,2019-11-18T17:03:29.798,29.25,0.004627697120771232,-0.2542024294915016,0.06447082235658828
1574114609808,2019-11-18T17:03:29.808,29.26,0.01152735527253187,-0.25260233955524336,0.05658946769435097
1574114609818,2019-11-18T17:03:29.818,29.27,0.01923929022076408,-0.29556417568454574,0.05185058772999347
1574114609828,2019-11-18T17:03:29.828,29.28,0.04680770555815023,-0.4076502014615988,0.049307790256093983
1574114609838,2019-11-18T17:03:29.838,29.29,0.0852799457891846,-0.5304422720365433,0.038619269389703725
1574114609848,2019-11-18T17:03:29.848,29.3,0.0998821734342758,-0.5762780968771873,0.01515224134372581
1574114609858,2019-11-18T17:03:29.858,29.31,0.08313604648619498,-0.5316311654366316,-0.015875623966666613
1574114609868,2019-11-18T17:03:29.868,29.32,0.06774543787103152,-0.45128828615915806,-0.050052945966746726
1574114609878,2019-11-18T17:03:29.878,29.33,0.07348444989650901,-0.36825456910102095,-0.0856083765176628
1574114609888,2019-11-18T17:03:29.888,29.34,0.08325793717729776,-0.27245826048501814,-0.11689673880325087
1574114609898,2019-11-18T17:03:29.898,29.35,0.0830303783987228,-0.1634128798320676,-0.1378575376709063
1574114609908,2019-11-18T17:03:29.908,29.36,0.08327140702405653,-0.06305248131663663,-0.15068006280902313
1574114609918,2019-11-18T17:03:29.918,29.37,0.09108805024912453,0.0186791570729676,-0.1627974536082763
1574114609928,2019-11-18T17:03:29.928,29.38,0.09650945292809424,0.08526162977200659,-0.17644971988977604
1574114609938,2019-11-18T17:03:29.938,29.39,0.09428209193506998,0.12216424284974574,-0.1880508280956068
1574114609948,2019-11-18T17:03:29.948,29.4,0.09362900596702389,0.10110052515075346,-0.19709826787888696
1574114609958,2019-11-18T17:03:29.958,29.41,0.09983065341440983,0.024358798217022647,-0.20763806715567945
1574114609968,2019-11-18T17:03:29.968,29.42,0.1040004310375984,-0.06054871557474466,-0.21927645012215174
1574114609978,2019-11-18T17:03:29.978,29.43,0.0985240965204778,-0.10462615781840967,-0.22467105742343874
1574114609988,2019-11-18T17:03:29.988,29.44,0.08928136947114561,-0.10017627105834916,-0.21910517827581927
1574114609998,2019-11-18T17:03:29.998,29.45,0.08378381871274547,-0.07098118355031792,-0.20591005544005608
1574114610008,2019-11-18T17:03:30.008,29.46,0.07964057935616597,-0.039896747726811795,-0.1900394409430849
1574114610018,2019-11-18T17:03:30.018,29.47,0.07387870605045314,-0.0167943237234474,-0.17297213901822403
1574114610028,2019-11-18T17:03:30.028,29.48,0.06941728307229017,0.0014077510260162983,-0.15569220799995154
1574114610038,2019-11-18T17:03:30.038,29.49,0.06406074453036405,0.02716588211351377,-0.14013723187759286
1574114610048,2019-11-18T17:03:30.048,29.5,0.04964326104767933,0.06304959033193477,-0.12644361114850772
1574114610058,2019-11-18T17:03:30.058,29.51,0.028490790809447657,0.08966043114297965,-0.1139011960117786
1574114610068,2019-11-18T17:03:30.068,29.52,0.01292887817494736,0.09208416295497224,-0.10380921952032231
1574114610078,2019-11-18T17:03:30.078,29.53,0.004205042762167956,0.08819130632472715,-0.09667405417676592
1574114610088,2019-11-18T17:03:30.088,29.54,-0.010077437977136346,0.10676587045765745,-0.0890525173232744
1574114610098,2019-11-18T17:03:30.098,29.55,-0.03426330439522125,0.14639895063937522,-0.0777362186731703
1574114610108,2019-11-18T17:03:30.108,29.56,-0.05735405571085699,0.17958965880489963,-0.0643753452510831
1574114610118,2019-11-18T17:03:30.118,29.57,-0.07100020655623611,0.19153378919053402,-0.05279597017452843
1574114610128,2019-11-18T17:03:30.128,29.58,-0.07988405423081008,0.19238782668834659,-0.04429128035122616
1574114610138,2019-11-18T17:03:30.138,29.59,-0.0894611351030683,0.1917999144808305,-0.0373407879897949
1574114610148,2019-11-18T17:03:30.148,29.6,-0.09578456679234104,0.18239597317757095,-0.030822527746370308
1574114610158,2019-11-18T17:03:30.158,29.61,-0.09420297082736093,0.15788472728479452,-0.02680403484323262
1574114610168,2019-11-18T17:03:30.168,29.62,-0.08957420559490054,0.13301100525794055,-0.028405605105265165
1574114610178,2019-11-18T17:03:30.178,29.63,-0.08973461382883764,0.12747103134939292,-0.03423911119767476
1574114610188,2019-11-18T17:03:30.188,29.64,-0.09288431218228682,0.13519852315674163,-0.03910476365357982
1574114610198,2019-11-18T17:03:30.198,29.65,-0.0898406286972096,0.13122891065449213,-0.041380559659927194
1574114610208,2019-11-18T17:03:30.208,29.66,-0.07882432912814526,0.11008226001880705,-0.04435202680472149
1574114610218,2019-11-18T17:03:30.218,29.67,-0.06973274184575935,0.09302300563227417,-0.04972392451753452
1574114610228,2019-11-18T17:03:30.228,29.68,-0.0698462751477626,0.09013273699892074,-0.0562306720087495
1574114610238,2019-11-18T17:03:30.238,29.69,-0.07210343394528639,0.08080917515838021,-0.06496946314493593
1574114610248,2019-11-18T17:03:30.248,29.7,-0.06328064068397521,0.04745944288118334,-0.07885365606880923
1574114610258,2019-11-18T17:03:30.258,29.71,-0.03910751754333938,0.006734062931621316,-0.09512307667539335
1574114610268,2019-11-18T17:03:30.268,29.72,-0.0068760516003138015,-0.013487653187236381,-0.10498957065037215
1574114610278,2019-11-18T17:03:30.278,29.73,0.02343942015987082,-0.008214617870331939,-0.10381337886065342
1574114610288,2019-11-18T17:03:30.288,29.74,0.04789502146612378,0.016615279467165088,-0.09736868397855594
1574114610298,2019-11-18T17:03:30.298,29.75,0.06798027362238211,0.058300579043783135,-0.09484494142300533
1574114610308,2019-11-18T17:03:30.308,29.76,0.08204247305075513,0.08405577639501323,-0.0969175970733607
1574114610318,2019-11-18T17:03:30.318,29.77,0.08790633857586329,0.037019895628000635,-0.09424293455281638
1574114610328,2019-11-18T17:03:30.328,29.78,0.0983311524445617,-0.06770166348101829,-0.08186087204514497
1574114610338,2019-11-18T17:03:30.338,29.79,0.12892992883956256,-0.12781328413229678,-0.07079726125685633
1574114610348,2019-11-18T17:03:30.348,29.8,0.15931351521029039,-0.09841194772743264,-0.07175448225588112
1574114610358,2019-11-18T17:03:30.358,29.81,0.14631632699437222,-0.05986929068042551,-0.06939412413320817
1574114610368,2019-11-18T17:03:30.368,29.82,0.09386626717420873,-0.10042803838021448,-0.03605891290911773
1574114610378,2019-11-18T17:03:30.378,29.83,0.059069307260164794,-0.22457876454967513,0.025660326063967117
1574114610388,2019-11-18T17:03:30.388,29.84,0.07054033033936923,-0.3699139164877549,0.08182931363193163
1574114610398,2019-11-18T17:03:30.398,29.85,0.09587707718940497,-0.4396107049934527,0.11469212554969517
1574114610408,2019-11-18T17:03:30.408,29.86,0.10301020340400469,-0.36999103863356186,0.14011552028978097
1574114610418,2019-11-18T17:03:30.418,29.87,0.09977238832681584,-0.2086536990642589,0.16968301779276448
1574114610428,2019-11-18T17:03:30.428,29.88,0.09943588277401491,-0.06723144614313081,0.1898331069161272
1574114610438,2019-11-18T17:03:30.438,29.89,0.08800723816671957,0.0020435068247138836,0.1908560556693776
1574114610448,2019-11-18T17:03:30.448,29.9,0.04853845597382796,0.02924297785646801,0.18531300621258323
1574114610458,2019-11-18T17:03:30.458,29.91,0.0016818837793284355,0.04472607501301643,0.18499609141840595
1574114610468,2019-11-18T17:03:30.468,29.92,-0.009282743060024402,0.030871167453129525,0.18467342656450136
1574114610478,2019-11-18T17:03:30.478,29.93,0.02097458228074884,-0.02618829064086775,0.1782731127289976
1574114610488,2019-11-18T17:03:30.488,29.94,0.047895126325948834,-0.08204400415439664,0.1713726805217064
1574114610498,2019-11-18T17:03:30.498,29.95,0.038026431368387646,-0.08597853339273992,0.16983406780936194
1574114610508,2019-11-18T17:03:30.508,29.96,0.0066720056211858865,-0.05429689996636114,0.17007690692835753
1574114610518,2019-11-18T17:03:30.518,29.97,-0.018402795754395546,-0.033260530941346324,0.1670388343763539
1574114610528,2019-11-18T17:03:30.528,29.98,-0.03549957839173482,-0.02708388025980491,0.16248352303450647
1574114610538,2019-11-18T17:03:30.538,29.99,-0.05529833346650177,-0.014771574884152311,0.16005135624846584
1574114610548,2019-11-18T17:03:30.548,30.0,-0.07576383536965829,0.0012142620343296817,0.15855500249828278
1574114610558,2019-11-18T17:03:30.558,30.01,-0.08812074620739262,0.008573869197545216,0.155375481070427
1574114610568,2019-11-18T17:03:30.568,30.02,-0.09421024343857717,0.01938360568006437,0.15198232821851732
1574114610578,2019-11-18T17:03:30.578,30.03,-0.10464703853031108,0.05545628986319765,0.1507729218573431
1574114610588,2019-11-18T17:03:30.588,30.04,-0.12472903164511895,0.11380558975038674,0.14941941111548265
1574114610598,2019-11-18T17:03:30.598,30.05,-0.15026945483199858,0.17004050742475604,0.1437638423953628
1574114610608,2019-11-18T17:03:30.608,30.06,-0.17425465618489885,0.2085810253216541,0.13460837627582173
1574114610618,2019-11-18T17:03:30.618,30.07,-0.1914384266339387,0.23336993829003033,0.12675851507170816
1574114610628,2019-11-18T17:03:30.628,30.08,-0.19935623682664627,0.2525095217646659,0.12275173254278157
1574114610638,2019-11-18T17:03:30.638,30.09,-0.20006242986407563,0.2650069750490366,0.12159111986452574
1574114610648,2019-11-18T17:03:30.648,30.1,-0.19785973195087533,0.2641357872612542,0.1217943760276387
1574114610658,2019-11-18T17:03:30.658,30.11,-0.19259794587351076,0.2483291785411896,0.12192293628297243
1574114610668,2019-11-18T17:03:30.668,30.12,-0.18142345365284346,0.22699259670466893,0.11973315779605609
1574114610678,2019-11-18T17:03:30.678,30.13,-0.16933900813585795,0.21448055258622678,0.1144000069018054
1574114610688,2019-11-18T17:03:30.688,30.14,-0.16759549043325594,0.21550874350572463,0.1091626835702566
1574114610698,2019-11-18T17:03:30.698,30.15,-0.17637347271603068,0.21817753626306546,0.10893707200300978
1574114610708,2019-11-18T17:03:30.708,30.16,-0.17990828363950528,0.20630283066932265,0.11505489860386887
1574114610718,2019-11-18T17:03:30.718,30.17,-0.16612022313178954,0.17761826564496708,0.12440776484586118
1574114610728,2019-11-18T17:03:30.728,30.18,-0.14197411980737135,0.14355112642221815,0.1332748226933188
1574114610738,2019-11-18T17:03:30.738,30.19,-0.12265105812607874,0.11117193433511037,0.13962594102358475
1574114610748,2019-11-18T17:03:30.748,30.2,-0.11400747546980303,0.07495664520185963,0.14297706529058055
1574114610758,2019-11-18T17:03:30.758,30.21,-0.11100821205206665,0.030409350048695924,0.14494695328467955
1574114610768,2019-11-18T17:03:30.768,30.22,-0.10430918015903806,-0.014769085216008771,0.1490277776665942
1574114610778,2019-11-18T17:03:30.778,30.23,-0.08428348453509293,-0.04977317827206421,0.1581295046869745
1574114610788,2019-11-18T17:03:30.788,30.24,-0.048377211315390044,-0.0708248924189594,0.17271377746876093
1574114610798,2019-11-18T17:03:30.798,30.25,-0.008125984578423767,-0.07897296953253127,0.18944711653964635
1574114610808,2019-11-18T17:03:30.808,30.26,0.019808249741737574,-0.08181743156623161,0.1997322651720031
1574114610818,2019-11-18T17:03:30.818,30.27,0.031726362287472956,-0.09556237423748036,0.1929202970919252
1574114610828,2019-11-18T17:03:30.828,30.28,0.038601054073552896,-0.12746969144101336,0.16412888733525505
1574114610838,2019-11-18T17:03:30.838,30.29,0.050404362727770734,-0.16746980807663053,0.11927992002230059
1574114610848,2019-11-18T17:03:30.848,30.3,0.06787491217515555,-0.2132131937033216,0.07447439701547717
1574114610858,2019-11-18T17:03:30.858,30.31,0.0875977540865806,-0.2718008036561398,0.04675788787294918
1574114610868,2019-11-18T17:03:30.868,30.32,0.10327615186297176,-0.32816288340072053,0.03633257565961967
1574114610878,2019-11-18T17:03:30.878,30.33,0.10509126588378304,-0.36407776289530874,0.023399898609650478
1574114610888,2019-11-18T17:03:30.888,30.34,0.09056912369494455,-0.39253059363609666,-0.005963266918266696
1574114610898,2019-11-18T17:03:30.898,30.35,0.07366122031368347,-0.4164029153997739,-0.04274519412211816
1574114610908,2019-11-18T17:03:30.908,30.36,0.07525247077374037,-0.41051560744446136,-0.07669134750677645
1574114610918,2019-11-18T17:03:30.918,30.37,0.10166336887569441,-0.37594233038664565,-0.11542304962332986
1574114610928,2019-11-18T17:03:30.928,30.38,0.12886220282885857,-0.3205372640290453,-0.16470530926234803
1574114610938,2019-11-18T17:03:30.938,30.39,0.1206115616330777,-0.20963237988254327,-0.20964243055002804
1574114610948,2019-11-18T17:03:30.948,30.4,0.07642267065777272,-0.04283075670647681,-0.2344810685796755
1574114610958,2019-11-18T17:03:30.958,30.41,0.038685607440555755,0.08728464413194242,-0.24633268858363627
1574114610968,2019-11-18T17:03:30.968,30.42,0.03650316971509677,0.10436683179277145,-0.26293904773883703
1574114610978,2019-11-18T17:03:30.978,30.43,0.054648341471577724,0.03842551114196467,-0.28748744435204115
1574114610988,2019-11-18T17:03:30.988,30.44,0.07096250742122492,-0.04386510764911358,-0.3092721011053293
1574114610998,2019-11-18T17:03:30.998,30.45,0.08532696009150306,-0.11309526737153278,-0.32119932362978365
1574114611008,2019-11-18T17:03:31.008,30.46,0.09670852098109503,-0.14960748008223818,-0.3239316566660289
1574114611018,2019-11-18T17:03:31.018,30.47,0.08914216872378541,-0.12589347662924513,-0.3182515344955202
1574114611028,2019-11-18T17:03:31.028,30.48,0.05877599351326276,-0.05323259556179337,-0.3044915345303853
1574114611038,2019-11-18T17:03:31.038,30.49,0.026912845837042895,0.01127835139771599,-0.28694162826434527
1574114611048,2019-11-18T17:03:31.048,30.5,0.012074258012970346,0.030912586789059462,-0.2714269364784975
1574114611058,2019-11-18T17:03:31.058,30.51,0.009390642592537664,0.02432617226356939,-0.2594894829144557
1574114611068,2019-11-18T17:03:31.068,30.52,0.005489071785879727,0.02434606947505273,-0.24839554132390648
1574114611078,2019-11-18T17:03:31.078,30.53,-0.0033327860667403107,0.03874573070438333,-0.23585159535490396
1574114611088,2019-11-18T17:03:31.088,30.54,-0.014743344341111998,0.06141657755514669,-0.2221645001422165
1574114611098,2019-11-18T17:03:31.098,30.55,-0.02921000178408547,0.09048830500808544,-0.2077051714860073
1574114611108,2019-11-18T17:03:31.108,30.56,-0.046651481690627515,0.12175139449589792,-0.191302368787992
1574114611118,2019-11-18T17:03:31.118,30.57,-0.061759288435452364,0.1456685844834295,-0.1731458526116519
1574114611128,2019-11-18T17:03:31.128,30.58,-0.07058650872836567,0.16278778137792987,-0.15626567907172326
1574114611138,2019-11-18T17:03:31.138,30.59,-0.07700419466148901,0.18577025516319323,-0.14255691578778612
1574114611148,2019-11-18T17:03:31.148,30.6,-0.08611198824642567,0.21666375228760848,-0.13080272262161577
1574114611158,2019-11-18T17:03:31.158,30.61,-0.0958100755291527,0.23766597108097426,-0.12056201974168809
1574114611168,2019-11-18T17:03:31.168,30.62,-0.10068343956384831,0.23407179027479502,-0.11278653689436821
1574114611178,2019-11-18T17:03:31.178,30.63,-0.09970664821493491,0.213480780497276,-0.10548389107897979
1574114611188,2019-11-18T17:03:31.188,30.64,-0.09560228200095239,0.19367288279975237,-0.09651053070623153
1574114611198,2019-11-18T17:03:31.198,30.65,-0.09146990895490763,0.18005385707131932,-0.09027359323698006
1574114611208,2019-11-18T17:03:31.208,30.66,-0.0902661119210019,0.16077021285996068,-0.09120946615051083
1574114611218,2019-11-18T17:03:31.218,30.67,-0.09138695162224088,0.12130533953766814,-0.09433691557021714
1574114611228,2019-11-18T17:03:31.228,30.68,-0.08846754921697397,0.06366843270529324,-0.09505082935653252
1574114611238,2019-11-18T17:03:31.238,30.69,-0.07873887152543839,0.009947660945881974,-0.0995507396294156
1574114611248,2019-11-18T17:03:31.248,30.7,-0.07011728016527399,-0.01799116059767596,-0.11129726449310931
1574114611258,2019-11-18T17:03:31.258,30.71,-0.06812605085088545,-0.0209024203505154,-0.11947938395055274
1574114611268,2019-11-18T17:03:31.268,30.72,-0.06411803093092326,-0.01904216273352035,-0.1149794058206344
1574114611278,2019-11-18T17:03:31.278,30.73,-0.051060197010546496,-0.027887052775066985,-0.10560320646869217
1574114611288,2019-11-18T17:03:31.288,30.74,-0.040662470325135765,-0.04226573117330394,-0.10390689896075442
1574114611298,2019-11-18T17:03:31.298,30.75,-0.046831307911820545,-0.04746309794754879,-0.11048902155661404
1574114611308,2019-11-18T17:03:31.308,30.76,-0.061669891302731816,-0.041592489832666515,-0.11822210607363312
1574114611318,2019-11-18T17:03:31.318,30.77,-0.06669921985636651,-0.03626158091942533,-0.12294230315621557
1574114611328,2019-11-18T17:03:31.328,30.78,-0.05801179647059651,-0.033974569411763175,-0.12162321227579193
1574114611338,2019-11-18T17:03:31.338,30.79,-0.04044050520989094,-0.02015824743132686,-0.10969916574224745
1574114611348,2019-11-18T17:03:31.348,30.8,-0.009912720611236877,0.009211037343244998,-0.08887653148542261
1574114611358,2019-11-18T17:03:31.358,30.81,0.03373990353702166,0.01958928522543813,-0.06789647585592769
1574114611368,2019-11-18T17:03:31.368,30.82,0.07458858733453884,-0.031874837153282674,-0.04733980595459367
1574114611378,2019-11-18T17:03:31.378,30.83,0.11074714265182457,-0.11975891104198111,-0.017538036946716597
1574114611388,2019-11-18T17:03:31.388,30.84,0.16386271886452355,-0.14963496010445654,0.018352193638261998
1574114611398,2019-11-18T17:03:31.398,30.85,0.22083857695655357,-0.08567724892594125,0.03999398174902473
1574114611408,2019-11-18T17:03:31.408,30.86,0.22266122874406996,-0.02691800903917534,0.04268302554081012
1574114611418,2019-11-18T17:03:31.418,30.87,0.1617254667336222,-0.08287231928094795,0.04874701362133628
1574114611428,2019-11-18T17:03:31.428,30.88,0.11757607882092036,-0.22376611405927893,0.07084118704852813
1574114611438,2019-11-18T17:03:31.438,30.89,0.1416105059232808,-0.3222459468382662,0.0923982045151388
1574114611448,2019-11-18T17:03:31.448,30.9,0.18086304371780043,-0.29234481118493827,0.09884003559983004
1574114611458,2019-11-18T17:03:31.458,30.91,0.1637009386320987,-0.1439298688742141,0.1008796596062849
1574114611468,2019-11-18T17:03:31.468,30.92,0.09779605865977979,0.03972963832577011,0.11421280213125921
1574114611478,2019-11-18T17:03:31.478,30.93,0.04462455348391315,0.1492866649180039,0.1372520755043447
1574114611488,2019-11-18T17:03:31.488,30.94,0.039770791314213155,0.12896531930972072,0.1588372202872912
1574114611498,2019-11-18T17:03:31.498,30.95,0.06671070450817741,0.03182035050886823,0.17406463851882917
1574114611508,2019-11-18T17:03:31.508,30.96,0.08608522954305599,-0.033408846270167526,0.18525049672713956
1574114611518,2019-11-18T17:03:31.518,30.97,0.07409706733599274,-0.015017048443117562,0.19491652947763063
1574114611528,2019-11-18T17:03:31.528,30.98,0.04058779244971266,0.0436949504120544,0.20252573086873554
1574114611538,2019-11-18T17:03:31.538,30.99,0.0129077826603837,0.07675118860691715,0.20545489495299535
1574114611548,2019-11-18T17:03:31.548,31.0,0.002134452228199057,0.07482885754628528,0.2023995425831387
1574114611558,2019-11-18T17:03:31.558,31.01,-0.004992344740207766,0.07422196769056293,0.19667546824075371
1574114611568,2019-11-18T17:03:31.568,31.02,-0.020038755268116007,0.0891162840980062,0.19370525616373718
1574114611578,2019-11-18T17:03:31.578,31.03,-0.0353559350799232,0.09231475314903613,0.1940651055765518
1574114611588,2019-11-18T17:03:31.588,31.04,-0.04067253716322415,0.06641443293949831,0.19295503361751998
1574114611598,2019-11-18T17:03:31.598,31.05,-0.043915532733560206,0.03799299754422458,0.1880625542924122
1574114611608,2019-11-18T17:03:31.608,31.06,-0.06151731344532456,0.039188044376587655,0.18276722328291062
1574114611618,2019-11-18T17:03:31.618,31.07,-0.09396340776587,0.06138160559175696,0.17926400852271626
1574114611628,2019-11-18T17:03:31.628,31.08,-0.1253213154589966,0.07506789456876456,0.17439445139585108
1574114611638,2019-11-18T17:03:31.638,31.09,-0.14547018289500147,0.07685607037546167,0.16562210988447346
1574114611648,2019-11-18T17:03:31.648,31.1,-0.15973817213259997,0.08739283098161894,0.1557897097863873
1574114611658,2019-11-18T17:03:31.658,31.11,-0.17566942171337413,0.11492166032707787,0.14844095992286357
1574114611668,2019-11-18T17:03:31.668,31.12,-0.19246795845537712,0.14681042455478513,0.14274157636071721
1574114611678,2019-11-18T17:03:31.678,31.13,-0.2072886546168624,0.16984611439304187,0.13586938107405022
1574114611688,2019-11-18T17:03:31.688,31.14,-0.22157740489749717,0.18000441323576089,0.12724798020792932
1574114611698,2019-11-18T17:03:31.698,31.15,-0.2357584560467169,0.17828769561426625,0.11916115851257289
1574114611708,2019-11-18T17:03:31.708,31.16,-0.2452604675149288,0.16954502454425024,0.11570679750954907
1574114611718,2019-11-18T17:03:31.718,31.17,-0.2461997145741205,0.15971454152818076,0.12030065658681764
1574114611728,2019-11-18T17:03:31.728,31.18,-0.24027111202203377,0.1477984838157518,0.13156335715124318
1574114611738,2019-11-18T17:03:31.738,31.19,-0.23259170432216145,0.1266043338581066,0.14396232469456113
1574114611748,2019-11-18T17:03:31.748,31.2,-0.22695890011018469,0.09246901555347771,0.15473794629808063
1574114611758,2019-11-18T17:03:31.758,31.21,-0.22137235542210365,0.047280706058976774,0.16657137448399484
1574114611768,2019-11-18T17:03:31.768,31.22,-0.20786188492687424,-0.00527936483836406,0.18211984081593802
1574114611778,2019-11-18T17:03:31.778,31.23,-0.18151341684307437,-0.05535302952825353,0.20066193982844316
1574114611788,2019-11-18T17:03:31.788,31.24,-0.14923635084291242,-0.08548978656172307,0.22048835007681564
1574114611798,2019-11-18T17:03:31.798,31.25,-0.1227040797564378,-0.08841699139318025,0.23960945735989553
1574114611808,2019-11-18T17:03:31.808,31.26,-0.10379260461135799,-0.08034941673023913,0.2545238209298146
1574114611818,2019-11-18T17:03:31.818,31.27,-0.08697287487840692,-0.08214775930807666,0.2628944003648416
1574114611828,2019-11-18T17:03:31.828,31.28,-0.07387477784533811,-0.09672325367203033,0.2667660921023258
1574114611838,2019-11-18T17:03:31.838,31.29,-0.06871648447403228,-0.11695673167388398,0.26836199988664033
1574114611848,2019-11-18T17:03:31.848,31.3,-0.060995774635629565,-0.13557310380652707,0.2632242766598568
1574114611858,2019-11-18T17:03:31.858,31.31,-0.04014398645660196,-0.13713076749060435,0.24562393937850985
1574114611868,2019-11-18T17:03:31.868,31.32,-0.026641087802585218,-0.11496087515603827,0.22198196659833766
1574114611878,2019-11-18T17:03:31.878,31.33,-0.043224849386586925,-0.10342136111002571,0.20451357946200638
1574114611888,2019-11-18T17:03:31.888,31.34,-0.054545772719046086,-0.14824499967109217,0.18771909083986912
1574114611898,2019-11-18T17:03:31.898,31.35,-0.009619778168111277,-0.23727590428424,0.1536852041893979
1574114611908,2019-11-18T17:03:31.908,31.36,0.04948586382379674,-0.29858504711437883,0.10720330041979359
1574114611918,2019-11-18T17:03:31.918,31.37,0.028709829827647623,-0.2874439158000823,0.07496231867753839
1574114611928,2019-11-18T17:03:31.928,31.38,-0.053538913014350965,-0.2610519121519057,0.059945713419186364
1574114611938,2019-11-18T17:03:31.938,31.39,-0.07678647870398107,-0.3031168687683879,0.031990193263816025
1574114611948,2019-11-18T17:03:31.948,31.4,-0.01502745667425501,-0.35821662253797215,-0.023274027538185128
1574114611958,2019-11-18T17:03:31.958,31.41,0.025499124935084896,-0.27601257902451326,-0.08165021739301699
1574114611968,2019-11-18T17:03:31.968,31.42,-0.007398221718479465,-0.06562514332887966,-0.12079204125686233
1574114611978,2019-11-18T17:03:31.978,31.43,-0.03591209683229077,0.07898112943875818,-0.15016156537652303
1574114611988,2019-11-18T17:03:31.988,31.44,0.0021102725696674138,0.05930242189905617,-0.18540635222975532
1574114611998,2019-11-18T17:03:31.998,31.45,0.06213983303335049,-0.01824250810835556,-0.22148371249907528
1574114612008,2019-11-18T17:03:32.008,31.46,0.08779626199683649,-0.0517175719633905,-0.24764206859592208
1574114612018,2019-11-18T17:03:32.018,31.47,0.09364757165712692,-0.07307995229641034,-0.2680846305256622
1574114612028,2019-11-18T17:03:32.028,31.48,0.1125584850537322,-0.12480176777632032,-0.29236123002817643
1574114612038,2019-11-18T17:03:32.038,31.49,0.13384372348175827,-0.16320406773874388,-0.3175366333644548
1574114612048,2019-11-18T17:03:32.048,31.5,0.13288087573448645,-0.14284453826289456,-0.33154816268621856
1574114612058,2019-11-18T17:03:32.058,31.51,0.11815630736282215,-0.0959698146347629,-0.3295985637046625
1574114612068,2019-11-18T17:03:32.068,31.52,0.11561639146952372,-0.07310122454753412,-0.31985894017347366
1574114612078,2019-11-18T17:03:32.078,31.53,0.12729020788834766,-0.06695540087565338,-0.31147938424681
1574114612088,2019-11-18T17:03:32.088,31.54,0.13196913237644278,-0.04559219330086932,-0.3019205920148378
1574114612098,2019-11-18T17:03:32.098,31.55,0.11946594613188442,-0.019213191746995477,-0.28327903923611564
1574114612108,2019-11-18T17:03:32.108,31.56,0.10049145412405269,-0.01954074705600088,-0.25789109656874976
1574114612118,2019-11-18T17:03:32.118,31.57,0.0828717156417782,-0.03751768222717408,-0.23731537309743791
1574114612128,2019-11-18T17:03:32.128,31.58,0.061484142425020843,-0.035552389184467514,-0.2276646121648939
1574114612138,2019-11-18T17:03:32.138,31.59,0.035555877224792795,-0.00680080872951264,-0.22514725042774678
1574114612148,2019-11-18T17:03:32.148,31.6,0.014210021305176844,0.02495498977437464,-0.2234980957809093
1574114612158,2019-11-18T17:03:32.158,31.61,2.711731342883877e-05,0.04996129754908311,-0.21843507299232662
1574114612168,2019-11-18T17:03:32.168,31.62,-0.015501005751982717,0.07701025660233873,-0.20762068866851957
1574114612178,2019-11-18T17:03:32.178,31.63,-0.03792083017748629,0.10774319324430492,-0.19163322223458917
1574114612188,2019-11-18T17:03:32.188,31.64,-0.06434811290430476,0.13640319531348535,-0.1735010509398563
1574114612198,2019-11-18T17:03:32.198,31.65,-0.09025479584503068,0.16212267817436363,-0.15539110825427338
1574114612208,2019-11-18T17:03:32.208,31.66,-0.11060166035561081,0.18197223111325744,-0.13795435587440244
1574114612218,2019-11-18T17:03:32.218,31.67,-0.1173529155236208,0.18363170195841602,-0.12223514076536315
1574114612228,2019-11-18T17:03:32.228,31.68,-0.10634833629882876,0.16023094116024814,-0.10724352931471226
1574114612238,2019-11-18T17:03:32.238,31.69,-0.08628383082210553,0.12678197993334417,-0.08865112711449938
1574114612248,2019-11-18T17:03:32.248,31.7,-0.07259264270892922,0.1091292907706328,-0.06966011499480015
1574114612258,2019-11-18T17:03:32.258,31.71,-0.07048521138848252,0.11501768965540216,-0.0661172740970086
1574114612268,2019-11-18T17:03:32.268,31.72,-0.07148056252463685,0.12551267483920334,-0.0839100430781759
1574114612278,2019-11-18T17:03:32.278,31.73,-0.06895513504424423,0.11876875476160656,-0.10341597393108114
1574114612288,2019-11-18T17:03:32.288,31.74,-0.06502717915740411,0.09165204085597842,-0.10820977788508096
1574114612298,2019-11-18T17:03:32.298,31.75,-0.05642891395214296,0.05220183364382859,-0.11010449475315176
1574114612308,2019-11-18T17:03:32.308,31.76,-0.03100026274580677,0.005826266597569492,-0.1237248587827259
1574114612318,2019-11-18T17:03:32.318,31.77,0.010246097084293828,-0.03673850353688709,-0.14100412625980188
1574114612328,2019-11-18T17:03:32.328,31.78,0.04511730832043829,-0.05070757209723731,-0.14917797951788067
1574114612338,2019-11-18T17:03:32.338,31.79,0.05701976699484197,-0.02149673053046064,-0.15029271042470022
1574114612348,2019-11-18T17:03:32.348,31.8,0.05502304309025898,0.02354923152854463,-0.15104695495524145
1574114612358,2019-11-18T17:03:32.358,31.81,0.060058471292070106,0.03680489356844665,-0.15168242462441264
1574114612368,2019-11-18T17:03:32.368,31.82,0.0833581535205988,0.014205312256014287,-0.1510807670518145
1574114612378,2019-11-18T17:03:32.378,31.83,0.11602764426792268,0.005733899287203128,-0.14829789854034992
1574114612388,2019-11-18T17:03:32.388,31.84,0.1344810779359101,0.03997660348924429,-0.13502780914292883
1574114612398,2019-11-18T17:03:32.398,31.85,0.13874554036252282,0.07510085765843777,-0.10206408409218459
1574114612408,2019-11-18T17:03:32.408,31.86,0.17926496278792023,0.06363264560824852,-0.05947064955241338
1574114612418,2019-11-18T17:03:32.418,31.87,0.28394976215588275,0.026989696695178086,-0.0313072277391125
1574114612428,2019-11-18T17:03:32.428,31.88,0.3698528957984728,0.013108134226174857,-0.01982827010952197
1574114612438,2019-11-18T17:03:32.438,31.89,0.3372401372219624,0.01867779938974542,0.0019883303590082745
1574114612448,2019-11-18T17:03:32.448,31.9,0.24576539081354523,0.013343192107567983,0.047046974200393915
1574114612458,2019-11-18T17:03:32.458,31.91,0.2509330524220755,0.00489239147939006,0.09067709083392357
1574114612468,2019-11-18T17:03:32.468,31.92,0.36392120327770494,0.01795326070563726,0.11184256772618975
1574114612478,2019-11-18T17:03:32.478,31.93,0.43702190104106675,0.03832260272594634,0.12822928474684142
1574114612488,2019-11-18T17:03:32.488,31.94,0.395586288010747,0.03908333725492944,0.16272052108714885
1574114612498,2019-11-18T17:03:32.498,31.95,0.32581383162762634,0.03504144420370557,0.20198391658753667
1574114612508,2019-11-18T17:03:32.508,31.96,0.3150808469394828,0.05145766698771875,0.21823838956430772
1574114612518,2019-11-18T17:03:32.518,31.97,0.34050501039423586,0.0682471028880074,0.21152393712338963
1574114612528,2019-11-18T17:03:32.528,31.98,0.34336440554132835,0.057594436600253804,0.2044797007521674
1574114612538,2019-11-18T17:03:32.538,31.99,0.31675378553612604,0.04137408975179663,0.20970856790491066
1574114612548,2019-11-18T17:03:32.548,32.0,0.2885684915153083,0.04872728562907419,0.22128626534605272
1574114612558,2019-11-18T17:03:32.558,32.01,0.27257410632931534,0.05876296365256368,0.22914404197658428
1574114612568,2019-11-18T17:03:32.568,32.02,0.2598797985595628,0.04222874671215313,0.22990035848061752
1574114612578,2019-11-18T17:03:32.578,32.03,0.2379540111145469,0.015949394043969323,0.22748228789906588
1574114612588,2019-11-18T17:03:32.588,32.04,0.20643473577964422,0.008686940252669192,0.2271489179600477
1574114612598,2019-11-18T17:03:32.598,32.05,0.17437460303279026,0.012836222804310288,0.22832569338563735
1574114612608,2019-11-18T17:03:32.608,32.06,0.14495034920592992,0.008100228249058313,0.2256981971660142
1574114612618,2019-11-18T17:03:32.618,32.07,0.11189552915368536,0.0017778645812784977,0.21727280614630196
1574114612628,2019-11-18T17:03:32.628,32.08,0.07117866290768637,0.013780383792833912,0.20631624990558295
1574114612638,2019-11-18T17:03:32.638,32.09,0.026222056216573073,0.0414092348447136,0.19547139516944362
1574114612648,2019-11-18T17:03:32.648,32.1,-0.017410041445040728,0.06386713532085968,0.18389795439321
1574114612658,2019-11-18T17:03:32.658,32.11,-0.05530650494149089,0.07292089914831652,0.17030164733304648
1574114612668,2019-11-18T17:03:32.668,32.12,-0.08612338105627486,0.08217201722456105,0.15607596262297121
1574114612678,2019-11-18T17:03:32.678,32.13,-0.11400046722799564,0.10629461870155561,0.1453480276952158
1574114612688,2019-11-18T17:03:32.688,32.14,-0.14283661539641324,0.14104901908931108,0.14125825552135718
1574114612698,2019-11-18T17:03:32.698,32.15,-0.1680304523958309,0.17015320759213481,0.14133205942089921
1574114612708,2019-11-18T17:03:32.708,32.16,-0.18273511409316645,0.18763642681510834,0.13934703648550578
1574114612718,2019-11-18T17:03:32.718,32.17,-0.1899144789050098,0.20194320782322872,0.1332817519690226
1574114612728,2019-11-18T17:03:32.728,32.18,-0.19703416959309422,0.21699744149860106,0.12734930073005438
1574114612738,2019-11-18T17:03:32.738,32.19,-0.20267731550393017,0.2234595393935307,0.12459779038931071
1574114612748,2019-11-18T17:03:32.748,32.2,-0.20124255809737768,0.21503192858096687,0.12279591301033321
1574114612758,2019-11-18T17:03:32.758,32.21,-0.19610961284632655,0.2013364868728208,0.11975062700568999
1574114612768,2019-11-18T17:03:32.768,32.22,-0.19431712942027815,0.19646191217317843,0.11760106872432799
1574114612778,2019-11-18T17:03:32.778,32.23,-0.192508343058496,0.20110980781952859,0.1194519626537239
1574114612788,2019-11-18T17:03:32.788,32.24,-0.1804878180647569,0.20023612372352653,0.12484717789395244
1574114612798,2019-11-18T17:03:32.798,32.25,-0.15535630004371462,0.17623576296292434,0.13003419872054256
1574114612808,2019-11-18T17:03:32.808,32.26,-0.1242365283384192,0.12554844842187696,0.1313011662070494
1574114612818,2019-11-18T17:03:32.818,32.27,-0.09655028145042441,0.06293841793998572,0.12773741435584723
1574114612828,2019-11-18T17:03:32.828,32.28,-0.07704549293445612,0.008497442460223959,0.122532257980969
1574114612838,2019-11-18T17:03:32.838,32.29,-0.06295552204997457,-0.026576923590403062,0.12211387675568831
1574114612848,2019-11-18T17:03:32.848,32.3,-0.04716635922037245,-0.04348423571006732,0.13013685077334397
1574114612858,2019-11-18T17:03:32.858,32.31,-0.025142353431513782,-0.05500589939794022,0.1403172948598616
1574114612868,2019-11-18T17:03:32.868,32.32,0.0025331460854538844,-0.08024113111226398,0.14095599196412872
1574114612878,2019-11-18T17:03:32.878,32.33,0.03161922783555574,-0.12442783247867878,0.1287732696806042
1574114612888,2019-11-18T17:03:32.888,32.34,0.055044826148042264,-0.15732351845556725,0.11093067657325567
1574114612898,2019-11-18T17:03:32.898,32.35,0.06852600071579382,-0.13685973879416027,0.09354575107666097
1574114612908,2019-11-18T17:03:32.908,32.36,0.07845229825683087,-0.08088082377256635,0.07801596640091618
1574114612918,2019-11-18T17:03:32.918,32.37,0.09338190621500864,-0.07346441567727019,0.06464120281458857
1574114612928,2019-11-18T17:03:32.928,32.38,0.10661013446284924,-0.1434618150875388,0.04740068003584541
1574114612938,2019-11-18T17:03:32.938,32.39,0.10510100976613371,-0.20404437788603916,0.014778236176623268
1574114612948,2019-11-18T17:03:32.948,32.4,0.09389768905276089,-0.19395966690251065,-0.028797990136544358
1574114612958,2019-11-18T17:03:32.958,32.41,0.08963179241734745,-0.18465045537012395,-0.05888483290302956
1574114612968,2019-11-18T17:03:32.968,32.42,0.10009258003929589,-0.26219243080395543,-0.06731259634294873
1574114612978,2019-11-18T17:03:32.978,32.43,0.1262724347344293,-0.3945850030482713,-0.08037892308536287
1574114612988,2019-11-18T17:03:32.988,32.44,0.1553971325526788,-0.4661965374226962,-0.11912665907706843
1574114612998,2019-11-18T17:03:32.998,32.45,0.15041922486695528,-0.39217183816372525,-0.16659670449842937
1574114613008,2019-11-18T17:03:33.008,32.46,0.09676802680695146,-0.20811375501639795,-0.19794099381288416
1574114613018,2019-11-18T17:03:33.018,32.47,0.044158224323593835,-0.04743858825717701,-0.21807752538690695
1574114613028,2019-11-18T17:03:33.028,32.48,0.04212389208334278,0.013887077859722841,-0.2449381234561145
1574114613038,2019-11-18T17:03:33.038,32.49,0.06455790793554711,0.0350831869384954,-0.27607045983331757
1574114613048,2019-11-18T17:03:33.048,32.5,0.05784351088228494,0.07780424182972193,-0.29522339802712233
1574114613058,2019-11-18T17:03:33.058,32.51,0.027288023553078543,0.09758727072333855,-0.29886461596210845
1574114613068,2019-11-18T17:03:33.068,32.52,0.017028032895203438,0.04401550872639032,-0.2980063246154387
1574114613078,2019-11-18T17:03:33.078,32.53,0.030991771538857567,-0.033542655713282916,-0.2999766300060473
1574114613088,2019-11-18T17:03:33.088,32.54,0.02964251444116318,-0.06006601758708621,-0.30077500607855223
1574114613098,2019-11-18T17:03:33.098,32.55,-0.0037408813176006573,-0.036204006628212146,-0.2947289293849916
1574114613108,2019-11-18T17:03:33.108,32.56,-0.04095936847510349,-0.007237011880610111,-0.283102934853384
1574114613118,2019-11-18T17:03:33.118,32.57,-0.056299159683972255,0.007974144117033212,-0.2701220460866328
1574114613128,2019-11-18T17:03:33.128,32.58,-0.057975131969313046,0.014309753734996954,-0.2568296446695877
1574114613138,2019-11-18T17:03:33.138,32.59,-0.06329640683150546,0.008479628053824713,-0.24285123444946327
1574114613148,2019-11-18T17:03:33.148,32.6,-0.07279387262232787,-0.013715788926591138,-0.2289612366893991
1574114613158,2019-11-18T17:03:33.158,32.61,-0.0810199268409797,-0.037079842381812056,-0.21490033530277103
1574114613168,2019-11-18T17:03:33.168,32.62,-0.09111195614278034,-0.040317826655608305,-0.199045325895627
1574114613178,2019-11-18T17:03:33.178,32.63,-0.10723687818206838,-0.01987270283813223,-0.18124726591981363
1574114613188,2019-11-18T17:03:33.188,32.64,-0.12657641451372736,0.015102357059900201,-0.1622706439189157
1574114613198,2019-11-18T17:03:33.198,32.65,-0.1453562615040459,0.05622777807463135,-0.1417021783936314
1574114613208,2019-11-18T17:03:33.208,32.66,-0.16330081368693766,0.09236727379161296,-0.12053651219928305
1574114613218,2019-11-18T17:03:33.218,32.67,-0.18064008105503715,0.11293686997033534,-0.10340990277153625
1574114613228,2019-11-18T17:03:33.228,32.68,-0.1975033655457224,0.1244190016374509,-0.09363636360887354
1574114613238,2019-11-18T17:03:33.238,32.69,-0.213436695421107,0.14193780954530819,-0.08876286817734799
1574114613248,2019-11-18T17:03:33.248,32.7,-0.22239812366619732,0.1595154146320808,-0.08509219312057861
1574114613258,2019-11-18T17:03:33.258,32.71,-0.21502402382838343,0.15362105933363393,-0.08249437536506468
1574114613268,2019-11-18T17:03:33.268,32.72,-0.19248585018773504,0.12132980965339077,-0.08089858685927437
1574114613278,2019-11-18T17:03:33.278,32.73,-0.17159058882248612,0.09103937825403527,-0.07725593801815252
1574114613288,2019-11-18T17:03:33.288,32.74,-0.1681429162564066,0.08672284555442122,-0.07007030547381396
1574114613298,2019-11-18T17:03:33.298,32.75,-0.1779967772033699,0.09800039824217469,-0.0628584398868694
1574114613308,2019-11-18T17:03:33.308,32.76,-0.18167969518328764,0.09626421306635823,-0.06067980715004162
1574114613318,2019-11-18T17:03:33.318,32.77,-0.16794329952799605,0.07154091024686252,-0.06608132715297765
1574114613328,2019-11-18T17:03:33.328,32.78,-0.14494693600336886,0.04010439944993831,-0.07830854320457525
1574114613338,2019-11-18T17:03:33.338,32.79,-0.12415353923081149,0.01818530193051212,-0.09337543797198436
1574114613348,2019-11-18T17:03:33.348,32.8,-0.10248958626401022,0.00383450631000438,-0.10570775545912744
1574114613358,2019-11-18T17:03:33.358,32.81,-0.070679146898881,-0.011537890153897027,-0.11221062094434484
1574114613368,2019-11-18T17:03:33.368,32.82,-0.03306958054941837,-0.026490827576004947,-0.11410728660347555
1574114613378,2019-11-18T17:03:33.378,32.83,-0.006100720649931482,-0.032522621595599564,-0.11474586643970461
1574114613388,2019-11-18T17:03:33.388,32.84,0.0027767997537321235,-0.03161354935803869,-0.11763933755098178
1574114613398,2019-11-18T17:03:33.398,32.85,0.004257191221840091,-0.043508542224144436,-0.12474398373495899
1574114613408,2019-11-18T17:03:33.408,32.86,0.011853719981310431,-0.08233996412792435,-0.13240298398603478
1574114613418,2019-11-18T17:03:33.418,32.87,0.026632890490234276,-0.12608832149257287,-0.1316153747793912
1574114613428,2019-11-18T17:03:33.428,32.88,0.04589876860970464,-0.13783611677509508,-0.11768728659208086
1574114613438,2019-11-18T17:03:33.438,32.89,0.07571206149495724,-0.12894895294016137,-0.09605375228547378
1574114613448,2019-11-18T17:03:33.448,32.9,0.11407304132026047,-0.15485249446588406,-0.07453411133140328
1574114613458,2019-11-18T17:03:33.458,32.91,0.13360570644634254,-0.2198261127580899,-0.057390862133295244
1574114613468,2019-11-18T17:03:33.468,32.92,0.11507368630647433,-0.24999784871386357,-0.04863131086702139
1574114613478,2019-11-18T17:03:33.478,32.93,0.08367538461803069,-0.20126245647304955,-0.04652373504034189
1574114613488,2019-11-18T17:03:33.488,32.94,0.0709587242527798,-0.12180450253932221,-0.03459471195135435
1574114613498,2019-11-18T17:03:33.498,32.95,0.07039743936446513,-0.0808063255020343,0.0012227174950028364
1574114613508,2019-11-18T17:03:33.508,32.96,0.07335869280871565,-0.10414511847507842,0.04743221635882107
1574114613518,2019-11-18T17:03:33.518,32.97,0.09463128246160457,-0.16740381722722777,0.07772385806730342
1574114613528,2019-11-18T17:03:33.528,32.98,0.12167195528419261,-0.1950999396928701,0.08887999525906146
1574114613538,2019-11-18T17:03:33.538,32.99,0.10902701365812464,-0.11982466643398734,0.09916637665998773
1574114613548,2019-11-18T17:03:33.548,33.0,0.05457354420844111,0.018102175198596627,0.11767293208900248
1574114613558,2019-11-18T17:03:33.558,33.01,0.012808678603617082,0.09802944991415738,0.13754779922326324
1574114613568,2019-11-18T17:03:33.568,33.02,0.016345172653370293,0.0633744449466859,0.1539331578187202
1574114613578,2019-11-18T17:03:33.578,33.03,0.04093359465413743,-0.024254157252680777,0.16969068059796683
1574114613588,2019-11-18T17:03:33.588,33.04,0.0528356851157998,-0.07579525128037798,0.18613572656524446
1574114613598,2019-11-18T17:03:33.598,33.05,0.0461216466636056,-0.06558712184433975,0.20064186080671456
1574114613608,2019-11-18T17:03:33.608,33.06,0.02952481703738625,-0.02858895619689573,0.21212719443154004
1574114613618,2019-11-18T17:03:33.618,33.07,0.009043462219133576,-0.005624573500865585,0.22190239897972766
1574114613628,2019-11-18T17:03:33.628,33.08,-0.009242688671986974,-0.0074894864316682585,0.22961551017577309
1574114613638,2019-11-18T17:03:33.638,33.09,-0.019243475250791647,-0.0193401381204099,0.23264448427621254
1574114613648,2019-11-18T17:03:33.648,33.1,-0.023498041005521483,-0.023398813500212116,0.23060564754484753
1574114613658,2019-11-18T17:03:33.658,33.11,-0.02965776212016697,-0.014766155653434455,0.22684910225919874
1574114613668,2019-11-18T17:03:33.668,33.12,-0.039035306608409176,-0.001248015078903428,0.22273416466081272
1574114613678,2019-11-18T17:03:33.678,33.13,-0.04925789046261926,0.0103178298451195,0.2149301270033312
1574114613688,2019-11-18T17:03:33.688,33.14,-0.06282980888179143,0.02427648434648543,0.20217168451759573
1574114613698,2019-11-18T17:03:33.698,33.15,-0.0821491439512548,0.045822618754914016,0.18881958346730715
1574114613708,2019-11-18T17:03:33.708,33.16,-0.10272669855457653,0.0667097753550621,0.17774661865154423
1574114613718,2019-11-18T17:03:33.718,33.17,-0.12039720869541662,0.07509341401230393,0.1663222181781337
1574114613728,2019-11-18T17:03:33.728,33.18,-0.13779861380039807,0.07499020755418363,0.1530039120982422
1574114613738,2019-11-18T17:03:33.738,33.19,-0.15651446981603964,0.08146574927833822,0.1416068499739339
1574114613748,2019-11-18T17:03:33.748,33.2,-0.17052907006425463,0.0999349306489648,0.1357954595571359
1574114613758,2019-11-18T17:03:33.758,33.21,-0.174333941505052,0.12305257627215951,0.1336171118813009
1574114613768,2019-11-18T17:03:33.768,33.22,-0.17194285551060046,0.14557678874383018,0.13026951564914435
1574114613778,2019-11-18T17:03:33.778,33.23,-0.17251035972537326,0.17101968519440608,0.12466284221432632
1574114613788,2019-11-18T17:03:33.788,33.24,-0.1804145108102062,0.20237772569350365,0.12056945504554324
1574114613798,2019-11-18T17:03:33.798,33.25,-0.19228446163006951,0.2314677863175144,0.1204967764102449
1574114613808,2019-11-18T17:03:33.808,33.26,-0.20041053267709247,0.24017395403315167,0.12141934297781787
1574114613818,2019-11-18T17:03:33.818,33.27,-0.19805022884826262,0.21636043631984742,0.11927764934142147
1574114613828,2019-11-18T17:03:33.828,33.28,-0.1852795216840611,0.17186428314036983,0.11502082675686096
1574114613838,2019-11-18T17:03:33.838,33.29,-0.17006788479568136,0.13829754504354025,0.1127651918739232
1574114613848,2019-11-18T17:03:33.848,33.3,-0.160405860652325,0.13616287646266143,0.11389553035511235
1574114613858,2019-11-18T17:03:33.858,33.31,-0.15639191774324657,0.15092865335173475,0.11620429378576283
1574114613868,2019-11-18T17:03:33.868,33.32,-0.1525060879107873,0.1481609582742257,0.11742086044487313
1574114613878,2019-11-18T17:03:33.878,33.33,-0.1448294256013872,0.11087167745031994,0.11687512562933725
1574114613888,2019-11-18T17:03:33.888,33.34,-0.13320650996490735,0.053687677880324004,0.11516128688782451
1574114613898,2019-11-18T17:03:33.898,33.35,-0.1191135723620334,0.001972519559647397,0.11437532377758616
1574114613908,2019-11-18T17:03:33.908,33.36,-0.10453066858123,-0.030879073934190628,0.11710213795608977
1574114613918,2019-11-18T17:03:33.918,33.37,-0.09176492165931635,-0.04362140209471521,0.12375873585881941
1574114613928,2019-11-18T17:03:33.928,33.38,-0.08136513726999631,-0.040556547747133964,0.13206875545300617
1574114613938,2019-11-18T17:03:33.938,33.39,-0.06957035952675304,-0.03483084016678969,0.13861004329825233
1574114613948,2019-11-18T17:03:33.948,33.4,-0.051324885244681616,-0.04725145281325646,0.13981285281982278
1574114613958,2019-11-18T17:03:33.958,33.41,-0.02756467095040898,-0.09062840875889812,0.13379187686588648
1574114613968,2019-11-18T17:03:33.968,33.42,-0.0046905285110029485,-0.15891097885319042,0.1223761168101622
1574114613978,2019-11-18T17:03:33.978,33.43,0.014269107563152937,-0.23093559677004075,0.10913498338181604
1574114613988,2019-11-18T17:03:33.988,33.44,0.030440062956356803,-0.27857405173213334,0.09639419496802047
1574114613998,2019-11-18T17:03:33.998,33.45,0.04259120790665796,-0.2878703326540015,0.08658733658480539
1574114614008,2019-11-18T17:03:34.008,33.46,0.053200450453006476,-0.29257986299637195,0.08229579348655948
1574114614018,2019-11-18T17:03:34.018,33.47,0.07763044172298615,-0.3586111958033156,0.08023355497524995
1574114614028,2019-11-18T17:03:34.028,33.48,0.1238134623832606,-0.4914182002373835,0.07068166082870286
1574114614038,2019-11-18T17:03:34.038,33.49,0.16296066520442146,-0.5872698832916808,0.04974171277527624
1574114614048,2019-11-18T17:03:34.048,33.5,0.15534620769276916,-0.546736932103719,0.0259010022094045
1574114614058,2019-11-18T17:03:34.058,33.51,0.11412589988313024,-0.4211385019396957,0.006128172242353987
1574114614068,2019-11-18T17:03:34.068,33.52,0.1013097499889391,-0.3552192049070639,-0.015995645632968982
1574114614078,2019-11-18T17:03:34.078,33.53,0.14178431901323996,-0.3817472210022995,-0.047627235729927234
1574114614088,2019-11-18T17:03:34.088,33.54,0.18644934936943114,-0.3799801940173039,-0.08209649634850297
1574114614098,2019-11-18T17:03:34.098,33.55,0.186751998229133,-0.2626462600221827,-0.10887458901547487
1574114614108,2019-11-18T17:03:34.108,33.56,0.16064244570774366,-0.09199438050549344,-0.1288259762627691
1574114614118,2019-11-18T17:03:34.118,33.57,0.1514191629648961,0.033822114012562424,-0.14900399645916412
1574114614128,2019-11-18T17:03:34.128,33.58,0.16189247426554498,0.1047097918536921,-0.16986688553008267
1574114614138,2019-11-18T17:03:34.138,33.59,0.1693761446323923,0.15474023268395232,-0.1855155774552935
1574114614148,2019-11-18T17:03:34.148,33.6,0.17691692801196818,0.18439592116955716,-0.19044803706131977
1574114614158,2019-11-18T17:03:34.158,33.61,0.20788046370445387,0.18404205859943207,-0.18075202278426267
1574114614168,2019-11-18T17:03:34.168,33.62,0.26268093189165354,0.16891801341131218,-0.1558699899747607
1574114614178,2019-11-18T17:03:34.178,33.63,0.31426308423622445,0.1487889704552627,-0.12531145205177555
1574114614188,2019-11-18T17:03:34.188,33.64,0.3420681782399033,0.11652359326770512,-0.10513174447673164
1574114614198,2019-11-18T17:03:34.198,33.65,0.34741465487436085,0.08876142491386177,-0.09903852823680842
1574114614208,2019-11-18T17:03:34.208,33.66,0.3407851859524725,0.10098751753857801,-0.09110582531493881
1574114614218,2019-11-18T17:03:34.218,33.67,0.3345288781106899,0.14441392272294395,-0.06679148058738696
1574114614228,2019-11-18T17:03:34.228,33.68,0.3430486458797571,0.16044719686394565,-0.0332590632506271
1574114614238,2019-11-18T17:03:34.238,33.69,0.36940932051551323,0.11707062164005466,-0.009294812958735355
1574114614248,2019-11-18T17:03:34.248,33.7,0.3927220783924339,0.051363991106249736,-0.002141620624275204
1574114614258,2019-11-18T17:03:34.258,33.71,0.3868221188495571,0.017758241387947425,-0.004407743358658411
1574114614268,2019-11-18T17:03:34.268,33.72,0.35238530182217576,0.021588746363662557,-0.010210483408865436
1574114614278,2019-11-18T17:03:34.278,33.73,0.3148431694342757,0.027361123507094503,-0.022950502048639396
1574114614288,2019-11-18T17:03:34.288,33.74,0.2896736201999341,0.02120907871183028,-0.04418287640050977
1574114614298,2019-11-18T17:03:34.298,33.75,0.26561361297796754,0.03454410160188984,-0.06613430953131737
1574114614308,2019-11-18T17:03:34.308,33.76,0.2264042962393114,0.09148356956090323,-0.08408264871951682
1574114614318,2019-11-18T17:03:34.318,33.77,0.17670070677368796,0.1570410192371641,-0.10581206472601731
1574114614328,2019-11-18T17:03:34.328,33.78,0.13721068365379416,0.17357803092894813,-0.13765557062937495
1574114614338,2019-11-18T17:03:34.338,33.79,0.11753575501974704,0.14080076267676883,-0.17095579064902605
1574114614348,2019-11-18T17:03:34.348,33.8,0.10386699312089821,0.11576695600940456,-0.1927748831827264
1574114614358,2019-11-18T17:03:34.358,33.81,0.07739055277852577,0.12970670293284636,-0.2013742674217821
1574114614368,2019-11-18T17:03:34.368,33.82,0.03642546943395271,0.15074962200629016,-0.20386289082939393
1574114614378,2019-11-18T17:03:34.378,33.83,-0.005977749882609825,0.14370870043968248,-0.20624883601431437
1574114614388,2019-11-18T17:03:34.388,33.84,-0.040240034344987616,0.12564809674701655,-0.21102317258082648
1574114614398,2019-11-18T17:03:34.398,33.85,-0.06935650661068025,0.13588864864795225,-0.21827739490984938
1574114614408,2019-11-18T17:03:34.408,33.86,-0.09998377206121878,0.17605903025907738,-0.22355648273905848
1574114614418,2019-11-18T17:03:34.418,33.87,-0.1281600353250601,0.20909457644709198,-0.2185650479512528
1574114614428,2019-11-18T17:03:34.428,33.88,-0.14071164508919304,0.20919076221359045,-0.20005059638577907
1574114614438,2019-11-18T17:03:34.438,33.89,-0.1335628960031141,0.18868222445430438,-0.17538605411401104
1574114614448,2019-11-18T17:03:34.448,33.9,-0.12169889538506884,0.17413868805014232,-0.15462807705917989
1574114614458,2019-11-18T17:03:34.458,33.91,-0.12480432874663702,0.17439659130523838,-0.14093617569976735
1574114614468,2019-11-18T17:03:34.468,33.92,-0.14369803688022267,0.18112939735984163,-0.13214217128948452
1574114614478,2019-11-18T17:03:34.478,33.93,-0.15649541607591222,0.18845797203626552,-0.12584831761203105
1574114614488,2019-11-18T17:03:34.488,33.94,-0.14656903428872264,0.19551846113370908,-0.11981646284170572
1574114614498,2019-11-18T17:03:34.498,33.95,-0.12889325645364824,0.19454649980492378,-0.1123650294969232
1574114614508,2019-11-18T17:03:34.508,33.96,-0.12885977096524473,0.17691544294867836,-0.10409461672009901
1574114614518,2019-11-18T17:03:34.518,33.97,-0.14156481689563385,0.15078752305029058,-0.09658602183156782
1574114614528,2019-11-18T17:03:34.528,33.98,-0.14110027346045287,0.13322734667534808,-0.09033896363818378
1574114614538,2019-11-18T17:03:34.538,33.99,-0.12270154197541965,0.12795261735850239,-0.08527234961657638
1574114614548,2019-11-18T17:03:34.548,34.0,-0.1056783451387878,0.12800923469515318,-0.08168187674444094
1574114614558,2019-11-18T17:03:34.558,34.01,-0.10185620558561079,0.12970176842116388,-0.08065748262492707
1574114614568,2019-11-18T17:03:34.568,34.02,-0.10384243337598537,0.12860760533441296,-0.08335386649242446
1574114614578,2019-11-18T17:03:34.578,34.03,-0.09942598968435866,0.11815644840329106,-0.0878415731143199
1574114614588,2019-11-18T17:03:34.588,34.04,-0.08500784340216871,0.10376113892808773,-0.08849049328407561
1574114614598,2019-11-18T17:03:34.598,34.05,-0.06607335459786284,0.09928710192406286,-0.08171243503191868
1574114614608,2019-11-18T17:03:34.608,34.06,-0.04916968364670997,0.1028827748858763,-0.07003509476267167
1574114614618,2019-11-18T17:03:34.618,34.07,-0.036179302177775194,0.09596620731979796,-0.058045293578008264
1574114614628,2019-11-18T17:03:34.628,34.08,-0.0259491138600737,0.06774429623825376,-0.04744056399122583
1574114614638,2019-11-18T17:03:34.638,34.09,-0.015927631398690346,0.023570378528746494,-0.03789074993214141
1574114614648,2019-11-18T17:03:34.648,34.1,-0.0013149706537089428,-0.022401538532464897,-0.028907066485179225
1574114614658,2019-11-18T17:03:34.658,34.11,0.019550484512088108,-0.04501529528474091,-0.01854768166175231
1574114614668,2019-11-18T17:03:34.668,34.12,0.03922819721363231,-0.023660340736991088,-0.003518283666928121
1574114614678,2019-11-18T17:03:34.678,34.13,0.05273518534064668,0.011461079050993176,0.017049394938872205
1574114614688,2019-11-18T17:03:34.688,34.14,0.07112719390298794,-0.009993922397704694,0.03976603911949239
1574114614698,2019-11-18T17:03:34.698,34.15,0.10250789518786307,-0.09763051708072747,0.05974218597835003
1574114614708,2019-11-18T17:03:34.708,34.16,0.12805698284048103,-0.16363095851321519,0.07329625771088227
1574114614718,2019-11-18T17:03:34.718,34.17,0.12755682662255818,-0.1401444144588257,0.07836097083873474
1574114614728,2019-11-18T17:03:34.728,34.18,0.11306256082965185,-0.07734055840090798,0.07555102266952651
1574114614738,2019-11-18T17:03:34.738,34.19,0.1032265987138313,-0.07469929709547585,0.06976746545537486
1574114614748,2019-11-18T17:03:34.748,34.2,0.09226064258990271,-0.15624710819780685,0.0681238109699272
1574114614758,2019-11-18T17:03:34.758,34.21,0.07566614674020992,-0.2499831201802462,0.07464526009674624
1574114614768,2019-11-18T17:03:34.768,34.22,0.06852405060060295,-0.2738681183421392,0.08760633543699975
1574114614778,2019-11-18T17:03:34.778,34.23,0.07407028635987101,-0.21507641060703783,0.102509366076522
1574114614788,2019-11-18T17:03:34.788,34.24,0.0729519844017947,-0.12294466193760602,0.1172001978843229
1574114614798,2019-11-18T17:03:34.798,34.25,0.058367810372780146,-0.05709184727131435,0.13219566073338893
1574114614808,2019-11-18T17:03:34.808,34.26,0.047506530101573394,-0.05195041588806507,0.14581078057782434
1574114614818,2019-11-18T17:03:34.818,34.27,0.048554575615239806,-0.09255703183346839,0.15431295857050814
1574114614828,2019-11-18T17:03:34.828,34.28,0.045407318672768995,-0.11933305034258142,0.15888049208543284
1574114614838,2019-11-18T17:03:34.838,34.29,0.025288963347066207,-0.09106875190548472,0.1652660486190586
1574114614848,2019-11-18T17:03:34.848,34.3,-0.000826131501962148,-0.0343321206907075,0.1744757085694165
1574114614858,2019-11-18T17:03:34.858,34.31,-0.016104999878340295,-0.0024479067287743583,0.18125158864028823
1574114614868,2019-11-18T17:03:34.868,34.32,-0.020478257292846865,-0.0055970373310590855,0.18278452189329192
1574114614878,2019-11-18T17:03:34.878,34.33,-0.02542142175384702,-0.008745800219255116,0.18161294477571638
1574114614888,2019-11-18T17:03:34.888,34.34,-0.035880417825722793,0.01713667642417492,0.17916905844672604
1574114614898,2019-11-18T17:03:34.898,34.35,-0.04735080083736357,0.06297920503246854,0.1730949034474344
1574114614908,2019-11-18T17:03:34.908,34.36,-0.057418730364250645,0.09388305800231483,0.1625905182579358
1574114614918,2019-11-18T17:03:34.918,34.37,-0.07000677086083536,0.08484089814665917,0.15146482562169056
1574114614928,2019-11-18T17:03:34.928,34.38,-0.08594138016134473,0.04646614495528052,0.1435218142119069
1574114614938,2019-11-18T17:03:34.938,34.39,-0.09825625154885816,0.014804442674006752,0.13785903287915474
1574114614948,2019-11-18T17:03:34.948,34.4,-0.10189817962725384,0.016383909784714483,0.13117820631961757
1574114614958,2019-11-18T17:03:34.958,34.41,-0.10102782937241955,0.04537622035045199,0.12311637423731861
1574114614968,2019-11-18T17:03:34.968,34.42,-0.10195852535203788,0.07066492490170129,0.11622133374398476
1574114614978,2019-11-18T17:03:34.978,34.43,-0.10553912196165638,0.06550157970648157,0.1110442525008184
1574114614988,2019-11-18T17:03:34.988,34.44,-0.11052663332892175,0.03387852992316909,0.10542293838854658
1574114614998,2019-11-18T17:03:34.998,34.45,-0.11707264533574352,0.0034415653966897016,0.09980020387380159
1574114615008,2019-11-18T17:03:35.008,34.46,-0.12274269097261034,-0.005866815196484903,0.09842792591882227
1574114615018,2019-11-18T17:03:35.018,34.47,-0.12237091285826657,0.002887444843403545,0.10289953213702127
1574114615028,2019-11-18T17:03:35.028,34.48,-0.11544148736472387,0.015560515291678971,0.10898444277008601
1574114615038,2019-11-18T17:03:35.038,34.49,-0.10758808842679547,0.023056301061399227,0.11200864485775772
1574114615048,2019-11-18T17:03:35.048,34.5,-0.1031853024839551,0.02423616746205142,0.11129912942907391
1574114615058,2019-11-18T17:03:35.058,34.51,-0.10153485057601458,0.019551593473474013,0.1082469679336712
1574114615068,2019-11-18T17:03:35.068,34.52,-0.10069113360998941,0.009048837590045147,0.10395518490668937
1574114615078,2019-11-18T17:03:35.078,34.53,-0.10086757687759615,-0.00300732544866752,0.0996044489252334
1574114615088,2019-11-18T17:03:35.088,34.54,-0.10322305846107985,-0.009143816140880858,0.09613359905452905
1574114615098,2019-11-18T17:03:35.098,34.55,-0.10760905975143656,-0.006641868964102383,0.09289638476230541
1574114615108,2019-11-18T17:03:35.108,34.56,-0.11282045203241177,0.0015194235320730202,0.08847695542154074
1574114615118,2019-11-18T17:03:35.118,34.57,-0.11801747661745751,0.012614956329951658,0.08305606145112077
1574114615128,2019-11-18T17:03:35.128,34.58,-0.12244704327474959,0.024267287117183362,0.07835562521015575
1574114615138,2019-11-18T17:03:35.138,34.59,-0.12476287537129863,0.03158099515214278,0.07511089191672808
1574114615148,2019-11-18T17:03:35.148,34.6,-0.12442854654612923,0.029849124124139544,0.07233556639587752
1574114615158,2019-11-18T17:03:35.158,34.61,-0.12288824238970128,0.01799153515196547,0.06921309914631632
1574114615168,2019-11-18T17:03:35.168,34.62,-0.12198238566281344,0.00014669604754273405,0.06603866252328568
1574114615178,2019-11-18T17:03:35.178,34.63,-0.12219354965831747,-0.013196376051574147,0.06330220500786803
1574114615188,2019-11-18T17:03:35.188,34.64,-0.12284923754199603,-0.013398569777355583,0.06099007153355853
1574114615198,2019-11-18T17:03:35.198,34.65,-0.12239694182240063,-0.00826367178530052,0.058283032801346904
1574114615208,2019-11-18T17:03:35.208,34.66,-0.11862622779160148,-0.01772494269490769,0.053304183927187096
1574114615218,2019-11-18T17:03:35.218,34.67,-0.11115165671842403,-0.04888555604973663,0.04433216444362428
1574114615228,2019-11-18T17:03:35.228,34.68,-0.10345934893468,-0.08553915262302289,0.03210610393363586
1574114615238,2019-11-18T17:03:35.238,34.69,-0.09957463207443311,-0.10616083360993447,0.019776604836367395
1574114615248,2019-11-18T17:03:35.248,34.7,-0.09961898364440039,-0.10175036607339877,0.00962701458274509
1574114615258,2019-11-18T17:03:35.258,34.71,-0.10136367513625247,-0.07678180120803918,0.0013926323755363592
1574114615268,2019-11-18T17:03:35.268,34.72,-0.10195484544699919,-0.051230334463773064,-0.005023886878316355
1574114615278,2019-11-18T17:03:35.278,34.73,-0.09337917746867562,-0.06238818309020629,-0.008727307614950478
1574114615288,2019-11-18T17:03:35.288,34.74,-0.0651500101499294,-0.13232602060158333,-0.012636549053246578
1574114615298,2019-11-18T17:03:35.298,34.75,-0.02233623009822596,-0.22078687445194717,-0.023276196493207717
1574114615308,2019-11-18T17:03:35.308,34.76,0.010044962511973347,-0.2532554414213026,-0.04026674916907401
1574114615318,2019-11-18T17:03:35.318,34.77,0.01610406509711929,-0.22373721597725138,-0.05381682272361887
1574114615328,2019-11-18T17:03:35.328,34.78,0.009463562133738859,-0.2179219540786903,-0.060277310300536235
1574114615338,2019-11-18T17:03:35.338,34.79,0.009244614658115758,-0.2880010484664315,-0.06987942738106748
1574114615348,2019-11-18T17:03:35.348,34.8,0.01473678074775381,-0.36029143628779187,-0.08902766268468115
1574114615358,2019-11-18T17:03:35.358,34.81,0.018224570588801694,-0.33396508961645577,-0.10734325776762882
1574114615368,2019-11-18T17:03:35.368,34.82,0.020518568067031603,-0.22223486696845807,-0.11463662968528945
1574114615378,2019-11-18T17:03:35.378,34.83,0.022644203270716895,-0.11600301326368682,-0.11745362281964403
1574114615388,2019-11-18T17:03:35.388,34.84,0.02172257496726905,-0.048337478551347915,-0.12533435263549056
1574114615398,2019-11-18T17:03:35.398,34.85,0.019122648378654475,0.015416056895648737,-0.13381712456700773
1574114615408,2019-11-18T17:03:35.408,34.86,0.018483251013893025,0.07961359327727889,-0.13436443609337445
1574114615418,2019-11-18T17:03:35.418,34.87,0.018607227640140864,0.10358762391317908,-0.12956014639642321
1574114615428,2019-11-18T17:03:35.428,34.88,0.01714685762826939,0.08139369932564496,-0.12704156994344817
1574114615438,2019-11-18T17:03:35.438,34.89,0.01530148516401789,0.05934492179470219,-0.1278658734125991
1574114615448,2019-11-18T17:03:35.448,34.9,0.014891972970742191,0.06307218060291608,-0.1293712625015006
1574114615458,2019-11-18T17:03:35.458,34.91,0.01578589660183877,0.06360662421249554,-0.1314600116805339
1574114615468,2019-11-18T17:03:35.468,34.92,0.017336918408371566,0.03498640910146825,-0.13405178133107545
1574114615478,2019-11-18T17:03:35.478,34.93,0.02045669357541331,0.003950133107863773,-0.13498633112705266
1574114615488,2019-11-18T17:03:35.488,34.94,0.026386954689167456,0.00984819792932604,-0.13402294182430474
1574114615498,2019-11-18T17:03:35.498,34.95,0.03199473892148795,0.0407129648687191,-0.13379607504526003
1574114615508,2019-11-18T17:03:35.508,34.96,0.03062771818465021,0.05333503724535111,-0.13555404015465433
1574114615518,2019-11-18T17:03:35.518,34.97,0.020711342170074115,0.042914851685498884,-0.13741935455585563
1574114615528,2019-11-18T17:03:35.528,34.98,0.008376746447774462,0.04208219465803327,-0.13669248034691464
1574114615538,2019-11-18T17:03:35.538,34.99,0.00013627790534692847,0.05874213992201611,-0.13260654788942414
1574114615548,2019-11-18T17:03:35.548,35.0,-0.0026287881643396677,0.06656391941759816,-0.12767892225013766
1574114615558,2019-11-18T17:03:35.558,35.01,-0.0027212439092517394,0.05652549158738543,-0.12519253665238284
1574114615568,2019-11-18T17:03:35.568,35.02,-0.003458927069223955,0.0538117302500853,-0.12390837347697967
1574114615578,2019-11-18T17:03:35.578,35.03,-0.005492854306658739,0.07453617963300886,-0.1185117314456037
1574114615588,2019-11-18T17:03:35.588,35.04,-0.007616790268122446,0.09574805929942751,-0.1078098152879763
1574114615598,2019-11-18T17:03:35.598,35.05,-0.009661664827121809,0.0852655020006013,-0.098150294762751
1574114615608,2019-11-18T17:03:35.608,35.06,-0.011943159926728923,0.046898294076307454,-0.09486752899627543
1574114615618,2019-11-18T17:03:35.618,35.07,-0.01364034014905006,0.017500513802608232,-0.0945921530870277
1574114615628,2019-11-18T17:03:35.628,35.08,-0.01381372061866921,0.021105296759115932,-0.09062448780990577
1574114615638,2019-11-18T17:03:35.638,35.09,-0.012233680087319575,0.04137060399380022,-0.0824901711313411
1574114615648,2019-11-18T17:03:35.648,35.1,-0.009544574086010133,0.046619637565510234,-0.07550399370650253
1574114615658,2019-11-18T17:03:35.658,35.11,-0.008703218047391218,0.03212223332669861,-0.07287523711528968
1574114615668,2019-11-18T17:03:35.668,35.12,-0.013776970809112965,0.021785914441170166,-0.07258973234953828
1574114615678,2019-11-18T17:03:35.678,35.13,-0.024181223904541038,0.02976601083022931,-0.07197920218626741
1574114615688,2019-11-18T17:03:35.688,35.14,-0.03339166068367185,0.042290902433714576,-0.07165344578774865
1574114615698,2019-11-18T17:03:35.698,35.15,-0.037026546839221436,0.04434703331385656,-0.07331780992742196
1574114615708,2019-11-18T17:03:35.708,35.16,-0.03792439996218111,0.04143195382605582,-0.07626712579868869
1574114615718,2019-11-18T17:03:35.718,35.17,-0.03960967045494319,0.042840798610884356,-0.07813744989507995
1574114615728,2019-11-18T17:03:35.728,35.18,-0.040749410933578915,0.042924163643503696,-0.07806144178899256
1574114615738,2019-11-18T17:03:35.738,35.19,-0.04026569740123763,0.033250997987741324,-0.0778497126648951
1574114615748,2019-11-18T17:03:35.748,35.2,-0.041870685195510966,0.021377229638336548,-0.07958144739665088
1574114615758,2019-11-18T17:03:35.758,35.21,-0.04927953533972594,0.023440822551847276,-0.08194625119852388
1574114615768,2019-11-18T17:03:35.768,35.22,-0.06037499048262451,0.04117843543321189,-0.08106787569578067
1574114615778,2019-11-18T17:03:35.778,35.23,-0.06775460628558143,0.05765500400880055,-0.07637190359383018
1574114615788,2019-11-18T17:03:35.788,35.24,-0.06430430358264044,0.05851988622669188,-0.07233336286344724
1574114615798,2019-11-18T17:03:35.798,35.25,-0.05085757893408754,0.04807711900912432,-0.07192279490494728
1574114615808,2019-11-18T17:03:35.808,35.26,-0.037677500340074145,0.03716783655213104,-0.07231944084529755
1574114615818,2019-11-18T17:03:35.818,35.27,-0.03211826367007596,0.02280783305398682,-0.07043035579450903
1574114615828,2019-11-18T17:03:35.828,35.28,-0.027837487405988473,-0.006685386099059825,-0.06843325204245512
1574114615838,2019-11-18T17:03:35.838,35.29,-0.017092496997625453,-0.04648569468620575,-0.0698795156138296
1574114615848,2019-11-18T17:03:35.848,35.3,-0.008332344141189444,-0.07127378490070438,-0.07381463738879411
1574114615858,2019-11-18T17:03:35.858,35.31,-0.015087776468063231,-0.0663568005375613,-0.07669816310576336
1574114615868,2019-11-18T17:03:35.868,35.32,-0.03246464231123475,-0.05059347944602839,-0.0778157725210491
1574114615878,2019-11-18T17:03:35.878,35.33,-0.042802052804113457,-0.05395011357877681,-0.07932825801985224
1574114615888,2019-11-18T17:03:35.888,35.34,-0.03998945937898345,-0.07995566538802672,-0.08239033882703013
1574114615898,2019-11-18T17:03:35.898,35.35,-0.03328272749293642,-0.10319159718586186,-0.08597918689337274
1574114615908,2019-11-18T17:03:35.908,35.36,-0.033098807689459,-0.09748339372116521,-0.08830717827333134
1574114615918,2019-11-18T17:03:35.918,35.37,-0.0423788980350819,-0.058625318234599266,-0.08783305397594814
1574114615928,2019-11-18T17:03:35.928,35.38,-0.05473488619628901,-0.010740205928662823,-0.08472924414757188
1574114615938,2019-11-18T17:03:35.938,35.39,-0.05883714148018735,0.0034882740089277396,-0.0812812062283732
1574114615948,2019-11-18T17:03:35.948,35.4,-0.05131559728747495,-0.03903518393108294,-0.07817087948989618
1574114615958,2019-11-18T17:03:35.958,35.41,-0.038471986723161905,-0.1013100804442065,-0.07226625883398763
1574114615968,2019-11-18T17:03:35.968,35.42,-0.019730731142342844,-0.11791435612562862,-0.06179612734867827
1574114615978,2019-11-18T17:03:35.978,35.43,0.011933711821804345,-0.08517140438514306,-0.05064729445965108
1574114615988,2019-11-18T17:03:35.988,35.44,0.04359253844731222,-0.06594931793261502,-0.042132443431962006
1574114615998,2019-11-18T17:03:35.998,35.45,0.043406165934116,-0.07977731574066449,-0.030704673151701844
1574114616008,2019-11-18T17:03:36.008,35.46,0.006883845888778494,-0.07008745452434582,-0.007322443098870837
1574114616018,2019-11-18T17:03:36.018,35.47,-0.023591471129135212,-0.020739861481971596,0.025871666522717676
1574114616028,2019-11-18T17:03:36.028,35.48,-0.010204675022014179,-0.0030779066238091016,0.054694700130961005
1574114616038,2019-11-18T17:03:36.038,35.49,0.02972357579940308,-0.049902880289210624,0.07105877207677383
1574114616048,2019-11-18T17:03:36.048,35.5,0.05069856689230608,-0.08445622026599799,0.083166802634864
1574114616058,2019-11-18T17:03:36.058,35.51,0.04042045604706457,-0.03793528386490666,0.10153766142842316
1574114616068,2019-11-18T17:03:36.068,35.52,0.026399204665956806,0.04843823999271088,0.12394968731028247
1574114616078,2019-11-18T17:03:36.078,35.53,0.03113976465330135,0.09541031633582325,0.14147532123115963
1574114616088,2019-11-18T17:03:36.088,35.54,0.04820760593815771,0.09415253513985783,0.15170110071551024
1574114616098,2019-11-18T17:03:36.098,35.55,0.060595615026064434,0.09340676148249824,0.15888418651952912
1574114616108,2019-11-18T17:03:36.108,35.56,0.06135770718408566,0.11750832282471027,0.1661217679100636
1574114616118,2019-11-18T17:03:36.118,35.57,0.055110510520879036,0.1373131082797743,0.17270454972567112
1574114616128,2019-11-18T17:03:36.128,35.58,0.05202549632451667,0.11338811782038047,0.17635949416052035
1574114616138,2019-11-18T17:03:36.138,35.59,0.059044754173000924,0.0496673453750134,0.1754004489332093
1574114616148,2019-11-18T17:03:36.148,35.6,0.07079877664878587,-0.0017614873415961046,0.1709696383972823
1574114616158,2019-11-18T17:03:36.158,35.61,0.07498851342380171,0.006039200761891815,0.16765859715746903
1574114616168,2019-11-18T17:03:36.168,35.62,0.06993159601002387,0.060882640524835115,0.16879114785298144
1574114616178,2019-11-18T17:03:36.178,35.63,0.0673465019469223,0.10645077849642195,0.1714391198866881
1574114616188,2019-11-18T17:03:36.188,35.64,0.07440005921562469,0.1096422101954434,0.16962841483500382
1574114616198,2019-11-18T17:03:36.198,35.65,0.0834636649508645,0.0877452927005366,0.1618624495556946
1574114616208,2019-11-18T17:03:36.208,35.66,0.0848573160463246,0.06517158767655294,0.15203938359863106
1574114616218,2019-11-18T17:03:36.218,35.67,0.08087069169612918,0.03894652059734408,0.14315862847014765
1574114616228,2019-11-18T17:03:36.228,35.68,0.07989289881758896,0.0028087802413654618,0.13354902930116502
1574114616238,2019-11-18T17:03:36.238,35.69,0.08204818882211717,-0.029148002791456733,0.12088452692931806
1574114616248,2019-11-18T17:03:36.248,35.7,0.07910458417095045,-0.042867378909242304,0.10703634040482507
1574114616258,2019-11-18T17:03:36.258,35.71,0.06773973189055811,-0.04248344560080864,0.09550665182979289
1574114616268,2019-11-18T17:03:36.268,35.72,0.05513680820011767,-0.037683714471358626,0.08620634407416873
1574114616278,2019-11-18T17:03:36.278,35.73,0.04869390540418715,-0.03274393184452505,0.07690977474657842
1574114616288,2019-11-18T17:03:36.288,35.74,0.04635793016316753,-0.028935836283497766,0.06801902852117875
1574114616298,2019-11-18T17:03:36.298,35.75,0.04183086149753225,-0.02527421808304531,0.06182725771540923
1574114616308,2019-11-18T17:03:36.308,35.76,0.034435975537660805,-0.021318980245832217,0.05858868344096051
1574114616318,2019-11-18T17:03:36.318,35.77,0.028105912970771765,-0.02216746289983753,0.0566520423138623
1574114616328,2019-11-18T17:03:36.328,35.78,0.024161540270200205,-0.030901313566433213,0.05487405140116834
1574114616338,2019-11-18T17:03:36.338,35.79,0.02107930368558282,-0.03837890007244854,0.05228170265731741
1574114616348,2019-11-18T17:03:36.348,35.8,0.019102315474710654,-0.034798601104646935,0.04791835994438019
1574114616358,2019-11-18T17:03:36.358,35.81,0.01910509925322378,-0.02759605316333144,0.04362993410211929
1574114616368,2019-11-18T17:03:36.368,35.82,0.018874687590702308,-0.029525635562329768,0.04320733488083532
1574114616378,2019-11-18T17:03:36.378,35.83,0.016810815823934067,-0.033536512912284044,0.04601310947542923
1574114616388,2019-11-18T17:03:36.388,35.84,0.016104803436780814,-0.02274629209345969,0.04661897701106968
1574114616398,2019-11-18T17:03:36.398,35.85,0.018627963142133618,-0.0014246643441676657,0.04355000361727365
1574114616408,2019-11-18T17:03:36.408,35.86,0.01985680433754695,0.009691941382249231,0.04185782005580413
1574114616418,2019-11-18T17:03:36.418,35.87,0.015503777675442375,0.004180633888697327,0.04424382608228611
1574114616428,2019-11-18T17:03:36.428,35.88,0.0076080524042109535,-0.009256792126921215,0.047046932125096336
1574114616438,2019-11-18T17:03:36.438,35.89,0.0017158501935067498,-0.02636019115938009,0.04786952852523438
1574114616448,2019-11-18T17:03:36.448,35.9,0.0012846511434534765,-0.041153604179757435,0.04980206779485109
1574114616458,2019-11-18T17:03:36.458,35.91,0.004406068379229515,-0.03778914289661024,0.054808080907755165
1574114616468,2019-11-18T17:03:36.468,35.92,0.007549077542350837,-0.017452369302371255,0.05910632957558254
1574114616478,2019-11-18T17:03:36.478,35.93,0.009146893127184037,-0.007954156133429863,0.059378607402166966
1574114616488,2019-11-18T17:03:36.488,35.94,0.001025142916834825,-0.016299949105530714,0.05911873486965992
1574114616498,2019-11-18T17:03:36.498,35.95,-0.026311992855725004,-0.011468673684044653,0.06271264522808695
1574114616508,2019-11-18T17:03:36.508,35.96,-0.053105285777882226,0.008683066582270473,0.06613982243136579
1574114616518,2019-11-18T17:03:36.518,35.97,-0.04185453183432526,-0.006144298797339003,0.062278392016915776
1574114616528,2019-11-18T17:03:36.528,35.98,-0.002147284112659402,-0.061334237938451316,0.05391036601352167
1574114616538,2019-11-18T17:03:36.538,35.99,0.008050016102156445,-0.07408658262264428,0.051369639733836514
1574114616548,2019-11-18T17:03:36.548,36.0,-0.031490269606469536,0.00016713112263302098,0.057640469414536426
1574114616558,2019-11-18T17:03:36.558,36.01,-0.07321900847336066,0.08074417705268505,0.06390699702477978
1574114616568,2019-11-18T17:03:36.568,36.02,-0.07466442169437179,0.07709213301209966,0.060439478392056364
1574114616578,2019-11-18T17:03:36.578,36.03,-0.047008137380759436,0.011214100464873452,0.04872518552697297
1574114616588,2019-11-18T17:03:36.588,36.04,-0.019280050873192223,-0.04308904345905699,0.04091229204594134
1574114616598,2019-11-18T17:03:36.598,36.05,0.0007791095683740428,-0.0686864422660903,0.04522887368469949
1574114616608,2019-11-18T17:03:36.608,36.06,0.01799600476778504,-0.08883445745739482,0.056255532244235885
1574114616618,2019-11-18T17:03:36.618,36.07,0.030468239468942497,-0.10056567150234083,0.06449553062169561
1574114616628,2019-11-18T17:03:36.628,36.08,0.031712171603385894,-0.084831510680097,0.0682564812947063
1574114616638,2019-11-18T17:03:36.638,36.09,0.022434480062804102,-0.051251087202776116,0.07014174347510317
1574114616648,2019-11-18T17:03:36.648,36.1,0.012228169460719647,-0.02807850188415558,0.06996445338297494
1574114616658,2019-11-18T17:03:36.658,36.11,0.008947716818887069,-0.023331985379465493,0.06671603922656535
1574114616668,2019-11-18T17:03:36.668,36.12,0.01027892437019022,-0.02288655636801678,0.06167782800562353
1574114616678,2019-11-18T17:03:36.678,36.13,0.009388089222233316,-0.01557924451432671,0.05652204835642027
1574114616688,2019-11-18T17:03:36.688,36.14,0.004828900798302661,-0.003192843519267548,0.05174482392021512
1574114616698,2019-11-18T17:03:36.698,36.15,-0.0017020394697908436,0.00538679505643532,0.047212794434295074
1574114616708,2019-11-18T17:03:36.708,36.16,-0.01278399444491984,0.0009290115903552573,0.04225229382635612
1574114616718,2019-11-18T17:03:36.718,36.17,-0.029144203231716733,-0.01600703645208854,0.03616394884703634
1574114616728,2019-11-18T17:03:36.728,36.18,-0.039566857846198664,-0.028378929566720095,0.029377140906800436
1574114616738,2019-11-18T17:03:36.738,36.19,-0.033412253456944166,-0.017844544702871622,0.023481178504549192
1574114616748,2019-11-18T17:03:36.748,36.2,-0.021314090497508105,0.010381737718179861,0.020422483328779252
1574114616758,2019-11-18T17:03:36.758,36.21,-0.02239916156046242,0.02975435496600275,0.020703469950516182
1574114616768,2019-11-18T17:03:36.768,36.22,-0.033315695148002394,0.024081964452299515,0.02161903186327761
1574114616778,2019-11-18T17:03:36.778,36.23,-0.03457799969288264,0.006455329032460027,0.020050462837598683
1574114616788,2019-11-18T17:03:36.788,36.24,-0.023591576321495056,-0.00018417502794563926,0.01712671684635652
1574114616798,2019-11-18T17:03:36.798,36.25,-0.015716693625792096,0.007707178449994849,0.016185610738631277
1574114616808,2019-11-18T17:03:36.808,36.26,-0.017147740516712917,0.014659416154107726,0.01752885668563951
1574114616818,2019-11-18T17:03:36.818,36.27,-0.019837676387074826,0.011062831676153698,0.019334094564597917
1574114616828,2019-11-18T17:03:36.828,36.28,-0.020127339123642875,0.0052867431994521085,0.020906999452280788
1574114616838,2019-11-18T17:03:36.838,36.29,-0.023540895419303834,0.008380763225779833,0.021431516127782022
1574114616848,2019-11-18T17:03:36.848,36.3,-0.031379023900528415,0.0172694097149143,0.018806820192981306
1574114616858,2019-11-18T17:03:36.858,36.31,-0.037110065604156424,0.0214623922687424,0.012590895065374086
1574114616868,2019-11-18T17:03:36.868,36.32,-0.03806235109097841,0.018973331011002167,0.0056159338617866195
1574114616878,2019-11-18T17:03:36.878,36.33,-0.039342294027364486,0.015620060534660602,0.0005536652501196903
1574114616888,2019-11-18T17:03:36.888,36.34,-0.04342644393684518,0.014468549188729703,-0.0037172136822517065
1574114616898,2019-11-18T17:03:36.898,36.35,-0.04537728160891599,0.014194830441661985,-0.010409142886718157
1574114616908,2019-11-18T17:03:36.908,36.36,-0.041564416422281314,0.01277706519025076,-0.02037896401109559
1574114616918,2019-11-18T17:03:36.918,36.37,-0.035608108346010484,0.008750897894896683,-0.031524161079472
1574114616928,2019-11-18T17:03:36.928,36.38,-0.032263715717225916,0.0023386155834555613,-0.04157995829243398
1574114616938,2019-11-18T17:03:36.938,36.39,-0.03079963749840597,-0.00515482258688858,-0.049429893299256754
1574114616948,2019-11-18T17:03:36.948,36.4,-0.02797916630533617,-0.013251064476591787,-0.054962068483182705
1574114616958,2019-11-18T17:03:36.958,36.41,-0.02397120759967547,-0.01969651079485133,-0.05885461829169773
1574114616968,2019-11-18T17:03:36.968,36.42,-0.02116148008799954,-0.01986529969795124,-0.06167984320264405
1574114616978,2019-11-18T17:03:36.978,36.43,-0.018562016214027813,-0.014845202507679539,-0.06377814444610455
1574114616988,2019-11-18T17:03:36.988,36.44,-0.01138211117894529,-0.01381303559163876,-0.06603267344263955
1574114616998,2019-11-18T17:03:36.998,36.45,0.0032139323675002664,-0.02210356243984945,-0.06882414770385017
1574114617008,2019-11-18T17:03:37.008,36.46,0.02225373032269985,-0.03415838851746279,-0.07077914869545594
1574114617018,2019-11-18T17:03:37.018,36.47,0.03971677561457415,-0.04283195561242786,-0.07055618113986323
1574114617028,2019-11-18T17:03:37.028,36.48,0.051582399069809805,-0.04685081292040459,-0.06889586343233882
1574114617038,2019-11-18T17:03:37.038,36.49,0.05746978645370372,-0.045619410475437785,-0.0675185082117027
1574114617048,2019-11-18T17:03:37.048,36.5,0.05930802075280896,-0.03652335829957848,-0.06704361571450461
1574114617058,2019-11-18T17:03:37.058,36.51,0.05984485649280617,-0.020432458596371744,-0.0667246803757848
1574114617068,2019-11-18T17:03:37.068,36.52,0.060985289722515,-0.0016160123004426803,-0.06546305191574517
1574114617078,2019-11-18T17:03:37.078,36.53,0.06272358512287518,0.016884359874245504,-0.06293822798418998
1574114617088,2019-11-18T17:03:37.088,36.54,0.06477052011616165,0.02941992011857615,-0.06020157326259277
1574114617098,2019-11-18T17:03:37.098,36.55,0.06816198183051136,0.025754260440288015,-0.05867334197584109
1574114617108,2019-11-18T17:03:37.108,36.56,0.07268708235998173,0.00595960688205885,-0.05825225658330983
1574114617118,2019-11-18T17:03:37.118,36.57,0.07371984228729611,-0.009639532136735702,-0.0578062209574074
1574114617128,2019-11-18T17:03:37.128,36.58,0.06617486813980258,-0.0021952356061098787,-0.0577361701826075
1574114617138,2019-11-18T17:03:37.138,36.59,0.053512887204995835,0.018322407910008748,-0.05956151923135165
1574114617148,2019-11-18T17:03:37.148,36.6,0.04711229997892338,0.025581984138831507,-0.06282385848463927
1574114617158,2019-11-18T17:03:37.158,36.61,0.05142361120931842,0.014223491051599884,-0.06529753962203573
1574114617168,2019-11-18T17:03:37.168,36.62,0.05655406274371867,0.005330348666307415,-0.06605478702405473
1574114617178,2019-11-18T17:03:37.178,36.63,0.05316038647232153,0.014070681223776112,-0.06585088847008769
1574114617188,2019-11-18T17:03:37.188,36.64,0.0463833241320853,0.03002521580674912,-0.06514501089046047
1574114617198,2019-11-18T17:03:37.198,36.65,0.045553708626189404,0.03455589086561727,-0.06369056702816112
1574114617208,2019-11-18T17:03:37.208,36.66,0.04824245935579904,0.025525724189862636,-0.06152724653346705
1574114617218,2019-11-18T17:03:37.218,36.67,0.04516799060935105,0.01661277531826608,-0.05900554176750786
1574114617228,2019-11-18T17:03:37.228,36.68,0.0356386792792613,0.016527974675213053,-0.056325954595205154
1574114617238,2019-11-18T17:03:37.238,36.69,0.02806821977783663,0.018632934459356095,-0.05403067709888396
1574114617248,2019-11-18T17:03:37.248,36.7,0.02683566313690535,0.013796797792635308,-0.052815667352794755
1574114617258,2019-11-18T17:03:37.258,36.71,0.027173858111532875,0.0056578383779806165,-0.05163132112304081
1574114617268,2019-11-18T17:03:37.268,36.72,0.024281223147690992,0.005899437165890113,-0.047902183527866446
1574114617278,2019-11-18T17:03:37.278,36.73,0.02025703129878513,0.017018967971361196,-0.04151339767869737
1574114617288,2019-11-18T17:03:37.288,36.74,0.01882996304467422,0.028301920892727324,-0.036223648132131935
1574114617298,2019-11-18T17:03:37.298,36.75,0.01914190175504959,0.031368456061586565,-0.034705989716186075
1574114617308,2019-11-18T17:03:37.308,36.76,0.018500851068244707,0.030869970356817572,-0.03482828183223927
1574114617318,2019-11-18T17:03:37.318,36.77,0.016573008627709943,0.03342099238419048,-0.03364808389662007
1574114617328,2019-11-18T17:03:37.328,36.78,0.013812724770694569,0.034822473876935066,-0.03219044684920762
1574114617338,2019-11-18T17:03:37.338,36.79,0.009642333657973384,0.027919565423709908,-0.03301158527287641
1574114617348,2019-11-18T17:03:37.348,36.8,0.004197839660478054,0.016538349521785095,-0.035508181776025105
1574114617358,2019-11-18T17:03:37.358,36.81,-0.001033076498537771,0.011163075712088223,-0.03686222714302241
1574114617368,2019-11-18T17:03:37.368,36.82,-0.004997626851862908,0.014099240407804726,-0.03616998440321339
1574114617378,2019-11-18T17:03:37.378,36.83,-0.007692129852320057,0.017827083809065683,-0.03513151146206458
1574114617388,2019-11-18T17:03:37.388,36.84,-0.00962788545151937,0.01691530994748614,-0.03522976035191752
1574114617398,2019-11-18T17:03:37.398,36.85,-0.011520970084866612,0.014267093223268888,-0.03600741485297923
1574114617408,2019-11-18T17:03:37.408,36.86,-0.013497076521749514,0.015168507298040989,-0.03608630914044129
1574114617418,2019-11-18T17:03:37.418,36.87,-0.014826302913281613,0.02083519361840593,-0.0346301907105967
1574114617428,2019-11-18T17:03:37.428,36.88,-0.01479813469491507,0.028592976213864717,-0.03184374932788851
1574114617438,2019-11-18T17:03:37.438,36.89,-0.012801727589269013,0.03427553193284798,-0.028885144843515485
1574114617448,2019-11-18T17:03:37.448,36.9,-0.008656555118497023,0.035029907836629626,-0.02689014543910804
1574114617458,2019-11-18T17:03:37.458,36.91,-0.004500779423574931,0.03267327336981966,-0.025586965115785634
1574114617468,2019-11-18T17:03:37.468,36.92,-0.003582998209161383,0.030725663886446486,-0.023465542572153074
1574114617478,2019-11-18T17:03:37.478,36.93,-0.005004164515470379,0.026031273684671452,-0.019450942127467796
1574114617488,2019-11-18T17:03:37.488,36.94,-0.003699014379048912,0.011849772069130241,-0.013981636494001519
1574114617498,2019-11-18T17:03:37.498,36.95,0.001506356276167956,-0.006193993012219496,-0.0086021125314952
1574114617508,2019-11-18T17:03:37.508,36.96,0.0044298636741642895,-0.009193997615955986,-0.004746530181181448
1574114617518,2019-11-18T17:03:37.518,36.97,3.463837931484085e-05,0.01006800875190411,-0.0028797171020593856
1574114617528,2019-11-18T17:03:37.528,36.98,-0.007361894076155282,0.031860112690674756,-0.002810975624728744
1574114617538,2019-11-18T17:03:37.538,36.99,-0.008929168258795275,0.03289860561991802,-0.004293764889198096
1574114617548,2019-11-18T17:03:37.548,37.0,-0.00238205778716659,0.0169855043807813,-0.006521782457930744
1574114617558,2019-11-18T17:03:37.558,37.01,0.005841385545715211,0.006967689628819769,-0.007701876178396504
1574114617568,2019-11-18T17:03:37.568,37.02,0.009075509099528088,0.012514414451798425,-0.006676537734178556
1574114617578,2019-11-18T17:03:37.578,37.03,0.007808524989564816,0.02205649643616972,-0.004864163787182362
1574114617588,2019-11-18T17:03:37.588,37.04,0.006517242180208242,0.02332056575680479,-0.005033268602227814
1574114617598,2019-11-18T17:03:37.598,37.05,0.005478908100049262,0.01770662169114643,-0.007939245900782434
1574114617608,2019-11-18T17:03:37.608,37.06,0.0011394275619282987,0.01331529299286698,-0.011867773482976879
1574114617618,2019-11-18T17:03:37.618,37.07,-0.00600294367419192,0.012378563731474626,-0.015845985983602005
1574114617628,2019-11-18T17:03:37.628,37.08,-0.01095656079600724,0.010191351331087483,-0.020806359690929886
1574114617638,2019-11-18T17:03:37.638,37.09,-0.012312019779828555,0.004365707577737235,-0.026700320869260646
1574114617648,2019-11-18T17:03:37.648,37.1,-0.014234623826761673,-0.00039805091238823836,-0.03157069944189374
1574114617658,2019-11-18T17:03:37.658,37.11,-0.01931832706605487,0.00040944278668529,-0.03481900927763933
1574114617668,2019-11-18T17:03:37.668,37.12,-0.02481420246532118,0.003006948531995462,-0.03821526508616705
1574114617678,2019-11-18T17:03:37.678,37.13,-0.027481189429522955,-9.132777494146358e-05,-0.042411952264534744
1574114617688,2019-11-18T17:03:37.688,37.14,-0.0279336263136322,-0.008875908663799937,-0.04546521602995892
1574114617698,2019-11-18T17:03:37.698,37.15,-0.028310314979652782,-0.015254872654023203,-0.04584187952316281
1574114617708,2019-11-18T17:03:37.708,37.16,-0.028702833047429,-0.014196186261029593,-0.044446377212310616
1574114617718,2019-11-18T17:03:37.718,37.17,-0.027383339145249777,-0.010128447339397608,-0.04284890222287205
1574114617728,2019-11-18T17:03:37.728,37.18,-0.023094984271836164,-0.009924102005102917,-0.04120070489267008
1574114617738,2019-11-18T17:03:37.738,37.19,-0.01716396738885899,-0.012910977031634062,-0.03869626430900949
1574114617748,2019-11-18T17:03:37.748,37.2,-0.01292677942271693,-0.011874425267738159,-0.03495647795984413
1574114617758,2019-11-18T17:03:37.758,37.21,-0.011061721777845245,-0.003709268290639077,-0.029907069026630144
1574114617768,2019-11-18T17:03:37.768,37.22,-0.007957001137259043,0.005250928280688143,-0.023203053099527908
1574114617778,2019-11-18T17:03:37.778,37.23,-0.0020367056475562055,0.0069291558331961885,-0.01538618336245945
1574114617788,2019-11-18T17:03:37.788,37.24,0.0025127625163474587,0.00204725454202956,-0.009021314441653439
1574114617798,2019-11-18T17:03:37.798,37.25,0.0019416807301723396,1.711821252814655e-05,-0.006630476831946144
1574114617808,2019-11-18T17:03:37.808,37.26,-0.0017030000740246361,0.007349083020235649,-0.0075174108368504175
1574114617818,2019-11-18T17:03:37.818,37.27,-0.00393656584257242,0.017293043456327612,-0.008534744564469437
1574114617828,2019-11-18T17:03:37.828,37.28,-0.0028321906332206184,0.016164995288903503,-0.008183317224182182
1574114617838,2019-11-18T17:03:37.838,37.29,5.7859819514603154e-05,0.002694961797310818,-0.007959113687304203
1574114617848,2019-11-18T17:03:37.848,37.3,0.0010890920571761998,-0.008058317128612026,-0.00911218272847725
1574114617858,2019-11-18T17:03:37.858,37.31,-0.002303625536185462,-0.0074764738694297825,-0.010418481383590172
1574114617868,2019-11-18T17:03:37.868,37.32,-0.00759606324527053,-0.007327993086143344,-0.010254220206126534
1574114617878,2019-11-18T17:03:37.878,37.33,-0.008644386147663202,-0.017931012132334098,-0.008783744700646842
1574114617888,2019-11-18T17:03:37.888,37.34,-0.004527372289333996,-0.025731710659176753,-0.00714800607143054
1574114617898,2019-11-18T17:03:37.898,37.35,-0.003251896788958914,-0.011292729124344397,-0.005693431462316637
1574114617908,2019-11-18T17:03:37.908,37.36,-0.010207322655608014,0.01771750198319993,-0.003641542174111633
1574114617918,2019-11-18T17:03:37.918,37.37,-0.017412317427772835,0.03128307062360364,-0.0010703112530215
1574114617928,2019-11-18T17:03:37.928,37.38,-0.014503483464768263,0.01681582406066368,-0.00013131685794448962
1574114617938,2019-11-18T17:03:37.938,37.39,-0.005959018556438995,-0.003060473439779973,-0.0015182898252201569
1574114617948,2019-11-18T17:03:37.948,37.4,-0.0045375966940869985,-0.002822450668333638,-0.0021620193167143304
1574114617958,2019-11-18T17:03:37.958,37.41,-0.011515390694711178,0.01125337926668866,-0.0003197430784917029
1574114617968,2019-11-18T17:03:37.968,37.42,-0.016628124498148975,0.01584804799620515,0.0015207258017927486
1574114617978,2019-11-18T17:03:37.978,37.43,-0.014661842242547924,0.0065506287911598505,0.0021491368986665048
1574114617988,2019-11-18T17:03:37.988,37.44,-0.010717746111625927,-0.0017054881469994048,0.0038416580011662953
1574114617998,2019-11-18T17:03:37.998,37.45,-0.010569759800979373,-0.0005068450852919583,0.006991016961083294
1574114618008,2019-11-18T17:03:38.008,37.46,-0.014028110982240341,0.004273781552630912,0.008721929174208772
1574114618018,2019-11-18T17:03:38.018,37.47,-0.01771341961698549,0.004943178644349663,0.007648938760559347
1574114618028,2019-11-18T17:03:38.028,37.48,-0.019521389179997625,9.169570671748524e-06,0.005535013643895375
1574114618038,2019-11-18T17:03:38.038,37.49,-0.019640328985956856,-0.006778678757565935,0.004823587620489844
1574114618048,2019-11-18T17:03:38.048,37.5,-0.01923150979773896,-0.009362324616975094,0.007174144056183027
1574114618058,2019-11-18T17:03:38.058,37.51,-0.018649804819811495,-0.0043723839678569375,0.012364043890633144
1574114618068,2019-11-18T17:03:38.068,37.52,-0.01642019431527005,0.004020441584940116,0.016749699810470454
1574114618078,2019-11-18T17:03:38.078,37.53,-0.010301212662313576,0.006997503577556557,0.016422750692393503
1574114618088,2019-11-18T17:03:38.088,37.54,-0.00044298365034496526,0.0009260521118373687,0.01375023451237712
1574114618098,2019-11-18T17:03:38.098,37.55,0.008598886357694248,-0.007926969269566708,0.015218722785699808
1574114618108,2019-11-18T17:03:38.108,37.56,0.01115827454914595,-0.01103258690969558,0.020872346634499876
1574114618118,2019-11-18T17:03:38.118,37.57,0.006984320815097457,-0.007656765165176421,0.02346159350115436
1574114618128,2019-11-18T17:03:38.128,37.58,0.0020673385376436637,-0.003601760802092029,0.01991801130314479
1574114618138,2019-11-18T17:03:38.138,37.59,0.001386685002652827,-0.0025594095237049365,0.015323775481867894
1574114618148,2019-11-18T17:03:38.148,37.6,0.004039130498707547,-0.003713013239446235,0.01387213054488054
1574114618158,2019-11-18T17:03:38.158,37.61,0.006946408652342648,-0.005735942825117105,0.013511802241473608
1574114618168,2019-11-18T17:03:38.168,37.62,0.008846117543601043,-0.008023258288196715,0.011520438987494087
1574114618178,2019-11-18T17:03:38.178,37.63,0.00892146558912801,-0.009119460884653152,0.009580933375443228
1574114618188,2019-11-18T17:03:38.188,37.64,0.00614974264510385,-0.008205432223705083,0.010264410186621453
1574114618198,2019-11-18T17:03:38.198,37.65,0.0016747686689095238,-0.007770189776575816,0.01198769601880258
1574114618208,2019-11-18T17:03:38.208,37.66,-0.0017336131085517149,-0.01066898126618094,0.011481686166131377
1574114618218,2019-11-18T17:03:38.218,37.67,-0.003249582488712037,-0.014057317178432512,0.009626579684218364
1574114618228,2019-11-18T17:03:38.228,37.68,-0.004123720696737181,-0.01159133729107199,0.010511642795745348
1574114618238,2019-11-18T17:03:38.238,37.69,-0.004133547085263702,-0.0037763513089581454,0.015244337022742303
1574114618248,2019-11-18T17:03:38.248,37.7,-0.0007895299866793445,7.594780003756792e-05,0.02089415484455171
1574114618258,2019-11-18T17:03:38.258,37.71,0.006624882379325109,-0.0057741946981543875,0.02548510474910478
1574114618268,2019-11-18T17:03:38.268,37.72,0.013873781766471204,-0.013553381233330893,0.029787612190735217
1574114618278,2019-11-18T17:03:38.278,37.73,0.015016091144364259,-0.008845551839731899,0.03404591589484712
1574114618288,2019-11-18T17:03:38.288,37.74,0.009598878852801605,0.011727314362788384,0.037094601224290424
1574114618298,2019-11-18T17:03:38.298,37.75,0.004720450301107857,0.03158958399320685,0.0385267258011483
1574114618308,2019-11-18T17:03:38.308,37.76,0.007081852744294495,0.030388967816977183,0.038510654916196665
1574114618318,2019-11-18T17:03:38.318,37.77,0.013981332078381384,0.011323580005993065,0.03706609180218988
1574114618328,2019-11-18T17:03:38.328,37.78,0.017071672436717977,-0.0005616921448557068,0.0354182866602587
1574114618338,2019-11-18T17:03:38.338,37.79,0.014714872608259693,0.0075556129015534705,0.03514081255288856
1574114618348,2019-11-18T17:03:38.348,37.8,0.013437996495393862,0.021205719966645463,0.03550439747767571
1574114618358,2019-11-18T17:03:38.358,37.81,0.016376408718757382,0.024677754759351564,0.03472216525139083
1574114618368,2019-11-18T17:03:38.368,37.82,0.018860752127973175,0.022453318997938086,0.03289977954004983
1574114618378,2019-11-18T17:03:38.378,37.83,0.017771129725006937,0.024376517538612176,0.031277412140702884
1574114618388,2019-11-18T17:03:38.388,37.84,0.01693519909590625,0.02642527409329229,0.029972775690498485
1574114618398,2019-11-18T17:03:38.398,37.85,0.019759200113803558,0.018981451427594307,0.028265393523951403
1574114618408,2019-11-18T17:03:38.408,37.86,0.023471743232985124,0.004042092539368244,0.02616009357812204
1574114618418,2019-11-18T17:03:38.418,37.87,0.02439703651540253,-0.00760849512092446,0.02448015102065683
1574114618428,2019-11-18T17:03:38.428,37.88,0.023370993264735976,-0.011375882494416845,0.023624303407071348
1574114618438,2019-11-18T17:03:38.438,37.89,0.02255861761312418,-0.010894185219011945,0.023039513415103283
1574114618448,2019-11-18T17:03:38.448,37.9,0.021504199731478973,-0.00798335870358139,0.022324910347465247
1574114618458,2019-11-18T17:03:38.458,37.91,0.019595681236791628,-0.0008458266004433706,0.02227292452638805
1574114618468,2019-11-18T17:03:38.468,37.92,0.018807499703176148,0.008451714807050016,0.023947001409332813
1574114618478,2019-11-18T17:03:38.478,37.93,0.020699993342078504,0.014102060060617663,0.02704418300414959
1574114618488,2019-11-18T17:03:38.488,37.94,0.023211299675890786,0.014707434341095046,0.030183288490179625
1574114618498,2019-11-18T17:03:38.498,37.95,0.023508434430069024,0.01448868547918577,0.0325427272026031
1574114618508,2019-11-18T17:03:38.508,37.96,0.022493451432229746,0.01659468467372472,0.03418407537849101
1574114618518,2019-11-18T17:03:38.518,37.97,0.023695301235014884,0.02012577533122454,0.03518808727833645
1574114618528,2019-11-18T17:03:38.528,37.98,0.028314617628978918,0.022922587505804094,0.03564196565788899
1574114618538,2019-11-18T17:03:38.538,37.99,0.033728469813065196,0.0239972850228879,0.03599072707861965
1574114618548,2019-11-18T17:03:38.548,38.0,0.03688915238885615,0.024072204233137717,0.03609648465863827
1574114618558,2019-11-18T17:03:38.558,38.01,0.03743142014317474,0.024882379853201183,0.034658095644116864
1574114618568,2019-11-18T17:03:38.568,38.02,0.037406949426442196,0.026563493038347704,0.031093981649381416
1574114618578,2019-11-18T17:03:38.578,38.03,0.039126005093563045,0.026128093640680944,0.026750300398334384
1574114618588,2019-11-18T17:03:38.588,38.04,0.04291705332326614,0.021002140412737277,0.02256503639765218
1574114618598,2019-11-18T17:03:38.598,38.05,0.04652874651697132,0.013915604743156701,0.01788962233647295
1574114618608,2019-11-18T17:03:38.608,38.06,0.04773757509306338,0.010852284514385488,0.013449795962838528
1574114618618,2019-11-18T17:03:38.618,38.07,0.04716829209654254,0.012375375028672732,0.01166668176848025
1574114618628,2019-11-18T17:03:38.628,38.08,0.046143070890349185,0.011573686287867046,0.011988201992862834
1574114618638,2019-11-18T17:03:38.638,38.09,0.04289677805965489,0.005466650903134897,0.01063683533698086
1574114618648,2019-11-18T17:03:38.648,38.1,0.03626132630703114,0.0021122009228970668,0.006592768661873725
1574114618658,2019-11-18T17:03:38.658,38.11,0.032111080667061434,0.00806345922763335,0.002967364441614087
1574114618668,2019-11-18T17:03:38.668,38.12,0.03698609045662521,0.016481655154421564,0.0022080600694317385
1574114618678,2019-11-18T17:03:38.678,38.13,0.04567775260949497,0.017991626777710688,0.003986261049475253
1574114618688,2019-11-18T17:03:38.688,38.14,0.047489562013854764,0.015024912520405052,0.006399177007665615
1574114618698,2019-11-18T17:03:38.698,38.15,0.043812052093991014,0.015231502069269355,0.007207765462715692
1574114618708,2019-11-18T17:03:38.708,38.16,0.04518452513015529,0.01850241396123662,0.006482714103716732
1574114618718,2019-11-18T17:03:38.718,38.17,0.053513650824327005,0.019363148274173198,0.007084645004808869
1574114618728,2019-11-18T17:03:38.728,38.18,0.061457661543679175,0.016555592123003254,0.009727758497785304
1574114618738,2019-11-18T17:03:38.738,38.19,0.06571578764587596,0.013788030049456522,0.011643575092525454
1574114618748,2019-11-18T17:03:38.748,38.2,0.06852544247701209,0.014141883481484338,0.012223840777356918
1574114618758,2019-11-18T17:03:38.758,38.21,0.06957214978039582,0.017645208742447578,0.013771140262860929
1574114618768,2019-11-18T17:03:38.768,38.22,0.06668551329501565,0.02217534867828671,0.01575313857749153
1574114618778,2019-11-18T17:03:38.778,38.23,0.06240509212564688,0.023971840166767552,0.01513981494769334
1574114618788,2019-11-18T17:03:38.788,38.24,0.06137112113402181,0.020574480282868908,0.012353317350273856
1574114618798,2019-11-18T17:03:38.798,38.25,0.06196231055688502,0.01642331721241716,0.010717509827527012
1574114618808,2019-11-18T17:03:38.808,38.26,0.057832444371676464,0.019436578834123336,0.010500142101643887
1574114618818,2019-11-18T17:03:38.818,38.27,0.04767332883392501,0.0279994523722069,0.008538241497498811
1574114618828,2019-11-18T17:03:38.828,38.28,0.03685529374519864,0.03093647308351497,0.003305876240641245
1574114618838,2019-11-18T17:03:38.838,38.29,0.029164239134364396,0.024891427394658012,-0.003758291138248989
1574114618848,2019-11-18T17:03:38.848,38.3,0.02316959048714,0.018976970345518672,-0.01145041698757452
1574114618858,2019-11-18T17:03:38.858,38.31,0.017756346373377474,0.017110114707302247,-0.01967496388655226
1574114618868,2019-11-18T17:03:38.868,38.32,0.015571785740271155,0.009635673783767377,-0.027735164790552942
1574114618878,2019-11-18T17:03:38.878,38.33,0.01903452521131052,-0.011446468854212877,-0.03476463529613496
1574114618888,2019-11-18T17:03:38.888,38.34,0.027099232261350296,-0.03971578479863472,-0.041074995244795534
1574114618898,2019-11-18T17:03:38.898,38.35,0.03685944874764474,-0.06080495321315628,-0.04722349650068912
1574114618908,2019-11-18T17:03:38.908,38.36,0.04442288131135447,-0.06463861602831611,-0.052931320547538414
1574114618918,2019-11-18T17:03:38.918,38.37,0.045263968955972574,-0.05134798436012035,-0.057847048216043986
1574114618928,2019-11-18T17:03:38.928,38.38,0.03881008782261557,-0.030781922787295198,-0.06216840391913961
1574114618938,2019-11-18T17:03:38.938,38.39,0.031086377624541486,-0.01492733662830828,-0.06607252650262857
1574114618948,2019-11-18T17:03:38.948,38.4,0.0281730215247458,-0.008445473166433,-0.06950242822176944
1574114618958,2019-11-18T17:03:38.958,38.41,0.029582277280146313,-0.009338024738274033,-0.07285133832905166
1574114618968,2019-11-18T17:03:38.968,38.42,0.03164748002816611,-0.016235217953729182,-0.07685979927828072
1574114618978,2019-11-18T17:03:38.978,38.43,0.03285362222801848,-0.026734979491160285,-0.08139030487949318
1574114618988,2019-11-18T17:03:38.988,38.44,0.03114667828778532,-0.031246230990755186,-0.08542934031109328
1574114618998,2019-11-18T17:03:38.998,38.45,0.021377496630604707,-0.021179574154578655,-0.08818240733383
1574114619008,2019-11-18T17:03:39.008,38.46,0.0030204920511260596,-0.00464126346580194,-0.08857757229625388
1574114619018,2019-11-18T17:03:39.018,38.47,-0.013097608116507673,-0.0017811376534172603,-0.08478819617165853
1574114619028,2019-11-18T17:03:39.028,38.48,-0.014923213338506519,-0.01972793529352071,-0.07658563501526897
1574114619038,2019-11-18T17:03:39.038,38.49,-0.004786458228584942,-0.04083650507575575,-0.06667682014613935
1574114619048,2019-11-18T17:03:39.048,38.5,0.0037528402079526953,-0.04252052599987462,-0.05712606650925893
1574114619058,2019-11-18T17:03:39.058,38.51,0.003729885321027978,-0.0247970623796867,-0.04637637890815614
1574114619068,2019-11-18T17:03:39.068,38.52,0.0003104654502550752,-0.00972376878801071,-0.033148399723707755
1574114619078,2019-11-18T17:03:39.078,38.53,-0.0014083048018410124,-0.011413858733485249,-0.020981753413011277
1574114619088,2019-11-18T17:03:39.088,38.54,-0.004382879406286264,-0.016621136419017756,-0.013658762187614509
1574114619098,2019-11-18T17:03:39.098,38.55,-0.012905482573299413,-0.004932198103067966,-0.008080386556603484
1574114619108,2019-11-18T17:03:39.108,38.56,-0.024704306838802852,0.02047029089231566,0.0011874906892340663
1574114619118,2019-11-18T17:03:39.118,38.57,-0.03257482536705034,0.038231798571407294,0.012268671450335856
1574114619128,2019-11-18T17:03:39.128,38.58,-0.03178144073548523,0.04022437077249638,0.019525038029924606
1574114619138,2019-11-18T17:03:39.138,38.59,-0.025372063492822856,0.03958674404601842,0.024122350340632828
1574114619148,2019-11-18T17:03:39.148,38.6,-0.020876570565854048,0.047815390748908865,0.031678033855916894
1574114619158,2019-11-18T17:03:39.158,38.61,-0.020705820309165852,0.05934380453548485,0.04266405174420841
1574114619168,2019-11-18T17:03:39.168,38.62,-0.019688942144409534,0.06205891675343103,0.05410081202081366
1574114619178,2019-11-18T17:03:39.178,38.63,-0.013421451199832637,0.05358774227936406,0.06711789104341867
1574114619188,2019-11-18T17:03:39.188,38.64,-0.0034826671209452677,0.0425714012368346,0.08487068318510968
1574114619198,2019-11-18T17:03:39.198,38.65,0.00718207998044754,0.03704169489037384,0.10594216732807679
1574114619208,2019-11-18T17:03:39.208,38.66,0.018417953863263233,0.03665164931262151,0.12541675960574494
1574114619218,2019-11-18T17:03:39.218,38.67,0.02991742213736466,0.03780608188829647,0.14003399255736743
1574114619228,2019-11-18T17:03:39.228,38.68,0.038300038541412534,0.03997416085097702,0.1498779757161953
1574114619238,2019-11-18T17:03:39.238,38.69,0.04142242351456955,0.04256786836828263,0.15784759745609592
1574114619248,2019-11-18T17:03:39.248,38.7,0.04381409175615808,0.04286325898598005,0.16732184138034326
1574114619258,2019-11-18T17:03:39.258,38.71,0.051071197367478796,0.04043307377448918,0.1769264113403723
1574114619268,2019-11-18T17:03:39.268,38.72,0.057903918614598864,0.0377430986041837,0.17965810785275027
1574114619278,2019-11-18T17:03:39.278,38.73,0.05120449890172926,0.03901412076042912,0.1713004184797619
1574114619288,2019-11-18T17:03:39.288,38.74,0.02932215452918765,0.05055360213704402,0.15649008478373755
1574114619298,2019-11-18T17:03:39.298,38.75,0.008359519876748869,0.07161037755660735,0.14209749261842042
1574114619308,2019-11-18T17:03:39.308,38.76,0.0028753611305058014,0.08773493679445724,0.12883813193082616
1574114619318,2019-11-18T17:03:39.318,38.77,0.008486416699291288,0.08751925604991362,0.11409464284022172
1574114619328,2019-11-18T17:03:39.328,38.78,0.010185287048479336,0.07767249425361347,0.0984884016331547
1574114619338,2019-11-18T17:03:39.338,38.79,0.0019388658977565663,0.0679094367506569,0.08433175785843154
1574114619348,2019-11-18T17:03:39.348,38.8,-0.008647319979768166,0.05322805597988786,0.07083319263715568
1574114619358,2019-11-18T17:03:39.358,38.81,-0.012082501621755313,0.023951382421567947,0.055824939435524884
1574114619368,2019-11-18T17:03:39.368,38.82,-0.007295344883684471,-0.017762499170398474,0.04032009388342079
1574114619378,2019-11-18T17:03:39.378,38.83,-0.0005771491750244933,-0.05985386702355579,0.027584958599273658
1574114619388,2019-11-18T17:03:39.388,38.84,0.0018417113856799402,-0.08855027643259836,0.019063022572610423
1574114619398,2019-11-18T17:03:39.398,38.85,-0.00041918331833473585,-0.09477809097924371,0.013431170953324738
1574114619408,2019-11-18T17:03:39.408,38.86,-0.0028419433207102695,-0.08592001316590903,0.008414560131078403
1574114619418,2019-11-18T17:03:39.418,38.87,-0.0035827305992073267,-0.08101382609851218,0.0028229909754083756
1574114619428,2019-11-18T17:03:39.428,38.88,-0.0076082148673154845,-0.07987499843398023,-0.002248379540682384
1574114619438,2019-11-18T17:03:39.438,38.89,-0.0187384739812547,-0.062130913217040784,-0.005125446286954626
1574114619448,2019-11-18T17:03:39.448,38.9,-0.03126611112889237,-0.030481180402726835,-0.0071448655942642075
1574114619458,2019-11-18T17:03:39.458,38.91,-0.0378392898318117,-0.01637101383526811,-0.012066974529683772
1574114619468,2019-11-18T17:03:39.468,38.92,-0.042352059634642066,-0.029720356122307355,-0.020854212849377454
1574114619478,2019-11-18T17:03:39.478,38.93,-0.05447922291112514,-0.04319700001536091,-0.030235483555289364
1574114619488,2019-11-18T17:03:39.488,38.94,-0.0741365898021943,-0.0368887399426197,-0.03756546143375025
1574114619498,2019-11-18T17:03:39.498,38.95,-0.09191866777117982,-0.02536242952009493,-0.0433750948997068
1574114619508,2019-11-18T17:03:39.508,38.96,-0.1024169718466986,-0.03089363571127266,-0.04801026845471551
1574114619518,2019-11-18T17:03:39.518,38.97,-0.10825614418579732,-0.05230574154141782,-0.04994436034967936
1574114619528,2019-11-18T17:03:39.528,38.98,-0.11341516927508227,-0.06981320729046689,-0.04935856767132849
1574114619538,2019-11-18T17:03:39.538,38.99,-0.11921843604789184,-0.06857188709773192,-0.049640143734839305
1574114619548,2019-11-18T17:03:39.548,39.0,-0.12528251578424315,-0.05044255066881129,-0.052587858476181984
1574114619558,2019-11-18T17:03:39.558,39.01,-0.1299478637196833,-0.029418090787325258,-0.05560389878227012
1574114619568,2019-11-18T17:03:39.568,39.02,-0.1304110168662793,-0.020114158215636987,-0.056576360005558976
1574114619578,2019-11-18T17:03:39.578,39.03,-0.12531354845697645,-0.026731249789313835,-0.05732729876152788
1574114619588,2019-11-18T17:03:39.588,39.04,-0.11695372528807155,-0.04052943848220016,-0.059632974114645125
1574114619598,2019-11-18T17:03:39.598,39.05,-0.10879079720149956,-0.0492374076907177,-0.06248213743644877
1574114619608,2019-11-18T17:03:39.608,39.06,-0.10143373320464519,-0.04869369184005594,-0.0644016530771825
1574114619618,2019-11-18T17:03:39.618,39.07,-0.0932155834671887,-0.044535417412831436,-0.06448923587312737
1574114619628,2019-11-18T17:03:39.628,39.08,-0.08354452307230627,-0.04401115709889088,-0.06196396254050135
1574114619638,2019-11-18T17:03:39.638,39.09,-0.07359901245883638,-0.04819810161219323,-0.05743194878998262
1574114619648,2019-11-18T17:03:39.648,39.1,-0.06472842695577946,-0.05257221908989743,-0.053229334635817804
1574114619658,2019-11-18T17:03:39.658,39.11,-0.05757415124142938,-0.0533005189818049,-0.05151152695829231
1574114619668,2019-11-18T17:03:39.668,39.12,-0.0523826078675228,-0.0504473262487558,-0.05247618942399289
1574114619678,2019-11-18T17:03:39.678,39.13,-0.04936694303472651,-0.04539507716221458,-0.05409210883274978
1574114619688,2019-11-18T17:03:39.688,39.14,-0.048080186531571104,-0.03875632206047033,-0.0541065622260833
1574114619698,2019-11-18T17:03:39.698,39.15,-0.046772570895415935,-0.03236341392218561,-0.05241837934009708
1574114619708,2019-11-18T17:03:39.708,39.16,-0.04346237331470944,-0.029515915181638264,-0.05010826539759519
1574114619718,2019-11-18T17:03:39.718,39.17,-0.037527157349552136,-0.02991304625486311,-0.04720793561674853
1574114619728,2019-11-18T17:03:39.728,39.18,-0.02993356375203189,-0.028040260179579696,-0.04324867274835746
1574114619738,2019-11-18T17:03:39.738,39.19,-0.022421893080423395,-0.021207932889157028,-0.03861368528442389
1574114619748,2019-11-18T17:03:39.748,39.2,-0.016351511198592013,-0.014166440365202006,-0.03412662848812251
1574114619758,2019-11-18T17:03:39.758,39.21,-0.012278982009098783,-0.009619353864426687,-0.03017154044634455
1574114619768,2019-11-18T17:03:39.768,39.22,-0.01084461170830113,-0.003101656932140884,-0.026458816911537245
1574114619778,2019-11-18T17:03:39.778,39.23,-0.012251851004404936,0.003196291692281716,-0.022593095163004416
1574114619788,2019-11-18T17:03:39.788,39.24,-0.013760675432019729,-0.004354263949847401,-0.01903954918194349
1574114619798,2019-11-18T17:03:39.798,39.25,-0.011535466510031879,-0.026310069499393532,-0.01669245024096412
1574114619808,2019-11-18T17:03:39.808,39.26,-0.007871109983623292,-0.03764731368520998,-0.015173513483915272
1574114619818,2019-11-18T17:03:39.818,39.27,-0.011021858920552994,-0.02046747540038449,-0.012949760288651099
1574114619828,2019-11-18T17:03:39.828,39.28,-0.022165306406114443,0.006780070838084471,-0.009803332072542532
1574114619838,2019-11-18T17:03:39.838,39.29,-0.029341133300944646,0.014417405809495708,-0.007711415649625585
1574114619848,2019-11-18T17:03:39.848,39.3,-0.023931793332178486,0.0019755943186180874,-0.00798495335093457
1574114619858,2019-11-18T17:03:39.858,39.31,-0.016137075260736256,-0.006205289709955434,-0.00889278432432048
1574114619868,2019-11-18T17:03:39.868,39.32,-0.020712691564991073,0.003399135500904264,-0.008070792486864101
1574114619878,2019-11-18T17:03:39.878,39.33,-0.03391413803997655,0.018595606633895655,-0.0060824655570307674
1574114619888,2019-11-18T17:03:39.888,39.34,-0.040450911965926484,0.021062249435829402,-0.005299908061009877
1574114619898,2019-11-18T17:03:39.898,39.35,-0.03772528290703691,0.009965529306874662,-0.006262522370795949
1574114619908,2019-11-18T17:03:39.908,39.36,-0.036989812698347564,0.00016818791222449623,-0.007514588029026183
1574114619918,2019-11-18T17:03:39.918,39.37,-0.04436510471184847,0.0016712826365898159,-0.008467176083633218
1574114619928,2019-11-18T17:03:39.928,39.38,-0.05447279641734892,0.008613680272885369,-0.010180162222466087
1574114619938,2019-11-18T17:03:39.938,39.39,-0.06082198550494336,0.008363071559515002,-0.013301156057047079
1574114619948,2019-11-18T17:03:39.948,39.4,-0.06310233433419703,-0.0033936670698702653,-0.016961066062790082
1574114619958,2019-11-18T17:03:39.958,39.41,-0.06499224075646895,-0.018014302943013344,-0.020046445746306416
1574114619968,2019-11-18T17:03:39.968,39.42,-0.06927764952366362,-0.02430719074866138,-0.022549519489258745
1574114619978,2019-11-18T17:03:39.978,39.43,-0.07443768369259135,-0.022709117855342575,-0.025225155346430148
1574114619988,2019-11-18T17:03:39.988,39.44,-0.07591929550028796,-0.024437963145859956,-0.028366646321140866
1574114619998,2019-11-18T17:03:39.998,39.45,-0.07332994244052972,-0.03503540993623004,-0.03169430389985869
1574114620008,2019-11-18T17:03:40.008,39.46,-0.07359064086118768,-0.04570606669506043,-0.035273939740853466
1574114620018,2019-11-18T17:03:40.018,39.47,-0.08103162242545259,-0.045576120190641146,-0.03908352686187013
1574114620028,2019-11-18T17:03:40.028,39.48,-0.08876144247366353,-0.0362357753987682,-0.041794732559510786
1574114620038,2019-11-18T17:03:40.038,39.49,-0.08929541805938604,-0.027163562243692464,-0.04203727132650034
1574114620048,2019-11-18T17:03:40.048,39.5,-0.08719780073133812,-0.021619174487521924,-0.04065036151471749
1574114620058,2019-11-18T17:03:40.058,39.51,-0.08880899252932331,-0.016283351330602713,-0.039576966973414236
1574114620068,2019-11-18T17:03:40.068,39.52,-0.08886696619073893,-0.011139553737322856,-0.039122435854471796
1574114620078,2019-11-18T17:03:40.078,39.53,-0.08128349296679047,-0.008570804535897083,-0.0381559220872392
1574114620088,2019-11-18T17:03:40.088,39.54,-0.07230418978216233,-0.005646588773403473,-0.035965127388992116
1574114620098,2019-11-18T17:03:40.098,39.55,-0.07017709478377945,0.001019625065551956,-0.032551040881825005
1574114620108,2019-11-18T17:03:40.108,39.56,-0.07182198192980886,0.006062868626379031,-0.028768125463726372
1574114620118,2019-11-18T17:03:40.118,39.57,-0.06928380851705228,0.002997068296014458,-0.02666898508224387
1574114620128,2019-11-18T17:03:40.128,39.58,-0.061246663073614566,-0.002311691927216496,-0.0267538610308525
1574114620138,2019-11-18T17:03:40.138,39.59,-0.051075347627204545,0.0015816719869736497,-0.02515413085429441
1574114620148,2019-11-18T17:03:40.148,39.6,-0.038970071271004214,0.012890922072026703,-0.018141949715519794
1574114620158,2019-11-18T17:03:40.158,39.61,-0.02256447318615448,0.01622672374136036,-0.008911439934070198
1574114620168,2019-11-18T17:03:40.168,39.62,-0.0037169914552027308,0.0022546238536284386,-0.004064030410362159
1574114620178,2019-11-18T17:03:40.178,39.63,0.010509649709462816,-0.01956775554687278,-0.003944801794321224
1574114620188,2019-11-18T17:03:40.188,39.64,0.014395174827184463,-0.028235403378153008,-0.00325200319747459
1574114620198,2019-11-18T17:03:40.198,39.65,0.007966764898890467,-0.009295101478106936,-0.00045348215796975355
1574114620208,2019-11-18T17:03:40.208,39.66,-0.0035683314451680345,0.028163078399060022,0.0012729985234884637
1574114620218,2019-11-18T17:03:40.218,39.67,-0.010312679601883775,0.05286215604224338,0.0013007684964133554
1574114620228,2019-11-18T17:03:40.228,39.68,-0.002250188786244991,0.04361512664439958,0.0016484372220923144
1574114620238,2019-11-18T17:03:40.238,39.69,0.018643699458235793,0.019019368221523326,0.002020630644696193
1574114620248,2019-11-18T17:03:40.248,39.7,0.03610485980461456,0.013801918651244492,0.0015447317202846426
1574114620258,2019-11-18T17:03:40.258,39.71,0.038096749545499284,0.029969268132192473,0.0018560986527500687
1574114620268,2019-11-18T17:03:40.268,39.72,0.030977889504306272,0.04126433512220711,0.003814603582548775
1574114620278,2019-11-18T17:03:40.278,39.73,0.027071280802410905,0.039484260441693106,0.005375169662044118
1574114620288,2019-11-18T17:03:40.288,39.74,0.02734576576423308,0.039754438354165894,0.005255922067118616
1574114620298,2019-11-18T17:03:40.298,39.75,0.025908871647245355,0.045345021452564714,0.004696239445018327
1574114620308,2019-11-18T17:03:40.308,39.76,0.022596813407693116,0.04306509487889644,0.0043678957462832905
1574114620318,2019-11-18T17:03:40.318,39.77,0.020970426055814236,0.03026635704863272,0.0032851776413926215
1574114620328,2019-11-18T17:03:40.328,39.78,0.020707510974221868,0.018483463577795144,0.0017225190754301964
1574114620338,2019-11-18T17:03:40.338,39.79,0.020257734072667934,0.013127598595946064,0.0017073563508952622
1574114620348,2019-11-18T17:03:40.348,39.8,0.021311150017995585,0.009334804178796263,0.0036216657613727184
1574114620358,2019-11-18T17:03:40.358,39.81,0.024876748744886205,0.005108402885007217,0.005597824877060004
1574114620368,2019-11-18T17:03:40.368,39.82,0.02849809722419689,0.003930790414623275,0.006761018026433066
1574114620378,2019-11-18T17:03:40.378,39.83,0.03083221741767185,0.006306048367820823,0.007903925721128953
1574114620388,2019-11-18T17:03:40.388,39.84,0.033739221682709306,0.009422886186735133,0.00948682775494114
1574114620398,2019-11-18T17:03:40.398,39.85,0.038742394228886215,0.013068229655547554,0.011825949866106533
1574114620408,2019-11-18T17:03:40.408,39.86,0.045912451810987034,0.017845793179569695,0.01586150520994209
1574114620418,2019-11-18T17:03:40.418,39.87,0.055109606169663344,0.02043130707901905,0.021578757232588223
1574114620428,2019-11-18T17:03:40.428,39.88,0.06494329300377288,0.017068034702004527,0.027106750604107766
1574114620438,2019-11-18T17:03:40.438,39.89,0.07300159283584948,0.009133634106939365,0.03045711940926058
1574114620448,2019-11-18T17:03:40.448,39.9,0.07885513852886927,0.0012914530018245257,0.03125142586275572
1574114620458,2019-11-18T17:03:40.458,39.91,0.08372780178192092,-0.0028705990478802954,0.03061173400011255
1574114620468,2019-11-18T17:03:40.468,39.92,0.08735732005966884,-0.002045471970664818,0.02987869614890146
1574114620478,2019-11-18T17:03:40.478,39.93,0.08891878457117545,0.0011643330825853947,0.029480809237030565
1574114620488,2019-11-18T17:03:40.488,39.94,0.08989688835478453,-0.0006851350547247318,0.028881776051435798
1574114620498,2019-11-18T17:03:40.498,39.95,0.092114361672164,-0.012624317587693383,0.027293478138651545
1574114620508,2019-11-18T17:03:40.508,39.96,0.09399600127194904,-0.028029259855119677,0.0244195927116064
1574114620518,2019-11-18T17:03:40.518,39.97,0.09211967821514605,-0.03570735272302807,0.020969538405587393
1574114620528,2019-11-18T17:03:40.528,39.98,0.08616469110846878,-0.03930871903370154,0.01818815394720758
1574114620538,2019-11-18T17:03:40.538,39.99,0.07996471958742433,-0.056308156375902585,0.016327363693606215
1574114620548,2019-11-18T17:03:40.548,40.0,0.07668831208533644,-0.08954974188333176,0.014517789772366594
1574114620558,2019-11-18T17:03:40.558,40.01,0.0745659615661548,-0.11626072438074148,0.012753416596386322
1574114620568,2019-11-18T17:03:40.568,40.02,0.06968665422879387,-0.11781844478774475,0.012140309517318799
1574114620578,2019-11-18T17:03:40.578,40.03,0.06147635069436611,-0.10247956274849584,0.012705966639675246
1574114620588,2019-11-18T17:03:40.588,40.04,0.052442558674753996,-0.08600601446845105,0.013347727129140737
1574114620598,2019-11-18T17:03:40.598,40.05,0.04484785309344927,-0.07019407762478834,0.013523823555306607
1574114620608,2019-11-18T17:03:40.608,40.06,0.04010142130205627,-0.05200280261895554,0.012852824959068015
1574114620618,2019-11-18T17:03:40.618,40.07,0.03799574259056114,-0.03382340792483569,0.011067272337392013
1574114620628,2019-11-18T17:03:40.628,40.08,0.03563938383314714,-0.016547780141994473,0.009504956758343033
1574114620638,2019-11-18T17:03:40.638,40.09,0.031059015762574447,0.0019413774334252113,0.009386946504085936
