epoch (ms),time (-13:00),elapsed (s),x-axis (T),y-axis (T),z-axis (T)
1604163007376,2020-10-31T12:50:07.376,0.0,-4.413445883114987e-06,4.5986041174549345e-06,-1.949924317798082e-06
1604163007426,2020-10-31T12:50:07.426,0.05,-5.042369848316175e-06,4.398825042904124e-06,-1.6761287489004274e-06
1604163007476,2020-10-31T12:50:07.476,0.1,-5.126162656468047e-06,4.591149249124572e-06,-1.3491610726748065e-06
1604163007526,2020-10-31T12:50:07.526,0.15,-5.481234239241431e-06,4.935455943716914e-06,-1.4255017689401261e-06
1604163007576,2020-10-31T12:50:07.576,0.2,-6.997450611975783e-06,5.157717188096012e-06,-2.2860005104394942e-06
1604163007626,2020-10-31T12:50:07.626,0.25,-9.292559845847099e-06,5.677300803345299e-06,-3.6856492072917963e-06
1604163007676,2020-10-31T12:50:07.676,0.3,-1.15303717093403e-05,7.030905070813309e-06,-5.161613011177248e-06
1604163007726,2020-10-31T12:50:07.726,0.35,-1.336216997125985e-05,8.921707762455283e-06,-6.4757046120742195e-06
1604163007776,2020-10-31T12:50:07.776,0.4,-1.471966977964757e-05,1.0524233826978831e-05,-7.576897175714331e-06
1604163007826,2020-10-31T12:50:07.826,0.45,-1.5712736774926653e-05,1.1499631850609294e-05,-8.615767009615575e-06
1604163007876,2020-10-31T12:50:07.876,0.5,-1.6700975642497543e-05,1.2166435188592179e-05,-9.840396657966944e-06
1604163007926,2020-10-31T12:50:07.926,0.55,-1.7850086186839485e-05,1.2874175267185335e-05,-1.1185416822481679e-05
1604163007976,2020-10-31T12:50:07.976,0.6,-1.889465465597247e-05,1.3636436016188166e-05,-1.2331793987389316e-05
1604163008026,2020-10-31T12:50:08.026,0.65,-1.9588874314520257e-05,1.4283853009745955e-05,-1.3264615610639878e-05
1604163008076,2020-10-31T12:50:08.076,0.7,-2.0041702471667742e-05,1.4727579858972258e-05,-1.4349925697904856e-05
1604163008126,2020-10-31T12:50:08.126,0.75,-2.0472210845182327e-05,1.5031990835623336e-05,-1.583093503109566e-05
1604163008176,2020-10-31T12:50:08.176,0.8,-2.084735830559303e-05,1.5288131887377027e-05,-1.7433190760149678e-05
1604163008226,2020-10-31T12:50:08.226,0.85,-2.0929050495884518e-05,1.549465807299351e-05,-1.8504109198460574e-05
1604163008276,2020-10-31T12:50:08.276,0.9,-2.0678264539151433e-05,1.5555772096806082e-05,-1.87537795278037e-05
1604163008326,2020-10-31T12:50:08.326,0.95,-2.038482125025626e-05,1.5402702928313605e-05,-1.885180132738115e-05
1604163008376,2020-10-31T12:50:08.376,1.0,-2.0261112312072285e-05,1.520474206471627e-05,-1.9764224808881267e-05
1604163008426,2020-10-31T12:50:08.426,1.05,-2.0230773421746204e-05,1.5260048859357806e-05,-2.1380131852185435e-05
1604163008476,2020-10-31T12:50:08.476,1.1,-2.027679919920257e-05,1.5508842696381166e-05,-2.2448965078228543e-05
1604163008526,2020-10-31T12:50:08.526,1.15,-2.050811983208076e-05,1.5572899393831376e-05,-2.223350248398943e-05
1604163008576,2020-10-31T12:50:08.576,1.2,-2.075371604212704e-05,1.5398401752781302e-05,-2.158565281285877e-05
1604163008626,2020-10-31T12:50:08.626,1.25,-2.068917057119123e-05,1.5293328312797156e-05,-2.1700008887501187e-05
1604163008676,2020-10-31T12:50:08.676,1.3,-2.0357419242342612e-05,1.5308731701235537e-05,-2.2354411100486467e-05
1604163008726,2020-10-31T12:50:08.726,1.35,-2.0000323286753977e-05,1.51390773025104e-05,-2.242762239127742e-05
1604163008776,2020-10-31T12:50:08.776,1.4,-1.9681646787908683e-05,1.4652493760871157e-05,-2.1741219610957556e-05
1604163008826,2020-10-31T12:50:08.826,1.45,-1.949360775202559e-05,1.410387263717538e-05,-2.1091089382555697e-05
1604163008876,2020-10-31T12:50:08.876,1.5,-1.9484600902559755e-05,1.3677362243643596e-05,-2.075692546196203e-05
1604163008926,2020-10-31T12:50:08.926,1.55,-1.92721860821391e-05,1.3096488782240358e-05,-2.036562769441948e-05
1604163008976,2020-10-31T12:50:08.976,1.6,-1.8598283773829014e-05,1.2002149399739289e-05,-1.9901406689288797e-05
1604163009026,2020-10-31T12:50:09.026,1.65,-1.7889847848817142e-05,1.051737281530735e-05,-1.9426449576246145e-05
1604163009076,2020-10-31T12:50:09.076,1.7,-1.740267545854309e-05,9.078652909100859e-06,-1.828815162395789e-05
1604163009126,2020-10-31T12:50:09.126,1.75,-1.6662379297824026e-05,7.917542413563928e-06,-1.6060988555506817e-05
1604163009176,2020-10-31T12:50:09.176,1.8,-1.5384308110293718e-05,6.950720730226738e-06,-1.362488606134206e-05
1604163009226,2020-10-31T12:50:09.226,1.85,-1.3874004353261774e-05,5.939635157464864e-06,-1.2011524961637285e-05
1604163009276,2020-10-31T12:50:09.276,1.9,-1.2282539932481504e-05,4.748951506574784e-06,-1.1003352882811477e-05
1604163009326,2020-10-31T12:50:09.326,1.95,-1.0526317587220845e-05,3.585122705607173e-06,-9.83143713282328e-06
1604163009376,2020-10-31T12:50:09.376,2.0,-8.825362223015076e-06,2.647690938060934e-06,-8.313681516077372e-06
1604163009426,2020-10-31T12:50:09.426,2.05,-7.393449292888228e-06,1.660596926304363e-06,-6.672493564013359e-06
1604163009476,2020-10-31T12:50:09.476,2.1,-5.93136185112511e-06,4.0794459883465985e-07,-5.092818102320866e-06
1604163009526,2020-10-31T12:50:09.526,2.15,-4.191911924168361e-06,-6.670090307460778e-07,-3.83633641486398e-06
1604163009576,2020-10-31T12:50:09.576,2.2,-2.5830285425725177e-06,-1.1755991544563965e-06,-3.1761526451385714e-06
1604163009626,2020-10-31T12:50:09.626,2.25,-1.5462761623952364e-06,-1.4661815717984594e-06,-3.0208252068189836e-06
1604163009676,2020-10-31T12:50:09.676,2.3,-7.979029227825225e-07,-1.9212015574533693e-06,-2.912215185830775e-06
1604163009726,2020-10-31T12:50:09.726,2.35,2.3206717788170356e-07,-2.325718462164457e-06,-2.460129909732394e-06
1604163009776,2020-10-31T12:50:09.776,2.4,1.5413365437261538e-06,-2.4575196586981056e-06,-1.7263627910166024e-06
1604163009826,2020-10-31T12:50:09.826,2.45,2.5889311232732014e-06,-2.5839692372637587e-06,-1.169730754798129e-06
1604163009876,2020-10-31T12:50:09.876,2.5,3.0277369779927493e-06,-2.944893048645156e-06,-1.075317630935508e-06
1604163009926,2020-10-31T12:50:09.926,2.55,3.116769700620621e-06,-3.3195875255345226e-06,-1.1152976487762787e-06
1604163009976,2020-10-31T12:50:09.976,2.6,3.356431281073742e-06,-3.4483883862638354e-06,-7.878897810819679e-07
1604163010026,2020-10-31T12:50:10.026,2.65,3.827765652429229e-06,-3.4343974334489812e-06,-1.4112864140583515e-07
1604163010076,2020-10-31T12:50:10.076,2.7,4.172191385862481e-06,-3.5058461652547426e-06,3.153585398566711e-07
1604163010126,2020-10-31T12:50:10.126,2.75,4.247359109378258e-06,-3.7693395247609662e-06,2.477731227852176e-07
1604163010176,2020-10-31T12:50:10.176,2.8,4.332129013771662e-06,-4.271970035452899e-06,-2.17440838006311e-07
1604163010226,2020-10-31T12:50:10.226,2.85,4.587033789375907e-06,-4.8820208755035505e-06,-6.543324505136198e-07
1604163010276,2020-10-31T12:50:10.276,2.9,4.811890709261818e-06,-5.148508191329901e-06,-6.94185728818932e-07
1604163010326,2020-10-31T12:50:10.326,2.95,4.805395069137616e-06,-4.8180730115268555e-06,-4.4299168512925294e-07
1604163010376,2020-10-31T12:50:10.376,3.0,4.5997837782393146e-06,-4.3390567864177925e-06,-4.3295734987579697e-07
1604163010426,2020-10-31T12:50:10.426,3.05,4.36854983782926e-06,-4.218260429946277e-06,-8.683003538925491e-07
1604163010476,2020-10-31T12:50:10.476,3.1,4.234912725869831e-06,-4.269307461482504e-06,-1.2503925364943008e-06
1604163010526,2020-10-31T12:50:10.526,3.15,4.044452151117729e-06,-4.179526622136345e-06,-1.1592827102411204e-06
1604163010576,2020-10-31T12:50:10.576,3.2,3.4803696547375078e-06,-4.140196805607826e-06,-8.77189839836288e-07
1604163010626,2020-10-31T12:50:10.626,3.25,2.61065029516231e-06,-4.249023781020722e-06,-7.627907912050797e-07
1604163010676,2020-10-31T12:50:10.676,3.3,1.888617774289044e-06,-4.101704349861877e-06,-7.218648233627927e-07
1604163010726,2020-10-31T12:50:10.726,3.35,1.3729451422304517e-06,-3.542649438020593e-06,-7.834230835995384e-07
1604163010776,2020-10-31T12:50:10.776,3.4,5.914642734261248e-07,-3.0512985843267475e-06,-1.3841106848573591e-06
1604163010826,2020-10-31T12:50:10.826,3.45,-6.099119362570812e-07,-2.9540300115277715e-06,-2.5955068508290683e-06
1604163010876,2020-10-31T12:50:10.876,3.5,-1.7720095210280754e-06,-2.930642293794023e-06,-3.7893001650068944e-06
1604163010926,2020-10-31T12:50:10.926,3.55,-2.5021258038402074e-06,-2.6240246020113704e-06,-4.432740591483131e-06
1604163010976,2020-10-31T12:50:10.976,3.6,-2.959039814024716e-06,-2.130114015239488e-06,-4.62754864101016e-06
1604163011026,2020-10-31T12:50:11.026,3.65,-3.657522075956306e-06,-1.6126999022352195e-06,-4.729335545644229e-06
1604163011076,2020-10-31T12:50:11.076,3.7,-4.917367403144539e-06,-9.385321511279902e-07,-4.984477066337156e-06
1604163011126,2020-10-31T12:50:11.126,3.75,-6.416688587112215e-06,2.4824257141629008e-08,-5.450674158545901e-06
1604163011176,2020-10-31T12:50:11.176,3.8,-7.505620436027497e-06,9.928331602324632e-07,-5.84103627453769e-06
1604163011226,2020-10-31T12:50:11.226,3.85,-7.958828125877022e-06,1.4253994216996842e-06,-5.806014383383874e-06
1604163011276,2020-10-31T12:50:11.276,3.9,-7.951887597305932e-06,1.2076023875992542e-06,-5.55277070537949e-06
1604163011326,2020-10-31T12:50:11.326,3.95,-7.581487788070403e-06,8.606676663683326e-07,-5.517091296934668e-06
1604163011376,2020-10-31T12:50:11.376,4.0,-7.0515689107922795e-06,7.553448079441711e-07,-5.511827213780942e-06
1604163011426,2020-10-31T12:50:11.426,4.05,-6.858843047954209e-06,6.780759192040587e-07,-5.149412608013631e-06
1604163011476,2020-10-31T12:50:11.476,4.1,-7.219049500243039e-06,5.925579260451511e-07,-4.831425180037215e-06
1604163011526,2020-10-31T12:50:11.526,4.15,-7.739195130049637e-06,8.898100523691609e-07,-5.131014014308466e-06
1604163011576,2020-10-31T12:50:11.576,4.2,-7.863870828011154e-06,1.4486127850658567e-06,-5.572890372256415e-06
1604163011626,2020-10-31T12:50:11.626,4.25,-7.377910214667113e-06,1.5881938794432375e-06,-5.3845968561312025e-06
1604163011676,2020-10-31T12:50:11.676,4.3,-6.663402864080544e-06,1.2562710675814736e-06,-4.9273120376985385e-06
1604163011726,2020-10-31T12:50:11.726,4.35,-6.50114858025457e-06,1.1329279140385565e-06,-4.9434468529994075e-06
1604163011776,2020-10-31T12:50:11.776,4.4,-7.164847321388601e-06,1.4115699678766733e-06,-5.1566264787909895e-06
1604163011826,2020-10-31T12:50:11.826,4.45,-7.853021020752897e-06,1.5038229509678069e-06,-4.997653128827851e-06
1604163011876,2020-10-31T12:50:11.876,4.5,-7.579654546016715e-06,1.1129181928920251e-06,-4.699887682399752e-06
1604163011926,2020-10-31T12:50:11.926,4.55,-6.4549022928559785e-06,7.389583886178469e-07,-4.473080176851608e-06
1604163011976,2020-10-31T12:50:11.976,4.6,-5.414160828185327e-06,8.24060543690249e-07,-3.740433319756974e-06
1604163012026,2020-10-31T12:50:12.026,4.65,-4.7338793095891156e-06,1.0933321778818402e-06,-2.1769856128780483e-06
1604163012076,2020-10-31T12:50:12.076,4.7,-3.7558281742557968e-06,1.113074019221879e-06,-4.1332272827929836e-07
1604163012126,2020-10-31T12:50:12.126,4.75,-2.283181548383523e-06,9.033187049038737e-07,9.753382341258526e-07
1604163012176,2020-10-31T12:50:12.176,4.8,-1.0727731234467022e-06,6.819014267014098e-07,2.132179698691577e-06
1604163012226,2020-10-31T12:50:12.226,4.85,-5.263538795782485e-07,4.942032184965458e-07,3.1636771719833152e-06
1604163012276,2020-10-31T12:50:12.276,4.9,-3.6445353810517274e-08,2.960969754060164e-07,3.8116879533290563e-06
1604163012326,2020-10-31T12:50:12.326,4.95,9.345426021694873e-07,1.4132745335716672e-07,4.1513865669730794e-06
1604163012376,2020-10-31T12:50:12.376,5.0,2.0132095872690297e-06,1.8575975088199284e-07,4.593095315765999e-06
1604163012426,2020-10-31T12:50:12.426,5.05,2.5111193616760774e-06,4.906499397612869e-07,5.086784505603279e-06
1604163012476,2020-10-31T12:50:12.476,5.1,2.342323387273849e-06,8.932860452566981e-07,5.2144509580850396e-06
1604163012526,2020-10-31T12:50:12.526,5.15,2.049169594223718e-06,1.2194602409400229e-06,4.9831951410896085e-06
1604163012576,2020-10-31T12:50:12.576,5.2,2.042446021073005e-06,1.4490690702180077e-06,4.797468232282108e-06
1604163012626,2020-10-31T12:50:12.626,5.25,2.113959488923122e-06,1.4990651443530551e-06,4.819810111871488e-06
1604163012676,2020-10-31T12:50:12.676,5.3,1.9775806311498783e-06,1.1848793873400587e-06,4.861090496560304e-06
1604163012726,2020-10-31T12:50:12.726,5.35,1.8973121499731328e-06,6.257627677868266e-07,4.764003293063331e-06
1604163012776,2020-10-31T12:50:12.776,5.4,2.093415211077121e-06,2.632525781614172e-07,4.616590496641156e-06
1604163012826,2020-10-31T12:50:12.826,5.45,2.1228898202965907e-06,2.3249356411250455e-07,4.615079918117257e-06
1604163012876,2020-10-31T12:50:12.876,5.5,1.84323715460871e-06,1.5967834873797404e-07,4.8245393532478995e-06
1604163012926,2020-10-31T12:50:12.926,5.55,2.0982183333418087e-06,-2.444845939607473e-07,5.077073545051468e-06
1604163012976,2020-10-31T12:50:12.976,5.6,3.3142559742294955e-06,-8.276648808117159e-07,5.079334720574235e-06
1604163013026,2020-10-31T12:50:13.026,5.65,4.537571291448002e-06,-1.3310121586542098e-06,4.721785851967797e-06
1604163013076,2020-10-31T12:50:13.076,5.7,4.860992194669344e-06,-1.7199329405736765e-06,4.269702465723682e-06
1604163013126,2020-10-31T12:50:13.126,5.75,4.595980672331533e-06,-2.0553272486729492e-06,4.029562246080295e-06
1604163013176,2020-10-31T12:50:13.176,5.8,4.402424348844234e-06,-2.2605588854634234e-06,3.9629151482225055e-06
1604163013226,2020-10-31T12:50:13.226,5.85,4.4270458374688305e-06,-2.251117531669468e-06,3.922192541589795e-06
1604163013276,2020-10-31T12:50:13.276,5.9,4.571165223176967e-06,-2.1999821224735357e-06,3.933267181964878e-06
1604163013326,2020-10-31T12:50:13.326,5.95,4.706222757475621e-06,-2.423630251352645e-06,3.956455675764168e-06
1604163013376,2020-10-31T12:50:13.376,6.0,4.652490927384914e-06,-3.0417987458347267e-06,3.879369131575519e-06
1604163013426,2020-10-31T12:50:13.426,6.05,4.454879394923424e-06,-3.757145045892687e-06,3.861530963153209e-06
1604163013476,2020-10-31T12:50:13.476,6.1,4.386150493968378e-06,-3.910069784155621e-06,3.989994614764199e-06
1604163013526,2020-10-31T12:50:13.526,6.15,4.47030195600324e-06,-3.1652640198418144e-06,3.7783259570532313e-06
1604163013576,2020-10-31T12:50:13.576,6.2,4.487546029694712e-06,-2.250291367782799e-06,2.9207110371780107e-06
1604163013626,2020-10-31T12:50:13.626,6.25,4.484701530194885e-06,-2.247043045184526e-06,2.1208236440973274e-06
1604163013676,2020-10-31T12:50:13.676,6.3,4.682492244034292e-06,-3.057197642230636e-06,2.13668832183245e-06
1604163013726,2020-10-31T12:50:13.726,6.35,4.9297166991926755e-06,-3.527144940090432e-06,2.5318188933235317e-06
1604163013776,2020-10-31T12:50:13.776,6.4,4.882107436151055e-06,-3.1715699884089935e-06,2.4213636336103066e-06
1604163013826,2020-10-31T12:50:13.826,6.45,4.62661170053422e-06,-2.7437485134696986e-06,1.9743711645847535e-06
1604163013876,2020-10-31T12:50:13.876,6.5,4.550311639436284e-06,-2.913886134198918e-06,2.085178973891355e-06
1604163013926,2020-10-31T12:50:13.926,6.55,4.720319877132305e-06,-3.331390657510938e-06,2.7549964989748156e-06
1604163013976,2020-10-31T12:50:13.976,6.6,4.84152957656918e-06,-3.358032434703475e-06,2.9740913907228113e-06
1604163014026,2020-10-31T12:50:14.026,6.65,4.695743220396985e-06,-3.017319111431074e-06,2.4221033374100586e-06
1604163014076,2020-10-31T12:50:14.076,6.7,4.339398158080832e-06,-2.758946137391019e-06,2.0577035472033905e-06
1604163014126,2020-10-31T12:50:14.126,6.75,3.938240288320805e-06,-2.741047403381795e-06,2.4944072742253693e-06
1604163014176,2020-10-31T12:50:14.176,6.8,3.5813786921173754e-06,-2.7982734615783293e-06,3.010045215044261e-06
1604163014226,2020-10-31T12:50:14.226,6.85,3.343050074906998e-06,-2.832621084660315e-06,2.842451926286994e-06
1604163014276,2020-10-31T12:50:14.276,6.9,3.4048778697779975e-06,-2.8583778058309337e-06,2.3629981260966992e-06
1604163014326,2020-10-31T12:50:14.326,6.95,3.8238076992815154e-06,-2.8700839635946944e-06,2.2480671096278163e-06
1604163014376,2020-10-31T12:50:14.376,7.0,4.216961856766201e-06,-2.9018351318205246e-06,2.3789998762035534e-06
1604163014426,2020-10-31T12:50:14.426,7.05,4.116442615295846e-06,-3.0168827453550362e-06,2.313000813623301e-06
1604163014476,2020-10-31T12:50:14.476,7.1,3.687513341777949e-06,-3.158907194202729e-06,2.210553565340319e-06
1604163014526,2020-10-31T12:50:14.526,7.15,3.5795445598111507e-06,-3.1778785026963973e-06,2.4846236891273994e-06
1604163014576,2020-10-31T12:50:14.576,7.2,3.956818651349493e-06,-2.9972138795913293e-06,2.8994787705274527e-06
1604163014626,2020-10-31T12:50:14.626,7.25,4.2363502262819335e-06,-2.737867736842945e-06,2.8375871698335652e-06
1604163014676,2020-10-31T12:50:14.676,7.3,4.014991045506962e-06,-2.643390763095455e-06,2.3100474339092936e-06
1604163014726,2020-10-31T12:50:14.726,7.35,3.7288063143054765e-06,-2.7183819538000643e-06,1.9874008611786573e-06
1604163014776,2020-10-31T12:50:14.776,7.4,3.948381208687254e-06,-2.643356648941776e-06,2.236609794758907e-06
1604163014826,2020-10-31T12:50:14.826,7.45,4.442564901322061e-06,-2.3090884114564187e-06,2.6868125718598657e-06
1604163014876,2020-10-31T12:50:14.876,7.5,4.57132964144965e-06,-2.064984017922913e-06,2.8564926406616586e-06
1604163014926,2020-10-31T12:50:14.926,7.55,4.262180289430993e-06,-2.190987247334874e-06,2.784092060916164e-06
1604163014976,2020-10-31T12:50:14.976,7.6,3.926899909540999e-06,-2.4930046004055635e-06,2.771951286464436e-06
1604163015026,2020-10-31T12:50:15.026,7.65,3.7481436403388924e-06,-2.5604205797671818e-06,2.790633354393948e-06
1604163015076,2020-10-31T12:50:15.076,7.7,3.6482380939514375e-06,-2.19706379802294e-06,2.5894494162957e-06
1604163015126,2020-10-31T12:50:15.126,7.75,3.6576758148059644e-06,-1.608489029110444e-06,2.3194845066025677e-06
1604163015176,2020-10-31T12:50:15.176,7.8,3.826679122907598e-06,-1.2547578010516779e-06,2.454383592982859e-06
1604163015226,2020-10-31T12:50:15.226,7.85,3.970072648146471e-06,-1.3963231364326656e-06,2.9340031358569863e-06
1604163015276,2020-10-31T12:50:15.276,7.9,3.85480140452308e-06,-1.7847500271580393e-06,3.064630755173186e-06
1604163015326,2020-10-31T12:50:15.326,7.95,3.5508491432183617e-06,-1.9568672479033184e-06,2.631246289530463e-06
1604163015376,2020-10-31T12:50:15.376,8.0,3.33213381822786e-06,-1.7514756124707423e-06,2.3266922607848243e-06
1604163015426,2020-10-31T12:50:15.426,8.05,3.2627769464125223e-06,-1.4272524420245486e-06,2.5552086829019733e-06
1604163015476,2020-10-31T12:50:15.476,8.1,3.1641777418412458e-06,-1.3906642562329686e-06,2.7587477831834412e-06
1604163015526,2020-10-31T12:50:15.526,8.15,2.998760295711292e-06,-1.7384597533525126e-06,2.5684551416187523e-06
1604163015576,2020-10-31T12:50:15.576,8.2,2.9406447111758385e-06,-2.0030824547573157e-06,2.509987628676205e-06
1604163015626,2020-10-31T12:50:15.626,8.25,3.0277838711003663e-06,-1.7344188064376866e-06,2.894143057666818e-06
1604163015676,2020-10-31T12:50:15.676,8.3,3.0763905933769415e-06,-1.2668039471827248e-06,3.1724341682564144e-06
1604163015726,2020-10-31T12:50:15.726,8.35,2.9723445684881673e-06,-1.206089194539832e-06,2.9835423163744246e-06
1604163015776,2020-10-31T12:50:15.776,8.4,2.8307808265583876e-06,-1.4148316783757185e-06,2.762007063999114e-06
1604163015826,2020-10-31T12:50:15.826,8.45,2.8679308432520184e-06,-1.4138295967777733e-06,2.855939932748652e-06
1604163015876,2020-10-31T12:50:15.876,8.5,3.165878196846905e-06,-1.3429418540599732e-06,2.960819526858766e-06
1604163015926,2020-10-31T12:50:15.926,8.55,3.5189448301886534e-06,-1.5274369549682607e-06,2.7926362107368636e-06
1604163015976,2020-10-31T12:50:15.976,8.6,3.6032080268660685e-06,-1.6121945464386071e-06,2.5994673969678463e-06
1604163016026,2020-10-31T12:50:16.026,8.65,3.3797762133479605e-06,-1.1443306773918493e-06,2.705130361425441e-06
1604163016076,2020-10-31T12:50:16.076,8.7,3.1320129854052394e-06,-5.828643903642167e-07,3.059532596438441e-06
1604163016126,2020-10-31T12:50:16.126,8.75,3.0413180139840863e-06,-7.187331409739593e-07,3.414826307253815e-06
1604163016176,2020-10-31T12:50:16.176,8.8,3.0714187313015397e-06,-1.3343807608855166e-06,3.5818748843106353e-06
1604163016226,2020-10-31T12:50:16.226,8.85,3.2200420176419467e-06,-1.444753192952838e-06,3.4849647896366386e-06
1604163016276,2020-10-31T12:50:16.276,8.9,3.3938338107877394e-06,-8.477112764156475e-07,3.220316010524725e-06
1604163016326,2020-10-31T12:50:16.326,8.95,3.310779420700714e-06,-4.3071461135528556e-07,2.9929105894126227e-06
1604163016376,2020-10-31T12:50:16.376,9.0,2.987746418957862e-06,-7.39240047887573e-07,2.8996613032072735e-06
1604163016426,2020-10-31T12:50:16.426,9.05,2.7860562998521256e-06,-1.2138750160635655e-06,2.9314016970251303e-06
1604163016476,2020-10-31T12:50:16.476,9.1,2.7805194118118587e-06,-1.2110753195883974e-06,3.093519379300786e-06
1604163016526,2020-10-31T12:50:16.526,9.15,2.764918033978768e-06,-8.812854025844952e-07,3.2741503365369073e-06
1604163016576,2020-10-31T12:50:16.576,9.2,2.749485055463923e-06,-6.272799627229177e-07,3.220379625254678e-06
1604163016626,2020-10-31T12:50:16.626,9.25,2.8674208443224634e-06,-4.95119487915782e-07,2.9185871734070386e-06
1604163016676,2020-10-31T12:50:16.676,9.3,3.0824243218916046e-06,-4.5440909450325287e-07,2.704263989048862e-06
1604163016726,2020-10-31T12:50:16.726,9.35,3.248978270462483e-06,-6.123277832551698e-07,2.7936779457317682e-06
1604163016776,2020-10-31T12:50:16.776,9.4,3.204950578047644e-06,-8.89331405773774e-07,3.0180703093651798e-06
1604163016826,2020-10-31T12:50:16.826,9.45,2.908326851788065e-06,-9.76985206471193e-07,3.10287656649621e-06
1604163016876,2020-10-31T12:50:16.876,9.5,2.596262290324468e-06,-7.813392161283114e-07,2.969836177062601e-06
1604163016926,2020-10-31T12:50:16.926,9.55,2.546141461964392e-06,-5.586939590850516e-07,2.7763274486009043e-06
1604163016976,2020-10-31T12:50:16.976,9.6,2.715189900624913e-06,-5.227928093064385e-07,2.7114828586899444e-06
1604163017026,2020-10-31T12:50:17.026,9.65,2.7830118299458037e-06,-5.993296615563141e-07,2.747366636088006e-06
1604163017076,2020-10-31T12:50:17.076,9.7,2.5239684363833965e-06,-6.288436399581942e-07,2.763243926362068e-06
1604163017126,2020-10-31T12:50:17.126,9.75,2.1931386107812e-06,-5.900645047068764e-07,2.7958182122654084e-06
1604163017176,2020-10-31T12:50:17.176,9.8,2.3093619042248633e-06,-5.741820451649478e-07,2.847352381630691e-06
1604163017226,2020-10-31T12:50:17.226,9.85,2.798290681772654e-06,-6.373655190957047e-07,2.7289928680303297e-06
1604163017276,2020-10-31T12:50:17.276,9.9,2.9710317088997407e-06,-6.853298449982644e-07,2.434199287918253e-06
1604163017326,2020-10-31T12:50:17.326,9.95,2.6863179274228756e-06,-5.831325044414485e-07,2.300741859403353e-06
1604163017376,2020-10-31T12:50:17.376,10.0,2.5658339441566773e-06,-4.632186238268439e-07,2.534544795788209e-06
1604163017426,2020-10-31T12:50:17.426,10.05,2.796817135086662e-06,-6.540680921894605e-07,2.8962433443545807e-06
1604163017476,2020-10-31T12:50:17.476,10.1,2.8924519718349756e-06,-1.090362290474919e-06,3.0143350793365973e-06
1604163017526,2020-10-31T12:50:17.526,10.15,2.698593858629357e-06,-1.2181921306203058e-06,2.825950137714061e-06
1604163017576,2020-10-31T12:50:17.576,10.2,2.5049365410866856e-06,-8.281113486714808e-07,2.622926571301326e-06
1604163017626,2020-10-31T12:50:17.626,10.25,2.399305648796051e-06,-4.641806832586261e-07,2.649499190190093e-06
1604163017676,2020-10-31T12:50:17.676,10.3,2.3826132946844924e-06,-5.724763690950137e-07,2.7950545828381174e-06
1604163017726,2020-10-31T12:50:17.726,10.35,2.617467785984482e-06,-8.308744435812019e-07,2.8703325481884913e-06
1604163017776,2020-10-31T12:50:17.776,10.4,3.050359798381632e-06,-8.118691578019471e-07,2.8689313647956964e-06
1604163017826,2020-10-31T12:50:17.826,10.45,3.3536741666561154e-06,-6.935479432413921e-07,2.7388250998235532e-06
1604163017876,2020-10-31T12:50:17.876,10.5,3.3665735151747525e-06,-8.189226875870678e-07,2.4126036217903646e-06
1604163017926,2020-10-31T12:50:17.926,10.55,3.138545574194699e-06,-1.0537844413324606e-06,2.1328299695433635e-06
1604163017976,2020-10-31T12:50:17.976,10.6,2.7677334125082412e-06,-9.973480957570243e-07,2.1622353788598333e-06
1604163018026,2020-10-31T12:50:18.026,10.65,2.4864200705118296e-06,-6.095684539114137e-07,2.3426725306744963e-06
1604163018076,2020-10-31T12:50:18.076,10.7,2.463760736551747e-06,-3.539762366663093e-07,2.3964515257908866e-06
1604163018126,2020-10-31T12:50:18.126,10.75,2.483461347198226e-06,-6.21415563277919e-07,2.3009472046062655e-06
1604163018176,2020-10-31T12:50:18.176,10.8,2.332233868776924e-06,-1.1559145025622566e-06,2.1453145644037953e-06
1604163018226,2020-10-31T12:50:18.226,10.85,2.218034875697279e-06,-1.3590042167564998e-06,2.0097330029116265e-06
1604163018276,2020-10-31T12:50:18.276,10.9,2.2749355423403315e-06,-1.1314411737299493e-06,1.9766558734424303e-06
1604163018326,2020-10-31T12:50:18.326,10.95,2.194322767299766e-06,-9.959431202533041e-07,2.005411206336743e-06
1604163018376,2020-10-31T12:50:18.376,11.0,1.8158389170155228e-06,-1.2679760530191146e-06,1.9970328916076327e-06
1604163018426,2020-10-31T12:50:18.426,11.05,1.4630648322783053e-06,-1.5663417196759767e-06,2.0238854985732786e-06
1604163018476,2020-10-31T12:50:18.476,11.1,1.3948279388623773e-06,-1.4273764933627222e-06,2.125554926878502e-06
1604163018526,2020-10-31T12:50:18.526,11.15,1.515141013365782e-06,-9.998100700331563e-07,2.0288571139604125e-06
1604163018576,2020-10-31T12:50:18.576,11.2,1.6949784294072495e-06,-7.93016887709784e-07,1.5875143714022909e-06
1604163018626,2020-10-31T12:50:18.626,11.25,1.839810668501445e-06,-1.0064215111232539e-06,1.2531100824419223e-06
1604163018676,2020-10-31T12:50:18.676,11.3,1.7681193493332974e-06,-1.3657806586534023e-06,1.4742833815059757e-06
1604163018726,2020-10-31T12:50:18.726,11.35,1.5308925024758916e-06,-1.4780380082733525e-06,1.8617927815246629e-06
1604163018776,2020-10-31T12:50:18.776,11.4,1.5923001834504575e-06,-1.2164730347403516e-06,1.7094525552216823e-06
1604163018826,2020-10-31T12:50:18.826,11.45,2.1924430904427524e-06,-8.03258895907566e-07,1.2096540931051708e-06
1604163018876,2020-10-31T12:50:18.876,11.5,2.8313408793959554e-06,-5.333149017417302e-07,1.2326919806575034e-06
1604163018926,2020-10-31T12:50:18.926,11.55,2.8653971142430553e-06,-4.76140230267181e-07,1.881972226901292e-06
1604163018976,2020-10-31T12:50:18.976,11.6,2.3577370236490886e-06,-5.328784400952397e-07,2.2972084637016144e-06
1604163019026,2020-10-31T12:50:19.026,11.65,1.908384023087866e-06,-6.530818589462714e-07,2.0043606504494827e-06
1604163019076,2020-10-31T12:50:19.076,11.7,1.8371888583488105e-06,-8.082833669038271e-07,1.5009031726577632e-06
1604163019126,2020-10-31T12:50:19.126,11.75,1.989884495879258e-06,-8.787582182501242e-07,1.447303909709144e-06
1604163019176,2020-10-31T12:50:19.176,11.8,2.210079304044311e-06,-8.589807082992301e-07,1.9652174413325395e-06
1604163019226,2020-10-31T12:50:19.226,11.85,2.4110969722919148e-06,-1.0218844827535044e-06,2.6445105370390277e-06
1604163019276,2020-10-31T12:50:19.276,11.9,2.3191825158772957e-06,-1.4193926739945392e-06,2.9042662983955528e-06
1604163019326,2020-10-31T12:50:19.326,11.95,1.8467352869967358e-06,-1.537565576383157e-06,2.553544246431634e-06
1604163019376,2020-10-31T12:50:19.376,12.0,1.4596650299462915e-06,-1.1137161734084307e-06,2.1065374287804433e-06
1604163019426,2020-10-31T12:50:19.426,12.05,1.5213604369184344e-06,-7.814586444839959e-07,2.223653624525374e-06
1604163019476,2020-10-31T12:50:19.476,12.1,1.7710617247320319e-06,-1.1445060845466635e-06,2.7436490295327784e-06
1604163019526,2020-10-31T12:50:19.526,12.15,1.9008583464893464e-06,-1.7589250381788495e-06,2.786456164462969e-06
1604163019576,2020-10-31T12:50:19.576,12.2,1.9130723581055e-06,-1.7344124510416251e-06,2.0306345390952303e-06
1604163019626,2020-10-31T12:50:19.626,12.25,1.7141600538983935e-06,-1.028878508777048e-06,1.1666975048630284e-06
1604163019676,2020-10-31T12:50:19.676,12.3,1.1912224908960361e-06,-5.59587220419234e-07,8.512331001826586e-07
1604163019726,2020-10-31T12:50:19.726,12.35,6.830680187242812e-07,-9.360141707877128e-07,1.0357653662903206e-06
1604163019776,2020-10-31T12:50:19.776,12.4,6.477944623047198e-07,-1.594072408347381e-06,1.3929244580316742e-06
1604163019826,2020-10-31T12:50:19.826,12.45,9.975200432933895e-07,-1.694621696012031e-06,1.6221880812333925e-06
1604163019876,2020-10-31T12:50:19.876,12.5,1.2552394627585539e-06,-1.4177509592242777e-06,1.4719075265424922e-06
1604163019926,2020-10-31T12:50:19.926,12.55,1.1542382470548871e-06,-1.5284030824823895e-06,1.0402761384954847e-06
1604163019976,2020-10-31T12:50:19.976,12.6,7.956923501996796e-07,-1.9894414390373436e-06,7.813588896845205e-07
1604163020026,2020-10-31T12:50:20.026,12.65,4.947502561240533e-07,-2.04390864201156e-06,9.016315524176227e-07
1604163020076,2020-10-31T12:50:20.076,12.7,6.180074509482063e-07,-1.6084274226201027e-06,1.1309469302835096e-06
1604163020126,2020-10-31T12:50:20.126,12.75,1.190675790573529e-06,-1.499603588517357e-06,1.2110242855288364e-06
1604163020176,2020-10-31T12:50:20.176,12.8,1.6472743905148903e-06,-2.003510444596697e-06,1.1604262425132715e-06
1604163020226,2020-10-31T12:50:20.226,12.85,1.509808352595807e-06,-2.276790353568585e-06,1.0557548767652251e-06
1604163020276,2020-10-31T12:50:20.276,12.9,1.1545666288329199e-06,-1.788384726725189e-06,9.838087470075914e-07
1604163020326,2020-10-31T12:50:20.326,12.95,1.189549525837651e-06,-1.307113945772845e-06,1.0937678637861004e-06
1604163020376,2020-10-31T12:50:20.376,13.0,1.4128821981476205e-06,-1.559537577407033e-06,1.3573301521162498e-06
1604163020426,2020-10-31T12:50:20.426,13.05,1.2405100618054182e-06,-1.97256627008468e-06,1.47956362171818e-06
1604163020476,2020-10-31T12:50:20.476,13.1,7.919519254389422e-07,-1.778812266491526e-06,1.3067743111890967e-06
1604163020526,2020-10-31T12:50:20.526,13.15,7.43730193927174e-07,-1.3686156469423518e-06,1.1452184690337992e-06
1604163020576,2020-10-31T12:50:20.576,13.2,1.3193083962422438e-06,-1.5120913345944134e-06,1.3883746077287285e-06
1604163020626,2020-10-31T12:50:20.626,13.25,1.987218494735883e-06,-1.9937226717709667e-06,1.8459759876395607e-06
1604163020676,2020-10-31T12:50:20.676,13.3,2.154716067300647e-06,-2.0011939403944734e-06,1.8681597080769027e-06
1604163020726,2020-10-31T12:50:20.726,13.35,1.8372031224535538e-06,-1.4632206937422027e-06,1.357659436197769e-06
1604163020776,2020-10-31T12:50:20.776,13.4,1.4637557040440202e-06,-1.0742747940826955e-06,1.0766488619812806e-06
1604163020826,2020-10-31T12:50:20.826,13.45,1.2246331214599563e-06,-1.1929386071228683e-06,1.507278866393564e-06
1604163020876,2020-10-31T12:50:20.876,13.5,9.976391753927837e-07,-1.5681613972861126e-06,2.0696396428400264e-06
1604163020926,2020-10-31T12:50:20.926,13.55,8.552726124030988e-07,-1.8740728171200683e-06,2.0341079289377486e-06
1604163020976,2020-10-31T12:50:20.976,13.6,1.1103986654451e-06,-1.8306941640723043e-06,1.5769198493944268e-06
1604163021026,2020-10-31T12:50:21.026,13.65,1.7324248994391234e-06,-1.3345247357006817e-06,1.3434184580580967e-06
1604163021076,2020-10-31T12:50:21.076,13.7,2.200784977754066e-06,-8.680459303489176e-07,1.4964005022276188e-06
1604163021126,2020-10-31T12:50:21.126,13.75,2.1258027232853826e-06,-1.046111799023224e-06,1.7711462808646557e-06
1604163021176,2020-10-31T12:50:21.176,13.8,1.7014977101470895e-06,-1.6541426775671916e-06,2.054829083816483e-06
1604163021226,2020-10-31T12:50:21.226,13.85,1.4303612194994766e-06,-1.91701350031787e-06,2.3335922572338084e-06
1604163021276,2020-10-31T12:50:21.276,13.9,1.5517724697984659e-06,-1.693673993446142e-06,2.386810377354131e-06
1604163021326,2020-10-31T12:50:21.326,13.95,1.8107142567297239e-06,-1.5912063499263692e-06,2.105063629457834e-06
1604163021376,2020-10-31T12:50:21.376,14.0,1.802510891851858e-06,-1.8120800092987707e-06,1.826882645903863e-06
1604163021426,2020-10-31T12:50:21.426,14.05,1.4861046233805732e-06,-1.8438335130285318e-06,1.854488435386374e-06
1604163021476,2020-10-31T12:50:21.476,14.1,1.2182177016406872e-06,-1.6101018506564622e-06,1.971344379566774e-06
1604163021526,2020-10-31T12:50:21.526,14.15,1.2709277719818393e-06,-1.748224438958115e-06,1.8455446834526128e-06
1604163021576,2020-10-31T12:50:21.576,14.2,1.4610150882723234e-06,-2.263086308163486e-06,1.5624981854642263e-06
1604163021626,2020-10-31T12:50:21.626,14.25,1.423688967159146e-06,-2.2983621009708747e-06,1.4813977027282495e-06
1604163021676,2020-10-31T12:50:21.676,14.3,1.219443495628452e-06,-1.7197951002042324e-06,1.7613176225006623e-06
1604163021726,2020-10-31T12:50:21.726,14.35,1.294984659121124e-06,-1.4431575846569377e-06,2.132188981470788e-06
1604163021776,2020-10-31T12:50:21.776,14.4,1.6976905810408781e-06,-1.851535036792418e-06,2.169500125188802e-06
1604163021826,2020-10-31T12:50:21.826,14.45,1.88141347521781e-06,-2.289151460588054e-06,1.8500244399035426e-06
1604163021876,2020-10-31T12:50:21.876,14.5,1.6168101203360944e-06,-2.3032995483544122e-06,1.6581724679364788e-06
1604163021926,2020-10-31T12:50:21.926,14.55,1.4485728562380423e-06,-2.1700673934557787e-06,2.011330398094674e-06
1604163021976,2020-10-31T12:50:21.976,14.6,1.8091532467473302e-06,-2.0857457865750368e-06,2.7325389510007556e-06
1604163022026,2020-10-31T12:50:22.026,14.65,2.323472198308176e-06,-1.810074508311015e-06,3.211803492197839e-06
1604163022076,2020-10-31T12:50:22.076,14.7,2.4027824974170558e-06,-1.2039899669342295e-06,3.069721743530584e-06
1604163022126,2020-10-31T12:50:22.126,14.75,1.8917346612275983e-06,-4.7579030654486337e-07,2.5582553413831463e-06
1604163022176,2020-10-31T12:50:22.176,14.8,8.358566694635873e-07,1.3563762778549493e-07,2.1090726720959115e-06
1604163022226,2020-10-31T12:50:22.226,14.85,-7.202673153411189e-07,6.2935464241329e-07,1.5810324694527257e-06
1604163022276,2020-10-31T12:50:22.276,14.9,-2.4688994148720136e-06,1.2383929003188316e-06,4.1728432200601817e-07
1604163022326,2020-10-31T12:50:22.326,14.95,-4.0408753931774785e-06,2.133918114785958e-06,-1.4448021993392703e-06
1604163022376,2020-10-31T12:50:22.376,15.0,-5.656790867119877e-06,3.1297941102228536e-06,-3.337204447850777e-06
1604163022426,2020-10-31T12:50:22.426,15.05,-7.83019898521125e-06,3.956365654076101e-06,-4.597527269369849e-06
1604163022476,2020-10-31T12:50:22.476,15.1,-1.0231518240896442e-05,4.7110936630092615e-06,-5.2428916739697985e-06
1604163022526,2020-10-31T12:50:22.526,15.15,-1.1819651792364059e-05,5.668929213445834e-06,-5.922429588858596e-06
1604163022576,2020-10-31T12:50:22.576,15.2,-1.2426744007489653e-05,6.853071361436021e-06,-7.203374096373349e-06
1604163022626,2020-10-31T12:50:22.626,15.25,-1.30553140900952e-05,8.05811847896496e-06,-8.83156520686409e-06
1604163022676,2020-10-31T12:50:22.676,15.3,-1.4171408953646192e-05,9.099553108515324e-06,-1.0006942787990252e-05
1604163022726,2020-10-31T12:50:22.726,15.35,-1.4995746370053389e-05,9.919741983579427e-06,-1.0517324930385667e-05
1604163022776,2020-10-31T12:50:22.776,15.4,-1.5008870829355238e-05,1.0516462050062889e-05,-1.1022339065131846e-05
1604163022826,2020-10-31T12:50:22.826,15.45,-1.4812752368813158e-05,1.0891050908441362e-05,-1.198358949747803e-05
1604163022876,2020-10-31T12:50:22.876,15.5,-1.4909129754611944e-05,1.115738392965462e-05,-1.3064665269180563e-05
1604163022926,2020-10-31T12:50:22.926,15.55,-1.4944861495718961e-05,1.1423048720847966e-05,-1.3913806776372153e-05
1604163022976,2020-10-31T12:50:22.976,15.6,-1.4752869086546361e-05,1.1486330356010883e-05,-1.4677614709646971e-05
1604163023026,2020-10-31T12:50:23.026,15.65,-1.4821248323130131e-05,1.1176643207805258e-05,-1.5402356963994153e-05
1604163023076,2020-10-31T12:50:23.076,15.7,-1.5179318395778169e-05,1.0879832670330624e-05,-1.586300333182102e-05
1604163023126,2020-10-31T12:50:23.126,15.75,-1.5146523271144819e-05,1.0987158625351635e-05,-1.6239499077725962e-05
1604163023176,2020-10-31T12:50:23.176,15.8,-1.4636264751058584e-05,1.1194495567255755e-05,-1.695801609469568e-05
1604163023226,2020-10-31T12:50:23.226,15.85,-1.4366944029499339e-05,1.116303162481611e-05,-1.7722475927329374e-05
1604163023276,2020-10-31T12:50:23.276,15.9,-1.4526445206879317e-05,1.1214980695701606e-05,-1.7773730364998377e-05
1604163023326,2020-10-31T12:50:23.326,15.95,-1.4579906724112792e-05,1.158690125871375e-05,-1.7181006141488702e-05
1604163023376,2020-10-31T12:50:23.376,16.0,-1.4420050668105044e-05,1.1882314220739166e-05,-1.680258674523088e-05
1604163023426,2020-10-31T12:50:23.426,16.05,-1.4421823293902212e-05,1.1847875606839937e-05,-1.6925781914674526e-05
1604163023476,2020-10-31T12:50:23.476,16.1,-1.4546453429007428e-05,1.1656822064654482e-05,-1.698412809630718e-05
1604163023526,2020-10-31T12:50:23.526,16.15,-1.4452452207128334e-05,1.121626248014644e-05,-1.6710695123968424e-05
1604163023576,2020-10-31T12:50:23.576,16.2,-1.4154554639412052e-05,1.030681456100925e-05,-1.6533938681132507e-05
1604163023626,2020-10-31T12:50:23.626,16.25,-1.3888748561833189e-05,9.296725423622204e-06,-1.650777377602977e-05
1604163023676,2020-10-31T12:50:23.676,16.3,-1.3718118042908567e-05,8.699350013194534e-06,-1.5880902259959268e-05
1604163023726,2020-10-31T12:50:23.726,16.35,-1.3510845231210266e-05,8.341207358542304e-06,-1.4340697222688777e-05
1604163023776,2020-10-31T12:50:23.776,16.4,-1.2970720135982712e-05,7.788931940235453e-06,-1.2656065323781263e-05
1604163023826,2020-10-31T12:50:23.826,16.45,-1.1858929340256366e-05,7.080919493391693e-06,-1.1335483802971283e-05
1604163023876,2020-10-31T12:50:23.876,16.5,-1.0403821050484821e-05,6.3189294179989255e-06,-9.729359392940637e-06
1604163023926,2020-10-31T12:50:23.926,16.55,-9.038881406591577e-06,5.243396397626513e-06,-7.251220259126725e-06
1604163023976,2020-10-31T12:50:23.976,16.6,-7.693071343120131e-06,3.895434787928895e-06,-4.4787801823151595e-06
1604163024026,2020-10-31T12:50:24.026,16.65,-6.021699211056894e-06,2.9087113849499877e-06,-2.3136368964384863e-06
1604163024076,2020-10-31T12:50:24.076,16.7,-4.2048178420002695e-06,2.6045371177333248e-06,-8.258782279920409e-07
1604163024126,2020-10-31T12:50:24.126,16.75,-2.591363551912861e-06,2.5159775273663024e-06,4.80327876735725e-07
1604163024176,2020-10-31T12:50:24.176,16.8,-8.500268426405607e-07,2.0456593684189693e-06,1.8301099516579081e-06
1604163024226,2020-10-31T12:50:24.226,16.85,1.3793486598681034e-06,1.0452123469803604e-06,3.091208754363359e-06
1604163024276,2020-10-31T12:50:24.276,16.9,3.467637520767059e-06,-1.959594193879832e-07,4.079518245477628e-06
1604163024326,2020-10-31T12:50:24.326,16.95,4.6222427538954095e-06,-1.2270286478146343e-06,4.582792055409647e-06
1604163024376,2020-10-31T12:50:24.376,17.0,5.053602749083337e-06,-1.8998795564006959e-06,4.4191701139551045e-06
1604163024426,2020-10-31T12:50:24.426,17.05,5.363694436462038e-06,-2.5441607097856186e-06,3.649014589296228e-06
1604163024476,2020-10-31T12:50:24.476,17.1,5.660623924635368e-06,-3.450692975957302e-06,2.574856980397488e-06
1604163024526,2020-10-31T12:50:24.526,17.15,5.919629089943249e-06,-4.455381635502052e-06,1.6637882862099843e-06
1604163024576,2020-10-31T12:50:24.576,17.2,6.324030605754006e-06,-5.251274293343103e-06,1.3870522346710966e-06
1604163024626,2020-10-31T12:50:24.626,17.25,6.8946495883741725e-06,-5.763429327610114e-06,1.7015079003115286e-06
1604163024676,2020-10-31T12:50:24.676,17.3,7.41926873393893e-06,-6.046238030530401e-06,1.9789361016561738e-06
1604163024726,2020-10-31T12:50:24.726,17.35,7.820858023316281e-06,-6.102929303349382e-06,1.9426613785359554e-06
1604163024776,2020-10-31T12:50:24.776,17.4,8.216045928318815e-06,-5.933438256315002e-06,2.064401479928437e-06
1604163024826,2020-10-31T12:50:24.826,17.45,8.621488671789446e-06,-5.606391240198451e-06,2.5647079404487667e-06
1604163024876,2020-10-31T12:50:24.876,17.5,8.836677277215845e-06,-5.2427055049811245e-06,2.8996749378620017e-06
1604163024926,2020-10-31T12:50:24.926,17.55,8.764102122378306e-06,-4.963450793050271e-06,2.7202211061980426e-06
1604163024976,2020-10-31T12:50:24.976,17.6,8.666308097398952e-06,-4.834678830105399e-06,2.479104838961089e-06
1604163025026,2020-10-31T12:50:25.026,17.65,8.766201348262067e-06,-4.899346384524635e-06,2.6143149938877564e-06
1604163025076,2020-10-31T12:50:25.076,17.7,8.850356293428312e-06,-5.193470247815714e-06,2.816930119347396e-06
1604163025126,2020-10-31T12:50:25.126,17.75,8.710342879698375e-06,-5.5753842381990365e-06,2.6099934737846248e-06
1604163025176,2020-10-31T12:50:25.176,17.8,8.568200266823602e-06,-5.7401761012320135e-06,2.1451857444601377e-06
1604163025226,2020-10-31T12:50:25.226,17.85,8.651824655223395e-06,-5.6272673658493026e-06,1.9216435984166758e-06
1604163025276,2020-10-31T12:50:25.276,17.9,8.84586327160907e-06,-5.446505837539357e-06,2.1208401261141853e-06
1604163025326,2020-10-31T12:50:25.326,17.95,8.965693695356887e-06,-5.1212318627161926e-06,2.5516922627863788e-06
1604163025376,2020-10-31T12:50:25.376,18.0,8.818082492850207e-06,-4.362436265947998e-06,2.837244160345518e-06
1604163025426,2020-10-31T12:50:25.426,18.05,8.075646001811543e-06,-3.4806955922602654e-06,2.617469313129588e-06
1604163025476,2020-10-31T12:50:25.476,18.1,6.7812591541455055e-06,-3.253886865628072e-06,1.9933094722805404e-06
1604163025526,2020-10-31T12:50:25.526,18.15,5.730413993679605e-06,-3.74986904104429e-06,1.5474009097905265e-06
1604163025576,2020-10-31T12:50:25.576,18.2,5.545662701107857e-06,-4.1263871606926544e-06,1.6073233618433193e-06
1604163025626,2020-10-31T12:50:25.626,18.25,5.658014972044775e-06,-3.826589180253759e-06,1.8497891977074501e-06
1604163025676,2020-10-31T12:50:25.676,18.3,5.089579710365565e-06,-3.246161464375246e-06,1.847433850083693e-06
1604163025726,2020-10-31T12:50:25.726,18.35,3.9619606450275445e-06,-2.9869026493913588e-06,1.7021133621129895e-06
1604163025776,2020-10-31T12:50:25.776,18.4,3.230171222400777e-06,-3.026467350613047e-06,1.8750730252140807e-06
1604163025826,2020-10-31T12:50:25.826,18.45,3.130741310351873e-06,-2.872603946873401e-06,2.4407364119480605e-06
1604163025876,2020-10-31T12:50:25.876,18.5,2.9653678720036117e-06,-2.198814639297901e-06,2.8766437498840715e-06
1604163025926,2020-10-31T12:50:25.926,18.55,2.3267486789527116e-06,-1.1898741770586245e-06,2.81350739854192e-06
1604163025976,2020-10-31T12:50:25.976,18.6,1.582910246973386e-06,-3.7159033913834136e-07,2.6067514156246426e-06
1604163026026,2020-10-31T12:50:26.026,18.65,1.1834196278975103e-06,-7.454937455568339e-08,2.79570508882329e-06
1604163026076,2020-10-31T12:50:26.076,18.7,1.154896059380612e-06,-7.86587564821252e-08,3.263296288624803e-06
1604163026126,2020-10-31T12:50:26.126,18.75,1.236337221445398e-06,1.0926812474157774e-07,3.3853583884155917e-06
1604163026176,2020-10-31T12:50:26.176,18.8,1.1202034661598186e-06,6.50668505996634e-07,3.0405033036813217e-06
1604163026226,2020-10-31T12:50:26.226,18.85,6.010062029841874e-07,1.1595449348956211e-06,2.9056377722515933e-06
1604163026276,2020-10-31T12:50:26.276,18.9,-2.456992205495558e-07,1.1800287256305557e-06,3.2704369852901984e-06
1604163026326,2020-10-31T12:50:26.326,18.95,-9.87890489340229e-07,7.898887511720472e-07,3.2664296162137615e-06
1604163026376,2020-10-31T12:50:26.376,19.0,-1.2019295288503496e-06,4.732545412101633e-07,2.2651696118113507e-06
1604163026426,2020-10-31T12:50:26.426,19.05,-1.0209416285683528e-06,4.644594764014605e-07,1.2629281157593894e-06
1604163026476,2020-10-31T12:50:26.476,19.1,-1.0058536963640697e-06,5.855120293599267e-07,1.4700903401983599e-06
1604163026526,2020-10-31T12:50:26.526,19.15,-1.3981922720809416e-06,6.946448128114568e-07,2.267566556462415e-06
1604163026576,2020-10-31T12:50:26.576,19.2,-1.8918130900885426e-06,9.260700588079185e-07,2.20401924397793e-06
1604163026626,2020-10-31T12:50:26.626,19.25,-2.1804516384329683e-06,1.3780222036588874e-06,1.390523250282217e-06
1604163026676,2020-10-31T12:50:26.676,19.3,-2.3267770319557273e-06,1.7808078026664905e-06,1.1696404638922206e-06
1604163026726,2020-10-31T12:50:26.726,19.35,-2.5114233594236003e-06,1.7845619550192441e-06,1.8032067285486235e-06
1604163026776,2020-10-31T12:50:26.776,19.4,-2.7139899154146283e-06,1.5370497100534897e-06,2.1560560164996606e-06
1604163026826,2020-10-31T12:50:26.826,19.45,-2.793401229837132e-06,1.5047890965093711e-06,1.5850755949338801e-06
1604163026876,2020-10-31T12:50:26.876,19.5,-2.7616638504575567e-06,1.6974934754022504e-06,7.28944661907386e-07
1604163026926,2020-10-31T12:50:26.926,19.55,-2.7918779527217474e-06,1.6604359751646543e-06,3.6810984634553317e-07
1604163026976,2020-10-31T12:50:26.976,19.6,-2.9292935980866463e-06,1.290812508748091e-06,5.645929106332744e-07
1604163027026,2020-10-31T12:50:27.026,19.65,-3.005355730681034e-06,1.0722034917961722e-06,8.881209683825781e-07
1604163027076,2020-10-31T12:50:27.076,19.7,-2.979094223672647e-06,1.3579558091584835e-06,8.454543985951116e-07
1604163027126,2020-10-31T12:50:27.126,19.75,-3.098439539889312e-06,1.8230434428143815e-06,3.2162379969411693e-07
1604163027176,2020-10-31T12:50:27.176,19.8,-3.4356736416557183e-06,1.8832743707692806e-06,-2.5169714189044245e-07
1604163027226,2020-10-31T12:50:27.226,19.85,-3.579257062339209e-06,1.5095459491662e-06,-5.38311149265373e-07
1604163027276,2020-10-31T12:50:27.276,19.9,-3.246568614786197e-06,1.2127077090245946e-06,-7.567463497949061e-07
1604163027326,2020-10-31T12:50:27.326,19.95,-2.86338007925951e-06,1.2013746161349483e-06,-1.0356190980141208e-06
1604163027376,2020-10-31T12:50:27.376,20.0,-2.9756035786553833e-06,1.195728221900817e-06,-1.0392525977662152e-06
1604163027426,2020-10-31T12:50:27.426,20.05,-3.424722276177282e-06,1.1653098042266606e-06,-7.634183371326875e-07
1604163027476,2020-10-31T12:50:27.476,20.1,-3.5850692245928807e-06,1.3710177063564621e-06,-6.988536461441827e-07
1604163027526,2020-10-31T12:50:27.526,20.15,-3.116566484972806e-06,1.577960345981519e-06,-7.18995310509305e-07
1604163027576,2020-10-31T12:50:27.576,20.2,-2.242938814749273e-06,1.2815854386891164e-06,-1.8458579473624017e-07
1604163027626,2020-10-31T12:50:27.626,20.25,-1.4977516558787128e-06,7.712497028394103e-07,4.7104655506850037e-07
1604163027676,2020-10-31T12:50:27.676,20.3,-1.2547426957318564e-06,7.919923488559911e-07,7.87608424011167e-08
1604163027726,2020-10-31T12:50:27.726,20.35,-1.491486158198846e-06,1.1468519888374347e-06,-1.0675751087966045e-06
1604163027776,2020-10-31T12:50:27.776,20.4,-1.9645962794738187e-06,9.294371486624205e-07,-1.376692539555899e-06
1604163027826,2020-10-31T12:50:27.826,20.45,-2.349842467546369e-06,1.6249655697329298e-07,-4.845208912991596e-07
1604163027876,2020-10-31T12:50:27.876,20.5,-2.3129811120517175e-06,-1.573145407777249e-07,2.826884412607273e-07
1604163027926,2020-10-31T12:50:27.926,20.55,-1.8992284676224212e-06,2.5310960963976396e-07,-1.777212921438973e-08
1604163027976,2020-10-31T12:50:27.976,20.6,-1.6592297985671195e-06,5.781462121282676e-07,-9.606037351898432e-07
1604163028026,2020-10-31T12:50:28.026,20.65,-1.9296198644056324e-06,4.258492504905145e-07,-1.7365186151114806e-06
1604163028076,2020-10-31T12:50:28.076,20.7,-2.348131823767551e-06,4.33073843083002e-07,-1.945287238660609e-06
1604163028126,2020-10-31T12:50:28.126,20.75,-2.4234135794537117e-06,9.392630715157518e-07,-1.576395685301962e-06
1604163028176,2020-10-31T12:50:28.176,20.8,-2.104644725831107e-06,1.2684733991633496e-06,-1.001038949978721e-06
1604163028226,2020-10-31T12:50:28.226,20.85,-1.704589545964585e-06,9.011688069591518e-07,-7.396275995076093e-07
1604163028276,2020-10-31T12:50:28.276,20.9,-1.700731894307002e-06,3.3405211227679527e-07,-8.540071721454869e-07
1604163028326,2020-10-31T12:50:28.326,20.95,-2.287981191590068e-06,2.6285844383300315e-07,-9.726297041957844e-07
1604163028376,2020-10-31T12:50:28.376,21.0,-2.8691914887996796e-06,7.084966728793044e-07,-9.560226283994897e-07
1604163028426,2020-10-31T12:50:28.426,21.05,-2.7032662179543967e-06,1.2598066056054002e-06,-1.0135962628036768e-06
1604163028476,2020-10-31T12:50:28.476,21.1,-2.0962997389882743e-06,1.6280710463526697e-06,-1.2342973401513352e-06
1604163028526,2020-10-31T12:50:28.526,21.15,-2.0464249714050364e-06,1.7947490694819609e-06,-1.396649035085605e-06
1604163028576,2020-10-31T12:50:28.576,21.2,-2.766622504065289e-06,1.8664362540157646e-06,-1.2359930926129559e-06
1604163028626,2020-10-31T12:50:28.626,21.25,-3.436834066570001e-06,1.870318707094769e-06,-8.61035773094403e-07
1604163028676,2020-10-31T12:50:28.676,21.3,-3.505731068289453e-06,1.7281512155825568e-06,-7.889729687808425e-07
1604163028726,2020-10-31T12:50:28.726,21.35,-3.4430647384359754e-06,1.5392212367252004e-06,-1.2271209464160165e-06
1604163028776,2020-10-31T12:50:28.776,21.4,-3.713027544985782e-06,1.7172655689735709e-06,-1.6146966882149952e-06
1604163028826,2020-10-31T12:50:28.826,21.45,-3.758668414289543e-06,2.4439087101043554e-06,-1.471013012666468e-06
1604163028876,2020-10-31T12:50:28.876,21.5,-2.9881792257598825e-06,3.1651273731764603e-06,-1.1279380527628624e-06
1604163028926,2020-10-31T12:50:28.926,21.55,-2.0717346064083694e-06,3.2285517299552473e-06,-8.484537094710133e-07
1604163028976,2020-10-31T12:50:28.976,21.6,-2.032343133050096e-06,2.7679440736378077e-06,-6.692130192075836e-08
1604163029026,2020-10-31T12:50:29.026,21.65,-2.6683509009433308e-06,2.3701337200927072e-06,1.485920027918783e-06
1604163029076,2020-10-31T12:50:29.076,21.7,-3.0036655479721992e-06,2.3159539482299412e-06,2.816529369528039e-06
1604163029126,2020-10-31T12:50:29.126,21.75,-2.741395009670294e-06,2.594240256402426e-06,3.0442049567807443e-06
1604163029176,2020-10-31T12:50:29.176,21.8,-2.302608001895142e-06,3.1061670729965673e-06,2.8961956116745887e-06
1604163029226,2020-10-31T12:50:29.226,21.85,-1.8437701933783635e-06,3.636480866043041e-06,3.4959750517959055e-06
1604163029276,2020-10-31T12:50:29.276,21.9,-1.188149426382038e-06,4.0396198983161705e-06,4.520195079275749e-06
1604163029326,2020-10-31T12:50:29.326,21.95,-5.839509018028371e-07,4.342831281790404e-06,4.949154585972026e-06
1604163029376,2020-10-31T12:50:29.376,22.0,-5.311139184806383e-07,4.472535650074929e-06,4.74944507341034e-06
1604163029426,2020-10-31T12:50:29.426,22.05,-7.721064860438238e-07,4.269846429709767e-06,4.534669575240904e-06
1604163029476,2020-10-31T12:50:29.476,22.1,-5.252342219176471e-07,3.88461186694513e-06,4.41094814730378e-06
1604163029526,2020-10-31T12:50:29.526,22.15,1.1992277057552362e-07,3.743156842122616e-06,4.186635914624752e-06
1604163029576,2020-10-31T12:50:29.576,22.2,2.5353685106945023e-07,3.997889743315189e-06,4.086681986291101e-06
1604163029626,2020-10-31T12:50:29.626,22.25,-2.5439089471464287e-07,4.248672584728953e-06,4.453292888801492e-06
1604163029676,2020-10-31T12:50:29.676,22.3,-5.479490872850118e-07,4.008056631889548e-06,5.0059706783212895e-06
1604163029726,2020-10-31T12:50:29.726,22.35,-2.7448618329319573e-07,3.433835972414016e-06,5.042074470836199e-06
1604163029776,2020-10-31T12:50:29.776,22.4,5.81644936951699e-08,3.2239279754950663e-06,4.418829810687506e-06
1604163029826,2020-10-31T12:50:29.826,22.45,1.491366026325679e-07,3.472175488031552e-06,3.7958410554238728e-06
1604163029876,2020-10-31T12:50:29.876,22.5,1.5917567239450827e-07,3.284666255003773e-06,3.713605901682204e-06
1604163029926,2020-10-31T12:50:29.926,22.55,1.5169736000138566e-07,2.2079168794393674e-06,3.935567134549657e-06
1604163029976,2020-10-31T12:50:29.976,22.6,1.4967135489455793e-07,1.0620930417771655e-06,3.951123871690987e-06
1604163030026,2020-10-31T12:50:30.026,22.65,3.850475085455033e-07,4.7583532139389867e-07,3.605929195816907e-06
1604163030076,2020-10-31T12:50:30.076,22.7,9.525831401739127e-07,-5.915433606045215e-08,2.9527579157685624e-06
1604163030126,2020-10-31T12:50:30.126,22.75,1.578851132421935e-06,-8.021273583587359e-07,2.0751419433395866e-06
1604163030176,2020-10-31T12:50:30.176,22.8,1.9728697146465816e-06,-1.1329486981930147e-06,1.3098696558594232e-06
1604163030226,2020-10-31T12:50:30.226,22.85,2.077963096174656e-06,-1.0519441883932723e-06,9.92899568286236e-07
1604163030276,2020-10-31T12:50:30.276,22.9,1.9818213965462417e-06,-1.4859540650429547e-06,9.393054142564854e-07
1604163030326,2020-10-31T12:50:30.326,22.95,1.8598458054316791e-06,-2.5483816989302653e-06,8.213313700890178e-07
1604163030376,2020-10-31T12:50:30.376,23.0,1.866336722475258e-06,-3.147625146815672e-06,7.146657366014594e-07
1604163030426,2020-10-31T12:50:30.426,23.05,1.989431631063095e-06,-2.694810419227622e-06,6.718493314526712e-07
1604163030476,2020-10-31T12:50:30.476,23.1,2.194680322071309e-06,-1.9200631615363698e-06,4.821067137663576e-07
1604163030526,2020-10-31T12:50:30.526,23.15,2.477016908508044e-06,-1.7093247832890052e-06,2.7482723313100577e-07
1604163030576,2020-10-31T12:50:30.576,23.2,2.641175449635893e-06,-2.0193775218188316e-06,4.17671299244776e-07
1604163030626,2020-10-31T12:50:30.626,23.25,2.533796781920609e-06,-2.276951766846746e-06,7.26053527886785e-07
1604163030676,2020-10-31T12:50:30.676,23.3,2.4536970586048912e-06,-2.2838691798770204e-06,7.313732293659073e-07
1604163030726,2020-10-31T12:50:30.726,23.35,2.707229363922774e-06,-2.265327863389411e-06,4.768226237139953e-07
1604163030776,2020-10-31T12:50:30.776,23.4,2.9868760509640737e-06,-2.287101492245662e-06,3.0294626757981783e-07
1604163030826,2020-10-31T12:50:30.826,23.45,2.814990641219484e-06,-2.171956521059602e-06,3.5981300426057855e-07
1604163030876,2020-10-31T12:50:30.876,23.5,2.302201451396834e-06,-1.997584248813414e-06,6.944110102281564e-07
1604163030926,2020-10-31T12:50:30.926,23.55,1.9693616952109703e-06,-2.106135522798732e-06,1.1877489680472425e-06
1604163030976,2020-10-31T12:50:30.976,23.6,2.0743491242394504e-06,-2.463650904490586e-06,1.452074916230676e-06
1604163031026,2020-10-31T12:50:31.026,23.65,2.4187977644866297e-06,-2.6157919701963747e-06,1.3583937231620757e-06
1604163031076,2020-10-31T12:50:31.076,23.7,2.6655996889060407e-06,-2.4568329424230517e-06,1.2797915898739467e-06
1604163031126,2020-10-31T12:50:31.126,23.75,2.6597740700674887e-06,-2.3862876271466346e-06,1.4052418647209158e-06
1604163031176,2020-10-31T12:50:31.176,23.8,2.458048414194025e-06,-2.5782347999307264e-06,1.3960787587337504e-06
1604163031226,2020-10-31T12:50:31.226,23.85,2.2444584008820825e-06,-2.744183625076283e-06,1.0472065888601044e-06
1604163031276,2020-10-31T12:50:31.276,23.9,2.2681553167439997e-06,-2.685571575205004e-06,7.190977392748115e-07
1604163031326,2020-10-31T12:50:31.326,23.95,2.5663377756605644e-06,-2.5566356098577383e-06,7.744364166546347e-07
1604163031376,2020-10-31T12:50:31.376,24.0,2.8006075782937422e-06,-2.509497210785568e-06,1.0122107746630849e-06
1604163031426,2020-10-31T12:50:31.426,24.05,2.746327220006413e-06,-2.39290416312389e-06,1.0369605059037555e-06
1604163031476,2020-10-31T12:50:31.476,24.1,2.609358821875266e-06,-2.0018924310759386e-06,8.687515908505341e-07
1604163031526,2020-10-31T12:50:31.526,24.15,2.4891686157751876e-06,-1.5486747980068965e-06,7.615162950356833e-07
1604163031576,2020-10-31T12:50:31.576,24.2,2.2040370350689457e-06,-1.5218884419660191e-06,7.128949271287544e-07
1604163031626,2020-10-31T12:50:31.626,24.25,1.9284192838371987e-06,-1.984029621825431e-06,6.351501716460503e-07
1604163031676,2020-10-31T12:50:31.676,24.3,2.1005658513972413e-06,-2.4168110795154267e-06,7.00788079883053e-07
1604163031726,2020-10-31T12:50:31.726,24.35,2.569670412811351e-06,-2.3891447042767283e-06,1.0040807175153201e-06
1604163031776,2020-10-31T12:50:31.776,24.4,2.7662428953592624e-06,-2.045186175243256e-06,1.2223703624496068e-06
1604163031826,2020-10-31T12:50:31.826,24.45,2.6374450895113457e-06,-1.8212683871382388e-06,1.1481646804995623e-06
1604163031876,2020-10-31T12:50:31.876,24.5,2.5845870752433386e-06,-1.8895390817798874e-06,1.1591059638493508e-06
1604163031926,2020-10-31T12:50:31.926,24.55,2.6986764425916457e-06,-2.055978362037851e-06,1.5332796929965434e-06
1604163031976,2020-10-31T12:50:31.976,24.6,2.713319004337639e-06,-2.1456649865145394e-06,1.7520526392067158e-06
1604163032026,2020-10-31T12:50:32.026,24.65,2.5113458816631483e-06,-2.238996703405582e-06,1.3042225076518568e-06
1604163032076,2020-10-31T12:50:32.076,24.7,2.2677771571347627e-06,-2.482992221031754e-06,7.010659929547428e-07
1604163032126,2020-10-31T12:50:32.126,24.75,2.233772868904568e-06,-2.8417771337570014e-06,7.013620233430936e-07
1604163032176,2020-10-31T12:50:32.176,24.8,2.5218276885235026e-06,-3.053089642667257e-06,1.0534363203094736e-06
1604163032226,2020-10-31T12:50:32.226,24.85,2.9025331669656366e-06,-2.894827304615039e-06,1.032300801030291e-06
1604163032276,2020-10-31T12:50:32.276,24.9,2.906454545127668e-06,-2.59865490845019e-06,6.566060879718469e-07
1604163032326,2020-10-31T12:50:32.326,24.95,2.473110545540649e-06,-2.6674937142536382e-06,4.5261276274657827e-07
1604163032376,2020-10-31T12:50:32.376,25.0,2.213412142356396e-06,-3.0948789044530927e-06,5.307184521988371e-07
1604163032426,2020-10-31T12:50:32.426,25.05,2.5936161694875447e-06,-3.307162109266324e-06,6.107042672675144e-07
1604163032476,2020-10-31T12:50:32.476,25.1,3.2307483292899132e-06,-3.056489220581309e-06,5.86505196365911e-07
1604163032526,2020-10-31T12:50:32.526,25.15,3.382022811025853e-06,-2.7370879790812628e-06,5.738957441615773e-07
1604163032576,2020-10-31T12:50:32.576,25.2,2.850038740136683e-06,-2.717341311800778e-06,6.058082775160002e-07
1604163032626,2020-10-31T12:50:32.626,25.25,2.181081854950025e-06,-2.9523126379261353e-06,6.035501304568018e-07
1604163032676,2020-10-31T12:50:32.676,25.3,2.0413509408829763e-06,-3.2311289266500906e-06,5.817516891484617e-07
1604163032726,2020-10-31T12:50:32.726,25.35,2.4514567766242074e-06,-3.318981087558621e-06,6.459214301680563e-07
1604163032776,2020-10-31T12:50:32.776,25.4,2.814047534731604e-06,-3.0515284999777573e-06,7.525174650531093e-07
1604163032826,2020-10-31T12:50:32.826,25.45,2.796518028801157e-06,-2.6593617440140375e-06,6.812650421067772e-07
1604163032876,2020-10-31T12:50:32.876,25.5,2.7742245635843137e-06,-2.6048305113353834e-06,3.7310352365885806e-07
1604163032926,2020-10-31T12:50:32.926,25.55,3.094833279155281e-06,-2.8940637222311264e-06,1.3467933633942454e-07
1604163032976,2020-10-31T12:50:32.976,25.6,3.4199897773021485e-06,-3.1221720898663116e-06,2.869580282149644e-07
1604163033026,2020-10-31T12:50:33.026,25.65,3.3051461062754632e-06,-3.1542575261754636e-06,6.619386276888186e-07
1604163033076,2020-10-31T12:50:33.076,25.7,2.982034170358773e-06,-3.0860778167571183e-06,7.982765783405767e-07
1604163033126,2020-10-31T12:50:33.126,25.75,2.9712683205880815e-06,-2.862918325624385e-06,6.838303624949226e-07
1604163033176,2020-10-31T12:50:33.176,25.8,3.2350749724579865e-06,-2.615215707943391e-06,7.15788704520997e-07
1604163033226,2020-10-31T12:50:33.226,25.85,3.2900684011136596e-06,-2.7774659098681228e-06,8.802401699344539e-07
1604163033276,2020-10-31T12:50:33.276,25.9,2.9827185528101987e-06,-3.2922334288503086e-06,8.629217539570828e-07
1604163033326,2020-10-31T12:50:33.326,25.95,2.6569436929276785e-06,-3.495424688540022e-06,8.625117592765624e-07
1604163033376,2020-10-31T12:50:33.376,26.0,2.5990135468225366e-06,-3.185055597433205e-06,1.2142111597591642e-06
1604163033426,2020-10-31T12:50:33.426,26.05,2.6969501771953145e-06,-2.8781201400527594e-06,1.5791515791385927e-06
1604163033476,2020-10-31T12:50:33.476,26.1,2.7335907574609754e-06,-2.8653221127382003e-06,1.4715315974579947e-06
1604163033526,2020-10-31T12:50:33.526,26.15,2.7575530275659582e-06,-2.925822874029807e-06,9.996968277252906e-07
1604163033576,2020-10-31T12:50:33.576,26.2,2.9279296952328563e-06,-2.8956408978746194e-06,5.770405188887324e-07
1604163033626,2020-10-31T12:50:33.626,26.25,3.133824585980313e-06,-2.8458511606258837e-06,5.289330556581962e-07
1604163033676,2020-10-31T12:50:33.676,26.3,3.127259799727781e-06,-2.9101755364510945e-06,9.089371869478659e-07
1604163033726,2020-10-31T12:50:33.726,26.35,2.957764685777237e-06,-3.157463814763507e-06,1.255960723516545e-06
1604163033776,2020-10-31T12:50:33.776,26.4,2.888206886883758e-06,-3.3964380672531556e-06,1.0872903329844734e-06
1604163033826,2020-10-31T12:50:33.826,26.45,2.963337223721062e-06,-3.330961806861057e-06,7.786012412876833e-07
1604163033876,2020-10-31T12:50:33.876,26.5,3.0060138301098137e-06,-3.0624511610250155e-06,1.0725921433803992e-06
1604163033926,2020-10-31T12:50:33.926,26.55,2.964739836736588e-06,-2.950336983295466e-06,1.7584190118497176e-06
1604163033976,2020-10-31T12:50:33.976,26.6,2.9871200814958506e-06,-2.9725160702964374e-06,1.9061253062837086e-06
1604163034026,2020-10-31T12:50:34.026,26.65,3.139136985030892e-06,-2.854403432971784e-06,1.3826115597415183e-06
1604163034076,2020-10-31T12:50:34.076,26.7,3.265997200181424e-06,-2.7580838370146524e-06,1.0154846451325964e-06
1604163034126,2020-10-31T12:50:34.126,26.75,3.2279239057942203e-06,-3.0819833559564723e-06,1.1776187828391211e-06
1604163034176,2020-10-31T12:50:34.176,26.8,3.06337449069641e-06,-3.59978427866546e-06,1.3479505051030542e-06
1604163034226,2020-10-31T12:50:34.226,26.85,2.8354454469355643e-06,-3.649254810924331e-06,1.2332434236356025e-06
1604163034276,2020-10-31T12:50:34.276,26.9,2.6300001821635322e-06,-3.2114790615074187e-06,1.1697001868566508e-06
1604163034326,2020-10-31T12:50:34.326,26.95,2.6766097063190927e-06,-2.9566914641465638e-06,1.281696606003517e-06
1604163034376,2020-10-31T12:50:34.376,27.0,3.0095735880024804e-06,-3.1730997968981694e-06,1.325290062619478e-06
1604163034426,2020-10-31T12:50:34.426,27.05,3.1937785874137944e-06,-3.4290870167460525e-06,1.2819528328340824e-06
1604163034476,2020-10-31T12:50:34.476,27.1,2.9262237122222666e-06,-3.3917992736641218e-06,1.2113917920639085e-06
1604163034526,2020-10-31T12:50:34.526,27.15,2.563001637568913e-06,-3.2871823531657392e-06,9.476523995459685e-07
1604163034576,2020-10-31T12:50:34.576,27.2,2.5463342919026865e-06,-3.3445519695527905e-06,6.146490702899548e-07
1604163034626,2020-10-31T12:50:34.626,27.25,2.79624521032679e-06,-3.4107520099824827e-06,7.126010067565893e-07
1604163034676,2020-10-31T12:50:34.676,27.3,3.0580951811120254e-06,-3.4282513987941243e-06,1.218955486990586e-06
1604163034726,2020-10-31T12:50:34.726,27.35,3.2960751065062278e-06,-3.6846770960041233e-06,1.4546388548200341e-06
1604163034776,2020-10-31T12:50:34.776,27.4,3.495994946588888e-06,-4.208394570733497e-06,1.1336186784197345e-06
1604163034826,2020-10-31T12:50:34.826,27.45,3.5470810764614558e-06,-4.547285161127185e-06,7.332233194867712e-07
1604163034876,2020-10-31T12:50:34.876,27.5,3.3998697416526856e-06,-4.492156732049411e-06,6.901016094971662e-07
1604163034926,2020-10-31T12:50:34.926,27.55,3.121574096224637e-06,-4.352201080811021e-06,8.92398733085797e-07
1604163034976,2020-10-31T12:50:34.976,27.6,2.8868083142209895e-06,-4.302080554689912e-06,1.0141521604441835e-06
1604163035026,2020-10-31T12:50:35.026,27.65,2.8700236950263526e-06,-4.186623974189666e-06,9.215339205692262e-07
1604163035076,2020-10-31T12:50:35.076,27.7,3.0300662322647058e-06,-4.0733058757876905e-06,7.164238362653541e-07
1604163035126,2020-10-31T12:50:35.126,27.75,3.2354547868348025e-06,-4.214943888021424e-06,5.901155178850587e-07
1604163035176,2020-10-31T12:50:35.176,27.8,3.5222763239774116e-06,-4.416638535661194e-06,6.70117830316967e-07
1604163035226,2020-10-31T12:50:35.226,27.85,3.851795941701799e-06,-4.247448089104558e-06,8.696840457208641e-07
1604163035276,2020-10-31T12:50:35.276,27.9,3.936692516456803e-06,-3.87719184661383e-06,8.81698942885291e-07
1604163035326,2020-10-31T12:50:35.326,27.95,3.717428498371063e-06,-3.905295519264527e-06,5.539838427277114e-07
1604163035376,2020-10-31T12:50:35.376,28.0,3.5126498981457934e-06,-4.385508383748878e-06,2.1940903243386921e-07
1604163035426,2020-10-31T12:50:35.426,28.05,3.3949057900231976e-06,-4.712771365338317e-06,2.948023891219766e-07
1604163035476,2020-10-31T12:50:35.476,28.1,3.110829993566281e-06,-4.502114026472153e-06,6.576906444890127e-07
1604163035526,2020-10-31T12:50:35.526,28.15,2.817251081643513e-06,-4.105078931822139e-06,8.41483572086772e-07
1604163035576,2020-10-31T12:50:35.576,28.2,2.9926136272106104e-06,-4.129974368223749e-06,7.022090424455978e-07
1604163035626,2020-10-31T12:50:35.626,28.25,3.4685692195514705e-06,-4.640881500683353e-06,4.771823786687099e-07
1604163035676,2020-10-31T12:50:35.676,28.3,3.5835293013722345e-06,-5.035406274858562e-06,3.720017134135158e-07
1604163035726,2020-10-31T12:50:35.726,28.35,3.356401034194206e-06,-4.844122617986804e-06,4.2616682397397605e-07
1604163035776,2020-10-31T12:50:35.776,28.4,3.4021342725572264e-06,-4.450496781239711e-06,5.483878410563682e-07
1604163035826,2020-10-31T12:50:35.826,28.45,3.7474472404534546e-06,-4.5842273371343365e-06,5.573375024370234e-07
1604163035876,2020-10-31T12:50:35.876,28.5,3.86483684244076e-06,-5.208758130077523e-06,4.760099030147748e-07
1604163035926,2020-10-31T12:50:35.926,28.55,3.7445914662156214e-06,-5.544110415067566e-06,5.619131827073435e-07
1604163035976,2020-10-31T12:50:35.976,28.6,3.849314180291065e-06,-5.225011160118317e-06,7.508102472967381e-07
1604163036026,2020-10-31T12:50:36.026,28.65,4.154572458059437e-06,-4.776877440685413e-06,6.846693976294347e-07
1604163036076,2020-10-31T12:50:36.076,28.7,4.230659548648143e-06,-4.779184830784515e-06,4.771728206357778e-07
1604163036126,2020-10-31T12:50:36.126,28.75,4.14745202057725e-06,-5.096192413258213e-06,5.419292591665445e-07
1604163036176,2020-10-31T12:50:36.176,28.8,4.336632662148436e-06,-5.224360598806084e-06,6.915324681360192e-07
1604163036226,2020-10-31T12:50:36.226,28.85,4.636615237097611e-06,-5.111504250706045e-06,4.314152706559748e-07
1604163036276,2020-10-31T12:50:36.276,28.9,4.450848282011135e-06,-5.232701863416449e-06,-4.648015271104759e-08
1604163036326,2020-10-31T12:50:36.326,28.95,3.819689632973052e-06,-5.787863081829028e-06,-7.181266761401505e-08
1604163036376,2020-10-31T12:50:36.376,29.0,3.4224563089097424e-06,-6.256582031539113e-06,4.823196733437106e-07
1604163036426,2020-10-31T12:50:36.426,29.05,3.603044745347446e-06,-6.122744288091403e-06,9.837819722933439e-07
1604163036476,2020-10-31T12:50:36.476,29.1,4.095766483678765e-06,-5.630424727331596e-06,8.158052644805048e-07
1604163036526,2020-10-31T12:50:36.526,29.15,4.4585148838495855e-06,-5.309654463216066e-06,1.2532330905594518e-07
1604163036576,2020-10-31T12:50:36.576,29.2,4.3476455887664965e-06,-5.213674028388972e-06,-3.174615707162242e-07
1604163036626,2020-10-31T12:50:36.626,29.25,3.7894815307638395e-06,-5.213928535611337e-06,-2.1434968786574352e-08
1604163036676,2020-10-31T12:50:36.676,29.3,3.3934619749893287e-06,-5.459327603310536e-06,6.921895697811574e-07
1604163036726,2020-10-31T12:50:36.726,29.35,3.76159220445704e-06,-5.8841334641218274e-06,1.2006218281170186e-06
1604163036776,2020-10-31T12:50:36.776,29.4,4.549189439086828e-06,-5.979968202713551e-06,1.2971677132508021e-06
1604163036826,2020-10-31T12:50:36.826,29.45,4.752153836316408e-06,-5.646205122223494e-06,1.1773149533683861e-06
1604163036876,2020-10-31T12:50:36.876,29.5,4.128161850246525e-06,-5.427085323015049e-06,1.0214511889310314e-06
1604163036926,2020-10-31T12:50:36.926,29.55,3.570794186590805e-06,-5.549961318293627e-06,8.560198798772027e-07
1604163036976,2020-10-31T12:50:36.976,29.6,3.7308545513573972e-06,-5.651996014940047e-06,7.009734523378421e-07
1604163037026,2020-10-31T12:50:37.026,29.65,4.112721494807899e-06,-5.5600845524336675e-06,6.472300311328333e-07
1604163037076,2020-10-31T12:50:37.076,29.7,4.058354341199421e-06,-5.471660666257179e-06,7.431209814971238e-07
1604163037126,2020-10-31T12:50:37.126,29.75,3.8119478143370326e-06,-5.44348665686711e-06,9.255383589353884e-07
1604163037176,2020-10-31T12:50:37.176,29.8,3.909294422134857e-06,-5.359876029547162e-06,1.1029043823145561e-06
1604163037226,2020-10-31T12:50:37.226,29.85,4.13397291950654e-06,-5.200833946611196e-06,1.1901207147599912e-06
1604163037276,2020-10-31T12:50:37.276,29.9,3.871168925158001e-06,-4.941190737314715e-06,1.133689339296265e-06
1604163037326,2020-10-31T12:50:37.326,29.95,3.1815953682923986e-06,-4.511317202896224e-06,1.0263670205238586e-06
1604163037376,2020-10-31T12:50:37.376,30.0,2.76616429265417e-06,-4.054525286517386e-06,1.0199335801145235e-06
1604163037426,2020-10-31T12:50:37.426,30.05,2.8368413543009893e-06,-3.7536677937320386e-06,1.0963321946943323e-06
1604163037476,2020-10-31T12:50:37.476,30.1,2.6832401944115004e-06,-3.3595345388841744e-06,1.214603805588922e-06
1604163037526,2020-10-31T12:50:37.526,30.15,1.7413343959507065e-06,-2.4967670574538443e-06,1.5789193431279539e-06
1604163037576,2020-10-31T12:50:37.576,30.2,5.15449847856075e-07,-1.3077595532578658e-06,2.3842831657383917e-06
1604163037626,2020-10-31T12:50:37.626,30.25,-2.9994512568819106e-07,-1.3039837589491345e-07,3.4120358975147053e-06
1604163037676,2020-10-31T12:50:37.676,30.3,-1.1157624691414034e-06,1.1342461785731464e-06,4.092117029522679e-06
1604163037726,2020-10-31T12:50:37.726,30.35,-2.8076006575961365e-06,2.731161751732321e-06,3.856147121309498e-06
1604163037776,2020-10-31T12:50:37.776,30.4,-5.1038880268761725e-06,4.522822600681375e-06,2.5774026260457873e-06
1604163037826,2020-10-31T12:50:37.826,30.45,-6.851405087315753e-06,6.154391129025221e-06,8.792731755617647e-07
1604163037876,2020-10-31T12:50:37.876,30.5,-7.79756190779413e-06,7.506762835050104e-06,-3.870461947645691e-07
1604163037926,2020-10-31T12:50:37.926,30.55,-8.827169909875915e-06,8.803610864265154e-06,-1.251724695916029e-06
1604163037976,2020-10-31T12:50:37.976,30.6,-1.037399802060104e-05,1.0294390618953722e-05,-2.6329720162391557e-06
1604163038026,2020-10-31T12:50:38.026,30.65,-1.1857314638015019e-05,1.1939451098683693e-05,-4.9171024669154446e-06
1604163038076,2020-10-31T12:50:38.076,30.7,-1.2821361912169322e-05,1.3456447556853097e-05,-7.3341138840744506e-06
1604163038126,2020-10-31T12:50:38.126,30.75,-1.3557723477158559e-05,1.454121983000413e-05,-9.118402179749637e-06
1604163038176,2020-10-31T12:50:38.176,30.8,-1.442120322622902e-05,1.5116727371009488e-05,-1.0348572982521369e-05
1604163038226,2020-10-31T12:50:38.226,30.85,-1.5214458116955536e-05,1.545771252134949e-05,-1.13556510764211e-05
1604163038276,2020-10-31T12:50:38.276,30.9,-1.5464342593221376e-05,1.5875458958863024e-05,-1.2266089046215138e-05
1604163038326,2020-10-31T12:50:38.326,30.95,-1.5113501444591734e-05,1.6444074306474704e-05,-1.321041868609242e-05
1604163038376,2020-10-31T12:50:38.376,31.0,-1.4745875207661191e-05,1.7243241671784145e-05,-1.4152808598449319e-05
1604163038426,2020-10-31T12:50:38.426,31.05,-1.49059647936188e-05,1.836617239633338e-05,-1.4685092471168014e-05
1604163038476,2020-10-31T12:50:38.476,31.1,-1.5344990263147257e-05,1.954537745556881e-05,-1.4624746332128532e-05
1604163038526,2020-10-31T12:50:38.526,31.15,-1.54398943774906e-05,2.0411257375224192e-05,-1.4456919382098422e-05
1604163038576,2020-10-31T12:50:38.576,31.2,-1.5178495793630217e-05,2.1021723174386362e-05,-1.4688985304819272e-05
1604163038626,2020-10-31T12:50:38.626,31.25,-1.504463243604074e-05,2.1502909449027424e-05,-1.5168250729427915e-05
1604163038676,2020-10-31T12:50:38.676,31.3,-1.5169261749942789e-05,2.162598794483649e-05,-1.5489989411114802e-05
1604163038726,2020-10-31T12:50:38.726,31.35,-1.53346949293912e-05,2.1331947040667407e-05,-1.5721003914086097e-05
1604163038776,2020-10-31T12:50:38.776,31.4,-1.5546614731204285e-05,2.0960494539035763e-05,-1.6128156242914337e-05
1604163038826,2020-10-31T12:50:38.826,31.45,-1.590411669693828e-05,2.056484548318367e-05,-1.6390156888414448e-05
1604163038876,2020-10-31T12:50:38.876,31.5,-1.6138244107379242e-05,1.9852835754264157e-05,-1.588340071887463e-05
1604163038926,2020-10-31T12:50:38.926,31.55,-1.59404195763357e-05,1.892374275862628e-05,-1.4785188275165029e-05
1604163038976,2020-10-31T12:50:38.976,31.6,-1.5538258822687657e-05,1.8191508078088098e-05,-1.3918168436468613e-05
1604163039026,2020-10-31T12:50:39.026,31.65,-1.5279898530695405e-05,1.765307212702654e-05,-1.3336973559367667e-05
1604163039076,2020-10-31T12:50:39.076,31.7,-1.4986664681805837e-05,1.6974096178022737e-05,-1.2275920807037824e-05
1604163039126,2020-10-31T12:50:39.126,31.75,-1.4392292288080196e-05,1.6098305262486747e-05,-1.0658582859398363e-05
1604163039176,2020-10-31T12:50:39.176,31.8,-1.3655251373539145e-05,1.5184602219689605e-05,-9.15922875361883e-06
1604163039226,2020-10-31T12:50:39.226,31.85,-1.2871518247615035e-05,1.4222773247369669e-05,-7.668399214930451e-06
1604163039276,2020-10-31T12:50:39.276,31.9,-1.1846344132567333e-05,1.3189404781859664e-05,-5.423239822032283e-06
1604163039326,2020-10-31T12:50:39.326,31.95,-1.0679666411962137e-05,1.2244933832160449e-05,-2.7514371338431946e-06
1604163039376,2020-10-31T12:50:39.376,32.0,-9.73024125787378e-06,1.1403552443890092e-05,-9.364516434192586e-07
1604163039426,2020-10-31T12:50:39.426,32.05,-8.916659111127994e-06,1.0397473863688994e-05,-1.8241836683473987e-07
1604163039476,2020-10-31T12:50:39.476,32.1,-7.82353139060709e-06,9.099010503990588e-06,6.952419764770186e-07
1604163039526,2020-10-31T12:50:39.526,32.15,-6.361454286022038e-06,7.680499626807257e-06,2.246747952582212e-06
1604163039576,2020-10-31T12:50:39.576,32.2,-4.793649491081108e-06,6.314021177948892e-06,3.431146350234739e-06
1604163039626,2020-10-31T12:50:39.626,32.25,-3.4571082281430335e-06,5.0967322715127045e-06,3.2287402231423655e-06
1604163039676,2020-10-31T12:50:39.676,32.3,-2.657098972386602e-06,4.1545684970950654e-06,2.167436764019141e-06
1604163039726,2020-10-31T12:50:39.726,32.35,-2.4078246884060107e-06,3.4450776478096514e-06,1.4851651207876736e-06
1604163039776,2020-10-31T12:50:39.776,32.4,-2.3889948827616734e-06,2.671447367578052e-06,1.4437559160934057e-06
1604163039826,2020-10-31T12:50:39.826,32.45,-2.3803397369373496e-06,1.7270616895415725e-06,1.3387799172764003e-06
1604163039876,2020-10-31T12:50:39.876,32.5,-2.294924889282267e-06,9.1595825705859e-07,8.183908159178446e-07
1604163039926,2020-10-31T12:50:39.926,32.55,-1.8897528724899438e-06,4.840932351385328e-07,3.301847221973827e-07
1604163039976,2020-10-31T12:50:39.976,32.6,-1.1790487571842426e-06,3.722495982792801e-07,3.7760611084079987e-07
1604163040026,2020-10-31T12:50:40.026,32.65,-8.118841937289334e-07,5.369832988896045e-07,9.095477253017274e-07
1604163040076,2020-10-31T12:50:40.076,32.7,-1.2056197285776063e-06,9.162105768356504e-07,1.4135146332620277e-06
1604163040126,2020-10-31T12:50:40.126,32.75,-1.7282783394145965e-06,1.0952549332107075e-06,1.538761250823779e-06
1604163040176,2020-10-31T12:50:40.176,32.8,-1.512779888197432e-06,6.7549279569531e-07,1.6103037383692952e-06
1604163040226,2020-10-31T12:50:40.226,32.85,-6.169451566939315e-07,-6.516725606498058e-08,2.0746850231893248e-06
1604163040276,2020-10-31T12:50:40.276,32.9,3.053434376690284e-07,-3.9136370800891463e-07,2.650434061022697e-06
1604163040326,2020-10-31T12:50:40.326,32.95,9.664765379655317e-07,3.475416960717783e-08,2.8713961866913674e-06
1604163040376,2020-10-31T12:50:40.376,33.0,1.4246997203563556e-06,7.906952875883898e-07,3.028006062668971e-06
1604163040426,2020-10-31T12:50:40.426,33.05,1.678107111146566e-06,1.246804077197525e-06,3.6320491706842116e-06
1604163040476,2020-10-31T12:50:40.476,33.1,1.8621056436105851e-06,1.3344091941857247e-06,4.4818592727833554e-06
1604163040526,2020-10-31T12:50:40.526,33.15,2.2456511400895946e-06,1.4223535086167387e-06,5.011313906303446e-06
1604163040576,2020-10-31T12:50:40.576,33.2,2.7067520802574534e-06,1.4975757271485319e-06,5.093326811558699e-06
1604163040626,2020-10-31T12:50:40.626,33.25,2.8604381781817275e-06,1.1533623243100549e-06,4.9766542705860355e-06
1604163040676,2020-10-31T12:50:40.676,33.3,2.7315246869089057e-06,4.3200154723312486e-07,4.7886824814988066e-06
1604163040726,2020-10-31T12:50:40.726,33.35,2.7078100144465607e-06,-1.1787118986928237e-07,4.5215127504520154e-06
1604163040776,2020-10-31T12:50:40.776,33.4,2.937829831670378e-06,-2.641311158047395e-07,4.253642649270451e-06
1604163040826,2020-10-31T12:50:40.826,33.45,3.1104189780391803e-06,-3.1498681367187e-07,4.0535010089920345e-06
1604163040876,2020-10-31T12:50:40.876,33.5,2.810024799274621e-06,-6.061754019768255e-07,3.88177329286087e-06
1604163040926,2020-10-31T12:50:40.926,33.55,2.0927838624911756e-06,-1.1401876861419762e-06,3.6908847836238644e-06
1604163040976,2020-10-31T12:50:40.976,33.6,1.4630560704766518e-06,-1.4956495065632048e-06,3.3286696166738637e-06
1604163041026,2020-10-31T12:50:41.026,33.65,1.047940818989306e-06,-1.1388500398268134e-06,2.495199691300258e-06
1604163041076,2020-10-31T12:50:41.076,33.7,3.7100822532736516e-07,-2.8853603705253435e-07,1.1604152597052213e-06
1604163041126,2020-10-31T12:50:41.126,33.75,-7.24954932337372e-07,1.4332411749311253e-08,-2.3347329810766433e-07
1604163041176,2020-10-31T12:50:41.176,33.8,-1.705835811626252e-06,-6.276615138242574e-07,-1.2392664787805554e-06
1604163041226,2020-10-31T12:50:41.226,33.85,-2.1964233941688516e-06,-1.2386212201233278e-06,-1.7601139705644195e-06
1604163041276,2020-10-31T12:50:41.276,33.9,-2.413426975314125e-06,-9.605514091046748e-07,-1.902346655550819e-06
1604163041326,2020-10-31T12:50:41.326,33.95,-2.625340837828737e-06,-3.100003012940952e-07,-1.84432133153892e-06
1604163041376,2020-10-31T12:50:41.376,34.0,-2.907093970090641e-06,-1.3338959462475095e-07,-1.728280461645386e-06
1604163041426,2020-10-31T12:50:41.426,34.05,-3.296790179983881e-06,-2.3925187303997905e-07,-1.4560971218215592e-06
1604163041476,2020-10-31T12:50:41.476,34.1,-3.573516932473086e-06,1.2647886092660228e-08,-9.407249201890763e-07
1604163041526,2020-10-31T12:50:41.526,34.15,-3.315460786545731e-06,4.881078603459814e-07,-5.066384927876061e-07
1604163041576,2020-10-31T12:50:41.576,34.2,-2.6688720869463735e-06,6.052447620060115e-07,-4.464768241900274e-07
1604163041626,2020-10-31T12:50:41.626,34.25,-2.3170867414012703e-06,4.1254998695424315e-07,-4.245731151985311e-07
1604163041676,2020-10-31T12:50:41.676,34.3,-2.3526863684656293e-06,4.3469886999503424e-07,6.495693689051101e-08
1604163041726,2020-10-31T12:50:41.726,34.35,-2.2162208416869985e-06,6.775806173649408e-07,9.280887861772557e-07
1604163041776,2020-10-31T12:50:41.776,34.4,-1.9033993224481737e-06,6.399955724222406e-07,1.5688502175777206e-06
1604163041826,2020-10-31T12:50:41.826,34.45,-1.946363042370172e-06,2.988495797639955e-07,1.6120281714463362e-06
1604163041876,2020-10-31T12:50:41.876,34.5,-2.1988066096417026e-06,2.3495439732428102e-07,1.3468976339916079e-06
1604163041926,2020-10-31T12:50:41.926,34.55,-1.9590376004772e-06,6.126233673180218e-07,1.2890513866912146e-06
1604163041976,2020-10-31T12:50:41.976,34.6,-1.1997596485233493e-06,8.610376172070994e-07,1.3723230844198307e-06
1604163042026,2020-10-31T12:50:42.026,34.65,-6.170569064359838e-07,5.935684004241871e-07,1.1556436774515348e-06
1604163042076,2020-10-31T12:50:42.076,34.7,-5.879678433462986e-07,8.116280945099784e-08,7.968475553430074e-07
1604163042126,2020-10-31T12:50:42.126,34.75,-7.988892851361148e-07,-3.073499699312728e-07,9.094449403360038e-07
1604163042176,2020-10-31T12:50:42.176,34.8,-8.556070409973773e-07,-4.6580060220980425e-07,1.4905636865104487e-06
1604163042226,2020-10-31T12:50:42.226,34.85,-7.111299520724277e-07,-3.9619082177627585e-07,1.9609323262498018e-06
1604163042276,2020-10-31T12:50:42.276,34.9,-4.206195508344057e-07,-2.0157206158518254e-07,2.106503956764978e-06
1604163042326,2020-10-31T12:50:42.326,34.95,-1.913020472123148e-08,-7.428940095777367e-08,2.1315532507346517e-06
1604163042376,2020-10-31T12:50:42.376,35.0,2.914137790427427e-07,-3.860916479176374e-08,2.093786004299225e-06
1604163042426,2020-10-31T12:50:42.426,35.05,3.696223199388353e-07,5.700044972165446e-08,1.954825570646105e-06
1604163042476,2020-10-31T12:50:42.476,35.1,4.125051436875073e-07,2.3323578764717969e-07,1.8152963640278188e-06
1604163042526,2020-10-31T12:50:42.526,35.15,5.467217203440138e-07,2.9640045336319315e-07,1.6851147083533279e-06
1604163042576,2020-10-31T12:50:42.576,35.2,5.713026043034166e-07,7.5722123954165e-08,1.4895711752558876e-06
1604163042626,2020-10-31T12:50:42.626,35.25,5.524167211040639e-07,-3.5205696744724806e-07,1.468436564092445e-06
1604163042676,2020-10-31T12:50:42.676,35.3,1.0388710095883958e-06,-7.157474838427632e-07,1.8936193644786908e-06
1604163042726,2020-10-31T12:50:42.726,35.35,2.1235533399418038e-06,-8.741342796952576e-07,2.3831212082765926e-06
1604163042776,2020-10-31T12:50:42.776,35.4,2.975188742618676e-06,-9.853957477748868e-07,2.334416042271953e-06
1604163042826,2020-10-31T12:50:42.826,35.45,2.9508243246521073e-06,-1.2232558963279365e-06,1.9236481320390425e-06
1604163042876,2020-10-31T12:50:42.876,35.5,2.464615938920477e-06,-1.5137572351892947e-06,1.7991033380980126e-06
1604163042926,2020-10-31T12:50:42.926,35.55,2.1750114259990912e-06,-1.726987253858707e-06,1.991524543567063e-06
1604163042976,2020-10-31T12:50:42.976,35.6,2.117075659307204e-06,-1.8860105448631346e-06,1.9893820140766524e-06
1604163043026,2020-10-31T12:50:43.026,35.65,2.1012457701308125e-06,-2.019175292288936e-06,1.7048219915401237e-06
1604163043076,2020-10-31T12:50:43.076,35.7,2.151488114083134e-06,-2.054101689438693e-06,1.511832467808992e-06
1604163043126,2020-10-31T12:50:43.126,35.75,2.19530359874204e-06,-1.9815664037590474e-06,1.4521025487592454e-06
1604163043176,2020-10-31T12:50:43.176,35.8,1.9692956283315064e-06,-1.9150171563972596e-06,1.2963801842685623e-06
1604163043226,2020-10-31T12:50:43.226,35.85,1.4635386264105543e-06,-1.8998591134712561e-06,1.2509779291821134e-06
1604163043276,2020-10-31T12:50:43.276,35.9,1.0512991378678523e-06,-1.811484154963323e-06,1.6001104979719712e-06
1604163043326,2020-10-31T12:50:43.326,35.95,1.0060138579833967e-06,-1.5525302932604633e-06,1.8802014284127436e-06
1604163043376,2020-10-31T12:50:43.376,36.0,1.09612168743273e-06,-1.2449328371625996e-06,1.5294779469233228e-06
1604163043426,2020-10-31T12:50:43.426,36.05,9.319770795494492e-07,-1.014540861195406e-06,1.0079698529513233e-06
1604163043476,2020-10-31T12:50:43.476,36.1,6.470150949744797e-07,-7.232382339483294e-07,1.0765417800817873e-06
1604163043526,2020-10-31T12:50:43.526,36.15,7.168908371859088e-07,-3.0511885226660927e-07,1.4364368415940812e-06
1604163043576,2020-10-31T12:50:43.576,36.2,1.0803544321600134e-06,-1.5168135718474312e-07,1.3244230288194947e-06
1604163043626,2020-10-31T12:50:43.626,36.25,1.1936583542945703e-06,-5.762187184729733e-07,8.900564356644921e-07
1604163043676,2020-10-31T12:50:43.676,36.3,9.994846991134702e-07,-1.1594314539849654e-06,7.713296009408669e-07
1604163043726,2020-10-31T12:50:43.726,36.35,9.667269942516066e-07,-1.3147314263101184e-06,9.294701718627205e-07
1604163043776,2020-10-31T12:50:43.776,36.4,1.1463235845067264e-06,-1.177500751717984e-06,9.400408304632584e-07
1604163043826,2020-10-31T12:50:43.826,36.45,1.082035756002435e-06,-1.216790679617055e-06,8.014296197751808e-07
1604163043876,2020-10-31T12:50:43.876,36.5,7.245385752900635e-07,-1.404072851507883e-06,7.575362143637164e-07
1604163043926,2020-10-31T12:50:43.926,36.55,5.888612843900598e-07,-1.495820455102352e-06,8.962220065597097e-07
1604163043976,2020-10-31T12:50:43.976,36.6,8.521674460739512e-07,-1.5899836442579764e-06,1.18679930298927e-06
1604163044026,2020-10-31T12:50:44.026,36.65,1.0816563744994088e-06,-1.7448989337569148e-06,1.4399798872713025e-06
1604163044076,2020-10-31T12:50:44.076,36.7,1.029097500607071e-06,-1.6885258166910997e-06,1.3431919183252266e-06
1604163044126,2020-10-31T12:50:44.126,36.75,9.311926066685071e-07,-1.3844296822300024e-06,9.054859706893147e-07
1604163044176,2020-10-31T12:50:44.176,36.8,9.016257868265601e-07,-1.2015821649637979e-06,5.561022605628301e-07
1604163044226,2020-10-31T12:50:44.226,36.85,7.667108001042132e-07,-1.2822098193246096e-06,5.571090328939923e-07
1604163044276,2020-10-31T12:50:44.276,36.9,5.726509497804714e-07,-1.4117573155968732e-06,6.794532313883175e-07
1604163044326,2020-10-31T12:50:44.326,36.95,5.773755967080457e-07,-1.54227532693315e-06,6.406526587394286e-07
1604163044376,2020-10-31T12:50:44.376,37.0,7.170232010977447e-07,-1.7948251139533035e-06,5.8380871578345e-07
1604163044426,2020-10-31T12:50:44.426,37.05,6.99159529641142e-07,-2.0127786316542717e-06,8.74220807582363e-07
1604163044476,2020-10-31T12:50:44.476,37.1,5.971269677256595e-07,-1.933419297859904e-06,1.4557832082629685e-06
1604163044526,2020-10-31T12:50:44.526,37.15,7.808899786888742e-07,-1.7081403761928522e-06,1.7180492939823031e-06
1604163044576,2020-10-31T12:50:44.576,37.2,1.327114174559553e-06,-1.6700319815228493e-06,1.2622413076790782e-06
1604163044626,2020-10-31T12:50:44.626,37.25,1.9411485644989828e-06,-1.7721086566630273e-06,5.674242531522682e-07
1604163044676,2020-10-31T12:50:44.676,37.3,2.3095740133292226e-06,-1.8410271711671923e-06,4.5204430270926585e-07
1604163044726,2020-10-31T12:50:44.726,37.35,2.276071180214921e-06,-2.0335360064311784e-06,9.866676598990758e-07
1604163044776,2020-10-31T12:50:44.776,37.4,1.950764312005953e-06,-2.4420598417328463e-06,1.4795964026037264e-06
1604163044826,2020-10-31T12:50:44.826,37.45,1.7712698833419436e-06,-2.7303281216045547e-06,1.5155945658621474e-06
1604163044876,2020-10-31T12:50:44.876,37.5,2.11911438626312e-06,-2.7162259734315866e-06,1.3797854855872967e-06
1604163044926,2020-10-31T12:50:44.926,37.55,2.811767690200664e-06,-2.811659211754488e-06,1.3251675941628493e-06
1604163044976,2020-10-31T12:50:44.976,37.6,3.3124429090118165e-06,-3.388628644311448e-06,1.0882943839168156e-06
1604163045026,2020-10-31T12:50:45.026,37.65,3.4854724157455647e-06,-4.1191964847152345e-06,5.231440747501242e-07
1604163045076,2020-10-31T12:50:45.076,37.7,3.698491068093822e-06,-4.363257567889421e-06,1.669843649124923e-07
1604163045126,2020-10-31T12:50:45.126,37.75,4.066342195587602e-06,-3.949379562826424e-06,5.728466761666261e-07
1604163045176,2020-10-31T12:50:45.176,37.8,4.240914168155779e-06,-3.3285967952846015e-06,1.3979740440252334e-06
1604163045226,2020-10-31T12:50:45.226,37.85,4.140968492094611e-06,-3.1453861885684488e-06,1.7674969919155844e-06
1604163045276,2020-10-31T12:50:45.276,37.9,4.108075548204803e-06,-3.7120231507512273e-06,1.3834235716117088e-06
1604163045326,2020-10-31T12:50:45.326,37.95,4.235446548767195e-06,-4.696015287680587e-06,7.396510884101462e-07
1604163045376,2020-10-31T12:50:45.376,38.0,4.296242427786603e-06,-5.311401158236634e-06,3.409995298813905e-07
1604163045426,2020-10-31T12:50:45.426,38.05,4.195568224235548e-06,-5.043797627838467e-06,2.1842341006193844e-07
1604163045476,2020-10-31T12:50:45.476,38.1,3.969714909291125e-06,-4.243623924746301e-06,1.9836713987021896e-07
1604163045526,2020-10-31T12:50:45.526,38.15,3.7259865779196486e-06,-3.781248855078475e-06,2.4111379908698757e-07
1604163045576,2020-10-31T12:50:45.576,38.2,3.742269334352025e-06,-4.097545289921263e-06,4.3932563355452377e-07
1604163045626,2020-10-31T12:50:45.626,38.25,4.124139827670719e-06,-4.823833109616906e-06,8.064450813764441e-07
1604163045676,2020-10-31T12:50:45.676,38.3,4.5189235222037695e-06,-5.2494482230684074e-06,1.131258801365584e-06
1604163045726,2020-10-31T12:50:45.726,38.35,4.551577254754897e-06,-4.984775118298872e-06,1.2168114733532853e-06
1604163045776,2020-10-31T12:50:45.776,38.4,4.236655297138688e-06,-4.260927564745878e-06,1.2197943428997186e-06
1604163045826,2020-10-31T12:50:45.826,38.45,3.908844202268142e-06,-3.562661415111109e-06,1.4149094751393043e-06
1604163045876,2020-10-31T12:50:45.876,38.5,4.005163209957308e-06,-3.071733605668009e-06,1.7455191862595004e-06
1604163045926,2020-10-31T12:50:45.926,38.55,4.559343085108237e-06,-2.820015241280612e-06,1.9999033859280423e-06
1604163045976,2020-10-31T12:50:45.976,38.6,4.902889662038564e-06,-2.992803149530822e-06,2.1425440603921203e-06
1604163046026,2020-10-31T12:50:46.026,38.65,4.555716770014227e-06,-3.4464027818632252e-06,2.08843447911856e-06
1604163046076,2020-10-31T12:50:46.076,38.7,4.066230341733932e-06,-3.5741457842840164e-06,1.6897101935100645e-06
1604163046126,2020-10-31T12:50:46.126,38.75,4.1237293732900535e-06,-3.2955616233743217e-06,1.291364393167173e-06
1604163046176,2020-10-31T12:50:46.176,38.8,4.48702517285638e-06,-3.269343939154954e-06,1.4585935296029122e-06
1604163046226,2020-10-31T12:50:46.226,38.85,4.6212672120239365e-06,-3.7116626070935247e-06,1.8870530758892097e-06
1604163046276,2020-10-31T12:50:46.276,38.9,4.628236773276219e-06,-4.157793266744223e-06,1.7093952466475228e-06
1604163046326,2020-10-31T12:50:46.326,38.95,4.843555032700549e-06,-4.463931342055131e-06,9.98117724457961e-07
1604163046376,2020-10-31T12:50:46.376,39.0,5.1726948300769755e-06,-4.766116920702236e-06,6.348614669550422e-07
1604163046426,2020-10-31T12:50:46.426,39.05,5.282984863470082e-06,-4.786209352006876e-06,7.624040949820333e-07
1604163046476,2020-10-31T12:50:46.476,39.1,5.003301659283823e-06,-4.444848127571415e-06,7.528725274963967e-07
1604163046526,2020-10-31T12:50:46.526,39.15,4.414861483237881e-06,-4.3862733347795675e-06,4.661407447277255e-07
1604163046576,2020-10-31T12:50:46.576,39.2,3.848179860527505e-06,-4.791586291053045e-06,2.8512784796836664e-07
1604163046626,2020-10-31T12:50:46.626,39.25,3.6699522649642217e-06,-4.890950382591544e-06,2.7460354935533593e-07
1604163046676,2020-10-31T12:50:46.676,39.3,3.903126445135688e-06,-4.469005553704073e-06,2.515818745915847e-07
1604163046726,2020-10-31T12:50:46.726,39.35,4.205483852578005e-06,-4.292210379549465e-06,2.387605829677675e-07
1604163046776,2020-10-31T12:50:46.776,39.4,4.210061209537979e-06,-4.590662515752884e-06,2.8588188185236715e-07
1604163046826,2020-10-31T12:50:46.826,39.45,3.841044640735831e-06,-4.787514761479597e-06,2.8641379600942365e-07
1604163046876,2020-10-31T12:50:46.876,39.5,3.39384449197519e-06,-4.799729706255306e-06,1.608328443246393e-07
1604163046926,2020-10-31T12:50:46.926,39.55,3.168908562773615e-06,-5.059041084515947e-06,-1.1916498695959183e-07
1604163046976,2020-10-31T12:50:46.976,39.6,3.059632909518999e-06,-5.476526028196771e-06,-5.446507394565984e-07
1604163047026,2020-10-31T12:50:47.026,39.65,2.8988415699215376e-06,-5.633784042516812e-06,-8.871746217480298e-07
1604163047076,2020-10-31T12:50:47.076,39.7,2.9281707070844864e-06,-5.6127017928358515e-06,-8.824249979406667e-07
1604163047126,2020-10-31T12:50:47.126,39.75,3.255593100976845e-06,-5.778155362291931e-06,-6.965741444694318e-07
1604163047176,2020-10-31T12:50:47.176,39.8,3.3248896015379405e-06,-6.13808823636908e-06,-7.060473224187691e-07
1604163047226,2020-10-31T12:50:47.226,39.85,2.7602182262806124e-06,-6.381486073494472e-06,-8.845802124104679e-07
1604163047276,2020-10-31T12:50:47.276,39.9,2.1949463162597607e-06,-6.272380639057313e-06,-9.62716234179036e-07
1604163047326,2020-10-31T12:50:47.326,39.95,2.3807561365152525e-06,-5.921425840087439e-06,-9.147661937935891e-07
1604163047376,2020-10-31T12:50:47.376,40.0,2.979676226980606e-06,-5.749342712186703e-06,-8.156098099145345e-07
1604163047426,2020-10-31T12:50:47.426,40.05,3.113622563346451e-06,-5.95821468203513e-06,-6.74911520978538e-07
1604163047476,2020-10-31T12:50:47.476,40.1,2.712685292585797e-06,-6.207804583236429e-06,-6.086720568153463e-07
1604163047526,2020-10-31T12:50:47.526,40.15,2.4726253016639104e-06,-6.236969451230465e-06,-6.525562784185156e-07
1604163047576,2020-10-31T12:50:47.576,40.2,2.733879585627109e-06,-6.317947285091869e-06,-6.116479839413645e-07
1604163047626,2020-10-31T12:50:47.626,40.25,3.1542505181680428e-06,-6.564971121403173e-06,-4.952359942699515e-07
1604163047676,2020-10-31T12:50:47.676,40.3,3.3344744599856272e-06,-6.552585495597824e-06,-5.026291659435681e-07
1604163047726,2020-10-31T12:50:47.726,40.35,3.1749046696848555e-06,-6.095073834150824e-06,-4.461946010610307e-07
1604163047776,2020-10-31T12:50:47.776,40.4,2.785654976784076e-06,-5.538703290029972e-06,-5.454962126073045e-09
1604163047826,2020-10-31T12:50:47.826,40.45,2.492784688868626e-06,-5.105863599762732e-06,6.294030987716231e-07
1604163047876,2020-10-31T12:50:47.876,40.5,2.6365365744344428e-06,-4.781213599980333e-06,1.0634911925622703e-06
1604163047926,2020-10-31T12:50:47.926,40.55,3.0425600267634663e-06,-4.6172674818436735e-06,1.1589685429410024e-06
1604163047976,2020-10-31T12:50:47.976,40.6,3.15626452061814e-06,-4.5145067552038535e-06,9.54986534195828e-07
1604163048026,2020-10-31T12:50:48.026,40.65,2.848317253338074e-06,-4.270164682316451e-06,8.131533482338897e-07
1604163048076,2020-10-31T12:50:48.076,40.7,2.5164966288607875e-06,-4.087663895708329e-06,1.2822692062681601e-06
1604163048126,2020-10-31T12:50:48.126,40.75,2.4587770644071e-06,-4.232299699364385e-06,2.114136722013003e-06
1604163048176,2020-10-31T12:50:48.176,40.8,2.6633828331366443e-06,-4.371802641959251e-06,2.279510483909921e-06
1604163048226,2020-10-31T12:50:48.226,40.85,2.9271456774277727e-06,-4.0822424241420705e-06,1.5579096760806918e-06
1604163048276,2020-10-31T12:50:48.276,40.9,2.889119151915399e-06,-3.544361783625197e-06,9.616537425121114e-07
1604163048326,2020-10-31T12:50:48.326,40.95,2.4539724742625303e-06,-3.1818863264857032e-06,1.1111255769726177e-06
1604163048376,2020-10-31T12:50:48.376,41.0,2.155269545938645e-06,-3.1564310879777667e-06,1.461271352160297e-06
1604163048426,2020-10-31T12:50:48.426,41.05,2.4200366093583532e-06,-3.3986356300068883e-06,1.5726937163889705e-06
1604163048476,2020-10-31T12:50:48.476,41.1,2.8205852270938856e-06,-3.677219481135157e-06,1.831837058460323e-06
1604163048526,2020-10-31T12:50:48.526,41.15,2.806951016682759e-06,-3.7435192945325988e-06,2.407391494729153e-06
1604163048576,2020-10-31T12:50:48.576,41.2,2.5850640126613357e-06,-3.6390667145785766e-06,2.7511697715960907e-06
1604163048626,2020-10-31T12:50:48.626,41.25,2.5583433542786722e-06,-3.5795127621121604e-06,2.680590470033341e-06
1604163048676,2020-10-31T12:50:48.676,41.3,2.632892390266173e-06,-3.5558500113183295e-06,2.830625873709999e-06
1604163048726,2020-10-31T12:50:48.726,41.35,2.6838484613307634e-06,-3.3748370302207848e-06,3.4981210201490812e-06
1604163048776,2020-10-31T12:50:48.776,41.4,2.925672925209986e-06,-2.9398687438603083e-06,4.005183552976506e-06
1604163048826,2020-10-31T12:50:48.826,41.45,3.326877628580607e-06,-2.361710485896232e-06,3.817021728231814e-06
1604163048876,2020-10-31T12:50:48.876,41.5,3.454154522430298e-06,-1.9723406293695885e-06,3.543439848149637e-06
1604163048926,2020-10-31T12:50:48.926,41.55,3.250960463480516e-06,-2.0357672622396422e-06,3.9746073999994e-06
1604163048976,2020-10-31T12:50:48.976,41.6,3.1789537274920194e-06,-2.3312111967460016e-06,4.611480663170952e-06
1604163049026,2020-10-31T12:50:49.026,41.65,3.4048787441504426e-06,-2.4440476482467854e-06,4.397190373408959e-06
1604163049076,2020-10-31T12:50:49.076,41.7,3.6029556604533076e-06,-2.403606410754437e-06,3.655193268999144e-06
1604163049126,2020-10-31T12:50:49.126,41.75,3.5894814987845013e-06,-2.5166606250895074e-06,3.713795195846559e-06
1604163049176,2020-10-31T12:50:49.176,41.8,3.489948037480504e-06,-2.7752481436026012e-06,4.663133980237441e-06
1604163049226,2020-10-31T12:50:49.226,41.85,3.3901778848043882e-06,-2.8914685068611734e-06,5.181522766255206e-06
1604163049276,2020-10-31T12:50:49.276,41.9,3.368403263116292e-06,-2.729506531542438e-06,4.710021592720932e-06
1604163049326,2020-10-31T12:50:49.326,41.95,3.610518370145379e-06,-2.46892049973075e-06,4.2140835417012284e-06
1604163049376,2020-10-31T12:50:49.376,42.0,4.0497783810308e-06,-2.4243992426429696e-06,4.485585289027144e-06
1604163049426,2020-10-31T12:50:49.426,42.05,4.260991890441013e-06,-2.6657782935836102e-06,5.052167428338902e-06
1604163049476,2020-10-31T12:50:49.476,42.1,4.009244651098185e-06,-2.8653930202957155e-06,5.197197404221346e-06
1604163049526,2020-10-31T12:50:49.526,42.15,3.5284355925228085e-06,-2.726650000878565e-06,5.000374216763713e-06
1604163049576,2020-10-31T12:50:49.576,42.2,3.156759087890574e-06,-2.3951626638015174e-06,4.9141414653700095e-06
1604163049626,2020-10-31T12:50:49.626,42.25,3.0045242259135927e-06,-2.229756817670003e-06,4.9894981861198715e-06
1604163049676,2020-10-31T12:50:49.676,42.3,3.0253397440595573e-06,-2.374232579924034e-06,4.967602066550558e-06
1604163049726,2020-10-31T12:50:49.726,42.35,3.2565133145758535e-06,-2.652473808988307e-06,4.8500622194841935e-06
1604163049776,2020-10-31T12:50:49.776,42.4,3.770152012904914e-06,-2.738975567608487e-06,4.936644193241563e-06
1604163049826,2020-10-31T12:50:49.826,42.45,4.319433277051372e-06,-2.5308793228279298e-06,5.295542414732468e-06
1604163049876,2020-10-31T12:50:49.876,42.5,4.4286202298389055e-06,-2.387218977919144e-06,5.563387494019365e-06
1604163049926,2020-10-31T12:50:49.926,42.55,4.024550143919434e-06,-2.6625498841678227e-06,5.38731629200683e-06
1604163049976,2020-10-31T12:50:49.976,42.6,3.568013219155007e-06,-3.0981689441930852e-06,4.88411442023463e-06
1604163050026,2020-10-31T12:50:50.026,42.65,3.4426101185796987e-06,-3.260469731158275e-06,4.570175632196305e-06
1604163050076,2020-10-31T12:50:50.076,42.7,3.594576592770262e-06,-3.3000275384556985e-06,4.778657823369306e-06
1604163050126,2020-10-31T12:50:50.126,42.75,3.8030947768472766e-06,-3.5010312673274088e-06,5.202294976870865e-06
1604163050176,2020-10-31T12:50:50.176,42.8,3.943660807195838e-06,-3.612579529162379e-06,5.340145466774446e-06
1604163050226,2020-10-31T12:50:50.226,42.85,3.9613940200309444e-06,-3.444083001593066e-06,5.2834666829266985e-06
1604163050276,2020-10-31T12:50:50.276,42.9,3.867399903542685e-06,-3.3646122458233734e-06,5.3973460770079834e-06
1604163050326,2020-10-31T12:50:50.326,42.95,3.757823294472945e-06,-3.5473283370258808e-06,5.458443292570009e-06
1604163050376,2020-10-31T12:50:50.376,43.0,3.7254853090151e-06,-3.576916407311123e-06,5.099929993314946e-06
1604163050426,2020-10-31T12:50:50.426,43.05,3.874177110540992e-06,-3.1994161773416003e-06,4.767293470952587e-06
1604163050476,2020-10-31T12:50:50.476,43.1,4.281302326933167e-06,-2.674360706388762e-06,5.12774059673163e-06
1604163050526,2020-10-31T12:50:50.526,43.15,4.669459963568658e-06,-2.2276805986632666e-06,5.977447123111078e-06
1604163050576,2020-10-31T12:50:50.576,43.2,4.529842305600138e-06,-1.7334370809515452e-06,6.6470423371894785e-06
1604163050626,2020-10-31T12:50:50.626,43.25,3.964551938461348e-06,-1.017408076047967e-06,6.965222670552805e-06
1604163050676,2020-10-31T12:50:50.676,43.3,3.773295280847041e-06,-1.7236357107120982e-07,7.244959434007018e-06
1604163050726,2020-10-31T12:50:50.726,43.35,4.2629244354837e-06,5.513233356328748e-07,7.767124353542294e-06
1604163050776,2020-10-31T12:50:50.776,43.4,4.720041515273448e-06,1.0475196702627044e-06,8.495497667896343e-06
1604163050826,2020-10-31T12:50:50.826,43.45,4.513021078737249e-06,1.3401142958587398e-06,9.008017260963535e-06
1604163050876,2020-10-31T12:50:50.876,43.5,3.9247590295278e-06,1.3788469733756484e-06,8.80353713633904e-06
1604163050926,2020-10-31T12:50:50.926,43.55,3.406156401389816e-06,1.1720069269886313e-06,7.97813470140889e-06
1604163050976,2020-10-31T12:50:50.976,43.6,2.7990315310152326e-06,9.916349925775183e-07,7.376506312069775e-06
1604163051026,2020-10-31T12:50:51.026,43.65,1.94101576703622e-06,1.087938295658101e-06,7.592296320475872e-06
1604163051076,2020-10-31T12:50:51.076,43.7,1.3674760055625435e-06,1.3407595753961926e-06,8.034495026005343e-06
1604163051126,2020-10-31T12:50:51.126,43.75,1.6074008491879056e-06,1.4662887334528468e-06,7.767115095823285e-06
1604163051176,2020-10-31T12:50:51.176,43.8,2.2501449950058485e-06,1.3912134322389983e-06,7.087616308819753e-06
1604163051226,2020-10-31T12:50:51.226,43.85,2.5248497276389005e-06,1.260925752663842e-06,7.093080235297364e-06
1604163051276,2020-10-31T12:50:51.276,43.9,2.4272338097722734e-06,1.227462576660039e-06,7.765127994955452e-06
1604163051326,2020-10-31T12:50:51.326,43.95,2.5142258845703364e-06,1.298100249354535e-06,7.968160045231065e-06
1604163051376,2020-10-31T12:50:51.376,44.0,2.889970177922201e-06,1.3521378283651345e-06,7.4088895871354405e-06
1604163051426,2020-10-31T12:50:51.426,44.05,3.020977514908002e-06,1.3004415273883236e-06,7.011132963158868e-06
1604163051476,2020-10-31T12:50:51.476,44.1,2.4963388674207757e-06,1.2014999706087807e-06,7.224341322485043e-06
1604163051526,2020-10-31T12:50:51.526,44.15,1.7300696978388905e-06,1.2100545559862175e-06,7.520617707782319e-06
1604163051576,2020-10-31T12:50:51.576,44.2,1.632343072388916e-06,1.3897426890647038e-06,7.623370911395705e-06
1604163051626,2020-10-31T12:50:51.626,44.25,2.2921500404898606e-06,1.564478494360998e-06,7.838621290648182e-06
1604163051676,2020-10-31T12:50:51.676,44.3,2.571374477077255e-06,1.5097022470162481e-06,8.237623953221162e-06
1604163051726,2020-10-31T12:50:51.726,44.35,1.7433384311166833e-06,1.3462551083345563e-06,8.473739761283104e-06
1604163051776,2020-10-31T12:50:51.776,44.4,6.999044467701765e-07,1.4130374851539315e-06,8.182797004967813e-06
1604163051826,2020-10-31T12:50:51.826,44.45,4.041874748658408e-07,1.6826712255109924e-06,7.128028208106503e-06
1604163051876,2020-10-31T12:50:51.876,44.5,-1.5788955722786534e-08,1.8520387622203857e-06,5.220981466461457e-06
1604163051926,2020-10-31T12:50:51.926,44.55,-2.1560347873873273e-06,2.0012191067607246e-06,2.5997404834732808e-06
1604163051976,2020-10-31T12:50:51.976,44.6,-5.8029565954835825e-06,2.469678615676109e-06,-1.7651230124634298e-07
1604163052026,2020-10-31T12:50:52.026,44.65,-9.00224334799876e-06,3.3013354423010623e-06,-2.163926267506485e-06
1604163052076,2020-10-31T12:50:52.076,44.7,-1.0524568926745585e-05,4.449293837912938e-06,-3.0457931666421934e-06
1604163052126,2020-10-31T12:50:52.126,44.75,-1.1002825509983934e-05,6.001103044305563e-06,-3.871494880512779e-06
1604163052176,2020-10-31T12:50:52.176,44.8,-1.1600506034069573e-05,7.718588183482154e-06,-5.595605363965125e-06
1604163052226,2020-10-31T12:50:52.226,44.85,-1.2623500107879063e-05,9.019718993236235e-06,-7.577311586090185e-06
1604163052276,2020-10-31T12:50:52.276,44.9,-1.368769554085105e-05,9.713562628887217e-06,-8.98399872380778e-06
1604163052326,2020-10-31T12:50:52.326,44.95,-1.4480611950473432e-05,1.0280095365637404e-05,-1.0355784466621362e-05
1604163052376,2020-10-31T12:50:52.376,45.0,-1.4951251243047603e-05,1.1365610118656738e-05,-1.2107364621581027e-05
1604163052426,2020-10-31T12:50:52.426,45.05,-1.5118721479924757e-05,1.308736331393389e-05,-1.3261118231290471e-05
1604163052476,2020-10-31T12:50:52.476,45.1,-1.5045404387416818e-05,1.4713468489140968e-05,-1.3400301508810913e-05
1604163052526,2020-10-31T12:50:52.526,45.15,-1.492711499659208e-05,1.5427380779771375e-05,-1.3860468472397406e-05
1604163052576,2020-10-31T12:50:52.576,45.2,-1.4957651894570623e-05,1.5576339901529585e-05,-1.5415360464752283e-05
1604163052626,2020-10-31T12:50:52.626,45.25,-1.5077619203370926e-05,1.6264426755667058e-05,-1.6956388074005797e-05
1604163052676,2020-10-31T12:50:52.676,45.3,-1.5122378339336551e-05,1.7580244103777974e-05,-1.7745386469701954e-05
1604163052726,2020-10-31T12:50:52.726,45.35,-1.5138255462208565e-05,1.8504493137361344e-05,-1.8713199048942993e-05
1604163052776,2020-10-31T12:50:52.776,45.4,-1.5160833392964818e-05,1.867447713564838e-05,-2.04764853967809e-05
1604163052826,2020-10-31T12:50:52.826,45.45,-1.495551029735199e-05,1.8817782354621103e-05,-2.2183761357533037e-05
1604163052876,2020-10-31T12:50:52.876,45.5,-1.450012786469662e-05,1.9297230987011187e-05,-2.3200301698735284e-05
1604163052926,2020-10-31T12:50:52.926,45.55,-1.4307131298209203e-05,1.9550886717549404e-05,-2.415624803586345e-05
1604163052976,2020-10-31T12:50:52.976,45.6,-1.464034618382238e-05,1.923161370139728e-05,-2.555223768780574e-05
1604163053026,2020-10-31T12:50:53.026,45.65,-1.4865760029191264e-05,1.8860558046374063e-05,-2.671025240710292e-05
1604163053076,2020-10-31T12:50:53.076,45.7,-1.4348671656548991e-05,1.8945505967429703e-05,-2.689344537829327e-05
1604163053126,2020-10-31T12:50:53.126,45.75,-1.3592757926117925e-05,1.9150871830240676e-05,-2.6542616081132495e-05
1604163053176,2020-10-31T12:50:53.176,45.8,-1.3554628746500386e-05,1.886185470467842e-05,-2.6618951614858038e-05
1604163053226,2020-10-31T12:50:53.226,45.85,-1.414821245975455e-05,1.814273289031702e-05,-2.720175718884722e-05
1604163053276,2020-10-31T12:50:53.276,45.9,-1.4428877356215082e-05,1.7587305219658663e-05,-2.748229831246723e-05
1604163053326,2020-10-31T12:50:53.326,45.95,-1.4029927012609034e-05,1.746999423564434e-05,-2.7019234060151408e-05
1604163053376,2020-10-31T12:50:53.376,46.0,-1.3561387151802246e-05,1.7472943687438436e-05,-2.6241858078336418e-05
1604163053426,2020-10-31T12:50:53.426,46.05,-1.3693009326205812e-05,1.709586613573686e-05,-2.5573187777487814e-05
1604163053476,2020-10-31T12:50:53.476,46.1,-1.4368043053787105e-05,1.616418028892281e-05,-2.486567866165225e-05
1604163053526,2020-10-31T12:50:53.526,46.15,-1.4986101468883036e-05,1.505032099770363e-05,-2.400746971632405e-05
1604163053576,2020-10-31T12:50:53.576,46.2,-1.5168503895817915e-05,1.4227056252073147e-05,-2.323168900746563e-05
1604163053626,2020-10-31T12:50:53.626,46.25,-1.5083524954564233e-05,1.3567791653142753e-05,-2.240097744939667e-05
1604163053676,2020-10-31T12:50:53.676,46.3,-1.5011599439766836e-05,1.270891000195506e-05,-2.082383859273814e-05
1604163053726,2020-10-31T12:50:53.726,46.35,-1.4988153410152104e-05,1.2021210587902379e-05,-1.8302865374755607e-05
1604163053776,2020-10-31T12:50:53.776,46.4,-1.4934980862287835e-05,1.2077768287129164e-05,-1.5611811965043582e-05
1604163053826,2020-10-31T12:50:53.826,46.45,-1.4717294061697242e-05,1.2263293314146488e-05,-1.3447621055386231e-05
1604163053876,2020-10-31T12:50:53.876,46.5,-1.408097111467036e-05,1.138479233877326e-05,-1.167165605617279e-05
1604163053926,2020-10-31T12:50:53.926,46.55,-1.2989130024089362e-05,9.575410415228382e-06,-9.978653730769374e-06
1604163053976,2020-10-31T12:50:53.976,46.6,-1.1933250552848785e-05,8.083457734182204e-06,-8.461094028906746e-06
1604163054026,2020-10-31T12:50:54.026,46.65,-1.1442558125659089e-05,7.3425488743263775e-06,-7.1742434776164756e-06
1604163054076,2020-10-31T12:50:54.076,46.7,-1.1426030162284639e-05,6.70268166959862e-06,-5.986684879557533e-06
1604163054126,2020-10-31T12:50:54.126,46.75,-1.1383222866536931e-05,5.837891277221245e-06,-5.059427371498568e-06
1604163054176,2020-10-31T12:50:54.176,46.8,-1.1082755106997087e-05,5.132799388039778e-06,-4.7321134931623064e-06
1604163054226,2020-10-31T12:50:54.226,46.85,-1.0750161667038653e-05,4.86861948073482e-06,-4.9431994631100844e-06
1604163054276,2020-10-31T12:50:54.276,46.9,-1.0639741899285642e-05,4.80684861342774e-06,-5.305991194336806e-06
1604163054326,2020-10-31T12:50:54.326,46.95,-1.0535470604221558e-05,4.370095156455921e-06,-5.531225278124441e-06
1604163054376,2020-10-31T12:50:54.376,47.0,-9.88356530152109e-06,3.2230294804713676e-06,-5.4143647496992224e-06
1604163054426,2020-10-31T12:50:54.426,47.05,-8.639220599826392e-06,1.9688871224044785e-06,-4.7360876323020785e-06
1604163054476,2020-10-31T12:50:54.476,47.1,-7.626764284683651e-06,1.5739680081669367e-06,-3.444157237235497e-06
1604163054526,2020-10-31T12:50:54.526,47.15,-7.435116187476409e-06,1.866306006776569e-06,-1.7404167560562024e-06
1604163054576,2020-10-31T12:50:54.576,47.2,-7.275463062992186e-06,1.8082238559586297e-06,4.499774064707711e-08
1604163054626,2020-10-31T12:50:54.626,47.25,-5.8761470854713975e-06,1.2831829822224492e-06,1.5541512699922083e-06
1604163054676,2020-10-31T12:50:54.676,47.3,-3.336111453478302e-06,1.0889896822196582e-06,2.609511815394723e-06
1604163054726,2020-10-31T12:50:54.726,47.35,-1.0354290487165414e-06,1.2437157579907667e-06,3.4620003643278247e-06
1604163054776,2020-10-31T12:50:54.776,47.4,2.2285303653289703e-07,9.061525084081814e-07,4.51791180460168e-06
1604163054826,2020-10-31T12:50:54.826,47.45,8.802927220125551e-07,-9.204340449284642e-09,5.768772717254604e-06
1604163054876,2020-10-31T12:50:54.876,47.5,1.4424440411032444e-06,-5.483354081415619e-07,6.808258423292326e-06
1604163054926,2020-10-31T12:50:54.926,47.55,1.8054810968137924e-06,-2.3318385433735975e-07,7.322335023570334e-06
1604163054976,2020-10-31T12:50:54.976,47.6,1.918015246142329e-06,1.832997124295731e-07,7.300179092424548e-06
1604163055026,2020-10-31T12:50:55.026,47.65,2.1097689704023707e-06,-1.5780118108073322e-07,6.988759362054949e-06
1604163055076,2020-10-31T12:50:55.076,47.7,2.540909233395231e-06,-1.0183743827786536e-06,6.8074043667442804e-06
1604163055126,2020-10-31T12:50:55.126,47.75,2.983311862867691e-06,-1.5339076424972058e-06,6.966003546920991e-06
1604163055176,2020-10-31T12:50:55.176,47.8,3.289417526915036e-06,-1.5080821559554762e-06,7.144635735127142e-06
1604163055226,2020-10-31T12:50:55.226,47.85,3.599607353461378e-06,-1.543955248999767e-06,6.954384695636044e-06
1604163055276,2020-10-31T12:50:55.276,47.9,3.956627454469322e-06,-2.016516289648671e-06,6.5188372107554435e-06
1604163055326,2020-10-31T12:50:55.326,47.95,4.195571739205986e-06,-2.629251830464348e-06,6.177240729550246e-06
1604163055376,2020-10-31T12:50:55.376,48.0,4.314424848134324e-06,-3.034831841876513e-06,5.947748435464392e-06
1604163055426,2020-10-31T12:50:55.426,48.05,4.407172627865207e-06,-3.2769396754633448e-06,5.627203933521595e-06
1604163055476,2020-10-31T12:50:55.476,48.1,4.335581739935499e-06,-3.5565179626310195e-06,5.15924727699564e-06
1604163055526,2020-10-31T12:50:55.526,48.15,4.082526845892623e-06,-4.048724997688876e-06,4.726271304873766e-06
1604163055576,2020-10-31T12:50:55.576,48.2,4.02341266420719e-06,-4.816853159638439e-06,4.498222453118937e-06
1604163055626,2020-10-31T12:50:55.626,48.25,4.202884270473598e-06,-5.560445076970093e-06,4.293164683365985e-06
1604163055676,2020-10-31T12:50:55.676,48.3,4.056309327821206e-06,-5.8850934492595665e-06,3.72807409862958e-06
1604163055726,2020-10-31T12:50:55.726,48.35,3.532409717173099e-06,-5.9214364815930665e-06,2.892975597376619e-06
1604163055776,2020-10-31T12:50:55.776,48.4,3.497842218672836e-06,-6.003400931049047e-06,2.4719221944843676e-06
1604163055826,2020-10-31T12:50:55.826,48.45,4.276519283011001e-06,-6.031588685616212e-06,2.781130719545631e-06
1604163055876,2020-10-31T12:50:55.876,48.5,5.013495704372382e-06,-5.92402120602474e-06,3.1409081399212977e-06
1604163055926,2020-10-31T12:50:55.926,48.55,5.18605639319544e-06,-6.028924869277159e-06,2.8250390283415836e-06
1604163055976,2020-10-31T12:50:55.976,48.6,5.307816399406961e-06,-6.434558874711402e-06,2.2227451406524193e-06
1604163056026,2020-10-31T12:50:56.026,48.65,5.6374124048576955e-06,-6.709175727537926e-06,2.294446335956488e-06
1604163056076,2020-10-31T12:50:56.076,48.7,5.726392722656259e-06,-6.632122771602861e-06,3.1063333167234372e-06
1604163056126,2020-10-31T12:50:56.126,48.75,5.536597252135278e-06,-6.383153911905639e-06,3.751002055988912e-06
1604163056176,2020-10-31T12:50:56.176,48.8,5.650827408612557e-06,-6.151544807558831e-06,3.8003293925365197e-06
1604163056226,2020-10-31T12:50:56.226,48.85,6.309523565075089e-06,-6.1117535486490756e-06,3.9309589928036204e-06
1604163056276,2020-10-31T12:50:56.276,48.9,7.272018800710894e-06,-6.303661101893895e-06,4.683897500608358e-06
1604163056326,2020-10-31T12:50:56.326,48.95,8.412523183380218e-06,-6.429571854658886e-06,5.5208035892355005e-06
1604163056376,2020-10-31T12:50:56.376,49.0,9.600102781099695e-06,-6.362245762801552e-06,5.737006925319811e-06
1604163056426,2020-10-31T12:50:56.426,49.05,1.0412867662291673e-05,-6.438445983214807e-06,5.434371614447116e-06
1604163056476,2020-10-31T12:50:56.476,49.1,1.0688648204266779e-05,-6.737379564894994e-06,5.033944445185349e-06
1604163056526,2020-10-31T12:50:56.526,49.15,1.0817982052673894e-05,-6.867513947708887e-06,4.679302524706619e-06
1604163056576,2020-10-31T12:50:56.576,49.2,1.1005370855103241e-05,-6.777138561882079e-06,4.460006306134927e-06
1604163056626,2020-10-31T12:50:56.626,49.25,1.0913747094433468e-05,-6.818491649433133e-06,4.482344299308491e-06
1604163056676,2020-10-31T12:50:56.676,49.3,1.0325776953446343e-05,-6.940045497707696e-06,4.637143206340129e-06
1604163056726,2020-10-31T12:50:56.726,49.35,9.465452603080516e-06,-6.750965254969952e-06,4.749615121490164e-06
1604163056776,2020-10-31T12:50:56.776,49.4,8.586724068921327e-06,-6.302937920049011e-06,4.759291150184514e-06
1604163056826,2020-10-31T12:50:56.826,49.45,7.781413042279672e-06,-6.0420374042036924e-06,4.602571944475317e-06
1604163056876,2020-10-31T12:50:56.876,49.5,6.997454332219381e-06,-6.0788800004441525e-06,4.274543002661046e-06
1604163056926,2020-10-31T12:50:56.926,49.55,6.00928977574917e-06,-6.02591707166838e-06,3.972055282615547e-06
1604163056976,2020-10-31T12:50:56.976,49.6,4.857639080832341e-06,-5.57400351415469e-06,3.901405795927613e-06
1604163057026,2020-10-31T12:50:57.026,49.65,4.1524517638006995e-06,-4.9446735272939125e-06,4.044575786880865e-06
1604163057076,2020-10-31T12:50:57.076,49.7,4.217925885796559e-06,-4.569342873993766e-06,4.16215080085707e-06
1604163057126,2020-10-31T12:50:57.126,49.75,4.470600208738358e-06,-4.4119176537689175e-06,4.0137456973323286e-06
1604163057176,2020-10-31T12:50:57.176,49.8,4.4124771632369295e-06,-4.012655488190366e-06,3.749838291414721e-06
1604163057226,2020-10-31T12:50:57.226,49.85,4.379862695394914e-06,-3.2727547245965394e-06,3.842887912696591e-06
1604163057276,2020-10-31T12:50:57.276,49.9,4.59428569446285e-06,-2.688509638852435e-06,4.31271588375996e-06
1604163057326,2020-10-31T12:50:57.326,49.95,4.531482351154463e-06,-2.649183455145228e-06,4.568684508708017e-06
1604163057376,2020-10-31T12:50:57.376,50.0,3.919748117573693e-06,-2.9571470232854806e-06,4.338745434676647e-06
1604163057426,2020-10-31T12:50:57.426,50.05,3.3795532537629856e-06,-3.197867689687464e-06,3.968489493237175e-06
1604163057476,2020-10-31T12:50:57.476,50.1,3.414865343679635e-06,-3.2273457988289843e-06,3.6508962403857896e-06
1604163057526,2020-10-31T12:50:57.526,50.15,3.5489002197481733e-06,-3.1482075661228523e-06,3.30666373491713e-06
1604163057576,2020-10-31T12:50:57.576,50.2,3.145086563224087e-06,-3.0845678975146453e-06,3.114848275731988e-06
1604163057626,2020-10-31T12:50:57.626,50.25,2.469549072332886e-06,-3.0971743682292155e-06,3.1765106809705598e-06
1604163057676,2020-10-31T12:50:57.676,50.3,2.175248430649418e-06,-3.1321541621469354e-06,3.076600460051491e-06
1604163057726,2020-10-31T12:50:57.726,50.35,2.241667430455167e-06,-3.0819193281194197e-06,2.6457001881475567e-06
1604163057776,2020-10-31T12:50:57.776,50.4,2.1724866462009124e-06,-2.9759935690802194e-06,2.414450828122277e-06
1604163057826,2020-10-31T12:50:57.826,50.45,1.8404090069264216e-06,-2.913996435653864e-06,2.6871853096077477e-06
1604163057876,2020-10-31T12:50:57.876,50.5,1.57211106627539e-06,-2.86261123124587e-06,3.0694645350104488e-06
1604163057926,2020-10-31T12:50:57.926,50.55,1.6318459566070918e-06,-2.761034590686269e-06,3.1888046136523123e-06
1604163057976,2020-10-31T12:50:57.976,50.6,1.8916262302938631e-06,-2.673722010448417e-06,3.0004988676828396e-06
1604163058026,2020-10-31T12:50:58.026,50.65,1.9884257220463317e-06,-2.6879141842777547e-06,2.4734152487435947e-06
1604163058076,2020-10-31T12:50:58.076,50.7,1.7789115451806851e-06,-2.7666110255923907e-06,1.7996658468990728e-06
1604163058126,2020-10-31T12:50:58.126,50.75,1.4388102966792156e-06,-2.7174003603868853e-06,1.5853875354165218e-06
1604163058176,2020-10-31T12:50:58.176,50.8,1.1048013363151367e-06,-2.4105693397932333e-06,2.0330211155827967e-06
1604163058226,2020-10-31T12:50:58.226,50.85,8.304247042838216e-07,-2.0869844498306195e-06,2.4116372692040955e-06
1604163058276,2020-10-31T12:50:58.276,50.9,7.547580607183082e-07,-2.1034469552757416e-06,2.12270202408339e-06
1604163058326,2020-10-31T12:50:58.326,50.95,8.51104869142863e-07,-2.3593564762900413e-06,1.6252493750487567e-06
1604163058376,2020-10-31T12:50:58.376,51.0,8.688311557187533e-07,-2.4864408669350475e-06,1.5453391932037627e-06
1604163058426,2020-10-31T12:50:58.426,51.05,7.89085886237254e-07,-2.5343450083846947e-06,1.7042510369592921e-06
1604163058476,2020-10-31T12:50:58.476,51.1,8.092414920789068e-07,-2.8477189384056633e-06,1.682593900746097e-06
1604163058526,2020-10-31T12:50:58.526,51.15,8.747619474836041e-07,-3.2683116994376216e-06,1.5203880840586984e-06
1604163058576,2020-10-31T12:50:58.576,51.2,7.554466944388092e-07,-3.164847778989438e-06,1.4382257763267395e-06
1604163058626,2020-10-31T12:50:58.626,51.25,4.5502043081548465e-07,-2.522223101218348e-06,1.4607519946399658e-06
1604163058676,2020-10-31T12:50:58.676,51.3,1.9385960459844049e-07,-2.223503023187908e-06,1.4703982674907303e-06
1604163058726,2020-10-31T12:50:58.726,51.35,1.4585361574291516e-07,-2.68421486713296e-06,1.3965856201094322e-06
1604163058776,2020-10-31T12:50:58.776,51.4,3.288161785238804e-07,-3.1038551577178358e-06,1.3274090303109235e-06
1604163058826,2020-10-31T12:50:58.826,51.45,6.035593998852637e-07,-2.8232622484150754e-06,1.3148014792116954e-06
1604163058876,2020-10-31T12:50:58.876,51.5,7.947500665038047e-07,-2.3849249751654784e-06,1.1759046359287968e-06
1604163058926,2020-10-31T12:50:58.926,51.55,8.8816863923448e-07,-2.4379897582692774e-06,8.652177845978898e-07
1604163058976,2020-10-31T12:50:58.976,51.6,9.843515623231262e-07,-2.6692908834636625e-06,7.291024703285098e-07
1604163059026,2020-10-31T12:50:59.026,51.65,1.0799499807538124e-06,-2.60518045071103e-06,9.199639323930417e-07
1604163059076,2020-10-31T12:50:59.076,51.7,1.0750598458597696e-06,-2.5018736676650395e-06,1.0677741187744919e-06
1604163059126,2020-10-31T12:50:59.126,51.75,9.331123325519626e-07,-2.6884866558303673e-06,9.627697485647112e-07
1604163059176,2020-10-31T12:50:59.176,51.8,7.032813587491513e-07,-2.839598610051978e-06,9.379185594825422e-07
1604163059226,2020-10-31T12:50:59.226,51.85,4.926152992474174e-07,-2.6325249395266857e-06,1.1633387402402483e-06
1604163059276,2020-10-31T12:50:59.276,51.9,4.721776492128016e-07,-2.4102493599896295e-06,1.2016317310965339e-06
1604163059326,2020-10-31T12:50:59.326,51.95,6.967263069483952e-07,-2.5063834869872015e-06,7.535442252000011e-07
1604163059376,2020-10-31T12:50:59.376,52.0,8.883629389891459e-07,-2.616018249469251e-06,2.7336291631879715e-07
1604163059426,2020-10-31T12:50:59.426,52.05,7.370022734017927e-07,-2.435346559758624e-06,2.6979056905041237e-07
1604163059476,2020-10-31T12:50:59.476,52.1,3.9460237652009887e-07,-2.2264912109618574e-06,5.125186635265991e-07
1604163059526,2020-10-31T12:50:59.526,52.15,2.438958469880426e-07,-2.2537125410082774e-06,5.354147428730063e-07
1604163059576,2020-10-31T12:50:59.576,52.2,3.21140031261834e-07,-2.329467336348458e-06,3.955709446037037e-07
1604163059626,2020-10-31T12:50:59.626,52.25,4.0764105829033345e-07,-2.326865328312484e-06,3.597774855102097e-07
1604163059676,2020-10-31T12:50:59.676,52.3,4.1130519041020463e-07,-2.495295154637228e-06,4.1719252597302e-07
1604163059726,2020-10-31T12:50:59.726,52.35,3.109624290481325e-07,-2.876211399518158e-06,5.372779246585448e-07
1604163059776,2020-10-31T12:50:59.776,52.4,1.1131615819884472e-07,-2.994951660747231e-06,7.747166730275835e-07
1604163059826,2020-10-31T12:50:59.826,52.45,4.825671045477123e-08,-2.549307226650782e-06,9.134456661950002e-07
1604163059876,2020-10-31T12:50:59.876,52.5,3.914401685075735e-07,-1.9283505115266366e-06,6.826451662244266e-07
1604163059926,2020-10-31T12:50:59.926,52.55,9.829516569556147e-07,-1.6388735754946516e-06,3.2587313144964127e-07
1604163059976,2020-10-31T12:50:59.976,52.6,1.3619355337118961e-06,-1.6254392625736391e-06,2.9333477451582274e-07
1604163060026,2020-10-31T12:51:00.026,52.65,1.2714883330851911e-06,-1.5671615144382196e-06,4.996524543096087e-07
1604163060076,2020-10-31T12:51:00.076,52.7,8.168556757499245e-07,-1.441849071891808e-06,5.37697290672423e-07
1604163060126,2020-10-31T12:51:00.126,52.75,3.218957369064457e-07,-1.3891942119886408e-06,4.4177551170851214e-07
1604163060176,2020-10-31T12:51:00.176,52.8,1.1779605128224887e-07,-1.4206841047108315e-06,5.398514963746178e-07
1604163060226,2020-10-31T12:51:00.226,52.85,2.8070443334438015e-07,-1.54184491698065e-06,7.371433587277329e-07
1604163060276,2020-10-31T12:51:00.276,52.9,5.581503722881159e-07,-1.754405376601294e-06,7.146273845178604e-07
1604163060326,2020-10-31T12:51:00.326,52.95,6.60270603483909e-07,-1.9039629283166399e-06,6.296258164880835e-07
1604163060376,2020-10-31T12:51:00.376,53.0,6.111898477244426e-07,-1.8835341850826578e-06,7.74514649349812e-07
1604163060426,2020-10-31T12:51:00.426,53.05,6.56670176771161e-07,-1.807750328974785e-06,8.135869100715667e-07
1604163060476,2020-10-31T12:51:00.476,53.1,7.821850606712756e-07,-1.771333332147172e-06,3.1584682419066424e-07
1604163060526,2020-10-31T12:51:00.526,53.15,6.91817755483271e-07,-1.7084701947917127e-06,-2.626699034182895e-07
1604163060576,2020-10-31T12:51:00.576,53.2,4.395202378486456e-07,-1.5939560753829164e-06,-1.510258428312778e-07
1604163060626,2020-10-31T12:51:00.626,53.25,4.615557241494493e-07,-1.5601411597856256e-06,5.091669362440457e-07
1604163060676,2020-10-31T12:51:00.676,53.3,7.179829939139018e-07,-1.720011432845071e-06,9.324654883383314e-07
1604163060726,2020-10-31T12:51:00.726,53.35,6.519708164604741e-07,-2.000842405805001e-06,7.655508494789218e-07
1604163060776,2020-10-31T12:51:00.776,53.4,2.7065733508835754e-07,-2.2485338733700633e-06,2.3074478250556665e-07
1604163060826,2020-10-31T12:51:00.826,53.45,2.555654949721068e-07,-2.359850777294213e-06,-2.3597176319830373e-07
1604163060876,2020-10-31T12:51:00.876,53.5,7.318133820712331e-07,-2.2414122777688194e-06,-1.9989234871316963e-07
1604163060926,2020-10-31T12:51:00.926,53.55,9.56683415983636e-07,-1.8888002445275305e-06,2.678719850346105e-07
1604163060976,2020-10-31T12:51:00.976,53.6,5.627559535222106e-07,-1.5815277081500808e-06,4.6737226010273115e-07
1604163061026,2020-10-31T12:51:01.026,53.65,1.816454605077522e-07,-1.6833896158107608e-06,7.444766919500059e-08
1604163061076,2020-10-31T12:51:01.076,53.7,3.744888099335592e-07,-2.1671574382420072e-06,-3.240303891136747e-07
1604163061126,2020-10-31T12:51:01.126,53.75,7.580425802786901e-07,-2.5987659487025746e-06,-2.096532493280305e-07
1604163061176,2020-10-31T12:51:01.176,53.8,7.899096120685e-07,-2.6060441210379644e-06,1.6975076800384418e-07
1604163061226,2020-10-31T12:51:01.226,53.85,6.889298442553224e-07,-2.1901540568582693e-06,4.228317660247966e-07
1604163061276,2020-10-31T12:51:01.276,53.9,8.952046756584585e-07,-1.6538979145554054e-06,5.563213710355938e-07
1604163061326,2020-10-31T12:51:01.326,53.95,1.2626607303106132e-06,-1.3544240532782832e-06,6.911589377703734e-07
1604163061376,2020-10-31T12:51:01.376,54.0,1.412202907988677e-06,-1.415053009334564e-06,7.584899510760952e-07
1604163061426,2020-10-31T12:51:01.426,54.05,1.3091099788684183e-06,-1.5507003094610987e-06,6.43785800176466e-07
1604163061476,2020-10-31T12:51:01.476,54.1,1.0702120948703922e-06,-1.3501046759453348e-06,4.7460664913696534e-07
1604163061526,2020-10-31T12:51:01.526,54.15,7.738099702776725e-07,-9.155827792915085e-07,5.613768990129265e-07
1604163061576,2020-10-31T12:51:01.576,54.2,6.275824854967036e-07,-8.524965926791227e-07,8.985242216009625e-07
1604163061626,2020-10-31T12:51:01.626,54.25,7.429818866442055e-07,-1.2983128003514613e-06,9.996333318404096e-07
1604163061676,2020-10-31T12:51:01.676,54.3,8.335854718321983e-07,-1.555608630251043e-06,5.725938442286281e-07
1604163061726,2020-10-31T12:51:01.726,54.35,6.650471192296833e-07,-1.1575312148296869e-06,3.053250308260233e-08
1604163061776,2020-10-31T12:51:01.776,54.4,4.4609462832561556e-07,-5.952041567075464e-07,-5.7417829818922194e-08
1604163061826,2020-10-31T12:51:01.826,54.45,3.6409051318555975e-07,-4.86651375537525e-07,3.43682711539126e-07
1604163061876,2020-10-31T12:51:01.876,54.5,3.1539820579564555e-07,-7.60191292937144e-07,9.000437075034189e-07
1604163061926,2020-10-31T12:51:01.926,54.55,3.2908834009588593e-07,-1.0819961268586908e-06,1.322882556055548e-06
1604163061976,2020-10-31T12:51:01.976,54.6,5.806165920559313e-07,-1.3419649127691576e-06,1.4133605945445633e-06
1604163062026,2020-10-31T12:51:02.026,54.65,9.667544685724621e-07,-1.4369729460278677e-06,1.1740980780136465e-06
1604163062076,2020-10-31T12:51:02.076,54.7,1.2906985779721916e-06,-1.2639450613470558e-06,9.778937304210543e-07
1604163062126,2020-10-31T12:51:02.126,54.75,1.665415200876549e-06,-1.0563940684371556e-06,1.2032812491342626e-06
1604163062176,2020-10-31T12:51:02.176,54.8,2.170381170698503e-06,-1.202814214057756e-06,1.7136286799988813e-06
1604163062226,2020-10-31T12:51:02.226,54.85,2.470944228388846e-06,-1.6680604535584342e-06,2.016540242223938e-06
1604163062276,2020-10-31T12:51:02.276,54.9,2.408084028982099e-06,-1.9303637103119915e-06,1.8795313472398152e-06
1604163062326,2020-10-31T12:51:02.326,54.95,2.5234342092918225e-06,-1.6529776451490848e-06,1.5701649277236808e-06
1604163062376,2020-10-31T12:51:02.376,55.0,3.195375503092122e-06,-1.1942847627148697e-06,1.4806113476680706e-06
1604163062426,2020-10-31T12:51:02.426,55.05,3.7776146008057592e-06,-1.11731279038121e-06,1.6616066043351827e-06
1604163062476,2020-10-31T12:51:02.476,55.1,3.5844529153731177e-06,-1.4166059055012252e-06,1.8560217458757377e-06
1604163062526,2020-10-31T12:51:02.526,55.15,3.14009965517503e-06,-1.6688348199886804e-06,1.887682868217703e-06
1604163062576,2020-10-31T12:51:02.576,55.2,3.4330796528446707e-06,-1.7196548500654345e-06,1.8397341104185488e-06
1604163062626,2020-10-31T12:51:02.626,55.25,4.4824693076466635e-06,-1.7939888229876084e-06,1.9063848758291868e-06
1604163062676,2020-10-31T12:51:02.676,55.3,5.401295961813686e-06,-2.024029603687715e-06,2.1345345484211025e-06
1604163062726,2020-10-31T12:51:02.726,55.35,5.486286708772634e-06,-2.185508041809744e-06,2.322984866336688e-06
1604163062776,2020-10-31T12:51:02.776,55.4,4.912519730595166e-06,-2.010057518714619e-06,2.300034930542144e-06
1604163062826,2020-10-31T12:51:02.826,55.45,4.503597263576909e-06,-1.602309867002944e-06,2.2028115046999797e-06
1604163062876,2020-10-31T12:51:02.876,55.5,4.76176431012069e-06,-1.3651146731735063e-06,2.2666457097859485e-06
1604163062926,2020-10-31T12:51:02.926,55.55,5.225230056420789e-06,-1.5640664388196454e-06,2.509716668571067e-06
1604163062976,2020-10-31T12:51:02.976,55.6,5.167160453751355e-06,-2.0569176823249288e-06,2.7479987886284612e-06
1604163063026,2020-10-31T12:51:03.026,55.65,4.7303688742727675e-06,-2.422319326127944e-06,2.743925447209802e-06
1604163063076,2020-10-31T12:51:03.076,55.7,4.660077704723965e-06,-2.3991935200130126e-06,2.431211898744549e-06
1604163063126,2020-10-31T12:51:03.126,55.75,4.981489440256895e-06,-2.1746485283061594e-06,2.1147566394613153e-06
1604163063176,2020-10-31T12:51:03.176,55.8,4.9305066515221816e-06,-2.0531182537574913e-06,2.182648165213588e-06
1604163063226,2020-10-31T12:51:03.226,55.85,4.321223352911661e-06,-1.987062578560679e-06,2.5521169228261687e-06
1604163063276,2020-10-31T12:51:03.276,55.9,3.8340439523363265e-06,-1.7736776468831094e-06,2.723342405856593e-06
1604163063326,2020-10-31T12:51:03.326,55.95,3.809789178012404e-06,-1.5274869471339658e-06,2.4849766421021366e-06
1604163063376,2020-10-31T12:51:03.376,56.0,3.942651181746965e-06,-1.548835321830621e-06,2.261584252218336e-06
1604163063426,2020-10-31T12:51:03.426,56.05,4.068651137832181e-06,-1.8029583172082634e-06,2.496446802623852e-06
1604163063476,2020-10-31T12:51:03.476,56.1,4.1451498146834844e-06,-1.8666513977478598e-06,2.963732836694124e-06
1604163063526,2020-10-31T12:51:03.526,56.15,3.894291157268013e-06,-1.4814287288979076e-06,3.154276378741533e-06
1604163063576,2020-10-31T12:51:03.576,56.2,3.4047991322267937e-06,-9.626778173543965e-07,3.052407041868836e-06
1604163063626,2020-10-31T12:51:03.626,56.25,3.3605688314003177e-06,-8.546092559602707e-07,2.9717381458321434e-06
1604163063676,2020-10-31T12:51:03.676,56.3,3.936253614634528e-06,-1.253540004027394e-06,2.9613933210539873e-06
1604163063726,2020-10-31T12:51:03.726,56.35,4.316245417993247e-06,-1.6961536575223282e-06,2.843899115778182e-06
1604163063776,2020-10-31T12:51:03.776,56.4,3.9522051700644405e-06,-1.7375125580803363e-06,2.5200321667947698e-06
1604163063826,2020-10-31T12:51:03.826,56.45,3.482859700500717e-06,-1.4887736180606402e-06,2.0660560591792342e-06
1604163063876,2020-10-31T12:51:03.876,56.5,3.6832285534737657e-06,-1.4725213067655686e-06,1.7677257986449036e-06
1604163063926,2020-10-31T12:51:03.926,56.55,4.186695203109442e-06,-1.932254803687e-06,1.8873280281890395e-06
1604163063976,2020-10-31T12:51:03.976,56.6,4.145291011027368e-06,-2.424131075697997e-06,2.248579435108809e-06
1604163064026,2020-10-31T12:51:04.026,56.65,3.6313785907735542e-06,-2.334980337390583e-06,2.4141399981756754e-06
1604163064076,2020-10-31T12:51:04.076,56.7,3.365385991692119e-06,-1.7855693401714586e-06,2.3376977646134996e-06
1604163064126,2020-10-31T12:51:04.126,56.75,3.448394411137167e-06,-1.572765205345587e-06,2.3927587155667663e-06
1604163064176,2020-10-31T12:51:04.176,56.8,3.4158235770479656e-06,-2.036813027103291e-06,2.6819127632833896e-06
1604163064226,2020-10-31T12:51:04.226,56.85,3.1753501141433555e-06,-2.562311033211883e-06,2.8029279389170637e-06
1604163064276,2020-10-31T12:51:04.276,56.9,2.8906471024022575e-06,-2.505869145814864e-06,2.488708871576847e-06
1604163064326,2020-10-31T12:51:04.326,56.95,2.483325322118602e-06,-2.000916954012925e-06,2.058458475287383e-06
1604163064376,2020-10-31T12:51:04.376,57.0,2.079908509496101e-06,-1.5292174624805838e-06,2.0034492442351047e-06
1604163064426,2020-10-31T12:51:04.426,57.05,2.0885543404364534e-06,-1.2553806572075365e-06,2.4007740731710873e-06
1604163064476,2020-10-31T12:51:04.476,57.1,2.282054075269283e-06,-1.0683439494691562e-06,2.867124448389844e-06
1604163064526,2020-10-31T12:51:04.526,57.15,1.8804566895211484e-06,-8.249667563488122e-07,2.9710229622336562e-06
1604163064576,2020-10-31T12:51:04.576,57.2,8.319187111363748e-07,-3.09399195583353e-07,2.6749405920955596e-06
1604163064626,2020-10-31T12:51:04.626,57.25,3.987271979192611e-09,5.456133295544805e-07,2.344108154687153e-06
1604163064676,2020-10-31T12:51:04.676,57.3,-1.4216370390928987e-08,1.1727273520994155e-06,2.2787050976128724e-06
1604163064726,2020-10-31T12:51:04.726,57.35,4.5776059432431904e-07,8.813373350488062e-07,2.3836788310569847e-06
1604163064776,2020-10-31T12:51:04.776,57.4,7.626108235103352e-07,7.142744699579223e-08,2.4021891219500346e-06
1604163064826,2020-10-31T12:51:04.826,57.45,5.770494346009669e-07,-1.2185432822881811e-07,2.3071045187112773e-06
1604163064876,2020-10-31T12:51:04.876,57.5,1.7740975509149667e-08,5.099516331071362e-07,2.2717826444729922e-06
1604163064926,2020-10-31T12:51:04.926,57.55,-5.746823784812677e-07,1.1226441001041e-06,2.347864600996562e-06
1604163064976,2020-10-31T12:51:04.976,57.6,-8.65644220460991e-07,1.2390432622715994e-06,2.412416477850035e-06
1604163065026,2020-10-31T12:51:05.026,57.65,-7.40906511731075e-07,1.1584288437727178e-06,2.402684328613684e-06
1604163065076,2020-10-31T12:51:05.076,57.7,-4.524173643107287e-07,1.1472409193174566e-06,2.398880324174856e-06
1604163065126,2020-10-31T12:51:05.126,57.75,-3.6784178689495893e-07,1.1689754557759726e-06,2.5247166891800754e-06
1604163065176,2020-10-31T12:51:05.176,57.8,-4.695487074887983e-07,1.273310538922939e-06,2.8486959360422856e-06
1604163065226,2020-10-31T12:51:05.226,57.85,-4.562593927066703e-07,1.5035181436785047e-06,3.2540733526938316e-06
1604163065276,2020-10-31T12:51:05.276,57.9,-3.563370971672387e-07,1.5296203469264737e-06,3.447957950511492e-06
1604163065326,2020-10-31T12:51:05.326,57.95,-4.710836775611064e-07,1.0658763486385144e-06,3.269554302361106e-06
1604163065376,2020-10-31T12:51:05.376,58.0,-6.782756904807029e-07,4.877667313706453e-07,2.8958666063925615e-06
1604163065426,2020-10-31T12:51:05.426,58.05,-4.523255338110467e-07,3.340188888686342e-07,2.6283486717458413e-06
1604163065476,2020-10-31T12:51:05.476,58.1,2.1398999148004496e-07,5.003769206657508e-07,2.5822118651594618e-06
1604163065526,2020-10-31T12:51:05.526,58.15,5.319919339946685e-07,5.473722730647863e-07,2.6553140499404254e-06
1604163065576,2020-10-31T12:51:05.576,58.2,5.1123795617744794e-08,3.7486757579878565e-07,2.7341366367361666e-06
1604163065626,2020-10-31T12:51:05.626,58.25,-5.202572156250252e-07,1.971495733948421e-07,2.8211621389617295e-06
1604163065676,2020-10-31T12:51:05.676,58.3,-3.752685626073553e-07,2.0759284855207318e-07,2.9041465547406405e-06
1604163065726,2020-10-31T12:51:05.726,58.35,1.8729423716850558e-07,3.034131113931987e-07,2.878881450551237e-06
1604163065776,2020-10-31T12:51:05.776,58.4,4.715465413331278e-07,9.997233679293388e-08,2.779347945979898e-06
1604163065826,2020-10-31T12:51:05.826,58.45,4.4304049392793186e-07,-4.404226313682051e-07,2.802910017125392e-06
1604163065876,2020-10-31T12:51:05.876,58.5,3.4200183736603535e-07,-7.140225992947055e-07,2.9142716216459673e-06
1604163065926,2020-10-31T12:51:05.926,58.55,2.2172471408988036e-07,-3.4860061638035035e-07,2.856258659082241e-06
1604163065976,2020-10-31T12:51:05.976,58.6,2.6606658491892936e-07,1.8063015732892718e-07,2.6406375927502537e-06
1604163066026,2020-10-31T12:51:06.026,58.65,5.804842615307794e-07,2.9443704187601354e-07,2.510474224794461e-06
1604163066076,2020-10-31T12:51:06.076,58.7,7.20998469264996e-07,1.8236216223017735e-08,2.5331303732728965e-06
1604163066126,2020-10-31T12:51:06.126,58.75,3.285274525266338e-07,-3.7127718105125795e-07,2.6528071656382184e-06
1604163066176,2020-10-31T12:51:06.176,58.8,-1.2998397726177408e-07,-7.573281961474012e-07,2.7993818560355484e-06
1604163066226,2020-10-31T12:51:06.226,58.85,-4.0072767562710205e-09,-1.0299368744718744e-06,2.7859939532882534e-06
1604163066276,2020-10-31T12:51:06.276,58.9,5.708433039786327e-07,-1.0159265619327878e-06,2.569469191101143e-06
1604163066326,2020-10-31T12:51:06.326,58.95,9.76954745401899e-07,-7.413487200612746e-07,2.483050524079802e-06
1604163066376,2020-10-31T12:51:06.376,59.0,1.1040226557913662e-06,-5.271077323532918e-07,2.805724952153952e-06
1604163066426,2020-10-31T12:51:06.426,59.05,1.3761407861886802e-06,-6.433930794867469e-07,3.352156457474024e-06
1604163066476,2020-10-31T12:51:06.476,59.1,1.8669734760043199e-06,-9.411965922993352e-07,3.662930217180727e-06
1604163066526,2020-10-31T12:51:06.526,59.15,2.136234028607736e-06,-1.049110356467493e-06,3.4593065390220603e-06
1604163066576,2020-10-31T12:51:06.576,59.2,2.014552766350375e-06,-8.816761636809594e-07,2.9902979727948687e-06
1604163066626,2020-10-31T12:51:06.626,59.25,1.7872273032189513e-06,-6.685228230962563e-07,2.818200269415804e-06
1604163066676,2020-10-31T12:51:06.676,59.3,1.5714658717842006e-06,-5.76871472621654e-07,3.086264061845846e-06
1604163066726,2020-10-31T12:51:06.726,59.35,1.2777436022634747e-06,-6.198123266471268e-07,3.4062000311415107e-06
1604163066776,2020-10-31T12:51:06.776,59.4,1.0970902769277674e-06,-7.585869906131491e-07,3.5608099927236716e-06
1604163066826,2020-10-31T12:51:06.826,59.45,1.2041120213328432e-06,-8.034547040869588e-07,3.6971327050666925e-06
1604163066876,2020-10-31T12:51:06.876,59.5,1.1814239173964223e-06,-5.276143291709754e-07,3.854353175346059e-06
1604163066926,2020-10-31T12:51:06.926,59.55,6.831177003428109e-07,-6.343503436474038e-08,3.926238313269742e-06
1604163066976,2020-10-31T12:51:06.976,59.6,3.0782515627027977e-07,2.5111912738672575e-07,4.0056168579277584e-06
1604163067026,2020-10-31T12:51:07.026,59.65,6.848787026356514e-07,3.9747120596428947e-07,4.278299545227449e-06
1604163067076,2020-10-31T12:51:07.076,59.7,1.2464534434282137e-06,5.612684398384951e-07,4.619148345616608e-06
1604163067126,2020-10-31T12:51:07.126,59.75,1.156369033617337e-06,6.885656463287582e-07,4.647228868990068e-06
1604163067176,2020-10-31T12:51:07.176,59.8,7.172739061116855e-07,6.082049006558244e-07,4.231685844043528e-06
1604163067226,2020-10-31T12:51:07.226,59.85,6.498357337479376e-07,4.177665356882495e-07,3.7337205922487114e-06
1604163067276,2020-10-31T12:51:07.276,59.9,8.204319569981257e-07,4.4065196164751676e-07,3.661384343492425e-06
1604163067326,2020-10-31T12:51:07.326,59.95,6.407228592891517e-07,8.578530766390573e-07,4.040840902167177e-06
1604163067376,2020-10-31T12:51:07.376,60.0,-7.11195828223105e-08,1.5220416579944855e-06,4.161452281027061e-06
1604163067426,2020-10-31T12:51:07.426,60.05,-1.1874024949854083e-06,2.182338689845572e-06,3.2983139633774465e-06
1604163067476,2020-10-31T12:51:07.476,60.1,-2.692456839820359e-06,2.864045665651547e-06,1.6622429821942003e-06
1604163067526,2020-10-31T12:51:07.526,60.15,-4.820644818942495e-06,3.90393305431764e-06,9.382842782859436e-09
1604163067576,2020-10-31T12:51:07.576,60.2,-7.699645432507748e-06,5.52980758336526e-06,-1.544544828686816e-06
1604163067626,2020-10-31T12:51:07.626,60.25,-1.0682127757431662e-05,7.521087562014129e-06,-3.4584780624704144e-06
1604163067676,2020-10-31T12:51:07.676,60.3,-1.2683721836528908e-05,9.397641818260178e-06,-5.7404167878665555e-06
1604163067726,2020-10-31T12:51:07.726,60.35,-1.3521979230366791e-05,1.0849677282904086e-05,-7.946359161609258e-06
1604163067776,2020-10-31T12:51:07.776,60.4,-1.4095174928480406e-05,1.2002472930099187e-05,-9.959405537995992e-06
1604163067826,2020-10-31T12:51:07.826,60.45,-1.5084584089940094e-05,1.3361408314508445e-05,-1.1882869495549395e-05
1604163067876,2020-10-31T12:51:07.876,60.5,-1.6185025629004488e-05,1.516107231598762e-05,-1.3514243482619717e-05
1604163067926,2020-10-31T12:51:07.926,60.55,-1.6637015420909074e-05,1.6714435634029104e-05,-1.4729493815956809e-05
1604163067976,2020-10-31T12:51:07.976,60.6,-1.622294144914167e-05,1.7177372528968846e-05,-1.5922233144409893e-05
1604163068026,2020-10-31T12:51:08.026,60.65,-1.5661833282481683e-05,1.6893905675800024e-05,-1.7424733265482013e-05
1604163068076,2020-10-31T12:51:08.076,60.7,-1.5783482384603478e-05,1.6920596008587197e-05,-1.9032187179985626e-05
1604163068126,2020-10-31T12:51:08.126,60.75,-1.643646291980591e-05,1.7438425600221896e-05,-2.043115491220557e-05
1604163068176,2020-10-31T12:51:08.176,60.8,-1.678848034497909e-05,1.7738081388502365e-05,-2.1503011154785155e-05
1604163068226,2020-10-31T12:51:08.226,60.85,-1.6582358857582252e-05,1.756973646426597e-05,-2.2195693862989787e-05
1604163068276,2020-10-31T12:51:08.276,60.9,-1.6346911367164877e-05,1.7544099227684473e-05,-2.265303147072546e-05
1604163068326,2020-10-31T12:51:08.326,60.95,-1.6415635940830694e-05,1.8086707454722418e-05,-2.3183420729629445e-05
1604163068376,2020-10-31T12:51:08.376,61.0,-1.6534411324384195e-05,1.8717253853160373e-05,-2.3691319300947408e-05
1604163068426,2020-10-31T12:51:08.426,61.05,-1.645002307593404e-05,1.882169671265196e-05,-2.3705868682799176e-05
1604163068476,2020-10-31T12:51:08.476,61.1,-1.6205910110189135e-05,1.8573369412369997e-05,-2.3246400231495183e-05
1604163068526,2020-10-31T12:51:08.526,61.15,-1.5932012478645713e-05,1.8479038835953476e-05,-2.292613785442032e-05
1604163068576,2020-10-31T12:51:08.576,61.2,-1.5788473932317218e-05,1.8535890373965987e-05,-2.2998438166448114e-05
1604163068626,2020-10-31T12:51:08.626,61.25,-1.587358690630155e-05,1.839613191730817e-05,-2.3003781995956958e-05
1604163068676,2020-10-31T12:51:08.676,61.3,-1.6028518227160836e-05,1.787208381733022e-05,-2.2435008654954372e-05
1604163068726,2020-10-31T12:51:08.726,61.35,-1.6069076898852308e-05,1.696478606915979e-05,-2.120724542309442e-05
1604163068776,2020-10-31T12:51:08.776,61.4,-1.6056616321843092e-05,1.587863782346637e-05,-1.9621375829856122e-05
1604163068826,2020-10-31T12:51:08.826,61.45,-1.6041123591663838e-05,1.495187080663283e-05,-1.8175810362856497e-05
1604163068876,2020-10-31T12:51:08.876,61.5,-1.5921239774277858e-05,1.410215659120007e-05,-1.702574529375663e-05
1604163068926,2020-10-31T12:51:08.926,61.55,-1.564770743579697e-05,1.2824378174933783e-05,-1.5636054165962843e-05
1604163068976,2020-10-31T12:51:08.976,61.6,-1.5117625501518268e-05,1.1142857129343832e-05,-1.3576961286321508e-05
1604163069026,2020-10-31T12:51:09.026,61.65,-1.418272483534192e-05,9.748505299696522e-06,-1.1396113544790275e-05
1604163069076,2020-10-31T12:51:09.076,61.7,-1.3166825392940103e-05,8.915959900292824e-06,-9.908258804261595e-06
1604163069126,2020-10-31T12:51:09.126,61.75,-1.2605025120618922e-05,8.189962927325125e-06,-8.940821661589874e-06
1604163069176,2020-10-31T12:51:09.176,61.8,-1.2214089975784919e-05,7.24503552757862e-06,-7.717548899642412e-06
1604163069226,2020-10-31T12:51:09.226,61.85,-1.1274254462923456e-05,6.26915834116102e-06,-6.212128656200427e-06
1604163069276,2020-10-31T12:51:09.276,61.9,-9.970644426587281e-06,5.457465637037347e-06,-5.058514129082694e-06
1604163069326,2020-10-31T12:51:09.326,61.95,-8.867475808404234e-06,4.570118214308281e-06,-4.398381404673935e-06
1604163069376,2020-10-31T12:51:09.376,62.0,-7.493360322522783e-06,3.085152577794416e-06,-3.910715956497923e-06
1604163069426,2020-10-31T12:51:09.426,62.05,-5.157138473799714e-06,8.296410653957509e-07,-3.5729588110534174e-06
1604163069476,2020-10-31T12:51:09.476,62.1,-2.5108479106986947e-06,-1.6921913427437062e-06,-3.4416745213365074e-06
1604163069526,2020-10-31T12:51:09.526,62.15,-7.148825398462471e-07,-3.907982040192153e-06,-3.250998398546143e-06
1604163069576,2020-10-31T12:51:09.576,62.2,2.987463206315025e-07,-5.7420532401840055e-06,-2.9141695425863605e-06
1604163069626,2020-10-31T12:51:09.626,62.25,1.534041595560584e-06,-7.202821341623303e-06,-2.78433878477527e-06
1604163069676,2020-10-31T12:51:09.676,62.3,3.309598578067508e-06,-8.011915439876693e-06,-2.981140450138162e-06
1604163069726,2020-10-31T12:51:09.726,62.35,4.789579296313616e-06,-8.029519718858221e-06,-3.0812137192305964e-06
1604163069776,2020-10-31T12:51:09.776,62.4,5.231724683421503e-06,-7.640603040384475e-06,-2.80709186096014e-06
1604163069826,2020-10-31T12:51:09.826,62.45,5.03114409651061e-06,-7.546415289358372e-06,-2.4723799475635205e-06
1604163069876,2020-10-31T12:51:09.876,62.5,4.983285788802025e-06,-8.1538506897349e-06,-2.4432406560658685e-06
1604163069926,2020-10-31T12:51:09.926,62.55,5.144596838531752e-06,-9.038104668788753e-06,-2.576853821103335e-06
1604163069976,2020-10-31T12:51:09.976,62.6,5.15257100813845e-06,-9.300788235564695e-06,-2.4330258674289635e-06
1604163070026,2020-10-31T12:51:10.026,62.65,5.080089795226684e-06,-8.64229449241484e-06,-1.872476772005551e-06
1604163070076,2020-10-31T12:51:10.076,62.7,5.237729748039397e-06,-7.649616116734624e-06,-1.2723001508024938e-06
1604163070126,2020-10-31T12:51:10.126,62.75,5.499436406153345e-06,-6.948361681679922e-06,-8.912628384017651e-07
1604163070176,2020-10-31T12:51:10.176,62.8,5.451883215191314e-06,-6.518956431018522e-06,-1.6627112156053534e-07
1604163070226,2020-10-31T12:51:10.226,62.85,5.111959360517528e-06,-5.917640130397609e-06,1.587149401884276e-06
1604163070276,2020-10-31T12:51:10.276,62.9,4.9513968019468925e-06,-4.947054913870907e-06,3.823163706952835e-06
1604163070326,2020-10-31T12:51:10.326,62.95,5.161724975297916e-06,-3.99274298075973e-06,5.138527797220447e-06
1604163070376,2020-10-31T12:51:10.376,63.0,5.411936338958305e-06,-3.5746279500320454e-06,5.049039495655126e-06
1604163070426,2020-10-31T12:51:10.426,63.05,5.4258942136918845e-06,-3.686405426123411e-06,4.4420903152499475e-06
1604163070476,2020-10-31T12:51:10.476,63.1,5.3744473464323275e-06,-3.921975795102944e-06,4.198865369868334e-06
1604163070526,2020-10-31T12:51:10.526,63.15,5.583847220376447e-06,-4.106712593947355e-06,4.2730940180548055e-06
1604163070576,2020-10-31T12:51:10.576,63.2,6.052535333583607e-06,-4.345488078460449e-06,4.298685764231183e-06
1604163070626,2020-10-31T12:51:10.626,63.25,6.373189457671825e-06,-4.584385053916593e-06,4.209347656558594e-06
1604163070676,2020-10-31T12:51:10.676,63.3,6.1998972324219535e-06,-4.625618610624613e-06,3.9773525262447885e-06
1604163070726,2020-10-31T12:51:10.726,63.35,5.698274194161648e-06,-4.5133846123165976e-06,3.560853197078339e-06
1604163070776,2020-10-31T12:51:10.776,63.4,5.3156194822304215e-06,-4.45316083221536e-06,3.239809647447337e-06
1604163070826,2020-10-31T12:51:10.826,63.45,5.217279599300488e-06,-4.428715359109948e-06,3.243902628166719e-06
1604163070876,2020-10-31T12:51:10.876,63.5,5.228977826291781e-06,-4.342003730261968e-06,3.3002904547093197e-06
1604163070926,2020-10-31T12:51:10.926,63.55,5.1961535728055606e-06,-4.305838876065775e-06,3.2799944739926092e-06
1604163070976,2020-10-31T12:51:10.976,63.6,5.103690556861521e-06,-4.303856839038095e-06,3.6221601493144965e-06
1604163071026,2020-10-31T12:51:11.026,63.65,4.935099892291661e-06,-4.034699521233365e-06,4.385894681853025e-06
1604163071076,2020-10-31T12:51:11.076,63.7,4.673037810326268e-06,-3.5468208326702833e-06,4.752751598984531e-06
1604163071126,2020-10-31T12:51:11.126,63.75,4.437620537652317e-06,-3.2333889087149808e-06,4.207898361819592e-06
1604163071176,2020-10-31T12:51:11.176,63.8,4.3970753584580885e-06,-2.993691898228025e-06,3.4771537908748527e-06
1604163071226,2020-10-31T12:51:11.226,63.85,4.445741510649484e-06,-2.4993158334506724e-06,3.5639540465779044e-06
1604163071276,2020-10-31T12:51:11.276,63.9,4.219880662066175e-06,-2.108414041468998e-06,4.282315538358364e-06
1604163071326,2020-10-31T12:51:11.326,63.95,3.6061437274631127e-06,-2.246283834493078e-06,4.570215251563511e-06
1604163071376,2020-10-31T12:51:11.376,64.0,2.9195779807147363e-06,-2.398379082340291e-06,4.1466791125979435e-06
1604163071426,2020-10-31T12:51:11.426,64.05,2.413992945998381e-06,-1.970266299967166e-06,3.8114827396794297e-06
1604163071476,2020-10-31T12:51:11.476,64.1,2.0997796386248484e-06,-1.4527447435923895e-06,3.988240245800994e-06
1604163071526,2020-10-31T12:51:11.526,64.15,2.146647629632626e-06,-1.5958242142261938e-06,4.168444440763545e-06
1604163071576,2020-10-31T12:51:11.576,64.2,2.73234323307315e-06,-2.102532135205525e-06,4.013795076227526e-06
1604163071626,2020-10-31T12:51:11.626,64.25,3.4028267264920893e-06,-2.1627828844904016e-06,3.8619046691937394e-06
1604163071676,2020-10-31T12:51:11.676,64.3,3.4343058175782873e-06,-1.7812506145269502e-06,3.904453467538217e-06
1604163071726,2020-10-31T12:51:11.726,64.35,2.9129663690654987e-06,-1.6362337248779654e-06,3.854110069810682e-06
1604163071776,2020-10-31T12:51:11.776,64.4,2.6428155609208354e-06,-1.8748443848222698e-06,3.6561395568952714e-06
1604163071826,2020-10-31T12:51:11.826,64.45,2.892311657382303e-06,-1.959114628039467e-06,3.6298912557596318e-06
1604163071876,2020-10-31T12:51:11.876,64.5,3.0254835175532107e-06,-1.7353732433219466e-06,3.7231429720338415e-06
1604163071926,2020-10-31T12:51:11.926,64.55,2.6414463438928743e-06,-1.7549421183067416e-06,3.5376961324522156e-06
1604163071976,2020-10-31T12:51:11.976,64.6,2.263877990574528e-06,-2.22756987689229e-06,3.152499951419867e-06
1604163072026,2020-10-31T12:51:12.026,64.65,2.3638560122414667e-06,-2.5399322602820134e-06,3.013859980041504e-06
1604163072076,2020-10-31T12:51:12.076,64.7,2.5680125027940257e-06,-2.330427682932412e-06,3.0996816903462116e-06
1604163072126,2020-10-31T12:51:12.126,64.75,2.5171293620249845e-06,-2.160586591353991e-06,3.0093923107579206e-06
1604163072176,2020-10-31T12:51:12.176,64.8,2.5142709998474575e-06,-2.469698036125384e-06,2.7316813519170117e-06
1604163072226,2020-10-31T12:51:12.226,64.85,2.6714519732507598e-06,-2.7482164609855654e-06,2.6399382210226462e-06
1604163072276,2020-10-31T12:51:12.276,64.9,2.5541256552357947e-06,-2.471009267166415e-06,2.8151449026363055e-06
1604163072326,2020-10-31T12:51:12.326,64.95,2.188367875752319e-06,-2.0071038332543064e-06,2.929658959555805e-06
1604163072376,2020-10-31T12:51:12.376,65.0,2.1990923620765344e-06,-1.92668572061817e-06,2.7994363435553437e-06
1604163072426,2020-10-31T12:51:12.426,65.05,2.5996689593406517e-06,-2.1797437135280972e-06,2.61295363563778e-06
1604163072476,2020-10-31T12:51:12.476,65.1,2.675813193102661e-06,-2.4244502604273957e-06,2.571002598307402e-06
1604163072526,2020-10-31T12:51:12.526,65.15,2.2491314110892585e-06,-2.492508784745235e-06,2.577381572617707e-06
1604163072576,2020-10-31T12:51:12.576,65.2,1.858316061991776e-06,-2.3850678629924197e-06,2.3703149029259396e-06
1604163072626,2020-10-31T12:51:12.626,65.25,1.6857960062409567e-06,-2.261519664891894e-06,1.9401745980492063e-06
1604163072676,2020-10-31T12:51:12.676,65.3,1.4754776386394934e-06,-2.2630740673576872e-06,1.7184856392175175e-06
1604163072726,2020-10-31T12:51:12.726,65.35,1.379381765888192e-06,-2.2502817466302594e-06,2.0932151951236756e-06
1604163072776,2020-10-31T12:51:12.776,65.4,1.7355987907078434e-06,-2.08231528501704e-06,2.74679324801728e-06
1604163072826,2020-10-31T12:51:12.826,65.45,2.2020515325138902e-06,-1.9310613752452412e-06,2.9182161972993347e-06
1604163072876,2020-10-31T12:51:12.876,65.5,2.1935134631381054e-06,-1.9640837718474675e-06,2.4620585980770945e-06
1604163072926,2020-10-31T12:51:12.926,65.55,1.9314138114274976e-06,-2.093720842589131e-06,2.072428576947717e-06
1604163072976,2020-10-31T12:51:12.976,65.6,2.0420167254385506e-06,-2.2074554564119606e-06,2.182626566076458e-06
1604163073026,2020-10-31T12:51:13.026,65.65,2.4029973882432077e-06,-2.274283597957979e-06,2.3623210232468482e-06
1604163073076,2020-10-31T12:51:13.076,65.7,2.376662081291408e-06,-2.2145051957594887e-06,2.190698645186328e-06
1604163073126,2020-10-31T12:51:13.126,65.75,1.909963157102256e-06,-1.940468903333377e-06,1.9744742995521007e-06
1604163073176,2020-10-31T12:51:13.176,65.8,1.5198295311988888e-06,-1.575292421535633e-06,2.170223683889867e-06
1604163073226,2020-10-31T12:51:13.226,65.85,1.4751130054900737e-06,-1.485881391905153e-06,2.647948913618764e-06
1604163073276,2020-10-31T12:51:13.276,65.9,1.648894706908454e-06,-1.8765820205085748e-06,2.852792187963647e-06
1604163073326,2020-10-31T12:51:13.326,65.95,1.8195030334495056e-06,-2.4130980785394167e-06,2.4906278623851882e-06
1604163073376,2020-10-31T12:51:13.376,66.0,1.7829574478675197e-06,-2.570281253717024e-06,1.917928330476625e-06
1604163073426,2020-10-31T12:51:13.426,66.05,1.5962274593041452e-06,-2.2564095877736776e-06,1.6996403939353978e-06
1604163073476,2020-10-31T12:51:13.476,66.1,1.639881327564015e-06,-1.8139136000309263e-06,1.8470186731445044e-06
1604163073526,2020-10-31T12:51:13.526,66.15,1.991065808929338e-06,-1.5621156997532183e-06,2.022295176118574e-06
1604163073576,2020-10-31T12:51:13.576,66.2,2.1953655971167824e-06,-1.5545798495191217e-06,2.3304161691066697e-06
1604163073626,2020-10-31T12:51:13.626,66.25,2.0407924190206445e-06,-1.7037220094745866e-06,2.973804147855046e-06
1604163073676,2020-10-31T12:51:13.676,66.3,1.8675782434834054e-06,-1.9109079870123786e-06,3.3694277880490626e-06
1604163073726,2020-10-31T12:51:13.726,66.35,1.9176284909058135e-06,-1.9578884333080597e-06,2.799965930587962e-06
1604163073776,2020-10-31T12:51:13.776,66.4,2.0635433485798113e-06,-1.6424603687052038e-06,1.708566098944006e-06
1604163073826,2020-10-31T12:51:13.826,66.45,2.1459988888038792e-06,-1.2700737759521554e-06,1.2102900844945265e-06
1604163073876,2020-10-31T12:51:13.876,66.5,2.114912140686484e-06,-1.378942304791942e-06,1.6240126158949792e-06
1604163073926,2020-10-31T12:51:13.926,66.55,2.039370262316013e-06,-1.7902766569333524e-06,2.356460722166041e-06
1604163073976,2020-10-31T12:51:13.976,66.6,2.0934467618664667e-06,-1.8807882445028335e-06,2.7417587903100127e-06
1604163074026,2020-10-31T12:51:14.026,66.65,2.2368270482019176e-06,-1.7524021692201315e-06,2.4727813772522443e-06
1604163074076,2020-10-31T12:51:14.076,66.7,2.1400087927750398e-06,-1.890784550156569e-06,1.8041758270994441e-06
1604163074126,2020-10-31T12:51:14.126,66.75,1.7956195741925906e-06,-1.9781222119149776e-06,1.4295872819250309e-06
1604163074176,2020-10-31T12:51:14.176,66.8,1.697027585186144e-06,-1.4583398362634156e-06,1.6534496542199584e-06
1604163074226,2020-10-31T12:51:14.226,66.85,1.947260760177833e-06,-7.912184670296058e-07,2.056440298818934e-06
1604163074276,2020-10-31T12:51:14.276,66.9,1.9318620543427873e-06,-7.796888830299423e-07,2.297588868228506e-06
1604163074326,2020-10-31T12:51:14.326,66.95,1.4504738463966635e-06,-1.2482382039612972e-06,2.4853772341353094e-06
1604163074376,2020-10-31T12:51:14.376,67.0,1.214713979425203e-06,-1.5322257302708268e-06,2.565644726994617e-06
1604163074426,2020-10-31T12:51:14.426,67.05,1.5579536651511853e-06,-1.5931581338684382e-06,2.247809799644885e-06
1604163074476,2020-10-31T12:51:14.476,67.1,1.7786183732531007e-06,-1.7407020244031725e-06,1.6587332281328e-06
1604163074526,2020-10-31T12:51:14.526,67.15,1.451444838061372e-06,-1.910918147554091e-06,1.3395608420060869e-06
1604163074576,2020-10-31T12:51:14.576,67.2,1.183174530325955e-06,-1.9023689354440878e-06,1.5883478639201952e-06
1604163074626,2020-10-31T12:51:14.626,67.25,1.4196215307338417e-06,-1.810293940300697e-06,2.160693203650469e-06
1604163074676,2020-10-31T12:51:14.676,67.3,1.661808425030118e-06,-1.7840817147027808e-06,2.48837801086806e-06
1604163074726,2020-10-31T12:51:14.726,67.35,1.451709447692032e-06,-1.7578516783198201e-06,2.2293075169340314e-06
1604163074776,2020-10-31T12:51:14.776,67.4,1.1596012602212797e-06,-1.6960450969109552e-06,1.7343526334723758e-06
1604163074826,2020-10-31T12:51:14.826,67.45,1.2685295115034669e-06,-1.7280195800839142e-06,1.593259415113621e-06
1604163074876,2020-10-31T12:51:14.876,67.5,1.6002561236577756e-06,-1.829445954903798e-06,1.749040635231806e-06
1604163074926,2020-10-31T12:51:14.926,67.55,1.7080179290632722e-06,-1.7467852120002758e-06,1.6994786951453448e-06
1604163074976,2020-10-31T12:51:14.976,67.6,1.5459495145966216e-06,-1.4214872283990314e-06,1.3902455546846708e-06
1604163075026,2020-10-31T12:51:15.026,67.65,1.378306141208762e-06,-1.1700536574349844e-06,1.2191528013817153e-06
1604163075076,2020-10-31T12:51:15.076,67.7,1.340356300609495e-06,-1.2976731863429285e-06,1.3791797778083584e-06
1604163075126,2020-10-31T12:51:15.126,67.75,1.3622284479499405e-06,-1.6903465442366752e-06,1.6643610138192126e-06
1604163075176,2020-10-31T12:51:15.176,67.8,1.3594454566564215e-06,-1.8974852237327304e-06,1.7182976289905686e-06
1604163075226,2020-10-31T12:51:15.226,67.85,1.311903270926263e-06,-1.709059962646108e-06,1.3608133077337781e-06
1604163075276,2020-10-31T12:51:15.276,67.9,1.2076402273841887e-06,-1.5104073975024932e-06,8.854163419531676e-07
1604163075326,2020-10-31T12:51:15.326,67.95,1.0591630760720823e-06,-1.7080841724772827e-06,8.743070954116415e-07
1604163075376,2020-10-31T12:51:15.376,68.0,9.725796825100479e-07,-2.0743842261119635e-06,1.4717350283885476e-06
1604163075426,2020-10-31T12:51:15.426,68.05,1.0365333232257665e-06,-2.1934669585255446e-06,2.114773166212941e-06
1604163075476,2020-10-31T12:51:15.476,68.1,1.1817772271240551e-06,-2.1275080594568786e-06,2.245130942732074e-06
1604163075526,2020-10-31T12:51:15.526,68.15,1.3349438503118353e-06,-2.135540785627942e-06,1.9791917708484196e-06
1604163075576,2020-10-31T12:51:15.576,68.2,1.5535931481985487e-06,-2.246837781399259e-06,1.796313047902946e-06
1604163075626,2020-10-31T12:51:15.626,68.25,1.7966650035116052e-06,-2.3903201872327827e-06,1.859196366329183e-06
1604163075676,2020-10-31T12:51:15.676,68.3,1.8404247970720794e-06,-2.4875181436978897e-06,1.9516295623978878e-06
1604163075726,2020-10-31T12:51:15.726,68.35,1.6584599690676447e-06,-2.4192836905730917e-06,1.9332982873605125e-06
1604163075776,2020-10-31T12:51:15.776,68.4,1.5291052235981155e-06,-2.2184288946951902e-06,1.9668916293526492e-06
1604163075826,2020-10-31T12:51:15.826,68.45,1.5628949694582255e-06,-2.1334433225538685e-06,2.1931369524060426e-06
1604163075876,2020-10-31T12:51:15.876,68.5,1.5675416009397491e-06,-2.271549562338656e-06,2.3856861122412688e-06
1604163075926,2020-10-31T12:51:15.926,68.55,1.5020707445189504e-06,-2.353414943866756e-06,2.2609265654909525e-06
1604163075976,2020-10-31T12:51:15.976,68.6,1.5406409757534396e-06,-2.0906522583783387e-06,1.9751964895189547e-06
1604163076026,2020-10-31T12:51:16.026,68.65,1.6812300793232805e-06,-1.6847984703176224e-06,1.88354087118149e-06
1604163076076,2020-10-31T12:51:16.076,68.7,1.7983522018177556e-06,-1.5825801859666462e-06,1.9854536799091184e-06
1604163076126,2020-10-31T12:51:16.126,68.75,1.920710593701586e-06,-1.7938874620833528e-06,2.0201427838520794e-06
1604163076176,2020-10-31T12:51:16.176,68.8,2.038920290233259e-06,-1.8975978337136578e-06,1.921771177701991e-06
1604163076226,2020-10-31T12:51:16.226,68.85,1.9779540085066947e-06,-1.7661545125999556e-06,1.8723673606180416e-06
1604163076276,2020-10-31T12:51:16.276,68.9,1.797776269992212e-06,-1.818835438362496e-06,2.0352094262384386e-06
1604163076326,2020-10-31T12:51:16.326,68.95,1.8608160693373794e-06,-2.348781794207697e-06,2.3508089264506245e-06
1604163076376,2020-10-31T12:51:16.376,69.0,2.2247240496100034e-06,-2.9753491260202524e-06,2.5212746227381926e-06
1604163076426,2020-10-31T12:51:16.426,69.05,2.4959622275757543e-06,-3.1015900157187265e-06,2.3438643051053376e-06
1604163076476,2020-10-31T12:51:16.476,69.1,2.500262584304567e-06,-2.715251286840988e-06,2.0739171164369847e-06
1604163076526,2020-10-31T12:51:16.526,69.15,2.5118903899961694e-06,-2.3796000718843964e-06,2.045276890351396e-06
1604163076576,2020-10-31T12:51:16.576,69.2,2.6443236096743066e-06,-2.462066658172079e-06,2.096228971136564e-06
1604163076626,2020-10-31T12:51:16.626,69.25,2.666918750818063e-06,-2.7169512433482684e-06,1.991561124782526e-06
1604163076676,2020-10-31T12:51:16.676,69.3,2.610951481609068e-06,-2.756519903000789e-06,1.983501021540852e-06
1604163076726,2020-10-31T12:51:16.726,69.35,2.825555546136347e-06,-2.602347796303297e-06,2.2594425719369255e-06
1604163076776,2020-10-31T12:51:16.776,69.4,3.2209297195913627e-06,-2.5248604437220345e-06,2.4751504888545305e-06
1604163076826,2020-10-31T12:51:16.826,69.45,3.2639764184970756e-06,-2.6281389969047014e-06,2.4572541452634524e-06
1604163076876,2020-10-31T12:51:16.876,69.5,2.904182131978593e-06,-2.816550324956382e-06,2.581233105564983e-06
1604163076926,2020-10-31T12:51:16.926,69.55,2.6761056300332884e-06,-2.918560340803619e-06,2.8991170873049032e-06
1604163076976,2020-10-31T12:51:16.976,69.6,2.810922738559973e-06,-2.8108727199346156e-06,2.7953857658401325e-06
1604163077026,2020-10-31T12:51:17.026,69.65,2.991598762524225e-06,-2.6589708834302324e-06,2.1324018600025933e-06
1604163077076,2020-10-31T12:51:17.076,69.7,2.965169689765308e-06,-2.7918766309929077e-06,1.7995645742339343e-06
1604163077126,2020-10-31T12:51:17.126,69.75,2.835920232156881e-06,-3.1341515619631564e-06,2.355631929497119e-06
1604163077176,2020-10-31T12:51:17.176,69.8,2.7820173194373354e-06,-3.252761912439281e-06,3.008639032651053e-06
1604163077226,2020-10-31T12:51:17.226,69.85,2.8146473793841537e-06,-3.0695221268664004e-06,2.8389644580041063e-06
1604163077276,2020-10-31T12:51:17.276,69.9,2.8464606207055883e-06,-2.9302614889349416e-06,2.22919813617735e-06
1604163077326,2020-10-31T12:51:17.326,69.95,2.8579487712600118e-06,-3.0323164007908975e-06,2.104893602726251e-06
1604163077376,2020-10-31T12:51:17.376,70.0,2.9017426409925297e-06,-3.2709462946849785e-06,2.47929253885302e-06
1604163077426,2020-10-31T12:51:17.426,70.05,2.9567688098250533e-06,-3.4599186635727355e-06,2.6976572327953312e-06
1604163077476,2020-10-31T12:51:17.476,70.1,2.9267995899612e-06,-3.4962259431730076e-06,2.5143667306127795e-06
1604163077526,2020-10-31T12:51:17.526,70.15,2.844602773514778e-06,-3.4328243405614797e-06,2.206770008069819e-06
1604163077576,2020-10-31T12:51:17.576,70.2,2.8596404493406286e-06,-3.299917486365337e-06,2.116057262671876e-06
1604163077626,2020-10-31T12:51:17.626,70.25,2.9401945601554458e-06,-3.0040903819367303e-06,2.392469994859141e-06
1604163077676,2020-10-31T12:51:17.676,70.3,2.9405272295907827e-06,-2.679373927540447e-06,2.802019793689887e-06
1604163077726,2020-10-31T12:51:17.726,70.35,2.9981184457065856e-06,-2.701903966055343e-06,2.9238234229675847e-06
1604163077776,2020-10-31T12:51:17.776,70.4,3.298563844975498e-06,-3.0207709440307587e-06,2.7700701878577296e-06
1604163077826,2020-10-31T12:51:17.826,70.45,3.5292815919363243e-06,-3.031918878785755e-06,2.683213148639856e-06
1604163077876,2020-10-31T12:51:17.876,70.5,3.3355353490102015e-06,-2.4836794669356532e-06,2.6585761245987194e-06
1604163077926,2020-10-31T12:51:17.926,70.55,3.0543391123740855e-06,-2.0014793422285605e-06,2.536308841177734e-06
1604163077976,2020-10-31T12:51:17.976,70.6,3.142781873284035e-06,-2.257319076742977e-06,2.552678484539207e-06
1604163078026,2020-10-31T12:51:18.026,70.65,3.338930621814767e-06,-3.0094558589676923e-06,2.902348754987353e-06
1604163078076,2020-10-31T12:51:18.076,70.7,3.1873343533251196e-06,-3.5472496005767558e-06,3.1899216561190593e-06
1604163078126,2020-10-31T12:51:18.126,70.75,2.8663718376546747e-06,-3.702710563496523e-06,2.9795752780896844e-06
1604163078176,2020-10-31T12:51:18.176,70.8,2.8828729148418446e-06,-3.701974380059026e-06,2.5305220682972994e-06
1604163078226,2020-10-31T12:51:18.226,70.85,3.355629129074327e-06,-3.535479645366539e-06,2.4881824984179404e-06
1604163078276,2020-10-31T12:51:18.276,70.9,3.926104235336673e-06,-3.293994547641359e-06,2.9941583954842267e-06
1604163078326,2020-10-31T12:51:18.326,70.95,4.142104399271412e-06,-3.45548896251578e-06,3.5184574856713012e-06
1604163078376,2020-10-31T12:51:18.376,71.0,3.8594572115951134e-06,-4.0314682288948545e-06,3.64520022757683e-06
1604163078426,2020-10-31T12:51:18.426,71.05,3.419361925463706e-06,-4.23010764238029e-06,3.5800396205912876e-06
1604163078476,2020-10-31T12:51:18.476,71.1,3.3822420599837743e-06,-3.7063967780097334e-06,3.62586405026631e-06
1604163078526,2020-10-31T12:51:18.526,71.15,3.905880010485504e-06,-3.2108077103876875e-06,3.628824858766675e-06
1604163078576,2020-10-31T12:51:18.576,71.2,4.455498433062737e-06,-3.3181698530272563e-06,3.3199675429769904e-06
1604163078626,2020-10-31T12:51:18.626,71.25,4.394699092070585e-06,-3.5459498853971e-06,2.8661130503521557e-06
1604163078676,2020-10-31T12:51:18.676,71.3,3.786779724334171e-06,-3.304782174122581e-06,2.719221148993597e-06
1604163078726,2020-10-31T12:51:18.726,71.35,3.2610475377692065e-06,-2.767718371197046e-06,3.0013057978406236e-06
1604163078776,2020-10-31T12:51:18.776,71.4,3.1836989827672683e-06,-2.44876293419004e-06,3.3206911850255075e-06
1604163078826,2020-10-31T12:51:18.826,71.45,3.3847039464353255e-06,-2.56494571140656e-06,3.361499650979888e-06
1604163078876,2020-10-31T12:51:18.876,71.5,3.62186109937718e-06,-2.858058957884964e-06,3.347171103004933e-06
1604163078926,2020-10-31T12:51:18.926,71.55,3.828174029172034e-06,-2.801147793319782e-06,3.5540221937205096e-06
1604163078976,2020-10-31T12:51:18.976,71.6,3.894764771638714e-06,-2.2196616052150723e-06,3.7699752676736704e-06
1604163079026,2020-10-31T12:51:19.026,71.65,3.68723249260671e-06,-1.6518724912261613e-06,3.740235892045293e-06
1604163079076,2020-10-31T12:51:19.076,71.7,3.3162507035784086e-06,-1.6620207695317726e-06,3.7119916995776755e-06
1604163079126,2020-10-31T12:51:19.126,71.75,2.964124723646517e-06,-2.0344854644176728e-06,3.9382226377027685e-06
1604163079176,2020-10-31T12:51:19.176,71.8,2.553693806720031e-06,-2.2174407378620284e-06,4.042808280484809e-06
1604163079226,2020-10-31T12:51:19.226,71.85,2.0696993905648168e-06,-2.197486835230747e-06,3.61926961167749e-06
1604163079276,2020-10-31T12:51:19.276,71.9,1.8945870566964596e-06,-2.254608885161534e-06,3.11241619820955e-06
1604163079326,2020-10-31T12:51:19.326,71.95,2.2222548427300875e-06,-2.307370501607779e-06,3.224829624064454e-06
1604163079376,2020-10-31T12:51:19.376,72.0,2.5593147341355393e-06,-2.208892399223098e-06,3.7924350887258663e-06
1604163079426,2020-10-31T12:51:19.426,72.05,2.4343957157157443e-06,-2.1800742158660173e-06,4.14167678240423e-06
1604163079476,2020-10-31T12:51:19.476,72.1,2.120328878316437e-06,-2.339552612255099e-06,4.142008255586095e-06
1604163079526,2020-10-31T12:51:19.526,72.15,2.1124125245764068e-06,-2.383602050328676e-06,4.0945622165133755e-06
1604163079576,2020-10-31T12:51:19.576,72.2,2.397568600564681e-06,-2.199803013371477e-06,4.058680975619876e-06
1604163079626,2020-10-31T12:51:19.626,72.25,2.626885982519483e-06,-2.1522417480897344e-06,3.996108773114964e-06
1604163079676,2020-10-31T12:51:19.676,72.3,2.5931600373872387e-06,-2.414874007183318e-06,4.104162392511255e-06
1604163079726,2020-10-31T12:51:19.726,72.35,2.3978902815487433e-06,-2.6984740642941708e-06,4.403567081871394e-06
1604163079776,2020-10-31T12:51:19.776,72.4,2.3607788333059937e-06,-2.824870015129309e-06,4.464747176792646e-06
1604163079826,2020-10-31T12:51:19.826,72.45,2.602540723818392e-06,-2.8754467016729862e-06,4.060028528493078e-06
1604163079876,2020-10-31T12:51:19.876,72.5,2.7676136338830032e-06,-2.814427938503246e-06,3.6222161579534634e-06
1604163079926,2020-10-31T12:51:19.926,72.55,2.5811567758857186e-06,-2.653870928947894e-06,3.5943576703080708e-06
1604163079976,2020-10-31T12:51:19.976,72.6,2.3705232928580086e-06,-2.669940729882456e-06,3.7824185636667616e-06
1604163080026,2020-10-31T12:51:20.026,72.65,2.4490928927477565e-06,-2.873090631288904e-06,3.803639393146256e-06
1604163080076,2020-10-31T12:51:20.076,72.7,2.4818676908675746e-06,-2.848170007656172e-06,3.749384130422468e-06
1604163080126,2020-10-31T12:51:20.126,72.75,2.137551164446312e-06,-2.498734542469428e-06,3.921197507068507e-06
1604163080176,2020-10-31T12:51:20.176,72.8,1.828426357764335e-06,-2.2031770846230425e-06,4.209815238953787e-06
1604163080226,2020-10-31T12:51:20.226,72.85,2.092582554021435e-06,-2.07406907953412e-06,4.219479744582888e-06
1604163080276,2020-10-31T12:51:20.276,72.9,2.6491804469755016e-06,-1.8474806059148353e-06,3.922283233264586e-06
1604163080326,2020-10-31T12:51:20.326,72.95,2.7462666585124285e-06,-1.5321603935945889e-06,3.7545503875065458e-06
1604163080376,2020-10-31T12:51:20.376,73.0,2.2512193680173914e-06,-1.4356213795286341e-06,3.977587641991064e-06
1604163080426,2020-10-31T12:51:20.426,73.05,1.7955322020887764e-06,-1.5548341951106051e-06,4.33290584184305e-06
1604163080476,2020-10-31T12:51:20.476,73.1,1.8860897766212218e-06,-1.5716580129007931e-06,4.47859043735257e-06
1604163080526,2020-10-31T12:51:20.526,73.15,2.3367775442474396e-06,-1.406452168580978e-06,4.4373826421505885e-06
1604163080576,2020-10-31T12:51:20.576,73.2,2.5307702954113695e-06,-1.2724324452375258e-06,4.442748566656813e-06
1604163080626,2020-10-31T12:51:20.626,73.25,2.0470517222928886e-06,-1.2881204047857653e-06,4.51849068455032e-06
1604163080676,2020-10-31T12:51:20.676,73.3,1.2268063741600986e-06,-1.3414933285303978e-06,4.470076357561204e-06
1604163080726,2020-10-31T12:51:20.726,73.35,9.274198308437292e-07,-1.228492502115982e-06,4.337719370781678e-06
1604163080776,2020-10-31T12:51:20.776,73.4,1.310148771966816e-06,-8.807364670749382e-07,4.40622793933874e-06
1604163080826,2020-10-31T12:51:20.826,73.45,1.3858877162608091e-06,-4.120176785775618e-07,4.503424743063764e-06
1604163080876,2020-10-31T12:51:20.876,73.5,2.0511731270227225e-07,2.650704595744322e-07,3.891600826011658e-06
1604163080926,2020-10-31T12:51:20.926,73.55,-2.1417334781383157e-06,1.5138121505519377e-06,2.1988456765253905e-06
1604163080976,2020-10-31T12:51:20.976,73.6,-4.914506984380543e-06,3.241407717901736e-06,-1.1928952376320582e-07
1604163081026,2020-10-31T12:51:21.026,73.65,-7.427153440131676e-06,4.738420722002504e-06,-2.4118303058849797e-06
1604163081076,2020-10-31T12:51:21.076,73.7,-9.324115832409854e-06,5.764212355203593e-06,-4.356794858580525e-06
1604163081126,2020-10-31T12:51:21.126,73.75,-1.065872558297755e-05,6.915337344419263e-06,-5.861566080899092e-06
1604163081176,2020-10-31T12:51:21.176,73.8,-1.1690276449574863e-05,8.437454551359056e-06,-7.019729067070402e-06
1604163081226,2020-10-31T12:51:21.226,73.85,-1.2525789471793273e-05,9.762940037638567e-06,-8.130626831446603e-06
1604163081276,2020-10-31T12:51:21.276,73.9,-1.3156303383695776e-05,1.065853066556971e-05,-9.320318803762962e-06
1604163081326,2020-10-31T12:51:21.326,73.95,-1.3648194764815785e-05,1.161424670332934e-05,-1.0354230931933528e-05
1604163081376,2020-10-31T12:51:21.376,74.0,-1.3958877571876261e-05,1.273992685519508e-05,-1.115221004799437e-05
1604163081426,2020-10-31T12:51:21.426,74.05,-1.3906376495872736e-05,1.352094783584292e-05,-1.1982963769328986e-05
1604163081476,2020-10-31T12:51:21.476,74.1,-1.3651956633752245e-05,1.3877259753328292e-05,-1.287807748494271e-05
1604163081526,2020-10-31T12:51:21.526,74.15,-1.3679344298883041e-05,1.4304593448891363e-05,-1.3601757015743772e-05
1604163081576,2020-10-31T12:51:21.576,74.2,-1.4011923104946996e-05,1.4959585763908302e-05,-1.4320871491426328e-05
1604163081626,2020-10-31T12:51:21.626,74.25,-1.4171686690250327e-05,1.5587157366099892e-05,-1.5350106654478906e-05
1604163081676,2020-10-31T12:51:21.676,74.3,-1.4134293659289516e-05,1.6182903592849092e-05,-1.6299594028165427e-05
1604163081726,2020-10-31T12:51:21.726,74.35,-1.440756005080115e-05,1.6882430442545362e-05,-1.6568164370373494e-05
1604163081776,2020-10-31T12:51:21.776,74.4,-1.4934864416173585e-05,1.735661614191341e-05,-1.6520699151406756e-05
1604163081826,2020-10-31T12:51:21.826,74.45,-1.501141163837039e-05,1.709373010927723e-05,-1.7084567743603027e-05
1604163081876,2020-10-31T12:51:21.876,74.5,-1.4587424505602194e-05,1.6286706848065986e-05,-1.8325526335394453e-05
1604163081926,2020-10-31T12:51:21.926,74.55,-1.4437886649758809e-05,1.575300880076222e-05,-1.9402199293350497e-05
1604163081976,2020-10-31T12:51:21.976,74.6,-1.4730588293722298e-05,1.5897578455802484e-05,-1.9857646179699202e-05
1604163082026,2020-10-31T12:51:22.026,74.65,-1.4764114591573599e-05,1.6358565167719903e-05,-2.0135529991304857e-05
1604163082076,2020-10-31T12:51:22.076,74.7,-1.437325720453311e-05,1.666577865834851e-05,-2.0767345824470856e-05
1604163082126,2020-10-31T12:51:22.126,74.75,-1.4212455506208909e-05,1.6696771107619537e-05,-2.1617019788094604e-05
1604163082176,2020-10-31T12:51:22.176,74.8,-1.4523800846813816e-05,1.6577560870903e-05,-2.2112293827138172e-05
1604163082226,2020-10-31T12:51:22.226,74.85,-1.4866932765044618e-05,1.6518677498367087e-05,-2.2045763860454964e-05
1604163082276,2020-10-31T12:51:22.276,74.9,-1.496663666875574e-05,1.657121954977119e-05,-2.190832256991702e-05
1604163082326,2020-10-31T12:51:22.326,74.95,-1.4856448988546854e-05,1.6438633776119582e-05,-2.21699753801114e-05
1604163082376,2020-10-31T12:51:22.376,75.0,-1.4533553692659696e-05,1.586828587436404e-05,-2.2458034927034546e-05
1604163082426,2020-10-31T12:51:22.426,75.05,-1.4172261035221192e-05,1.5118466632988753e-05,-2.2110666036837455e-05
1604163082476,2020-10-31T12:51:22.476,75.1,-1.4227536510128263e-05,1.4568146153553832e-05,-2.1345941533214596e-05
1604163082526,2020-10-31T12:51:22.526,75.15,-1.480420002812109e-05,1.4104416427141685e-05,-2.0901797399542835e-05
1604163082576,2020-10-31T12:51:22.576,75.2,-1.529111988365e-05,1.3405577797696283e-05,-2.072457438872398e-05
1604163082626,2020-10-31T12:51:22.626,75.25,-1.5082782973471256e-05,1.254795457791905e-05,-2.0155739372440693e-05
1604163082676,2020-10-31T12:51:22.676,75.3,-1.4390636945002393e-05,1.1836139699798506e-05,-1.908492583256883e-05
1604163082726,2020-10-31T12:51:22.726,75.35,-1.3823171690633202e-05,1.118922596414169e-05,-1.7819299370541618e-05
1604163082776,2020-10-31T12:51:22.776,75.4,-1.347005442790379e-05,1.0118214563076128e-05,-1.635675423188112e-05
1604163082826,2020-10-31T12:51:22.826,75.45,-1.2974377012996294e-05,8.455048848233107e-06,-1.4547395151686462e-05
1604163082876,2020-10-31T12:51:22.876,75.5,-1.208796347037172e-05,6.822375146991053e-06,-1.2236979485458564e-05
1604163082926,2020-10-31T12:51:22.926,75.55,-1.0752075524283331e-05,5.8736301672691894e-06,-9.124187063170912e-06
1604163082976,2020-10-31T12:51:22.976,75.6,-9.145072267296402e-06,5.294205115957751e-06,-5.348308588763446e-06
1604163083026,2020-10-31T12:51:23.026,75.65,-7.64649152828661e-06,4.461844239158977e-06,-1.8710051039320454e-06
1604163083076,2020-10-31T12:51:23.076,75.7,-6.312427962143076e-06,3.73010936171474e-06,4.264593365304444e-07
1604163083126,2020-10-31T12:51:23.126,75.75,-4.82186156563569e-06,3.716925962136505e-06,1.584229398320376e-06
1604163083176,2020-10-31T12:51:23.176,75.8,-3.1341487783971364e-06,3.823376716567189e-06,2.268637286052985e-06
1604163083226,2020-10-31T12:51:23.226,75.85,-1.581126422694788e-06,2.999032821442675e-06,3.0180741619920515e-06
1604163083276,2020-10-31T12:51:23.276,75.9,-3.8511670860419386e-07,1.4528612246545748e-06,3.831187533239579e-06
1604163083326,2020-10-31T12:51:23.326,75.95,4.969626459641653e-07,2.649761965638447e-07,4.428694708001085e-06
1604163083376,2020-10-31T12:51:23.376,76.0,1.29736141002956e-06,-1.739820425521484e-07,4.7760416442372475e-06
1604163083426,2020-10-31T12:51:23.426,76.05,2.219135378897695e-06,-3.8927211307103153e-07,4.991557437571735e-06
1604163083476,2020-10-31T12:51:23.476,76.1,3.08076136427149e-06,-9.778425546545923e-07,4.948114846747239e-06
1604163083526,2020-10-31T12:51:23.526,76.15,3.5227048702545472e-06,-2.0478703100888753e-06,4.524950848517482e-06
1604163083576,2020-10-31T12:51:23.576,76.2,3.592921512230636e-06,-3.128309982615887e-06,4.017746454239803e-06
1604163083626,2020-10-31T12:51:23.626,76.25,3.652451147603126e-06,-3.606955762823729e-06,3.769688402314848e-06
1604163083676,2020-10-31T12:51:23.676,76.3,3.870969488655113e-06,-3.506195005133975e-06,3.676351922339195e-06
1604163083726,2020-10-31T12:51:23.726,76.35,4.156645621896506e-06,-3.4019373105265483e-06,3.4913949303231585e-06
1604163083776,2020-10-31T12:51:23.776,76.4,4.279614276158972e-06,-3.4742942507867564e-06,3.292099437280887e-06
1604163083826,2020-10-31T12:51:23.826,76.45,4.0083421152020536e-06,-3.422227269464814e-06,3.278985099897752e-06
1604163083876,2020-10-31T12:51:23.876,76.5,3.5056360521462062e-06,-3.284594187494731e-06,3.442960396908121e-06
1604163083926,2020-10-31T12:51:23.926,76.55,3.3146567925967925e-06,-3.4036991568304036e-06,3.6680010853293957e-06
1604163083976,2020-10-31T12:51:23.976,76.6,3.5396800996258575e-06,-3.6907598008159047e-06,3.8567209173435475e-06
1604163084026,2020-10-31T12:51:24.026,76.65,3.6609718342972945e-06,-3.7505785824713787e-06,3.901926616899536e-06
1604163084076,2020-10-31T12:51:24.076,76.7,3.530114797934654e-06,-3.531420992838693e-06,3.8045126996093e-06
1604163084126,2020-10-31T12:51:24.126,76.75,3.572445247248822e-06,-3.274149529794127e-06,3.7010560090802e-06
1604163084176,2020-10-31T12:51:24.176,76.8,3.761907060487677e-06,-3.092452059801773e-06,3.6255356507228158e-06
1604163084226,2020-10-31T12:51:24.226,76.85,3.687330337897558e-06,-2.9875473597849363e-06,3.562226695594272e-06
1604163084276,2020-10-31T12:51:24.276,76.9,3.6923114085288036e-06,-3.0291906882231964e-06,3.742772789792342e-06
1604163084326,2020-10-31T12:51:24.326,76.95,4.459840623507545e-06,-3.2176911400398886e-06,4.35282648998528e-06
1604163084376,2020-10-31T12:51:24.376,77.0,5.589457021270282e-06,-3.2582132188241324e-06,5.027994537566625e-06
1604163084426,2020-10-31T12:51:24.426,77.05,6.043569946571439e-06,-2.8024794840400744e-06,5.289646569226947e-06
1604163084476,2020-10-31T12:51:24.476,77.1,5.746283772844959e-06,-2.081163515498757e-06,5.269311175964319e-06
1604163084526,2020-10-31T12:51:24.526,77.15,5.566209025920911e-06,-1.8836110703623609e-06,5.371589627026654e-06
1604163084576,2020-10-31T12:51:24.576,77.2,6.0020485414710334e-06,-2.475341933832781e-06,5.561143372896488e-06
1604163084626,2020-10-31T12:51:24.626,77.25,6.614515159185568e-06,-3.0644799957300314e-06,5.484176271561511e-06
1604163084676,2020-10-31T12:51:24.676,77.3,6.589977411053704e-06,-3.0122435735119418e-06,4.984519416652227e-06
1604163084726,2020-10-31T12:51:24.726,77.35,5.6743515892392714e-06,-2.8707300426813764e-06,4.302883215764761e-06
1604163084776,2020-10-31T12:51:24.776,77.4,4.576743847619957e-06,-3.2802519016652924e-06,3.94582138224873e-06
1604163084826,2020-10-31T12:51:24.826,77.45,4.154199907632483e-06,-3.684365945490769e-06,4.18802323131437e-06
1604163084876,2020-10-31T12:51:24.876,77.5,4.309790182810454e-06,-3.33569527717135e-06,4.6278371011851044e-06
1604163084926,2020-10-31T12:51:24.926,77.55,4.33716597793198e-06,-2.7409242328395563e-06,4.622523818178792e-06
1604163084976,2020-10-31T12:51:24.976,77.6,4.070562736757955e-06,-2.8400258389536035e-06,4.1262580817602075e-06
1604163085026,2020-10-31T12:51:25.026,77.65,3.849350731307246e-06,-3.4439612315052815e-06,3.60602958423637e-06
1604163085076,2020-10-31T12:51:25.076,77.7,3.715860143212072e-06,-3.6343691215812683e-06,3.2843874349928135e-06
1604163085126,2020-10-31T12:51:25.126,77.75,3.4921432573237577e-06,-3.2072350051404552e-06,3.065029164726063e-06
1604163085176,2020-10-31T12:51:25.176,77.8,3.3161185171379364e-06,-2.7763109358945383e-06,2.989239386256604e-06
1604163085226,2020-10-31T12:51:25.226,77.85,3.396856835038612e-06,-2.8095304232888254e-06,3.105429252884164e-06
1604163085276,2020-10-31T12:51:25.276,77.9,3.4976155458653747e-06,-3.235800580340427e-06,3.1691813274422077e-06
1604163085326,2020-10-31T12:51:25.326,77.95,3.2784919298021053e-06,-3.6534608214005186e-06,3.0504289038568106e-06
1604163085376,2020-10-31T12:51:25.376,78.0,2.947282367740733e-06,-3.600685314685401e-06,2.975147419010503e-06
1604163085426,2020-10-31T12:51:25.426,78.05,2.9252491337883113e-06,-3.0651584781818112e-06,2.9481773898982903e-06
1604163085476,2020-10-31T12:51:25.476,78.1,3.0528279231243177e-06,-2.705912037408881e-06,2.6326963826854504e-06
1604163085526,2020-10-31T12:51:25.526,78.15,2.878631440738215e-06,-3.0530151259657234e-06,2.0639296855424126e-06
1604163085576,2020-10-31T12:51:25.576,78.2,2.5534022530843746e-06,-3.7113642604572573e-06,1.6568406094239042e-06
1604163085626,2020-10-31T12:51:25.626,78.25,2.5496511403463998e-06,-3.825816557854581e-06,1.4250648439237023e-06
1604163085676,2020-10-31T12:51:25.676,78.3,2.7028592612408334e-06,-3.175414756824241e-06,1.0561390575213186e-06
1604163085726,2020-10-31T12:51:25.726,78.35,2.5037286314213324e-06,-2.515976691703015e-06,6.638695300634543e-07
1604163085776,2020-10-31T12:51:25.776,78.4,2.0661512261433185e-06,-2.6786555626138353e-06,6.197030022812994e-07
1604163085826,2020-10-31T12:51:25.826,78.45,1.923642919765168e-06,-3.395110320505411e-06,8.227775362825482e-07
1604163085876,2020-10-31T12:51:25.876,78.5,2.170168973492375e-06,-3.589609439039054e-06,8.737355773746147e-07
1604163085926,2020-10-31T12:51:25.926,78.55,2.3630820642785235e-06,-2.936075953814678e-06,7.816222065969132e-07
1604163085976,2020-10-31T12:51:25.976,78.6,2.0935572534459938e-06,-2.2548715560969823e-06,8.790680930948655e-07
1604163086026,2020-10-31T12:51:26.026,78.65,1.5152989459273901e-06,-2.17296924174475e-06,1.1513213815136952e-06
1604163086076,2020-10-31T12:51:26.076,78.7,1.241739871715846e-06,-2.3193212610310314e-06,1.2165975702059503e-06
1604163086126,2020-10-31T12:51:26.126,78.75,1.5326827073417767e-06,-2.179011140894958e-06,9.785155208908987e-07
1604163086176,2020-10-31T12:51:26.176,78.8,1.892197323664144e-06,-1.989597841982243e-06,7.573568836712532e-07
1604163086226,2020-10-31T12:51:26.226,78.85,1.8314687840473483e-06,-2.205341425807151e-06,7.239230407584548e-07
1604163086276,2020-10-31T12:51:26.276,78.9,1.5567403947110901e-06,-2.5472509756891446e-06,7.358432681078297e-07
1604163086326,2020-10-31T12:51:26.326,78.95,1.4249226680777474e-06,-2.4137443543442944e-06,7.147678022947735e-07
1604163086376,2020-10-31T12:51:26.376,79.0,1.3223734260604815e-06,-1.978127944646798e-06,6.575992904471047e-07
1604163086426,2020-10-31T12:51:26.426,79.05,1.1673139056136484e-06,-1.955896675992572e-06,4.6785997052508896e-07
1604163086476,2020-10-31T12:51:26.476,79.1,1.2991497395447765e-06,-2.424441686632776e-06,3.045252540789129e-07
1604163086526,2020-10-31T12:51:26.526,79.15,1.7778063182304184e-06,-2.7734950716216114e-06,6.652968398601375e-07
1604163086576,2020-10-31T12:51:26.576,79.2,2.092830766068053e-06,-2.7650467655555455e-06,1.5416722302404208e-06
1604163086626,2020-10-31T12:51:26.626,79.25,2.0024747851778462e-06,-2.729190104044939e-06,2.086831397054096e-06
1604163086676,2020-10-31T12:51:26.676,79.3,1.8640840530714169e-06,-2.6669313153138943e-06,1.770550055249493e-06
1604163086726,2020-10-31T12:51:26.726,79.35,1.9050427032714901e-06,-2.1688201856872734e-06,1.253780241419127e-06
1604163086776,2020-10-31T12:51:26.776,79.4,1.9179636217856194e-06,-1.4058074608462208e-06,1.409140028436644e-06
1604163086826,2020-10-31T12:51:26.826,79.45,1.7881370517662964e-06,-1.1676431894351836e-06,1.9790756534239335e-06
1604163086876,2020-10-31T12:51:26.876,79.5,1.6767674947206974e-06,-1.6213239514794907e-06,2.032439611084178e-06
1604163086926,2020-10-31T12:51:26.926,79.55,1.6421435182116128e-06,-1.9691714443367294e-06,1.4677101217747477e-06
1604163086976,2020-10-31T12:51:26.976,79.6,1.613678030889377e-06,-1.724708617535095e-06,1.1243826248120344e-06
1604163087026,2020-10-31T12:51:27.026,79.65,1.6727224193062801e-06,-1.455070290402759e-06,1.4173321644934682e-06
1604163087076,2020-10-31T12:51:27.076,79.7,1.8856374497027633e-06,-1.7078479385420626e-06,1.7662590799579632e-06
1604163087126,2020-10-31T12:51:27.126,79.75,2.0646048800590386e-06,-2.04680638127329e-06,1.5885585939660834e-06
1604163087176,2020-10-31T12:51:27.176,79.8,2.091998827380475e-06,-1.877519815226465e-06,1.1732599666921742e-06
1604163087226,2020-10-31T12:51:27.226,79.85,2.112467239820641e-06,-1.4749618786108288e-06,1.1955030887530303e-06
1604163087276,2020-10-31T12:51:27.276,79.9,2.1377052995217326e-06,-1.4100819571858872e-06,1.6845033187447686e-06
1604163087326,2020-10-31T12:51:27.326,79.95,1.9788951422439452e-06,-1.5640386944673879e-06,1.952968732502733e-06
1604163087376,2020-10-31T12:51:27.376,80.0,1.6700287713421301e-06,-1.481010234277689e-06,1.600972448284108e-06
1604163087426,2020-10-31T12:51:27.426,80.05,1.414353021252072e-06,-1.2188728943592926e-06,1.0611966205239305e-06
1604163087476,2020-10-31T12:51:27.476,80.1,1.238220025076133e-06,-1.110518561384956e-06,8.582260739971529e-07
1604163087526,2020-10-31T12:51:27.526,80.15,1.1702544826153638e-06,-1.145266967067822e-06,8.792942059019057e-07
1604163087576,2020-10-31T12:51:27.576,80.2,1.409909401749347e-06,-1.202488394640124e-06,7.765432370111117e-07
1604163087626,2020-10-31T12:51:27.626,80.25,1.896240994570181e-06,-1.3364237983394865e-06,6.048991998168949e-07
1604163087676,2020-10-31T12:51:27.676,80.3,2.122499668330336e-06,-1.4682676350631838e-06,6.583399605302066e-07
1604163087726,2020-10-31T12:51:27.726,80.35,1.7523249569997238e-06,-1.4121081885034269e-06,9.189327256875392e-07
1604163087776,2020-10-31T12:51:27.776,80.4,1.1081593626829697e-06,-1.2413209031328465e-06,9.720171655275462e-07
1604163087826,2020-10-31T12:51:27.826,80.45,7.794185733793495e-07,-1.0956079242278846e-06,5.82776215424542e-07
1604163087876,2020-10-31T12:51:27.876,80.5,9.506228181290938e-07,-8.674327466125508e-07,1.9076583061862037e-07
1604163087926,2020-10-31T12:51:27.926,80.55,1.2786207167119188e-06,-5.127141834495359e-07,3.9056093629746027e-07
1604163087976,2020-10-31T12:51:27.976,80.6,1.3518384726029673e-06,-3.371802384623361e-07,1.0183382217426737e-06
1604163088026,2020-10-31T12:51:28.026,80.65,1.181863391162363e-06,-5.660193999779872e-07,1.371907702051055e-06
1604163088076,2020-10-31T12:51:28.076,80.7,1.079092607232017e-06,-8.634500488665342e-07,1.208415619382546e-06
1604163088126,2020-10-31T12:51:28.126,80.75,1.0807636179540373e-06,-7.168583990942225e-07,9.132237149170432e-07
1604163088176,2020-10-31T12:51:28.176,80.8,9.782541761709501e-07,-2.325199635074676e-07,8.699156082062299e-07
1604163088226,2020-10-31T12:51:28.226,80.85,8.779426562021745e-07,-4.867542023595059e-08,1.101309926377781e-06
1604163088276,2020-10-31T12:51:28.276,80.9,1.0752909250224194e-06,-4.0912740376273397e-07,1.3297300802618668e-06
1604163088326,2020-10-31T12:51:28.326,80.95,1.4645540291455272e-06,-8.825296734398603e-07,1.2510574156483616e-06
1604163088376,2020-10-31T12:51:28.376,81.0,1.6565532917639795e-06,-1.0098765414755328e-06,9.324663904266603e-07
1604163088426,2020-10-31T12:51:28.426,81.05,1.5236406413036855e-06,-7.025813630202774e-07,7.678656192530951e-07
1604163088476,2020-10-31T12:51:28.476,81.1,1.2867047779772287e-06,-2.1522622298772643e-07,8.890465707352017e-07
1604163088526,2020-10-31T12:51:28.526,81.15,1.161870738604115e-06,-6.535972203212226e-08,9.748663565966906e-07
1604163088576,2020-10-31T12:51:28.576,81.2,1.0540897768157647e-06,-4.783136841710692e-07,7.705612259450119e-07
1604163088626,2020-10-31T12:51:28.626,81.25,7.628165896987948e-07,-9.011977812016683e-07,4.942535123073376e-07
1604163088676,2020-10-31T12:51:28.676,81.3,4.5583107036155463e-07,-7.382523990272798e-07,5.804097987447457e-07
1604163088726,2020-10-31T12:51:28.726,81.35,4.5209519538770225e-07,-2.2316678592196107e-07,1.0589483097548655e-06
1604163088776,2020-10-31T12:51:28.776,81.4,5.720062445073422e-07,1.009518465039391e-07,1.3985665523952932e-06
1604163088826,2020-10-31T12:51:28.826,81.45,3.789456191006508e-07,2.065271211446208e-07,1.2021884795873379e-06
1604163088876,2020-10-31T12:51:28.876,81.5,-2.6357115522296115e-08,3.159668958799695e-07,7.432920234941426e-07
1604163088926,2020-10-31T12:51:28.926,81.55,-1.3033548649313615e-07,3.3751499288456176e-07,4.6149337236423575e-07
1604163088976,2020-10-31T12:51:28.976,81.6,1.813960773561044e-07,4.159042856916652e-08,3.7929863783201086e-07
1604163089026,2020-10-31T12:51:29.026,81.65,4.87769766256201e-07,-4.845736787850163e-07,3.144283590840358e-07
1604163089076,2020-10-31T12:51:29.076,81.7,4.668679081020574e-07,-8.996784961659356e-07,1.7521098221068672e-07
1604163089126,2020-10-31T12:51:29.126,81.75,2.5111625921267586e-07,-1.003617750806962e-06,-1.4030973581109418e-08
1604163089176,2020-10-31T12:51:29.176,81.8,8.818546914967635e-08,-8.024947269047686e-07,-2.211398863485469e-08
1604163089226,2020-10-31T12:51:29.226,81.85,-1.2581403629999199e-08,-3.3691095735498706e-07,3.216712422276121e-07
1604163089276,2020-10-31T12:51:29.276,81.9,-1.4252183195442223e-07,2.1994529706682753e-07,6.268677273119076e-07
1604163089326,2020-10-31T12:51:29.326,81.95,-2.5601416711083114e-07,5.417208632777131e-07,3.890358327896517e-07
1604163089376,2020-10-31T12:51:29.376,82.0,-2.3157878392991435e-07,5.696807847276684e-07,-9.982273768953835e-08
1604163089426,2020-10-31T12:51:29.426,82.05,-3.185432944233572e-08,5.641990199140357e-07,-9.807970386365373e-08
1604163089476,2020-10-31T12:51:29.476,82.1,2.8409541625491314e-07,5.357489838415272e-07,4.2992637992735267e-07
1604163089526,2020-10-31T12:51:29.526,82.15,5.881768826906652e-07,2.5447884387738137e-07,7.303471541397961e-07
1604163089576,2020-10-31T12:51:29.576,82.2,6.669196460598162e-07,-1.1334795579009855e-07,3.6877249013980387e-07
1604163089626,2020-10-31T12:51:29.626,82.25,3.924062711852872e-07,-1.7583173845251116e-07,-7.78404646371923e-08
1604163089676,2020-10-31T12:51:29.676,82.3,-1.1344826738901758e-08,-5.94480408171964e-08,1.5614687615564675e-07
1604163089726,2020-10-31T12:51:29.726,82.35,-1.5539379075548592e-07,-1.8456619750877647e-07,7.471786110464136e-07
1604163089776,2020-10-31T12:51:29.776,82.4,4.838806034545079e-08,-4.939836083808259e-07,7.435365541416362e-07
1604163089826,2020-10-31T12:51:29.826,82.45,3.4553925331742216e-07,-6.299710162221918e-07,2.3035072714141687e-07
1604163089876,2020-10-31T12:51:29.876,82.5,4.287456263851992e-07,-6.123368058994017e-07,1.3575444287687794e-07
1604163089926,2020-10-31T12:51:29.926,82.55,2.0722930151408528e-07,-6.975201527580475e-07,4.6643489431789765e-07
1604163089976,2020-10-31T12:51:29.976,82.6,-1.99030857879622e-09,-8.065117677696949e-07,4.347917808918541e-07
1604163090026,2020-10-31T12:51:30.026,82.65,2.260142874263176e-07,-6.540766980998449e-07,1.2788308809442084e-07
1604163090076,2020-10-31T12:51:30.076,82.7,7.252781890703617e-07,-3.0100140891234483e-07,3.0641166538466086e-07
1604163090126,2020-10-31T12:51:30.126,82.75,8.044397198502054e-07,-1.280484466537782e-07,8.65784148114537e-07
1604163090176,2020-10-31T12:51:30.176,82.8,2.2596661022928636e-07,-2.737511835806656e-07,1.0385082338984078e-06
1604163090226,2020-10-31T12:51:30.226,82.85,-3.6458869609322126e-07,-4.0993362285417447e-07,7.639111647713917e-07
1604163090276,2020-10-31T12:51:30.276,82.9,-2.3343495113479307e-07,-2.273165231560892e-07,6.60358779937488e-07
1604163090326,2020-10-31T12:51:30.326,82.95,5.196251488584117e-07,3.7195265996878494e-08,9.369809374711301e-07
1604163090376,2020-10-31T12:51:30.376,83.0,1.0651997372255814e-06,-1.0754443739104626e-07,1.1884457705907116e-06
1604163090426,2020-10-31T12:51:30.426,83.05,7.897652478625642e-07,-6.470379246381593e-07,1.148758432971283e-06
1604163090476,2020-10-31T12:51:30.476,83.1,-6.286289235248125e-09,-1.0286120848603589e-06,1.0381378234220557e-06
1604163090526,2020-10-31T12:51:30.526,83.15,-4.848082313236857e-07,-9.125818930511056e-07,1.0826956959247e-06
1604163090576,2020-10-31T12:51:30.576,83.2,-3.1959848846641424e-07,-5.238595130389482e-07,1.1336596078385926e-06
1604163090626,2020-10-31T12:51:30.626,83.25,1.7146713031994306e-08,-1.942769989726397e-07,9.484153202001916e-07
1604163090676,2020-10-31T12:51:30.676,83.3,1.1031104874235054e-07,5.471719149854952e-09,5.744952466787457e-07
1604163090726,2020-10-31T12:51:30.726,83.35,1.1285590618573102e-07,2.681176571253967e-08,2.7026321810937304e-07
1604163090776,2020-10-31T12:51:30.776,83.4,2.395428653151743e-07,-2.8952493529376735e-07,1.6680896773975565e-07
1604163090826,2020-10-31T12:51:30.826,83.45,4.388085770845986e-07,-7.84684146990654e-07,2.0249286618650297e-07
1604163090876,2020-10-31T12:51:30.876,83.5,6.24089449077044e-07,-8.959838266481165e-07,3.2658963407438205e-07
1604163090926,2020-10-31T12:51:30.926,83.55,6.523447767377813e-07,-4.747144949359125e-07,4.897359400782948e-07
1604163090976,2020-10-31T12:51:30.976,83.6,3.3520105700920545e-07,-1.850505296115266e-07,5.588929850694126e-07
1604163091026,2020-10-31T12:51:31.026,83.65,-4.94220083228578e-08,-4.918691357497269e-07,5.514665388042994e-07
1604163091076,2020-10-31T12:51:31.076,83.7,1.3921214609326046e-07,-8.604335572898668e-07,6.537607110499524e-07
1604163091126,2020-10-31T12:51:31.126,83.75,8.595153749564107e-07,-7.377514236492138e-07,8.033477776882172e-07
1604163091176,2020-10-31T12:51:31.176,83.8,1.2604968710906213e-06,-6.195958870188456e-07,7.605633313450456e-07
1604163091226,2020-10-31T12:51:31.226,83.85,9.9038459147117e-07,-1.1235492579831238e-06,6.231711854880617e-07
1604163091276,2020-10-31T12:51:31.276,83.9,6.937864584267502e-07,-1.7007757173384648e-06,6.481392046323318e-07
1604163091326,2020-10-31T12:51:31.326,83.95,7.891495559639498e-07,-1.457483826981502e-06,7.168256442172776e-07
1604163091376,2020-10-31T12:51:31.376,84.0,8.138964881769246e-07,-6.702698902709239e-07,6.389273043803723e-07
1604163091426,2020-10-31T12:51:31.426,84.05,5.384063092169158e-07,-3.322606096067032e-07,6.852436901938168e-07
1604163091476,2020-10-31T12:51:31.476,84.1,5.295715629734013e-07,-6.73134256600412e-07,1.0950027461141357e-06
1604163091526,2020-10-31T12:51:31.526,84.15,9.179303402137101e-07,-1.056670509439696e-06,1.4144335924493491e-06
1604163091576,2020-10-31T12:51:31.576,84.2,9.410885995987219e-07,-9.709655625760801e-07,1.1200569676111956e-06
1604163091626,2020-10-31T12:51:31.626,84.25,3.9487875968363934e-07,-5.930568898137188e-07,5.562751493044597e-07
1604163091676,2020-10-31T12:51:31.676,84.3,1.32562918685706e-07,-5.755316518530244e-07,4.5761421573072725e-07
1604163091726,2020-10-31T12:51:31.726,84.35,5.642232754397948e-07,-1.2290879962301756e-06,8.660320768257707e-07
1604163091776,2020-10-31T12:51:31.776,84.4,9.647762771892436e-07,-1.9035060602526683e-06,1.2312357004354292e-06
1604163091826,2020-10-31T12:51:31.826,84.45,7.262611143953077e-07,-1.7776602825397494e-06,1.2594612011674209e-06
1604163091876,2020-10-31T12:51:31.876,84.5,2.8383643184575716e-07,-1.150698793614492e-06,1.0981753459452171e-06
1604163091926,2020-10-31T12:51:31.926,84.55,3.3480064464695504e-07,-1.0403647478697012e-06,9.675806022204005e-07
1604163091976,2020-10-31T12:51:31.976,84.6,7.845814875983747e-07,-1.6267529277618918e-06,9.681936588491693e-07
1604163092026,2020-10-31T12:51:32.026,84.65,1.0228824418366324e-06,-2.0281097591803325e-06,1.0423833375503914e-06
1604163092076,2020-10-31T12:51:32.076,84.7,9.176065162112543e-07,-1.6477948549510273e-06,1.038442314550389e-06
1604163092126,2020-10-31T12:51:32.126,84.75,8.958662150718961e-07,-1.026481628425106e-06,9.630220071148513e-07
1604163092176,2020-10-31T12:51:32.176,84.8,1.125927463071868e-06,-1.0497781593748584e-06,1.0101688379915628e-06
1604163092226,2020-10-31T12:51:32.226,84.85,1.2848236272897086e-06,-1.6585996606943266e-06,1.21707249741809e-06
1604163092276,2020-10-31T12:51:32.276,84.9,1.2015571700998223e-06,-1.938112222096913e-06,1.3691302714812127e-06
1604163092326,2020-10-31T12:51:32.326,84.95,1.0990893693126823e-06,-1.5120393835914945e-06,1.3514874298370413e-06
1604163092376,2020-10-31T12:51:32.376,85.0,1.1367642297059067e-06,-1.0565972439840367e-06,1.2981111561462645e-06
1604163092426,2020-10-31T12:51:32.426,85.05,1.2491896112998735e-06,-1.1794209181972854e-06,1.3165669916475264e-06
1604163092476,2020-10-31T12:51:32.476,85.1,1.360898704378639e-06,-1.6649740437973751e-06,1.3948590585904429e-06
1604163092526,2020-10-31T12:51:32.526,85.15,1.3801958247556093e-06,-2.0760185559522782e-06,1.573976676029379e-06
1604163092576,2020-10-31T12:51:32.576,85.2,1.2063714940597816e-06,-2.2451456370133155e-06,1.8128559258960788e-06
1604163092626,2020-10-31T12:51:32.626,85.25,9.500154093864002e-07,-2.1023139105417975e-06,1.8613446657877559e-06
1604163092676,2020-10-31T12:51:32.676,85.3,8.656201796659486e-07,-1.7836910560747351e-06,1.6708290935274054e-06
1604163092726,2020-10-31T12:51:32.726,85.35,9.959516156947659e-07,-1.781953204865801e-06,1.5401699233172017e-06
1604163092776,2020-10-31T12:51:32.776,85.4,1.139143709421347e-06,-2.3516524308199418e-06,1.5927492260474127e-06
1604163092826,2020-10-31T12:51:32.826,85.45,1.1768596806187472e-06,-3.0050804103391076e-06,1.651625387731197e-06
1604163092876,2020-10-31T12:51:32.876,85.5,1.225687735760357e-06,-3.044790038607818e-06,1.7000984718850894e-06
1604163092926,2020-10-31T12:51:32.926,85.55,1.4081029702349204e-06,-2.354416547413642e-06,1.9212725744634337e-06
1604163092976,2020-10-31T12:51:32.976,85.6,1.6116183366916045e-06,-1.5037522359424423e-06,2.296441989477265e-06
1604163093026,2020-10-31T12:51:33.026,85.65,1.6248974997658798e-06,-1.258378235180268e-06,2.5273207548785134e-06
1604163093076,2020-10-31T12:51:33.076,85.7,1.468561927786876e-06,-1.8374280841329715e-06,2.3982170868197035e-06
1604163093126,2020-10-31T12:51:33.126,85.75,1.3998187002752122e-06,-2.573438759131997e-06,2.094966780407582e-06
1604163093176,2020-10-31T12:51:33.176,85.8,1.537118428513241e-06,-2.66076720044213e-06,1.99264102516236e-06
1604163093226,2020-10-31T12:51:33.226,85.85,1.653583014979694e-06,-2.1736835999741154e-06,2.130942642148332e-06
1604163093276,2020-10-31T12:51:33.276,85.9,1.5054651026772681e-06,-1.885144829369484e-06,2.2182994316047347e-06
1604163093326,2020-10-31T12:51:33.326,85.95,1.2281029773170066e-06,-2.194600410318503e-06,2.1209424308084064e-06
1604163093376,2020-10-31T12:51:33.376,86.0,1.145252544138922e-06,-2.6992254110899544e-06,1.9844753748605787e-06
1604163093426,2020-10-31T12:51:33.426,86.05,1.3007159839599083e-06,-2.851863174730179e-06,1.9820827233412575e-06
1604163093476,2020-10-31T12:51:33.476,86.1,1.4766566320484816e-06,-2.6764385624708184e-06,2.156057781312674e-06
1604163093526,2020-10-31T12:51:33.526,86.15,1.5605489427378138e-06,-2.5901812014295894e-06,2.3499724978045924e-06
1604163093576,2020-10-31T12:51:33.576,86.2,1.6216015682582212e-06,-2.7431800551913825e-06,2.3517069203324757e-06
1604163093626,2020-10-31T12:51:33.626,86.25,1.736987980023877e-06,-2.890481724875558e-06,2.2475461721488405e-06
1604163093676,2020-10-31T12:51:33.676,86.3,1.8992045219854239e-06,-2.8113415817078307e-06,2.353849674788906e-06
1604163093726,2020-10-31T12:51:33.726,86.35,1.9675588100623203e-06,-2.5801423274450455e-06,2.7370475667594575e-06
1604163093776,2020-10-31T12:51:33.776,86.4,1.7713807321796583e-06,-2.4782393298291115e-06,3.1804844978136517e-06
1604163093826,2020-10-31T12:51:33.826,86.45,1.4569767138735158e-06,-2.6751669029633583e-06,3.551269815250872e-06
1604163093876,2020-10-31T12:51:33.876,86.5,1.4574975087767426e-06,-2.9524491362778194e-06,3.7899536105469565e-06
1604163093926,2020-10-31T12:51:33.926,86.55,1.885624060428737e-06,-2.9955498685067608e-06,3.703087755737729e-06
1604163093976,2020-10-31T12:51:33.976,86.6,2.3530514202242498e-06,-2.956410454437487e-06,3.2194640456334813e-06
1604163094026,2020-10-31T12:51:34.026,86.65,2.5315808528589385e-06,-3.1895936265446344e-06,2.7368961806890987e-06
1604163094076,2020-10-31T12:51:34.076,86.7,2.4325593861937864e-06,-3.5095482354985557e-06,2.731933811894653e-06
1604163094126,2020-10-31T12:51:34.126,86.75,2.1490833433430396e-06,-3.482389307201218e-06,3.0788936017096123e-06
1604163094176,2020-10-31T12:51:34.176,86.8,1.8463082107282848e-06,-3.2952938715364877e-06,3.2909236852549768e-06
1604163094226,2020-10-31T12:51:34.226,86.85,1.8746446230150164e-06,-3.4057842906308672e-06,3.326336740956712e-06
1604163094276,2020-10-31T12:51:34.276,86.9,2.3053967413220537e-06,-3.5972457210980362e-06,3.50647869846533e-06
1604163094326,2020-10-31T12:51:34.326,86.95,2.6267632881240922e-06,-3.393411640437098e-06,3.7872727401399357e-06
1604163094376,2020-10-31T12:51:34.376,87.0,2.5454815591556344e-06,-3.052217209624849e-06,3.787652607536098e-06
1604163094426,2020-10-31T12:51:34.426,87.05,2.5617891823706596e-06,-3.1643869248177656e-06,3.4693647456397205e-06
1604163094476,2020-10-31T12:51:34.476,87.1,3.068090146134071e-06,-3.5999709984799342e-06,3.2345080372574247e-06
1604163094526,2020-10-31T12:51:34.526,87.15,3.630262692084885e-06,-3.7181918602567704e-06,3.287137458973347e-06
1604163094576,2020-10-31T12:51:34.576,87.2,3.724745937332814e-06,-3.4358061852640245e-06,3.397932626917796e-06
1604163094626,2020-10-31T12:51:34.626,87.25,3.4088714930144147e-06,-3.32789004396604e-06,3.4810810754485265e-06
1604163094676,2020-10-31T12:51:34.676,87.3,3.0106460711703154e-06,-3.6472446849320415e-06,3.77927714080094e-06
1604163094726,2020-10-31T12:51:34.726,87.35,2.7859840972952413e-06,-3.961218379168565e-06,4.215231070906521e-06
1604163094776,2020-10-31T12:51:34.776,87.4,2.845439085906726e-06,-3.9751313719428e-06,4.292857087463924e-06
1604163094826,2020-10-31T12:51:34.826,87.45,3.0293951588928733e-06,-4.026514964254182e-06,3.878485177178398e-06
1604163094876,2020-10-31T12:51:34.876,87.5,3.0392153307546877e-06,-4.395635792808961e-06,3.4494153743440246e-06
1604163094926,2020-10-31T12:51:34.926,87.55,2.9100036404615776e-06,-4.717442651774327e-06,3.4825153587006565e-06
1604163094976,2020-10-31T12:51:34.976,87.6,3.074258000683568e-06,-4.529416990320799e-06,3.969399815697372e-06
1604163095026,2020-10-31T12:51:35.026,87.65,3.668280195968745e-06,-3.995030325199725e-06,4.481234868030036e-06
1604163095076,2020-10-31T12:51:35.076,87.7,4.108255762535794e-06,-3.690927199094781e-06,4.602652503861451e-06
1604163095126,2020-10-31T12:51:35.126,87.75,3.827830434594776e-06,-3.937824907081487e-06,4.38845630308602e-06
1604163095176,2020-10-31T12:51:35.176,87.8,3.1302914561817426e-06,-4.581751975749339e-06,4.310255183720915e-06
1604163095226,2020-10-31T12:51:35.226,87.85,2.8131967590242376e-06,-5.197587788145953e-06,4.645449262258939e-06
1604163095276,2020-10-31T12:51:35.276,87.9,3.1962793422143968e-06,-5.372240813877368e-06,5.091399548928901e-06
1604163095326,2020-10-31T12:51:35.326,87.95,3.870237731404287e-06,-5.07130483000767e-06,5.188802282612972e-06
1604163095376,2020-10-31T12:51:35.376,88.0,4.250832801009578e-06,-4.805402557548428e-06,4.957792814312571e-06
1604163095426,2020-10-31T12:51:35.426,88.05,4.185162737817308e-06,-5.035388929429697e-06,4.792890190391198e-06
1604163095476,2020-10-31T12:51:35.476,88.1,3.988489599481635e-06,-5.399893743809536e-06,4.846551376384325e-06
1604163095526,2020-10-31T12:51:35.526,88.15,3.955015533133011e-06,-5.19618643157546e-06,4.9112106254305456e-06
1604163095576,2020-10-31T12:51:35.576,88.2,4.028458411507473e-06,-4.656699248427887e-06,4.875605117875581e-06
1604163095626,2020-10-31T12:51:35.626,88.25,4.0223089957630845e-06,-4.756672179681312e-06,4.887085545361341e-06
1604163095676,2020-10-31T12:51:35.676,88.3,3.972239400035817e-06,-5.551218743017347e-06,4.991125070367876e-06
1604163095726,2020-10-31T12:51:35.726,88.35,4.065078562178623e-06,-5.909388170638962e-06,4.994545485146551e-06
1604163095776,2020-10-31T12:51:35.776,88.4,4.254841019398263e-06,-5.36166252377091e-06,4.871350392928298e-06
1604163095826,2020-10-31T12:51:35.826,88.45,4.292404017645846e-06,-4.909656465215737e-06,4.94760594413267e-06
1604163095876,2020-10-31T12:51:35.876,88.5,4.227165675889125e-06,-5.252400795907316e-06,5.356313434436271e-06
1604163095926,2020-10-31T12:51:35.926,88.55,4.36582696399812e-06,-5.572974937050732e-06,5.632182815480062e-06
1604163095976,2020-10-31T12:51:35.976,88.6,4.644936933420498e-06,-5.180905187928577e-06,5.3293017302236075e-06
1604163096026,2020-10-31T12:51:36.026,88.65,4.7420301022998605e-06,-4.998086106049051e-06,4.7821836162948475e-06
1604163096076,2020-10-31T12:51:36.076,88.7,4.804075079710627e-06,-5.937797683293013e-06,4.661615788840492e-06
1604163096126,2020-10-31T12:51:36.126,88.75,5.198955558727803e-06,-7.0219780981337234e-06,4.993780993834677e-06
1604163096176,2020-10-31T12:51:36.176,88.8,5.6407860744406235e-06,-6.867429556114075e-06,5.329413653741251e-06
1604163096226,2020-10-31T12:51:36.226,88.85,5.5512555053456474e-06,-6.008276298534379e-06,5.647491069282943e-06
1604163096276,2020-10-31T12:51:36.276,88.9,5.109958281447231e-06,-5.819564933479166e-06,6.220388115312683e-06
1604163096326,2020-10-31T12:51:36.326,88.95,4.909478817159036e-06,-6.094917356308052e-06,6.8668954136187834e-06
1604163096376,2020-10-31T12:51:36.376,89.0,4.90840865774129e-06,-5.7104343980592525e-06,7.236536251457288e-06
1604163096426,2020-10-31T12:51:36.426,89.05,4.7693328079694744e-06,-4.7702959362603165e-06,7.437722973108059e-06
1604163096476,2020-10-31T12:51:36.476,89.1,4.697375949345205e-06,-4.209155787199016e-06,7.71883253346561e-06
1604163096526,2020-10-31T12:51:36.526,89.15,4.989576629454394e-06,-4.159038095720832e-06,8.071581174545236e-06
1604163096576,2020-10-31T12:51:36.576,89.2,5.426304065592327e-06,-4.180010769300602e-06,8.39873783074815e-06
1604163096626,2020-10-31T12:51:36.626,89.25,5.758030927490054e-06,-4.247339931854824e-06,8.498486663857788e-06
1604163096676,2020-10-31T12:51:36.676,89.3,6.009617029661457e-06,-4.512089723354901e-06,8.115635468588272e-06
1604163096726,2020-10-31T12:51:36.726,89.35,6.0747772235891986e-06,-4.7825951739341815e-06,7.494841112092129e-06
1604163096776,2020-10-31T12:51:36.776,89.4,5.85615122089868e-06,-4.830067677905661e-06,7.2929042936715306e-06
1604163096826,2020-10-31T12:51:36.826,89.45,5.6501448728558265e-06,-4.7313445966374816e-06,7.627433348667e-06
1604163096876,2020-10-31T12:51:36.876,89.5,5.6049006114768254e-06,-4.632199825753409e-06,7.946452570937884e-06
1604163096926,2020-10-31T12:51:36.926,89.55,5.242977728075517e-06,-4.507033477849169e-06,7.900510155415249e-06
1604163096976,2020-10-31T12:51:36.976,89.6,4.105432863538845e-06,-4.2153258313536256e-06,7.525964090519255e-06
1604163097026,2020-10-31T12:51:37.026,89.65,2.231509522208727e-06,-3.549459906345535e-06,6.689819503750902e-06
1604163097076,2020-10-31T12:51:37.076,89.7,-2.2928464419164942e-07,-2.3397189285870106e-06,5.2441802609123024e-06
1604163097126,2020-10-31T12:51:37.126,89.75,-3.034126823172821e-06,-6.705154558000866e-07,3.6149361872351024e-06
1604163097176,2020-10-31T12:51:37.176,89.8,-5.521918879035756e-06,1.162114612360895e-06,2.4187788416750406e-06
1604163097226,2020-10-31T12:51:37.226,89.85,-7.196370185506233e-06,2.8570678331421544e-06,1.5866597346667812e-06
1604163097276,2020-10-31T12:51:37.276,89.9,-8.390515638924612e-06,4.165848371089613e-06,5.786241729651368e-07
1604163097326,2020-10-31T12:51:37.326,89.95,-9.527453384220748e-06,5.05476554645957e-06,-7.006771711770486e-07
1604163097376,2020-10-31T12:51:37.376,90.0,-1.0286295707445288e-05,5.871492552705599e-06,-1.9508700393885006e-06
1604163097426,2020-10-31T12:51:37.426,90.05,-1.0397331779010875e-05,6.954866601797345e-06,-3.14783457466243e-06
1604163097476,2020-10-31T12:51:37.476,90.1,-1.0541603054459417e-05,8.180813376979383e-06,-4.36577720622993e-06
1604163097526,2020-10-31T12:51:37.526,90.15,-1.1422936844599351e-05,9.305280681390707e-06,-5.403673469402e-06
1604163097576,2020-10-31T12:51:37.576,90.2,-1.2578227927006747e-05,1.046533270388401e-05,-6.295893431370154e-06
1604163097626,2020-10-31T12:51:37.626,90.25,-1.313336693054285e-05,1.1863409921148632e-05,-7.533625116705665e-06
1604163097676,2020-10-31T12:51:37.676,90.3,-1.315643370943325e-05,1.3266658134235188e-05,-9.343974038163679e-06
1604163097726,2020-10-31T12:51:37.726,90.35,-1.3269557703600225e-05,1.4360693624257399e-05,-1.1442237208400617e-05
1604163097776,2020-10-31T12:51:37.776,90.4,-1.3526228138327007e-05,1.5363347587408985e-05,-1.3531941334230135e-05
1604163097826,2020-10-31T12:51:37.826,90.45,-1.361011392495107e-05,1.6655105804479163e-05,-1.544515320366693e-05
1604163097876,2020-10-31T12:51:37.876,90.5,-1.3517880996070878e-05,1.8002167517727786e-05,-1.7078358751625136e-05
1604163097926,2020-10-31T12:51:37.926,90.55,-1.3296981181698533e-05,1.8897362413028372e-05,-1.8632792163204743e-05
1604163097976,2020-10-31T12:51:37.976,90.6,-1.2753356438472357e-05,1.9429583890082344e-05,-2.04622356693572e-05
1604163098026,2020-10-31T12:51:38.026,90.65,-1.1961438494434188e-05,2.0009152024224573e-05,-2.242498135733702e-05
1604163098076,2020-10-31T12:51:38.076,90.7,-1.1519337723913904e-05,2.0544387019691453e-05,-2.3940732900761725e-05
1604163098126,2020-10-31T12:51:38.126,90.75,-1.184831392827966e-05,2.0677681272860617e-05,-2.4878172394681004e-05
1604163098176,2020-10-31T12:51:38.176,90.8,-1.2510495977082088e-05,2.0556720453121458e-05,-2.5755073820068764e-05
1604163098226,2020-10-31T12:51:38.226,90.85,-1.2650316171529945e-05,2.0673942940596305e-05,-2.6758579318310947e-05
1604163098276,2020-10-31T12:51:38.276,90.9,-1.2048103113144756e-05,2.112501712438359e-05,-2.7303127435171454e-05
1604163098326,2020-10-31T12:51:38.326,90.95,-1.1260185783947726e-05,2.161285257147974e-05,-2.7110778914398444e-05
1604163098376,2020-10-31T12:51:38.376,91.0,-1.0802925482403335e-05,2.200476984863183e-05,-2.6916734877260665e-05
1604163098426,2020-10-31T12:51:38.426,91.05,-1.077021451807467e-05,2.2376646245910752e-05,-2.7410541990238233e-05
1604163098476,2020-10-31T12:51:38.476,91.1,-1.1036242286232107e-05,2.2766486027933745e-05,-2.826502745306491e-05
1604163098526,2020-10-31T12:51:38.526,91.15,-1.129061318509921e-05,2.319312191925096e-05,-2.87359460924435e-05
1604163098576,2020-10-31T12:51:38.576,91.2,-1.1211841011141684e-05,2.3515275030004916e-05,-2.8525923730091694e-05
1604163098626,2020-10-31T12:51:38.626,91.25,-1.090729003068131e-05,2.3340440400745572e-05,-2.7836578255596963e-05
1604163098676,2020-10-31T12:51:38.676,91.3,-1.0789719628515182e-05,2.2645059173734503e-05,-2.707821885253681e-05
1604163098726,2020-10-31T12:51:38.726,91.35,-1.1054112604751739e-05,2.2057527949817974e-05,-2.6506588909720313e-05
1604163098776,2020-10-31T12:51:38.776,91.4,-1.1592335383454178e-05,2.1922546389697312e-05,-2.5934054117076918e-05
1604163098826,2020-10-31T12:51:38.826,91.45,-1.2151270401356372e-05,2.1745079852370595e-05,-2.5082502129604316e-05
1604163098876,2020-10-31T12:51:38.876,91.5,-1.2491095835882664e-05,2.1034326513181132e-05,-2.420728086612066e-05
1604163098926,2020-10-31T12:51:38.926,91.55,-1.2694630161642632e-05,1.9939611912896194e-05,-2.3772967138634107e-05
1604163098976,2020-10-31T12:51:38.976,91.6,-1.3089540771077362e-05,1.877759702004137e-05,-2.3548906051124436e-05
1604163099026,2020-10-31T12:51:39.026,91.65,-1.3668795991637633e-05,1.7661198839157012e-05,-2.2844790523565662e-05
1604163099076,2020-10-31T12:51:39.076,91.7,-1.4043712473041232e-05,1.6665161637415238e-05,-2.1574911547385605e-05
1604163099126,2020-10-31T12:51:39.126,91.75,-1.4040644813235024e-05,1.5771698518270998e-05,-2.0102194234615454e-05
1604163099176,2020-10-31T12:51:39.176,91.8,-1.3893062944169239e-05,1.4775006110743388e-05,-1.829147260290954e-05
1604163099226,2020-10-31T12:51:39.226,91.85,-1.385282172402123e-05,1.3598348251824907e-05,-1.5951492578804243e-05
1604163099276,2020-10-31T12:51:39.276,91.9,-1.3872056238188662e-05,1.2412866325480275e-05,-1.3728659051046407e-05
1604163099326,2020-10-31T12:51:39.326,91.95,-1.3664358703376704e-05,1.127065481461324e-05,-1.2184933450484864e-05
1604163099376,2020-10-31T12:51:39.376,92.0,-1.3058757937058796e-05,9.987341576371137e-06,-1.0716635199867118e-05
1604163099426,2020-10-31T12:51:39.426,92.05,-1.2188133432445485e-05,8.532730401287159e-06,-8.66601082645425e-06
1604163099476,2020-10-31T12:51:39.476,92.1,-1.1232905367881988e-05,7.239847529923927e-06,-6.470055907910568e-06
1604163099526,2020-10-31T12:51:39.526,92.15,-1.0302319449395781e-05,6.385677187317251e-06,-4.6626297261505505e-06
1604163099576,2020-10-31T12:51:39.576,92.2,-9.578418430622498e-06,5.755536200627489e-06,-2.9731475883185054e-06
1604163099626,2020-10-31T12:51:39.626,92.25,-9.034858848394377e-06,4.924301319887646e-06,-1.1638979949985444e-06
1604163099676,2020-10-31T12:51:39.676,92.3,-8.218087864592377e-06,3.772606299506669e-06,3.610655793523606e-07
1604163099726,2020-10-31T12:51:39.726,92.35,-6.900265213289423e-06,2.4844229116385147e-06,1.1726632430594045e-06
1604163099776,2020-10-31T12:51:39.776,92.4,-5.5480060478484785e-06,1.2819373247967148e-06,1.3945362599497144e-06
1604163099826,2020-10-31T12:51:39.826,92.45,-4.621505830495713e-06,2.5113241477877694e-07,1.6553479490634574e-06
1604163099876,2020-10-31T12:51:39.876,92.5,-3.814469703881443e-06,-7.405816686418563e-07,2.4529824776747116e-06
1604163099926,2020-10-31T12:51:39.926,92.55,-2.5519264509294866e-06,-1.8464429527540475e-06,3.3589153081192963e-06
1604163099976,2020-10-31T12:51:39.976,92.6,-1.0817843285504237e-06,-2.904232184689146e-06,3.483478292938837e-06
1604163100026,2020-10-31T12:51:40.026,92.65,-2.811673107597702e-07,-3.5229169142782795e-06,2.906060959762079e-06
1604163100076,2020-10-31T12:51:40.076,92.7,-2.4931983743144375e-07,-3.5984788797765645e-06,2.625731251842398e-06
1604163100126,2020-10-31T12:51:40.126,92.75,-1.112966422984609e-07,-3.5714830479341436e-06,3.0620036752238644e-06
1604163100176,2020-10-31T12:51:40.176,92.8,5.930431261610297e-07,-3.9718242604696155e-06,3.681087256081001e-06
1604163100226,2020-10-31T12:51:40.226,92.85,1.410803159517985e-06,-4.789677171971013e-06,4.017113177501786e-06
1604163100276,2020-10-31T12:51:40.276,92.9,1.950209774111259e-06,-5.5052556783064845e-06,4.112617770353931e-06
1604163100326,2020-10-31T12:51:40.326,92.95,2.4096447607730306e-06,-5.6647712251576875e-06,4.072891031141658e-06
1604163100376,2020-10-31T12:51:40.376,93.0,3.0406479160493036e-06,-5.33984134714757e-06,3.9979490893285335e-06
1604163100426,2020-10-31T12:51:40.426,93.05,3.6544400703388182e-06,-5.077583287647729e-06,4.228130766002321e-06
1604163100476,2020-10-31T12:51:40.476,93.1,3.855906632909904e-06,-5.307780530736119e-06,4.927994605364625e-06
1604163100526,2020-10-31T12:51:40.526,93.15,3.697359220609494e-06,-5.873011638592465e-06,5.5655760132731375e-06
1604163100576,2020-10-31T12:51:40.576,93.2,3.8273385526409505e-06,-6.3423780545343514e-06,5.4959249553337074e-06
1604163100626,2020-10-31T12:51:40.626,93.25,4.577989010750312e-06,-6.538059760244821e-06,4.972659814938518e-06
1604163100676,2020-10-31T12:51:40.676,93.3,5.298997945815959e-06,-6.577580087003879e-06,4.896906534333954e-06
1604163100726,2020-10-31T12:51:40.726,93.35,5.372615506027889e-06,-6.658648080114726e-06,5.528237686988739e-06
1604163100776,2020-10-31T12:51:40.776,93.4,5.241608777694921e-06,-6.803225176635717e-06,6.1626472568604216e-06
1604163100826,2020-10-31T12:51:40.826,93.45,5.493637894085438e-06,-6.759340959089757e-06,6.23068904572081e-06
1604163100876,2020-10-31T12:51:40.876,93.5,5.860823167677612e-06,-6.424143398717144e-06,5.972489325254967e-06
1604163100926,2020-10-31T12:51:40.926,93.55,5.928075883704488e-06,-6.157404018076569e-06,5.846370117883655e-06
1604163100976,2020-10-31T12:51:40.976,93.6,5.7638243821352715e-06,-6.221800131098656e-06,5.8664256482948405e-06
1604163101026,2020-10-31T12:51:41.026,93.65,5.485993584937605e-06,-6.346024673801015e-06,5.6760329825600725e-06
1604163101076,2020-10-31T12:51:41.076,93.7,5.187319302847868e-06,-6.295233666848657e-06,5.074591670064638e-06
1604163101126,2020-10-31T12:51:41.126,93.75,5.1527141520352555e-06,-6.252425100406926e-06,4.429780599131372e-06
1604163101176,2020-10-31T12:51:41.176,93.8,5.454806481392033e-06,-6.298178681492782e-06,4.351166257985761e-06
1604163101226,2020-10-31T12:51:41.226,93.85,5.717488564853558e-06,-6.220897590073951e-06,4.9041746440004035e-06
1604163101276,2020-10-31T12:51:41.276,93.9,5.5614268275425846e-06,-6.041319195386155e-06,5.557630597380684e-06
1604163101326,2020-10-31T12:51:41.326,93.95,5.0008398264061945e-06,-6.029142507102809e-06,5.8576421395803515e-06
1604163101376,2020-10-31T12:51:41.376,94.0,4.463459422836931e-06,-6.104133595095924e-06,5.694133300790342e-06
1604163101426,2020-10-31T12:51:41.426,94.05,4.37464775315887e-06,-5.895914405380226e-06,5.1668452618366415e-06
1604163101476,2020-10-31T12:51:41.476,94.1,4.5343633773424365e-06,-5.4530994582326536e-06,4.626391736766602e-06
1604163101526,2020-10-31T12:51:41.526,94.15,4.354711241288751e-06,-5.256138346597949e-06,4.4588518539389855e-06
1604163101576,2020-10-31T12:51:41.576,94.2,3.86328225156261e-06,-5.467067984428192e-06,4.597710772149304e-06
1604163101626,2020-10-31T12:51:41.626,94.25,3.658733828714299e-06,-5.665894130905398e-06,4.6734445489863566e-06
1604163101676,2020-10-31T12:51:41.676,94.3,3.773727426982953e-06,-5.421996085289317e-06,4.5563464617468524e-06
1604163101726,2020-10-31T12:51:41.726,94.35,3.612621609703132e-06,-4.834753811329398e-06,4.350731563193879e-06
1604163101776,2020-10-31T12:51:41.776,94.4,3.1004370134146547e-06,-4.365625122057607e-06,4.133371886153449e-06
1604163101826,2020-10-31T12:51:41.826,94.45,2.8247946748451805e-06,-4.300999723993369e-06,3.979225145580269e-06
1604163101876,2020-10-31T12:51:41.876,94.5,2.9697955026896783e-06,-4.562508750251578e-06,3.973012774711747e-06
1604163101926,2020-10-31T12:51:41.926,94.55,3.0869254780508414e-06,-4.865186639695339e-06,4.058527034825814e-06
1604163101976,2020-10-31T12:51:41.976,94.6,2.956791922966941e-06,-4.910816577207905e-06,4.055402948470646e-06
1604163102026,2020-10-31T12:51:42.026,94.65,2.852107430196549e-06,-4.6491727870986835e-06,3.8846965248275494e-06
1604163102076,2020-10-31T12:51:42.076,94.7,2.93205390420205e-06,-4.3621140359760525e-06,3.676794925866093e-06
1604163102126,2020-10-31T12:51:42.126,94.75,2.9829013683951334e-06,-4.281926537330874e-06,3.6021191411841675e-06
1604163102176,2020-10-31T12:51:42.176,94.8,2.803684953893867e-06,-4.281779969112133e-06,3.633982679432312e-06
1604163102226,2020-10-31T12:51:42.226,94.85,2.53921838414484e-06,-4.1637779817985135e-06,3.5896120144090086e-06
1604163102276,2020-10-31T12:51:42.276,94.9,2.5046595469614785e-06,-4.087161686572776e-06,3.429198326014804e-06
1604163102326,2020-10-31T12:51:42.326,94.95,2.707360305383804e-06,-4.370445063213803e-06,3.301139255539927e-06
1604163102376,2020-10-31T12:51:42.376,95.0,2.7887109789848265e-06,-4.841331596961211e-06,3.2862240851626244e-06
1604163102426,2020-10-31T12:51:42.426,95.05,2.5890903169150077e-06,-4.9200427353558504e-06,3.392179161048982e-06
1604163102476,2020-10-31T12:51:42.476,95.1,2.424309391988398e-06,-4.5555449615485425e-06,3.6304064008979963e-06
1604163102526,2020-10-31T12:51:42.526,95.15,2.558528364630285e-06,-4.3091164009017896e-06,3.778012345834653e-06
1604163102576,2020-10-31T12:51:42.576,95.2,2.7601999040475168e-06,-4.340669591289446e-06,3.5038588888443288e-06
1604163102626,2020-10-31T12:51:42.626,95.25,2.7185926558629257e-06,-4.3005516893401535e-06,3.0417795621146514e-06
1604163102676,2020-10-31T12:51:42.676,95.3,2.6000909820869166e-06,-4.200741558364058e-06,3.0252258064294873e-06
1604163102726,2020-10-31T12:51:42.726,95.35,2.7214145100010285e-06,-4.334448449916151e-06,3.374162661113659e-06
1604163102776,2020-10-31T12:51:42.776,95.4,2.920411598382919e-06,-4.525724059169053e-06,3.30055781980009e-06
1604163102826,2020-10-31T12:51:42.826,95.45,2.8136490621099008e-06,-4.406490700355855e-06,2.633302312107325e-06
1604163102876,2020-10-31T12:51:42.876,95.5,2.4423528328579483e-06,-4.2028421080961235e-06,2.0676181815781886e-06
1604163102926,2020-10-31T12:51:42.926,95.55,2.1669525993072107e-06,-4.427373593104073e-06,1.97649501669367e-06
1604163102976,2020-10-31T12:51:42.976,95.6,2.170863749173975e-06,-4.916073666536999e-06,2.0238938162044062e-06
1604163103026,2020-10-31T12:51:43.026,95.65,2.3327851118816e-06,-4.941043290048265e-06,2.0662798318228563e-06
1604163103076,2020-10-31T12:51:43.076,95.7,2.3454407750798555e-06,-4.339138855037834e-06,2.40703609849698e-06
1604163103126,2020-10-31T12:51:43.126,95.75,2.0068858841223288e-06,-3.7823338913215015e-06,2.8933109494192658e-06
1604163103176,2020-10-31T12:51:43.176,95.8,1.5823671279758783e-06,-3.734766666604907e-06,2.815263627830954e-06
1604163103226,2020-10-31T12:51:43.226,95.85,1.537077983305891e-06,-3.854991532022885e-06,2.1643904117100788e-06
1604163103276,2020-10-31T12:51:43.276,95.9,1.8128021923579527e-06,-3.6818705455616392e-06,1.9185835533661555e-06
1604163103326,2020-10-31T12:51:43.326,95.95,1.913478818198313e-06,-3.2902462844557457e-06,2.483816720954971e-06
1604163103376,2020-10-31T12:51:43.376,96.0,1.7423973447932368e-06,-3.053748646741914e-06,2.960518273943663e-06
1604163103426,2020-10-31T12:51:43.426,96.05,1.7486482264496645e-06,-3.163014100047869e-06,2.7182860468707726e-06
1604163103476,2020-10-31T12:51:43.476,96.1,2.213280533462587e-06,-3.3877051231346027e-06,2.521018355334286e-06
1604163103526,2020-10-31T12:51:43.526,96.15,2.8901794002468005e-06,-3.1978742901746963e-06,3.087939304247442e-06
1604163103576,2020-10-31T12:51:43.576,96.2,3.3521164200273692e-06,-2.4634300583679786e-06,3.7854045976867487e-06
1604163103626,2020-10-31T12:51:43.626,96.25,3.3890652024543257e-06,-1.895004228175853e-06,3.878638752883993e-06
1604163103676,2020-10-31T12:51:43.676,96.3,3.1311482160142623e-06,-2.0735662562581108e-06,3.803990563350117e-06
1604163103726,2020-10-31T12:51:43.726,96.35,2.872698747569769e-06,-2.412336045262983e-06,4.148819368479522e-06
1604163103776,2020-10-31T12:51:43.776,96.4,2.765611902425874e-06,-2.1066262514376906e-06,4.565393195350612e-06
1604163103826,2020-10-31T12:51:43.826,96.45,2.8295010139566644e-06,-1.5201477266414146e-06,4.513044073115714e-06
1604163103876,2020-10-31T12:51:43.876,96.5,3.0905213957822206e-06,-1.4268608995392538e-06,4.135443235998685e-06
1604163103926,2020-10-31T12:51:43.926,96.55,3.3969400760610496e-06,-1.6073745513489117e-06,3.936045438227553e-06
1604163103976,2020-10-31T12:51:43.976,96.6,3.4249381958922753e-06,-1.388478481755312e-06,4.18105387351366e-06
1604163104026,2020-10-31T12:51:44.026,96.65,3.1476588102093423e-06,-8.806707084157347e-07,4.692053910289513e-06
1604163104076,2020-10-31T12:51:44.076,96.7,2.92180170912176e-06,-6.839466612250412e-07,4.947827043472551e-06
1604163104126,2020-10-31T12:51:44.126,96.75,2.9404616503433597e-06,-8.916575911016766e-07,4.630268547735119e-06
1604163104176,2020-10-31T12:51:44.176,96.8,2.9343889133451394e-06,-1.0914450127693338e-06,4.088448013950969e-06
1604163104226,2020-10-31T12:51:44.226,96.85,2.624063273911629e-06,-1.012829621714975e-06,3.851456851132854e-06
1604163104276,2020-10-31T12:51:44.276,96.9,2.271469615578459e-06,-7.405367761998461e-07,3.909943104413598e-06
1604163104326,2020-10-31T12:51:44.326,96.95,2.4139417561176094e-06,-4.757573648572e-07,4.022956198531971e-06
1604163104376,2020-10-31T12:51:44.376,97.0,3.039248698371058e-06,-3.36992743767684e-07,4.284478360489302e-06
1604163104426,2020-10-31T12:51:44.426,97.05,3.45027053309764e-06,-3.6446315873846163e-07,4.679118103918613e-06
1604163104476,2020-10-31T12:51:44.476,97.1,3.1393998642588362e-06,-5.66711736046584e-07,4.666283646449555e-06
1604163104526,2020-10-31T12:51:44.526,97.15,2.4791387569245336e-06,-8.160594191733906e-07,4.048485096937887e-06
1604163104576,2020-10-31T12:51:44.576,97.2,2.218343212910013e-06,-8.184992838815981e-07,3.610243262989511e-06
1604163104626,2020-10-31T12:51:44.626,97.25,2.4984939452846592e-06,-5.089751449691951e-07,3.99008372140146e-06
1604163104676,2020-10-31T12:51:44.676,97.3,2.8835603020221465e-06,-3.3307728082506763e-07,4.567035896548048e-06
1604163104726,2020-10-31T12:51:44.726,97.35,3.107862781480159e-06,-6.496988147231463e-07,4.397383251928269e-06
1604163104776,2020-10-31T12:51:44.776,97.4,3.0254433932198297e-06,-1.0426963415847112e-06,3.683185054465461e-06
1604163104826,2020-10-31T12:51:44.826,97.45,2.333570256394478e-06,-8.6586179014284e-07,3.385530967144847e-06
1604163104876,2020-10-31T12:51:44.876,97.5,1.2996458050595223e-06,-3.0957901825418086e-07,3.7648757662026777e-06
1604163104926,2020-10-31T12:51:44.926,97.55,9.48023037748897e-07,-2.079087467739814e-07,4.1657608311019335e-06
1604163104976,2020-10-31T12:51:44.976,97.6,1.6307159111371166e-06,-8.095851202293748e-07,4.067535230761754e-06
1604163105026,2020-10-31T12:51:45.026,97.65,2.3798010096841572e-06,-1.4209496437248883e-06,3.5833327758343783e-06
1604163105076,2020-10-31T12:51:45.076,97.7,2.337717893177169e-06,-1.420892272804626e-06,3.023842631437531e-06
1604163105126,2020-10-31T12:51:45.126,97.75,1.8643933897921416e-06,-1.0398870359367554e-06,2.6375684980762074e-06
1604163105176,2020-10-31T12:51:45.176,97.8,1.6688039984064847e-06,-8.668367393093155e-07,2.6143813210653852e-06
1604163105226,2020-10-31T12:51:45.226,97.85,1.6910190360372608e-06,-1.087349721359703e-06,2.844412020178156e-06
1604163105276,2020-10-31T12:51:45.276,97.9,1.5116296476878227e-06,-1.463151326724866e-06,2.9566073889415846e-06
1604163105326,2020-10-31T12:51:45.326,97.95,1.2357770100405313e-06,-1.6696058456400928e-06,2.8080118514452216e-06
1604163105376,2020-10-31T12:51:45.376,98.0,1.2796516305107624e-06,-1.5632186528112562e-06,2.569214204122147e-06
1604163105426,2020-10-31T12:51:45.426,98.05,1.6908013248384647e-06,-1.3642175573544715e-06,2.3632330751990954e-06
1604163105476,2020-10-31T12:51:45.476,98.1,2.109072434620891e-06,-1.3990967650064312e-06,2.1668485902138873e-06
1604163105526,2020-10-31T12:51:45.526,98.15,2.160679683098411e-06,-1.5665184385378497e-06,2.025830801493557e-06
1604163105576,2020-10-31T12:51:45.576,98.2,1.8363263961750427e-06,-1.5225659400161228e-06,2.1287631400692394e-06
1604163105626,2020-10-31T12:51:45.626,98.25,1.5158571974649862e-06,-1.3754144810306966e-06,2.478382228262893e-06
1604163105676,2020-10-31T12:51:45.676,98.3,1.4975971639069593e-06,-1.4986915321768682e-06,2.6452399093835017e-06
1604163105726,2020-10-31T12:51:45.726,98.35,1.777034853569516e-06,-1.7402895746871489e-06,2.3011237679846947e-06
1604163105776,2020-10-31T12:51:45.776,98.4,2.217557072929411e-06,-1.614314534979325e-06,1.8086452644273978e-06
1604163105826,2020-10-31T12:51:45.826,98.45,2.3653715068537923e-06,-1.196558135569317e-06,1.693896796855024e-06
1604163105876,2020-10-31T12:51:45.876,98.5,1.7008849525485795e-06,-1.0870782868044813e-06,1.825753549320551e-06
1604163105926,2020-10-31T12:51:45.926,98.55,7.762124488940003e-07,-1.4569008635055675e-06,1.7342961888619405e-06
1604163105976,2020-10-31T12:51:45.976,98.6,8.840364858921842e-07,-1.773533607973747e-06,1.4203294659565956e-06
1604163106026,2020-10-31T12:51:46.026,98.65,1.9679898740104727e-06,-1.7038241364945237e-06,1.2764380475475297e-06
1604163106076,2020-10-31T12:51:46.076,98.7,2.4737089422790535e-06,-1.6270266838071963e-06,1.4522066254746834e-06
1604163106126,2020-10-31T12:51:46.126,98.75,1.76745756960561e-06,-1.815615020209281e-06,1.7297496466018614e-06
1604163106176,2020-10-31T12:51:46.176,98.8,1.0551677678483337e-06,-1.908241048666462e-06,1.8662064866062258e-06
1604163106226,2020-10-31T12:51:46.226,98.85,1.4439878237686947e-06,-1.7067906440044743e-06,1.8040082562940474e-06
1604163106276,2020-10-31T12:51:46.276,98.9,2.4224861469904628e-06,-1.613901229728633e-06,1.6647828441183777e-06
1604163106326,2020-10-31T12:51:46.326,98.95,2.7993917867574934e-06,-1.8747682236532901e-06,1.659317386076261e-06
1604163106376,2020-10-31T12:51:46.376,99.0,2.3791972872295887e-06,-2.1681684544992573e-06,1.8478734684969966e-06
1604163106426,2020-10-31T12:51:46.426,99.05,2.0601987198257782e-06,-2.1688513830846724e-06,1.9741734648421693e-06
1604163106476,2020-10-31T12:51:46.476,99.1,2.438657052977955e-06,-1.9592457385901074e-06,1.8321371368676085e-06
1604163106526,2020-10-31T12:51:46.526,99.15,3.0218692816250024e-06,-1.763677872761419e-06,1.6718912517317293e-06
1604163106576,2020-10-31T12:51:46.576,99.2,3.084702106377106e-06,-1.6014962048175838e-06,1.7872444544249477e-06
1604163106626,2020-10-31T12:51:46.626,99.25,2.634015676063e-06,-1.3844356878603333e-06,1.986158730732887e-06
1604163106676,2020-10-31T12:51:46.676,99.3,2.1418411503144664e-06,-1.2339957696120793e-06,1.9406604755957333e-06
1604163106726,2020-10-31T12:51:46.726,99.35,1.931675693980981e-06,-1.4051901119614522e-06,1.6763867472962642e-06
1604163106776,2020-10-31T12:51:46.776,99.4,2.081032261982765e-06,-1.8394435407745698e-06,1.3978945796411136e-06
1604163106826,2020-10-31T12:51:46.826,99.45,2.3669864206590406e-06,-2.112582350894125e-06,1.2036081895005708e-06
1604163106876,2020-10-31T12:51:46.876,99.5,2.325248920282893e-06,-1.9535716196002494e-06,1.1408507857391015e-06
1604163106926,2020-10-31T12:51:46.926,99.55,1.8887694972548686e-06,-1.5498831519036772e-06,1.2828747653363427e-06
1604163106976,2020-10-31T12:51:46.976,99.6,1.6357148162367345e-06,-1.235857151936787e-06,1.6243348205952668e-06
1604163107026,2020-10-31T12:51:47.026,99.65,1.9091012858778573e-06,-1.0827220852125038e-06,2.012871751988539e-06
1604163107076,2020-10-31T12:51:47.076,99.7,2.2727614360093677e-06,-9.328636893908675e-07,2.297067459643732e-06
1604163107126,2020-10-31T12:51:47.126,99.75,2.2927533166779e-06,-7.310347216614124e-07,2.461416833225788e-06
1604163107176,2020-10-31T12:51:47.176,99.8,2.1687645706758708e-06,-6.074642670079278e-07,2.5232709821899095e-06
1604163107226,2020-10-31T12:51:47.226,99.85,2.241399288954969e-06,-6.738020270272496e-07,2.4884651946633684e-06
1604163107276,2020-10-31T12:51:47.276,99.9,2.4777630491344465e-06,-9.393631822349533e-07,2.4767807643420017e-06
1604163107326,2020-10-31T12:51:47.326,99.95,2.6124508273278975e-06,-1.2935822724413866e-06,2.5724533976652594e-06
1604163107376,2020-10-31T12:51:47.376,100.0,2.471844790461994e-06,-1.4591118861246287e-06,2.6085035922442475e-06
1604163107426,2020-10-31T12:51:47.426,100.05,2.207277361542717e-06,-1.262121401535579e-06,2.497247917085079e-06
1604163107476,2020-10-31T12:51:47.476,100.1,2.1774604077738264e-06,-9.400640910672812e-07,2.506355641874381e-06
1604163107526,2020-10-31T12:51:47.526,100.15,2.402324723754995e-06,-8.173913324288976e-07,2.7953902104776146e-06
1604163107576,2020-10-31T12:51:47.576,100.2,2.4813726525368753e-06,-8.217004123564389e-07,3.0607233219880605e-06
1604163107626,2020-10-31T12:51:47.626,100.25,2.300810114457745e-06,-6.996722441346989e-07,2.981721285291213e-06
1604163107676,2020-10-31T12:51:47.676,100.3,2.2217073514220803e-06,-5.227278521815504e-07,2.6899748781210726e-06
1604163107726,2020-10-31T12:51:47.726,100.35,2.322985093652511e-06,-5.594593388847721e-07,2.5508546353814574e-06
1604163107776,2020-10-31T12:51:47.776,100.4,2.240915735325877e-06,-7.508249274564514e-07,2.6796737510706973e-06
1604163107826,2020-10-31T12:51:47.826,100.45,1.9686006124733993e-06,-7.676455042703994e-07,2.8464232876394686e-06
1604163107876,2020-10-31T12:51:47.876,100.5,1.9563829795594625e-06,-5.852843955155493e-07,2.780970541991729e-06
1604163107926,2020-10-31T12:51:47.926,100.55,2.287916847578037e-06,-5.396067184615107e-07,2.4768442643724986e-06
1604163107976,2020-10-31T12:51:47.976,100.6,2.5416684778419203e-06,-7.692637915586761e-07,2.1684278176525227e-06
1604163108026,2020-10-31T12:51:48.026,100.65,2.500835368354375e-06,-1.0245690857612756e-06,2.0387746542372336e-06
1604163108076,2020-10-31T12:51:48.076,100.7,2.3732030194722823e-06,-1.0788332417248823e-06,2.0725238229135977e-06
1604163108126,2020-10-31T12:51:48.126,100.75,2.2912453253293126e-06,-1.0073492529083255e-06,2.170460853934824e-06
1604163108176,2020-10-31T12:51:48.176,100.8,2.0809666846627668e-06,-1.032875059539915e-06,2.2401459893740453e-06
1604163108226,2020-10-31T12:51:48.226,100.85,1.6973578945563808e-06,-1.2413740335194114e-06,2.2179054114994617e-06
1604163108276,2020-10-31T12:51:48.276,100.9,1.5153893018869807e-06,-1.4264084765665658e-06,2.098049230578579e-06
1604163108326,2020-10-31T12:51:48.326,100.95,1.7959185853534516e-06,-1.3169578402006606e-06,1.925237315147019e-06
1604163108376,2020-10-31T12:51:48.376,101.0,2.1609444966996733e-06,-1.0399549210426566e-06,1.7735729205709005e-06
1604163108426,2020-10-31T12:51:48.426,101.05,2.100547136421299e-06,-1.0430813026974105e-06,1.6304539683146272e-06
1604163108476,2020-10-31T12:51:48.476,101.1,1.6938274186967633e-06,-1.5238620010124743e-06,1.2646871246847133e-06
1604163108526,2020-10-31T12:51:48.526,101.15,1.3751698908661569e-06,-2.312899574408247e-06,5.32229373362535e-07
1604163108576,2020-10-31T12:51:48.576,101.2,1.3320261839485201e-06,-3.1406904947462084e-06,-1.8729127863333343e-07
1604163108626,2020-10-31T12:51:48.626,101.25,1.4323636904726758e-06,-3.6617391426632598e-06,-4.131630492019447e-07
1604163108676,2020-10-31T12:51:48.676,101.3,1.4278692198784839e-06,-3.6001679583116013e-06,-3.449944324496023e-07
1604163108726,2020-10-31T12:51:48.726,101.35,1.116253881865896e-06,-3.1755479349264676e-06,-4.948821516932276e-07
1604163108776,2020-10-31T12:51:48.776,101.4,5.606511745435596e-07,-2.9469828622857146e-06,-7.738341438594792e-07
1604163108826,2020-10-31T12:51:48.826,101.45,1.4487432292296824e-07,-3.046525998393613e-06,-7.660739704941512e-07
1604163108876,2020-10-31T12:51:48.876,101.5,1.8013860117045443e-07,-3.0926583757968356e-06,-5.431066660880302e-07
1604163108926,2020-10-31T12:51:48.926,101.55,4.906889756019456e-07,-2.983562177805957e-06,-4.6023629071849505e-07
1604163108976,2020-10-31T12:51:48.976,101.6,6.462238692828631e-07,-3.0409312487638795e-06,-4.963196825691061e-07
1604163109026,2020-10-31T12:51:49.026,101.65,5.31822817304636e-07,-3.256782455499343e-06,-3.2067541900169305e-07
1604163109076,2020-10-31T12:51:49.076,101.7,3.596691473320133e-07,-3.2933117265184014e-06,1.1787911858051363e-07
1604163109126,2020-10-31T12:51:49.126,101.75,2.586310365166073e-07,-3.2075430390003457e-06,4.1539967327321594e-07
1604163109176,2020-10-31T12:51:49.176,101.8,2.2224060308118652e-07,-3.2486475335209893e-06,3.1388321978064836e-07
1604163109226,2020-10-31T12:51:49.226,101.85,2.531578854792674e-07,-3.2209061287689566e-06,1.302780067334061e-07
1604163109276,2020-10-31T12:51:49.276,101.9,2.590816971542058e-07,-2.916179737121522e-06,1.748429023957127e-07
1604163109326,2020-10-31T12:51:49.326,101.95,1.314830276054054e-07,-2.6775362376161324e-06,2.598005638183225e-07
1604163109376,2020-10-31T12:51:49.376,102.0,8.39066739688338e-08,-2.805967579593955e-06,2.388007206764595e-07
1604163109426,2020-10-31T12:51:49.426,102.05,4.087610199362931e-07,-3.0224692961659497e-06,3.509243343986325e-07
1604163109476,2020-10-31T12:51:49.476,102.1,8.914760750963974e-07,-3.048256050464078e-06,6.516884154725719e-07
1604163109526,2020-10-31T12:51:49.526,102.15,1.0779799213549773e-06,-3.0450457471727376e-06,8.025555146238187e-07
1604163109576,2020-10-31T12:51:49.576,102.2,9.386771823245695e-07,-3.142342632597347e-06,6.78740085731861e-07
1604163109626,2020-10-31T12:51:49.626,102.25,6.998255985348339e-07,-3.1768991773261707e-06,5.853537200650697e-07
1604163109676,2020-10-31T12:51:49.676,102.3,4.4422040161807186e-07,-3.0606527300318608e-06,7.316593863726753e-07
1604163109726,2020-10-31T12:51:49.726,102.35,3.474525594817494e-07,-2.9165524611551946e-06,9.535717725277217e-07
1604163109776,2020-10-31T12:51:49.776,102.4,7.360275210406267e-07,-2.8687644726709283e-06,1.0294958987291012e-06
1604163109826,2020-10-31T12:51:49.826,102.45,1.494144620999937e-06,-2.9336517759135666e-06,9.338821517383201e-07
1604163109876,2020-10-31T12:51:49.876,102.5,1.9399116655641635e-06,-2.9813239311588393e-06,7.218662388177334e-07
1604163109926,2020-10-31T12:51:49.926,102.55,1.6694246976599687e-06,-2.8545956152368758e-06,4.506291731778759e-07
1604163109976,2020-10-31T12:51:49.976,102.6,1.0708073325872851e-06,-2.6772304568336277e-06,2.883514624331799e-07
1604163110026,2020-10-31T12:51:50.026,102.65,6.703123697213692e-07,-2.7688872261430612e-06,3.9462722681480396e-07
1604163110076,2020-10-31T12:51:50.076,102.7,5.136909799551356e-07,-3.1491387873162756e-06,6.282156433913939e-07
1604163110126,2020-10-31T12:51:50.126,102.75,5.14683244157168e-07,-3.4736135733862242e-06,7.102062594536003e-07
1604163110176,2020-10-31T12:51:50.176,102.8,7.358010739876476e-07,-3.5038022712005775e-06,6.969289420764951e-07
1604163110226,2020-10-31T12:51:50.226,102.85,1.0509682924744506e-06,-3.3210442209362627e-06,9.057031026599533e-07
1604163110276,2020-10-31T12:51:50.276,102.9,1.1649405517261532e-06,-3.0872373836276735e-06,1.3104016815077146e-06
1604163110326,2020-10-31T12:51:50.326,102.95,1.0686212948900353e-06,-2.9388648779626177e-06,1.447946524024112e-06
1604163110376,2020-10-31T12:51:50.376,103.0,1.0481238193078479e-06,-3.0893742864652575e-06,1.1363266089752271e-06
1604163110426,2020-10-31T12:51:50.426,103.05,1.2547828100232887e-06,-3.593480017774055e-06,8.397397931443894e-07
1604163110476,2020-10-31T12:51:50.476,103.1,1.4162321549896325e-06,-4.043739721707982e-06,9.87874352632555e-07
1604163110526,2020-10-31T12:51:50.526,103.15,1.1390526652303419e-06,-4.009470753395497e-06,1.339621079134338e-06
1604163110576,2020-10-31T12:51:50.576,103.2,6.947089972788343e-07,-3.6943741866951996e-06,1.4097135038409472e-06
1604163110626,2020-10-31T12:51:50.626,103.25,9.481199092774912e-07,-3.6139798715823732e-06,1.2202481892543172e-06
1604163110676,2020-10-31T12:51:50.676,103.3,1.9893204588211066e-06,-3.7564953033958303e-06,1.202477059218907e-06
1604163110726,2020-10-31T12:51:50.726,103.35,2.753516292445422e-06,-3.6916996843680323e-06,1.5139291228880628e-06
1604163110776,2020-10-31T12:51:50.776,103.4,2.5912174124928465e-06,-3.4329765524303343e-06,1.887509030638292e-06
1604163110826,2020-10-31T12:51:50.826,103.45,2.078653206953107e-06,-3.4751635154418904e-06,2.0880887840099462e-06
1604163110876,2020-10-31T12:51:50.876,103.5,1.8593622389891138e-06,-3.87866983493396e-06,2.1215780990015336e-06
1604163110926,2020-10-31T12:51:50.926,103.55,1.8711570041209452e-06,-4.054222314015903e-06,2.0400564176838672e-06
1604163110976,2020-10-31T12:51:50.976,103.6,1.9472684218698305e-06,-3.7483974037314485e-06,1.8530791844405274e-06
1604163111026,2020-10-31T12:51:51.026,103.65,2.1671909178259238e-06,-3.507276980404512e-06,1.6361340815604044e-06
1604163111076,2020-10-31T12:51:51.076,103.7,2.4429444470244927e-06,-3.738556839350962e-06,1.5700887796454214e-06
1604163111126,2020-10-31T12:51:51.126,103.75,2.456704786541436e-06,-4.066286959571e-06,1.753486728588233e-06
1604163111176,2020-10-31T12:51:51.176,103.8,2.160705302419256e-06,-4.078262058649289e-06,1.9810028751471433e-06
1604163111226,2020-10-31T12:51:51.226,103.85,1.8970054827434738e-06,-3.959155962180061e-06,1.976937773666119e-06
1604163111276,2020-10-31T12:51:51.276,103.9,1.9347649642947696e-06,-3.999475728350831e-06,1.8669696424675324e-06
1604163111326,2020-10-31T12:51:51.326,103.95,2.2109777527149393e-06,-4.138873897536539e-06,1.9967080520633283e-06
1604163111376,2020-10-31T12:51:51.376,104.0,2.5331953185444104e-06,-4.147024997933173e-06,2.334393582839096e-06
1604163111426,2020-10-31T12:51:51.426,104.05,2.762178505607674e-06,-3.82559426691382e-06,2.540569165522396e-06
1604163111476,2020-10-31T12:51:51.476,104.1,2.7824581315714075e-06,-3.233363490687399e-06,2.5211386085507296e-06
1604163111526,2020-10-31T12:51:51.526,104.15,2.5515375644030906e-06,-2.791747465487422e-06,2.516180719922228e-06
1604163111576,2020-10-31T12:51:51.576,104.2,2.313505301172966e-06,-2.6663097785073506e-06,2.7553219152773233e-06
1604163111626,2020-10-31T12:51:51.626,104.25,2.4834031609835978e-06,-2.3541147597018476e-06,3.223950289050679e-06
1604163111676,2020-10-31T12:51:51.676,104.3,3.0793119300400415e-06,-1.4759812637746767e-06,3.72084388439645e-06
1604163111726,2020-10-31T12:51:51.726,104.35,3.602374546263413e-06,-4.3903998356649514e-07,4.166837620288282e-06
1604163111776,2020-10-31T12:51:51.776,104.4,3.6705981902128277e-06,1.773764451385885e-07,4.729811400418889e-06
1604163111826,2020-10-31T12:51:51.826,104.45,3.3436081288587456e-06,4.454038103318773e-07,5.391065063844168e-06
1604163111876,2020-10-31T12:51:51.876,104.5,2.6389817612228805e-06,9.874010482279318e-07,5.6911815151587134e-06
1604163111926,2020-10-31T12:51:51.926,104.55,1.1245066303610625e-06,2.250562383084875e-06,5.230535708122714e-06
1604163111976,2020-10-31T12:51:51.976,104.6,-1.5783293355322708e-06,4.065213429806341e-06,3.992495809087572e-06
1604163112026,2020-10-31T12:51:52.026,104.65,-4.884848075758613e-06,5.878201724898588e-06,2.113037661781983e-06
1604163112076,2020-10-31T12:51:52.076,104.7,-7.5218350402392866e-06,7.350451264522226e-06,-6.610165500834651e-08
1604163112126,2020-10-31T12:51:52.126,104.75,-9.086443287444465e-06,8.786464317909872e-06,-2.025922692323376e-06
1604163112176,2020-10-31T12:51:52.176,104.8,-1.041086326228046e-05,1.0771324439720158e-05,-3.7176999088545123e-06
1604163112226,2020-10-31T12:51:52.226,104.85,-1.198326810520023e-05,1.3108997703219426e-05,-5.539151968458167e-06
1604163112276,2020-10-31T12:51:52.276,104.9,-1.3273865223016795e-05,1.4712384569490233e-05,-7.512670210030221e-06
1604163112326,2020-10-31T12:51:52.326,104.95,-1.393911130874721e-05,1.5181210907599676e-05,-9.407843297124161e-06
1604163112376,2020-10-31T12:51:52.376,105.0,-1.4386571750574215e-05,1.5672041138689455e-05,-1.1378520935602792e-05
1604163112426,2020-10-31T12:51:52.426,105.05,-1.4920403072959014e-05,1.727030157686262e-05,-1.3579348669788281e-05
1604163112476,2020-10-31T12:51:52.476,105.1,-1.5216771753298113e-05,1.9305142221836297e-05,-1.5716628259263383e-05
1604163112526,2020-10-31T12:51:52.526,105.15,-1.489192139694307e-05,2.0305475036853938e-05,-1.7501850322719467e-05
1604163112576,2020-10-31T12:51:52.576,105.2,-1.4336173171307687e-05,1.9938967916746876e-05,-1.887020974355707e-05
1604163112626,2020-10-31T12:51:52.626,105.25,-1.4448307871737525e-05,1.90640888675494e-05,-1.975039507265608e-05
1604163112676,2020-10-31T12:51:52.676,105.3,-1.5210621308788555e-05,1.843652915522527e-05,-2.0371417901543457e-05
1604163112726,2020-10-31T12:51:52.726,105.35,-1.54948005927684e-05,1.819974192463515e-05,-2.136122526664722e-05
1604163112776,2020-10-31T12:51:52.776,105.4,-1.4885256399920146e-05,1.8308872623131348e-05,-2.285924425672037e-05
1604163112826,2020-10-31T12:51:52.826,105.45,-1.4368978847427845e-05,1.8730489688515667e-05,-2.4264527415814584e-05
1604163112876,2020-10-31T12:51:52.876,105.5,-1.4645925775886176e-05,1.9228219117933368e-05,-2.518465564397366e-05
1604163112926,2020-10-31T12:51:52.926,105.55,-1.515795315097633e-05,1.9491306333497313e-05,-2.5674662483064122e-05
1604163112976,2020-10-31T12:51:52.976,105.6,-1.5199133105107682e-05,1.9544376257292376e-05,-2.5672392336344284e-05
1604163113026,2020-10-31T12:51:53.026,105.65,-1.4845373291288018e-05,1.9539427219186477e-05,-2.5228005373060432e-05
1604163113076,2020-10-31T12:51:53.076,105.7,-1.4543473010820304e-05,1.931465386292952e-05,-2.48686658139837e-05
1604163113126,2020-10-31T12:51:53.126,105.75,-1.4511312332744419e-05,1.875028911540879e-05,-2.4884520795444375e-05
1604163113176,2020-10-31T12:51:53.176,105.8,-1.4725813380803634e-05,1.8123159101740533e-05,-2.4798527091474903e-05
1604163113226,2020-10-31T12:51:53.226,105.85,-1.5135883071901058e-05,1.7600571448112707e-05,-2.4120674132290883e-05
1604163113276,2020-10-31T12:51:53.276,105.9,-1.5617774692441117e-05,1.7023257502893428e-05,-2.3004222713063973e-05
1604163113326,2020-10-31T12:51:53.326,105.95,-1.5850180572112878e-05,1.6356670689828098e-05,-2.16878783700807e-05
1604163113376,2020-10-31T12:51:53.376,106.0,-1.561042828590525e-05,1.5584458805142626e-05,-1.9924106786543235e-05
1604163113426,2020-10-31T12:51:53.426,106.05,-1.5070479465126852e-05,1.4409359897613797e-05,-1.7469254910320403e-05
1604163113476,2020-10-31T12:51:53.476,106.1,-1.4410653724105867e-05,1.2823661984036251e-05,-1.4601673538522046e-05
1604163113526,2020-10-31T12:51:53.526,106.15,-1.3513589102855636e-05,1.136151930010584e-05,-1.1703466399468945e-05
1604163113576,2020-10-31T12:51:53.576,106.2,-1.2376652688473972e-05,1.0232582454162703e-05,-8.804968927111822e-06
1604163113626,2020-10-31T12:51:53.626,106.25,-1.1214094001410454e-05,9.08518971975697e-06,-5.849218313110705e-06
1604163113676,2020-10-31T12:51:53.676,106.3,-9.969517673067753e-06,7.847376246870458e-06,-3.031896996470903e-06
1604163113726,2020-10-31T12:51:53.726,106.35,-8.421298461501842e-06,6.790497475594063e-06,-7.601709826403369e-07
1604163113776,2020-10-31T12:51:53.776,106.4,-6.7421368524150636e-06,5.866516315695827e-06,6.444896379306258e-07
1604163113826,2020-10-31T12:51:53.826,106.45,-5.2843106175106315e-06,4.9514063882931314e-06,1.4022824486888482e-06
1604163113876,2020-10-31T12:51:53.876,106.5,-4.003809491619253e-06,4.326362423856788e-06,2.2211195129943327e-06
1604163113926,2020-10-31T12:51:53.926,106.55,-2.70748546469468e-06,4.026198349186058e-06,3.3495107237827943e-06
1604163113976,2020-10-31T12:51:53.976,106.6,-1.549744461374932e-06,3.3284657812937886e-06,4.133085719268585e-06
1604163114026,2020-10-31T12:51:54.026,106.65,-6.96455576603834e-07,1.7434340965449345e-06,4.037279636400236e-06
1604163114076,2020-10-31T12:51:54.076,106.7,1.2737251529372728e-07,-7.650517969441092e-08,3.5183607195746115e-06
1604163114126,2020-10-31T12:51:54.126,106.75,1.215528887871914e-06,-1.1725602395185899e-06,3.329523458198642e-06
1604163114176,2020-10-31T12:51:54.176,106.8,2.3647835691270475e-06,-1.5593344403240261e-06,3.545591015561468e-06
1604163114226,2020-10-31T12:51:54.226,106.85,3.1547482111738058e-06,-1.9692681832992112e-06,3.7941986894650713e-06
1604163114276,2020-10-31T12:51:54.276,106.9,3.428596234907414e-06,-2.6232014800739777e-06,3.900532434125113e-06
1604163114326,2020-10-31T12:51:54.326,106.95,3.369459632193888e-06,-3.0433103113313567e-06,3.840087455654845e-06
1604163114376,2020-10-31T12:51:54.376,107.0,3.3320711456428837e-06,-3.0711143838970412e-06,3.5835241704040363e-06
1604163114426,2020-10-31T12:51:54.426,107.05,3.499570542999328e-06,-3.20959495453748e-06,3.3002912183696296e-06
1604163114476,2020-10-31T12:51:54.476,107.1,3.645159608341879e-06,-3.6502293505418315e-06,3.2207660003234955e-06
1604163114526,2020-10-31T12:51:54.526,107.15,3.483213739176227e-06,-3.7965518548045316e-06,3.2404780890853718e-06
1604163114576,2020-10-31T12:51:54.576,107.2,3.1321418494443494e-06,-3.310096322221784e-06,3.1588755555727657e-06
1604163114626,2020-10-31T12:51:54.626,107.25,2.9463507969716883e-06,-2.86828329994338e-06,3.162033857781076e-06
1604163114676,2020-10-31T12:51:54.676,107.3,3.090617008701381e-06,-3.1353300360479264e-06,3.4871552212157185e-06
1604163114726,2020-10-31T12:51:54.726,107.35,3.42179768987759e-06,-3.6274131915698747e-06,3.8338774386415296e-06
1604163114776,2020-10-31T12:51:54.776,107.4,3.5982496210951633e-06,-3.4862305629447817e-06,3.80635683547136e-06
1604163114826,2020-10-31T12:51:54.826,107.45,3.3769738231199835e-06,-2.889023555200567e-06,3.637120546124834e-06
1604163114876,2020-10-31T12:51:54.876,107.5,2.935142623055199e-06,-2.6942199879340293e-06,3.7181886019669274e-06
1604163114926,2020-10-31T12:51:54.926,107.55,2.6971482459518223e-06,-2.9615141615363992e-06,3.894021312748963e-06
1604163114976,2020-10-31T12:51:54.976,107.6,2.826263164216495e-06,-2.909124257699821e-06,3.894043643173885e-06
1604163115026,2020-10-31T12:51:55.026,107.65,3.121274106149793e-06,-2.3665336922305848e-06,3.806103289669372e-06
1604163115076,2020-10-31T12:51:55.076,107.7,3.3379990848884653e-06,-2.2026486225861547e-06,3.709918944199522e-06
1604163115126,2020-10-31T12:51:55.126,107.75,3.4103713004809437e-06,-2.944642839322433e-06,3.5727642715117104e-06
1604163115176,2020-10-31T12:51:55.176,107.8,3.4615605911572295e-06,-3.862468587847801e-06,3.5502080920751242e-06
1604163115226,2020-10-31T12:51:55.226,107.85,3.6957377098008895e-06,-4.050039932609983e-06,3.7195180370280535e-06
1604163115276,2020-10-31T12:51:55.276,107.9,4.144464167744005e-06,-3.71705354094773e-06,3.8002516682033204e-06
1604163115326,2020-10-31T12:51:55.326,107.95,4.585117865596486e-06,-3.654873472295225e-06,3.649301534749257e-06
1604163115376,2020-10-31T12:51:55.376,108.0,4.869338059850937e-06,-4.002623421226244e-06,3.5504545699745724e-06
1604163115426,2020-10-31T12:51:55.426,108.05,5.019624415449985e-06,-4.2841781314484234e-06,3.6817645399497334e-06
1604163115476,2020-10-31T12:51:55.476,108.1,4.841670540516238e-06,-4.205664515791359e-06,3.7938364577970627e-06
1604163115526,2020-10-31T12:51:55.526,108.15,4.075812037654766e-06,-3.8492870366587415e-06,3.6017570516485724e-06
1604163115576,2020-10-31T12:51:55.576,108.2,3.130002111278513e-06,-3.408345863163005e-06,3.1716811443695036e-06
1604163115626,2020-10-31T12:51:55.626,108.25,2.8496498268417677e-06,-3.0752690710785913e-06,2.8545412059173255e-06
1604163115676,2020-10-31T12:51:55.676,108.3,3.347106076850401e-06,-2.9781215439784783e-06,2.902464782042655e-06
1604163115726,2020-10-31T12:51:55.726,108.35,3.8181289355834485e-06,-3.0477816464501586e-06,3.1517999423733603e-06
1604163115776,2020-10-31T12:51:55.776,108.4,3.6936994626763205e-06,-3.061796670571594e-06,3.2373569838642405e-06
1604163115826,2020-10-31T12:51:55.826,108.45,3.326168436111793e-06,-2.873579199134611e-06,3.0776009489712745e-06
1604163115876,2020-10-31T12:51:55.876,108.5,3.274244989119575e-06,-2.568321278254225e-06,2.8439601512524224e-06
1604163115926,2020-10-31T12:51:55.926,108.55,3.4213932413992332e-06,-2.4359014130691312e-06,2.578855641450415e-06
1604163115976,2020-10-31T12:51:55.976,108.6,3.2724608526639373e-06,-2.699138359953573e-06,2.2548681380787106e-06
1604163116026,2020-10-31T12:51:56.026,108.65,2.826933138912725e-06,-3.153670036497232e-06,2.0225138761182425e-06
1604163116076,2020-10-31T12:51:56.076,108.7,2.5712998136706103e-06,-3.3243931177245005e-06,1.970787901190668e-06
1604163116126,2020-10-31T12:51:56.126,108.75,2.701100956810518e-06,-3.129688275797926e-06,1.966460989522076e-06
1604163116176,2020-10-31T12:51:56.176,108.8,2.8931611625469093e-06,-2.988893011872918e-06,2.0673011146359364e-06
1604163116226,2020-10-31T12:51:56.226,108.85,2.851761152988168e-06,-3.086878262381753e-06,2.479931974828502e-06
1604163116276,2020-10-31T12:51:56.276,108.9,2.6783208978215526e-06,-3.054516275994896e-06,2.8921180145336013e-06
1604163116326,2020-10-31T12:51:56.326,108.95,2.6593640167469317e-06,-2.6752516417675726e-06,2.724187290319319e-06
1604163116376,2020-10-31T12:51:56.376,109.0,2.872602046863888e-06,-2.3878392765283046e-06,2.1511682988232735e-06
1604163116426,2020-10-31T12:51:56.426,109.05,3.042376269314795e-06,-2.6813068340208434e-06,1.9167624599830502e-06
1604163116476,2020-10-31T12:51:56.476,109.1,2.833556246781704e-06,-3.375860042004088e-06,2.1093163401033273e-06
1604163116526,2020-10-31T12:51:56.526,109.15,2.3113086470162663e-06,-3.843592320698822e-06,2.1201550752599356e-06
1604163116576,2020-10-31T12:51:56.576,109.2,1.9401772659223533e-06,-3.6984021015629516e-06,1.8590793687311976e-06
1604163116626,2020-10-31T12:51:56.626,109.25,2.0344525125785797e-06,-3.1421887394898274e-06,1.9012562989014628e-06
1604163116676,2020-10-31T12:51:56.676,109.3,2.396489823722585e-06,-2.7251617310647904e-06,2.304130838951026e-06
1604163116726,2020-10-31T12:51:56.726,109.35,2.6222101814399007e-06,-2.6791626644556963e-06,2.4719904683751657e-06
1604163116776,2020-10-31T12:51:56.776,109.4,2.562338870335498e-06,-2.6832066369171143e-06,2.2422929969790326e-06
1604163116826,2020-10-31T12:51:56.826,109.45,2.335057443173216e-06,-2.5119213500270714e-06,1.9671918218775675e-06
1604163116876,2020-10-31T12:51:56.876,109.5,2.0743896227174156e-06,-2.3501511533260498e-06,1.7796615997571888e-06
1604163116926,2020-10-31T12:51:56.926,109.55,1.8257949243707406e-06,-2.2624300029385963e-06,1.714491475857661e-06
1604163116976,2020-10-31T12:51:56.976,109.6,1.5946540796392042e-06,-2.1540928653202014e-06,1.9422983109471e-06
1604163117026,2020-10-31T12:51:57.026,109.65,1.3951253358324573e-06,-2.2090849845774235e-06,2.2592476309876104e-06
1604163117076,2020-10-31T12:51:57.076,109.7,1.2700351665956471e-06,-2.513589902647699e-06,2.1332949066659173e-06
1604163117126,2020-10-31T12:51:57.126,109.75,1.2805920551294145e-06,-2.6351455464879857e-06,1.5622004145187137e-06
1604163117176,2020-10-31T12:51:57.176,109.8,1.4094222665472338e-06,-2.3403060577517427e-06,1.1525001660312652e-06
1604163117226,2020-10-31T12:51:57.226,109.85,1.4963688613906988e-06,-2.094560003261839e-06,1.2602869462873844e-06
1604163117276,2020-10-31T12:51:57.276,109.9,1.433161899532623e-06,-2.2441136883455114e-06,1.6261380036613007e-06
1604163117326,2020-10-31T12:51:57.326,109.95,1.3275105520788873e-06,-2.4394220270563237e-06,1.8680251724876737e-06
1604163117376,2020-10-31T12:51:57.376,110.0,1.2564073428149898e-06,-2.32373103790028e-06,1.8896047785086368e-06
1604163117426,2020-10-31T12:51:57.426,110.05,1.1127751774114003e-06,-2.089378356404381e-06,1.7524237494694697e-06
1604163117476,2020-10-31T12:51:57.476,110.1,9.35141315987259e-07,-2.00561149609393e-06,1.4894360065630144e-06
1604163117526,2020-10-31T12:51:57.526,110.15,9.849859079867143e-07,-1.9931859320804224e-06,1.1861381590406006e-06
1604163117576,2020-10-31T12:51:57.576,110.2,1.243771729623584e-06,-1.964883827049613e-06,1.03887024852368e-06
1604163117626,2020-10-31T12:51:57.626,110.25,1.2965143732027104e-06,-2.0619485774850645e-06,1.1518234164843611e-06
1604163117676,2020-10-31T12:51:57.676,110.3,1.0325819168139429e-06,-2.273808373198739e-06,1.3659259572358942e-06
1604163117726,2020-10-31T12:51:57.726,110.35,9.52122619495279e-07,-2.3460971853206898e-06,1.445448128902934e-06
1604163117776,2020-10-31T12:51:57.776,110.4,1.2914164478824642e-06,-2.249629839154598e-06,1.3798910501857531e-06
1604163117826,2020-10-31T12:51:57.826,110.45,1.4545797312541544e-06,-2.1853486303387662e-06,1.3705090638778802e-06
1604163117876,2020-10-31T12:51:57.876,110.5,1.002238299143673e-06,-2.1350289043875736e-06,1.5289590459627752e-06
1604163117926,2020-10-31T12:51:57.926,110.55,4.7554403184477417e-07,-1.966538649218744e-06,1.6484864412602515e-06
1604163117976,2020-10-31T12:51:57.976,110.6,4.3429904779439864e-07,-1.8055481644409121e-06,1.409910979578069e-06
1604163118026,2020-10-31T12:51:58.026,110.65,5.196201831398789e-07,-1.8309755257241149e-06,9.54909235548079e-07
1604163118076,2020-10-31T12:51:58.076,110.7,3.056991031346184e-07,-1.9416990809910154e-06,8.891871626071709e-07
1604163118126,2020-10-31T12:51:58.126,110.75,1.62879715401801e-07,-1.9443861416875163e-06,1.3163143249559596e-06
1604163118176,2020-10-31T12:51:58.176,110.8,4.73481973534256e-07,-1.852134357878925e-06,1.5068226629343696e-06
1604163118226,2020-10-31T12:51:58.226,110.85,8.7495209243864e-07,-1.8043700760749433e-06,1.113836853931018e-06
1604163118276,2020-10-31T12:51:58.276,110.9,9.144372976515216e-07,-1.82643821759974e-06,8.019815548660487e-07
1604163118326,2020-10-31T12:51:58.326,110.95,6.89538327605025e-07,-1.7967067175825662e-06,1.0197367688044885e-06
1604163118376,2020-10-31T12:51:58.376,111.0,4.7514233979435376e-07,-1.6709935611570143e-06,1.2373042391319438e-06
1604163118426,2020-10-31T12:51:58.426,111.05,3.5500517459518413e-07,-1.6436080820659738e-06,9.848903011341348e-07
1604163118476,2020-10-31T12:51:58.476,111.1,3.813703774905401e-07,-1.8509309305368267e-06,5.775013494776001e-07
1604163118526,2020-10-31T12:51:58.526,111.15,5.977066769662726e-07,-2.000963747172706e-06,4.101634440480681e-07
1604163118576,2020-10-31T12:51:58.576,111.2,8.361546194083301e-07,-1.7705390419763282e-06,4.329995315599899e-07
1604163118626,2020-10-31T12:51:58.626,111.25,8.298979227088962e-07,-1.438715264903213e-06,5.206997116504049e-07
1604163118676,2020-10-31T12:51:58.676,111.3,5.734295092895683e-07,-1.4737550499648458e-06,7.000095030468428e-07
1604163118726,2020-10-31T12:51:58.726,111.35,3.69473758785231e-07,-1.7513247760525145e-06,9.44914255877077e-07
1604163118776,2020-10-31T12:51:58.776,111.4,4.4210711511569056e-07,-1.8517455810325852e-06,1.0809221934148831e-06
1604163118826,2020-10-31T12:51:58.826,111.45,6.5670812472336e-07,-1.7313180785495747e-06,8.565499249237369e-07
1604163118876,2020-10-31T12:51:58.876,111.5,7.488328460564466e-07,-1.585359830620957e-06,2.0876048011256008e-07
1604163118926,2020-10-31T12:51:58.926,111.55,6.409202384892619e-07,-1.4430319140643465e-06,-3.54927452399585e-07
1604163118976,2020-10-31T12:51:58.976,111.6,4.044421764944232e-07,-1.2366175402247638e-06,-1.4826656141860734e-07
1604163119026,2020-10-31T12:51:59.026,111.65,1.6745499678598352e-07,-1.1051648072014837e-06,6.100402337297906e-07
1604163119076,2020-10-31T12:51:59.076,111.7,1.0747695708605233e-07,-1.2870551982181114e-06,9.20420496276848e-07
1604163119126,2020-10-31T12:51:59.126,111.75,2.2714392702447847e-07,-1.5748548183691985e-06,5.400142458489301e-07
1604163119176,2020-10-31T12:51:59.176,111.8,2.385070450053318e-07,-1.4430924021306438e-06,3.5125809001230786e-07
1604163119226,2020-10-31T12:51:59.226,111.85,7.363720385633053e-09,-9.65463050608743e-07,8.500650535209421e-07
1604163119276,2020-10-31T12:51:59.276,111.9,-1.635750948619785e-07,-7.504099184930194e-07,1.374537541840213e-06
1604163119326,2020-10-31T12:51:59.326,111.95,-5.8000446582294414e-08,-9.075089874994367e-07,1.2510921903290768e-06
1604163119376,2020-10-31T12:51:59.376,112.0,6.075577586529695e-08,-1.0780243587198894e-06,7.611743457050457e-07
1604163119426,2020-10-31T12:51:59.426,112.05,-3.652546320645928e-08,-1.1968952439159026e-06,4.800574348692176e-07
1604163119476,2020-10-31T12:51:59.476,112.1,-8.818391495657956e-08,-1.3156166300977952e-06,4.034932581988189e-07
1604163119526,2020-10-31T12:51:59.526,112.15,1.8838013884420695e-07,-1.2046131577658258e-06,3.3397265397178725e-07
1604163119576,2020-10-31T12:51:59.576,112.2,5.209833939160333e-07,-7.471444707610358e-07,4.629561103086445e-07
1604163119626,2020-10-31T12:51:59.626,112.25,4.5571932005616467e-07,-2.517695155539371e-07,8.574433839997441e-07
1604163119676,2020-10-31T12:51:59.676,112.3,1.4805783717377445e-07,-1.2572003595905675e-07,1.0527770479382764e-06
1604163119726,2020-10-31T12:51:59.726,112.35,2.0316975412088202e-07,-4.152078799035899e-07,8.189391448740023e-07
1604163119776,2020-10-31T12:51:59.776,112.4,6.949887278640139e-07,-6.85878460292842e-07,6.059860067984104e-07
1604163119826,2020-10-31T12:51:59.826,112.45,1.011002024949375e-06,-5.44249345846804e-07,7.752703465725945e-07
1604163119876,2020-10-31T12:51:59.876,112.5,8.430013770960565e-07,-2.401379886890528e-07,1.1069102648566033e-06
1604163119926,2020-10-31T12:51:59.926,112.55,6.394961549000383e-07,-2.6899518067630517e-07,1.2760946382831644e-06
1604163119976,2020-10-31T12:51:59.976,112.6,8.087835439936468e-07,-5.653229600068662e-07,1.2247833470032869e-06
1604163120026,2020-10-31T12:52:00.026,112.65,1.1048820165556794e-06,-6.995673378209919e-07,1.0677337970993894e-06
1604163120076,2020-10-31T12:52:00.076,112.7,1.1261717059745655e-06,-5.91905343864359e-07,9.995853138379474e-07
1604163120126,2020-10-31T12:52:00.126,112.75,9.473690268613265e-07,-5.013186589646401e-07,1.125723873120597e-06
1604163120176,2020-10-31T12:52:00.176,112.8,9.210976889880984e-07,-5.593728207419117e-07,1.2663359101082456e-06
1604163120226,2020-10-31T12:52:00.226,112.85,1.101896467587292e-06,-6.618890741001217e-07,1.2340660813277643e-06
1604163120276,2020-10-31T12:52:00.276,112.9,1.1946885703156354e-06,-7.024041018887745e-07,1.2220275003726654e-06
1604163120326,2020-10-31T12:52:00.326,112.95,1.0367900739546286e-06,-7.223739459642652e-07,1.4613049756469445e-06
1604163120376,2020-10-31T12:52:00.376,113.0,8.272957992874421e-07,-7.64301782773982e-07,1.6778383735335478e-06
1604163120426,2020-10-31T12:52:00.426,113.05,8.030761333612497e-07,-6.700439920224507e-07,1.5135494272535384e-06
1604163120476,2020-10-31T12:52:00.476,113.1,9.174878936631449e-07,-2.8594632688033045e-07,1.2772998617353028e-06
1604163120526,2020-10-31T12:52:00.526,113.15,9.496803710389623e-07,1.4088608105550243e-07,1.4603318716290945e-06
1604163120576,2020-10-31T12:52:00.576,113.2,8.664664367359455e-07,1.8349758489102444e-07,1.7467646447820897e-06
1604163120626,2020-10-31T12:52:00.626,113.25,9.592316293439442e-07,-6.555125939240669e-08,1.5396357999236136e-06
1604163120676,2020-10-31T12:52:00.676,113.3,1.4555086574349296e-06,-1.1562376151266133e-08,1.1691854566371504e-06
1604163120726,2020-10-31T12:52:00.726,113.35,2.06168036729268e-06,5.39206025071437e-07,1.3838085173028508e-06
1604163120776,2020-10-31T12:52:00.776,113.4,2.2436259815021916e-06,9.684628052953983e-07,1.987133100521832e-06
1604163120826,2020-10-31T12:52:00.826,113.45,1.99283578082427e-06,6.342064610392022e-07,2.164995722386036e-06
1604163120876,2020-10-31T12:52:00.876,113.5,1.8464992766818903e-06,-2.264329251064916e-07,1.8349993988058832e-06
1604163120926,2020-10-31T12:52:00.926,113.55,2.0323258104467364e-06,-7.311571927826032e-07,1.6924480307570442e-06
1604163120976,2020-10-31T12:52:00.976,113.6,2.180881762787109e-06,-4.3951529079727566e-07,2.1097786582822377e-06
1604163121026,2020-10-31T12:52:01.026,113.65,2.066493791319449e-06,1.70255282510507e-07,2.626930605799699e-06
1604163121076,2020-10-31T12:52:01.076,113.7,1.974465655086223e-06,4.777419410199256e-07,2.6266949660869114e-06
1604163121126,2020-10-31T12:52:01.126,113.75,2.127431504622599e-06,4.989249447114702e-07,2.242714183351008e-06
1604163121176,2020-10-31T12:52:01.176,113.8,2.352565039815657e-06,4.798656105790051e-07,2.127233411114988e-06
1604163121226,2020-10-31T12:52:01.226,113.85,2.472369267580923e-06,2.6186067349228146e-07,2.3381340463158647e-06
1604163121276,2020-10-31T12:52:01.276,113.9,2.515112322447965e-06,-2.861866511863903e-07,2.2837706267886415e-06
1604163121326,2020-10-31T12:52:01.326,113.95,2.460372693044107e-06,-6.808203077323712e-07,1.862290630943049e-06
1604163121376,2020-10-31T12:52:01.376,114.0,2.2377869117661384e-06,-4.529576714501104e-07,1.6418885255668549e-06
1604163121426,2020-10-31T12:52:01.426,114.05,1.9852048386381564e-06,2.7463843967438866e-09,1.82814656335828e-06
1604163121476,2020-10-31T12:52:01.476,114.1,1.8716736985988255e-06,-4.42269433288676e-09,2.0309511740740335e-06
1604163121526,2020-10-31T12:52:01.526,114.15,1.7764578195887932e-06,-3.656805385382962e-07,2.05662618841901e-06
1604163121576,2020-10-31T12:52:01.576,114.2,1.5547352335622756e-06,-4.6446175153080084e-07,2.093306133872577e-06
1604163121626,2020-10-31T12:52:01.626,114.25,1.379619108453455e-06,-2.8822863663754493e-07,2.1543623067304362e-06
1604163121676,2020-10-31T12:52:01.676,114.3,1.4513992573779511e-06,-3.4875284800175124e-07,2.0243529775010645e-06
1604163121726,2020-10-31T12:52:01.726,114.35,1.5951672933114759e-06,-6.388258711373878e-07,1.7314056873119998e-06
1604163121776,2020-10-31T12:52:01.776,114.4,1.4214916685990032e-06,-6.171728005011466e-07,1.4930679169973718e-06
1604163121826,2020-10-31T12:52:01.826,114.45,8.587052689702997e-07,-2.6422489850201425e-07,1.2402068178193693e-06
1604163121876,2020-10-31T12:52:01.876,114.5,3.6760992181056635e-07,-2.0289511418696691e-07,7.718075759054947e-07
1604163121926,2020-10-31T12:52:01.926,114.55,3.790432385574268e-07,-6.001271408404432e-07,2.1695712487310767e-07
1604163121976,2020-10-31T12:52:01.976,114.6,5.989409055231522e-07,-9.071124716970378e-07,-2.1303576778776476e-07
1604163122026,2020-10-31T12:52:02.026,114.65,3.9230791059431615e-07,-8.781356098844426e-07,-5.027957911455598e-07
1604163122076,2020-10-31T12:52:02.076,114.7,-1.5548362518428857e-07,-8.623429236975536e-07,-4.978977637867932e-07
1604163122126,2020-10-31T12:52:02.126,114.75,-3.117453699948455e-07,-1.0178007589549191e-06,-9.495293468111815e-08
1604163122176,2020-10-31T12:52:02.176,114.8,9.74264969242919e-08,-1.1731454556982413e-06,1.6224715805862246e-07
1604163122226,2020-10-31T12:52:02.226,114.85,4.234322641315182e-07,-1.2836455089230336e-06,-2.4842601309214e-07
1604163122276,2020-10-31T12:52:02.276,114.9,2.6269225017216293e-07,-1.2628283371399135e-06,-7.639033552593404e-07
1604163122326,2020-10-31T12:52:02.326,114.95,-2.7917003268876112e-08,-8.929571743876613e-07,-5.046248162357415e-07
1604163122376,2020-10-31T12:52:02.376,115.0,-1.5573284892020903e-08,-4.287355810214887e-07,2.39908672765845e-07
1604163122426,2020-10-31T12:52:02.426,115.05,2.2306420407559286e-07,-4.7463107255040993e-07,4.614627134049667e-07
1604163122476,2020-10-31T12:52:02.476,115.1,3.6102363142181995e-07,-1.0213059170830152e-06,4.514615252188925e-08
1604163122526,2020-10-31T12:52:02.526,115.15,3.066290949769094e-07,-1.4843747051935576e-06,-1.9131889675712078e-07
1604163122576,2020-10-31T12:52:02.576,115.2,2.2595474461702847e-07,-1.5823269702372947e-06,1.6006608202391135e-07
1604163122626,2020-10-31T12:52:02.626,115.25,2.2818672481964227e-07,-1.40824632610255e-06,6.835328027053929e-07
1604163122676,2020-10-31T12:52:02.676,115.3,2.3986528628108777e-07,-1.0024684655538545e-06,8.96028590773365e-07
1604163122726,2020-10-31T12:52:02.726,115.35,1.9967353891018953e-07,-4.5087718136293505e-07,7.660612134785733e-07
1604163122776,2020-10-31T12:52:02.776,115.4,2.0665477677994744e-07,-9.21304288645641e-08,5.986760320118262e-07
1604163122826,2020-10-31T12:52:02.826,115.45,3.591791193636345e-07,-2.124967932647403e-07,6.119374237470836e-07
1604163122876,2020-10-31T12:52:02.876,115.5,5.840267429524521e-07,-6.192019836530099e-07,6.47155340314837e-07
1604163122926,2020-10-31T12:52:02.926,115.55,7.623666151731467e-07,-8.173931472769171e-07,5.662074987065966e-07
1604163122976,2020-10-31T12:52:02.976,115.6,8.549803829115034e-07,-6.442663984449788e-07,7.001247534863373e-07
1604163123026,2020-10-31T12:52:03.026,115.65,8.037462646667322e-07,-3.9050590097328985e-07,1.2597585483043243e-06
1604163123076,2020-10-31T12:52:03.076,115.7,5.372171611107229e-07,-2.764710602544533e-07,1.6811891603879485e-06
1604163123126,2020-10-31T12:52:03.126,115.75,1.577059373582792e-07,-2.271834508543877e-07,1.3411594444373365e-06
1604163123176,2020-10-31T12:52:03.176,115.8,-6.812122989335254e-08,-1.7773087045064453e-07,5.568475801029177e-07
1604163123226,2020-10-31T12:52:03.226,115.85,4.512398362511772e-08,-2.315606877007612e-07,1.9899829967895622e-07
1604163123276,2020-10-31T12:52:03.276,115.9,4.481189194645555e-07,-4.7364595149047764e-07,5.920923098655459e-07
1604163123326,2020-10-31T12:52:03.326,115.95,9.00005481321169e-07,-8.294284724633535e-07,1.3082994651523407e-06
1604163123376,2020-10-31T12:52:03.376,116.0,1.1485729415799564e-06,-1.109015466660966e-06,1.8621268815065544e-06
1604163123426,2020-10-31T12:52:03.426,116.05,1.186652821467133e-06,-1.093166260510962e-06,2.150232336238505e-06
1604163123476,2020-10-31T12:52:03.476,116.1,1.2661280589410036e-06,-7.206583215444437e-07,2.237872870539015e-06
1604163123526,2020-10-31T12:52:03.526,116.15,1.502176004870286e-06,-3.074435546541438e-07,2.1417998292422147e-06
1604163123576,2020-10-31T12:52:03.576,116.2,1.6687500455169586e-06,-2.8607969370632895e-07,1.984813976060444e-06
1604163123626,2020-10-31T12:52:03.626,116.25,1.595850496695973e-06,-6.31085454289858e-07,2.0439468174477542e-06
1604163123676,2020-10-31T12:52:03.676,116.3,1.46671246842489e-06,-9.660677234134297e-07,2.3636991125269118e-06
1604163123726,2020-10-31T12:52:03.726,116.35,1.5454794156864878e-06,-1.203266167810341e-06,2.5545831798507825e-06
1604163123776,2020-10-31T12:52:03.776,116.4,1.940790365126077e-06,-1.5158494586660178e-06,2.3378781049304613e-06
1604163123826,2020-10-31T12:52:03.826,116.45,2.6237596568018043e-06,-1.7974430074482405e-06,2.047378512517378e-06
1604163123876,2020-10-31T12:52:03.876,116.5,3.301890010385899e-06,-1.7359868680344198e-06,2.117061785581281e-06
1604163123926,2020-10-31T12:52:03.926,116.55,3.5011637158406398e-06,-1.37373645613462e-06,2.377189422336775e-06
1604163123976,2020-10-31T12:52:03.976,116.6,3.185129633044097e-06,-1.1820133409142105e-06,2.4415275551395812e-06
1604163124026,2020-10-31T12:52:04.026,116.65,2.891138178519731e-06,-1.4706399009465359e-06,2.3867295594129016e-06
1604163124076,2020-10-31T12:52:04.076,116.7,2.9143610622052543e-06,-1.9144430288750478e-06,2.407072462013456e-06
1604163124126,2020-10-31T12:52:04.126,116.75,2.986722573256691e-06,-1.9767127024562896e-06,2.3421415633176247e-06
1604163124176,2020-10-31T12:52:04.176,116.8,2.9396044863845718e-06,-1.7077258727577923e-06,2.164337943640875e-06
1604163124226,2020-10-31T12:52:04.226,116.85,2.8747885061672937e-06,-1.619433202863996e-06,2.2293402609108195e-06
1604163124276,2020-10-31T12:52:04.276,116.9,2.76148886714391e-06,-1.8981513362731634e-06,2.5270048546806936e-06
1604163124326,2020-10-31T12:52:04.326,116.95,2.6306036830619916e-06,-2.277563693368056e-06,2.5366980830911947e-06
1604163124376,2020-10-31T12:52:04.376,117.0,2.7628196952469482e-06,-2.4328108070386736e-06,2.231728639989877e-06
1604163124426,2020-10-31T12:52:04.426,117.05,3.137793034259711e-06,-2.1706222210040285e-06,2.268164894591086e-06
1604163124476,2020-10-31T12:52:04.476,117.1,3.289177784645803e-06,-1.6536562916854732e-06,2.8052767890060385e-06
1604163124526,2020-10-31T12:52:04.526,117.15,3.0086511322157425e-06,-1.4520645958687776e-06,3.1172724361466144e-06
1604163124576,2020-10-31T12:52:04.576,117.2,2.669664111622493e-06,-1.8542471568056375e-06,2.7979530309174453e-06
1604163124626,2020-10-31T12:52:04.626,117.25,2.711104606125012e-06,-2.362607689650972e-06,2.4651077656696994e-06
1604163124676,2020-10-31T12:52:04.676,117.3,3.1118119988703697e-06,-2.3914000628573313e-06,2.7242391781108255e-06
1604163124726,2020-10-31T12:52:04.726,117.35,3.4559408717985284e-06,-2.1093795360146113e-06,3.106726495650253e-06
1604163124776,2020-10-31T12:52:04.776,117.4,3.412594562643997e-06,-2.093131828126304e-06,2.7828673460913474e-06
1604163124826,2020-10-31T12:52:04.826,117.45,3.099847418229714e-06,-2.4580365735979426e-06,1.980718642414867e-06
1604163124876,2020-10-31T12:52:04.876,117.5,2.9264308100826838e-06,-2.759815595495922e-06,1.759375613427667e-06
1604163124926,2020-10-31T12:52:04.926,117.55,3.080562683098776e-06,-2.62825883072028e-06,2.40019939484585e-06
1604163124976,2020-10-31T12:52:04.976,117.6,3.3412298559703684e-06,-2.252882381896794e-06,3.0281204748606323e-06
1604163125026,2020-10-31T12:52:05.026,117.65,3.4385570763372874e-06,-2.1311714219701395e-06,2.9904363614516162e-06
1604163125076,2020-10-31T12:52:05.076,117.7,3.3591279917972818e-06,-2.370715879358661e-06,2.65189042802798e-06
1604163125126,2020-10-31T12:52:05.126,117.75,3.217097137185032e-06,-2.5554669867787145e-06,2.5491984530677807e-06
1604163125176,2020-10-31T12:52:05.176,117.8,3.0561004568299053e-06,-2.393194395498287e-06,2.5852459063132833e-06
1604163125226,2020-10-31T12:52:05.226,117.85,2.8685369243272743e-06,-2.1140107818231844e-06,2.4382954183072046e-06
1604163125276,2020-10-31T12:52:05.276,117.9,2.712016266158923e-06,-2.1601016220379962e-06,2.1741687956447486e-06
1604163125326,2020-10-31T12:52:05.326,117.95,2.7374721557056017e-06,-2.7110512054541317e-06,2.099018556820768e-06
1604163125376,2020-10-31T12:52:05.376,118.0,2.9971206597714557e-06,-3.3879543730939787e-06,2.328411084566479e-06
1604163125426,2020-10-31T12:52:05.426,118.05,3.2435734823201292e-06,-3.4896401023373305e-06,2.622160716822221e-06
1604163125476,2020-10-31T12:52:05.476,118.1,3.1468459773055382e-06,-2.9065243738505492e-06,2.5521582965947817e-06
1604163125526,2020-10-31T12:52:05.526,118.15,2.7277661693464474e-06,-2.423584042220383e-06,2.0706741731271267e-06
1604163125576,2020-10-31T12:52:05.576,118.2,2.381213124767952e-06,-2.570764730114976e-06,1.827545175482876e-06
1604163125626,2020-10-31T12:52:05.626,118.25,2.4347870330357713e-06,-2.8719092460663323e-06,2.344994486625156e-06
1604163125676,2020-10-31T12:52:05.676,118.3,2.7562904701601664e-06,-2.8817781011763728e-06,3.091888362024705e-06
1604163125726,2020-10-31T12:52:05.726,118.35,2.8970514324837034e-06,-2.9682971835840102e-06,3.1419442413483053e-06
1604163125776,2020-10-31T12:52:05.776,118.4,2.691579964950119e-06,-3.3299393899421866e-06,2.498172679939981e-06
1604163125826,2020-10-31T12:52:05.826,118.45,2.5175524764720237e-06,-3.439309239500811e-06,2.0533416646657122e-06
1604163125876,2020-10-31T12:52:05.876,118.5,2.7790560944642448e-06,-3.1407478291018244e-06,2.3835691723144626e-06
1604163125926,2020-10-31T12:52:05.926,118.55,3.3342449564692243e-06,-2.986657569490626e-06,3.067495785032783e-06
1604163125976,2020-10-31T12:52:05.976,118.6,3.6713213472085373e-06,-3.094867594428432e-06,3.2958835091328214e-06
1604163126026,2020-10-31T12:52:06.026,118.65,3.5980432199363063e-06,-3.058755571786328e-06,2.910134184128691e-06
1604163126076,2020-10-31T12:52:06.076,118.7,3.4892814774406717e-06,-2.9874639191008933e-06,2.4984134186843195e-06
1604163126126,2020-10-31T12:52:06.126,118.75,3.6784858872815455e-06,-3.2446414024558506e-06,2.5488438512640574e-06
1604163126176,2020-10-31T12:52:06.176,118.8,3.928903855884863e-06,-3.4639908132529908e-06,2.916084808125839e-06
1604163126226,2020-10-31T12:52:06.226,118.85,3.85964861681955e-06,-3.0803009148334505e-06,3.1258355703807615e-06
1604163126276,2020-10-31T12:52:06.276,118.9,3.5393484838920747e-06,-2.413640717441191e-06,2.969570692332487e-06
1604163126326,2020-10-31T12:52:06.326,118.95,3.2852574119466435e-06,-2.2303183283652097e-06,2.732232950673106e-06
1604163126376,2020-10-31T12:52:06.376,119.0,3.1981775057919167e-06,-2.6206851588531734e-06,2.765500083949928e-06
1604163126426,2020-10-31T12:52:06.426,119.05,3.1600377758397414e-06,-3.0646660014247263e-06,2.9692245481143935e-06
1604163126476,2020-10-31T12:52:06.476,119.1,3.079433999142117e-06,-3.3080915480097375e-06,2.9481388986439086e-06
1604163126526,2020-10-31T12:52:06.526,119.15,3.0123098991644086e-06,-3.556601334687146e-06,2.4762521797258265e-06
1604163126576,2020-10-31T12:52:06.576,119.2,3.0573683288316246e-06,-3.980552096984154e-06,1.6427596127533301e-06
1604163126626,2020-10-31T12:52:06.626,119.25,3.1538222258094376e-06,-4.4852508763394605e-06,8.442556833965762e-07
1604163126676,2020-10-31T12:52:06.676,119.3,3.161112482130114e-06,-4.856033453681803e-06,5.841828036899442e-07
1604163126726,2020-10-31T12:52:06.726,119.35,3.1313836598805563e-06,-4.952730940168732e-06,9.096122328288053e-07
1604163126776,2020-10-31T12:52:06.776,119.4,3.207562972238243e-06,-4.921774767436365e-06,1.2539866052893539e-06
1604163126826,2020-10-31T12:52:06.826,119.45,3.336322341980359e-06,-5.081002878157076e-06,1.2073000945032386e-06
1604163126876,2020-10-31T12:52:06.876,119.5,3.4100638236038976e-06,-5.366963892852924e-06,1.0977253061517675e-06
1604163126926,2020-10-31T12:52:06.926,119.55,3.511474684642086e-06,-5.317753204471885e-06,1.3575420917706e-06
1604163126976,2020-10-31T12:52:06.976,119.6,3.6898961202483843e-06,-4.891543198680578e-06,1.7421360128893143e-06
1604163127026,2020-10-31T12:52:07.026,119.65,3.7323666183938897e-06,-4.666442319655861e-06,1.7898018970353922e-06
1604163127076,2020-10-31T12:52:07.076,119.7,3.490389789469435e-06,-4.898839760175012e-06,1.610665516739232e-06
1604163127126,2020-10-31T12:52:07.126,119.75,3.2084518119457437e-06,-5.136785763853773e-06,1.5528422113387714e-06
1604163127176,2020-10-31T12:52:07.176,119.8,3.1790420913338147e-06,-5.050603907093675e-06,1.5949424811924923e-06
1604163127226,2020-10-31T12:52:07.226,119.85,3.236625582951957e-06,-4.816891872789086e-06,1.649195338862986e-06
1604163127276,2020-10-31T12:52:07.276,119.9,3.009007529710324e-06,-4.5345995890198424e-06,1.849190867878161e-06
1604163127326,2020-10-31T12:52:07.326,119.95,2.617118603240053e-06,-4.192497140027641e-06,2.1243950870725073e-06
1604163127376,2020-10-31T12:52:07.376,120.0,2.6004888467834283e-06,-4.181446265062317e-06,2.1381618284037274e-06
1604163127426,2020-10-31T12:52:07.426,120.05,3.043169947093881e-06,-4.785737817209939e-06,1.8714375686904364e-06
1604163127476,2020-10-31T12:52:07.476,120.1,3.3580875578393645e-06,-5.391032148996101e-06,1.6948719910748652e-06
1604163127526,2020-10-31T12:52:07.526,120.15,3.168515962295369e-06,-5.266255169028213e-06,1.7559302955716141e-06
1604163127576,2020-10-31T12:52:07.576,120.2,2.774804324685912e-06,-4.685963090065624e-06,1.780669336457357e-06
1604163127626,2020-10-31T12:52:07.626,120.25,2.4410714405433936e-06,-4.3550290644079796e-06,1.6307156841049796e-06
1604163127676,2020-10-31T12:52:07.676,120.3,1.9440735220981483e-06,-4.289923750037877e-06,1.5677198557107508e-06
1604163127726,2020-10-31T12:52:07.726,120.35,1.138416631434688e-06,-3.8818493971816684e-06,1.61985919579511e-06
1604163127776,2020-10-31T12:52:07.776,120.4,7.908266924437047e-08,-2.637249925539455e-06,1.2221826881977091e-06
1604163127826,2020-10-31T12:52:07.826,120.45,-1.5848635492454992e-06,-7.610655572411465e-07,-2.5783080362981953e-08
1604163127876,2020-10-31T12:52:07.876,120.5,-4.1989337762450605e-06,8.723417402418056e-07,-1.8278267581643485e-06
1604163127926,2020-10-31T12:52:07.926,120.55,-7.109811925846674e-06,1.8243253290369572e-06,-3.725218444137859e-06
1604163127976,2020-10-31T12:52:07.976,120.6,-9.320231525046827e-06,2.91329176681969e-06,-5.394141240588842e-06
1604163128026,2020-10-31T12:52:08.026,120.65,-1.0826436771601252e-05,4.958127546173846e-06,-6.474512972867687e-06
1604163128076,2020-10-31T12:52:08.076,120.7,-1.2144545164050168e-05,7.299082066108416e-06,-7.075012639406722e-06
1604163128126,2020-10-31T12:52:08.126,120.75,-1.3123956374479275e-05,8.785986993708176e-06,-7.980906654099425e-06
1604163128176,2020-10-31T12:52:08.176,120.8,-1.3362337093379985e-05,9.496804439426383e-06,-9.452244554208844e-06
1604163128226,2020-10-31T12:52:08.226,120.85,-1.3276928557069005e-05,1.033152914140805e-05,-1.0782655428950144e-05
1604163128276,2020-10-31T12:52:08.276,120.9,-1.3785858282431394e-05,1.1628496294966777e-05,-1.1710139968220836e-05
1604163128326,2020-10-31T12:52:08.326,120.95,-1.5033902615321986e-05,1.3119678863356962e-05,-1.2845758836270828e-05
1604163128376,2020-10-31T12:52:08.376,121.0,-1.609378757077942e-05,1.462013459540639e-05,-1.428608332756272e-05
1604163128426,2020-10-31T12:52:08.426,121.05,-1.618190072988937e-05,1.5985959155622308e-05,-1.5384214145721745e-05
1604163128476,2020-10-31T12:52:08.476,121.1,-1.5712107684462348e-05,1.6877489305916326e-05,-1.609771312721141e-05
1604163128526,2020-10-31T12:52:08.526,121.15,-1.561692060767838e-05,1.7193822623534225e-05,-1.704126482349097e-05
1604163128576,2020-10-31T12:52:08.576,121.2,-1.6006365304948067e-05,1.7368669435125643e-05,-1.8132669070282e-05
1604163128626,2020-10-31T12:52:08.626,121.25,-1.621226933073827e-05,1.7777854398766075e-05,-1.8640431106867335e-05
1604163128676,2020-10-31T12:52:08.676,121.3,-1.5885097958100383e-05,1.82684150040931e-05,-1.867133842721861e-05
1604163128726,2020-10-31T12:52:08.726,121.35,-1.5380391107876257e-05,1.8613691785922983e-05,-1.9138912388523547e-05
1604163128776,2020-10-31T12:52:08.776,121.4,-1.5213001180994631e-05,1.890279857013654e-05,-2.0086237520166676e-05
1604163128826,2020-10-31T12:52:08.826,121.45,-1.5527758843359822e-05,1.9215480281072564e-05,-2.061746498673239e-05
1604163128876,2020-10-31T12:52:08.876,121.5,-1.5981701866226954e-05,1.9437993496023206e-05,-2.064998865085226e-05
1604163128926,2020-10-31T12:52:08.926,121.55,-1.603711216887183e-05,1.9502708677513496e-05,-2.102705057056839e-05
1604163128976,2020-10-31T12:52:08.976,121.6,-1.558268576090474e-05,1.9390427327298376e-05,-2.1790115215710073e-05
1604163129026,2020-10-31T12:52:09.026,121.65,-1.5178368427578386e-05,1.8970945254483732e-05,-2.2035938003855763e-05
1604163129076,2020-10-31T12:52:09.076,121.7,-1.5322583227545032e-05,1.8175767939967897e-05,-2.151396539522801e-05
1604163129126,2020-10-31T12:52:09.126,121.75,-1.5700159419759276e-05,1.725157384820889e-05,-2.08774825780338e-05
1604163129176,2020-10-31T12:52:09.176,121.8,-1.570442123594268e-05,1.6560857594167868e-05,-2.0408456701657813e-05
1604163129226,2020-10-31T12:52:09.226,121.85,-1.543047703650234e-05,1.603480808057756e-05,-1.9630146910915155e-05
1604163129276,2020-10-31T12:52:09.276,121.9,-1.542982169971383e-05,1.5089463416291393e-05,-1.8107333207805543e-05
1604163129326,2020-10-31T12:52:09.326,121.95,-1.5649779253799487e-05,1.3433317503123119e-05,-1.5945873194317048e-05
1604163129376,2020-10-31T12:52:09.376,122.0,-1.539938216591249e-05,1.1636613295025525e-05,-1.3573190950992235e-05
1604163129426,2020-10-31T12:52:09.426,122.05,-1.4386891254972016e-05,1.0314852801093188e-05,-1.1349282344333683e-05
1604163129476,2020-10-31T12:52:09.476,122.1,-1.3127295420086465e-05,9.239017569625204e-06,-9.343495733153744e-06
1604163129526,2020-10-31T12:52:09.526,122.15,-1.2164744758095146e-05,7.980276457663538e-06,-7.420682997766921e-06
1604163129576,2020-10-31T12:52:09.576,122.2,-1.133105250956339e-05,6.740303164827819e-06,-5.6558672010872125e-06
1604163129626,2020-10-31T12:52:09.626,122.25,-1.0122491280423283e-05,5.854396041027498e-06,-4.451443744171597e-06
1604163129676,2020-10-31T12:52:09.676,122.3,-8.67603537393936e-06,5.225287235810144e-06,-3.812919296326925e-06
1604163129726,2020-10-31T12:52:09.726,122.35,-7.6942484801046e-06,4.666357722733259e-06,-2.940002415610752e-06
1604163129776,2020-10-31T12:52:09.776,122.4,-7.1964908150357514e-06,4.098787137318027e-06,-1.3798289639751402e-06
1604163129826,2020-10-31T12:52:09.826,122.45,-6.3876814618254745e-06,3.326319227647961e-06,-7.761013320652386e-08
1604163129876,2020-10-31T12:52:09.876,122.5,-5.211481399881609e-06,2.320314750314955e-06,-1.4762093013042537e-07
1604163129926,2020-10-31T12:52:09.926,122.55,-4.627582789257498e-06,1.5537050278160135e-06,-1.0374290850933409e-06
1604163129976,2020-10-31T12:52:09.976,122.6,-4.7477975825270345e-06,1.2780487762144706e-06,-1.1440811762890795e-06
1604163130026,2020-10-31T12:52:10.026,122.65,-4.369442633482026e-06,9.15610772972936e-07,3.790665946395407e-08
1604163130076,2020-10-31T12:52:10.076,122.7,-3.0025047519652246e-06,3.9063681221175224e-08,1.5160042138288771e-06
1604163130126,2020-10-31T12:52:10.126,122.75,-1.6438750214002489e-06,-7.656109617102688e-07,2.315165518452019e-06
1604163130176,2020-10-31T12:52:10.176,122.8,-1.0611929895843413e-06,-8.888823184541074e-07,2.4145063611376005e-06
1604163130226,2020-10-31T12:52:10.226,122.85,-8.624664055290235e-07,-7.148693515946775e-07,2.2992582158642704e-06
1604163130276,2020-10-31T12:52:10.276,122.9,-4.947164355238027e-07,-9.163441128290059e-07,2.2971130763833565e-06
1604163130326,2020-10-31T12:52:10.326,122.95,8.08489456445382e-08,-1.4313819758268523e-06,2.376099822371857e-06
1604163130376,2020-10-31T12:52:10.376,123.0,7.307039106949715e-07,-1.6813068161973854e-06,2.33193461777052e-06
1604163130426,2020-10-31T12:52:10.426,123.05,1.2301866976742607e-06,-1.4273533825444924e-06,2.206744917066356e-06
1604163130476,2020-10-31T12:52:10.476,123.1,1.1726357309814094e-06,-1.0149052905168342e-06,2.3586933765342614e-06
1604163130526,2020-10-31T12:52:10.526,123.15,5.945196072567464e-07,-8.342580322164542e-07,2.889151038378301e-06
1604163130576,2020-10-31T12:52:10.576,123.2,2.9920836096958694e-07,-8.724403687572032e-07,3.414866404792528e-06
1604163130626,2020-10-31T12:52:10.626,123.25,7.310736208443164e-07,-8.890779515969875e-07,3.653442976583886e-06
1604163130676,2020-10-31T12:52:10.676,123.3,1.1681784520844493e-06,-7.257658827093922e-07,3.658274709924178e-06
1604163130726,2020-10-31T12:52:10.726,123.35,9.624529439036643e-07,-3.852794850420382e-07,3.4694027957021533e-06
1604163130776,2020-10-31T12:52:10.776,123.4,7.462089645610679e-07,-8.903555966542164e-08,3.221667054698578e-06
1604163130826,2020-10-31T12:52:10.826,123.45,1.3328904972737207e-06,-1.4271010564166938e-07,3.307714520847557e-06
1604163130876,2020-10-31T12:52:10.876,123.5,2.2466392321316245e-06,-4.78006329059655e-07,3.7764196796041605e-06
1604163130926,2020-10-31T12:52:10.926,123.55,2.4965589009114997e-06,-6.221595416610275e-07,4.075624567655312e-06
1604163130976,2020-10-31T12:52:10.976,123.6,2.172258224322863e-06,-3.8939121106469534e-07,3.9129118154255015e-06
1604163131026,2020-10-31T12:52:11.026,123.65,2.1839086256313434e-06,-2.3376558288880887e-07,3.7388128999812766e-06
1604163131076,2020-10-31T12:52:11.076,123.7,2.8308464890190786e-06,-6.279272383324441e-07,3.930070972975334e-06
1604163131126,2020-10-31T12:52:11.126,123.75,3.568267936068706e-06,-1.3797651892482517e-06,4.146404906776324e-06
1604163131176,2020-10-31T12:52:11.176,123.8,3.970507133786846e-06,-1.8765115739250283e-06,3.9616182779279284e-06
1604163131226,2020-10-31T12:52:11.226,123.85,4.1268900572649156e-06,-1.8884278882470274e-06,3.590396201143519e-06
1604163131276,2020-10-31T12:52:11.276,123.9,4.1490148246128275e-06,-1.7939303704788694e-06,3.5172896057607813e-06
1604163131326,2020-10-31T12:52:11.326,123.95,3.9628308235438825e-06,-1.9318978584106845e-06,3.7453486659611717e-06
1604163131376,2020-10-31T12:52:11.376,124.0,3.680900733616665e-06,-2.0921459412090015e-06,3.852301179877466e-06
1604163131426,2020-10-31T12:52:11.426,124.05,3.6254092764434876e-06,-1.951318777939631e-06,3.67543578135786e-06
1604163131476,2020-10-31T12:52:11.476,124.1,3.7973073937212037e-06,-1.6843341463610534e-06,3.485392786002499e-06
1604163131526,2020-10-31T12:52:11.526,124.15,3.844427372315157e-06,-1.6534832231911475e-06,3.4230179221160076e-06
1604163131576,2020-10-31T12:52:11.576,124.2,3.725975733312253e-06,-1.780668377097632e-06,3.332062550097627e-06
1604163131626,2020-10-31T12:52:11.626,124.25,3.794127019714089e-06,-1.795875044235723e-06,3.237920659121242e-06
1604163131676,2020-10-31T12:52:11.676,124.3,4.080012589898128e-06,-1.778457715877465e-06,3.288683774419096e-06
1604163131726,2020-10-31T12:52:11.726,124.35,4.150210776336881e-06,-1.9006632654555368e-06,3.311379685825609e-06
1604163131776,2020-10-31T12:52:11.776,124.4,3.7887585263690202e-06,-2.035041497514416e-06,3.187596778304848e-06
1604163131826,2020-10-31T12:52:11.826,124.45,3.298628662026076e-06,-2.000074260600759e-06,3.2629213450122053e-06
1604163131876,2020-10-31T12:52:11.876,124.5,3.0672424166735104e-06,-1.7575569079306567e-06,3.6587149908185067e-06
1604163131926,2020-10-31T12:52:11.926,124.55,3.197052958492579e-06,-1.3460371604392294e-06,3.868168386789546e-06
1604163131976,2020-10-31T12:52:11.976,124.6,3.534199491917426e-06,-1.0576495421131329e-06,3.637092367034096e-06
1604163132026,2020-10-31T12:52:12.026,124.65,3.786941266070955e-06,-1.284163481907567e-06,3.3738786486981733e-06
1604163132076,2020-10-31T12:52:12.076,124.7,3.7596495189405007e-06,-1.82013471739492e-06,3.3053938673358965e-06
1604163132126,2020-10-31T12:52:12.126,124.75,3.623454247045107e-06,-1.9976987334427987e-06,3.1958322656384583e-06
1604163132176,2020-10-31T12:52:12.176,124.8,3.617819084199281e-06,-1.6913287291510126e-06,2.9969134517733964e-06
1604163132226,2020-10-31T12:52:12.226,124.85,3.5727343259284316e-06,-1.4063341089470617e-06,2.8843134353808855e-06
1604163132276,2020-10-31T12:52:12.276,124.9,3.3048559381548626e-06,-1.432792686388684e-06,2.8536159628631242e-06
1604163132326,2020-10-31T12:52:12.326,124.95,3.102590321119782e-06,-1.6232656899194697e-06,2.873600545995152e-06
1604163132376,2020-10-31T12:52:12.376,125.0,3.1580310993848582e-06,-1.7660638114504166e-06,3.0059370668321915e-06
1604163132426,2020-10-31T12:52:12.426,125.05,3.172029550291135e-06,-1.7355674595926202e-06,3.120111618887819e-06
1604163132476,2020-10-31T12:52:12.476,125.1,3.000144414618495e-06,-1.5821478294437267e-06,2.990451999752413e-06
1604163132526,2020-10-31T12:52:12.526,125.15,2.833184062341864e-06,-1.5333973924307652e-06,2.710119630881472e-06
1604163132576,2020-10-31T12:52:12.576,125.2,2.6075684650413103e-06,-1.6653560395554144e-06,2.546937449767899e-06
1604163132626,2020-10-31T12:52:12.626,125.25,2.2046512441766326e-06,-1.8186201577230587e-06,2.453810615298543e-06
1604163132676,2020-10-31T12:52:12.676,125.3,2.0047276676996155e-06,-1.8916533395972252e-06,2.1998599537653953e-06
1604163132726,2020-10-31T12:52:12.726,125.35,2.305008037154382e-06,-1.860915030666905e-06,1.9184954290016045e-06
1604163132776,2020-10-31T12:52:12.776,125.4,2.692523331684299e-06,-1.695273793089425e-06,1.983317995018015e-06
1604163132826,2020-10-31T12:52:12.826,125.45,2.7055750308337322e-06,-1.549495045759107e-06,2.3254126577987396e-06
1604163132876,2020-10-31T12:52:12.876,125.5,2.475731396269802e-06,-1.6556660766335227e-06,2.412548107885725e-06
1604163132926,2020-10-31T12:52:12.926,125.55,2.3300349385314094e-06,-1.8482485702908658e-06,2.0655556164999774e-06
1604163132976,2020-10-31T12:52:12.976,125.6,2.3106246954997603e-06,-1.7128229470142541e-06,1.7945444691066927e-06
1604163133026,2020-10-31T12:52:13.026,125.65,2.240861810275366e-06,-1.2607637659763414e-06,1.971299895654304e-06
1604163133076,2020-10-31T12:52:13.076,125.7,2.0352991203600136e-06,-8.947644460947817e-07,2.215890552218359e-06
1604163133126,2020-10-31T12:52:13.126,125.75,1.882073020713732e-06,-7.894628563363135e-07,2.1157237735804705e-06
1604163133176,2020-10-31T12:52:13.176,125.8,2.021893089288512e-06,-8.873309666022949e-07,1.8524634069675103e-06
1604163133226,2020-10-31T12:52:13.226,125.85,2.3640197325086633e-06,-1.25692076683888e-06,1.633724710617358e-06
1604163133276,2020-10-31T12:52:13.276,125.9,2.5057625096584572e-06,-1.8219562606621697e-06,1.4011187688728657e-06
1604163133326,2020-10-31T12:52:13.326,125.95,2.1909511660932896e-06,-2.106191780276251e-06,1.3654059630413689e-06
1604163133376,2020-10-31T12:52:13.376,126.0,1.6854371626593344e-06,-1.8836232712412679e-06,1.7657783284325453e-06
1604163133426,2020-10-31T12:52:13.426,126.05,1.5053710013818503e-06,-1.6040484001889786e-06,2.1059737364019454e-06
1604163133476,2020-10-31T12:52:13.476,126.1,1.7115967808995524e-06,-1.6162752805245889e-06,1.7909532898755428e-06
1604163133526,2020-10-31T12:52:13.526,126.15,1.8641480143399194e-06,-1.6043452893932862e-06,1.2809481365734267e-06
1604163133576,2020-10-31T12:52:13.576,126.2,1.7801495160620176e-06,-1.2859325488088988e-06,1.4160652360331999e-06
1604163133626,2020-10-31T12:52:13.626,126.25,1.721354342708216e-06,-9.7411798514507e-07,1.971991062276988e-06
1604163133676,2020-10-31T12:52:13.676,126.3,1.7337301596949158e-06,-1.0230843074962905e-06,2.06616133494359e-06
1604163133726,2020-10-31T12:52:13.726,126.35,1.6034807207676938e-06,-1.2543030445385023e-06,1.6369291657540092e-06
1604163133776,2020-10-31T12:52:13.776,126.4,1.5039456945881827e-06,-1.2610550934540447e-06,1.3871587867105467e-06
1604163133826,2020-10-31T12:52:13.826,126.45,1.771252388647946e-06,-1.0337097725974232e-06,1.4813326418721776e-06
1604163133876,2020-10-31T12:52:13.876,126.5,2.140926827109874e-06,-9.431060066347954e-07,1.4049062868613368e-06
1604163133926,2020-10-31T12:52:13.926,126.55,2.122111015690841e-06,-1.0537490324695054e-06,1.0647884280359054e-06
1604163133976,2020-10-31T12:52:13.976,126.6,1.7901440331969074e-06,-9.513391650170573e-07,9.78483882019038e-07
1604163134026,2020-10-31T12:52:14.026,126.65,1.4307188631112608e-06,-5.44218509116098e-07,1.3157436184422617e-06
1604163134076,2020-10-31T12:52:14.076,126.7,1.0785541720682733e-06,-4.121114723941205e-07,1.6209241837678385e-06
1604163134126,2020-10-31T12:52:14.126,126.75,9.595240463524772e-07,-9.183461748429572e-07,1.5525164325490455e-06
1604163134176,2020-10-31T12:52:14.176,126.8,1.3786611037103371e-06,-1.5394120278682657e-06,1.2865429747904197e-06
1604163134226,2020-10-31T12:52:14.226,126.85,1.8918098532858386e-06,-1.5752028973977218e-06,1.1337019256316248e-06
1604163134276,2020-10-31T12:52:14.276,126.9,1.7681327757537247e-06,-1.155381654040484e-06,1.1487203607813376e-06
1604163134326,2020-10-31T12:52:14.326,126.95,1.245125497090394e-06,-9.813675949406252e-07,1.191636326576407e-06
1604163134376,2020-10-31T12:52:14.376,127.0,1.0833371969980334e-06,-1.2098346862546012e-06,1.1503733815710708e-06
1604163134426,2020-10-31T12:52:14.426,127.05,1.155420473780771e-06,-1.2798954681000906e-06,1.0263267647192863e-06
1604163134476,2020-10-31T12:52:14.476,127.1,8.162747813487802e-07,-9.6977835043857e-07,9.050458566870402e-07
1604163134526,2020-10-31T12:52:14.526,127.15,2.861636375076451e-07,-8.515280992487147e-07,8.755265107589974e-07
1604163134576,2020-10-31T12:52:14.576,127.2,3.02595858330337e-07,-1.3133989345791649e-06,9.305895024873083e-07
1604163134626,2020-10-31T12:52:14.626,127.25,8.674743873260055e-07,-1.8164759447811627e-06,9.65122948049593e-07
1604163134676,2020-10-31T12:52:14.676,127.3,1.4407030674180487e-06,-1.6849416472329761e-06,9.012723009473687e-07
1604163134726,2020-10-31T12:52:14.726,127.35,1.7209029070753906e-06,-1.1585049639666915e-06,7.419942649312119e-07
1604163134776,2020-10-31T12:52:14.776,127.4,1.6094988806504112e-06,-1.006957506575298e-06,5.125614732996676e-07
1604163134826,2020-10-31T12:52:14.826,127.45,1.1879142172509817e-06,-1.3798651302056639e-06,3.08311740103623e-07
1604163134876,2020-10-31T12:52:14.876,127.5,8.888474459299917e-07,-1.7201480594613105e-06,3.0043776237830603e-07
1604163134926,2020-10-31T12:52:14.926,127.55,1.0334087589462545e-06,-1.6680884033252722e-06,4.676536910338084e-07
1604163134976,2020-10-31T12:52:14.976,127.6,1.3904153924249384e-06,-1.4112893034330695e-06,5.605571259684708e-07
1604163135026,2020-10-31T12:52:15.026,127.65,1.562768486191777e-06,-1.1984224305921202e-06,5.247651438334867e-07
1604163135076,2020-10-31T12:52:15.076,127.7,1.4487516273930495e-06,-1.0559199179101257e-06,5.436778504440381e-07
1604163135126,2020-10-31T12:52:15.126,127.75,1.2017765530816748e-06,-1.0262253729156246e-06,5.834762949996117e-07
1604163135176,2020-10-31T12:52:15.176,127.8,1.0695027918160366e-06,-1.2514790181350091e-06,4.6178661526645064e-07
1604163135226,2020-10-31T12:52:15.226,127.85,1.2275649317263403e-06,-1.6807620919226276e-06,3.713028840779191e-07
1604163135276,2020-10-31T12:52:15.276,127.9,1.541776502068617e-06,-1.977040795260267e-06,7.05816446365516e-07
1604163135326,2020-10-31T12:52:15.326,127.95,1.6368784656080613e-06,-1.9063142933458608e-06,1.2944465218381636e-06
1604163135376,2020-10-31T12:52:15.376,128.0,1.3558006536728814e-06,-1.6588905910863395e-06,1.4295868033025703e-06
1604163135426,2020-10-31T12:52:15.426,128.05,9.755383297789273e-07,-1.532858108301591e-06,9.092713735316309e-07
1604163135476,2020-10-31T12:52:15.476,128.1,8.639114530727921e-07,-1.4634085460657057e-06,4.672564278002469e-07
1604163135526,2020-10-31T12:52:15.526,128.15,1.0875168986753216e-06,-1.2746779716583478e-06,7.341944954206749e-07
1604163135576,2020-10-31T12:52:15.576,128.2,1.4023399946182912e-06,-1.1667791747698905e-06,1.2915984544139435e-06
1604163135626,2020-10-31T12:52:15.626,128.25,1.5040475511568757e-06,-1.395852140621941e-06,1.3362691489643692e-06
1604163135676,2020-10-31T12:52:15.676,128.3,1.333192045263517e-06,-1.687888545350184e-06,8.925480465478409e-07
1604163135726,2020-10-31T12:52:15.726,128.35,1.1650588402173542e-06,-1.5095900407436053e-06,6.306719149363419e-07
1604163135776,2020-10-31T12:52:15.776,128.4,1.2046203765717344e-06,-8.617009146520216e-07,7.009823273243095e-07
1604163135826,2020-10-31T12:52:15.826,128.45,1.2487630080317837e-06,-4.2842065719464216e-07,6.673171384853633e-07
1604163135876,2020-10-31T12:52:15.876,128.5,1.1433942273991357e-06,-7.436455764248966e-07,5.378839958668432e-07
1604163135926,2020-10-31T12:52:15.926,128.55,1.1836286508030367e-06,-1.4000823172730289e-06,7.80323906633846e-07
1604163135976,2020-10-31T12:52:15.976,128.6,1.4876634378933944e-06,-1.5565778173454174e-06,1.2530489670564208e-06
1604163136026,2020-10-31T12:52:16.026,128.65,1.5476768773361212e-06,-1.1779783591067454e-06,1.2427004070676202e-06
1604163136076,2020-10-31T12:52:16.076,128.7,1.1018891230768805e-06,-1.037838400399355e-06,6.554274297474094e-07
1604163136126,2020-10-31T12:52:16.126,128.75,8.071841457799658e-07,-1.4085103383617942e-06,1.477961141620092e-07
1604163136176,2020-10-31T12:52:16.176,128.8,1.2011730685095983e-06,-1.6876021529470073e-06,6.617290327143562e-08
1604163136226,2020-10-31T12:52:16.226,128.85,1.63844404585742e-06,-1.5327389844459346e-06,1.7904073176356756e-07
1604163136276,2020-10-31T12:52:16.276,128.9,1.3179182500154186e-06,-1.3426503308373038e-06,3.764125601369593e-07
1604163136326,2020-10-31T12:52:16.326,128.95,7.324702079506928e-07,-1.373895166809381e-06,7.499676887999412e-07
1604163136376,2020-10-31T12:52:16.376,129.0,8.474506063448292e-07,-1.3697079192379314e-06,1.0904833357928821e-06
1604163136426,2020-10-31T12:52:16.426,129.05,1.4775120510025375e-06,-1.2330120378697743e-06,1.1164815037584366e-06
1604163136476,2020-10-31T12:52:16.476,129.1,1.71121734994841e-06,-1.2071058043238397e-06,1.0306808649530529e-06
1604163136526,2020-10-31T12:52:16.526,129.15,1.3453760794925893e-06,-1.3126098868900677e-06,1.1850819786662854e-06
1604163136576,2020-10-31T12:52:16.576,129.2,9.738853817658642e-07,-1.2831470499992445e-06,1.4696416036719956e-06
1604163136626,2020-10-31T12:52:16.626,129.25,1.1038836690203818e-06,-1.0817955904554842e-06,1.5209729894115984e-06
1604163136676,2020-10-31T12:52:16.676,129.3,1.61463400136785e-06,-9.782761744529845e-07,1.2603354696409895e-06
1604163136726,2020-10-31T12:52:16.726,129.35,1.9154192081825357e-06,-1.0888215464350442e-06,9.493125180639654e-07
1604163136776,2020-10-31T12:52:16.776,129.4,1.683896836588089e-06,-1.2083166742323014e-06,9.033169280086804e-07
1604163136826,2020-10-31T12:52:16.826,129.45,1.3410269434208148e-06,-1.1556611463108328e-06,1.2225519626533838e-06
1604163136876,2020-10-31T12:52:16.876,129.5,1.4641466007256876e-06,-1.008048743894187e-06,1.6527621947786413e-06
1604163136926,2020-10-31T12:52:16.926,129.55,1.992193072358125e-06,-9.297968446615705e-07,1.7746641093429423e-06
1604163136976,2020-10-31T12:52:16.976,129.6,2.383696045518097e-06,-9.802970286288427e-07,1.5051771664892733e-06
1604163137026,2020-10-31T12:52:17.026,129.65,2.2833663160742452e-06,-1.106618628753546e-06,1.233400666927525e-06
1604163137076,2020-10-31T12:52:17.076,129.7,1.7702761742303533e-06,-1.2212107775973421e-06,1.2674506969938983e-06
1604163137126,2020-10-31T12:52:17.126,129.75,1.2118807632280678e-06,-1.3594278754788877e-06,1.4318755864792465e-06
1604163137176,2020-10-31T12:52:17.176,129.8,1.0760701948001366e-06,-1.6388616985426526e-06,1.4055184888725558e-06
1604163137226,2020-10-31T12:52:17.226,129.85,1.6411870375040284e-06,-1.8847940532949723e-06,1.1904861225088645e-06
1604163137276,2020-10-31T12:52:17.276,129.9,2.6090833581012633e-06,-1.7308579686596695e-06,1.1031899394787802e-06
1604163137326,2020-10-31T12:52:17.326,129.95,3.159429850211086e-06,-1.3503518139977646e-06,1.3898566804285764e-06
1604163137376,2020-10-31T12:52:17.376,130.0,2.7759278583395823e-06,-1.3668704959479745e-06,1.8768297059920976e-06
1604163137426,2020-10-31T12:52:17.426,130.05,1.983743175523618e-06,-1.7730077444298442e-06,2.107352114485112e-06
1604163137476,2020-10-31T12:52:17.476,130.1,1.805937185647678e-06,-1.8978981669543507e-06,1.9157586777221645e-06
1604163137526,2020-10-31T12:52:17.526,130.15,2.4461708394073112e-06,-1.6833652817246767e-06,1.6582697454838097e-06
1604163137576,2020-10-31T12:52:17.576,130.2,3.0846420788796344e-06,-1.8117148456499118e-06,1.7150087930246894e-06
1604163137626,2020-10-31T12:52:17.626,130.25,3.142335968151955e-06,-2.317682076862619e-06,1.999690856597953e-06
1604163137676,2020-10-31T12:52:17.676,130.3,3.0356035300526762e-06,-2.397940109154092e-06,2.1977175362465834e-06
1604163137726,2020-10-31T12:52:17.726,130.35,3.2684247272581684e-06,-1.9222374780033388e-06,2.2688899418047866e-06
1604163137776,2020-10-31T12:52:17.776,130.4,3.5197977415684217e-06,-1.8033198931321266e-06,2.349345072931132e-06
1604163137826,2020-10-31T12:52:17.826,130.45,3.3207216885950035e-06,-2.4304280314550953e-06,2.335890734056893e-06
1604163137876,2020-10-31T12:52:17.876,130.5,3.0130996685991404e-06,-2.964641062785756e-06,2.084453778895444e-06
1604163137926,2020-10-31T12:52:17.926,130.55,3.180606933873431e-06,-2.744144383627855e-06,1.856726533894158e-06
1604163137976,2020-10-31T12:52:17.976,130.6,3.599011570281971e-06,-2.291557003985586e-06,1.9593920995977677e-06
1604163138026,2020-10-31T12:52:18.026,130.65,3.657962705741857e-06,-2.303292916621678e-06,2.1864299139902615e-06
1604163138076,2020-10-31T12:52:18.076,130.7,3.4288197544970758e-06,-2.6185296498502033e-06,2.2246169591860635e-06
1604163138126,2020-10-31T12:52:18.126,130.75,3.3955324305729094e-06,-2.8062731587748145e-06,2.2021322001750677e-06
1604163138176,2020-10-31T12:52:18.176,130.8,3.5023000750393005e-06,-2.9242810781544813e-06,2.3177649084688554e-06
1604163138226,2020-10-31T12:52:18.226,130.85,3.3599658790807252e-06,-3.1419558962569655e-06,2.4281666186151676e-06
1604163138276,2020-10-31T12:52:18.276,130.9,3.064627099683882e-06,-3.2746851540066766e-06,2.3856773760787664e-06
1604163138326,2020-10-31T12:52:18.326,130.95,3.0480584964474992e-06,-3.1379044642243927e-06,2.3617585207773224e-06
1604163138376,2020-10-31T12:52:18.376,131.0,3.3454345092791616e-06,-2.9309977322347884e-06,2.5375164916047134e-06
1604163138426,2020-10-31T12:52:18.426,131.05,3.5709494912878193e-06,-2.9498325013326427e-06,2.6992185863082986e-06
1604163138476,2020-10-31T12:52:18.476,131.1,3.5590919081166528e-06,-3.1354205956925e-06,2.482455331380901e-06
1604163138526,2020-10-31T12:52:18.526,131.15,3.607719678347214e-06,-3.1904437501107827e-06,2.0032456676468984e-06
1604163138576,2020-10-31T12:52:18.576,131.2,3.880585501123765e-06,-3.1097917610719956e-06,1.783981556903587e-06
1604163138626,2020-10-31T12:52:18.626,131.25,3.972061299486845e-06,-3.213713398138479e-06,1.940510256806317e-06
1604163138676,2020-10-31T12:52:18.676,131.3,3.5824046497654476e-06,-3.5244572488681366e-06,2.054327239743559e-06
1604163138726,2020-10-31T12:52:18.726,131.35,3.2114113458900756e-06,-3.6386998954335442e-06,2.009036030222571e-06
1604163138776,2020-10-31T12:52:18.776,131.4,3.4487834636642506e-06,-3.4685339450794188e-06,2.1632544486646816e-06
1604163138826,2020-10-31T12:52:18.826,131.45,3.9894175584971844e-06,-3.4706628091358833e-06,2.5050195783461724e-06
1604163138876,2020-10-31T12:52:18.876,131.5,4.161966247520021e-06,-3.8011483480023484e-06,2.5862978872036405e-06
1604163138926,2020-10-31T12:52:18.926,131.55,4.0132302451658375e-06,-3.9252340764069685e-06,2.4655492923826556e-06
1604163138976,2020-10-31T12:52:18.976,131.6,4.035185057654971e-06,-3.517267707421294e-06,2.6531610001030088e-06
1604163139026,2020-10-31T12:52:19.026,131.65,4.1873347601416176e-06,-3.1173775765076726e-06,3.0533489548306187e-06
1604163139076,2020-10-31T12:52:19.076,131.7,4.011582448003645e-06,-3.3555011359785203e-06,3.050234728341027e-06
1604163139126,2020-10-31T12:52:19.126,131.75,3.534160774366464e-06,-4.030439312363269e-06,2.6203222021817843e-06
1604163139176,2020-10-31T12:52:19.176,131.8,3.3182992403925247e-06,-4.481559092613931e-06,2.402786930866705e-06
1604163139226,2020-10-31T12:52:19.226,131.85,3.5491404689219474e-06,-4.475677924444278e-06,2.6958295308135733e-06
1604163139276,2020-10-31T12:52:19.276,131.9,3.7253163913434316e-06,-4.245818443210556e-06,3.056534364846398e-06
1604163139326,2020-10-31T12:52:19.326,131.95,3.531358110471997e-06,-3.946377812138359e-06,2.9638029766782897e-06
1604163139376,2020-10-31T12:52:19.376,132.0,3.346453978440738e-06,-3.5805946040539234e-06,2.5589695179745485e-06
1604163139426,2020-10-31T12:52:19.426,132.05,3.5054264283398814e-06,-3.36070149211511e-06,2.497679561182785e-06
1604163139476,2020-10-31T12:52:19.476,132.1,3.7126191212475463e-06,-3.6278214559355744e-06,2.9808719417938057e-06
1604163139526,2020-10-31T12:52:19.526,132.15,3.5992700610233156e-06,-4.3070217559751025e-06,3.298960797677667e-06
1604163139576,2020-10-31T12:52:19.576,132.2,3.340806516907549e-06,-4.812704212555361e-06,2.879932358440911e-06
1604163139626,2020-10-31T12:52:19.626,132.25,3.3626281876081752e-06,-4.680780368366029e-06,2.3622421988434652e-06
1604163139676,2020-10-31T12:52:19.676,132.3,3.7589477482072432e-06,-4.122182567813515e-06,2.6172863545303017e-06
1604163139726,2020-10-31T12:52:19.726,132.35,4.219484123229426e-06,-3.817237266994512e-06,3.1624961080547756e-06
1604163139776,2020-10-31T12:52:19.776,132.4,4.355185460221739e-06,-4.155475387889535e-06,2.9947653224488918e-06
1604163139826,2020-10-31T12:52:19.826,132.45,4.060073027118759e-06,-4.74875506215299e-06,2.51951362886085e-06
1604163139876,2020-10-31T12:52:19.876,132.5,3.6005157752031852e-06,-4.914472924493419e-06,2.8265519008958447e-06
1604163139926,2020-10-31T12:52:19.926,132.55,3.276271486255418e-06,-4.612037859000897e-06,3.5493737137703003e-06
1604163139976,2020-10-31T12:52:19.976,132.6,3.1798617311014373e-06,-4.420030296464629e-06,3.4987215622961203e-06
1604163140026,2020-10-31T12:52:20.026,132.65,3.3846532421465663e-06,-4.559718227293285e-06,2.865952496568114e-06
1604163140076,2020-10-31T12:52:20.076,132.7,3.859056987897256e-06,-4.653106170988208e-06,2.7516652567384675e-06
1604163140126,2020-10-31T12:52:20.126,132.75,4.150048180098952e-06,-4.527015273422838e-06,3.206697199934028e-06
1604163140176,2020-10-31T12:52:20.176,132.8,3.900435499401862e-06,-4.443835628600893e-06,3.5232695681016104e-06
1604163140226,2020-10-31T12:52:20.226,132.85,3.5231099565835933e-06,-4.437275867251443e-06,3.6122559162442893e-06
1604163140276,2020-10-31T12:52:20.276,132.9,3.5317991196115448e-06,-4.17019953341227e-06,3.768996532837335e-06
1604163140326,2020-10-31T12:52:20.326,132.95,3.6343800943498804e-06,-3.583108562409673e-06,3.936469246736348e-06
1604163140376,2020-10-31T12:52:20.376,133.0,3.2704675055125117e-06,-3.1335326559477317e-06,3.947191862498867e-06
1604163140426,2020-10-31T12:52:20.426,133.05,2.565089366738599e-06,-3.1917628537603035e-06,3.831870956250795e-06
1604163140476,2020-10-31T12:52:20.476,133.1,2.1756915212183696e-06,-3.541289593138574e-06,3.695930585446689e-06
1604163140526,2020-10-31T12:52:20.526,133.15,2.4118177101476777e-06,-3.759851575431882e-06,3.675877572660394e-06
1604163140576,2020-10-31T12:52:20.576,133.2,2.821440192688585e-06,-3.826743893577641e-06,3.854379095982256e-06
1604163140626,2020-10-31T12:52:20.626,133.25,2.8165958163021345e-06,-3.952313706034409e-06,4.0680689924915114e-06
1604163140676,2020-10-31T12:52:20.676,133.3,2.5206013389955657e-06,-4.081930550161125e-06,4.076783922341655e-06
1604163140726,2020-10-31T12:52:20.726,133.35,2.518402548961511e-06,-4.053164269238204e-06,3.906580908479378e-06
1604163140776,2020-10-31T12:52:20.776,133.4,2.900190753998433e-06,-3.961393211150379e-06,3.77098810458084e-06
1604163140826,2020-10-31T12:52:20.826,133.45,3.1478859535923803e-06,-3.955524210474159e-06,3.7706967015437985e-06
1604163140876,2020-10-31T12:52:20.876,133.5,2.9675420139618857e-06,-3.971476411116972e-06,3.878307706719258e-06
1604163140926,2020-10-31T12:52:20.926,133.55,2.6883906760093716e-06,-3.891640097018227e-06,4.073290013357826e-06
1604163140976,2020-10-31T12:52:20.976,133.6,2.66598399315898e-06,-3.70127980971512e-06,4.315327658273899e-06
1604163141026,2020-10-31T12:52:21.026,133.65,2.7902298863578826e-06,-3.4918116771991045e-06,4.499764027317865e-06
1604163141076,2020-10-31T12:52:21.076,133.7,2.876565850762658e-06,-3.454649629245564e-06,4.557347451455866e-06
1604163141126,2020-10-31T12:52:21.126,133.75,3.0285061677204184e-06,-3.6809855861297756e-06,4.507838696791655e-06
1604163141176,2020-10-31T12:52:21.176,133.8,3.3178473255233684e-06,-3.957722940822639e-06,4.413666679809377e-06
1604163141226,2020-10-31T12:52:21.226,133.85,3.57764308668836e-06,-3.995151988790204e-06,4.394307543118608e-06
1604163141276,2020-10-31T12:52:21.276,133.9,3.648901051613538e-06,-3.776307215900758e-06,4.578263941249878e-06
1604163141326,2020-10-31T12:52:21.326,133.95,3.512437634688941e-06,-3.530218993132311e-06,4.873031828795876e-06
1604163141376,2020-10-31T12:52:21.376,134.0,3.2729898494042005e-06,-3.4639695930276725e-06,4.912557477215257e-06
1604163141426,2020-10-31T12:52:21.426,134.05,3.1541650208319384e-06,-3.5847440173273177e-06,4.4726792129563594e-06
1604163141476,2020-10-31T12:52:21.476,134.1,3.2876271001890045e-06,-3.7147686436883187e-06,3.876676352602397e-06
1604163141526,2020-10-31T12:52:21.526,134.15,3.5168085303168176e-06,-3.6675781760487966e-06,3.6965047883130296e-06
1604163141576,2020-10-31T12:52:21.576,134.2,3.6071605125315135e-06,-3.4473758161824337e-06,4.091360942644666e-06
1604163141626,2020-10-31T12:52:21.626,134.25,3.548827732345898e-06,-3.2037788106127527e-06,4.768715595029287e-06
1604163141676,2020-10-31T12:52:21.676,134.3,3.50077354868811e-06,-2.9476035985015757e-06,5.447822959597914e-06
1604163141726,2020-10-31T12:52:21.726,134.35,3.5101113864430513e-06,-2.548630071315204e-06,5.961948134086145e-06
1604163141776,2020-10-31T12:52:21.776,134.4,3.3742533825080145e-06,-2.053568262019076e-06,6.152809906390691e-06
1604163141826,2020-10-31T12:52:21.826,134.45,2.749019858594004e-06,-1.5644463117683198e-06,6.029307221686149e-06
1604163141876,2020-10-31T12:52:21.876,134.5,1.400021403773985e-06,-8.23060324345465e-07,5.735146497622906e-06
1604163141926,2020-10-31T12:52:21.926,134.55,-5.522068310030676e-07,4.770281928742306e-07,5.213897406898974e-06
1604163141976,2020-10-31T12:52:21.976,134.6,-2.6715630444031967e-06,2.056099866344727e-06,4.253614465970615e-06
1604163142026,2020-10-31T12:52:22.026,134.65,-4.614254663761631e-06,3.357507352984126e-06,2.8075210305889065e-06
1604163142076,2020-10-31T12:52:22.076,134.7,-6.394808709186662e-06,4.3395056192208315e-06,1.0282860821169597e-06
1604163142126,2020-10-31T12:52:22.126,134.75,-8.117343265324211e-06,5.399762108448949e-06,-7.865999668667157e-07
1604163142176,2020-10-31T12:52:22.176,134.8,-9.636069288034988e-06,6.642143008685061e-06,-2.264093149678037e-06
1604163142226,2020-10-31T12:52:22.226,134.85,-1.072024643978803e-05,7.710651209104366e-06,-3.36478559529751e-06
1604163142276,2020-10-31T12:52:22.276,134.9,-1.1439266447091248e-05,8.445229184634847e-06,-4.585810845181286e-06
1604163142326,2020-10-31T12:52:22.326,134.95,-1.20914952498911e-05,9.309843942026087e-06,-6.2980467531151475e-06
1604163142376,2020-10-31T12:52:22.376,135.0,-1.2792663315347086e-05,1.0772111291069543e-05,-8.133885875610994e-06
1604163142426,2020-10-31T12:52:22.426,135.05,-1.3434898797548453e-05,1.2533744949667237e-05,-9.532484407945349e-06
1604163142476,2020-10-31T12:52:22.476,135.1,-1.3956901703419742e-05,1.3907028404493458e-05,-1.0611094377805584e-05
1604163142526,2020-10-31T12:52:22.526,135.15,-1.4342529037136092e-05,1.4709519956160367e-05,-1.1945955144216921e-05
1604163142576,2020-10-31T12:52:22.576,135.2,-1.455475932806369e-05,1.5341373774424952e-05,-1.3664946997699713e-05
1604163142626,2020-10-31T12:52:22.626,135.25,-1.4715950356158177e-05,1.6252844021340407e-05,-1.5372331932445734e-05
1604163142676,2020-10-31T12:52:22.676,135.3,-1.4977627596951175e-05,1.7573981783579442e-05,-1.6957722162558916e-05
1604163142726,2020-10-31T12:52:22.726,135.35,-1.5066036180211224e-05,1.8986505792450065e-05,-1.8713259604952886e-05
1604163142776,2020-10-31T12:52:22.776,135.4,-1.4594279532705574e-05,1.9950477317570902e-05,-2.0512672753199763e-05
1604163142826,2020-10-31T12:52:22.826,135.45,-1.3932405589227729e-05,2.0307440264668805e-05,-2.1741685365134485e-05
1604163142876,2020-10-31T12:52:22.876,135.5,-1.3865151750570857e-05,2.045877674813166e-05,-2.2220494042762633e-05
1604163142926,2020-10-31T12:52:22.926,135.55,-1.4315091483719928e-05,2.0749012739123166e-05,-2.2457627255233084e-05
1604163142976,2020-10-31T12:52:22.976,135.6,-1.4498028607059937e-05,2.1068783614304178e-05,-2.2921319092171766e-05
1604163143026,2020-10-31T12:52:23.026,135.65,-1.4310644253382495e-05,2.1244084194034857e-05,-2.353308142682378e-05
1604163143076,2020-10-31T12:52:23.076,135.7,-1.4337638510974157e-05,2.130174867649512e-05,-2.3878246494473017e-05
1604163143126,2020-10-31T12:52:23.126,135.75,-1.4594886725335946e-05,2.118776009156205e-05,-2.3699191247574175e-05
1604163143176,2020-10-31T12:52:23.176,135.8,-1.4553875284542629e-05,2.0756092177590738e-05,-2.3110552600418936e-05
1604163143226,2020-10-31T12:52:23.226,135.85,-1.429784593049005e-05,2.0146843139561135e-05,-2.2362432038012252e-05
1604163143276,2020-10-31T12:52:23.276,135.9,-1.44028931551192e-05,1.96731761781165e-05,-2.157194492471186e-05
1604163143326,2020-10-31T12:52:23.326,135.95,-1.480872002716341e-05,1.9255605194642987e-05,-2.0745406346167352e-05
1604163143376,2020-10-31T12:52:23.376,136.0,-1.4974545133718611e-05,1.8361324340190748e-05,-1.9877316751275338e-05
1604163143426,2020-10-31T12:52:23.426,136.05,-1.4937313499867452e-05,1.6596429915312265e-05,-1.8912481028281848e-05
1604163143476,2020-10-31T12:52:23.476,136.1,-1.5064640145284378e-05,1.4210802961053707e-05,-1.7656388893844433e-05
1604163143526,2020-10-31T12:52:23.526,136.15,-1.50482987536285e-05,1.196434152164488e-05,-1.5900917839467647e-05
1604163143576,2020-10-31T12:52:23.576,136.2,-1.4387152626275735e-05,1.0446002496276787e-05,-1.371909085007399e-05
1604163143626,2020-10-31T12:52:23.626,136.25,-1.3480399454054964e-05,9.542131326592031e-06,-1.1357649848159337e-05
1604163143676,2020-10-31T12:52:23.676,136.3,-1.2844463259099492e-05,8.592840428351253e-06,-8.867064529585565e-06
1604163143726,2020-10-31T12:52:23.726,136.35,-1.1900771741616904e-05,6.973020220078578e-06,-6.31874919610067e-06
1604163143776,2020-10-31T12:52:23.776,136.4,-1.0112288029470375e-05,4.689770899814689e-06,-4.1026380280886435e-06
1604163143826,2020-10-31T12:52:23.826,136.45,-8.300716713577093e-06,2.5462898650720898e-06,-2.3871706356321975e-06
1604163143876,2020-10-31T12:52:23.876,136.5,-7.20266811777023e-06,1.3012369245115112e-06,-8.409689537004472e-07
1604163143926,2020-10-31T12:52:23.926,136.55,-6.0916322241137085e-06,7.086506560736004e-07,5.736962824817871e-07
1604163143976,2020-10-31T12:52:23.976,136.6,-4.31975080814509e-06,3.8859819293809085e-08,1.3636332343600962e-06
1604163144026,2020-10-31T12:52:24.026,136.65,-2.574614077525814e-06,-8.119328928782136e-07,1.484924001012039e-06
1604163144076,2020-10-31T12:52:24.076,136.7,-1.5123605901277577e-06,-1.534203715947469e-06,1.6405486261321454e-06
1604163144126,2020-10-31T12:52:24.126,136.75,-9.58649805607322e-07,-2.1754570256908617e-06,2.160389858096498e-06
1604163144176,2020-10-31T12:52:24.176,136.8,-8.961831680507075e-07,-2.932702061581584e-06,2.3903508606942562e-06
1604163144226,2020-10-31T12:52:24.226,136.85,-1.3432315916471747e-06,-3.6775833471196057e-06,1.8191162632329287e-06
1604163144276,2020-10-31T12:52:24.276,136.9,-1.4737664206932716e-06,-4.207717122482563e-06,1.1459774752777553e-06
1604163144326,2020-10-31T12:52:24.326,136.95,-6.128310267595106e-07,-4.5903564070957165e-06,1.2986957160549496e-06
1604163144376,2020-10-31T12:52:24.376,137.0,5.546720679989567e-07,-4.983031763192914e-06,1.971453852383452e-06
1604163144426,2020-10-31T12:52:24.426,137.05,1.0563383449589492e-06,-5.3566061671632755e-06,2.302590025922918e-06
1604163144476,2020-10-31T12:52:24.476,137.1,9.906585120415903e-07,-5.568382440479683e-06,2.387254519274984e-06
1604163144526,2020-10-31T12:52:24.526,137.15,1.002772463078423e-06,-5.617511693858719e-06,2.7786422263547074e-06
1604163144576,2020-10-31T12:52:24.576,137.2,1.2626339356022088e-06,-5.6282351665066736e-06,3.1167454649906642e-06
1604163144626,2020-10-31T12:52:24.626,137.25,1.4793313598981367e-06,-5.595354804995898e-06,2.7035652557950845e-06
1604163144676,2020-10-31T12:52:24.676,137.3,1.499342521741022e-06,-5.447163959112001e-06,1.944575383794912e-06
1604163144726,2020-10-31T12:52:24.726,137.35,1.5526451806052831e-06,-5.294478784516253e-06,1.853129278783826e-06
1604163144776,2020-10-31T12:52:24.776,137.4,1.8217255987487347e-06,-5.253501335908355e-06,2.472425515039282e-06
1604163144826,2020-10-31T12:52:24.826,137.45,2.0510540206567667e-06,-5.230508608351996e-06,2.9090830285450747e-06
1604163144876,2020-10-31T12:52:24.876,137.5,2.0540120527857114e-06,-5.155658426402499e-06,2.692887367323706e-06
1604163144926,2020-10-31T12:52:24.926,137.55,2.2345984464585653e-06,-5.074913576860859e-06,2.281554871536434e-06
1604163144976,2020-10-31T12:52:24.976,137.6,2.862570417974233e-06,-4.972759190264177e-06,2.320506302007468e-06
1604163145026,2020-10-31T12:52:25.026,137.65,3.33148019952116e-06,-4.8942443918224185e-06,2.9076008103539455e-06
1604163145076,2020-10-31T12:52:25.076,137.7,3.0678081982134226e-06,-4.97688618378175e-06,3.6132389018703543e-06
1604163145126,2020-10-31T12:52:25.126,137.75,2.5751108959713964e-06,-5.070989467569907e-06,3.974305832485929e-06
1604163145176,2020-10-31T12:52:25.176,137.8,2.5809249877663914e-06,-4.850193739301863e-06,3.86977426445976e-06
1604163145226,2020-10-31T12:52:25.226,137.85,2.859330371664609e-06,-4.409032234563413e-06,3.5564390969592766e-06
1604163145276,2020-10-31T12:52:25.276,137.9,2.8554289445974066e-06,-4.134960201231976e-06,3.460927962851321e-06
1604163145326,2020-10-31T12:52:25.326,137.95,2.7204988141030142e-06,-4.114707014345517e-06,3.746772941915784e-06
1604163145376,2020-10-31T12:52:25.376,138.0,2.943928691135532e-06,-4.2336898369918635e-06,4.016274256235635e-06
1604163145426,2020-10-31T12:52:25.426,138.05,3.615813027162763e-06,-4.5335120662837715e-06,3.833905161903969e-06
1604163145476,2020-10-31T12:52:25.476,138.1,4.459324390482807e-06,-5.003690438122286e-06,3.506916461445195e-06
1604163145526,2020-10-31T12:52:25.526,138.15,5.05984328584338e-06,-5.342074482352935e-06,3.6184610332190204e-06
1604163145576,2020-10-31T12:52:25.576,138.2,5.101813795495124e-06,-5.214193047974391e-06,3.925312310334091e-06
1604163145626,2020-10-31T12:52:25.626,138.25,4.831068201866827e-06,-4.619700030902257e-06,3.814792301966766e-06
1604163145676,2020-10-31T12:52:25.676,138.3,4.9151609828239675e-06,-3.95316360487051e-06,3.6131444063793544e-06
1604163145726,2020-10-31T12:52:25.726,138.35,5.4703740282556485e-06,-3.6174154254441526e-06,4.0629231298831225e-06
1604163145776,2020-10-31T12:52:25.776,138.4,5.806109039078415e-06,-3.4979228472118e-06,4.8519718060173e-06
1604163145826,2020-10-31T12:52:25.826,138.45,5.512787853385354e-06,-3.1660671159048424e-06,5.060657303985782e-06
1604163145876,2020-10-31T12:52:25.876,138.5,5.130655339672821e-06,-2.633045348750169e-06,4.597675101255577e-06
1604163145926,2020-10-31T12:52:25.926,138.55,5.2764859035493614e-06,-2.272737074488222e-06,4.120588032876964e-06
1604163145976,2020-10-31T12:52:25.976,138.6,5.7379270888694824e-06,-2.098948619839237e-06,4.147686708694237e-06
1604163146026,2020-10-31T12:52:26.026,138.65,5.921723918208537e-06,-1.8584531284488204e-06,4.777634822309256e-06
1604163146076,2020-10-31T12:52:26.076,138.7,5.7125744098528165e-06,-1.5992978285397538e-06,5.587273467117592e-06
1604163146126,2020-10-31T12:52:26.126,138.75,5.484178264450822e-06,-1.5308871414263721e-06,5.824378504872741e-06
1604163146176,2020-10-31T12:52:26.176,138.8,5.496856935520471e-06,-1.6151444892007446e-06,5.364390784620163e-06
1604163146226,2020-10-31T12:52:26.226,138.85,5.5398040877697115e-06,-1.67434263731511e-06,5.001218528362088e-06
1604163146276,2020-10-31T12:52:26.276,138.9,5.252913737492076e-06,-1.6963195604081293e-06,5.151592344049616e-06
1604163146326,2020-10-31T12:52:26.326,138.95,4.6888713401650485e-06,-1.8379241999513383e-06,5.045475245381951e-06
1604163146376,2020-10-31T12:52:26.376,139.0,4.21326287068609e-06,-2.1252978173071784e-06,3.995125712828721e-06
1604163146426,2020-10-31T12:52:26.426,139.05,3.901904742829628e-06,-2.284901755039881e-06,2.6955985287100163e-06
1604163146476,2020-10-31T12:52:26.476,139.1,3.49710226300021e-06,-2.111691072803285e-06,2.304877726185644e-06
1604163146526,2020-10-31T12:52:26.526,139.15,2.930974251211759e-06,-1.8638015055554538e-06,2.7659276657649054e-06
1604163146576,2020-10-31T12:52:26.576,139.2,2.5152727333917446e-06,-1.8977869036789675e-06,3.008885619955241e-06
1604163146626,2020-10-31T12:52:26.626,139.25,2.581398294750886e-06,-2.051629563345402e-06,2.5582902448238034e-06
1604163146676,2020-10-31T12:52:26.676,139.3,3.016974557890263e-06,-1.8493436474064099e-06,1.9972620674118343e-06
1604163146726,2020-10-31T12:52:26.726,139.35,3.2598659984819956e-06,-1.3128757927901441e-06,1.786597531779008e-06
1604163146776,2020-10-31T12:52:26.776,139.4,2.990868321374073e-06,-1.1134453653823597e-06,1.5694487999047013e-06
1604163146826,2020-10-31T12:52:26.826,139.45,2.6112155873553163e-06,-1.6203417415259298e-06,1.0377664816270262e-06
1604163146876,2020-10-31T12:52:26.876,139.5,2.583326383996442e-06,-2.2143357544828253e-06,6.051057763801986e-07
1604163146926,2020-10-31T12:52:26.926,139.55,2.7231026698608392e-06,-2.151337090436789e-06,6.716985360460855e-07
1604163146976,2020-10-31T12:52:26.976,139.6,2.705805590079237e-06,-1.6654227244223412e-06,1.0070490048623913e-06
1604163147026,2020-10-31T12:52:27.026,139.65,2.702174777481334e-06,-1.4108927929401693e-06,1.2940632064065345e-06
1604163147076,2020-10-31T12:52:27.076,139.7,2.92976855292425e-06,-1.3610425807253745e-06,1.5477233947825762e-06
1604163147126,2020-10-31T12:52:27.126,139.75,3.078987037489235e-06,-1.170355880236075e-06,1.738430337576718e-06
1604163147176,2020-10-31T12:52:27.176,139.8,2.668156296611063e-06,-1.0195380932391184e-06,1.6356651215641712e-06
1604163147226,2020-10-31T12:52:27.226,139.85,1.7061553574310741e-06,-1.1784867141169012e-06,1.204387653017671e-06
