epoch (ms),time (-13:00),elapsed (s),x-axis (deg/s),y-axis (deg/s),z-axis (deg/s)
1636121887040,2021-11-05T10:18:07.040,0.0,-0.5159338301565269,-0.26991718532814823,4.829753853099948
1636121887050,2021-11-05T10:18:07.050,0.01,-0.3647129502502203,-0.34751397434222786,4.615978173576469
1636121887060,2021-11-05T10:18:07.060,0.02,-0.4095742238351442,-0.6240080946699811,4.457996781567485
1636121887070,2021-11-05T10:18:07.070,0.03,-0.514303140740991,-0.951121003219431,4.403622207430901
1636121887080,2021-11-05T10:18:07.080,0.04,-0.5345064141199004,-1.1168242572818294,4.449973913396226
1636121887090,2021-11-05T10:18:07.090,0.05,-0.61609526461972,-1.1652184730688135,4.5327755044278994
1636121887100,2021-11-05T10:18:07.100,0.06,-0.8562772916766461,-1.208012814563339,4.586913192095572
1636121887110,2021-11-05T10:18:07.110,0.07,-1.0356351582076553,-1.2045746904544934,4.580835580574023
1636121887120,2021-11-05T10:18:07.120,0.08,-1.01275304899256,-1.0976639370226178,4.484459019981669
1636121887130,2021-11-05T10:18:07.130,0.09,-1.0347875966042073,-0.9487594582950823,4.274195841213323
1636121887140,2021-11-05T10:18:07.140,0.1,-1.3100939106351137,-0.8346892149761072,3.9721784370404905
1636121887150,2021-11-05T10:18:07.150,0.11,-1.6002302527558174,-0.7575129265893585,3.621099929917228
1636121887160,2021-11-05T10:18:07.160,0.12,-1.5924753221056474,-0.6877909055506131,3.266464101928187
1636121887170,2021-11-05T10:18:07.170,0.13,-1.3540462573913117,-0.5882333959920036,2.997080990952507
1636121887180,2021-11-05T10:18:07.180,0.14,-1.110760069807088,-0.41553765960650124,2.8764767661304003
1636121887190,2021-11-05T10:18:07.190,0.15,-0.9205378964515972,-0.1827219838738373,2.815481871645777
1636121887200,2021-11-05T10:18:07.200,0.16,-0.7565198027370785,0.02550472121415178,2.686581732176108
1636121887210,2021-11-05T10:18:07.210,0.17,-0.6054838917374201,0.1495909213427999,2.5361919952592196
1636121887220,2021-11-05T10:18:07.220,0.18,-0.4797216928243971,0.21174427686684405,2.4764273028579504
1636121887230,2021-11-05T10:18:07.230,0.19,-0.49939680876687953,0.26063222593070856,2.447008998880288
1636121887240,2021-11-05T10:18:07.240,0.2,-0.7319606410699451,0.31910983753613653,2.3209656115152906
1636121887250,2021-11-05T10:18:07.250,0.21,-0.925935703107511,0.3852449656019618,2.1494883564159144
1636121887260,2021-11-05T10:18:07.260,0.22,-0.8126223907910617,0.4359966226603996,2.05927588522088
1636121887270,2021-11-05T10:18:07.270,0.23,-0.6153217888251815,0.4390597111434489,2.0072476206645073
1636121887280,2021-11-05T10:18:07.280,0.24,-0.7748198210458179,0.3934393243073301,1.879982594211342
1636121887290,2021-11-05T10:18:07.290,0.25,-1.238355715781172,0.34007298463845603,1.732671643751594
1636121887300,2021-11-05T10:18:07.300,0.26,-1.5080763402165642,0.3142821886602683,1.6923171294520019
1636121887310,2021-11-05T10:18:07.310,0.27,-1.363531507170066,0.31381348938762027,1.7322779728376954
1636121887320,2021-11-05T10:18:07.320,0.28,-1.1018569754658847,0.3192717156659296,1.746107351372348
1636121887330,2021-11-05T10:18:07.330,0.29,-1.052091587695744,0.3177352108920316,1.721810677027686
1636121887340,2021-11-05T10:18:07.340,0.3,-1.193987065754887,0.30675863232844996,1.6947796171373573
1636121887350,2021-11-05T10:18:07.350,0.31,-1.2901170351263758,0.2940029764505701,1.6605428513587293
1636121887360,2021-11-05T10:18:07.360,0.32,-1.187187403966326,0.2936141881957172,1.61594573030392
1636121887370,2021-11-05T10:18:07.370,0.33,-0.959947178019713,0.321743104464034,1.5683590138664751
1636121887380,2021-11-05T10:18:07.380,0.34,-0.8077340075485986,0.3886666793479093,1.4931135104090099
1636121887390,2021-11-05T10:18:07.390,0.35,-0.8109646996864157,0.4793599595579817,1.3703356607027202
1636121887400,2021-11-05T10:18:07.400,0.36,-0.8507762873612728,0.5615874768904946,1.2262129192746831
1636121887410,2021-11-05T10:18:07.410,0.37,-0.7756650160081262,0.6377359015247097,1.0852081859168439
1636121887420,2021-11-05T10:18:07.420,0.38,-0.5788479134039135,0.7401653997681563,0.9257415365034205
1636121887430,2021-11-05T10:18:07.430,0.39,-0.4224236496366288,0.843668602355077,0.7026014241738532
1636121887440,2021-11-05T10:18:07.440,0.4,-0.4577882586245239,0.8669621958343576,0.3989315297578224
1636121887450,2021-11-05T10:18:07.450,0.41,-0.5852570227974414,0.8065148336187365,0.0561033711842885
1636121887460,2021-11-05T10:18:07.460,0.42,-0.5681190996348539,0.7710073434892174,-0.27200047338647876
1636121887470,2021-11-05T10:18:07.470,0.43,-0.4350826065027883,0.8321372058013374,-0.5860416974009235
1636121887480,2021-11-05T10:18:07.480,0.44,-0.45937974062698717,0.9313919866635113,-0.9110884364542169
1636121887490,2021-11-05T10:18:07.490,0.45,-0.6891296033670022,0.9863864725982073,-1.2358752793446863
1636121887500,2021-11-05T10:18:07.500,0.46,-0.8695694036509517,1.0213761770914451,-1.5438002654333083
1636121887510,2021-11-05T10:18:07.510,0.47,-0.8496660007708827,1.1308637095264347,-1.8441142539176885
1636121887520,2021-11-05T10:18:07.520,0.48,-0.7213387368980907,1.3412029736432334,-2.1245688339457436
1636121887530,2021-11-05T10:18:07.530,0.49,-0.6128544701073002,1.5781682305853888,-2.357235239179782
1636121887540,2021-11-05T10:18:07.540,0.5,-0.6034062274346677,1.7879748819903076,-2.5747142425350296
1636121887550,2021-11-05T10:18:07.550,0.51,-0.6926403087376755,2.0156557803326662,-2.828613838930358
1636121887560,2021-11-05T10:18:07.560,0.52,-0.7282770964993421,2.306533958346468,-3.0750392060082357
1636121887570,2021-11-05T10:18:07.570,0.53,-0.605713999989103,2.5965362411712727,-3.239330072667916
1636121887580,2021-11-05T10:18:07.580,0.54,-0.5021667380265413,2.787571137921306,-3.3585096011501347
1636121887590,2021-11-05T10:18:07.590,0.55,-0.577217348649563,2.893366053910282,-3.505080232605528
1636121887600,2021-11-05T10:18:07.600,0.56,-0.6329766496663126,3.0201093684057554,-3.6536317501934628
1636121887610,2021-11-05T10:18:07.610,0.57,-0.48138011638486944,3.2124501314411367,-3.7817467903679685
1636121887620,2021-11-05T10:18:07.620,0.58,-0.3272880442528522,3.3983105278889774,-3.966123593742463
1636121887630,2021-11-05T10:18:07.630,0.59,-0.35493093264383013,3.503632334573761,-4.235887599317186
1636121887640,2021-11-05T10:18:07.640,0.6,-0.37365614059981656,3.5536290803111026,-4.508030490091594
1636121887650,2021-11-05T10:18:07.650,0.61,-0.2627986583501234,3.614651222087912,-4.767777911082376
1636121887660,2021-11-05T10:18:07.660,0.62,-0.22607335492385702,3.6988974332649778,-5.112728219532383
1636121887670,2021-11-05T10:18:07.670,0.63,-0.32018409366180856,3.7996092894259603,-5.568093906408917
1636121887680,2021-11-05T10:18:07.680,0.64,-0.32510804950575556,3.960113280654964,-6.049537641490448
1636121887690,2021-11-05T10:18:07.690,0.65,-0.20982000904654513,4.215907152547995,-6.515541440085755
1636121887700,2021-11-05T10:18:07.700,0.66,-0.1473677920333464,4.514320833428388,-6.993868286871461
1636121887710,2021-11-05T10:18:07.710,0.67,-0.1121269371457117,4.774499893851512,-7.4702177431967876
1636121887720,2021-11-05T10:18:07.720,0.68,0.027942742905723444,4.990790920013181,-7.881952802130543
1636121887730,2021-11-05T10:18:07.730,0.69,0.19005521858708843,5.21534483869995,-8.224773275442471
1636121887740,2021-11-05T10:18:07.740,0.7,0.2429142730840102,5.473174383969415,-8.57000180544656
1636121887750,2021-11-05T10:18:07.750,0.71,0.2597052738519309,5.741307075617144,-8.952758116373623
1636121887760,2021-11-05T10:18:07.760,0.72,0.33510117770490766,5.985152533272371,-9.320809058924226
1636121887770,2021-11-05T10:18:07.770,0.73,0.3977842835473818,6.185863637221946,-9.636326108826278
1636121887780,2021-11-05T10:18:07.780,0.74,0.3934148487018413,6.349078212588949,-9.94824957780281
1636121887790,2021-11-05T10:18:07.790,0.75,0.432126953894349,6.496722022191783,-10.298370524167877
1636121887800,2021-11-05T10:18:07.800,0.76,0.5933944874978072,6.639535746743359,-10.636894506596546
1636121887810,2021-11-05T10:18:07.810,0.77,0.7550964476266203,6.759923787089663,-10.908570787094298
1636121887820,2021-11-05T10:18:07.820,0.78,0.7684819458057806,6.828939264406092,-11.138825281022878
1636121887830,2021-11-05T10:18:07.830,0.79,0.6765302327702517,6.840543193114955,-11.364525063140965
1636121887840,2021-11-05T10:18:07.840,0.8,0.6296843220606443,6.819002025230967,-11.571745253091915
1636121887850,2021-11-05T10:18:07.850,0.81,0.6902930385678812,6.7743703435565115,-11.749767905435757
1636121887860,2021-11-05T10:18:07.860,0.82,0.8003030201309281,6.676913146505968,-11.909153721050824
1636121887870,2021-11-05T10:18:07.870,0.83,0.8563551274273642,6.525879566343655,-12.031058494760039
1636121887880,2021-11-05T10:18:07.880,0.84,0.8266685638894473,6.404744509095545,-12.095757304842358
1636121887890,2021-11-05T10:18:07.890,0.85,0.8432518841935657,6.3941510984755885,-12.153826815370895
1636121887900,2021-11-05T10:18:07.900,0.86,1.033200973260631,6.469469318187617,-12.284843001674211
1636121887910,2021-11-05T10:18:07.910,0.87,1.2553046489170236,6.556473479449701,-12.496392561526292
1636121887920,2021-11-05T10:18:07.920,0.88,1.284203110203313,6.638064696770302,-12.723069233465933
1636121887930,2021-11-05T10:18:07.930,0.89,1.1960188710264499,6.724184708873352,-12.922034462799434
1636121887940,2021-11-05T10:18:07.940,0.9,1.2121142513673022,6.768294200464385,-13.126031520422242
1636121887950,2021-11-05T10:18:07.950,0.91,1.3140283396110646,6.713201764941396,-13.384968055754115
1636121887960,2021-11-05T10:18:07.960,0.92,1.390448269075934,6.582214806065943,-13.697218948355316
1636121887970,2021-11-05T10:18:07.970,0.93,1.5186409835104002,6.44205043864592,-14.04456741966467
1636121887980,2021-11-05T10:18:07.980,0.94,1.7549985331311126,6.324340625955351,-14.447143328287662
1636121887990,2021-11-05T10:18:07.990,0.95,1.9520894933672306,6.239836005005166,-14.911584440061594
1636121888000,2021-11-05T10:18:08.000,0.96,2.0445330831889006,6.201584339626126,-15.382174132263414
1636121888010,2021-11-05T10:18:08.010,0.97,2.167969948950282,6.19833650652285,-15.829577160195875
1636121888020,2021-11-05T10:18:08.020,0.98,2.3379628728971618,6.206487554224153,-16.314810671143118
1636121888030,2021-11-05T10:18:08.030,0.99,2.386689101618358,6.235608090681888,-16.87742158776587
1636121888040,2021-11-05T10:18:08.040,1.0,2.272292649792597,6.317309129715754,-17.457085305206135
1636121888050,2021-11-05T10:18:08.050,1.01,2.103172740943358,6.4508271825718495,-18.00718019178388
1636121888060,2021-11-05T10:18:08.060,1.02,1.93604910077747,6.576933597348283,-18.55826071879895
1636121888070,2021-11-05T10:18:08.070,1.03,1.830189267463708,6.622784432242493,-19.10079357606969
1636121888080,2021-11-05T10:18:08.080,1.04,1.8718251750965715,6.58739261349874,-19.567176920881984
1636121888090,2021-11-05T10:18:08.090,1.05,1.9512416548068923,6.535091266005351,-19.98471343670553
1636121888100,2021-11-05T10:18:08.100,1.06,1.8412763794071254,6.481003813393512,-20.472719656324244
1636121888110,2021-11-05T10:18:08.110,1.07,1.5626614785292587,6.376666696593501,-21.061490808357355
1636121888120,2021-11-05T10:18:08.120,1.08,1.329183770804938,6.2409902298232165,-21.66654806116778
1636121888130,2021-11-05T10:18:08.130,1.09,1.2322713823047287,6.185008873370535,-22.21132509215474
1636121888140,2021-11-05T10:18:08.140,1.1,1.2772815452946387,6.25994158447793,-22.64808272470018
1636121888150,2021-11-05T10:18:08.150,1.11,1.4949569429318639,6.390271848319644,-22.93366622567838
1636121888160,2021-11-05T10:18:08.160,1.12,1.8442361267254375,6.5036640810208315,-23.064010422188375
1636121888170,2021-11-05T10:18:08.170,1.13,2.271258924904531,6.623805334511129,-23.047389148281447
1636121888180,2021-11-05T10:18:08.180,1.14,2.7635424772528285,6.778148508417287,-22.885217693471375
1636121888190,2021-11-05T10:18:08.190,1.15,3.08461882986237,6.909613223924427,-22.69937120448673
1636121888200,2021-11-05T10:18:08.200,1.16,2.8901582362127245,6.959478141306143,-22.71200346608766
1636121888210,2021-11-05T10:18:08.210,1.17,2.384873751269644,6.977347162024965,-22.932782136111147
1636121888220,2021-11-05T10:18:08.220,1.18,2.233766984982351,7.070921227056056,-23.096736301340876
1636121888230,2021-11-05T10:18:08.230,1.19,2.6080601723934698,7.273736884406265,-23.07964275238056
1636121888240,2021-11-05T10:18:08.240,1.2,3.002944730876242,7.523868542304809,-23.100008935962094
1636121888250,2021-11-05T10:18:08.250,1.21,3.087303779076492,7.75714943335448,-23.330129021924463
1636121888260,2021-11-05T10:18:08.260,1.22,3.074421461679262,7.960755719220412,-23.597006991563816
1636121888270,2021-11-05T10:18:08.270,1.23,3.2015414259484243,8.140066418953307,-23.701345575432228
1636121888280,2021-11-05T10:18:08.280,1.24,3.3506024736175117,8.29064927086707,-23.77934587149917
1636121888290,2021-11-05T10:18:08.290,1.25,3.2975224924462747,8.407070346293207,-24.064544625975117
1636121888300,2021-11-05T10:18:08.300,1.26,3.0862422780413343,8.480968893436904,-24.491441738646422
1636121888310,2021-11-05T10:18:08.310,1.27,2.9720196633355407,8.492768799817608,-24.838877881187454
1636121888320,2021-11-05T10:18:08.320,1.28,3.026097402583038,8.429016643298919,-25.104164985698155
1636121888330,2021-11-05T10:18:08.330,1.29,3.040232659628933,8.305490018943619,-25.439660341025856
1636121888340,2021-11-05T10:18:08.340,1.3,2.8996213422098114,8.150805997781138,-25.846878591132473
1636121888350,2021-11-05T10:18:08.350,1.31,2.7569750045992327,7.9395576842514695,-26.18755445766587
1636121888360,2021-11-05T10:18:08.360,1.32,2.731925149036597,7.560533500596151,-26.40250637620077
1636121888370,2021-11-05T10:18:08.370,1.33,2.7477864265852627,6.930581325708255,-26.52978653602765
1636121888380,2021-11-05T10:18:08.380,1.34,2.7712884395360495,6.146337331629791,-26.57188165412247
1636121888390,2021-11-05T10:18:08.390,1.35,2.9212033545540397,5.417227642012605,-26.479672674163645
1636121888400,2021-11-05T10:18:08.400,1.36,3.2005053205079443,4.8188372830796045,-26.249095872373253
1636121888410,2021-11-05T10:18:08.410,1.37,3.3216907135772997,4.20044326295376,-25.953441975019626
1636121888420,2021-11-05T10:18:08.420,1.38,2.965343737076218,3.3424181326427322,-25.65750105276021
1636121888430,2021-11-05T10:18:08.430,1.39,2.183290358964449,2.114356384317346,-25.32424835547024
1636121888440,2021-11-05T10:18:08.440,1.4,1.4332077532101781,0.48182261884008076,-24.82852848939048
1636121888450,2021-11-05T10:18:08.450,1.41,1.1055607818466828,-1.5184125952867995,-24.074896180162987
1636121888460,2021-11-05T10:18:08.460,1.42,1.122750411867858,-3.717129015581693,-23.107608985824058
1636121888470,2021-11-05T10:18:08.470,1.43,1.2630223854337232,-5.773035416782036,-22.07574655660228
1636121888480,2021-11-05T10:18:08.480,1.44,1.639154713453864,-7.335632647227139,-21.07330821067597
1636121888490,2021-11-05T10:18:08.490,1.45,2.27433095049134,-8.324191538930414,-20.07752187557633
1636121888500,2021-11-05T10:18:08.500,1.46,2.482371518741326,-8.993997944245827,-19.066824355666945
1636121888510,2021-11-05T10:18:08.510,1.47,1.573799951013835,-9.682692253247904,-18.074639769610325
1636121888520,2021-11-05T10:18:08.520,1.48,0.0204764484629944,-10.535065315322889,-17.043625827203773
1636121888530,2021-11-05T10:18:08.530,1.49,-1.108765115129142,-11.496229719354602,-15.743575880682947
1636121888540,2021-11-05T10:18:08.540,1.5,-1.7429474223124366,-12.49175853401567,-13.960683875173116
1636121888550,2021-11-05T10:18:08.550,1.51,-2.6037829008779285,-13.541362074907124,-11.703030951583536
1636121888560,2021-11-05T10:18:08.560,1.52,-3.488940607697142,-14.735563603326916,-9.101886690758171
1636121888570,2021-11-05T10:18:08.570,1.53,-3.389535002424725,-16.150274878038026,-6.18283976831849
1636121888580,2021-11-05T10:18:08.580,1.54,-2.4765077944528295,-17.736632990457398,-2.9299449004427505
1636121888590,2021-11-05T10:18:08.590,1.55,-2.106021096311267,-19.25737493685072,0.412029223262202
1636121888600,2021-11-05T10:18:08.600,1.56,-2.5619706615636755,-20.39492577612014,3.322962046310127
1636121888610,2021-11-05T10:18:08.610,1.57,-2.6630708166596664,-20.984500354458394,5.407991673904424
1636121888620,2021-11-05T10:18:08.620,1.58,-1.8564512050631055,-21.130997272344167,6.671357512093251
1636121888630,2021-11-05T10:18:08.630,1.59,-1.0232387705261465,-21.06713750288437,7.34530133556386
1636121888640,2021-11-05T10:18:08.640,1.6,-0.9484633333342491,-20.89915439124249,7.64953728635895
1636121888650,2021-11-05T10:18:08.650,1.61,-1.2658194207662545,-20.538227272772236,7.78085338034625
1636121888660,2021-11-05T10:18:08.660,1.62,-1.3107851936088983,-19.899777803699454,7.895970398194235
1636121888670,2021-11-05T10:18:08.670,1.63,-1.1922807750918192,-19.0674017919728,7.9667737316916725
1636121888680,2021-11-05T10:18:08.680,1.64,-1.404725552102222,-18.159652057617958,7.81590417260267
1636121888690,2021-11-05T10:18:08.690,1.65,-1.8138960216719533,-17.129610202953813,7.384815996759736
1636121888700,2021-11-05T10:18:08.700,1.66,-1.805043272632108,-15.852008794603798,6.807605579258702
1636121888710,2021-11-05T10:18:08.710,1.67,-1.306876671440274,-14.36171311190998,6.179908239523625
1636121888720,2021-11-05T10:18:08.720,1.68,-0.9015274197767037,-12.8565119972423,5.475318559663648
1636121888730,2021-11-05T10:18:08.730,1.69,-0.8917607029045144,-11.494079563457303,4.763115363525592
1636121888740,2021-11-05T10:18:08.740,1.7,-0.962048645666642,-10.332061714483178,4.273084514398111
1636121888750,2021-11-05T10:18:08.750,1.71,-0.8725937638555934,-9.44298407200515,4.128077926128155
1636121888760,2021-11-05T10:18:08.760,1.72,-0.8204900199740439,-8.916265473189686,4.203256736295941
1636121888770,2021-11-05T10:18:08.770,1.73,-0.930314392098214,-8.713915359214898,4.337516553990357
1636121888780,2021-11-05T10:18:08.780,1.74,-1.0229129397677832,-8.650833022391167,4.499481113799822
1636121888790,2021-11-05T10:18:08.790,1.75,-1.0832710806857264,-8.557815948620863,4.687764207811345
1636121888800,2021-11-05T10:18:08.800,1.76,-1.3172231571729074,-8.386022308817315,4.889162541249832
1636121888810,2021-11-05T10:18:08.810,1.77,-1.6038057211070513,-8.16703622816417,5.25267298519176
1636121888820,2021-11-05T10:18:08.820,1.78,-1.621282182951572,-7.990006012779439,6.1124012178071325
1636121888830,2021-11-05T10:18:08.830,1.79,-1.641743724037807,-8.00579760627927,7.665273528799236
1636121888840,2021-11-05T10:18:08.840,1.8,-2.3435782102237868,-8.314357232165895,9.770025600455956
1636121888850,2021-11-05T10:18:08.850,1.81,-3.605455024725931,-8.842414621773127,12.236801113672968
1636121888860,2021-11-05T10:18:08.860,1.82,-4.381815766007998,-9.423904023226795,15.132963594492193
1636121888870,2021-11-05T10:18:08.870,1.83,-4.128472452857558,-9.954195878786624,18.57426039446689
1636121888880,2021-11-05T10:18:08.880,1.84,-3.462143927461583,-10.397590701588225,22.41273782652778
1636121888890,2021-11-05T10:18:08.890,1.85,-2.9750886258613964,-10.743744065383362,26.433795896418452
1636121888900,2021-11-05T10:18:08.900,1.86,-2.3570818481893596,-11.027075211215198,30.71313716991103
1636121888910,2021-11-05T10:18:08.910,1.87,-1.2481472395351134,-11.300306109497871,35.46177939549094
1636121888920,2021-11-05T10:18:08.920,1.88,0.014563805447806666,-11.574798267127385,40.59920379290001
1636121888930,2021-11-05T10:18:08.930,1.89,1.0817824719308078,-11.881519604480486,45.726476992497204
1636121888940,2021-11-05T10:18:08.940,1.9,2.1276651121125436,-12.349761953051452,50.44223929942084
1636121888950,2021-11-05T10:18:08.950,1.91,3.316523817706109,-13.09220291659879,54.48420711227665
1636121888960,2021-11-05T10:18:08.960,1.92,4.504592626595163,-14.003804759479424,57.61163475197168
1636121888970,2021-11-05T10:18:08.970,1.93,5.559963026031682,-14.748382390836142,59.55829973182695
1636121888980,2021-11-05T10:18:08.980,1.94,6.466750015829536,-14.986870695442668,60.271789103502016
1636121888990,2021-11-05T10:18:08.990,1.95,7.305700556329853,-14.62947935281483,60.19431272955343
1636121889000,2021-11-05T10:18:09.000,1.96,8.22209664870997,-13.850358953725998,60.043535042059915
1636121889010,2021-11-05T10:18:09.010,1.97,9.015767560847955,-12.886308516907764,60.13514206939266
1636121889020,2021-11-05T10:18:09.020,1.98,9.089183132327106,-11.90302505970909,60.1215858198416
1636121889030,2021-11-05T10:18:09.030,1.99,8.228595780372036,-11.009990766378973,59.51268586635541
1636121889040,2021-11-05T10:18:09.040,2.0,6.8727967106709285,-10.235473122065265,58.17458146691767
1636121889050,2021-11-05T10:18:09.050,2.01,5.42181224191005,-9.466255561122685,56.23493598291206
1636121889060,2021-11-05T10:18:09.060,2.02,4.028746586842846,-8.541245651891591,53.83759272147128
1636121889070,2021-11-05T10:18:09.070,2.03,2.982893922540201,-7.402450380841138,51.10154800982741
1636121889080,2021-11-05T10:18:09.080,2.04,2.4036904859335126,-6.054284033781599,48.08726251470963
1636121889090,2021-11-05T10:18:09.090,2.05,1.7953458392155586,-4.458567185680881,44.815192396997844
1636121889100,2021-11-05T10:18:09.100,2.06,0.7439226519539122,-2.6260803511270123,41.46875766195115
1636121889110,2021-11-05T10:18:09.110,2.07,-0.4533224022418778,-0.730477665057863,38.32802742824417
1636121889120,2021-11-05T10:18:09.120,2.08,-1.6206729773988005,1.0122956919567,35.299996251643236
1636121889130,2021-11-05T10:18:09.130,2.09,-3.208020697420479,2.507553790953535,31.962763551554104
1636121889140,2021-11-05T10:18:09.140,2.1,-5.055389741675758,3.7585415757711536,28.381637623687695
1636121889150,2021-11-05T10:18:09.150,2.11,-5.920692801440726,4.764430490154217,25.348295928168028
1636121889160,2021-11-05T10:18:09.160,2.12,-5.3153251344461,5.459542226071914,23.448603511910903
1636121889170,2021-11-05T10:18:09.170,2.13,-4.479438876604735,5.730031665018018,22.40234504705098
1636121889180,2021-11-05T10:18:09.180,2.14,-4.484106698658518,5.56834923599455,21.6158214471036
1636121889190,2021-11-05T10:18:09.190,2.15,-4.705670724306727,5.201929236185535,20.843422244324188
1636121889200,2021-11-05T10:18:09.200,2.16,-4.189653284750939,4.930192654128476,19.9969410159204
1636121889210,2021-11-05T10:18:09.210,2.17,-3.278550658525746,4.846539622355093,18.797637647925647
1636121889220,2021-11-05T10:18:09.220,2.18,-2.8432175610322146,4.840967896454839,17.011122533371
1636121889230,2021-11-05T10:18:09.230,2.19,-2.896781174669136,4.81498289410192,14.774388596029635
1636121889240,2021-11-05T10:18:09.240,2.2,-3.0129458866490317,4.766412014497066,12.411449511344678
1636121889250,2021-11-05T10:18:09.250,2.21,-3.3267943459373166,4.72799505175301,10.125325332839308
1636121889260,2021-11-05T10:18:09.260,2.22,-4.066175465920427,4.727247405150691,8.132849337552706
1636121889270,2021-11-05T10:18:09.270,2.23,-4.769718805116145,4.760247858999399,6.842512598062347
1636121889280,2021-11-05T10:18:09.280,2.24,-5.011962106398448,4.765145164652958,6.448623494809446
1636121889290,2021-11-05T10:18:09.290,2.25,-5.2274877954744525,4.677796775598778,6.496206630780579
1636121889300,2021-11-05T10:18:09.300,2.26,-5.835274280248369,4.507739450261425,6.303302713793431
1636121889310,2021-11-05T10:18:09.310,2.27,-6.3765234574362175,4.289717493738943,5.64854921512029
1636121889320,2021-11-05T10:18:09.320,2.28,-6.509727515646432,3.996059948012456,4.631387865553865
1636121889330,2021-11-05T10:18:09.330,2.29,-6.8327398889997895,3.594029122827828,3.2267485797119146
1636121889340,2021-11-05T10:18:09.340,2.3,-7.672854469080374,3.1592685613544376,1.5549747317028184
1636121889350,2021-11-05T10:18:09.350,2.31,-8.220556862812021,2.826393875903759,0.24201318245431178
1636121889360,2021-11-05T10:18:09.360,2.32,-7.869166086855581,2.6388619089294254,-0.07457410770200115
1636121889370,2021-11-05T10:18:09.370,2.33,-7.175025681876084,2.5310996329657587,0.6085374469753112
1636121889380,2021-11-05T10:18:09.380,2.34,-6.64026942498182,2.4322770746650297,1.78923126071282
1636121889390,2021-11-05T10:18:09.390,2.35,-5.873567654562508,2.289051458463692,2.8897868944909284
1636121889400,2021-11-05T10:18:09.400,2.36,-4.755483766035063,2.005662775872127,3.367158846304677
1636121889410,2021-11-05T10:18:09.410,2.37,-4.142092738989192,1.4951817699194883,2.841200774028379
1636121889420,2021-11-05T10:18:09.420,2.38,-4.450352531884688,0.8309437658456542,1.4588754403867412
1636121889430,2021-11-05T10:18:09.430,2.39,-4.5269399332235425,0.23381393682700044,-0.08195577578585977
1636121889440,2021-11-05T10:18:09.440,2.4,-3.1533149782598326,-0.1766619247072897,-1.1332311007883544
1636121889450,2021-11-05T10:18:09.450,2.41,-1.1109318251813112,-0.5375097714565344,-1.6475817964152237
1636121889460,2021-11-05T10:18:09.460,2.42,-0.07118968976445877,-0.9993670059138609,-2.0365794535818615
1636121889470,2021-11-05T10:18:09.470,2.43,0.3330465243531189,-1.3251736862855106,-2.6366002329854643
1636121889480,2021-11-05T10:18:09.480,2.44,1.8718372770853666,-0.9278587203449191,-3.490681285403034
1636121889490,2021-11-05T10:18:09.490,2.45,4.200529890838448,0.5335028749899967,-4.583611241594817
1636121889500,2021-11-05T10:18:09.500,2.46,5.292549752652536,2.671026190221729,-5.9977983933598304
1636121889510,2021-11-05T10:18:09.510,2.47,5.138462995201614,4.597103929675235,-7.616012282558342
1636121889520,2021-11-05T10:18:09.520,2.48,5.11813996786335,5.575985761459556,-8.85350139895507
1636121889530,2021-11-05T10:18:09.530,2.49,4.749983904545246,5.412941321605341,-9.049300797126824
1636121889540,2021-11-05T10:18:09.540,2.5,3.2309712118645213,4.391755269661239,-8.1124353343573
1636121889550,2021-11-05T10:18:09.550,2.51,2.28075988814764,3.0286310793272277,-6.664995663843923
1636121889560,2021-11-05T10:18:09.560,2.52,3.383573891640834,1.8610459945228157,-5.7825416347789815
1636121889570,2021-11-05T10:18:09.570,2.53,4.454544212724369,1.3167405623241244,-6.488584661418309
1636121889580,2021-11-05T10:18:09.580,2.54,2.9587581138398087,1.6185668361591663,-8.800900438402694
1636121889590,2021-11-05T10:18:09.590,2.55,0.3261545075404322,2.675863368115358,-11.250346457806696
1636121889600,2021-11-05T10:18:09.600,2.56,-0.16855197044721615,4.060916570373362,-12.168557801462079
1636121889610,2021-11-05T10:18:09.610,2.57,1.4429191002143218,5.248223367079304,-11.523353536994748
1636121889620,2021-11-05T10:18:09.620,2.58,2.015790583286676,6.0057639109825995,-10.70736410501291
1636121889630,2021-11-05T10:18:09.630,2.59,0.13027125461076472,6.5127860449826755,-10.583841745401957
1636121889640,2021-11-05T10:18:09.640,2.6,-2.1144387557387048,7.0357681815240785,-10.61222675213346
1636121889650,2021-11-05T10:18:09.650,2.61,-2.3790809586324837,7.5600783250196395,-9.916632908645317
1636121889660,2021-11-05T10:18:09.660,2.62,-0.8767802073064832,7.808655858683037,-8.496278244076247
1636121889670,2021-11-05T10:18:09.670,2.63,0.77251934107739,7.581416265487974,-7.247464245012757
1636121889680,2021-11-05T10:18:09.680,2.64,1.8065704682533728,7.043661017998074,-7.0511120153706806
1636121889690,2021-11-05T10:18:09.690,2.65,2.5543323672092693,6.621885157436029,-7.854263299658267
1636121889700,2021-11-05T10:18:09.700,2.66,3.361405969497604,6.457840876171465,-8.728430266364517
1636121889710,2021-11-05T10:18:09.710,2.67,3.959366487178663,6.117356668256353,-8.916617093751057
1636121889720,2021-11-05T10:18:09.720,2.68,3.420799506756592,5.301810747594008,-8.576865049129268
1636121889730,2021-11-05T10:18:09.730,2.69,0.8149667235469018,4.577672021372892,-8.40317068883337
1636121889740,2021-11-05T10:18:09.740,2.7,-3.113190646660955,4.576633843863832,-8.816793123592408
1636121889750,2021-11-05T10:18:09.750,2.71,-5.49779958271933,4.883608233121452,-9.610023067088283
1636121889760,2021-11-05T10:18:09.760,2.72,-4.4613827236899795,4.804650245292768,-10.184591239569302
1636121889770,2021-11-05T10:18:09.770,2.73,-1.8728443576048537,4.73050693147186,-10.161253025399768
1636121889780,2021-11-05T10:18:09.780,2.74,-0.688986122526839,5.5645517661557955,-9.750729996646516
1636121889790,2021-11-05T10:18:09.790,2.75,-0.873532333947327,7.032851253072262,-9.293272285442491
1636121889800,2021-11-05T10:18:09.800,2.76,-0.41539935591184374,7.532575183483412,-8.652056493326196
1636121889810,2021-11-05T10:18:09.810,2.77,1.1673030946847553,6.161824641095926,-7.573058974582931
1636121889820,2021-11-05T10:18:09.820,2.78,2.595579061076825,4.340717540187905,-6.357762420522522
1636121889830,2021-11-05T10:18:09.830,2.79,3.104711204676435,4.078676076730705,-5.513195630318972
1636121889840,2021-11-05T10:18:09.840,2.8,3.2557847318593423,4.979724222006145,-4.999521630202489
1636121889850,2021-11-05T10:18:09.850,2.81,3.4678578379048313,4.947063849475814,-4.470960336633381
1636121889860,2021-11-05T10:18:09.860,2.82,3.010351950466581,3.4833346143085766,-3.935274466766879
1636121889870,2021-11-05T10:18:09.870,2.83,1.4288010896149999,2.0716091186282117,-3.513633805856143
1636121889880,2021-11-05T10:18:09.880,2.84,-0.1680796138178985,1.6714854539979527,-2.9786561717443973
1636121889890,2021-11-05T10:18:09.890,2.85,-0.8759217966907298,1.8355161146252037,-2.2946316782051586
1636121889900,2021-11-05T10:18:09.900,2.86,-1.6754164867745753,2.036508947862211,-2.075185084682072
1636121889910,2021-11-05T10:18:09.910,2.87,-3.1029260042151137,2.3249360892560818,-2.5926203450775613
1636121889920,2021-11-05T10:18:09.920,2.88,-3.056277549387186,2.6629543390570767,-2.996310639593535
1636121889930,2021-11-05T10:18:09.930,2.89,-0.020831008519516026,2.5844893968385616,-2.566227347006479
1636121889940,2021-11-05T10:18:09.940,2.9,3.542816358409077,1.7287468186606225,-1.95151864958155
1636121889950,2021-11-05T10:18:09.950,2.91,4.572092794785599,0.23222237220667719,-2.0719331200055082
1636121889960,2021-11-05T10:18:09.960,2.92,3.758119367685957,-1.5925511534147039,-2.7472266372104532
1636121889970,2021-11-05T10:18:09.970,2.93,3.1507568961928225,-3.607570277494002,-3.4633990761684545
1636121889980,2021-11-05T10:18:09.980,2.94,2.5211821895860203,-5.581910854776597,-4.398711865688361
1636121889990,2021-11-05T10:18:09.990,2.95,1.1886830835579376,-6.871364053159756,-5.709250576432626
1636121890000,2021-11-05T10:18:10.000,2.96,0.22833616243202703,-6.871140298499786,-6.758354959910467
1636121890010,2021-11-05T10:18:10.010,2.97,0.4551679714295655,-5.780293819321625,-6.755905501117031
1636121890020,2021-11-05T10:18:10.020,2.98,0.828361799209832,-4.564432749689683,-5.558577717223345
1636121890030,2021-11-05T10:18:10.030,2.99,0.28001428541181506,-4.1169673686363,-3.6803832810787496
1636121890040,2021-11-05T10:18:10.040,3.0,-0.6108970823425214,-4.619797935771752,-1.9135450298795589
1636121890050,2021-11-05T10:18:10.050,3.01,-0.481291830595427,-5.600272942718786,-0.795794279990051
1636121890060,2021-11-05T10:18:10.060,3.02,1.195896292734401,-6.321962814000836,-0.284507614827501
1636121890070,2021-11-05T10:18:10.070,3.03,3.7692278948120883,-6.122929647978752,-0.14091392826588728
1636121890080,2021-11-05T10:18:10.080,3.04,6.141847257128829,-4.695329034760283,-0.4409598975146761
1636121890090,2021-11-05T10:18:10.090,3.05,7.149346259266528,-2.3404052114431453,-1.3697592400499459
1636121890100,2021-11-05T10:18:10.100,3.06,5.660671181017221,0.018987661047297932,-2.733526278006792
1636121890110,2021-11-05T10:18:10.110,3.07,1.749855948887118,1.2992102597728539,-3.9786342439856424
1636121890120,2021-11-05T10:18:10.120,3.08,-2.2023064368562593,0.9579118456075679,-4.558683762299234
1636121890130,2021-11-05T10:18:10.130,3.09,-3.206731821319436,-0.6693919121631025,-4.154824205165552
1636121890140,2021-11-05T10:18:10.140,3.1,-0.7307048101839391,-2.6702705365732675,-2.73711309508154
1636121890150,2021-11-05T10:18:10.150,3.11,3.2611971877544854,-4.154657758879836,-0.5886468802254196
1636121890160,2021-11-05T10:18:10.160,3.12,6.9401018298816295,-4.689672013377614,1.7763049226697003
1636121890170,2021-11-05T10:18:10.170,3.13,9.465074456699583,-4.354350555419128,3.7480418400405497
1636121890180,2021-11-05T10:18:10.180,3.14,9.776164965038095,-3.4356078162279036,4.767201314518191
1636121890190,2021-11-05T10:18:10.190,3.15,7.070445906345279,-2.07565347883292,4.75319382047227
1636121890200,2021-11-05T10:18:10.200,3.16,2.8541552865820474,-0.2806534631414171,4.581699873748613
1636121890210,2021-11-05T10:18:10.210,3.17,0.49118763725949766,1.797098462504963,5.598025767541715
1636121890220,2021-11-05T10:18:10.220,3.18,1.7870339632669592,3.790697947969094,8.258985333804635
1636121890230,2021-11-05T10:18:10.230,3.19,5.08977553288795,5.323534224966386,11.625336659066367
1636121890240,2021-11-05T10:18:10.240,3.2,7.264958914047469,6.1907294423406825,14.38191156076949
1636121890250,2021-11-05T10:18:10.250,3.21,6.689095395546753,6.501774565977364,15.95606448335436
1636121890260,2021-11-05T10:18:10.260,3.22,4.29681823329707,6.735984704807478,16.6121425309126
1636121890270,2021-11-05T10:18:10.270,3.23,2.613045342551403,7.413625111840795,16.963954381294393
1636121890280,2021-11-05T10:18:10.280,3.24,3.372862397978597,8.584585573426,17.534863547490573
1636121890290,2021-11-05T10:18:10.290,3.25,5.305190639880114,9.746193896569299,18.477156143060945
1636121890300,2021-11-05T10:18:10.300,3.26,5.386111735080616,10.216141029177098,19.687024060132927
1636121890310,2021-11-05T10:18:10.310,3.27,3.2943030194416694,9.567173489396225,21.40594164088714
1636121890320,2021-11-05T10:18:10.320,3.28,2.6348463094714933,7.977793808779861,24.290321918851358
1636121890330,2021-11-05T10:18:10.330,3.29,5.605739720538515,6.2197640051165415,28.103151673928913
1636121890340,2021-11-05T10:18:10.340,3.3,8.694626473416278,4.971896081070397,30.919716807213025
1636121890350,2021-11-05T10:18:10.350,3.31,7.192135578893907,4.139580648959558,31.213691406528845
1636121890360,2021-11-05T10:18:10.360,3.32,1.9413790680527345,3.162543769213851,30.269772085742325
1636121890370,2021-11-05T10:18:10.370,3.33,-2.6302692229834572,1.8741004421519714,30.5403197136489
1636121890380,2021-11-05T10:18:10.380,3.34,-4.895584325566387,0.7135903043641818,32.30546773761046
1636121890390,2021-11-05T10:18:10.390,3.35,-5.991410373707988,0.13298607732919965,34.1502649817638
1636121890400,2021-11-05T10:18:10.400,3.36,-6.2066834812899305,-0.05411939246228833,35.55627611587734
1636121890410,2021-11-05T10:18:10.410,3.37,-5.787731276974323,-0.6345994352595712,36.64853742185572
1636121890420,2021-11-05T10:18:10.420,3.38,-6.656536727667776,-2.0474117386153123,36.68167817398103
1636121890430,2021-11-05T10:18:10.430,3.39,-9.652581570311835,-3.6519000163143702,34.95110987471375
1636121890440,2021-11-05T10:18:10.440,3.4,-12.233856472173606,-4.561034404082422,32.21543144147903
1636121890450,2021-11-05T10:18:10.450,3.41,-11.632789926563039,-4.780713951063529,29.746590931585217
1636121890460,2021-11-05T10:18:10.460,3.42,-8.73994512595093,-4.676835996866603,27.763626310734956
1636121890470,2021-11-05T10:18:10.470,3.43,-6.774663690353903,-4.179901846644365,25.769490460459345
1636121890480,2021-11-05T10:18:10.480,3.44,-6.901432320565174,-3.449924745871792,23.868451544031913
1636121890490,2021-11-05T10:18:10.490,3.45,-6.921920342030791,-3.181263775713184,22.847921761985138
1636121890500,2021-11-05T10:18:10.500,3.46,-4.342884257471434,-3.531495123768636,22.869930778078015
1636121890510,2021-11-05T10:18:10.510,3.47,0.7037966983003919,-3.8418945315941264,22.715456587785063
1636121890520,2021-11-05T10:18:10.520,3.48,5.970636073960105,-3.6833007153393282,20.929001346779035
1636121890530,2021-11-05T10:18:10.530,3.49,8.907616797248767,-3.2834729402324903,17.46305630490552
1636121890540,2021-11-05T10:18:10.540,3.5,7.69553827501214,-2.960433779417721,13.523391842376025
1636121890550,2021-11-05T10:18:10.550,3.51,2.8780551904979363,-2.7657311017298816,10.023352420888315
1636121890560,2021-11-05T10:18:10.560,3.52,-1.9844335922554437,-2.5825979543150734,6.979775333246327
1636121890570,2021-11-05T10:18:10.570,3.53,-4.0107003050264005,-2.226244380676694,4.25909765991635
1636121890580,2021-11-05T10:18:10.580,3.54,-4.448904835362434,-1.5508406408621869,2.0492361497644946
1636121890590,2021-11-05T10:18:10.590,3.55,-6.140292274678345,-0.6495127147040021,0.40410085126860706
1636121890600,2021-11-05T10:18:10.600,3.56,-9.661587234735947,0.10834024403724893,-1.114546866408527
1636121890610,2021-11-05T10:18:10.610,3.57,-13.444056439961077,0.3685404380002272,-2.7971825325258526
1636121890620,2021-11-05T10:18:10.620,3.58,-15.367545484508351,0.16266498684011005,-3.8916458827198053
1636121890630,2021-11-05T10:18:10.630,3.59,-14.140809335700549,-0.020182827438065647,-3.1379107060817435
1636121890640,2021-11-05T10:18:10.640,3.6,-11.052206622046672,0.43109857001941154,-0.4541331941055331
1636121890650,2021-11-05T10:18:10.650,3.61,-9.276617875979824,1.7400629688094464,2.8150943723718207
1636121890660,2021-11-05T10:18:10.660,3.62,-10.076675489027043,3.502519433196953,5.596108339969129
1636121890670,2021-11-05T10:18:10.670,3.63,-11.4499679881045,5.014984006365845,7.852126546683682
1636121890680,2021-11-05T10:18:10.680,3.64,-11.360578073056384,5.856522706788273,9.357631078172778
1636121890690,2021-11-05T10:18:10.690,3.65,-10.105769669181743,6.068739945109843,9.102593865921952
1636121890700,2021-11-05T10:18:10.700,3.66,-8.912849672987354,5.8487073006562555,6.594214143067367
1636121890710,2021-11-05T10:18:10.710,3.67,-8.455590332204574,5.248687592946001,2.869277993929641
1636121890720,2021-11-05T10:18:10.720,3.68,-9.107305206957141,4.136661701695172,-0.4784434184467598
1636121890730,2021-11-05T10:18:10.730,3.69,-10.633291387309246,2.363263874287726,-2.976976003927659
1636121890740,2021-11-05T10:18:10.740,3.7,-11.67708589659905,0.0941096009966314,-5.392993350378509
1636121890750,2021-11-05T10:18:10.750,3.71,-11.275075787858441,-2.031705211569051,-8.138851037381702
1636121890760,2021-11-05T10:18:10.760,3.72,-10.387335196982004,-3.3495107034825162,-10.412173668039863
1636121890770,2021-11-05T10:18:10.770,3.73,-10.515574279237423,-3.777273661520307,-11.492433032664987
1636121890780,2021-11-05T10:18:10.780,3.74,-11.545265396958392,-3.7023473414732555,-11.971353317867525
1636121890790,2021-11-05T10:18:10.790,3.75,-12.055562255153994,-3.342429257549844,-12.784276549655821
1636121890800,2021-11-05T10:18:10.800,3.76,-11.22991825865039,-2.5553208238789056,-13.912802536555837
1636121890810,2021-11-05T10:18:10.810,3.77,-9.788900840889596,-1.2747791482700046,-15.067838865704747
1636121890820,2021-11-05T10:18:10.820,3.78,-9.097851042066598,0.12429386316501065,-16.775527220589968
1636121890830,2021-11-05T10:18:10.830,3.79,-9.591063109587697,0.9931449157472628,-19.626536495461163
1636121890840,2021-11-05T10:18:10.840,3.8,-10.468661629176651,0.9025409644726563,-23.05389397707455
1636121890850,2021-11-05T10:18:10.850,3.81,-10.97438559892408,-0.0527916592037658,-25.880464893341454
1636121890860,2021-11-05T10:18:10.860,3.82,-11.230918746040842,-1.4128156604610458,-27.690510583579787
1636121890870,2021-11-05T10:18:10.870,3.83,-11.634643732662653,-2.7292086310558252,-28.904974981052984
1636121890880,2021-11-05T10:18:10.880,3.84,-12.208908225487253,-3.740167204872528,-29.897593543169997
1636121890890,2021-11-05T10:18:10.890,3.85,-12.64567947679965,-4.2477854122455785,-30.716543468293803
1636121890900,2021-11-05T10:18:10.900,3.86,-12.442753628523112,-3.983865755992836,-31.426619734491926
1636121890910,2021-11-05T10:18:10.910,3.87,-11.354000045744396,-2.770104318601619,-32.24425226053859
1636121890920,2021-11-05T10:18:10.920,3.88,-10.055750617084685,-0.8233053636454195,-33.407989323205555
1636121890930,2021-11-05T10:18:10.930,3.89,-9.559236601978157,1.2815716097690362,-34.972498458806086
1636121890940,2021-11-05T10:18:10.940,3.9,-9.72825736968171,3.0268612851219756,-36.537097579100596
1636121890950,2021-11-05T10:18:10.950,3.91,-9.381763558465527,4.261087832131361,-37.31303371725495
1636121890960,2021-11-05T10:18:10.960,3.92,-7.955255482736904,5.195918105801202,-36.807232455034466
1636121890970,2021-11-05T10:18:10.970,3.93,-6.082380158490448,6.223948851480012,-35.411297188227486
1636121890980,2021-11-05T10:18:10.980,3.94,-4.535855173734158,7.577878337038737,-34.033133402592554
1636121890990,2021-11-05T10:18:10.990,3.95,-3.4394554926095644,9.05879656350827,-33.133412784165216
1636121891000,2021-11-05T10:18:11.000,3.96,-2.64964331127927,10.262287118869274,-32.425777181053945
1636121891010,2021-11-05T10:18:11.010,3.97,-2.319381176644223,10.919676090507647,-31.59308749363401
1636121891020,2021-11-05T10:18:11.020,3.98,-2.6540016738028855,10.595027545502727,-30.868496790821006
1636121891030,2021-11-05T10:18:11.030,3.99,-3.2950646620817796,8.57892284053056,-30.680734019973812
1636121891040,2021-11-05T10:18:11.040,4.0,-3.4091500543155506,5.20919917535356,-31.115548901851085
1636121891050,2021-11-05T10:18:11.050,4.01,-2.361710074562867,2.59379262598074,-31.971350112096864
1636121891060,2021-11-05T10:18:11.060,4.02,-0.19343419598248934,2.238852192136488,-33.101793700583336
1636121891070,2021-11-05T10:18:11.070,4.03,2.1393740136156465,2.9263241382338343,-34.57362020229364
1636121891080,2021-11-05T10:18:11.080,4.04,3.1619900986579705,2.996585358623621,-36.47778405134764
1636121891090,2021-11-05T10:18:11.090,4.05,2.364793455634303,3.065500678314651,-38.458148124101214
1636121891100,2021-11-05T10:18:11.100,4.06,0.9449700010455265,4.267031102507503,-39.63463983648023
1636121891110,2021-11-05T10:18:11.110,4.07,0.316418405300428,5.84834208558243,-39.39705270333473
1636121891120,2021-11-05T10:18:11.120,4.08,0.7465612632620217,6.484005908051479,-38.11869541492688
1636121891130,2021-11-05T10:18:11.130,4.09,2.054142013560077,6.195255346252326,-36.766252393191635
1636121891140,2021-11-05T10:18:11.140,4.1,4.209779883693806,5.692892226197776,-36.07347044741519
1636121891150,2021-11-05T10:18:11.150,4.11,6.580903247922672,5.196417950242469,-36.31266945093341
1636121891160,2021-11-05T10:18:11.160,4.12,8.070560667835089,4.65476413681029,-37.34108031489896
1636121891170,2021-11-05T10:18:11.170,4.13,8.60910259254742,4.216793067012172,-38.41816882567512
1636121891180,2021-11-05T10:18:11.180,4.14,9.330209995915636,4.036967120624581,-38.432776273013246
1636121891190,2021-11-05T10:18:11.190,4.15,11.007251129897126,4.132489323366648,-36.89640763147719
1636121891200,2021-11-05T10:18:11.200,4.16,13.325856608454966,4.5917734310304565,-34.57226060600178
1636121891210,2021-11-05T10:18:11.210,4.17,15.606279772176718,5.49906990068781,-32.86432876581151
1636121891220,2021-11-05T10:18:11.220,4.18,17.091525080656577,6.472577542141768,-32.759594811572924
1636121891230,2021-11-05T10:18:11.230,4.19,16.752263647262787,6.601435991661588,-34.29889253941448
1636121891240,2021-11-05T10:18:11.240,4.2,14.281868955575924,5.3197197608889955,-36.55168724635632
1636121891250,2021-11-05T10:18:11.250,4.21,11.305885043932417,3.4023962599312307,-38.02232918352415
1636121891260,2021-11-05T10:18:11.260,4.22,10.147907484965375,2.498346093809959,-37.58372043620532
1636121891270,2021-11-05T10:18:11.270,4.23,11.235939333138658,3.3263985887425864,-35.18970575644547
1636121891280,2021-11-05T10:18:11.280,4.24,13.024553006173353,4.7805848348882085,-31.457832048475737
1636121891290,2021-11-05T10:18:11.290,4.25,14.491655047075716,5.131167205611412,-26.805926334456693
1636121891300,2021-11-05T10:18:11.300,4.26,16.132155992673724,3.952189511462893,-21.583605165373307
1636121891310,2021-11-05T10:18:11.310,4.27,18.102615596834013,2.6478476393183774,-16.834775965528546
1636121891320,2021-11-05T10:18:11.320,4.28,19.05295127827013,2.788811052973517,-13.924757915759756
1636121891330,2021-11-05T10:18:11.330,4.29,17.89190344465075,4.193826958490991,-13.023591447783481
1636121891340,2021-11-05T10:18:11.340,4.3,15.610894150394042,5.396603198896456,-12.612563879436479
1636121891350,2021-11-05T10:18:11.350,4.31,14.179062787854548,5.6185860167825545,-10.975877275562045
1636121891360,2021-11-05T10:18:11.360,4.32,14.352713820432703,5.322577818791034,-7.7964476254051025
1636121891370,2021-11-05T10:18:11.370,4.33,15.429413451066944,5.223762058869905,-3.919926389761444
1636121891380,2021-11-05T10:18:11.380,4.34,16.332340387170603,5.617552272547394,-0.05863688024961977
1636121891390,2021-11-05T10:18:11.390,4.35,16.301406209964938,6.43066594691725,3.5439444698531073
1636121891400,2021-11-05T10:18:11.400,4.36,15.470841564922097,7.386066760345736,6.409185690071026
1636121891410,2021-11-05T10:18:11.410,4.37,15.06409416521754,8.213274154385722,7.738790550905009
1636121891420,2021-11-05T10:18:11.420,4.38,15.896966569840405,8.887369212594843,7.284313064903401
1636121891430,2021-11-05T10:18:11.430,4.39,16.873803690154258,9.541682556029057,5.706859472973488
1636121891440,2021-11-05T10:18:11.440,4.4,16.436832410666007,10.131783546076381,3.9008666573870787
1636121891450,2021-11-05T10:18:11.450,4.41,14.99308406884765,10.399957258344473,2.3680516657020974
1636121891460,2021-11-05T10:18:11.460,4.42,14.172976448436131,10.188864875288953,1.2011024940744144
1636121891470,2021-11-05T10:18:11.470,4.43,14.345094383990416,9.596295194924114,0.23117519290449873
1636121891480,2021-11-05T10:18:11.480,4.44,14.55867650689909,8.836823947919225,-0.8378433265818325
1636121891490,2021-11-05T10:18:11.490,4.45,14.212536557784592,8.119314101043825,-2.2028706253225074
1636121891500,2021-11-05T10:18:11.500,4.46,13.418547847209133,7.615025310640647,-3.765655091300056
1636121891510,2021-11-05T10:18:11.510,4.47,12.445687312121319,7.388958035016992,-5.092375607355331
1636121891520,2021-11-05T10:18:11.520,4.48,11.593263051393468,7.356657835149884,-5.657923426085709
1636121891530,2021-11-05T10:18:11.530,4.49,10.938909583118402,7.3750411675437855,-5.3875097125577724
1636121891540,2021-11-05T10:18:11.540,4.5,10.119093856500974,7.385593355968333,-4.879980703800427
1636121891550,2021-11-05T10:18:11.550,4.51,9.013086906406794,7.4458999313770615,-4.808840739086712
1636121891560,2021-11-05T10:18:11.560,4.52,8.197816572914203,7.596079778101794,-5.237724671418813
1636121891570,2021-11-05T10:18:11.570,4.53,8.052338479799527,7.717468089699026,-5.800902305714328
1636121891580,2021-11-05T10:18:11.580,4.54,8.013183831807993,7.60800180953763,-6.335074224383325
1636121891590,2021-11-05T10:18:11.590,4.55,7.379245193810544,7.203938193537251,-6.953527952757579
1636121891600,2021-11-05T10:18:11.600,4.56,6.420452208684856,6.6213961675442885,-7.582683169314939
1636121891610,2021-11-05T10:18:11.610,4.57,6.020300003228178,5.970227790634192,-7.813659532400781
1636121891620,2021-11-05T10:18:11.620,4.58,6.36020144205908,5.257554784426064,-7.361763894646382
1636121891630,2021-11-05T10:18:11.630,4.59,6.70752851337066,4.50191550915885,-6.443015895605107
1636121891640,2021-11-05T10:18:11.640,4.6,6.572858290425469,3.8001230887646233,-5.507089381700356
1636121891650,2021-11-05T10:18:11.650,4.61,6.166053307935149,3.2118463822055157,-4.791474583750869
1636121891660,2021-11-05T10:18:11.660,4.62,5.631949375623112,2.686483427030472,-4.302955392753557
1636121891670,2021-11-05T10:18:11.670,4.63,4.937027318410146,2.156987825013278,-3.992225388288449
1636121891680,2021-11-05T10:18:11.680,4.64,4.4478985104329185,1.5952808309810704,-3.8269413437478645
1636121891690,2021-11-05T10:18:11.690,4.65,4.434183060615991,0.9674592070331556,-3.9558414596549114
1636121891700,2021-11-05T10:18:11.700,4.66,4.334029217644542,0.2870530907154431,-4.720994852303891
1636121891710,2021-11-05T10:18:11.710,4.67,3.684210936980294,-0.30805365972908144,-6.089306417145478
1636121891720,2021-11-05T10:18:11.720,4.68,3.098592936727262,-0.7120031102971076,-7.257484620428705
1636121891730,2021-11-05T10:18:11.730,4.69,3.155537263907317,-1.0555010618821552,-7.374222032530202
1636121891740,2021-11-05T10:18:11.740,4.7,3.237741166525214,-1.589648280658504,-6.518661578304718
1636121891750,2021-11-05T10:18:11.750,4.71,2.6167631765826718,-2.4164508639462623,-5.503078677299047
1636121891760,2021-11-05T10:18:11.760,4.72,1.6769804894423381,-3.4956016426879626,-4.91704573019414
1636121891770,2021-11-05T10:18:11.770,4.73,1.076789533576629,-4.844519322465558,-4.780444574921507
1636121891780,2021-11-05T10:18:11.780,4.74,0.7826079438774125,-6.506909516957655,-4.871379833543321
1636121891790,2021-11-05T10:18:11.790,4.75,0.7294519974508724,-8.319303466016457,-4.955024697221072
1636121891800,2021-11-05T10:18:11.800,4.76,1.2549399668688426,-9.924495471401325,-4.839514548599954
1636121891810,2021-11-05T10:18:11.810,4.77,2.1724477919011016,-11.081889518264926,-4.484616800490507
1636121891820,2021-11-05T10:18:11.820,4.78,2.5107332209932958,-11.813266899506992,-3.949707538086048
1636121891830,2021-11-05T10:18:11.830,4.79,1.7155151303355467,-12.214762914770265,-3.189284412149493
1636121891840,2021-11-05T10:18:11.840,4.8,0.27725088216475774,-12.292261242729271,-2.0838331389033153
1636121891850,2021-11-05T10:18:11.850,4.81,-0.9913497136240672,-12.030158328080518,-0.6363876064020795
1636121891860,2021-11-05T10:18:11.860,4.82,-1.703875502095203,-11.499276744785831,0.9755275839445106
1636121891870,2021-11-05T10:18:11.870,4.83,-2.1370927816289287,-10.828348053783936,2.4160796127303037
1636121891880,2021-11-05T10:18:11.880,4.84,-2.961408112994165,-10.08940041463502,3.328408922723355
1636121891890,2021-11-05T10:18:11.890,4.85,-4.229615163441398,-9.261536065394875,3.7637533603942166
1636121891900,2021-11-05T10:18:11.900,4.86,-5.0047483167462685,-8.350831518422419,4.3037789931693435
1636121891910,2021-11-05T10:18:11.910,4.87,-4.902624665538518,-7.4713873662039685,5.376021060009601
1636121891920,2021-11-05T10:18:11.920,4.88,-4.998392042740407,-6.705520277478509,6.758170858227487
1636121891930,2021-11-05T10:18:11.930,4.89,-5.874981015862095,-5.977659297748859,8.155485180305284
1636121891940,2021-11-05T10:18:11.940,4.9,-6.307496801713684,-5.199188640967341,9.733153101913985
1636121891950,2021-11-05T10:18:11.950,4.91,-5.506332781782428,-4.446111474226599,11.567302490358713
1636121891960,2021-11-05T10:18:11.960,4.92,-4.749470048520744,-3.857417850845816,13.193599247555056
1636121891970,2021-11-05T10:18:11.970,4.93,-5.072235992212565,-3.4230846065431506,14.246429498379706
1636121891980,2021-11-05T10:18:11.980,4.94,-5.440783730971311,-2.9915006974060723,14.927077751389206
1636121891990,2021-11-05T10:18:11.990,4.95,-4.798207015125302,-2.454357952201775,15.411760641391648
1636121892000,2021-11-05T10:18:12.000,4.96,-3.837625549404204,-1.8361951478931728,15.46013027605671
1636121892010,2021-11-05T10:18:12.010,4.97,-3.486735410916319,-1.2269809839422279,14.951480411675309
1636121892020,2021-11-05T10:18:12.020,4.98,-3.5250799647395716,-0.7104604600864312,14.199031752985503
1636121892030,2021-11-05T10:18:12.030,4.99,-3.55874015513195,-0.35031715061610647,13.50418513893092
1636121892040,2021-11-05T10:18:12.040,5.0,-3.7640519811786985,-0.1711110644824268,12.892207035526834
1636121892050,2021-11-05T10:18:12.050,5.01,-4.119272429145038,-0.13348495029460478,12.38907697107842
1636121892060,2021-11-05T10:18:12.060,5.02,-4.11765686944376,-0.15449749043860217,12.148546830191837
1636121892070,2021-11-05T10:18:12.070,5.03,-3.611965219843619,-0.16477273032868733,12.21537897814073
1636121892080,2021-11-05T10:18:12.080,5.04,-3.1328998423053815,-0.1717770115397119,12.422205794771351
1636121892090,2021-11-05T10:18:12.090,5.05,-3.1199384074602934,-0.29256620646368686,12.587242391302727
1636121892100,2021-11-05T10:18:12.100,5.06,-3.396294038036255,-0.689600827772539,12.670586055796331
1636121892110,2021-11-05T10:18:12.110,5.07,-3.6073265639612306,-1.4189239116160075,12.721606216759373
1636121892120,2021-11-05T10:18:12.120,5.08,-3.6841204257214266,-2.3296846828820845,12.833043020373015
1636121892130,2021-11-05T10:18:12.130,5.09,-3.65232981119261,-3.1409604504886603,13.20517944389101
1636121892140,2021-11-05T10:18:12.140,5.1,-3.4644481161311917,-3.647948401040118,14.078489935129745
1636121892150,2021-11-05T10:18:12.150,5.11,-3.235529197563456,-3.84942814307228,15.445325860182649
1636121892160,2021-11-05T10:18:12.160,5.12,-3.23086665093847,-3.8696343853862,16.923105497719884
1636121892170,2021-11-05T10:18:12.170,5.13,-3.5017904570885756,-3.8010445621568865,18.078938225003537
1636121892180,2021-11-05T10:18:12.180,5.14,-3.821642886661155,-3.65504007739258,18.84483670886498
1636121892190,2021-11-05T10:18:12.190,5.15,-3.9744089076938547,-3.4262833162407995,19.474045669292703
1636121892200,2021-11-05T10:18:12.200,5.16,-3.9327180197840588,-3.150221024710021,20.13453694747935
1636121892210,2021-11-05T10:18:12.210,5.17,-3.789886689482649,-2.884120730049305,20.733743004073098
1636121892220,2021-11-05T10:18:12.220,5.18,-3.6177638398204275,-2.658061871596699,21.132369765820968
1636121892230,2021-11-05T10:18:12.230,5.19,-3.423386149209058,-2.469008887516142,21.32217921979624
1636121892240,2021-11-05T10:18:12.240,5.2,-3.184170751673631,-2.3079351776470327,21.357440308455622
1636121892250,2021-11-05T10:18:12.250,5.21,-2.8701477430660995,-2.1848830715293888,21.247838607855396
1636121892260,2021-11-05T10:18:12.260,5.22,-2.5853524709705002,-2.163357632419178,20.91687472110397
1636121892270,2021-11-05T10:18:12.270,5.23,-2.7511252762508884,-2.3611345342122885,20.213741850945596
1636121892280,2021-11-05T10:18:12.280,5.24,-3.8359622688203587,-2.850800976844969,19.08285028603007
1636121892290,2021-11-05T10:18:12.290,5.25,-5.765955788514281,-3.565854428385305,17.796928746632588
1636121892300,2021-11-05T10:18:12.300,5.26,-7.8802707717534135,-4.353528565134688,16.893510368746593
1636121892310,2021-11-05T10:18:12.310,5.27,-9.522163957628447,-5.075724896578537,16.785908469008582
1636121892320,2021-11-05T10:18:12.320,5.28,-10.450414006195963,-5.625371905790858,17.477286211222655
1636121892330,2021-11-05T10:18:12.330,5.29,-10.724825718540057,-5.945247136304568,18.635756511573266
1636121892340,2021-11-05T10:18:12.340,5.3,-10.420626582901875,-6.081066109785397,19.8268257775921
1636121892350,2021-11-05T10:18:12.350,5.31,-9.540371092788401,-6.113177620799901,20.659575125716074
1636121892360,2021-11-05T10:18:12.360,5.32,-8.242539699825922,-6.021267142694208,20.892224418144632
1636121892370,2021-11-05T10:18:12.370,5.33,-7.076443854773499,-5.762158458185397,20.529139533412668
1636121892380,2021-11-05T10:18:12.380,5.34,-6.686177019578247,-5.5050124305840615,19.714538516431485
1636121892390,2021-11-05T10:18:12.390,5.35,-7.170333500161583,-5.602760939550875,18.511827285402536
1636121892400,2021-11-05T10:18:12.400,5.36,-7.957919632657225,-6.221454362699679,17.007348182893274
1636121892410,2021-11-05T10:18:12.410,5.37,-8.375048117879338,-7.130707254731966,15.566795002587838
1636121892420,2021-11-05T10:18:12.420,5.38,-8.225186404587037,-7.994270996484461,14.563584110509757
1636121892430,2021-11-05T10:18:12.430,5.39,-7.868151248149178,-8.761038766595677,13.864347311970775
1636121892440,2021-11-05T10:18:12.440,5.4,-7.749643355015124,-9.612419137697778,13.024803606276432
1636121892450,2021-11-05T10:18:12.450,5.41,-7.853263689032389,-10.616548020748226,11.941998006787866
1636121892460,2021-11-05T10:18:12.460,5.42,-7.802692109690246,-11.632314844917953,10.918246444127448
1636121892470,2021-11-05T10:18:12.470,5.43,-7.49695124750359,-12.527667751514018,10.20648983247439
1636121892480,2021-11-05T10:18:12.480,5.44,-7.336113377455572,-13.313347812984274,9.810672245373315
1636121892490,2021-11-05T10:18:12.490,5.45,-7.67622828203485,-14.027923299300664,9.602892664184239
1636121892500,2021-11-05T10:18:12.500,5.46,-8.295307500760023,-14.62236633758808,9.493890958709594
1636121892510,2021-11-05T10:18:12.510,5.47,-8.745921582494267,-15.028291233435468,9.63133291228714
1636121892520,2021-11-05T10:18:12.520,5.48,-9.042623290682023,-15.245806846801244,10.359899934769263
1636121892530,2021-11-05T10:18:12.530,5.49,-9.420869175497057,-15.277188424594069,11.756031884320725
1636121892540,2021-11-05T10:18:12.540,5.5,-9.611301150941213,-15.056061481004068,13.360361297202616
1636121892550,2021-11-05T10:18:12.550,5.51,-8.98339067575651,-14.545644273981917,14.622358331733022
1636121892560,2021-11-05T10:18:12.560,5.52,-7.313664289885424,-13.862053128589329,15.410905596903632
1636121892570,2021-11-05T10:18:12.570,5.53,-5.1710055110149025,-13.227778567863524,15.857108619862878
1636121892580,2021-11-05T10:18:12.580,5.54,-3.5827953792320058,-12.819322508206838,15.956305561786678
1636121892590,2021-11-05T10:18:12.590,5.55,-3.094465394335808,-12.686344706694197,15.63164303248049
1636121892600,2021-11-05T10:18:12.600,5.56,-3.2029673442570754,-12.80344877019549,14.99981698340697
1636121892610,2021-11-05T10:18:12.610,5.57,-3.2116996775973234,-13.158292476973896,14.241415080424614
1636121892620,2021-11-05T10:18:12.620,5.58,-3.3414176149478796,-13.74024413134188,13.308961385628594
1636121892630,2021-11-05T10:18:12.630,5.59,-4.1639918705406025,-14.449469368772597,12.098684164022913
1636121892640,2021-11-05T10:18:12.640,5.6,-5.277376825451772,-15.092387095104694,10.870554776232757
1636121892650,2021-11-05T10:18:12.650,5.61,-5.652236186148181,-15.515441118525484,10.117889162833263
1636121892660,2021-11-05T10:18:12.660,5.62,-5.217830703079678,-15.717244957317806,9.940375907874277
1636121892670,2021-11-05T10:18:12.670,5.63,-4.997397965553558,-15.796165756128568,9.875825537833887
1636121892680,2021-11-05T10:18:12.680,5.64,-5.511071346523197,-15.821191445969907,9.48066991621412
1636121892690,2021-11-05T10:18:12.690,5.65,-6.091279220807187,-15.820027484609454,8.798036726908894
1636121892700,2021-11-05T10:18:12.700,5.66,-6.1423554166620535,-15.87075871961337,8.119668086216763
1636121892710,2021-11-05T10:18:12.710,5.67,-6.067998487913291,-16.089575593593285,7.579774567326133
1636121892720,2021-11-05T10:18:12.720,5.68,-6.358028841360215,-16.490031835810182,7.203531692080355
1636121892730,2021-11-05T10:18:12.730,5.69,-6.622824142967705,-16.929819250347457,7.111371543230508
1636121892740,2021-11-05T10:18:12.740,5.7,-6.240770199533889,-17.223298336687826,7.38976709750264
1636121892750,2021-11-05T10:18:12.750,5.71,-5.31386287818467,-17.253678928471007,7.910450657396435
1636121892760,2021-11-05T10:18:12.760,5.72,-4.330073174568654,-16.966726837166128,8.511977758925859
1636121892770,2021-11-05T10:18:12.770,5.73,-3.383756472477452,-16.335042099326184,9.190211308288703
1636121892780,2021-11-05T10:18:12.780,5.74,-2.323059189947108,-15.410254111250222,9.888808787705214
1636121892790,2021-11-05T10:18:12.790,5.75,-1.2941748050987596,-14.372167577785392,10.317857418435512
1636121892800,2021-11-05T10:18:12.800,5.76,-0.6240214966788385,-13.403720508537333,10.245801485015324
1636121892810,2021-11-05T10:18:12.810,5.77,-0.374636427653516,-12.498089593536026,9.81486101191612
1636121892820,2021-11-05T10:18:12.820,5.78,-0.25856413757235824,-11.48789219387875,9.3748890999161
1636121892830,2021-11-05T10:18:12.830,5.79,0.14216603730113972,-10.294549829474288,9.144413945594867
1636121892840,2021-11-05T10:18:12.840,5.8,0.8961005761308385,-9.06440430579046,9.139015752623507
1636121892850,2021-11-05T10:18:12.850,5.81,1.3314069890060418,-8.018300988757392,9.273574876980643
1636121892860,2021-11-05T10:18:12.860,5.82,0.7822443290796942,-7.245180951793447,9.427753299247662
1636121892870,2021-11-05T10:18:12.870,5.83,-0.17728787162819876,-6.7077107649856735,9.49524796298355
1636121892880,2021-11-05T10:18:12.880,5.84,-0.33771458204356225,-6.402461893353429,9.448493955128757
1636121892890,2021-11-05T10:18:12.890,5.85,0.2898410605512402,-6.432666470099585,9.334106639815353
1636121892900,2021-11-05T10:18:12.900,5.86,0.5487321505769034,-6.882792483360556,9.172079747462995
1636121892910,2021-11-05T10:18:12.910,5.87,-0.02816386560074674,-7.648603889450552,8.915182966752585
1636121892920,2021-11-05T10:18:12.920,5.88,-0.7564152130129285,-8.484303475240893,8.575335852674154
1636121892930,2021-11-05T10:18:12.930,5.89,-1.0283423196977028,-9.2332304213589,8.30618548674321
1636121892940,2021-11-05T10:18:12.940,5.9,-0.9716167188517563,-9.893484037405042,8.240101567781162
1636121892950,2021-11-05T10:18:12.950,5.91,-0.9577333114459818,-10.442394895872141,8.312038732809876
1636121892960,2021-11-05T10:18:12.960,5.92,-1.0878581841762813,-10.759777539968528,8.357752159811836
1636121892970,2021-11-05T10:18:12.970,5.93,-1.1910222406960527,-10.765472669360188,8.314143093552936
1636121892980,2021-11-05T10:18:12.980,5.94,-1.0688733997443356,-10.479036840658436,8.2243995854783
1636121892990,2021-11-05T10:18:12.990,5.95,-0.7176622843417326,-9.904992341021444,8.110888766536672
1636121893000,2021-11-05T10:18:13.000,5.96,-0.38509465203513693,-9.00572092220141,7.925389072857117
1636121893010,2021-11-05T10:18:13.010,5.97,-0.33614855024507145,-7.829127379623136,7.606198788108687
1636121893020,2021-11-05T10:18:13.020,5.98,-0.47171512521206,-6.5246387752634,7.171751645568339
1636121893030,2021-11-05T10:18:13.030,5.99,-0.36782662618058976,-5.1824831097900494,6.755583228724467
1636121893040,2021-11-05T10:18:13.040,6.0,0.12086518820028053,-3.7735877575707706,6.494683770023725
1636121893050,2021-11-05T10:18:13.050,6.01,0.6254664260595137,-2.2807898510791196,6.40601362230503
1636121893060,2021-11-05T10:18:13.060,6.02,0.9332127647055839,-0.772522636326513,6.482891552246233
1636121893070,2021-11-05T10:18:13.070,6.03,1.4027286976203277,0.6884100336784787,6.842983943540412
1636121893080,2021-11-05T10:18:13.080,6.04,2.2414028410528215,2.115311679970141,7.5887695304735665
1636121893090,2021-11-05T10:18:13.090,6.05,2.951913400093832,3.5309699249384368,8.60959293570309
1636121893100,2021-11-05T10:18:13.100,6.06,3.1112360438214113,4.872970910402898,9.741979647527593
1636121893110,2021-11-05T10:18:13.110,6.07,3.100444474356751,6.004032516508164,10.965495202937332
1636121893120,2021-11-05T10:18:13.120,6.08,3.359288636330783,6.802355979516135,12.173171559459137
1636121893130,2021-11-05T10:18:13.130,6.09,3.4813593007631205,7.213318666621465,12.978991302008124
1636121893140,2021-11-05T10:18:13.140,6.1,2.8459660865395424,7.244920019800482,13.100502160750905
1636121893150,2021-11-05T10:18:13.150,6.11,1.761516414062623,6.972782295650848,12.756130350546396
1636121893160,2021-11-05T10:18:13.160,6.12,1.1748598636674794,6.529766842891319,12.394846182886312
1636121893170,2021-11-05T10:18:13.170,6.13,1.4267146356025067,6.025749941770037,12.199387688552429
1636121893180,2021-11-05T10:18:13.180,6.14,2.047365704734141,5.484488908726165,12.065856143956772
1636121893190,2021-11-05T10:18:13.190,6.15,2.668787702838489,4.916613564101166,11.86310623001077
1636121893200,2021-11-05T10:18:13.200,6.16,3.326828123233375,4.442895519391094,11.48384794353023
1636121893210,2021-11-05T10:18:13.210,6.17,3.9256385698649474,4.2539625367668155,10.8053132349603
1636121893220,2021-11-05T10:18:13.220,6.18,4.233153581202304,4.411927167547902,9.826966401478655
1636121893230,2021-11-05T10:18:13.230,6.19,4.338093504719544,4.769255442938775,8.75645476833262
1636121893240,2021-11-05T10:18:13.240,6.2,4.420839858613906,5.139945441414283,7.7932459889796775
1636121893250,2021-11-05T10:18:13.250,6.21,4.3397996943229,5.491159627977137,6.9256987319028145
1636121893260,2021-11-05T10:18:13.260,6.22,4.031049363008832,5.907311930624299,6.087044209525466
1636121893270,2021-11-05T10:18:13.270,6.23,3.8507327499555406,6.432558183314447,5.362805752706439
1636121893280,2021-11-05T10:18:13.280,6.24,4.028669678426631,7.046484956465651,4.854714603978717
1636121893290,2021-11-05T10:18:13.290,6.25,4.340187699498057,7.749573585118728,4.48423058587655
1636121893300,2021-11-05T10:18:13.300,6.26,4.620033646486713,8.543686944068764,4.1121406295398035
1636121893310,2021-11-05T10:18:13.310,6.27,4.947501560231308,9.327669397420575,3.7256825075725457
1636121893320,2021-11-05T10:18:13.320,6.28,5.1644195502910195,9.914880217452744,3.396562980410776
1636121893330,2021-11-05T10:18:13.330,6.29,4.898327157248169,10.157046280355523,3.1582303138822567
1636121893340,2021-11-05T10:18:13.340,6.3,4.20935484448482,9.9958757779433,2.9268480400381316
1636121893350,2021-11-05T10:18:13.350,6.31,3.635114230235585,9.454201099708271,2.469007485063184
1636121893360,2021-11-05T10:18:13.360,6.32,3.447359608271741,8.661135148142657,1.5570202381721778
1636121893370,2021-11-05T10:18:13.370,6.33,3.398231900269707,7.846117457748862,0.21690856781724216
1636121893380,2021-11-05T10:18:13.380,6.34,3.374127499806951,7.24315321378825,-1.3260509756888341
1636121893390,2021-11-05T10:18:13.390,6.35,3.620456815092955,6.982542955195597,-2.95768777540301
1636121893400,2021-11-05T10:18:13.400,6.36,4.058897087964332,7.077028878717753,-4.753411678377214
1636121893410,2021-11-05T10:18:13.410,6.37,4.233472208973627,7.582279722216406,-6.754676790754913
1636121893420,2021-11-05T10:18:13.420,6.38,4.174252179624805,8.788070725934896,-8.843907086627414
1636121893430,2021-11-05T10:18:13.430,6.39,4.2797989528988145,11.058691854457289,-10.850736660150769
1636121893440,2021-11-05T10:18:13.440,6.4,4.233894568965873,14.372817167537711,-12.641886283431232
1636121893450,2021-11-05T10:18:13.450,6.41,3.3944869841131897,18.20465343425052,-14.10837249718519
1636121893460,2021-11-05T10:18:13.460,6.42,2.3528917154772557,21.95466343278178,-15.20642554333143
1636121893470,2021-11-05T10:18:13.470,6.43,2.3726060145669816,25.323521334505607,-16.01896814147768
1636121893480,2021-11-05T10:18:13.480,6.44,3.112355147452334,28.215317732410583,-16.65816020130596
1636121893490,2021-11-05T10:18:13.490,6.45,2.9670237642921418,30.49598944693296,-17.135163351984563
1636121893500,2021-11-05T10:18:13.500,6.46,1.8161572724473736,32.005424098069,-17.44766197348118
1636121893510,2021-11-05T10:18:13.510,6.47,1.2134619134556903,32.728977986681,-17.71984473673948
1636121893520,2021-11-05T10:18:13.520,6.48,1.848652144473788,32.814073119721044,-18.078604718495917
1636121893530,2021-11-05T10:18:13.530,6.49,2.891509567774372,32.397209608146454,-18.42992193640605
1636121893540,2021-11-05T10:18:13.540,6.5,3.6690622911016573,31.5019637208299,-18.518615637671218
1636121893550,2021-11-05T10:18:13.550,6.51,4.309036651398537,30.131398061266967,-18.209537502968466
1636121893560,2021-11-05T10:18:13.560,6.52,4.865433364264747,28.35619025611417,-17.638363564851293
1636121893570,2021-11-05T10:18:13.570,6.53,4.898820347391919,26.26534873683868,-17.122157038591507
1636121893580,2021-11-05T10:18:13.580,6.54,4.064416944499578,23.974923529777396,-16.92940784009732
1636121893590,2021-11-05T10:18:13.590,6.55,2.84162380233919,21.796886154415198,-17.049554237135844
1636121893600,2021-11-05T10:18:13.600,6.56,2.3704643739013154,20.24017600248524,-17.222675608463746
1636121893610,2021-11-05T10:18:13.610,6.57,3.131043244846733,19.634960414614547,-17.297693583633205
1636121893620,2021-11-05T10:18:13.620,6.58,4.1119765498966325,19.804978774886834,-17.423280341393795
1636121893630,2021-11-05T10:18:13.630,6.59,4.046316399552722,20.244214825940134,-17.72625648941648
1636121893640,2021-11-05T10:18:13.640,6.6,3.00565932412859,20.5739841347984,-18.03176503344673
1636121893650,2021-11-05T10:18:13.650,6.61,1.9270498531569282,20.78455048969668,-18.148379814569093
1636121893660,2021-11-05T10:18:13.660,6.62,1.2923683889670845,21.138580408182435,-18.204214670632062
1636121893670,2021-11-05T10:18:13.670,6.63,1.1464578735329196,21.8886595579723,-18.44538004519102
1636121893680,2021-11-05T10:18:13.680,6.64,1.5016788719531062,23.01026258568062,-18.881121551687297
1636121893690,2021-11-05T10:18:13.690,6.65,1.8807698658456278,24.170560403758255,-19.30610062291563
1636121893700,2021-11-05T10:18:13.700,6.66,1.4521867246942723,24.938156086563012,-19.54059210222511
1636121893710,2021-11-05T10:18:13.710,6.67,0.400922980076651,24.98139981250992,-19.588727474978313
1636121893720,2021-11-05T10:18:13.720,6.68,0.1061797091298971,24.13608199006824,-19.630530542876244
1636121893730,2021-11-05T10:18:13.730,6.69,1.0907269066267429,22.408028587463505,-19.785066246894097
1636121893740,2021-11-05T10:18:13.740,6.7,1.8479533920920381,19.904071200304283,-19.88861974323519
1636121893750,2021-11-05T10:18:13.750,6.71,0.8541141734463246,16.741211503467355,-19.689686710610857
1636121893760,2021-11-05T10:18:13.760,6.72,-1.0555192062400796,13.097865764124673,-19.185789295388435
1636121893770,2021-11-05T10:18:13.770,6.73,-1.6582089879319486,9.312961643204964,-18.549737211724413
1636121893780,2021-11-05T10:18:13.780,6.74,-0.2705507222335213,5.761043928317504,-17.86504797612481
1636121893790,2021-11-05T10:18:13.790,6.75,1.6036814205135106,2.643568597107752,-17.13940285676599
1636121893800,2021-11-05T10:18:13.800,6.76,2.501829721821371,0.11397172796325145,-16.421712929758147
1636121893810,2021-11-05T10:18:13.810,6.77,2.7032563068420297,-1.4165399413681998,-15.761696696918852
1636121893820,2021-11-05T10:18:13.820,6.78,3.265288246060649,-1.437635780476005,-15.1985872358679
1636121893830,2021-11-05T10:18:13.830,6.79,4.208755805803586,0.09054428689129984,-14.83024007402605
1636121893840,2021-11-05T10:18:13.840,6.8,4.562110909619715,2.612471039630559,-14.713625320485548
1636121893850,2021-11-05T10:18:13.850,6.81,3.891337660871636,5.492701415870721,-14.708845105587326
1636121893860,2021-11-05T10:18:13.860,6.82,2.856515796289351,8.384842432805547,-14.613582460054957
1636121893870,2021-11-05T10:18:13.870,6.83,2.2581988374686905,11.10042069859533,-14.397931519545462
1636121893880,2021-11-05T10:18:13.880,6.84,2.2780871649307337,13.436746009516774,-14.125512410380958
1636121893890,2021-11-05T10:18:13.890,6.85,2.7322287877329883,15.195637827762953,-13.763905705230265
1636121893900,2021-11-05T10:18:13.900,6.86,3.391969509278253,16.195642615878693,-13.299526336076184
1636121893910,2021-11-05T10:18:13.910,6.87,3.8253279084296268,16.237609200670853,-12.912747481884404
1636121893920,2021-11-05T10:18:13.920,6.88,3.549380379504614,15.123081554979356,-12.740827456407859
1636121893930,2021-11-05T10:18:13.930,6.89,2.718209060840823,12.715514375707416,-12.507765040776889
1636121893940,2021-11-05T10:18:13.940,6.9,2.074199627584538,9.017418191077624,-11.710006342016271
1636121893950,2021-11-05T10:18:13.950,6.91,1.8687509689058164,4.236337902319891,-10.235327736755808
1636121893960,2021-11-05T10:18:13.960,6.92,1.5787065384999197,-1.2456527718788655,-8.509076646628447
1636121893970,2021-11-05T10:18:13.970,6.93,1.0129282260681647,-6.970776417577439,-6.93567198388099
1636121893980,2021-11-05T10:18:13.980,6.94,0.7421418453174479,-12.405767887009878,-5.539555085924567
1636121893990,2021-11-05T10:18:13.990,6.95,1.1022744382030496,-16.876379088971113,-4.312297543714541
1636121894000,2021-11-05T10:18:14.000,6.96,1.735362938200486,-19.71089767154973,-3.4969014474972395
1636121894010,2021-11-05T10:18:14.010,6.97,2.2616198662795446,-20.600367750926548,-3.2566709119769253
1636121894020,2021-11-05T10:18:14.020,6.98,2.4799311099757175,-19.743437678249265,-3.4257909277977663
1636121894030,2021-11-05T10:18:14.030,6.99,1.9836271862433081,-17.53871802200139,-3.8414810213913153
1636121894040,2021-11-05T10:18:14.040,7.0,0.4863341179238813,-14.23318238942185,-4.566903091443275
1636121894050,2021-11-05T10:18:14.050,7.01,-1.515238892572154,-9.995232178086923,-5.545832405151327
1636121894060,2021-11-05T10:18:14.060,7.02,-3.085756449063186,-5.205889310774063,-6.405360682511138
1636121894070,2021-11-05T10:18:14.070,7.03,-3.8869768582292865,-0.4482376902606118,-6.892341453639369
1636121894080,2021-11-05T10:18:14.080,7.04,-4.317864192053477,3.7967886010353986,-7.187147083869356
1636121894090,2021-11-05T10:18:14.090,7.05,-4.466229222933567,7.314044481262355,-7.49805510460415
1636121894100,2021-11-05T10:18:14.100,7.06,-3.730424809646087,9.9978072957426,-7.698837462441961
1636121894110,2021-11-05T10:18:14.110,7.07,-2.169832888679194,11.56395429213806,-7.7248268612328825
1636121894120,2021-11-05T10:18:14.120,7.08,-1.2966043763372355,11.468199734366472,-7.95633205594759
1636121894130,2021-11-05T10:18:14.130,7.09,-2.2722883205758597,9.279310183213193,-8.721596385250017
1636121894140,2021-11-05T10:18:14.140,7.1,-3.996842682795566,5.198889509377459,-9.657022636896333
1636121894150,2021-11-05T10:18:14.150,7.11,-4.3402623992100215,0.018973950068649548,-10.027427937941242
1636121894160,2021-11-05T10:18:14.160,7.12,-2.8609012533029405,-5.514492184295971,-9.547421367166233
1636121894170,2021-11-05T10:18:14.170,7.13,-1.1050686097876716,-11.106994406514593,-8.52242630301542
1636121894180,2021-11-05T10:18:14.180,7.14,-0.39984938239984635,-16.636489530001292,-7.31364972930788
1636121894190,2021-11-05T10:18:14.190,7.15,-0.4093277055341338,-21.708302000403258,-6.025209480017067
1636121894200,2021-11-05T10:18:14.200,7.16,-0.0975547268386679,-25.686977591734802,-4.693849885840729
1636121894210,2021-11-05T10:18:14.210,7.17,0.6487006966420825,-28.110908330713627,-3.5172197536311804
1636121894220,2021-11-05T10:18:14.220,7.18,1.0649714035948745,-28.88112846096136,-2.7906855414184175
1636121894230,2021-11-05T10:18:14.230,7.19,0.9141053092675885,-28.030705358779194,-2.662760904277906
1636121894240,2021-11-05T10:18:14.240,7.2,0.807248781696356,-25.579006180336087,-3.0162251424578868
1636121894250,2021-11-05T10:18:14.250,7.21,0.8628805212269292,-21.753570351212048,-3.654552979893054
1636121894260,2021-11-05T10:18:14.260,7.22,0.24733710597763953,-17.105478980988895,-4.5796692231718374
1636121894270,2021-11-05T10:18:14.270,7.23,-1.2703288456368291,-12.194664820997543,-5.98243699399223
1636121894280,2021-11-05T10:18:14.280,7.24,-2.4524755459877046,-7.314760625027992,-8.00175231440837
1636121894290,2021-11-05T10:18:14.290,7.25,-2.2538958286363657,-2.693273448973124,-10.733484832334256
1636121894300,2021-11-05T10:18:14.300,7.26,-1.5216065810647739,1.1947926201929053,-14.553874619227194
1636121894310,2021-11-05T10:18:14.310,7.27,-1.8952156936664522,3.793336598544384,-19.96605331507427
1636121894320,2021-11-05T10:18:14.320,7.28,-3.4691353081087555,4.985094614867379,-26.498065041821228
1636121894330,2021-11-05T10:18:14.330,7.29,-4.829704034112229,5.2086905430367985,-31.95082442545432
1636121894340,2021-11-05T10:18:14.340,7.3,-5.117928541314102,4.909700394139224,-33.76235332912391
1636121894350,2021-11-05T10:18:14.350,7.31,-4.708566768687071,4.060417701264331,-31.599648770081323
1636121894360,2021-11-05T10:18:14.360,7.32,-4.2442046523822174,2.377456780981926,-27.91238680001532
1636121894370,2021-11-05T10:18:14.370,7.33,-4.067072393797744,-0.1952496056889712,-25.31352780487853
1636121894380,2021-11-05T10:18:14.380,7.34,-4.015223926822877,-3.408376395370345,-23.9745555040461
1636121894390,2021-11-05T10:18:14.390,7.35,-3.503067393679393,-6.91253332446039,-22.30942998253373
1636121894400,2021-11-05T10:18:14.400,7.36,-2.593990948234313,-10.302796050719392,-19.543976060821237
1636121894410,2021-11-05T10:18:14.410,7.37,-2.327918238651538,-13.068862764512854,-16.39256915296979
1636121894420,2021-11-05T10:18:14.420,7.38,-3.0258328835196115,-14.782306337609418,-13.512587065054454
1636121894430,2021-11-05T10:18:14.430,7.39,-3.494652576702963,-15.405489726605373,-10.675678909512799
1636121894440,2021-11-05T10:18:14.440,7.4,-2.869135352504888,-15.247996344374027,-7.599534544367449
1636121894450,2021-11-05T10:18:14.450,7.41,-1.8233509078602919,-14.536872534626383,-4.473556270836058
1636121894460,2021-11-05T10:18:14.460,7.42,-1.1173895200870534,-13.196626956033093,-1.455076888734843
1636121894470,2021-11-05T10:18:14.470,7.43,-0.48239332306135263,-11.139648576017528,1.415927274904118
1636121894480,2021-11-05T10:18:14.480,7.44,0.1900434628865323,-8.530004355513988,3.6953397367676573
1636121894490,2021-11-05T10:18:14.490,7.45,0.17427361664771945,-5.6024720176311416,4.895101274203349
1636121894500,2021-11-05T10:18:14.500,7.46,-0.5736721184728808,-2.4739431497003084,5.420373813245359
1636121894510,2021-11-05T10:18:14.510,7.47,-0.8944985862725336,0.7124608705678073,6.054499481658709
1636121894520,2021-11-05T10:18:14.520,7.48,-0.39534079517585863,3.7319290946189616,6.5255490248599255
1636121894530,2021-11-05T10:18:14.530,7.49,-0.04377302091036485,6.5009493523471695,6.014783869283136
1636121894540,2021-11-05T10:18:14.540,7.5,-0.07111244324022228,9.104236122809532,5.086950201052027
1636121894550,2021-11-05T10:18:14.550,7.51,0.3311416176905211,11.539509425553206,5.262891032600336
1636121894560,2021-11-05T10:18:14.560,7.52,0.8343635707374318,13.65828594640853,6.539828833474694
1636121894570,2021-11-05T10:18:14.570,7.53,0.3139181292213493,15.334666669118338,7.314330496162128
1636121894580,2021-11-05T10:18:14.580,7.54,-0.690931836756245,16.503013703147865,6.808286788353351
1636121894590,2021-11-05T10:18:14.590,7.55,-0.8003740205274321,17.101318702925262,5.645649962471673
1636121894600,2021-11-05T10:18:14.600,7.56,-0.4236805674748077,17.116354642506035,4.242440449901519
1636121894610,2021-11-05T10:18:14.610,7.57,-0.7287960402622422,16.62643092127854,2.4944443804036114
1636121894620,2021-11-05T10:18:14.620,7.58,-1.074898470035417,15.757188705076771,0.8367548586159519
1636121894630,2021-11-05T10:18:14.630,7.59,-0.05035035172213678,14.659838420211315,0.04947575091242987
1636121894640,2021-11-05T10:18:14.640,7.6,1.9459077029808391,13.519026054945897,0.09488815453067606
1636121894650,2021-11-05T10:18:14.650,7.61,3.191290439640737,12.495724946338054,0.19079807038558633
1636121894660,2021-11-05T10:18:14.660,7.62,3.0687053112092393,11.650381337631291,-0.05018288526983097
1636121894670,2021-11-05T10:18:14.670,7.63,2.622297080880606,10.976310785914364,-0.2719074623146078
1636121894680,2021-11-05T10:18:14.680,7.64,2.917001512740039,10.514562531321307,-0.07636988913853937
1636121894690,2021-11-05T10:18:14.690,7.65,3.803569610447645,10.353492475172672,0.5241110493786525
1636121894700,2021-11-05T10:18:14.700,7.66,4.458533577565684,10.47782245677228,1.3864970204809408
1636121894710,2021-11-05T10:18:14.710,7.67,4.465220133540805,10.73664322191662,2.467114496824249
1636121894720,2021-11-05T10:18:14.720,7.68,4.100493610368271,11.040309341758755,3.6325840821788837
1636121894730,2021-11-05T10:18:14.730,7.69,4.0294045295557845,11.469258847977798,4.667483986819135
1636121894740,2021-11-05T10:18:14.740,7.7,4.687125475575768,12.106460660951253,5.6691548461344805
1636121894750,2021-11-05T10:18:14.750,7.71,5.569436032193288,12.875819642863775,6.969111957596385
1636121894760,2021-11-05T10:18:14.760,7.72,5.668901480434009,13.626482599498306,8.35469255287101
1636121894770,2021-11-05T10:18:14.770,7.73,5.037497613549832,14.28496866644188,8.985889201770835
1636121894780,2021-11-05T10:18:14.780,7.74,4.920823895991439,14.83466671375125,8.590760902753821
1636121894790,2021-11-05T10:18:14.790,7.75,5.806990145953082,15.210880492943616,7.95807767260719
1636121894800,2021-11-05T10:18:14.800,7.76,6.552192193387522,15.330560704045919,7.608034882584054
1636121894810,2021-11-05T10:18:14.810,7.77,6.102421452137111,15.20975515248212,7.00765853874752
1636121894820,2021-11-05T10:18:14.820,7.78,5.042986480761627,14.94527949385027,5.866597290860505
1636121894830,2021-11-05T10:18:14.830,7.79,4.747597963947854,14.548899109063203,4.986403966660022
1636121894840,2021-11-05T10:18:14.840,7.8,5.483822338310043,13.884072645330892,4.867696213724112
1636121894850,2021-11-05T10:18:14.850,7.81,5.950080881317419,12.856456444445644,4.588020245162373
1636121894860,2021-11-05T10:18:14.860,7.82,4.925607895822205,11.613640390000477,3.1359980064591886
1636121894870,2021-11-05T10:18:14.870,7.83,3.03177337187209,10.431645520956701,1.129940741563812
1636121894880,2021-11-05T10:18:14.880,7.84,2.0593212096541826,9.456261918428712,0.21409111072323878
1636121894890,2021-11-05T10:18:14.890,7.85,2.6058099733416187,8.676265275835569,1.0381912290275337
1636121894900,2021-11-05T10:18:14.900,7.86,3.429147213618881,8.036959253655082,2.591110057572812
1636121894910,2021-11-05T10:18:14.910,7.87,3.3616031307806136,7.4354750711559,3.524520659184391
1636121894920,2021-11-05T10:18:14.920,7.88,2.7508917181634596,6.7265885976634845,3.565602084192127
1636121894930,2021-11-05T10:18:14.930,7.89,2.4979023828308904,5.864736616283533,3.4082683420948143
1636121894940,2021-11-05T10:18:14.940,7.9,2.6973975055585506,4.96847909707803,3.631170205721131
1636121894950,2021-11-05T10:18:14.950,7.91,2.9379074582750606,4.1980131389207305,4.185355940193098
1636121894960,2021-11-05T10:18:14.960,7.92,3.1393202166984544,3.6205114227356416,4.81777822235512
1636121894970,2021-11-05T10:18:14.970,7.93,3.397784692419849,3.1864905353948103,5.491233055111044
1636121894980,2021-11-05T10:18:14.980,7.94,3.5435666331417544,2.803556525028217,6.252758110844146
1636121894990,2021-11-05T10:18:14.990,7.95,3.3751056553267085,2.4528631868013004,7.021002243679108
1636121895000,2021-11-05T10:18:15.000,7.96,3.024164926337173,2.229286289303084,7.677833747706437
1636121895010,2021-11-05T10:18:15.010,7.97,2.8122094938247963,2.2289044862502876,8.206039297467584
1636121895020,2021-11-05T10:18:15.020,7.98,2.89109605559209,2.405995342982612,8.640711834828886
1636121895030,2021-11-05T10:18:15.030,7.99,3.0672997373758553,2.5876649720057623,8.958862786975196
1636121895040,2021-11-05T10:18:15.040,8.0,2.931568570863699,2.6465515973385507,9.060321399840042
1636121895050,2021-11-05T10:18:15.050,8.01,2.2920910166435853,2.6143337451155966,8.868380356825472
1636121895060,2021-11-05T10:18:15.060,8.02,1.4768402945389019,2.572686798087011,8.464031640294827
1636121895070,2021-11-05T10:18:15.070,8.03,0.9978596465418474,2.4920574354386686,8.058092993543646
1636121895080,2021-11-05T10:18:15.080,8.04,0.934844994298029,2.283569684409822,7.74918029967429
1636121895090,2021-11-05T10:18:15.090,8.05,0.8717034695846853,1.9446585771729459,7.38613126397628
1636121895100,2021-11-05T10:18:15.100,8.06,0.49012133321644935,1.523048052895052,6.847698291881146
1636121895110,2021-11-05T10:18:15.110,8.07,0.0870399017729041,1.0154407642231176,6.428642558446533
1636121895120,2021-11-05T10:18:15.120,8.08,0.2836726720336354,0.4342280421744228,6.642262548584121
1636121895130,2021-11-05T10:18:15.130,8.09,1.0699279581701997,-0.10787128041496474,7.503914934316225
1636121895140,2021-11-05T10:18:15.140,8.1,1.546516947099424,-0.5049671728870083,8.365750709585077
1636121895150,2021-11-05T10:18:15.150,8.11,1.2258814711252133,-0.8141869291270444,8.731555427968129
1636121895160,2021-11-05T10:18:15.160,8.12,0.944485960150381,-1.2302817242855326,8.792265929968453
1636121895170,2021-11-05T10:18:15.170,8.13,1.3353713226621433,-1.868512124206331,8.809423977408029
1636121895180,2021-11-05T10:18:15.180,8.14,1.3963696007696926,-2.546078432260229,8.682185822110592
1636121895190,2021-11-05T10:18:15.190,8.15,0.3443420416144336,-2.857705059908194,8.699624592101483
1636121895200,2021-11-05T10:18:15.200,8.16,-0.34280998385720995,-2.6194636773841222,9.823150614023266
1636121895210,2021-11-05T10:18:15.210,8.17,0.9830176650993192,-2.198783798428389,12.366242178914497
1636121895220,2021-11-05T10:18:15.220,8.18,3.069518185444235,-2.205138858803433,15.178801778076565
1636121895230,2021-11-05T10:18:15.230,8.19,3.201318881603372,-2.8508596322954194,17.04298524745557
1636121895240,2021-11-05T10:18:15.240,8.2,1.2185991121581339,-3.799145778105489,18.29201961601374
1636121895250,2021-11-05T10:18:15.250,8.21,-0.1281756759805135,-4.622299986504421,20.167912734491004
1636121895260,2021-11-05T10:18:15.260,8.22,0.828883679480678,-5.199899249861376,22.883338190321098
1636121895270,2021-11-05T10:18:15.270,8.23,2.3410919117019935,-5.659417632098895,25.242461596769687
1636121895280,2021-11-05T10:18:15.280,8.24,2.203253114028273,-6.131087776563789,26.29801854518552
1636121895290,2021-11-05T10:18:15.290,8.25,1.1559028609616582,-6.644285749234017,26.47255762380466
1636121895300,2021-11-05T10:18:15.300,8.26,1.1651999614049393,-7.169909311961307,26.57905771109168
1636121895310,2021-11-05T10:18:15.310,8.27,2.054119714448058,-7.673637883345313,26.614584505342258
1636121895320,2021-11-05T10:18:15.320,8.28,2.334548590430045,-8.107227184540502,26.17545428812265
1636121895330,2021-11-05T10:18:15.330,8.29,1.8276391342050677,-8.392118661736482,25.315494210506145
1636121895340,2021-11-05T10:18:15.340,8.3,1.3193129540835422,-8.487415886227696,24.40117901669266
1636121895350,2021-11-05T10:18:15.350,8.31,1.0165147884485286,-8.471724245953444,23.655255409274815
1636121895360,2021-11-05T10:18:15.360,8.32,0.7474687586291293,-8.481232601326285,23.120088505190395
1636121895370,2021-11-05T10:18:15.370,8.33,0.44106848122072684,-8.562877886345316,22.65583410420954
1636121895380,2021-11-05T10:18:15.380,8.34,-0.1970495808682197,-8.65608173394047,22.01046503577664
1636121895390,2021-11-05T10:18:15.390,8.35,-1.3398440025998708,-8.721038860731849,21.235798021452513
1636121895400,2021-11-05T10:18:15.400,8.36,-2.3745378370459163,-8.822241281567686,20.782012571190954
1636121895410,2021-11-05T10:18:15.410,8.37,-2.625434037464348,-9.056260219582313,20.86209813277843
1636121895420,2021-11-05T10:18:15.420,8.38,-2.36898333182105,-9.425241176575891,21.079643888661675
1636121895430,2021-11-05T10:18:15.430,8.39,-2.2549772925253273,-9.836374679314295,21.0449910355727
1636121895440,2021-11-05T10:18:15.440,8.4,-2.3560966954307734,-10.230631879538711,21.01521234005621
1636121895450,2021-11-05T10:18:15.450,8.41,-2.474854968535799,-10.619610403868997,21.50812426042515
1636121895460,2021-11-05T10:18:15.460,8.42,-2.591821551006679,-10.964867891210208,22.55251905579174
1636121895470,2021-11-05T10:18:15.470,8.43,-2.5520203610121848,-11.168104057626374,23.738119689970624
1636121895480,2021-11-05T10:18:15.480,8.44,-2.112720313867856,-11.253943506467216,24.76587967786547
1636121895490,2021-11-05T10:18:15.490,8.45,-1.4990150794275467,-11.40566573028401,25.527687307984223
1636121895500,2021-11-05T10:18:15.500,8.46,-1.2006311694775609,-11.740847131860274,25.84950606100835
1636121895510,2021-11-05T10:18:15.510,8.47,-1.2286920160574812,-12.183022155975522,25.55832256592646
1636121895520,2021-11-05T10:18:15.520,8.48,-1.2139525235407274,-12.592835691786181,24.696748231221488
1636121895530,2021-11-05T10:18:15.530,8.49,-1.1397210051706896,-12.914988008624977,23.44443272421297
1636121895540,2021-11-05T10:18:15.540,8.5,-1.3453674496141288,-13.197774300869035,21.956762499653443
1636121895550,2021-11-05T10:18:15.550,8.51,-1.8698918649424832,-13.565725727968562,20.37925467442794
1636121895560,2021-11-05T10:18:15.560,8.52,-2.330856943672844,-14.158575257398091,18.828153887065987
1636121895570,2021-11-05T10:18:15.570,8.53,-2.453464678165593,-15.022922092760798,17.245214716436827
1636121895580,2021-11-05T10:18:15.580,8.54,-2.4219873056030052,-16.085011470822835,15.41160802834122
1636121895590,2021-11-05T10:18:15.590,8.55,-2.648259483390843,-17.26463944922897,13.230418198935242
1636121895600,2021-11-05T10:18:15.600,8.56,-3.2228590642255233,-18.56795091837899,10.910326412117609
1636121895610,2021-11-05T10:18:15.610,8.57,-3.797127358571636,-20.0627025995559,8.731978768866597
1636121895620,2021-11-05T10:18:15.620,8.58,-4.16781823310539,-21.82775093511675,6.749500792884577
1636121895630,2021-11-05T10:18:15.630,8.59,-4.551364761900553,-23.91460922164744,4.936084863146203
1636121895640,2021-11-05T10:18:15.640,8.6,-5.036550962198686,-26.30612702684286,3.442280448293059
1636121895650,2021-11-05T10:18:15.650,8.61,-5.352269550302094,-28.94548352776472,2.3555754814403724
1636121895660,2021-11-05T10:18:15.660,8.62,-5.389783709392455,-31.83838890167904,1.334217582334498
1636121895670,2021-11-05T10:18:15.670,8.63,-5.410284742422854,-35.07450439226594,-0.15048710846284308
1636121895680,2021-11-05T10:18:15.680,8.64,-5.684685482143207,-38.69328692848095,-2.2595720840506126
1636121895690,2021-11-05T10:18:15.690,8.65,-6.292476565209489,-42.526832635249804,-4.692288320781749
1636121895700,2021-11-05T10:18:15.700,8.66,-7.118229486614895,-46.19762044123642,-7.0190805734855
1636121895710,2021-11-05T10:18:15.710,8.67,-7.86260140788599,-49.295620486208385,-8.938289874563907
1636121895720,2021-11-05T10:18:15.720,8.68,-8.305209718084239,-51.58503345755319,-10.329728845066674
1636121895730,2021-11-05T10:18:15.730,8.69,-8.572186221231464,-53.0789563668293,-11.198508885689874
1636121895740,2021-11-05T10:18:15.740,8.7,-8.93549843108643,-53.94778007716623,-11.572261573961267
1636121895750,2021-11-05T10:18:15.750,8.71,-9.452562503385193,-54.353922980180286,-11.484019273166759
1636121895760,2021-11-05T10:18:15.760,8.72,-9.92914888021511,-54.362283426840136,-11.049507636643774
1636121895770,2021-11-05T10:18:15.770,8.73,-10.157436286892878,-53.99221597771562,-10.470035159702467
1636121895780,2021-11-05T10:18:15.780,8.74,-10.166672436475928,-53.298593958498806,-9.952218023102686
1636121895790,2021-11-05T10:18:15.790,8.75,-10.18773496903734,-52.35236957437744,-9.649563916506755
1636121895800,2021-11-05T10:18:15.800,8.76,-10.318365990316918,-51.16778483519147,-9.587924415898648
1636121895810,2021-11-05T10:18:15.810,8.77,-10.385969907518433,-49.70264493669765,-9.577392758691655
1636121895820,2021-11-05T10:18:15.820,8.78,-10.176117922456092,-47.94747079602655,-9.334484403243843
1636121895830,2021-11-05T10:18:15.830,8.79,-9.650818284967594,-46.01207069006375,-8.883841291476177
1636121895840,2021-11-05T10:18:15.840,8.8,-9.087067679791442,-44.116303605045616,-8.695919294655145
1636121895850,2021-11-05T10:18:15.850,8.81,-9.025675621336884,-42.46978039347443,-9.047185631446734
1636121895860,2021-11-05T10:18:15.860,8.82,-9.612283628332772,-41.14684729928533,-9.469337431604304
1636121895870,2021-11-05T10:18:15.870,8.83,-10.085964425445912,-40.0947274252324,-9.51025173011193
1636121895880,2021-11-05T10:18:15.880,8.84,-9.710227982090872,-39.252069056475676,-9.646734032239092
1636121895890,2021-11-05T10:18:15.890,8.85,-8.968671680407098,-38.61212783072996,-10.437479670899808
1636121895900,2021-11-05T10:18:15.900,8.86,-8.7715260773382,-38.16954416651262,-11.301383060753086
1636121895910,2021-11-05T10:18:15.910,8.87,-8.862653202155578,-37.85613940041209,-11.248385699854596
1636121895920,2021-11-05T10:18:15.920,8.88,-8.329754666784929,-37.54496681554676,-10.267607829500268
1636121895930,2021-11-05T10:18:15.930,8.89,-7.288805999959592,-37.09710944116729,-9.086509668929068
1636121895940,2021-11-05T10:18:15.940,8.9,-6.639338435369892,-36.4094985608008,-8.047376311198127
1636121895950,2021-11-05T10:18:15.950,8.91,-6.486593328608315,-35.44060741970652,-6.882572573959088
1636121895960,2021-11-05T10:18:15.960,8.92,-6.181277514491374,-34.20414869357991,-5.366839579750037
1636121895970,2021-11-05T10:18:15.970,8.93,-5.6712342889282485,-32.746834761980224,-3.755664631507102
1636121895980,2021-11-05T10:18:15.980,8.94,-5.528695948033493,-31.121850919891497,-2.48553605067577
1636121895990,2021-11-05T10:18:15.990,8.95,-5.755528041484093,-29.364877864394536,-1.6373820605430578
1636121896000,2021-11-05T10:18:16.000,8.96,-5.715685691585657,-27.513553953721413,-0.9554634785714455
1636121896010,2021-11-05T10:18:16.010,8.97,-5.2461483844439165,-25.668409136178347,-0.325894164797513
1636121896020,2021-11-05T10:18:16.020,8.98,-4.863534148701792,-23.997953612521027,0.11048465089006215
1636121896030,2021-11-05T10:18:16.030,8.99,-4.925886420868277,-22.641976803136014,0.32251259648913044
1636121896040,2021-11-05T10:18:16.040,9.0,-5.395208934400658,-21.609263730641786,0.5141143045943742
1636121896050,2021-11-05T10:18:16.050,9.01,-6.164988731575438,-20.79496351446245,0.8579615017245547
1636121896060,2021-11-05T10:18:16.060,9.02,-6.9266980013573765,-20.121412369562716,1.3546124990358612
1636121896070,2021-11-05T10:18:16.070,9.03,-7.1656515020048825,-19.62322014171249,1.895411649260205
1636121896080,2021-11-05T10:18:16.080,9.04,-6.783860292528667,-19.319639374573615,2.295169649315013
1636121896090,2021-11-05T10:18:16.090,9.05,-6.135446816360955,-19.06304734527571,2.4112250151499035
1636121896100,2021-11-05T10:18:16.100,9.06,-5.322521480939592,-18.666359583373087,2.316191921805164
1636121896110,2021-11-05T10:18:16.110,9.07,-4.278110335121653,-18.1413633028634,2.1583326294150558
1636121896120,2021-11-05T10:18:16.120,9.08,-3.366264105092276,-17.620048564878388,1.9016893203524252
1636121896130,2021-11-05T10:18:16.130,9.09,-2.903997356030749,-17.05974296732952,1.4850084675232655
1636121896140,2021-11-05T10:18:16.140,9.1,-2.463469442679768,-16.24124066246668,1.0955150360323032
1636121896150,2021-11-05T10:18:16.150,9.11,-1.6232716582755358,-15.074112066558106,0.9308419972331632
1636121896160,2021-11-05T10:18:16.160,9.12,-0.8268310188627119,-13.713967186654639,0.8685066457071507
1636121896170,2021-11-05T10:18:16.170,9.13,-0.6212396124054804,-12.367042155827587,0.7341913983247192
1636121896180,2021-11-05T10:18:16.180,9.14,-0.7408534129909563,-11.120113599566412,0.6717758854290665
1636121896190,2021-11-05T10:18:16.190,9.15,-0.6147467888355039,-9.92829605093068,0.8761562051237992
1636121896200,2021-11-05T10:18:16.200,9.16,-0.08750607487815813,-8.660067984019864,1.172197033308064
1636121896210,2021-11-05T10:18:16.210,9.17,0.733029485298451,-7.161084978353837,1.1556881280047144
1636121896220,2021-11-05T10:18:16.220,9.18,1.6938907312322962,-5.235947774987755,0.5453300929621103
1636121896230,2021-11-05T10:18:16.230,9.19,2.5805484869815474,-2.5218867135821768,-0.7451851436011431
1636121896240,2021-11-05T10:18:16.240,9.2,3.4251894885257617,1.4574269857623339,-2.592796012044918
1636121896250,2021-11-05T10:18:16.250,9.21,4.563679676206743,6.984876363129473,-4.6689976761238725
1636121896260,2021-11-05T10:18:16.260,9.22,5.728546665836415,14.01001710020586,-6.767627298845279
1636121896270,2021-11-05T10:18:16.270,9.23,5.599814350840228,22.30518547944381,-9.06815822200111
1636121896280,2021-11-05T10:18:16.280,9.24,3.4320275951777033,31.54650035043026,-11.780746007056088
1636121896290,2021-11-05T10:18:16.290,9.25,0.6847355966985683,41.32965317759768,-14.748852909172848
1636121896300,2021-11-05T10:18:16.300,9.26,-0.9368224665065479,51.4000456119317,-17.705566611671998
1636121896310,2021-11-05T10:18:16.310,9.27,-2.6702168715083143,61.650926934958804,-20.588162244153203
1636121896320,2021-11-05T10:18:16.320,9.28,-6.3385400986985125,71.42389647233483,-23.314343726401727
1636121896330,2021-11-05T10:18:16.330,9.29,-9.064591260739038,79.02772933735358,-25.60662860015826
1636121896340,2021-11-05T10:18:16.340,9.3,-6.640589309213126,82.59450095381521,-27.160702524825183
1636121896350,2021-11-05T10:18:16.350,9.31,-2.3649183641059675,81.5256114802269,-27.58052124133968
1636121896360,2021-11-05T10:18:16.360,9.32,-3.3929893931475696,76.85177191817881,-26.29651801415977
1636121896370,2021-11-05T10:18:16.370,9.33,-8.12146118151349,70.32087544460252,-23.216947466034256
1636121896380,2021-11-05T10:18:16.380,9.34,-8.10341859500941,63.44246042309223,-19.3171841958264
1636121896390,2021-11-05T10:18:16.390,9.35,-1.7438499738588884,57.16934101034134,-15.82011871167359
1636121896400,2021-11-05T10:18:16.400,9.36,4.645343267785273,51.856622134920045,-12.911606084107293
1636121896410,2021-11-05T10:18:16.410,9.37,7.275734142723639,47.30003564674577,-10.035069708239153
1636121896420,2021-11-05T10:18:16.420,9.38,7.4309564685138465,43.12587064589143,-7.230871072563014
1636121896430,2021-11-05T10:18:16.430,9.39,6.448203828776068,39.3184932819652,-5.198457965034287
1636121896440,2021-11-05T10:18:16.440,9.4,4.645834948751777,36.2182948506696,-4.100034724215413
1636121896450,2021-11-05T10:18:16.450,9.41,3.053864652999043,34.01757496141933,-3.307717421292374
1636121896460,2021-11-05T10:18:16.460,9.42,2.4404128943178494,32.49698581044732,-2.4370204069388994
1636121896470,2021-11-05T10:18:16.470,9.43,2.0966569588958435,31.313371236490443,-1.7808338471878473
1636121896480,2021-11-05T10:18:16.480,9.44,1.2499723333464068,30.40439271505893,-1.6070790159609527
1636121896490,2021-11-05T10:18:16.490,9.45,0.3085444522335897,30.0783202100567,-1.7927194140208305
1636121896500,2021-11-05T10:18:16.500,9.46,-0.05904554632430919,30.808424952579273,-2.296715926296984
1636121896510,2021-11-05T10:18:16.510,9.47,0.21114906624870328,32.94985006675269,-3.308293140006624
1636121896520,2021-11-05T10:18:16.520,9.48,1.0584995327175963,36.53790237806801,-4.747529394364891
1636121896530,2021-11-05T10:18:16.530,9.49,2.4876687116605916,41.28343560333842,-6.202093888514554
1636121896540,2021-11-05T10:18:16.540,9.5,3.9830639833578774,46.75271024051918,-7.494528100743458
1636121896550,2021-11-05T10:18:16.550,9.51,4.674084159479248,52.529734791142715,-8.790174226486194
1636121896560,2021-11-05T10:18:16.560,9.52,4.289770413449279,58.267135812905074,-10.101090891416634
1636121896570,2021-11-05T10:18:16.570,9.53,3.401926101651507,63.73860947270322,-11.168489968211901
1636121896580,2021-11-05T10:18:16.580,9.54,2.878450674969287,68.85430193084005,-11.792419411551112
1636121896590,2021-11-05T10:18:16.590,9.55,3.343451276154866,73.4701780009842,-11.92263511839562
1636121896600,2021-11-05T10:18:16.600,9.56,4.571086812130062,77.15159575305154,-11.624910607716764
1636121896610,2021-11-05T10:18:16.610,9.57,5.351774188585389,79.27393577430078,-11.172313185287566
1636121896620,2021-11-05T10:18:16.620,9.58,4.846500548631779,79.42666200930933,-10.80481190788586
1636121896630,2021-11-05T10:18:16.630,9.59,3.86463402121994,77.6339096290802,-10.286354308689063
1636121896640,2021-11-05T10:18:16.640,9.6,3.7240945706045316,74.17803669190495,-9.15162962647344
1636121896650,2021-11-05T10:18:16.650,9.61,4.399971127663674,69.37033980015386,-7.402238989760113
1636121896660,2021-11-05T10:18:16.660,9.62,5.0974122305573655,63.536877941792866,-5.4794126072076645
1636121896670,2021-11-05T10:18:16.670,9.63,5.840206870634981,57.04579380962552,-3.6472683633306042
1636121896680,2021-11-05T10:18:16.680,9.64,6.990299426839648,50.249850482301746,-1.8944708043029215
1636121896690,2021-11-05T10:18:16.690,9.65,8.054918699404176,43.47224764868626,-0.2621521641442192
1636121896700,2021-11-05T10:18:16.700,9.66,8.394217990927496,37.00491713195728,1.2247218405575953
1636121896710,2021-11-05T10:18:16.710,9.67,8.29791165084344,31.007048951446873,2.7685851851344863
1636121896720,2021-11-05T10:18:16.720,9.68,8.35969774900391,25.488128811298395,4.546988181128846
1636121896730,2021-11-05T10:18:16.730,9.69,8.588520808486097,20.464859231229717,6.418952079782308
1636121896740,2021-11-05T10:18:16.740,9.7,8.6321216331128,15.98207153652031,8.121678213648
1636121896750,2021-11-05T10:18:16.750,9.71,8.227928067966808,11.959433639724136,9.594344938487684
1636121896760,2021-11-05T10:18:16.760,9.72,7.442634669253284,8.255978236028493,10.969488497375258
1636121896770,2021-11-05T10:18:16.770,9.73,6.81541704515083,4.920259384876275,12.314759202306668
1636121896780,2021-11-05T10:18:16.780,9.74,6.810737457502226,2.174878214087901,13.429417706502683
1636121896790,2021-11-05T10:18:16.790,9.75,7.062496219931217,0.15473597062696487,13.983714507025429
1636121896800,2021-11-05T10:18:16.800,9.76,6.854579372633966,-1.205732700780179,13.935761783629918
1636121896810,2021-11-05T10:18:16.810,9.77,6.170910920845607,-2.0908449371944338,13.627306163680888
1636121896820,2021-11-05T10:18:16.820,9.78,5.527444527283754,-2.7062021379560157,13.34470533167302
1636121896830,2021-11-05T10:18:16.830,9.79,5.134209967502478,-3.185510394818086,13.030755864182701
1636121896840,2021-11-05T10:18:16.840,9.8,4.853571310318478,-3.547748196853016,12.508043385624426
1636121896850,2021-11-05T10:18:16.850,9.81,4.5428153252655346,-3.7799734750645446,11.670287788874035
1636121896860,2021-11-05T10:18:16.860,9.82,4.079362818773512,-3.8954113006156654,10.443268813686492
1636121896870,2021-11-05T10:18:16.870,9.83,3.4504266475151866,-3.8636940265869812,8.919194836325005
1636121896880,2021-11-05T10:18:16.880,9.84,2.8547060015432093,-3.6099896097255617,7.498059167293308
1636121896890,2021-11-05T10:18:16.890,9.85,2.458919926871775,-3.1625266011575706,6.573696624070887
1636121896900,2021-11-05T10:18:16.900,9.86,2.251852544626983,-2.7061332665728264,6.137235971874033
1636121896910,2021-11-05T10:18:16.910,9.87,2.149831061811839,-2.4273093852820855,5.8852068053925635
1636121896920,2021-11-05T10:18:16.920,9.88,1.9056836810932676,-2.366524168617094,5.59616418695396
1636121896930,2021-11-05T10:18:16.930,9.89,1.1659954142245401,-2.4459245052783034,5.280564675644478
1636121896940,2021-11-05T10:18:16.940,9.9,0.06646949797828522,-2.5705730315988298,5.090703797061756
1636121896950,2021-11-05T10:18:16.950,9.91,-0.6242932685010639,-2.6861502760533353,5.169252753576195
1636121896960,2021-11-05T10:18:16.960,9.92,-0.42342874397105756,-2.819709472777271,5.510260000847623
1636121896970,2021-11-05T10:18:16.970,9.93,0.24354389374102864,-3.084402659828446,5.926252067243205
1636121896980,2021-11-05T10:18:16.980,9.94,0.7468140732220956,-3.5802987587555157,6.187624192125218
1636121896990,2021-11-05T10:18:16.990,9.95,1.0681915253153138,-4.285998581094555,6.2041119054836855
1636121897000,2021-11-05T10:18:17.000,9.96,1.4908498353795412,-5.071926242270147,6.045368912934119
1636121897010,2021-11-05T10:18:17.010,9.97,1.9949876029093407,-5.790912216912858,5.816301460194401
1636121897020,2021-11-05T10:18:17.020,9.98,2.4219705851186744,-6.366893672775616,5.605061095808369
1636121897030,2021-11-05T10:18:17.030,9.99,2.813327351251668,-6.841503849051282,5.54381203741122
1636121897040,2021-11-05T10:18:17.040,10.0,3.2102805864098594,-7.300900907489936,5.759042181450227
1636121897050,2021-11-05T10:18:17.050,10.01,3.474206469020503,-7.736003341322924,6.186866013851123
1636121897060,2021-11-05T10:18:17.060,10.02,3.549396436469719,-8.035779195571477,6.5562512214517845
1636121897070,2021-11-05T10:18:17.070,10.03,3.5765743798972034,-8.104955615839263,6.624487425804773
1636121897080,2021-11-05T10:18:17.080,10.04,3.607152115320897,-7.922998317323559,6.353194760527905
1636121897090,2021-11-05T10:18:17.090,10.05,3.501051794179208,-7.544177869684509,5.844174540289837
1636121897100,2021-11-05T10:18:17.100,10.06,3.1977102532328043,-7.098488847785823,5.210604804171608
1636121897110,2021-11-05T10:18:17.110,10.07,2.8659894653757774,-6.720942428810332,4.543660859443582
1636121897120,2021-11-05T10:18:17.120,10.08,2.701310845754283,-6.45683808671523,3.900282991143314
1636121897130,2021-11-05T10:18:17.130,10.09,2.6681529016442247,-6.2888258727132555,3.2408263795116943
1636121897140,2021-11-05T10:18:17.140,10.1,2.5295710717660222,-6.195241732994377,2.452909809356569
1636121897150,2021-11-05T10:18:17.150,10.11,2.1649871624532553,-6.114813951531394,1.533491802499046
1636121897160,2021-11-05T10:18:17.160,10.12,1.7553550482689466,-5.96203752559777,0.6713826039957382
1636121897170,2021-11-05T10:18:17.170,10.13,1.5384058512900327,-5.75727265788008,0.05589162812131211
1636121897180,2021-11-05T10:18:17.180,10.14,1.5223545858602412,-5.646260890796662,-0.3131099941565677
1636121897190,2021-11-05T10:18:17.190,10.15,1.5719299132378142,-5.7423773228020005,-0.5689662187678446
1636121897200,2021-11-05T10:18:17.200,10.16,1.5737992107503145,-6.0143093718219784,-0.8368588800379078
1636121897210,2021-11-05T10:18:17.210,10.17,1.421971019915965,-6.309754953142326,-1.1756609322798928
1636121897220,2021-11-05T10:18:17.220,10.18,1.1177685300257314,-6.431967191265043,-1.5555618751440794
1636121897230,2021-11-05T10:18:17.230,10.19,0.9233237768287229,-6.270583360783337,-1.8885063416519992
1636121897240,2021-11-05T10:18:17.240,10.2,1.0576135535738913,-5.922530626123496,-2.1668511271447897
1636121897250,2021-11-05T10:18:17.250,10.21,1.2623722340365813,-5.588279909632586,-2.51875583093921
1636121897260,2021-11-05T10:18:17.260,10.22,1.1248339138488181,-5.3178310176974986,-3.0116317745549925
1636121897270,2021-11-05T10:18:17.270,10.23,0.7467812561993135,-5.000774422287413,-3.514836468073996
1636121897280,2021-11-05T10:18:17.280,10.24,0.5265692707495397,-4.619872366900827,-3.9249783814927075
1636121897290,2021-11-05T10:18:17.290,10.25,0.440120147399363,-4.321646778800751,-4.345494520180663
1636121897300,2021-11-05T10:18:17.300,10.26,0.22982871523314036,-4.191241103907503,-4.833671618276529
1636121897310,2021-11-05T10:18:17.310,10.27,0.07823482697439427,-4.128693834798575,-5.2304861769921
1636121897320,2021-11-05T10:18:17.320,10.28,0.31969030618112726,-3.99913744482597,-5.466951714308097
1636121897330,2021-11-05T10:18:17.330,10.29,0.7311135240965794,-3.7884989685247463,-5.725833158016407
1636121897340,2021-11-05T10:18:17.340,10.3,0.827025026397373,-3.583842258062356,-6.10545929683322
1636121897350,2021-11-05T10:18:17.350,10.31,0.594948521371663,-3.4680783703130382,-6.458552060696592
1636121897360,2021-11-05T10:18:17.360,10.32,0.39235065831393046,-3.4497414145553407,-6.709773820409424
1636121897370,2021-11-05T10:18:17.370,10.33,0.39077165828265126,-3.4808072668292804,-7.014403024801098
1636121897380,2021-11-05T10:18:17.380,10.34,0.4839379613454697,-3.519576748896795,-7.488395745257586
1636121897390,2021-11-05T10:18:17.390,10.35,0.547735168906169,-3.541131587580363,-8.030076919558269
1636121897400,2021-11-05T10:18:17.400,10.36,0.6076052664665156,-3.523010767197885,-8.48251204961419
1636121897410,2021-11-05T10:18:17.410,10.37,0.7846781860308689,-3.4835390433031996,-8.795425383992047
1636121897420,2021-11-05T10:18:17.420,10.38,1.0869152031874232,-3.4884973368623715,-9.007849328253677
1636121897430,2021-11-05T10:18:17.430,10.39,1.3477609577276946,-3.5528695721353087,-9.227783103100464
1636121897440,2021-11-05T10:18:17.440,10.4,1.4482292377740902,-3.5757188609054147,-9.613721878277502
1636121897450,2021-11-05T10:18:17.450,10.41,1.4545644318594682,-3.4291912400872753,-10.202413168549402
1636121897460,2021-11-05T10:18:17.460,10.42,1.4595673233293995,-3.1062305965141306,-10.774615398773665
1636121897470,2021-11-05T10:18:17.470,10.43,1.4102767458151009,-2.765037728512917,-11.070914565707735
1636121897480,2021-11-05T10:18:17.480,10.44,1.2059305731118906,-2.612268865408315,-11.104392083872106
1636121897490,2021-11-05T10:18:17.490,10.45,0.9826900600159496,-2.713177025020453,-11.085952209530664
1636121897500,2021-11-05T10:18:17.500,10.46,1.089381660504807,-2.921301858876995,-11.137059980458705
1636121897510,2021-11-05T10:18:17.510,10.47,1.5608274340332642,-3.0230225115981924,-11.290571666793024
1636121897520,2021-11-05T10:18:17.520,10.48,1.9295973452583972,-2.930948174199255,-11.642056741180031
1636121897530,2021-11-05T10:18:17.530,10.49,1.9188067673972389,-2.7016821908046875,-12.232005155792578
1636121897540,2021-11-05T10:18:17.540,10.5,1.8923918655987046,-2.416320580624725,-12.885200707375649
1636121897550,2021-11-05T10:18:17.550,10.51,2.184188438270603,-2.1289364667212034,-13.415303806563855
1636121897560,2021-11-05T10:18:17.560,10.52,2.510328893480926,-1.9002651852245216,-13.888031861919384
1636121897570,2021-11-05T10:18:17.570,10.53,2.520234345559165,-1.7770280275913077,-14.475255031767972
1636121897580,2021-11-05T10:18:17.580,10.54,2.364916850562022,-1.7402239421842782,-15.166559602445602
1636121897590,2021-11-05T10:18:17.590,10.55,2.308021944627638,-1.739703524317393,-15.815641722586372
1636121897600,2021-11-05T10:18:17.600,10.56,2.350115320147055,-1.7386911918889396,-16.362132640245356
1636121897610,2021-11-05T10:18:17.610,10.57,2.4945405955966065,-1.6647200279256067,-16.841349655435977
1636121897620,2021-11-05T10:18:17.620,10.58,2.8173458586672107,-1.4014068073822017,-17.262331901243385
1636121897630,2021-11-05T10:18:17.630,10.59,3.186431575776237,-0.9205445279507667,-17.60199152472485
1636121897640,2021-11-05T10:18:17.640,10.6,3.3726811932791074,-0.3719932519514253,-17.86689337184834
1636121897650,2021-11-05T10:18:17.650,10.61,3.3450933369718987,0.019248554165740957,-18.098838119187644
1636121897660,2021-11-05T10:18:17.660,10.62,3.172438529664193,0.13365543973139285,-18.344859643081758
1636121897670,2021-11-05T10:18:17.670,10.63,2.9111445984620157,0.03140256011397621,-18.621397563380782
1636121897680,2021-11-05T10:18:17.680,10.64,2.7380373808414262,-0.1426688823374543,-18.89746920887695
1636121897690,2021-11-05T10:18:17.690,10.65,2.8187968997947976,-0.3144013621631369,-19.159538568029294
1636121897700,2021-11-05T10:18:17.700,10.66,2.9886647805554514,-0.5069308460926626,-19.49052192422364
1636121897710,2021-11-05T10:18:17.710,10.67,2.9458441483922484,-0.7272324894345574,-19.970403828384086
1636121897720,2021-11-05T10:18:17.720,10.68,2.7428246623500137,-0.8998522824440112,-20.481339288862838
1636121897730,2021-11-05T10:18:17.730,10.69,2.7133303467294545,-0.9399447717538656,-20.80116926468184
1636121897740,2021-11-05T10:18:17.740,10.7,2.957303834147778,-0.8542403721211826,-20.939856167379016
1636121897750,2021-11-05T10:18:17.750,10.71,3.2382167858026403,-0.7317224677521305,-21.135432545695366
1636121897760,2021-11-05T10:18:17.760,10.72,3.3472112206218627,-0.6322147898131756,-21.471827784797277
1636121897770,2021-11-05T10:18:17.770,10.73,3.307407114043353,-0.5201496096780718,-21.793608073318858
1636121897780,2021-11-05T10:18:17.780,10.74,3.2862407011776975,-0.3253102005493982,-22.01248064533479
1636121897790,2021-11-05T10:18:17.790,10.75,3.4686840199803664,-0.02581922045712235,-22.200120945300174
1636121897800,2021-11-05T10:18:17.800,10.76,3.887496460927757,0.36108621494284626,-22.414392670613474
1636121897810,2021-11-05T10:18:17.810,10.77,4.3059069740624665,0.8345025259259989,-22.696814851492604
1636121897820,2021-11-05T10:18:17.820,10.78,4.480448937698524,1.4099510686267371,-23.152524746641284
1636121897830,2021-11-05T10:18:17.830,10.79,4.541568103948063,2.074210784976424,-23.82263445386864
1636121897840,2021-11-05T10:18:17.840,10.8,4.805524941320273,2.781393531537812,-24.593425580780924
1636121897850,2021-11-05T10:18:17.850,10.81,5.241663830726045,3.490216357197619,-25.36827222152758
1636121897860,2021-11-05T10:18:17.860,10.82,5.507825950647706,4.160941887582679,-26.19012634450402
1636121897870,2021-11-05T10:18:17.870,10.83,5.480935252693776,4.730916682266733,-27.101310641801433
1636121897880,2021-11-05T10:18:17.880,10.84,5.362646821790314,5.157186369735926,-28.00812399182479
1636121897890,2021-11-05T10:18:17.890,10.85,5.313392167826839,5.470103034006299,-28.75208555690297
1636121897900,2021-11-05T10:18:17.900,10.86,5.354723734930356,5.736076913570305,-29.24609549005857
1636121897910,2021-11-05T10:18:17.910,10.87,5.546384039256115,5.998431115569771,-29.521905296747455
1636121897920,2021-11-05T10:18:17.920,10.88,5.920312102981914,6.273391448525491,-29.686954691833893
1636121897930,2021-11-05T10:18:17.930,10.89,6.31886171153783,6.561293999288052,-29.84549647210921
1636121897940,2021-11-05T10:18:17.940,10.9,6.501939691539733,6.890089615755089,-30.05148133919826
1636121897950,2021-11-05T10:18:17.950,10.91,6.352201977846964,7.353159437993089,-30.31401323433206
1636121897960,2021-11-05T10:18:17.960,10.92,5.982437895072726,7.9577412165944414,-30.60989376123505
1636121897970,2021-11-05T10:18:17.970,10.93,5.688322193462158,8.473527471982967,-30.896722248210843
1636121897980,2021-11-05T10:18:17.980,10.94,5.6404521253564335,8.712950544435103,-31.149126372254372
1636121897990,2021-11-05T10:18:17.990,10.95,5.665386487011405,8.862182823770906,-31.365624995353752
1636121898000,2021-11-05T10:18:18.000,10.96,5.5628306414393105,9.16870041957582,-31.51945401886453
1636121898010,2021-11-05T10:18:18.010,10.97,5.465193791477311,9.499865800854066,-31.564033232132722
1636121898020,2021-11-05T10:18:18.020,10.98,5.576415921968017,9.595252767555698,-31.526574921125018
1636121898030,2021-11-05T10:18:18.030,10.99,5.7713792530596315,9.503255070399755,-31.509361399072063
1636121898040,2021-11-05T10:18:18.040,11.0,5.808380939132794,9.461625137064788,-31.54489718877798
1636121898050,2021-11-05T10:18:18.050,11.01,5.760759158967693,9.573045876441038,-31.55220423049851
1636121898060,2021-11-05T10:18:18.060,11.02,5.873054983562835,9.780733009123091,-31.494108592454943
1636121898070,2021-11-05T10:18:18.070,11.03,6.110538540917108,10.026009467933656,-31.468117889145283
1636121898080,2021-11-05T10:18:18.080,11.04,6.213249497792932,10.34506884419637,-31.569878724584413
1636121898090,2021-11-05T10:18:18.090,11.05,6.150361278844711,10.825744245232903,-31.74821172826816
1636121898100,2021-11-05T10:18:18.100,11.06,6.181655428194089,11.472061680943199,-31.878368711142283
1636121898110,2021-11-05T10:18:18.110,11.07,6.4195510711481605,12.160387155854517,-31.946594048437518
1636121898120,2021-11-05T10:18:18.120,11.08,6.634485177943075,12.748588858139698,-32.06872823634387
1636121898130,2021-11-05T10:18:18.130,11.09,6.641234700218203,13.150945724563769,-32.30717876390243
1636121898140,2021-11-05T10:18:18.140,11.1,6.594269624311328,13.295892399787682,-32.57292951590603
1636121898150,2021-11-05T10:18:18.150,11.11,6.657447632235616,13.107682653899758,-32.76520616195674
1636121898160,2021-11-05T10:18:18.160,11.12,6.6476886411252885,12.549921060166252,-32.879811117727456
1636121898170,2021-11-05T10:18:18.170,11.13,6.332786691189683,11.61350231199393,-32.86228287521343
1636121898180,2021-11-05T10:18:18.180,11.14,5.856188455385034,10.264984352203076,-32.48470714192288
1636121898190,2021-11-05T10:18:18.190,11.15,5.476085911352357,8.503763243361433,-31.56693755037617
1636121898200,2021-11-05T10:18:18.200,11.16,5.050135633599483,6.501888884215015,-30.247574603967763
1636121898210,2021-11-05T10:18:18.210,11.17,4.230260252314441,4.585933969040157,-28.825535877359894
1636121898220,2021-11-05T10:18:18.220,11.18,3.051773503959799,2.9809046564867057,-27.411482397276853
1636121898230,2021-11-05T10:18:18.230,11.19,1.799025883748098,1.6022061472396723,-25.97478163087127
1636121898240,2021-11-05T10:18:18.240,11.2,0.39558101598307194,0.14756610388829755,-24.60350062571332
1636121898250,2021-11-05T10:18:18.250,11.21,-1.411870393759707,-1.6766628313043987,-23.37319395043925
1636121898260,2021-11-05T10:18:18.260,11.22,-3.3391201299899556,-4.062317331057569,-22.042032299014878
1636121898270,2021-11-05T10:18:18.270,11.23,-4.775761300606406,-7.103488643764754,-20.224649410148828
1636121898280,2021-11-05T10:18:18.280,11.24,-5.673685963438752,-10.771174838786726,-17.81560846171444
1636121898290,2021-11-05T10:18:18.290,11.25,-6.494513178691532,-14.929533613228559,-14.945503282204976
1636121898300,2021-11-05T10:18:18.300,11.26,-7.303047908211955,-19.464884020528945,-11.58566733344538
1636121898310,2021-11-05T10:18:18.310,11.27,-7.64971256051528,-24.39299457559099,-7.499534676645464
1636121898320,2021-11-05T10:18:18.320,11.28,-7.477971371534489,-29.805999793516804,-2.6110513029684586
1636121898330,2021-11-05T10:18:18.330,11.29,-7.5262691537904045,-35.71411100374952,2.8175139471878436
1636121898340,2021-11-05T10:18:18.340,11.3,-8.460981649595123,-41.92075419026641,8.479398687439224
1636121898350,2021-11-05T10:18:18.350,11.31,-9.953617195206974,-48.03085515137488,14.320496866651581
1636121898360,2021-11-05T10:18:18.360,11.32,-11.082652484742994,-53.63862086041577,20.41424507749062
1636121898370,2021-11-05T10:18:18.370,11.33,-11.512661349336383,-58.58847757376475,26.73539431747255
1636121898380,2021-11-05T10:18:18.380,11.34,-11.834546232799504,-63.04787850784283,33.240364265443674
1636121898390,2021-11-05T10:18:18.390,11.35,-12.81209853214606,-67.29438421363542,39.98420497956809
1636121898400,2021-11-05T10:18:18.400,11.36,-14.690478724820586,-71.45457587567405,46.95732247238834
1636121898410,2021-11-05T10:18:18.410,11.37,-17.200426158874066,-75.4209416300555,53.93963830479426
1636121898420,2021-11-05T10:18:18.420,11.38,-19.845759684573636,-78.90075060092514,60.68032444965762
1636121898430,2021-11-05T10:18:18.430,11.39,-22.06497146806907,-81.51755742087713,67.15075297128223
1636121898440,2021-11-05T10:18:18.440,11.4,-23.349282596595394,-82.96940187619737,73.508820002411
1636121898450,2021-11-05T10:18:18.450,11.41,-23.465011972257482,-83.15895148042651,79.87098040642192
1636121898460,2021-11-05T10:18:18.460,11.42,-22.687799442367698,-82.22434889466976,86.2410622678496
1636121898470,2021-11-05T10:18:18.470,11.43,-21.72727470296568,-80.48050633949947,92.56388525315256
1636121898480,2021-11-05T10:18:18.480,11.44,-21.093918849756133,-78.15051660713223,98.52847163869397
1636121898490,2021-11-05T10:18:18.490,11.45,-20.525675344444362,-74.98291684777222,103.2540522672696
1636121898500,2021-11-05T10:18:18.500,11.46,-19.564649316398924,-70.39839715180453,105.59233436225932
1636121898510,2021-11-05T10:18:18.510,11.47,-18.648753874656254,-64.3243096567738,105.13762655087143
1636121898520,2021-11-05T10:18:18.520,11.48,-18.688517323404906,-57.66613060708181,102.8614358080358
1636121898530,2021-11-05T10:18:18.530,11.49,-19.487120099587056,-51.64135492421477,100.46019862779377
1636121898540,2021-11-05T10:18:18.540,11.5,-19.749494603383738,-46.801602825352305,98.9940940076894
1636121898550,2021-11-05T10:18:18.550,11.51,-18.798272708834357,-42.913754831615364,98.26103169471857
1636121898560,2021-11-05T10:18:18.560,11.52,-16.98304302139949,-39.52787193397311,97.40089068093941
1636121898570,2021-11-05T10:18:18.570,11.53,-14.378026866543937,-36.27177772971465,95.68665780933637
1636121898580,2021-11-05T10:18:18.580,11.54,-10.811085257330733,-32.69168537023686,92.57285698692596
1636121898590,2021-11-05T10:18:18.590,11.55,-7.392784582507425,-28.273391321795096,87.59739156795473
1636121898600,2021-11-05T10:18:18.600,11.56,-6.071090720117962,-22.877863147534242,80.91946972000954
1636121898610,2021-11-05T10:18:18.610,11.57,-7.225643068084333,-17.056891246689563,73.71641190653793
1636121898620,2021-11-05T10:18:18.620,11.58,-9.333028349989068,-11.779374821397944,67.39970368624581
1636121898630,2021-11-05T10:18:18.630,11.59,-11.039634190407043,-7.776076646566627,62.45304914756344
1636121898640,2021-11-05T10:18:18.640,11.6,-11.945942066303708,-5.09449817733528,58.37035956452055
1636121898650,2021-11-05T10:18:18.650,11.61,-11.681929645922462,-3.2011185084321134,54.45750739984172
1636121898660,2021-11-05T10:18:18.660,11.62,-10.075259467394133,-1.4437906119542587,50.28160794930322
1636121898670,2021-11-05T10:18:18.670,11.63,-8.15652453070894,0.5377240367231617,45.70321453053411
1636121898680,2021-11-05T10:18:18.680,11.64,-7.3870979485952954,2.672200588001028,41.07632251323645
1636121898690,2021-11-05T10:18:18.690,11.65,-7.856918461337154,4.574930825366499,37.25282005183268
1636121898700,2021-11-05T10:18:18.700,11.66,-8.48351624299782,5.827283141094899,34.85792500393403
1636121898710,2021-11-05T10:18:18.710,11.67,-8.785207988870383,6.255629685469466,33.59823586220223
1636121898720,2021-11-05T10:18:18.720,11.68,-9.218822857591018,6.0424756288661765,32.583341556164626
1636121898730,2021-11-05T10:18:18.730,11.69,-9.921475127058027,5.630104750849329,31.173625265728887
1636121898740,2021-11-05T10:18:18.740,11.7,-10.24095255735334,5.458692167231849,29.289211814923554
1636121898750,2021-11-05T10:18:18.750,11.71,-9.691186002367346,5.6479194998610875,27.155580734561248
1636121898760,2021-11-05T10:18:18.760,11.72,-8.744487205042336,5.913643363417209,25.069116282828936
1636121898770,2021-11-05T10:18:18.770,11.73,-8.306565948216214,5.9175367810661665,23.293798983905646
1636121898780,2021-11-05T10:18:18.780,11.74,-8.56633437556031,5.679798892460434,21.93097732738068
1636121898790,2021-11-05T10:18:18.790,11.75,-8.759224701807446,5.492627290204656,20.884033939142256
1636121898800,2021-11-05T10:18:18.800,11.76,-8.133422678969243,5.49626396296438,20.02114121915649
1636121898810,2021-11-05T10:18:18.810,11.77,-6.77984961509273,5.5984978596807125,19.25573291370198
1636121898820,2021-11-05T10:18:18.820,11.78,-5.35527649209323,5.781865952506246,18.39348109407485
1636121898830,2021-11-05T10:18:18.830,11.79,-4.28863817783235,6.193440431071387,17.143485930038175
1636121898840,2021-11-05T10:18:18.840,11.8,-3.487737019198728,6.8959399323773525,15.511870073973824
1636121898850,2021-11-05T10:18:18.850,11.81,-2.698790882935102,7.754139059824798,14.008112794051922
1636121898860,2021-11-05T10:18:18.860,11.82,-1.9129032747772956,8.588680687596174,13.149591452339937
1636121898870,2021-11-05T10:18:18.870,11.83,-1.3334094830823542,9.295458930485976,12.792573871675263
1636121898880,2021-11-05T10:18:18.880,11.84,-1.0675333477424584,9.848410034973984,12.24134157482683
1636121898890,2021-11-05T10:18:18.890,11.85,-0.997552827481019,10.317076077795097,11.069731645810956
1636121898900,2021-11-05T10:18:18.900,11.86,-0.9386878272602754,10.855780378591035,9.543665639438162
1636121898910,2021-11-05T10:18:18.910,11.87,-0.8360753420702197,11.573279476099481,8.143969212252944
1636121898920,2021-11-05T10:18:18.920,11.88,-0.7165699896812073,12.396630581431243,7.09268319426252
1636121898930,2021-11-05T10:18:18.930,11.89,-0.3796106797022548,13.100841791759894,6.594566395064958
1636121898940,2021-11-05T10:18:18.940,11.9,0.5872013879349335,13.499344367522575,6.9898730393319966
1636121898950,2021-11-05T10:18:18.950,11.91,2.163111053061922,13.6149789849037,8.117238947205372
1636121898960,2021-11-05T10:18:18.960,11.92,3.698445871931405,13.66484489004148,8.97070912746623
1636121898970,2021-11-05T10:18:18.970,11.93,4.691518779817762,13.883347923528826,8.614240394691617
1636121898980,2021-11-05T10:18:18.980,11.94,5.015763248607016,14.364397773862184,7.129273092258283
1636121898990,2021-11-05T10:18:18.990,11.95,4.356116959802876,15.058164735131022,5.331230821781281
1636121899000,2021-11-05T10:18:19.000,11.96,2.8271539601140527,15.844021677371181,4.123505356519556
1636121899010,2021-11-05T10:18:19.010,11.97,1.9922882958444834,16.509224910249486,4.254969205976533
1636121899020,2021-11-05T10:18:19.020,11.98,3.2675631019188853,16.749979756844315,5.69083153345901
1636121899030,2021-11-05T10:18:19.030,11.99,5.530308261746876,16.44806947832061,7.042350071419079
1636121899040,2021-11-05T10:18:19.040,12.0,6.647273342396485,15.940206123447677,6.8808899958781335
1636121899050,2021-11-05T10:18:19.050,12.01,6.928312605194606,15.752520038808047,5.76062016907158
1636121899060,2021-11-05T10:18:19.060,12.02,8.260590469267347,16.062570602782213,5.461805655588568
1636121899070,2021-11-05T10:18:19.070,12.03,10.36327897649462,16.63229139131029,6.1971319332515495
1636121899080,2021-11-05T10:18:19.080,12.04,11.185272084706712,17.188349256442756,6.412447331034505
1636121899090,2021-11-05T10:18:19.090,12.05,10.583087174310652,17.59312036281806,5.484006734945439
1636121899100,2021-11-05T10:18:19.100,12.06,10.094470490850917,17.703492411999623,4.496207667962932
1636121899110,2021-11-05T10:18:19.110,12.07,9.497993826138966,17.428035987705037,4.01937000804917
1636121899120,2021-11-05T10:18:19.120,12.08,7.35621505562732,17.050252574103908,3.313910801595768
1636121899130,2021-11-05T10:18:19.130,12.09,4.691150938280449,17.19549740418421,2.2356837086496384
1636121899140,2021-11-05T10:18:19.140,12.1,4.287194780563663,18.179311551946938,1.8504830357559632
1636121899150,2021-11-05T10:18:19.150,12.11,6.2031700718638625,19.478311089647995,2.503316287701454
1636121899160,2021-11-05T10:18:19.160,12.12,7.343230952206852,20.116203154670163,2.965206954684776
1636121899170,2021-11-05T10:18:19.170,12.13,6.01565521135574,19.594013773154337,2.2367314788375174
1636121899180,2021-11-05T10:18:19.180,12.14,4.313293584642761,18.264142139265893,1.0776335143837334
1636121899190,2021-11-05T10:18:19.190,12.15,5.013275581951952,16.816226817367742,0.9824315777096467
1636121899200,2021-11-05T10:18:19.200,12.16,7.756540696826347,15.644452041501083,2.157742507290683
1636121899210,2021-11-05T10:18:19.210,12.17,9.62859002947926,14.800524579569633,3.2677143486390072
1636121899220,2021-11-05T10:18:19.220,12.18,9.024530328359367,14.362013296715261,3.2154948846758087
1636121899230,2021-11-05T10:18:19.230,12.19,7.619862273944876,14.63209208204453,2.4512734844819564
1636121899240,2021-11-05T10:18:19.240,12.2,8.004081296069836,15.8955527529091,2.019523783880308
1636121899250,2021-11-05T10:18:19.250,12.21,10.244435178911417,17.96463869283435,1.9574846518615407
1636121899260,2021-11-05T10:18:19.260,12.22,11.902194491418053,20.09578103013335,1.4294027627131283
1636121899270,2021-11-05T10:18:19.270,12.23,11.358507888404358,21.593531141967677,0.047413631580439625
1636121899280,2021-11-05T10:18:19.280,12.24,10.070007856432792,22.43172795345281,-1.5921743779557003
1636121899290,2021-11-05T10:18:19.290,12.25,10.751505752766644,22.952252068887624,-2.4928153317473076
1636121899300,2021-11-05T10:18:19.300,12.26,13.649733256609764,23.111105762429744,-2.1864155183849237
1636121899310,2021-11-05T10:18:19.310,12.27,15.776508375851627,22.581935022699923,-1.2973209776740156
1636121899320,2021-11-05T10:18:19.320,12.28,14.289899134010993,21.487450803977133,-1.0254123973148315
1636121899330,2021-11-05T10:18:19.330,12.29,9.761716027128962,20.341576714218263,-1.7371286756844966
1636121899340,2021-11-05T10:18:19.340,12.3,5.447795301200621,19.266631997759422,-2.347212888992563
1636121899350,2021-11-05T10:18:19.350,12.31,3.768772714832001,17.873102929996616,-1.5781125914674803
1636121899360,2021-11-05T10:18:19.360,12.32,4.098326730119155,15.952122683728248,0.38758646411859665
1636121899370,2021-11-05T10:18:19.370,12.33,4.073197379711565,13.851660784400813,2.085110448537156
1636121899380,2021-11-05T10:18:19.380,12.34,2.533222254409727,12.184401131827292,2.4432124969387696
1636121899390,2021-11-05T10:18:19.390,12.35,0.530689484141941,11.460280454217799,1.692743870381853
1636121899400,2021-11-05T10:18:19.400,12.36,-0.1762892803600163,11.907766472568216,0.7909815200354076
1636121899410,2021-11-05T10:18:19.410,12.37,1.2978586168777915,13.333770810828764,0.5708652910059204
1636121899420,2021-11-05T10:18:19.420,12.38,4.606611060379561,15.054777908081546,1.2971697213391364
1636121899430,2021-11-05T10:18:19.430,12.39,8.421490360852996,16.096513932406623,2.4631842291166293
1636121899440,2021-11-05T10:18:19.440,12.4,11.111264919023752,15.773799627472988,3.0943921467284676
1636121899450,2021-11-05T10:18:19.450,12.41,11.76502493081528,14.375149260793062,2.723384894279764
1636121899460,2021-11-05T10:18:19.460,12.42,10.638460184607611,13.142698905960863,1.9844425753528616
1636121899470,2021-11-05T10:18:19.470,12.43,8.73329343400294,13.19401049357031,1.7166174770018858
1636121899480,2021-11-05T10:18:19.480,12.44,7.116073875938958,14.43249150100937,1.6323133683156175
1636121899490,2021-11-05T10:18:19.490,12.45,6.325207843244423,15.591311257621264,0.8766792268812325
1636121899500,2021-11-05T10:18:19.500,12.46,6.299204316092929,15.253659912206862,-0.10343128597805862
1636121899510,2021-11-05T10:18:19.510,12.47,6.813720018233127,13.198367562482328,0.15490007601563566
1636121899520,2021-11-05T10:18:19.520,12.48,7.396661171900334,11.012428881571928,1.6708104916629893
1636121899530,2021-11-05T10:18:19.530,12.49,7.168061719013135,10.471412557539022,2.7392720642392683
1636121899540,2021-11-05T10:18:19.540,12.5,5.943052741033273,11.164463277723716,2.599312099385928
1636121899550,2021-11-05T10:18:19.550,12.51,4.897322314933637,11.376036660332497,2.5064706139074966
1636121899560,2021-11-05T10:18:19.560,12.52,4.910680670609043,11.068948002635203,3.6113898049380757
1636121899570,2021-11-05T10:18:19.570,12.53,5.194914915202506,11.515880491308213,5.32791956451869
1636121899580,2021-11-05T10:18:19.580,12.54,4.6365101545510585,12.472431879854653,6.298417812071154
1636121899590,2021-11-05T10:18:19.590,12.55,3.366391578437301,12.47535503898684,5.92966889146423
1636121899600,2021-11-05T10:18:19.600,12.56,2.2009261098315123,11.438257562274016,4.629895354226909
1636121899610,2021-11-05T10:18:19.610,12.57,1.6730587115721733,10.641803289870023,3.1592366090666024
1636121899620,2021-11-05T10:18:19.620,12.58,2.088493469078024,10.634988226750167,2.0106762911886005
1636121899630,2021-11-05T10:18:19.630,12.59,3.4945384936220876,10.803193806900087,1.1469463097558912
1636121899640,2021-11-05T10:18:19.640,12.6,5.248663201353096,10.59913239454428,0.12874280526202078
1636121899650,2021-11-05T10:18:19.650,12.61,6.207666046942886,10.010504974371718,-1.5254074226828087
1636121899660,2021-11-05T10:18:19.660,12.62,5.599127229529209,9.06207662053244,-3.9877340299998174
1636121899670,2021-11-05T10:18:19.670,12.63,3.7095098617496314,7.7651489235619096,-6.908081256535052
1636121899680,2021-11-05T10:18:19.680,12.64,1.6479023230950314,6.501335962750515,-9.518058154476073
1636121899690,2021-11-05T10:18:19.690,12.65,0.27215019324303047,5.772104666950505,-11.097947271215864
1636121899700,2021-11-05T10:18:19.700,12.66,-0.5994043299395243,5.527014401871427,-11.481868817169524
1636121899710,2021-11-05T10:18:19.710,12.67,-1.952240215317891,5.245048032430378,-11.34042705771329
1636121899720,2021-11-05T10:18:19.720,12.68,-4.616559453837963,4.692026463304128,-11.99736891015379
1636121899730,2021-11-05T10:18:19.730,12.69,-8.108125249374229,4.148627719555396,-14.457210605561851
1636121899740,2021-11-05T10:18:19.740,12.7,-10.527508295589662,3.9102057748944175,-18.380006388491577
1636121899750,2021-11-05T10:18:19.750,12.71,-10.540168154874966,3.99797921206999,-22.45074804462157
1636121899760,2021-11-05T10:18:19.760,12.72,-9.139874052615065,4.333601629923107,-25.750487410183812
1636121899770,2021-11-05T10:18:19.770,12.73,-8.19598722520938,4.776733296828847,-28.194770504981786
1636121899780,2021-11-05T10:18:19.780,12.74,-7.8919271299334515,4.985904987614011,-29.826288375780415
1636121899790,2021-11-05T10:18:19.790,12.75,-7.24628240666522,4.583940115498006,-30.549056564866085
1636121899800,2021-11-05T10:18:19.800,12.76,-6.535504156111215,3.5374970878718854,-30.649428780136788
1636121899810,2021-11-05T10:18:19.810,12.77,-7.1799182093404355,2.265932353511502,-30.819864247682773
1636121899820,2021-11-05T10:18:19.820,12.78,-9.248650491518255,1.36835572321622,-31.324282255012754
1636121899830,2021-11-05T10:18:19.830,12.79,-10.934529391824597,1.1797209854650095,-31.622453623888983
1636121899840,2021-11-05T10:18:19.840,12.8,-11.018171794631005,1.4820543507053958,-31.233265957615362
1636121899850,2021-11-05T10:18:19.850,12.81,-10.353468940963333,1.6986127643290967,-30.635584050549618
1636121899860,2021-11-05T10:18:19.860,12.82,-10.168024458014063,1.4225654631822993,-30.842967010528124
1636121899870,2021-11-05T10:18:19.870,12.83,-10.260430200596415,0.6721309378212172,-32.31800412950438
1636121899880,2021-11-05T10:18:19.880,12.84,-9.906376146463625,-0.3465887735148385,-34.727723141244766
1636121899890,2021-11-05T10:18:19.890,12.85,-9.363638274416854,-1.5339248776787215,-37.444224563638315
1636121899900,2021-11-05T10:18:19.900,12.86,-9.287005563014866,-2.8726623965795826,-39.812266527792154
1636121899910,2021-11-05T10:18:19.910,12.87,-9.582304382945008,-4.2312802957761235,-41.317005496467075
1636121899920,2021-11-05T10:18:19.920,12.88,-9.88589937727301,-5.345587687422197,-42.040194629532515
1636121899930,2021-11-05T10:18:19.930,12.89,-10.360149961317397,-6.016317517225016,-42.69577132137162
1636121899940,2021-11-05T10:18:19.940,12.9,-11.170981045563341,-6.212914267046457,-43.87321310643132
1636121899950,2021-11-05T10:18:19.950,12.91,-11.83695752484181,-5.961367947655525,-45.48613549064311
1636121899960,2021-11-05T10:18:19.960,12.92,-11.753676942241825,-5.291881989637131,-47.07415427946442
1636121899970,2021-11-05T10:18:19.970,12.93,-11.024058320621233,-4.378422371860898,-48.30064107331959
1636121899980,2021-11-05T10:18:19.980,12.94,-10.326445709635957,-3.5775426191784865,-49.04852259987374
1636121899990,2021-11-05T10:18:19.990,12.95,-10.007000660249972,-3.1612646991828526,-49.31808396107055
1636121900000,2021-11-05T10:18:20.000,12.96,-9.63733570230803,-3.0365341701902606,-49.19555784827182
1636121900010,2021-11-05T10:18:20.010,12.97,-8.689765047480126,-2.8476698915775542,-48.89091944864446
1636121900020,2021-11-05T10:18:20.020,12.98,-7.408754006250261,-2.349880663993505,-48.78243151270638
1636121900030,2021-11-05T10:18:20.030,12.99,-6.631264713337736,-1.6228002221765112,-49.2619055410852
1636121900040,2021-11-05T10:18:20.040,13.0,-6.838037437584841,-1.008392344442818,-50.28444888512798
1636121900050,2021-11-05T10:18:20.050,13.01,-7.668583343814486,-0.8957762888983745,-51.17875946345502
1636121900060,2021-11-05T10:18:20.060,13.02,-8.272008106203113,-1.4166489446465338,-51.26075278839872
1636121900070,2021-11-05T10:18:20.070,13.03,-8.027602039051343,-2.311749484254682,-50.60546425437807
1636121900080,2021-11-05T10:18:20.080,13.04,-7.092870476648369,-3.217259519225323,-49.86984242263692
1636121900090,2021-11-05T10:18:20.090,13.05,-6.147086166828511,-3.9910818922909734,-49.38774495000573
1636121900100,2021-11-05T10:18:20.100,13.06,-5.481960004653898,-4.623225117825614,-48.833869302151655
1636121900110,2021-11-05T10:18:20.110,13.07,-4.8297222009113066,-5.015323381327412,-47.81419185668365
1636121900120,2021-11-05T10:18:20.120,13.08,-4.198873062931801,-5.020635024432474,-46.34657282805411
1636121900130,2021-11-05T10:18:20.130,13.09,-4.046226702042129,-4.567130416479297,-44.576186368116794
1636121900140,2021-11-05T10:18:20.140,13.1,-4.410763959647328,-3.6709960446323997,-42.42759265723526
1636121900150,2021-11-05T10:18:20.150,13.11,-4.788170048137568,-2.4675022944969003,-39.874668615275546
1636121900160,2021-11-05T10:18:20.160,13.12,-5.04608743280773,-1.2758294553700391,-37.24639051161895
1636121900170,2021-11-05T10:18:20.170,13.13,-5.4371776435113155,-0.5212790246163406,-34.850875484145924
1636121900180,2021-11-05T10:18:20.180,13.14,-5.530143545734762,-0.45851616281158625,-32.549552873275786
1636121900190,2021-11-05T10:18:20.190,13.15,-4.378059157631308,-0.9039270397853281,-30.169369524850453
1636121900200,2021-11-05T10:18:20.200,13.16,-2.0614119946963543,-1.3203956130568373,-28.032585902127284
1636121900210,2021-11-05T10:18:20.210,13.17,0.2150558996600031,-1.2671197863229429,-26.44963102805857
1636121900220,2021-11-05T10:18:20.220,13.18,1.857025828480487,-0.7122563833444376,-24.936332672772004
1636121900230,2021-11-05T10:18:20.230,13.19,3.466006490306432,0.09073096338877469,-22.67901451899346
1636121900240,2021-11-05T10:18:20.240,13.2,5.404193735053692,0.8291214833213059,-19.712743218557478
1636121900250,2021-11-05T10:18:20.250,13.21,6.943325664225119,1.2240274142299108,-16.964972023497772
1636121900260,2021-11-05T10:18:20.260,13.22,7.442365833857582,1.1931448366665984,-15.05054794481144
1636121900270,2021-11-05T10:18:20.270,13.23,7.560655346523751,0.9927927678327619,-13.539745261028578
1636121900280,2021-11-05T10:18:20.280,13.24,8.356661785339497,0.9767501133945862,-11.539530310469164
1636121900290,2021-11-05T10:18:20.290,13.25,9.65889095362607,1.2699090599385678,-8.605994163571541
1636121900300,2021-11-05T10:18:20.300,13.26,10.592341159136964,1.945037447870222,-4.939790325489369
1636121900310,2021-11-05T10:18:20.310,13.27,11.332480898810388,3.322572251792634,-0.9535563488338259
1636121900320,2021-11-05T10:18:20.320,13.28,12.624613781177665,5.639614738887724,3.0433238221065437
1636121900330,2021-11-05T10:18:20.330,13.29,13.80406761005982,8.544292043710913,6.556392863996912
1636121900340,2021-11-05T10:18:20.340,13.3,13.333523025622714,11.385842427497236,8.788025058530033
1636121900350,2021-11-05T10:18:20.350,13.31,11.379100155747661,13.898114766511956,10.029741888765216
1636121900360,2021-11-05T10:18:20.360,13.32,9.874142946597757,16.11333811265026,12.745755673592775
1636121900370,2021-11-05T10:18:20.370,13.33,9.759769905157732,17.69845625043026,18.21825834901756
1636121900380,2021-11-05T10:18:20.380,13.34,10.04373562197441,17.95898635888056,22.17763260004493
1636121900390,2021-11-05T10:18:20.390,13.35,10.029672132012003,16.63077098196352,19.45934985065771
1636121900400,2021-11-05T10:18:20.400,13.36,10.497996054857811,14.252185167421523,13.510425210278186
1636121900410,2021-11-05T10:18:20.410,13.37,11.864482992098981,11.568316396160078,12.896547528914253
1636121900420,2021-11-05T10:18:20.420,13.38,13.043770926923834,8.87942675188449,17.725433004202273
1636121900430,2021-11-05T10:18:20.430,13.39,13.08537422248159,6.172911235794883,19.63692087207351
1636121900440,2021-11-05T10:18:20.440,13.4,12.423681491991783,3.5660465603437297,15.401268753431719
1636121900450,2021-11-05T10:18:20.450,13.41,11.875546836030791,1.296674912837852,10.305934797861596
1636121900460,2021-11-05T10:18:20.460,13.42,11.54384992685011,-0.4972713293929733,8.385603615468211
1636121900470,2021-11-05T10:18:20.470,13.43,11.151136873647307,-1.7092856339939626,8.040046059969132
1636121900480,2021-11-05T10:18:20.480,13.44,10.803084520871817,-2.1855414199212557,7.1973605383389465
1636121900490,2021-11-05T10:18:20.490,13.45,10.856203169196254,-1.9493178986998116,6.464337169216389
1636121900500,2021-11-05T10:18:20.500,13.46,11.141186482306978,-1.3415421809282884,6.639260036125897
1636121900510,2021-11-05T10:18:20.510,13.47,10.920306026940512,-0.7668455938175419,6.877527616311758
1636121900520,2021-11-05T10:18:20.520,13.48,9.68543272322922,-0.3765367016514132,6.097273903023639
1636121900530,2021-11-05T10:18:20.530,13.49,7.6802637580539574,-0.06244893928983671,4.3811464971922796
1636121900540,2021-11-05T10:18:20.540,13.5,5.816168044703545,0.3093430472257692,2.5289720473060426
1636121900550,2021-11-05T10:18:20.550,13.51,4.999897789819494,0.7281403227040568,1.108480571712773
1636121900560,2021-11-05T10:18:20.560,13.52,5.193152420351901,1.1022230828609623,0.2239872445626397
1636121900570,2021-11-05T10:18:20.570,13.53,5.6175209566269055,1.4144152729503938,-0.15859421180295755
1636121900580,2021-11-05T10:18:20.580,13.54,6.0225594031818375,1.695620700725343,-0.0221190629938133
1636121900590,2021-11-05T10:18:20.590,13.55,6.7263465549806725,1.8446205750303843,0.3913007727596496
1636121900600,2021-11-05T10:18:20.600,13.56,7.415147912222069,1.6248548364273914,0.348606102465159
1636121900610,2021-11-05T10:18:20.610,13.57,7.2122362833097995,0.9221429217409746,-0.77955475062138
1636121900620,2021-11-05T10:18:20.620,13.58,6.00474949031393,-0.0873994972996399,-2.700019735500913
1636121900630,2021-11-05T10:18:20.630,13.59,4.682709144113184,-1.1122945510532571,-4.409913350654883
1636121900640,2021-11-05T10:18:20.640,13.6,4.024800103868863,-2.0171772750179358,-5.1952711897376815
1636121900650,2021-11-05T10:18:20.650,13.61,3.9693977501517526,-2.8319904962721103,-4.881329783270187
1636121900660,2021-11-05T10:18:20.660,13.62,4.0910368767021765,-3.578765739580184,-3.2042726699509734
1636121900670,2021-11-05T10:18:20.670,13.63,4.4408012506956025,-4.21726149161465,-0.1994454585735599
1636121900680,2021-11-05T10:18:20.680,13.64,5.385452981884662,-4.7042893700473964,2.3293654681364506
1636121900690,2021-11-05T10:18:20.690,13.65,6.599269590532842,-5.017267157855579,1.7454929310888148
1636121900700,2021-11-05T10:18:20.700,13.66,7.067916870331139,-5.1890352636259145,-1.6149049692654027
1636121900710,2021-11-05T10:18:20.710,13.67,6.305459549130392,-5.369301192308083,-3.8655577811548607
1636121900720,2021-11-05T10:18:20.720,13.68,4.62945707378562,-5.778605146440489,-2.6908327936751175
1636121900730,2021-11-05T10:18:20.730,13.69,2.227135619678523,-6.561594975826901,-0.5846637200766996
1636121900740,2021-11-05T10:18:20.740,13.7,-0.8254852804461893,-7.697422315551915,-0.9079275102890857
1636121900750,2021-11-05T10:18:20.750,13.71,-3.661482470291376,-9.047806670014323,-3.233004451076253
1636121900760,2021-11-05T10:18:20.760,13.72,-5.1628489910695565,-10.485663276527774,-4.877216318793366
1636121900770,2021-11-05T10:18:20.770,13.73,-5.458757504116914,-11.94906295074337,-4.930737703179397
1636121900780,2021-11-05T10:18:20.780,13.74,-5.549023883474042,-13.346067861640044,-4.512658353675109
1636121900790,2021-11-05T10:18:20.790,13.75,-5.51577665981714,-14.486725848273673,-4.475547080808371
1636121900800,2021-11-05T10:18:20.800,13.76,-4.530730054269192,-15.19565975675549,-4.779238594096752
1636121900810,2021-11-05T10:18:20.810,13.77,-2.5787591283584166,-15.44046706597231,-5.423644211285557
1636121900820,2021-11-05T10:18:20.820,13.78,-0.7784746883393809,-15.301236884059193,-6.620715195415796
1636121900830,2021-11-05T10:18:20.830,13.79,0.04300787047019233,-14.879817523741192,-8.233196790933784
1636121900840,2021-11-05T10:18:20.840,13.8,-0.005921013706633241,-14.254556497497383,-9.7988964674513
1636121900850,2021-11-05T10:18:20.850,13.81,-0.5000687498754781,-13.458532966403636,-10.97212490895728
1636121900860,2021-11-05T10:18:20.860,13.82,-1.082880251216669,-12.496810010873125,-11.542662019336188
1636121900870,2021-11-05T10:18:20.870,13.83,-1.5766417871672802,-11.400011077148438,-11.348867192087722
1636121900880,2021-11-05T10:18:20.880,13.84,-2.1715294708676978,-10.228890648441908,-10.493098092967525
1636121900890,2021-11-05T10:18:20.890,13.85,-2.8950406048863657,-9.030529767566584,-9.23183443825409
1636121900900,2021-11-05T10:18:20.900,13.86,-3.0355766194874874,-7.860960638379696,-7.52586184564165
1636121900910,2021-11-05T10:18:20.910,13.87,-2.1471234805626627,-6.890063829008865,-5.267489758289392
1636121900920,2021-11-05T10:18:20.920,13.88,-1.084234960599595,-6.386828138398455,-2.9162767816206614
1636121900930,2021-11-05T10:18:20.930,13.89,-0.8073751084771873,-6.466168662645053,-1.2167401483110973
1636121900940,2021-11-05T10:18:20.940,13.9,-1.00978330621307,-6.927696688566966,-0.3644891763270681
1636121900950,2021-11-05T10:18:20.950,13.91,-1.0394746518583582,-7.5019578803399725,-0.018533885422278587
1636121900960,2021-11-05T10:18:20.960,13.92,-1.0533182655514401,-8.126124469517523,0.11228762186148906
1636121900970,2021-11-05T10:18:20.970,13.93,-1.3380705340207681,-8.801243582578206,0.18383422596465476
1636121900980,2021-11-05T10:18:20.980,13.94,-1.6430136599646112,-9.36956194584582,0.4049593996516226
1636121900990,2021-11-05T10:18:20.990,13.95,-1.7887280656204094,-9.632596059674295,0.9189910581937666
1636121901000,2021-11-05T10:18:21.000,13.96,-1.9530263390988802,-9.544269774198387,1.6667729205206512
1636121901010,2021-11-05T10:18:21.010,13.97,-2.125645239471438,-9.192578724116396,2.5048204170022275
1636121901020,2021-11-05T10:18:21.020,13.98,-2.069838726374104,-8.725357212760564,3.3729256400372556
1636121901030,2021-11-05T10:18:21.030,13.99,-1.8570019475285906,-8.313070082301353,4.346304781334885
1636121901040,2021-11-05T10:18:21.040,14.0,-1.8617320858325597,-8.07492535604898,5.488354151342241
1636121901050,2021-11-05T10:18:21.050,14.01,-2.1857554158307364,-8.033977891552738,6.622143122384102
1636121901060,2021-11-05T10:18:21.060,14.02,-2.4769220736262505,-8.174616375494917,7.445438931826627
1636121901070,2021-11-05T10:18:21.070,14.03,-2.4324204107320995,-8.492555496702913,7.9382340151175255
1636121901080,2021-11-05T10:18:21.080,14.04,-2.1766249728791465,-8.90520455257467,8.424645808844216
1636121901090,2021-11-05T10:18:21.090,14.05,-2.0245365920175002,-9.130793873743972,9.227856895425312
1636121901100,2021-11-05T10:18:21.100,14.06,-2.156607947131514,-8.881543151776684,10.482906456379744
1636121901110,2021-11-05T10:18:21.110,14.07,-2.514334260367078,-8.335475131694409,12.177998733124507
1636121901120,2021-11-05T10:18:21.120,14.08,-2.759364284888589,-8.138151370669148,14.12140130034601
1636121901130,2021-11-05T10:18:21.130,14.09,-2.5387250223557523,-8.637654538983618,15.958235472371964
1636121901140,2021-11-05T10:18:21.140,14.1,-2.0001862446376983,-9.319896210998415,17.403199356459165
1636121901150,2021-11-05T10:18:21.150,14.11,-1.7255823630322125,-9.290121878231394,18.400488580926183
1636121901160,2021-11-05T10:18:21.160,14.12,-1.9638726083312061,-8.310707924265115,19.04060694228491
1636121901170,2021-11-05T10:18:21.170,14.13,-2.237918507946219,-7.245850420717866,19.47117631872743
1636121901180,2021-11-05T10:18:21.180,14.14,-1.9383487282311016,-7.311934967869714,19.88117753284959
1636121901190,2021-11-05T10:18:21.190,14.15,-1.0548757120619192,-8.782081481430517,20.403377813145404
1636121901200,2021-11-05T10:18:21.200,14.16,-0.0020495244568188853,-10.511646646578308,20.98969344955697
1636121901210,2021-11-05T10:18:21.210,14.17,1.0012688195935255,-10.987631675971397,21.41145204012301
1636121901220,2021-11-05T10:18:21.220,14.18,1.8711039205708881,-10.042101868811134,21.357452510184203
1636121901230,2021-11-05T10:18:21.230,14.19,2.2558753911874985,-9.050843248312137,20.601097566956618
1636121901240,2021-11-05T10:18:21.240,14.2,1.8349393366296367,-8.958290879981725,19.204268475162227
1636121901250,2021-11-05T10:18:21.250,14.21,0.8241018728826124,-9.06015743441777,17.532976268912826
1636121901260,2021-11-05T10:18:21.260,14.22,-0.3233290358469061,-8.480632916588288,15.990767548825296
1636121901270,2021-11-05T10:18:21.270,14.23,-1.4605097052745095,-7.575358633345731,14.764944476501228
1636121901280,2021-11-05T10:18:21.280,14.24,-2.657665446283499,-7.074102776547765,13.823921121759309
1636121901290,2021-11-05T10:18:21.290,14.25,-3.8982747094751535,-7.021196750089741,13.062004004464926
1636121901300,2021-11-05T10:18:21.300,14.26,-5.037623363641712,-7.158725772391353,12.422951071916593
1636121901310,2021-11-05T10:18:21.310,14.27,-5.828407266959386,-7.472378077557815,11.896846803504078
1636121901320,2021-11-05T10:18:21.320,14.28,-6.125375014899962,-7.960796998298672,11.395765762477335
1636121901330,2021-11-05T10:18:21.330,14.29,-6.202027448544613,-8.399361325930885,10.784817043683297
1636121901340,2021-11-05T10:18:21.340,14.3,-6.431940726290566,-8.616869324428386,10.165549295643089
1636121901350,2021-11-05T10:18:21.350,14.31,-6.717377633839982,-8.755554039270253,9.865870146001036
1636121901360,2021-11-05T10:18:21.360,14.32,-6.933124418179722,-9.049273269371811,9.922245745745744
1636121901370,2021-11-05T10:18:21.370,14.33,-7.541852102447207,-9.468242409288782,9.947058590267943
1636121901380,2021-11-05T10:18:21.380,14.34,-8.766518616080788,-9.794286004084755,9.804526904281811
1636121901390,2021-11-05T10:18:21.390,14.35,-9.7752712031557,-9.976547970080736,9.922202873641995
1636121901400,2021-11-05T10:18:21.400,14.36,-9.770919378547095,-10.1561462761759,10.544254295738007
1636121901410,2021-11-05T10:18:21.410,14.37,-9.107559007575007,-10.356279555444885,11.203674998003072
1636121901420,2021-11-05T10:18:21.420,14.38,-8.385925748563727,-10.425784738981616,11.379546216681463
1636121901430,2021-11-05T10:18:21.430,14.39,-7.386523869055356,-10.335402392342678,11.198327082372982
1636121901440,2021-11-05T10:18:21.440,14.4,-5.806526207888082,-10.282102595451855,11.057375063100391
1636121901450,2021-11-05T10:18:21.450,14.41,-4.208352768534763,-10.425074538844152,10.996771712428789
1636121901460,2021-11-05T10:18:21.460,14.42,-3.4015856772288258,-10.7534857599722,10.86914515815845
1636121901470,2021-11-05T10:18:21.470,14.43,-3.525374581819749,-11.30750544871478,10.76782227497769
1636121901480,2021-11-05T10:18:21.480,14.44,-4.316950924132826,-12.23796672707749,10.883764843107317
1636121901490,2021-11-05T10:18:21.490,14.45,-5.52804410539467,-13.444407265469376,11.190159499557844
1636121901500,2021-11-05T10:18:21.500,14.46,-6.573382218801966,-14.415697598490873,11.577794526091884
1636121901510,2021-11-05T10:18:21.510,14.47,-6.664831883710987,-14.683799432082768,12.062474974597823
1636121901520,2021-11-05T10:18:21.520,14.48,-5.842359702043163,-14.23972972475475,12.56138870819457
1636121901530,2021-11-05T10:18:21.530,14.49,-5.073055390405918,-13.313343814722348,12.715597112903854
1636121901540,2021-11-05T10:18:21.540,14.5,-4.961844974556688,-11.977557007184448,12.304373308482596
1636121901550,2021-11-05T10:18:21.550,14.51,-5.161996511075904,-10.171176004398635,11.650730145186127
1636121901560,2021-11-05T10:18:21.560,14.52,-5.238313761972147,-7.924954721796481,11.280838767239263
1636121901570,2021-11-05T10:18:21.570,14.53,-5.198025076014035,-5.388223212720359,11.372179048845066
1636121901580,2021-11-05T10:18:21.580,14.54,-4.998015241736114,-2.730692214863142,11.780016802773128
1636121901590,2021-11-05T10:18:21.590,14.55,-4.430248632702036,-0.11645839618646359,12.319074488521467
1636121901600,2021-11-05T10:18:21.600,14.56,-3.6732890795732476,2.2885974750190727,12.800531785853671
1636121901610,2021-11-05T10:18:21.610,14.57,-3.1915466571595372,4.366544181515728,13.074438485627702
1636121901620,2021-11-05T10:18:21.620,14.58,-2.980855365765156,6.105650362167264,13.167733762422792
1636121901630,2021-11-05T10:18:21.630,14.59,-2.542048425796356,7.571649654503824,13.167993435917872
1636121901640,2021-11-05T10:18:21.640,14.6,-1.644206502055252,8.812686009445114,13.011067826959097
1636121901650,2021-11-05T10:18:21.650,14.61,-0.6235373240297861,9.800808740806476,12.58532391796746
1636121901660,2021-11-05T10:18:21.660,14.62,0.08080064216059672,10.460934488527126,11.929441193624857
1636121901670,2021-11-05T10:18:21.670,14.63,0.3519314441634063,10.77388767509044,11.187589424329396
1636121901680,2021-11-05T10:18:21.680,14.64,0.4103951798812635,10.857181943253138,10.510453278610857
1636121901690,2021-11-05T10:18:21.690,14.65,0.625545509168746,10.878575073821928,10.038965292645539
1636121901700,2021-11-05T10:18:21.700,14.66,1.192495691459785,10.88563098922468,9.790527037102168
1636121901710,2021-11-05T10:18:21.710,14.67,1.8528654498637802,10.831222378925709,9.526011841896386
1636121901720,2021-11-05T10:18:21.720,14.68,2.1352554544450606,10.752212473586294,8.911926386761081
1636121901730,2021-11-05T10:18:21.730,14.69,1.9768579658257739,10.769408260024505,7.88230503228214
1636121901740,2021-11-05T10:18:21.740,14.7,1.8270333635811329,10.928787136136705,6.713217264419233
1636121901750,2021-11-05T10:18:21.750,14.71,2.0270681007261984,11.192043761530563,5.670833471416225
1636121901760,2021-11-05T10:18:21.760,14.72,2.4216955254062267,11.548500796065664,4.737186642249765
1636121901770,2021-11-05T10:18:21.770,14.73,2.732818429642186,11.989942414233347,3.8219170073678197
1636121901780,2021-11-05T10:18:21.780,14.74,2.9443375146574997,12.392594914355373,3.060676552397706
1636121901790,2021-11-05T10:18:21.790,14.75,3.0845183537550223,12.545314945256287,2.654129649508027
1636121901800,2021-11-05T10:18:21.800,14.76,2.998219590540413,12.31335146257968,2.5809367543530977
1636121901810,2021-11-05T10:18:21.810,14.77,2.6327062184398287,11.72246317289311,2.777874860623096
1636121901820,2021-11-05T10:18:21.820,14.78,2.2821079409937797,10.906712616322203,3.4511421532327367
1636121901830,2021-11-05T10:18:21.830,14.79,2.4024706416115293,10.030115456680338,4.876524555399487
1636121901840,2021-11-05T10:18:21.840,14.8,3.325730583915756,9.205200283506159,6.962917817274132
1636121901850,2021-11-05T10:18:21.850,14.81,4.814846196367724,8.417002403196376,9.240969365299968
1636121901860,2021-11-05T10:18:21.860,14.82,5.73171723817593,7.5894870847447145,11.230685432507014
1636121901870,2021-11-05T10:18:21.870,14.83,5.133253167924316,6.762795321084559,12.69842704363235
1636121901880,2021-11-05T10:18:21.880,14.84,3.967380196640174,6.084709430552087,13.632849655771526
1636121901890,2021-11-05T10:18:21.890,14.85,4.100647617832249,5.587907698771319,14.107801883937887
1636121901900,2021-11-05T10:18:21.900,14.86,5.439452745173541,5.121830714983669,14.203592901461949
1636121901910,2021-11-05T10:18:21.910,14.87,6.030036434592585,4.545871594854487,14.03047048781464
1636121901920,2021-11-05T10:18:21.920,14.88,5.079480274412462,3.8451147227314433,13.774336942647064
1636121901930,2021-11-05T10:18:21.930,14.89,3.7968427632539767,3.0433084307049416,13.627423288863117
1636121901940,2021-11-05T10:18:21.940,14.9,3.305375701552186,2.164575558079208,13.595608402973422
1636121901950,2021-11-05T10:18:21.950,14.91,3.4239790589910806,1.286486094185106,13.411417556191621
1636121901960,2021-11-05T10:18:21.960,14.92,3.4410333988349384,0.49672553854606094,12.753545860610082
1636121901970,2021-11-05T10:18:21.970,14.93,3.0601501926565295,-0.18260849497607867,11.583420824252281
1636121901980,2021-11-05T10:18:21.980,14.94,2.552570276136373,-0.7575116118753529,10.183893779578602
1636121901990,2021-11-05T10:18:21.990,14.95,2.2805058178493605,-1.217888736697112,8.84123482492123
1636121902000,2021-11-05T10:18:22.000,14.96,2.1921577063188584,-1.5463253221815922,7.603480176836493
1636121902010,2021-11-05T10:18:22.010,14.97,1.9992459324813003,-1.682006442255522,6.41806180197598
1636121902020,2021-11-05T10:18:22.020,14.98,1.656606579330186,-1.5241751204836753,5.363706184171834
1636121902030,2021-11-05T10:18:22.030,14.99,1.2929396243322648,-1.0696491876150662,4.600908952219431
1636121902040,2021-11-05T10:18:22.040,15.0,1.0168869556616715,-0.42902332445961244,4.165071646589822
1636121902050,2021-11-05T10:18:22.050,15.01,1.09264169852302,0.4211928019312841,3.8922173996908698
1636121902060,2021-11-05T10:18:22.060,15.02,1.7785891999687486,1.741913094941351,3.4848309315689066
1636121902070,2021-11-05T10:18:22.070,15.03,2.7907070532329623,3.710572767352942,2.664471426904171
1636121902080,2021-11-05T10:18:22.080,15.04,3.412923298239879,6.114895375565688,1.372666705896589
1636121902090,2021-11-05T10:18:22.090,15.05,3.175794056969261,8.504715999743839,-0.18576356101621996
1636121902100,2021-11-05T10:18:22.100,15.06,2.2028235478436216,10.524420102113172,-1.706271926672079
1636121902110,2021-11-05T10:18:22.110,15.07,1.0831796633024455,11.973436701756405,-2.9215475525768273
1636121902120,2021-11-05T10:18:22.120,15.08,0.36113395149364647,12.727479700064706,-3.690970022112994
1636121902130,2021-11-05T10:18:22.130,15.09,-0.08371902720131183,12.849017140261058,-4.104607034605496
1636121902140,2021-11-05T10:18:22.140,15.1,-0.7758527812242528,12.587977840238262,-4.350898444938154
1636121902150,2021-11-05T10:18:22.150,15.11,-1.6459151022400138,11.91494247073267,-4.400875873183146
1636121902160,2021-11-05T10:18:22.160,15.12,-2.020395103640258,10.449909374219839,-4.0573418728385535
1636121902170,2021-11-05T10:18:22.170,15.13,-1.6532179673197387,8.54196354474303,-3.318701748424476
1636121902180,2021-11-05T10:18:22.180,15.14,-0.9228316785477158,7.619172862565229,-2.4137922356809183
1636121902190,2021-11-05T10:18:22.190,15.15,-0.04647665320214037,8.17634820257815,-1.557317082967816
1636121902200,2021-11-05T10:18:22.200,15.16,1.0999458376374325,8.646813977828513,-0.9384942347880794
1636121902210,2021-11-05T10:18:22.210,15.17,2.3903101675842686,7.995476573510045,-0.7734844468506128
1636121902220,2021-11-05T10:18:22.220,15.18,3.2607218605094284,7.647862671170852,-1.0845606352457406
1636121902230,2021-11-05T10:18:22.230,15.19,3.201928641277213,9.00607255032116,-1.5686042692834277
1636121902240,2021-11-05T10:18:22.240,15.2,2.199951634017327,11.156408155100294,-1.8721773128224153
1636121902250,2021-11-05T10:18:22.250,15.21,0.7371652763585266,12.578937860257057,-1.8670908166469493
1636121902260,2021-11-05T10:18:22.260,15.22,-0.4568589797609377,13.15175608769606,-1.5625850083151906
1636121902270,2021-11-05T10:18:22.270,15.23,-0.8303161690313695,13.421762142973488,-0.9457230777966874
1636121902280,2021-11-05T10:18:22.280,15.24,-0.4473610264741066,13.42208234631892,-0.06692244880986181
1636121902290,2021-11-05T10:18:22.290,15.25,0.1928301416010862,12.933467821229765,0.8747016921222968
1636121902300,2021-11-05T10:18:22.300,15.26,0.9117813472961892,12.038177210703449,1.6875034131537254
1636121902310,2021-11-05T10:18:22.310,15.27,1.9862457445648967,10.96905305271883,2.2684082803029764
1636121902320,2021-11-05T10:18:22.320,15.28,3.344762876331658,9.806859010097707,2.4255418049735256
1636121902330,2021-11-05T10:18:22.330,15.29,4.271580717971288,8.52742377938786,1.900509775102589
1636121902340,2021-11-05T10:18:22.340,15.3,4.322586782771962,7.139829071144797,0.7416677337648758
1636121902350,2021-11-05T10:18:22.350,15.31,3.9261691725674672,5.673116824125456,-0.6123711427427417
1636121902360,2021-11-05T10:18:22.360,15.32,3.5636186497813807,4.119781371217869,-1.7709163882506924
1636121902370,2021-11-05T10:18:22.370,15.33,3.024731012125166,2.456857433580961,-2.6580616643416004
1636121902380,2021-11-05T10:18:22.380,15.34,2.1295469053060265,0.7506556436874043,-3.291260540963119
1636121902390,2021-11-05T10:18:22.390,15.35,1.4478657677512292,-0.7533121416358147,-3.64920810243774
1636121902400,2021-11-05T10:18:22.400,15.36,1.4842578529684516,-1.7389797870923083,-3.864267197327269
1636121902410,2021-11-05T10:18:22.410,15.37,1.8004761084757246,-2.0772411227424805,-4.220983422528962
1636121902420,2021-11-05T10:18:22.420,15.38,1.6816435585606977,-1.8897906560584654,-4.830063593814994
1636121902430,2021-11-05T10:18:22.430,15.39,1.0415170422294844,-1.3586676403684503,-5.524630176794454
1636121902440,2021-11-05T10:18:22.440,15.4,0.10278212341888424,-0.6205166444433317,-6.137182620160159
1636121902450,2021-11-05T10:18:22.450,15.41,-1.136655903477403,0.16914678905038402,-6.655876193810353
1636121902460,2021-11-05T10:18:22.460,15.42,-2.572622711807719,0.8704610383868762,-7.043099100038432
1636121902470,2021-11-05T10:18:22.470,15.43,-3.664831289460219,1.494215309562497,-7.123551814436993
1636121902480,2021-11-05T10:18:22.480,15.44,-3.9561648253171695,2.1505795241440184,-6.810969337033075
1636121902490,2021-11-05T10:18:22.490,15.45,-3.651965909564845,2.8660353938014964,-6.334740025116803
1636121902500,2021-11-05T10:18:22.500,15.46,-3.300011690930437,3.6218338184104324,-6.062387056066107
1636121902510,2021-11-05T10:18:22.510,15.47,-3.0893838689933792,4.538124088736572,-6.120123408121839
1636121902520,2021-11-05T10:18:22.520,15.48,-2.8255375856117695,5.774118386625537,-6.342690919811561
1636121902530,2021-11-05T10:18:22.530,15.49,-2.420110900087484,7.230651466232925,-6.5495001748767585
1636121902540,2021-11-05T10:18:22.540,15.5,-2.0588632913716407,8.575095354786916,-6.64363230989426
1636121902550,2021-11-05T10:18:22.550,15.51,-1.986856925173039,9.586077446794928,-6.487164918858486
1636121902560,2021-11-05T10:18:22.560,15.52,-2.20326889369979,10.31781720726283,-6.015682052081191
1636121902570,2021-11-05T10:18:22.570,15.53,-2.2320034819789365,10.947793492706163,-5.5006966164888995
1636121902580,2021-11-05T10:18:22.580,15.54,-1.5213501770500586,11.60472482066464,-5.32226670066746
1636121902590,2021-11-05T10:18:22.590,15.55,-0.33311621165014316,12.326317947844615,-5.426381228391057
1636121902600,2021-11-05T10:18:22.600,15.56,0.4040014314437644,13.062975436236934,-5.406111190364854
1636121902610,2021-11-05T10:18:22.610,15.57,0.36837084055813496,13.705457155841977,-5.1434760281097525
1636121902620,2021-11-05T10:18:22.620,15.58,0.09508315483630579,14.169607677796819,-4.930282520429667
1636121902630,2021-11-05T10:18:22.630,15.59,-0.10067964802858302,14.457031167462171,-4.938715068818828
1636121902640,2021-11-05T10:18:22.640,15.6,-0.39729138674365505,14.604411041089044,-5.004991437767056
1636121902650,2021-11-05T10:18:22.650,15.61,-0.7699937295335971,14.612680821619346,-4.995465065687941
1636121902660,2021-11-05T10:18:22.660,15.62,-0.9712748726749986,14.478364693819373,-5.027189333503246
1636121902670,2021-11-05T10:18:22.670,15.63,-0.9804796528238741,14.242280971990827,-5.190086332257293
1636121902680,2021-11-05T10:18:22.680,15.64,-0.9104935411645809,13.924056635276603,-5.313603314138548
1636121902690,2021-11-05T10:18:22.690,15.65,-0.8150686717219702,13.443412454231511,-5.192928896172833
1636121902700,2021-11-05T10:18:22.700,15.66,-0.7677167250023352,12.678740018629645,-4.853911844834126
1636121902710,2021-11-05T10:18:22.710,15.67,-0.8390025909835044,11.574417271044053,-4.444736469745516
1636121902720,2021-11-05T10:18:22.720,15.68,-1.0879144231758993,10.154279746075305,-4.052287636667744
1636121902730,2021-11-05T10:18:22.730,15.69,-1.5854239172685407,8.479459524351443,-3.7107754886205035
1636121902740,2021-11-05T10:18:22.740,15.7,-2.1485924525463815,6.619551765480111,-3.4202530631532646
1636121902750,2021-11-05T10:18:22.750,15.71,-2.3530880023412837,4.624850370397809,-3.151621865600422
1636121902760,2021-11-05T10:18:22.760,15.72,-2.1646246831294897,2.5330277498339004,-2.9292030451052256
1636121902770,2021-11-05T10:18:22.770,15.73,-1.9962211960623673,0.44519019651802866,-2.7807214211141797
1636121902780,2021-11-05T10:18:22.780,15.74,-1.9007091893670287,-1.4565838868217602,-2.5764379757511993
1636121902790,2021-11-05T10:18:22.790,15.75,-1.5133317348303392,-3.0380962290988403,-2.1670371724632314
1636121902800,2021-11-05T10:18:22.800,15.76,-0.8983987683160461,-4.28881622737479,-1.6680743202050738
1636121902810,2021-11-05T10:18:22.810,15.77,-0.5209051104150995,-5.206330922567243,-1.3089657891539002
1636121902820,2021-11-05T10:18:22.820,15.78,-0.39267929073559815,-5.7236691642945114,-1.0811755621160315
1636121902830,2021-11-05T10:18:22.830,15.79,-0.18243238779674636,-5.835830628313339,-0.8588163312732993
1636121902840,2021-11-05T10:18:22.840,15.8,-0.0710364640271816,-5.697830957139004,-0.7093273570102339
1636121902850,2021-11-05T10:18:22.850,15.81,-0.5398798700908918,-5.544082730085799,-0.708497460962604
1636121902860,2021-11-05T10:18:22.860,15.82,-1.3382927200443953,-5.556926337142497,-0.6162654385173716
1636121902870,2021-11-05T10:18:22.870,15.83,-1.597276577541844,-5.726979174060295,-0.15538386765124113
1636121902880,2021-11-05T10:18:22.880,15.84,-1.0742782378184788,-5.763746311134528,0.4926156197793017
1636121902890,2021-11-05T10:18:22.890,15.85,-0.46740173264381357,-5.3694117920904,0.8394416828344963
1636121902900,2021-11-05T10:18:22.900,15.86,-0.38651423100403515,-4.730489758885197,0.666768602302793
1636121902910,2021-11-05T10:18:22.910,15.87,-0.711234568758323,-4.394527369127329,0.19090840989522523
1636121902920,2021-11-05T10:18:22.920,15.88,-1.0441116172529274,-4.54621599619726,-0.2513377113383005
1636121902930,2021-11-05T10:18:22.930,15.89,-1.2508186563370889,-4.844659303645243,-0.4967412746021983
1636121902940,2021-11-05T10:18:22.940,15.9,-1.4046547050925553,-4.958550421420336,-0.5949285832988123
1636121902950,2021-11-05T10:18:22.950,15.91,-1.4782392491163057,-4.767455194632287,-0.6375736210227008
1636121902960,2021-11-05T10:18:22.960,15.92,-1.3307502507378457,-4.259724192813337,-0.5874391749239749
1636121902970,2021-11-05T10:18:22.970,15.93,-1.0109749155078078,-3.7128226664371446,-0.361983279723713
1636121902980,2021-11-05T10:18:22.980,15.94,-0.8289521121217136,-3.598126341266977,-0.035023463272813485
1636121902990,2021-11-05T10:18:22.990,15.95,-0.9429891078698931,-3.9686453420671306,0.2253078551498708
1636121903000,2021-11-05T10:18:23.000,15.96,-1.0532975495853654,-4.371328290991854,0.4050903715019093
1636121903010,2021-11-05T10:18:23.010,15.97,-0.7713245649836801,-4.480495574102887,0.6392831624888468
1636121903020,2021-11-05T10:18:23.020,15.98,-0.26531037168846305,-4.377904677152163,0.9384014996752625
1636121903030,2021-11-05T10:18:23.030,15.99,-0.2467298582339998,-4.2344211673260155,1.1168868805109256
1636121903040,2021-11-05T10:18:23.040,16.0,-1.0649351877835695,-4.12420729374108,1.0694080261109824
1636121903050,2021-11-05T10:18:23.050,16.01,-2.0050951698982264,-4.135505168498916,0.9471512815475308
1636121903060,2021-11-05T10:18:23.060,16.02,-2.0267199326904453,-4.383971051828492,0.9779260054941432
1636121903070,2021-11-05T10:18:23.070,16.03,-1.1781603664275555,-4.903921334382859,1.265405408104937
1636121903080,2021-11-05T10:18:23.080,16.04,-0.5306861072659363,-5.645636185991911,1.782630245823876
1636121903090,2021-11-05T10:18:23.090,16.05,-0.6205498227675381,-6.536927798129005,2.360911454455421
1636121903100,2021-11-05T10:18:23.100,16.06,-0.8600262046925282,-7.466391293886552,2.694246912614544
1636121903110,2021-11-05T10:18:23.110,16.07,-0.6759070345626549,-8.253674320845462,2.5666900667999544
1636121903120,2021-11-05T10:18:23.120,16.08,-0.2771172043428818,-8.718146778369272,2.0641722484306637
1636121903130,2021-11-05T10:18:23.130,16.09,-0.037929207571536894,-8.798903773357878,1.4299652301416375
1636121903140,2021-11-05T10:18:23.140,16.1,0.035723044820841994,-8.603112332470978,0.7987762929738609
1636121903150,2021-11-05T10:18:23.150,16.11,0.019703895244844456,-8.32239960511878,0.1874805566929145
1636121903160,2021-11-05T10:18:23.160,16.12,-0.09624609763584575,-8.086934130701627,-0.378273944627335
1636121903170,2021-11-05T10:18:23.170,16.13,-0.21894054987409073,-7.918231669766399,-0.873672371442527
1636121903180,2021-11-05T10:18:23.180,16.14,-0.20617564652452552,-7.812105864686755,-1.328769328210149
1636121903190,2021-11-05T10:18:23.190,16.15,-0.026355441608310333,-7.775577690421928,-1.752598934462056
1636121903200,2021-11-05T10:18:23.200,16.16,0.2969485276855132,-7.768189879255937,-2.0884971294848764
1636121903210,2021-11-05T10:18:23.210,16.17,0.664476603625286,-7.73826079327889,-2.35205767564384
1636121903220,2021-11-05T10:18:23.220,16.18,0.8595685441360266,-7.740411417763687,-2.6816051609663125
1636121903230,2021-11-05T10:18:23.230,16.19,0.8391035267950481,-7.876843246659372,-3.128481033691754
1636121903240,2021-11-05T10:18:23.240,16.2,0.8715390892882379,-8.12687232866132,-3.5508261194501656
1636121903250,2021-11-05T10:18:23.250,16.21,1.0894743059990402,-8.386606321489936,-3.8099611563532694
1636121903260,2021-11-05T10:18:23.260,16.22,1.273029394913471,-8.648346502229979,-3.9013031941739698
1636121903270,2021-11-05T10:18:23.270,16.23,1.34097952112833,-8.971659788987395,-3.866307878504158
1636121903280,2021-11-05T10:18:23.280,16.24,1.5499084530256355,-9.295668409893912,-3.777965551640485
1636121903290,2021-11-05T10:18:23.290,16.25,1.9327401088117626,-9.441604270371624,-3.791312734826408
1636121903300,2021-11-05T10:18:23.300,16.26,2.0824857115426125,-9.288576670390903,-4.008507751682323
1636121903310,2021-11-05T10:18:23.310,16.27,1.8062851720025028,-8.816772573533603,-4.344106200519135
1636121903320,2021-11-05T10:18:23.320,16.28,1.4915627618945893,-8.034892849126662,-4.664772634444846
1636121903330,2021-11-05T10:18:23.330,16.29,1.4753503405033213,-7.009044878239445,-4.9444969898503155
1636121903340,2021-11-05T10:18:23.340,16.3,1.5359455536284656,-5.914274350292322,-5.159564590650351
1636121903350,2021-11-05T10:18:23.350,16.31,1.3974474587703836,-4.939958700595702,-5.181447222939138
1636121903360,2021-11-05T10:18:23.360,16.32,1.2463557147259077,-4.162593666938143,-4.898209783036692
1636121903370,2021-11-05T10:18:23.370,16.33,1.3317568229847978,-3.563632299236355,-4.326183427558563
1636121903380,2021-11-05T10:18:23.380,16.34,1.4808667696036244,-3.1372527155771923,-3.538174416732205
1636121903390,2021-11-05T10:18:23.390,16.35,1.3832306542412725,-2.923131586021887,-2.589403179216667
1636121903400,2021-11-05T10:18:23.400,16.36,1.0820000834445982,-2.944061092526879,-1.5278175105422704
1636121903410,2021-11-05T10:18:23.410,16.37,0.9224858091729118,-3.1671515060615354,-0.3855097188694788
1636121903420,2021-11-05T10:18:23.420,16.38,1.1164701594756417,-3.5432576798894795,0.8210301173995118
1636121903430,2021-11-05T10:18:23.430,16.39,1.512008624877383,-4.045777010225068,2.029570037903146
1636121903440,2021-11-05T10:18:23.440,16.4,1.8079709895885174,-4.638236417074748,3.121407546687508
1636121903450,2021-11-05T10:18:23.450,16.41,1.9056362442935333,-5.229772223377096,3.9946738783751408
1636121903460,2021-11-05T10:18:23.460,16.42,1.967360994069629,-5.712797278876865,4.59094469049998
1636121903470,2021-11-05T10:18:23.470,16.43,2.131637229234398,-6.045261225143195,4.868929523366477
1636121903480,2021-11-05T10:18:23.480,16.44,2.2909721507037686,-6.2653233854550665,4.848284514815368
1636121903490,2021-11-05T10:18:23.490,16.45,2.28762951835283,-6.424928137110369,4.667563088334755
1636121903500,2021-11-05T10:18:23.500,16.46,2.167241767214617,-6.516903193799816,4.4893689453750385
1636121903510,2021-11-05T10:18:23.510,16.47,2.000549035201448,-6.454895899353293,4.348801164562479
1636121903520,2021-11-05T10:18:23.520,16.48,1.7139154677002693,-6.128252445271993,4.189411536472291
1636121903530,2021-11-05T10:18:23.530,16.49,1.3530294462714634,-5.503258168863384,4.007586347917433
1636121903540,2021-11-05T10:18:23.540,16.5,1.152295295328484,-4.685631558798993,3.8401666999236785
1636121903550,2021-11-05T10:18:23.550,16.51,1.1456793008515849,-3.881384577648247,3.6682947221845676
1636121903560,2021-11-05T10:18:23.560,16.52,1.0920814109950214,-3.285520423753318,3.465436569365389
1636121903570,2021-11-05T10:18:23.570,16.53,0.8591964673562007,-2.9888319935186964,3.274551870032454
1636121903580,2021-11-05T10:18:23.580,16.54,0.5456183647352215,-2.960067765193641,3.1330710123806877
1636121903590,2021-11-05T10:18:23.590,16.55,0.28515872400491926,-3.0831876330721992,3.011282295806603
1636121903600,2021-11-05T10:18:23.600,16.56,0.17792717479531295,-3.221663472891911,2.8930337300010436
1636121903610,2021-11-05T10:18:23.610,16.57,0.2617334640846576,-3.293094128948087,2.8069573415134883
1636121903620,2021-11-05T10:18:23.620,16.58,0.429748925025419,-3.2921464324129603,2.749646334067161
1636121903630,2021-11-05T10:18:23.630,16.59,0.5459797324099681,-3.2492099718987353,2.6876848459222678
1636121903640,2021-11-05T10:18:23.640,16.6,0.6018377052181652,-3.2126665831863974,2.6371762488119312
1636121903650,2021-11-05T10:18:23.650,16.61,0.6149573722885378,-3.268045961723958,2.679200495164529
1636121903660,2021-11-05T10:18:23.660,16.62,0.5530585001730317,-3.5130270767209177,2.888994556072148
1636121903670,2021-11-05T10:18:23.670,16.63,0.4723625504298156,-3.981771749638301,3.198897623257147
1636121903680,2021-11-05T10:18:23.680,16.64,0.4993842037846205,-4.5973718587379615,3.3486572916903317
1636121903690,2021-11-05T10:18:23.690,16.65,0.6199225896475142,-5.208667879261305,3.143393729302196
1636121903700,2021-11-05T10:18:23.700,16.66,0.7223776119810017,-5.676141631290062,2.778928002068959
1636121903710,2021-11-05T10:18:23.710,16.67,0.8154923104563798,-5.915634949232993,2.70378731491537
1636121903720,2021-11-05T10:18:23.720,16.68,0.9608673547130819,-5.8777395647338615,3.0640001571184725
1636121903730,2021-11-05T10:18:23.730,16.69,1.07881088819091,-5.525380980466846,3.4575362508776077
1636121903740,2021-11-05T10:18:23.740,16.7,1.0017645658496384,-4.858886515238071,3.4218077311183426
1636121903750,2021-11-05T10:18:23.750,16.71,0.6168716540976626,-3.977077544282368,3.0075433090495096
1636121903760,2021-11-05T10:18:23.760,16.72,-0.05261538027198792,-3.094628577984304,2.616097296835985
1636121903770,2021-11-05T10:18:23.770,16.73,-0.7635081868099933,-2.4461723872553236,2.4495672171485454
1636121903780,2021-11-05T10:18:23.780,16.74,-1.1976399360311032,-2.1551734932674904,2.404967614940551
1636121903790,2021-11-05T10:18:23.790,16.75,-1.3288175437831877,-2.199961035552149,2.3389232063941945
1636121903800,2021-11-05T10:18:23.800,16.76,-1.3859892275493852,-2.4533407530209868,2.1958436889474995
1636121903810,2021-11-05T10:18:23.810,16.77,-1.4052068052092328,-2.722649662800001,1.9848678011700929
1636121903820,2021-11-05T10:18:23.820,16.78,-1.2137544338858104,-2.8393544391021606,1.7671493539256478
1636121903830,2021-11-05T10:18:23.830,16.79,-0.8662638817587163,-2.7791842799389372,1.6152372831366315
1636121903840,2021-11-05T10:18:23.840,16.8,-0.6619812708606831,-2.6452212411681413,1.5516556865947029
1636121903850,2021-11-05T10:18:23.850,16.81,-0.7198430668099908,-2.519827436356583,1.5561537196975155
1636121903860,2021-11-05T10:18:23.860,16.82,-0.8818466937527396,-2.40022063509021,1.6073752138153332
1636121903870,2021-11-05T10:18:23.870,16.83,-1.0309573197401223,-2.277148565049752,1.6846323777129042
1636121903880,2021-11-05T10:18:23.880,16.84,-1.237286513930325,-2.20808264210446,1.773371502748485
1636121903890,2021-11-05T10:18:23.890,16.85,-1.5351931815487654,-2.2871590423873247,1.9194323402987488
1636121903900,2021-11-05T10:18:23.900,16.86,-1.7477406964335325,-2.5613351244962987,2.2336092417227906
1636121903910,2021-11-05T10:18:23.910,16.87,-1.6941528797675383,-3.000244293035707,2.7633535671549545
1636121903920,2021-11-05T10:18:23.920,16.88,-1.4583644429220488,-3.5455484842029596,3.4016342372946955
1636121903930,2021-11-05T10:18:23.930,16.89,-1.2427222759951637,-4.149319794243904,4.018701493482406
1636121903940,2021-11-05T10:18:23.940,16.9,-1.0727008751291789,-4.750221808845341,4.608003423111927
1636121903950,2021-11-05T10:18:23.950,16.91,-0.8696149108290969,-5.248459768756441,5.188596904618303
1636121903960,2021-11-05T10:18:23.960,16.92,-0.6670780196978787,-5.5364563436874565,5.685069732947551
1636121903970,2021-11-05T10:18:23.970,16.93,-0.5765924797705329,-5.569156300342829,6.019645191634295
1636121903980,2021-11-05T10:18:23.980,16.94,-0.6717537242459575,-5.397386314162627,6.191550205108247
1636121903990,2021-11-05T10:18:23.990,16.95,-0.9337677200432446,-5.102272775692078,6.21023448820629
1636121904000,2021-11-05T10:18:24.000,16.96,-1.2145268834693743,-4.7024337530968605,6.092491216012825
1636121904010,2021-11-05T10:18:24.010,16.97,-1.3901931365166507,-4.166967965673685,5.921231525464625
1636121904020,2021-11-05T10:18:24.020,16.98,-1.5631948431292995,-3.5217905998447403,5.7775999849314115
1636121904030,2021-11-05T10:18:24.030,16.99,-1.8564613897508742,-2.8837153277468652,5.654610016967494
1636121904040,2021-11-05T10:18:24.040,17.0,-2.1240098317926526,-2.3308641799421457,5.523734338971555
1636121904050,2021-11-05T10:18:24.050,17.01,-2.2114865588951163,-1.7971402376196965,5.415658093796216
1636121904060,2021-11-05T10:18:24.060,17.02,-2.313625640475781,-1.2165099248114188,5.378417541337681
1636121904070,2021-11-05T10:18:24.070,17.03,-2.6943187443977816,-0.7064178753345415,5.423428392571221
1636121904080,2021-11-05T10:18:24.080,17.04,-3.230226218350719,-0.4410974692757682,5.524918528038203
1636121904090,2021-11-05T10:18:24.090,17.05,-3.56825162929245,-0.41458123273590347,5.612849879394467
1636121904100,2021-11-05T10:18:24.100,17.06,-3.5989244025974787,-0.4824337346944918,5.602446776353012
1636121904110,2021-11-05T10:18:24.110,17.07,-3.5173173480057383,-0.5501029360054477,5.483677452430497
1636121904120,2021-11-05T10:18:24.120,17.08,-3.5201368914294404,-0.6118480987497699,5.32069684962952
1636121904130,2021-11-05T10:18:24.130,17.09,-3.6038153473353787,-0.6940856974804074,5.156286850246527
1636121904140,2021-11-05T10:18:24.140,17.1,-3.567131212819925,-0.8271284960118322,5.009219201032435
1636121904150,2021-11-05T10:18:24.150,17.11,-3.1980418521025875,-1.023200176649684,4.899383118584538
1636121904160,2021-11-05T10:18:24.160,17.12,-2.6126742104199145,-1.259456520365561,4.743401132443324
1636121904170,2021-11-05T10:18:24.170,17.13,-2.2483854687671165,-1.480014462849694,4.3628363093075375
1636121904180,2021-11-05T10:18:24.180,17.14,-2.2641934944865447,-1.605909947913044,3.7406174845556706
1636121904190,2021-11-05T10:18:24.190,17.15,-2.2947895971359022,-1.5767240789352432,3.0694969806335504
1636121904200,2021-11-05T10:18:24.200,17.16,-2.1196776305375753,-1.3951591807824868,2.4349307587458906
1636121904210,2021-11-05T10:18:24.210,17.17,-2.0246637164661703,-1.1077177322772758,1.7162437197947025
1636121904220,2021-11-05T10:18:24.220,17.18,-2.1759697221185546,-0.7746913960192399,0.8791129739734677
1636121904230,2021-11-05T10:18:24.230,17.19,-2.3440972289368966,-0.4684927289768512,0.07296945830463553
1636121904240,2021-11-05T10:18:24.240,17.2,-2.4578698506071763,-0.22079755354829056,-0.6091663824110722
1636121904250,2021-11-05T10:18:24.250,17.21,-2.6320437906073586,0.023328897360078378,-1.2105241590713254
1636121904260,2021-11-05T10:18:24.260,17.22,-2.654854369844709,0.30673743861392444,-1.756380865069219
1636121904270,2021-11-05T10:18:24.270,17.23,-2.2812177416415036,0.561582396760318,-2.2127524237548233
1636121904280,2021-11-05T10:18:24.280,17.24,-1.7976495503468817,0.7040030552483285,-2.5274779009156343
1636121904290,2021-11-05T10:18:24.290,17.25,-1.5376971965851671,0.7465710621578502,-2.6039973647097368
1636121904300,2021-11-05T10:18:24.300,17.26,-1.2841622443154599,0.736302723890138,-2.408063481769064
1636121904310,2021-11-05T10:18:24.310,17.27,-0.8074175291023462,0.6998723156916392,-2.173447087787745
1636121904320,2021-11-05T10:18:24.320,17.28,-0.4630287302117514,0.7251556682740545,-2.2606283308481414
1636121904330,2021-11-05T10:18:24.330,17.29,-0.6698583588553386,0.9677155328556255,-2.748887831543351
1636121904340,2021-11-05T10:18:24.340,17.3,-1.1873244407077799,1.518334127586541,-3.410487938504805
1636121904350,2021-11-05T10:18:24.350,17.31,-1.4074862879691352,2.3655757640037827,-4.100758998861547
1636121904360,2021-11-05T10:18:24.360,17.32,-1.2161454491997468,3.464798290310629,-4.901635637172919
1636121904370,2021-11-05T10:18:24.370,17.33,-1.1083537803187709,4.710003381600693,-5.849326557426403
1636121904380,2021-11-05T10:18:24.380,17.34,-1.3518528091850759,5.896504657080737,-6.771047707234402
1636121904390,2021-11-05T10:18:24.390,17.35,-1.5306150851509963,6.859931680328444,-7.4809713575329315
1636121904400,2021-11-05T10:18:24.400,17.36,-1.2476109597028795,7.596766283711555,-7.993392255508296
1636121904410,2021-11-05T10:18:24.410,17.37,-0.7780803817799469,8.154470875701406,-8.451761146721786
1636121904420,2021-11-05T10:18:24.420,17.38,-0.5632223986262701,8.511849743042644,-8.914014613637246
1636121904430,2021-11-05T10:18:24.430,17.39,-0.5063788139008883,8.66230523924196,-9.297360884747498
1636121904440,2021-11-05T10:18:24.440,17.4,-0.2576505150269939,8.703459467796355,-9.527349563108908
1636121904450,2021-11-05T10:18:24.450,17.41,0.16543633241089012,8.741536789262781,-9.656279232458184
1636121904460,2021-11-05T10:18:24.460,17.42,0.4953615822953431,8.767479947967729,-9.792771815079474
1636121904470,2021-11-05T10:18:24.470,17.43,0.6892720891487235,8.695209701026357,-9.970966218977708
1636121904480,2021-11-05T10:18:24.480,17.44,0.8826209476694612,8.485202302285167,-10.136654702137836
1636121904490,2021-11-05T10:18:24.490,17.45,1.0642077067951186,8.188642470064337,-10.218293217243716
1636121904500,2021-11-05T10:18:24.500,17.46,1.1660353546881599,7.900856212308911,-10.174197053956659
1636121904510,2021-11-05T10:18:24.510,17.47,1.295752606316989,7.692887007841511,-10.02749829285036
1636121904520,2021-11-05T10:18:24.520,17.48,1.5344514152807984,7.549079309301435,-9.906471822633865
1636121904530,2021-11-05T10:18:24.530,17.49,1.7231265270832823,7.376085339573785,-9.988674080559875
1636121904540,2021-11-05T10:18:24.540,17.5,1.7710260661339483,7.140443324061607,-10.333228421817171
1636121904550,2021-11-05T10:18:24.550,17.51,1.8790368137378919,6.96351154895865,-10.815936742458403
1636121904560,2021-11-05T10:18:24.560,17.52,2.143907004132302,6.9722358553537,-11.271855073145868
1636121904570,2021-11-05T10:18:24.570,17.53,2.29236542808184,7.106234026539569,-11.611638805814462
1636121904580,2021-11-05T10:18:24.580,17.54,2.1181546244967038,7.203058618861752,-11.778627701039674
1636121904590,2021-11-05T10:18:24.590,17.55,1.8424166322186766,7.211683409713348,-11.748025427910028
1636121904600,2021-11-05T10:18:24.600,17.56,1.7685538496128521,7.193145413922583,-11.606913174924632
1636121904610,2021-11-05T10:18:24.610,17.57,1.8643432956902193,7.181856695468845,-11.49829428760162
1636121904620,2021-11-05T10:18:24.620,17.58,1.885420156678709,7.163161598788768,-11.490862519672435
1636121904630,2021-11-05T10:18:24.630,17.59,1.719355580110409,7.1387576966249,-11.598908349676815
1636121904640,2021-11-05T10:18:24.640,17.6,1.4932049521911814,7.141025368842533,-11.833401378941666
1636121904650,2021-11-05T10:18:24.650,17.61,1.3929111503498526,7.193709493861482,-12.137618549895855
1636121904660,2021-11-05T10:18:24.660,17.62,1.4004671810951725,7.263945765427108,-12.407595429808966
1636121904670,2021-11-05T10:18:24.670,17.63,1.3220943889987042,7.274489834275287,-12.64266673145534
1636121904680,2021-11-05T10:18:24.680,17.64,1.1364089523727878,7.209165478206281,-12.926540118586932
1636121904690,2021-11-05T10:18:24.690,17.65,1.0689117984339624,7.152631956278662,-13.251267161182133
1636121904700,2021-11-05T10:18:24.700,17.66,1.1901067077878522,7.1657077299492755,-13.533513909306429
1636121904710,2021-11-05T10:18:24.710,17.67,1.2464391477602104,7.2073364394547,-13.777543719047557
1636121904720,2021-11-05T10:18:24.720,17.68,1.0762324700810728,7.227084499643462,-14.047258972909827
1636121904730,2021-11-05T10:18:24.730,17.69,0.8937133762074332,7.239281474101094,-14.324454869087553
1636121904740,2021-11-05T10:18:24.740,17.7,0.9397065216102115,7.2923520208041595,-14.54069588854242
1636121904750,2021-11-05T10:18:24.750,17.71,1.1133072964601556,7.442052221621779,-14.691187323169183
1636121904760,2021-11-05T10:18:24.760,17.72,1.1964256292275022,7.7168312677898285,-14.822666672924813
1636121904770,2021-11-05T10:18:24.770,17.73,1.2183882956632273,8.04907360952598,-14.97224836859359
1636121904780,2021-11-05T10:18:24.780,17.74,1.3122584740077583,8.316479443064143,-15.171176119272836
1636121904790,2021-11-05T10:18:24.790,17.75,1.4022245854807187,8.495845308216305,-15.456577750517518
1636121904800,2021-11-05T10:18:24.800,17.76,1.3642013877920345,8.68230072104689,-15.832421915112171
1636121904810,2021-11-05T10:18:24.810,17.77,1.3194175040604583,8.929743719061959,-16.23309855657769
1636121904820,2021-11-05T10:18:24.820,17.78,1.4137948575450419,9.164622288225964,-16.57713426476019
1636121904830,2021-11-05T10:18:24.830,17.79,1.4977416251813267,9.26358114588271,-16.858580094478548
1636121904840,2021-11-05T10:18:24.840,17.8,1.3794602066270545,9.14950259384727,-17.115558025228513
1636121904850,2021-11-05T10:18:24.850,17.81,1.1946277021363727,8.8528099940626,-17.329792763844992
1636121904860,2021-11-05T10:18:24.860,17.82,1.2080622256429265,8.532618253675203,-17.467699157374895
1636121904870,2021-11-05T10:18:24.870,17.83,1.428823184908023,8.353986326623545,-17.590340085252553
1636121904880,2021-11-05T10:18:24.880,17.84,1.6522714817236437,8.297227835647577,-17.806243603807317
1636121904890,2021-11-05T10:18:24.890,17.85,1.733338061782033,8.187552796803777,-18.147420007546508
1636121904900,2021-11-05T10:18:24.900,17.86,1.702693905796984,7.938411488275288,-18.57335033099666
1636121904910,2021-11-05T10:18:24.910,17.87,1.7358647769559847,7.655207527232801,-19.053181625555467
1636121904920,2021-11-05T10:18:24.920,17.88,1.9807928157401136,7.477172164639439,-19.594358571787048
1636121904930,2021-11-05T10:18:24.930,17.89,2.318336901839952,7.421604515658256,-20.22561251444984
1636121904940,2021-11-05T10:18:24.940,17.9,2.500296813137018,7.419473226831116,-20.952117650674683
1636121904950,2021-11-05T10:18:24.950,17.91,2.592751212885331,7.422054516945524,-21.700197041413638
1636121904960,2021-11-05T10:18:24.960,17.92,2.8612497360400417,7.427946592021186,-22.388745324572305
1636121904970,2021-11-05T10:18:24.970,17.93,3.171342670202927,7.465781197086232,-23.124747226407635
1636121904980,2021-11-05T10:18:24.980,17.94,3.1406169062286624,7.586379891706432,-24.139838929771276
1636121904990,2021-11-05T10:18:24.990,17.95,2.939581038482179,7.8242289518003485,-25.31048490715463
1636121905000,2021-11-05T10:18:25.000,17.96,3.1614748170829383,8.157874389560625,-25.990669076459504
1636121905010,2021-11-05T10:18:25.010,17.97,3.8379448380527945,8.548211481957576,-25.782894644478375
1636121905020,2021-11-05T10:18:25.020,17.98,4.397960936431227,8.980980435772949,-25.251548188736272
1636121905030,2021-11-05T10:18:25.030,17.99,4.592270973098911,9.425355786438708,-25.242305825867064
1636121905040,2021-11-05T10:18:25.040,18.0,4.665381657851828,9.80952708489329,-25.73992147395107
1636121905050,2021-11-05T10:18:25.050,18.01,4.740213918620585,10.083920781395213,-26.11239979071984
1636121905060,2021-11-05T10:18:25.060,18.02,4.755291930742223,10.26702847360578,-26.180529952496087
1636121905070,2021-11-05T10:18:25.070,18.03,4.78775349170123,10.418355423043826,-26.319943779786087
1636121905080,2021-11-05T10:18:25.080,18.04,4.898931349848789,10.585308785463322,-26.750610795960874
1636121905090,2021-11-05T10:18:25.090,18.05,4.961277376118631,10.757315499793744,-27.29573720489502
1636121905100,2021-11-05T10:18:25.100,18.06,4.913974110703233,10.884220501979506,-27.722609066680928
1636121905110,2021-11-05T10:18:25.110,18.07,4.828526845174862,10.95328847845359,-27.998608510023143
1636121905120,2021-11-05T10:18:25.120,18.08,4.688173917441786,10.981107073764386,-28.223721490335144
1636121905130,2021-11-05T10:18:25.130,18.09,4.4686707930663125,10.933506190573047,-28.43535985277542
1636121905140,2021-11-05T10:18:25.140,18.1,4.311527576329107,10.770195488601688,-28.568231322751007
1636121905150,2021-11-05T10:18:25.150,18.11,4.3287220803674655,10.560652826342942,-28.623962351153104
1636121905160,2021-11-05T10:18:25.160,18.12,4.4391245207225944,10.437012541332843,-28.73759634861838
1636121905170,2021-11-05T10:18:25.170,18.13,4.531143681572457,10.448172109184556,-28.998261730377127
1636121905180,2021-11-05T10:18:25.180,18.14,4.545110217358036,10.548608364744169,-29.35276670103171
1636121905190,2021-11-05T10:18:25.190,18.15,4.429723037775926,10.688459007565179,-29.73126596801968
1636121905200,2021-11-05T10:18:25.200,18.16,4.2635280245823655,10.834236651944146,-30.106368019953287
1636121905210,2021-11-05T10:18:25.210,18.17,4.264937892772298,10.949785920512554,-30.428947450894533
1636121905220,2021-11-05T10:18:25.220,18.18,4.483868405210768,11.040146269494322,-30.666690878461267
1636121905230,2021-11-05T10:18:25.230,18.19,4.705629921607562,11.17817414985859,-30.882859040320117
1636121905240,2021-11-05T10:18:25.240,18.2,4.786946416196756,11.413158989587586,-31.153344636595904
1636121905250,2021-11-05T10:18:25.250,18.21,4.8354572270342935,11.690018386428534,-31.460640167692688
1636121905260,2021-11-05T10:18:25.260,18.22,4.966362520024907,11.927844286294071,-31.772410779106117
1636121905270,2021-11-05T10:18:25.270,18.23,5.119963743805129,12.130007253957325,-32.14464154781629
1636121905280,2021-11-05T10:18:25.280,18.24,5.223967040239622,12.343872637832781,-32.627161179368834
1636121905290,2021-11-05T10:18:25.290,18.25,5.359245197349665,12.555840968562723,-33.12512363150956
1636121905300,2021-11-05T10:18:25.300,18.26,5.642491342256168,12.69645360452176,-33.468585277618054
1636121905310,2021-11-05T10:18:25.310,18.27,6.041612271654875,12.730876139316209,-33.601353171551644
1636121905320,2021-11-05T10:18:25.320,18.28,6.394594692796749,12.678900887918246,-33.62807351117948
1636121905330,2021-11-05T10:18:25.330,18.29,6.521021172452106,12.504969872411458,-33.67168004428885
1636121905340,2021-11-05T10:18:25.340,18.3,6.2824163232793495,12.036612297186029,-33.72828461658027
1636121905350,2021-11-05T10:18:25.350,18.31,5.738392364642339,11.118728050988206,-33.67411584427989
1636121905360,2021-11-05T10:18:25.360,18.32,5.290212628640686,9.877991185513787,-33.36821236692307
1636121905370,2021-11-05T10:18:25.370,18.33,5.307324633019912,8.698228091856777,-32.74352386789851
1636121905380,2021-11-05T10:18:25.380,18.34,5.463440838974388,7.848322614639563,-31.877612787047745
1636121905390,2021-11-05T10:18:25.390,18.35,4.864083866857694,7.215655985187677,-30.966720308091958
1636121905400,2021-11-05T10:18:25.400,18.36,3.1158208148552893,6.4567693470142,-30.109072159429715
1636121905410,2021-11-05T10:18:25.410,18.37,0.9695908844780472,5.285113234134353,-29.11623352178774
1636121905420,2021-11-05T10:18:25.420,18.38,-0.4641325207372304,3.499404980539863,-27.67563030442635
1636121905430,2021-11-05T10:18:25.430,18.39,-1.019751586462127,0.8684765354549158,-25.691730540026253
1636121905440,2021-11-05T10:18:25.440,18.4,-1.4983094568978121,-2.749855503530129,-23.28070653339853
1636121905450,2021-11-05T10:18:25.450,18.41,-2.29024855077063,-7.113187566085729,-20.414568708083504
1636121905460,2021-11-05T10:18:25.460,18.42,-2.720468382714561,-11.573363607869542,-16.873377040749144
1636121905470,2021-11-05T10:18:25.470,18.43,-2.3006256311163495,-15.493611687282275,-12.723797336852748
1636121905480,2021-11-05T10:18:25.480,18.44,-1.878211942102015,-18.717749433350658,-8.535434100336467
1636121905490,2021-11-05T10:18:25.490,18.45,-2.5774229547121377,-21.60251005329421,-4.784456515066996
1636121905500,2021-11-05T10:18:25.500,18.46,-4.115163624925794,-24.61459182772382,-1.2309211172998338
1636121905510,2021-11-05T10:18:25.510,18.47,-5.356567708715573,-28.013681618888363,2.757619266928321
1636121905520,2021-11-05T10:18:25.520,18.48,-6.203017620451261,-31.915689544559733,7.407528789737623
1636121905530,2021-11-05T10:18:25.530,18.49,-7.46610650991659,-36.357547643598046,12.476162408605674
1636121905540,2021-11-05T10:18:25.540,18.5,-9.002472795537738,-41.11208602454922,17.887408626606177
1636121905550,2021-11-05T10:18:25.550,18.51,-9.738865007636939,-45.6947591757441,23.8428271621091
1636121905560,2021-11-05T10:18:25.560,18.52,-9.653657482949535,-49.713094643323146,30.18588670068945
1636121905570,2021-11-05T10:18:25.570,18.53,-9.779274405344442,-52.95396489811847,36.28111408510129
1636121905580,2021-11-05T10:18:25.580,18.54,-10.091771271985753,-55.11907299755451,41.76069231810449
1636121905590,2021-11-05T10:18:25.590,18.55,-9.585964688453554,-55.90161191013388,46.805183932262935
1636121905600,2021-11-05T10:18:25.600,18.56,-8.552165518752025,-55.398991170906385,51.556030168323105
1636121905610,2021-11-05T10:18:25.610,18.57,-8.446583696190611,-54.102709288597346,55.95792072699756
1636121905620,2021-11-05T10:18:25.620,18.58,-9.480323030557342,-52.47757148762145,60.294252867139534
1636121905630,2021-11-05T10:18:25.630,18.59,-10.60052248587937,-50.84077061260152,65.14132367032305
1636121905640,2021-11-05T10:18:25.640,18.6,-11.659883962453563,-49.534876898961244,70.6320472725395
1636121905650,2021-11-05T10:18:25.650,18.61,-13.290821090693697,-48.780770876683434,76.26878169739024
1636121905660,2021-11-05T10:18:25.660,18.62,-14.755434809353602,-48.26685556064899,81.4185310255872
1636121905670,2021-11-05T10:18:25.670,18.63,-14.172992845265995,-47.18568486949174,85.58775577143365
1636121905680,2021-11-05T10:18:25.680,18.64,-11.137080687676981,-44.908914729025284,88.48464875993402
1636121905690,2021-11-05T10:18:25.690,18.65,-7.459899662936284,-41.6142661957923,90.3388099972282
1636121905700,2021-11-05T10:18:25.700,18.66,-5.083476145770953,-38.140609808946934,91.98232568557452
1636121905710,2021-11-05T10:18:25.710,18.67,-4.240944060619681,-35.20430653338124,94.23029906077
1636121905720,2021-11-05T10:18:25.720,18.68,-3.6647744778194733,-32.8823375408713,97.28744588972165
1636121905730,2021-11-05T10:18:25.730,18.69,-2.1259258167123694,-30.85881053769165,100.71697014813863
1636121905740,2021-11-05T10:18:25.740,18.7,0.18143279317495886,-28.814078230849205,103.4989298822542
1636121905750,2021-11-05T10:18:25.750,18.71,1.9547281525523619,-26.362599354831914,104.21635057946708
1636121905760,2021-11-05T10:18:25.760,18.72,2.555318009529686,-23.038724117823214,101.96230577276233
1636121905770,2021-11-05T10:18:25.770,18.73,2.6481277305125257,-18.76813316522363,97.24940491259453
1636121905780,2021-11-05T10:18:25.780,18.74,2.842543271974847,-14.118334440641956,91.60467133112797
1636121905790,2021-11-05T10:18:25.790,18.75,2.8586080116245682,-9.803082471851098,86.31339437808396
1636121905800,2021-11-05T10:18:25.800,18.76,2.3695522961033104,-6.187538482750512,81.78456294517555
1636121905810,2021-11-05T10:18:25.810,18.77,1.4252797187074198,-3.4356881901249334,77.73280318676377
1636121905820,2021-11-05T10:18:25.820,18.78,-0.15212512572573067,-1.7219678009222434,73.53165831963642
1636121905830,2021-11-05T10:18:25.830,18.79,-2.4254237978935715,-0.9405640767893,68.63890807354706
1636121905840,2021-11-05T10:18:25.840,18.8,-4.402347498150149,-0.4654814481385544,63.036223061331604
1636121905850,2021-11-05T10:18:25.850,18.81,-4.986523841620543,0.4127840750414564,57.18723127618195
1636121905860,2021-11-05T10:18:25.860,18.82,-4.751782249124711,1.8579234103320548,51.543092485962866
1636121905870,2021-11-05T10:18:25.870,18.83,-5.19861566062805,3.486805496440751,46.29166600486417
1636121905880,2021-11-05T10:18:25.880,18.84,-6.533232197643166,4.896364563109099,41.51085352998852
1636121905890,2021-11-05T10:18:25.890,18.85,-7.693478628146023,6.00584229423845,37.26486425046332
1636121905900,2021-11-05T10:18:25.900,18.86,-8.156066481730502,6.945953357409966,33.57730567401085
1636121905910,2021-11-05T10:18:25.910,18.87,-8.35941806537462,7.796897225662308,30.530835353684793
1636121905920,2021-11-05T10:18:25.920,18.88,-8.719544283858784,8.476182718566408,28.335382098294303
1636121905930,2021-11-05T10:18:25.930,18.89,-9.29735875290079,8.809768189468995,27.10857636296872
1636121905940,2021-11-05T10:18:25.940,18.9,-10.135518686456033,8.66436454759123,26.643525312288162
1636121905950,2021-11-05T10:18:25.950,18.91,-11.014089759705575,8.029410112603141,26.563050971997463
1636121905960,2021-11-05T10:18:25.960,18.92,-11.057670821587767,7.054845287989075,26.61561868806706
1636121905970,2021-11-05T10:18:25.970,18.93,-9.629177785617596,6.074929598926531,26.603529168361476
1636121905980,2021-11-05T10:18:25.980,18.94,-7.679184368692048,5.504085840671658,26.173883726999932
1636121905990,2021-11-05T10:18:25.990,18.95,-6.943791450162513,5.545345346636893,25.06483521823669
1636121906000,2021-11-05T10:18:26.000,18.96,-7.520933744998246,6.00417473714317,23.501147611249554
1636121906010,2021-11-05T10:18:26.010,18.97,-7.684735024229075,6.503878831931789,21.967629960096104
1636121906020,2021-11-05T10:18:26.020,18.98,-6.435236627140864,6.852866594972863,20.668131104769653
1636121906030,2021-11-05T10:18:26.030,18.99,-4.632482269733428,7.082348065419636,19.622209781332558
1636121906040,2021-11-05T10:18:26.040,19.0,-3.314987110884306,7.190103813831794,19.121659555148618
1636121906050,2021-11-05T10:18:26.050,19.01,-2.640871673934707,7.073981598054864,19.427151887613036
1636121906060,2021-11-05T10:18:26.060,19.02,-2.7353044931198527,6.7982414732463265,20.08577796791026
1636121906070,2021-11-05T10:18:26.070,19.03,-3.639000131298971,6.723136569208469,20.36823555238623
1636121906080,2021-11-05T10:18:26.080,19.04,-4.127285384764136,7.1421139916517475,20.37150378791733
1636121906090,2021-11-05T10:18:26.090,19.05,-2.71455037449298,7.851369281938547,20.733902759514447
1636121906100,2021-11-05T10:18:26.100,19.06,-0.20304715727963585,8.309751872483357,21.260080285937384
1636121906110,2021-11-05T10:18:26.110,19.07,0.9524367182199782,8.24198161348542,20.968092884557027
1636121906120,2021-11-05T10:18:26.120,19.08,0.1669368568205859,7.904299502485799,19.672844794186574
1636121906130,2021-11-05T10:18:26.130,19.09,-0.4871735811293397,7.757833437390495,18.45178133974691
1636121906140,2021-11-05T10:18:26.140,19.1,0.6849732348473595,8.055024669825801,18.22008711804451
1636121906150,2021-11-05T10:18:26.150,19.11,3.01461406414377,8.697623303881386,18.618753598503368
1636121906160,2021-11-05T10:18:26.160,19.12,4.834777547458339,9.299641986885902,18.587996864365582
1636121906170,2021-11-05T10:18:26.170,19.13,5.436107492310686,9.50126113314191,17.50500645921881
1636121906180,2021-11-05T10:18:26.180,19.14,5.299778739734959,9.46414707583515,15.536600064794225
1636121906190,2021-11-05T10:18:26.190,19.15,5.217017364744366,9.810962394483937,13.225532553409773
1636121906200,2021-11-05T10:18:26.200,19.16,5.5265918980709685,10.681107003848172,10.99843899182929
1636121906210,2021-11-05T10:18:26.210,19.17,5.997124088367287,11.273822731794233,9.041679928239455
1636121906220,2021-11-05T10:18:26.220,19.18,6.278224252244085,10.986041533183215,7.4472192006740645
1636121906230,2021-11-05T10:18:26.230,19.19,6.283949655368307,10.376391764052428,6.193291330749731
1636121906240,2021-11-05T10:18:26.240,19.2,6.186061978342636,10.10770917192052,4.985568401185469
1636121906250,2021-11-05T10:18:26.250,19.21,6.310050402217038,9.799345531487955,3.4789052279783577
1636121906260,2021-11-05T10:18:26.260,19.22,6.833777995370404,8.960916467511232,1.7426661089339113
1636121906270,2021-11-05T10:18:26.270,19.23,7.482527110761911,8.114281129782201,0.2756701401125721
1636121906280,2021-11-05T10:18:26.280,19.24,8.13559693068584,8.007841939155751,-0.3671559329739907
1636121906290,2021-11-05T10:18:26.290,19.25,9.30127093833583,8.481228131123991,0.0880640233644795
1636121906300,2021-11-05T10:18:26.300,19.26,10.716994203458569,8.826398532349408,1.2144579688859367
1636121906310,2021-11-05T10:18:26.310,19.27,10.606501612774622,8.75177623974725,1.800137768424421
1636121906320,2021-11-05T10:18:26.320,19.28,8.30016945981776,8.481937859497048,1.0322207193806983
1636121906330,2021-11-05T10:18:26.330,19.29,6.111407797185249,8.205754155812453,-0.23379911899430666
1636121906340,2021-11-05T10:18:26.340,19.3,6.3865283100912285,7.847255552313375,-0.6459255704757054
1636121906350,2021-11-05T10:18:26.350,19.31,8.175147750624777,7.29964681312377,-0.6803116626643417
1636121906360,2021-11-05T10:18:26.360,19.32,8.92871467734265,6.624148077486599,-1.7363921075485742
1636121906370,2021-11-05T10:18:26.370,19.33,8.245190749360967,6.079283125879709,-2.9689737543766643
1636121906380,2021-11-05T10:18:26.380,19.34,7.873529105481907,6.089343170811567,-2.1527005710921734
1636121906390,2021-11-05T10:18:26.390,19.35,8.610743679302423,6.944214225782049,0.08244788323359475
1636121906400,2021-11-05T10:18:26.400,19.36,9.209990807672778,8.282594621419985,0.8049238554337503
1636121906410,2021-11-05T10:18:26.410,19.37,8.657249358345297,9.142597703498648,-0.23022821524077014
1636121906420,2021-11-05T10:18:26.420,19.38,7.747932624530743,8.829780949383931,-0.2992201555608199
1636121906430,2021-11-05T10:18:26.430,19.39,7.574513080605733,7.524267877047992,1.7600720987176097
1636121906440,2021-11-05T10:18:26.440,19.4,8.008255447532639,5.912878909879076,4.386305463512006
1636121906450,2021-11-05T10:18:26.450,19.41,8.512992544702682,4.6130739172899995,6.0669159356054605
1636121906460,2021-11-05T10:18:26.460,19.42,9.056003491430744,4.038195076680792,6.67797969341995
1636121906470,2021-11-05T10:18:26.470,19.43,9.514944138683115,4.323338682615555,6.710881421164368
1636121906480,2021-11-05T10:18:26.480,19.44,9.234728267854187,5.205861209292911,6.558411801923577
1636121906490,2021-11-05T10:18:26.490,19.45,8.067992665871774,6.275474191942534,6.3360837710217375
1636121906500,2021-11-05T10:18:26.500,19.46,7.483311812289173,7.319880361323259,6.130965404223078
1636121906510,2021-11-05T10:18:26.510,19.47,9.068197035627751,8.196576849485854,6.223561777324068
1636121906520,2021-11-05T10:18:26.520,19.48,11.590578744371035,8.653687645813234,6.690368043636383
1636121906530,2021-11-05T10:18:26.530,19.49,11.97894694654901,8.684978556670597,7.214586594761631
1636121906540,2021-11-05T10:18:26.540,19.5,9.758769016415691,8.771106048489749,7.598754101715185
1636121906550,2021-11-05T10:18:26.550,19.51,7.318661768910487,9.322445146226137,7.76491373461818
1636121906560,2021-11-05T10:18:26.560,19.52,5.7670454903437935,10.165031758447315,7.364430552400135
1636121906570,2021-11-05T10:18:26.570,19.53,4.561048137414261,10.976749407507315,6.426966116787723
1636121906580,2021-11-05T10:18:26.580,19.54,4.850231765925777,11.892079935531957,5.954441996944929
1636121906590,2021-11-05T10:18:26.590,19.55,8.62029615409056,13.225699842496017,6.70873919922923
1636121906600,2021-11-05T10:18:26.600,19.56,14.526277067558624,14.763197474055843,8.004038896045905
1636121906610,2021-11-05T10:18:26.610,19.57,18.486592388298313,15.674608123990117,8.633982471237228
1636121906620,2021-11-05T10:18:26.620,19.58,18.529910176528322,15.354149230974965,8.153734204750286
1636121906630,2021-11-05T10:18:26.630,19.59,16.21911390416655,14.426937345597832,6.542084875137078
1636121906640,2021-11-05T10:18:26.640,19.6,13.727124255316031,14.359737247349006,3.737558411869885
1636121906650,2021-11-05T10:18:26.650,19.61,11.886538038774496,15.480545392323112,0.2997555553242973
1636121906660,2021-11-05T10:18:26.660,19.62,10.398075712340455,16.230318812837034,-2.449517903823759
1636121906670,2021-11-05T10:18:26.670,19.63,8.35063038197052,15.372371623008586,-3.6013001499202906
1636121906680,2021-11-05T10:18:26.680,19.64,5.538207210601133,13.939724904772794,-3.3906192937193413
1636121906690,2021-11-05T10:18:26.690,19.65,3.4797550224594063,13.761553019616585,-2.678231483557451
1636121906700,2021-11-05T10:18:26.700,19.66,3.4446577997892165,14.853153363728612,-2.2655537020337873
1636121906710,2021-11-05T10:18:26.710,19.67,4.276665156492998,15.527640779086479,-2.484784715873819
1636121906720,2021-11-05T10:18:26.720,19.68,4.017519448176742,14.838644137934338,-2.8707613085265016
1636121906730,2021-11-05T10:18:26.730,19.69,2.235179433803273,13.689935486226215,-2.437868664798216
1636121906740,2021-11-05T10:18:26.740,19.7,-0.617394436617491,13.164017211827849,-0.8098055368884043
1636121906750,2021-11-05T10:18:26.750,19.71,-4.2859695157871975,12.884504142664941,0.9670952716621367
1636121906760,2021-11-05T10:18:26.760,19.72,-8.186127931784515,11.773419040670921,1.2474981733861403
1636121906770,2021-11-05T10:18:26.770,19.73,-11.3238818468135,9.51906415980106,-0.418603984954396
1636121906780,2021-11-05T10:18:26.780,19.74,-13.149258846402505,6.61767171203228,-2.8220904873927557
1636121906790,2021-11-05T10:18:26.790,19.75,-13.596703044957241,3.736443157740159,-4.670435318452192
1636121906800,2021-11-05T10:18:26.800,19.76,-12.741711187427043,1.5570145209665518,-6.074493288109824
1636121906810,2021-11-05T10:18:26.810,19.77,-11.273331345666676,0.6010195606936717,-8.127563577984864
1636121906820,2021-11-05T10:18:26.820,19.78,-10.535724816721725,0.784667599279318,-11.497743230701408
1636121906830,2021-11-05T10:18:26.830,19.79,-11.200668441664984,1.5189389722931297,-15.890015880297202
1636121906840,2021-11-05T10:18:26.840,19.8,-12.549816420293766,2.360325535404158,-20.635335089461947
1636121906850,2021-11-05T10:18:26.850,19.81,-13.7208803874517,3.2039647237736326,-25.26928533684613
1636121906860,2021-11-05T10:18:26.860,19.82,-14.871569459251441,3.877278426108529,-29.451286728118056
1636121906870,2021-11-05T10:18:26.870,19.83,-16.362021158212784,4.010230115722479,-32.79786890361215
1636121906880,2021-11-05T10:18:26.880,19.84,-17.506283832232604,3.4649567693551444,-35.1559163123416
1636121906890,2021-11-05T10:18:26.890,19.85,-17.19208179185088,2.6216496759119527,-36.86067638233435
1636121906900,2021-11-05T10:18:26.900,19.86,-15.65061165334399,2.027827923303142,-38.5433699150789
1636121906910,2021-11-05T10:18:26.910,19.87,-14.63740931204813,1.8692279011027837,-40.73568726031769
1636121906920,2021-11-05T10:18:26.920,19.88,-15.289699944229968,1.9272828208881687,-43.4157077829779
1636121906930,2021-11-05T10:18:26.930,19.89,-16.5383172239304,1.9272267650410932,-45.69909967024543
1636121906940,2021-11-05T10:18:26.940,19.9,-16.689711549114953,1.7431919156511348,-46.46306997884963
1636121906950,2021-11-05T10:18:26.950,19.91,-15.92066915529902,1.3576107177487402,-45.663530332594746
1636121906960,2021-11-05T10:18:26.960,19.92,-15.671801727596907,0.8566380003885441,-44.49329189758767
1636121906970,2021-11-05T10:18:26.970,19.93,-16.04802576516562,0.5258206235809055,-43.95503369150366
1636121906980,2021-11-05T10:18:26.980,19.94,-15.657181347923046,0.740772536844928,-43.93947999797482
1636121906990,2021-11-05T10:18:26.990,19.95,-14.083167078429002,1.5149709093041699,-43.892593707801886
1636121907000,2021-11-05T10:18:27.000,19.96,-12.949261596352803,2.2846046348738778,-43.60043536359575
1636121907010,2021-11-05T10:18:27.010,19.97,-13.842235471667177,2.494043345135096,-43.01012442932962
1636121907020,2021-11-05T10:18:27.020,19.98,-15.938317956290526,2.2804091155934296,-41.94195359716656
1636121907030,2021-11-05T10:18:27.030,19.99,-16.666476930774174,2.1635632993995477,-40.459157025300485
1636121907040,2021-11-05T10:18:27.040,20.0,-14.820528986581014,2.2058802148041075,-39.240910182092136
1636121907050,2021-11-05T10:18:27.050,20.01,-12.003710894607085,1.9653242041198922,-39.189644705858555
1636121907060,2021-11-05T10:18:27.060,20.02,-10.236303766306472,1.17383434396715,-40.66831699243741
1636121907070,2021-11-05T10:18:27.070,20.03,-9.25226798253181,-0.011839449431903598,-43.21520306511384
1636121907080,2021-11-05T10:18:27.080,20.04,-7.774670644001779,-1.3939220964213686,-45.84982599641273
1636121907090,2021-11-05T10:18:27.090,20.05,-6.419954663654981,-2.9510181684561454,-47.580184153349265
1636121907100,2021-11-05T10:18:27.100,20.06,-6.7392301309603875,-4.584277004958116,-47.944869152550936
1636121907110,2021-11-05T10:18:27.110,20.07,-8.01951396801388,-5.904729134866437,-47.39144674487746
1636121907120,2021-11-05T10:18:27.120,20.08,-8.168563942805907,-6.472710617478417,-46.97421133114257
1636121907130,2021-11-05T10:18:27.130,20.09,-7.280982712220915,-6.259093595784815,-47.40297001107202
1636121907140,2021-11-05T10:18:27.140,20.1,-7.143877542929483,-5.746231716185693,-48.5529202143296
1636121907150,2021-11-05T10:18:27.150,20.11,-7.996502047735451,-5.441455788931233,-50.11634612163397
1636121907160,2021-11-05T10:18:27.160,20.12,-8.681817815737295,-5.368488592642974,-52.25349630801668
1636121907170,2021-11-05T10:18:27.170,20.13,-8.913763729497703,-5.219602394004543,-55.05530521367558
1636121907180,2021-11-05T10:18:27.180,20.14,-9.172706542708351,-4.889277744614723,-57.84363839597091
1636121907190,2021-11-05T10:18:27.190,20.15,-9.53682602767152,-4.55780414891408,-59.72350556929621
1636121907200,2021-11-05T10:18:27.200,20.16,-9.900378935551913,-4.30690070968687,-60.45042842139589
1636121907210,2021-11-05T10:18:27.210,20.17,-10.205490460123727,-3.988261371121598,-60.167186909299446
1636121907220,2021-11-05T10:18:27.220,20.18,-10.005838015602068,-3.53950049061251,-58.83939946041962
1636121907230,2021-11-05T10:18:27.230,20.19,-8.838847788333387,-3.217932441700958,-56.617314758101465
1636121907240,2021-11-05T10:18:27.240,20.2,-6.998894422675291,-3.4067886813239845,-54.2580728647916
1636121907250,2021-11-05T10:18:27.250,20.21,-5.194342161971488,-4.235245015295063,-52.53160664676244
1636121907260,2021-11-05T10:18:27.260,20.22,-3.715748237475033,-5.4446162070585284,-51.421170989442956
1636121907270,2021-11-05T10:18:27.270,20.23,-2.342406685516341,-6.610652258963052,-50.20806756719453
1636121907280,2021-11-05T10:18:27.280,20.24,-0.7792662299410231,-7.4127974040799876,-48.12693384776791
1636121907290,2021-11-05T10:18:27.290,20.25,0.9759708468361747,-7.716110928297734,-44.83893274467034
1636121907300,2021-11-05T10:18:27.300,20.26,2.6990610809719002,-7.594368745684278,-40.628723122140855
1636121907310,2021-11-05T10:18:27.310,20.27,4.365903372682287,-7.3209970756589415,-36.422383443252315
1636121907320,2021-11-05T10:18:27.320,20.28,6.035238221933753,-7.142432222528276,-33.36092776546203
1636121907330,2021-11-05T10:18:27.330,20.29,7.1191968940894075,-7.0206963647291065,-31.915472670499916
1636121907340,2021-11-05T10:18:27.340,20.3,6.639259956978893,-6.741266519477605,-31.36523254185565
1636121907350,2021-11-05T10:18:27.350,20.31,4.68834410019009,-6.215015198073578,-30.31315508508031
1636121907360,2021-11-05T10:18:27.360,20.32,2.7894873525571793,-5.5115911920663745,-27.66547080385788
1636121907370,2021-11-05T10:18:27.370,20.33,2.2619355724476975,-4.707211670830444,-23.12216173432347
1636121907380,2021-11-05T10:18:27.380,20.34,2.989067212658307,-3.9109967277145365,-17.207988619273006
1636121907390,2021-11-05T10:18:27.390,20.35,4.232833482510214,-3.3423884982202243,-11.354782662745238
1636121907400,2021-11-05T10:18:27.400,20.36,5.603360855884036,-3.1139375554105184,-7.664838094661053
1636121907410,2021-11-05T10:18:27.410,20.37,6.491091528922977,-2.9677061534684093,-7.504970783944264
1636121907420,2021-11-05T10:18:27.420,20.38,5.986034447815406,-2.508799481163432,-9.741744375927617
1636121907430,2021-11-05T10:18:27.430,20.39,4.534012021760741,-1.7076167273152796,-11.129147078007094
1636121907440,2021-11-05T10:18:27.440,20.4,3.8138765717158924,-0.9021797844900584,-9.197970892103674
1636121907450,2021-11-05T10:18:27.450,20.41,3.913858724377172,-0.3243485310550086,-4.16262189530291
1636121907460,2021-11-05T10:18:27.460,20.42,3.509139339900158,0.11342464855863794,2.378845712127264
1636121907470,2021-11-05T10:18:27.470,20.43,3.552451024861959,0.6149076840550349,9.211724125580663
1636121907480,2021-11-05T10:18:27.480,20.44,6.4957808908478825,1.3043865263585182,15.03337461287278
1636121907490,2021-11-05T10:18:27.490,20.45,11.004091628548132,2.173409376751483,17.818107797647627
1636121907500,2021-11-05T10:18:27.500,20.46,12.451297174850243,3.1055026237704797,16.488675181563153
1636121907510,2021-11-05T10:18:27.510,20.47,9.831464431449916,3.996214321578117,12.718367908476978
1636121907520,2021-11-05T10:18:27.520,20.48,7.38907051044195,4.822184062198289,9.706997635525006
1636121907530,2021-11-05T10:18:27.530,20.49,8.236688125140876,5.525286172870446,9.221973254534996
1636121907540,2021-11-05T10:18:27.540,20.5,10.636736310451102,5.928476732041773,10.45072716943445
1636121907550,2021-11-05T10:18:27.550,20.51,11.662377057348426,5.889589604967779,11.285009191207193
1636121907560,2021-11-05T10:18:27.560,20.52,10.972965988633073,5.498385266824132,10.089802460853388
1636121907570,2021-11-05T10:18:27.570,20.53,9.954599522639093,5.003276618713414,6.745076099067036
1636121907580,2021-11-05T10:18:27.580,20.54,9.524266471997361,4.510498696125039,2.6518418467003744
1636121907590,2021-11-05T10:18:27.590,20.55,9.53786988180251,3.844010541997142,-0.4367419943166789
1636121907600,2021-11-05T10:18:27.600,20.56,9.395657051178677,2.7835396323308403,-1.712490066696711
1636121907610,2021-11-05T10:18:27.610,20.57,9.030014962844046,1.389090298590117,-1.2965939557948467
1636121907620,2021-11-05T10:18:27.620,20.58,9.062447647508652,-0.03689367992605963,0.5281845575085271
1636121907630,2021-11-05T10:18:27.630,20.59,9.616557798335911,-1.327514754734476,3.292678966623551
1636121907640,2021-11-05T10:18:27.640,20.6,9.877883158837006,-2.6273845194763443,5.8340900788404575
1636121907650,2021-11-05T10:18:27.650,20.61,9.408572167502735,-4.070592428253992,6.741467079756876
1636121907660,2021-11-05T10:18:27.660,20.62,8.783356947688295,-5.457039280811637,5.586404943160599
1636121907670,2021-11-05T10:18:27.670,20.63,8.527627951148752,-6.487953233591284,3.316196984086346
1636121907680,2021-11-05T10:18:27.680,20.64,8.462846445774456,-7.203245384911785,1.2592923843924058
1636121907690,2021-11-05T10:18:27.690,20.65,8.180378330181227,-7.871660572244261,0.06761817556101657
1636121907700,2021-11-05T10:18:27.700,20.66,7.496938562668641,-8.48817809129785,-0.23247693977807551
1636121907710,2021-11-05T10:18:27.710,20.67,6.715619254738299,-8.726558818511549,0.35444494294783124
1636121907720,2021-11-05T10:18:27.720,20.68,6.5734910386541445,-8.426933651484699,1.8446546116678517
1636121907730,2021-11-05T10:18:27.730,20.69,7.284183399485647,-7.819011297662742,3.8887704757918717
1636121907740,2021-11-05T10:18:27.740,20.7,7.9114133563782145,-7.221761813982018,5.7643567579891455
1636121907750,2021-11-05T10:18:27.750,20.71,7.506847824596243,-6.79406171496228,6.847612463078997
1636121907760,2021-11-05T10:18:27.760,20.72,6.2048479808713015,-6.605788436350499,6.9466766059499285
1636121907770,2021-11-05T10:18:27.770,20.73,4.500579129913814,-6.721242020125494,6.283789357002684
1636121907780,2021-11-05T10:18:27.780,20.74,2.6528777560735923,-7.142775476367088,5.445102088119107
1636121907790,2021-11-05T10:18:27.790,20.75,1.327532229387127,-7.773465024933843,5.197353999959849
1636121907800,2021-11-05T10:18:27.800,20.76,1.2819950548024177,-8.489120175618394,5.918828518514542
1636121907810,2021-11-05T10:18:27.810,20.77,2.142105702080631,-9.233228437926803,7.2853183426819115
1636121907820,2021-11-05T10:18:27.820,20.78,2.881082835553309,-10.00571949111622,8.773995182149283
1636121907830,2021-11-05T10:18:27.830,20.79,3.1676967754555703,-10.743144396369514,10.156320080099185
1636121907840,2021-11-05T10:18:27.840,20.8,3.081107564277259,-11.272828945508401,11.263253062411536
1636121907850,2021-11-05T10:18:27.850,20.81,2.3659680884044034,-11.460537925337968,11.820600623004369
1636121907860,2021-11-05T10:18:27.860,20.82,0.8971918859447602,-11.359777211915253,11.90467128667586
1636121907870,2021-11-05T10:18:27.870,20.83,-0.9905267066355544,-11.131527793744393,12.082121993733892
1636121907880,2021-11-05T10:18:27.880,20.84,-2.7398707009258465,-10.881646299307889,12.719614345769852
1636121907890,2021-11-05T10:18:27.890,20.85,-3.3042350144362653,-10.679351636728429,13.507334270773157
1636121907900,2021-11-05T10:18:27.900,20.86,-1.8210031860237126,-10.629806159831924,13.917484305963018
1636121907910,2021-11-05T10:18:27.910,20.87,0.38634994300052433,-10.770830015786329,13.766342605999508
1636121907920,2021-11-05T10:18:27.920,20.88,0.6457396648456701,-10.971480101533235,13.093472868943604
1636121907930,2021-11-05T10:18:27.930,20.89,-1.1464018501754216,-11.063267187378216,11.916645743699988
1636121907940,2021-11-05T10:18:27.940,20.9,-2.121575529132048,-11.003247220973723,10.436467104544771
1636121907950,2021-11-05T10:18:27.950,20.91,-0.7577292237806461,-10.824578197965321,9.083047499695864
1636121907960,2021-11-05T10:18:27.960,20.92,1.1820471425573524,-10.52876414854417,8.039771918896307
1636121907970,2021-11-05T10:18:27.970,20.93,1.7427461364323635,-10.123876385966131,7.125381252677752
1636121907980,2021-11-05T10:18:27.980,20.94,1.3447016171097383,-9.697539335446113,6.34006580881295
1636121907990,2021-11-05T10:18:27.990,20.95,1.283322667776415,-9.369461525255629,6.016961073554199
1636121908000,2021-11-05T10:18:28.000,20.96,1.5081251913841467,-9.198618579698842,6.2923403477624635
1636121908010,2021-11-05T10:18:28.010,20.97,1.2422228815653555,-9.175589324456094,6.91486176144158
1636121908020,2021-11-05T10:18:28.020,20.98,0.6812403622369443,-9.283501812589918,7.664442994809594
1636121908030,2021-11-05T10:18:28.030,20.99,0.643416867456772,-9.51770197340651,8.600187735522344
1636121908040,2021-11-05T10:18:28.040,21.0,1.1592752422709154,-9.826609009754534,9.828517199224436
1636121908050,2021-11-05T10:18:28.050,21.01,1.5775762674094036,-10.080877710650565,11.161472014220262
1636121908060,2021-11-05T10:18:28.060,21.02,1.550023345237637,-10.163616752722788,12.060808333072583
1636121908070,2021-11-05T10:18:28.070,21.03,1.1283026781331031,-10.079097488275123,12.069277391251545
1636121908080,2021-11-05T10:18:28.080,21.04,0.5499224825933442,-9.923592899247332,11.371539635528116
1636121908090,2021-11-05T10:18:28.090,21.05,0.28839125191604753,-9.770612324162297,10.665013871797393
1636121908100,2021-11-05T10:18:28.100,21.06,0.49374658197122656,-9.641733469011466,10.343493112670117
1636121908110,2021-11-05T10:18:28.110,21.07,0.5174265669400053,-9.555202481935257,10.165416674544664
1636121908120,2021-11-05T10:18:28.120,21.08,-0.10018250122647898,-9.521444052066034,9.897811401618535
1636121908130,2021-11-05T10:18:28.130,21.09,-0.7612028967149965,-9.506321094421105,9.788099683951863
1636121908140,2021-11-05T10:18:28.140,21.1,-0.7918214987301513,-9.4494032703693,10.092440780062827
1636121908150,2021-11-05T10:18:28.150,21.11,-0.3915295989788883,-9.29791052406273,10.666500474955152
1636121908160,2021-11-05T10:18:28.160,21.12,0.03696093443578299,-9.02885343608915,11.395347187050582
1636121908170,2021-11-05T10:18:28.170,21.13,0.41482844904294824,-8.692900567708008,12.484369120497796
1636121908180,2021-11-05T10:18:28.180,21.14,0.580352467087589,-8.401038492139941,13.922317303998533
1636121908190,2021-11-05T10:18:28.190,21.15,0.5220160920984338,-8.197368518112889,15.176849424211701
1636121908200,2021-11-05T10:18:28.200,21.16,0.8137520885702825,-7.994273569082978,15.817095788920541
1636121908210,2021-11-05T10:18:28.210,21.17,1.6829915082470828,-7.694718323622283,16.00286971003704
1636121908220,2021-11-05T10:18:28.220,21.18,2.238215035986535,-7.3126772031447205,16.07037235476628
1636121908230,2021-11-05T10:18:28.230,21.19,1.660560715824005,-6.924731853822822,16.07228064755191
1636121908240,2021-11-05T10:18:28.240,21.2,0.4896700955646842,-6.585785967623636,16.004789742430066
1636121908250,2021-11-05T10:18:28.250,21.21,-0.13821001589974113,-6.337651626461733,16.092277426032545
1636121908260,2021-11-05T10:18:28.260,21.22,-0.015614889340933115,-6.230243806679809,16.52088229374484
1636121908270,2021-11-05T10:18:28.270,21.23,0.13178426706286822,-6.31263965258116,17.165809799601085
1636121908280,2021-11-05T10:18:28.280,21.24,-0.08338791712313584,-6.6424456552619,17.883865528538657
1636121908290,2021-11-05T10:18:28.290,21.25,-0.23299080126465124,-7.259065594547666,18.82670305528063
1636121908300,2021-11-05T10:18:28.300,21.26,0.04841315004876387,-8.081362579500237,20.140023055976478
1636121908310,2021-11-05T10:18:28.310,21.27,0.4647067598012079,-8.871993758746603,21.573015763805042
1636121908320,2021-11-05T10:18:28.320,21.28,0.6086286702789587,-9.373011082700783,22.718722604300403
1636121908330,2021-11-05T10:18:28.330,21.29,0.5190126157116108,-9.489488847252495,23.483560782123234
1636121908340,2021-11-05T10:18:28.340,21.3,0.4404284596967583,-9.332385385469003,24.049247185633448
1636121908350,2021-11-05T10:18:28.350,21.31,0.4557842231550992,-9.097981863530894,24.499389317337144
1636121908360,2021-11-05T10:18:28.360,21.32,0.546843453787436,-8.934798642618867,24.727190489371146
1636121908370,2021-11-05T10:18:28.370,21.33,0.7312443481179713,-8.904742508710116,24.663543520029577
1636121908380,2021-11-05T10:18:28.380,21.34,0.9578651800606672,-9.012148149711926,24.403784522983067
1636121908390,2021-11-05T10:18:28.390,21.35,1.058799069013936,-9.269535489480294,24.09607091704779
1636121908400,2021-11-05T10:18:28.400,21.36,1.0160467108676874,-9.726576288336597,23.8441782556011
1636121908410,2021-11-05T10:18:28.410,21.37,1.0782884488150954,-10.36017030101586,23.722284177999974
1636121908420,2021-11-05T10:18:28.420,21.38,1.331280602411518,-10.967958667438547,23.713220230198523
1636121908430,2021-11-05T10:18:28.430,21.39,1.4278664552557006,-11.278618309848817,23.625343822723117
1636121908440,2021-11-05T10:18:28.440,21.4,1.1346386866607636,-11.134248665821499,23.295395662633794
1636121908450,2021-11-05T10:18:28.450,21.41,0.8297743189514313,-10.518946362341012,22.88002817032892
1636121908460,2021-11-05T10:18:28.460,21.42,0.9539818902725183,-9.510934477903536,22.65860278566988
1636121908470,2021-11-05T10:18:28.470,21.43,1.1927612346711787,-8.265975542271786,22.550526494635598
1636121908480,2021-11-05T10:18:28.480,21.44,0.782222677005822,-6.9933407725025605,22.18605716664507
1636121908490,2021-11-05T10:18:28.490,21.45,-0.4197126487870152,-5.921201040236639,21.451190857919137
1636121908500,2021-11-05T10:18:28.500,21.46,-1.7914965704065051,-5.258099419795891,20.562539070833328
1636121908510,2021-11-05T10:18:28.510,21.47,-2.9161367055051777,-5.129710263025405,19.62975786196318
1636121908520,2021-11-05T10:18:28.520,21.48,-3.8885775931572697,-5.538256664984123,18.592927108410564
1636121908530,2021-11-05T10:18:28.530,21.49,-4.599712365387494,-6.363751389024378,17.570971275906203
1636121908540,2021-11-05T10:18:28.540,21.5,-4.769731541289402,-7.378962978778004,16.80978329502351
1636121908550,2021-11-05T10:18:28.550,21.51,-4.637366727464762,-8.317675911791564,16.270222756702694
1636121908560,2021-11-05T10:18:28.560,21.52,-4.408118587938022,-8.943217650035894,15.634728469413279
1636121908570,2021-11-05T10:18:28.570,21.53,-3.6396971426512295,-8.972665874252847,14.66951126838513
1636121908580,2021-11-05T10:18:28.580,21.54,-2.5723673617088565,-8.00130298396799,13.25573278944854
1636121908590,2021-11-05T10:18:28.590,21.55,-2.517051937299725,-5.724599129966409,11.209520980538656
1636121908600,2021-11-05T10:18:28.600,21.56,-3.4220491755687847,-2.294125386453548,8.463736149326591
1636121908610,2021-11-05T10:18:28.610,21.57,-3.5724989958680693,1.7150014973744587,5.32266831377408
1636121908620,2021-11-05T10:18:28.620,21.58,-2.889358201195747,5.797725171638534,2.1892968287763352
1636121908630,2021-11-05T10:18:28.630,21.59,-3.2535861983561762,9.88937646500576,-0.8497194390875442
1636121908640,2021-11-05T10:18:28.640,21.6,-4.966180178332887,14.160877174020532,-3.8915545237203624
1636121908650,2021-11-05T10:18:28.650,21.61,-6.321036884958606,18.54495378860531,-6.827883187507574
1636121908660,2021-11-05T10:18:28.660,21.62,-6.691751860795751,22.626528323880713,-9.356836576139548
1636121908670,2021-11-05T10:18:28.670,21.63,-7.0343385567314,26.023294375768746,-11.280157775912382
1636121908680,2021-11-05T10:18:28.680,21.64,-7.618861152459985,28.756950534014294,-12.586611361973667
1636121908690,2021-11-05T10:18:28.690,21.65,-7.566309313598742,31.156403866724304,-13.30680317882785
1636121908700,2021-11-05T10:18:28.700,21.66,-6.458471483154591,33.42056287509907,-13.444730300176474
1636121908710,2021-11-05T10:18:28.710,21.67,-4.941788566393314,35.35900389344364,-13.040230178275722
1636121908720,2021-11-05T10:18:28.720,21.68,-3.7516900708651395,36.5927813489774,-12.18864363008953
1636121908730,2021-11-05T10:18:28.730,21.69,-2.9294608958735986,36.920180378173406,-10.970831536464551
1636121908740,2021-11-05T10:18:28.740,21.7,-2.0941805922484447,36.371595375131335,-9.422191947870813
1636121908750,2021-11-05T10:18:28.750,21.71,-1.1259828114985053,34.99753419620632,-7.611643517771119
1636121908760,2021-11-05T10:18:28.760,21.72,-0.34814105417908053,32.84486359504363,-5.723429928949065
1636121908770,2021-11-05T10:18:28.770,21.73,-0.013850704105491059,30.156644823019338,-4.009519661351926
1636121908780,2021-11-05T10:18:28.780,21.74,0.12320551404860486,27.359282029356667,-2.667771853838513
1636121908790,2021-11-05T10:18:28.790,21.75,0.4385399138643708,24.76959070262835,-1.8074864818579466
1636121908800,2021-11-05T10:18:28.800,21.76,0.847330648384007,22.451051675766887,-1.4803091450542594
1636121908810,2021-11-05T10:18:28.810,21.77,0.9806890433701889,20.373531702415676,-1.6257901836293938
1636121908820,2021-11-05T10:18:28.820,21.78,0.7763995959002904,18.557031935288137,-2.010899901994329
1636121908830,2021-11-05T10:18:28.830,21.79,0.45332469747247717,17.015319263809427,-2.3736845503970283
1636121908840,2021-11-05T10:18:28.840,21.8,0.04314733398335896,15.681787370649689,-2.642056954245067
1636121908850,2021-11-05T10:18:28.850,21.81,-0.5709988876167563,14.460586452695185,-2.9029866887104556
1636121908860,2021-11-05T10:18:28.860,21.82,-1.2217420348779744,13.328359137414473,-3.193797405617639
1636121908870,2021-11-05T10:18:28.870,21.83,-1.5001107435223344,12.397669649407227,-3.4592182830397022
1636121908880,2021-11-05T10:18:28.880,21.84,-1.2007695228035693,11.874412407188618,-3.675884228915587
1636121908890,2021-11-05T10:18:28.890,21.85,-0.44433100043556484,11.880816516644147,-3.886656897960781
1636121908900,2021-11-05T10:18:28.900,21.86,0.5245578956640372,12.329132553158594,-4.134653664822038
1636121908910,2021-11-05T10:18:28.910,21.87,1.4476360593193218,13.031201304707578,-4.452177181362165
1636121908920,2021-11-05T10:18:28.920,21.88,2.0886144210997593,13.875155169841657,-4.868274438216359
1636121908930,2021-11-05T10:18:28.930,21.89,2.3420288495508563,14.824532256543371,-5.342607531644087
1636121908940,2021-11-05T10:18:28.940,21.9,2.295159872475735,15.815885739313936,-5.735469081803525
1636121908950,2021-11-05T10:18:28.950,21.91,2.13262483084461,16.75072201192588,-5.899792092079343
1636121908960,2021-11-05T10:18:28.960,21.92,2.072239198936565,17.57170229863691,-5.731772714448395
1636121908970,2021-11-05T10:18:28.970,21.93,2.4142821905435436,18.273958166507157,-5.120792099824775
1636121908980,2021-11-05T10:18:28.980,21.94,3.3046716375882936,18.817965543518074,-4.029717178368833
1636121908990,2021-11-05T10:18:28.990,21.95,4.308275056336865,19.089776268180394,-2.6755878290330752
1636121909000,2021-11-05T10:18:29.000,21.96,4.767382394642738,19.002169543413267,-1.4151108184952677
1636121909010,2021-11-05T10:18:29.010,21.97,4.771970701778097,18.606700496188903,-0.3947428135753052
1636121909020,2021-11-05T10:18:29.020,21.98,5.082189185269141,18.071023960397703,0.46964729137533057
1636121909030,2021-11-05T10:18:29.030,21.99,5.928644860746811,17.567054111381605,1.165526195605167
1636121909040,2021-11-05T10:18:29.040,22.0,6.6399708991052115,17.161622974088687,1.5158616580862696
1636121909050,2021-11-05T10:18:29.050,22.01,6.591826248885999,16.750812941571848,1.4731569558629865
1636121909060,2021-11-05T10:18:29.060,22.02,5.827116301935751,16.133239424417344,1.2183118265764374
1636121909070,2021-11-05T10:18:29.070,22.03,4.6297863210857,15.227975143668157,0.9133217017814586
1636121909080,2021-11-05T10:18:29.080,22.04,3.1378043269550044,14.162823492246972,0.5906278450483087
1636121909090,2021-11-05T10:18:29.090,22.05,1.5722088547151531,13.056144244032797,0.333770829258894
1636121909100,2021-11-05T10:18:29.100,22.06,0.3142429140570857,11.815652536877039,0.3168500648122693
1636121909110,2021-11-05T10:18:29.110,22.07,-0.49479805132042814,10.29362897653982,0.5835675658026793
1636121909120,2021-11-05T10:18:29.120,22.08,-1.052365942212926,8.528340776350806,0.9960797753388893
1636121909130,2021-11-05T10:18:29.130,22.09,-1.4629612789271538,6.657147187264024,1.4654158707768468
1636121909140,2021-11-05T10:18:29.140,22.1,-1.5693579363520214,4.703842742497045,2.0612950520975417
1636121909150,2021-11-05T10:18:29.150,22.11,-1.2706550649947184,2.6684545678644493,2.8533539670178056
1636121909160,2021-11-05T10:18:29.160,22.12,-0.6872336210170369,0.7645076825487759,3.763418158245501
1636121909170,2021-11-05T10:18:29.170,22.13,0.025496209080104568,-0.6328875629138793,4.597974105918684
1636121909180,2021-11-05T10:18:29.180,22.14,0.8433692988433208,-1.257081039046826,5.172048142756767
1636121909190,2021-11-05T10:18:29.190,22.15,1.811115841505514,-1.0538040461314289,5.399813476709741
1636121909200,2021-11-05T10:18:29.200,22.16,2.744230835699413,-0.0904959308919672,5.273243659573305
1636121909210,2021-11-05T10:18:29.210,22.17,3.055341759477435,1.499939972790529,4.796287093270655
1636121909220,2021-11-05T10:18:29.220,22.18,2.326670369670402,3.5021996419378407,4.056128374694639
1636121909230,2021-11-05T10:18:29.230,22.19,1.0471996153990322,5.635984800984706,3.303866277467531
1636121909240,2021-11-05T10:18:29.240,22.2,0.05415580203736295,7.6406050049888545,2.72507259634397
1636121909250,2021-11-05T10:18:29.250,22.21,-0.6668618688804306,9.374720798884244,2.184124933834541
1636121909260,2021-11-05T10:18:29.260,22.22,-1.6528275933144951,10.839246500108155,1.4860892912246746
1636121909270,2021-11-05T10:18:29.270,22.23,-2.67904501943278,12.081679919919383,0.7819505480681801
1636121909280,2021-11-05T10:18:29.280,22.24,-3.0232022320297265,13.082234113176513,0.38331012464152525
1636121909290,2021-11-05T10:18:29.290,22.25,-2.8073111302437628,13.733960997985866,0.3339799566570176
1636121909300,2021-11-05T10:18:29.300,22.26,-2.8158895646709983,13.899947223993157,0.5277580628258886
1636121909310,2021-11-05T10:18:29.310,22.27,-3.102528831099077,13.490058735573228,1.0676681724769053
1636121909320,2021-11-05T10:18:29.320,22.28,-3.0019307351804994,12.49785530612076,2.0951365756633775
1636121909330,2021-11-05T10:18:29.330,22.29,-2.4667212098879867,10.93911539060658,3.40891862895476
1636121909340,2021-11-05T10:18:29.340,22.3,-2.184176926503153,8.80292798684529,4.65994061925422
1636121909350,2021-11-05T10:18:29.350,22.31,-2.330160693854012,6.181087671418789,5.773722446943803
1636121909360,2021-11-05T10:18:29.360,22.32,-2.3080268831395347,3.403390447245674,6.786512941077753
1636121909370,2021-11-05T10:18:29.370,22.33,-1.8766477115542304,0.8798631173933669,7.45979635500111
1636121909380,2021-11-05T10:18:29.380,22.34,-1.6899785197038282,-1.1947520951809594,7.483846293220343
1636121909390,2021-11-05T10:18:29.390,22.35,-2.3424949940269744,-2.8815114746105905,6.913274826759819
1636121909400,2021-11-05T10:18:29.400,22.36,-3.3121033855184216,-4.299033635995239,6.063302055024813
1636121909410,2021-11-05T10:18:29.410,22.37,-3.5545535320228066,-5.4842500683680875,5.130165175179656
1636121909420,2021-11-05T10:18:29.420,22.38,-3.1173047122922126,-6.400815497072413,4.165665817655407
1636121909430,2021-11-05T10:18:29.430,22.39,-3.091684018613817,-7.0334337342696935,3.2591741168922095
1636121909440,2021-11-05T10:18:29.440,22.4,-3.812193850880265,-7.492263485675268,2.5052893783581025
1636121909450,2021-11-05T10:18:29.450,22.41,-4.430897325512789,-7.949094357075225,1.8757101849201891
1636121909460,2021-11-05T10:18:29.460,22.42,-4.36464717406082,-8.40135484747532,1.3038212545220285
1636121909470,2021-11-05T10:18:29.470,22.43,-3.8747062848496325,-8.623343885762463,0.8465431397258698
1636121909480,2021-11-05T10:18:29.480,22.44,-3.299159750856662,-8.431844954264928,0.5980592617766425
1636121909490,2021-11-05T10:18:29.490,22.45,-2.701713552896365,-7.85344661240792,0.46709453177735694
1636121909500,2021-11-05T10:18:29.500,22.46,-2.141158562789345,-6.965012920091446,0.20293305952088045
1636121909510,2021-11-05T10:18:29.510,22.47,-1.7286196140001375,-5.75824552241389,-0.3352285373829364
1636121909520,2021-11-05T10:18:29.520,22.48,-1.466003348250016,-4.259891870214116,-1.0462613215992769
1636121909530,2021-11-05T10:18:29.530,22.49,-1.1758557851368356,-2.600909491964103,-1.7581611357889373
1636121909540,2021-11-05T10:18:29.540,22.5,-0.6095761053956701,-0.8525010571665741,-2.4542860285760453
1636121909550,2021-11-05T10:18:29.550,22.51,0.26151396062759413,1.025039042731944,-3.2466394516268937
1636121909560,2021-11-05T10:18:29.560,22.52,1.0034095066005655,2.9506695653683037,-4.150331300953916
1636121909570,2021-11-05T10:18:29.570,22.53,0.9531679008593408,4.625866293712232,-5.013821944608027
1636121909580,2021-11-05T10:18:29.580,22.54,-0.0188251033629023,5.800222367577005,-5.682964936938358
1636121909590,2021-11-05T10:18:29.590,22.55,-1.089609741783557,6.473483794867398,-6.099104208077343
1636121909600,2021-11-05T10:18:29.600,22.56,-1.337425673667124,6.744290877512785,-6.244976299351926
1636121909610,2021-11-05T10:18:29.610,22.57,-0.8869705891772848,6.646582779972288,-6.114919740695722
1636121909620,2021-11-05T10:18:29.620,22.58,-0.4898604146842299,6.233694753587605,-5.724475116619665
1636121909630,2021-11-05T10:18:29.630,22.59,-0.333885350856151,5.637004155874673,-5.138602499665456
1636121909640,2021-11-05T10:18:29.640,22.6,-0.230674149330161,4.902155875274165,-4.545565321058614
1636121909650,2021-11-05T10:18:29.650,22.61,-0.39604550498305985,3.893397475239902,-4.194719719348001
1636121909660,2021-11-05T10:18:29.660,22.62,-0.9933038732230567,2.5151030043457263,-4.165455476622772
1636121909670,2021-11-05T10:18:29.670,22.63,-1.5409824378282175,0.9618058412105546,-4.343413397288378
1636121909680,2021-11-05T10:18:29.680,22.64,-1.5719016775645567,-0.4117097767851585,-4.640563306832275
1636121909690,2021-11-05T10:18:29.690,22.65,-1.2398411381720071,-1.4427799622834858,-5.020064770505341
1636121909700,2021-11-05T10:18:29.700,22.66,-0.8606324122059454,-2.219998171886001,-5.360868394305989
1636121909710,2021-11-05T10:18:29.710,22.67,-0.4942467640120819,-2.7986489337013714,-5.580079241096526
1636121909720,2021-11-05T10:18:29.720,22.68,-0.20114488424067928,-3.0626695208890267,-5.833929657026351
1636121909730,2021-11-05T10:18:29.730,22.69,-0.22864487715325438,-2.9537741651773466,-6.3494766143499195
1636121909740,2021-11-05T10:18:29.740,22.7,-0.7626848832227509,-2.678522646793067,-7.122645861413594
1636121909750,2021-11-05T10:18:29.750,22.71,-1.6663331264421435,-2.5516188109562856,-7.9659489587608725
1636121909760,2021-11-05T10:18:29.760,22.72,-2.5197896899520065,-2.704427039405102,-8.739734073574544
1636121909770,2021-11-05T10:18:29.770,22.73,-2.915720838222596,-3.065901716992346,-9.355757876931378
1636121909780,2021-11-05T10:18:29.780,22.74,-2.7979396437113007,-3.6037593523082236,-9.682731640645992
1636121909790,2021-11-05T10:18:29.790,22.75,-2.5289504199254695,-4.456144141435248,-9.640725858979636
1636121909800,2021-11-05T10:18:29.800,22.76,-2.496563731872559,-5.782771899984471,-9.287614193653024
1636121909810,2021-11-05T10:18:29.810,22.77,-2.62660044643211,-7.586747468106518,-8.68693620480133
1636121909820,2021-11-05T10:18:29.820,22.78,-2.462215277032324,-9.744954925047386,-7.835173024620111
1636121909830,2021-11-05T10:18:29.830,22.79,-1.7432020364836927,-12.10525577397561,-6.8050365265631125
1636121909840,2021-11-05T10:18:29.840,22.8,-0.6733243810464993,-14.451150434446244,-5.763632128690658
1636121909850,2021-11-05T10:18:29.850,22.81,0.4205931919064182,-16.482444079512618,-4.756568914459206
1636121909860,2021-11-05T10:18:29.860,22.82,1.435975171077132,-18.014706249139138,-3.6811267649348682
1636121909870,2021-11-05T10:18:29.870,22.83,2.354168452056328,-19.162200233124167,-2.585369391106913
1636121909880,2021-11-05T10:18:29.880,22.84,2.9585934644610257,-20.151638173437675,-1.7824049456691775
1636121909890,2021-11-05T10:18:29.890,22.85,3.033009295467866,-20.9876818811883,-1.495052558438375
1636121909900,2021-11-05T10:18:29.900,22.86,2.749678543656345,-21.469713773202724,-1.5645111569692898
1636121909910,2021-11-05T10:18:29.910,22.87,2.4221575269144635,-21.480914341372944,-1.7109110434711217
1636121909920,2021-11-05T10:18:29.920,22.88,2.0227569926694167,-21.082286899057625,-1.9085009786158003
1636121909930,2021-11-05T10:18:29.930,22.89,1.4690927971039425,-20.376241525056386,-2.2777709234059014
1636121909940,2021-11-05T10:18:29.940,22.9,1.0696047941191336,-19.44183298808974,-2.7804313971998558
1636121909950,2021-11-05T10:18:29.950,22.91,1.0407263141926748,-18.382034097834445,-3.272589716614313
1636121909960,2021-11-05T10:18:29.960,22.92,0.9668384512423498,-17.328499171591183,-3.7187439442781707
1636121909970,2021-11-05T10:18:29.970,22.93,0.4320860920287083,-16.389363127912674,-4.109145018569469
1636121909980,2021-11-05T10:18:29.980,22.94,-0.16772915741720187,-15.599244863317143,-4.289003408214487
1636121909990,2021-11-05T10:18:29.990,22.95,-0.12407061588678536,-14.898309184257556,-4.138023865988288
1636121910000,2021-11-05T10:18:30.000,22.96,0.548041775609385,-14.17904202154978,-3.8544330474535706
1636121910010,2021-11-05T10:18:30.010,22.97,1.1804192662913977,-13.376341104047292,-3.7980993736215067
1636121910020,2021-11-05T10:18:30.020,22.98,1.3631279740534725,-12.512457724448588,-4.06298345045515
1636121910030,2021-11-05T10:18:30.030,22.99,1.270626842865131,-11.697473832382876,-4.418032783409937
1636121910040,2021-11-05T10:18:30.040,23.0,1.1863671581791546,-11.101808769499812,-4.653355952134579
1636121910050,2021-11-05T10:18:30.050,23.01,1.1382727936435262,-10.841479555542966,-4.799444504262278
1636121910060,2021-11-05T10:18:30.060,23.02,1.050070808951598,-10.848278593516074,-5.014286250346828
1636121910070,2021-11-05T10:18:30.070,23.03,0.9532503384258638,-10.92198766032044,-5.384130853355358
1636121910080,2021-11-05T10:18:30.080,23.04,0.915268392267182,-10.93428539720347,-5.840985528887756
1636121910090,2021-11-05T10:18:30.090,23.05,0.9278330049124464,-10.912585652157093,-6.2349736672004905
1636121910100,2021-11-05T10:18:30.100,23.06,0.9707887585487227,-10.897557460056685,-6.496696844107079
1636121910110,2021-11-05T10:18:30.110,23.07,1.0434814804749877,-10.807406467723538,-6.709993983537464
1636121910120,2021-11-05T10:18:30.120,23.08,1.036201159383645,-10.528308176295475,-6.993759199186687
1636121910130,2021-11-05T10:18:30.130,23.09,0.729320824284607,-10.067591582577727,-7.340922907445325
1636121910140,2021-11-05T10:18:30.140,23.1,0.10931512681333592,-9.494121917690771,-7.605218213673968
1636121910150,2021-11-05T10:18:30.150,23.11,-0.43354420964599055,-8.791770967155484,-7.625260992060461
1636121910160,2021-11-05T10:18:30.160,23.12,-0.5117133770645405,-7.9314061361633765,-7.34620978695817
1636121910170,2021-11-05T10:18:30.170,23.13,-0.2845653405186583,-7.048648033780994,-6.8402301465188655
1636121910180,2021-11-05T10:18:30.180,23.14,-0.2582782233245624,-6.389233896392844,-6.2196084279204324
1636121910190,2021-11-05T10:18:30.190,23.15,-0.5614821189090801,-6.086959201529642,-5.53141421045272
1636121910200,2021-11-05T10:18:30.200,23.16,-0.7665985135498572,-6.098617115891758,-4.752843677910997
1636121910210,2021-11-05T10:18:30.210,23.17,-0.48012104861173344,-6.3147496453271525,-3.887945038989877
1636121910220,2021-11-05T10:18:30.220,23.18,0.14725624967526738,-6.644326755416357,-3.0347935307456737
1636121910230,2021-11-05T10:18:30.230,23.19,0.6138696293512669,-7.0271184358852965,-2.3322290201390423
1636121910240,2021-11-05T10:18:30.240,23.2,0.672835327163077,-7.428752987467271,-1.8460724118398253
1636121910250,2021-11-05T10:18:30.250,23.21,0.5535439777221656,-7.83859593186282,-1.5336812071126693
1636121910260,2021-11-05T10:18:30.260,23.22,0.515536834218841,-8.28041159056437,-1.3259110698719974
1636121910270,2021-11-05T10:18:30.270,23.23,0.5000242460202815,-8.79573534033359,-1.198953634307434
1636121910280,2021-11-05T10:18:30.280,23.24,0.4173012440719699,-9.377314594080108,-1.1515203873170547
1636121910290,2021-11-05T10:18:30.290,23.25,0.3619437534443677,-9.959493125516252,-1.1861164359900598
1636121910300,2021-11-05T10:18:30.300,23.26,0.3374728980665487,-10.505742098662253,-1.3473475289191383
1636121910310,2021-11-05T10:18:30.310,23.27,0.22499342296142863,-11.048359750929148,-1.7033145663545128
1636121910320,2021-11-05T10:18:30.320,23.28,0.13121821072247677,-11.603651646937486,-2.2390047678531553
1636121910330,2021-11-05T10:18:30.330,23.29,0.3348457209387233,-12.080135033497225,-2.8040672919034018
1636121910340,2021-11-05T10:18:30.340,23.3,0.8793595083859775,-12.315810929089167,-3.210758583646479
1636121910350,2021-11-05T10:18:30.350,23.31,1.4922578573065333,-12.217331362446577,-3.40060583301413
1636121910360,2021-11-05T10:18:30.360,23.32,1.833434925031923,-11.820453666471312,-3.4912748468186416
1636121910370,2021-11-05T10:18:30.370,23.33,1.7972581123313613,-11.195077905868327,-3.618879625429281
1636121910380,2021-11-05T10:18:30.380,23.34,1.6760789283799014,-10.35840268823088,-3.7752477251969436
1636121910390,2021-11-05T10:18:30.390,23.35,1.801785422001256,-9.321249340902177,-3.8796980258300042
1636121910400,2021-11-05T10:18:30.400,23.36,1.9909068107240948,-8.155100373593532,-3.939998482347807
1636121910410,2021-11-05T10:18:30.410,23.37,1.8359222108295676,-6.951516095146578,-3.991565679876939
1636121910420,2021-11-05T10:18:30.420,23.38,1.5210988658044389,-5.743159135364538,-3.935326505028091
1636121910430,2021-11-05T10:18:30.430,23.39,1.6322814443677784,-4.52972218442854,-3.6398551578830776
1636121910440,2021-11-05T10:18:30.440,23.4,2.12841217848717,-3.37573262614257,-3.192405569744178
1636121910450,2021-11-05T10:18:30.450,23.41,2.315273902539376,-2.3977989433926443,-2.839019046661032
1636121910460,2021-11-05T10:18:30.460,23.42,1.9678096519972135,-1.6371323865250536,-2.6562170418386457
1636121910470,2021-11-05T10:18:30.470,23.43,1.6343697669296924,-1.0372171359756952,-2.491030883508481
1636121910480,2021-11-05T10:18:30.480,23.44,1.6102783773772105,-0.5631549358979049,-2.260750246124432
1636121910490,2021-11-05T10:18:30.490,23.45,1.480992625843721,-0.2312596150622141,-2.0670197281181344
1636121910500,2021-11-05T10:18:30.500,23.46,0.9739670133946386,-0.008337110402539184,-1.9266181205187674
1636121910510,2021-11-05T10:18:30.510,23.47,0.4323034689841832,0.17969876362505918,-1.635522150353468
1636121910520,2021-11-05T10:18:30.520,23.48,0.17842672089206435,0.3067018192856712,-1.0262638355741731
1636121910530,2021-11-05T10:18:30.530,23.49,0.11807478466864646,0.2496615775220279,-0.180945110801352
1636121910540,2021-11-05T10:18:30.540,23.5,0.08470308861372625,-0.021538699496798458,0.6904669699378065
1636121910550,2021-11-05T10:18:30.550,23.51,0.023540567876103646,-0.3710086310855857,1.4517457852314002
1636121910560,2021-11-05T10:18:30.560,23.52,-0.09027008188934427,-0.6571765877698896,2.0832537470038304
1636121910570,2021-11-05T10:18:30.570,23.53,-0.18493841441563857,-0.8768949064076312,2.5983921243800987
1636121910580,2021-11-05T10:18:30.580,23.54,-0.19351691940591553,-1.1066129106052474,2.947289706384362
1636121910590,2021-11-05T10:18:30.590,23.55,-0.293763117691925,-1.3675588435688653,3.036792440619605
1636121910600,2021-11-05T10:18:30.600,23.56,-0.6407090303069881,-1.6036858725249656,2.878401942945594
1636121910610,2021-11-05T10:18:30.610,23.57,-0.9964629958764881,-1.7582566179571608,2.6436371974693333
1636121910620,2021-11-05T10:18:30.620,23.58,-1.1157477545333019,-1.8203783619136176,2.502584364251797
1636121910630,2021-11-05T10:18:30.630,23.59,-1.1917107669839335,-1.8065693835669598,2.491293937820324
1636121910640,2021-11-05T10:18:30.640,23.6,-1.4038961083675077,-1.725883493883701,2.6000593850490485
1636121910650,2021-11-05T10:18:30.650,23.61,-1.480023691223885,-1.5509373940866569,2.835318089706411
1636121910660,2021-11-05T10:18:30.660,23.62,-1.220174590491279,-1.2157991317785666,3.0908961098334222
1636121910670,2021-11-05T10:18:30.670,23.63,-0.9444375307253609,-0.6735309921605985,3.1483634897196406
1636121910680,2021-11-05T10:18:30.680,23.64,-1.0040514436962615,0.03433535287787491,2.9198433725410373
1636121910690,2021-11-05T10:18:30.690,23.65,-1.321267512946209,0.7978556167820259,2.525015107764821
1636121910700,2021-11-05T10:18:30.700,23.66,-1.6346337443339727,1.5436899668986876,2.1034745152426244
1636121910710,2021-11-05T10:18:30.710,23.67,-1.822475095346135,2.287346938385376,1.724151540219488
1636121910720,2021-11-05T10:18:30.720,23.68,-1.9252855180958497,3.048966016555455,1.4269532401359903
1636121910730,2021-11-05T10:18:30.730,23.69,-2.018060397697264,3.7522410659629823,1.1955023610344422
1636121910740,2021-11-05T10:18:30.740,23.7,-2.0202225151146807,4.270504591642364,0.973515428847655
1636121910750,2021-11-05T10:18:30.750,23.71,-1.7604210281146688,4.561749750740457,0.7849445645314372
1636121910760,2021-11-05T10:18:30.760,23.72,-1.3435510102163688,4.680986217681346,0.7284854742564979
1636121910770,2021-11-05T10:18:30.770,23.73,-1.0858056734556376,4.642096166322164,0.8667089647962345
1636121910780,2021-11-05T10:18:30.780,23.74,-0.9880501441553295,4.365041080715827,1.211007074370574
1636121910790,2021-11-05T10:18:30.790,23.75,-0.7801421948343424,3.8227522003805596,1.7143859351890145
1636121910800,2021-11-05T10:18:30.800,23.76,-0.4662798325014942,3.1277860409612046,2.2356854069104757
1636121910810,2021-11-05T10:18:30.810,23.77,-0.26816134523410917,2.3744320946942628,2.6519636082076055
1636121910820,2021-11-05T10:18:30.820,23.78,-0.2076155105098057,1.5093316800918284,2.977516371083639
1636121910830,2021-11-05T10:18:30.830,23.79,-0.2504078763248848,0.4526403098828452,3.2477859071533173
1636121910840,2021-11-05T10:18:30.840,23.8,-0.5107785234558172,-0.7578344561181966,3.3989422722741294
1636121910850,2021-11-05T10:18:30.850,23.81,-0.9211302533832262,-1.9970081431620261,3.364692023789688
1636121910860,2021-11-05T10:18:30.860,23.82,-1.1787504489937712,-3.14026146034389,3.1555397381107717
1636121910870,2021-11-05T10:18:30.870,23.83,-1.2593001328214593,-4.098709769017207,2.8029794272574504
1636121910880,2021-11-05T10:18:30.880,23.84,-1.4299651212494837,-4.807058686607339,2.371705381898126
1636121910890,2021-11-05T10:18:30.890,23.85,-1.686353354126743,-5.191455082271865,1.9988195362403036
1636121910900,2021-11-05T10:18:30.900,23.86,-1.786044808448604,-5.192563345918468,1.7643213997610228
1636121910910,2021-11-05T10:18:30.910,23.87,-1.7921566804701274,-4.847534749606915,1.5933518538975817
1636121910920,2021-11-05T10:18:30.920,23.88,-1.9906151769656102,-4.283340096444956,1.4303123440550842
1636121910930,2021-11-05T10:18:30.930,23.89,-2.370135553656758,-3.5931390182812715,1.3893549692236786
1636121910940,2021-11-05T10:18:30.940,23.9,-2.641163852408194,-2.788429329692125,1.5725850315542527
1636121910950,2021-11-05T10:18:30.950,23.91,-2.628258817272962,-1.8897554058030948,1.8617754049028754
1636121910960,2021-11-05T10:18:30.960,23.92,-2.368149154002488,-0.9767510676591948,2.055423064629803
1636121910970,2021-11-05T10:18:30.970,23.93,-1.9872147873347727,-0.13496240294808157,2.115407123334376
1636121910980,2021-11-05T10:18:30.980,23.94,-1.6303019462587451,0.5746968918846885,2.131900529336976
1636121910990,2021-11-05T10:18:30.990,23.95,-1.374507601637084,1.1093792907157765,2.1314732839851818
1636121911000,2021-11-05T10:18:31.000,23.96,-1.1647085020971488,1.459568212713995,2.072817551133107
1636121911010,2021-11-05T10:18:31.010,23.97,-0.940735243122373,1.6167322002021118,1.979303006549776
1636121911020,2021-11-05T10:18:31.020,23.98,-0.7794583091488034,1.4941339828305493,1.9265698505348738
1636121911030,2021-11-05T10:18:31.030,23.99,-0.7441464028584721,1.0203949976282287,1.9241148112736923
1636121911040,2021-11-05T10:18:31.040,24.0,-0.651145123232078,0.41459849403594595,1.9433454198863762
1636121911050,2021-11-05T10:18:31.050,24.01,-0.23221341262964532,0.14136622198159124,2.026249728703341
1636121911060,2021-11-05T10:18:31.060,24.02,0.4491304529289428,0.3443773439119687,2.2181513661266337
1636121911070,2021-11-05T10:18:31.070,24.03,1.0002707937990891,0.6144527175791927,2.4337846048805116
1636121911080,2021-11-05T10:18:31.080,24.04,1.187627923778692,0.6468881568055185,2.5450245377392697
1636121911090,2021-11-05T10:18:31.090,24.05,1.1563826869693932,0.7062643415689036,2.5609418845188836
1636121911100,2021-11-05T10:18:31.100,24.06,1.100049682052369,1.0820944134022796,2.58039197081513
1636121911110,2021-11-05T10:18:31.110,24.07,1.0206339723634765,1.5965336681002242,2.614887705958713
1636121911120,2021-11-05T10:18:31.120,24.08,0.8856094167164204,1.965284758202365,2.58830054562709
1636121911130,2021-11-05T10:18:31.130,24.09,0.7391156147893225,2.1720947677265006,2.4818094829935204
1636121911140,2021-11-05T10:18:31.140,24.1,0.6120498212835203,2.289726447977901,2.3873461146276256
1636121911150,2021-11-05T10:18:31.150,24.11,0.5156338143292781,2.303098681907809,2.4328052868580397
1636121911160,2021-11-05T10:18:31.160,24.12,0.5216734738849022,2.217260602656065,2.6987948203421226
1636121911170,2021-11-05T10:18:31.170,24.13,0.7207878823140241,2.102980897412336,3.178810388468759
1636121911180,2021-11-05T10:18:31.180,24.14,1.0732406655249096,2.000991576483661,3.766873245055759
1636121911190,2021-11-05T10:18:31.190,24.15,1.365673225140327,1.9240260521017505,4.286444228058048
1636121911200,2021-11-05T10:18:31.200,24.16,1.4081047919830574,1.9367043967052608,4.592424444880336
1636121911210,2021-11-05T10:18:31.210,24.17,1.2347956477994901,2.122284703269192,4.683975193743443
1636121911220,2021-11-05T10:18:31.220,24.18,0.9751916653390291,2.479064396988892,4.685921099194505
1636121911230,2021-11-05T10:18:31.230,24.19,0.6324461935938206,2.9160346103505095,4.706205443901064
1636121911240,2021-11-05T10:18:31.240,24.2,0.18693209452976478,3.338874697650742,4.753948948059801
1636121911250,2021-11-05T10:18:31.250,24.21,-0.22805612901672073,3.7008779945762345,4.782039661452837
1636121911260,2021-11-05T10:18:31.260,24.22,-0.440089966076885,3.9914816097043215,4.753111412560426
1636121911270,2021-11-05T10:18:31.270,24.23,-0.39820184234875355,4.203961772668304,4.688782492771528
1636121911280,2021-11-05T10:18:31.280,24.24,-0.173621103317953,4.303360732725152,4.686356747027259
1636121911290,2021-11-05T10:18:31.290,24.25,0.0817595296332753,4.24863906333485,4.833779479099758
1636121911300,2021-11-05T10:18:31.300,24.26,0.26234426416023865,4.076888489303682,5.0899672501936095
1636121911310,2021-11-05T10:18:31.310,24.27,0.43485973578770765,3.9058164788835246,5.306863075252551
1636121911320,2021-11-05T10:18:31.320,24.28,0.6555270301687732,3.8225746681073485,5.368171125520343
1636121911330,2021-11-05T10:18:31.330,24.29,0.7774560358122968,3.8561326398991804,5.261625590268032
1636121911340,2021-11-05T10:18:31.340,24.3,0.7230027054325691,4.049700404500909,5.050724908427496
1636121911350,2021-11-05T10:18:31.350,24.31,0.6890980510859801,4.430880501464598,4.8283366740668034
1636121911360,2021-11-05T10:18:31.360,24.32,0.7520507911968789,4.933962053762959,4.669275341970848
1636121911370,2021-11-05T10:18:31.370,24.33,0.6689833667448966,5.467775787337958,4.598043988319921
1636121911380,2021-11-05T10:18:31.380,24.34,0.40857268821445314,5.999477502789263,4.6183617211970915
1636121911390,2021-11-05T10:18:31.390,24.35,0.35624473818854063,6.478009335902954,4.75446853965903
1636121911400,2021-11-05T10:18:31.400,24.36,0.6655731198452117,6.780920270745845,5.007126141133598
1636121911410,2021-11-05T10:18:31.410,24.37,0.9582029340034101,6.848966256326026,5.274453299901318
1636121911420,2021-11-05T10:18:31.420,24.38,0.9405078604757998,6.790636271882352,5.406075445923941
1636121911430,2021-11-05T10:18:31.430,24.39,0.8335620791457692,6.762467651042999,5.378520651568976
1636121911440,2021-11-05T10:18:31.440,24.4,0.9828001485977917,6.814148584608111,5.317630644590533
1636121911450,2021-11-05T10:18:31.450,24.41,1.3732470514400958,6.917910104734547,5.288719823324136
1636121911460,2021-11-05T10:18:31.460,24.42,1.6931459152833341,7.069573172440835,5.200547323345883
1636121911470,2021-11-05T10:18:31.470,24.43,1.7274192353470936,7.277235509575663,4.991951044293977
1636121911480,2021-11-05T10:18:31.480,24.44,1.558104488246237,7.51622725364305,4.752170853334347
1636121911490,2021-11-05T10:18:31.490,24.45,1.4021991957409947,7.771511251712004,4.566042770408765
1636121911500,2021-11-05T10:18:31.500,24.46,1.3793897286092682,8.04423216634178,4.3892476827287235
1636121911510,2021-11-05T10:18:31.510,24.47,1.4721908954007015,8.259638871480142,4.1601449012361575
1636121911520,2021-11-05T10:18:31.520,24.48,1.5903105542264906,8.318392475665366,3.9160560787792216
1636121911530,2021-11-05T10:18:31.530,24.49,1.633942543133265,8.299095199353957,3.7419219544212083
1636121911540,2021-11-05T10:18:31.540,24.5,1.5882165332758955,8.39442273935969,3.684421937554874
1636121911550,2021-11-05T10:18:31.550,24.51,1.5526019244795108,8.601352817191092,3.730666184847392
1636121911560,2021-11-05T10:18:31.560,24.52,1.6059471804400323,8.731566654390944,3.824186859132068
1636121911570,2021-11-05T10:18:31.570,24.53,1.6914122546283283,8.7378007885766,3.921555214708109
1636121911580,2021-11-05T10:18:31.580,24.54,1.707939730433738,8.766166496385,4.046558156075189
1636121911590,2021-11-05T10:18:31.590,24.55,1.6735327543131517,8.89506963595742,4.2412531967372225
1636121911600,2021-11-05T10:18:31.600,24.56,1.7128493393427715,9.045149377337067,4.462005560359783
1636121911610,2021-11-05T10:18:31.610,24.57,1.858548615101359,9.14446737145975,4.586719616830067
1636121911620,2021-11-05T10:18:31.620,24.58,1.95611948208059,9.224490169354082,4.544067268177622
1636121911630,2021-11-05T10:18:31.630,24.59,1.873718681578914,9.331824307909086,4.387191330347951
1636121911640,2021-11-05T10:18:31.640,24.6,1.727136177558603,9.443152354197775,4.223779925925902
1636121911650,2021-11-05T10:18:31.650,24.61,1.7393773721548087,9.522801535419099,4.11901653107759
1636121911660,2021-11-05T10:18:31.660,24.62,1.9150151890561689,9.607161585119545,4.073295775617003
1636121911670,2021-11-05T10:18:31.670,24.63,2.018250445744768,9.732590871353853,4.049851446899417
1636121911680,2021-11-05T10:18:31.680,24.64,1.920680395988472,9.83074751554582,4.027075909940054
1636121911690,2021-11-05T10:18:31.690,24.65,1.824041253989786,9.840642560615915,4.043507814618377
1636121911700,2021-11-05T10:18:31.700,24.66,1.9786840661771177,9.83942820955656,4.138972181361447
1636121911710,2021-11-05T10:18:31.710,24.67,2.2829181239133804,9.909323924382083,4.231660874190769
1636121911720,2021-11-05T10:18:31.720,24.68,2.394065117355977,10.02923222865066,4.170235249392393
1636121911730,2021-11-05T10:18:31.730,24.69,2.1940945111063015,10.205646530429771,3.959900507513894
1636121911740,2021-11-05T10:18:31.740,24.7,1.9114252028285086,10.492543397547681,3.76106723343195
1636121911750,2021-11-05T10:18:31.750,24.71,1.7747453373868225,10.830742412293617,3.5953538916905368
1636121911760,2021-11-05T10:18:31.760,24.72,1.7411824180489222,11.073915188297901,3.3446377542929526
1636121911770,2021-11-05T10:18:31.770,24.73,1.6265144155616889,11.156978631448677,3.1295407200549903
1636121911780,2021-11-05T10:18:31.780,24.74,1.4152986566006072,11.086353268609578,3.219182569250564
1636121911790,2021-11-05T10:18:31.790,24.75,1.3704401393734762,10.85691778833371,3.444742309528924
1636121911800,2021-11-05T10:18:31.800,24.76,1.72417457269319,10.529546002078487,3.3381776242876477
1636121911810,2021-11-05T10:18:31.810,24.77,2.2357880321436014,10.290368580914361,2.9618569088261175
1636121911820,2021-11-05T10:18:31.820,24.78,2.3905052068609685,10.287511317618593,2.86860067360994
1636121911830,2021-11-05T10:18:31.830,24.79,2.1943263756201414,10.474578461335835,3.2010861843530205
1636121911840,2021-11-05T10:18:31.840,24.8,2.230065087908081,10.70265288419806,3.545186032648644
1636121911850,2021-11-05T10:18:31.850,24.81,2.676413274268434,10.884821789741782,3.6211934856397177
1636121911860,2021-11-05T10:18:31.860,24.82,2.9585552418376952,11.007701545612257,3.526547779751393
1636121911870,2021-11-05T10:18:31.870,24.83,2.6725378975537497,11.085602378088922,3.399442475739452
1636121911880,2021-11-05T10:18:31.880,24.84,2.1815875804507243,11.179114255497009,3.263439860281485
1636121911890,2021-11-05T10:18:31.890,24.85,2.00053143670834,11.371401944484512,3.1182018790967083
1636121911900,2021-11-05T10:18:31.900,24.86,2.11450345069999,11.657820293853078,2.95549625930136
1636121911910,2021-11-05T10:18:31.910,24.87,2.16357059694345,11.91692214411827,2.7504324057177865
1636121911920,2021-11-05T10:18:31.920,24.88,1.9825565015806728,12.035024367492484,2.519636374553491
1636121911930,2021-11-05T10:18:31.930,24.89,1.749581925449506,12.019196649631468,2.3202224712256987
1636121911940,2021-11-05T10:18:31.940,24.9,1.7155951244883534,11.92241431279874,2.1750381852788925
1636121911950,2021-11-05T10:18:31.950,24.91,1.9217393211310938,11.693393901220766,2.0663735250189834
1636121911960,2021-11-05T10:18:31.960,24.92,2.199260969718729,11.315378950964508,1.982070148630112
1636121911970,2021-11-05T10:18:31.970,24.93,2.380933478017756,11.109513835444258,1.8913134063808617
1636121911980,2021-11-05T10:18:31.980,24.94,2.4512323633171986,11.451181698853095,1.7235271242309254
1636121911990,2021-11-05T10:18:31.990,24.95,2.51248874577235,12.079853556158211,1.4566036411977805
1636121912000,2021-11-05T10:18:32.000,24.96,2.6307330204136803,12.320278756599272,1.1556788116413816
1636121912010,2021-11-05T10:18:32.010,24.97,2.7044072322039856,12.093657437732482,0.8624163031166527
1636121912020,2021-11-05T10:18:32.020,24.98,2.570519920761356,11.988999469497122,0.5633733326239065
1636121912030,2021-11-05T10:18:32.030,24.99,2.3002237929297333,12.312057153955301,0.2990524457011029
1636121912040,2021-11-05T10:18:32.040,25.0,2.191110778214413,12.771196142351041,0.1307489119943914
1636121912050,2021-11-05T10:18:32.050,25.01,2.3429497942231277,13.065561144589115,-0.018531793870242595
1636121912060,2021-11-05T10:18:32.060,25.02,2.50428848003956,13.205895014364785,-0.2989962293691445
1636121912070,2021-11-05T10:18:32.070,25.03,2.491259079303985,13.284933875014346,-0.7050661483785224
1636121912080,2021-11-05T10:18:32.080,25.04,2.4653970929463176,13.322769457336095,-1.07188796709772
1636121912090,2021-11-05T10:18:32.090,25.05,2.604046158382315,13.353399704349851,-1.2767007455503883
1636121912100,2021-11-05T10:18:32.100,25.06,2.7528984345354814,13.444004595447788,-1.333106178578487
1636121912110,2021-11-05T10:18:32.110,25.07,2.6755114594434755,13.594799726636362,-1.3372836894432525
1636121912120,2021-11-05T10:18:32.120,25.08,2.4937284849637913,13.73864619774697,-1.3802916707879156
1636121912130,2021-11-05T10:18:32.130,25.09,2.529562825545269,13.856880733298194,-1.46361389921491
1636121912140,2021-11-05T10:18:32.140,25.1,2.759577922674091,13.996468561619638,-1.5141370101523306
1636121912150,2021-11-05T10:18:32.150,25.11,2.8253034441266283,14.165699331006312,-1.5249865806195566
1636121912160,2021-11-05T10:18:32.160,25.12,2.581221014640605,14.319630971500143,-1.5890006567315587
1636121912170,2021-11-05T10:18:32.170,25.13,2.249332528360071,14.452046745408541,-1.7251787346185012
1636121912180,2021-11-05T10:18:32.180,25.14,2.0606458193244928,14.586974945108935,-1.796793949563635
1636121912190,2021-11-05T10:18:32.190,25.15,2.046856738727889,14.684582432359967,-1.7062800701182326
1636121912200,2021-11-05T10:18:32.200,25.16,2.0986874907818103,14.685664336960919,-1.5622717128812098
1636121912210,2021-11-05T10:18:32.210,25.17,2.0609718650558433,14.64281772555707,-1.5233821025882657
1636121912220,2021-11-05T10:18:32.220,25.18,1.9182047680502143,14.672272276159433,-1.5654865844456964
1636121912230,2021-11-05T10:18:32.230,25.19,1.8730818533819042,14.787988573582183,-1.5684472355620391
1636121912240,2021-11-05T10:18:32.240,25.2,2.0088450126527118,14.913127031811232,-1.5707437124090662
1636121912250,2021-11-05T10:18:32.250,25.21,2.0710403782160682,15.021164779262664,-1.7299551799331978
1636121912260,2021-11-05T10:18:32.260,25.22,1.9044186792226951,15.11938948939638,-2.0385116092840936
1636121912270,2021-11-05T10:18:32.270,25.23,1.7473688507133702,15.122991787770363,-2.301311800798684
1636121912280,2021-11-05T10:18:32.280,25.24,1.7332988630884079,14.903666990497236,-2.4320483026529467
1636121912290,2021-11-05T10:18:32.290,25.25,1.6262399724315473,14.463921948765408,-2.537600009859146
1636121912300,2021-11-05T10:18:32.300,25.26,1.421935668897574,13.946699882610679,-2.651895543926344
1636121912310,2021-11-05T10:18:32.310,25.27,1.522806692269511,13.508951313962065,-2.6554394538369825
1636121912320,2021-11-05T10:18:32.320,25.28,1.9132473187473793,13.274723005968106,-2.538725329125251
1636121912330,2021-11-05T10:18:32.330,25.29,1.9494087055426266,13.243990593761374,-2.48623292838908
1636121912340,2021-11-05T10:18:32.340,25.3,1.4071132479791135,13.039589564594777,-2.6445747010163947
1636121912350,2021-11-05T10:18:32.350,25.31,0.9235175741702947,11.928254378108191,-2.9791306360582746
1636121912360,2021-11-05T10:18:32.360,25.32,0.9638994318091167,9.391230328437263,-3.27502752660892
1636121912370,2021-11-05T10:18:32.370,25.33,1.1531353691817467,5.607103188966646,-3.1879373439187586
1636121912380,2021-11-05T10:18:32.380,25.34,1.0347782630609297,1.2398854554756993,-2.546970160719585
1636121912390,2021-11-05T10:18:32.390,25.35,0.7748742859942421,-3.0478346039612885,-1.658933876709441
1636121912400,2021-11-05T10:18:32.400,25.36,0.7723120850615306,-6.744292383912994,-1.0042675874596856
1636121912410,2021-11-05T10:18:32.410,25.37,1.0796631450469003,-9.461721379744425,-0.6881096654230638
1636121912420,2021-11-05T10:18:32.420,25.38,1.3860309499898285,-11.05376707433984,-0.5160923828102567
1636121912430,2021-11-05T10:18:32.430,25.39,1.3017953400656535,-11.6598032791284,-0.4347650752114787
1636121912440,2021-11-05T10:18:32.440,25.4,0.6944360983566973,-11.46640749242073,-0.5430273308184368
1636121912450,2021-11-05T10:18:32.450,25.41,-0.1679869461412643,-10.494293704814389,-0.8489436529057791
1636121912460,2021-11-05T10:18:32.460,25.42,-0.9481899155843003,-8.702930365569738,-1.2909629415474748
1636121912470,2021-11-05T10:18:32.470,25.43,-1.5910596199106122,-6.214040770962262,-1.824320163271596
1636121912480,2021-11-05T10:18:32.480,25.44,-2.1519621591468123,-3.3655347150423975,-2.3458845071869456
1636121912490,2021-11-05T10:18:32.490,25.45,-2.595979617604396,-0.5981673343957847,-2.7534693309902574
1636121912500,2021-11-05T10:18:32.500,25.46,-2.972758759383905,1.713530566137068,-3.119795914386672
1636121912510,2021-11-05T10:18:32.510,25.47,-3.3479390416111476,3.382164099071109,-3.542464182368171
1636121912520,2021-11-05T10:18:32.520,25.48,-3.446142432253178,4.368019206820031,-3.857017838388786
1636121912530,2021-11-05T10:18:32.530,25.49,-2.9133477185176693,4.652602864844364,-3.8150063494783297
1636121912540,2021-11-05T10:18:32.540,25.5,-1.9607698678032786,4.242714269983912,-3.4927305304644154
1636121912550,2021-11-05T10:18:32.550,25.51,-1.2593961102442646,3.290457914882448,-3.197976115312228
1636121912560,2021-11-05T10:18:32.560,25.52,-1.2875043389525542,2.1035888817336605,-3.021244803111461
1636121912570,2021-11-05T10:18:32.570,25.53,-1.9382299887273569,0.9709686187667838,-2.790385120106706
1636121912580,2021-11-05T10:18:32.580,25.54,-2.489431823783931,-0.06041210304935227,-2.444144806883339
1636121912590,2021-11-05T10:18:32.590,25.55,-2.2613847757054835,-1.2531458690807908,-2.1629504717657455
1636121912600,2021-11-05T10:18:32.600,25.56,-1.6526378273232598,-2.9742586567745293,-2.0858261678654264
1636121912610,2021-11-05T10:18:32.610,25.57,-1.756048316002123,-5.412564010183059,-2.097300940555892
1636121912620,2021-11-05T10:18:32.620,25.58,-2.7177613854252787,-8.578707018408165,-1.969306901697205
1636121912630,2021-11-05T10:18:32.630,25.59,-3.5973420739303226,-12.526133357459251,-1.5962947001759789
1636121912640,2021-11-05T10:18:32.640,25.6,-3.912038274169591,-17.34984217335562,-1.0070894488228475
1636121912650,2021-11-05T10:18:32.650,25.61,-4.029214641034269,-22.904960210284063,-0.2196683948857172
1636121912660,2021-11-05T10:18:32.660,25.62,-4.0525415276395895,-28.66880335885903,0.780942407255329
1636121912670,2021-11-05T10:18:32.670,25.63,-3.6344460331300805,-33.96583743975806,1.9012163821583883
1636121912680,2021-11-05T10:18:32.680,25.64,-2.95613208382439,-38.359170530157755,2.918712359821294
1636121912690,2021-11-05T10:18:32.690,25.65,-2.792344778023892,-41.906473692187745,3.7072997305886464
1636121912700,2021-11-05T10:18:32.700,25.66,-3.505240303658266,-45.03976179943389,4.367383088078203
1636121912710,2021-11-05T10:18:32.710,25.67,-4.695629474468576,-48.11231276967566,5.017607535153359
1636121912720,2021-11-05T10:18:32.720,25.68,-5.791161252670539,-51.098864517600425,5.59451597143752
1636121912730,2021-11-05T10:18:32.730,25.69,-6.525436433846172,-53.78744862314393,5.9839646814802645
1636121912740,2021-11-05T10:18:32.740,25.7,-6.967223667443571,-56.06937042695348,6.204984304952905
1636121912750,2021-11-05T10:18:32.750,25.71,-7.321376160295205,-57.87627822985305,6.333418577245023
1636121912760,2021-11-05T10:18:32.760,25.72,-7.655558874391007,-59.04657791742012,6.355430315971941
1636121912770,2021-11-05T10:18:32.770,25.73,-7.839539679323499,-59.46897887440324,6.20405095218716
1636121912780,2021-11-05T10:18:32.780,25.74,-7.83019799684709,-59.20198191345904,5.889115417699708
1636121912790,2021-11-05T10:18:32.790,25.75,-7.924776760693664,-58.33448743889632,5.52682072574558
1636121912800,2021-11-05T10:18:32.800,25.76,-8.486004634338958,-56.917469847615635,5.200364642635149
1636121912810,2021-11-05T10:18:32.810,25.77,-9.300379306470985,-55.120963509500584,4.765036897877216
1636121912820,2021-11-05T10:18:32.820,25.78,-9.62806295993475,-53.312434850602685,3.921364605276755
1636121912830,2021-11-05T10:18:32.830,25.79,-9.236744102222666,-51.90174861910877,2.649431002490461
1636121912840,2021-11-05T10:18:32.840,25.8,-8.757540227737588,-51.105464921263135,1.429912650419337
1636121912850,2021-11-05T10:18:32.850,25.81,-8.63569015501594,-50.827190786007435,0.7635790155918942
1636121912860,2021-11-05T10:18:32.860,25.82,-8.667166235575204,-50.76884639803516,0.5512524568251436
1636121912870,2021-11-05T10:18:32.870,25.83,-8.847776884183972,-50.63796735092639,0.21589437621078517
1636121912880,2021-11-05T10:18:32.880,25.84,-9.447643383765783,-50.1843652510466,-0.6120901862070187
1636121912890,2021-11-05T10:18:32.890,25.85,-10.064951261817093,-49.13451413006143,-1.7942528737133103
1636121912900,2021-11-05T10:18:32.900,25.86,-9.904575519831218,-47.2982286637913,-3.056518194162104
1636121912910,2021-11-05T10:18:32.910,25.87,-9.067618119895805,-44.74637743523537,-4.371313650578479
1636121912920,2021-11-05T10:18:32.920,25.88,-8.460481145076963,-41.745899658526675,-5.84615668275986
1636121912930,2021-11-05T10:18:32.930,25.89,-8.539158097710816,-38.5399710490029,-7.436901946003074
1636121912940,2021-11-05T10:18:32.940,25.9,-8.957457079387446,-35.288297929898185,-8.951164565301045
1636121912950,2021-11-05T10:18:32.950,25.91,-9.1990798030044,-32.13492357016373,-10.2571660655229
1636121912960,2021-11-05T10:18:32.960,25.92,-9.057268612934188,-29.20617277812667,-11.382450637306844
1636121912970,2021-11-05T10:18:32.970,25.93,-8.734902800615036,-26.594106823838878,-12.444347432978043
1636121912980,2021-11-05T10:18:32.980,25.94,-8.548586274599053,-24.36634199476861,-13.514938666691297
1636121912990,2021-11-05T10:18:32.990,25.95,-8.311726614309604,-22.465011705322183,-14.533348221655809
1636121913000,2021-11-05T10:18:33.000,25.96,-7.387967288693742,-20.62597494812026,-15.393560171028632
1636121913010,2021-11-05T10:18:33.010,25.97,-5.709729034216808,-18.607290681078844,-16.148045790589556
1636121913020,2021-11-05T10:18:33.020,25.98,-4.177631713383222,-16.4923409789595,-17.024101374491163
1636121913030,2021-11-05T10:18:33.030,25.99,-3.6355267663925277,-14.58465784610059,-18.168301326105663
1636121913040,2021-11-05T10:18:33.040,26.0,-3.9838287505413508,-13.03702077651483,-19.469922009785062
1636121913050,2021-11-05T10:18:33.050,26.01,-4.582401096413376,-11.753206521872965,-20.704323305119885
1636121913060,2021-11-05T10:18:33.060,26.02,-4.9995538163796605,-10.61698327953123,-21.759049312019915
1636121913070,2021-11-05T10:18:33.070,26.03,-5.191233795546873,-9.66349708068341,-22.67158591104438
1636121913080,2021-11-05T10:18:33.080,26.04,-5.364137673153876,-9.013450413033697,-23.532596496270944
1636121913090,2021-11-05T10:18:33.090,26.05,-5.7169314898120085,-8.695176295636378,-24.39119045132599
1636121913100,2021-11-05T10:18:33.100,26.06,-6.106046219420096,-8.524690748155145,-25.210570187921647
1636121913110,2021-11-05T10:18:33.110,26.07,-6.12737443894035,-8.180753161742656,-25.902350623343885
1636121913120,2021-11-05T10:18:33.120,26.08,-5.652827159170666,-7.459960752304818,-26.40969990626111
1636121913130,2021-11-05T10:18:33.130,26.09,-5.0577386763868155,-6.418806354688618,-26.755510241404487
1636121913140,2021-11-05T10:18:33.140,26.1,-4.811930519004928,-5.186367361571449,-27.023466464252785
1636121913150,2021-11-05T10:18:33.150,26.11,-4.972769148202227,-3.7385031878670754,-27.29062751735836
1636121913160,2021-11-05T10:18:33.160,26.12,-5.193010381158869,-2.014307681969076,-27.565305681765103
1636121913170,2021-11-05T10:18:33.170,26.13,-5.238118630519257,-0.14727230210572312,-27.809616667974467
1636121913180,2021-11-05T10:18:33.180,26.14,-5.282760879962825,1.63330200923626,-28.026976608744196
1636121913190,2021-11-05T10:18:33.190,26.15,-5.51779731942311,3.248872569792943,-28.288896722332865
1636121913200,2021-11-05T10:18:33.200,26.16,-5.772993976865788,4.720738624694103,-28.669963679362215
1636121913210,2021-11-05T10:18:33.210,26.17,-5.835418625090661,5.9761512635806255,-29.18363374354934
1636121913220,2021-11-05T10:18:33.220,26.18,-5.8182019406041805,6.9106559914695085,-29.767309249481542
1636121913230,2021-11-05T10:18:33.230,26.19,-5.867612189684369,7.557036896493112,-30.31149557067375
1636121913240,2021-11-05T10:18:33.240,26.2,-5.764183774540967,8.025850389284653,-30.740242449160842
1636121913250,2021-11-05T10:18:33.250,26.21,-5.166856490451167,8.36755814349787,-31.079861852151293
1636121913260,2021-11-05T10:18:33.260,26.22,-4.146648425459737,8.62816910675307,-31.40477356691685
1636121913270,2021-11-05T10:18:33.270,26.23,-3.1504536984076035,8.954277459314197,-31.71739043611028
1636121913280,2021-11-05T10:18:33.280,26.24,-2.4031789528847427,9.506046338044278,-31.945930530265258
1636121913290,2021-11-05T10:18:33.290,26.25,-1.702172581692944,10.289289964128317,-32.06319504755757
1636121913300,2021-11-05T10:18:33.300,26.26,-0.9624404790615119,11.16619873732612,-32.14570589044635
1636121913310,2021-11-05T10:18:33.310,26.27,-0.5283132284254457,12.033213440897232,-32.300204854712376
1636121913320,2021-11-05T10:18:33.320,26.28,-0.6228817533070904,12.914349258508512,-32.56633528371346
1636121913330,2021-11-05T10:18:33.330,26.29,-0.9262954588119204,13.85777068080736,-32.91321125996529
1636121913340,2021-11-05T10:18:33.340,26.3,-1.0839676607334274,14.807273512869152,-33.31261846043044
1636121913350,2021-11-05T10:18:33.350,26.31,-1.1847095005647907,15.636152964322116,-33.76147114479428
1636121913360,2021-11-05T10:18:33.360,26.32,-1.3603058617070178,16.28423724353334,-34.2183121533294
1636121913370,2021-11-05T10:18:33.370,26.33,-1.4007864149534661,16.803275054922903,-34.59642274119999
1636121913380,2021-11-05T10:18:33.380,26.34,-1.1460070065134778,17.27795421841484,-34.8755430276494
1636121913390,2021-11-05T10:18:33.390,26.35,-0.8156722428016066,17.758811193454473,-35.14887510283641
1636121913400,2021-11-05T10:18:33.400,26.36,-0.644555886365477,18.256035265090603,-35.4841092407848
1636121913410,2021-11-05T10:18:33.410,26.37,-0.5743485985775078,18.73349298297807,-35.802287928032115
1636121913420,2021-11-05T10:18:33.420,26.38,-0.5014596725513948,19.120482304475843,-35.987943987111514
1636121913430,2021-11-05T10:18:33.430,26.39,-0.46147717778975506,19.384160973821256,-36.065662310134606
1636121913440,2021-11-05T10:18:33.440,26.4,-0.42743800629811773,19.574579927588307,-36.158709319472464
1636121913450,2021-11-05T10:18:33.450,26.41,-0.25919947719508374,19.75812116560298,-36.31213003095619
1636121913460,2021-11-05T10:18:33.460,26.42,0.014994671342305525,19.926233951834302,-36.46500456699914
1636121913470,2021-11-05T10:18:33.470,26.43,0.1273876574211381,19.997091484928646,-36.5657176259959
1636121913480,2021-11-05T10:18:33.480,26.44,-0.07637148109381155,19.89421612840089,-36.62832472472274
1636121913490,2021-11-05T10:18:33.490,26.45,-0.3869393339218692,19.61292006283457,-36.70412461714931
1636121913500,2021-11-05T10:18:33.500,26.46,-0.49252488473887857,19.219072747823745,-36.829690146017164
1636121913510,2021-11-05T10:18:33.510,26.47,-0.36824123075006343,18.795604443627628,-36.97070275758433
1636121913520,2021-11-05T10:18:33.520,26.48,-0.224399786607826,18.406601639680762,-37.05764448428698
1636121913530,2021-11-05T10:18:33.530,26.49,-0.1839447614816907,18.116035677559758,-37.10172464974542
1636121913540,2021-11-05T10:18:33.540,26.5,-0.21110501631735035,17.99362332347571,-37.15633810005249
1636121913550,2021-11-05T10:18:33.550,26.51,-0.23256220630821284,18.02168145518901,-37.15940890509405
1636121913560,2021-11-05T10:18:33.560,26.52,-0.1651149216310572,17.98023447606613,-36.99839568979999
1636121913570,2021-11-05T10:18:33.570,26.53,-0.0024987129704337405,17.525037846698833,-36.720364503174295
1636121913580,2021-11-05T10:18:33.580,26.54,0.05482333707672374,16.482888616472017,-36.46636168016211
1636121913590,2021-11-05T10:18:33.590,26.55,-0.14309260756873335,15.050231178803688,-36.19253685693704
1636121913600,2021-11-05T10:18:33.600,26.56,-0.31600005523384617,13.624749664815859,-35.621311887201436
1636121913610,2021-11-05T10:18:33.610,26.57,-0.06582869567126509,12.458097478035437,-34.502289931380204
1636121913620,2021-11-05T10:18:33.620,26.58,0.4336121667105491,11.56470267956874,-32.85382264792053
1636121913630,2021-11-05T10:18:33.630,26.59,0.5597492938993177,10.940422394586818,-30.901065266606157
1636121913640,2021-11-05T10:18:33.640,26.6,0.12126516792013517,10.679220023924314,-28.781330289715065
1636121913650,2021-11-05T10:18:33.650,26.61,-0.38057612404877456,10.807787641586714,-26.416396544518054
1636121913660,2021-11-05T10:18:33.660,26.62,-0.49173947228335985,11.174807475817417,-23.726804268034815
1636121913670,2021-11-05T10:18:33.670,26.63,-0.297626612105166,11.58718155714782,-20.770273595872453
1636121913680,2021-11-05T10:18:33.680,26.64,-0.021231390832225347,11.93366025457918,-17.517137412434337
1636121913690,2021-11-05T10:18:33.690,26.65,0.3219951477082584,12.150789423087652,-13.727043393707316
1636121913700,2021-11-05T10:18:33.700,26.66,0.6723853091110589,12.202738479479075,-9.268711958366215
1636121913710,2021-11-05T10:18:33.710,26.67,0.8915865562005889,12.120121485189589,-4.326280784108098
1636121913720,2021-11-05T10:18:33.720,26.68,1.2253707606757502,11.96581296149553,0.9298289768575165
1636121913730,2021-11-05T10:18:33.730,26.69,2.2367931176824705,11.74860289702902,6.586224499655584
1636121913740,2021-11-05T10:18:33.740,26.7,3.92785217034649,11.414026353559883,12.645262446403494
1636121913750,2021-11-05T10:18:33.750,26.71,5.4547431369895385,10.922795959022611,18.751506055272046
1636121913760,2021-11-05T10:18:33.760,26.72,6.173148857705568,10.319149541119147,24.563819002402674
1636121913770,2021-11-05T10:18:33.770,26.73,6.479996366418808,9.691950694003149,30.150085106282397
1636121913780,2021-11-05T10:18:33.780,26.74,7.0727083869086105,9.060710138050444,35.74060689433945
1636121913790,2021-11-05T10:18:33.790,26.75,7.8703043254186404,8.369332498841478,41.32356767054662
1636121913800,2021-11-05T10:18:33.800,26.76,8.403201536640363,7.630137600175582,46.75697109355439
1636121913810,2021-11-05T10:18:33.810,26.77,8.898674786521717,6.985644713339877,52.08620979009484
1636121913820,2021-11-05T10:18:33.820,26.78,10.120508954449626,6.576916408545679,57.45450440037371
1636121913830,2021-11-05T10:18:33.830,26.79,12.23662667140652,6.433075318749246,62.7685251310683
1636121913840,2021-11-05T10:18:33.840,26.8,14.513890653759542,6.516238759822459,67.6525706483012
1636121913850,2021-11-05T10:18:33.850,26.81,16.126282547464488,6.777640241734048,71.72470050956227
1636121913860,2021-11-05T10:18:33.860,26.82,16.86356098577548,7.154771711185419,74.86378277531881
1636121913870,2021-11-05T10:18:33.870,26.83,17.072852855842946,7.621600831979145,77.27039060791411
1636121913880,2021-11-05T10:18:33.880,26.84,17.197986943899963,8.25851451302509,79.31071053706555
1636121913890,2021-11-05T10:18:33.890,26.85,17.541885625823273,9.168974553949115,81.29869221242781
1636121913900,2021-11-05T10:18:33.900,26.86,18.354540322570564,10.315627623211041,83.43533307097508
1636121913910,2021-11-05T10:18:33.910,26.87,19.759019863649108,11.539817489796736,85.84689077042725
1636121913920,2021-11-05T10:18:33.920,26.88,21.472074287773935,12.742040321598559,88.47131908981648
1636121913930,2021-11-05T10:18:33.930,26.89,22.872747712224793,13.915500752912424,90.82759722138034
1636121913940,2021-11-05T10:18:33.940,26.9,23.355689635018493,14.977103192816777,92.00661622163217
1636121913950,2021-11-05T10:18:33.950,26.91,22.497850301708006,15.723449566814281,91.10299638055083
1636121913960,2021-11-05T10:18:33.960,26.92,20.190851584998413,16.048688137197825,87.8443722783827
1636121913970,2021-11-05T10:18:33.970,26.93,16.873989805942852,16.069653185892772,82.83135593405518
1636121913980,2021-11-05T10:18:33.980,26.94,13.46517792350027,15.931847481311145,77.15301169357554
1636121913990,2021-11-05T10:18:33.990,26.95,10.93652203504784,15.644106528580393,71.80923769387059
1636121914000,2021-11-05T10:18:34.000,26.96,9.873158140355123,15.205459595379807,67.35825668398257
1636121914010,2021-11-05T10:18:34.010,26.97,10.114829440840815,14.723259579579793,63.79929735787273
1636121914020,2021-11-05T10:18:34.020,26.98,10.759807715801117,14.309542884001763,60.72123960674278
1636121914030,2021-11-05T10:18:34.030,26.99,10.904599545926185,13.98048635202348,57.72404782025753
1636121914040,2021-11-05T10:18:34.040,27.0,10.432322143204871,13.653700730330279,54.710263158111175
1636121914050,2021-11-05T10:18:34.050,27.01,9.731373369450242,13.142606754891062,51.75153257575185
1636121914060,2021-11-05T10:18:34.060,27.02,8.839540673324661,12.256935527352056,48.87793870880329
1636121914070,2021-11-05T10:18:34.070,27.03,7.536564167490148,11.013911877954804,46.133396458637286
1636121914080,2021-11-05T10:18:34.080,27.04,6.143643152309787,9.630763771261986,43.65039864800153
1636121914090,2021-11-05T10:18:34.090,27.05,5.322917283441523,8.288337967515957,41.504065514293885
1636121914100,2021-11-05T10:18:34.100,27.06,5.081213915196489,7.078733438244187,39.632245185265674
1636121914110,2021-11-05T10:18:34.110,27.07,4.849693507252628,6.161240105381223,38.01562059669988
1636121914120,2021-11-05T10:18:34.120,27.08,4.452041556555716,5.731140854899226,36.732971126203815
1636121914130,2021-11-05T10:18:34.130,27.09,4.124779599956634,5.785820400294302,35.68258097176665
1636121914140,2021-11-05T10:18:34.140,27.1,3.6922858151603206,6.075706221716542,34.48167203022226
1636121914150,2021-11-05T10:18:34.150,27.11,2.5468730657876706,6.324086966604126,32.885202969824284
1636121914160,2021-11-05T10:18:34.160,27.12,0.6293450910380028,6.416380402478727,31.17337573992423
1636121914170,2021-11-05T10:18:34.170,27.13,-1.0765110811029581,6.416697690759807,29.890632439014613
1636121914180,2021-11-05T10:18:34.180,27.14,-1.4390615045450748,6.505385511256822,29.228246056211784
1636121914190,2021-11-05T10:18:34.190,27.15,-0.3824290495105814,6.849951819709387,28.83943243390288
1636121914200,2021-11-05T10:18:34.200,27.16,1.2101234390825661,7.423481788442328,28.256472601220036
1636121914210,2021-11-05T10:18:34.210,27.17,2.5406330404379567,7.9541938238784144,27.27601578642572
1636121914220,2021-11-05T10:18:34.220,27.18,3.23511777928353,8.104901418268225,25.876188302583245
1636121914230,2021-11-05T10:18:34.230,27.19,2.9791558296890805,7.727024130609562,24.05606184890926
1636121914240,2021-11-05T10:18:34.240,27.2,1.801900794083696,6.965093064426892,22.031495642765506
1636121914250,2021-11-05T10:18:34.250,27.21,0.5929838568936974,6.118537345488598,20.386682970632005
1636121914260,2021-11-05T10:18:34.260,27.22,0.30627993142595444,5.413013357497663,19.637935226232493
1636121914270,2021-11-05T10:18:34.270,27.23,0.763890334971686,4.943121193830709,19.703503019143184
1636121914280,2021-11-05T10:18:34.280,27.24,1.2354364047491773,4.772455606739048,20.134004804638906
1636121914290,2021-11-05T10:18:34.290,27.25,1.8282369591818466,4.951629258957545,20.722264021004747
1636121914300,2021-11-05T10:18:34.300,27.26,3.0413486837034927,5.444185282960445,21.46073852664718
1636121914310,2021-11-05T10:18:34.310,27.27,4.3049712229424495,6.112763162412751,22.081833872004022
1636121914320,2021-11-05T10:18:34.320,27.28,4.442296663954656,6.73725749691914,22.218082342871718
1636121914330,2021-11-05T10:18:34.330,27.29,3.448328424791579,7.05269956672776,21.95723683603009
1636121914340,2021-11-05T10:18:34.340,27.3,2.433282161881087,6.931677981569291,21.704414187595006
1636121914350,2021-11-05T10:18:34.350,27.31,1.919349705322714,6.547676731647729,21.53927960013769
1636121914360,2021-11-05T10:18:34.360,27.32,1.5350862874202789,6.1575819778525,21.189050595446194
1636121914370,2021-11-05T10:18:34.370,27.33,1.267679012849215,5.690840297770967,20.515156174299147
1636121914380,2021-11-05T10:18:34.380,27.34,1.587715947584437,4.792966340176816,19.510653781192275
1636121914390,2021-11-05T10:18:34.390,27.35,2.2183604520912694,3.3820998810095446,17.973924531490542
1636121914400,2021-11-05T10:18:34.400,27.36,2.1386367641667716,1.9608804922296308,15.762532766862257
1636121914410,2021-11-05T10:18:34.410,27.37,1.2380476599926962,1.2069270367783007,13.292364281983925
1636121914420,2021-11-05T10:18:34.420,27.38,0.7364996007910471,1.3237016607563876,11.248120947820034
1636121914430,2021-11-05T10:18:34.430,27.39,1.321524815524255,1.8833224184002166,9.766647378302714
1636121914440,2021-11-05T10:18:34.440,27.4,2.0939657102911067,2.2824249290153014,8.314237550717628
1636121914450,2021-11-05T10:18:34.450,27.41,2.0723715298404706,2.3180898219181567,6.45419076680346
1636121914460,2021-11-05T10:18:34.460,27.42,1.625310287182086,2.2827399426765584,4.439122250672838
1636121914470,2021-11-05T10:18:34.470,27.43,1.8587486928657795,2.4828066966046767,2.940468206303689
1636121914480,2021-11-05T10:18:34.480,27.44,3.2602208781381856,2.785727332777318,2.3591209455893782
1636121914490,2021-11-05T10:18:34.490,27.45,5.125089207038991,2.74513470808564,2.435589503178413
1636121914500,2021-11-05T10:18:34.500,27.46,6.1688974749470935,2.076640061226394,2.46639868677089
1636121914510,2021-11-05T10:18:34.510,27.47,5.740145659120319,0.9185960672883212,1.98334883070843
1636121914520,2021-11-05T10:18:34.520,27.48,4.206672457760802,-0.3156125446059358,1.253884717405565
1636121914530,2021-11-05T10:18:34.530,27.49,2.248671918149697,-1.2938014393622284,0.9553866047863027
1636121914540,2021-11-05T10:18:34.540,27.5,0.3562234509117626,-1.9417376564353632,1.349317539614702
1636121914550,2021-11-05T10:18:34.550,27.51,-0.9860877666595685,-2.2250229473610643,2.0248944600594783
1636121914560,2021-11-05T10:18:34.560,27.52,-1.281845998150672,-1.957822814317589,2.5058353562805267
1636121914570,2021-11-05T10:18:34.570,27.53,-0.5907928173495989,-1.107415267938113,2.799767806092351
1636121914580,2021-11-05T10:18:34.580,27.54,0.23791464365843223,-0.09112743863186798,3.2417728091060405
1636121914590,2021-11-05T10:18:34.590,27.55,0.5171967063875043,0.5476105213238227,4.126565269275309
1636121914600,2021-11-05T10:18:34.600,27.56,0.6863249344794728,0.5312618712572045,5.586476951696772
1636121914610,2021-11-05T10:18:34.610,27.57,1.6173819932852567,-0.18092671458815116,7.452728887897264
1636121914620,2021-11-05T10:18:34.620,27.58,3.3830500051560697,-1.2840966148120387,9.192277759416466
1636121914630,2021-11-05T10:18:34.630,27.59,5.581764864803114,-1.9971738169593738,10.38745010317245
1636121914640,2021-11-05T10:18:34.640,27.6,8.009384534931892,-1.771862157753635,11.19546756810071
1636121914650,2021-11-05T10:18:34.650,27.61,9.726862875587138,-1.0302801019329957,11.885164291808609
1636121914660,2021-11-05T10:18:34.660,27.62,8.865945965983688,-0.46610891824888856,12.258971835376713
1636121914670,2021-11-05T10:18:34.670,27.63,5.3351350344367185,0.05913175868315472,12.191636076601526
1636121914680,2021-11-05T10:18:34.680,27.64,2.0760623286748547,1.1540662437565707,12.173195066804762
1636121914690,2021-11-05T10:18:34.690,27.65,1.4405816518378578,2.843468538884922,12.456665236760688
1636121914700,2021-11-05T10:18:34.700,27.66,2.502502154969001,4.527113947897973,12.49516818108801
1636121914710,2021-11-05T10:18:34.710,27.67,3.906128023484542,5.5141360611906345,12.117819434363554
1636121914720,2021-11-05T10:18:34.720,27.68,6.055237388605736,5.180063582558578,12.019630958882596
1636121914730,2021-11-05T10:18:34.730,27.69,8.496499051923417,3.277277604928865,12.225306504801173
1636121914740,2021-11-05T10:18:34.740,27.7,9.01347813548292,0.49001273120501865,11.622738046383281
1636121914750,2021-11-05T10:18:34.750,27.71,7.147193140185965,-1.9158186830541597,9.756096667506087
1636121914760,2021-11-05T10:18:34.760,27.72,5.258013221083159,-3.1610613404072514,7.608736368072959
1636121914770,2021-11-05T10:18:34.770,27.73,5.206689413913808,-3.177904415487563,6.275908132256088
1636121914780,2021-11-05T10:18:34.780,27.74,6.5251934466445505,-2.048666083711688,6.067312401937777
1636121914790,2021-11-05T10:18:34.790,27.75,7.714642671368543,-0.012201623568695086,6.794090372359953
1636121914800,2021-11-05T10:18:34.800,27.76,7.636368292864714,2.1949339339486067,7.9927916533573224
1636121914810,2021-11-05T10:18:34.810,27.77,6.452818391573564,3.818497581651018,9.153799143696936
1636121914820,2021-11-05T10:18:34.820,27.78,5.9363026888629,4.83570511852594,10.201264455578254
1636121914830,2021-11-05T10:18:34.830,27.79,7.228032596596293,5.702093930566868,11.19824204631995
1636121914840,2021-11-05T10:18:34.840,27.8,8.284609115256401,6.628702168537457,11.458894094738227
1636121914850,2021-11-05T10:18:34.850,27.81,6.248761836098179,7.573102830220513,10.018529378961617
1636121914860,2021-11-05T10:18:34.860,27.82,2.146306326260544,8.493952737349655,7.335746151132312
1636121914870,2021-11-05T10:18:34.870,27.83,-0.26855967065960323,9.095723945811944,5.322572677883265
1636121914880,2021-11-05T10:18:34.880,27.84,0.10836375626170341,8.714844693706587,5.094471964981375
1636121914890,2021-11-05T10:18:34.890,27.85,1.2837317981792715,6.927166517618318,5.67651071803378
1636121914900,2021-11-05T10:18:34.900,27.86,2.0878735933768366,4.164427556331501,5.344059952812643
1636121914910,2021-11-05T10:18:34.910,27.87,2.7541401880524554,1.550659486124593,3.3945096311115934
1636121914920,2021-11-05T10:18:34.920,27.88,2.7710890827638472,-0.0036998965172045095,0.46512154229290426
1636121914930,2021-11-05T10:18:34.930,27.89,1.324992059339853,-0.7049105946735686,-2.104275716358108
1636121914940,2021-11-05T10:18:34.940,27.9,-1.1854546936277834,-1.7890075419956017,-3.1789792870728864
1636121914950,2021-11-05T10:18:34.950,27.91,-4.066189125849721,-4.353185026983549,-2.776761452935843
1636121914960,2021-11-05T10:18:34.960,27.92,-7.342326542789538,-8.245129317995685,-2.22629586026824
1636121914970,2021-11-05T10:18:34.970,27.93,-10.342263045674894,-12.045839765996316,-2.957695729753594
1636121914980,2021-11-05T10:18:34.980,27.94,-11.067559013320368,-14.128529827239117,-5.124176694912177
1636121914990,2021-11-05T10:18:34.990,27.95,-9.026510576549596,-13.90672175493726,-7.8061970114631425
1636121915000,2021-11-05T10:18:35.000,27.96,-7.115953818046069,-12.157685227986708,-10.310518234234365
1636121915010,2021-11-05T10:18:35.010,27.97,-8.114890123110019,-10.230439106769644,-12.455010529171654
1636121915020,2021-11-05T10:18:35.020,27.98,-10.681123782306226,-9.123005739743379,-13.824922507536556
1636121915030,2021-11-05T10:18:35.030,27.99,-11.657793004291083,-9.10585622912254,-14.00109282455372
1636121915040,2021-11-05T10:18:35.040,28.0,-10.871941273162749,-9.683522739208907,-13.620156092568903
1636121915050,2021-11-05T10:18:35.050,28.01,-10.596268663424318,-9.8650338632972,-14.058276612937597
1636121915060,2021-11-05T10:18:35.060,28.02,-11.675599544316766,-8.871784103074182,-15.884627086506793
1636121915070,2021-11-05T10:18:35.070,28.03,-13.064592563443892,-6.729529363994838,-18.441337794165552
1636121915080,2021-11-05T10:18:35.080,28.04,-13.968491856783663,-4.1636189771530665,-20.830057334749306
1636121915090,2021-11-05T10:18:35.090,28.05,-14.242160794161787,-2.0821752132604994,-22.646778915572593
1636121915100,2021-11-05T10:18:35.100,28.06,-13.91917225667276,-1.141332457576878,-24.127089275252764
1636121915110,2021-11-05T10:18:35.110,28.07,-13.751596173266986,-1.4683889112007813,-26.03982861021409
1636121915120,2021-11-05T10:18:35.120,28.08,-14.80071909544749,-2.6314087623730966,-28.82275414092789
1636121915130,2021-11-05T10:18:35.130,28.09,-16.670499282388484,-3.996597690640706,-31.652905986948273
1636121915140,2021-11-05T10:18:35.140,28.1,-17.691596782319507,-5.150832114866329,-33.27291836366912
1636121915150,2021-11-05T10:18:35.150,28.11,-17.54834783668192,-5.9055025067635745,-33.726990013363334
1636121915160,2021-11-05T10:18:35.160,28.12,-18.161772629284535,-6.0476119692284644,-34.26868566947983
1636121915170,2021-11-05T10:18:35.170,28.13,-20.64285050575841,-5.428449476741827,-35.70634377670643
1636121915180,2021-11-05T10:18:35.180,28.14,-22.695458225509917,-4.336680838786203,-37.83501830400012
1636121915190,2021-11-05T10:18:35.190,28.15,-21.652424930831273,-3.4527987205813195,-40.19922343849011
1636121915200,2021-11-05T10:18:35.200,28.16,-19.114656153595195,-3.3027526151218654,-42.3695787947675
1636121915210,2021-11-05T10:18:35.210,28.17,-18.640090304004485,-3.9657317275802986,-43.75037528422127
1636121915220,2021-11-05T10:18:35.220,28.18,-19.868301207700846,-5.284367484529183,-44.14382589196809
1636121915230,2021-11-05T10:18:35.230,28.19,-19.75668748535129,-7.013115912206107,-44.326702016951536
1636121915240,2021-11-05T10:18:35.240,28.2,-18.12364172483444,-8.74534245115796,-45.24147078944223
1636121915250,2021-11-05T10:18:35.250,28.21,-17.058978802273266,-10.064038337441886,-46.84310360184086
1636121915260,2021-11-05T10:18:35.260,28.22,-16.731110573266935,-10.889538701250949,-48.400165324391224
1636121915270,2021-11-05T10:18:35.270,28.23,-15.929459241489791,-11.469825398907268,-49.58653887377381
1636121915280,2021-11-05T10:18:35.280,28.24,-14.857728521409875,-11.998181798216239,-50.58314436936604
1636121915290,2021-11-05T10:18:35.290,28.25,-14.34958737749895,-12.461076159627002,-51.33816716181208
1636121915300,2021-11-05T10:18:35.300,28.26,-14.010009406511895,-12.85348229529163,-51.46607730300697
1636121915310,2021-11-05T10:18:35.310,28.27,-13.208509685667979,-13.237004512913328,-50.98474647029012
1636121915320,2021-11-05T10:18:35.320,28.28,-12.473099901885966,-13.505871555128113,-50.62542335710529
1636121915330,2021-11-05T10:18:35.330,28.29,-12.546291999725831,-13.379904794256873,-51.11839830916462
1636121915340,2021-11-05T10:18:35.340,28.3,-13.173330372841056,-12.767688724906822,-52.39710098122633
1636121915350,2021-11-05T10:18:35.350,28.31,-13.522452132692894,-11.944676992720943,-53.727693668979484
1636121915360,2021-11-05T10:18:35.360,28.32,-13.12625271830813,-11.271208699602305,-54.518292586313564
1636121915370,2021-11-05T10:18:35.370,28.33,-12.281827444496809,-10.872383289510841,-54.78832558758839
1636121915380,2021-11-05T10:18:35.380,28.34,-11.634697975336447,-10.642017729594247,-54.80516759801026
1636121915390,2021-11-05T10:18:35.390,28.35,-11.141291155331446,-10.437992509055707,-54.545362123245695
1636121915400,2021-11-05T10:18:35.400,28.36,-10.069948593042525,-10.220040719726986,-53.91362783719247
1636121915410,2021-11-05T10:18:35.410,28.37,-8.590319887616294,-10.056880372346285,-53.3988357788297
1636121915420,2021-11-05T10:18:35.420,28.38,-8.150771956517971,-10.060489752759242,-53.84654942853562
1636121915430,2021-11-05T10:18:35.430,28.39,-9.316637002062063,-10.334079185093287,-55.278046175465455
1636121915440,2021-11-05T10:18:35.440,28.4,-10.535273753906766,-10.924327452572717,-56.54271904370853
1636121915450,2021-11-05T10:18:35.450,28.41,-10.20854989950043,-11.710346887451097,-56.627010296917554
1636121915460,2021-11-05T10:18:35.460,28.42,-8.806779739165044,-12.345736710392032,-55.68853646522679
1636121915470,2021-11-05T10:18:35.470,28.43,-7.688369533627532,-12.485485770223082,-54.221860394507374
1636121915480,2021-11-05T10:18:35.480,28.44,-6.878805687486016,-12.17043010613825,-52.040239780752806
1636121915490,2021-11-05T10:18:35.490,28.45,-5.396478887178562,-11.830077871813755,-48.975078153869674
1636121915500,2021-11-05T10:18:35.500,28.46,-3.147755308428251,-11.742168357349694,-45.8119247185422
1636121915510,2021-11-05T10:18:35.510,28.47,-1.344970752752462,-11.647387750979,-43.48514018552586
1636121915520,2021-11-05T10:18:35.520,28.48,-1.166448784791016,-11.119456989831422,-41.79710068788657
1636121915530,2021-11-05T10:18:35.530,28.49,-2.4089234910383017,-10.152103725530033,-39.69143412714465
1636121915540,2021-11-05T10:18:35.540,28.5,-3.4549407477899283,-9.09660571224672,-36.420237263154625
1636121915550,2021-11-05T10:18:35.550,28.51,-2.905210662494653,-8.137471703602895,-31.940949953232963
1636121915560,2021-11-05T10:18:35.560,28.52,-1.3756209436456617,-7.146966767063022,-26.600758258494594
1636121915570,2021-11-05T10:18:35.570,28.53,-0.7401159732858666,-6.062143278700413,-21.13197721647585
1636121915580,2021-11-05T10:18:35.580,28.54,-1.325655166923196,-5.129076106290382,-16.9703581535479
1636121915590,2021-11-05T10:18:35.590,28.55,-1.5025972168286243,-4.609401209257031,-15.782890983475115
1636121915600,2021-11-05T10:18:35.600,28.56,-0.6481770539761555,-4.376655864433976,-17.86319989350811
1636121915610,2021-11-05T10:18:35.610,28.57,-0.28992143761126266,-4.033491272605928,-21.21507028377536
1636121915620,2021-11-05T10:18:35.620,28.58,-1.3394338172802027,-3.418431388154911,-23.088854157440384
1636121915630,2021-11-05T10:18:35.630,28.59,-2.5678949586911273,-2.767169388704942,-22.414463694031987
1636121915640,2021-11-05T10:18:35.640,28.6,-2.8123526798980025,-2.318394440886556,-20.017815201785343
1636121915650,2021-11-05T10:18:35.650,28.61,-2.3784758484152406,-1.9764965796838054,-16.66827703930751
1636121915660,2021-11-05T10:18:35.660,28.62,-1.390188826550205,-1.492538008231366,-12.039476086181256
1636121915670,2021-11-05T10:18:35.670,28.63,1.0505042962711382,-0.8327723787083285,-6.042650275571246
1636121915680,2021-11-05T10:18:35.680,28.64,4.854518073810317,-0.20248773926789088,-0.34674531863491875
1636121915690,2021-11-05T10:18:35.690,28.65,7.692976372235517,0.21488820172931372,2.610656442150748
1636121915700,2021-11-05T10:18:35.700,28.66,7.294065886092124,0.38078936719111367,2.2438319410906713
1636121915710,2021-11-05T10:18:35.710,28.67,4.261705428462802,0.3243409453464892,0.3891364756339342
1636121915720,2021-11-05T10:18:35.720,28.68,1.394314973293939,0.08385211644330547,-1.0040874453904118
1636121915730,2021-11-05T10:18:35.730,28.69,0.6040603789012329,-0.2983010556200361,-1.3688076069770545
1636121915740,2021-11-05T10:18:35.740,28.7,1.3072533390732524,-0.7744891941001413,-0.41745039563220787
1636121915750,2021-11-05T10:18:35.750,28.71,1.8803334722971368,-1.2721589510490832,2.2109518952537006
1636121915760,2021-11-05T10:18:35.760,28.72,2.3029390625536585,-1.716737817319729,5.150003685019315
1636121915770,2021-11-05T10:18:35.770,28.73,4.110746262201493,-2.1243402067668358,5.665688455812504
1636121915780,2021-11-05T10:18:35.780,28.74,7.123104200552477,-2.632781242473174,3.473511202121146
1636121915790,2021-11-05T10:18:35.790,28.75,8.607768627718428,-3.373303904572543,1.8076329044282125
1636121915800,2021-11-05T10:18:35.800,28.76,7.348698454488123,-4.297569916752229,2.9676401002669763
1636121915810,2021-11-05T10:18:35.810,28.77,5.689025400511655,-5.182035932132864,5.154234861233842
1636121915820,2021-11-05T10:18:35.820,28.78,5.625411675094834,-5.8250963536749385,5.405567911776307
1636121915830,2021-11-05T10:18:35.830,28.79,6.009064071723489,-6.182051047591336,3.541365166865064
1636121915840,2021-11-05T10:18:35.840,28.8,5.467606409039867,-6.332454492772859,1.5894967042687913
1636121915850,2021-11-05T10:18:35.850,28.81,4.921427349320132,-6.429121605810449,0.8671251191383882
1636121915860,2021-11-05T10:18:35.860,28.82,5.374275232776727,-6.588096590533334,1.0232628949678235
1636121915870,2021-11-05T10:18:35.870,28.83,5.977647807144206,-6.667490650744259,1.2573042953405644
1636121915880,2021-11-05T10:18:35.880,28.84,5.821753448243709,-6.372425024347679,1.572491248220218
1636121915890,2021-11-05T10:18:35.890,28.85,5.395886190158231,-5.8126962864973315,2.691399694348712
1636121915900,2021-11-05T10:18:35.900,28.86,5.371086162890832,-5.622134128252107,4.884111631960758
1636121915910,2021-11-05T10:18:35.910,28.87,5.735103703721059,-6.197203402348327,7.326081534599653
1636121915920,2021-11-05T10:18:35.920,28.88,6.2115928978923645,-7.073498267585025,8.961028849563615
1636121915930,2021-11-05T10:18:35.930,28.89,6.273603134949067,-7.339353209914426,9.653089548485074
1636121915940,2021-11-05T10:18:35.940,28.9,5.510919354646013,-6.662090025321623,10.137177823374586
1636121915950,2021-11-05T10:18:35.950,28.91,4.555419129748816,-5.790801192724363,11.115440644992983
1636121915960,2021-11-05T10:18:35.960,28.92,4.265043485921551,-5.770884809482217,12.680369071677543
1636121915970,2021-11-05T10:18:35.970,28.93,4.270018519287429,-6.6798175195194665,14.506212811781866
1636121915980,2021-11-05T10:18:35.980,28.94,4.0712746763689,-7.644695156851357,16.40737959800502
1636121915990,2021-11-05T10:18:35.990,28.95,4.43651700504968,-8.08354550958882,18.423395227862084
1636121916000,2021-11-05T10:18:36.000,28.96,5.62030652591952,-8.268836670752068,20.199406150974454
1636121916010,2021-11-05T10:18:36.010,28.97,5.878589130209139,-8.613070764451056,20.839896421249513
1636121916020,2021-11-05T10:18:36.020,28.98,4.038543413706035,-9.02248147683475,19.950177316788206
1636121916030,2021-11-05T10:18:36.030,28.99,1.6912906245363397,-9.180592488070225,18.31604412053101
1636121916040,2021-11-05T10:18:36.040,29.0,0.7032476950030939,-9.077430727755926,16.93658841676364
1636121916050,2021-11-05T10:18:36.050,29.01,0.5340362399590124,-8.963800786760082,15.937822413980012
1636121916060,2021-11-05T10:18:36.060,29.02,-0.09244934742829289,-8.980713819442338,14.98268593660716
1636121916070,2021-11-05T10:18:36.070,29.03,-0.8550705459774408,-9.108178388977311,14.087552522532064
1636121916080,2021-11-05T10:18:36.080,29.04,-0.8838852921818728,-9.360225846487149,13.46695741945269
1636121916090,2021-11-05T10:18:36.090,29.05,-0.45738404457465826,-9.786329774029824,13.106113890269118
1636121916100,2021-11-05T10:18:36.100,29.06,-0.23215376024352735,-10.343005317240857,12.898302403049481
1636121916110,2021-11-05T10:18:36.110,29.07,0.022574583743958033,-10.91946545537029,12.810845848447148
1636121916120,2021-11-05T10:18:36.120,29.08,0.9000976798482468,-11.431842463005303,12.738240814425694
1636121916130,2021-11-05T10:18:36.130,29.09,2.29398727266161,-11.820035113649414,12.522411459421503
1636121916140,2021-11-05T10:18:36.140,29.1,3.46602858461861,-12.03491682474684,12.13389601497665
1636121916150,2021-11-05T10:18:36.150,29.11,3.8412576332923747,-12.076641702704698,11.621006843409472
1636121916160,2021-11-05T10:18:36.160,29.12,3.5146980578561835,-11.980009385333513,11.09429018517175
1636121916170,2021-11-05T10:18:36.170,29.13,3.0840652067592504,-11.763798462705502,10.929447391645017
1636121916180,2021-11-05T10:18:36.180,29.14,2.988800963813405,-11.485182430754588,11.547338290863301
1636121916190,2021-11-05T10:18:36.190,29.15,3.085866994283918,-11.296094757633757,12.785895322293108
1636121916200,2021-11-05T10:18:36.200,29.16,3.030243263069191,-11.268495678736851,14.023989988239245
1636121916210,2021-11-05T10:18:36.210,29.17,2.873637857656467,-11.195396419507427,15.061111651903445
1636121916220,2021-11-05T10:18:36.220,29.18,2.925020211766695,-10.785850469733852,16.198308226215794
1636121916230,2021-11-05T10:18:36.230,29.19,3.123466197359445,-10.042080905383637,17.37023217822913
1636121916240,2021-11-05T10:18:36.240,29.2,3.064618774692385,-9.237039561502865,18.01959202092154
1636121916250,2021-11-05T10:18:36.250,29.21,2.7804219811624087,-8.56409320574501,18.000327690277107
1636121916260,2021-11-05T10:18:36.260,29.22,2.8659028982604804,-8.02209335418254,17.84985292942166
1636121916270,2021-11-05T10:18:36.270,29.23,3.466794402746334,-7.59970966146474,17.904500328494834
1636121916280,2021-11-05T10:18:36.280,29.24,3.8639649847305746,-7.34431259172967,17.682920799620497
1636121916290,2021-11-05T10:18:36.290,29.25,3.569229283572299,-7.2280192133634475,16.55537555001306
1636121916300,2021-11-05T10:18:36.300,29.26,3.088643265978426,-7.114945298979526,14.898497852068862
1636121916310,2021-11-05T10:18:36.310,29.27,3.0858190656551576,-6.905747694649431,13.98250487365129
1636121916320,2021-11-05T10:18:36.320,29.28,3.4552162228063414,-6.610766660490422,14.27516306492863
1636121916330,2021-11-05T10:18:36.330,29.29,3.665916866624072,-6.2746149247643555,14.668278759385615
1636121916340,2021-11-05T10:18:36.340,29.3,3.4954909071174196,-5.947762674252095,14.261412228597667
1636121916350,2021-11-05T10:18:36.350,29.31,3.01643364235831,-5.73496467857526,13.785688940013774
1636121916360,2021-11-05T10:18:36.360,29.32,2.248358077526917,-5.720477377686299,14.164496417910371
1636121916370,2021-11-05T10:18:36.370,29.33,1.320852372848266,-5.7991356097793565,14.98570026318698
1636121916380,2021-11-05T10:18:36.380,29.34,0.7265808810502135,-5.692089326423245,15.416352160188962
1636121916390,2021-11-05T10:18:36.390,29.35,0.8126224430079312,-5.1677227492792035,15.43090118880069
1636121916400,2021-11-05T10:18:36.400,29.36,1.2166617013598233,-4.193310271781437,15.455127037210904
1636121916410,2021-11-05T10:18:36.410,29.37,1.4324665998653274,-2.904862697771034,15.70889267184892
1636121916420,2021-11-05T10:18:36.420,29.38,1.6137081855251116,-1.5195306042199679,16.26272437688457
1636121916430,2021-11-05T10:18:36.430,29.39,2.0964631248443255,-0.2719952849394007,17.128581996985
1636121916440,2021-11-05T10:18:36.440,29.4,2.539345278845532,0.6355815419320424,18.104768569539004
1636121916450,2021-11-05T10:18:36.450,29.41,2.378179934676149,1.0780518957129206,18.868540582214088
1636121916460,2021-11-05T10:18:36.460,29.42,1.7979751189275976,1.0582086247475253,19.270194275629073
1636121916470,2021-11-05T10:18:36.470,29.43,1.4696580902718306,0.7304267162594769,19.386272128797607
1636121916480,2021-11-05T10:18:36.480,29.44,1.6060219494517725,0.3061322703788928,19.38029459682754
1636121916490,2021-11-05T10:18:36.490,29.45,1.920859098238589,-0.10445486706201401,19.396937836594503
1636121916500,2021-11-05T10:18:36.500,29.46,2.2449597582582,-0.5178556268937491,19.45345096421276
1636121916510,2021-11-05T10:18:36.510,29.47,2.70643908122312,-0.9579647051521634,19.420865170860313
1636121916520,2021-11-05T10:18:36.520,29.48,3.4796870349844538,-1.370422950194897,19.223259666260546
1636121916530,2021-11-05T10:18:36.530,29.49,4.466570638808207,-1.6303307713243456,18.926570716109822
1636121916540,2021-11-05T10:18:36.540,29.5,5.157963931071076,-1.5894650308965417,18.503859200365145
1636121916550,2021-11-05T10:18:36.550,29.51,5.167213823880973,-1.1514313424363323,17.750333639833013
1636121916560,2021-11-05T10:18:36.560,29.52,4.818403362926373,-0.32852822619420496,16.606824590052522
1636121916570,2021-11-05T10:18:36.570,29.53,4.533358313600374,0.796435028910204,15.34097135476984
1636121916580,2021-11-05T10:18:36.580,29.54,4.0560823628059985,2.154976698025957,14.253343279124945
1636121916590,2021-11-05T10:18:36.590,29.55,3.1239727450342514,3.710110249115771,13.39023485483705
1636121916600,2021-11-05T10:18:36.600,29.56,2.2524169942534606,5.403805507404443,12.639301501707276
1636121916610,2021-11-05T10:18:36.610,29.57,2.0830478083645145,7.1275213993745705,11.915270066060518
1636121916620,2021-11-05T10:18:36.620,29.58,2.5171682290460557,8.761521593530016,11.150093028054004
1636121916630,2021-11-05T10:18:36.630,29.59,2.980370962727477,10.235774411790977,10.261643408642225
1636121916640,2021-11-05T10:18:36.640,29.6,3.1919114342826966,11.54172257344499,9.233018917514238
1636121916650,2021-11-05T10:18:36.650,29.61,3.263981818399193,12.68791624753174,8.09939729997962
1636121916660,2021-11-05T10:18:36.660,29.62,3.092858353884237,13.682612863086073,6.821299829902216
1636121916670,2021-11-05T10:18:36.670,29.63,2.2860238428433473,14.584471854533199,5.360806400243133
1636121916680,2021-11-05T10:18:36.680,29.64,1.039426995298021,15.488577303064872,3.9199311618905215
1636121916690,2021-11-05T10:18:36.690,29.65,0.24677411085286988,16.3784396875523,2.844055225808341
1636121916700,2021-11-05T10:18:36.700,29.66,0.1945844657831341,17.088505332237226,2.1907913636313947
1636121916710,2021-11-05T10:18:36.710,29.67,0.1636558205499049,17.529848463843617,1.642664862163738
1636121916720,2021-11-05T10:18:36.720,29.68,-0.16663864526433644,17.840756032743922,0.9474227404682376
1636121916730,2021-11-05T10:18:36.730,29.69,-0.11400650265422654,18.182640356357194,0.18980032255117546
1636121916740,2021-11-05T10:18:36.740,29.7,0.7506634695649599,18.51026779666259,-0.4679497028542352
1636121916750,2021-11-05T10:18:36.750,29.71,1.9012987199458249,18.684015802156154,-1.046514294247052
1636121916760,2021-11-05T10:18:36.760,29.72,2.7738599090822693,18.71024415465174,-1.632068565833387
1636121916770,2021-11-05T10:18:36.770,29.73,3.4895185363825263,18.765832332847236,-2.214638523341862
1636121916780,2021-11-05T10:18:36.780,29.74,4.447743651045153,19.070391713626332,-2.7753021174852353
1636121916790,2021-11-05T10:18:36.790,29.75,5.698414938127404,19.792979413735182,-3.4411889929128296
1636121916800,2021-11-05T10:18:36.800,29.76,6.768221621604628,20.985180670194264,-4.461080561091844
1636121916810,2021-11-05T10:18:36.810,29.77,7.038790049161751,22.524895144625454,-5.999998005447452
1636121916820,2021-11-05T10:18:36.820,29.78,6.4339694237262215,24.15755178726162,-7.980999539269639
1636121916830,2021-11-05T10:18:36.830,29.79,5.57137233351567,25.646819427573547,-10.176622412375583
1636121916840,2021-11-05T10:18:36.840,29.8,5.094306091450406,26.902510378044127,-12.366878748603373
1636121916850,2021-11-05T10:18:36.850,29.81,5.1198628648464,27.955617029259642,-14.29186543316812
1636121916860,2021-11-05T10:18:36.860,29.82,5.3120849256114075,28.833451035440245,-15.63707162990962
1636121916870,2021-11-05T10:18:36.870,29.83,5.15541842747658,29.53514642922231,-16.28089966553751
1636121916880,2021-11-05T10:18:36.880,29.84,4.374993242288937,30.154411133972744,-16.34942469234687
1636121916890,2021-11-05T10:18:36.890,29.85,3.437845693880531,30.92369485623805,-15.856655662501236
1636121916900,2021-11-05T10:18:36.900,29.86,3.231152408312002,32.0108876498775,-14.63055987219348
1636121916910,2021-11-05T10:18:36.910,29.87,3.873665227257776,33.260165366918415,-12.820776922908703
1636121916920,2021-11-05T10:18:36.920,29.88,4.357516559218047,34.22852299064034,-11.101150741283158
1636121916930,2021-11-05T10:18:36.930,29.89,3.788154599010938,34.554225583086804,-10.033777760650766
1636121916940,2021-11-05T10:18:36.940,29.9,2.516423381448501,34.25429385372151,-9.461316119579482
1636121916950,2021-11-05T10:18:36.950,29.91,1.5752424576649457,33.594491943580095,-8.818833021410025
1636121916960,2021-11-05T10:18:36.960,29.92,1.2916632623148456,32.734586919912715,-7.88946075766093
1636121916970,2021-11-05T10:18:36.970,29.93,1.0164726146190184,31.637284082054926,-6.967047891200675
1636121916980,2021-11-05T10:18:36.980,29.94,0.22672711974818308,30.285839582807355,-6.345227427704361
1636121916990,2021-11-05T10:18:36.990,29.95,-0.7268431252658684,28.81675522351364,-5.961307275491539
1636121917000,2021-11-05T10:18:37.000,29.96,-1.2927901782357314,27.427831469666607,-5.652752004780914
1636121917010,2021-11-05T10:18:37.010,29.97,-1.5599630846576251,26.299133231960816,-5.513394655098098
1636121917020,2021-11-05T10:18:37.020,29.98,-1.8798160271593995,25.593870935133292,-5.724499350037432
1636121917030,2021-11-05T10:18:37.030,29.99,-2.1078299384096106,25.365047128363674,-6.161919718669509
1636121917040,2021-11-05T10:18:37.040,30.0,-1.907508454247769,25.434163118376865,-6.517559391993354
1636121917050,2021-11-05T10:18:37.050,30.01,-1.5734415094729473,25.49162024495547,-6.776527283998805
1636121917060,2021-11-05T10:18:37.060,30.02,-1.845624260423516,25.328662946947517,-7.194804860434431
1636121917070,2021-11-05T10:18:37.070,30.03,-2.81415165236652,24.906644386574104,-7.7529893121619216
1636121917080,2021-11-05T10:18:37.080,30.04,-3.5109877925360724,24.29193413264898,-8.018141889668458
1636121917090,2021-11-05T10:18:37.090,30.05,-2.8942461085244897,23.633821373534445,-7.7049633273946725
1636121917100,2021-11-05T10:18:37.100,30.06,-0.9826272196736789,23.109419281685454,-7.045876682638652
1636121917110,2021-11-05T10:18:37.110,30.07,1.305747786427219,22.771399994061102,-6.406088537620877
1636121917120,2021-11-05T10:18:37.120,30.08,3.1863799375079473,22.506523125397237,-5.823243556123378
1636121917130,2021-11-05T10:18:37.130,30.09,4.42934698523994,22.188493737731896,-5.139468445826139
1636121917140,2021-11-05T10:18:37.140,30.1,4.9881237369306755,21.776501394629992,-4.326826446190356
1636121917150,2021-11-05T10:18:37.150,30.11,4.891721687448253,21.2426939937617,-3.4486485899422386
1636121917160,2021-11-05T10:18:37.160,30.12,4.575268979851416,20.52885967832782,-2.4608226332946623
1636121917170,2021-11-05T10:18:37.170,30.13,4.6658903432740075,19.601620295909015,-1.2630526414635517
1636121917180,2021-11-05T10:18:37.180,30.14,5.120790852429896,18.443402700918362,0.07945430848084786
1636121917190,2021-11-05T10:18:37.190,30.15,5.108448020387394,16.99809690431689,1.3007356751256272
1636121917200,2021-11-05T10:18:37.200,30.16,4.1296577793308495,15.241005228368227,2.159405194865253
1636121917210,2021-11-05T10:18:37.210,30.17,2.6946962990845416,13.289748216642792,2.5947105790977014
1636121917220,2021-11-05T10:18:37.220,30.18,1.4646105101625717,11.34606610545815,2.6143572536132416
1636121917230,2021-11-05T10:18:37.230,30.19,0.42396318547545,9.533993779570032,2.2151629819147756
1636121917240,2021-11-05T10:18:37.240,30.2,-0.5539451898692358,7.860101999696067,1.549286665709341
1636121917250,2021-11-05T10:18:37.250,30.21,-1.1175241355347025,6.314564975898935,0.9641872167241112
1636121917260,2021-11-05T10:18:37.260,30.22,-1.0998129540936,4.93575708613638,0.678452211571573
1636121917270,2021-11-05T10:18:37.270,30.23,-1.0093229689258174,3.7550920592040304,0.5902617128962657
1636121917280,2021-11-05T10:18:37.280,30.24,-1.1499948235829072,2.7370403782317068,0.5772724177217169
1636121917290,2021-11-05T10:18:37.290,30.25,-1.0272993074469001,1.8110991940049193,0.7636214830160707
1636121917300,2021-11-05T10:18:37.300,30.26,-0.32705094299080706,0.9139807640702484,1.2969334045251772
1636121917310,2021-11-05T10:18:37.310,30.27,0.3691632234906784,-0.02685302491995853,2.084741444404206
1636121917320,2021-11-05T10:18:37.320,30.28,0.547807389369459,-1.0701325994801056,2.9329725927936625
1636121917330,2021-11-05T10:18:37.330,30.29,0.576991766733763,-2.160703977893374,3.748933062857664
1636121917340,2021-11-05T10:18:37.340,30.3,0.9405828231662261,-3.1259271356749982,4.483662194681162
1636121917350,2021-11-05T10:18:37.350,30.31,1.4222308669677637,-3.8542354922730517,5.040266910940012
1636121917360,2021-11-05T10:18:37.360,30.32,1.4503577959687561,-4.425337358778036,5.30548756307895
1636121917370,2021-11-05T10:18:37.370,30.33,0.7628581807602676,-4.97535526388641,5.190043975604166
1636121917380,2021-11-05T10:18:37.380,30.34,-0.270025977542633,-5.481611784894731,4.696931966338943
1636121917390,2021-11-05T10:18:37.390,30.35,-0.8189908565149224,-5.8017449456522305,3.9963062439770143
1636121917400,2021-11-05T10:18:37.400,30.36,-0.5302164662734437,-5.922005286605347,3.282173695790597
1636121917410,2021-11-05T10:18:37.410,30.37,-0.17031208167627815,-6.051180833160349,2.540598294859996
1636121917420,2021-11-05T10:18:37.420,30.38,-0.6175376886091359,-6.414729881737024,1.6678344577643835
1636121917430,2021-11-05T10:18:37.430,30.39,-1.572996653112932,-7.003341218593677,0.772762581429978
1636121917440,2021-11-05T10:18:37.440,30.4,-2.124219918958236,-7.5907142817049635,0.0757559746320092
1636121917450,2021-11-05T10:18:37.450,30.41,-2.066294537693047,-8.005752557974523,-0.42492531972399183
1636121917460,2021-11-05T10:18:37.460,30.42,-1.810600838323234,-8.298318002844683,-0.8684526487902952
1636121917470,2021-11-05T10:18:37.470,30.43,-1.5309685259700014,-8.583583848091395,-1.2055640440315258
1636121917480,2021-11-05T10:18:37.480,30.44,-1.1193954385384353,-8.850282194323304,-1.2562696062404815
1636121917490,2021-11-05T10:18:37.490,30.45,-0.5553389993339768,-9.03417423943926,-0.9725310819982799
1636121917500,2021-11-05T10:18:37.500,30.46,0.07309034092229874,-9.16682874042141,-0.40715010930618833
1636121917510,2021-11-05T10:18:37.510,30.47,0.5875087102601058,-9.33328147070169,0.4227677185624344
1636121917520,2021-11-05T10:18:37.520,30.48,0.7347136246322185,-9.557000643684306,1.4716010237034298
1636121917530,2021-11-05T10:18:37.530,30.49,0.4749565088409858,-9.80143183908814,2.6236710347222365
1636121917540,2021-11-05T10:18:37.540,30.5,0.09611185557304786,-10.037784551263751,3.8064187802617915
1636121917550,2021-11-05T10:18:37.550,30.51,-0.15970850171277295,-10.283590776776974,4.99171795311222
1636121917560,2021-11-05T10:18:37.560,30.52,-0.3525928322254329,-10.595555242494441,6.06231775940067
1636121917570,2021-11-05T10:18:37.570,30.53,-0.5799426154120513,-10.999332831006814,6.884668697297386
1636121917580,2021-11-05T10:18:37.580,30.54,-0.699105954229117,-11.416851255671872,7.578438729097394
1636121917590,2021-11-05T10:18:37.590,30.55,-0.5257193405642621,-11.722522395973495,8.415120169997941
1636121917600,2021-11-05T10:18:37.600,30.56,-0.12254178913835846,-11.860700437256373,9.214827945277069
1636121917610,2021-11-05T10:18:37.610,30.57,0.3365604770384881,-11.827157117330454,9.265283757176697
1636121917620,2021-11-05T10:18:37.620,30.58,0.7573884752943956,-11.583071434078754,8.340256055966403
1636121917630,2021-11-05T10:18:37.630,30.59,0.9549584860370681,-11.108100588109545,7.253086714103595
1636121917640,2021-11-05T10:18:37.640,30.6,0.6393803887605556,-10.498711096646282,6.7325984364209805
1636121917650,2021-11-05T10:18:37.650,30.61,-0.16587594622730317,-9.90222817584493,6.485637848266235
1636121917660,2021-11-05T10:18:37.660,30.62,-1.0262958026457574,-9.392132304031323,6.030503014758048
1636121917670,2021-11-05T10:18:37.670,30.63,-1.6172267182568008,-8.988690182340322,5.547706613517396
1636121917680,2021-11-05T10:18:37.680,30.64,-2.025887878319812,-8.737300950802142,5.35686967021411
1636121917690,2021-11-05T10:18:37.690,30.65,-2.4134781913904453,-8.690908820609684,5.381105985331763
1636121917700,2021-11-05T10:18:37.700,30.66,-2.7562204979517926,-8.888286656395536,5.455724252699622
1636121917710,2021-11-05T10:18:37.710,30.67,-3.087344949094553,-9.406859359992955,5.580809436679763
1636121917720,2021-11-05T10:18:37.720,30.68,-3.5987474183848187,-10.334891560400884,5.753124617389895
1636121917730,2021-11-05T10:18:37.730,30.69,-4.264256703193643,-11.613830359682307,5.907011274982663
1636121917740,2021-11-05T10:18:37.740,30.7,-4.69302574999461,-12.993206697906775,6.042537897285282
1636121917750,2021-11-05T10:18:37.750,30.71,-4.586779815059743,-14.218715025509699,6.217069222452427
1636121917760,2021-11-05T10:18:37.760,30.72,-4.116525622977362,-15.21054838131256,6.410423774815177
1636121917770,2021-11-05T10:18:37.770,30.73,-3.696755632999902,-16.010206119694935,6.514252994944097
1636121917780,2021-11-05T10:18:37.780,30.74,-3.5077256317757906,-16.62247545329688,6.483274770343629
1636121917790,2021-11-05T10:18:37.790,30.75,-3.3628985594337752,-16.98831596447324,6.405522367098609
1636121917800,2021-11-05T10:18:37.800,30.76,-3.121417650746097,-17.08199327891417,6.335716140094872
1636121917810,2021-11-05T10:18:37.810,30.77,-3.0756645195655743,-16.954196543595533,6.158416244237368
1636121917820,2021-11-05T10:18:37.820,30.78,-3.546831617232126,-16.67230233389229,5.784709010592252
1636121917830,2021-11-05T10:18:37.830,30.79,-4.23325999622489,-16.26897177848545,5.378821996928743
1636121917840,2021-11-05T10:18:37.840,30.8,-4.5638084169691115,-15.753084111706727,5.158690451259678
1636121917850,2021-11-05T10:18:37.850,30.81,-4.545198243453275,-15.140218087295537,5.089698043340938
1636121917860,2021-11-05T10:18:37.860,30.82,-4.55458041077387,-14.483813063986034,5.028629328587502
1636121917870,2021-11-05T10:18:37.870,30.83,-4.534664300643897,-13.88271527440229,5.003852113939583
1636121917880,2021-11-05T10:18:37.880,30.84,-4.20250280287515,-13.420294222421113,5.068407051258564
1636121917890,2021-11-05T10:18:37.890,30.85,-3.790725254149276,-13.101109786211524,5.063677376233025
1636121917900,2021-11-05T10:18:37.900,30.86,-3.722460159551586,-12.884472338998732,4.820161819687846
1636121917910,2021-11-05T10:18:37.910,30.87,-3.80229640801212,-12.752946982888119,4.425102171992909
1636121917920,2021-11-05T10:18:37.920,30.88,-3.555748202592051,-12.715077096456174,4.068836213416915
1636121917930,2021-11-05T10:18:37.930,30.89,-3.0715815469566885,-12.774790367240968,3.810998690231412
1636121917940,2021-11-05T10:18:37.940,30.9,-2.746156651281687,-12.915509571591915,3.6550759135155446
1636121917950,2021-11-05T10:18:37.950,30.91,-2.565849727153054,-13.084260963812822,3.647415424186373
1636121917960,2021-11-05T10:18:37.960,30.92,-2.289798903681033,-13.201623194169246,3.7767625916716696
1636121917970,2021-11-05T10:18:37.970,30.93,-1.9285926199513526,-13.223483396131401,3.936181763479625
1636121917980,2021-11-05T10:18:37.980,30.94,-1.595974472707133,-13.165392391216063,4.032556304666465
1636121917990,2021-11-05T10:18:37.990,30.95,-1.3304394379155364,-13.030432858957646,4.0043666818721775
1636121918000,2021-11-05T10:18:38.000,30.96,-1.260731410003117,-12.757522998606639,3.7802475130140802
1636121918010,2021-11-05T10:18:38.010,30.97,-1.4538244888026102,-12.284739820736878,3.396750945315246
1636121918020,2021-11-05T10:18:38.020,30.98,-1.6354242003546184,-11.639270928396916,3.0771689762087706
1636121918030,2021-11-05T10:18:38.030,30.99,-1.6205588915907772,-10.945310799529143,2.982393008335153
1636121918040,2021-11-05T10:18:38.040,31.0,-1.7702358807963703,-10.346259165469005,3.0073595954909367
1636121918050,2021-11-05T10:18:38.050,31.01,-2.3723094626975256,-9.902429113534435,3.058340889755365
1636121918060,2021-11-05T10:18:38.060,31.02,-2.9753870401599,-9.574009391546282,3.313805850100504
1636121918070,2021-11-05T10:18:38.070,31.03,-3.0440548531359317,-9.335076792870238,3.918968231005958
1636121918080,2021-11-05T10:18:38.080,31.04,-2.800043800578073,-9.248311009300698,4.67339055391895
1636121918090,2021-11-05T10:18:38.090,31.05,-2.745608107540026,-9.350160924197727,5.291980310026526
1636121918100,2021-11-05T10:18:38.100,31.06,-2.8310794390109546,-9.532460537727879,5.721493086533707
1636121918110,2021-11-05T10:18:38.110,31.07,-2.6585674459794375,-9.637682199405845,6.029289785012921
1636121918120,2021-11-05T10:18:38.120,31.08,-2.1443090027129497,-9.617507689348113,6.236913705804749
1636121918130,2021-11-05T10:18:38.130,31.09,-1.6093576091081871,-9.52754194540496,6.350522356816223
1636121918140,2021-11-05T10:18:38.140,31.1,-1.3984674462734694,-9.410229524268711,6.375740121517696
1636121918150,2021-11-05T10:18:38.150,31.11,-1.5109232997458761,-9.231975105978249,6.319622976931649
1636121918160,2021-11-05T10:18:38.160,31.12,-1.5716592138211234,-8.937545917091425,6.2576987239531
1636121918170,2021-11-05T10:18:38.170,31.13,-1.3152683576866124,-8.54697972912472,6.269532334886652
1636121918180,2021-11-05T10:18:38.180,31.14,-1.036963901503364,-8.158058406337265,6.277253672600324
1636121918190,2021-11-05T10:18:38.190,31.15,-1.1887041814314372,-7.857710962710145,6.147352086329236
1636121918200,2021-11-05T10:18:38.200,31.16,-1.5923794345120799,-7.667852576660468,5.971134848332548
1636121918210,2021-11-05T10:18:38.210,31.17,-1.5886891660479656,-7.540951264627637,5.992462747546767
1636121918220,2021-11-05T10:18:38.220,31.18,-0.9949457481118876,-7.382702873156008,6.213996953789992
1636121918230,2021-11-05T10:18:38.230,31.19,-0.38064029181303016,-7.150405873664271,6.360688820173417
1636121918240,2021-11-05T10:18:38.240,31.2,-0.2883471561253878,-6.9311689430261945,6.301963363958258
1636121918250,2021-11-05T10:18:38.250,31.21,-0.6004492221672226,-6.834556160356404,6.205201855179542
1636121918260,2021-11-05T10:18:38.260,31.22,-0.8298702064955797,-6.838059585396505,6.198462584973513
1636121918270,2021-11-05T10:18:38.270,31.23,-0.7754643874687555,-6.832028482194893,6.1842936991295225
1636121918280,2021-11-05T10:18:38.280,31.24,-0.6650086459306465,-6.7761680199944045,6.0523401217300705
1636121918290,2021-11-05T10:18:38.290,31.25,-0.724799068184385,-6.730296681602077,5.8183557107516775
1636121918300,2021-11-05T10:18:38.300,31.26,-0.8839819694313534,-6.747815320550249,5.5098740731182385
1636121918310,2021-11-05T10:18:38.310,31.27,-0.9661945592915363,-6.784014225305672,5.1069703911084945
1636121918320,2021-11-05T10:18:38.320,31.28,-0.8999441100251693,-6.72409118534573,4.628631794870818
1636121918330,2021-11-05T10:18:38.330,31.29,-0.6872694620419897,-6.500872194563724,4.16433627223593
1636121918340,2021-11-05T10:18:38.340,31.3,-0.42344318825860083,-6.161035986064624,3.804013449620642
1636121918350,2021-11-05T10:18:38.350,31.31,-0.2840082185484897,-5.793803815702892,3.595356999020355
1636121918360,2021-11-05T10:18:38.360,31.32,-0.27531474692582375,-5.426256234339904,3.561609896922352
1636121918370,2021-11-05T10:18:38.370,31.33,-0.204154112275558,-5.037215418777152,3.692453016124575
1636121918380,2021-11-05T10:18:38.380,31.34,-0.02412615382139048,-4.6456839610304606,3.895224960434848
1636121918390,2021-11-05T10:18:38.390,31.35,0.09983597865756307,-4.308368790940891,4.019704718959978
1636121918400,2021-11-05T10:18:38.400,31.36,0.10937504250683702,-4.039916814081547,3.998218970833663
1636121918410,2021-11-05T10:18:38.410,31.37,0.10196301447899075,-3.8074481463870677,3.93220309180695
1636121918420,2021-11-05T10:18:38.420,31.38,0.07839342255681349,-3.58864976017618,3.953363242926053
1636121918430,2021-11-05T10:18:38.430,31.39,-0.07028942558971582,-3.384776235316545,4.014492508530579
1636121918440,2021-11-05T10:18:38.440,31.4,-0.31939814487638796,-3.2034311365171444,3.9474835720389843
1636121918450,2021-11-05T10:18:38.450,31.41,-0.4740240025888577,-3.045168421557226,3.7364066177954336
1636121918460,2021-11-05T10:18:38.460,31.42,-0.4560752679795513,-2.8890230709030247,3.5610869917290024
1636121918470,2021-11-05T10:18:38.470,31.43,-0.447082755959582,-2.734165686144109,3.5268066255537884
1636121918480,2021-11-05T10:18:38.480,31.44,-0.5742814458121044,-2.664491862390721,3.5335996369501794
1636121918490,2021-11-05T10:18:38.490,31.45,-0.6808059455545725,-2.7821417629630805,3.47774965946401
1636121918500,2021-11-05T10:18:38.500,31.46,-0.6786974335544516,-3.080382618027812,3.4125630032066905
1636121918510,2021-11-05T10:18:38.510,31.47,-0.804163467200824,-3.4833998047293697,3.4428495710795852
1636121918520,2021-11-05T10:18:38.520,31.48,-1.1559888969493974,-3.9776930883987633,3.586898423141817
1636121918530,2021-11-05T10:18:38.530,31.49,-1.365601850572221,-4.5886272968642015,3.764484513870431
1636121918540,2021-11-05T10:18:38.540,31.5,-1.12625864406583,-5.265530948717378,3.8360804513221725
1636121918550,2021-11-05T10:18:38.550,31.51,-0.6912311658221648,-5.907200449218348,3.696380344473423
1636121918560,2021-11-05T10:18:38.560,31.52,-0.5015895051805849,-6.474603687103796,3.3801402395939606
1636121918570,2021-11-05T10:18:38.570,31.53,-0.6088662970526184,-6.970046967192177,2.9995791107165317
1636121918580,2021-11-05T10:18:38.580,31.54,-0.7166869349497782,-7.3330945370546186,2.602437854385908
1636121918590,2021-11-05T10:18:38.590,31.55,-0.5819437775628442,-7.480892298085693,2.212416009103343
1636121918600,2021-11-05T10:18:38.600,31.56,-0.20927788623401505,-7.434012976811281,1.9122878687458909
1636121918610,2021-11-05T10:18:38.610,31.57,0.23411549910804752,-7.277040328764394,1.715933882671091
1636121918620,2021-11-05T10:18:38.620,31.58,0.6231889021078819,-7.027739719763765,1.4812192160405993
1636121918630,2021-11-05T10:18:38.630,31.59,1.0205792966674248,-6.681363944600177,1.1397959565142317
1636121918640,2021-11-05T10:18:38.640,31.6,1.5671038049193693,-6.332766253696264,0.8863865519841398
1636121918650,2021-11-05T10:18:38.650,31.61,2.1896577723163926,-6.107713979523168,0.9484982398243922
1636121918660,2021-11-05T10:18:38.660,31.62,2.5373179893984203,-6.011700466098469,1.292180758703554
1636121918670,2021-11-05T10:18:38.670,31.63,2.3763559042261315,-5.958076514985878,1.7415553018899979
1636121918680,2021-11-05T10:18:38.680,31.64,1.9859757580595185,-5.907784783183308,2.2445455067662374
1636121918690,2021-11-05T10:18:38.690,31.65,1.8603574723917178,-5.896080079091885,2.7925668914424233
1636121918700,2021-11-05T10:18:38.700,31.66,2.020681679924768,-5.941797611610733,3.2127078679375645
1636121918710,2021-11-05T10:18:38.710,31.67,2.061821063760481,-5.99339792883716,3.3285959216018752
1636121918720,2021-11-05T10:18:38.720,31.68,1.901083917465078,-5.965202863631987,3.2681639666540416
1636121918730,2021-11-05T10:18:38.730,31.69,1.8955863612509778,-5.78822426280361,3.3456149932938493
1636121918740,2021-11-05T10:18:38.740,31.7,2.151909297098,-5.431906868552504,3.678071123149842
1636121918750,2021-11-05T10:18:38.750,31.71,2.3330683858979007,-4.92648034188385,4.161601098305547
1636121918760,2021-11-05T10:18:38.760,31.72,2.2056309165786954,-4.380898920375723,4.763105822752033
1636121918770,2021-11-05T10:18:38.770,31.73,1.8756007461500577,-3.9364970572824745,5.574084244588397
1636121918780,2021-11-05T10:18:38.780,31.74,1.5538142073847219,-3.6558045110440895,6.606268671231538
1636121918790,2021-11-05T10:18:38.790,31.75,1.409149806895678,-3.4742994037984385,7.729382854120864
1636121918800,2021-11-05T10:18:38.800,31.76,1.413123477033165,-3.3157750076973573,8.774428660208326
1636121918810,2021-11-05T10:18:38.810,31.77,1.2405394569136567,-3.222675960293249,9.605116902935709
1636121918820,2021-11-05T10:18:38.820,31.78,0.7111802151275584,-3.2892206712329877,10.17592754485456
1636121918830,2021-11-05T10:18:38.830,31.79,0.18465441882113806,-3.5095652769735493,10.55701158306713
1636121918840,2021-11-05T10:18:38.840,31.8,0.03120898024779971,-3.794441057543568,10.800767263702502
1636121918850,2021-11-05T10:18:38.850,31.81,0.002167561299619057,-4.097289370069757,10.810440112430387
1636121918860,2021-11-05T10:18:38.860,31.82,-0.36816448545039077,-4.433762433393434,10.468115858784149
1636121918870,2021-11-05T10:18:38.870,31.83,-1.0640706536405,-4.8088033066404385,9.837969462613831
1636121918880,2021-11-05T10:18:38.880,31.84,-1.7210181881447641,-5.181212616574068,9.101159071441728
1636121918890,2021-11-05T10:18:38.890,31.85,-2.1232725962708243,-5.479038913015636,8.342670698847677
1636121918900,2021-11-05T10:18:38.900,31.86,-2.2525136198936977,-5.637687358468951,7.516091667059413
1636121918910,2021-11-05T10:18:38.910,31.87,-2.1508176511715487,-5.638951241743232,6.566328159428336
1636121918920,2021-11-05T10:18:38.920,31.88,-1.9179177745497036,-5.485640429585116,5.5329968349063305
1636121918930,2021-11-05T10:18:38.930,31.89,-1.5911440340969647,-5.136001836281556,4.582136195492517
1636121918940,2021-11-05T10:18:38.940,31.9,-1.0517720299599858,-4.555147418854011,3.9045797406123226
1636121918950,2021-11-05T10:18:38.950,31.91,-0.32064970584355046,-3.8620672094683144,3.5189120306608563
1636121918960,2021-11-05T10:18:38.960,31.92,0.2406081915236293,-3.304545863290873,3.2530600218260677
1636121918970,2021-11-05T10:18:38.970,31.93,0.3376107996221074,-3.022094204432938,2.967794411528155
1636121918980,2021-11-05T10:18:38.980,31.94,0.11393467653890493,-2.927122946636173,2.6923157742703454
1636121918990,2021-11-05T10:18:38.990,31.95,-0.11843064714924402,-2.8631445312560153,2.526659536233534
1636121919000,2021-11-05T10:18:39.000,31.96,-0.2177690140844964,-2.7901403316805578,2.538053701989603
1636121919010,2021-11-05T10:18:39.010,31.97,-0.16947111583210855,-2.777417641170829,2.754007111785672
1636121919020,2021-11-05T10:18:39.020,31.98,-0.026571134228548746,-2.8820782033993053,3.142835894816751
1636121919030,2021-11-05T10:18:39.030,31.99,0.10128925519904952,-3.0797996044524742,3.59485311365802
1636121919040,2021-11-05T10:18:39.040,32.0,0.22880624335476088,-3.29873340130385,3.9720868343038616
1636121919050,2021-11-05T10:18:39.050,32.01,0.5198829038355882,-3.4855559969859824,4.150954171463834
1636121919060,2021-11-05T10:18:39.060,32.02,0.9571979073441667,-3.6215704592990265,4.022703809823213
1636121919070,2021-11-05T10:18:39.070,32.03,1.2217448324666165,-3.6893890637838327,3.5493941028183995
1636121919080,2021-11-05T10:18:39.080,32.04,1.1069450149161915,-3.6377292890624338,2.8441417714792534
1636121919090,2021-11-05T10:18:39.090,32.05,0.853041035790892,-3.3915073446202673,2.1016562398953322
1636121919100,2021-11-05T10:18:39.100,32.06,0.8461932478098317,-2.9158088049435182,1.422669695093028
1636121919110,2021-11-05T10:18:39.110,32.07,1.1393416529255898,-2.2502878506797215,0.7849483525429819
1636121919120,2021-11-05T10:18:39.120,32.08,1.4892341113964154,-1.4615226924532374,0.16423563505660926
1636121919130,2021-11-05T10:18:39.130,32.09,1.695279626295528,-0.6026296816713125,-0.436525162418984
1636121919140,2021-11-05T10:18:39.140,32.1,1.6677729128098817,0.272520768167551,-1.0371078179257511
1636121919150,2021-11-05T10:18:39.150,32.11,1.359613769659903,1.1177456417976852,-1.615463579616435
1636121919160,2021-11-05T10:18:39.160,32.12,0.8697286718494281,1.9284467155231808,-2.054857357000079
1636121919170,2021-11-05T10:18:39.170,32.13,0.4366721454455575,2.717507907244773,-2.2959107158226018
1636121919180,2021-11-05T10:18:39.180,32.14,0.18521569060769472,3.454203483118366,-2.437439296134379
1636121919190,2021-11-05T10:18:39.190,32.15,0.05939919536263687,4.0607626316978624,-2.551264954628558
1636121919200,2021-11-05T10:18:39.200,32.16,0.0007131994422403462,4.457521645708766,-2.5510013611066302
1636121919210,2021-11-05T10:18:39.210,32.17,-0.04043285992009947,4.576052875922819,-2.39113394861392
1636121919220,2021-11-05T10:18:39.220,32.18,-0.16756806360897328,4.346916423156836,-2.2231717385883822
1636121919230,2021-11-05T10:18:39.230,32.19,-0.38892797241817567,3.7219603496265288,-2.2053926709027585
1636121919240,2021-11-05T10:18:39.240,32.2,-0.5626171459813223,2.7082918021808995,-2.316515062970038
1636121919250,2021-11-05T10:18:39.250,32.21,-0.5679246289904815,1.374637333655297,-2.4704471547505626
1636121919260,2021-11-05T10:18:39.260,32.22,-0.31394688841137763,-0.1246378128748683,-2.663522714644167
1636121919270,2021-11-05T10:18:39.270,32.23,0.24384057981255783,-1.5153102726254282,-2.9322883362232597
1636121919280,2021-11-05T10:18:39.280,32.24,0.8267269413645554,-2.4785181587540244,-3.3053661082098307
1636121919290,2021-11-05T10:18:39.290,32.25,0.9858894809572375,-2.8341639283901303,-3.8499905053633032
1636121919300,2021-11-05T10:18:39.300,32.26,0.7023835663201952,-2.629060012032286,-4.647907147353132
1636121919310,2021-11-05T10:18:39.310,32.27,0.2907996364713097,-2.0073993158014423,-5.674995173965253
1636121919320,2021-11-05T10:18:39.320,32.28,-0.18890962070949893,-1.0368180027957417,-6.786945427946815
1636121919330,2021-11-05T10:18:39.330,32.29,-0.8441467334949259,0.2844735344358743,-7.860456560705435
1636121919340,2021-11-05T10:18:39.340,32.3,-1.5090285460630959,1.957270904008387,-8.878441328174997
1636121919350,2021-11-05T10:18:39.350,32.31,-1.744671826152662,4.103537752206354,-9.884148102993631
1636121919360,2021-11-05T10:18:39.360,32.32,-1.2524038325125608,7.113350116866897,-11.028882927736483
1636121919370,2021-11-05T10:18:39.370,32.33,-0.5420621262120267,11.45410330546255,-12.720415511799272
1636121919380,2021-11-05T10:18:39.380,32.34,-0.9791128826114357,17.30385637375055,-15.446932364941738
1636121919390,2021-11-05T10:18:39.390,32.35,-3.2693318533850277,24.50983366888618,-19.24054899143522
1636121919400,2021-11-05T10:18:39.400,32.36,-6.1905245404986555,32.867990102265665,-23.511123333753048
1636121919410,2021-11-05T10:18:39.410,32.37,-8.028258234073936,42.16707952406584,-27.577895567548488
1636121919420,2021-11-05T10:18:39.420,32.38,-8.850660559630981,51.8081906311838,-31.128068088080852
1636121919430,2021-11-05T10:18:39.430,32.39,-10.00857499621104,60.61876906994149,-34.02304786546252
1636121919440,2021-11-05T10:18:39.440,32.4,-11.81526631602088,67.35295244562596,-36.00935569066459
1636121919450,2021-11-05T10:18:39.450,32.41,-13.074956921296852,71.36341448604527,-36.87630695178132
1636121919460,2021-11-05T10:18:39.460,32.42,-12.675893285818931,72.67479849962612,-36.67422403283548
1636121919470,2021-11-05T10:18:39.470,32.43,-10.674764472900552,71.55561703344767,-35.61048324126425
1636121919480,2021-11-05T10:18:39.480,32.44,-7.9578817411200395,68.24109319949682,-33.87986743208819
1636121919490,2021-11-05T10:18:39.490,32.45,-5.320330153745713,63.04769112609236,-31.62117212460122
1636121919500,2021-11-05T10:18:39.500,32.46,-2.787238092726205,56.55630021674048,-28.900925494195924
1636121919510,2021-11-05T10:18:39.510,32.47,0.07893677840187702,49.52424746242582,-25.79032844353796
1636121919520,2021-11-05T10:18:39.520,32.48,3.10159187453525,42.58777327773068,-22.530555174574694
1636121919530,2021-11-05T10:18:39.530,32.49,5.320353917458318,36.099020388413436,-19.46850882402585
1636121919540,2021-11-05T10:18:39.540,32.5,6.170878005109913,30.24132158878998,-16.78692078197011
1636121919550,2021-11-05T10:18:39.550,32.51,6.129049970895702,25.176396675070507,-14.495870455377135
1636121919560,2021-11-05T10:18:39.560,32.52,5.928933013084228,21.01348614183701,-12.67445274265783
1636121919570,2021-11-05T10:18:39.570,32.53,5.79256398851933,17.747239789960695,-11.472902988694115
1636121919580,2021-11-05T10:18:39.580,32.54,5.582620152454895,15.322322667127494,-10.883320413446851
1636121919590,2021-11-05T10:18:39.590,32.55,5.205265130149446,13.690047737847573,-10.711689181711328
1636121919600,2021-11-05T10:18:39.600,32.56,4.71215762877213,12.723518002745635,-10.798818911705922
1636121919610,2021-11-05T10:18:39.610,32.57,4.131483171675661,12.145706473180809,-11.191700174030423
1636121919620,2021-11-05T10:18:39.620,32.58,3.2942334759615624,11.659530104943379,-12.057743059392413
1636121919630,2021-11-05T10:18:39.630,32.59,2.114601093618914,11.138246081117257,-13.384831335585481
1636121919640,2021-11-05T10:18:39.640,32.6,1.033931461317429,10.592833772774412,-14.838385087830716
1636121919650,2021-11-05T10:18:39.650,32.61,0.6534678552018326,9.965197769986615,-16.057746200052918
1636121919660,2021-11-05T10:18:39.660,32.62,0.9032267025792455,9.04521294189765,-17.013168825833503
1636121919670,2021-11-05T10:18:39.670,32.63,1.175779250080882,7.600928462953344,-17.91576179261235
1636121919680,2021-11-05T10:18:39.680,32.64,1.274267885370156,5.57185732824942,-18.87975219371971
1636121919690,2021-11-05T10:18:39.690,32.65,1.6092907300599801,3.1703763158588547,-19.83324459311265
1636121919700,2021-11-05T10:18:39.700,32.66,2.42073587035847,0.7766973339109183,-20.68601718903693
1636121919710,2021-11-05T10:18:39.710,32.67,3.379542442341686,-1.3406936451457898,-21.424450457512368
1636121919720,2021-11-05T10:18:39.720,32.68,4.130738716358238,-3.178143102360324,-22.02248970178576
1636121919730,2021-11-05T10:18:39.730,32.69,4.780078386522845,-4.811532292797558,-22.38272840365702
1636121919740,2021-11-05T10:18:39.740,32.7,5.546745593041982,-6.1519395160459265,-22.470356931999525
1636121919750,2021-11-05T10:18:39.750,32.71,6.22471243366009,-7.023602447825649,-22.432626219982417
1636121919760,2021-11-05T10:18:39.760,32.72,6.354957512599848,-7.428904441750756,-22.443352082909016
1636121919770,2021-11-05T10:18:39.770,32.73,5.8812202432192,-7.56945577365965,-22.4663393307502
1636121919780,2021-11-05T10:18:39.780,32.74,5.367129195375409,-7.568605904250083,-22.31260671072588
1636121919790,2021-11-05T10:18:39.790,32.75,5.37847850947653,-7.3015781407175835,-21.914294953546523
1636121919800,2021-11-05T10:18:39.800,32.76,5.726556922143924,-6.619933780750113,-21.41604292390092
1636121919810,2021-11-05T10:18:39.810,32.77,5.687460270499828,-5.659465549570326,-20.988811409935472
1636121919820,2021-11-05T10:18:39.820,32.78,5.024569965786329,-4.716063094862596,-20.665538691181084
1636121919830,2021-11-05T10:18:39.830,32.79,4.312475810839549,-3.832531853571436,-20.386175832950805
1636121919840,2021-11-05T10:18:39.840,32.8,4.16573458094936,-2.762538011756747,-20.09470109899748
1636121919850,2021-11-05T10:18:39.850,32.81,4.556161858829474,-1.3942863864698385,-19.77712068977131
1636121919860,2021-11-05T10:18:39.860,32.82,4.838757478591129,0.03953291080641741,-19.518922021780938
1636121919870,2021-11-05T10:18:39.870,32.83,4.30191032340919,1.2661982983207607,-19.465112133719888
1636121919880,2021-11-05T10:18:39.880,32.84,2.9966588880618197,2.259310083882885,-19.574788853870103
1636121919890,2021-11-05T10:18:39.890,32.85,1.8788770506400003,3.0998584525435935,-19.567205736247736
1636121919900,2021-11-05T10:18:39.900,32.86,1.6639784602675878,3.7544218615246248,-19.29699480348958
1636121919910,2021-11-05T10:18:39.910,32.87,1.9537848574822112,4.145296943582038,-18.963608136687647
1636121919920,2021-11-05T10:18:39.920,32.88,2.011892796491959,4.300161518740607,-18.75639740555415
1636121919930,2021-11-05T10:18:39.930,32.89,1.791830460311254,4.31115071970753,-18.57863208369446
1636121919940,2021-11-05T10:18:39.940,32.9,1.6342610839040341,4.263459387689048,-18.340739091538406
1636121919950,2021-11-05T10:18:39.950,32.91,1.5834032866793295,4.278261655872015,-18.219529402878205
1636121919960,2021-11-05T10:18:39.960,32.92,1.551681242931443,4.495026464561494,-18.396117587275814
1636121919970,2021-11-05T10:18:39.970,32.93,1.5804795717554567,4.938737026816813,-18.807377012935248
1636121919980,2021-11-05T10:18:39.980,32.94,1.5522263419633344,5.486127863628035,-19.316972854273097
1636121919990,2021-11-05T10:18:39.990,32.95,1.2605737501673384,5.974909421966746,-19.865307203925926
1636121920000,2021-11-05T10:18:40.000,32.96,0.9294995029918093,6.2705168740364385,-20.367442306218866
1636121920010,2021-11-05T10:18:40.010,32.97,0.9699794388507548,6.254135715823859,-20.732915045092348
1636121920020,2021-11-05T10:18:40.020,32.98,1.2794303198210888,5.855708089487999,-21.02409414623544
1636121920030,2021-11-05T10:18:40.030,32.99,1.4881717454026537,5.137430143571444,-21.377249561804657
1636121920040,2021-11-05T10:18:40.040,33.0,1.6414569626679456,4.313708583111966,-21.804085960864334
1636121920050,2021-11-05T10:18:40.050,33.01,1.972141931738438,3.647435957818127,-22.236872782418743
1636121920060,2021-11-05T10:18:40.060,33.02,2.3619055608884763,3.2920633394286973,-22.6461241984332
1636121920070,2021-11-05T10:18:40.070,33.03,2.5891678851519866,3.241637739573707,-22.967855382767915
1636121920080,2021-11-05T10:18:40.080,33.04,2.715767286904911,3.4503849049665085,-23.086279847824095
1636121920090,2021-11-05T10:18:40.090,33.05,2.7983107786423114,3.9379418708786256,-23.017778532901907
1636121920100,2021-11-05T10:18:40.100,33.06,2.6354899729250794,4.70116367953465,-22.937487686857217
1636121920110,2021-11-05T10:18:40.110,33.07,2.16080499996585,5.585789340924935,-22.943020415965858
1636121920120,2021-11-05T10:18:40.120,33.08,1.6796146054116396,6.376068687651015,-22.980625726581643
1636121920130,2021-11-05T10:18:40.130,33.09,1.4054686922882382,6.987515901124862,-23.049849252650127
1636121920140,2021-11-05T10:18:40.140,33.1,1.1554053755885236,7.452998515885859,-23.262228778955773
1636121920150,2021-11-05T10:18:40.150,33.11,0.7767395854813905,7.767974693162969,-23.638400724954742
1636121920160,2021-11-05T10:18:40.160,33.12,0.4732144247126241,7.891952537492914,-24.04334045742646
1636121920170,2021-11-05T10:18:40.170,33.13,0.4515224817964153,7.8587223403707185,-24.34346344031075
1636121920180,2021-11-05T10:18:40.180,33.14,0.6170554135227375,7.747908957799315,-24.45117487674692
1636121920190,2021-11-05T10:18:40.190,33.15,0.815069982014536,7.579097347881107,-24.334867874672586
1636121920200,2021-11-05T10:18:40.200,33.16,1.0272372274299415,7.336097067294965,-24.24308408291732
1636121920210,2021-11-05T10:18:40.210,33.17,1.1905882063868425,7.056275186289424,-24.640348526018485
1636121920220,2021-11-05T10:18:40.220,33.18,1.1196314540466505,6.802536299282963,-25.521278848798886
1636121920230,2021-11-05T10:18:40.230,33.19,0.7593644804199262,6.568975387777503,-26.17040598391751
1636121920240,2021-11-05T10:18:40.240,33.2,0.36940321756417804,6.315499090734333,-26.111246836821756
1636121920250,2021-11-05T10:18:40.250,33.21,0.2937882281983148,6.119496403311359,-25.86184375352829
1636121920260,2021-11-05T10:18:40.260,33.22,0.5415115690361229,6.172886287725184,-26.186041182849856
1636121920270,2021-11-05T10:18:40.270,33.23,0.7849916472065503,6.534692744604044,-27.032566752139633
1636121920280,2021-11-05T10:18:40.280,33.24,0.8344217868826465,6.9980201803777184,-27.793483762723465
1636121920290,2021-11-05T10:18:40.290,33.25,0.8322721691114081,7.329891604872628,-28.21585129041097
1636121920300,2021-11-05T10:18:40.300,33.26,0.9109077093945372,7.538232177831524,-28.49205004745881
1636121920310,2021-11-05T10:18:40.310,33.27,1.0087086180763265,7.760214418868486,-28.74820503218494
1636121920320,2021-11-05T10:18:40.320,33.28,1.1049887083032384,7.981990966657866,-28.956574033433952
1636121920330,2021-11-05T10:18:40.330,33.29,1.3223818955305315,8.047584312823755,-29.20070337674588
1636121920340,2021-11-05T10:18:40.340,33.3,1.6650915837819213,7.926665517429248,-29.646799497289468
1636121920350,2021-11-05T10:18:40.350,33.31,1.8516004510931146,7.8069344708347845,-30.29522526086818
1636121920360,2021-11-05T10:18:40.360,33.32,1.6777571101553104,7.870510141800365,-30.956830559730918
1636121920370,2021-11-05T10:18:40.370,33.33,1.4749696930773415,8.093499873791364,-31.445665384927874
1636121920380,2021-11-05T10:18:40.380,33.34,1.7129919892606873,8.314563607584072,-31.726515631427183
1636121920390,2021-11-05T10:18:40.390,33.35,2.1563757199585756,8.402099532470144,-31.90741763449573
1636121920400,2021-11-05T10:18:40.400,33.36,2.1369914858391628,8.303593707744367,-32.08822793999573
1636121920410,2021-11-05T10:18:40.410,33.37,1.6530538310263352,7.9975360124754875,-32.20875504195504
1636121920420,2021-11-05T10:18:40.420,33.38,1.360329353216926,7.4584314648311825,-32.11217774122161
1636121920430,2021-11-05T10:18:40.430,33.39,1.502145710284041,6.671339424912832,-31.753383122553167
1636121920440,2021-11-05T10:18:40.440,33.4,1.6459998641504323,5.640396579557924,-31.219541953647692
1636121920450,2021-11-05T10:18:40.450,33.41,1.4251943182008198,4.3558371305342245,-30.54431008191866
1636121920460,2021-11-05T10:18:40.460,33.42,0.838366088210327,2.7857050935591623,-29.67094923011593
1636121920470,2021-11-05T10:18:40.470,33.43,-0.09811229845534124,0.9007144035511105,-28.603332717579967
1636121920480,2021-11-05T10:18:40.480,33.44,-1.3278689149013596,-1.358969172892805,-27.380007817890515
1636121920490,2021-11-05T10:18:40.490,33.45,-2.4405741051653447,-4.119736039187693,-25.87634903365391
1636121920500,2021-11-05T10:18:40.500,33.46,-2.974596076312887,-7.471940432477426,-23.856833154283954
1636121920510,2021-11-05T10:18:40.510,33.47,-3.0107275513418346,-11.34548654419449,-21.247876237073044
1636121920520,2021-11-05T10:18:40.520,33.48,-3.039720605378255,-15.603613535291313,-18.16081547607062
1636121920530,2021-11-05T10:18:40.530,33.49,-3.398887498227726,-20.24202558798972,-14.681889048528882
1636121920540,2021-11-05T10:18:40.540,33.5,-4.179651480657144,-25.331979321780473,-10.837129016114242
1636121920550,2021-11-05T10:18:40.550,33.51,-5.323591841492031,-30.75774846267283,-6.652045555118024
1636121920560,2021-11-05T10:18:40.560,33.52,-6.463489945360066,-36.23459100383455,-2.0346368790364906
1636121920570,2021-11-05T10:18:40.570,33.53,-7.151621524430707,-41.64371406166926,3.240941321463654
1636121920580,2021-11-05T10:18:40.580,33.54,-7.4747800200849674,-47.09068481268427,9.246918376060957
1636121920590,2021-11-05T10:18:40.590,33.55,-7.894389000020075,-52.55915880288137,15.780816024438378
1636121920600,2021-11-05T10:18:40.600,33.56,-8.458668387696495,-57.7859385571362,22.63593052814617
1636121920610,2021-11-05T10:18:40.610,33.57,-8.767664064252827,-62.534899004420744,29.746419297915885
1636121920620,2021-11-05T10:18:40.620,33.58,-8.720119521643008,-66.72341178085917,36.95049221002084
1636121920630,2021-11-05T10:18:40.630,33.59,-8.889548457438654,-70.27096994447538,43.83189195348075
1636121920640,2021-11-05T10:18:40.640,33.6,-9.953992686827206,-73.05673041655787,50.00560407472659
1636121920650,2021-11-05T10:18:40.650,33.61,-11.67797725328073,-74.99838372044854,55.56860072093781
1636121920660,2021-11-05T10:18:40.660,33.62,-12.870595281015916,-76.06021150723328,61.11202057294233
1636121920670,2021-11-05T10:18:40.670,33.63,-12.898241848046219,-76.26186278099652,67.12038184665454
1636121920680,2021-11-05T10:18:40.680,33.64,-12.634111643369756,-75.63233241118016,73.44299726854159
1636121920690,2021-11-05T10:18:40.690,33.65,-12.988230406184687,-74.01792695787832,79.57440696962917
1636121920700,2021-11-05T10:18:40.700,33.66,-13.220487555917263,-71.11722621624595,85.34058674727973
1636121920710,2021-11-05T10:18:40.710,33.67,-12.058068984336998,-66.93172635438737,90.93910734850715
1636121920720,2021-11-05T10:18:40.720,33.68,-10.060573532827647,-62.04126712398038,96.30250240439526
1636121920730,2021-11-05T10:18:40.730,33.69,-9.24719041881388,-57.25331172799942,100.92129398578987
1636121920740,2021-11-05T10:18:40.740,33.7,-10.119634428079367,-53.03522055336238,104.57680886516418
1636121920750,2021-11-05T10:18:40.750,33.71,-10.634268271956039,-49.31257556463595,107.77747523474522
1636121920760,2021-11-05T10:18:40.760,33.72,-9.101852416362203,-45.702709031014955,110.90096195340911
1636121920770,2021-11-05T10:18:40.770,33.73,-6.804549537591056,-41.8765558808925,113.18568516138481
1636121920780,2021-11-05T10:18:40.780,33.74,-6.146171783134896,-37.73426448833567,113.30075721556054
1636121920790,2021-11-05T10:18:40.790,33.75,-7.005590208298328,-33.318143683965076,110.97265313053268
1636121920800,2021-11-05T10:18:40.800,33.76,-6.846021516330456,-28.66045811516019,107.493166767601
1636121920810,2021-11-05T10:18:40.810,33.77,-4.26864844225078,-23.807884286397655,104.40045088490491
1636121920820,2021-11-05T10:18:40.820,33.78,-0.6938523116304167,-19.028407448979358,101.98560045861308
1636121920830,2021-11-05T10:18:40.830,33.79,1.7085654397485217,-14.898071564524898,99.3393959048044
1636121920840,2021-11-05T10:18:40.840,33.8,2.46563990099776,-11.97856066423075,95.60282502138718
1636121920850,2021-11-05T10:18:40.850,33.81,2.8233408303216,-10.297908679327382,90.71530007522347
1636121920860,2021-11-05T10:18:40.860,33.82,3.9484420136422314,-9.226558575165644,84.95798666584722
1636121920870,2021-11-05T10:18:40.870,33.83,5.463559826956516,-7.94377391406832,78.41241003300993
1636121920880,2021-11-05T10:18:40.880,33.84,6.051145161501984,-5.999880133083822,71.3589200561834
1636121920890,2021-11-05T10:18:40.890,33.85,5.437856554438604,-3.457098137778685,64.79266675943403
1636121920900,2021-11-05T10:18:40.900,33.86,4.78647799117127,-0.6539747431090018,59.79386082586277
1636121920910,2021-11-05T10:18:40.910,33.87,4.834745397188359,2.0513919680594004,56.409695105601614
1636121920920,2021-11-05T10:18:40.920,33.88,4.881614767827885,4.37653089924966,53.70026913289962
1636121920930,2021-11-05T10:18:40.930,33.89,4.0663233914369705,6.1059924439413376,50.860807053751444
1636121920940,2021-11-05T10:18:40.940,33.9,2.5679928224405417,7.119802404106551,47.833185656417015
1636121920950,2021-11-05T10:18:40.950,33.91,1.1500740152012074,7.514942401692517,44.89840594156605
1636121920960,2021-11-05T10:18:40.960,33.92,0.27650463711689943,7.653955167722299,42.254832392960424
1636121920970,2021-11-05T10:18:40.970,33.93,-0.07005516929152787,7.954020552981445,40.115456252628334
1636121920980,2021-11-05T10:18:40.980,33.94,-0.1182610693122951,8.602171570181547,38.690586890686966
1636121920990,2021-11-05T10:18:40.990,33.95,0.001614050535877043,9.556215629781317,37.80944696223351
1636121921000,2021-11-05T10:18:41.000,33.96,0.39458874898028423,10.752926197163793,36.936356160700335
1636121921010,2021-11-05T10:18:41.010,33.97,1.159384326939725,12.123080434275163,35.76921627209357
1636121921020,2021-11-05T10:18:41.020,33.98,2.0226542719658975,13.415566822998041,34.48074335696034
1636121921030,2021-11-05T10:18:41.030,33.99,2.437520453358335,14.246734943289814,33.24188291823691
1636121921040,2021-11-05T10:18:41.040,34.0,2.1004566781227005,14.44231048360829,31.893349558964033
1636121921050,2021-11-05T10:18:41.050,34.01,1.1731883024480807,14.195094838027519,30.26812209907949
1636121921060,2021-11-05T10:18:41.060,34.02,-0.027012774557196972,13.793727626519711,28.531745405769854
1636121921070,2021-11-05T10:18:41.070,34.03,-1.2482657385256246,13.350137175474092,26.97223031105713
1636121921080,2021-11-05T10:18:41.080,34.04,-2.129522656407957,12.882932960837588,25.603143249372955
1636121921090,2021-11-05T10:18:41.090,34.05,-2.258712406271143,12.455987761315608,24.181642573041486
1636121921100,2021-11-05T10:18:41.100,34.06,-1.6384888830545554,12.12034373519846,22.591500074607126
1636121921110,2021-11-05T10:18:41.110,34.07,-0.6767922778772582,11.939938802805159,21.053813738968575
1636121921120,2021-11-05T10:18:41.120,34.08,0.34538313359443285,12.095498690416527,19.880141991014753
1636121921130,2021-11-05T10:18:41.130,34.09,1.2366339353841656,12.59263322833809,19.07381430719991
1636121921140,2021-11-05T10:18:41.140,34.1,1.548095438018329,12.887681587284463,18.352356752438855
1636121921150,2021-11-05T10:18:41.150,34.11,1.1841405371298535,12.429917155803349,17.64648832117371
1636121921160,2021-11-05T10:18:41.160,34.12,1.0869762747054939,11.618174009510252,17.265119320115602
1636121921170,2021-11-05T10:18:41.170,34.13,2.1812895454973305,11.33844736935077,17.228720791142276
1636121921180,2021-11-05T10:18:41.180,34.14,3.8444390839823503,11.533801357240856,16.7823050569045
1636121921190,2021-11-05T10:18:41.190,34.15,4.508458527389906,11.456290762134351,15.147431570551696
1636121921200,2021-11-05T10:18:41.200,34.16,3.584649120915757,11.229131116781549,12.593819146137164
1636121921210,2021-11-05T10:18:41.210,34.17,1.8870816346290527,11.564523047133587,10.318118117864518
1636121921220,2021-11-05T10:18:41.220,34.18,0.5029100702470208,12.131459597939337,9.39675329187321
1636121921230,2021-11-05T10:18:41.230,34.19,0.18232506562247658,11.912101862770657,9.998057804515195
1636121921240,2021-11-05T10:18:41.240,34.2,1.4258086783413872,10.946223617319301,11.261864792862033
1636121921250,2021-11-05T10:18:41.250,34.21,4.009573546444651,10.281078067091986,11.86567923496236
1636121921260,2021-11-05T10:18:41.260,34.22,6.502181888398906,10.501264179033761,11.086985911469927
1636121921270,2021-11-05T10:18:41.270,34.23,7.238454107251204,11.357158862364091,9.39094596891408
1636121921280,2021-11-05T10:18:41.280,34.24,5.977925606831075,12.42175893427472,7.860646774755269
1636121921290,2021-11-05T10:18:41.290,34.25,4.112967551840269,13.272564512185815,7.199053848751452
1636121921300,2021-11-05T10:18:41.300,34.26,3.2167185457870016,13.388102497166475,7.27505270614995
1636121921310,2021-11-05T10:18:41.310,34.27,3.763351337722077,12.571793172357609,7.326094899743815
1636121921320,2021-11-05T10:18:41.320,34.28,5.149922115808923,11.35265196730639,6.578827002574434
1636121921330,2021-11-05T10:18:41.330,34.29,6.430569636061955,10.550718263886482,4.90869576950646
1636121921340,2021-11-05T10:18:41.340,34.3,7.016107902220405,10.48931962916988,2.900108943387479
1636121921350,2021-11-05T10:18:41.350,34.31,7.0609914200456245,10.840235055862014,1.2634224929542852
1636121921360,2021-11-05T10:18:41.360,34.32,7.131726038190235,11.149672312701098,0.4969932304656595
1636121921370,2021-11-05T10:18:41.370,34.33,7.422814501627642,11.270031542224263,1.059139268269522
1636121921380,2021-11-05T10:18:41.380,34.34,7.672053661041133,11.294369173859433,3.018262562765997
1636121921390,2021-11-05T10:18:41.390,34.35,7.728649116101272,11.364716120375336,5.214764626401281
1636121921400,2021-11-05T10:18:41.400,34.36,7.663190422040049,11.634572346425,5.889806307593332
1636121921410,2021-11-05T10:18:41.410,34.37,7.600026357992208,12.160544954088788,4.770193954639653
1636121921420,2021-11-05T10:18:41.420,34.38,7.72155853965571,12.74539529186766,3.403399362050116
1636121921430,2021-11-05T10:18:41.430,34.39,7.880768413168423,13.122853840350187,2.9592733575965484
1636121921440,2021-11-05T10:18:41.440,34.4,7.578499232852877,13.355713477928575,3.0278249728197535
1636121921450,2021-11-05T10:18:41.450,34.41,7.199276188805477,13.837172651264385,2.930115321436805
1636121921460,2021-11-05T10:18:41.460,34.42,8.035755464598978,14.790613552579163,2.767654449319812
1636121921470,2021-11-05T10:18:41.470,34.43,9.8792492598503,15.878265861743635,2.7161996582838963
1636121921480,2021-11-05T10:18:41.480,34.44,10.503717703597165,16.457074690070563,2.429289869830993
1636121921490,2021-11-05T10:18:41.490,34.45,9.016528535444056,16.19263813893022,1.7294609040579265
1636121921500,2021-11-05T10:18:41.500,34.46,7.614560852373286,15.254273094200766,1.271673566533387
1636121921510,2021-11-05T10:18:41.510,34.47,8.513692249367015,14.019877186770746,1.8911675350410555
1636121921520,2021-11-05T10:18:41.520,34.48,11.023104746439083,12.905947486429909,3.428185088924699
1636121921530,2021-11-05T10:18:41.530,34.49,12.954446787610205,12.396887817272109,4.770252453275259
1636121921540,2021-11-05T10:18:41.540,34.5,13.375782759538012,12.890298403373622,5.184596946307863
1636121921550,2021-11-05T10:18:41.550,34.51,12.801161474857892,14.440117737205522,5.051177863369593
1636121921560,2021-11-05T10:18:41.560,34.52,11.819718335201184,16.655993087022956,4.982831264693336
1636121921570,2021-11-05T10:18:41.570,34.53,10.810518659746158,18.783723026888566,4.877093822456043
1636121921580,2021-11-05T10:18:41.580,34.54,10.385561529563462,20.05051821501145,4.442262771179801
1636121921590,2021-11-05T10:18:41.590,34.55,10.99985006658061,20.14071240851996,4.027441647391963
1636121921600,2021-11-05T10:18:41.600,34.56,12.41074036340609,19.24889584615773,4.099329567934742
1636121921610,2021-11-05T10:18:41.610,34.57,13.988361579679744,17.690749598871342,4.364632040614483
1636121921620,2021-11-05T10:18:41.620,34.58,15.086267164819864,15.801892045547817,4.113800370993202
1636121921630,2021-11-05T10:18:41.630,34.59,15.172571401457274,14.175712871833229,3.0402355357771373
1636121921640,2021-11-05T10:18:41.640,34.6,14.293580733701294,13.433662249383394,1.364518875791952
1636121921650,2021-11-05T10:18:41.650,34.61,13.292253130139436,13.757643004829458,-0.3321506867451038
1636121921660,2021-11-05T10:18:41.660,34.62,13.10666188918631,15.163164457266504,-1.2548272865531187
1636121921670,2021-11-05T10:18:41.670,34.63,13.784742931309719,17.624408621953435,-1.0793727852252981
1636121921680,2021-11-05T10:18:41.680,34.64,14.24303258170044,19.966845224336947,-0.6607130838511314
1636121921690,2021-11-05T10:18:41.690,34.65,13.33584514720995,19.991739597245243,-1.2460248492558137
1636121921700,2021-11-05T10:18:41.700,34.66,11.153820698186786,17.527719946390935,-2.7718059015584124
1636121921710,2021-11-05T10:18:41.710,34.67,8.50614423910418,15.713607048376607,-3.9162589616603376
1636121921720,2021-11-05T10:18:41.720,34.68,5.705445642733162,16.905883045310716,-4.00622476675401
1636121921730,2021-11-05T10:18:41.730,34.69,3.25434943390026,19.13216109470325,-3.6787658069414846
1636121921740,2021-11-05T10:18:41.740,34.7,2.375810677476121,19.14797620572272,-3.574557630434297
1636121921750,2021-11-05T10:18:41.750,34.71,3.0501601367684277,17.046268787929215,-3.6323919689566377
1636121921760,2021-11-05T10:18:41.760,34.72,3.246128837541106,15.246427126398066,-3.6766680442189896
1636121921770,2021-11-05T10:18:41.770,34.73,1.4487849085562134,14.749633074598382,-3.7420049647733142
1636121921780,2021-11-05T10:18:41.780,34.74,-1.8414118172709952,14.723620719228272,-3.8878893148243705
1636121921790,2021-11-05T10:18:41.790,34.75,-5.366615052058769,14.387168723471813,-4.031074078673649
1636121921800,2021-11-05T10:18:41.800,34.76,-8.038644678146028,13.580272322214803,-3.826158261769979
1636121921810,2021-11-05T10:18:41.810,34.77,-9.01223234493582,12.372650302379274,-3.0598712381851505
1636121921820,2021-11-05T10:18:41.820,34.78,-8.069893246902094,11.148842594050299,-2.3618575583030275
1636121921830,2021-11-05T10:18:41.830,34.79,-5.617458189585966,10.560388006539128,-2.8261336151500784
1636121921840,2021-11-05T10:18:41.840,34.8,-2.609532971795592,10.83026711082799,-4.777409153171139
1636121921850,2021-11-05T10:18:41.850,34.81,-0.8321981618917523,11.323305918203392,-7.455607446943787
1636121921860,2021-11-05T10:18:41.860,34.82,-1.6082025790766385,11.046369503624664,-9.793543032287308
1636121921870,2021-11-05T10:18:41.870,34.83,-3.7642425325890008,9.537929953577114,-11.309522954405075
1636121921880,2021-11-05T10:18:41.880,34.84,-4.862424747011555,7.263738884876165,-12.587804053963506
1636121921890,2021-11-05T10:18:41.890,34.85,-4.467819454592668,5.226184125085863,-14.707768173867665
1636121921900,2021-11-05T10:18:41.900,34.86,-4.2322199018063245,4.197407588371236,-17.830383652205757
1636121921910,2021-11-05T10:18:41.910,34.87,-5.3014828148516,4.175081496290089,-20.895184294084896
1636121921920,2021-11-05T10:18:41.920,34.88,-7.621480194198325,4.429667582424224,-23.102533436297698
1636121921930,2021-11-05T10:18:41.930,34.89,-10.955330964921824,4.180909464697903,-24.99708708094472
1636121921940,2021-11-05T10:18:41.940,34.9,-14.753929514160085,3.371299878418368,-27.649107859825232
1636121921950,2021-11-05T10:18:41.950,34.91,-17.976860720321028,2.685904237776376,-31.355956328502884
1636121921960,2021-11-05T10:18:41.960,34.92,-20.271745839429162,2.78366120359318,-35.55193053227094
1636121921970,2021-11-05T10:18:41.970,34.93,-22.000319715154163,3.6947665136468677,-39.512498269735595
1636121921980,2021-11-05T10:18:41.980,34.94,-22.63483827872319,4.951675661250764,-42.74095079186702
1636121921990,2021-11-05T10:18:41.990,34.95,-21.133037658717264,6.027145205002225,-45.047556571485174
1636121922000,2021-11-05T10:18:42.000,34.96,-18.078761023023535,6.555776821074209,-46.67942758567911
1636121922010,2021-11-05T10:18:42.010,34.97,-15.39134607922859,6.339440951643695,-48.11423058893814
1636121922020,2021-11-05T10:18:42.020,34.98,-13.983334914040672,5.379473262006025,-49.396845196059616
1636121922030,2021-11-05T10:18:42.030,34.99,-13.310909168442986,3.9628505555050997,-49.97118453284263
1636121922040,2021-11-05T10:18:42.040,35.0,-12.90837951453655,2.532231321319668,-49.45298094630897
1636121922050,2021-11-05T10:18:42.050,35.01,-13.202443260348744,1.3198348089299556,-48.22897590328169
1636121922060,2021-11-05T10:18:42.060,35.02,-14.820331005213518,0.24631814468542498,-47.00243984852348
1636121922070,2021-11-05T10:18:42.070,35.03,-17.432822185221738,-0.7435546601786008,-46.06783534398038
1636121922080,2021-11-05T10:18:42.080,35.04,-19.6018728802838,-1.485354558358485,-45.34196409938396
1636121922090,2021-11-05T10:18:42.090,35.05,-20.25907570386515,-1.8391035517507373,-44.853912172787446
1636121922100,2021-11-05T10:18:42.100,35.06,-19.994900062642614,-1.908632255333104,-44.7798806839055
1636121922110,2021-11-05T10:18:42.110,35.07,-20.099578899289956,-1.9534494419076023,-44.999158368506386
1636121922120,2021-11-05T10:18:42.120,35.08,-20.719839068786282,-2.2754000151573788,-45.04272357212642
1636121922130,2021-11-05T10:18:42.130,35.09,-20.73968737210803,-3.144802451400329,-44.71308686135909
1636121922140,2021-11-05T10:18:42.140,35.1,-19.109916603294128,-4.550500794537772,-44.436144643544296
1636121922150,2021-11-05T10:18:42.150,35.11,-15.876632188100931,-6.051566137078149,-44.743374706133906
1636121922160,2021-11-05T10:18:42.160,35.12,-12.300101504584603,-7.1348283718134695,-45.68888464448839
1636121922170,2021-11-05T10:18:42.170,35.13,-9.991197034421365,-7.663149825076747,-46.949773716390936
1636121922180,2021-11-05T10:18:42.180,35.14,-9.639501397974964,-7.827615118674462,-48.185833547114555
1636121922190,2021-11-05T10:18:42.190,35.15,-10.72013884989331,-7.883547220895423,-49.13015950542702
1636121922200,2021-11-05T10:18:42.200,35.16,-12.198982309152193,-8.096854235073172,-49.5706345299023
1636121922210,2021-11-05T10:18:42.210,35.17,-13.116319142869223,-8.629146109412241,-49.51666006161061
1636121922220,2021-11-05T10:18:42.220,35.18,-12.98791503792933,-9.266292562398874,-49.38434707721197
1636121922230,2021-11-05T10:18:42.230,35.19,-12.040732699534974,-9.583167813866746,-49.712923442895715
1636121922240,2021-11-05T10:18:42.240,35.2,-10.809361274451689,-9.502904985043644,-50.56234636510872
1636121922250,2021-11-05T10:18:42.250,35.21,-9.7320631522107,-9.336150284614181,-51.51724833210264
1636121922260,2021-11-05T10:18:42.260,35.22,-9.199877500817083,-9.340984501657712,-52.33016599238158
1636121922270,2021-11-05T10:18:42.270,35.23,-9.235027789590905,-9.660390120119999,-53.084959316167954
1636121922280,2021-11-05T10:18:42.280,35.24,-9.225968044450767,-10.3636722493396,-53.74019662173528
1636121922290,2021-11-05T10:18:42.290,35.25,-8.728407118915195,-11.105616662881197,-54.03506336485674
1636121922300,2021-11-05T10:18:42.300,35.26,-7.982678681782363,-11.263017572314112,-53.84321845347336
1636121922310,2021-11-05T10:18:42.310,35.27,-7.118506275026648,-10.78819206051741,-53.290611455007166
1636121922320,2021-11-05T10:18:42.320,35.28,-5.917577761816283,-10.369680565566396,-52.61653136156173
1636121922330,2021-11-05T10:18:42.330,35.29,-4.807967709035218,-10.512446142549354,-52.06892566205994
1636121922340,2021-11-05T10:18:42.340,35.3,-4.742255454089001,-10.976108722389505,-51.73108200900745
1636121922350,2021-11-05T10:18:42.350,35.31,-5.573557680764921,-11.276462784208661,-51.29962328910129
1636121922360,2021-11-05T10:18:42.360,35.32,-5.952105744318526,-11.29468519359282,-50.21764455406611
1636121922370,2021-11-05T10:18:42.370,35.33,-5.406821362546719,-11.190829449466737,-48.197224533185796
1636121922380,2021-11-05T10:18:42.380,35.34,-5.013432804636187,-11.052966362720277,-45.480152420889226
1636121922390,2021-11-05T10:18:42.390,35.35,-5.306483977787974,-10.902513923514853,-42.50619875117024
1636121922400,2021-11-05T10:18:42.400,35.36,-5.194788595193207,-10.84198951951207,-39.56704427643646
1636121922410,2021-11-05T10:18:42.410,35.37,-3.8010434136178874,-10.954481931751905,-36.84320820984479
1636121922420,2021-11-05T10:18:42.420,35.38,-1.84169570010938,-11.1806876608097,-34.45114853569908
1636121922430,2021-11-05T10:18:42.430,35.39,-0.5029851619100155,-11.43224743809013,-32.32949249798874
1636121922440,2021-11-05T10:18:42.440,35.4,-0.2385330921220743,-11.685426691852946,-30.197719435433235
1636121922450,2021-11-05T10:18:42.450,35.41,-0.7864121812904882,-11.867922724821932,-27.52913429390685
1636121922460,2021-11-05T10:18:42.460,35.42,-1.020595485277819,-11.79356580522806,-23.63799139405666
1636121922470,2021-11-05T10:18:42.470,35.43,0.7981125130535585,-11.313116434530293,-18.44484061699664
1636121922480,2021-11-05T10:18:42.480,35.44,4.896129807498227,-10.46873263291743,-13.40152639620432
1636121922490,2021-11-05T10:18:42.490,35.45,8.675840042854738,-9.453749529824552,-10.74146735055633
1636121922500,2021-11-05T10:18:42.500,35.46,9.390373861485326,-8.464429478096848,-11.110301823258718
1636121922510,2021-11-05T10:18:42.510,35.47,7.318970337687638,-7.605387175882797,-12.700837170071514
1636121922520,2021-11-05T10:18:42.520,35.48,4.528485600699083,-6.866065376216517,-13.386397865573322
1636121922530,2021-11-05T10:18:42.530,35.49,2.0128893361960074,-6.133129396283236,-12.71100547299632
1636121922540,2021-11-05T10:18:42.540,35.5,0.08876807166709605,-5.2938541307521785,-11.049849572285947
1636121922550,2021-11-05T10:18:42.550,35.51,-0.25075577411187155,-4.411193442083202,-8.192123790228488
1636121922560,2021-11-05T10:18:42.560,35.52,1.3753482132881,-3.7261736452931733,-4.017399666568108
1636121922570,2021-11-05T10:18:42.570,35.53,3.6291659249852435,-3.4161519649231895,0.4357383110561611
1636121922580,2021-11-05T10:18:42.580,35.54,5.269666343920688,-3.4726381104031994,3.796016870911241
1636121922590,2021-11-05T10:18:42.590,35.55,6.515474437252049,-3.8407288699019495,5.670263828592123
1636121922600,2021-11-05T10:18:42.600,35.56,7.545549311872474,-4.401748102598213,6.453534470401213
1636121922610,2021-11-05T10:18:42.610,35.57,7.604988964375513,-4.760148831834069,6.5415345736127195
1636121922620,2021-11-05T10:18:42.620,35.58,6.724185954366286,-4.5161787733467085,6.357827460056039
1636121922630,2021-11-05T10:18:42.630,35.59,6.360142713335598,-3.9858941740157134,6.663313428712934
1636121922640,2021-11-05T10:18:42.640,35.6,7.1395957710988665,-4.063828197254157,8.262380608409806
1636121922650,2021-11-05T10:18:42.650,35.61,7.761565435544763,-4.913030090485041,11.27188589273232
1636121922660,2021-11-05T10:18:42.660,35.62,7.1936636454989635,-5.478022345074017,14.49957216998143
1636121922670,2021-11-05T10:18:42.670,35.63,6.250324721084242,-5.005542406895051,15.66490510553712
1636121922680,2021-11-05T10:18:42.680,35.64,6.0654519223475365,-4.292180780827577,13.008404739933642
1636121922690,2021-11-05T10:18:42.690,35.65,6.472344758457298,-4.500082204733012,7.063200545504085
1636121922700,2021-11-05T10:18:42.700,35.66,6.662410935066055,-5.497697608885195,0.35260712743304534
1636121922710,2021-11-05T10:18:42.710,35.67,6.378342136067632,-6.3791214054261305,-4.799440329328111
1636121922720,2021-11-05T10:18:42.720,35.68,5.899175597063352,-6.92090090321768,-7.665053499697355
1636121922730,2021-11-05T10:18:42.730,35.69,5.5264491969192955,-7.568703447410575,-8.545350951474603
1636121922740,2021-11-05T10:18:42.740,35.7,5.429728910025589,-8.498692072455473,-7.808773655871155
1636121922750,2021-11-05T10:18:42.750,35.71,5.546765436053267,-9.43636129408239,-5.791566541364592
1636121922760,2021-11-05T10:18:42.760,35.72,5.511833639085384,-10.113667389457673,-2.9641775304953897
1636121922770,2021-11-05T10:18:42.770,35.73,5.106140642775164,-10.429781774756277,0.2671777794719183
1636121922780,2021-11-05T10:18:42.780,35.74,4.691963214210036,-10.288232505219403,3.6603845151041887
1636121922790,2021-11-05T10:18:42.790,35.75,4.703738019963245,-9.568287726618784,6.837890808922676
1636121922800,2021-11-05T10:18:42.800,35.76,4.959623257901387,-8.290547051847579,9.255323882568604
1636121922810,2021-11-05T10:18:42.810,35.77,4.994863465260162,-6.727899892099023,10.795514225524194
1636121922820,2021-11-05T10:18:42.820,35.78,4.7119145807383225,-5.300539156940759,12.09444276009358
1636121922830,2021-11-05T10:18:42.830,35.79,4.280327479804299,-4.309356789626529,13.861993515656714
1636121922840,2021-11-05T10:18:42.840,35.8,3.832745209865197,-3.7535723253650746,16.051387844868923
1636121922850,2021-11-05T10:18:42.850,35.81,3.564191568163059,-3.4545855335567888,18.06753456293027
1636121922860,2021-11-05T10:18:42.860,35.82,3.6945305014110765,-3.3512185969299733,19.583948335692117
1636121922870,2021-11-05T10:18:42.870,35.83,4.0802329858050586,-3.5784388213831573,20.693115985776373
1636121922880,2021-11-05T10:18:42.880,35.84,4.272643429285189,-4.24360447954949,21.42574645319643
1636121922890,2021-11-05T10:18:42.890,35.85,4.204702216028619,-5.24901160355827,21.665902058241652
1636121922900,2021-11-05T10:18:42.900,35.86,4.3262802661042645,-6.393445466664488,21.493103837888675
1636121922910,2021-11-05T10:18:42.910,35.87,4.772301927199943,-7.541512179157337,21.169454783830993
1636121922920,2021-11-05T10:18:42.920,35.88,5.0408681863321405,-8.613079606622836,20.84904068050956
1636121922930,2021-11-05T10:18:42.930,35.89,4.838475844995166,-9.507129727992925,20.628680897350517
1636121922940,2021-11-05T10:18:42.940,35.9,4.527229239781048,-10.163184492711327,20.706410646673294
1636121922950,2021-11-05T10:18:42.950,35.91,4.417102290097022,-10.66419628280351,21.11078701864183
1636121922960,2021-11-05T10:18:42.960,35.92,4.340750938641041,-11.180073439298734,21.434624255626805
1636121922970,2021-11-05T10:18:42.970,35.93,4.192669563845028,-11.808251943459986,21.21878392075246
1636121922980,2021-11-05T10:18:42.980,35.94,4.2008372493738415,-12.510774669113761,20.476996887831326
1636121922990,2021-11-05T10:18:42.990,35.95,4.411234645409219,-13.193755554407897,19.535667278946754
1636121923000,2021-11-05T10:18:43.000,35.96,4.487825758412642,-13.824010005839158,18.556480004702667
1636121923010,2021-11-05T10:18:43.010,35.97,4.212080023420089,-14.460756369660494,17.540755466866223
1636121923020,2021-11-05T10:18:43.020,35.98,3.665282854913005,-15.15377764645244,16.635825722594515
1636121923030,2021-11-05T10:18:43.030,35.99,2.9645953323792487,-15.828892043894193,16.198392956408593
1636121923040,2021-11-05T10:18:43.040,36.0,2.455225114759589,-16.338553430849696,16.613214608793143
1636121923050,2021-11-05T10:18:43.050,36.01,2.795581277384302,-16.616005730021794,17.96343309962058
1636121923060,2021-11-05T10:18:43.060,36.02,3.9666133984226937,-16.690921000744503,19.709724168250847
1636121923070,2021-11-05T10:18:43.070,36.03,4.822662897850181,-16.550033784473364,20.961232532270472
1636121923080,2021-11-05T10:18:43.080,36.04,4.676327052772715,-16.09758601564574,21.34431580067469
1636121923090,2021-11-05T10:18:43.090,36.05,4.479089327513799,-15.3118823618952,21.32337006176266
1636121923100,2021-11-05T10:18:43.100,36.06,5.30429442591944,-14.356693965344638,21.46255334728969
1636121923110,2021-11-05T10:18:43.110,36.07,6.660009903247236,-13.44751267552256,21.786078953524996
1636121923120,2021-11-05T10:18:43.120,36.08,7.4435780093438755,-12.648137270894782,22.100542510359865
1636121923130,2021-11-05T10:18:43.130,36.09,7.596874850818622,-11.902766585300125,22.483886329538507
1636121923140,2021-11-05T10:18:43.140,36.1,7.770073348143746,-11.243229375721846,23.11061774880156
1636121923150,2021-11-05T10:18:43.150,36.11,8.100573037927706,-10.806898172375707,23.880219488229255
1636121923160,2021-11-05T10:18:43.160,36.12,8.203342542450008,-10.620969389868847,24.51363699068545
1636121923170,2021-11-05T10:18:43.170,36.13,7.953988075409776,-10.527184411755613,24.88824223798217
1636121923180,2021-11-05T10:18:43.180,36.14,7.573830435077827,-10.370079404847488,25.06901950174386
1636121923190,2021-11-05T10:18:43.190,36.15,7.03728234380848,-10.143965302025016,25.07005527391277
1636121923200,2021-11-05T10:18:43.200,36.16,6.0303049565982105,-9.934804344820597,24.80977953214828
1636121923210,2021-11-05T10:18:43.210,36.17,4.637753166651463,-9.78461537337068,24.337823082240327
1636121923220,2021-11-05T10:18:43.220,36.18,3.4583515949744728,-9.604372320749714,23.890892572817638
1636121923230,2021-11-05T10:18:43.230,36.19,2.7902641732080014,-9.241454759539463,23.637069476315837
1636121923240,2021-11-05T10:18:43.240,36.2,2.291812439544565,-8.686358857759604,23.538729678156066
1636121923250,2021-11-05T10:18:43.250,36.21,1.6917217127884152,-8.114052874124363,23.537473145496577
1636121923260,2021-11-05T10:18:43.260,36.22,1.24283021089056,-7.656384489358107,23.69168022595133
1636121923270,2021-11-05T10:18:43.270,36.23,1.1962794056051202,-7.299762292281807,24.01505377693983
1636121923280,2021-11-05T10:18:43.280,36.24,1.3815937073738909,-7.03745092469206,24.326926955601483
1636121923290,2021-11-05T10:18:43.290,36.25,1.6323246742620547,-6.879085935006993,24.41977508273017
1636121923300,2021-11-05T10:18:43.300,36.26,2.1165932238512437,-6.694592999164886,24.282530245646452
1636121923310,2021-11-05T10:18:43.310,36.27,2.862764474813135,-6.318665311696597,24.031467525104386
1636121923320,2021-11-05T10:18:43.320,36.28,3.3861142440036813,-5.820750761101927,23.71685208066655
1636121923330,2021-11-05T10:18:43.330,36.29,3.1757627519070475,-5.421709854507158,23.307682280342807
1636121923340,2021-11-05T10:18:43.340,36.3,2.298117587984861,-5.126159691476536,22.816871977938273
1636121923350,2021-11-05T10:18:43.350,36.31,1.3467628672371301,-4.65703904398597,22.3960300019058
1636121923360,2021-11-05T10:18:43.360,36.32,0.9691398219603022,-3.804343214219432,22.264441101483833
1636121923370,2021-11-05T10:18:43.370,36.33,1.3362513118424064,-2.6663669925992206,22.43289236217924
1636121923380,2021-11-05T10:18:43.380,36.34,1.9513936093015878,-1.4844920631376421,22.553511738617882
1636121923390,2021-11-05T10:18:43.390,36.35,2.301870634583508,-0.38693101452167444,22.26386781413973
1636121923400,2021-11-05T10:18:43.400,36.36,2.648793098671475,0.6408767895411672,21.62207130696526
1636121923410,2021-11-05T10:18:43.410,36.37,3.5429342181789414,1.6455830474660469,20.906561444138738
1636121923420,2021-11-05T10:18:43.420,36.38,4.674129309926509,2.602551566948469,20.045415301134863
1636121923430,2021-11-05T10:18:43.430,36.39,5.08120399294332,3.381405827712225,18.631924655431263
1636121923440,2021-11-05T10:18:43.440,36.4,4.5521750808936225,3.8936311274819557,16.551866834777943
1636121923450,2021-11-05T10:18:43.450,36.41,3.9871579265541293,4.3155678417360575,14.240184648502622
1636121923460,2021-11-05T10:18:43.460,36.42,4.166662172541706,4.996948173847107,12.202065885909718
1636121923470,2021-11-05T10:18:43.470,36.43,4.767537869497412,6.049598440412157,10.554405023691423
1636121923480,2021-11-05T10:18:43.480,36.44,4.849644360145534,7.175264796452878,9.138852676578502
1636121923490,2021-11-05T10:18:43.490,36.45,3.910499660547216,8.004769885509061,7.8308521597432215
1636121923500,2021-11-05T10:18:43.500,36.46,2.256324756893474,8.485837326054938,6.632294761770585
1636121923510,2021-11-05T10:18:43.510,36.47,0.634299002961114,8.82368515753248,5.660059453320133
1636121923520,2021-11-05T10:18:43.520,36.48,-0.38148378557333645,9.124006786986886,5.08920483386356
1636121923530,2021-11-05T10:18:43.530,36.49,-0.8565215914549551,9.250730248636113,4.93768815464101
1636121923540,2021-11-05T10:18:43.540,36.5,-1.2962998986017442,9.065179122303427,4.940155590953616
1636121923550,2021-11-05T10:18:43.550,36.51,-1.8336227925607709,8.674182110580796,4.791042576408122
1636121923560,2021-11-05T10:18:43.560,36.52,-1.9648688464390291,8.343488296242766,4.414110883199616
1636121923570,2021-11-05T10:18:43.570,36.53,-1.345582355161293,8.282276284299439,3.8571573526577856
1636121923580,2021-11-05T10:18:43.580,36.54,-0.3814240269768729,8.638470353265662,3.082624937208683
1636121923590,2021-11-05T10:18:43.590,36.55,0.27098075326918164,9.562960034575543,2.015560658589209
1636121923600,2021-11-05T10:18:43.600,36.56,0.3336971445588692,11.091191899745738,0.6790894337269621
1636121923610,2021-11-05T10:18:43.610,36.57,-0.18410404120393953,13.032052710546555,-0.7870500549636085
1636121923620,2021-11-05T10:18:43.620,36.58,-1.2008833246803625,15.088879435506637,-2.1348756932406046
1636121923630,2021-11-05T10:18:43.630,36.59,-2.4335912476237347,17.02449373878199,-3.0876698918693806
1636121923640,2021-11-05T10:18:43.640,36.6,-3.4740226781482964,18.66822776741023,-3.57442600811818
1636121923650,2021-11-05T10:18:43.650,36.61,-4.178488275367738,19.881979466589865,-3.7866697066695405
1636121923660,2021-11-05T10:18:43.660,36.62,-4.6282001462213,20.598902109143236,-3.8494156137085547
1636121923670,2021-11-05T10:18:43.670,36.63,-4.696637133947789,20.84599242191176,-3.6105761802189145
1636121923680,2021-11-05T10:18:43.680,36.64,-4.125464384881862,20.692605403431415,-2.9310319428701943
1636121923690,2021-11-05T10:18:43.690,36.65,-3.049674273119841,20.183264917963847,-2.003002740074728
1636121923700,2021-11-05T10:18:43.700,36.66,-1.997184712337679,19.304248762048683,-1.2167460359139197
1636121923710,2021-11-05T10:18:43.710,36.67,-1.2921630634402295,18.017638993993767,-0.8335379058966699
1636121923720,2021-11-05T10:18:43.720,36.68,-0.7822507186046372,16.359069391700967,-0.8569704759875185
1636121923730,2021-11-05T10:18:43.730,36.69,-0.26072910314324893,14.493051006086024,-1.0967311505088426
1636121923740,2021-11-05T10:18:43.740,36.7,0.07428434979530069,12.650483520234225,-1.3159691518342975
1636121923750,2021-11-05T10:18:43.750,36.71,-0.20153071433295722,11.022231237757337,-1.398006669992297
1636121923760,2021-11-05T10:18:43.760,36.72,-1.1653167776210374,9.706085652239668,-1.4016331165319444
1636121923770,2021-11-05T10:18:43.770,36.73,-2.408934077806216,8.709628616560916,-1.4883095751307303
1636121923780,2021-11-05T10:18:43.780,36.74,-3.500017617566291,7.969970822611446,-1.8217466905580997
1636121923790,2021-11-05T10:18:43.790,36.75,-4.222243343563194,7.3980975496909345,-2.4206015880095535
1636121923800,2021-11-05T10:18:43.800,36.76,-4.270175253542348,6.960745406171507,-3.1291400204616555
1636121923810,2021-11-05T10:18:43.810,36.77,-3.329178508161768,6.733845893363856,-4.050221011785055
1636121923820,2021-11-05T10:18:43.820,36.78,-1.821675707328271,6.882819404702113,-5.937700184261417
1636121923830,2021-11-05T10:18:43.830,36.79,-0.9005023984220846,7.6042080205452045,-9.552140945923583
1636121923840,2021-11-05T10:18:43.840,36.8,-1.241218048271514,8.99693136478989,-14.5731971611828
1636121923850,2021-11-05T10:18:43.850,36.81,-2.4673850165989144,10.87697455875045,-19.763057983131866
1636121923860,2021-11-05T10:18:43.860,36.82,-3.9426456627080215,12.789856902353792,-24.196883410113713
1636121923870,2021-11-05T10:18:43.870,36.83,-5.326691877318955,14.330807900889187,-27.76030020426913
1636121923880,2021-11-05T10:18:43.880,36.84,-6.395314887793077,15.407125470832366,-30.58596529794992
1636121923890,2021-11-05T10:18:43.890,36.85,-7.101862559729197,16.136428615284817,-32.60914516590812
1636121923900,2021-11-05T10:18:43.900,36.86,-7.611483568527842,16.623862060815718,-33.644834612106585
1636121923910,2021-11-05T10:18:43.910,36.87,-7.858788640608749,16.93880409111491,-33.56315477994751
1636121923920,2021-11-05T10:18:43.920,36.88,-7.587557105372127,17.158183553762207,-32.42101163074043
1636121923930,2021-11-05T10:18:43.930,36.89,-6.934284847092343,17.272856764953424,-30.500066256481084
1636121923940,2021-11-05T10:18:43.940,36.9,-6.295336872046187,17.154908582169632,-28.131272665779417
1636121923950,2021-11-05T10:18:43.950,36.91,-5.717043480400653,16.760300117513292,-25.51363115835377
1636121923960,2021-11-05T10:18:43.960,36.92,-5.011082829250311,16.28866058735411,-22.755148569867593
1636121923970,2021-11-05T10:18:43.970,36.93,-4.14095912286368,16.071696441382265,-19.95959940648057
1636121923980,2021-11-05T10:18:43.980,36.94,-3.0110832160454724,16.386864165813915,-17.16593895704094
1636121923990,2021-11-05T10:18:43.990,36.95,-1.4016470573390227,17.364314132518682,-14.288189702634941
1636121924000,2021-11-05T10:18:44.000,36.96,0.42789135009667945,18.954876210350502,-11.249941704982845
1636121924010,2021-11-05T10:18:44.010,36.97,1.6940067381905097,21.01898075122373,-8.164190067843403
1636121924020,2021-11-05T10:18:44.020,36.98,2.119692341253203,23.49849311492257,-5.2549827062334415
1636121924030,2021-11-05T10:18:44.030,36.99,2.3445905995615797,26.405254078094114,-2.6533587488682984
1636121924040,2021-11-05T10:18:44.040,37.0,2.8571786831084935,29.677090847492124,-0.48215755110463315
1636121924050,2021-11-05T10:18:44.050,37.01,3.299656398375398,33.25088057417433,0.9369583559148467
1636121924060,2021-11-05T10:18:44.060,37.02,3.3209076041639394,37.22855627684226,1.2874223501260262
1636121924070,2021-11-05T10:18:44.070,37.03,3.26629818306933,41.721269362005145,0.6744286919030904
1636121924080,2021-11-05T10:18:44.080,37.04,3.43335348982572,46.526101598805006,-0.40953411393722555
1636121924090,2021-11-05T10:18:44.090,37.05,3.2639034603524912,51.08401723881334,-1.532084488304886
1636121924100,2021-11-05T10:18:44.100,37.06,1.8010347889557679,54.72487136194714,-2.570918800155554
1636121924110,2021-11-05T10:18:44.110,37.07,-1.1008219530413197,56.970556528599325,-3.513046826747329
1636121924120,2021-11-05T10:18:44.120,37.08,-4.133079565007214,57.748755267468724,-4.1453648912787475
1636121924130,2021-11-05T10:18:44.130,37.09,-5.562822017949424,57.32557268239934,-4.149078418161995
1636121924140,2021-11-05T10:18:44.140,37.1,-5.155143633541128,55.945442744105755,-3.533536777251645
1636121924150,2021-11-05T10:18:44.150,37.11,-4.251929731019387,53.57482921041265,-2.6638527560189456
1636121924160,2021-11-05T10:18:44.160,37.12,-3.7455904327089775,50.049231135763705,-1.7217530421482214
1636121924170,2021-11-05T10:18:44.170,37.13,-3.2533406665279743,45.377717782911205,-0.5081610838513498
1636121924180,2021-11-05T10:18:44.180,37.14,-2.4191200755753623,39.81175751655826,1.0670733985905807
1636121924190,2021-11-05T10:18:44.190,37.15,-1.4980161154880438,33.68331784962049,2.712923576880442
1636121924200,2021-11-05T10:18:44.200,37.16,-0.5349557007429985,27.27764378042469,4.127593422723794
1636121924210,2021-11-05T10:18:44.210,37.17,0.6544278453108304,20.83525603215032,5.253608151836554
1636121924220,2021-11-05T10:18:44.220,37.18,1.714940522541895,14.584076269184749,6.076106016218366
1636121924230,2021-11-05T10:18:44.230,37.19,2.054340014060359,8.733296520462728,6.546803014131917
1636121924240,2021-11-05T10:18:44.240,37.2,1.727161926188518,3.444176840806712,6.762545029181935
1636121924250,2021-11-05T10:18:44.250,37.21,1.2401871580948245,-1.1875096164075707,6.918570229172019
1636121924260,2021-11-05T10:18:44.260,37.22,0.7463921582168458,-5.127696665139368,7.093930905829751
1636121924270,2021-11-05T10:18:44.270,37.23,0.00569528306529761,-8.40489553821309,7.290834132474025
1636121924280,2021-11-05T10:18:44.280,37.24,-1.0183758245445693,-11.117651730065289,7.5911015597552876
1636121924290,2021-11-05T10:18:44.290,37.25,-1.9922770826512162,-13.391167500164524,8.050159907919692
1636121924300,2021-11-05T10:18:44.300,37.26,-2.699932760941305,-15.274563334600069,8.48038538462619
1636121924310,2021-11-05T10:18:44.310,37.27,-3.26547938967596,-16.69184561005099,8.567211168403928
1636121924320,2021-11-05T10:18:44.320,37.28,-3.6653413206225176,-17.53524037642356,8.256433554158713
1636121924330,2021-11-05T10:18:44.330,37.29,-3.5407672032472846,-17.822093815175073,7.83306635825306
1636121924340,2021-11-05T10:18:44.340,37.3,-2.8744155848851904,-17.758210188573734,7.530862707203822
1636121924350,2021-11-05T10:18:44.350,37.31,-2.2704064097836056,-17.628099798708448,7.280792659750486
1636121924360,2021-11-05T10:18:44.360,37.32,-2.063728007975488,-17.58487165560777,6.9613987077459
1636121924370,2021-11-05T10:18:44.370,37.33,-1.6913193182969248,-17.56553923097946,6.6441132553968405
1636121924380,2021-11-05T10:18:44.380,37.34,-0.5435815219919162,-17.472759696385037,6.404862192856475
1636121924390,2021-11-05T10:18:44.390,37.35,0.9857945423687773,-17.38523294772968,6.097710424106863
1636121924400,2021-11-05T10:18:44.400,37.36,1.9896158678370117,-17.47071755267725,5.521659849982427
1636121924410,2021-11-05T10:18:44.410,37.37,2.2845891146939312,-17.74410973055147,4.6886225706989615
1636121924420,2021-11-05T10:18:44.420,37.38,2.420566714083149,-18.057915227107223,3.7613507673681132
1636121924430,2021-11-05T10:18:44.430,37.39,2.6770684081882816,-18.300794825442097,2.8266324282289585
1636121924440,2021-11-05T10:18:44.440,37.4,2.8089989972325755,-18.469641919160015,1.89663970119897
1636121924450,2021-11-05T10:18:44.450,37.41,2.6951667042538263,-18.564798895450288,1.061431549046528
1636121924460,2021-11-05T10:18:44.460,37.42,2.568921085394649,-18.546665807826752,0.4606605189850831
1636121924470,2021-11-05T10:18:44.470,37.43,2.5422071554238768,-18.41634314704392,0.12090182694769881
1636121924480,2021-11-05T10:18:44.480,37.44,2.3752833488247633,-18.24592816771568,-0.058856052244602435
1636121924490,2021-11-05T10:18:44.490,37.45,1.877415636409772,-18.098014932127047,-0.17856564200782932
1636121924500,2021-11-05T10:18:44.500,37.46,1.2772779971252017,-17.970143886368106,-0.2705150926905142
1636121924510,2021-11-05T10:18:44.510,37.47,1.0096927308639299,-17.831200176480507,-0.3482154128588941
1636121924520,2021-11-05T10:18:44.520,37.48,1.16908085122036,-17.663459996661352,-0.47083052031550654
1636121924530,2021-11-05T10:18:44.530,37.49,1.3211113950903006,-17.458218465098362,-0.712754204724001
1636121924540,2021-11-05T10:18:44.540,37.5,1.0058166853853259,-17.217613502019514,-1.05388838815438
1636121924550,2021-11-05T10:18:44.550,37.51,0.2906004777011273,-16.979516966611115,-1.3937922507516731
1636121924560,2021-11-05T10:18:44.560,37.52,-0.4714479609192539,-16.800335041459846,-1.7487287160873828
1636121924570,2021-11-05T10:18:44.570,37.53,-1.2126564107187794,-16.700950012440078,-2.2864051616548453
1636121924580,2021-11-05T10:18:44.580,37.54,-2.0106436721138037,-16.669388549673037,-3.0257578605152373
1636121924590,2021-11-05T10:18:44.590,37.55,-2.6389390820628376,-16.708091299380566,-3.661231413478439
1636121924600,2021-11-05T10:18:44.600,37.56,-2.8021744518832525,-16.82805704394074,-3.832839350497729
1636121924610,2021-11-05T10:18:44.610,37.57,-2.5884358343893172,-17.01078771981943,-3.43523808264404
1636121924620,2021-11-05T10:18:44.620,37.58,-2.297620555514598,-17.213235539018623,-2.6075395471607283
1636121924630,2021-11-05T10:18:44.630,37.59,-2.0903580193623346,-17.385708018138445,-1.5957915103040707
1636121924640,2021-11-05T10:18:44.640,37.6,-1.9754199462245625,-17.468743080379422,-0.6294707676181719
1636121924650,2021-11-05T10:18:44.650,37.61,-1.8558650512850208,-17.41812461656777,0.22820659397485632
1636121924660,2021-11-05T10:18:44.660,37.62,-1.6208118757574899,-17.25587437188595,1.0654610665763204
1636121924670,2021-11-05T10:18:44.670,37.63,-1.3564623786272696,-17.058232141376433,1.884108193922362
1636121924680,2021-11-05T10:18:44.680,37.64,-1.1760571295811733,-16.870460299853775,2.5294727497979985
1636121924690,2021-11-05T10:18:44.690,37.65,-0.8519528760979875,-16.65802131094122,2.8866921699871426
1636121924700,2021-11-05T10:18:44.700,37.66,-0.18343522339644736,-16.362166955675125,2.921930788429255
1636121924710,2021-11-05T10:18:44.710,37.67,0.40157651267252126,-15.98651180019803,2.5524582282152974
1636121924720,2021-11-05T10:18:44.720,37.68,0.34869739287029855,-15.59056794392529,1.7662270763022112
1636121924730,2021-11-05T10:18:44.730,37.69,-0.09445229116914682,-15.191799460163928,0.8448106952479575
1636121924740,2021-11-05T10:18:44.740,37.7,-0.17554760498916913,-14.731882955524851,0.18645892158615104
1636121924750,2021-11-05T10:18:44.750,37.71,0.2877923031800484,-14.182088311750746,-0.0918025920748673
1636121924760,2021-11-05T10:18:44.760,37.72,0.6963648090229289,-13.623746017973364,-0.20058192440255262
1636121924770,2021-11-05T10:18:44.770,37.73,0.47990178891447044,-13.163039282695138,-0.36204761703350535
1636121924780,2021-11-05T10:18:44.780,37.74,-0.23237995584373342,-12.823615758507671,-0.5757492942920094
1636121924790,2021-11-05T10:18:44.790,37.75,-0.8753503251629331,-12.582157071261658,-0.7089601528879543
1636121924800,2021-11-05T10:18:44.800,37.76,-1.2153718825544024,-12.436205289870703,-0.7356684144585988
1636121924810,2021-11-05T10:18:44.810,37.77,-1.4623592415041153,-12.368551525090952,-0.7603356553302323
1636121924820,2021-11-05T10:18:44.820,37.78,-1.604738220033433,-12.303426682932812,-0.7997809762193296
1636121924830,2021-11-05T10:18:44.830,37.79,-1.3181238288654216,-12.153692315572451,-0.7506241725682731
1636121924840,2021-11-05T10:18:44.840,37.8,-0.7633190781315129,-11.891049586558676,-0.6372402125186011
1636121924850,2021-11-05T10:18:44.850,37.81,-0.645186727743091,-11.563753209071809,-0.6352507270679002
1636121924860,2021-11-05T10:18:44.860,37.82,-1.1307253822086372,-11.24815344515189,-0.7738252220110752
1636121924870,2021-11-05T10:18:44.870,37.83,-1.5529668924719218,-10.956394654916439,-0.8863214511762892
1636121924880,2021-11-05T10:18:44.880,37.84,-1.5126669740362422,-10.616442904040287,-0.9037895428544336
1636121924890,2021-11-05T10:18:44.890,37.85,-1.4216124110329964,-10.191817235510612,-0.9314698410056792
1636121924900,2021-11-05T10:18:44.900,37.86,-1.6460314097787636,-9.758833724035801,-1.0144826571574943
1636121924910,2021-11-05T10:18:44.910,37.87,-1.919086802172969,-9.388049125407248,-1.063357354883177
1636121924920,2021-11-05T10:18:44.920,37.88,-1.9184134643318667,-9.026108748756911,-1.0265416724479004
1636121924930,2021-11-05T10:18:44.930,37.89,-1.7343053872532839,-8.59536083518533,-0.9618161489779955
1636121924940,2021-11-05T10:18:44.940,37.9,-1.5055298601097735,-8.150716254363399,-0.9358333008722954
1636121924950,2021-11-05T10:18:44.950,37.91,-1.193066198238382,-7.835715263534497,-0.9858974223407309
1636121924960,2021-11-05T10:18:44.960,37.92,-0.8755088528547672,-7.718742825169585,-1.1438974332786258
1636121924970,2021-11-05T10:18:44.970,37.93,-0.730671249414605,-7.7549984457082894,-1.346149956238694
1636121924980,2021-11-05T10:18:44.980,37.94,-0.6958478813434061,-7.870303127283876,-1.4000859499189773
1636121924990,2021-11-05T10:18:44.990,37.95,-0.6214647698757098,-8.001123624811019,-1.2394249859395075
1636121925000,2021-11-05T10:18:45.000,37.96,-0.6136886876912244,-8.080485344716578,-1.0835433628098428
1636121925010,2021-11-05T10:18:45.010,37.97,-0.7690742262388687,-8.048420000895147,-1.1143295698856506
1636121925020,2021-11-05T10:18:45.020,37.98,-0.8670578035881829,-7.876528472417499,-1.1856532561366893
1636121925030,2021-11-05T10:18:45.030,37.99,-0.7761614780255448,-7.573525467517759,-1.0988263079737157
1636121925040,2021-11-05T10:18:45.040,38.0,-0.7652734324810126,-7.172265937932556,-0.9305445369491818
1636121925050,2021-11-05T10:18:45.050,38.01,-1.0048298635989144,-6.7095088769611255,-0.8333715510366317
1636121925060,2021-11-05T10:18:45.060,38.02,-1.249560612250047,-6.227908942320154,-0.7465491923347511
1636121925070,2021-11-05T10:18:45.070,38.03,-1.3333610757448744,-5.7924444238109265,-0.5560457349127995
1636121925080,2021-11-05T10:18:45.080,38.04,-1.410339306141247,-5.46812933734349,-0.34844553704293585
1636121925090,2021-11-05T10:18:45.090,38.05,-1.506816494418024,-5.276865706484344,-0.27946213257607294
1636121925100,2021-11-05T10:18:45.100,38.06,-1.434466622333749,-5.200288394307345,-0.3329603456278699
1636121925110,2021-11-05T10:18:45.110,38.07,-1.2209724581584607,-5.209012032560009,-0.39770562712664637
1636121925120,2021-11-05T10:18:45.120,38.08,-1.0661604022962243,-5.260336887789875,-0.45833443876266977
1636121925130,2021-11-05T10:18:45.130,38.09,-0.9420034043851129,-5.291927872307327,-0.5321221940414761
1636121925140,2021-11-05T10:18:45.140,38.1,-0.7370053961460694,-5.253481470748153,-0.5210429278424479
1636121925150,2021-11-05T10:18:45.150,38.11,-0.5878145684498612,-5.130136237873607,-0.2838977571684177
1636121925160,2021-11-05T10:18:45.160,38.12,-0.634062836356753,-4.9215205714283545,0.22829250493345565
1636121925170,2021-11-05T10:18:45.170,38.13,-0.7416216507982742,-4.628961473027963,0.9776355609881509
1636121925180,2021-11-05T10:18:45.180,38.14,-0.7712714823701331,-4.272852763521136,1.8437314991652767
1636121925190,2021-11-05T10:18:45.190,38.15,-0.7943721609429613,-3.888315527086049,2.602167776312502
1636121925200,2021-11-05T10:18:45.200,38.16,-0.9069559494222583,-3.4991640348061805,3.059955955734188
1636121925210,2021-11-05T10:18:45.210,38.17,-1.0723766821950367,-3.119626994354688,3.220663228996476
1636121925220,2021-11-05T10:18:45.220,38.18,-1.1329505226536716,-2.762021975648772,3.2112667544568336
1636121925230,2021-11-05T10:18:45.230,38.19,-0.9520804539691312,-2.4190734894848664,3.107701836261663
1636121925240,2021-11-05T10:18:45.240,38.2,-0.6697150399962365,-2.0785566061794634,2.9440741437418363
1636121925250,2021-11-05T10:18:45.250,38.21,-0.6028978193070227,-1.7687021012498105,2.828897551966775
1636121925260,2021-11-05T10:18:45.260,38.22,-0.7462935734530609,-1.5275513134140277,2.930256913791027
1636121925270,2021-11-05T10:18:45.270,38.23,-0.7567448746528708,-1.3294912069080764,3.341599565772392
1636121925280,2021-11-05T10:18:45.280,38.24,-0.521889178923636,-1.1094153112671965,3.995965326290148
1636121925290,2021-11-05T10:18:45.290,38.25,-0.28548318197362776,-0.8402544668876559,4.698196172001215
1636121925300,2021-11-05T10:18:45.300,38.26,-0.20279952504276985,-0.5384348716772702,5.2478070054116115
1636121925310,2021-11-05T10:18:45.310,38.27,-0.2195791239287267,-0.23740088172245616,5.565002850211444
1636121925320,2021-11-05T10:18:45.320,38.28,-0.32503277078557563,0.005555498292186989,5.701428944405435
1636121925330,2021-11-05T10:18:45.330,38.29,-0.5193384372971201,0.12797186240843972,5.750113228134094
1636121925340,2021-11-05T10:18:45.340,38.3,-0.646022297911959,0.12186529452459019,5.7854086274052605
1636121925350,2021-11-05T10:18:45.350,38.31,-0.6087328554928324,0.02926112366243206,5.850738641111806
1636121925360,2021-11-05T10:18:45.360,38.32,-0.5767354676610059,-0.12745378259084866,5.950596778896521
1636121925370,2021-11-05T10:18:45.370,38.33,-0.6679361977386334,-0.33107466975931304,6.086506248433259
1636121925380,2021-11-05T10:18:45.380,38.34,-0.6854220545845174,-0.4937800942638825,6.294203901389008
1636121925390,2021-11-05T10:18:45.390,38.35,-0.46172771314857736,-0.518863074813334,6.571172512133472
1636121925400,2021-11-05T10:18:45.400,38.36,-0.18892186287212126,-0.43119598585470437,6.813897096335209
1636121925410,2021-11-05T10:18:45.410,38.37,-0.12879680502406465,-0.31668554895903267,6.944965592320878
1636121925420,2021-11-05T10:18:45.420,38.38,-0.2004063080630569,-0.17621455476542947,7.058590723832758
1636121925430,2021-11-05T10:18:45.430,38.39,-0.09664465096998393,0.0124714861344789,7.3079161516386675
1636121925440,2021-11-05T10:18:45.440,38.4,0.3129787975432735,0.17395482275099455,7.673313685464695
1636121925450,2021-11-05T10:18:45.450,38.41,0.906816473842752,0.25883643335502426,7.981901473685937
1636121925460,2021-11-05T10:18:45.460,38.42,1.5078785498431981,0.395540784394362,8.150832455919467
1636121925470,2021-11-05T10:18:45.470,38.43,1.9170882007020364,0.7355045672653158,8.239004753851168
1636121925480,2021-11-05T10:18:45.480,38.44,1.9468622388857844,1.2426423824561192,8.236313384312695
1636121925490,2021-11-05T10:18:45.490,38.45,1.6834836379831617,1.786974824787507,8.032814833157941
1636121925500,2021-11-05T10:18:45.500,38.46,1.4448545655751523,2.3273638530200964,7.662145357455934
1636121925510,2021-11-05T10:18:45.510,38.47,1.3079228144365862,2.8752536658915644,7.313871867628203
1636121925520,2021-11-05T10:18:45.520,38.48,1.0819408729294584,3.402258051671176,7.044787462250163
1636121925530,2021-11-05T10:18:45.530,38.49,0.8243246452188622,3.883973592751326,6.759159244590435
1636121925540,2021-11-05T10:18:45.540,38.5,0.8556333478083215,4.328713372796141,6.47333762076397
1636121925550,2021-11-05T10:18:45.550,38.51,1.1814890795904451,4.69810006703723,6.288939096553078
1636121925560,2021-11-05T10:18:45.560,38.52,1.4308390935697533,4.89885088841585,6.156636211293621
1636121925570,2021-11-05T10:18:45.570,38.53,1.486284681662931,4.907873355634749,5.9702047117662325
1636121925580,2021-11-05T10:18:45.580,38.54,1.6841376661250895,4.812245359863549,5.802563195746827
1636121925590,2021-11-05T10:18:45.590,38.55,2.19637098771059,4.676505934847289,5.773868683146061
1636121925600,2021-11-05T10:18:45.600,38.56,2.6694816175652014,4.481635195427429,5.802757327090305
1636121925610,2021-11-05T10:18:45.610,38.57,2.7972453394296695,4.251788449442183,5.7460021302372315
1636121925620,2021-11-05T10:18:45.620,38.58,2.816277183058406,4.109040207994148,5.663272569351852
1636121925630,2021-11-05T10:18:45.630,38.59,2.9652278805685883,4.120199692587224,5.6890269451680116
1636121925640,2021-11-05T10:18:45.640,38.6,2.9213437432215468,4.185655167691758,5.759495239084389
1636121925650,2021-11-05T10:18:45.650,38.61,2.400185655651428,4.145913694337658,5.7209321041603705
1636121925660,2021-11-05T10:18:45.660,38.62,1.8210040448603926,3.9374598593062617,5.596645719348778
1636121925670,2021-11-05T10:18:45.670,38.63,1.668270493225207,3.586210364535328,5.509940059676461
1636121925680,2021-11-05T10:18:45.680,38.64,1.6744320732232858,3.080553185322324,5.4509989662500145
1636121925690,2021-11-05T10:18:45.690,38.65,1.3209409194410542,2.340767073469432,5.318151875213621
1636121925700,2021-11-05T10:18:45.700,38.66,0.7286479388027559,1.337927820739909,5.106322644705537
1636121925710,2021-11-05T10:18:45.710,38.67,0.43243348805006865,0.15641135264314415,4.931656348014348
1636121925720,2021-11-05T10:18:45.720,38.68,0.5243209502570962,-1.098112434974899,4.904278676012053
1636121925730,2021-11-05T10:18:45.730,38.69,0.5396434723142998,-2.364900751543937,5.002510396529055
1636121925740,2021-11-05T10:18:45.740,38.7,0.19780767464917665,-3.566359919448814,5.089905653308182
1636121925750,2021-11-05T10:18:45.750,38.71,-0.14488213804002592,-4.572273491087976,5.085991187105879
1636121925760,2021-11-05T10:18:45.760,38.72,-0.06183650938791127,-5.284570131108017,5.028086872055958
1636121925770,2021-11-05T10:18:45.770,38.73,0.21638102323931827,-5.704968184849329,4.918781749590188
1636121925780,2021-11-05T10:18:45.780,38.74,0.17517123274633573,-5.884169144593357,4.6905683223873424
1636121925790,2021-11-05T10:18:45.790,38.75,-0.09232687694100178,-5.856655542299242,4.384638821013679
1636121925800,2021-11-05T10:18:45.800,38.76,-0.09964081759803257,-5.652300794475353,4.148358018541959
1636121925810,2021-11-05T10:18:45.810,38.77,0.0857910778128805,-5.316301103437278,3.9917351178863485
1636121925820,2021-11-05T10:18:45.820,38.78,-0.023371574101021888,-4.874835503050345,3.7662734404001768
1636121925830,2021-11-05T10:18:45.830,38.79,-0.3622613022073402,-4.311845155162455,3.4424531493267487
1636121925840,2021-11-05T10:18:45.840,38.8,-0.37188812353611345,-3.627179054136011,3.195264595817092
1636121925850,2021-11-05T10:18:45.850,38.81,0.04765281774889582,-2.902056143480331,3.154890877950584
1636121925860,2021-11-05T10:18:45.860,38.82,0.45667245227269193,-2.2450143402589373,3.2639252873968445
1636121925870,2021-11-05T10:18:45.870,38.83,0.6190749220766337,-1.6820304727397462,3.415462354308083
1636121925880,2021-11-05T10:18:45.880,38.84,0.631237044017439,-1.1811582410266734,3.546913485398696
1636121925890,2021-11-05T10:18:45.890,38.85,0.5574701466023761,-0.7670706890784473,3.6091929023382434
1636121925900,2021-11-05T10:18:45.900,38.86,0.5028917565882935,-0.5005269222946573,3.6053776118353777
1636121925910,2021-11-05T10:18:45.910,38.87,0.6800985659520544,-0.363069793901706,3.564036100227062
1636121925920,2021-11-05T10:18:45.920,38.88,1.0165284383238122,-0.2625832847054935,3.361535148814597
1636121925930,2021-11-05T10:18:45.930,38.89,1.197756553295717,-0.1089649797721396,2.7955913847535228
1636121925940,2021-11-05T10:18:45.940,38.9,1.293724976110115,0.1854616072051001,1.9409297422412184
1636121925950,2021-11-05T10:18:45.950,38.91,1.6827243542532897,0.6924224691066333,1.132536611636534
1636121925960,2021-11-05T10:18:45.960,38.92,2.2598388252327455,1.385459708263681,0.48795357260000705
1636121925970,2021-11-05T10:18:45.970,38.93,2.4714235002811256,2.1352692925391095,-0.2333062055858786
1636121925980,2021-11-05T10:18:45.980,38.94,2.2205693080608055,2.8131711131187354,-1.1813230458674429
1636121925990,2021-11-05T10:18:45.990,38.95,1.9940496926065046,3.3463972648505713,-2.1294199983920863
1636121926000,2021-11-05T10:18:46.000,38.96,1.9863715027938795,3.673869569560072,-2.7426430627161933
1636121926010,2021-11-05T10:18:46.010,38.97,1.8325599615531427,3.722843972858315,-2.8503678210462216
1636121926020,2021-11-05T10:18:46.020,38.98,1.433507738314061,3.466182171124613,-2.353677938652135
1636121926030,2021-11-05T10:18:46.030,38.99,1.3568757436200465,2.95519515397181,-1.1788428053724442
1636121926040,2021-11-05T10:18:46.040,39.0,1.970796339796615,2.2636816792713383,0.4599271267255676
1636121926050,2021-11-05T10:18:46.050,39.01,2.7202182587066583,1.4507905873610207,1.9920833478666051
1636121926060,2021-11-05T10:18:46.060,39.02,2.8933919256262,0.6051877884939572,2.9818976126502044
1636121926070,2021-11-05T10:18:46.070,39.03,2.680230350323283,-0.14396900839993626,3.551650217232033
1636121926080,2021-11-05T10:18:46.080,39.04,2.694170445517698,-0.7027833817781306,4.0591513807147495
1636121926090,2021-11-05T10:18:46.090,39.05,2.8424166716547052,-1.0470392867439373,4.546242289060977
1636121926100,2021-11-05T10:18:46.100,39.06,2.5788125383741374,-1.1636537941599836,4.81164434698749
1636121926110,2021-11-05T10:18:46.110,39.07,1.9101977489008242,-1.0421630406796838,4.827346577379169
1636121926120,2021-11-05T10:18:46.120,39.08,1.2529216573901745,-0.7585447238395315,4.741154701311457
1636121926130,2021-11-05T10:18:46.130,39.09,0.6843382982114912,-0.4574310589068464,4.600898619694387
1636121926140,2021-11-05T10:18:46.140,39.1,0.13182231548595527,-0.17396883703968619,4.350856036744978
1636121926150,2021-11-05T10:18:46.150,39.11,-0.14927482569437492,0.23141856371800038,4.000609998248294
1636121926160,2021-11-05T10:18:46.160,39.12,0.028723847494963043,0.8696161752048099,3.6039538799478312
1636121926170,2021-11-05T10:18:46.170,39.13,0.34065125589242684,1.627585353450579,3.16001084616569
1636121926180,2021-11-05T10:18:46.180,39.14,0.38486976046660915,2.2656694857639494,2.66151950198406
1636121926190,2021-11-05T10:18:46.190,39.15,0.17186618526099606,2.666880852357409,2.159266940329349
1636121926200,2021-11-05T10:18:46.200,39.16,-0.07857341490760128,2.9142941360204944,1.702333197219198
1636121926210,2021-11-05T10:18:46.210,39.17,-0.2204240512356313,3.146308525953393,1.294887705944385
1636121926220,2021-11-05T10:18:46.220,39.18,-0.12823879061760926,3.422209073927956,0.9675880151977643
1636121926230,2021-11-05T10:18:46.230,39.19,0.25917952601317784,3.734006866685923,0.8022657991124404
1636121926240,2021-11-05T10:18:46.240,39.2,0.727113910777628,4.0430295732465105,0.8132500212666287
1636121926250,2021-11-05T10:18:46.250,39.21,0.9004711594294494,4.260748311148204,0.8876644572456915
1636121926260,2021-11-05T10:18:46.260,39.22,0.7058067115602716,4.2951224239451875,0.922340791910652
1636121926270,2021-11-05T10:18:46.270,39.23,0.5238762976413123,4.184508411039757,0.928235861748155
1636121926280,2021-11-05T10:18:46.280,39.24,0.6851470362739851,4.114555395999963,0.9053372117176843
1636121926290,2021-11-05T10:18:46.290,39.25,0.9560647265200413,4.232586566110595,0.7191513002626062
1636121926300,2021-11-05T10:18:46.300,39.26,0.8539224848719309,4.49129400790772,0.2619860749829024
1636121926310,2021-11-05T10:18:46.310,39.27,0.4053710760220171,4.748439949785543,-0.310440107228976
1636121926320,2021-11-05T10:18:46.320,39.28,0.13328870756928374,4.979473344910683,-0.6931872196655366
1636121926330,2021-11-05T10:18:46.330,39.29,0.26029741128303624,5.282916497605882,-0.7852957638791078
1636121926340,2021-11-05T10:18:46.340,39.3,0.44626877716072444,5.682043465924095,-0.749048847652731
1636121926350,2021-11-05T10:18:46.350,39.31,0.39760645217662566,6.038877417932682,-0.7360198512473011
1636121926360,2021-11-05T10:18:46.360,39.32,0.22086718823759488,6.206682820211247,-0.7578380003708876
1636121926370,2021-11-05T10:18:46.370,39.33,0.09214780149043969,6.192958523717667,-0.8052356832395642
1636121926380,2021-11-05T10:18:46.380,39.34,0.029571726415322512,6.110208303404611,-0.8977627135005115
1636121926390,2021-11-05T10:18:46.390,39.35,0.060710409309478845,6.005291901518939,-1.0175701091058804
1636121926400,2021-11-05T10:18:46.400,39.36,0.2739562640131618,5.824284051467794,-1.1122916467023458
1636121926410,2021-11-05T10:18:46.410,39.37,0.6312103350372638,5.541315849859066,-1.1462469803733475
1636121926420,2021-11-05T10:18:46.420,39.38,0.9364858550664392,5.221123846622024,-1.098559595974086
1636121926430,2021-11-05T10:18:46.430,39.39,1.0570389580541097,4.922114063303122,-0.9527304535025785
1636121926440,2021-11-05T10:18:46.440,39.4,1.0511177922544244,4.617787743310032,-0.718859586005729
1636121926450,2021-11-05T10:18:46.450,39.41,1.0469803468310799,4.2682297558436115,-0.42587076896242027
1636121926460,2021-11-05T10:18:46.460,39.42,1.123241138849732,3.9164273455236014,-0.07165028656895679
1636121926470,2021-11-05T10:18:46.470,39.43,1.279046384444964,3.6362033695733027,0.3658717232176165
1636121926480,2021-11-05T10:18:46.480,39.44,1.3666564812221624,3.4132545482037213,0.8408047332155343
1636121926490,2021-11-05T10:18:46.490,39.45,1.1884459216574546,3.1641979840746757,1.246569225495267
1636121926500,2021-11-05T10:18:46.500,39.46,0.8402471746192846,2.8577169170836063,1.5640977885572922
1636121926510,2021-11-05T10:18:46.510,39.47,0.687461473059974,2.558191600668092,1.8822962030127781
1636121926520,2021-11-05T10:18:46.520,39.48,0.7912002191756415,2.3655892699549974,2.182178926514431
1636121926530,2021-11-05T10:18:46.530,39.49,0.7452665783867813,2.3104235832680575,2.2529647632860437
1636121926540,2021-11-05T10:18:46.540,39.5,0.3359684425502347,2.290742320287271,1.955509836340844
1636121926550,2021-11-05T10:18:46.550,39.51,-0.07929387609633048,2.183365315170284,1.4243365854350947
1636121926560,2021-11-05T10:18:46.560,39.52,-0.1413999292573127,2.0253111885461994,0.8753139295315444
1636121926570,2021-11-05T10:18:46.570,39.53,0.0022221029263652103,1.9652627108691925,0.3699681344719722
1636121926580,2021-11-05T10:18:46.580,39.54,0.06180893688131953,2.0499140416078303,-0.08586303260628003
1636121926590,2021-11-05T10:18:46.590,39.55,0.06755381233262611,2.1952894844683075,-0.3899028952905593
1636121926600,2021-11-05T10:18:46.600,39.56,0.14028353709150918,2.3271035371144153,-0.49462092161175364
1636121926610,2021-11-05T10:18:46.610,39.57,0.15316964731570204,2.4146382615848694,-0.5734671907933984
1636121926620,2021-11-05T10:18:46.620,39.58,-0.03356437941724372,2.4104184924073486,-0.828957957721332
1636121926630,2021-11-05T10:18:46.630,39.59,-0.3050315501381622,2.2695640470145078,-1.2422612186214381
1636121926640,2021-11-05T10:18:46.640,39.6,-0.5594826521024191,2.024030560895838,-1.678342460846113
1636121926650,2021-11-05T10:18:46.650,39.61,-0.890608104094021,1.7949407465020606,-2.106533318345653
1636121926660,2021-11-05T10:18:46.660,39.62,-1.265277150627128,1.7146474164041454,-2.549932638295833
1636121926670,2021-11-05T10:18:46.670,39.63,-1.4536000942083922,1.807918002092107,-2.92705584095873
1636121926680,2021-11-05T10:18:46.680,39.64,-1.426618951705916,1.9595452095700898,-3.101820730750811
1636121926690,2021-11-05T10:18:46.690,39.65,-1.3847703671612446,2.0332527666744213,-3.0499283018470704
1636121926700,2021-11-05T10:18:46.700,39.66,-1.3990743509235553,1.9762665294604589,-2.875517926952628
1636121926710,2021-11-05T10:18:46.710,39.67,-1.3829759756335092,1.8064094756951898,-2.6675408638189504
1636121926720,2021-11-05T10:18:46.720,39.68,-1.273215776983493,1.625859062338379,-2.418531804341904
1636121926730,2021-11-05T10:18:46.730,39.69,-1.0518137903593947,1.6095870393184666,-2.1272428461235653
1636121926740,2021-11-05T10:18:46.740,39.7,-0.8029087934781722,1.7815143597980492,-1.9171724588980028
1636121926750,2021-11-05T10:18:46.750,39.71,-0.7002625466654766,1.8915011704384974,-1.9608562942231953
1636121926760,2021-11-05T10:18:46.760,39.72,-0.7043573701319932,1.7503924475701522,-2.2907160337499373
1636121926770,2021-11-05T10:18:46.770,39.73,-0.5298642278315782,1.5474455395998978,-2.762699218350448
1636121926780,2021-11-05T10:18:46.780,39.74,-0.14460339611868733,1.5789313365630813,-3.232224838079553
1636121926790,2021-11-05T10:18:46.790,39.75,0.09775364760759667,1.8194538192371166,-3.68678634038563
1636121926800,2021-11-05T10:18:46.800,39.76,0.03578277251528767,2.020827786615339,-4.161972794282645
1636121926810,2021-11-05T10:18:46.810,39.77,-0.06767106866767832,2.0880438402353554,-4.646519708616537
1636121926820,2021-11-05T10:18:46.820,39.78,-0.058934740759984304,2.1056773099154613,-5.146728210047483
1636121926830,2021-11-05T10:18:46.830,39.79,-0.1328725498361504,2.1040389810181868,-5.7076253822343785
1636121926840,2021-11-05T10:18:46.840,39.8,-0.35644282767526586,2.028405788509641,-6.2974203352071925
1636121926850,2021-11-05T10:18:46.850,39.81,-0.4573608748764367,1.889876571830471,-6.8049333447467255
1636121926860,2021-11-05T10:18:46.860,39.82,-0.2559499678176549,1.788610257002091,-7.184445301494993
1636121926870,2021-11-05T10:18:46.870,39.83,0.07960817534052138,1.7954746748912909,-7.4829322463733785
1636121926880,2021-11-05T10:18:46.880,39.84,0.2893093972715106,1.8849012206205278,-7.7390979566505305
1636121926890,2021-11-05T10:18:46.890,39.85,0.2864621061580349,1.9891297612912848,-7.956727112079232
1636121926900,2021-11-05T10:18:46.900,39.86,0.18527516541496247,2.0802370905895002,-8.137622622365072
1636121926910,2021-11-05T10:18:46.910,39.87,0.1560386226708944,2.1702504123487696,-8.278623616068609
1636121926920,2021-11-05T10:18:46.920,39.88,0.1855276007854601,2.26462471883467,-8.386839031068675
1636121926930,2021-11-05T10:18:46.930,39.89,0.09266775578412556,2.3653991199843083,-8.508426661058959
1636121926940,2021-11-05T10:18:46.940,39.9,-0.10358281477003078,2.4811698762589094,-8.676678405443468
1636121926950,2021-11-05T10:18:46.950,39.91,-0.14654688559277487,2.5942632055718096,-8.850825190588711
1636121926960,2021-11-05T10:18:46.960,39.92,-0.015290624035519312,2.676422621440543,-8.97202158816727
1636121926970,2021-11-05T10:18:46.970,39.93,0.03287192337308701,2.750104987661453,-9.047918683038386
1636121926980,2021-11-05T10:18:46.980,39.94,-0.014300827116622231,2.8497278632663066,-9.137150250236143
1636121926990,2021-11-05T10:18:46.990,39.95,0.07176623681390604,2.935292960318919,-9.294617590771873
1636121927000,2021-11-05T10:18:47.000,39.96,0.26377464031572784,2.9516247086000256,-9.54233369101529
1636121927010,2021-11-05T10:18:47.010,39.97,0.38363536588879754,2.9396948953855637,-9.83353128590276
1636121927020,2021-11-05T10:18:47.020,39.98,0.5324416961599856,2.9704104308779264,-10.077340575192093
1636121927030,2021-11-05T10:18:47.030,39.99,0.8489867592980899,3.0179192915560877,-10.279480930385267
1636121927040,2021-11-05T10:18:47.040,40.0,1.1048368860253253,3.0172408198701284,-10.587097387421569
1636121927050,2021-11-05T10:18:47.050,40.01,1.0616933565070532,2.9892219254298693,-11.096781510562213
1636121927060,2021-11-05T10:18:47.060,40.02,0.9397471758572811,3.008318245365003,-11.718588246690938
1636121927070,2021-11-05T10:18:47.070,40.03,1.047252677429178,3.1016914086172687,-12.331723148489123
1636121927080,2021-11-05T10:18:47.080,40.04,1.2359096755948138,3.22341988955514,-12.944197328503982
1636121927090,2021-11-05T10:18:47.090,40.05,1.180406144690515,3.2699508053404545,-13.591650534517925
1636121927100,2021-11-05T10:18:47.100,40.06,0.9168569833330078,3.1680789820715614,-14.230234852241443
1636121927110,2021-11-05T10:18:47.110,40.07,0.7013104789787893,3.0224089158252605,-14.833188882721211
1636121927120,2021-11-05T10:18:47.120,40.08,0.6117053019988977,3.027178757020504,-15.435940751452382
1636121927130,2021-11-05T10:18:47.130,40.09,0.5987794903921464,3.152020378006294,-16.020154711682586
1636121927140,2021-11-05T10:18:47.140,40.1,0.6470062146163796,3.1651685275227424,-16.519634169163954
1636121927150,2021-11-05T10:18:47.150,40.11,0.6684212238284796,3.03509449724217,-16.946093151630436
1636121927160,2021-11-05T10:18:47.160,40.12,0.5132644395175847,2.9958466223430893,-17.329264540156572
1636121927170,2021-11-05T10:18:47.170,40.13,0.22495898858351682,3.1692166311065577,-17.582638919307957
1636121927180,2021-11-05T10:18:47.180,40.14,0.02890858580967023,3.4065146523582115,-17.617456756206447
1636121927190,2021-11-05T10:18:47.190,40.15,0.012205471513254877,3.5243113929708914,-17.52114108868718
1636121927200,2021-11-05T10:18:47.200,40.16,0.06773387208786145,3.5142230708671898,-17.461055118094315
1636121927210,2021-11-05T10:18:47.210,40.17,0.12723808051941166,3.491983746325861,-17.491022263844368
1636121927220,2021-11-05T10:18:47.220,40.18,0.19120852726767254,3.508474023102435,-17.567730188217585
1636121927230,2021-11-05T10:18:47.230,40.19,0.22317963959772152,3.5009524206657225,-17.65142456260498
1636121927240,2021-11-05T10:18:47.240,40.2,0.2347094336705458,3.449266265260382,-17.71117844937668
1636121927250,2021-11-05T10:18:47.250,40.21,0.3099726432842328,3.425363309821388,-17.755711804032018
1636121927260,2021-11-05T10:18:47.260,40.22,0.3946130110884942,3.437625139751878,-17.88986524320187
1636121927270,2021-11-05T10:18:47.270,40.23,0.3126714432527308,3.4155788817393633,-18.2080991821406
1636121927280,2021-11-05T10:18:47.280,40.24,0.10823706411238082,3.392711491579548,-18.66080444150508
1636121927290,2021-11-05T10:18:47.290,40.25,0.05803182740197601,3.501678358775158,-19.148018943617846
1636121927300,2021-11-05T10:18:47.300,40.26,0.24320604264057558,3.7372318022902804,-19.655623528590297
1636121927310,2021-11-05T10:18:47.310,40.27,0.4420930558733395,3.914504415411138,-20.182198368150566
1636121927320,2021-11-05T10:18:47.320,40.28,0.528017020751226,3.938965414884896,-20.64176619035857
1636121927330,2021-11-05T10:18:47.330,40.29,0.6286576682149646,3.9499458367642855,-20.95185211488235
1636121927340,2021-11-05T10:18:47.340,40.3,0.8161641190728575,4.093233243059013,-21.14329906310876
1636121927350,2021-11-05T10:18:47.350,40.31,0.9463164776380861,4.303980119672028,-21.31408043348425
1636121927360,2021-11-05T10:18:47.360,40.32,0.8533693711122354,4.423796149835119,-21.530153168860306
1636121927370,2021-11-05T10:18:47.370,40.33,0.5007778330279711,4.394407778987419,-21.806321907205362
1636121927380,2021-11-05T10:18:47.380,40.34,0.01719825308843856,4.2687395065016105,-22.130772166829423
1636121927390,2021-11-05T10:18:47.390,40.35,-0.2736161017174036,4.151870078094804,-22.468959010967758
1636121927400,2021-11-05T10:18:47.400,40.36,-0.09038392444137633,4.140189742226507,-22.775892471932963
1636121927410,2021-11-05T10:18:47.410,40.37,0.3804283405194666,4.239997690818177,-23.05295375236789
1636121927420,2021-11-05T10:18:47.420,40.38,0.5992345649840399,4.379230811016985,-23.373383262810805
1636121927430,2021-11-05T10:18:47.430,40.39,0.36587830583736675,4.51642638277019,-23.790715816114343
1636121927440,2021-11-05T10:18:47.440,40.4,0.050495405551053175,4.666941366869703,-24.25135794646284
1636121927450,2021-11-05T10:18:47.450,40.41,-0.020363411005513324,4.831243802819803,-24.677526002625928
1636121927460,2021-11-05T10:18:47.460,40.42,-0.024423583538919602,4.979776387193365,-25.079397975886458
1636121927470,2021-11-05T10:18:47.470,40.43,-0.2612486160775972,5.096224713333533,-25.485645498165212
1636121927480,2021-11-05T10:18:47.480,40.44,-0.6137898640826545,5.175925355635858,-25.84832443682381
1636121927490,2021-11-05T10:18:47.490,40.45,-0.6998416731406184,5.210405085487099,-26.122815423122702
1636121927500,2021-11-05T10:18:47.500,40.46,-0.44105495897793656,5.2101359640719185,-26.339110985033315
1636121927510,2021-11-05T10:18:47.510,40.47,-0.15584245353073975,5.209039436827634,-26.507543850932063
1636121927520,2021-11-05T10:18:47.520,40.48,-0.053026691232207435,5.227879113434216,-26.580581929698265
1636121927530,2021-11-05T10:18:47.530,40.49,0.012977139111632192,5.243099660341134,-26.57876967054881
1636121927540,2021-11-05T10:18:47.540,40.5,0.16184044375350048,5.197183290480444,-26.62428579584327
1636121927550,2021-11-05T10:18:47.550,40.51,0.25511402341920825,5.061008640027818,-26.807742184373936
1636121927560,2021-11-05T10:18:47.560,40.52,0.2114980881806671,4.884824540275723,-27.14399350060551
1636121927570,2021-11-05T10:18:47.570,40.53,0.18674545747809024,4.756825896947823,-27.638045364947182
1636121927580,2021-11-05T10:18:47.580,40.54,0.27321079543041554,4.720681631123348,-28.232802038867746
1636121927590,2021-11-05T10:18:47.590,40.55,0.3295900578303738,4.7562963648839505,-28.73813467511571
1636121927600,2021-11-05T10:18:47.600,40.56,0.25576976458371226,4.822990315846848,-29.008865866132126
1636121927610,2021-11-05T10:18:47.610,40.57,0.1613828425062068,4.905473866720435,-29.15848195212503
1636121927620,2021-11-05T10:18:47.620,40.58,0.12834274314628968,5.029233310468605,-29.406505727633615
1636121927630,2021-11-05T10:18:47.630,40.59,0.07243603018010962,5.227942165747766,-29.75705206550702
1636121927640,2021-11-05T10:18:47.640,40.6,-0.05273072696715731,5.476812329360969,-30.030734390969656
1636121927650,2021-11-05T10:18:47.650,40.61,-0.1758402534421743,5.6749550455319175,-30.186931968746443
1636121927660,2021-11-05T10:18:47.660,40.62,-0.2815948517999698,5.734982230758877,-30.394509668253086
1636121927670,2021-11-05T10:18:47.670,40.63,-0.40594031500931776,5.687058357753235,-30.757932945448317
1636121927680,2021-11-05T10:18:47.680,40.64,-0.4712052999097107,5.653502659869523,-31.16874651184271
1636121927690,2021-11-05T10:18:47.690,40.65,-0.38382920737956105,5.707577854340133,-31.485380608308468
1636121927700,2021-11-05T10:18:47.700,40.66,-0.249887252244819,5.792818381646418,-31.708616403666486
1636121927710,2021-11-05T10:18:47.710,40.67,-0.2545682818801527,5.817296533128075,-31.926927637790968
1636121927720,2021-11-05T10:18:47.720,40.68,-0.3787158556048836,5.784089890375554,-32.18888846015172
1636121927730,2021-11-05T10:18:47.730,40.69,-0.4401190616954255,5.748806097011128,-32.45368722990177
1636121927740,2021-11-05T10:18:47.740,40.7,-0.37497488473347684,5.690055431551194,-32.6355124121216
1636121927750,2021-11-05T10:18:47.750,40.71,-0.303193702821,5.535992800280043,-32.719066302251036
1636121927760,2021-11-05T10:18:47.760,40.72,-0.33673635638205446,5.298072691207265,-32.786207212792874
1636121927770,2021-11-05T10:18:47.770,40.73,-0.4490964873522528,5.07939969877709,-32.85773272490131
1636121927780,2021-11-05T10:18:47.780,40.74,-0.5098218684670099,4.964593803508258,-32.83450667926287
1636121927790,2021-11-05T10:18:47.790,40.75,-0.4365036792040732,4.962577060929885,-32.72384521745525
1636121927800,2021-11-05T10:18:47.800,40.76,-0.4110973879314167,5.02130012006445,-32.74230088159622
1636121927810,2021-11-05T10:18:47.810,40.77,-0.7796148370712541,5.043478221021565,-33.00063361035109
1636121927820,2021-11-05T10:18:47.820,40.78,-1.4997465032951607,4.922068392674408,-33.27710531207362
1636121927830,2021-11-05T10:18:47.830,40.79,-2.0454231173197748,4.584737166617986,-33.3293301579939
1636121927840,2021-11-05T10:18:47.840,40.8,-2.2054966647814394,3.9656605037413595,-33.22544746630997
1636121927850,2021-11-05T10:18:47.850,40.81,-2.4428873412431553,2.9790306776650755,-33.10675719186416
1636121927860,2021-11-05T10:18:47.860,40.82,-3.073951631853605,1.630547197677068,-32.839183086797114
1636121927870,2021-11-05T10:18:47.870,40.83,-3.6976868831478535,0.1335899552081543,-32.18989033679938
1636121927880,2021-11-05T10:18:47.880,40.84,-3.8305112130822376,-1.2066090714425879,-31.185688809094753
1636121927890,2021-11-05T10:18:47.890,40.85,-3.6833315912021716,-2.280127308866709,-30.075481512092196
1636121927900,2021-11-05T10:18:47.900,40.86,-4.010250888657135,-3.3193986521411665,-29.029422809177
1636121927910,2021-11-05T10:18:47.910,40.87,-5.2406656506549165,-4.713472006688039,-27.94398870748278
1636121927920,2021-11-05T10:18:47.920,40.88,-6.8698881769367866,-6.686258239216835,-26.501683797605537
1636121927930,2021-11-05T10:18:47.930,40.89,-8.007268742105074,-9.242341224632506,-24.478757317378328
1636121927940,2021-11-05T10:18:47.940,40.9,-8.554078718484769,-12.387567106809463,-21.95208535895029
1636121927950,2021-11-05T10:18:47.950,40.91,-9.187133968208263,-16.170388142844367,-19.032531906269448
1636121927960,2021-11-05T10:18:47.960,40.92,-10.039944920691372,-20.447430498092107,-15.523433517662145
1636121927970,2021-11-05T10:18:47.970,40.93,-10.439400935578728,-24.86719242714507,-11.16645470898806
1636121927980,2021-11-05T10:18:47.980,40.94,-10.29512471477954,-29.217435865833984,-6.145315205519775
1636121927990,2021-11-05T10:18:47.990,40.95,-10.50515324932864,-33.60660023858345,-0.9904518399608797
1636121928000,2021-11-05T10:18:48.000,40.96,-11.548159847264905,-38.22484583643494,3.9836757589634058
1636121928010,2021-11-05T10:18:48.010,40.97,-12.902905537361535,-43.09015574798988,8.892315054517375
1636121928020,2021-11-05T10:18:48.020,40.98,-14.055628686454636,-48.05572223740663,14.097335715994383
1636121928030,2021-11-05T10:18:48.030,40.99,-14.848454404654735,-52.883733209728106,20.053932341624314
1636121928040,2021-11-05T10:18:48.040,41.0,-14.93387025048381,-57.246984787114165,27.050742243914264
1636121928050,2021-11-05T10:18:48.050,41.01,-14.133414316828752,-60.77694035474337,34.7939607030708
1636121928060,2021-11-05T10:18:48.060,41.02,-13.182511661171734,-63.20842585369374,42.461266745406824
1636121928070,2021-11-05T10:18:48.070,41.03,-13.076229874011101,-64.48015614917075,49.361125790648714
1636121928080,2021-11-05T10:18:48.080,41.04,-13.831428962364733,-64.66952466861893,55.389800790062985
1636121928090,2021-11-05T10:18:48.090,41.05,-14.681525281437562,-63.863109092252046,60.854399747971094
1636121928100,2021-11-05T10:18:48.100,41.06,-15.255035944113413,-62.169852683376504,66.10904188468805
1636121928110,2021-11-05T10:18:48.110,41.07,-15.77362376857518,-59.81711967624531,71.39140763805572
1636121928120,2021-11-05T10:18:48.120,41.08,-16.252966861946803,-57.05476286920351,76.78926270153477
1636121928130,2021-11-05T10:18:48.130,41.09,-16.34768152497221,-53.9318773959005,82.23163806702522
1636121928140,2021-11-05T10:18:48.140,41.1,-15.960332743762056,-50.32791019652426,87.56878400029002
1636121928150,2021-11-05T10:18:48.150,41.11,-15.254301546359166,-46.22199197006134,92.78499170629073
1636121928160,2021-11-05T10:18:48.160,41.12,-14.173227714979932,-41.77727400810964,98.10203200334041
1636121928170,2021-11-05T10:18:48.170,41.13,-12.619598703848336,-37.17431346810885,103.72959461981797
1636121928180,2021-11-05T10:18:48.180,41.14,-10.721727225364068,-32.511405609000846,109.660384435378
1636121928190,2021-11-05T10:18:48.190,41.15,-8.206661023180388,-27.838399042567794,115.9217101676266
1636121928200,2021-11-05T10:18:48.200,41.16,-4.204157968180681,-23.169182555785714,122.56184399151314
1636121928210,2021-11-05T10:18:48.210,41.17,1.3177199994956388,-18.478841120791163,128.7505979323935
1636121928220,2021-11-05T10:18:48.220,41.18,6.516246292559566,-13.736228194285154,132.34927800002458
1636121928230,2021-11-05T10:18:48.230,41.19,9.197200487323359,-8.957410911861906,131.39371250934715
1636121928240,2021-11-05T10:18:48.240,41.2,9.12153560546581,-4.294429406335736,125.99772706667517
1636121928250,2021-11-05T10:18:48.250,41.21,7.891733171685219,-0.06619908440062106,118.14857923180034
1636121928260,2021-11-05T10:18:48.260,41.22,6.738639299248603,3.4027737540584977,109.8582017835522
1636121928270,2021-11-05T10:18:48.270,41.23,5.460605718596824,5.977002018990401,102.11082003873506
1636121928280,2021-11-05T10:18:48.280,41.24,3.742440178442,7.705217859586408,95.13131418100255
1636121928290,2021-11-05T10:18:48.290,41.25,2.3779140912362644,8.715569775677677,88.65313694266715
1636121928300,2021-11-05T10:18:48.300,41.26,2.2598012423211378,9.19194751761659,81.84438456036999
1636121928310,2021-11-05T10:18:48.310,41.27,2.7191785286506254,9.353963837080695,73.77968916689963
1636121928320,2021-11-05T10:18:48.320,41.28,2.048235587914487,9.33265101521668,64.47058142478247
1636121928330,2021-11-05T10:18:48.330,41.29,-0.043985687203309976,9.119992543883322,55.12504523977434
1636121928340,2021-11-05T10:18:48.340,41.3,-1.5449184800324496,8.784291238237083,47.13800782085923
1636121928350,2021-11-05T10:18:48.350,41.31,-0.8395850184648884,8.627929468456868,41.23152720496779
1636121928360,2021-11-05T10:18:48.360,41.32,0.6803596428443207,8.863006886272146,37.68383664507255
1636121928370,2021-11-05T10:18:48.370,41.33,0.7026236625545235,9.241149182601902,36.49785899504312
1636121928380,2021-11-05T10:18:48.380,41.34,-0.4282915876492391,9.366055236069396,36.7744347874518
1636121928390,2021-11-05T10:18:48.390,41.35,-0.8035107284531063,9.292265907919209,36.69236836395212
1636121928400,2021-11-05T10:18:48.400,41.36,-0.22890471058370865,9.440198397751942,34.94885038741407
1636121928410,2021-11-05T10:18:48.410,41.37,0.23337500240964368,9.957687831295335,31.939854180385833
1636121928420,2021-11-05T10:18:48.420,41.38,0.5202184140681072,10.50849949772006,28.992607509254867
1636121928430,2021-11-05T10:18:48.430,41.39,1.231082615894024,10.734942352629055,26.752676338379345
1636121928440,2021-11-05T10:18:48.440,41.4,2.237903062776309,10.713662639816608,24.846249275546022
1636121928450,2021-11-05T10:18:48.450,41.41,2.9915099878754634,10.903718705306904,22.796743705062802
1636121928460,2021-11-05T10:18:48.460,41.42,3.5460128534898367,11.711492929451975,20.576259139570602
1636121928470,2021-11-05T10:18:48.470,41.43,4.408722907054315,13.074717541584643,18.26460038584446
1636121928480,2021-11-05T10:18:48.480,41.44,5.365203496975213,14.498509075419678,15.725541486021669
1636121928490,2021-11-05T10:18:48.490,41.45,5.33360559078972,15.579687992213742,12.920007899268384
1636121928500,2021-11-05T10:18:48.500,41.46,4.172509019473019,16.346744134851882,10.386517008600022
1636121928510,2021-11-05T10:18:48.510,41.47,3.565763162601391,16.96487106882162,9.072401840926737
1636121928520,2021-11-05T10:18:48.520,41.48,4.786233462418549,17.425192894248845,9.494524734057102
1636121928530,2021-11-05T10:18:48.530,41.49,6.820527360205942,17.76913059326364,11.213007868088383
1636121928540,2021-11-05T10:18:48.540,41.5,8.046410894336113,18.259591980166086,13.263073733283804
1636121928550,2021-11-05T10:18:48.550,41.51,8.200816856923367,19.003834018072546,14.884308063878795
1636121928560,2021-11-05T10:18:48.560,41.52,7.602818321927941,19.665699395020578,15.784574522193598
1636121928570,2021-11-05T10:18:48.570,41.53,6.396209439266125,19.798545384983264,16.0985717556351
1636121928580,2021-11-05T10:18:48.580,41.54,5.384340589780293,19.299006248615473,16.145469185674646
1636121928590,2021-11-05T10:18:48.590,41.55,5.491117740176351,18.419330149134026,15.851728457379235
1636121928600,2021-11-05T10:18:48.600,41.56,6.092559351913225,17.467925467586607,14.626029833981956
1636121928610,2021-11-05T10:18:48.610,41.57,6.029704023838288,16.617394978429786,12.286688211579095
1636121928620,2021-11-05T10:18:48.620,41.58,5.753380318335316,15.997556218867636,9.649760615434863
1636121928630,2021-11-05T10:18:48.630,41.59,6.206067055295417,15.82902939271627,7.607539311065162
1636121928640,2021-11-05T10:18:48.640,41.6,6.849996233190613,16.28434054724609,6.232981153587788
1636121928650,2021-11-05T10:18:48.650,41.61,7.0424666418459285,17.238704881346486,5.308725565405015
1636121928660,2021-11-05T10:18:48.660,41.62,7.438645217399211,18.315652153658704,4.823977053922578
1636121928670,2021-11-05T10:18:48.670,41.63,8.029651556097932,19.194646423109653,4.3655181921124715
1636121928680,2021-11-05T10:18:48.680,41.64,7.461303076589207,19.763735088036718,3.1640124817874895
1636121928690,2021-11-05T10:18:48.690,41.65,6.069299502700646,19.97386863005645,1.4596635501018596
1636121928700,2021-11-05T10:18:48.700,41.66,6.207111512854709,19.71453919477841,0.6058337821731163
1636121928710,2021-11-05T10:18:48.710,41.67,7.977757482086021,18.937924993058115,1.1211861214743255
1636121928720,2021-11-05T10:18:48.720,41.68,8.48271877608606,17.78296233076969,1.9205266125532865
1636121928730,2021-11-05T10:18:48.730,41.69,6.5965968998406375,16.45578392711972,2.007313432785799
1636121928740,2021-11-05T10:18:48.740,41.7,4.475613646429197,15.114202629574168,1.5304034524673091
1636121928750,2021-11-05T10:18:48.750,41.71,3.520588723999677,14.006757582039498,0.8579076603379563
1636121928760,2021-11-05T10:18:48.760,41.72,2.954237443900503,13.539098597133197,0.1396898316650664
1636121928770,2021-11-05T10:18:48.770,41.73,2.7958633071217,13.89064799595301,-0.06934220843146459
1636121928780,2021-11-05T10:18:48.780,41.74,3.990495265952692,14.572822571813333,0.6618367698634117
1636121928790,2021-11-05T10:18:48.790,41.75,5.23438436206443,14.726352873681009,1.4769447336552415
1636121928800,2021-11-05T10:18:48.800,41.76,4.012402643759618,14.108546036111164,1.2056907257697884
1636121928810,2021-11-05T10:18:48.810,41.77,1.49362544119082,13.491285990854886,0.444321518593851
1636121928820,2021-11-05T10:18:48.820,41.78,2.0447178703354494,13.629890625772026,0.9359294565800622
1636121928830,2021-11-05T10:18:48.830,41.79,6.463996356715279,14.18117837313073,2.7788675680070827
1636121928840,2021-11-05T10:18:48.840,41.8,9.99604126848969,14.349470381792653,4.046699253911263
1636121928850,2021-11-05T10:18:48.850,41.81,9.323616524488518,14.175609569260503,3.4684144574917415
1636121928860,2021-11-05T10:18:48.860,41.82,7.138153658766973,14.280317626568507,1.658868279589176
1636121928870,2021-11-05T10:18:48.870,41.83,6.72739582925834,14.76767536255585,-0.6072054504893443
1636121928880,2021-11-05T10:18:48.880,41.84,6.901738727480478,15.211711464716974,-3.255865721385371
1636121928890,2021-11-05T10:18:48.890,41.85,6.174520921253628,15.33075480176889,-5.573640062744489
1636121928900,2021-11-05T10:18:48.900,41.86,6.702553744608172,15.160541106316622,-6.154317501915234
1636121928910,2021-11-05T10:18:48.910,41.87,9.643600683061393,14.893124706482665,-4.916440115709644
1636121928920,2021-11-05T10:18:48.920,41.88,11.76651049650148,14.740180230303544,-3.4538168473339947
1636121928930,2021-11-05T10:18:48.930,41.89,10.801518776045434,14.798844675701481,-2.8490494762020404
1636121928940,2021-11-05T10:18:48.940,41.9,9.230398883414765,15.108960058397777,-2.6382679230672665
1636121928950,2021-11-05T10:18:48.950,41.91,9.418688019704101,15.705829927975214,-2.2450815838338163
1636121928960,2021-11-05T10:18:48.960,41.92,9.771964753719473,16.30623058761713,-1.8806430100551061
1636121928970,2021-11-05T10:18:48.970,41.93,8.595197270775586,16.34590354162302,-1.614747205577833
1636121928980,2021-11-05T10:18:48.980,41.94,7.408149802090299,15.822702205210785,-0.9623910469704611
1636121928990,2021-11-05T10:18:48.990,41.95,7.7033842021673244,15.509358219592887,0.1588254671380825
1636121929000,2021-11-05T10:18:49.000,41.96,8.040093876425903,15.786993048794656,1.1769293881913412
1636121929010,2021-11-05T10:18:49.010,41.97,6.9835511009656,15.994166048691675,1.8519303161864817
1636121929020,2021-11-05T10:18:49.020,41.98,5.990385667980553,15.485224043998572,2.5955598327757428
1636121929030,2021-11-05T10:18:49.030,41.99,6.823972914728561,14.631769105405962,3.6421431269637496
1636121929040,2021-11-05T10:18:49.040,42.0,8.408599625385472,14.25544037139667,4.636016784504036
1636121929050,2021-11-05T10:18:49.050,42.01,8.621394904306971,14.607503071704514,5.185579186844898
1636121929060,2021-11-05T10:18:49.060,42.02,7.523923849918377,15.322016628218066,5.324953244183966
1636121929070,2021-11-05T10:18:49.070,42.03,6.814935076825736,15.97648630778314,5.345015286669305
1636121929080,2021-11-05T10:18:49.080,42.04,7.241989274005988,16.328130109774634,5.490665564399001
1636121929090,2021-11-05T10:18:49.090,42.05,8.078055906497365,16.24225604379049,5.818736943002806
1636121929100,2021-11-05T10:18:49.100,42.06,8.38443312015941,15.76978268775288,6.1545986557679395
1636121929110,2021-11-05T10:18:49.110,42.07,7.811761693445363,15.260600377011714,6.299414255473835
1636121929120,2021-11-05T10:18:49.120,42.08,6.654980510459115,15.093325927901969,6.408333852117856
1636121929130,2021-11-05T10:18:49.130,42.09,5.506805974041775,15.221445762072893,6.9548100316721575
1636121929140,2021-11-05T10:18:49.140,42.1,4.59539281990974,15.198604818123155,8.150222430117424
1636121929150,2021-11-05T10:18:49.150,42.11,3.691979475325576,14.723101626931367,9.50850962080822
1636121929160,2021-11-05T10:18:49.160,42.12,2.848116998548492,14.007126874514633,10.111055443436435
1636121929170,2021-11-05T10:18:49.170,42.13,2.7325535313022,13.565393298452069,9.358257091322013
1636121929180,2021-11-05T10:18:49.180,42.14,4.043394638310653,13.74558060542996,7.444007891762137
1636121929190,2021-11-05T10:18:49.190,42.15,6.6657268184071405,14.494675765266953,4.956461637547437
1636121929200,2021-11-05T10:18:49.200,42.16,9.356644793295793,15.481473034263587,2.1502979508808844
1636121929210,2021-11-05T10:18:49.210,42.17,10.765332914582167,16.319949129123387,-0.9004473416368542
1636121929220,2021-11-05T10:18:49.220,42.18,11.155507059023375,16.713151088052882,-3.535542297052808
1636121929230,2021-11-05T10:18:49.230,42.19,12.248080312827058,16.638240082635065,-4.790344406409471
1636121929240,2021-11-05T10:18:49.240,42.2,14.728162150804184,16.489434879952285,-4.705291322547952
1636121929250,2021-11-05T10:18:49.250,42.21,16.81737894519776,16.78386628990886,-4.4949946386459345
1636121929260,2021-11-05T10:18:49.260,42.22,16.231540800445305,17.595065881652232,-4.974199918395187
1636121929270,2021-11-05T10:18:49.270,42.23,13.193667458606022,18.434630987503827,-5.5751808403493355
1636121929280,2021-11-05T10:18:49.280,42.24,10.416475008756283,18.67013970294279,-5.513283979588103
1636121929290,2021-11-05T10:18:49.290,42.25,9.635495346040006,17.933119117563386,-5.2301569480167
1636121929300,2021-11-05T10:18:49.300,42.26,9.55435197684918,16.356911941766228,-5.696885686163775
1636121929310,2021-11-05T10:18:49.310,42.27,8.528962883390719,14.675049019190329,-6.686098883980412
1636121929320,2021-11-05T10:18:49.320,42.28,7.272578813510053,13.852307863694115,-7.126111372399362
1636121929330,2021-11-05T10:18:49.330,42.29,6.830196138690782,14.280033204475988,-7.106894601790108
1636121929340,2021-11-05T10:18:49.340,42.3,6.400384753231114,15.363726995068554,-7.782231291253004
1636121929350,2021-11-05T10:18:49.350,42.31,5.400657860351499,16.072223447628247,-9.055444514955902
1636121929360,2021-11-05T10:18:49.360,42.32,4.936902355027158,15.863892292171982,-9.26963523125715
1636121929370,2021-11-05T10:18:49.370,42.33,5.548326200544291,14.974902733065868,-7.586676582641065
1636121929380,2021-11-05T10:18:49.380,42.34,6.155107972974441,13.946227558281471,-5.031079570087485
1636121929390,2021-11-05T10:18:49.390,42.35,6.089723539091631,13.083153845322407,-3.0273330561811367
1636121929400,2021-11-05T10:18:49.400,42.36,5.940913694120219,12.231862632878656,-2.2495586038845916
1636121929410,2021-11-05T10:18:49.410,42.37,6.0694551099328615,10.857932362631338,-2.716498901301584
1636121929420,2021-11-05T10:18:49.420,42.38,5.896220913254108,8.509040823940952,-3.855774082820914
1636121929430,2021-11-05T10:18:49.430,42.39,5.051831527324417,5.363055216816477,-4.735830687669381
1636121929440,2021-11-05T10:18:49.440,42.4,4.345607394305404,2.1014840268815975,-5.038944175643618
1636121929450,2021-11-05T10:18:49.450,42.41,4.856785865865842,-0.8378477316343711,-5.537438682251049
1636121929460,2021-11-05T10:18:49.460,42.42,6.341362295347594,-3.571820411078733,-7.205967737381727
1636121929470,2021-11-05T10:18:49.470,42.43,7.433046157698829,-6.271836379792237,-10.168913012089394
1636121929480,2021-11-05T10:18:49.480,42.44,7.408857277578662,-8.756070699690238,-13.67551123879309
1636121929490,2021-11-05T10:18:49.490,42.45,6.76417882344164,-10.803895541550386,-16.81174224392234
1636121929500,2021-11-05T10:18:49.500,42.46,5.89345087408174,-12.587181392693427,-19.174293274266265
1636121929510,2021-11-05T10:18:49.510,42.47,4.4625356232761275,-14.498743251552135,-21.05017496285829
1636121929520,2021-11-05T10:18:49.520,42.48,2.6320594594851574,-16.71019662479791,-23.04196849456332
1636121929530,2021-11-05T10:18:49.530,42.49,1.4279906145337955,-19.160062521323525,-25.665027068454183
1636121929540,2021-11-05T10:18:49.540,42.5,0.98897700731601,-21.825672601839223,-29.367713493633644
1636121929550,2021-11-05T10:18:49.550,42.51,-0.03233098792533553,-24.695293947615546,-34.47437363700722
1636121929560,2021-11-05T10:18:49.560,42.52,-2.351700627605604,-27.54317910291632,-40.65424986668213
1636121929570,2021-11-05T10:18:49.570,42.53,-4.801567237985622,-30.00580365763855,-46.76598295678427
1636121929580,2021-11-05T10:18:49.580,42.54,-6.065691464494028,-31.904334038223293,-51.69701500116773
1636121929590,2021-11-05T10:18:49.590,42.55,-6.394778927342408,-33.354353963872356,-55.21463393645722
1636121929600,2021-11-05T10:18:49.600,42.56,-6.81897173538791,-34.54756178502058,-57.81334730348958
1636121929610,2021-11-05T10:18:49.610,42.57,-7.690081365660076,-35.56019907929358,-60.066040616288404
1636121929620,2021-11-05T10:18:49.620,42.58,-8.806893085815112,-36.463472181476405,-62.321490543996156
1636121929630,2021-11-05T10:18:49.630,42.59,-10.160578742311303,-37.484421224131054,-64.6117837804865
1636121929640,2021-11-05T10:18:49.640,42.6,-11.63144274144948,-38.83715420079597,-66.52408634409828
1636121929650,2021-11-05T10:18:49.650,42.61,-12.561460475516267,-40.412432577724154,-67.4730776995462
1636121929660,2021-11-05T10:18:49.660,42.62,-12.618660514817648,-41.80811602194645,-67.42561637433685
1636121929670,2021-11-05T10:18:49.670,42.63,-12.607012104475045,-42.66120419200254,-67.09928192695904
1636121929680,2021-11-05T10:18:49.680,42.64,-13.400988669439318,-42.81949869956252,-67.13614109127741
1636121929690,2021-11-05T10:18:49.690,42.65,-14.513236037902548,-42.23717740740559,-67.38729478975182
1636121929700,2021-11-05T10:18:49.700,42.66,-14.808847894804689,-40.92565227887516,-67.38627687589359
1636121929710,2021-11-05T10:18:49.710,42.67,-14.24154097474,-39.10229659931873,-67.1347233525788
1636121929720,2021-11-05T10:18:49.720,42.68,-13.707548616496819,-37.21740056152567,-66.85266869796033
1636121929730,2021-11-05T10:18:49.730,42.69,-13.475050366241895,-35.650851635530096,-66.21990551535869
1636121929740,2021-11-05T10:18:49.740,42.7,-12.951709371249025,-34.453348290786735,-64.49565583386791
1636121929750,2021-11-05T10:18:49.750,42.71,-11.897281253356045,-33.516321286087454,-61.44529548756993
1636121929760,2021-11-05T10:18:49.760,42.72,-10.847241102350186,-32.87187605108308,-57.860882287249936
1636121929770,2021-11-05T10:18:49.770,42.73,-10.388588231322696,-32.64293356420551,-55.080911259324125
1636121929780,2021-11-05T10:18:49.780,42.74,-10.753876901834293,-32.76776830712946,-53.96933754242882
1636121929790,2021-11-05T10:18:49.790,42.75,-11.857857053879563,-32.920795295317006,-54.24298249195687
1636121929800,2021-11-05T10:18:49.800,42.76,-13.17778301226939,-32.694600374230546,-54.79882670702174
1636121929810,2021-11-05T10:18:49.810,42.77,-14.174161263312307,-31.817565007861894,-54.765629144417844
1636121929820,2021-11-05T10:18:49.820,42.78,-15.16786188061278,-30.255260405311603,-54.08865866657425
1636121929830,2021-11-05T10:18:49.830,42.79,-16.82218685634802,-28.18299512166484,-52.993559775260806
1636121929840,2021-11-05T10:18:49.840,42.8,-18.630652658531083,-25.86265341380922,-51.278187554424875
1636121929850,2021-11-05T10:18:49.850,42.81,-19.338986643245825,-23.489449278852025,-48.57090256962343
1636121929860,2021-11-05T10:18:49.860,42.82,-18.92774041765858,-21.112477226966423,-45.037756182949316
1636121929870,2021-11-05T10:18:49.870,42.83,-18.539527933681526,-18.68398593110504,-41.31139057209849
1636121929880,2021-11-05T10:18:49.880,42.84,-18.51214301609126,-16.164705786722106,-37.79012753649134
1636121929890,2021-11-05T10:18:49.890,42.85,-18.19598218798442,-13.569446415310091,-34.374265470781914
1636121929900,2021-11-05T10:18:49.900,42.86,-17.435294828045006,-10.953502851485423,-30.801011058401492
1636121929910,2021-11-05T10:18:49.910,42.87,-16.545709040033334,-8.435609385240916,-27.004540148341153
1636121929920,2021-11-05T10:18:49.920,42.88,-15.318043000200973,-6.248877294501547,-23.2936706631009
1636121929930,2021-11-05T10:18:49.930,42.89,-13.587319264169942,-4.679845979764146,-20.24787511355337
1636121929940,2021-11-05T10:18:49.940,42.9,-12.18513137823447,-3.864571155163689,-18.19554951133225
1636121929950,2021-11-05T10:18:49.950,42.91,-12.028354742912212,-3.6274206632136954,-16.822687193717066
1636121929960,2021-11-05T10:18:49.960,42.92,-12.855964801643506,-3.5487633856528324,-15.563570510133564
1636121929970,2021-11-05T10:18:49.970,42.93,-13.810983793534646,-3.2228023030084443,-14.218027296728522
1636121929980,2021-11-05T10:18:49.980,42.94,-14.512940407768076,-2.4689493464817707,-12.798967924359644
1636121929990,2021-11-05T10:18:49.990,42.95,-14.665173439246976,-1.3174075594934678,-10.96712634496468
1636121930000,2021-11-05T10:18:50.000,42.96,-13.567111464592216,0.12245507980389472,-8.284403721317602
1636121930010,2021-11-05T10:18:50.010,42.97,-11.232579007153333,1.6835537387772832,-5.1412878919748035
1636121930020,2021-11-05T10:18:50.020,42.98,-9.04751363594679,3.0646704854925737,-2.6810039492323305
1636121930030,2021-11-05T10:18:50.030,42.99,-7.940417269266442,3.8492801892141615,-1.3710426740889008
1636121930040,2021-11-05T10:18:50.040,43.0,-7.048511360678214,3.7045570312820764,-0.40416315779096845
1636121930050,2021-11-05T10:18:50.050,43.01,-5.64771955329711,2.646516533129329,0.8517696758253754
1636121930060,2021-11-05T10:18:50.060,43.02,-4.814834809379368,1.0933115093742796,1.7700554906504706
1636121930070,2021-11-05T10:18:50.070,43.03,-5.5275374356487985,-0.43052263713129746,1.9650834566773394
1636121930080,2021-11-05T10:18:50.080,43.04,-6.710493890681009,-1.6002825229400912,2.8085014863699165
1636121930090,2021-11-05T10:18:50.090,43.05,-6.628623539979971,-2.243981174275099,5.344158318786787
1636121930100,2021-11-05T10:18:50.100,43.06,-5.0490706282686535,-2.173322698340799,7.451656959838795
1636121930110,2021-11-05T10:18:50.110,43.07,-3.2445077257217134,-1.2779136378853564,6.367708511505373
1636121930120,2021-11-05T10:18:50.120,43.08,-2.479169183940609,0.24725618516630304,3.737717475385356
1636121930130,2021-11-05T10:18:50.130,43.09,-2.6521944609345995,1.8781276160927578,3.755865693343295
1636121930140,2021-11-05T10:18:50.140,43.1,-2.715719621751708,3.006974798776334,6.31147114904712
1636121930150,2021-11-05T10:18:50.150,43.11,-2.667035925906857,3.317926054463312,7.09756338891162
1636121930160,2021-11-05T10:18:50.160,43.12,-3.658871976263728,3.000853556219905,4.505697267671046
1636121930170,2021-11-05T10:18:50.170,43.13,-5.603657414431122,2.5306136601780125,1.413112940372266
1636121930180,2021-11-05T10:18:50.180,43.14,-6.846809134903318,2.245888951885533,0.2588897922425547
1636121930190,2021-11-05T10:18:50.190,43.15,-6.674330339456409,2.229417121987657,0.5044798124310719
1636121930200,2021-11-05T10:18:50.200,43.16,-5.939450861198154,2.4623424013608055,0.9213003359152095
1636121930210,2021-11-05T10:18:50.210,43.17,-5.120611429905479,2.8885840569828396,1.4264010613166789
1636121930220,2021-11-05T10:18:50.220,43.18,-3.758508202029075,3.402238175488986,2.326945094916319
1636121930230,2021-11-05T10:18:50.230,43.19,-1.8950577505169055,3.9394870304503513,3.3451376176671395
1636121930240,2021-11-05T10:18:50.240,43.2,-0.4930317045095862,4.541280389913351,3.925637403051915
1636121930250,2021-11-05T10:18:50.250,43.21,-0.08860157244692599,5.2109283266691175,4.0362648457458725
1636121930260,2021-11-05T10:18:50.260,43.22,-0.16323679474663488,5.739716160776425,4.2360520317998365
1636121930270,2021-11-05T10:18:50.270,43.23,-0.3327422986159153,5.802601913233049,4.878197674873349
1636121930280,2021-11-05T10:18:50.280,43.24,-1.069301474299625,5.287703602516248,5.626793179105184
1636121930290,2021-11-05T10:18:50.290,43.25,-2.506783456968134,4.450441612548288,6.061848928664759
1636121930300,2021-11-05T10:18:50.300,43.26,-3.5943620971328905,3.660368567995601,6.335452229709006
1636121930310,2021-11-05T10:18:50.310,43.27,-3.398563647925456,3.0703517502667648,6.781428312992318
1636121930320,2021-11-05T10:18:50.320,43.28,-2.4031476140744585,2.619324645866513,7.274776150068165
1636121930330,2021-11-05T10:18:50.330,43.29,-1.6291659092394828,2.2705905231638948,7.495869904527293
1636121930340,2021-11-05T10:18:50.340,43.3,-1.190370277027254,2.1239270405923705,7.558816310314582
1636121930350,2021-11-05T10:18:50.350,43.31,-0.5325768549997756,2.2916316833363357,7.906848775778255
1636121930360,2021-11-05T10:18:50.360,43.32,0.46177464650534955,2.739258991540858,8.727161151878247
1636121930370,2021-11-05T10:18:50.370,43.33,1.3456117156416951,3.3348463763594194,9.817232772298967
1636121930380,2021-11-05T10:18:50.380,43.34,1.837687682901046,4.042574345935679,10.931601540723006
1636121930390,2021-11-05T10:18:50.390,43.35,2.1920631073283516,4.926578928374915,11.978369736078982
1636121930400,2021-11-05T10:18:50.400,43.36,2.7706942971644852,5.934177184954762,12.904747210714111
1636121930410,2021-11-05T10:18:50.410,43.37,3.4718668357536,6.829234821062991,13.629395474922447
1636121930420,2021-11-05T10:18:50.420,43.38,3.8721757273218067,7.379387369762117,14.179394935354924
1636121930430,2021-11-05T10:18:50.430,43.39,3.8418119567047424,7.4795075512131515,14.749704700885488
1636121930440,2021-11-05T10:18:50.440,43.4,3.666638452368523,7.084001002211892,15.483071575107244
1636121930450,2021-11-05T10:18:50.450,43.41,3.68184934153391,6.161012127957637,16.28557772674297
1636121930460,2021-11-05T10:18:50.460,43.42,3.989794873625633,4.769684561519626,16.9939953024121
1636121930470,2021-11-05T10:18:50.470,43.43,4.324842287226029,3.117574949291023,17.570620790711175
1636121930480,2021-11-05T10:18:50.480,43.44,4.307927231655162,1.4762386818280777,17.967086227338214
1636121930490,2021-11-05T10:18:50.490,43.45,4.0578437169535775,0.023278912172841865,18.03743712899086
1636121930500,2021-11-05T10:18:50.500,43.46,4.05045182954441,-1.2062893774583006,17.825172530158518
1636121930510,2021-11-05T10:18:50.510,43.47,4.2640520050235775,-2.2091097816815535,17.65885847172327
1636121930520,2021-11-05T10:18:50.520,43.48,4.241794912691181,-2.92876979991126,17.716380163175874
1636121930530,2021-11-05T10:18:50.530,43.49,3.9336410335605763,-3.3370543071435264,17.83039476747583
1636121930540,2021-11-05T10:18:50.540,43.5,3.673078306120904,-3.5356036780098377,17.934395634452756
1636121930550,2021-11-05T10:18:50.550,43.51,3.5310746093517373,-3.6931762022606085,18.269569322263326
1636121930560,2021-11-05T10:18:50.560,43.52,3.3549235259171413,-3.9100289741765715,18.948409191944634
1636121930570,2021-11-05T10:18:50.570,43.53,3.235133984110143,-4.2039066791248905,19.758763980983893
1636121930580,2021-11-05T10:18:50.580,43.54,3.409328411254858,-4.582184616669771,20.5410559788836
1636121930590,2021-11-05T10:18:50.590,43.55,3.7704156940122173,-5.04564773331159,21.332133752849643
1636121930600,2021-11-05T10:18:50.600,43.56,3.9112346909444904,-5.546112644074283,22.068656681967656
1636121930610,2021-11-05T10:18:50.610,43.57,3.669806497578077,-6.003800281805949,22.53186488400001
1636121930620,2021-11-05T10:18:50.620,43.58,3.1910455286590125,-6.351086376413438,22.631290886494916
1636121930630,2021-11-05T10:18:50.630,43.59,2.586725600573943,-6.541088271840409,22.53778961375636
1636121930640,2021-11-05T10:18:50.640,43.6,2.104528869270096,-6.5572261866890145,22.571467529702023
1636121930650,2021-11-05T10:18:50.650,43.61,2.1996036129833354,-6.420406909408747,22.93751909186512
1636121930660,2021-11-05T10:18:50.660,43.62,2.6805008795288363,-6.13871704924904,23.414904521502894
1636121930670,2021-11-05T10:18:50.670,43.63,2.5171935876081983,-5.665490888563852,23.503915231690293
1636121930680,2021-11-05T10:18:50.680,43.64,1.354370099203286,-4.974977387948562,23.098840868062368
1636121930690,2021-11-05T10:18:50.690,43.65,0.2255511835741596,-4.1727798449419,22.66297193539654
1636121930700,2021-11-05T10:18:50.700,43.66,-0.05127750162570159,-3.4596881130279584,22.495747060764973
1636121930710,2021-11-05T10:18:50.710,43.67,0.007137668326804014,-2.9728899149368866,22.27114479480392
1636121930720,2021-11-05T10:18:50.720,43.68,-0.2587171559681116,-2.700507757977306,21.554956726288943
1636121930730,2021-11-05T10:18:50.730,43.69,-0.5778904414336006,-2.534324180091092,20.352960816476575
1636121930740,2021-11-05T10:18:50.740,43.7,-0.4569041134291714,-2.3586250753240536,18.96160696224336
1636121930750,2021-11-05T10:18:50.750,43.71,0.0442160166327336,-2.107224248680263,17.668094708529484
1636121930760,2021-11-05T10:18:50.760,43.72,0.605204794437127,-1.7987987548649955,16.706765219768524
1636121930770,2021-11-05T10:18:50.770,43.73,1.0410057251441271,-1.5385793600726916,16.162815068182944
1636121930780,2021-11-05T10:18:50.780,43.74,1.2609416599580991,-1.4415640681567599,15.83703338046362
1636121930790,2021-11-05T10:18:50.790,43.75,1.1979767587321266,-1.5174497789993715,15.423627004996876
1636121930800,2021-11-05T10:18:50.800,43.76,0.857241392930925,-1.6550314344226473,14.812669832062426
1636121930810,2021-11-05T10:18:50.810,43.77,0.3914553050956059,-1.729372083261641,14.098179994838162
1636121930820,2021-11-05T10:18:50.820,43.78,0.06081306269955357,-1.6929487468914564,13.40227425759031
1636121930830,2021-11-05T10:18:50.830,43.79,-0.09071626208384553,-1.5888186054761304,12.790177319631015
1636121930840,2021-11-05T10:18:50.840,43.8,-0.43046960638593224,-1.5177820421725583,12.241410915169556
1636121930850,2021-11-05T10:18:50.850,43.81,-1.210885896827154,-1.5365495255523856,11.677807262288715
1636121930860,2021-11-05T10:18:50.860,43.82,-1.9906022226817002,-1.5515777055961015,11.115085522128968
1636121930870,2021-11-05T10:18:50.870,43.83,-2.1562552246352116,-1.394071703216901,10.689833735926145
1636121930880,2021-11-05T10:18:50.880,43.84,-1.8894706957440182,-1.0241794447785326,10.394855410154458
1636121930890,2021-11-05T10:18:50.890,43.85,-1.9910210913629296,-0.5719239845125161,9.912392801741028
1636121930900,2021-11-05T10:18:50.900,43.86,-2.794016453396856,-0.1675257744489161,8.89111791096685
1636121930910,2021-11-05T10:18:50.910,43.87,-3.731909960326326,0.16920008491973404,7.35475577307237
1636121930920,2021-11-05T10:18:50.920,43.88,-4.048107420070073,0.45354313285956616,5.7137425275892735
1636121930930,2021-11-05T10:18:50.930,43.89,-3.638552105525787,0.6505127288779977,4.403632432237402
1636121930940,2021-11-05T10:18:50.940,43.9,-2.915490048012275,0.7220929662832751,3.6820184478622946
1636121930950,2021-11-05T10:18:50.950,43.91,-2.0014952591618735,0.7224311317422256,3.720768429197606
1636121930960,2021-11-05T10:18:50.960,43.92,-0.61754231372437,0.8044665161745664,4.540086465376447
1636121930970,2021-11-05T10:18:50.970,43.93,1.2804504886460273,1.1161449526763396,5.809230117236639
1636121930980,2021-11-05T10:18:50.980,43.94,3.370479940607617,1.6842090860078534,7.057932048227455
1636121930990,2021-11-05T10:18:50.990,43.95,5.32081217510272,2.4061700892288247,8.079761434422826
1636121931000,2021-11-05T10:18:51.000,43.96,6.77305353638395,3.1343252651397724,8.867587148168909
1636121931010,2021-11-05T10:18:51.010,43.97,7.35554326563255,3.729639083345517,9.34822848742496
1636121931020,2021-11-05T10:18:51.020,43.98,7.117048782159623,4.075568691503534,9.490830971276889
1636121931030,2021-11-05T10:18:51.030,43.99,6.523206151496352,4.144678055591619,9.4675256467058
1636121931040,2021-11-05T10:18:51.040,44.0,5.928616220790392,4.105534081753676,9.43161426181758
1636121931050,2021-11-05T10:18:51.050,44.01,5.549147026722816,4.323414416015692,9.304718258020266
1636121931060,2021-11-05T10:18:51.060,44.02,5.728228412851054,5.156146092615477,8.976394858327595
1636121931070,2021-11-05T10:18:51.070,44.03,6.530701704480738,6.679655558695519,8.581729423315132
1636121931080,2021-11-05T10:18:51.080,44.04,7.305301518785928,8.622625098766676,8.443634881420236
1636121931090,2021-11-05T10:18:51.090,44.05,7.266969850484185,10.571468256088696,8.758722522445796
1636121931100,2021-11-05T10:18:51.100,44.06,6.293854441159191,12.217326734036774,9.32672869820225
1636121931110,2021-11-05T10:18:51.110,44.07,4.859628599417585,13.471323464638068,9.62933422064787
1636121931120,2021-11-05T10:18:51.120,44.08,3.5564640914127272,14.436820547146048,9.31031864275712
1636121931130,2021-11-05T10:18:51.130,44.09,2.751996247216403,15.251944542730495,8.500424316581183
1636121931140,2021-11-05T10:18:51.140,44.1,2.29091125681854,15.943361804677789,7.5081651020595
1636121931150,2021-11-05T10:18:51.150,44.11,1.6488911027664257,16.503492883906915,6.406798096716343
1636121931160,2021-11-05T10:18:51.160,44.12,0.7451301922056475,17.048177237322193,5.2121309235566
1636121931170,2021-11-05T10:18:51.170,44.13,0.2530501670025084,17.7288372613588,4.213513181875431
1636121931180,2021-11-05T10:18:51.180,44.14,0.685483615177593,18.560873559769995,3.714374136568701
1636121931190,2021-11-05T10:18:51.190,44.15,1.6536707493411875,19.527101736537468,3.598925969053134
1636121931200,2021-11-05T10:18:51.200,44.16,2.5485335231388246,20.724687608725855,3.5232982163306694
1636121931210,2021-11-05T10:18:51.210,44.17,3.3863081771486314,22.17290552958287,3.3873707627251646
1636121931220,2021-11-05T10:18:51.220,44.18,4.296956668959027,23.570896084004836,3.307956631690409
1636121931230,2021-11-05T10:18:51.230,44.19,4.712727778823239,24.46254980091951,3.287016450927931
1636121931240,2021-11-05T10:18:51.240,44.2,4.01478787487284,24.64809422531743,3.1842651522607053
1636121931250,2021-11-05T10:18:51.250,44.21,2.7866094600037474,24.38737281474264,2.9441732866251162
1636121931260,2021-11-05T10:18:51.260,44.22,2.357650206622405,24.213286751705496,2.6803802969709336
1636121931270,2021-11-05T10:18:51.270,44.23,3.0484878364082255,24.503955919695414,2.529116442090843
1636121931280,2021-11-05T10:18:51.280,44.24,4.049358989816171,25.17710225674452,2.4884079180786403
1636121931290,2021-11-05T10:18:51.290,44.25,4.9313403865956635,25.784517277298285,2.4373313319867402
1636121931300,2021-11-05T10:18:51.300,44.26,5.709154785815636,25.87870551096619,2.254169256667154
1636121931310,2021-11-05T10:18:51.310,44.27,5.735216098280274,25.302832720419488,1.8594975036540013
1636121931320,2021-11-05T10:18:51.320,44.28,4.375197525823503,24.216417058233247,1.254791273756061
1636121931330,2021-11-05T10:18:51.330,44.29,2.455421635001641,22.911766266517656,0.6233517481372288
1636121931340,2021-11-05T10:18:51.340,44.3,1.491767526871889,21.606408962811983,0.26328696962210085
1636121931350,2021-11-05T10:18:51.350,44.31,1.8248831975958881,20.354726356979036,0.290409655085997
1636121931360,2021-11-05T10:18:51.360,44.32,2.577408966091063,19.080595821939745,0.5077800109371869
1636121931370,2021-11-05T10:18:51.370,44.33,3.0427816077011807,17.679081462045026,0.6570062262771896
1636121931380,2021-11-05T10:18:51.380,44.34,3.2987623474208623,16.13872857333446,0.6812549459063505
1636121931390,2021-11-05T10:18:51.390,44.35,3.691088426353237,14.58831806752533,0.6379575796669292
1636121931400,2021-11-05T10:18:51.400,44.36,4.24558020514162,13.188804844609017,0.45844799427342153
1636121931410,2021-11-05T10:18:51.410,44.37,4.62077153317894,11.973729279779644,-0.024415122319244233
1636121931420,2021-11-05T10:18:51.420,44.38,4.587787955529563,10.859879767282905,-0.804517534178998
1636121931430,2021-11-05T10:18:51.430,44.39,4.4288584076039434,9.822494280348272,-1.6506699737483352
1636121931440,2021-11-05T10:18:51.440,44.4,4.553220746383367,8.952635151044067,-2.4135439800331726
1636121931450,2021-11-05T10:18:51.450,44.41,4.864620278828356,8.30992745680967,-3.2082610660697335
1636121931460,2021-11-05T10:18:51.460,44.42,4.954453347454114,7.832118853657757,-4.167206893531854
1636121931470,2021-11-05T10:18:51.470,44.43,4.782187852321478,7.426520172777454,-5.154531842382446
1636121931480,2021-11-05T10:18:51.480,44.44,4.71275863618316,7.06310661403433,-5.876944344741434
1636121931490,2021-11-05T10:18:51.490,44.45,4.9339379395289225,6.760939572177747,-6.237521938383047
1636121931500,2021-11-05T10:18:51.500,44.46,5.21948043969725,6.536489307618317,-6.466533737856988
1636121931510,2021-11-05T10:18:51.510,44.47,5.3188433900262995,6.374606498967253,-6.8645146049260095
1636121931520,2021-11-05T10:18:51.520,44.48,5.258522562192436,6.249854676127789,-7.496970573827951
1636121931530,2021-11-05T10:18:51.530,44.49,5.143683292803006,6.176204729908676,-8.21692389662854
1636121931540,2021-11-05T10:18:51.540,44.5,4.984386945599445,6.194747523032824,-8.897061280433412
1636121931550,2021-11-05T10:18:51.550,44.51,4.855218573170577,6.292488191791682,-9.511571231347094
1636121931560,2021-11-05T10:18:51.560,44.52,4.869473516309489,6.384987760176479,-10.044291697355641
1636121931570,2021-11-05T10:18:51.570,44.53,4.90637526307852,6.427882771618222,-10.446223982095178
1636121931580,2021-11-05T10:18:51.580,44.54,4.783446902500428,6.498407607179264,-10.676948272794913
1636121931590,2021-11-05T10:18:51.590,44.55,4.665085336124741,6.693326973811329,-10.718285016399115
1636121931600,2021-11-05T10:18:51.600,44.56,4.807921779186769,6.994113610857317,-10.560469514611462
1636121931610,2021-11-05T10:18:51.610,44.57,5.070788185471843,7.308030618536989,-10.213669166461159
1636121931620,2021-11-05T10:18:51.620,44.58,5.175670284297278,7.577416803474257,-9.7247259948428
1636121931630,2021-11-05T10:18:51.630,44.59,5.175725245169218,7.772264549708739,-9.158150946269545
1636121931640,2021-11-05T10:18:51.640,44.6,5.224774358336976,7.833025430870457,-8.545829387033123
1636121931650,2021-11-05T10:18:51.650,44.61,5.1753630145566625,7.694038818092713,-7.883441571145342
1636121931660,2021-11-05T10:18:51.660,44.62,4.757287701761889,7.33700377191647,-7.21892795500152
1636121931670,2021-11-05T10:18:51.670,44.63,3.9910460783202337,6.763290709859614,-6.672971166802595
1636121931680,2021-11-05T10:18:51.680,44.64,3.218548044278984,5.941169570325091,-6.27011731752205
1636121931690,2021-11-05T10:18:51.690,44.65,2.76535423784944,4.872319244675113,-5.839490624893941
1636121931700,2021-11-05T10:18:51.700,44.66,2.6906283601125205,3.704565485852465,-5.2128283887354545
1636121931710,2021-11-05T10:18:51.710,44.67,2.8832572389382256,2.673722627746091,-4.436966353967636
1636121931720,2021-11-05T10:18:51.720,44.68,3.2186623663510807,1.925443545704351,-3.698133391989117
1636121931730,2021-11-05T10:18:51.730,44.69,3.512581539530037,1.4643374503461586,-3.141922078450489
1636121931740,2021-11-05T10:18:51.740,44.7,3.54074632089345,1.2361584085742645,-2.8337273221547186
1636121931750,2021-11-05T10:18:51.750,44.71,3.2314638795821966,1.1695125139260298,-2.791103304865813
1636121931760,2021-11-05T10:18:51.760,44.72,2.654464580276824,1.1716939923320102,-2.9867534942420937
1636121931770,2021-11-05T10:18:51.770,44.73,1.8422955260632141,1.1725628425899268,-3.3357910029181825
1636121931780,2021-11-05T10:18:51.780,44.74,0.8629907658250942,1.1709021675607887,-3.6630280241561652
1636121931790,2021-11-05T10:18:51.790,44.75,-0.01868254032445324,1.19220395054373,-3.7030382928393557
1636121931800,2021-11-05T10:18:51.800,44.76,-0.5091012736322778,1.224509422935352,-3.256675501812291
1636121931810,2021-11-05T10:18:51.810,44.77,-0.6092998909334624,1.237555533856042,-2.4096341441585656
1636121931820,2021-11-05T10:18:51.820,44.78,-0.6427343063006201,1.2246336053678855,-1.4950141149738925
1636121931830,2021-11-05T10:18:51.830,44.79,-0.8942352352956351,1.1862043583982902,-0.7560975773431962
1636121931840,2021-11-05T10:18:51.840,44.8,-1.2658318953986682,1.1126900851437829,-0.13815643853289716
1636121931850,2021-11-05T10:18:51.850,44.81,-1.4683968096443134,0.9991233118193075,0.4935684756823784
1636121931860,2021-11-05T10:18:51.860,44.82,-1.517220069767689,0.848974128300149,1.0743043565617636
1636121931870,2021-11-05T10:18:51.870,44.83,-1.6655875918579073,0.6730505437929097,1.4803103746578892
1636121931880,2021-11-05T10:18:51.880,44.84,-1.8612765201813584,0.47900013232809263,1.8369945352611898
1636121931890,2021-11-05T10:18:51.890,44.85,-1.8430202747882674,0.23482814671877436,2.39347851220518
1636121931900,2021-11-05T10:18:51.900,44.86,-1.7991109576133093,-0.1225994499004021,3.124414660784522
1636121931910,2021-11-05T10:18:51.910,44.87,-2.1758918983834956,-0.6233639909815483,3.778887612028649
1636121931920,2021-11-05T10:18:51.920,44.88,-2.765308562334622,-1.2536499127813112,4.328431896700443
1636121931930,2021-11-05T10:18:51.930,44.89,-2.8912275793896036,-2.0047454970061676,5.000437790190049
1636121931940,2021-11-05T10:18:51.940,44.9,-2.6238969344779632,-2.9012642475743418,5.802258702426334
1636121931950,2021-11-05T10:18:51.950,44.91,-2.7524349469211695,-4.00096950253203,6.388357301427491
1636121931960,2021-11-05T10:18:51.960,44.92,-3.3645182205239355,-5.353754325565973,6.535072421841367
1636121931970,2021-11-05T10:18:51.970,44.93,-3.6716014346734553,-6.917892660760527,6.430809747348336
1636121931980,2021-11-05T10:18:51.980,44.94,-3.4614131825336294,-8.553244814054297,6.360741385591398
1636121931990,2021-11-05T10:18:51.990,44.95,-3.3681474818450887,-10.126671852370766,6.380473688823187
1636121932000,2021-11-05T10:18:52.000,44.96,-3.5764871403609906,-11.57683373767189,6.4237518794562165
1636121932010,2021-11-05T10:18:52.010,44.97,-3.6468451992234376,-12.887413828193033,6.492916897656498
1636121932020,2021-11-05T10:18:52.020,44.98,-3.517278806029598,-14.048227481045927,6.6216257454120875
1636121932030,2021-11-05T10:18:52.030,44.99,-3.4296794831945965,-15.004069542630479,6.79132804691225
1636121932040,2021-11-05T10:18:52.040,45.0,-3.261977248732161,-15.643069142073436,6.92791862424045
1636121932050,2021-11-05T10:18:52.050,45.01,-2.908829536777459,-15.936388979379101,6.919025855060005
1636121932060,2021-11-05T10:18:52.060,45.02,-2.7187841933602535,-16.044134143718324,6.707887454176633
1636121932070,2021-11-05T10:18:52.070,45.03,-2.9092185520542113,-16.133245750612364,6.405458790405609
1636121932080,2021-11-05T10:18:52.080,45.04,-3.2148748460465364,-16.176377967323084,6.174337592527696
1636121932090,2021-11-05T10:18:52.090,45.05,-3.4197722543274627,-16.09397027165836,6.010246684321027
1636121932100,2021-11-05T10:18:52.100,45.06,-3.5701759622875326,-15.944029164275774,5.815346264304621
1636121932110,2021-11-05T10:18:52.110,45.07,-3.566844086859785,-15.791621302948144,5.647585823762423
1636121932120,2021-11-05T10:18:52.120,45.08,-3.140146688920453,-15.578290638380295,5.691057728579635
1636121932130,2021-11-05T10:18:52.130,45.09,-2.317825153504295,-15.290469993943507,5.9850321591698945
1636121932140,2021-11-05T10:18:52.140,45.1,-1.5541706231579244,-15.064614479669576,6.345931051222031
1636121932150,2021-11-05T10:18:52.150,45.11,-1.267499779246231,-14.98573960796144,6.59309201651517
1636121932160,2021-11-05T10:18:52.160,45.12,-1.3596582877903758,-14.951219879294138,6.76758016852065
1636121932170,2021-11-05T10:18:52.170,45.13,-1.3472159147329497,-14.841029621976325,7.067517574324776
1636121932180,2021-11-05T10:18:52.180,45.14,-0.9995778577053775,-14.682580802463722,7.573965219124764
1636121932190,2021-11-05T10:18:52.190,45.15,-0.583706814628753,-14.551792776190029,8.122395199452903
1636121932200,2021-11-05T10:18:52.200,45.16,-0.3456488989505707,-14.421578629440152,8.516045577715232
1636121932210,2021-11-05T10:18:52.210,45.17,-0.183575954335149,-14.208553337737268,8.770214224944876
1636121932220,2021-11-05T10:18:52.220,45.18,-0.04749134972022611,-13.906774470190472,8.994381966696835
1636121932230,2021-11-05T10:18:52.230,45.19,-0.10306092092050997,-13.60474840811214,9.116444565668683
1636121932240,2021-11-05T10:18:52.240,45.2,-0.3169154725271253,-13.397888287108483,8.940419702097739
1636121932250,2021-11-05T10:18:52.250,45.21,-0.46150891577542263,-13.304073824338158,8.455833354497129
1636121932260,2021-11-05T10:18:52.260,45.22,-0.5459051721402426,-13.25852318120672,7.8854880275673676
1636121932270,2021-11-05T10:18:52.270,45.23,-0.7386770920912321,-13.204783269634312,7.4162073350430315
1636121932280,2021-11-05T10:18:52.280,45.24,-1.0134094181204416,-13.164034575490893,7.051035901740104
1636121932290,2021-11-05T10:18:52.290,45.25,-1.2406503051213282,-13.181791414921971,6.732556920642022
1636121932300,2021-11-05T10:18:52.300,45.26,-1.4730688341008968,-13.26227245735172,6.452602262414101
1636121932310,2021-11-05T10:18:52.310,45.27,-1.8735289078607704,-13.394789809817244,6.218191385086094
1636121932320,2021-11-05T10:18:52.320,45.28,-2.3461352364413752,-13.577665748558797,6.027939745620683
1636121932330,2021-11-05T10:18:52.330,45.29,-2.439029555344509,-13.767531157637393,5.886807647833825
1636121932340,2021-11-05T10:18:52.340,45.3,-1.8582067948139367,-13.85481269289969,5.737093614683239
1636121932350,2021-11-05T10:18:52.350,45.31,-0.9955063757317584,-13.759042323719948,5.3931088665112705
1636121932360,2021-11-05T10:18:52.360,45.32,-0.609126738242558,-13.546865305346284,4.705193228995942
1636121932370,2021-11-05T10:18:52.370,45.33,-0.9176127816720256,-13.378886963909945,3.8208055008453456
1636121932380,2021-11-05T10:18:52.380,45.34,-1.3403717109401867,-13.316308292955608,3.105398509101733
1636121932390,2021-11-05T10:18:52.390,45.35,-1.3657656076231395,-13.278302025572977,2.74527088683969
1636121932400,2021-11-05T10:18:52.400,45.36,-1.3107516127179646,-13.215099917358836,2.6212313636363125
1636121932410,2021-11-05T10:18:52.410,45.37,-1.720616254620285,-13.183721574055156,2.6252912730746605
1636121932420,2021-11-05T10:18:52.420,45.38,-2.359217731474749,-13.205327819887831,2.856874042485761
1636121932430,2021-11-05T10:18:52.430,45.39,-2.48130476354804,-13.170968423190573,3.4010980876791947
1636121932440,2021-11-05T10:18:52.440,45.4,-1.8644612937055558,-12.943272803661682,4.122395655983954
1636121932450,2021-11-05T10:18:52.450,45.41,-0.9746958653713997,-12.496618511288464,4.800178477837566
1636121932460,2021-11-05T10:18:52.460,45.42,-0.3435889178562595,-11.931975688079449,5.325873090618744
1636121932470,2021-11-05T10:18:52.470,45.43,-0.1898164246336887,-11.372565218805928,5.690740400970856
1636121932480,2021-11-05T10:18:52.480,45.44,-0.390972148675243,-10.88138233038514,5.926540053010546
1636121932490,2021-11-05T10:18:52.490,45.45,-0.6014867704117557,-10.489809365413254,6.113875989078021
1636121932500,2021-11-05T10:18:52.500,45.46,-0.6615998259693309,-10.21864920233068,6.295586878598804
1636121932510,2021-11-05T10:18:52.510,45.47,-0.8691476709684287,-10.009431636071577,6.371782441438222
1636121932520,2021-11-05T10:18:52.520,45.48,-1.4692220332315284,-9.738989778858878,6.265800304879265
1636121932530,2021-11-05T10:18:52.530,45.49,-2.0615164910644053,-9.363890343737793,6.144388873898398
1636121932540,2021-11-05T10:18:52.540,45.5,-2.0551805531413656,-8.931449585367712,6.22345027791822
1636121932550,2021-11-05T10:18:52.550,45.51,-1.5372012618035598,-8.428922755051522,6.416384723275636
1636121932560,2021-11-05T10:18:52.560,45.52,-1.1353534285450642,-7.773250217625508,6.451214259339892
1636121932570,2021-11-05T10:18:52.570,45.53,-1.162278840915179,-6.959941339526138,6.28428003646705
1636121932580,2021-11-05T10:18:52.580,45.54,-1.3916823617752059,-6.100394654765754,6.124590839290205
1636121932590,2021-11-05T10:18:52.590,45.55,-1.5824122540396575,-5.319032792529163,6.0860412015419465
1636121932600,2021-11-05T10:18:52.600,45.56,-1.7573798382777661,-4.687586897589849,6.08773220027067
1636121932610,2021-11-05T10:18:52.610,45.57,-1.9042342622936745,-4.224211488977819,6.080734183902383
1636121932620,2021-11-05T10:18:52.620,45.58,-1.785924188825121,-3.8707019036246377,6.095001563090742
1636121932630,2021-11-05T10:18:52.630,45.59,-1.3120818468059003,-3.4723950746951644,6.049883586838673
1636121932640,2021-11-05T10:18:52.640,45.6,-0.8684784629790199,-2.8514610157256133,5.763674696600315
1636121932650,2021-11-05T10:18:52.650,45.61,-0.9172083962946492,-1.9049791846628086,5.165620164847617
1636121932660,2021-11-05T10:18:52.660,45.62,-1.387172147862836,-0.5942720848069589,4.33864287194883
1636121932670,2021-11-05T10:18:52.670,45.63,-1.823062888740889,1.0896382080417248,3.3963594344175227
1636121932680,2021-11-05T10:18:52.680,45.64,-2.042314813668533,3.069147406770694,2.4297735782202357
1636121932690,2021-11-05T10:18:52.690,45.65,-2.267162514982589,5.164533687412634,1.526368252887034
1636121932700,2021-11-05T10:18:52.700,45.66,-2.6624623795137543,7.194402398645045,0.7774949683187071
1636121932710,2021-11-05T10:18:52.710,45.67,-3.1109331368197006,9.024670784124215,0.2509998545534776
1636121932720,2021-11-05T10:18:52.720,45.68,-3.455792058053853,10.541532858162217,-0.06911110789678349
1636121932730,2021-11-05T10:18:52.730,45.69,-3.6580563090894676,11.691218786181322,-0.2686040694970264
1636121932740,2021-11-05T10:18:52.740,45.7,-3.668694481427748,12.5108958622038,-0.37353564846538134
1636121932750,2021-11-05T10:18:52.750,45.71,-3.4167011340022317,13.030920589460079,-0.33007402998792984
1636121932760,2021-11-05T10:18:52.760,45.72,-3.005872349554096,13.221000421730714,-0.17114352898096746
1636121932770,2021-11-05T10:18:52.770,45.73,-2.6508289369297113,13.092941592162974,-0.039813956218205056
1636121932780,2021-11-05T10:18:52.780,45.74,-2.314558546222943,12.739590302833466,0.039017875202376935
1636121932790,2021-11-05T10:18:52.790,45.75,-1.770869471371448,12.205500083113055,0.19797972072723125
1636121932800,2021-11-05T10:18:52.800,45.76,-1.1705432510434108,11.429063908959066,0.4127766361656183
1636121932810,2021-11-05T10:18:52.810,45.77,-1.0216153533935624,10.375662064465036,0.4105283434787794
1636121932820,2021-11-05T10:18:52.820,45.78,-1.356787030257265,9.135649332169562,0.09706725136727092
1636121932830,2021-11-05T10:18:52.830,45.79,-1.5405756109570912,7.844808016583727,-0.1973914299990867
1636121932840,2021-11-05T10:18:52.840,45.8,-1.2131456037112214,6.592942721369556,-0.1695557806617054
1636121932850,2021-11-05T10:18:52.850,45.81,-0.785222728798636,5.42591101028652,0.01861236202363626
1636121932860,2021-11-05T10:18:52.860,45.82,-0.7126782195822461,4.338225272309772,0.03731451341073332
1636121932870,2021-11-05T10:18:52.870,45.83,-0.9026022319844897,3.2556745505438287,-0.1375342561237183
1636121932880,2021-11-05T10:18:52.880,45.84,-1.1060816855211735,2.1130639195332215,-0.34095232683605664
1636121932890,2021-11-05T10:18:52.890,45.85,-1.3616734578894312,0.9493239274437607,-0.5587621123993244
1636121932900,2021-11-05T10:18:52.900,45.86,-1.7360409697463972,-0.1434640522901465,-0.8508960971952049
1636121932910,2021-11-05T10:18:52.910,45.87,-2.031822755611211,-1.1644723422206475,-1.1279487608433967
1636121932920,2021-11-05T10:18:52.920,45.88,-2.1391675987840797,-2.230040817280343,-1.2701871768483226
1636121932930,2021-11-05T10:18:52.930,45.89,-2.3143213435991035,-3.415953742469454,-1.3227285841868075
1636121932940,2021-11-05T10:18:52.940,45.9,-2.627718256302076,-4.615431459889433,-1.3556190286709762
1636121932950,2021-11-05T10:18:52.950,45.91,-2.6099273898619173,-5.634249287637028,-1.2858975955078376
1636121932960,2021-11-05T10:18:52.960,45.92,-2.074532755005798,-6.424450201558226,-1.0574335739897882
1636121932970,2021-11-05T10:18:52.970,45.93,-1.6932650084901795,-7.122920528565267,-0.8358705520835488
1636121932980,2021-11-05T10:18:52.980,45.94,-2.018340986369609,-7.834454801546346,-0.8040752071401658
1636121932990,2021-11-05T10:18:52.990,45.95,-2.5572315334396976,-8.48465812125735,-0.9351795567370405
1636121933000,2021-11-05T10:18:53.000,45.96,-2.5369493170933257,-8.918562086429288,-1.1631978525747149
1636121933010,2021-11-05T10:18:53.010,45.97,-2.008246359750416,-9.03995481516472,-1.5622779835614395
1636121933020,2021-11-05T10:18:53.020,45.98,-1.5465517403400793,-8.82714898470016,-2.1714909884587046
1636121933030,2021-11-05T10:18:53.030,45.99,-1.3610589622508402,-8.30383829975051,-2.877832487469368
1636121933040,2021-11-05T10:18:53.040,46.0,-1.2854362178912324,-7.534449372801875,-3.6100276233429294
1636121933050,2021-11-05T10:18:53.050,46.01,-1.2534218869432403,-6.620218015266246,-4.376262830706752
1636121933060,2021-11-05T10:18:53.060,46.02,-1.271899692246917,-5.674763644954751,-5.022656984132662
1636121933070,2021-11-05T10:18:53.070,46.03,-1.1803102481313363,-4.76385813339707,-5.272087329418238
1636121933080,2021-11-05T10:18:53.080,46.04,-0.803784719197598,-3.8675904848230784,-5.097925451001787
1636121933090,2021-11-05T10:18:53.090,46.05,-0.23079275703796898,-2.970188354605817,-4.78039311242439
1636121933100,2021-11-05T10:18:53.100,46.06,0.27068595953726216,-2.164578592616606,-4.513644216751146
1636121933110,2021-11-05T10:18:53.110,46.07,0.6288736432308659,-1.5655735659936676,-4.187992407355521
1636121933120,2021-11-05T10:18:53.120,46.08,1.0726682528957399,-1.1717139050017353,-3.638098687109322
1636121933130,2021-11-05T10:18:53.130,46.09,1.6711841709628756,-0.9219419418908684,-2.9168292573461887
1636121933140,2021-11-05T10:18:53.140,46.1,2.100309667356967,-0.7965821614770068,-2.2041840760504363
1636121933150,2021-11-05T10:18:53.150,46.11,2.2717873690300774,-0.7566717485643688,-1.5750532313680918
1636121933160,2021-11-05T10:18:53.160,46.12,2.6343721993872022,-0.7071566656539798,-1.0355505170668375
1636121933170,2021-11-05T10:18:53.170,46.13,3.298944988589766,-0.6239578496961435,-0.7205550159640886
1636121933180,2021-11-05T10:18:53.180,46.14,3.6759712674598095,-0.5921928719756343,-0.7990340727393981
1636121933190,2021-11-05T10:18:53.190,46.15,3.5623363831374193,-0.6366423050964181,-1.1651832027981022
1636121933200,2021-11-05T10:18:53.200,46.16,3.600360620761289,-0.6385232530913196,-1.4953428316488522
1636121933210,2021-11-05T10:18:53.210,46.17,4.15566937146993,-0.48386934678669635,-1.6691312453725273
1636121933220,2021-11-05T10:18:53.220,46.18,4.7211743333354566,-0.19038589384925514,-1.8853966837646867
1636121933230,2021-11-05T10:18:53.230,46.19,4.762489099599902,0.1465189246274256,-2.30477798932991
1636121933240,2021-11-05T10:18:53.240,46.2,4.355392789793114,0.4532271051528154,-2.7969950498257523
1636121933250,2021-11-05T10:18:53.250,46.21,3.8747849113962634,0.7235076619183598,-3.1223827129066377
1636121933260,2021-11-05T10:18:53.260,46.22,3.600137360826783,1.0139513927430412,-3.2186178808687576
1636121933270,2021-11-05T10:18:53.270,46.23,3.5729672368628225,1.3590485449019583,-3.216659661421903
1636121933280,2021-11-05T10:18:53.280,46.24,3.5452378209368343,1.6932187194914303,-3.2489821335079627
1636121933290,2021-11-05T10:18:53.290,46.25,3.242272777927723,1.9476101162259298,-3.329042754795051
1636121933300,2021-11-05T10:18:53.300,46.26,2.799425696361081,2.194877512682551,-3.385281611748399
1636121933310,2021-11-05T10:18:53.310,46.27,2.6572337392241074,2.5786856760153576,-3.3561830399042503
1636121933320,2021-11-05T10:18:53.320,46.28,2.94048216460573,3.135165344395578,-3.280851796642864
1636121933330,2021-11-05T10:18:53.330,46.29,3.263214333390229,3.7905982874796162,-3.292138945050202
1636121933340,2021-11-05T10:18:53.340,46.3,3.25587778967461,4.491418403009609,-3.4478149215692975
1636121933350,2021-11-05T10:18:53.350,46.31,2.9742179723415307,5.2353339009276265,-3.6166737921748515
1636121933360,2021-11-05T10:18:53.360,46.32,2.628023330410714,5.990063797540998,-3.636641517076162
1636121933370,2021-11-05T10:18:53.370,46.33,2.1691843526984584,6.6655669838873655,-3.498349190577213
1636121933380,2021-11-05T10:18:53.380,46.34,1.40462850462978,7.20279740320736,-3.255352902287263
1636121933390,2021-11-05T10:18:53.390,46.35,0.43017363355335514,7.652051386677934,-2.8736968551807043
1636121933400,2021-11-05T10:18:53.400,46.36,-0.29546319867555787,8.1147806566318,-2.3107548293955933
1636121933410,2021-11-05T10:18:53.410,46.37,-0.4322271640484174,8.63272518305638,-1.6567892432335394
1636121933420,2021-11-05T10:18:53.420,46.38,-0.20392796136391644,9.172663003794604,-1.0767936566504104
1636121933430,2021-11-05T10:18:53.430,46.39,-0.12830427187112084,9.663339918410086,-0.6372641215890738
1636121933440,2021-11-05T10:18:53.440,46.4,-0.33990128066521264,10.001182118572615,-0.2579405759282932
1636121933450,2021-11-05T10:18:53.450,46.41,-0.526419011794206,10.081009630444946,0.1532674032203112
1636121933460,2021-11-05T10:18:53.460,46.42,-0.5191635724485544,9.860075286717045,0.5527973013587779
1636121933470,2021-11-05T10:18:53.470,46.43,-0.4874148297873686,9.380441766448286,0.8035676445885702
1636121933480,2021-11-05T10:18:53.480,46.44,-0.5087098110998981,8.765197608020163,0.8698409786222376
1636121933490,2021-11-05T10:18:53.490,46.45,-0.405298196430971,8.189294178635349,0.8984335349412045
1636121933500,2021-11-05T10:18:53.500,46.46,-0.11984723847702859,7.757065146596236,1.0624856273034293
1636121933510,2021-11-05T10:18:53.510,46.47,0.09186713548760798,7.403991825798218,1.3684063418498689
1636121933520,2021-11-05T10:18:53.520,46.48,0.012548336596991963,7.012732570070446,1.6631689595263488
1636121933530,2021-11-05T10:18:53.530,46.49,-0.20424237799826606,6.586834088957617,1.8168586387599692
1636121933540,2021-11-05T10:18:53.540,46.5,-0.266819545929992,6.204457409036101,1.8462939382204215
1636121933550,2021-11-05T10:18:53.550,46.51,-0.19247322838012063,5.871574141542103,1.83455993705627
1636121933560,2021-11-05T10:18:53.560,46.52,-0.26006694273944186,5.530320147784863,1.7884930720736718
1636121933570,2021-11-05T10:18:53.570,46.53,-0.547934568723918,5.142940761593744,1.649256071576759
1636121933580,2021-11-05T10:18:53.580,46.54,-0.806542949702555,4.697727801249258,1.4087147248523357
1636121933590,2021-11-05T10:18:53.590,46.55,-0.8523047492014186,4.213631883598665,1.1372424917773647
1636121933600,2021-11-05T10:18:53.600,46.56,-0.7982165310598064,3.7789126765483934,0.9070352238055848
1636121933610,2021-11-05T10:18:53.610,46.57,-0.7634015865898036,3.4881212136593334,0.7318625551882347
1636121933620,2021-11-05T10:18:53.620,46.58,-0.6718859798024965,3.300172900743923,0.569185715000228
1636121933630,2021-11-05T10:18:53.630,46.59,-0.5387864719479092,3.0618177414549357,0.36366540846227574
1636121933640,2021-11-05T10:18:53.640,46.6,-0.6182650172672742,2.7229880112623053,0.10479895208349717
1636121933650,2021-11-05T10:18:53.650,46.61,-0.9921122319033988,2.4157794484988817,-0.1590011206300256
1636121933660,2021-11-05T10:18:53.660,46.62,-1.3086696493189536,2.2579614006984463,-0.3871820242997407
1636121933670,2021-11-05T10:18:53.670,46.63,-1.258826006669506,2.2029701369068864,-0.6196463738187112
1636121933680,2021-11-05T10:18:53.680,46.64,-1.0725121972056448,2.1550927246697364,-0.9282655688769719
1636121933690,2021-11-05T10:18:53.690,46.65,-1.154157869739191,2.1133218855789884,-1.2836755469802668
1636121933700,2021-11-05T10:18:53.700,46.66,-1.4167731143965832,2.1216889371074505,-1.5626116547287625
1636121933710,2021-11-05T10:18:53.710,46.67,-1.44989873868891,2.15985203433343,-1.7316404110877475
1636121933720,2021-11-05T10:18:53.720,46.68,-1.2093949147679321,2.1642702863250456,-1.912284019786546
1636121933730,2021-11-05T10:18:53.730,46.69,-1.017892166148089,2.123598826787879,-2.193728402589665
1636121933740,2021-11-05T10:18:53.740,46.7,-0.987710488514973,2.0803486025684013,-2.471245959002604
1636121933750,2021-11-05T10:18:53.750,46.71,-0.9679314972977245,2.052217899533465,-2.573270355577022
1636121933760,2021-11-05T10:18:53.760,46.72,-0.9501757584621375,2.024923576308084,-2.5274535512657157
1636121933770,2021-11-05T10:18:53.770,46.73,-1.0074494340980433,2.0139374922946915,-2.557724248085772
1636121933780,2021-11-05T10:18:53.780,46.74,-0.9538769350123457,2.063318303740167,-2.7677768480812928
1636121933790,2021-11-05T10:18:53.790,46.75,-0.591866792973996,2.181234199077485,-3.0191430138115276
1636121933800,2021-11-05T10:18:53.800,46.76,-0.2051603884691869,2.318837818971556,-3.2040475007366096
1636121933810,2021-11-05T10:18:53.810,46.77,-0.2779514064648725,2.4189016909171763,-3.394511031281838
1636121933820,2021-11-05T10:18:53.820,46.78,-0.7530515859325587,2.4646602056156857,-3.632140841124224
1636121933830,2021-11-05T10:18:53.830,46.79,-1.1086568711962255,2.4564742741269394,-3.8350299361628775
1636121933840,2021-11-05T10:18:53.840,46.8,-1.198004075581707,2.349389887423555,-4.00296614521386
1636121933850,2021-11-05T10:18:53.850,46.81,-1.379565871027016,2.0826741162925417,-4.2789900957820235
1636121933860,2021-11-05T10:18:53.860,46.82,-1.700964911392417,1.691407394344966,-4.728251798816415
1636121933870,2021-11-05T10:18:53.870,46.83,-1.7153730999229229,1.3036344849098873,-5.255987933687662
1636121933880,2021-11-05T10:18:53.880,46.84,-1.3342601738316038,1.0102310128152494,-5.82541335206834
1636121933890,2021-11-05T10:18:53.890,46.85,-1.063493458857806,0.8259104613714596,-6.567517485157044
1636121933900,2021-11-05T10:18:53.900,46.86,-1.1473367498297402,0.7535197404089681,-7.535498106526644
1636121933910,2021-11-05T10:18:53.910,46.87,-1.2409828150753277,0.7776028606836252,-8.490030295719118
1636121933920,2021-11-05T10:18:53.920,46.88,-1.1009319208787194,0.8328252616456828,-9.10802334111087
1636121933930,2021-11-05T10:18:53.930,46.89,-0.9217246302029733,0.8704380219466898,-9.339420326210135
1636121933940,2021-11-05T10:18:53.940,46.9,-0.9225472092030198,0.9098517163114049,-9.40832385256192
1636121933950,2021-11-05T10:18:53.950,46.91,-1.1042457838805697,0.9708344146493352,-9.499004649034955
1636121933960,2021-11-05T10:18:53.960,46.92,-1.328661232555139,1.0150983072298476,-9.573362499799966
1636121933970,2021-11-05T10:18:53.970,46.93,-1.3444272403471382,0.997971126063482,-9.528888058553703
1636121933980,2021-11-05T10:18:53.980,46.94,-1.0061175205074384,0.9346239397138569,-9.46083059149737
1636121933990,2021-11-05T10:18:53.990,46.95,-0.5698586884277437,0.8828498884584768,-9.63450859207253
1636121934000,2021-11-05T10:18:54.000,46.96,-0.35343592085577435,0.8811299012093838,-10.130572388491743
1636121934010,2021-11-05T10:18:54.010,46.97,-0.20313972312098866,0.9268204965576343,-10.67394087367083
1636121934020,2021-11-05T10:18:54.020,46.98,0.15898017716312843,1.0003687919519109,-10.977676435409297
1636121934030,2021-11-05T10:18:54.030,46.99,0.49608493277599175,1.0755449105903252,-11.103075806624732
1636121934040,2021-11-05T10:18:54.040,47.0,0.39700859076925055,1.1203567687815428,-11.284133561068913
1636121934050,2021-11-05T10:18:54.050,47.01,0.03382720360322926,1.1514207261440792,-11.550270056117387
1636121934060,2021-11-05T10:18:54.060,47.02,-0.062199569320163406,1.2727291639337563,-11.740589630095108
1636121934070,2021-11-05T10:18:54.070,47.03,0.133851345291703,1.5594667814400947,-11.783601651399906
1636121934080,2021-11-05T10:18:54.080,47.04,0.14007505109709398,1.90889747561365,-11.75628773000502
1636121934090,2021-11-05T10:18:54.090,47.05,-0.1778500533551218,2.13786750909363,-11.725477972601865
1636121934100,2021-11-05T10:18:54.100,47.06,-0.43899839339383007,2.235413530525205,-11.720044673080773
1636121934110,2021-11-05T10:18:54.110,47.07,-0.49320458267526,2.3594227105674745,-11.817922790475336
1636121934120,2021-11-05T10:18:54.120,47.08,-0.6120823660308786,2.553119832374414,-12.067291171897645
1636121934130,2021-11-05T10:18:54.130,47.09,-0.8591108970979116,2.658634998656581,-12.35824644783778
1636121934140,2021-11-05T10:18:54.140,47.1,-0.9567591487629277,2.595703707229288,-12.563532866562618
1636121934150,2021-11-05T10:18:54.150,47.11,-0.8395501041419974,2.5236567831734087,-12.769986179843702
1636121934160,2021-11-05T10:18:54.160,47.12,-0.7603488194833308,2.5918107453092905,-13.189924806430547
1636121934170,2021-11-05T10:18:54.170,47.13,-0.8062309674323094,2.711523511395714,-13.85860147392917
1636121934180,2021-11-05T10:18:54.180,47.14,-0.7618420922387354,2.724012583127202,-14.565397125487761
1636121934190,2021-11-05T10:18:54.190,47.15,-0.5346621587301313,2.642444416020463,-15.095216298111904
1636121934200,2021-11-05T10:18:54.200,47.16,-0.37527983616825117,2.598610692833276,-15.442562678029732
1636121934210,2021-11-05T10:18:54.210,47.17,-0.4698037424184194,2.6607411193632324,-15.76325392599274
1636121934220,2021-11-05T10:18:54.220,47.18,-0.5483447296594144,2.797164817823398,-16.167053366095082
1636121934230,2021-11-05T10:18:54.230,47.19,-0.26559948782543796,2.955246821908154,-16.60689172889046
1636121934240,2021-11-05T10:18:54.240,47.2,0.1637002624893415,3.1182307350951675,-16.99257370321485
1636121934250,2021-11-05T10:18:54.250,47.21,0.19269140068030113,3.3020634705853213,-17.36501246101387
1636121934260,2021-11-05T10:18:54.260,47.22,-0.2482442623359115,3.5147498225510203,-17.85192194253323
1636121934270,2021-11-05T10:18:54.270,47.23,-0.6596502888364657,3.7273578325297354,-18.451321139092286
1636121934280,2021-11-05T10:18:54.280,47.24,-0.6693113837389357,3.9014098276408733,-19.001932192784892
1636121934290,2021-11-05T10:18:54.290,47.25,-0.408487141460696,4.030966120869279,-19.39922373500933
1636121934300,2021-11-05T10:18:54.300,47.26,-0.20135429583147146,4.12260055083316,-19.69489268972401
1636121934310,2021-11-05T10:18:54.310,47.27,-0.17175880714632782,4.150152446088365,-19.951066331237964
1636121934320,2021-11-05T10:18:54.320,47.28,-0.18831736788020256,4.080268626292249,-20.135358116463813
1636121934330,2021-11-05T10:18:54.330,47.29,-0.08713205825324073,3.940514835703138,-20.21382583693317
1636121934340,2021-11-05T10:18:54.340,47.3,0.07047424609108698,3.808108747854941,-20.26284699033201
1636121934350,2021-11-05T10:18:54.350,47.31,0.03782926599062287,3.716813823573249,-20.41143276552399
1636121934360,2021-11-05T10:18:54.360,47.32,-0.24069337344001077,3.6327694276012874,-20.683424907877296
1636121934370,2021-11-05T10:18:54.370,47.33,-0.48125531614245387,3.546024247923116,-20.972436725631148
1636121934380,2021-11-05T10:18:54.380,47.34,-0.47535941954991784,3.510831628794352,-21.19152399890937
1636121934390,2021-11-05T10:18:54.390,47.35,-0.43131216480137746,3.555772172757881,-21.3638318541036
1636121934400,2021-11-05T10:18:54.400,47.36,-0.6456361100945566,3.626310634483679,-21.52996688765942
1636121934410,2021-11-05T10:18:54.410,47.37,-1.0271248610810115,3.65788477614616,-21.666768954318258
1636121934420,2021-11-05T10:18:54.420,47.38,-1.2402117483429462,3.655663287497088,-21.792544982950698
1636121934430,2021-11-05T10:18:54.430,47.39,-1.1931607503659512,3.671146632341659,-22.065520112487373
1636121934440,2021-11-05T10:18:54.440,47.4,-1.078700922662462,3.7253638204078374,-22.594264505082904
1636121934450,2021-11-05T10:18:54.450,47.41,-1.020804236167078,3.7863631047061137,-23.184987574736518
1636121934460,2021-11-05T10:18:54.460,47.42,-0.9907597676575775,3.826260160783639,-23.514134496545275
1636121934470,2021-11-05T10:18:54.470,47.43,-0.9730283017593173,3.858329318057241,-23.544316165665037
1636121934480,2021-11-05T10:18:54.480,47.44,-0.9415198030313073,3.8931024230248874,-23.526315928661905
1636121934490,2021-11-05T10:18:54.490,47.45,-0.8303153224469975,3.929053564536744,-23.646056071149573
1636121934500,2021-11-05T10:18:54.500,47.46,-0.697072019082373,4.021691403246717,-23.921974100182176
1636121934510,2021-11-05T10:18:54.510,47.47,-0.6445175013066092,4.248660882488817,-24.337179473100946
1636121934520,2021-11-05T10:18:54.520,47.48,-0.5499746719831601,4.571692376573965,-24.85132252456557
1636121934530,2021-11-05T10:18:54.530,47.49,-0.29678028466534373,4.870278435366661,-25.434223997913172
1636121934540,2021-11-05T10:18:54.540,47.5,-0.16539460687710972,5.112318817646096,-26.182425537859892
1636121934550,2021-11-05T10:18:54.550,47.51,-0.3825102338314892,5.339288942455274,-27.154605434114792
1636121934560,2021-11-05T10:18:54.560,47.52,-0.4941245251399821,5.519055089053667,-28.11680259704991
1636121934570,2021-11-05T10:18:54.570,47.53,-0.02463067707193295,5.564253614201956,-28.821858994518283
1636121934580,2021-11-05T10:18:54.580,47.54,0.49248737461686815,5.452145143829672,-29.470412998267967
1636121934590,2021-11-05T10:18:54.590,47.55,0.2355356075730589,5.2141549447228055,-30.42413093020521
1636121934600,2021-11-05T10:18:54.600,47.56,-0.3742670641237419,4.873382089182906,-31.51693782209152
1636121934610,2021-11-05T10:18:54.610,47.57,-0.18760691271733226,4.493531066838164,-32.188298709370656
1636121934620,2021-11-05T10:18:54.620,47.58,0.7787608098445692,4.211891737231043,-32.29540685659077
1636121934630,2021-11-05T10:18:54.630,47.59,1.4014322089566331,4.108142257487539,-32.24930091126614
1636121934640,2021-11-05T10:18:54.640,47.6,1.2653588337800326,4.103036928476435,-32.33890936665881
1636121934650,2021-11-05T10:18:54.650,47.61,0.9987793952672752,4.094702379251075,-32.46015961502106
1636121934660,2021-11-05T10:18:54.660,47.62,0.9698209150154076,4.1246710004455736,-32.54260828446104
1636121934670,2021-11-05T10:18:54.670,47.63,0.9310135889692455,4.290757947902453,-32.74858492540288
1636121934680,2021-11-05T10:18:54.680,47.64,0.7791355421595925,4.560528544193632,-33.157434859742395
1636121934690,2021-11-05T10:18:54.690,47.65,0.6951248528807031,4.804096281572877,-33.597806403121496
1636121934700,2021-11-05T10:18:54.700,47.66,0.7478951615120586,4.980956195215116,-33.88030011897942
1636121934710,2021-11-05T10:18:54.710,47.67,0.9327498839656215,5.171155029266982,-33.98470371223361
1636121934720,2021-11-05T10:18:54.720,47.68,1.2580758738508884,5.407115288664673,-33.9871254117084
1636121934730,2021-11-05T10:18:54.730,47.69,1.4990556508624793,5.570658682280547,-33.971184960605015
1636121934740,2021-11-05T10:18:54.740,47.7,1.3148977641470105,5.526976448991014,-34.02340687118037
1636121934750,2021-11-05T10:18:54.750,47.71,0.8023477225947808,5.2998408133375765,-34.18175009328552
1636121934760,2021-11-05T10:18:54.760,47.72,0.4719994785772961,4.997950943079749,-34.382844027667204
1636121934770,2021-11-05T10:18:54.770,47.73,0.526123207544657,4.625809077728804,-34.53793011023464
1636121934780,2021-11-05T10:18:54.780,47.74,0.648579998226975,4.127204620004697,-34.624347533535044
1636121934790,2021-11-05T10:18:54.790,47.75,0.6215221196400498,3.5400546098503822,-34.65301534529773
1636121934800,2021-11-05T10:18:54.800,47.76,0.5548338263963185,2.9256394875491956,-34.61317268127231
1636121934810,2021-11-05T10:18:54.810,47.77,0.41606086784282215,2.2232971469658995,-34.46795326961672
1636121934820,2021-11-05T10:18:54.820,47.78,-0.0009124443526560763,1.3152785430794878,-34.126162642983125
1636121934830,2021-11-05T10:18:54.830,47.79,-0.5965970982454728,0.15173846902964278,-33.45705693849132
1636121934840,2021-11-05T10:18:54.840,47.8,-1.0511366070251538,-1.2531248995616486,-32.429934278760314
1636121934850,2021-11-05T10:18:54.850,47.81,-1.326759914064921,-2.8578044101584354,-31.177178535239356
1636121934860,2021-11-05T10:18:54.860,47.82,-1.6417911931423705,-4.601868693747392,-29.849089362801486
1636121934870,2021-11-05T10:18:54.870,47.83,-2.083824823489242,-6.436526713939667,-28.464578371147475
1636121934880,2021-11-05T10:18:54.880,47.84,-2.554244033971133,-8.365314912585184,-26.900035047262133
1636121934890,2021-11-05T10:18:54.890,47.85,-2.9739997462336136,-10.455316831944355,-24.957395320580353
1636121934900,2021-11-05T10:18:54.900,47.86,-3.29993739900736,-12.780752247392975,-22.495463096130777
1636121934910,2021-11-05T10:18:54.910,47.87,-3.377825998339193,-15.307736338895701,-19.541759882285334
1636121934920,2021-11-05T10:18:54.920,47.88,-3.062890422562106,-17.882049659677058,-16.189580520775955
1636121934930,2021-11-05T10:18:54.930,47.89,-2.5601268932007617,-20.39846564554556,-12.420373016999507
1636121934940,2021-11-05T10:18:54.940,47.9,-2.361488995517543,-22.890327026525306,-8.255600395718059
1636121934950,2021-11-05T10:18:54.950,47.91,-2.753538486344296,-25.340019273158024,-4.050020937722701
1636121934960,2021-11-05T10:18:54.960,47.92,-3.5378057327491685,-27.50675010259356,-0.2117916324350938
1636121934970,2021-11-05T10:18:54.970,47.93,-4.123391960308358,-29.104390626393453,3.5093194122039124
1636121934980,2021-11-05T10:18:54.980,47.94,-3.8811242431752495,-30.09615185153686,7.976036283195693
1636121934990,2021-11-05T10:18:54.990,47.95,-2.8252738368485786,-30.697461630898673,13.578619022179325
1636121935000,2021-11-05T10:18:55.000,47.96,-1.9077449311150154,-31.156047499004202,19.615895136517324
1636121935010,2021-11-05T10:18:55.010,47.97,-2.0352659186455986,-31.61391751364136,25.194624473572468
1636121935020,2021-11-05T10:18:55.020,47.98,-2.8969767532394384,-32.101283032034004,30.373638577768958
1636121935030,2021-11-05T10:18:55.030,47.99,-3.422776417836693,-32.571182880544555,35.862783915678136
1636121935040,2021-11-05T10:18:55.040,48.0,-3.158964062121729,-32.93812546141359,41.88302004090706
1636121935050,2021-11-05T10:18:55.050,48.01,-2.4419055585725395,-33.09105722754535,47.99995059078715
1636121935060,2021-11-05T10:18:55.060,48.02,-1.5075265207677226,-32.895293384073774,53.935829512696344
1636121935070,2021-11-05T10:18:55.070,48.03,-0.2637521329503393,-32.24236814829183,59.83590272810263
1636121935080,2021-11-05T10:18:55.080,48.04,1.1773117727950442,-31.11610703842206,65.72642442084222
1636121935090,2021-11-05T10:18:55.090,48.05,2.3747732427290855,-29.58506876460862,71.32114128887824
1636121935100,2021-11-05T10:18:55.100,48.06,3.026574864938091,-27.727470290373464,76.46800856343106
1636121935110,2021-11-05T10:18:55.110,48.07,3.428246160984696,-25.59005427174988,81.39139937318087
1636121935120,2021-11-05T10:18:55.120,48.08,4.387646087362636,-23.226925441602486,86.35063968137683
1636121935130,2021-11-05T10:18:55.130,48.09,6.268761054857295,-20.72805428496823,91.14164715828929
1636121935140,2021-11-05T10:18:55.140,48.1,8.190531666956828,-18.15714930575343,95.03486572065907
1636121935150,2021-11-05T10:18:55.150,48.11,9.061233910950115,-15.473110309889575,97.43481744743048
1636121935160,2021-11-05T10:18:55.160,48.12,9.169657941803626,-12.548584188226812,98.60242174491154
1636121935170,2021-11-05T10:18:55.170,48.13,9.459111954556514,-9.287785712016875,99.36047101915466
1636121935180,2021-11-05T10:18:55.180,48.14,9.858633923028618,-5.7330333266875435,100.17357901155788
1636121935190,2021-11-05T10:18:55.190,48.15,10.009602952057737,-2.043566935675423,101.02712720639045
1636121935200,2021-11-05T10:18:55.200,48.16,10.602404645049106,1.585118732393332,101.91816511075558
1636121935210,2021-11-05T10:18:55.210,48.17,12.071570913265987,4.888823091678181,102.63901869783763
1636121935220,2021-11-05T10:18:55.220,48.18,13.15849540772829,7.49491344637187,102.2558255017519
1636121935230,2021-11-05T10:18:55.230,48.19,12.543734714352468,9.13063400850666,99.67737668563805
1636121935240,2021-11-05T10:18:55.240,48.2,10.779293205014834,9.915334365038081,94.82224013503182
1636121935250,2021-11-05T10:18:55.250,48.21,9.305781339074754,10.314107626056055,88.71111451147905
1636121935260,2021-11-05T10:18:55.260,48.22,8.586017731919698,10.78010076044702,82.42076805835083
1636121935270,2021-11-05T10:18:55.270,48.23,8.110987212007949,11.496461511665013,76.38569591392138
1636121935280,2021-11-05T10:18:55.280,48.24,7.421346048883038,12.355824365060776,70.75683264211222
1636121935290,2021-11-05T10:18:55.290,48.25,6.376942169131411,13.021424669145997,65.91217609588236
1636121935300,2021-11-05T10:18:55.300,48.26,4.778332915674568,13.054096820117199,62.16963734024077
1636121935310,2021-11-05T10:18:55.310,48.27,2.2699215841905684,12.170117174712065,59.211804061070225
1636121935320,2021-11-05T10:18:55.320,48.28,-1.1365483439647197,10.492318873861349,56.34635514961862
1636121935330,2021-11-05T10:18:55.330,48.29,-4.446715002543291,8.54884956316392,53.39375540426642
1636121935340,2021-11-05T10:18:55.340,48.3,-6.105928020599466,6.920665542318595,50.80526246199619
1636121935350,2021-11-05T10:18:55.350,48.31,-5.575119498749251,5.809668921125247,48.732910786625496
1636121935360,2021-11-05T10:18:55.360,48.32,-4.032165891333079,5.0433981780226365,46.63128620990831
1636121935370,2021-11-05T10:18:55.370,48.33,-2.8203175770221542,4.485431202314862,44.25234590645703
1636121935380,2021-11-05T10:18:55.380,48.34,-1.8758305411741318,4.13774546597118,42.340787998208974
1636121935390,2021-11-05T10:18:55.390,48.35,-0.6968958810525537,3.81727234662328,41.47649843554649
1636121935400,2021-11-05T10:18:55.400,48.36,0.030621767470592004,3.207521717638633,40.726876108854604
1636121935410,2021-11-05T10:18:55.410,48.37,-0.6016102328246749,2.393749360544632,38.53667630456827
1636121935420,2021-11-05T10:18:55.420,48.38,-1.76353590550745,1.884426124591306,34.77134209467606
1636121935430,2021-11-05T10:18:55.430,48.39,-1.7715010545921566,1.9088249227402245,30.87716367375303
1636121935440,2021-11-05T10:18:55.440,48.4,-0.604999287819459,2.1943870782973054,28.087119409960856
1636121935450,2021-11-05T10:18:55.450,48.41,0.25402747460963115,2.655142966789203,26.39704123102589
1636121935460,2021-11-05T10:18:55.460,48.42,0.16392258860429532,3.591763929858687,25.302396754159346
1636121935470,2021-11-05T10:18:55.470,48.43,-0.17676865557002838,4.780452193431518,24.571942944487724
1636121935480,2021-11-05T10:18:55.480,48.44,-0.17886430352293226,5.218081435755764,24.01485075389783
1636121935490,2021-11-05T10:18:55.490,48.45,0.11324932274271061,4.4567303254185315,23.25552279191303
1636121935500,2021-11-05T10:18:55.500,48.46,0.5506264178812019,3.4528852558286456,22.21297569683962
1636121935510,2021-11-05T10:18:55.510,48.47,0.9720389867741603,3.4173415179427415,21.335901437996768
1636121935520,2021-11-05T10:18:55.520,48.48,1.0925055041263334,4.309866514027754,20.926997985765702
1636121935530,2021-11-05T10:18:55.530,48.49,0.7605070219102232,4.9937803881308245,20.574550682700135
1636121935540,2021-11-05T10:18:55.540,48.5,0.20616358601241427,4.709206287708334,19.63063824614501
1636121935550,2021-11-05T10:18:55.550,48.51,-0.08440521734232448,3.930401118454128,17.92851768280908
1636121935560,2021-11-05T10:18:55.560,48.52,0.049293401399496894,3.564505605327155,15.694381326638798
1636121935570,2021-11-05T10:18:55.570,48.53,-0.0001562219972437856,3.7388721362384447,13.173852304084917
1636121935580,2021-11-05T10:18:55.580,48.54,-0.8727007456966285,3.857771508497976,10.793229478767124
1636121935590,2021-11-05T10:18:55.590,48.55,-2.051497516507071,3.5694011341839795,9.264334166009077
1636121935600,2021-11-05T10:18:55.600,48.56,-2.2286077162503366,3.156420824564609,8.92406387529243
1636121935610,2021-11-05T10:18:55.610,48.57,-0.9930598471907466,3.019431716425638,9.183146473022829
1636121935620,2021-11-05T10:18:55.620,48.58,0.4759976741903855,3.1562495915553743,9.096090049390408
1636121935630,2021-11-05T10:18:55.630,48.59,0.6766790772915431,3.3044096955630398,8.277042371910099
1636121935640,2021-11-05T10:18:55.640,48.6,-0.44378793843164405,3.388969436455849,6.954821246462188
1636121935650,2021-11-05T10:18:55.650,48.61,-1.4515162987914707,3.512290541632298,5.56485916621697
1636121935660,2021-11-05T10:18:55.660,48.62,-1.3545699245954193,3.517721950416474,4.7196171209042745
1636121935670,2021-11-05T10:18:55.670,48.63,-0.7645704717755349,3.044943491666718,5.04051385478733
1636121935680,2021-11-05T10:18:55.680,48.64,-0.685198382424093,2.263466802373456,6.367568480581422
1636121935690,2021-11-05T10:18:55.690,48.65,-1.1415651626858547,1.987647058830997,7.533441641119166
1636121935700,2021-11-05T10:18:55.700,48.66,-1.5151280270838008,2.610105453199617,7.541180474517319
1636121935710,2021-11-05T10:18:55.710,48.67,-1.446961664669134,3.432937635482821,6.6557132913814865
1636121935720,2021-11-05T10:18:55.720,48.68,-1.0503345566648923,3.5323959484183955,5.8643955438257285
1636121935730,2021-11-05T10:18:55.730,48.69,-0.5440967066575857,2.931826318364781,5.606818764169562
1636121935740,2021-11-05T10:18:55.740,48.7,0.042122706708009675,2.522783292639963,5.4454740589586415
1636121935750,2021-11-05T10:18:55.750,48.71,0.5483264839239048,2.9385336016721366,4.716397919235629
1636121935760,2021-11-05T10:18:55.760,48.72,0.4841375698666677,3.8427480137749814,3.2398802936130764
1636121935770,2021-11-05T10:18:55.770,48.73,-0.10008985229447641,4.4464707407805015,1.592369534417271
1636121935780,2021-11-05T10:18:55.780,48.74,-0.16155118799917928,4.3996694612654395,0.6886752260922575
1636121935790,2021-11-05T10:18:55.790,48.75,1.0057459352983729,3.9484008596643654,0.7787836521689054
1636121935800,2021-11-05T10:18:55.800,48.76,2.8177844303070794,3.550576505724665,0.9934954043665738
1636121935810,2021-11-05T10:18:55.810,48.77,4.302490912540174,3.60743238890944,0.38386025201466334
1636121935820,2021-11-05T10:18:55.820,48.78,4.870945861182824,4.305095362514317,-0.7248575630952244
1636121935830,2021-11-05T10:18:55.830,48.79,4.428558217662006,5.443701199376482,-1.0484167081327318
1636121935840,2021-11-05T10:18:55.840,48.8,3.885863119357416,6.531329777678065,0.026359103724370808
1636121935850,2021-11-05T10:18:55.850,48.81,4.412155003256889,7.199727311619635,1.7860550058026095
1636121935860,2021-11-05T10:18:55.860,48.82,5.394243898817017,7.489475124023322,3.253724452235813
1636121935870,2021-11-05T10:18:55.870,48.83,5.181581321172186,7.723190508614664,4.280251340146563
1636121935880,2021-11-05T10:18:55.880,48.84,3.9760560651409067,8.153711511467998,5.269974742229872
1636121935890,2021-11-05T10:18:55.890,48.85,3.302810641467823,8.683641293335652,6.224095163391084
1636121935900,2021-11-05T10:18:55.900,48.86,3.001972468328841,8.934108280479263,6.5517397685296705
1636121935910,2021-11-05T10:18:55.910,48.87,1.7115802637054056,8.649622917974561,5.918213486968773
1636121935920,2021-11-05T10:18:55.920,48.88,0.021431805576131058,7.866197712232317,4.957324712485642
1636121935930,2021-11-05T10:18:55.930,48.89,0.3133369353172294,6.698906199518255,4.739309650975103
1636121935940,2021-11-05T10:18:55.940,48.9,3.2846589858696174,5.4844683558912255,5.583601382992299
1636121935950,2021-11-05T10:18:55.950,48.91,6.871397759715144,4.978183564850914,6.815140148238291
1636121935960,2021-11-05T10:18:55.960,48.92,9.0294178212896,5.421166996265903,7.6545961584302145
1636121935970,2021-11-05T10:18:55.970,48.93,9.754160106666168,5.779065112800874,7.815546828155689
1636121935980,2021-11-05T10:18:55.980,48.94,9.761881944132554,5.222336888158392,7.207225555533487
1636121935990,2021-11-05T10:18:55.990,48.95,8.95941369660206,4.619903898787147,5.809713284294046
1636121936000,2021-11-05T10:18:56.000,48.96,7.421450629720278,5.156218059814414,4.256023100734983
1636121936010,2021-11-05T10:18:56.010,48.97,6.378478524213069,6.505791450724657,3.8582248558104832
1636121936020,2021-11-05T10:18:56.020,48.98,6.691366979392535,7.579410332089347,5.306660837674318
1636121936030,2021-11-05T10:18:56.030,48.99,7.620979918128496,8.047326392686152,7.638281135824328
1636121936040,2021-11-05T10:18:56.040,49.0,8.355684122996509,8.333412223003991,9.024501245770358
1636121936050,2021-11-05T10:18:56.050,49.01,9.126065307394231,8.894800484635969,8.366554266358301
1636121936060,2021-11-05T10:18:56.060,49.02,9.889746203536951,9.940871630735137,5.9777703161528635
1636121936070,2021-11-05T10:18:56.070,49.03,9.97492810914382,11.372984641491996,3.1850654671033025
1636121936080,2021-11-05T10:18:56.080,49.04,9.633483201715833,12.702877502623522,1.3449692664143345
1636121936090,2021-11-05T10:18:56.090,49.05,9.752647176794081,13.180580023818269,0.7232729017852533
1636121936100,2021-11-05T10:18:56.100,49.06,9.943836648062522,12.259492761885515,0.2679777779960514
1636121936110,2021-11-05T10:18:56.110,49.07,9.143687186791915,10.10058867153747,-1.2282684191850672
1636121936120,2021-11-05T10:18:56.120,49.08,7.6857897937819475,7.522358170562322,-3.9348327308351223
1636121936130,2021-11-05T10:18:56.130,49.09,6.626262411811236,5.308165930764217,-7.077713698483958
1636121936140,2021-11-05T10:18:56.140,49.1,5.777008488166212,3.700063394045736,-9.711976623422835
1636121936150,2021-11-05T10:18:56.150,49.11,4.340117117111216,2.670893511482468,-11.22913904272303
1636121936160,2021-11-05T10:18:56.160,49.12,2.631091403786547,2.3582755086878726,-11.652293706924095
1636121936170,2021-11-05T10:18:56.170,49.13,1.6653815259658238,2.852637902171231,-11.543492194208348
1636121936180,2021-11-05T10:18:56.180,49.14,1.795453215343702,3.6917283238283067,-11.273266904493354
1636121936190,2021-11-05T10:18:56.190,49.15,2.5173123256562557,4.037165670690177,-10.716566133933174
1636121936200,2021-11-05T10:18:56.200,49.16,2.9656263151263764,3.5105360795845018,-10.038674752483116
1636121936210,2021-11-05T10:18:56.210,49.17,2.8169471639036554,2.529832266540116,-9.998262274258318
1636121936220,2021-11-05T10:18:56.220,49.18,3.284364068012171,1.6266927488075906,-10.860178950238211
1636121936230,2021-11-05T10:18:56.230,49.19,5.82221674942445,0.7639208456062487,-11.858521233520719
1636121936240,2021-11-05T10:18:56.240,49.2,9.105171046600196,-0.4056914221662207,-12.355648305650263
1636121936250,2021-11-05T10:18:56.250,49.21,9.586421667871662,-1.9276421170615026,-12.676411831471343
1636121936260,2021-11-05T10:18:56.260,49.22,6.120417708243567,-3.557731020537938,-13.251159220240655
1636121936270,2021-11-05T10:18:56.270,49.23,1.62848820302891,-5.179937132815194,-13.803930379933012
1636121936280,2021-11-05T10:18:56.280,49.24,-0.8136599917176034,-6.827059820311074,-14.017991844195214
1636121936290,2021-11-05T10:18:56.290,49.25,-1.2323454450507545,-8.33810498204104,-14.312357323447756
1636121936300,2021-11-05T10:18:56.300,49.26,-1.2124076255325806,-9.316326606193805,-15.250338708611483
1636121936310,2021-11-05T10:18:56.310,49.27,-1.340094604272317,-9.490701883545857,-16.657192963848118
1636121936320,2021-11-05T10:18:56.320,49.28,-1.486930901441481,-8.952885147616378,-18.04869108679206
1636121936330,2021-11-05T10:18:56.330,49.29,-1.957852296630936,-8.028524001013839,-19.536321513410023
1636121936340,2021-11-05T10:18:56.340,49.3,-2.8273885495119817,-7.042675991474301,-21.537324076898514
1636121936350,2021-11-05T10:18:56.350,49.31,-3.1945836415934954,-6.1785086941628915,-23.86193398723562
1636121936360,2021-11-05T10:18:56.360,49.32,-2.5022544270918754,-5.422051952298196,-25.755135600248103
1636121936370,2021-11-05T10:18:56.370,49.33,-1.878027709937486,-4.629777092867556,-26.711453243516644
1636121936380,2021-11-05T10:18:56.380,49.34,-2.900511913154885,-3.7141146865960106,-26.82398088897945
1636121936390,2021-11-05T10:18:56.390,49.35,-5.477679138777159,-2.731903791629848,-26.420812530293112
1636121936400,2021-11-05T10:18:56.400,49.36,-8.096968387336236,-1.7111166525505608,-25.72392208907933
1636121936410,2021-11-05T10:18:56.410,49.37,-9.959090474862258,-0.4243160328354363,-24.933214671794182
1636121936420,2021-11-05T10:18:56.420,49.38,-11.666195667299025,1.506859286816097,-24.286167176248906
1636121936430,2021-11-05T10:18:56.430,49.39,-13.68613301214506,4.167365319679751,-23.78387422565926
1636121936440,2021-11-05T10:18:56.440,49.4,-15.363465434940695,7.058825602981865,-23.148427885735877
1636121936450,2021-11-05T10:18:56.450,49.41,-15.879129145707237,9.360920125374617,-22.28069697189284
1636121936460,2021-11-05T10:18:56.460,49.42,-15.131214369657076,10.524143436340108,-21.41418039691254
1636121936470,2021-11-05T10:18:56.470,49.43,-13.360428692830428,10.628712782602621,-20.66160064489012
1636121936480,2021-11-05T10:18:56.480,49.44,-11.084882562428156,10.177068938887075,-19.921108081248136
1636121936490,2021-11-05T10:18:56.490,49.45,-9.592890673999191,9.509898427333152,-19.405270000044037
1636121936500,2021-11-05T10:18:56.500,49.46,-10.093236216861616,8.482492003169584,-19.647838259343928
1636121936510,2021-11-05T10:18:56.510,49.47,-12.100074889134824,6.826492530649411,-20.761641688642776
1636121936520,2021-11-05T10:18:56.520,49.48,-13.968175231826436,4.69899978918628,-22.3155126982107
1636121936530,2021-11-05T10:18:56.530,49.49,-15.109375829283104,2.609258194844068,-24.16616564499468
1636121936540,2021-11-05T10:18:56.540,49.5,-16.232583867593085,0.8918472164112972,-26.696439041599902
1636121936550,2021-11-05T10:18:56.550,49.51,-17.39779013915642,-0.4499560642580287,-29.904441881765017
1636121936560,2021-11-05T10:18:56.560,49.52,-17.70060152988069,-1.4713831024660704,-33.024707038308506
1636121936570,2021-11-05T10:18:56.570,49.53,-17.294202956925027,-2.180928469823006,-35.494628202855615
1636121936580,2021-11-05T10:18:56.580,49.54,-17.676054969529382,-2.6701994695590545,-37.52849365747273
1636121936590,2021-11-05T10:18:56.590,49.55,-19.020703500233008,-3.1326708600003874,-39.26501888648586
1636121936600,2021-11-05T10:18:56.600,49.56,-19.293272949744967,-3.7924012044981916,-40.20745113546859
1636121936610,2021-11-05T10:18:56.610,49.57,-17.4685801892346,-4.824419122541791,-40.17159162520203
1636121936620,2021-11-05T10:18:56.620,49.58,-15.531587958888585,-6.123110268220557,-40.00396326363924
1636121936630,2021-11-05T10:18:56.630,49.59,-15.306581016048534,-7.185305639035066,-40.52102204529099
1636121936640,2021-11-05T10:18:56.640,49.6,-15.481389809475681,-7.534305945267266,-41.38803996586936
1636121936650,2021-11-05T10:18:56.650,49.61,-14.286343310837204,-7.197484190595213,-41.95777790248209
1636121936660,2021-11-05T10:18:56.660,49.62,-12.965764397014265,-6.490607067549076,-42.515059983087234
1636121936670,2021-11-05T10:18:56.670,49.63,-13.651458547815018,-5.541710974433084,-43.564477752097375
1636121936680,2021-11-05T10:18:56.680,49.64,-15.596997889041301,-4.393844987734592,-44.55370080880199
1636121936690,2021-11-05T10:18:56.690,49.65,-16.487793519351445,-3.38350249810115,-44.63371479458149
1636121936700,2021-11-05T10:18:56.700,49.66,-16.155249508108028,-2.9877506337753728,-44.214026100883004
1636121936710,2021-11-05T10:18:56.710,49.67,-16.23767374291557,-3.30686235958268,-44.40015249153539
1636121936720,2021-11-05T10:18:56.720,49.68,-17.007488891649356,-3.9951607704193357,-45.152679366368254
1636121936730,2021-11-05T10:18:56.730,49.69,-17.054029744661523,-4.713974410998106,-45.31397188516149
1636121936740,2021-11-05T10:18:56.740,49.7,-15.815908187135102,-5.384812463084244,-44.368996089036784
1636121936750,2021-11-05T10:18:56.750,49.71,-14.355414811815198,-6.001906711706193,-42.96916650233935
1636121936760,2021-11-05T10:18:56.760,49.72,-13.564436765346985,-6.539838606786782,-41.690872396804096
1636121936770,2021-11-05T10:18:56.770,49.73,-13.086823001284266,-7.10186110109011,-40.397419564838344
1636121936780,2021-11-05T10:18:56.780,49.74,-12.196076029438741,-7.812307863497443,-39.02653518699616
1636121936790,2021-11-05T10:18:56.790,49.75,-10.833275981447027,-8.497262821535136,-38.089734942649955
1636121936800,2021-11-05T10:18:56.800,49.76,-9.552532691337323,-8.819958036300417,-37.99279968999437
1636121936810,2021-11-05T10:18:56.810,49.77,-8.856502167537021,-8.783867184134218,-38.40212652041912
1636121936820,2021-11-05T10:18:56.820,49.78,-8.787241752646555,-8.738686924474766,-38.64848387260491
1636121936830,2021-11-05T10:18:56.830,49.79,-8.940436182725442,-8.848797721110948,-38.37976654021932
1636121936840,2021-11-05T10:18:56.840,49.8,-8.613521229727262,-8.929348983801605,-37.493821989505534
1636121936850,2021-11-05T10:18:56.850,49.81,-7.195462517137194,-8.846743053073466,-35.90401526615153
1636121936860,2021-11-05T10:18:56.860,49.82,-4.8885829680755535,-8.725505505798601,-33.93288214296695
1636121936870,2021-11-05T10:18:56.870,49.83,-2.909047181315268,-8.678188801858882,-32.57176462345166
1636121936880,2021-11-05T10:18:56.880,49.84,-2.4326420247631217,-8.578167384227008,-32.63706090114903
1636121936890,2021-11-05T10:18:56.890,49.85,-3.268851564136815,-8.220459910545259,-33.73239684089935
1636121936900,2021-11-05T10:18:56.900,49.86,-4.05226263219866,-7.629179484463895,-34.505515235593506
1636121936910,2021-11-05T10:18:56.910,49.87,-3.9545283267679814,-7.089243272995763,-33.863417273606615
1636121936920,2021-11-05T10:18:56.920,49.88,-3.5080790752258073,-6.7946550956937095,-31.671852463463548
1636121936930,2021-11-05T10:18:56.930,49.89,-3.1180590907499686,-6.523293613354765,-28.48799569975726
1636121936940,2021-11-05T10:18:56.940,49.9,-1.8613434216752536,-5.82635031247151,-25.068330365103137
1636121936950,2021-11-05T10:18:56.950,49.91,0.7472092809003429,-4.562660665132893,-22.27785188538148
1636121936960,2021-11-05T10:18:56.960,49.92,2.859144396645887,-3.0722575400137515,-21.016898223650667
1636121936970,2021-11-05T10:18:56.970,49.93,2.311592829405428,-1.7512338001652412,-21.288924495645908
1636121936980,2021-11-05T10:18:56.980,49.94,-0.14857472251793408,-0.6027249633366023,-21.236826322792588
1636121936990,2021-11-05T10:18:56.990,49.95,-1.7714524098437636,0.6867038163519829,-18.85190400415237
1636121937000,2021-11-05T10:18:57.000,49.96,-1.198365544782707,2.2648573406875157,-15.505958982420818
1636121937010,2021-11-05T10:18:57.010,49.97,1.0596679729886431,3.751188539904006,-15.072199151480167
1636121937020,2021-11-05T10:18:57.020,49.98,4.360757932581282,4.44062977242442,-17.83426809993379
1636121937030,2021-11-05T10:18:57.030,49.99,7.702056862994953,3.9938767722854145,-19.074513720612195
1636121937040,2021-11-05T10:18:57.040,50.0,8.9422260893765,2.843708855022977,-16.31953455058452
1636121937050,2021-11-05T10:18:57.050,50.01,7.013661757472333,1.7427645496399444,-13.515018012225823
1636121937060,2021-11-05T10:18:57.060,50.02,4.029827506114087,1.02547907647801,-14.784373817376947
1636121937070,2021-11-05T10:18:57.070,50.03,2.828495877311254,0.5085886262462969,-18.47015024644743
1636121937080,2021-11-05T10:18:57.080,50.04,3.508107222185867,-0.0346092787688595,-20.590642327013292
1636121937090,2021-11-05T10:18:57.090,50.05,4.38552759403351,-0.5378984014501691,-20.274635452353934
1636121937100,2021-11-05T10:18:57.100,50.06,4.941841545530235,-0.7193542894032893,-18.882214106480202
1636121937110,2021-11-05T10:18:57.110,50.07,5.932487767042661,-0.3581520548437728,-16.76806452620788
1636121937120,2021-11-05T10:18:57.120,50.08,7.776155547952718,0.4920328636303465,-13.419479214518198
1636121937130,2021-11-05T10:18:57.130,50.09,10.059947965901078,1.538730383154601,-9.2458381140788
1636121937140,2021-11-05T10:18:57.140,50.1,11.724902209335418,2.505904597307664,-5.570712231852179
1636121937150,2021-11-05T10:18:57.150,50.11,11.631962264196115,3.296228369234499,-3.2059700810335268
1636121937160,2021-11-05T10:18:57.160,50.12,9.929099446021883,3.8928634090781458,-1.7473111071866565
1636121937170,2021-11-05T10:18:57.170,50.13,8.16059724546118,4.269134475538323,-0.37788842441638393
1636121937180,2021-11-05T10:18:57.180,50.14,7.29635922436599,4.500601687607125,1.0338124432797566
1636121937190,2021-11-05T10:18:57.190,50.15,7.096139426957718,4.811510140143992,2.1376330572530913
1636121937200,2021-11-05T10:18:57.200,50.16,7.627017643249687,5.3621536311723395,3.114589003421172
1636121937210,2021-11-05T10:18:57.210,50.17,9.162609392397826,6.059197118471136,4.56045338056507
1636121937220,2021-11-05T10:18:57.220,50.18,10.604809701746152,6.6563596335905855,6.298590156655894
1636121937230,2021-11-05T10:18:57.230,50.19,10.512835538616363,7.000260256270117,7.240491018351988
1636121937240,2021-11-05T10:18:57.240,50.2,9.484389048783727,7.133530888680056,6.730289899606486
1636121937250,2021-11-05T10:18:57.250,50.21,9.213533394084434,7.171293653704806,5.3385398867691585
1636121937260,2021-11-05T10:18:57.260,50.22,9.69694139728195,7.128442637761536,4.035131858279835
1636121937270,2021-11-05T10:18:57.270,50.23,9.47429105348155,6.914580205942551,3.186460390036415
1636121937280,2021-11-05T10:18:57.280,50.24,8.092074846400182,6.454748760724584,2.7184997483884183
1636121937290,2021-11-05T10:18:57.290,50.25,6.546817873643878,5.734786370017655,2.713655676898325
1636121937300,2021-11-05T10:18:57.300,50.26,5.73369655376081,4.768775003280098,3.3415883725709996
1636121937310,2021-11-05T10:18:57.310,50.27,5.8246786034757765,3.6158278278426677,4.4894545542500515
1636121937320,2021-11-05T10:18:57.320,50.28,6.663920984990126,2.4033139808327277,5.796803796717633
1636121937330,2021-11-05T10:18:57.330,50.29,7.654630805173671,1.2632261503242412,6.842748859626353
1636121937340,2021-11-05T10:18:57.340,50.3,7.914702995768888,0.25223950858754274,7.226209082852884
1636121937350,2021-11-05T10:18:57.350,50.31,7.377812919857369,-0.6560851435370905,6.839675943029052
1636121937360,2021-11-05T10:18:57.360,50.32,6.830071121858658,-1.5134678546063485,6.113530719968864
1636121937370,2021-11-05T10:18:57.370,50.33,6.480029147008864,-2.3062281151824626,5.636051601441245
1636121937380,2021-11-05T10:18:57.380,50.34,5.793446939118219,-2.919490598991909,5.5625563985040465
1636121937390,2021-11-05T10:18:57.390,50.35,4.870401543324796,-3.233564193613769,5.675098725911688
1636121937400,2021-11-05T10:18:57.400,50.36,4.5607137435824345,-3.2434026446930035,5.844519239526474
1636121937410,2021-11-05T10:18:57.410,50.37,5.04104242192075,-3.0502457915420704,6.090844632904618
1636121937420,2021-11-05T10:18:57.420,50.38,5.37274947843369,-2.772217154619049,6.306220130496304
1636121937430,2021-11-05T10:18:57.430,50.39,4.721392333187626,-2.488119700804913,6.265535711721947
1636121937440,2021-11-05T10:18:57.440,50.4,3.415498974178736,-2.2235310303122073,5.971411214018536
1636121937450,2021-11-05T10:18:57.450,50.41,2.5541225915171655,-1.9667039692912507,5.754227350986254
1636121937460,2021-11-05T10:18:57.460,50.42,2.727881933984449,-1.712466400944815,5.856686134225775
1636121937470,2021-11-05T10:18:57.470,50.43,3.3587050160309637,-1.4804674456166116,6.078733775783025
1636121937480,2021-11-05T10:18:57.480,50.44,3.584800753684073,-1.2796259852753238,6.105745786071646
1636121937490,2021-11-05T10:18:57.490,50.45,3.5631257508517016,-1.0797734510844554,6.046076325169514
1636121937500,2021-11-05T10:18:57.500,50.46,4.064786674153815,-0.8333441177299366,6.2406257079046705
1636121937510,2021-11-05T10:18:57.510,50.47,4.908887904020077,-0.5101320688659982,6.669355813719281
1636121937520,2021-11-05T10:18:57.520,50.48,5.136344925305801,-0.11877576883315825,7.09026132229139
1636121937530,2021-11-05T10:18:57.530,50.49,4.8020960709059946,0.26372574683384753,7.690106506833944
1636121937540,2021-11-05T10:18:57.540,50.5,4.927914644834787,0.4748600080497982,8.950757265732197
1636121937550,2021-11-05T10:18:57.550,50.51,5.449330276134701,0.31828626348282957,10.828162633677861
1636121937560,2021-11-05T10:18:57.560,50.52,5.05371348881283,-0.324187556857558,12.695491320806003
1636121937570,2021-11-05T10:18:57.570,50.53,3.462454227959951,-1.3763179789667088,14.215088209556733
1636121937580,2021-11-05T10:18:57.580,50.54,2.1275674947245053,-2.540322203544407,15.692142119041822
1636121937590,2021-11-05T10:18:57.590,50.55,2.1559229051747675,-3.4736606986766523,17.428047680947472
1636121937600,2021-11-05T10:18:57.600,50.56,2.9283137301764586,-4.03906572166934,19.228877280266005
1636121937610,2021-11-05T10:18:57.610,50.57,3.283522332813308,-4.283377224870695,20.728569865117827
1636121937620,2021-11-05T10:18:57.620,50.58,3.1623121048206153,-4.201211040814622,21.881813212038903
1636121937630,2021-11-05T10:18:57.630,50.59,3.4551056112431446,-3.7359893586412607,22.970657773845343
1636121937640,2021-11-05T10:18:57.640,50.6,4.424834843272969,-3.000117873509173,24.17293874068573
1636121937650,2021-11-05T10:18:57.650,50.61,5.028266003366065,-2.2149933328246574,25.25027789620577
1636121937660,2021-11-05T10:18:57.660,50.62,4.422217768764378,-1.4050755918614812,25.896120565380198
1636121937670,2021-11-05T10:18:57.670,50.63,3.455435036077392,-0.4153550466509851,26.316561100835543
1636121937680,2021-11-05T10:18:57.680,50.64,3.460116260203569,0.7508030524017576,26.988084091404964
1636121937690,2021-11-05T10:18:57.690,50.65,4.145659851922745,1.866964164232511,27.840939685540327
1636121937700,2021-11-05T10:18:57.700,50.66,4.201820933207724,2.765437458415528,28.29609888424569
1636121937710,2021-11-05T10:18:57.710,50.67,3.532877679215291,3.4626820591553367,28.167290113080554
1636121937720,2021-11-05T10:18:57.720,50.68,3.3323665524577373,4.011339620610686,27.877405348240956
1636121937730,2021-11-05T10:18:57.730,50.69,4.210387016653703,4.401065650973702,27.70858355422489
1636121937740,2021-11-05T10:18:57.740,50.7,5.548058124839648,4.5929200951536835,27.47267346658366
1636121937750,2021-11-05T10:18:57.750,50.71,6.539569500590846,4.545564772782713,27.017998402376712
1636121937760,2021-11-05T10:18:57.760,50.72,6.922013792317491,4.225627007531906,26.505975796794807
1636121937770,2021-11-05T10:18:57.770,50.73,6.80422507267312,3.665298218920216,26.067958268627997
1636121937780,2021-11-05T10:18:57.780,50.74,6.472765470201507,3.033586337387535,25.60566075886797
1636121937790,2021-11-05T10:18:57.790,50.75,6.3616828177548195,2.5945511864112047,25.028196965820577
1636121937800,2021-11-05T10:18:57.800,50.76,6.739593326698121,2.5153138464398364,24.36688373223626
1636121937810,2021-11-05T10:18:57.810,50.77,7.319047162015316,2.752704866605472,23.572344072937874
1636121937820,2021-11-05T10:18:57.820,50.78,7.495383933341298,3.187260738994919,22.470770799045262
1636121937830,2021-11-05T10:18:57.830,50.79,7.086434945394412,3.7631391342178646,21.0291726685434
1636121937840,2021-11-05T10:18:57.840,50.8,6.491324036433003,4.423130812630868,19.46610246928976
1636121937850,2021-11-05T10:18:57.850,50.81,6.0131616903054885,5.04246883227487,18.025687751728935
1636121937860,2021-11-05T10:18:57.860,50.82,5.510935629191051,5.521227142350545,16.796337016052462
1636121937870,2021-11-05T10:18:57.870,50.83,4.909424359972048,5.855210870265003,15.756723688060266
1636121937880,2021-11-05T10:18:57.880,50.84,4.509165441965058,6.060051181359569,14.823857498854075
1636121937890,2021-11-05T10:18:57.890,50.85,4.502259751207818,6.075357781687519,13.859882979776135
1636121937900,2021-11-05T10:18:57.900,50.86,4.654139531452287,5.765831214181586,12.787494191197338
1636121937910,2021-11-05T10:18:57.910,50.87,4.714463380816845,5.001099527128181,11.660088355030819
1636121937920,2021-11-05T10:18:57.920,50.88,4.638094681426733,3.7547611662438873,10.496652072787226
1636121937930,2021-11-05T10:18:57.930,50.89,4.206970109378867,2.155545708788157,9.187979497831776
1636121937940,2021-11-05T10:18:57.940,50.9,3.105938005586426,0.4396973756620024,7.723619040852137
1636121937950,2021-11-05T10:18:57.950,50.91,1.6433581566429414,-1.1547527973000773,6.330165141408054
1636121937960,2021-11-05T10:18:57.960,50.92,0.6616637249013755,-2.459467014867508,5.227528230602674
1636121937970,2021-11-05T10:18:57.970,50.93,0.4099078921514006,-3.3937522491187346,4.42688969078929
1636121937980,2021-11-05T10:18:57.980,50.94,0.22317988487611998,-3.9652779319173437,3.874141571523875
1636121937990,2021-11-05T10:18:57.990,50.95,-0.360898856097321,-4.252822551398054,3.6099582032556845
1636121938000,2021-11-05T10:18:58.000,50.96,-0.9051111719139873,-4.366855740025115,3.679189804375194
1636121938010,2021-11-05T10:18:58.010,50.97,-0.8959642271760785,-4.423308372239839,3.965119417188607
1636121938020,2021-11-05T10:18:58.020,50.98,-0.6096616435453994,-4.523477725180636,4.181153270968148
1636121938030,2021-11-05T10:18:58.030,50.99,-0.6467798570289192,-4.683332561172712,4.0820801735541234
1636121938040,2021-11-05T10:18:58.040,51.0,-1.019704102135695,-4.770347170306186,3.7591041073677562
1636121938050,2021-11-05T10:18:58.050,51.01,-1.2192267184713688,-4.611196153525532,3.6456329312713693
1636121938060,2021-11-05T10:18:58.060,51.02,-1.0949841822980368,-4.217523983249931,4.059076957526803
1636121938070,2021-11-05T10:18:58.070,51.03,-1.2448943231218643,-3.817826138299438,4.816339523167113
1636121938080,2021-11-05T10:18:58.080,51.04,-2.283744106760733,-3.6260920092874835,5.5194488631118475
1636121938090,2021-11-05T10:18:58.090,51.05,-3.958807850811925,-3.6926860737486424,6.087090667019179
1636121938100,2021-11-05T10:18:58.100,51.06,-5.403617179025669,-4.0142191308286925,6.692909845131587
1636121938110,2021-11-05T10:18:58.110,51.07,-6.138116657373507,-4.6344371313132715,7.320913613804354
1636121938120,2021-11-05T10:18:58.120,51.08,-6.398287154354287,-5.563941681817013,7.76189596577624
1636121938130,2021-11-05T10:18:58.130,51.09,-6.627672336064087,-6.715754182522638,7.972345444334833
1636121938140,2021-11-05T10:18:58.140,51.1,-6.970632566558818,-7.97238457411469,8.128443257479313
1636121938150,2021-11-05T10:18:58.150,51.11,-7.124461018045307,-9.228263550411256,8.3715254326556
1636121938160,2021-11-05T10:18:58.160,51.12,-6.669992474801305,-10.349345089840345,8.650839432723703
1636121938170,2021-11-05T10:18:58.170,51.13,-5.734521303277077,-11.182746665436287,8.747738795290287
1636121938180,2021-11-05T10:18:58.180,51.14,-4.973257604750977,-11.649020953311155,8.452941143002489
1636121938190,2021-11-05T10:18:58.190,51.15,-4.645098567117268,-11.812790614792172,7.803904938044424
1636121938200,2021-11-05T10:18:58.200,51.16,-4.389007067279066,-11.854818076354361,7.040268726175824
1636121938210,2021-11-05T10:18:58.210,51.17,-4.180878050999334,-11.935751083229306,6.288827535131107
1636121938220,2021-11-05T10:18:58.220,51.18,-4.520206283412411,-12.07020989045374,5.528488411693697
1636121938230,2021-11-05T10:18:58.230,51.19,-5.345013524858377,-12.200119175859959,4.880644915440689
1636121938240,2021-11-05T10:18:58.240,51.2,-5.90676797716784,-12.381671988637336,4.605192681319622
1636121938250,2021-11-05T10:18:58.250,51.21,-6.026760653711753,-12.768433590632156,4.786950597092952
1636121938260,2021-11-05T10:18:58.260,51.22,-6.292561028061849,-13.402022249631841,5.363779336038082
1636121938270,2021-11-05T10:18:58.270,51.23,-6.824546073817696,-14.149457768821303,6.417856708135335
1636121938280,2021-11-05T10:18:58.280,51.24,-7.052704940034097,-14.840112029805805,8.031573941431775
1636121938290,2021-11-05T10:18:58.290,51.25,-6.781152321430541,-15.337642448122752,9.912380131914766
1636121938300,2021-11-05T10:18:58.300,51.26,-6.299789583432535,-15.483143781386673,11.589496782640193
1636121938310,2021-11-05T10:18:58.310,51.27,-5.544431758717427,-15.096875141684599,12.920830225497038
1636121938320,2021-11-05T10:18:58.320,51.28,-4.323790842840864,-14.10644549780235,14.018389483554152
1636121938330,2021-11-05T10:18:58.330,51.29,-3.1237941746363638,-12.648253082725088,14.824995159353168
1636121938340,2021-11-05T10:18:58.340,51.3,-2.551786526892273,-10.991869073458577,15.213846406826965
1636121938350,2021-11-05T10:18:58.350,51.31,-2.3878219712875226,-9.34735834320614,15.367881923289072
1636121938360,2021-11-05T10:18:58.360,51.32,-2.1693581473988868,-7.774850416154573,15.620250397643606
1636121938370,2021-11-05T10:18:58.370,51.33,-2.10572781988221,-6.287010398260869,16.044187765744503
1636121938380,2021-11-05T10:18:58.380,51.34,-2.52935927165686,-4.9633491068683995,16.550741479812448
1636121938390,2021-11-05T10:18:58.390,51.35,-3.06860018351391,-3.88155425724303,17.181176231005733
1636121938400,2021-11-05T10:18:58.400,51.36,-3.079305632387638,-2.961411785738547,17.958469628100122
1636121938410,2021-11-05T10:18:58.410,51.37,-2.4167695322070433,-1.9896473286932443,18.661727166528898
1636121938420,2021-11-05T10:18:58.420,51.38,-1.3601912063406691,-0.8500500125251451,19.060364651354487
1636121938430,2021-11-05T10:18:58.430,51.39,-0.1704276737046017,0.3617785017188996,19.220164215688897
1636121938440,2021-11-05T10:18:58.440,51.4,1.0085958696226238,1.5281370221235695,19.352218917823553
1636121938450,2021-11-05T10:18:58.450,51.41,2.0496914412663623,2.7118454267580487,19.47307891105727
1636121938460,2021-11-05T10:18:58.460,51.42,2.789746508988289,4.046052722251366,19.38842991490916
1636121938470,2021-11-05T10:18:58.470,51.43,3.0072376339912044,5.486685615568943,18.96205445130152
1636121938480,2021-11-05T10:18:58.480,51.44,2.5346459283954523,6.809299741327715,18.28010953084935
1636121938490,2021-11-05T10:18:58.490,51.45,1.5611934730174928,7.864892007276941,17.550996932459476
1636121938500,2021-11-05T10:18:58.500,51.46,0.7504943557779211,8.76816150711998,16.91696418895954
1636121938510,2021-11-05T10:18:58.510,51.47,0.8176816260516596,9.777235741534419,16.379801844365907
1636121938520,2021-11-05T10:18:58.520,51.48,1.8795364003247932,10.998940207075881,15.856136479981462
1636121938530,2021-11-05T10:18:58.530,51.49,3.3031968367002986,12.294919123470182,15.277927673065335
1636121938540,2021-11-05T10:18:58.540,51.5,4.29799978767471,13.495180340349684,14.665241163124751
1636121938550,2021-11-05T10:18:58.550,51.51,4.610609715142835,14.59618498082892,14.101197574453927
1636121938560,2021-11-05T10:18:58.560,51.52,4.578770831828934,15.720061775704627,13.627707348094907
1636121938570,2021-11-05T10:18:58.570,51.53,4.652278475486437,16.981499339808337,13.214226678748545
1636121938580,2021-11-05T10:18:58.580,51.54,4.988237808218515,18.38829169078707,12.836252879349171
1636121938590,2021-11-05T10:18:58.590,51.55,5.4113633998266755,19.770472635394185,12.490136343532871
1636121938600,2021-11-05T10:18:58.600,51.56,5.659390716225362,20.856010641855203,12.081824348307663
1636121938610,2021-11-05T10:18:58.610,51.57,5.594373351204348,21.508955711941702,11.386650317362921
1636121938620,2021-11-05T10:18:58.620,51.58,5.180151140794637,21.804250167044586,10.243981605553849
1636121938630,2021-11-05T10:18:58.630,51.59,4.493729803264683,21.809635611006627,8.810668891837654
1636121938640,2021-11-05T10:18:58.640,51.6,3.78987418280608,21.458320808889688,7.494238033927836
1636121938650,2021-11-05T10:18:58.650,51.61,3.2668127566247143,20.721150416601162,6.563068947322713
1636121938660,2021-11-05T10:18:58.660,51.62,2.8850787903873387,19.737647244291296,5.947858171339909
1636121938670,2021-11-05T10:18:58.670,51.63,2.65108762721401,18.684553475892315,5.47024271487798
1636121938680,2021-11-05T10:18:58.680,51.64,2.709538947182312,17.640998762501184,5.062537961156165
1636121938690,2021-11-05T10:18:58.690,51.65,2.960510388747789,16.635993047768913,4.688877584007551
1636121938700,2021-11-05T10:18:58.700,51.66,3.0427348255104825,15.695250014764696,4.259154319344557
1636121938710,2021-11-05T10:18:58.710,51.67,2.794463260467924,14.79187111923681,3.7049765863963753
1636121938720,2021-11-05T10:18:58.720,51.68,2.3533976773113654,13.88967120437928,3.013531381695006
1636121938730,2021-11-05T10:18:58.730,51.69,1.885608265334079,13.076204846584432,2.196359756708922
1636121938740,2021-11-05T10:18:58.740,51.7,1.5514001501238546,12.50575892776162,1.3232194995983355
1636121938750,2021-11-05T10:18:58.750,51.71,1.54853017161936,12.207392253236996,0.4943684278983038
1636121938760,2021-11-05T10:18:58.760,51.72,1.8714731865703946,12.128125858443838,-0.3180710913053886
1636121938770,2021-11-05T10:18:58.770,51.73,2.239892239853078,12.33184373226201,-1.264751349816713
1636121938780,2021-11-05T10:18:58.780,51.74,2.4711141942778667,12.931543503828852,-2.370793620584384
1636121938790,2021-11-05T10:18:58.790,51.75,2.5612456374386348,13.835421231176742,-3.4498890001750366
1636121938800,2021-11-05T10:18:58.800,51.76,2.287013122382246,14.750413084419492,-4.304389942962924
1636121938810,2021-11-05T10:18:58.810,51.77,1.3561191301876068,15.439635017287154,-4.8389478828248675
1636121938820,2021-11-05T10:18:58.820,51.78,0.09409840049535234,15.859346447499814,-5.01091506207069
1636121938830,2021-11-05T10:18:58.830,51.79,-0.7486437212842368,16.066944435358707,-4.8583156742779385
1636121938840,2021-11-05T10:18:58.840,51.8,-0.9727089708966903,16.090353341700272,-4.505608795979255
1636121938850,2021-11-05T10:18:58.850,51.81,-1.0519124809085967,15.878136094483489,-4.0198980811096074
1636121938860,2021-11-05T10:18:58.860,51.82,-1.372652704937591,15.320208414157062,-3.405682352644699
1636121938870,2021-11-05T10:18:58.870,51.83,-1.9439013976498987,14.330235356599463,-2.773547867972268
1636121938880,2021-11-05T10:18:58.880,51.84,-2.637224804760811,12.930832322424589,-2.2734017248270417
1636121938890,2021-11-05T10:18:58.890,51.85,-3.2285514715878163,11.227396640659375,-1.87307810983318
1636121938900,2021-11-05T10:18:58.900,51.86,-3.458964987353335,9.307609557253855,-1.4624954911371608
1636121938910,2021-11-05T10:18:58.910,51.87,-3.3381679216120297,7.225284379255884,-1.0943783651241707
1636121938920,2021-11-05T10:18:58.920,51.88,-3.1120657891172963,5.059352320431788,-0.875735799723098
1636121938930,2021-11-05T10:18:58.930,51.89,-2.8671041500746055,2.9186892885178306,-0.7686198355435923
1636121938940,2021-11-05T10:18:58.940,51.9,-2.490461926980796,0.90503068301109,-0.7114346463949694
1636121938950,2021-11-05T10:18:58.950,51.91,-1.9896481108765876,-0.8942294635623799,-0.7590096122681798
1636121938960,2021-11-05T10:18:58.960,51.92,-1.5514930058664915,-2.4129185374033515,-0.9363077788553327
1636121938970,2021-11-05T10:18:58.970,51.93,-1.3200850995507267,-3.6319158554377595,-1.1299743496152754
1636121938980,2021-11-05T10:18:58.980,51.94,-1.3143399736988046,-4.581152552189383,-1.249799937359961
1636121938990,2021-11-05T10:18:58.990,51.95,-1.4910954524788842,-5.31829514180351,-1.3457884477969368
1636121939000,2021-11-05T10:18:59.000,51.96,-1.7132978575079423,-5.908245066420792,-1.4714565697880042
1636121939010,2021-11-05T10:18:59.010,51.97,-1.7502117638645645,-6.398565681055988,-1.5737318771867908
1636121939020,2021-11-05T10:18:59.020,51.98,-1.5319326656175734,-6.815775984811637,-1.622491186269406
1636121939030,2021-11-05T10:18:59.030,51.99,-1.3145240761976138,-7.204590326308269,-1.7127287219696061
1636121939040,2021-11-05T10:18:59.040,52.0,-1.319204025642911,-7.629848478708143,-1.8993359991098115
1636121939050,2021-11-05T10:18:59.050,52.01,-1.3447220433480425,-8.093444518604008,-2.0525745152746775
1636121939060,2021-11-05T10:18:59.060,52.02,-1.1034663371177513,-8.503736122645872,-2.024202781875477
1636121939070,2021-11-05T10:18:59.070,52.03,-0.7273426808838719,-8.78111726671339,-1.829752255057083
1636121939080,2021-11-05T10:18:59.080,52.04,-0.49117745783337907,-8.92572847707795,-1.561002983693343
1636121939090,2021-11-05T10:18:59.090,52.05,-0.34317120574429255,-8.935760829806815,-1.3105599893146174
1636121939100,2021-11-05T10:18:59.100,52.06,-0.16237605415500048,-8.766582163166566,-1.2552656204764747
1636121939110,2021-11-05T10:18:59.110,52.07,-0.07978147119524667,-8.448887684629643,-1.5648398921386995
1636121939120,2021-11-05T10:18:59.120,52.08,-0.19604527384813758,-8.15305791502726,-2.1837001641882186
1636121939130,2021-11-05T10:18:59.130,52.09,-0.45835849215761626,-8.060197139048196,-2.935484002340594
1636121939140,2021-11-05T10:18:59.140,52.1,-0.9886638884330913,-8.226479640178365,-3.8032859217449317
1636121939150,2021-11-05T10:18:59.150,52.11,-1.9523591265308655,-8.57594579097211,-4.877776686728312
1636121939160,2021-11-05T10:18:59.160,52.12,-3.00473604177307,-8.93500707191299,-6.104173161853241
1636121939170,2021-11-05T10:18:59.170,52.13,-3.5078967674007915,-9.087442909371685,-7.303789521988648
1636121939180,2021-11-05T10:18:59.180,52.14,-3.419711933200878,-8.893874959386835,-8.429943776660041
1636121939190,2021-11-05T10:18:59.190,52.15,-3.3321451635156274,-8.369902022045293,-9.643890232506209
1636121939200,2021-11-05T10:18:59.200,52.16,-3.5408249143864348,-7.611416181412082,-11.100596522134843
1636121939210,2021-11-05T10:18:59.210,52.17,-3.8242759225827547,-6.669717508102952,-12.765684494824644
1636121939220,2021-11-05T10:18:59.220,52.18,-4.209815642088301,-5.557475466254088,-14.484321944201323
1636121939230,2021-11-05T10:18:59.230,52.19,-5.0260039662909906,-4.374365647309114,-16.09204994446379
1636121939240,2021-11-05T10:18:59.240,52.2,-6.065245448928832,-3.337235593844614,-17.410067769585094
1636121939250,2021-11-05T10:18:59.250,52.21,-6.685993462645408,-2.6129726253579437,-18.342042836201728
1636121939260,2021-11-05T10:18:59.260,52.22,-6.877667711084019,-2.174236088089382,-19.045046580970194
1636121939270,2021-11-05T10:18:59.270,52.23,-7.210152065206843,-1.9027403026304124,-19.75118302671956
1636121939280,2021-11-05T10:18:59.280,52.24,-7.67177660848695,-1.7799084021255158,-20.384192395001374
1636121939290,2021-11-05T10:18:59.290,52.25,-7.6597633684199815,-1.8692587968732943,-20.674046895262432
1636121939300,2021-11-05T10:18:59.300,52.26,-7.135244508212058,-2.171735810092553,-20.64116666519365
1636121939310,2021-11-05T10:18:59.310,52.27,-6.661767075992056,-2.6456465637344277,-20.56473030228066
1636121939320,2021-11-05T10:18:59.320,52.28,-6.307247859193094,-3.31896578349593,-20.48488419159711
1636121939330,2021-11-05T10:18:59.330,52.29,-5.505495579033688,-4.212760231324399,-20.151430632259363
1636121939340,2021-11-05T10:18:59.340,52.3,-4.04078673503202,-5.202970075126391,-19.477011879836237
1636121939350,2021-11-05T10:18:59.350,52.31,-2.5114333679328187,-6.128838965915645,-18.71129283531392
1636121939360,2021-11-05T10:18:59.360,52.32,-1.713828175127531,-6.9752878636278,-18.127503099139652
1636121939370,2021-11-05T10:18:59.370,52.33,-1.7999148155849083,-7.791543520613747,-17.723360313968755
1636121939380,2021-11-05T10:18:59.380,52.34,-2.190861446739962,-8.513110507691437,-17.297930751817262
1636121939390,2021-11-05T10:18:59.390,52.35,-2.339522594836699,-9.009747503321883,-16.776407634972983
1636121939400,2021-11-05T10:18:59.400,52.36,-2.2688435586912914,-9.243899842508773,-16.34070664562778
1636121939410,2021-11-05T10:18:59.410,52.37,-2.1855871641658933,-9.28940324418231,-16.14123380991621
1636121939420,2021-11-05T10:18:59.420,52.38,-2.0505238346568024,-9.251082406893484,-16.015606882764168
1636121939430,2021-11-05T10:18:59.430,52.39,-1.8375152838377447,-9.20217908562425,-15.68963418799605
1636121939440,2021-11-05T10:18:59.440,52.4,-1.721980181769486,-9.134722755015613,-15.135290049217616
1636121939450,2021-11-05T10:18:59.450,52.41,-1.7282753303264444,-8.958819302608232,-14.50433746380265
1636121939460,2021-11-05T10:18:59.460,52.42,-1.6403553039472873,-8.615287726366148,-13.824482682908709
1636121939470,2021-11-05T10:18:59.470,52.43,-1.4204301265026473,-8.188431073798991,-12.993140932688387
1636121939480,2021-11-05T10:18:59.480,52.44,-1.282172409713776,-7.848069660419526,-11.993532234572974
1636121939490,2021-11-05T10:18:59.490,52.45,-1.317550062215917,-7.6950567939454775,-10.950977166973361
1636121939500,2021-11-05T10:18:59.500,52.46,-1.4636229400875367,-7.728303110538126,-10.023358422382657
1636121939510,2021-11-05T10:18:59.510,52.47,-1.7144331157134038,-7.951359538235566,-9.273823893091063
1636121939520,2021-11-05T10:18:59.520,52.48,-1.947263482182915,-8.439212885045643,-8.578850625266545
1636121939530,2021-11-05T10:18:59.530,52.49,-1.8051245860621137,-9.255987690327597,-7.714790910474795
1636121939540,2021-11-05T10:18:59.540,52.5,-1.1672887811275867,-10.318899939143847,-6.641433739215687
1636121939550,2021-11-05T10:18:59.550,52.51,-0.40636669726622976,-11.412087120215967,-5.627449936899625
1636121939560,2021-11-05T10:18:59.560,52.52,0.13376458059684185,-12.378498999974703,-4.983174041931411
1636121939570,2021-11-05T10:18:59.570,52.53,0.5199410214903715,-13.232688300118614,-4.73043074665477
1636121939580,2021-11-05T10:18:59.580,52.54,0.8641288352365876,-14.034808835966851,-4.647087142950685
1636121939590,2021-11-05T10:18:59.590,52.55,1.0368724653687302,-14.74913832684273,-4.5722580944513735
1636121939600,2021-11-05T10:18:59.600,52.56,1.0018006203414374,-15.312277411632234,-4.527326160448711
1636121939610,2021-11-05T10:18:59.610,52.57,0.9501446269245633,-15.74722073945544,-4.609329362841321
1636121939620,2021-11-05T10:18:59.620,52.58,0.8323894577258308,-16.087520167960914,-4.928291073029657
1636121939630,2021-11-05T10:18:59.630,52.59,0.38255035960035666,-16.254729196094328,-5.532400022178006
1636121939640,2021-11-05T10:18:59.640,52.6,-0.11823134951811158,-16.1445644243674,-6.205633095874978
1636121939650,2021-11-05T10:18:59.650,52.61,0.029757874834701936,-15.779556492964968,-6.522493587555973
1636121939660,2021-11-05T10:18:59.660,52.62,0.7484632987867698,-15.252535531757928,-6.314369874018129
1636121939670,2021-11-05T10:18:59.670,52.63,1.1172434693041882,-14.601282063493901,-5.842699911776192
1636121939680,2021-11-05T10:18:59.680,52.64,0.7584635537418077,-13.863364450777759,-5.335075130104708
1636121939690,2021-11-05T10:18:59.690,52.65,0.26991663080524825,-13.158833585565624,-4.684527963122894
1636121939700,2021-11-05T10:18:59.700,52.66,0.12021195853637806,-12.614609661751384,-3.794746678150214
1636121939710,2021-11-05T10:18:59.710,52.67,0.07150047296355928,-12.282797840930762,-2.8896579161773737
1636121939720,2021-11-05T10:18:59.720,52.68,-0.13249238024708598,-12.164984184999309,-2.277472598408126
1636121939730,2021-11-05T10:18:59.730,52.69,-0.2568010276848811,-12.234893456218089,-2.01140275074266
1636121939740,2021-11-05T10:18:59.740,52.7,-0.00909106018133092,-12.426595910212988,-1.9190698422660433
1636121939750,2021-11-05T10:18:59.750,52.71,0.4579406002971305,-12.642891052229633,-1.8404398912700837
1636121939760,2021-11-05T10:18:59.760,52.72,0.7671985653616117,-12.780136060354963,-1.7200568936794078
1636121939770,2021-11-05T10:18:59.770,52.73,0.8145648766089252,-12.769422280719732,-1.5355829578723137
1636121939780,2021-11-05T10:18:59.780,52.74,0.7598614189653339,-12.622732004672262,-1.2591779168302613
1636121939790,2021-11-05T10:18:59.790,52.75,0.6779734350860982,-12.405900636602901,-0.8757640504014417
1636121939800,2021-11-05T10:18:59.800,52.76,0.5154644994920827,-12.15765222563359,-0.3740771465684203
1636121939810,2021-11-05T10:18:59.810,52.77,0.27034415218635033,-11.895402196898528,0.24095534655434706
1636121939820,2021-11-05T10:18:59.820,52.78,-0.03236950373608611,-11.683886503082077,0.9071615850112704
1636121939830,2021-11-05T10:18:59.830,52.79,-0.40641475927724646,-11.59350887694971,1.5583033584381967
1636121939840,2021-11-05T10:18:59.840,52.8,-0.7801679386646644,-11.5955202970921,2.2109898517358513
1636121939850,2021-11-05T10:18:59.850,52.81,-0.982793531563954,-11.603988656711692,2.902116094165861
1636121939860,2021-11-05T10:18:59.860,52.82,-0.9476221025291449,-11.614082585938984,3.569278705973643
1636121939870,2021-11-05T10:18:59.870,52.83,-0.7710171269907172,-11.690675551181743,4.06889045910544
1636121939880,2021-11-05T10:18:59.880,52.84,-0.5954467825344238,-11.824185609812801,4.25260390484312
1636121939890,2021-11-05T10:18:59.890,52.85,-0.5650524083816046,-11.905759176917158,3.9998057258749498
1636121939900,2021-11-05T10:18:59.900,52.86,-0.7620616816582241,-11.847737313773603,3.3086204409425224
1636121939910,2021-11-05T10:18:59.910,52.87,-1.0912248669762759,-11.637726507855831,2.3835947981933323
1636121939920,2021-11-05T10:18:59.920,52.88,-1.37225768258323,-11.270134465309688,1.4793855219264533
1636121939930,2021-11-05T10:18:59.930,52.89,-1.5064129049817292,-10.667441342655243,0.645845556046347
1636121939940,2021-11-05T10:18:59.940,52.9,-1.4077700103694721,-9.657261609692082,-0.2302694657305866
1636121939950,2021-11-05T10:18:59.950,52.91,-1.0084093720361365,-8.075046597063995,-1.184579991610855
1636121939960,2021-11-05T10:18:59.960,52.92,-0.5671612426778814,-5.98195223593541,-2.159033375262188
1636121939970,2021-11-05T10:18:59.970,52.93,-0.6239327569206481,-3.676517108906226,-3.1737927286632224
1636121939980,2021-11-05T10:18:59.980,52.94,-1.2821483987636213,-1.3220680675224354,-4.323327470391492
1636121939990,2021-11-05T10:18:59.990,52.95,-1.9009592362696204,1.283607580881648,-5.6121107392482
1636121940000,2021-11-05T10:19:00.000,52.96,-1.9529285471364455,4.339127886102033,-6.917995437017746
1636121940010,2021-11-05T10:19:00.010,52.97,-1.7608342417217493,7.629242407819568,-8.08124773729336
1636121940020,2021-11-05T10:19:00.020,52.98,-1.8428777825671392,10.735340050366801,-8.951263098808667
1636121940030,2021-11-05T10:19:00.030,52.99,-2.0587399460618294,13.452856639034005,-9.430642617147367
1636121940040,2021-11-05T10:19:00.040,53.0,-2.0036555175399484,15.763172479091146,-9.548335710997073
1636121940050,2021-11-05T10:19:00.050,53.01,-1.6929970811944255,17.581867622387367,-9.412740474413027
1636121940060,2021-11-05T10:19:00.060,53.02,-1.3624215087386193,18.738703458134413,-9.066968058923855
1636121940070,2021-11-05T10:19:00.070,53.03,-1.062443746739262,19.09428364664003,-8.46805282913727
1636121940080,2021-11-05T10:19:00.080,53.04,-0.6880714048700393,18.585154099730467,-7.588137532521783
1636121940090,2021-11-05T10:19:00.090,53.05,-0.08250996573919187,17.256288736385997,-6.462893272690493
1636121940100,2021-11-05T10:19:00.100,53.06,0.8716599773366053,15.31493805240762,-5.185617147595684
1636121940110,2021-11-05T10:19:00.110,53.07,2.0767952921066564,13.10120643723383,-3.9033762802038874
1636121940120,2021-11-05T10:19:00.120,53.08,3.248750226143483,10.938910384139486,-2.7702670910589307
1636121940130,2021-11-05T10:19:00.130,53.09,4.163638627908838,8.988648220499424,-1.880000033699921
1636121940140,2021-11-05T10:19:00.140,53.1,4.770977535129532,7.2630882260182625,-1.2448566077565173
1636121940150,2021-11-05T10:19:00.150,53.11,5.136284335153256,5.780840856974791,-0.8012656875796594
1636121940160,2021-11-05T10:19:00.160,53.12,5.365458937710623,4.645955749253392,-0.46343953231045765
1636121940170,2021-11-05T10:19:00.170,53.13,5.477660727505425,3.957966672023928,-0.22885278796255848
1636121940180,2021-11-05T10:19:00.180,53.14,5.319555773028717,3.6954277088606142,-0.15458655341338573
1636121940190,2021-11-05T10:19:00.190,53.15,4.762805890438171,3.72156811136137,-0.19255724902485435
1636121940200,2021-11-05T10:19:00.200,53.16,3.964814036314103,3.906562534371865,-0.20380699674149566
1636121940210,2021-11-05T10:19:00.210,53.17,3.227660856277211,4.238555429516241,-0.17334380575594457
1636121940220,2021-11-05T10:19:00.220,53.18,2.64158437829368,4.785356661997083,-0.22516162275653023
1636121940230,2021-11-05T10:19:00.230,53.19,2.0418700838560984,5.539786919269038,-0.40770656735901345
1636121940240,2021-11-05T10:19:00.240,53.2,1.2449377237735026,6.354273033154338,-0.6462197015089617
1636121940250,2021-11-05T10:19:00.250,53.21,0.2427899254963127,7.051587292468062,-0.8859827744766879
1636121940260,2021-11-05T10:19:00.260,53.22,-0.7531156373361085,7.5578816638572,-1.1208431262805052
1636121940270,2021-11-05T10:19:00.270,53.23,-1.4824449045401424,7.9154697686247495,-1.3329429682686018
1636121940280,2021-11-05T10:19:00.280,53.24,-1.8756623296297605,8.205947882677572,-1.5191771446694091
1636121940290,2021-11-05T10:19:00.290,53.25,-2.0085897019978143,8.46885113030809,-1.704677065705428
1636121940300,2021-11-05T10:19:00.300,53.26,-1.9319715770982535,8.674004684433473,-1.9031332815796485
1636121940310,2021-11-05T10:19:00.310,53.27,-1.7752733850161833,8.770865123576847,-2.1703493630617285
1636121940320,2021-11-05T10:19:00.320,53.28,-1.7936141552555915,8.753162675777663,-2.633127212661842
1636121940330,2021-11-05T10:19:00.330,53.29,-1.9870482801660834,8.665774377724995,-3.308218257834184
1636121940340,2021-11-05T10:19:00.340,53.3,-1.9273442847239035,8.583234423246283,-3.985613112914786
1636121940350,2021-11-05T10:19:00.350,53.31,-1.2955023786903204,8.598734761950332,-4.445357912643123
1636121940360,2021-11-05T10:19:00.360,53.32,-0.31215142580445326,8.801423139198945,-4.688482965429661
1636121940370,2021-11-05T10:19:00.370,53.33,0.6420716204086825,9.236550516361069,-4.846570114197926
1636121940380,2021-11-05T10:19:00.380,53.34,1.4563322700870025,9.866567071877428,-4.994363645469729
1636121940390,2021-11-05T10:19:00.390,53.35,2.0831386479089797,10.568162294528742,-5.141054381425485
1636121940400,2021-11-05T10:19:00.400,53.36,2.35367193695017,11.206281766532372,-5.284173492644133
1636121940410,2021-11-05T10:19:00.410,53.37,2.2854957085438796,11.726794860524343,-5.388614979285982
1636121940420,2021-11-05T10:19:00.420,53.38,2.212458489931062,12.150948953433087,-5.377554182423458
1636121940430,2021-11-05T10:19:00.430,53.39,2.376663557365062,12.472738735085727,-5.204730294332055
1636121940440,2021-11-05T10:19:00.440,53.4,2.631267286542645,12.594027088110614,-4.917627913263852
1636121940450,2021-11-05T10:19:00.450,53.41,2.7209269148459967,12.411195418069404,-4.586972011655963
1636121940460,2021-11-05T10:19:00.460,53.42,2.7082038668834008,11.952397945963105,-4.169211826847264
1636121940470,2021-11-05T10:19:00.470,53.43,2.9277393684026203,11.335765119517314,-3.548473354100132
1636121940480,2021-11-05T10:19:00.480,53.44,3.5174743304989216,10.600586962294388,-2.744690335288852
1636121940490,2021-11-05T10:19:00.490,53.45,4.1405251405638115,9.700586052687429,-1.9348548071788474
1636121940500,2021-11-05T10:19:00.500,53.46,4.328037617937039,8.647144402871497,-1.235475923109103
1636121940510,2021-11-05T10:19:00.510,53.47,4.101364645452666,7.541842724114108,-0.6222493723379662
1636121940520,2021-11-05T10:19:00.520,53.48,3.954671945956278,6.495532366650145,-0.08081157479577769
1636121940530,2021-11-05T10:19:00.530,53.49,4.092793982756952,5.597281612970175,0.3332063066217166
1636121940540,2021-11-05T10:19:00.540,53.5,4.170935147255659,4.907591904233966,0.6220640037391665
1636121940550,2021-11-05T10:19:00.550,53.51,3.95207249392307,4.409306410136349,0.8982507790459531
1636121940560,2021-11-05T10:19:00.560,53.52,3.5967874116601477,4.011484154947233,1.2399582921386876
1636121940570,2021-11-05T10:19:00.570,53.53,3.224226469515087,3.6628473799690138,1.5628730380796112
1636121940580,2021-11-05T10:19:00.580,53.54,2.8224157248361963,3.434929266689129,1.7100168198469685
1636121940590,2021-11-05T10:19:00.590,53.55,2.509022696365475,3.429912756855476,1.6310348202967628
1636121940600,2021-11-05T10:19:00.600,53.56,2.310099663897542,3.6091795791381767,1.3830171637737085
1636121940610,2021-11-05T10:19:00.610,53.57,1.9083567024429031,3.8001220830540756,1.0015335273574064
1636121940620,2021-11-05T10:19:00.620,53.58,1.1378597036761913,3.8962385742907513,0.5161695559866957
1636121940630,2021-11-05T10:19:00.630,53.59,0.43724086362358067,3.9457503394805964,0.06736491517436681
1636121940640,2021-11-05T10:19:00.640,53.6,0.32099078974877937,4.033490555714216,-0.1511226196547663
1636121940650,2021-11-05T10:19:00.650,53.61,0.711656352881624,4.211365477461967,-0.06346475267648063
1636121940660,2021-11-05T10:19:00.660,53.62,1.1826734873040918,4.525771648420708,0.27084870865152744
1636121940670,2021-11-05T10:19:00.670,53.63,1.4796862749576536,4.965421424889146,0.7590206247759613
1636121940680,2021-11-05T10:19:00.680,53.64,1.514993160298793,5.426219664484239,1.3249996983990506
1636121940690,2021-11-05T10:19:00.690,53.65,1.2645962890543914,5.830778202414994,1.9325092188723172
1636121940700,2021-11-05T10:19:00.700,53.66,0.8800344948206904,6.195179720148445,2.602730090047004
1636121940710,2021-11-05T10:19:00.710,53.67,0.5924156135716027,6.536256339402318,3.344835636655648
1636121940720,2021-11-05T10:19:00.720,53.68,0.45524735277285816,6.841763113447106,4.073561183340763
1636121940730,2021-11-05T10:19:00.730,53.69,0.3729466131779353,7.131489120833419,4.675162565889372
1636121940740,2021-11-05T10:19:00.740,53.7,0.27343933364719714,7.411465353305265,5.135554924078587
1636121940750,2021-11-05T10:19:00.750,53.71,0.12293696121407743,7.60362264054956,5.5167215522913615
1636121940760,2021-11-05T10:19:00.760,53.72,-0.07178980890222073,7.648062414458943,5.838778453180883
1636121940770,2021-11-05T10:19:00.770,53.73,-0.2267587860533583,7.610544216159337,6.090426664479227
1636121940780,2021-11-05T10:19:00.780,53.74,-0.2925273766576987,7.572731627172278,6.315297284750109
1636121940790,2021-11-05T10:19:00.790,53.75,-0.3496016422949513,7.5015992719003215,6.561292942163587
1636121940800,2021-11-05T10:19:00.800,53.76,-0.441193933504447,7.344600084296889,6.788451837551426
1636121940810,2021-11-05T10:19:00.810,53.77,-0.4301769454964274,7.176111990421336,6.954816729450813
1636121940820,2021-11-05T10:19:00.820,53.78,-0.21255794692033778,7.134751244012055,7.130642963291486
1636121940830,2021-11-05T10:19:00.830,53.79,0.055329576120028964,7.25956833044966,7.401089425197949
1636121940840,2021-11-05T10:19:00.840,53.8,0.16189567058695004,7.479910417902012,7.718684804848847
1636121940850,2021-11-05T10:19:00.850,53.81,0.13524536427793027,7.740286081487172,7.942637870922876
1636121940860,2021-11-05T10:19:00.860,53.82,0.11538664687707055,8.047355213316438,7.961681243396397
1636121940870,2021-11-05T10:19:00.870,53.83,0.0936277812882572,8.405090823952312,7.732843291484333
1636121940880,2021-11-05T10:19:00.880,53.84,-0.052092506361415436,8.795250826925763,7.259994695768504
1636121940890,2021-11-05T10:19:00.890,53.85,-0.3991108364763,9.224886460460873,6.582799800873572
1636121940900,2021-11-05T10:19:00.900,53.86,-0.8703217855283116,9.711378236470255,5.808084914846399
1636121940910,2021-11-05T10:19:00.910,53.87,-1.2145757231749954,10.219967474190524,5.138288422913833
1636121940920,2021-11-05T10:19:00.920,53.88,-1.28777208225456,10.686646542372428,4.765296701754993
1636121940930,2021-11-05T10:19:00.930,53.89,-1.3353892120059219,11.101292932215497,4.679822384917189
1636121940940,2021-11-05T10:19:00.940,53.9,-1.6565432555669695,11.527527907789963,4.689569873581829
1636121940950,2021-11-05T10:19:00.950,53.91,-2.0898380970194887,12.057859274772493,4.676725771341135
1636121940960,2021-11-05T10:19:00.960,53.92,-2.261104805614208,12.746845670914594,4.698951265173735
1636121940970,2021-11-05T10:19:00.970,53.93,-2.2224679284939257,13.533324420961598,4.7841164851898474
1636121940980,2021-11-05T10:19:00.980,53.94,-2.3731252362076924,14.244245028243812,4.822153859843325
1636121940990,2021-11-05T10:19:00.990,53.95,-2.802761277811943,14.735511769897602,4.769623763432962
1636121941000,2021-11-05T10:19:01.000,53.96,-3.165711336262501,15.006715101049387,4.778883411641424
1636121941010,2021-11-05T10:19:01.010,53.97,-3.189412783719961,15.137959537116512,4.992232861333683
1636121941020,2021-11-05T10:19:01.020,53.98,-2.9244685817884326,15.161083166447153,5.334998669709926
1636121941030,2021-11-05T10:19:01.030,53.99,-2.5773540793954286,15.04697463251658,5.609797870703672
1636121941040,2021-11-05T10:19:01.040,54.0,-2.4130895506612036,14.782228524014204,5.720986334179625
1636121941050,2021-11-05T10:19:01.050,54.01,-2.584208881774985,14.395499715862819,5.769974808153594
1636121941060,2021-11-05T10:19:01.060,54.02,-2.781112725731897,13.919475910142225,5.963736174500184
1636121941070,2021-11-05T10:19:01.070,54.03,-2.436917636675725,13.371246222660643,6.4133241888094545
1636121941080,2021-11-05T10:19:01.080,54.04,-1.4875478402920765,12.766817192358218,7.027273764398512
1636121941090,2021-11-05T10:19:01.090,54.05,-0.4449094047194069,12.12328735191832,7.6439159294936925
1636121941100,2021-11-05T10:19:01.100,54.06,0.36879501902338035,11.446252944088684,8.200524254441719
1636121941110,2021-11-05T10:19:01.110,54.07,1.0892127195573447,10.74338266205199,8.689071126345596
1636121941120,2021-11-05T10:19:01.120,54.08,1.8081387639751745,10.052552734569106,9.042956440302262
1636121941130,2021-11-05T10:19:01.130,54.09,2.3428500946094517,9.430361851448223,9.187444230538542
1636121941140,2021-11-05T10:19:01.140,54.1,2.4932209188127135,8.918030222994167,9.136794313968181
1636121941150,2021-11-05T10:19:01.150,54.11,2.2543376705907425,8.544995693074316,8.97125999324724
1636121941160,2021-11-05T10:19:01.160,54.12,1.9248242150058545,8.352410488742677,8.78489357442798
1636121941170,2021-11-05T10:19:01.170,54.13,1.9723080295164896,8.377140435101023,8.650056054347253
1636121941180,2021-11-05T10:19:01.180,54.14,2.4437127961890175,8.601736191564171,8.53809802467356
1636121941190,2021-11-05T10:19:01.190,54.15,2.76215713128992,8.936737177202904,8.333267523816271
1636121941200,2021-11-05T10:19:01.200,54.16,2.561969302447337,9.290898262575602,8.019844066101989
1636121941210,2021-11-05T10:19:01.210,54.17,2.2918374503587158,9.672531279315237,7.747668673618776
1636121941220,2021-11-05T10:19:01.220,54.18,2.481195313523758,10.160865631251411,7.618041987444183
1636121941230,2021-11-05T10:19:01.230,54.19,2.913437289607933,10.751139710796066,7.5390651719486055
1636121941240,2021-11-05T10:19:01.240,54.2,3.0485705416885533,11.324946599332472,7.396240336837902
1636121941250,2021-11-05T10:19:01.250,54.21,2.8345475436830165,11.81476223395409,7.229393886698094
1636121941260,2021-11-05T10:19:01.260,54.22,2.629802101143754,12.276707046519459,7.128063667071124
1636121941270,2021-11-05T10:19:01.270,54.23,2.613279252809851,12.74799460408872,7.0780336328482285
1636121941280,2021-11-05T10:19:01.280,54.24,2.668464654502039,13.159085547566978,7.019683602208019
1636121941290,2021-11-05T10:19:01.290,54.25,2.712097635541447,13.44625549366274,6.954309281859918
1636121941300,2021-11-05T10:19:01.300,54.26,2.825182720799681,13.63343248178618,6.911519593830679
1636121941310,2021-11-05T10:19:01.310,54.27,3.0559050420229203,13.745013497664306,6.886155110302689
1636121941320,2021-11-05T10:19:01.320,54.28,3.2715905989080656,13.74047136342961,6.852240266374896
1636121941330,2021-11-05T10:19:01.330,54.29,3.2964914500618696,13.579151549447051,6.792972033357161
1636121941340,2021-11-05T10:19:01.340,54.3,3.162733542284463,13.26308876265071,6.697065540057363
1636121941350,2021-11-05T10:19:01.350,54.31,3.122757549042939,12.804692386215173,6.548786146119638
1636121941360,2021-11-05T10:19:01.360,54.32,3.4027098396701554,12.244799970390382,6.338643017554341
1636121941370,2021-11-05T10:19:01.370,54.33,4.03479153366065,11.693280254674953,6.086248539889965
1636121941380,2021-11-05T10:19:01.380,54.34,4.85856495963051,11.247046595968792,5.8351462560522345
1636121941390,2021-11-05T10:19:01.390,54.35,5.559421168562514,10.868067039485663,5.604901733024252
1636121941400,2021-11-05T10:19:01.400,54.36,5.828132249097255,10.40977532971149,5.363741289553432
1636121941410,2021-11-05T10:19:01.410,54.37,5.596198984996294,9.73409096750477,5.079962994809564
1636121941420,2021-11-05T10:19:01.420,54.38,5.065539436291594,8.769159313045176,4.792331845546065
1636121941430,2021-11-05T10:19:01.430,54.39,4.557314753731787,7.535017668079472,4.584616464317236
1636121941440,2021-11-05T10:19:01.440,54.4,4.3305155313736785,6.175174844408602,4.481938359333238
1636121941450,2021-11-05T10:19:01.450,54.41,4.390564075525553,4.922674543731626,4.433071811954875
1636121941460,2021-11-05T10:19:01.460,54.42,4.518425091308667,3.975041174791669,4.420290936056023
1636121941470,2021-11-05T10:19:01.470,54.43,4.551733751038551,3.3283104540967035,4.495306200821644
1636121941480,2021-11-05T10:19:01.480,54.44,4.4238197392832594,2.6998454870210242,4.648395993842303
1636121941490,2021-11-05T10:19:01.490,54.45,4.007492593127874,1.7408756312693274,4.760254438750503
1636121941500,2021-11-05T10:19:01.500,54.46,3.3630144755704343,0.4339736202054568,4.778840175168802
1636121941510,2021-11-05T10:19:01.510,54.47,2.987457069556388,-0.8371127868770167,4.807648501391015
1636121941520,2021-11-05T10:19:01.520,54.48,3.2500957502636734,-1.7125058090829584,4.9061704026560795
1636121941530,2021-11-05T10:19:01.530,54.49,3.7567551123514322,-2.2186219421605315,4.957904025782413
1636121941540,2021-11-05T10:19:01.540,54.5,3.834894626811524,-2.5971040308634343,4.845057719487421
1636121941550,2021-11-05T10:19:01.550,54.51,3.460334270737553,-2.900272713380516,4.597504618586731
1636121941560,2021-11-05T10:19:01.560,54.52,3.1760029502933325,-2.9440511529311015,4.292569435999684
1636121941570,2021-11-05T10:19:01.570,54.53,3.2161561652134814,-2.674946343505431,3.954030392923573
1636121941580,2021-11-05T10:19:01.580,54.54,3.1869151709073904,-2.4441261490123525,3.593675996258651
1636121941590,2021-11-05T10:19:01.590,54.55,2.6298472171193854,-2.8197905517802297,3.245338037174136
1636121941600,2021-11-05T10:19:01.600,54.56,1.6306874256633184,-4.1386379687211505,2.9655836172805383
1636121941610,2021-11-05T10:19:01.610,54.57,0.8726930234934848,-6.2502118398841535,2.869917657453291
1636121941620,2021-11-05T10:19:01.620,54.58,1.0596485128247592,-8.658124207096138,3.07869996282039
1636121941630,2021-11-05T10:19:01.630,54.59,2.061010799380255,-10.877933602458345,3.5421579015353712
1636121941640,2021-11-05T10:19:01.640,54.6,2.889888623983386,-12.681658696666211,4.043891667718608
1636121941650,2021-11-05T10:19:01.650,54.61,2.8842189096834154,-14.088557811051839,4.445919262256033
1636121941660,2021-11-05T10:19:01.660,54.62,2.394229631576225,-15.2429602650605,4.7869025842507416
1636121941670,2021-11-05T10:19:01.670,54.63,1.9428449579750189,-16.365910059616628,5.126798740698747
1636121941680,2021-11-05T10:19:01.680,54.64,1.438298646451126,-17.77770423848198,5.4542927839926465
1636121941690,2021-11-05T10:19:01.690,54.65,0.6210285724305344,-19.827374485307732,5.746356438073283
1636121941700,2021-11-05T10:19:01.700,54.66,-0.3018278976221313,-22.678811042518497,6.047742203898356
1636121941710,2021-11-05T10:19:01.710,54.67,-0.8364228321342491,-26.197514077140827,6.5179768098418105
1636121941720,2021-11-05T10:19:01.720,54.68,-0.8024450888186863,-30.14464547820021,7.329400426849825
1636121941730,2021-11-05T10:19:01.730,54.69,-0.4865670866998391,-34.409474428294764,8.439459207541661
1636121941740,2021-11-05T10:19:01.740,54.7,-0.14533236227953428,-38.87384560113617,9.625678785059971
1636121941750,2021-11-05T10:19:01.750,54.71,0.2686275218816356,-43.07897751950924,10.819137670345075
1636121941760,2021-11-05T10:19:01.760,54.72,0.6982761120217555,-46.26621754730536,12.109198208594568
1636121941770,2021-11-05T10:19:01.770,54.73,0.9193155407192899,-47.87547650894636,13.294900070261646
1636121941780,2021-11-05T10:19:01.780,54.74,1.0026188281106836,-47.93223939425141,13.857258122567139
1636121941790,2021-11-05T10:19:01.790,54.75,0.9928952473326818,-46.91978220741824,13.657424040927678
1636121941800,2021-11-05T10:19:01.800,54.76,0.3528659678611509,-45.38536014525604,13.244883496726558
1636121941810,2021-11-05T10:19:01.810,54.77,-1.110388805238511,-43.70191162360654,13.131340740714105
1636121941820,2021-11-05T10:19:01.820,54.78,-2.3428485661048235,-42.07343079137332,13.174907806057584
1636121941830,2021-11-05T10:19:01.830,54.79,-2.5801478706755123,-40.63910654861606,13.028533983598184
1636121941840,2021-11-05T10:19:01.840,54.8,-2.907933789298397,-39.511163907106784,12.761335398122561
1636121941850,2021-11-05T10:19:01.850,54.81,-4.387268640125559,-38.66618227170189,12.64523202461734
1636121941860,2021-11-05T10:19:01.860,54.82,-5.648159628549041,-37.830180766825656,12.638157989814191
1636121941870,2021-11-05T10:19:01.870,54.83,-4.497491633419881,-36.56854467391072,12.423733688672511
1636121941880,2021-11-05T10:19:01.880,54.84,-1.2991261330981219,-34.54212172336703,11.825313920859404
1636121941890,2021-11-05T10:19:01.890,54.85,0.9822317100606054,-31.715404933336636,10.940169397593987
1636121941900,2021-11-05T10:19:01.900,54.86,0.2863056918175505,-28.34793236037236,9.890002274152813
1636121941910,2021-11-05T10:19:01.910,54.87,-1.968305597413719,-24.751265559536222,8.667551677908083
1636121941920,2021-11-05T10:19:01.920,54.88,-2.8716500401336273,-21.090825161574905,7.339073031072321
1636121941930,2021-11-05T10:19:01.930,54.89,-1.979688228861625,-17.50943635734908,6.173223316023689
1636121941940,2021-11-05T10:19:01.940,54.9,-1.3834828362831875,-14.306168371184352,5.357496447628
1636121941950,2021-11-05T10:19:01.950,54.91,-2.2922408724632715,-11.79152252440279,4.77029638014802
1636121941960,2021-11-05T10:19:01.960,54.92,-3.777057142538281,-10.058647098771186,4.224712848549974
1636121941970,2021-11-05T10:19:01.970,54.93,-4.668710292353728,-9.039307829943194,3.735371312666583
1636121941980,2021-11-05T10:19:01.980,54.94,-4.852266747903747,-8.65081266175897,3.3773013672033168
1636121941990,2021-11-05T10:19:01.990,54.95,-4.663824153637584,-8.756921508404085,3.0946296579587225
1636121942000,2021-11-05T10:19:02.000,54.96,-4.201734930471044,-9.121071984036003,2.8127945500304987
1636121942010,2021-11-05T10:19:02.010,54.97,-3.51711691111861,-9.556660452646712,2.5752179039543934
1636121942020,2021-11-05T10:19:02.020,54.98,-2.9193113205714463,-10.07463341401058,2.4383513088958475
1636121942030,2021-11-05T10:19:02.030,54.99,-2.7377123310712896,-10.775573214235436,2.3459924348390526
1636121942040,2021-11-05T10:19:02.040,55.0,-2.949140356677913,-11.626730590211213,2.196374259829755
1636121942050,2021-11-05T10:19:02.050,55.01,-3.2372573034797423,-12.43600792906338,1.9525330215413348
1636121942060,2021-11-05T10:19:02.060,55.02,-3.304191715857664,-13.027406372562934,1.6411961394501033
1636121942070,2021-11-05T10:19:02.070,55.03,-3.0348012968323745,-13.377716274211544,1.3208339839040906
1636121942080,2021-11-05T10:19:02.080,55.04,-2.5379907944459097,-13.611936315848496,1.0730446498440263
1636121942090,2021-11-05T10:19:02.090,55.05,-2.1450553666484966,-13.940432358347767,0.9393198587878282
1636121942100,2021-11-05T10:19:02.100,55.06,-2.188608931010338,-14.611903061422398,0.8390738119497969
1636121942110,2021-11-05T10:19:02.110,55.07,-2.6326366093964597,-15.848983984228386,0.6359567508118148
1636121942120,2021-11-05T10:19:02.120,55.08,-3.0813711577207568,-17.71632155846695,0.3466634884013704
1636121942130,2021-11-05T10:19:02.130,55.09,-3.2510228232124483,-20.02672368897219,0.20072469518683683
1636121942140,2021-11-05T10:19:02.140,55.1,-3.1527285487182173,-22.427313840696716,0.3166883027548729
1636121942150,2021-11-05T10:19:02.150,55.11,-2.743067799188469,-24.56089005769246,0.3670187949756878
1636121942160,2021-11-05T10:19:02.160,55.12,-1.8818227868300452,-26.123977157580413,-0.038770409141738384
1636121942170,2021-11-05T10:19:02.170,55.13,-0.8076332242651743,-26.8771597730009,-0.6052312080856105
1636121942180,2021-11-05T10:19:02.180,55.14,-0.1267970681432812,-26.700299294990536,-0.6410520403696887
1636121942190,2021-11-05T10:19:02.190,55.15,-0.09484087318134785,-25.611757872574074,-0.19577730229077814
1636121942200,2021-11-05T10:19:02.200,55.16,-0.34042881773863276,-23.71128344343399,-0.07746632489651341
1636121942210,2021-11-05T10:19:02.210,55.17,-0.47988684136812804,-21.154723238570007,-0.6625220349263279
1636121942220,2021-11-05T10:19:02.220,55.18,-0.6369621512217931,-18.19544294090761,-1.5381407821889268
1636121942230,2021-11-05T10:19:02.230,55.19,-1.1663734700887896,-15.168486047787201,-2.313449476279441
1636121942240,2021-11-05T10:19:02.240,55.2,-2.062731831238155,-12.359260375077834,-3.0059188871478697
1636121942250,2021-11-05T10:19:02.250,55.21,-2.8128191627429353,-9.896527308331457,-3.633758339417491
1636121942260,2021-11-05T10:19:02.260,55.22,-2.9098869618023886,-7.783842594778797,-4.056831577019634
1636121942270,2021-11-05T10:19:02.270,55.23,-2.5010922173154158,-5.976001672301637,-4.298082640259081
1636121942280,2021-11-05T10:19:02.280,55.24,-2.2245035506933624,-4.398522651925148,-4.578705323879653
1636121942290,2021-11-05T10:19:02.290,55.25,-2.280963278286751,-2.966255840686876,-4.941920419164911
1636121942300,2021-11-05T10:19:02.300,55.26,-2.1854663980309343,-1.6393655374799516,-5.196597052879709
1636121942310,2021-11-05T10:19:02.310,55.27,-1.6441575604761969,-0.4277340375495776,-5.298488911195475
1636121942320,2021-11-05T10:19:02.320,55.28,-0.9985058325629319,0.6848639906889252,-5.453416192978995
1636121942330,2021-11-05T10:19:02.330,55.29,-0.572060659623955,1.7766965340516954,-5.802924204071697
1636121942340,2021-11-05T10:19:02.340,55.3,-0.2630587490803422,2.9206445911751926,-6.289533358178641
1636121942350,2021-11-05T10:19:02.350,55.31,0.0421045419031125,4.121311413202467,-6.823073362869561
1636121942360,2021-11-05T10:19:02.360,55.32,0.22821919994471662,5.346729872949684,-7.356878720790272
1636121942370,2021-11-05T10:19:02.370,55.33,0.2526540052770161,6.5847710564857405,-7.829437664228484
1636121942380,2021-11-05T10:19:02.380,55.34,0.30047893317790236,7.8357749434099375,-8.177701332625269
1636121942390,2021-11-05T10:19:02.390,55.35,0.5156095757989801,9.073183797958777,-8.394843077250094
1636121942400,2021-11-05T10:19:02.400,55.36,0.7489678215244517,10.231069230169268,-8.537233836991943
1636121942410,2021-11-05T10:19:02.410,55.37,0.6923513158539123,11.214299590533074,-8.709239848477306
1636121942420,2021-11-05T10:19:02.420,55.38,0.26584133280315697,11.93625543556325,-9.018045181168366
1636121942430,2021-11-05T10:19:02.430,55.39,-0.22319695202512133,12.382252754321016,-9.467159746810804
1636121942440,2021-11-05T10:19:02.440,55.4,-0.4120537513555709,12.60624666321648,-9.918259170663301
1636121942450,2021-11-05T10:19:02.450,55.41,-0.29748195244819464,12.637617295141016,-10.259711042193203
1636121942460,2021-11-05T10:19:02.460,55.42,-0.17556955395196022,12.44999273533477,-10.584361112170113
1636121942470,2021-11-05T10:19:02.470,55.43,-0.25114424207441083,12.04279517412412,-11.060642232008059
1636121942480,2021-11-05T10:19:02.480,55.44,-0.4556761074213486,11.478377291546384,-11.651263359764524
1636121942490,2021-11-05T10:19:02.490,55.45,-0.5568167644380486,10.822697302607216,-12.108799666473182
1636121942500,2021-11-05T10:19:02.500,55.46,-0.3551606496454432,10.116473033514188,-12.235527636351964
1636121942510,2021-11-05T10:19:02.510,55.47,0.08477418375750875,9.406119096182426,-12.054033364781915
1636121942520,2021-11-05T10:19:02.520,55.48,0.3839198895566815,8.741137166812477,-11.75674606569688
1636121942530,2021-11-05T10:19:02.530,55.49,0.2299946136517897,8.134040983457517,-11.532521921317556
1636121942540,2021-11-05T10:19:02.540,55.5,-0.222025443296085,7.557998704432315,-11.421170750894174
1636121942550,2021-11-05T10:19:02.550,55.51,-0.5306527426620969,6.986380525336676,-11.336895765676811
1636121942560,2021-11-05T10:19:02.560,55.52,-0.48405504306855585,6.421999793319327,-11.219129905956311
1636121942570,2021-11-05T10:19:02.570,55.53,-0.2856512292390486,5.895611124840844,-11.129231230741372
1636121942580,2021-11-05T10:19:02.580,55.54,-0.2936960006109883,5.438609384094861,-11.210425891278273
1636121942590,2021-11-05T10:19:02.590,55.55,-0.6557480179413202,5.048409218861067,-11.541098881958996
1636121942600,2021-11-05T10:19:02.600,55.56,-1.192726093076042,4.698616472910416,-12.022567628311133
1636121942610,2021-11-05T10:19:02.610,55.57,-1.6475211535098921,4.398771775698176,-12.484367438833676
1636121942620,2021-11-05T10:19:02.620,55.58,-1.9418013939071286,4.205226050475995,-12.880139605217447
1636121942630,2021-11-05T10:19:02.630,55.59,-2.1026774892850426,4.151754674087107,-13.257876410950633
1636121942640,2021-11-05T10:19:02.640,55.6,-2.1336875770046357,4.2142289602592315,-13.596664533690985
1636121942650,2021-11-05T10:19:02.650,55.61,-2.0786302763443367,4.354240368582088,-13.834007798664906
1636121942660,2021-11-05T10:19:02.660,55.62,-2.038967042823563,4.550511957629872,-14.009242572657888
1636121942670,2021-11-05T10:19:02.670,55.63,-2.092330018729278,4.783226376103562,-14.254567852892183
1636121942680,2021-11-05T10:19:02.680,55.64,-2.2762074331733246,5.031812778254715,-14.661236940039046
1636121942690,2021-11-05T10:19:02.690,55.65,-2.54917499346895,5.305125450825605,-15.207977860586906
1636121942700,2021-11-05T10:19:02.700,55.66,-2.790655760815392,5.639928492962786,-15.824346995398365
1636121942710,2021-11-05T10:19:02.710,55.67,-3.018402438121234,6.023339941717991,-16.509570424704087
1636121942720,2021-11-05T10:19:02.720,55.68,-3.413492505569087,6.331481556246265,-17.337352358147886
1636121942730,2021-11-05T10:19:02.730,55.69,-3.8765745100521984,6.426228531300481,-18.318224320291954
1636121942740,2021-11-05T10:19:02.740,55.7,-3.946720012088716,6.328139938069146,-19.335874603962242
1636121942750,2021-11-05T10:19:02.750,55.71,-3.5387811389129036,6.201545497053898,-20.2726768224645
1636121942760,2021-11-05T10:19:02.760,55.72,-3.2629152936203463,6.150647473802001,-21.1177837307738
1636121942770,2021-11-05T10:19:02.770,55.73,-3.5470986066219954,6.130994044509729,-21.888408666326875
1636121942780,2021-11-05T10:19:02.780,55.74,-3.9721747906091336,6.073313817707073,-22.534649202152266
1636121942790,2021-11-05T10:19:02.790,55.75,-3.95957207546816,5.989248498296959,-23.014991741097507
1636121942800,2021-11-05T10:19:02.800,55.76,-3.6173566815405724,5.920648565395664,-23.38965083229136
1636121942810,2021-11-05T10:19:02.810,55.77,-3.4409599833860014,5.852740855945146,-23.74359332141568
1636121942820,2021-11-05T10:19:02.820,55.78,-3.575218344664468,5.736146678791576,-24.09092769630397
1636121942830,2021-11-05T10:19:02.830,55.79,-3.77759364914328,5.581059124592192,-24.425499842047223
1636121942840,2021-11-05T10:19:02.840,55.8,-3.8594229193432406,5.468067074916998,-24.76108563679736
1636121942850,2021-11-05T10:19:02.850,55.81,-3.8602551450489586,5.4454688805705835,-25.058611825076888
1636121942860,2021-11-05T10:19:02.860,55.82,-3.8910282198301682,5.466815800313642,-25.233687324400147
1636121942870,2021-11-05T10:19:02.870,55.83,-3.989123875998529,5.462789503226773,-25.30353788895365
1636121942880,2021-11-05T10:19:02.880,55.84,-4.124772148157786,5.430999483884716,-25.42140968068004
1636121942890,2021-11-05T10:19:02.890,55.85,-4.257034025359059,5.407820476394007,-25.690235197387594
1636121942900,2021-11-05T10:19:02.900,55.86,-4.353062634061943,5.383930989776282,-26.021362806748144
1636121942910,2021-11-05T10:19:02.910,55.87,-4.412092694484993,5.304477502864193,-26.266207189311146
1636121942920,2021-11-05T10:19:02.920,55.88,-4.483612017964743,5.142133391736332,-26.427506404146975
1636121942930,2021-11-05T10:19:02.930,55.89,-4.599496997957783,4.929496037170422,-26.639606313857904
1636121942940,2021-11-05T10:19:02.940,55.9,-4.717426904637533,4.718365626401525,-26.990367401465225
1636121942950,2021-11-05T10:19:02.950,55.91,-4.799259957606673,4.5263047360119435,-27.460092617878615
1636121942960,2021-11-05T10:19:02.960,55.92,-4.884211652848216,4.3318279060529985,-27.989814877717354
1636121942970,2021-11-05T10:19:02.970,55.93,-5.026653920433961,4.115498296611931,-28.53053281019831
1636121942980,2021-11-05T10:19:02.980,55.94,-5.216059249265635,3.885912377352488,-29.06425996124441
1636121942990,2021-11-05T10:19:02.990,55.95,-5.399517003361439,3.6605369512196466,-29.62586381683525
1636121943000,2021-11-05T10:19:03.000,55.96,-5.5695443389582735,3.439499718045374,-30.263919286784088
1636121943010,2021-11-05T10:19:03.010,55.97,-5.7730238403767835,3.2118186817648517,-30.947453196952537
1636121943020,2021-11-05T10:19:03.020,55.98,-5.982002734247437,2.9907487071041743,-31.555149831018827
1636121943030,2021-11-05T10:19:03.030,55.99,-6.058545546461561,2.822497998323109,-31.992248648305022
1636121943040,2021-11-05T10:19:03.040,56.0,-5.9519791921555445,2.7254217099883977,-32.283884172432174
1636121943050,2021-11-05T10:19:03.050,56.01,-5.7921291771659495,2.6578662737912655,-32.52411117947676
1636121943060,2021-11-05T10:19:03.060,56.02,-5.707363414394866,2.6068664412144793,-32.77005735954542
1636121943070,2021-11-05T10:19:03.070,56.03,-5.727023626100378,2.6315878043035497,-33.022697278015656
1636121943080,2021-11-05T10:19:03.080,56.04,-5.875354435983178,2.7272603324019076,-33.29018134125782
1636121943090,2021-11-05T10:19:03.090,56.05,-6.168079151628476,2.7553917652441156,-33.629525533298256
1636121943100,2021-11-05T10:19:03.100,56.06,-6.549657499676094,2.6270656313078558,-34.0989961183823
1636121943110,2021-11-05T10:19:03.110,56.07,-6.943000466133309,2.4431298781203052,-34.659021280418955
1636121943120,2021-11-05T10:19:03.120,56.08,-7.257746537525005,2.328791731098007,-35.15528203745363
1636121943130,2021-11-05T10:19:03.130,56.09,-7.382127168989743,2.2396613992222356,-35.46521332629176
1636121943140,2021-11-05T10:19:03.140,56.1,-7.379633421634114,2.0583964809044604,-35.66317023169227
1636121943150,2021-11-05T10:19:03.150,56.11,-7.569691982101954,1.776354396099252,-35.96400103913286
1636121943160,2021-11-05T10:19:03.160,56.12,-8.117018030348001,1.4656287236096568,-36.459432991727056
1636121943170,2021-11-05T10:19:03.170,56.13,-8.664013896723638,1.1867245654511098,-36.96674012486327
1636121943180,2021-11-05T10:19:03.180,56.14,-8.677232956621419,1.0099765603571902,-37.2208806480126
1636121943190,2021-11-05T10:19:03.190,56.15,-8.0984492208825,0.9945540114836975,-37.19124684720501
1636121943200,2021-11-05T10:19:03.200,56.16,-7.423026770961286,1.0730726737909475,-37.097575099138126
1636121943210,2021-11-05T10:19:03.210,56.17,-7.186772542307757,1.0748619014548495,-37.11915867970173
1636121943220,2021-11-05T10:19:03.220,56.18,-7.522073916420998,0.9174098726854891,-37.211788325794814
1636121943230,2021-11-05T10:19:03.230,56.19,-8.110312385993666,0.6864599903341749,-37.22253314629006
1636121943240,2021-11-05T10:19:03.240,56.2,-8.507309953502544,0.4934768912698566,-37.09697663865678
1636121943250,2021-11-05T10:19:03.250,56.21,-8.657205845975245,0.33442614232307666,-36.94629469852394
1636121943260,2021-11-05T10:19:03.260,56.22,-8.901019203674103,0.14151038775090202,-36.89619529952229
1636121943270,2021-11-05T10:19:03.270,56.23,-9.263198361283042,-0.09039719121717961,-36.891367195712455
1636121943280,2021-11-05T10:19:03.280,56.24,-9.320897037781867,-0.31406546375112154,-36.798907283143045
1636121943290,2021-11-05T10:19:03.290,56.25,-9.132290415762348,-0.529088979834664,-36.696723276798856
1636121943300,2021-11-05T10:19:03.300,56.26,-9.329318264205742,-0.7726609789010895,-36.77074632199371
1636121943310,2021-11-05T10:19:03.310,56.27,-9.908424761175247,-1.0312034006859196,-36.923287060813635
1636121943320,2021-11-05T10:19:03.320,56.28,-10.156217493277342,-1.2594212346135878,-36.86462553706031
1636121943330,2021-11-05T10:19:03.330,56.29,-10.011871694664297,-1.469726180151277,-36.59121766961238
1636121943340,2021-11-05T10:19:03.340,56.3,-10.160365080772383,-1.6990894512784291,-36.37439472012824
1636121943350,2021-11-05T10:19:03.350,56.31,-10.71397348708643,-1.9118717858841825,-36.28843914422026
1636121943360,2021-11-05T10:19:03.360,56.32,-11.03448335832633,-2.055685045293412,-36.09483108542352
1636121943370,2021-11-05T10:19:03.370,56.33,-10.840487443731028,-2.178673162414876,-35.60330428554447
1636121943380,2021-11-05T10:19:03.380,56.34,-10.586803057131437,-2.3563975799986228,-34.932756976624546
1636121943390,2021-11-05T10:19:03.390,56.35,-10.7464408077632,-2.543878831757346,-34.34374489326303
1636121943400,2021-11-05T10:19:03.400,56.36,-11.187286157738077,-2.6280606757419447,-33.82155211323406
1636121943410,2021-11-05T10:19:03.410,56.37,-11.312495590600413,-2.5783167326687546,-32.93814806138996
1636121943420,2021-11-05T10:19:03.420,56.38,-10.749451689799702,-2.4294976429490447,-31.332845597562276
1636121943430,2021-11-05T10:19:03.430,56.39,-9.830085576576623,-2.1576390749767653,-29.21585804327113
1636121943440,2021-11-05T10:19:03.440,56.4,-9.182003336108615,-1.693499195036725,-27.02666772212637
1636121943450,2021-11-05T10:19:03.450,56.41,-8.926307213000065,-1.065325562353609,-24.678083967442323
1636121943460,2021-11-05T10:19:03.460,56.42,-8.645699724981448,-0.42262479171333167,-21.610968659098702
1636121943470,2021-11-05T10:19:03.470,56.43,-8.048359488845403,0.11909760259184832,-17.610836231741448
1636121943480,2021-11-05T10:19:03.480,56.44,-7.232253847105328,0.5772942898168764,-13.11824868355297
1636121943490,2021-11-05T10:19:03.490,56.45,-6.284709015360972,1.0181044290340269,-8.592406186582474
1636121943500,2021-11-05T10:19:03.500,56.46,-4.91987494480459,1.4475272401780508,-3.9053271162096563
1636121943510,2021-11-05T10:19:03.510,56.47,-2.8086388374983944,1.8264988199853742,1.358365832289042
1636121943520,2021-11-05T10:19:03.520,56.48,-0.3481848782616648,2.159123655561237,7.200815694356608
1636121943530,2021-11-05T10:19:03.530,56.49,1.4918374842789663,2.5290242060471826,13.229638562995618
1636121943540,2021-11-05T10:19:03.540,56.5,2.458882732779042,3.0436792766515195,19.28594518690869
1636121943550,2021-11-05T10:19:03.550,56.51,3.2705058526854094,3.7466053236323873,25.511696318934327
1636121943560,2021-11-05T10:19:03.560,56.52,4.282933574038807,4.57685844804754,31.817125578499656
1636121943570,2021-11-05T10:19:03.570,56.53,5.163587329189655,5.428107525637689,37.875874091976655
1636121943580,2021-11-05T10:19:03.580,56.54,6.008880909723951,6.269235838051143,43.66745257353316
1636121943590,2021-11-05T10:19:03.590,56.55,7.387441775866059,7.170736625007399,49.54507354734015
1636121943600,2021-11-05T10:19:03.600,56.56,9.315410771304938,8.189521552992531,55.804133586168724
1636121943610,2021-11-05T10:19:03.610,56.57,11.280401484385166,9.284299785571267,62.461824953791066
1636121943620,2021-11-05T10:19:03.620,56.58,13.034707089676756,10.34793227158925,69.30042139402077
1636121943630,2021-11-05T10:19:03.630,56.59,14.786806018320576,11.27090003265615,76.0047672950831
1636121943640,2021-11-05T10:19:03.640,56.6,16.882683573368226,12.009443519577589,82.40615386563358
1636121943650,2021-11-05T10:19:03.650,56.61,19.294797133064584,12.62976700719653,88.48036691634503
1636121943660,2021-11-05T10:19:03.660,56.62,21.333901242196042,13.244597696421899,94.02668027231365
1636121943670,2021-11-05T10:19:03.670,56.63,22.405540502567227,13.916673079639583,98.72981463378743
1636121943680,2021-11-05T10:19:03.680,56.64,22.94534161949869,14.659102716119712,102.61930196543767
1636121943690,2021-11-05T10:19:03.690,56.65,23.79152909313092,15.481423418068033,106.00248116276104
1636121943700,2021-11-05T10:19:03.700,56.66,24.913278465738163,16.41057636107087,108.94243442580569
1636121943710,2021-11-05T10:19:03.710,56.67,25.655242314633824,17.509555241183865,111.29865829963497
1636121943720,2021-11-05T10:19:03.720,56.68,25.974290975710392,18.841429035571988,113.22914338067241
1636121943730,2021-11-05T10:19:03.730,56.69,26.665919322489046,20.327980355712974,115.1204899434101
1636121943740,2021-11-05T10:19:03.740,56.7,28.371775942911498,21.676982063579768,116.8929311294705
1636121943750,2021-11-05T10:19:03.750,56.71,30.57452075036028,22.55742032685186,117.61778263942391
1636121943760,2021-11-05T10:19:03.760,56.72,31.598473623496922,22.85443582658775,116.00962888853326
1636121943770,2021-11-05T10:19:03.770,56.73,30.046382515637042,22.70769053363656,111.5073508716282
1636121943780,2021-11-05T10:19:03.780,56.74,26.504624937080273,22.35353704156347,105.01012048092504
1636121943790,2021-11-05T10:19:03.790,56.75,23.038751630696517,21.984613662324474,98.34073150002266
1636121943800,2021-11-05T10:19:03.800,56.76,20.61838195676449,21.654951358261197,92.79449719201503
1636121943810,2021-11-05T10:19:03.810,56.77,18.239792822232907,21.20875367796585,88.33382348285576
1636121943820,2021-11-05T10:19:03.820,56.78,15.113052476936048,20.38841984527167,84.10923741694171
1636121943830,2021-11-05T10:19:03.830,56.79,12.079607994582592,19.10755804157755,79.38743742192793
1636121943840,2021-11-05T10:19:03.840,56.8,9.990071397909915,17.528172181168948,74.05463738462
1636121943850,2021-11-05T10:19:03.850,56.81,8.352053658197232,15.823666134156536,68.662739927005
1636121943860,2021-11-05T10:19:03.860,56.82,6.546514777798976,14.027835510659727,63.96458299725266
1636121943870,2021-11-05T10:19:03.870,56.83,4.8167540580073185,12.216387564343597,60.15218903618343
1636121943880,2021-11-05T10:19:03.880,56.84,3.3754370054614773,10.682844804383997,56.749580501677144
1636121943890,2021-11-05T10:19:03.890,56.85,2.1104491648545607,9.760541571598804,53.42969318506911
1636121943900,2021-11-05T10:19:03.900,56.86,1.4469913960451977,9.500146590581684,50.528617643029854
1636121943910,2021-11-05T10:19:03.910,56.87,1.8744141136714527,9.639735499556934,48.42568292552829
1636121943920,2021-11-05T10:19:03.920,56.88,2.7140774550807594,9.894451309636288,46.79436155099948
1636121943930,2021-11-05T10:19:03.930,56.89,2.917662632389545,10.161653261557852,44.93734360479827
1636121943940,2021-11-05T10:19:03.940,56.9,2.6708142595534143,10.399553996070836,42.657716659731264
1636121943950,2021-11-05T10:19:03.950,56.91,2.7756280654269108,10.460552092114881,40.324208931476285
1636121943960,2021-11-05T10:19:03.960,56.92,3.0187592808745567,10.197125781499423,38.155728682624506
1636121943970,2021-11-05T10:19:03.970,56.93,2.523759490984582,9.626076253868224,35.87111249879867
1636121943980,2021-11-05T10:19:03.980,56.94,1.4103989640023675,8.840388117237552,33.0728481804682
1636121943990,2021-11-05T10:19:03.990,56.95,0.7790428580232649,7.872900529125675,29.68244518467925
1636121944000,2021-11-05T10:19:04.000,56.96,0.8606937052582024,6.75265495590991,26.02949431491537
1636121944010,2021-11-05T10:19:04.010,56.97,0.6649108078176489,5.5446141900510195,22.83403542276038
1636121944020,2021-11-05T10:19:04.020,56.98,0.1258806803136877,4.29203368057479,21.01000243266332
1636121944030,2021-11-05T10:19:04.030,56.99,0.7024201554814316,3.1167068548312,20.940304040339115
1636121944040,2021-11-05T10:19:04.040,57.0,2.850896764013947,2.351740208566179,21.815406656193716
1636121944050,2021-11-05T10:19:04.050,57.01,4.965413738487137,2.3118202699351174,22.179717538223088
1636121944060,2021-11-05T10:19:04.060,57.02,5.695596850419787,2.902422423324353,21.342219028717736
1636121944070,2021-11-05T10:19:04.070,57.03,5.3980779981829095,3.61436202823182,19.877428593638935
1636121944080,2021-11-05T10:19:04.080,57.04,4.809022720547374,3.901448327162247,18.635816649307497
1636121944090,2021-11-05T10:19:04.090,57.05,3.9721335607934796,3.521279946454221,17.7279819158082
1636121944100,2021-11-05T10:19:04.100,57.06,2.9029605052389833,2.631246335472685,16.648291411414753
1636121944110,2021-11-05T10:19:04.110,57.07,2.121272945435483,1.6674575304483716,14.94546266663253
1636121944120,2021-11-05T10:19:04.120,57.08,2.1039901962007583,1.0843106118338648,12.58155785735569
1636121944130,2021-11-05T10:19:04.130,57.09,2.8923061997922637,1.0985754715916056,10.000146383030444
1636121944140,2021-11-05T10:19:04.140,57.1,4.404347742257798,1.5899175642597743,7.934839815798687
1636121944150,2021-11-05T10:19:04.150,57.11,6.416568270162461,2.2185903966849474,6.836618589134945
1636121944160,2021-11-05T10:19:04.160,57.12,8.151962483982514,2.689454900913354,6.530930346178866
1636121944170,2021-11-05T10:19:04.170,57.13,8.875392613103877,2.926759783626583,6.648688874224535
1636121944180,2021-11-05T10:19:04.180,57.14,8.987640489005683,2.982646962491491,7.0416023386472855
1636121944190,2021-11-05T10:19:04.190,57.15,9.267841806422034,2.8559989856238586,7.450704773191649
1636121944200,2021-11-05T10:19:04.200,57.16,9.180646806487434,2.4837299919623437,7.323812811125681
1636121944210,2021-11-05T10:19:04.210,57.17,7.756571021902754,1.8489608277806981,6.544413164118534
1636121944220,2021-11-05T10:19:04.220,57.18,5.900185108924264,1.0404292546604539,5.89711365866785
1636121944230,2021-11-05T10:19:04.230,57.19,5.5603671329128055,0.2592279180018501,6.12879734122823
1636121944240,2021-11-05T10:19:04.240,57.2,6.789067791776383,-0.18671739443603128,6.7982381666936185
1636121944250,2021-11-05T10:19:04.250,57.21,7.888209686659252,0.08442580803630127,6.7717867548909005
1636121944260,2021-11-05T10:19:04.260,57.22,8.325422673328585,1.3586415537739884,5.841946834714289
1636121944270,2021-11-05T10:19:04.270,57.23,9.338450249636166,3.475600222707553,5.0840108731614535
1636121944280,2021-11-05T10:19:04.280,57.24,11.462519210279408,5.6955513076360145,5.27774085146309
1636121944290,2021-11-05T10:19:04.290,57.25,13.326598254552943,7.175364192131514,5.684870517038705
1636121944300,2021-11-05T10:19:04.300,57.26,13.53745814473174,7.5725940239712894,5.042507572872871
1636121944310,2021-11-05T10:19:04.310,57.27,12.364052910307176,7.0946083889006175,3.274726707091392
1636121944320,2021-11-05T10:19:04.320,57.28,10.836605757065968,6.258919050353891,1.4459033175088263
1636121944330,2021-11-05T10:19:04.330,57.29,9.39955595609327,5.790735421441477,0.30947323115983527
1636121944340,2021-11-05T10:19:04.340,57.3,8.245357917950342,6.282325724631424,-0.24619739029623328
1636121944350,2021-11-05T10:19:04.350,57.31,7.882137929069458,7.580479201930787,-0.3762892589145568
1636121944360,2021-11-05T10:19:04.360,57.32,8.360753708416372,8.848937850860004,0.12031564878063603
1636121944370,2021-11-05T10:19:04.370,57.33,8.57469261914464,9.478627081473311,1.059114297524645
1636121944380,2021-11-05T10:19:04.380,57.34,7.333504692429514,9.562434588732884,1.580171557918003
1636121944390,2021-11-05T10:19:04.390,57.35,4.995288500166009,9.338776614427143,1.1499197878550516
1636121944400,2021-11-05T10:19:04.400,57.36,3.240439005193362,8.725127068844102,0.31349008810866125
1636121944410,2021-11-05T10:19:04.410,57.37,3.050834298305706,7.726524141314194,-0.012182227003065052
1636121944420,2021-11-05T10:19:04.420,57.38,3.5866189851098818,6.832287367516036,0.34359881216212534
1636121944430,2021-11-05T10:19:04.430,57.39,3.603159345582799,6.533776914086413,0.8066035288265487
1636121944440,2021-11-05T10:19:04.440,57.4,3.273576334325008,6.670040347798134,1.0145778910170022
1636121944450,2021-11-05T10:19:04.450,57.41,3.4259284709096844,6.687007282482794,1.2541147363830705
1636121944460,2021-11-05T10:19:04.460,57.42,3.607579541756949,6.495094206476545,1.8780088160308281
1636121944470,2021-11-05T10:19:04.470,57.43,2.7125036340528523,6.677856453242407,2.8536571374807314
1636121944480,2021-11-05T10:19:04.480,57.44,1.1139984468515811,7.741675556576325,3.955922031385172
1636121944490,2021-11-05T10:19:04.490,57.45,0.21241249705414283,9.447615588299282,4.786553121064217
1636121944500,2021-11-05T10:19:04.500,57.46,0.2962275886192542,11.036016072136663,4.780982144788501
1636121944510,2021-11-05T10:19:04.510,57.47,0.6487703065021879,11.875670576107094,3.9577821836976237
1636121944520,2021-11-05T10:19:04.520,57.48,1.120144192911869,11.77053171505358,3.2456618415814584
1636121944530,2021-11-05T10:19:04.530,57.49,2.1286814208134905,10.914820496458205,3.28599457489519
1636121944540,2021-11-05T10:19:04.540,57.5,3.9267303812103824,9.727434901351767,3.5878296054061316
1636121944550,2021-11-05T10:19:04.550,57.51,6.646539244875183,8.536260704659849,3.5657156621594286
1636121944560,2021-11-05T10:19:04.560,57.52,9.952930544430322,7.376595483689073,3.4066911840467604
1636121944570,2021-11-05T10:19:04.570,57.53,12.533797092794675,6.256937909114854,3.187892526836447
1636121944580,2021-11-05T10:19:04.580,57.54,13.301401013809716,5.4391852472679885,2.3114389835296274
1636121944590,2021-11-05T10:19:04.590,57.55,12.794782209466362,5.212538896117662,0.5684670116091748
1636121944600,2021-11-05T10:19:04.600,57.56,12.103182006675826,5.63515183568502,-1.385757827326349
1636121944610,2021-11-05T10:19:04.610,57.57,11.16720226416695,6.6512143044156025,-3.2544614141524577
1636121944620,2021-11-05T10:19:04.620,57.58,9.504837127664477,8.104722568258168,-5.594676990747698
1636121944630,2021-11-05T10:19:04.630,57.59,7.740157957635077,9.579284843985315,-8.414612916862746
1636121944640,2021-11-05T10:19:04.640,57.6,6.994723385769727,10.696823500008867,-10.425407132315847
1636121944650,2021-11-05T10:19:04.650,57.61,7.331332778774889,11.585870881810514,-10.595951929467345
1636121944660,2021-11-05T10:19:04.660,57.62,7.856662586863258,12.527771047798888,-9.730667725997007
1636121944670,2021-11-05T10:19:04.670,57.63,7.907862895250286,13.213180842114703,-9.640819086831648
1636121944680,2021-11-05T10:19:04.680,57.64,7.342724867747728,12.971097522842037,-11.057296694052521
1636121944690,2021-11-05T10:19:04.690,57.65,6.018899708291746,11.704972668605706,-12.962110695581497
1636121944700,2021-11-05T10:19:04.700,57.66,3.7311544666859078,10.12388992062614,-13.81988440548361
1636121944710,2021-11-05T10:19:04.710,57.67,0.6982025584134292,9.185714677870827,-13.003951472139644
1636121944720,2021-11-05T10:19:04.720,57.68,-2.25140569779533,9.600335727747549,-11.092868172144952
1636121944730,2021-11-05T10:19:04.730,57.69,-4.131819881315419,11.447177618575267,-9.299978849207486
1636121944740,2021-11-05T10:19:04.740,57.7,-4.477553725672741,13.835520866160628,-8.784337725173131
1636121944750,2021-11-05T10:19:04.750,57.71,-3.680816574946758,15.282989513587966,-9.90493909750878
1636121944760,2021-11-05T10:19:04.760,57.72,-2.7150798828727654,14.862169869793455,-11.65143457837009
1636121944770,2021-11-05T10:19:04.770,57.73,-2.4096918915620256,12.825790436882002,-12.43538694190405
1636121944780,2021-11-05T10:19:04.780,57.74,-2.807706630681351,9.953042380042554,-12.082816947327593
1636121944790,2021-11-05T10:19:04.790,57.75,-3.2462690908600296,6.606419229744671,-12.338046615417376
1636121944800,2021-11-05T10:19:04.800,57.76,-3.168037726882377,2.666227548968434,-14.767352793756665
1636121944810,2021-11-05T10:19:04.810,57.77,-2.6875525666400852,-1.8896807857395221,-19.00756955373803
1636121944820,2021-11-05T10:19:04.820,57.78,-2.2218470109714326,-6.7022821864106294,-23.708500733857875
1636121944830,2021-11-05T10:19:04.830,57.79,-1.7906342550028818,-11.324187082727153,-28.27068011311436
1636121944840,2021-11-05T10:19:04.840,57.8,-0.9468212734622288,-15.54551488926208,-32.91153698975468
1636121944850,2021-11-05T10:19:04.850,57.81,0.5133800468727182,-19.26178212492421,-37.776572671020574
1636121944860,2021-11-05T10:19:04.860,57.82,1.9658314710933487,-22.174367650805298,-42.68549439495864
1636121944870,2021-11-05T10:19:04.870,57.83,2.4738237281725093,-23.91758523018479,-47.26134598037687
1636121944880,2021-11-05T10:19:04.880,57.84,1.7335104639410939,-24.45795638831784,-50.967957708147665
1636121944890,2021-11-05T10:19:04.890,57.85,0.02182854042475718,-24.124679710471746,-53.52954166101857
1636121944900,2021-11-05T10:19:04.900,57.86,-2.3556468908125843,-23.31504896104184,-55.362666938781
1636121944910,2021-11-05T10:19:04.910,57.87,-4.833042654935163,-22.431058048866475,-56.9767380230827
1636121944920,2021-11-05T10:19:04.920,57.88,-6.333090311413116,-22.00218952272466,-58.05277703336543
1636121944930,2021-11-05T10:19:04.930,57.89,-6.184855465469374,-22.530202583665684,-57.83101649903904
1636121944940,2021-11-05T10:19:04.940,57.9,-5.168343165901308,-24.146679326474636,-56.34349609848119
1636121944950,2021-11-05T10:19:04.950,57.91,-5.002380488280005,-26.515397746599792,-54.59867500729786
1636121944960,2021-11-05T10:19:04.960,57.92,-6.539846642228893,-29.013859993928065,-53.49170516270099
1636121944970,2021-11-05T10:19:04.970,57.93,-8.701799976765756,-31.052276950587135,-52.995797792810365
1636121944980,2021-11-05T10:19:04.980,57.94,-9.71923330564692,-32.46004225985051,-52.57191790118421
1636121944990,2021-11-05T10:19:04.990,57.95,-9.386474286695073,-33.570882452515384,-52.08957719382583
1636121945000,2021-11-05T10:19:05.000,57.96,-9.133073270803305,-34.75202128852081,-51.97926528384107
1636121945010,2021-11-05T10:19:05.010,57.97,-9.723259056562084,-35.976821810570975,-52.43834850252481
1636121945020,2021-11-05T10:19:05.020,57.98,-10.302656360184187,-37.025663727142245,-52.96713056947499
1636121945030,2021-11-05T10:19:05.030,57.99,-10.16205784588446,-37.83351427354012,-52.99680240088499
1636121945040,2021-11-05T10:19:05.040,58.0,-9.85180479525399,-38.391054982364,-52.543336886780736
1636121945050,2021-11-05T10:19:05.050,58.01,-9.953428310392415,-38.53956425283209,-51.9779058158492
1636121945060,2021-11-05T10:19:05.060,58.02,-10.241651113984693,-38.102874000965514,-51.644307930219725
1636121945070,2021-11-05T10:19:05.070,58.03,-10.547728792321424,-37.105068524575756,-51.867345875364705
1636121945080,2021-11-05T10:19:05.080,58.04,-11.152274128520434,-35.762092088629984,-52.797573478116576
1636121945090,2021-11-05T10:19:05.090,58.05,-12.086244104992545,-34.34927356034817,-54.12406027852843
1636121945100,2021-11-05T10:19:05.100,58.06,-13.08235502090569,-33.07642050344015,-55.3398869127829
1636121945110,2021-11-05T10:19:05.110,58.07,-14.122332393746687,-32.02342508086413,-56.25972558431384
1636121945120,2021-11-05T10:19:05.120,58.08,-15.26915200882284,-31.236684585816825,-57.00627725500979
1636121945130,2021-11-05T10:19:05.130,58.09,-16.44875526691419,-30.856960124155883,-57.70052751187961
1636121945140,2021-11-05T10:19:05.140,58.1,-17.92515725402017,-30.983045400259574,-58.39897450633376
1636121945150,2021-11-05T10:19:05.150,58.11,-20.075445431829728,-31.420921144537473,-59.02504592835329
1636121945160,2021-11-05T10:19:05.160,58.12,-22.3034314818385,-31.771349178131473,-59.16099350957049
1636121945170,2021-11-05T10:19:05.170,58.13,-23.406628313555807,-31.780950308999504,-58.26878766844139
1636121945180,2021-11-05T10:19:05.180,58.14,-23.30026800616148,-31.46588618287892,-56.23737737420038
1636121945190,2021-11-05T10:19:05.190,58.15,-22.99275661276155,-30.956718977926002,-53.32020571322974
1636121945200,2021-11-05T10:19:05.200,58.16,-22.7337747468035,-30.385088321603224,-49.652497676103074
1636121945210,2021-11-05T10:19:05.210,58.17,-21.767472892174933,-29.84800435688878,-45.477766801239426
1636121945220,2021-11-05T10:19:05.220,58.18,-20.17253848876684,-29.3273618858645,-41.67029156499969
1636121945230,2021-11-05T10:19:05.230,58.19,-19.382035199816514,-28.653720441146266,-39.152371725401416
1636121945240,2021-11-05T10:19:05.240,58.2,-20.214328467300415,-27.578338345940104,-37.73017278366525
1636121945250,2021-11-05T10:19:05.250,58.21,-21.467702045630762,-25.86016697379538,-36.1327520910056
1636121945260,2021-11-05T10:19:05.260,58.22,-21.345911396644066,-23.381271818396673,-33.2797481252608
1636121945270,2021-11-05T10:19:05.270,58.23,-19.73824788517931,-20.351323083661676,-29.194503376233207
1636121945280,2021-11-05T10:19:05.280,58.24,-18.153775243429344,-17.41084908520115,-24.696025221119868
1636121945290,2021-11-05T10:19:05.290,58.25,-17.591179367799068,-15.339767060103881,-20.446533144320654
1636121945300,2021-11-05T10:19:05.300,58.26,-17.50442650273701,-14.48884588103755,-16.503183411835614
1636121945310,2021-11-05T10:19:05.310,58.27,-16.9383725428252,-14.52338347993631,-12.759657582803541
1636121945320,2021-11-05T10:19:05.320,58.28,-15.641860325322792,-14.786189568600768,-9.365466220901059
1636121945330,2021-11-05T10:19:05.330,58.29,-13.875258985249815,-14.818231221971475,-6.426698476383467
1636121945340,2021-11-05T10:19:05.340,58.3,-12.072992146713325,-14.490711398926132,-3.7231974625809157
1636121945350,2021-11-05T10:19:05.350,58.31,-10.844426018201503,-13.795720764321812,-1.044431505418408
1636121945360,2021-11-05T10:19:05.360,58.32,-10.388603681136358,-12.63404042404214,1.5819274605612714
1636121945370,2021-11-05T10:19:05.370,58.33,-9.802213089466802,-10.877702640171972,4.135394572123838
1636121945380,2021-11-05T10:19:05.380,58.34,-8.04267104487613,-8.766540215499282,6.531871386090138
1636121945390,2021-11-05T10:19:05.390,58.35,-5.8631411590065134,-7.100606559915764,8.230770334638585
1636121945400,2021-11-05T10:19:05.400,58.36,-5.535395608176071,-6.6209216338402745,8.570134062005646
1636121945410,2021-11-05T10:19:05.410,58.37,-7.9461461479084265,-7.183564967143587,7.599446687249643
1636121945420,2021-11-05T10:19:05.420,58.38,-11.003948439638728,-7.907778840977254,6.119707379963426
1636121945430,2021-11-05T10:19:05.430,58.39,-11.7176842405108,-8.060608950913021,5.180434208955644
1636121945440,2021-11-05T10:19:05.440,58.4,-9.221831909077808,-7.4381155350099455,5.846745867453484
1636121945450,2021-11-05T10:19:05.450,58.41,-5.471323251478359,-6.0941027377237305,8.28558879087257
1636121945460,2021-11-05T10:19:05.460,58.42,-3.4529535455943607,-4.2050503964050625,10.562256399430773
1636121945470,2021-11-05T10:19:05.470,58.43,-4.340850394385846,-2.1693228052360825,10.49441912877344
1636121945480,2021-11-05T10:19:05.480,58.44,-6.260874989281735,-0.45966673095645283,9.254683890693027
1636121945490,2021-11-05T10:19:05.490,58.45,-6.983682936758883,0.7312189344272289,9.874434348999388
1636121945500,2021-11-05T10:19:05.500,58.46,-7.051809026497714,1.592865267915237,11.939955488622745
1636121945510,2021-11-05T10:19:05.510,58.47,-8.121670830347897,2.4291576868321973,12.020938867480858
1636121945520,2021-11-05T10:19:05.520,58.48,-9.738855972229977,3.3573972644479024,9.25021011382035
1636121945530,2021-11-05T10:19:05.530,58.49,-10.281279192637324,4.292266419668573,6.203692725572247
1636121945540,2021-11-05T10:19:05.540,58.5,-9.502060094403912,5.121739289670703,4.74213224158774
1636121945550,2021-11-05T10:19:05.550,58.51,-8.33470192137015,5.754492989260504,4.430682491738827
1636121945560,2021-11-05T10:19:05.560,58.52,-7.551131558212578,6.019521924871178,4.434154553607004
1636121945570,2021-11-05T10:19:05.570,58.53,-7.38853819701222,5.7096089182982,4.60164637246088
1636121945580,2021-11-05T10:19:05.580,58.54,-7.494683430055586,4.8034967515612355,4.983883345699178
1636121945590,2021-11-05T10:19:05.590,58.55,-7.119003326101105,3.5302421629517236,5.511557624530575
1636121945600,2021-11-05T10:19:05.600,58.56,-5.92126237831701,2.154356107053829,6.114358242335843
1636121945610,2021-11-05T10:19:05.610,58.57,-4.370326561149944,0.7834294455828679,6.737516172886064
1636121945620,2021-11-05T10:19:05.620,58.58,-3.108149303038112,-0.5914164954472142,7.2939225274116986
1636121945630,2021-11-05T10:19:05.630,58.59,-2.3828198970332517,-1.9534346234012017,7.725897814973992
1636121945640,2021-11-05T10:19:05.640,58.6,-2.1919581265590873,-3.177606406635237,8.036985694348532
1636121945650,2021-11-05T10:19:05.650,58.61,-2.3025488315818996,-4.042494713856471,8.24362707822237
1636121945660,2021-11-05T10:19:05.660,58.62,-2.0577545388892573,-4.347463516803616,8.409974606433748
1636121945670,2021-11-05T10:19:05.670,58.63,-0.8929121030589677,-4.0853459838967865,8.724066034459977
1636121945680,2021-11-05T10:19:05.680,58.64,0.8856049938239835,-3.5082488704304984,9.37511413462015
1636121945690,2021-11-05T10:19:05.690,58.65,2.303839813082975,-2.9679444771692323,10.277377574179752
1636121945700,2021-11-05T10:19:05.700,58.66,2.636814975366528,-2.638001142947374,11.048684673228673
1636121945710,2021-11-05T10:19:05.710,58.67,2.0350239901840688,-2.4067609107773142,11.44226478564132
1636121945720,2021-11-05T10:19:05.720,58.68,1.441675022246126,-2.081875720139001,11.727688305234796
1636121945730,2021-11-05T10:19:05.730,58.69,1.6774511470062363,-1.6349395320655045,12.379094838624628
1636121945740,2021-11-05T10:19:05.740,58.7,2.4997297104682015,-1.1531012112430021,13.428775540502073
1636121945750,2021-11-05T10:19:05.750,58.71,3.070208847579374,-0.6572888737726339,14.47352687605332
1636121945760,2021-11-05T10:19:05.760,58.72,3.2407984809335986,-0.14456099174899506,15.284586905997752
1636121945770,2021-11-05T10:19:05.770,58.73,3.549648361073107,0.2766872296385669,15.99810550199717
1636121945780,2021-11-05T10:19:05.780,58.74,4.116955262860801,0.4860968917454984,16.708818157971244
1636121945790,2021-11-05T10:19:05.790,58.75,4.54954188438066,0.5175019298487694,17.307393546217504
1636121945800,2021-11-05T10:19:05.800,58.76,4.8364983782869,0.4767546416973413,17.755778619204282
1636121945810,2021-11-05T10:19:05.810,58.77,5.327206351895167,0.3731995787117671,18.137915593205342
1636121945820,2021-11-05T10:19:05.820,58.78,5.863703662646252,0.14188615290732437,18.417111134495737
1636121945830,2021-11-05T10:19:05.830,58.79,5.892076570992693,-0.2331579818918605,18.508109232296796
1636121945840,2021-11-05T10:19:05.840,58.8,5.457844484407939,-0.6832646082138415,18.608290988597624
1636121945850,2021-11-05T10:19:05.850,58.81,5.24056115318464,-1.1226320966298973,19.10624066037945
1636121945860,2021-11-05T10:19:05.860,58.82,5.497734758751331,-1.548244467815965,20.07496897192044
1636121945870,2021-11-05T10:19:05.870,58.83,5.741291490344165,-2.0607370594758874,21.111536849104308
1636121945880,2021-11-05T10:19:05.880,58.84,5.677523835747313,-2.744807608283959,21.78163219221466
1636121945890,2021-11-05T10:19:05.890,58.85,5.672521082987204,-3.542609310409786,22.005222054457434
1636121945900,2021-11-05T10:19:05.900,58.86,5.872071992392479,-4.277667606610741,21.882804964309397
1636121945910,2021-11-05T10:19:05.910,58.87,5.6569333576080805,-4.773354758757266,21.41006359663915
1636121945920,2021-11-05T10:19:05.920,58.88,4.564026218597638,-4.9378765527787145,20.609470248260997
1636121945930,2021-11-05T10:19:05.930,58.89,3.1221982807349904,-4.792227945271032,19.73982608428732
1636121945940,2021-11-05T10:19:05.940,58.9,2.1830692561034817,-4.442464932682026,19.091269451917032
1636121945950,2021-11-05T10:19:05.950,58.91,1.8343648029760944,-4.014858604279953,18.668602423586773
1636121945960,2021-11-05T10:19:05.960,58.92,1.4917875111123395,-3.621636421161014,18.284030085260817
1636121945970,2021-11-05T10:19:05.970,58.93,0.8493456017901878,-3.343096163627373,17.904340285609553
1636121945980,2021-11-05T10:19:05.980,58.94,0.2683933566692047,-3.1752787128010347,17.730913144123736
1636121945990,2021-11-05T10:19:05.990,58.95,0.2109339948080698,-3.030765045923242,17.898575680065253
1636121946000,2021-11-05T10:19:06.000,58.96,0.6381514548309656,-2.8533536973363347,18.20974435201043
1636121946010,2021-11-05T10:19:06.010,58.97,1.1413066361131081,-2.7100033650820037,18.296227772827905
1636121946020,2021-11-05T10:19:06.020,58.98,1.4187830670287465,-2.7587455332851722,17.986858886084757
1636121946030,2021-11-05T10:19:06.030,58.99,1.352751734123209,-3.1611611629277423,17.348332653108194
1636121946040,2021-11-05T10:19:06.040,59.0,0.8371631355895925,-3.9968297587168578,16.447019099625123
1636121946050,2021-11-05T10:19:06.050,59.01,-0.0894155694278581,-5.200573675538417,15.295705956398848
1636121946060,2021-11-05T10:19:06.060,59.02,-1.0762066628032956,-6.591362913839296,13.958077693958208
1636121946070,2021-11-05T10:19:06.070,59.03,-1.7475992207605116,-7.985920124995886,12.504450164916033
1636121946080,2021-11-05T10:19:06.080,59.04,-2.047033998097712,-9.273724687677387,10.94559822968067
1636121946090,2021-11-05T10:19:06.090,59.05,-2.143050948831963,-10.40068506707,9.349940335653784
1636121946100,2021-11-05T10:19:06.100,59.06,-2.2144100015737003,-11.31720640745672,7.952432465456013
1636121946110,2021-11-05T10:19:06.110,59.07,-2.359452264641371,-11.94920072019125,7.086840734314506
1636121946120,2021-11-05T10:19:06.120,59.08,-2.436899125065227,-12.224129491960078,7.029048444066452
1636121946130,2021-11-05T10:19:06.130,59.09,-2.195184822882206,-12.124972691163105,7.768687631595846
1636121946140,2021-11-05T10:19:06.140,59.1,-1.863946048306734,-11.705789181808896,8.835310092890703
1636121946150,2021-11-05T10:19:06.150,59.11,-2.04171907646991,-11.06694416827644,9.606716838723756
1636121946160,2021-11-05T10:19:06.160,59.12,-2.638529024167628,-10.325042189016042,9.960814976323435
1636121946170,2021-11-05T10:19:06.170,59.13,-2.829930112749625,-9.584274406836522,10.316864788230648
1636121946180,2021-11-05T10:19:06.180,59.14,-2.4112406268545854,-8.928308983050686,10.90002145903279
1636121946190,2021-11-05T10:19:06.190,59.15,-2.0774443300144827,-8.43500722397029,11.41339659757243
1636121946200,2021-11-05T10:19:06.200,59.16,-2.045357317474322,-8.158953101574255,11.636310049185859
1636121946210,2021-11-05T10:19:06.210,59.17,-1.6077191149942878,-8.08325710209782,11.848913075925182
1636121946220,2021-11-05T10:19:06.220,59.18,-0.38908638210613133,-8.137222925472027,12.347550685611566
1636121946230,2021-11-05T10:19:06.230,59.19,0.9861399682255271,-8.301261577260894,12.919256045951844
1636121946240,2021-11-05T10:19:06.240,59.2,1.724084791730647,-8.654797520140885,13.138450887607503
1636121946250,2021-11-05T10:19:06.250,59.21,1.6683134184114445,-9.2510089294579,12.966007321224577
1636121946260,2021-11-05T10:19:06.260,59.22,1.2639356451501926,-9.951073130596244,12.740678802131743
1636121946270,2021-11-05T10:19:06.270,59.23,1.1093430924516536,-10.447732660798618,12.635247476061105
1636121946280,2021-11-05T10:19:06.280,59.24,1.4325849696675583,-10.464798840242155,12.421529731688162
1636121946290,2021-11-05T10:19:06.290,59.25,1.9980417174441896,-9.91458921947425,11.915954383114048
1636121946300,2021-11-05T10:19:06.300,59.26,2.67215576470789,-8.89761148537888,11.398763910808999
1636121946310,2021-11-05T10:19:06.310,59.27,3.6243685241373074,-7.588552771704421,11.266783742335178
1636121946320,2021-11-05T10:19:06.320,59.28,4.7405724191413245,-6.106605291679199,11.448129320889862
1636121946330,2021-11-05T10:19:06.330,59.29,5.537157959894096,-4.488557666417972,11.546503907209484
1636121946340,2021-11-05T10:19:06.340,59.3,5.818077207130792,-2.7784616523950434,11.394725317318407
1636121946350,2021-11-05T10:19:06.350,59.31,5.730835254566596,-1.0465118587972684,11.059199347864027
1636121946360,2021-11-05T10:19:06.360,59.32,5.373733046321638,0.7525666511857901,10.503534032212205
1636121946370,2021-11-05T10:19:06.370,59.33,5.056899697857548,2.8196784349238193,9.682817590567051
1636121946380,2021-11-05T10:19:06.380,59.34,5.395162311174463,5.294679958405155,8.767546517578028
1636121946390,2021-11-05T10:19:06.390,59.35,6.39248079089373,8.127521192194584,7.869093557522776
1636121946400,2021-11-05T10:19:06.400,59.36,7.148365497295739,11.257344656340752,6.760265710160137
1636121946410,2021-11-05T10:19:06.410,59.37,7.139130074238345,14.731036004103721,5.223688841791606
1636121946420,2021-11-05T10:19:06.420,59.38,7.027946492698428,18.548407298654986,3.440489640901216
1636121946430,2021-11-05T10:19:06.430,59.39,7.6524310357453675,22.582763776900542,1.723510401738582
1636121946440,2021-11-05T10:19:06.440,59.4,8.883768502447758,26.712199752444356,0.08855135647012549
1636121946450,2021-11-05T10:19:06.450,59.41,9.940398299758204,30.85256092939136,-1.6324490620110048
1636121946460,2021-11-05T10:19:06.460,59.42,10.4101184001481,34.85123159462286,-3.3784904104262035
1636121946470,2021-11-05T10:19:06.470,59.43,10.609840657045247,38.49245588149103,-4.773331250142288
1636121946480,2021-11-05T10:19:06.480,59.44,10.990525698960369,41.59884991449582,-5.476473529750279
1636121946490,2021-11-05T10:19:06.490,59.45,11.443346131545209,44.08612208920302,-5.531692787540529
1636121946500,2021-11-05T10:19:06.500,59.46,11.54469860838369,46.00365867642782,-5.2676110243660705
1636121946510,2021-11-05T10:19:06.510,59.47,11.356464449354984,47.520853725148505,-4.903143755695103
1636121946520,2021-11-05T10:19:06.520,59.48,11.325192987380131,48.76002255795182,-4.4466634032976735
1636121946530,2021-11-05T10:19:06.530,59.49,11.405544142912198,49.679785103246864,-3.968561095108387
1636121946540,2021-11-05T10:19:06.540,59.5,11.098527745107134,50.228866472228994,-3.6899332628732213
1636121946550,2021-11-05T10:19:06.550,59.51,10.37704218835404,50.49927941866754,-3.7138924653793848
1636121946560,2021-11-05T10:19:06.560,59.52,9.65006531407931,50.549552591043266,-3.905881940783819
1636121946570,2021-11-05T10:19:06.570,59.53,8.761630343176526,50.18082907638781,-4.141100413278476
1636121946580,2021-11-05T10:19:06.580,59.54,7.041081992578386,49.11576979609701,-4.424986440442181
1636121946590,2021-11-05T10:19:06.590,59.55,4.525890797929634,47.35845729467512,-4.620890221004885
1636121946600,2021-11-05T10:19:06.600,59.56,2.208734899043849,45.17879185068037,-4.335106529952855
1636121946610,2021-11-05T10:19:06.610,59.57,0.7908579164939376,42.78679369898934,-3.3455642153456355
1636121946620,2021-11-05T10:19:06.620,59.58,-0.1237340503074401,40.23358125185332,-1.963507050582777
1636121946630,2021-11-05T10:19:06.630,59.59,-1.2581611328388425,37.6097007372031,-0.6689572647222644
1636121946640,2021-11-05T10:19:06.640,59.6,-2.4557735570334196,35.12748375946059,0.5290286798699434
1636121946650,2021-11-05T10:19:06.650,59.61,-2.745096864816607,32.96075618217911,2.0513377786694926
1636121946660,2021-11-05T10:19:06.660,59.62,-1.798760450502152,31.11535548269483,4.023027106540697
1636121946670,2021-11-05T10:19:06.670,59.63,-0.7206572606462719,29.479840469856477,5.941871982052139
1636121946680,2021-11-05T10:19:06.680,59.64,-0.6157727497098378,27.93168901330632,7.32102049073807
1636121946690,2021-11-05T10:19:06.690,59.65,-1.0100224486325964,26.383271376129457,8.337873558811115
1636121946700,2021-11-05T10:19:06.700,59.66,-0.7903331203292133,24.7956084461402,9.454736145828031
1636121946710,2021-11-05T10:19:06.710,59.67,0.00684244414748611,23.198759320739573,10.697390598927091
1636121946720,2021-11-05T10:19:06.720,59.68,0.59042696440028,21.67640587418486,11.783955762492877
1636121946730,2021-11-05T10:19:06.730,59.69,0.8661790116134449,20.292785792553047,12.70140038180778
1636121946740,2021-11-05T10:19:06.740,59.7,1.322269557589735,19.04569449233431,13.630850062820265
1636121946750,2021-11-05T10:19:06.750,59.71,2.0540392607760536,17.907266027132753,14.446385750307583
1636121946760,2021-11-05T10:19:06.760,59.72,2.754348192892204,16.868571401008857,14.73742208041222
1636121946770,2021-11-05T10:19:06.770,59.73,3.199899357401324,15.911115062984514,14.297476579532136
1636121946780,2021-11-05T10:19:06.780,59.74,3.3139255367223135,14.990321844906159,13.31388119629343
1636121946790,2021-11-05T10:19:06.790,59.75,3.2887455850091145,14.096459299334825,12.12790146914124
1636121946800,2021-11-05T10:19:06.800,59.76,3.7445065373426893,13.275483522941409,11.016873848762884
1636121946810,2021-11-05T10:19:06.810,59.77,4.992296401882733,12.524661050964093,10.14315318305677
1636121946820,2021-11-05T10:19:06.820,59.78,6.19391656118372,11.710045940092298,9.493058525704736
1636121946830,2021-11-05T10:19:06.830,59.79,6.189466978145428,10.675320885614408,8.824164696745603
1636121946840,2021-11-05T10:19:06.840,59.8,5.010689576920587,9.436499342405877,7.783404755723723
1636121946850,2021-11-05T10:19:06.850,59.81,3.6902870450617744,8.206020415330702,6.153475408888538
1636121946860,2021-11-05T10:19:06.860,59.82,2.9347739330396974,7.224024499017256,4.011703555121691
1636121946870,2021-11-05T10:19:06.870,59.83,2.793871092240468,6.605483669285162,1.6726358623936588
1636121946880,2021-11-05T10:19:06.880,59.84,3.1412686926358244,6.297632144418744,-0.5215186257318164
1636121946890,2021-11-05T10:19:06.890,59.85,3.7447670896972802,6.11700089256704,-2.3748873307304588
1636121946900,2021-11-05T10:19:06.900,59.86,4.270448162667739,5.89493461211582,-3.825301398462437
1636121946910,2021-11-05T10:19:06.910,59.87,4.700608607324559,5.648498507031976,-4.82074247251137
1636121946920,2021-11-05T10:19:06.920,59.88,5.360376978469162,5.527451822398517,-5.324908635821005
1636121946930,2021-11-05T10:19:06.930,59.89,6.3148576871333,5.580191154256859,-5.448700442347678
1636121946940,2021-11-05T10:19:06.940,59.9,7.237644508406319,5.711475738064134,-5.416926899787111
1636121946950,2021-11-05T10:19:06.950,59.91,7.931619451676532,5.861442641369685,-5.371045456800869
1636121946960,2021-11-05T10:19:06.960,59.92,8.393821101119023,6.0397469039557805,-5.351938879897145
1636121946970,2021-11-05T10:19:06.970,59.93,8.48222342956616,6.189681827057987,-5.439165859344072
1636121946980,2021-11-05T10:19:06.980,59.94,8.181028264423526,6.207210645285464,-5.697076994233507
1636121946990,2021-11-05T10:19:06.990,59.95,7.938972469394599,6.100217325417412,-6.009944011558399
1636121947000,2021-11-05T10:19:07.000,59.96,8.106359930585407,5.981030236675112,-6.141998291839557
1636121947010,2021-11-05T10:19:07.010,59.97,8.38443128680967,5.885112810366973,-5.939565591627147
1636121947020,2021-11-05T10:19:07.020,59.98,8.259168842419157,5.6875365704636724,-5.426410778815477
1636121947030,2021-11-05T10:19:07.030,59.99,7.478835944545695,5.213705569725386,-4.782664255802622
1636121947040,2021-11-05T10:19:07.040,60.0,5.9266432411735686,4.391429840115432,-4.216449058812788
1636121947050,2021-11-05T10:19:07.050,60.01,3.750385351147103,3.3096545956103007,-3.7856426347325933
1636121947060,2021-11-05T10:19:07.060,60.02,1.75675394485414,2.1830993503288156,-3.441992826278253
1636121947070,2021-11-05T10:19:07.070,60.03,0.9155952536987633,1.266542814927158,-3.2985379920091744
1636121947080,2021-11-05T10:19:07.080,60.04,1.3074365324692792,0.75851996868099,-3.654272297759413
1636121947090,2021-11-05T10:19:07.090,60.05,2.1372369572552232,0.7388283885824543,-4.644984351767407
1636121947100,2021-11-05T10:19:07.100,60.06,2.768271273834445,1.1677448757821538,-6.060607513968763
1636121947110,2021-11-05T10:19:07.110,60.07,3.169713261247804,1.943765993054329,-7.620574487135388
1636121947120,2021-11-05T10:19:07.120,60.08,3.456109123956308,2.9692813928020474,-9.23206452612773
1636121947130,2021-11-05T10:19:07.130,60.09,3.5971311762055302,4.144692157861627,-10.859846247180856
1636121947140,2021-11-05T10:19:07.140,60.1,3.57241392510926,5.311739413617118,-12.349590934862874
1636121947150,2021-11-05T10:19:07.150,60.11,3.419326308056683,6.271893889369952,-13.537551565177225
1636121947160,2021-11-05T10:19:07.160,60.12,3.166155822316462,6.883762096618773,-14.415012583116525
1636121947170,2021-11-05T10:19:07.170,60.13,2.8896406411696836,7.099156318119579,-15.082014396027603
1636121947180,2021-11-05T10:19:07.180,60.14,2.7196501100369126,6.912651949619821,-15.606556929966072
1636121947190,2021-11-05T10:19:07.190,60.15,2.7330428425141813,6.342307471595638,-15.973329936896377
1636121947200,2021-11-05T10:19:07.200,60.16,2.9528406521468415,5.47375502308204,-16.12951018044674
1636121947210,2021-11-05T10:19:07.210,60.17,3.3785780382527806,4.464619035518829,-16.065243846315923
1636121947220,2021-11-05T10:19:07.220,60.18,3.9028063127599504,3.452767821455377,-15.841670329063346
1636121947230,2021-11-05T10:19:07.230,60.19,4.352570464094947,2.480847775674581,-15.496829418427115
1636121947240,2021-11-05T10:19:07.240,60.2,4.716381059873127,1.5538902449036094,-14.961043938002557
1636121947250,2021-11-05T10:19:07.250,60.21,5.107839965294136,0.7183236394659591,-14.18607774038024
1636121947260,2021-11-05T10:19:07.260,60.22,5.424088343688141,0.00327981346657899,-13.318733035396626
1636121947270,2021-11-05T10:19:07.270,60.23,5.369763130368568,-0.6595774701036545,-12.546686738229084
1636121947280,2021-11-05T10:19:07.280,60.24,4.960631125609761,-1.3627436946554197,-11.787018416728948
1636121947290,2021-11-05T10:19:07.290,60.25,4.606306563433608,-2.121291230240315,-10.7828503285551
1636121947300,2021-11-05T10:19:07.300,60.26,4.464919885794335,-2.918704040312812,-9.53601532841349
1636121947310,2021-11-05T10:19:07.310,60.27,4.159076504397788,-3.7790461071928947,-8.378261500579779
1636121947320,2021-11-05T10:19:07.320,60.28,3.4572295517856295,-4.710890722530337,-7.546987711502597
1636121947330,2021-11-05T10:19:07.330,60.29,2.795698621539495,-5.637075296095113,-6.919636665574889
1636121947340,2021-11-05T10:19:07.340,60.3,2.7217168309644046,-6.442202155729921,-6.249967188658404
1636121947350,2021-11-05T10:19:07.350,60.31,3.1422452750590977,-7.055345002954886,-5.494468127985076
1636121947360,2021-11-05T10:19:07.360,60.32,3.4912038488641617,-7.4694095557918345,-4.806017516205472
1636121947370,2021-11-05T10:19:07.370,60.33,3.470292761999236,-7.719378916152008,-4.269910866383886
1636121947380,2021-11-05T10:19:07.380,60.34,3.3286302760329516,-7.853801002705976,-3.7475825046674442
1636121947390,2021-11-05T10:19:07.390,60.35,3.3762560028186517,-7.913659545352159,-3.0856312848242924
1636121947400,2021-11-05T10:19:07.400,60.36,3.4504271732847824,-7.928525501437257,-2.453623469043776
1636121947410,2021-11-05T10:19:07.410,60.37,3.1866978152468572,-7.8989541306439195,-2.245910996852874
1636121947420,2021-11-05T10:19:07.420,60.38,2.74797253713852,-7.754022424499713,-2.549929845906493
1636121947430,2021-11-05T10:19:07.430,60.39,2.7397428324934006,-7.3616608198755245,-2.9377835198806492
1636121947440,2021-11-05T10:19:07.440,60.4,3.307255892242155,-6.643993422990589,-2.966832014417406
1636121947450,2021-11-05T10:19:07.450,60.41,3.9219428178467464,-5.696617710173088,-2.7393282404468167
1636121947460,2021-11-05T10:19:07.460,60.42,4.124994817827222,-4.744227222125337,-2.750840945340859
1636121947470,2021-11-05T10:19:07.470,60.43,3.884112726353403,-3.936067012407924,-3.2501546884294124
1636121947480,2021-11-05T10:19:07.480,60.44,3.3387555147319308,-3.227979179295405,-3.9980446818845583
1636121947490,2021-11-05T10:19:07.490,60.45,2.695984247064386,-2.5183822855203113,-4.681373152867748
1636121947500,2021-11-05T10:19:07.500,60.46,2.115890582747471,-1.8353402399296759,-5.284501156351464
1636121947510,2021-11-05T10:19:07.510,60.47,1.5212745630650142,-1.3020898813819906,-5.907190059887428
1636121947520,2021-11-05T10:19:07.520,60.48,0.8679495498202865,-0.9676454571693878,-6.447902422418191
1636121947530,2021-11-05T10:19:07.530,60.49,0.3907737073393548,-0.7749306854782438,-6.705980596477605
1636121947540,2021-11-05T10:19:07.540,60.5,0.2075831719753533,-0.6851301043092761,-6.705278027361498
1636121947550,2021-11-05T10:19:07.550,60.51,0.10548636943725964,-0.7316772914517863,-6.709457616706727
1636121947560,2021-11-05T10:19:07.560,60.52,-0.025355858254007706,-0.9251254270523028,-6.933949508614733
1636121947570,2021-11-05T10:19:07.570,60.53,-0.07599569321532196,-1.204977031594749,-7.403258104066024
1636121947580,2021-11-05T10:19:07.580,60.54,-0.14232937491308373,-1.5337155497779067,-8.086117976705598
1636121947590,2021-11-05T10:19:07.590,60.55,-0.48182518693069304,-1.925167994169945,-8.987110965168213
1636121947600,2021-11-05T10:19:07.600,60.56,-0.9893959176639651,-2.314235008226026,-10.02927954348531
1636121947610,2021-11-05T10:19:07.610,60.57,-1.2317055813547286,-2.520849005751243,-10.991325744640971
1636121947620,2021-11-05T10:19:07.620,60.58,-1.036343729282358,-2.419090479924179,-11.708074676769817
1636121947630,2021-11-05T10:19:07.630,60.59,-0.6851389800261093,-2.044250209594228,-12.28681473958344
1636121947640,2021-11-05T10:19:07.640,60.6,-0.5548160601861432,-1.5037093405335566,-13.003061122547377
1636121947650,2021-11-05T10:19:07.650,60.61,-0.7770962185936683,-0.8866401495363624,-13.990520806797072
1636121947660,2021-11-05T10:19:07.660,60.62,-1.1725371725528955,-0.2552448604031598,-15.1214395070131
1636121947670,2021-11-05T10:19:07.670,60.63,-1.4509570176451134,0.37941466022671366,-16.184580829035358
1636121947680,2021-11-05T10:19:07.680,60.64,-1.5456685099838678,1.0607000636657724,-17.085976514713916
1636121947690,2021-11-05T10:19:07.690,60.65,-1.6279938305322168,1.815385304046769,-17.83623622501364
1636121947700,2021-11-05T10:19:07.700,60.66,-1.7263357964798614,2.6207077258383764,-18.42541460140992
1636121947710,2021-11-05T10:19:07.710,60.67,-1.645964450242694,3.442448270367701,-18.821437348740893
1636121947720,2021-11-05T10:19:07.720,60.68,-1.3694466538894576,4.2422505580962335,-19.067329817389485
1636121947730,2021-11-05T10:19:07.730,60.69,-1.132117015149681,4.968596256585229,-19.251221760574456
1636121947740,2021-11-05T10:19:07.740,60.7,-1.0251634097417088,5.589608792171347,-19.36490024492085
1636121947750,2021-11-05T10:19:07.750,60.71,-0.9320413282366458,6.116276120171124,-19.304698866017123
1636121947760,2021-11-05T10:19:07.760,60.72,-0.7757782601599847,6.604401219304101,-19.031488835841223
1636121947770,2021-11-05T10:19:07.770,60.73,-0.43736672967654167,7.161857973325083,-18.632209129345995
1636121947780,2021-11-05T10:19:07.780,60.74,0.21934604749958614,7.891235870563207,-18.21464622434481
1636121947790,2021-11-05T10:19:07.790,60.75,0.85164112509725,8.776694624706455,-17.846286905281538
1636121947800,2021-11-05T10:19:07.800,60.76,0.8254704842341263,9.683558676608921,-17.61690062572253
1636121947810,2021-11-05T10:19:07.810,60.77,0.2640204126139189,10.491266848370907,-17.641149218437548
1636121947820,2021-11-05T10:19:07.820,60.78,-0.003597513685500625,11.164683428664107,-17.93039685598451
1636121947830,2021-11-05T10:19:07.830,60.79,0.2054921642933676,11.692800580938716,-18.34470983585434
1636121947840,2021-11-05T10:19:07.840,60.8,0.2118111466434288,12.044914352536857,-18.727089746120527
1636121947850,2021-11-05T10:19:07.850,60.81,-0.24401856951892062,12.226799773773164,-19.00089235266853
1636121947860,2021-11-05T10:19:07.860,60.82,-0.5901531035542482,12.322719428627103,-19.10801704687203
1636121947870,2021-11-05T10:19:07.870,60.83,-0.44219835171985783,12.429410689264595,-18.98876955971643
1636121947880,2021-11-05T10:19:07.880,60.84,-0.14276854732186312,12.566723694439652,-18.682475760398788
1636121947890,2021-11-05T10:19:07.890,60.85,-0.0695066298410195,12.689608217143402,-18.323901032522045
1636121947900,2021-11-05T10:19:07.900,60.86,-0.06785156360014158,12.772914400070963,-18.00496513181527
1636121947910,2021-11-05T10:19:07.910,60.87,0.07499712059185343,12.815552246802971,-17.76388217265357
1636121947920,2021-11-05T10:19:07.920,60.88,0.044877718650436785,12.720999899824717,-17.688142125750968
1636121947930,2021-11-05T10:19:07.930,60.89,-0.6375471791842626,12.247942796107672,-17.837661074710418
1636121947940,2021-11-05T10:19:07.940,60.9,-1.889914280624623,11.186621704484637,-18.046384504730334
1636121947950,2021-11-05T10:19:07.950,60.91,-3.073919774259019,9.57165568789625,-17.96567686445278
1636121947960,2021-11-05T10:19:07.960,60.92,-3.5787018036351244,7.66116221202334,-17.35209585290874
1636121947970,2021-11-05T10:19:07.970,60.93,-3.2445795735442617,5.739523835518289,-16.239628727825515
1636121947980,2021-11-05T10:19:07.980,60.94,-2.4952793546544587,3.946133131799213,-14.854586237712681
1636121947990,2021-11-05T10:19:07.990,60.95,-2.100082317591373,2.17876521135269,-13.40987042936607
1636121948000,2021-11-05T10:19:08.000,60.96,-2.4240601072616066,0.09456198847148695,-11.90037178992836
1636121948010,2021-11-05T10:19:08.010,60.97,-3.0621984922815377,-2.744745901379866,-10.103871942159081
1636121948020,2021-11-05T10:19:08.020,60.98,-3.750647208803077,-6.659751269136233,-7.931565938190859
1636121948030,2021-11-05T10:19:08.030,60.99,-5.09695336621457,-11.682448054827567,-5.644534876639541
1636121948040,2021-11-05T10:19:08.040,61.0,-7.343864166802497,-17.4760644265001,-3.416018114281615
1636121948050,2021-11-05T10:19:08.050,61.01,-9.060256798246478,-23.40511645086422,-0.8792571263947184
1636121948060,2021-11-05T10:19:08.060,61.02,-8.57085032225449,-28.778531296801248,2.455200207673882
1636121948070,2021-11-05T10:19:08.070,61.03,-6.274719480654981,-33.18879024847213,6.5152535248427235
1636121948080,2021-11-05T10:19:08.080,61.04,-4.252939469886222,-36.77010308895349,10.819845562017619
1636121948090,2021-11-05T10:19:08.090,61.05,-4.016447142165292,-40.09519108301192,15.128558034999624
1636121948100,2021-11-05T10:19:08.100,61.06,-5.509428398297777,-43.64103860900787,19.56337900374268
1636121948110,2021-11-05T10:19:08.110,61.07,-7.7194670326038555,-47.30687588411583,24.220344095737612
1636121948120,2021-11-05T10:19:08.120,61.08,-9.569827240988733,-50.53314130700208,28.968651228115775
1636121948130,2021-11-05T10:19:08.130,61.09,-10.540184763760902,-52.849096075113984,33.624228576975476
1636121948140,2021-11-05T10:19:08.140,61.1,-10.808332957920115,-54.19725623555566,38.14393444483367
1636121948150,2021-11-05T10:19:08.150,61.11,-10.890163607896218,-54.80082399965698,42.56932972406051
1636121948160,2021-11-05T10:19:08.160,61.12,-11.178628981111284,-54.891504220598335,46.85496908128181
1636121948170,2021-11-05T10:19:08.170,61.13,-11.733069713423351,-54.596603125657985,50.85296388777021
1636121948180,2021-11-05T10:19:08.180,61.14,-12.512554042112333,-53.99872426780903,54.40235870706435
1636121948190,2021-11-05T10:19:08.190,61.15,-13.67641891107025,-53.19061818180623,57.34775246103945
1636121948200,2021-11-05T10:19:08.200,61.16,-15.11387454471722,-52.17248080246162,59.59166294658172
1636121948210,2021-11-05T10:19:08.210,61.17,-15.868207223260288,-50.762558752148266,61.195532270211416
1636121948220,2021-11-05T10:19:08.220,61.18,-15.059460847590849,-48.79828201060008,62.25581344467149
1636121948230,2021-11-05T10:19:08.230,61.19,-13.25371986384827,-46.40714261668285,62.67730237916786
1636121948240,2021-11-05T10:19:08.240,61.2,-11.797244318241503,-43.91278608602447,62.32586454175525
1636121948250,2021-11-05T10:19:08.250,61.21,-11.061374522782073,-41.52614718570342,61.404803674487766
1636121948260,2021-11-05T10:19:08.260,61.22,-10.465272354585592,-39.28505042229294,60.42887105190779
1636121948270,2021-11-05T10:19:08.270,61.23,-9.789066790740181,-37.238100330324706,59.82092940166032
1636121948280,2021-11-05T10:19:08.280,61.24,-9.25895503425146,-35.524954289085755,59.65953875283299
1636121948290,2021-11-05T10:19:08.290,61.25,-8.690676036086455,-34.23618024800994,59.681256188870066
1636121948300,2021-11-05T10:19:08.300,61.26,-7.730324708262731,-33.27939037612896,59.33665168687171
1636121948310,2021-11-05T10:19:08.310,61.27,-6.786792119196376,-32.481723290290816,57.9917854879362
1636121948320,2021-11-05T10:19:08.320,61.28,-6.6174971221746475,-31.78359881456047,55.39277030162603
1636121948330,2021-11-05T10:19:08.330,61.29,-6.923434574801296,-31.203110241278647,51.96246480838229
1636121948340,2021-11-05T10:19:08.340,61.3,-6.460621901985396,-30.6637956051619,48.408711319574635
1636121948350,2021-11-05T10:19:08.350,61.31,-4.960531055114583,-30.023491232617936,45.060446011552536
1636121948360,2021-11-05T10:19:08.360,61.32,-3.8604716207578775,-29.224887416854585,41.907162090349345
1636121948370,2021-11-05T10:19:08.370,61.33,-4.282321596516236,-28.267310231786947,39.21561333362125
1636121948380,2021-11-05T10:19:08.380,61.34,-5.315241141116533,-27.066906187812712,37.45295317702801
1636121948390,2021-11-05T10:19:08.390,61.35,-5.593683409517282,-25.44403718422588,36.337925262963076
1636121948400,2021-11-05T10:19:08.400,61.36,-5.5438566172135655,-23.235862259721422,34.65133242934464
1636121948410,2021-11-05T10:19:08.410,61.37,-6.320123367035087,-20.40126018474717,31.533175053552405
1636121948420,2021-11-05T10:19:08.420,61.38,-7.5239268581081165,-17.045284311458268,27.455578824420613
1636121948430,2021-11-05T10:19:08.430,61.39,-8.019457744866322,-13.360938994750182,23.37477514483374
1636121948440,2021-11-05T10:19:08.440,61.4,-8.103007850015732,-9.527995303794551,19.44993864423168
1636121948450,2021-11-05T10:19:08.450,61.41,-8.805811280793613,-5.608829435986546,15.233014924755775
1636121948460,2021-11-05T10:19:08.460,61.42,-9.829154517688671,-1.5492698414918102,10.694057472460665
1636121948470,2021-11-05T10:19:08.470,61.43,-10.109453298963349,2.605955099674115,6.323860549400507
1636121948480,2021-11-05T10:19:08.480,61.44,-9.831014595745309,6.52385358101113,2.377955414749036
1636121948490,2021-11-05T10:19:08.490,61.45,-10.048934636062214,9.787056283602551,-1.3071402165780337
1636121948500,2021-11-05T10:19:08.500,61.46,-10.664727553368664,12.25008731180508,-4.705775920888562
1636121948510,2021-11-05T10:19:08.510,61.47,-10.520581041583526,13.99814748706694,-7.426610730418497
1636121948520,2021-11-05T10:19:08.520,61.48,-9.422980126705411,15.038507535943765,-9.330712241081578
1636121948530,2021-11-05T10:19:08.530,61.49,-8.495193669143136,15.278434619652678,-10.79718428368211
1636121948540,2021-11-05T10:19:08.540,61.5,-8.395858403484402,14.755241917227227,-12.11535811509972
1636121948550,2021-11-05T10:19:08.550,61.51,-8.473739920454424,13.663656577559262,-13.032881161623061
1636121948560,2021-11-05T10:19:08.560,61.52,-7.954351887585952,12.184684740503052,-13.171514703910162
1636121948570,2021-11-05T10:19:08.570,61.53,-7.009537530720701,10.470132834284978,-12.577578143134495
1636121948580,2021-11-05T10:19:08.580,61.54,-6.190154945281629,8.775135080535147,-11.605598837177524
1636121948590,2021-11-05T10:19:08.590,61.55,-5.429649707073427,7.4565734735234885,-10.50164076448015
1636121948600,2021-11-05T10:19:08.600,61.56,-4.351544397062608,6.831973672085789,-9.403315757950521
1636121948610,2021-11-05T10:19:08.610,61.57,-3.2519083908958994,7.0840245589396424,-8.571366806743438
1636121948620,2021-11-05T10:19:08.620,61.58,-2.8202577729709724,8.22629668206531,-8.236335558092833
1636121948630,2021-11-05T10:19:08.630,61.59,-2.9767766462078535,10.11333066901841,-8.284692109093957
1636121948640,2021-11-05T10:19:08.640,61.6,-2.9795455238097173,12.56867213358652,-8.427362343352636
1636121948650,2021-11-05T10:19:08.650,61.61,-2.587845481913579,15.510745031268328,-8.570112596997117
1636121948660,2021-11-05T10:19:08.660,61.62,-2.1638778959662486,18.851469685159437,-8.710591489026395
1636121948670,2021-11-05T10:19:08.670,61.63,-1.841030479692086,22.311150943247796,-8.667309462247669
1636121948680,2021-11-05T10:19:08.680,61.64,-1.4580508572669277,25.47721645577691,-8.277849369150575
1636121948690,2021-11-05T10:19:08.690,61.65,-1.0406410739365985,28.041716913354698,-7.720791879328907
1636121948700,2021-11-05T10:19:08.700,61.66,-0.6959219129478093,29.909695295484767,-7.330954629949358
1636121948710,2021-11-05T10:19:08.710,61.67,-0.2704270705320903,31.136965449258298,-7.221509081968605
1636121948720,2021-11-05T10:19:08.720,61.68,0.5019279806095674,31.852252678576605,-7.352341242826442
1636121948730,2021-11-05T10:19:08.730,61.69,1.6260510624852886,32.192633680355,-7.761685858883874
1636121948740,2021-11-05T10:19:08.740,61.7,2.78488258155162,32.21446139704757,-8.290843876756533
1636121948750,2021-11-05T10:19:08.750,61.71,3.671657276392221,31.858649984266037,-8.344850602758674
1636121948760,2021-11-05T10:19:08.760,61.72,4.288038137040885,31.047858947467468,-7.650225798145046
1636121948770,2021-11-05T10:19:08.770,61.73,4.795363026434422,29.80191653811087,-6.906670732204221
1636121948780,2021-11-05T10:19:08.780,61.74,5.216836268421808,28.213616945060604,-6.771000176702775
1636121948790,2021-11-05T10:19:08.790,61.75,5.458552195966319,26.349319096377457,-6.75897582599865
1636121948800,2021-11-05T10:19:08.800,61.76,5.447864178159082,24.25819767036214,-6.12375043090705
1636121948810,2021-11-05T10:19:08.810,61.77,5.137926845043253,22.07491826249713,-5.046891921444505
1636121948820,2021-11-05T10:19:08.820,61.78,4.563492212026416,20.015723355617485,-4.096984153848218
1636121948830,2021-11-05T10:19:08.830,61.79,3.886410924928792,18.227469797954466,-3.3204226304100106
1636121948840,2021-11-05T10:19:08.840,61.8,3.242009555522783,16.70714368800966,-2.532154460548906
1636121948850,2021-11-05T10:19:08.850,61.81,2.7186930765251733,15.410857757119791,-1.8416729632907436
1636121948860,2021-11-05T10:19:08.860,61.82,2.530626570457488,14.355589462146584,-1.4293748686686063
1636121948870,2021-11-05T10:19:08.870,61.83,2.78857196304197,13.536625598248762,-1.2444983287433873
1636121948880,2021-11-05T10:19:08.880,61.84,3.1127279997469364,12.818193832702729,-1.170555059969853
1636121948890,2021-11-05T10:19:08.890,61.85,3.0295503916785487,12.017970444319573,-1.1596356722914225
1636121948900,2021-11-05T10:19:08.900,61.86,2.6431514633225284,11.087726353051995,-1.0809820003970274
1636121948910,2021-11-05T10:19:08.910,61.87,2.338893190426293,10.141521526884356,-0.7186285851672038
1636121948920,2021-11-05T10:19:08.920,61.88,2.0964325619594573,9.323225482739314,-0.020881874553105445
1636121948930,2021-11-05T10:19:08.930,61.89,1.710174293059151,8.698083754888541,0.8387771764900512
1636121948940,2021-11-05T10:19:08.940,61.9,1.3833232883251787,8.24949890134413,1.706635091044113
1636121948950,2021-11-05T10:19:08.950,61.91,1.481394198038211,7.92889771680334,2.59741359202559
1636121948960,2021-11-05T10:19:08.960,61.92,1.8415359811749934,7.702205737880389,3.543399507897663
1636121948970,2021-11-05T10:19:08.970,61.93,1.8586482018494102,7.568459453293311,4.457201385106924
1636121948980,2021-11-05T10:19:08.980,61.94,1.3394500328433232,7.55462773193254,5.272167158104114
1636121948990,2021-11-05T10:19:08.990,61.95,0.8297849992748061,7.690707569218579,6.091376790012538
1636121949000,2021-11-05T10:19:09.000,61.96,0.7994541129211431,7.958118098286416,7.018961774316072
1636121949010,2021-11-05T10:19:09.010,61.97,0.940820989329967,8.258814574210824,7.953558763843658
1636121949020,2021-11-05T10:19:09.020,61.98,0.742012589358493,8.462186952218165,8.744551331085267
1636121949030,2021-11-05T10:19:09.030,61.99,0.24137700432661618,8.477154977964586,9.416034698203424
1636121949040,2021-11-05T10:19:09.040,62.0,-0.33121439338371855,8.273450697940328,10.038860725546101
1636121949050,2021-11-05T10:19:09.050,62.01,-1.016193272354775,7.866681884537781,10.56732495551855
1636121949060,2021-11-05T10:19:09.060,62.02,-1.692204250614223,7.301165467756052,10.987624060548091
1636121949070,2021-11-05T10:19:09.070,62.03,-1.9042618799208693,6.64770593030007,11.405397327831139
1636121949080,2021-11-05T10:19:09.080,62.04,-1.5383786629177263,6.014427193429311,11.828184195543106
1636121949090,2021-11-05T10:19:09.090,62.05,-1.026751065245722,5.4982591720191065,12.069707603684517
1636121949100,2021-11-05T10:19:09.100,62.06,-0.7596434093363759,5.080493747936691,11.968044245485295
1636121949110,2021-11-05T10:19:09.110,62.07,-0.8215124095524922,4.655800426312661,11.542088910823473
1636121949120,2021-11-05T10:19:09.120,62.08,-1.1561226603596853,4.215806301417439,10.924410433763498
1636121949130,2021-11-05T10:19:09.130,62.09,-1.5723179199818076,3.88623814742202,10.27357094804011
1636121949140,2021-11-05T10:19:09.140,62.1,-1.8049214801271098,3.7376367908014743,9.73597733609344
1636121949150,2021-11-05T10:19:09.150,62.11,-1.8035584278774364,3.691378461873061,9.400966759895516
1636121949160,2021-11-05T10:19:09.160,62.12,-1.8019850599066747,3.640173364010818,9.275329207585457
1636121949170,2021-11-05T10:19:09.170,62.13,-2.0264036734714224,3.5370942741496267,9.308283792222346
1636121949180,2021-11-05T10:19:09.180,62.14,-2.3890964941701522,3.354813224987499,9.463113231692262
1636121949190,2021-11-05T10:19:09.190,62.15,-2.544833680815642,3.058309570526745,9.772440816482778
1636121949200,2021-11-05T10:19:09.200,62.16,-2.3452394673364703,2.6322583092591225,10.243194160760764
1636121949210,2021-11-05T10:19:09.210,62.17,-2.038538987567331,2.1009599207116016,10.6882990313228
1636121949220,2021-11-05T10:19:09.220,62.18,-1.7938083298599792,1.5447228698788873,10.799801910259685
1636121949230,2021-11-05T10:19:09.230,62.19,-1.3783676223639563,1.086439025575252,10.450637067251188
1636121949240,2021-11-05T10:19:09.240,62.2,-0.5825711002655934,0.7955628142275463,9.773948149033613
1636121949250,2021-11-05T10:19:09.250,62.21,0.4272150335273455,0.6245540600679969,8.837814614893464
1636121949260,2021-11-05T10:19:09.260,62.22,1.3261233136596027,0.4915741609163912,7.35455219546447
1636121949270,2021-11-05T10:19:09.270,62.23,1.8759992895319304,0.3620612883006716,4.906477296750647
1636121949280,2021-11-05T10:19:09.280,62.24,2.096273275786741,0.20109572661072114,1.4700911972070259
1636121949290,2021-11-05T10:19:09.290,62.25,2.4231631831137115,-0.06874864585191949,-2.512341817352572
1636121949300,2021-11-05T10:19:09.300,62.26,3.2533872166942843,-0.5141675462295257,-6.651607398213921
1636121949310,2021-11-05T10:19:09.310,62.27,4.262757550231245,-1.144209312769798,-10.871840731013489
1636121949320,2021-11-05T10:19:09.320,62.28,4.9261917244027575,-1.8934540502693489,-15.019888625393538
1636121949330,2021-11-05T10:19:09.330,62.29,5.503868899379325,-2.5793436868383424,-18.71201631918591
1636121949340,2021-11-05T10:19:09.340,62.3,6.426601284775924,-2.9246710046747424,-21.880317202575633
1636121949350,2021-11-05T10:19:09.350,62.31,7.222007558373331,-2.7269456380321007,-24.92889907990201
1636121949360,2021-11-05T10:19:09.360,62.32,7.340486854615287,-2.0131598105104014,-27.944983811633456
1636121949370,2021-11-05T10:19:09.370,62.33,7.208598901768383,-1.014965952850352,-30.33190158373639
1636121949380,2021-11-05T10:19:09.380,62.34,7.314259649137191,-0.035727444233643296,-31.622165307051823
1636121949390,2021-11-05T10:19:09.390,62.35,7.46348864474327,0.6743963273987761,-32.01399919705487
1636121949400,2021-11-05T10:19:09.400,62.36,7.667340131189345,1.0223414774620818,-31.772442892503214
1636121949410,2021-11-05T10:19:09.410,62.37,8.29585419962081,1.1300296664994711,-30.84902688193958
1636121949420,2021-11-05T10:19:09.420,62.38,9.144648416965932,1.285384403026665,-29.43594622184295
1636121949430,2021-11-05T10:19:09.430,62.39,9.642151160546375,1.7992004368633936,-28.13061895065645
1636121949440,2021-11-05T10:19:09.440,62.4,9.704907154876494,2.856964937463763,-27.111347642585045
1636121949450,2021-11-05T10:19:09.450,62.41,9.594655992277618,4.408767843141938,-25.750606298719184
1636121949460,2021-11-05T10:19:09.460,62.42,9.395096282464788,6.076253017671425,-23.53486374123434
1636121949470,2021-11-05T10:19:09.470,62.43,8.932973381546292,7.1564317430051005,-20.949018102839798
1636121949480,2021-11-05T10:19:09.480,62.44,8.056798406263585,6.874216739368549,-18.883561794239636
1636121949490,2021-11-05T10:19:09.490,62.45,7.137910313133663,4.754683713808667,-17.386519453455563
1636121949500,2021-11-05T10:19:09.500,62.46,7.082205848490754,0.722525350469283,-15.648491145264936
1636121949510,2021-11-05T10:19:09.510,62.47,8.387827888710913,-5.121578934945671,-13.198381315893588
1636121949520,2021-11-05T10:19:09.520,62.48,10.491193635798165,-12.615512952153882,-10.394922114376083
1636121949530,2021-11-05T10:19:09.530,62.49,12.604840158325835,-21.345576700614206,-7.570650889544671
1636121949540,2021-11-05T10:19:09.540,62.5,14.855641424833623,-30.524773944507587,-4.488288082957299
1636121949550,2021-11-05T10:19:09.550,62.51,17.746622979227382,-39.248452245120745,-1.067140807777561
1636121949560,2021-11-05T10:19:09.560,62.52,20.745753303298,-46.90000302663907,2.0689877471992046
1636121949570,2021-11-05T10:19:09.570,62.53,22.635109060053086,-53.29285128453854,4.314374483187656
1636121949580,2021-11-05T10:19:09.580,62.54,23.231004826705217,-58.462782171781555,5.748490833134445
1636121949590,2021-11-05T10:19:09.590,62.55,23.407475186627448,-62.42041717151769,6.540221881147776
1636121949600,2021-11-05T10:19:09.600,62.56,23.45564139061147,-65.15046658183755,6.294426903271642
1636121949610,2021-11-05T10:19:09.610,62.57,22.90248901093174,-66.72934682138536,4.697752375881931
1636121949620,2021-11-05T10:19:09.620,62.58,21.918644669451986,-67.29886404496602,2.408269298252975
1636121949630,2021-11-05T10:19:09.630,62.59,21.319913556964764,-66.9552493096879,0.5271436543562518
1636121949640,2021-11-05T10:19:09.640,62.6,21.0259406528962,-65.71950264589358,-0.6477393849108403
1636121949650,2021-11-05T10:19:09.650,62.61,20.062060384338878,-63.554878228538534,-1.5746685010700032
1636121949660,2021-11-05T10:19:09.660,62.62,18.380515083806372,-60.410004939852136,-2.277504129678335
1636121949670,2021-11-05T10:19:09.670,62.63,16.982781623835855,-56.36958305144382,-2.2405871803292596
1636121949680,2021-11-05T10:19:09.680,62.64,15.728054040997232,-51.82403366318908,-1.6761957268823844
1636121949690,2021-11-05T10:19:09.690,62.65,13.134793329271835,-47.39043156971353,-1.6781723050133717
1636121949700,2021-11-05T10:19:09.700,62.66,9.327630956368777,-43.52806794191049,-2.623896797244445
1636121949710,2021-11-05T10:19:09.710,62.67,6.76428218667642,-40.209446349462944,-3.607275468461449
1636121949720,2021-11-05T10:19:09.720,62.68,6.57968585930168,-37.03385116427124,-3.95301330052549
1636121949730,2021-11-05T10:19:09.730,62.69,6.595450353338319,-33.67417007513849,-4.010671512795946
1636121949740,2021-11-05T10:19:09.740,62.7,4.694461722415746,-30.16079033870449,-3.995753624491443
1636121949750,2021-11-05T10:19:09.750,62.71,2.090243222174574,-26.724033986514655,-3.50088802346954
1636121949760,2021-11-05T10:19:09.760,62.72,1.3363620285381779,-23.488374208563016,-2.590656077102492
1636121949770,2021-11-05T10:19:09.770,62.73,2.5045221107633044,-20.486856232425172,-1.9066322990755724
1636121949780,2021-11-05T10:19:09.780,62.74,3.0987894645044114,-17.854327272963214,-1.5970735176089637
1636121949790,2021-11-05T10:19:09.790,62.75,0.9829244738891658,-15.673665247889737,-1.5954137439423102
1636121949800,2021-11-05T10:19:09.800,62.76,-3.7050623413150032,-13.70353419466273,-2.317816655584411
1636121949810,2021-11-05T10:19:09.810,62.77,-8.638230199037334,-11.629014693652067,-3.533337264397829
1636121949820,2021-11-05T10:19:09.820,62.78,-10.915531408426355,-9.460905059356252,-3.8314366239706894
1636121949830,2021-11-05T10:19:09.830,62.79,-10.077080092549515,-7.37584393425578,-2.75600634434453
1636121949840,2021-11-05T10:19:09.840,62.8,-9.038713679813569,-5.461847150742761,-1.886157465029751
1636121949850,2021-11-05T10:19:09.850,62.81,-10.070976377332073,-3.904924957772228,-2.5443201946449303
1636121949860,2021-11-05T10:19:09.860,62.82,-11.586548637305826,-2.983589285245574,-4.131966728332319
1636121949870,2021-11-05T10:19:09.870,62.83,-11.259275029725611,-2.5996136833823025,-5.641080484380789
1636121949880,2021-11-05T10:19:09.880,62.84,-9.631836429072655,-2.227565244696516,-7.1187314438732425
1636121949890,2021-11-05T10:19:09.890,62.85,-8.466282119793174,-1.4922618248130906,-8.952107374194924
1636121949900,2021-11-05T10:19:09.900,62.86,-8.29110058472351,-0.46154084196155776,-11.024703728773416
1636121949910,2021-11-05T10:19:09.910,62.87,-8.628563252325002,0.6236391501140096,-12.893285458393493
1636121949920,2021-11-05T10:19:09.920,62.88,-8.55460255968997,1.5766951962849867,-14.055768217749074
1636121949930,2021-11-05T10:19:09.930,62.89,-7.548675487567188,2.2451605122591856,-14.297363651084002
1636121949940,2021-11-05T10:19:09.940,62.9,-6.7084716546834535,2.5084885191865056,-14.09928039081008
1636121949950,2021-11-05T10:19:09.950,62.91,-7.257744939720322,2.3319845968613824,-14.05148594277889
1636121949960,2021-11-05T10:19:09.960,62.92,-8.175867895766189,1.7310755886038607,-13.85300198316638
1636121949970,2021-11-05T10:19:09.970,62.93,-7.850941577442502,0.6241774813434788,-12.818439964324696
1636121949980,2021-11-05T10:19:09.980,62.94,-6.836048497719792,-1.2412773367310401,-11.298799623994299
1636121949990,2021-11-05T10:19:09.990,62.95,-6.57594091334385,-4.0179967070398925,-10.599110731725208
1636121950000,2021-11-05T10:19:10.000,62.96,-7.128944024723969,-7.320971360434886,-11.36489545012797
1636121950010,2021-11-05T10:19:10.010,62.97,-7.652346836693172,-10.341160905188431,-12.680729601851677
1636121950020,2021-11-05T10:19:10.020,62.98,-7.342673583328853,-12.580261924786349,-12.940432328894385
1636121950030,2021-11-05T10:19:10.030,62.99,-5.827652559373381,-14.153267294508511,-11.503670330316464
1636121950040,2021-11-05T10:19:10.040,63.0,-4.314254718435613,-15.230510297494707,-9.416629452186935
1636121950050,2021-11-05T10:19:10.050,63.01,-4.905324008539562,-15.682970914980803,-8.140303812009803
1636121950060,2021-11-05T10:19:10.060,63.02,-7.317454016213078,-15.477310784557481,-7.666671560384648
1636121950070,2021-11-05T10:19:10.070,63.03,-8.900887667403945,-14.895784860234727,-6.811946673180281
1636121950080,2021-11-05T10:19:10.080,63.04,-8.959765904318965,-14.25402926919273,-5.293374726517543
1636121950090,2021-11-05T10:19:10.090,63.05,-9.505794109263364,-13.961751838395339,-4.093965384654634
1636121950100,2021-11-05T10:19:10.100,63.06,-10.949061569313091,-14.668225821391305,-3.658914589879364
1636121950110,2021-11-05T10:19:10.110,63.07,-11.065283993395186,-16.414007609157448,-3.267271193308618
1636121950120,2021-11-05T10:19:10.120,63.08,-9.150366164430539,-18.00494352341795,-2.472820019996461
1636121950130,2021-11-05T10:19:10.130,63.09,-7.575639504634809,-18.513408299303503,-1.826304378531712
1636121950140,2021-11-05T10:19:10.140,63.1,-8.123905365716915,-18.724963025596093,-1.7866911955004325
1636121950150,2021-11-05T10:19:10.150,63.11,-9.524247108775322,-19.557695395535998,-1.9620169307859818
1636121950160,2021-11-05T10:19:10.160,63.12,-9.932238313151899,-20.2037135205493,-1.898034037819208
1636121950170,2021-11-05T10:19:10.170,63.13,-9.765617738112628,-19.525642519598264,-1.8080534695128696
1636121950180,2021-11-05T10:19:10.180,63.14,-10.15235510830322,-17.965561751999978,-1.946138404028778
1636121950190,2021-11-05T10:19:10.190,63.15,-10.191511920489566,-16.681891251174733,-1.9404052276891612
1636121950200,2021-11-05T10:19:10.200,63.16,-8.343549725590726,-16.020156782759052,-1.4420423669924172
1636121950210,2021-11-05T10:19:10.210,63.17,-5.450504092459127,-15.694646536240672,-0.9125014961155641
1636121950220,2021-11-05T10:19:10.220,63.18,-3.8723742638738834,-15.487902007908732,-1.0950457789994887
1636121950230,2021-11-05T10:19:10.230,63.19,-4.348284365228734,-15.24803898514846,-2.0043936188769647
1636121950240,2021-11-05T10:19:10.240,63.2,-5.4229427665432794,-14.778715818740627,-2.8669813829661797
1636121950250,2021-11-05T10:19:10.250,63.21,-5.237672898352216,-14.036364037016533,-2.8957864699214126
1636121950260,2021-11-05T10:19:10.260,63.22,-3.0890771880722303,-13.28535930310051,-2.0088757379325917
1636121950270,2021-11-05T10:19:10.270,63.23,-0.22415748934355662,-12.986324688734154,-0.9686451245760059
1636121950280,2021-11-05T10:19:10.280,63.24,0.9106494515559715,-13.416058119525477,-0.7237061700853874
1636121950290,2021-11-05T10:19:10.290,63.25,-0.47381073903557436,-14.25225647141908,-1.3953486751801925
1636121950300,2021-11-05T10:19:10.300,63.26,-2.134189340386267,-14.67648050939675,-2.14392655883261
1636121950310,2021-11-05T10:19:10.310,63.27,-1.754263532905136,-14.06987566877688,-2.2334435014260166
1636121950320,2021-11-05T10:19:10.320,63.28,0.1414159453766185,-12.49148026774646,-1.8205767569520308
1636121950330,2021-11-05T10:19:10.330,63.29,1.7793312675833965,-10.44513724044169,-1.4383639233974779
1636121950340,2021-11-05T10:19:10.340,63.3,2.725838695235106,-8.469181598351646,-1.2371584077219382
1636121950350,2021-11-05T10:19:10.350,63.31,3.2401544666850395,-6.955381682611659,-1.17071420441944
1636121950360,2021-11-05T10:19:10.360,63.32,3.0354933696363737,-5.888671978999561,-1.3830789706437123
1636121950370,2021-11-05T10:19:10.370,63.33,2.2809059855702967,-4.57257299846362,-1.790289201520316
1636121950380,2021-11-05T10:19:10.380,63.34,2.0779302382039337,-1.9229573923627463,-1.8724326265173459
1636121950390,2021-11-05T10:19:10.390,63.35,2.76918455534545,2.8233416607972517,-1.6414373140237366
1636121950400,2021-11-05T10:19:10.400,63.36,3.3185194572491605,9.753333970562569,-2.0320362881402194
1636121950410,2021-11-05T10:19:10.410,63.37,2.9708908981741393,18.328563823978513,-3.4714536427409035
1636121950420,2021-11-05T10:19:10.420,63.38,1.9767865222407472,27.41944425757459,-5.122569919652694
1636121950430,2021-11-05T10:19:10.430,63.39,0.27782236821029554,35.613178806955275,-6.424427948278378
1636121950440,2021-11-05T10:19:10.440,63.4,-2.5651850767456557,42.19483847377494,-7.991443027026365
1636121950450,2021-11-05T10:19:10.450,63.41,-5.153505963067546,47.959601922270025,-10.085925523390653
1636121950460,2021-11-05T10:19:10.460,63.42,-4.540248182004034,54.63446792758734,-11.845051930017817
1636121950470,2021-11-05T10:19:10.470,63.43,-0.7361346808598441,63.2822530955259,-12.983327343371707
1636121950480,2021-11-05T10:19:10.480,63.44,1.9553972480862754,73.37509164414968,-14.603592418237488
1636121950490,2021-11-05T10:19:10.490,63.45,0.41297608011295367,83.33018431477123,-17.42064684353122
1636121950500,2021-11-05T10:19:10.500,63.46,-3.5907900487622877,91.65794320378903,-20.70203481785093
1636121950510,2021-11-05T10:19:10.510,63.47,-7.021302378542371,97.76353421923004,-23.691580239794416
1636121950520,2021-11-05T10:19:10.520,63.48,-9.334151129562821,102.27031130893894,-26.697511563887556
1636121950530,2021-11-05T10:19:10.530,63.49,-10.626478090740788,106.74002746892307,-30.11286597657393
1636121950540,2021-11-05T10:19:10.540,63.5,-9.598388679896031,112.5648318613497,-33.52584924973654
1636121950550,2021-11-05T10:19:10.550,63.51,-6.081132384405672,119.80842262730602,-36.48014065537787
1636121950560,2021-11-05T10:19:10.560,63.52,-3.057482137485323,127.29417693295733,-39.184581923423536
1636121950570,2021-11-05T10:19:10.570,63.53,-3.2293875303622706,133.73016449730372,-41.79224362299082
1636121950580,2021-11-05T10:19:10.580,63.54,-5.443892668651167,138.2704055511923,-43.86516834666332
1636121950590,2021-11-05T10:19:10.590,63.55,-7.175573517710666,140.15884538005898,-45.25282115424067
1636121950600,2021-11-05T10:19:10.600,63.56,-8.007063928281536,138.85967578430714,-46.448857950698894
1636121950610,2021-11-05T10:19:10.610,63.57,-7.660169822153264,134.9516124239264,-47.32042999675216
1636121950620,2021-11-05T10:19:10.620,63.58,-4.119355563227205,130.09019981185048,-46.7875012383778
1636121950630,2021-11-05T10:19:10.630,63.59,2.470538169306201,125.53629768426924,-44.622132913628434
1636121950640,2021-11-05T10:19:10.640,63.6,7.6523142951861365,121.19068784005601,-42.16731937716553
1636121950650,2021-11-05T10:19:10.650,63.61,8.181912039338018,116.31624288012038,-40.4195302597371
1636121950660,2021-11-05T10:19:10.660,63.62,6.302042264580611,110.57532845226635,-38.78884231197988
1636121950670,2021-11-05T10:19:10.670,63.63,5.527777748953245,104.03729474646104,-36.563365555161994
1636121950680,2021-11-05T10:19:10.680,63.64,5.94951468024152,96.7798760926689,-34.273396231780076
1636121950690,2021-11-05T10:19:10.690,63.65,6.434670482093107,88.99522428997432,-32.7382658844526
1636121950700,2021-11-05T10:19:10.700,63.66,7.534717849972489,81.24476907014636,-31.801615285028447
1636121950710,2021-11-05T10:19:10.710,63.67,9.424248709102127,74.2541721559515,-30.821830692416544
1636121950720,2021-11-05T10:19:10.720,63.68,10.471907770100183,68.44939592531102,-29.71814599681919
1636121950730,2021-11-05T10:19:10.730,63.69,10.041233821606715,63.72172949229463,-28.902023809204003
1636121950740,2021-11-05T10:19:10.740,63.7,9.547580896194297,59.58304620574063,-28.604712193913006
1636121950750,2021-11-05T10:19:10.750,63.71,9.683956038128606,55.62586828508516,-28.68434208087031
1636121950760,2021-11-05T10:19:10.760,63.72,9.671963693618096,51.96736165178717,-28.860872069977134
1636121950770,2021-11-05T10:19:10.770,63.73,9.340969518930644,49.206457518913155,-29.060126759808284
1636121950780,2021-11-05T10:19:10.780,63.74,9.296002689782533,47.89119333220707,-29.79674345624558
1636121950790,2021-11-05T10:19:10.790,63.75,9.568405829644966,48.119603769297996,-31.837679881623497
1636121950800,2021-11-05T10:19:10.800,63.76,9.827737284995987,49.64326206066122,-34.75238594445639
1636121950810,2021-11-05T10:19:10.810,63.77,10.000308237969284,52.07548950428529,-36.62530286374202
1636121950820,2021-11-05T10:19:10.820,63.78,9.810893719128616,54.798224621200255,-36.65977941881724
1636121950830,2021-11-05T10:19:10.830,63.79,8.668774553471508,56.892322596873406,-36.76439291472244
1636121950840,2021-11-05T10:19:10.840,63.8,6.453461165353319,57.581790360128515,-38.533324398177214
1636121950850,2021-11-05T10:19:10.850,63.81,3.969059894400255,56.86267185039374,-40.52518551513811
1636121950860,2021-11-05T10:19:10.860,63.82,2.564070043859809,55.4741323478775,-40.7211255187292
1636121950870,2021-11-05T10:19:10.870,63.83,3.197002235904714,54.12545816865915,-39.489735328443864
1636121950880,2021-11-05T10:19:10.880,63.84,5.4350845904806695,52.85586783220781,-38.29296628732851
1636121950890,2021-11-05T10:19:10.890,63.85,7.523595579035552,51.15646375330307,-37.469957208576396
1636121950900,2021-11-05T10:19:10.900,63.86,7.993320605048798,48.520670928468135,-36.53640323171629
1636121950910,2021-11-05T10:19:10.910,63.87,7.097648966665936,44.82502995088902,-35.28514832554341
1636121950920,2021-11-05T10:19:10.920,63.88,6.275316460038134,40.38054182009888,-33.88667981875231
1636121950930,2021-11-05T10:19:10.930,63.89,6.482710942553533,35.712974546187354,-32.57201149906195
1636121950940,2021-11-05T10:19:10.940,63.9,7.542549294751193,31.18720969555342,-31.497691581292635
1636121950950,2021-11-05T10:19:10.950,63.91,8.846596560231097,26.839505744906752,-30.70204633793302
1636121950960,2021-11-05T10:19:10.960,63.92,10.007238904961806,22.611070212174514,-30.15410009704258
1636121950970,2021-11-05T10:19:10.970,63.93,10.774911032099048,18.562073905349067,-29.852526498284966
1636121950980,2021-11-05T10:19:10.980,63.94,10.956917084821049,14.743786344766761,-29.765122048805672
1636121950990,2021-11-05T10:19:10.990,63.95,10.782971081344261,11.097370808238699,-29.69180450631997
1636121951000,2021-11-05T10:19:11.000,63.96,10.900907528898692,7.653502051481974,-29.37774278491838
1636121951010,2021-11-05T10:19:11.010,63.97,11.533189311967742,4.655933974924929,-28.82961649823691
1636121951020,2021-11-05T10:19:11.020,63.98,12.079328071298335,2.3448646094244276,-28.34356870609148
1636121951030,2021-11-05T10:19:11.030,63.99,12.091646722946999,0.7287329504061484,-28.10067999932125
1636121951040,2021-11-05T10:19:11.040,64.0,12.016708228821036,-0.3705979897051998,-27.930525509979994
1636121951050,2021-11-05T10:19:11.050,64.01,12.299853894942409,-1.166657642388328,-27.637833387843706
1636121951060,2021-11-05T10:19:11.060,64.02,12.513053778535877,-1.8564668206084982,-27.31509215659306
1636121951070,2021-11-05T10:19:11.070,64.03,12.1016973079314,-2.6196377582983077,-27.09916862899061
1636121951080,2021-11-05T10:19:11.080,64.04,11.240787333001116,-3.581747657596613,-26.871511156990678
1636121951090,2021-11-05T10:19:11.090,64.05,10.349764083343537,-4.769757126996724,-26.45922743648633
1636121951100,2021-11-05T10:19:11.100,64.06,9.486117923175495,-6.125608446191251,-25.886336195217105
1636121951110,2021-11-05T10:19:11.110,64.07,8.55214087760315,-7.638435213707542,-25.177429773694186
1636121951120,2021-11-05T10:19:11.120,64.08,7.380946416194749,-9.546068166610405,-24.137342919407462
1636121951130,2021-11-05T10:19:11.130,64.09,5.586074609750556,-12.3592495488001,-22.506700572814566
1636121951140,2021-11-05T10:19:11.140,64.1,2.9727621494146668,-16.58902610102613,-20.14128153707516
1636121951150,2021-11-05T10:19:11.150,64.11,-0.05746971040137666,-22.438747855234862,-16.94000970812522
1636121951160,2021-11-05T10:19:11.160,64.12,-2.6991111050929235,-29.696524834014163,-12.722711492551998
1636121951170,2021-11-05T10:19:11.170,64.13,-3.9613530113514255,-37.791959236496034,-7.270892473410276
1636121951180,2021-11-05T10:19:11.180,64.14,-3.2758679779117665,-46.01508014076765,-0.6256010171692155
1636121951190,2021-11-05T10:19:11.190,64.15,-1.6188567911274228,-53.84720756791416,6.642199036252784
1636121951200,2021-11-05T10:19:11.200,64.16,-0.9810510076747201,-61.098295181561426,13.841174231798817
1636121951210,2021-11-05T10:19:11.210,64.17,-2.074211666931223,-67.76879577968147,20.958719818437366
1636121951220,2021-11-05T10:19:11.220,64.18,-3.972389954673229,-73.95594891761145,28.524193837883427
1636121951230,2021-11-05T10:19:11.230,64.19,-6.244479371382667,-79.90705565880197,36.59898473498698
1636121951240,2021-11-05T10:19:11.240,64.2,-9.384582855231084,-85.9638008548917,44.676679687268035
1636121951250,2021-11-05T10:19:11.250,64.21,-12.81714553172089,-92.31754283954388,52.70149575873749
1636121951260,2021-11-05T10:19:11.260,64.22,-14.862576588289837,-98.83361887140512,61.168754757139375
1636121951270,2021-11-05T10:19:11.270,64.23,-15.361369321902243,-105.14739657630327,69.92019279954921
1636121951280,2021-11-05T10:19:11.280,64.24,-16.054188364578863,-110.85725912704729,77.90927587657822
1636121951290,2021-11-05T10:19:11.290,64.25,-17.628755899527647,-115.53182119254231,84.55435495040001
1636121951300,2021-11-05T10:19:11.300,64.26,-18.631837474863307,-118.6371449275792,90.27963808663029
1636121951310,2021-11-05T10:19:11.310,64.27,-17.97525493057458,-119.68569985082172,95.35653359714834
1636121951320,2021-11-05T10:19:11.320,64.28,-16.431897694371088,-118.56947153990617,99.33287206671376
1636121951330,2021-11-05T10:19:11.330,64.29,-15.274831105511119,-115.78723230940611,102.0793382008041
1636121951340,2021-11-05T10:19:11.340,64.3,-15.247908483309988,-112.34098186104981,104.40339005077138
1636121951350,2021-11-05T10:19:11.350,64.31,-16.75089858729367,-109.23357280400322,107.13149098526253
1636121951360,2021-11-05T10:19:11.360,64.32,-19.45136650700334,-106.88972498518307,110.30929045032877
1636121951370,2021-11-05T10:19:11.370,64.33,-22.06627347866029,-105.0794651289163,113.60313267798153
1636121951380,2021-11-05T10:19:11.380,64.34,-23.414664631247497,-103.33911493163845,116.85645729217258
1636121951390,2021-11-05T10:19:11.390,64.35,-22.972405482476052,-101.24865029794717,119.94187929121716
1636121951400,2021-11-05T10:19:11.400,64.36,-20.40911312974557,-98.36457921166499,122.37835542514034
1636121951410,2021-11-05T10:19:11.410,64.37,-16.036869584500867,-94.249817770569,123.35790510755649
1636121951420,2021-11-05T10:19:11.420,64.38,-11.47172882736646,-88.76159605753003,122.3064261749312
1636121951430,2021-11-05T10:19:11.430,64.39,-8.313766027404904,-82.25384212649641,119.46543221332726
1636121951440,2021-11-05T10:19:11.440,64.4,-6.72005849175571,-75.42318069290081,115.59616478772062
1636121951450,2021-11-05T10:19:11.450,64.41,-6.456152073616353,-68.89285601132525,110.9542340682432
1636121951460,2021-11-05T10:19:11.460,64.42,-7.805339301136222,-62.91428437329614,105.17681210690951
1636121951470,2021-11-05T10:19:11.470,64.43,-9.825444434396143,-57.47944172750236,98.66081512929611
1636121951480,2021-11-05T10:19:11.480,64.44,-9.887240348724784,-52.60923870169478,93.25512650868149
1636121951490,2021-11-05T10:19:11.490,64.45,-7.253226624102515,-48.36693383927097,90.50028131125397
1636121951500,2021-11-05T10:19:11.500,64.46,-4.884513877029233,-44.65708474956788,89.53273427880359
1636121951510,2021-11-05T10:19:11.510,64.47,-5.298474373415242,-41.227115449599665,87.79275629367903
1636121951520,2021-11-05T10:19:11.520,64.48,-7.0000301080301846,-37.90396006644263,83.61729790653976
1636121951530,2021-11-05T10:19:11.530,64.49,-7.230021159405423,-34.69697066617097,77.31022477126088
1636121951540,2021-11-05T10:19:11.540,64.5,-5.98828516512668,-31.649256287657668,70.11044313924747
1636121951550,2021-11-05T10:19:11.550,64.51,-5.356728728974101,-28.760588027517848,63.17620539078165
1636121951560,2021-11-05T10:19:11.560,64.52,-6.318258197277947,-26.14933628680774,57.45892277556199
1636121951570,2021-11-05T10:19:11.570,64.53,-7.745000001433777,-24.116278280178545,53.635344740879944
1636121951580,2021-11-05T10:19:11.580,64.54,-8.04472494314432,-22.871644790905773,51.7130712469674
1636121951590,2021-11-05T10:19:11.590,64.55,-6.990715418130463,-22.27866438892505,50.79715635169866
1636121951600,2021-11-05T10:19:11.600,64.56,-5.860717574672913,-21.9625074703032,49.51749498169973
1636121951610,2021-11-05T10:19:11.610,64.57,-5.943367210204945,-21.541769526865508,47.06058027852249
1636121951620,2021-11-05T10:19:11.620,64.58,-6.953188056642054,-20.679180594038108,43.92743090089458
1636121951630,2021-11-05T10:19:11.630,64.59,-7.175719936167933,-19.140960566580908,41.41130907217865
1636121951640,2021-11-05T10:19:11.640,64.6,-5.467604841449604,-17.034623099021797,40.167026150272406
1636121951650,2021-11-05T10:19:11.650,64.61,-2.7091831486956286,-14.89164998783642,39.516245136808564
1636121951660,2021-11-05T10:19:11.660,64.62,-0.7696186293254217,-13.306838579880997,38.20967361353144
1636121951670,2021-11-05T10:19:11.670,64.63,-0.5674412180777861,-12.465469149940768,35.5360230278408
1636121951680,2021-11-05T10:19:11.680,64.64,-1.703116902069501,-12.10549391901607,31.659867673321667
1636121951690,2021-11-05T10:19:11.690,64.65,-3.2106010309412634,-11.91920979907597,27.359248882794176
1636121951700,2021-11-05T10:19:11.700,64.66,-4.009722075755664,-11.829926923161537,23.620637453830465
1636121951710,2021-11-05T10:19:11.710,64.67,-3.4583730671636967,-11.814675751639863,21.089680812886492
1636121951720,2021-11-05T10:19:11.720,64.68,-2.086287726628,-11.658224127854876,19.64392171199984
1636121951730,2021-11-05T10:19:11.730,64.69,-1.0081547986512314,-11.068323840928072,18.69442482341358
1636121951740,2021-11-05T10:19:11.740,64.7,-0.20294138896270125,-9.956794771589493,17.985542431803527
1636121951750,2021-11-05T10:19:11.750,64.71,1.5627444121062506,-8.499618302994186,17.72219514806561
1636121951760,2021-11-05T10:19:11.760,64.72,4.47135126442959,-6.95097842271881,17.73482057006035
1636121951770,2021-11-05T10:19:11.770,64.73,6.610954800914055,-5.429414148680604,17.122130751855465
1636121951780,2021-11-05T10:19:11.780,64.74,6.369970084797213,-3.894131522472958,15.29236933952524
1636121951790,2021-11-05T10:19:11.790,64.75,4.7079616655803616,-2.333585306901438,12.880164834269848
1636121951800,2021-11-05T10:19:11.800,64.76,3.5201828498645527,-0.9044922366533306,10.907270791582453
1636121951810,2021-11-05T10:19:11.810,64.77,2.8217462286829167,0.19148895402502478,9.440669508108364
1636121951820,2021-11-05T10:19:11.820,64.78,1.5274387452460787,0.9402035524441057,7.888023373910506
1636121951830,2021-11-05T10:19:11.830,64.79,0.1936392911797964,1.5551221812254654,6.208058140537989
1636121951840,2021-11-05T10:19:11.840,64.8,0.5001011992205407,2.2925569533909034,4.850467563829005
1636121951850,2021-11-05T10:19:11.850,64.81,2.3175707285790583,3.2783067767958594,3.809280029227362
1636121951860,2021-11-05T10:19:11.860,64.82,3.8275103641777184,4.4725666537496505,2.7784563639589424
1636121951870,2021-11-05T10:19:11.870,64.83,4.330464541935136,5.72298968946187,1.956044380509487
1636121951880,2021-11-05T10:19:11.880,64.84,4.373171483162724,6.869620445272403,1.5972425166059636
1636121951890,2021-11-05T10:19:11.890,64.85,3.607665555060098,7.79627049212473,1.1815792168303099
1636121951900,2021-11-05T10:19:11.900,64.86,1.580289960489335,8.3562349609884,0.38450849494915873
1636121951910,2021-11-05T10:19:11.910,64.87,0.24099454763875017,8.39274631629917,0.38842623100249585
1636121951920,2021-11-05T10:19:11.920,64.88,2.037617074627955,7.962399297133303,2.3479021607768926
1636121951930,2021-11-05T10:19:11.930,64.89,5.497020366143067,7.441274525897072,4.881979030051998
1636121951940,2021-11-05T10:19:11.940,64.9,6.812473811371159,7.292337912181632,5.52261393097767
1636121951950,2021-11-05T10:19:11.950,64.91,5.876234334520094,7.677137368375668,4.50899019937833
1636121951960,2021-11-05T10:19:11.960,64.92,5.842708632981743,8.244376190706008,4.252687690367905
1636121951970,2021-11-05T10:19:11.970,64.93,6.9431438571365325,8.367670472804358,5.226879597157755
1636121951980,2021-11-05T10:19:11.980,64.94,6.399491837018115,7.721920466479421,5.64808645542699
1636121951990,2021-11-05T10:19:11.990,64.95,4.155263765071071,6.616917231243278,5.005446416582224
1636121952000,2021-11-05T10:19:12.000,64.96,3.3225118205248765,5.754698687429508,4.736601139806501
1636121952010,2021-11-05T10:19:12.010,64.97,5.105645984195585,5.737911849970956,5.534825345987019
1636121952020,2021-11-05T10:19:12.020,64.98,7.127528373130961,6.718892971077716,6.426239363073632
1636121952030,2021-11-05T10:19:12.030,64.99,6.928854479113452,8.306154131799783,6.505446624652405
1636121952040,2021-11-05T10:19:12.040,65.0,5.073437359825065,9.746742890045756,6.07829459424808
1636121952050,2021-11-05T10:19:12.050,65.01,4.0177339811895925,10.156016541889528,5.935698667749918
1636121952060,2021-11-05T10:19:12.060,65.02,4.744934585642292,8.760119878789592,6.280906312031436
1636121952070,2021-11-05T10:19:12.070,65.03,6.1708127711510325,5.813493952648534,6.744412354627786
1636121952080,2021-11-05T10:19:12.080,65.04,7.466206662747928,3.5192221012223173,7.049968541810072
1636121952090,2021-11-05T10:19:12.090,65.05,8.570381104402538,4.35509802658957,7.003310104830062
1636121952100,2021-11-05T10:19:12.100,65.06,8.787247253733497,7.682342333992196,6.032387420576285
1636121952110,2021-11-05T10:19:12.110,65.07,7.4605967203367465,10.096415370469128,3.7182525802872792
1636121952120,2021-11-05T10:19:12.120,65.08,5.791984273044241,10.000993963345248,0.9272545359280346
1636121952130,2021-11-05T10:19:12.130,65.09,5.778989852713981,9.351925175729258,-0.547088914001403
1636121952140,2021-11-05T10:19:12.140,65.1,7.247068843120161,10.064551814077126,0.06370436792717134
1636121952150,2021-11-05T10:19:12.150,65.11,7.831834456683067,11.420691941631052,1.5853539403426298
1636121952160,2021-11-05T10:19:12.160,65.12,6.796830699582961,12.031242156027888,2.458394366983364
1636121952170,2021-11-05T10:19:12.170,65.13,6.933366495968512,11.977659028544675,2.5334471208304694
1636121952180,2021-11-05T10:19:12.180,65.14,10.451418193005157,11.973214811157307,2.4581757399098842
1636121952190,2021-11-05T10:19:12.190,65.15,14.824436477558965,12.185931397294805,1.9987623369879037
1636121952200,2021-11-05T10:19:12.200,65.16,16.00527828036621,12.65909830251966,0.4882712063562126
1636121952210,2021-11-05T10:19:12.210,65.17,14.076555500400502,13.514039015217584,-1.3757372332644757
1636121952220,2021-11-05T10:19:12.220,65.18,12.180872943677318,14.216488864575929,-1.9252083701666374
1636121952230,2021-11-05T10:19:12.230,65.19,11.747441916245968,13.836298210157485,-0.827018061234676
1636121952240,2021-11-05T10:19:12.240,65.2,12.108641449722333,12.5493284631896,0.357814849900412
1636121952250,2021-11-05T10:19:12.250,65.21,12.879999114513915,11.847483912241369,0.02943670384651744
1636121952260,2021-11-05T10:19:12.260,65.22,13.920825084465939,12.564411200996194,-1.9443835860609966
1636121952270,2021-11-05T10:19:12.270,65.23,14.40672657937207,13.652991134819175,-4.468316101029345
1636121952280,2021-11-05T10:19:12.280,65.24,13.691474001559818,13.97643148306246,-6.181202236952495
1636121952290,2021-11-05T10:19:12.290,65.25,12.09641021967256,14.216810872926324,-6.2091184066356195
1636121952300,2021-11-05T10:19:12.300,65.26,10.246361896479385,15.28954833146149,-4.648428043024536
1636121952310,2021-11-05T10:19:12.310,65.27,8.902592138070997,16.04615138581999,-2.5538845851221668
1636121952320,2021-11-05T10:19:12.320,65.28,9.534838655503478,14.908089206505569,-1.224999589853439
1636121952330,2021-11-05T10:19:12.330,65.29,12.748104458522029,12.778968684175386,-1.5137765362507154
1636121952340,2021-11-05T10:19:12.340,65.3,15.784410435578048,11.965418384900811,-3.654208198543637
1636121952350,2021-11-05T10:19:12.350,65.31,14.96199604122695,13.04606838233143,-6.854168224460192
1636121952360,2021-11-05T10:19:12.360,65.32,11.217692370808434,14.63443732641818,-9.021020822570833
1636121952370,2021-11-05T10:19:12.370,65.33,8.87087083822783,15.433678875760345,-8.51233538321998
1636121952380,2021-11-05T10:19:12.380,65.34,8.46633657773799,15.234947150970253,-6.53863243811
1636121952390,2021-11-05T10:19:12.390,65.35,6.440125223239598,14.41472791548943,-5.953806793185377
1636121952400,2021-11-05T10:19:12.400,65.36,2.321761977359055,13.266884959601024,-7.368260540616623
1636121952410,2021-11-05T10:19:12.410,65.37,-0.07186564601150564,11.849523166811753,-8.683326482133094
1636121952420,2021-11-05T10:19:12.420,65.38,0.7210013961534469,10.329383909704614,-8.733750666327744
1636121952430,2021-11-05T10:19:12.430,65.39,1.8390186153044334,9.299114352571536,-8.97630899150181
1636121952440,2021-11-05T10:19:12.440,65.4,1.1439566760626738,9.53932747391444,-11.12498155239694
1636121952450,2021-11-05T10:19:12.450,65.41,-0.7238474370269102,11.452125195540098,-15.15647863819406
1636121952460,2021-11-05T10:19:12.460,65.42,-3.3749062388656874,14.712073577122354,-20.056604040370214
1636121952470,2021-11-05T10:19:12.470,65.43,-7.571693796751388,18.29720471365865,-24.912078919784236
1636121952480,2021-11-05T10:19:12.480,65.44,-12.651327956425742,20.89838997721826,-28.863513932221068
1636121952490,2021-11-05T10:19:12.490,65.45,-16.028085646083035,21.672262041035403,-31.26232594064941
1636121952500,2021-11-05T10:19:12.500,65.46,-16.093825658004768,20.839922192675267,-32.49421594133382
1636121952510,2021-11-05T10:19:12.510,65.47,-13.923374119800416,19.392071645842833,-33.90097920182396
1636121952520,2021-11-05T10:19:12.520,65.48,-11.662506615349841,18.06971210362397,-36.36772098914577
1636121952530,2021-11-05T10:19:12.530,65.49,-10.668397487886107,16.845848807309807,-39.49740207920619
1636121952540,2021-11-05T10:19:12.540,65.5,-11.467007691904598,15.472434604220105,-42.47725432060824
1636121952550,2021-11-05T10:19:12.550,65.51,-13.79548086391906,14.111671905935498,-45.084798605598955
1636121952560,2021-11-05T10:19:12.560,65.52,-16.090515008533306,13.14635907666272,-47.433247859831454
1636121952570,2021-11-05T10:19:12.570,65.53,-16.4295129287251,12.638621156044419,-49.35971153401799
1636121952580,2021-11-05T10:19:12.580,65.54,-14.576103349318712,12.263800880537548,-50.59779812936701
1636121952590,2021-11-05T10:19:12.590,65.55,-12.104238103268912,11.716542418433058,-51.2545411966102
1636121952600,2021-11-05T10:19:12.600,65.56,-10.477240829707508,11.02745885418701,-51.77996207291669
1636121952610,2021-11-05T10:19:12.610,65.57,-9.957016518918685,10.384476864803924,-52.56677316223856
1636121952620,2021-11-05T10:19:12.620,65.58,-10.24491443780395,9.614130455329311,-53.695739728633896
1636121952630,2021-11-05T10:19:12.630,65.59,-11.306449898784706,8.05128410964188,-55.00891898459671
1636121952640,2021-11-05T10:19:12.640,65.6,-13.220770538350031,5.252887046975648,-56.290859324082945
1636121952650,2021-11-05T10:19:12.650,65.61,-15.246907203000648,1.7970200927395217,-57.267538620032084
1636121952660,2021-11-05T10:19:12.660,65.62,-15.705928920150924,-0.9978678252073075,-57.61509599691725
1636121952670,2021-11-05T10:19:12.670,65.63,-13.949430056537153,-2.2161295398093936,-57.349700588978564
1636121952680,2021-11-05T10:19:12.680,65.64,-12.004841269406576,-1.9552338233783892,-57.13141790146776
1636121952690,2021-11-05T10:19:12.690,65.65,-12.389308239019865,-0.8923853176698148,-57.661801390154054
1636121952700,2021-11-05T10:19:12.700,65.66,-14.51271861822536,0.28480256617321403,-58.73246547762698
1636121952710,2021-11-05T10:19:12.710,65.67,-15.498250141951662,0.9595183443927993,-59.46069249884849
1636121952720,2021-11-05T10:19:12.720,65.68,-14.358544288327312,0.6707077697063584,-59.60104990101155
1636121952730,2021-11-05T10:19:12.730,65.69,-12.762956925393322,-0.5062235063498112,-59.92971762488962
1636121952740,2021-11-05T10:19:12.740,65.7,-11.798448047272828,-1.9369973192510894,-61.044101574251926
1636121952750,2021-11-05T10:19:12.750,65.71,-10.736604668037794,-3.0618606338814014,-62.46674400411905
1636121952760,2021-11-05T10:19:12.760,65.72,-9.173006738932209,-3.875357225929476,-63.37152795457335
1636121952770,2021-11-05T10:19:12.770,65.73,-8.011815412348009,-4.6306618610012045,-63.71268016264665
1636121952780,2021-11-05T10:19:12.780,65.74,-7.931356739907274,-5.270434181888435,-64.15424612479907
1636121952790,2021-11-05T10:19:12.790,65.75,-8.333481878773151,-5.3770141852994815,-65.02650459231364
1636121952800,2021-11-05T10:19:12.800,65.76,-8.132523464082585,-4.683506401064165,-65.77555809071578
1636121952810,2021-11-05T10:19:12.810,65.77,-7.0946400895012935,-3.4554848930773527,-65.68070209322242
1636121952820,2021-11-05T10:19:12.820,65.78,-6.270544017631181,-2.253171877268349,-64.78829576702732
1636121952830,2021-11-05T10:19:12.830,65.79,-6.782647432152409,-1.4572618733927611,-63.54141594846088
1636121952840,2021-11-05T10:19:12.840,65.8,-8.112531458953601,-1.1528495369512897,-61.686131285841036
1636121952850,2021-11-05T10:19:12.850,65.81,-8.444563884454437,-1.3006980171910636,-58.435237743047736
1636121952860,2021-11-05T10:19:12.860,65.82,-6.960965178287619,-1.85154769974252,-53.81861863681602
1636121952870,2021-11-05T10:19:12.870,65.83,-4.7827695484601245,-2.787978250660546,-49.06411895747192
1636121952880,2021-11-05T10:19:12.880,65.84,-3.3183130539415915,-4.101732299989976,-45.38080109402289
1636121952890,2021-11-05T10:19:12.890,65.85,-2.662144738019094,-5.59251408883894,-42.91079645949293
1636121952900,2021-11-05T10:19:12.900,65.86,-2.1038780970388737,-6.737158622038958,-41.07039431500503
1636121952910,2021-11-05T10:19:12.910,65.87,-1.5119636407063877,-7.020090477448786,-39.40824436531156
1636121952920,2021-11-05T10:19:12.920,65.88,-1.429862759939613,-6.395359239452247,-37.66011252030833
1636121952930,2021-11-05T10:19:12.930,65.89,-1.877609979804582,-5.211484132681422,-35.16887688832107
1636121952940,2021-11-05T10:19:12.940,65.9,-1.9461092201524015,-3.8182514930643565,-31.128627499340656
1636121952950,2021-11-05T10:19:12.950,65.91,-1.0863392591447607,-2.5222263849634317,-26.006876191240778
1636121952960,2021-11-05T10:19:12.960,65.92,-0.016559011965737058,-1.6493852807097462,-22.0531176122495
1636121952970,2021-11-05T10:19:12.970,65.93,0.3458454040841887,-1.2275232812285626,-21.360708076624356
1636121952980,2021-11-05T10:19:12.980,65.94,0.043565908683024776,-0.8430569906862242,-23.66292636261545
1636121952990,2021-11-05T10:19:12.990,65.95,-0.5420122142597853,-0.19020274803010462,-26.768583089429022
1636121953000,2021-11-05T10:19:13.000,65.96,-1.4707189265885239,0.4461538944453925,-28.698000104723775
1636121953010,2021-11-05T10:19:13.010,65.97,-2.550219407364656,0.5206218561701709,-28.683555275795687
1636121953020,2021-11-05T10:19:13.020,65.98,-2.9703962473161782,-0.11213850035850456,-26.77119617408995
1636121953030,2021-11-05T10:19:13.030,65.99,-2.5366404762935915,-0.9971106971627962,-23.454212005380903
1636121953040,2021-11-05T10:19:13.040,66.0,-1.8880894470587992,-1.472542813252357,-19.443030418961364
1636121953050,2021-11-05T10:19:13.050,66.01,-0.6404627775293914,-1.2530407035244808,-15.230527242586856
1636121953060,2021-11-05T10:19:13.060,66.02,2.4680872281367505,-0.6095310250609915,-11.209274960953056
1636121953070,2021-11-05T10:19:13.070,66.03,6.341997135680531,0.0456147411540689,-8.31297231786782
1636121953080,2021-11-05T10:19:13.080,66.04,7.403865465762481,0.5842642532251603,-7.559848666949842
1636121953090,2021-11-05T10:19:13.090,66.05,4.554633191899896,1.064325604403861,-8.50679589330833
1636121953100,2021-11-05T10:19:13.100,66.06,1.2921091469217583,1.4288279402779203,-9.133329941062208
1636121953110,2021-11-05T10:19:13.110,66.07,0.9861039303834971,1.5224700334841907,-7.888881643235365
1636121953120,2021-11-05T10:19:13.120,66.08,2.79965161858142,1.3090688942634117,-5.15981660635109
1636121953130,2021-11-05T10:19:13.130,66.09,4.089357239140792,0.8891726790538408,-2.2802203813413704
1636121953140,2021-11-05T10:19:13.140,66.1,4.453713846553748,0.3251663573437179,0.12853389977263258
1636121953150,2021-11-05T10:19:13.150,66.11,5.414423583848965,-0.3851043181622096,2.1757500754484864
1636121953160,2021-11-05T10:19:13.160,66.12,7.531714768992215,-1.1361375522067738,3.658519985066563
1636121953170,2021-11-05T10:19:13.170,66.13,9.676598410746465,-1.7118137410355763,3.9634512066596095
1636121953180,2021-11-05T10:19:13.180,66.14,10.643560585772436,-2.036403200007831,2.9533090285876957
1636121953190,2021-11-05T10:19:13.190,66.15,10.263041854518072,-2.239385604696687,1.2353946625159442
1636121953200,2021-11-05T10:19:13.200,66.16,9.180754204312763,-2.401811115077226,-0.4402906132150587
1636121953210,2021-11-05T10:19:13.210,66.17,8.31246347061945,-2.4512657690191046,-1.5198016529955356
1636121953220,2021-11-05T10:19:13.220,66.18,8.25145241935849,-2.3667940488415597,-1.6078271025398507
1636121953230,2021-11-05T10:19:13.230,66.19,8.701049718004045,-2.252562444704132,-0.6853344300006118
1636121953240,2021-11-05T10:19:13.240,66.2,8.790773356632489,-2.133229818844202,0.8115256589044488
1636121953250,2021-11-05T10:19:13.250,66.21,8.233569200832877,-1.89130952896264,2.5140936849495334
1636121953260,2021-11-05T10:19:13.260,66.22,7.627812052362652,-1.489102386338882,4.405220390375304
1636121953270,2021-11-05T10:19:13.270,66.23,7.29121038107498,-1.0967593179381991,6.313326472423992
1636121953280,2021-11-05T10:19:13.280,66.24,6.569453311090669,-0.9470420604813803,7.655687184143172
1636121953290,2021-11-05T10:19:13.290,66.25,4.887085222453382,-1.1381768139912034,8.11286141359903
1636121953300,2021-11-05T10:19:13.300,66.26,2.791836437502365,-1.5619569647181464,8.140791456918686
1636121953310,2021-11-05T10:19:13.310,66.27,1.2930941094686141,-2.005153402262758,8.443864384430825
1636121953320,2021-11-05T10:19:13.320,66.28,0.6396802809251887,-2.388398475244612,9.27956572394581
1636121953330,2021-11-05T10:19:13.330,66.29,0.3098732747528779,-2.857826666780844,10.515375426971552
1636121953340,2021-11-05T10:19:13.340,66.3,-0.08864322138582062,-3.525402795871916,11.99098951216988
1636121953350,2021-11-05T10:19:13.350,66.31,-0.4737354350470487,-4.246297892256356,13.537360077700779
1636121953360,2021-11-05T10:19:13.360,66.32,-0.8212647168144591,-4.858687664074591,14.859649800945775
1636121953370,2021-11-05T10:19:13.370,66.33,-1.4413970899555104,-5.502540115605866,15.68674316541389
1636121953380,2021-11-05T10:19:13.380,66.34,-2.4146902008373945,-6.439432794820596,16.034099009499442
1636121953390,2021-11-05T10:19:13.390,66.35,-3.220626690122023,-7.659340937649789,16.17398332802854
1636121953400,2021-11-05T10:19:13.400,66.36,-3.2713679771138717,-8.894790107085528,16.348419619179698
1636121953410,2021-11-05T10:19:13.410,66.37,-2.452925453018399,-9.931491632180563,16.63286459465681
1636121953420,2021-11-05T10:19:13.420,66.38,-1.0044517603022158,-10.72267796994921,17.010468724058168
1636121953430,2021-11-05T10:19:13.430,66.39,0.6650107756164957,-11.279213013964142,17.36250214334259
1636121953440,2021-11-05T10:19:13.440,66.4,1.9463302028691443,-11.59583768524299,17.422705492955206
1636121953450,2021-11-05T10:19:13.450,66.41,2.350968019978998,-11.660746753649214,16.99753129302114
1636121953460,2021-11-05T10:19:13.460,66.42,2.07315958732941,-11.476647655823982,16.257116268869023
1636121953470,2021-11-05T10:19:13.470,66.43,1.7890045104375745,-11.090809284654357,15.587052696942543
1636121953480,2021-11-05T10:19:13.480,66.44,1.702320312401469,-10.61918276775838,15.147355133439603
1636121953490,2021-11-05T10:19:13.490,66.45,1.382423154323821,-10.226435587493182,14.815361392394
1636121953500,2021-11-05T10:19:13.500,66.46,0.774985460207868,-10.050242411882053,14.538013394647518
1636121953510,2021-11-05T10:19:13.510,66.47,0.47097076343437816,-10.083654941480475,14.46844718025148
1636121953520,2021-11-05T10:19:13.520,66.48,0.6440111368787321,-10.145113421003195,14.767878185009998
1636121953530,2021-11-05T10:19:13.530,66.49,0.7828668382973173,-10.080761350943815,15.459169352881922
1636121953540,2021-11-05T10:19:13.540,66.5,0.6867408782628699,-9.99582611854871,16.378839206028644
1636121953550,2021-11-05T10:19:13.550,66.51,0.6235187438143976,-10.133915364635737,17.15185105045157
1636121953560,2021-11-05T10:19:13.560,66.52,0.5686728307867941,-10.518791165536136,17.400083096229984
1636121953570,2021-11-05T10:19:13.570,66.53,0.326418204394908,-10.888653808666295,17.105537433698768
1636121953580,2021-11-05T10:19:13.580,66.54,0.13994270146042795,-11.020709049670252,16.62153908850481
1636121953590,2021-11-05T10:19:13.590,66.55,0.34045970199077086,-10.960296606579359,16.25313904305559
1636121953600,2021-11-05T10:19:13.600,66.56,0.7082693219132596,-10.863646687641364,15.963016942238117
1636121953610,2021-11-05T10:19:13.610,66.57,0.815705320729478,-10.745806507310327,15.567398186764514
1636121953620,2021-11-05T10:19:13.620,66.58,0.7596755462308642,-10.473193388514275,15.095168775349642
1636121953630,2021-11-05T10:19:13.630,66.59,1.0078531700766304,-9.904917228894314,14.781840541927657
1636121953640,2021-11-05T10:19:13.640,66.6,1.601913140333829,-8.961180875816037,14.739598402917338
1636121953650,2021-11-05T10:19:13.650,66.61,2.054260385693079,-7.647514888660552,14.832579495593851
1636121953660,2021-11-05T10:19:13.660,66.62,2.0921342269274,-6.070601370896913,14.889532380850483
1636121953670,2021-11-05T10:19:13.670,66.63,1.9252657045296353,-4.356558553256115,14.83634882620047
1636121953680,2021-11-05T10:19:13.680,66.64,1.643208468014341,-2.5606053372422357,14.624676436168269
1636121953690,2021-11-05T10:19:13.690,66.65,1.0396575466624172,-0.72120549583531,14.265541216445808
1636121953700,2021-11-05T10:19:13.700,66.66,0.3097142855577117,1.0734699556445237,13.957107881652023
1636121953710,2021-11-05T10:19:13.710,66.67,0.16636664196918988,2.750895599545071,13.962738064152004
1636121953720,2021-11-05T10:19:13.720,66.68,0.8362485284064113,4.30062233205441,14.307308582346172
1636121953730,2021-11-05T10:19:13.730,66.69,1.660743971563441,5.70369362271926,14.763328989746988
1636121953740,2021-11-05T10:19:13.740,66.7,2.1163104714551895,6.905881138928505,15.16649162842597
1636121953750,2021-11-05T10:19:13.750,66.71,2.4958587063397637,7.881151576022764,15.54833803482068
1636121953760,2021-11-05T10:19:13.760,66.72,3.2062951868012304,8.620528690477954,15.929173407393439
1636121953770,2021-11-05T10:19:13.770,66.73,4.0688321561256275,9.057147323703099,16.19192240617936
1636121953780,2021-11-05T10:19:13.780,66.74,4.62463144026945,9.120023860208272,16.194844523436675
1636121953790,2021-11-05T10:19:13.790,66.75,4.696151003160143,8.87585616147614,15.873569751787878
1636121953800,2021-11-05T10:19:13.800,66.76,4.506317831986312,8.510079059218986,15.269831769786073
1636121953810,2021-11-05T10:19:13.810,66.77,4.4228953467181125,8.139195918007424,14.532782439373387
1636121953820,2021-11-05T10:19:13.820,66.78,4.550055333784071,7.720919111910742,13.814727623793463
1636121953830,2021-11-05T10:19:13.830,66.79,4.57127459816358,7.167910351202334,13.1616918255935
1636121953840,2021-11-05T10:19:13.840,66.8,4.136148314230576,6.472526929645609,12.584043603032825
1636121953850,2021-11-05T10:19:13.850,66.81,3.342551581475602,5.692930039711868,12.168812554397809
1636121953860,2021-11-05T10:19:13.860,66.82,2.7093455472060066,4.902531270400967,12.019922041476791
1636121953870,2021-11-05T10:19:13.870,66.83,2.7249541320851143,4.231552317858485,12.124443601084444
1636121953880,2021-11-05T10:19:13.880,66.84,3.421970973666868,3.8982960290393156,12.352961708460711
1636121953890,2021-11-05T10:19:13.890,66.85,4.2877285214433,4.062330899599264,12.598133275154103
1636121953900,2021-11-05T10:19:13.900,66.86,4.647029262729851,4.637610813665966,12.868432465825522
1636121953910,2021-11-05T10:19:13.910,66.87,4.251420064830123,5.379855457613893,13.196732093713821
1636121953920,2021-11-05T10:19:13.920,66.88,3.4541470322896615,6.196975655464229,13.48427001004713
1636121953930,2021-11-05T10:19:13.930,66.89,2.7678274304199615,7.262226051568804,13.542261074215716
1636121953940,2021-11-05T10:19:13.940,66.9,2.309827369171084,8.764377590563324,13.293251408488004
1636121953950,2021-11-05T10:19:13.950,66.91,1.7862326589978588,10.641087204740636,12.781361663186221
1636121953960,2021-11-05T10:19:13.960,66.92,1.1128524515623814,12.654670601922444,11.96049748909148
1636121953970,2021-11-05T10:19:13.970,66.93,0.7442500306100697,14.678726653393571,10.686858159503306
1636121953980,2021-11-05T10:19:13.980,66.94,0.9342358618918835,16.782896156288597,9.014438355818783
1636121953990,2021-11-05T10:19:13.990,66.95,1.1839574389739849,19.0268449220825,7.292538224498193
1636121954000,2021-11-05T10:19:14.000,66.96,1.1298091444424327,21.300168146134197,5.831591422602201
1636121954010,2021-11-05T10:19:14.010,66.97,1.2239054440333321,23.425652533221722,4.62135324985338
1636121954020,2021-11-05T10:19:14.020,66.98,1.8526117926439927,25.307529777554258,3.4888396025540276
1636121954030,2021-11-05T10:19:14.030,66.99,2.6876731413209543,26.887968085930012,2.3868673425849245
1636121954040,2021-11-05T10:19:14.040,67.0,3.3193494075811514,28.059150564508805,1.4195367046096574
1636121954050,2021-11-05T10:19:14.050,67.01,3.700647390278223,28.74151279540297,0.7106383121534572
1636121954060,2021-11-05T10:19:14.060,67.02,3.883895200979463,28.989723223444752,0.34622878711606886
1636121954070,2021-11-05T10:19:14.070,67.03,3.8754140734271463,28.908301763041912,0.34912759803564297
1636121954080,2021-11-05T10:19:14.080,67.04,3.649176340758105,28.49968011006589,0.6304096545384303
1636121954090,2021-11-05T10:19:14.090,67.05,3.167189559269113,27.701725689618122,1.043680924323814
1636121954100,2021-11-05T10:19:14.100,67.06,2.6455391052451764,26.55897766476631,1.5225437628101823
1636121954110,2021-11-05T10:19:14.110,67.07,2.5734841655041683,25.250530426586096,2.045660473792496
1636121954120,2021-11-05T10:19:14.120,67.08,3.001487324506608,23.92367452644349,2.4546400666496666
1636121954130,2021-11-05T10:19:14.130,67.09,3.2205958492156785,22.57792431828758,2.5301437125414092
1636121954140,2021-11-05T10:19:14.140,67.1,2.770633952784392,21.168882449539222,2.3396113632816675
1636121954150,2021-11-05T10:19:14.150,67.11,2.2503804903938542,19.782332805920326,2.273642797185606
1636121954160,2021-11-05T10:19:14.160,67.12,2.428264085381386,18.61750137672942,2.608554690305194
1636121954170,2021-11-05T10:19:14.170,67.13,3.1091261524058065,17.793257646654933,3.2327713520540087
1636121954180,2021-11-05T10:19:14.180,67.14,3.5364281879459565,17.257614419472663,3.874066186576835
1636121954190,2021-11-05T10:19:14.190,67.15,3.4156767725409454,16.90292581080142,4.38442890065386
1636121954200,2021-11-05T10:19:14.200,67.16,3.0665479736040413,16.673785563171982,4.779074902612365
1636121954210,2021-11-05T10:19:14.210,67.17,2.8862192386389536,16.540756398362674,5.185034677582748
1636121954220,2021-11-05T10:19:14.220,67.18,2.9002203417032604,16.465061540455135,5.7356611799067805
1636121954230,2021-11-05T10:19:14.230,67.19,2.829848236893804,16.427072212401935,6.402098641907102
1636121954240,2021-11-05T10:19:14.240,67.2,2.6166334743522843,16.43180782484729,6.998097227156082
1636121954250,2021-11-05T10:19:14.250,67.21,2.594829074708868,16.466487084832636,7.39595515592846
1636121954260,2021-11-05T10:19:14.260,67.22,2.9590944510932387,16.498964360831184,7.632683952038714
1636121954270,2021-11-05T10:19:14.270,67.23,3.4900495689608384,16.538554978554426,7.801940281261398
1636121954280,2021-11-05T10:19:14.280,67.24,3.9910255145386784,16.657543824630082,7.961654647145335
1636121954290,2021-11-05T10:19:14.290,67.25,4.524879434968217,16.90862124574396,8.137772877764684
1636121954300,2021-11-05T10:19:14.300,67.26,5.046193911544867,17.231900874477695,8.30126548813752
1636121954310,2021-11-05T10:19:14.310,67.27,5.2145645428422425,17.492526341034026,8.35378689102741
1636121954320,2021-11-05T10:19:14.320,67.28,4.8508619108697495,17.61035265946042,8.258460871292606
1636121954330,2021-11-05T10:19:14.330,67.29,4.317628541678673,17.57578718670272,8.165482946642324
1636121954340,2021-11-05T10:19:14.340,67.3,4.020588342388101,17.317286991089464,8.243700967262923
1636121954350,2021-11-05T10:19:14.350,67.31,3.692028863166824,16.669313005659813,8.392408814867693
1636121954360,2021-11-05T10:19:14.360,67.32,2.778366878319142,15.545700286263287,8.334713632511122
1636121954370,2021-11-05T10:19:14.370,67.33,1.4337910149862214,14.040652133770415,8.020445719997355
1636121954380,2021-11-05T10:19:14.380,67.34,0.38173094548709463,12.275961847057232,7.680729635660755
1636121954390,2021-11-05T10:19:14.390,67.35,-0.1362965492562253,10.277234452889829,7.429421077784672
1636121954400,2021-11-05T10:19:14.400,67.36,-0.49644135288700353,8.113653336703683,7.107865925918738
1636121954410,2021-11-05T10:19:14.410,67.37,-0.8462935983648637,6.013127518050955,6.638147234206098
1636121954420,2021-11-05T10:19:14.420,67.38,-0.8619666894489715,4.195940236758344,6.2384902449619055
1636121954430,2021-11-05T10:19:14.430,67.39,-0.3830367275011062,2.7093161572755666,6.118492478943324
1636121954440,2021-11-05T10:19:14.440,67.4,0.2578437548447454,1.508019074727263,6.18579080016761
1636121954450,2021-11-05T10:19:14.450,67.41,0.6600687855806414,0.554959997046975,6.22068524081047
1636121954460,2021-11-05T10:19:14.460,67.42,0.7842119731606232,-0.22662539788887986,6.168284481169472
1636121954470,2021-11-05T10:19:14.470,67.43,0.7871574391853857,-0.9752511093400273,6.1050782864966
1636121954480,2021-11-05T10:19:14.480,67.44,0.6574155173707832,-1.7984143550375395,6.0425687000442885
1636121954490,2021-11-05T10:19:14.490,67.45,0.3319252660014097,-2.719606849798249,5.908883182002914
1636121954500,2021-11-05T10:19:14.500,67.46,0.017171599923051784,-3.7335802301418983,5.66683345539402
1636121954510,2021-11-05T10:19:14.510,67.47,-0.09445416323850281,-4.83791766672338,5.338978570167715
1636121954520,2021-11-05T10:19:14.520,67.48,-0.28114321773426604,-5.976318771800991,4.934051964010095
1636121954530,2021-11-05T10:19:14.530,67.49,-0.8117290108353605,-7.028329477087222,4.460122691232872
1636121954540,2021-11-05T10:19:14.540,67.5,-1.249668930257584,-7.9194213481469955,4.030698470271091
1636121954550,2021-11-05T10:19:14.550,67.51,-1.0752105357646256,-8.680150116205896,3.814055350997769
1636121954560,2021-11-05T10:19:14.560,67.52,-0.6662751468341135,-9.343324036266038,3.802678182369025
1636121954570,2021-11-05T10:19:14.570,67.53,-0.7495187512814387,-9.882455220632183,3.7793639456483117
1636121954580,2021-11-05T10:19:14.580,67.54,-1.3163004199852284,-10.3312488575293,3.586157802560211
1636121954590,2021-11-05T10:19:14.590,67.55,-1.9230279157542327,-10.849358529305162,3.261804636885275
1636121954600,2021-11-05T10:19:14.600,67.56,-2.5027142513928373,-11.57039537771866,2.866893678252374
1636121954610,2021-11-05T10:19:14.610,67.57,-3.1278222827996798,-12.469015135046924,2.3830892369253265
1636121954620,2021-11-05T10:19:14.620,67.58,-3.5501693832042864,-13.423120899226792,1.8501209046968632
1636121954630,2021-11-05T10:19:14.630,67.59,-3.587714017765604,-14.306256159418627,1.423491291331207
1636121954640,2021-11-05T10:19:14.640,67.6,-3.4647660780029232,-15.0114170781196,1.2294761778256529
1636121954650,2021-11-05T10:19:14.650,67.61,-3.4316027996929144,-15.508353385886867,1.2434092625014572
1636121954660,2021-11-05T10:19:14.660,67.62,-3.5356996452888017,-15.894882403461402,1.3223776316078426
1636121954670,2021-11-05T10:19:14.670,67.63,-3.8109296523575646,-16.302258036542,1.3392945801368301
1636121954680,2021-11-05T10:19:14.680,67.64,-4.180987369848142,-16.74682956372597,1.2865448745422525
1636121954690,2021-11-05T10:19:14.690,67.65,-4.346323662148048,-17.137553429869683,1.2149656436383496
1636121954700,2021-11-05T10:19:14.700,67.66,-4.193319185262992,-17.41711698632682,1.1126010813943932
1636121954710,2021-11-05T10:19:14.710,67.67,-3.9736227109250803,-17.632458592431696,0.9504589490218551
1636121954720,2021-11-05T10:19:14.720,67.68,-3.854442721598003,-17.86658086197741,0.7762367450155538
1636121954730,2021-11-05T10:19:14.730,67.69,-3.792939891563603,-18.15302757257431,0.6316531608941979
1636121954740,2021-11-05T10:19:14.740,67.7,-3.854317516004822,-18.46318890252204,0.49802294053946305
1636121954750,2021-11-05T10:19:14.750,67.71,-4.058275016489686,-18.74033970122487,0.43248288676366065
1636121954760,2021-11-05T10:19:14.760,67.72,-4.10078253852166,-18.93804014045739,0.5587866715393783
1636121954770,2021-11-05T10:19:14.770,67.73,-3.7980007806505114,-19.03760391194129,0.8431115523533994
1636121954780,2021-11-05T10:19:14.780,67.74,-3.446423635252613,-19.039616836632042,1.132975855033606
1636121954790,2021-11-05T10:19:14.790,67.75,-3.2830493460793404,-18.973272916331883,1.4467930153891813
1636121954800,2021-11-05T10:19:14.800,67.76,-3.1398406865842983,-18.91694589218062,1.9207229693822754
1636121954810,2021-11-05T10:19:14.810,67.77,-3.0119534413753626,-18.9319555844827,2.4600290942078544
1636121954820,2021-11-05T10:19:14.820,67.78,-3.2215869705271176,-18.936736239905336,2.7691858653830432
1636121954830,2021-11-05T10:19:14.830,67.79,-3.6223965601181396,-18.7217057197342,2.770287486552262
1636121954840,2021-11-05T10:19:14.840,67.8,-3.493196187118841,-18.154119103689418,2.7064518423530712
1636121954850,2021-11-05T10:19:14.850,67.81,-2.678206358133359,-17.32520813178855,2.758073131852516
1636121954860,2021-11-05T10:19:14.860,67.82,-2.0423091607491086,-16.428971903383577,2.797718842993195
1636121954870,2021-11-05T10:19:14.870,67.83,-2.3521752152686113,-15.52963393068149,2.6359036290866085
1636121954880,2021-11-05T10:19:14.880,67.84,-3.319652336474385,-14.527963202874552,2.3148316579959225
1636121954890,2021-11-05T10:19:14.890,67.85,-4.097587506100975,-13.328110344833757,2.013745308751128
1636121954900,2021-11-05T10:19:14.900,67.86,-4.302062405928433,-11.947697848154412,1.79893303174137
1636121954910,2021-11-05T10:19:14.910,67.87,-4.248139379082548,-10.486138549167324,1.6138123396950772
1636121954920,2021-11-05T10:19:14.920,67.88,-4.343715633293164,-9.072139737187797,1.436226289419308
1636121954930,2021-11-05T10:19:14.930,67.89,-4.551795429474264,-7.822315980149368,1.3167900734438325
1636121954940,2021-11-05T10:19:14.940,67.9,-4.6109471677343965,-6.770475700300398,1.2768568734237826
1636121954950,2021-11-05T10:19:14.950,67.91,-4.5433223191328915,-5.848297389054861,1.2589668802441134
1636121954960,2021-11-05T10:19:14.960,67.92,-4.521078894405646,-4.988668682864967,1.2345876078204923
1636121954970,2021-11-05T10:19:14.970,67.93,-4.389588968413851,-4.223599332240973,1.3166078649531276
1636121954980,2021-11-05T10:19:14.980,67.94,-3.874932023589995,-3.6219598548202887,1.6391903038602882
1636121954990,2021-11-05T10:19:14.990,67.95,-3.12289152352509,-3.127604121909973,2.1312216936842154
1636121955000,2021-11-05T10:19:15.000,67.96,-2.472345606638324,-2.5254219042816533,2.563279695500607
1636121955010,2021-11-05T10:19:15.010,67.97,-1.928533779032926,-1.6484501628854784,2.792028523704759
1636121955020,2021-11-05T10:19:15.020,67.98,-1.4077689926686388,-0.5919137545525432,2.7907767389026654
1636121955030,2021-11-05T10:19:15.030,67.99,-1.173380240507131,0.4027126942752336,2.524599908020761
1636121955040,2021-11-05T10:19:15.040,68.0,-1.4531884982337204,1.2915456794094013,1.9849370618874294
1636121955050,2021-11-05T10:19:15.050,68.01,-1.8893337581614444,2.3346625741573352,1.261858892203099
1636121955060,2021-11-05T10:19:15.060,68.02,-1.9316702156953958,3.817117524146955,0.4473998198955742
1636121955070,2021-11-05T10:19:15.070,68.03,-1.666163489414091,5.747159704645791,-0.4350658639465921
1636121955080,2021-11-05T10:19:15.080,68.04,-1.734180410373511,7.8556196409097385,-1.3269582387561227
1636121955090,2021-11-05T10:19:15.090,68.05,-2.4568149531504853,9.786760375960924,-2.072126929664137
1636121955100,2021-11-05T10:19:15.100,68.06,-3.542572470195826,11.235345065218603,-2.532595032192357
1636121955110,2021-11-05T10:19:15.110,68.07,-4.587338516433412,12.04123644609898,-2.698235499166903
1636121955120,2021-11-05T10:19:15.120,68.08,-5.31689372755528,12.292177253945132,-2.647938002374469
1636121955130,2021-11-05T10:19:15.130,68.09,-5.480022226431284,12.247943789802298,-2.480507187378353
1636121955140,2021-11-05T10:19:15.140,68.1,-5.053689213761392,12.054931191089098,-2.3154883345574047
1636121955150,2021-11-05T10:19:15.150,68.11,-4.403664462180866,11.629841096548379,-2.2587595422482747
1636121955160,2021-11-05T10:19:15.160,68.12,-3.8450598411348715,10.881887356377387,-2.3017679154770496
1636121955170,2021-11-05T10:19:15.170,68.13,-3.3208299185838683,9.890656711066509,-2.367495718203256
1636121955180,2021-11-05T10:19:15.180,68.14,-2.8521890075098826,8.797462062641515,-2.5361338719021913
1636121955190,2021-11-05T10:19:15.190,68.15,-2.8269454520937867,7.6887088800327525,-3.032748439068499
1636121955200,2021-11-05T10:19:15.200,68.16,-3.322710103160749,6.6304372112714915,-3.8181031506460266
1636121955210,2021-11-05T10:19:15.210,68.17,-3.683427889871416,5.639907922849062,-4.424386879823193
1636121955220,2021-11-05T10:19:15.220,68.18,-3.4051189199756093,4.600853495612512,-4.447598061997347
1636121955230,2021-11-05T10:19:15.230,68.19,-2.8624540633433293,3.3681295368033632,-3.9818761545094956
1636121955240,2021-11-05T10:19:15.240,68.2,-2.592696011539837,1.9486555822324163,-3.360065809111468
1636121955250,2021-11-05T10:19:15.250,68.21,-2.5645122904866557,0.48051720412709387,-2.7583841277537706
1636121955260,2021-11-05T10:19:15.260,68.22,-2.5919942097741617,-0.8819605628185571,-2.25500913795956
1636121955270,2021-11-05T10:19:15.270,68.23,-2.7478833710753903,-2.0009579960268864,-1.9516576527404124
1636121955280,2021-11-05T10:19:15.280,68.24,-3.078707647568274,-2.8176358860031003,-1.8220285391756201
1636121955290,2021-11-05T10:19:15.290,68.25,-3.4173801737411713,-3.4482568134155454,-1.6719053128295016
1636121955300,2021-11-05T10:19:15.300,68.26,-3.5489747326711125,-4.106111459821138,-1.3868690016625114
1636121955310,2021-11-05T10:19:15.310,68.27,-3.3717585547903157,-4.885998035984094,-1.0959595819551478
1636121955320,2021-11-05T10:19:15.320,68.28,-3.002991323390197,-5.682517139488999,-1.0471443873382456
1636121955330,2021-11-05T10:19:15.330,68.29,-2.6484223324155662,-6.318905698382225,-1.3482678291988424
1636121955340,2021-11-05T10:19:15.340,68.3,-2.2908149161951887,-6.711205937810595,-1.8400343306215947
1636121955350,2021-11-05T10:19:15.350,68.31,-1.8607319694477336,-6.907713393714933,-2.296163980511022
1636121955360,2021-11-05T10:19:15.360,68.32,-1.645574789452919,-7.007192883012451,-2.7006771247308774
1636121955370,2021-11-05T10:19:15.370,68.33,-1.9227702062317418,-7.06291178525051,-3.1414316419898904
1636121955380,2021-11-05T10:19:15.380,68.34,-2.3158254783494123,-7.050081898845854,-3.522519507927039
1636121955390,2021-11-05T10:19:15.390,68.35,-2.1816491373104587,-6.8987357761002865,-3.667572472092503
1636121955400,2021-11-05T10:19:15.400,68.36,-1.5248120295529008,-6.566709962817828,-3.643745111360296
1636121955410,2021-11-05T10:19:15.410,68.37,-0.951972964588682,-6.095898646265464,-3.705737303230282
1636121955420,2021-11-05T10:19:15.420,68.38,-0.7901149513893971,-5.569575969470164,-3.9530565250456506
1636121955430,2021-11-05T10:19:15.430,68.39,-0.784142913666311,-5.011069650326056,-4.26079059084036
1636121955440,2021-11-05T10:19:15.440,68.4,-0.7374203495150583,-4.389320597507043,-4.516559896363545
1636121955450,2021-11-05T10:19:15.450,68.41,-0.8680673097542018,-3.7371947118002327,-4.729210163327212
1636121955460,2021-11-05T10:19:15.460,68.42,-1.2440334648363356,-3.1812782514337945,-4.914865303583542
1636121955470,2021-11-05T10:19:15.470,68.43,-1.5111758111806548,-2.827514778160279,-5.068002792707613
1636121955480,2021-11-05T10:19:15.480,68.44,-1.5657711293985763,-2.6842529948624465,-5.240487602945522
1636121955490,2021-11-05T10:19:15.490,68.45,-1.707320220662134,-2.7034704213938534,-5.435809245785018
1636121955500,2021-11-05T10:19:15.500,68.46,-1.7858218650102768,-2.8322660732593232,-5.451504694759699
1636121955510,2021-11-05T10:19:15.510,68.47,-1.2208738350866684,-3.0366065423010262,-5.092074157240093
1636121955520,2021-11-05T10:19:15.520,68.48,-0.16004764373465663,-3.3278518247742177,-4.506330170836586
1636121955530,2021-11-05T10:19:15.530,68.49,0.49870994817911335,-3.744060792459803,-4.042358485205869
1636121955540,2021-11-05T10:19:15.540,68.5,0.42366864460340525,-4.293145033711962,-3.8246344496409486
1636121955550,2021-11-05T10:19:15.550,68.51,0.17872391683166294,-4.949189520071686,-3.709300395100372
1636121955560,2021-11-05T10:19:15.560,68.52,0.25724445954232295,-5.666993648750294,-3.56009291943805
1636121955570,2021-11-05T10:19:15.570,68.53,0.6418496778725942,-6.340095084708555,-3.368434462916056
1636121955580,2021-11-05T10:19:15.580,68.54,1.2100276961393788,-6.798135275619458,-3.183623214167844
1636121955590,2021-11-05T10:19:15.590,68.55,1.8920575577409062,-6.923445403982155,-3.0690304316770685
1636121955600,2021-11-05T10:19:15.600,68.56,2.4556896253451037,-6.736105104525214,-3.10126379670023
1636121955610,2021-11-05T10:19:15.610,68.57,2.6273407016800445,-6.3075822333197,-3.321503177061964
1636121955620,2021-11-05T10:19:15.620,68.58,2.4884615053799646,-5.6441992351647485,-3.6605515785749407
1636121955630,2021-11-05T10:19:15.630,68.59,2.3618401262943958,-4.726714270791577,-3.9822783787080374
1636121955640,2021-11-05T10:19:15.640,68.6,2.2885327573795657,-3.6198768280783895,-4.229011945168022
1636121955650,2021-11-05T10:19:15.650,68.61,2.0561091734643346,-2.4769414213082803,-4.424007661149615
1636121955660,2021-11-05T10:19:15.660,68.62,1.6821994804649394,-1.4544547804996282,-4.5366228239639135
1636121955670,2021-11-05T10:19:15.670,68.63,1.4299930202075881,-0.6401935255984688,-4.4845854753084
1636121955680,2021-11-05T10:19:15.680,68.64,1.4343081988643562,-0.04311274327494642,-4.2525225438683085
1636121955690,2021-11-05T10:19:15.690,68.65,1.5597475305891064,0.3387794798115925,-3.8974231172607476
1636121955700,2021-11-05T10:19:15.700,68.66,1.574541788432449,0.449109230164283,-3.4555618630349096
1636121955710,2021-11-05T10:19:15.710,68.67,1.4996083445991886,0.2482258650306392,-2.911659940321755
1636121955720,2021-11-05T10:19:15.720,68.68,1.6952870044672705,-0.1320413033067026,-2.28326803141987
1636121955730,2021-11-05T10:19:15.730,68.69,2.2801383709825696,-0.4298916121390366,-1.687835084859667
1636121955740,2021-11-05T10:19:15.740,68.7,2.7287477426433533,-0.5019947886994246,-1.225879644034297
1636121955750,2021-11-05T10:19:15.750,68.71,2.5779467260444315,-0.4230620670744881,-0.8525593521587778
1636121955760,2021-11-05T10:19:15.760,68.72,2.1535894176417703,-0.2997374720451226,-0.5091761764076643
1636121955770,2021-11-05T10:19:15.770,68.73,2.0146729354041426,-0.11612428566086913,-0.2694480203767847
1636121955780,2021-11-05T10:19:15.780,68.74,2.1463837292604366,0.17271850779060477,-0.20471969917558605
1636121955790,2021-11-05T10:19:15.790,68.75,2.2222970367000623,0.5026473950592005,-0.28240528302925055
1636121955800,2021-11-05T10:19:15.800,68.76,2.1590022536064986,0.7438367808122954,-0.506033425555124
1636121955810,2021-11-05T10:19:15.810,68.77,2.04907721206054,0.8487387262336834,-0.9043325390717494
1636121955820,2021-11-05T10:19:15.820,68.78,1.9732988457258798,0.8844633033466576,-1.3173742890016933
1636121955830,2021-11-05T10:19:15.830,68.79,1.9983047897089468,0.9017359764630846,-1.5170485229801418
1636121955840,2021-11-05T10:19:15.840,68.8,2.0993456881978867,0.8558681325078115,-1.5859584620244975
1636121955850,2021-11-05T10:19:15.850,68.81,2.175355436834006,0.712402282925158,-1.7890017178063404
1636121955860,2021-11-05T10:19:15.860,68.82,2.1770830733995474,0.5220402935558239,-2.0682786989003494
1636121955870,2021-11-05T10:19:15.870,68.83,2.060334544865752,0.31281710482814484,-2.1532503681192114
1636121955880,2021-11-05T10:19:15.880,68.84,1.8125940120227866,0.012120713551745058,-2.0810748417171574
1636121955890,2021-11-05T10:19:15.890,68.85,1.6263381151624992,-0.4626026560407691,-2.0311343090342024
1636121955900,2021-11-05T10:19:15.900,68.86,1.7026316027266084,-1.108439468124844,-1.8628114914489804
1636121955910,2021-11-05T10:19:15.910,68.87,1.9292756012076109,-1.8499372632202458,-1.3909479842281742
1636121955920,2021-11-05T10:19:15.920,68.88,2.097693233714682,-2.5934188775257794,-0.8197094103482989
1636121955930,2021-11-05T10:19:15.930,68.89,2.2424395401360173,-3.256359110564957,-0.46686776268771435
1636121955940,2021-11-05T10:19:15.940,68.9,2.4891815298049855,-3.7732104048234287,-0.34939029492428675
1636121955950,2021-11-05T10:19:15.950,68.91,2.762500119366554,-4.123787733866317,-0.3020370087049044
1636121955960,2021-11-05T10:19:15.960,68.92,2.823156256917809,-4.387128805145222,-0.2787319932980562
1636121955970,2021-11-05T10:19:15.970,68.93,2.5679762363154865,-4.704061032976412,-0.351707838974379
1636121955980,2021-11-05T10:19:15.980,68.94,2.2439033987177877,-5.111929513716568,-0.515883493716067
1636121955990,2021-11-05T10:19:15.990,68.95,2.2096474633401373,-5.498804836584314,-0.6401311560146941
1636121956000,2021-11-05T10:19:16.000,68.96,2.4297809216540402,-5.840952656226998,-0.6143469016588082
1636121956010,2021-11-05T10:19:16.010,68.97,2.464621418753999,-6.304673688068655,-0.4668552518253389
1636121956020,2021-11-05T10:19:16.020,68.98,2.0784819078821704,-6.8232864161181705,-0.3074937349006085
1636121956030,2021-11-05T10:19:16.030,68.99,1.5629199136194696,-6.879800712740936,-0.1829599016203582
1636121956040,2021-11-05T10:19:16.040,69.0,1.2787716811132035,-6.261788829319059,-0.055046867448943076
1636121956050,2021-11-05T10:19:16.050,69.01,1.1838393770979083,-5.605839106998099,0.027011816827855938
1636121956060,2021-11-05T10:19:16.060,69.02,1.1041732016557242,-5.470003117103061,-0.13058638326672378
1636121956070,2021-11-05T10:19:16.070,69.03,1.149525177702678,-5.461211145812868,-0.5266692159221414
1636121956080,2021-11-05T10:19:16.080,69.04,1.4064587099177113,-5.017297992713162,-0.7250624266823735
1636121956090,2021-11-05T10:19:16.090,69.05,1.5506765166130738,-4.327908783535752,-0.3755518431367599
1636121956100,2021-11-05T10:19:16.100,69.06,1.3354986879304662,-3.859106837136997,0.17553424608326693
1636121956110,2021-11-05T10:19:16.110,69.07,1.1274243067064171,-3.648049979553507,0.35720450419609695
1636121956120,2021-11-05T10:19:16.120,69.08,1.3516432892421233,-3.512273982797363,0.2395424617187239
1636121956130,2021-11-05T10:19:16.130,69.09,1.7304623421225331,-3.4497621493761246,0.27104975056895186
1636121956140,2021-11-05T10:19:16.140,69.1,1.6901594686120271,-3.5167894051311492,0.4881190507897151
1636121956150,2021-11-05T10:19:16.150,69.11,1.3061077236168073,-3.594854290614699,0.705760797493914
1636121956160,2021-11-05T10:19:16.160,69.12,1.221024885535613,-3.5046581706616156,1.0804875533253242
1636121956170,2021-11-05T10:19:16.170,69.13,1.6681379220551698,-3.2377965669300197,1.7322799209379796
1636121956180,2021-11-05T10:19:16.180,69.14,2.161067034026927,-2.9427112666015427,2.220140163991843
1636121956190,2021-11-05T10:19:16.190,69.15,2.2325692621653417,-2.737469577381969,2.1491887818455204
1636121956200,2021-11-05T10:19:16.200,69.16,1.9578701222515256,-2.617643232959357,1.9002782075607705
1636121956210,2021-11-05T10:19:16.210,69.17,1.6229388343174367,-2.507431303274311,2.021485400170742
1636121956220,2021-11-05T10:19:16.220,69.18,1.3369740705880941,-2.3381419565766333,2.320941044939225
1636121956230,2021-11-05T10:19:16.230,69.19,1.1269162005015585,-2.082414517226043,2.2555060786682555
1636121956240,2021-11-05T10:19:16.240,69.2,1.0426289170340814,-1.7375692036233428,1.8402110594503183
1636121956250,2021-11-05T10:19:16.250,69.21,1.0173048183379205,-1.3042760415522545,1.6216635970851216
1636121956260,2021-11-05T10:19:16.260,69.22,0.8962076286185277,-0.8219781319659383,1.943966422465967
1636121956270,2021-11-05T10:19:16.270,69.23,0.6805086856133808,-0.4088980358926365,2.542565015944256
1636121956280,2021-11-05T10:19:16.280,69.24,0.5233582893471596,-0.19333713665058078,2.8874560904284228
1636121956290,2021-11-05T10:19:16.290,69.25,0.49645520705892904,-0.19683316932378742,2.8390001850304936
1636121956300,2021-11-05T10:19:16.300,69.26,0.5775221253838903,-0.3428756896155739,2.766689349915362
1636121956310,2021-11-05T10:19:16.310,69.27,0.8259368268083942,-0.5670974640322374,2.985477587767482
1636121956320,2021-11-05T10:19:16.320,69.28,1.313961278666497,-0.8405855510851996,3.362548178651852
1636121956330,2021-11-05T10:19:16.330,69.29,1.8598760952881905,-1.0906484316708815,3.59204037326579
1636121956340,2021-11-05T10:19:16.340,69.3,2.105044391170639,-1.195718324423715,3.605072399478247
1636121956350,2021-11-05T10:19:16.350,69.31,1.945681852317143,-1.101057839194502,3.5676645404300236
1636121956360,2021-11-05T10:19:16.360,69.32,1.6166486015582637,-0.882887808341543,3.6091801985824192
1636121956370,2021-11-05T10:19:16.370,69.33,1.287232403649341,-0.6528862514047509,3.6780478768512346
1636121956380,2021-11-05T10:19:16.380,69.34,0.9036167737272232,-0.43852213244673743,3.6605498007609603
1636121956390,2021-11-05T10:19:16.390,69.35,0.49265013262574286,-0.19944842262613705,3.5698147852909887
1636121956400,2021-11-05T10:19:16.400,69.36,0.2682912330248338,0.08686634243049002,3.542952485179085
1636121956410,2021-11-05T10:19:16.410,69.37,0.3125520121528106,0.40862389902774365,3.6561432295794916
1636121956420,2021-11-05T10:19:16.420,69.38,0.4165220082356892,0.7412235907575386,3.829304332401999
1636121956430,2021-11-05T10:19:16.430,69.39,0.3724278261545318,1.0508501119608729,3.955937165999703
1636121956440,2021-11-05T10:19:16.440,69.4,0.2263707764632145,1.3338892837778455,4.055052142863139
1636121956450,2021-11-05T10:19:16.450,69.41,0.14084263066513195,1.6594665145667817,4.229141653775194
1636121956460,2021-11-05T10:19:16.460,69.42,0.1914225779818466,2.0974080637068457,4.511592909716178
1636121956470,2021-11-05T10:19:16.470,69.43,0.33250449649124164,2.604310851552265,4.802643965157274
1636121956480,2021-11-05T10:19:16.480,69.44,0.3985183959883642,3.051888014119598,4.959786176593628
1636121956490,2021-11-05T10:19:16.490,69.45,0.23635612042310383,3.360378436023365,4.961083674930348
1636121956500,2021-11-05T10:19:16.500,69.46,-0.030294275798585853,3.5469127800836353,4.940441491766503
1636121956510,2021-11-05T10:19:16.510,69.47,-0.10077772566733759,3.665994322803562,5.012151059209373
1636121956520,2021-11-05T10:19:16.520,69.48,0.041411952942089436,3.7557292226751837,5.142227723469149
1636121956530,2021-11-05T10:19:16.530,69.49,0.08867115132172247,3.81320176881155,5.248533797130206
1636121956540,2021-11-05T10:19:16.540,69.5,-0.06627202225809979,3.7812670865223437,5.306379364657103
1636121956550,2021-11-05T10:19:16.550,69.51,-0.13655538545968154,3.6018480452239086,5.32199229080934
1636121956560,2021-11-05T10:19:16.560,69.52,0.04498402850287983,3.3195254222635073,5.331661431534644
1636121956570,2021-11-05T10:19:16.570,69.53,0.22539931450663847,3.0760832361700667,5.4083709852352255
1636121956580,2021-11-05T10:19:16.580,69.54,0.21047110359955432,2.955680313009222,5.551017410139015
1636121956590,2021-11-05T10:19:16.590,69.55,0.161275605273082,2.900308691359046,5.642757752616194
1636121956600,2021-11-05T10:19:16.600,69.56,0.14532123324017054,2.8402513604571022,5.632252847969203
1636121956610,2021-11-05T10:19:16.610,69.57,-0.015615622073317672,2.816384013110967,5.658227969557355
1636121956620,2021-11-05T10:19:16.620,69.58,-0.2585439719841866,2.855530531996754,5.8723699994776535
1636121956630,2021-11-05T10:19:16.630,69.59,-0.30322668644172796,2.818358415222251,6.196016146901323
1636121956640,2021-11-05T10:19:16.640,69.6,-0.2613637237029748,2.544988564892124,6.361293936561761
1636121956650,2021-11-05T10:19:16.650,69.61,-0.5539738209067817,2.0929190950330043,6.2012058326350665
1636121956660,2021-11-05T10:19:16.660,69.62,-1.149190379467703,1.6680780797323331,5.830882793818398
1636121956670,2021-11-05T10:19:16.670,69.63,-1.4922516936448542,1.379868762323826,5.4989597366407335
1636121956680,2021-11-05T10:19:16.680,69.64,-1.283531982792979,1.2100951643566231,5.307814537724325
1636121956690,2021-11-05T10:19:16.690,69.65,-0.8378154990351734,1.1526551201417985,5.151288344179911
1636121956700,2021-11-05T10:19:16.700,69.66,-0.6285317022496114,1.2330004094878364,4.894429522228036
1636121956710,2021-11-05T10:19:16.710,69.67,-0.8336083141962597,1.436304224494647,4.5264860613051985
1636121956720,2021-11-05T10:19:16.720,69.68,-1.2892459992087166,1.728697218323161,4.141107035394567
1636121956730,2021-11-05T10:19:16.730,69.69,-1.681237076556597,2.0943754866376847,3.821037672944059
1636121956740,2021-11-05T10:19:16.740,69.7,-1.855147276039013,2.494311252013748,3.5544581239045034
1636121956750,2021-11-05T10:19:16.750,69.71,-1.9120126090277596,2.884055678137815,3.293010763064307
1636121956760,2021-11-05T10:19:16.760,69.72,-1.9104064780599073,3.2840061198157953,3.1001445552845235
1636121956770,2021-11-05T10:19:16.770,69.73,-1.7504576426573863,3.7199856789747097,3.123189737456542
1636121956780,2021-11-05T10:19:16.780,69.74,-1.4483218655904035,4.1439419636661405,3.3746187237613667
1636121956790,2021-11-05T10:19:16.790,69.75,-1.1086207345726766,4.5208307519335635,3.704591101011121
1636121956800,2021-11-05T10:19:16.800,69.76,-0.6366738932555074,4.8982072072585785,4.009357456496108
1636121956810,2021-11-05T10:19:16.810,69.77,0.00637684276526071,5.311826778959455,4.257813882175588
1636121956820,2021-11-05T10:19:16.820,69.78,0.44964618670534395,5.7299835503964305,4.347452100936803
1636121956830,2021-11-05T10:19:16.830,69.79,0.41739823442574164,6.126297378434321,4.207066938150174
1636121956840,2021-11-05T10:19:16.840,69.8,0.29787239345603334,6.511521772162642,4.006736778318969
1636121956850,2021-11-05T10:19:16.850,69.81,0.6297767477014415,6.879618036021156,4.0018661626157215
1636121956860,2021-11-05T10:19:16.860,69.82,1.3441272868575866,7.180696728704076,4.218157717323292
1636121956870,2021-11-05T10:19:16.870,69.83,1.9653481796399113,7.345132256052905,4.509826930302737
1636121956880,2021-11-05T10:19:16.880,69.84,2.2349871144458007,7.298084793033971,4.823750445900832
1636121956890,2021-11-05T10:19:16.890,69.85,2.204996516751331,6.965960114764967,5.185108398690056
1636121956900,2021-11-05T10:19:16.900,69.86,2.007753429336529,6.331933971091333,5.537295852640748
1636121956910,2021-11-05T10:19:16.910,69.87,1.8119594272281256,5.493691443586682,5.810504490240192
1636121956920,2021-11-05T10:19:16.920,69.88,1.809685968669621,4.603540475925667,6.061628797038214
1636121956930,2021-11-05T10:19:16.930,69.89,2.022190742582264,3.7622382567653476,6.367960631958108
1636121956940,2021-11-05T10:19:16.940,69.9,2.244887658919272,3.0330501795762608,6.644892685838364
1636121956950,2021-11-05T10:19:16.950,69.91,2.3305209171169095,2.4858655853210854,6.726053694007659
1636121956960,2021-11-05T10:19:16.960,69.92,2.338058927413548,2.127894676213743,6.599011614516842
1636121956970,2021-11-05T10:19:16.970,69.93,2.2921974446568805,1.8694184275327173,6.409439638457096
1636121956980,2021-11-05T10:19:16.980,69.94,2.123640950038155,1.6459439351001555,6.206901993701081
1636121956990,2021-11-05T10:19:16.990,69.95,1.9310726822245363,1.5092261756812833,5.857712601272761
1636121957000,2021-11-05T10:19:17.000,69.96,1.8604965910015743,1.5513692756292814,5.321108538131047
1636121957010,2021-11-05T10:19:17.010,69.97,1.7656670526084948,1.7996555922482071,4.821607865127942
1636121957020,2021-11-05T10:19:17.020,69.98,1.5113178788619306,2.205262711033052,4.5367553920150785
1636121957030,2021-11-05T10:19:17.030,69.99,1.369466515347248,2.676912064602945,4.332215463326172
1636121957040,2021-11-05T10:19:17.040,70.0,1.546292645039505,3.105156970779124,4.073043857989446
1636121957050,2021-11-05T10:19:17.050,70.01,1.7218767858684274,3.3918258237974634,3.9038348173833617
1636121957060,2021-11-05T10:19:17.060,70.02,1.5727128947511202,3.4912757821745273,3.9382629027392366
1636121957070,2021-11-05T10:19:17.070,70.03,1.263731931485807,3.447343491916361,4.0115946967845
1636121957080,2021-11-05T10:19:17.080,70.04,1.074692714630959,3.38840142115556,3.9659302575747013
1636121957090,2021-11-05T10:19:17.090,70.05,1.0328732712685507,3.434223276314797,3.8481289709020325
1636121957100,2021-11-05T10:19:17.100,70.06,1.040414914189565,3.5803658912709966,3.6927611429626515
1636121957110,2021-11-05T10:19:17.110,70.07,0.9508302820352469,3.721328460987581,3.425156695319548
1636121957120,2021-11-05T10:19:17.120,70.08,0.6417779875020921,3.7965244163578538,3.097416119785588
1636121957130,2021-11-05T10:19:17.130,70.09,0.29504486213851366,3.8371798149905265,2.952263876556562
1636121957140,2021-11-05T10:19:17.140,70.1,0.26981407493634885,3.860057062001152,3.1013287801281053
1636121957150,2021-11-05T10:19:17.150,70.11,0.5372183519305898,3.808970764149863,3.3574057826626813
1636121957160,2021-11-05T10:19:17.160,70.12,0.6620825062636175,3.6112426141247544,3.556453398299258
1636121957170,2021-11-05T10:19:17.170,70.13,0.4132599228409849,3.20354570903654,3.7982376804585742
1636121957180,2021-11-05T10:19:17.180,70.14,0.0070394319112574155,2.5279125079458704,4.10552006100901
1636121957190,2021-11-05T10:19:17.190,70.15,-0.2985122833492927,1.614169516761892,4.124258341102795
1636121957200,2021-11-05T10:19:17.200,70.16,-0.5562019754048149,0.6391360989611843,3.573666735593509
1636121957210,2021-11-05T10:19:17.210,70.17,-0.9278233188510354,-0.18949171428432934,2.7558273578581556
1636121957220,2021-11-05T10:19:17.220,70.18,-1.2749606957822297,-0.7772258331735671,2.168652907814854
1636121957230,2021-11-05T10:19:17.230,70.19,-1.2397546490087912,-1.1326178989858067,1.8659034974217215
1636121957240,2021-11-05T10:19:17.240,70.2,-0.776440436290966,-1.293485056883607,1.599772229192172
1636121957250,2021-11-05T10:19:17.250,70.21,-0.3248949368852491,-1.3230024200808979,1.2843392625250538
1636121957260,2021-11-05T10:19:17.260,70.22,-0.3149627051046552,-1.3195338160646244,0.9764191742686155
1636121957270,2021-11-05T10:19:17.270,70.23,-0.6347254019858618,-1.3429992307439818,0.6723475174462582
1636121957280,2021-11-05T10:19:17.280,70.24,-0.7275159751171691,-1.324139917423159,0.3657496500208155
1636121957290,2021-11-05T10:19:17.290,70.25,-0.24004469231610465,-1.1133515002239869,0.13015054013143926
1636121957300,2021-11-05T10:19:17.300,70.26,0.5507051909168111,-0.6502027635925902,0.018774087268848414
1636121957310,2021-11-05T10:19:17.310,70.27,1.1199456711339213,-0.03696719422028581,0.0056793947545977965
1636121957320,2021-11-05T10:19:17.320,70.28,1.3633235702767856,0.5759471147068352,0.08675066095773834
1636121957330,2021-11-05T10:19:17.330,70.29,1.570223415584248,1.1145784806631045,0.30421800295575696
1636121957340,2021-11-05T10:19:17.340,70.3,1.8254794375309753,1.5580177260051584,0.5896139420438742
1636121957350,2021-11-05T10:19:17.350,70.31,1.8614167652739901,1.8660416931525186,0.7147906067297465
1636121957360,2021-11-05T10:19:17.360,70.32,1.5522384578941513,2.0000268487564363,0.5181963317524332
1636121957370,2021-11-05T10:19:17.370,70.33,1.1611859966198819,1.9742556733136647,0.08751123824000068
1636121957380,2021-11-05T10:19:17.380,70.34,0.9765504042035085,1.8384650042063533,-0.3785674908620761
1636121957390,2021-11-05T10:19:17.390,70.35,1.0323461385127528,1.650183880637145,-0.8005451379404257
1636121957400,2021-11-05T10:19:17.400,70.36,1.2547322801165306,1.4823866762001736,-1.2392503655043778
1636121957410,2021-11-05T10:19:17.410,70.37,1.5174529345489292,1.3867664971781897,-1.7751814092996625
1636121957420,2021-11-05T10:19:17.420,70.38,1.5412169799026538,1.3283762265508947,-2.419290886616033
1636121957430,2021-11-05T10:19:17.430,70.39,1.1416595013853916,1.2371115895686868,-3.0937388710190667
1636121957440,2021-11-05T10:19:17.440,70.4,0.5425275788851102,1.1237752278490114,-3.694218521837857
1636121957450,2021-11-05T10:19:17.450,70.41,0.11490267087460089,1.0406467380583744,-4.185125332467886
1636121957460,2021-11-05T10:19:17.460,70.42,-0.05138792033547018,0.9529792725864754,-4.606402676503063
1636121957470,2021-11-05T10:19:17.470,70.43,-0.09780315592498777,0.7812306875377755,-5.00967483586898
1636121957480,2021-11-05T10:19:17.480,70.44,-0.14466832210037872,0.5375709982108512,-5.432682298790687
1636121957490,2021-11-05T10:19:17.490,70.45,-0.23070325547426224,0.2992081264094768,-5.900277562386474
1636121957500,2021-11-05T10:19:17.500,70.46,-0.3306647774820096,0.09648182144896109,-6.407146440300225
1636121957510,2021-11-05T10:19:17.510,70.47,-0.3794968479450654,-0.06288192529476376,-6.913621965152926
1636121957520,2021-11-05T10:19:17.520,70.48,-0.37844470498794347,-0.12039159086772584,-7.382016426078021
1636121957530,2021-11-05T10:19:17.530,70.49,-0.4501979671366214,-0.04275836136450849,-7.839232372062063
1636121957540,2021-11-05T10:19:17.540,70.5,-0.6573938518957377,0.06920380462503427,-8.391440687308101
1636121957550,2021-11-05T10:19:17.550,70.51,-0.798276956337819,0.07802769647613778,-9.110484436285567
1636121957560,2021-11-05T10:19:17.560,70.52,-0.6240509279954909,-0.012893001451016227,-9.913018887296909
1636121957570,2021-11-05T10:19:17.570,70.53,-0.32015475061282606,-0.1050629069433584,-10.642149281644155
1636121957580,2021-11-05T10:19:17.580,70.54,-0.4148521249421817,-0.17949075007906545,-11.230527338908013
1636121957590,2021-11-05T10:19:17.590,70.55,-0.9476536365399281,-0.2875420642103095,-11.668803434358992
1636121957600,2021-11-05T10:19:17.600,70.56,-1.1709926975788414,-0.41514440200465413,-11.909805582449462
1636121957610,2021-11-05T10:19:17.610,70.57,-0.6064477184288322,-0.4933866109926577,-11.963316957476081
1636121957620,2021-11-05T10:19:17.620,70.58,0.09829108684588433,-0.5303622119818842,-11.966711312232853
1636121957630,2021-11-05T10:19:17.630,70.59,0.08959019183012903,-0.6248933948958542,-12.006269727521921
1636121957640,2021-11-05T10:19:17.640,70.6,-0.4343862732905693,-0.8186028372582863,-12.002519070647303
1636121957650,2021-11-05T10:19:17.650,70.61,-0.6507451346270995,-1.0035580566400766,-11.887139091407882
1636121957660,2021-11-05T10:19:17.660,70.62,-0.3439190239101522,-1.0488722088036209,-11.750399570242624
1636121957670,2021-11-05T10:19:17.670,70.63,-0.05089649955470053,-0.9793501633396853,-11.741867813485296
1636121957680,2021-11-05T10:19:17.680,70.64,-0.2503074620068665,-0.9358191046356381,-11.945507180381105
1636121957690,2021-11-05T10:19:17.690,70.65,-0.8636723181273531,-0.9925626337389177,-12.373225536134512
1636121957700,2021-11-05T10:19:17.700,70.66,-1.4789511005093816,-1.1066538208126218,-12.975905487257698
1636121957710,2021-11-05T10:19:17.710,70.67,-1.808705602657434,-1.2068092354180726,-13.63480928188102
1636121957720,2021-11-05T10:19:17.720,70.68,-1.8639500397169522,-1.2580272807381656,-14.194258485922726
1636121957730,2021-11-05T10:19:17.730,70.69,-1.7631576478767874,-1.274553778242653,-14.546189934920937
1636121957740,2021-11-05T10:19:17.740,70.7,-1.530057252653184,-1.3018373417345237,-14.700814333090845
1636121957750,2021-11-05T10:19:17.750,70.71,-1.1888922054935538,-1.361409984849201,-14.765644384770024
1636121957760,2021-11-05T10:19:17.760,70.72,-0.9061093769801796,-1.4172972045172525,-14.859033631907238
1636121957770,2021-11-05T10:19:17.770,70.73,-0.8058579432645132,-1.4004231132849132,-15.058588618420252
1636121957780,2021-11-05T10:19:17.780,70.74,-0.7665701021668123,-1.252545523689332,-15.396420548642457
1636121957790,2021-11-05T10:19:17.790,70.75,-0.6360225043810701,-0.9738793294786341,-15.8636662185326
1636121957800,2021-11-05T10:19:17.800,70.76,-0.48819204457572274,-0.6358195021206013,-16.436604867261927
1636121957810,2021-11-05T10:19:17.810,70.77,-0.43486385863902505,-0.3040045654804172,-17.09887940443498
1636121957820,2021-11-05T10:19:17.820,70.78,-0.3719306205539713,0.026320920671006408,-17.810364940686117
1636121957830,2021-11-05T10:19:17.830,70.79,-0.18234343814158072,0.3534446492805515,-18.484943099224573
1636121957840,2021-11-05T10:19:17.840,70.8,-0.05037708640795882,0.5890383082763226,-19.04642094292628
1636121957850,2021-11-05T10:19:17.850,70.81,-0.26022623353371155,0.6610885380675177,-19.487868853448006
1636121957860,2021-11-05T10:19:17.860,70.82,-0.7305852405000997,0.6326009878844558,-19.850072751376203
1636121957870,2021-11-05T10:19:17.870,70.83,-1.0573057662399514,0.6012539842288185,-20.16015928024374
1636121957880,2021-11-05T10:19:17.880,70.84,-1.0193599367178006,0.5569355418347132,-20.40617601585416
1636121957890,2021-11-05T10:19:17.890,70.85,-0.7879585075310243,0.44646502965672097,-20.562535881032495
1636121957900,2021-11-05T10:19:17.900,70.86,-0.6397703371149732,0.2887866367465055,-20.635020518115063
1636121957910,2021-11-05T10:19:17.910,70.87,-0.661436269592981,0.13980085289889527,-20.68384207859069
1636121957920,2021-11-05T10:19:17.920,70.88,-0.7375024541468633,0.026791357389915577,-20.792356337333416
1636121957930,2021-11-05T10:19:17.930,70.89,-0.7177511085246834,-0.03660671024711193,-21.00088388361926
1636121957940,2021-11-05T10:19:17.940,70.9,-0.6081559621280384,-0.028642585668662388,-21.290812209242237
1636121957950,2021-11-05T10:19:17.950,70.91,-0.5886829721754534,0.07587460262977795,-21.629711807095774
1636121957960,2021-11-05T10:19:17.960,70.92,-0.7415972026228469,0.2883429855768995,-21.968888664150725
1636121957970,2021-11-05T10:19:17.970,70.93,-0.8608825121087729,0.5790003975980363,-22.22697927714186
1636121957980,2021-11-05T10:19:17.980,70.94,-0.7459155893814018,0.8858062735836749,-22.411367857854298
1636121957990,2021-11-05T10:19:17.990,70.95,-0.5803893837198539,1.153076418689955,-22.725347678473483
1636121958000,2021-11-05T10:19:18.000,70.96,-0.7557729567077948,1.3487657704134732,-23.378197132161915
1636121958010,2021-11-05T10:19:18.010,70.97,-1.309326560822662,1.499370015311551,-24.280942987152965
1636121958020,2021-11-05T10:19:18.020,70.98,-1.7354953683987362,1.716031068859429,-25.060458476488463
1636121958030,2021-11-05T10:19:18.030,70.99,-1.5202952831888101,2.0898250392962927,-25.423525592176873
1636121958040,2021-11-05T10:19:18.040,71.0,-0.7829191634382978,2.562555214087123,-25.47903428530882
1636121958050,2021-11-05T10:19:18.050,71.01,-0.14960299519330383,2.9996699389547503,-25.62170202413011
1636121958060,2021-11-05T10:19:18.060,71.02,0.0029591192279485416,3.3583762079431554,-26.051087346021077
1636121958070,2021-11-05T10:19:18.070,71.03,-0.07427990204520381,3.6654015797158674,-26.557553589682577
1636121958080,2021-11-05T10:19:18.080,71.04,-0.009180730611653563,3.863068441973552,-26.899627337890998
1636121958090,2021-11-05T10:19:18.090,71.05,0.03858830340423174,3.8372442551337618,-27.17364190954024
1636121958100,2021-11-05T10:19:18.100,71.06,-0.35313471950004033,3.6240017800774806,-27.6070812483582
1636121958110,2021-11-05T10:19:18.110,71.07,-1.0418924812304764,3.4321895739882824,-28.15289565747547
1636121958120,2021-11-05T10:19:18.120,71.08,-1.3854339522049228,3.391273632201803,-28.509208018525943
1636121958130,2021-11-05T10:19:18.130,71.09,-1.1748665977004737,3.409594947533959,-28.49672953861711
1636121958140,2021-11-05T10:19:18.140,71.1,-0.8632146352809253,3.3558946377104055,-28.25836833781277
1636121958150,2021-11-05T10:19:18.150,71.11,-0.7983265868015732,3.2522988706147853,-28.054010549696095
1636121958160,2021-11-05T10:19:18.160,71.12,-0.8302908095488668,3.195139759116142,-27.982562215017786
1636121958170,2021-11-05T10:19:18.170,71.13,-0.770534932703894,3.1894242065626255,-27.99949718593963
1636121958180,2021-11-05T10:19:18.180,71.14,-0.722312563786176,3.173863763403263,-28.092970084020397
1636121958190,2021-11-05T10:19:18.190,71.15,-0.8017417465384564,3.150020058948436,-28.268846477893696
1636121958200,2021-11-05T10:19:18.200,71.16,-0.8961335464384683,3.1849609965785364,-28.431366078097785
1636121958210,2021-11-05T10:19:18.210,71.17,-0.8763913046781994,3.3185340402511336,-28.493663200016414
1636121958220,2021-11-05T10:19:18.220,71.18,-0.8120479630447777,3.542392627202622,-28.574513991458026
1636121958230,2021-11-05T10:19:18.230,71.19,-0.8157034371768712,3.845051345927157,-28.86553401708704
1636121958240,2021-11-05T10:19:18.240,71.2,-0.8529355421261153,4.225055855777956,-29.339132984970824
1636121958250,2021-11-05T10:19:18.250,71.21,-0.8459298350715152,4.66326693074392,-29.8166626003119
1636121958260,2021-11-05T10:19:18.260,71.22,-0.8261741969474437,5.092850513667671,-30.284701428274637
1636121958270,2021-11-05T10:19:18.270,71.23,-0.8749898891130423,5.407664589572314,-30.904986534368266
1636121958280,2021-11-05T10:19:18.280,71.24,-0.989445156394497,5.534747552853297,-31.71602653836289
1636121958290,2021-11-05T10:19:18.290,71.25,-1.0702513154904434,5.499284424528815,-32.53411877505752
1636121958300,2021-11-05T10:19:18.300,71.26,-1.047018295788313,5.387844614927772,-33.18576953498553
1636121958310,2021-11-05T10:19:18.310,71.27,-0.9869176187326235,5.267738300862504,-33.6856670035866
1636121958320,2021-11-05T10:19:18.320,71.28,-0.9972162320061551,5.177781921655878,-34.14107565323159
1636121958330,2021-11-05T10:19:18.330,71.29,-1.0489878808593145,5.1620679016445425,-34.590664732776176
1636121958340,2021-11-05T10:19:18.340,71.3,-1.0410028489184442,5.246223020539696,-34.997603924343935
1636121958350,2021-11-05T10:19:18.350,71.31,-0.9982799053835938,5.380968802547977,-35.35885363567775
1636121958360,2021-11-05T10:19:18.360,71.32,-1.0247368664406418,5.483656674017827,-35.7370052846462
1636121958370,2021-11-05T10:19:18.370,71.33,-1.0884810230035926,5.566751680977028,-36.12940532054091
1636121958380,2021-11-05T10:19:18.380,71.34,-1.0586091302014116,5.7390904583723,-36.405974020273504
1636121958390,2021-11-05T10:19:18.390,71.35,-0.9703582241160822,6.029701246788046,-36.50474775392074
1636121958400,2021-11-05T10:19:18.400,71.36,-1.0382205249199088,6.315119798959172,-36.56656598285373
1636121958410,2021-11-05T10:19:18.410,71.37,-1.316225228298561,6.4891080054614365,-36.71525566050279
1636121958420,2021-11-05T10:19:18.420,71.38,-1.5411169985922126,6.599507812807179,-36.8459619406242
1636121958430,2021-11-05T10:19:18.430,71.39,-1.4642252292189681,6.739613977286641,-36.795269499226414
1636121958440,2021-11-05T10:19:18.440,71.4,-1.207373274491171,6.885392521255932,-36.59259228082699
1636121958450,2021-11-05T10:19:18.450,71.41,-1.1368009986732517,6.9177955479714,-36.40206700081689
1636121958460,2021-11-05T10:19:18.460,71.42,-1.40619503536136,6.776266744337637,-36.29094195271205
1636121958470,2021-11-05T10:19:18.470,71.43,-1.707968765599624,6.54389214801088,-36.14686694046294
1636121958480,2021-11-05T10:19:18.480,71.44,-1.6051566854867307,6.368728394360271,-35.817783620291046
1636121958490,2021-11-05T10:19:18.490,71.45,-1.1563760805615069,6.304388332561501,-35.306686817126256
1636121958500,2021-11-05T10:19:18.500,71.46,-0.9740301817091886,6.245494079716883,-34.78174082889826
1636121958510,2021-11-05T10:19:18.510,71.47,-1.4885827801278742,6.021038347769859,-34.35053388529391
1636121958520,2021-11-05T10:19:18.520,71.48,-2.352008245458395,5.524348939520822,-33.87022729704397
1636121958530,2021-11-05T10:19:18.530,71.49,-2.7870237842821246,4.745441994041434,-33.07813277525595
1636121958540,2021-11-05T10:19:18.540,71.5,-2.5441960979751896,3.7026056983429037,-31.919082465732544
1636121958550,2021-11-05T10:19:18.550,71.51,-2.346508877906771,2.374668306546157,-30.609350962961855
1636121958560,2021-11-05T10:19:18.560,71.52,-3.079293035531771,0.6971255080298719,-29.26571286168094
1636121958570,2021-11-05T10:19:18.570,71.53,-4.635428510983172,-1.4237942945398256,-27.61633363450367
1636121958580,2021-11-05T10:19:18.580,71.54,-6.075528789899042,-4.082515304571278,-25.29046904164131
1636121958590,2021-11-05T10:19:18.590,71.55,-6.852788429096433,-7.293955924646425,-22.247065869791314
1636121958600,2021-11-05T10:19:18.600,71.56,-7.314264734173079,-10.983964291884927,-18.648145379855595
1636121958610,2021-11-05T10:19:18.610,71.57,-8.053399018617814,-15.102181217012316,-14.47623305607517
1636121958620,2021-11-05T10:19:18.620,71.58,-9.223561066270122,-19.60952317802546,-9.574187433688309
1636121958630,2021-11-05T10:19:18.630,71.59,-10.464409667012855,-24.296204651145548,-3.9007542706568015
1636121958640,2021-11-05T10:19:18.640,71.6,-11.263834268308802,-28.808065595544907,2.4976176028783117
1636121958650,2021-11-05T10:19:18.650,71.61,-11.501440054341568,-32.95654149963499,9.554081784744263
1636121958660,2021-11-05T10:19:18.660,71.62,-11.692998594746687,-36.83610433931882,17.018686731511345
1636121958670,2021-11-05T10:19:18.670,71.63,-12.314686112779203,-40.54853464579979,24.51224233670147
1636121958680,2021-11-05T10:19:18.680,71.64,-12.968523859839253,-43.98919182463904,31.897326887249957
1636121958690,2021-11-05T10:19:18.690,71.65,-13.031635590960345,-47.005505272136716,39.247579446742044
1636121958700,2021-11-05T10:19:18.700,71.66,-12.879961753357161,-49.56438628141153,46.427202654998865
1636121958710,2021-11-05T10:19:18.710,71.67,-13.211929450513463,-51.61674891634336,53.19211091376711
1636121958720,2021-11-05T10:19:18.720,71.68,-13.68106994018413,-52.990880521039905,59.61898816262057
1636121958730,2021-11-05T10:19:18.730,71.69,-13.755580586856198,-53.60289171090908,65.85709760208579
1636121958740,2021-11-05T10:19:18.740,71.7,-14.011261411387991,-53.6369993670743,71.66647633928392
1636121958750,2021-11-05T10:19:18.750,71.71,-14.85293618988894,-53.35844298477504,76.78583250600741
1636121958760,2021-11-05T10:19:18.760,71.72,-15.247567393598278,-52.819822102743125,81.4204613189701
1636121958770,2021-11-05T10:19:18.770,71.73,-14.395113129492788,-51.838864235139326,85.84849949633912
1636121958780,2021-11-05T10:19:18.780,71.74,-13.040247075144713,-50.196881741713,90.02352590704716
1636121958790,2021-11-05T10:19:18.790,71.75,-11.730483452895669,-47.78350541819299,93.98981540157092
1636121958800,2021-11-05T10:19:18.800,71.76,-9.815133046774056,-44.6104784423601,98.03188489223496
1636121958810,2021-11-05T10:19:18.810,71.77,-7.377966240478457,-40.81875360419002,102.03064438138271
1636121958820,2021-11-05T10:19:18.820,71.78,-5.842395121572762,-36.70905165302035,105.45971355260826
1636121958830,2021-11-05T10:19:18.830,71.79,-5.5872456792650596,-32.676369870632584,108.31290082210245
1636121958840,2021-11-05T10:19:18.840,71.8,-5.2284654809014,-29.034643139728647,111.04987585223769
1636121958850,2021-11-05T10:19:18.850,71.81,-3.975734156068669,-25.875890152950547,113.34831955190737
1636121958860,2021-11-05T10:19:18.860,71.82,-2.44041365437955,-23.065932681037395,114.10053866145688
1636121958870,2021-11-05T10:19:18.870,71.83,-0.7132117131714923,-20.386246435653515,113.03374694263046
1636121958880,2021-11-05T10:19:18.880,71.84,1.932016742214939,-17.743619983371403,111.11936779456607
1636121958890,2021-11-05T10:19:18.890,71.85,4.959864248034715,-15.229759576925307,108.97359419444984
1636121958900,2021-11-05T10:19:18.900,71.86,6.609824190807561,-12.921923440894794,106.03324545290255
1636121958910,2021-11-05T10:19:18.910,71.87,6.592948199574588,-10.70482459881375,101.65572461181918
1636121958920,2021-11-05T10:19:18.920,71.88,6.457063266732696,-8.401447255821399,95.93196355057177
1636121958930,2021-11-05T10:19:18.930,71.89,6.721925963083035,-6.015460031313797,89.20039512680677
1636121958940,2021-11-05T10:19:18.940,71.9,6.066794405186775,-3.7347893435024915,81.81042811583227
1636121958950,2021-11-05T10:19:18.950,71.91,4.06110514915563,-1.744565823019463,74.54424869323877
1636121958960,2021-11-05T10:19:18.960,71.92,2.27336526085407,-0.13100481546299664,68.3420719130043
1636121958970,2021-11-05T10:19:18.970,71.93,1.712901704132943,1.0829025027273773,63.37428242072414
1636121958980,2021-11-05T10:19:18.980,71.94,1.3148119929415016,1.9596721396778503,59.034826924202925
1636121958990,2021-11-05T10:19:18.990,71.95,0.034122451345607596,2.730399850892243,54.977992624441924
1636121959000,2021-11-05T10:19:19.000,71.96,-1.3380080516228592,3.6878420621989267,51.55807086913984
1636121959010,2021-11-05T10:19:19.010,71.97,-1.6207846790338718,4.887674064626342,49.035297392563336
1636121959020,2021-11-05T10:19:19.020,71.98,-1.2000776550805579,6.046139582681771,46.8992808185607
1636121959030,2021-11-05T10:19:19.030,71.99,-1.2957569379215643,6.805538618937865,44.4149445714129
1636121959040,2021-11-05T10:19:19.040,72.0,-2.054536033189617,7.039330055052037,41.51833282111164
1636121959050,2021-11-05T10:19:19.050,72.01,-2.634022277289153,6.8720567770164545,38.66498401642093
1636121959060,2021-11-05T10:19:19.060,72.02,-2.784174095453346,6.504453278585014,36.02739522467556
1636121959070,2021-11-05T10:19:19.070,72.03,-2.8952209028730995,6.152590096604226,33.53402526379234
1636121959080,2021-11-05T10:19:19.080,72.04,-2.4615686758982402,6.156909106685195,31.568716421692322
1636121959090,2021-11-05T10:19:19.090,72.05,-0.23865628232966224,6.923001837607486,30.683647018394556
1636121959100,2021-11-05T10:19:19.100,72.06,3.381835585416151,8.51006568868149,30.46302599597113
1636121959110,2021-11-05T10:19:19.110,72.07,5.79259655657474,10.353108454684207,29.60680276571997
1636121959120,2021-11-05T10:19:19.120,72.08,5.16707296024122,11.670087220463511,27.505392704672904
1636121959130,2021-11-05T10:19:19.130,72.09,2.8405776047790416,12.187729538141092,25.011662863017158
1636121959140,2021-11-05T10:19:19.140,72.1,1.5309090144935373,12.311112503843335,23.325726453774557
1636121959150,2021-11-05T10:19:19.150,72.11,2.2323237843839903,12.607415061828599,22.739481211179285
1636121959160,2021-11-05T10:19:19.160,72.12,4.025906461137936,13.276671130167745,22.767711189645695
1636121959170,2021-11-05T10:19:19.170,72.13,5.93387458439437,14.12521697653369,22.862187593497303
1636121959180,2021-11-05T10:19:19.180,72.14,7.508765109409736,14.925722401353834,22.544698464061305
1636121959190,2021-11-05T10:19:19.190,72.15,8.118141780395032,15.664804812865407,21.31323369303963
1636121959200,2021-11-05T10:19:19.200,72.16,7.107757969621058,16.444583665410786,18.981059793104063
1636121959210,2021-11-05T10:19:19.210,72.17,4.9930609894485904,17.345783803212683,16.103925000302297
1636121959220,2021-11-05T10:19:19.220,72.18,3.700606491126087,18.383861252586783,13.843246193070579
1636121959230,2021-11-05T10:19:19.230,72.19,4.759907488191838,19.327345036106454,13.076057102306528
1636121959240,2021-11-05T10:19:19.240,72.2,7.219342160741698,19.674377616477564,13.314111352930771
1636121959250,2021-11-05T10:19:19.250,72.21,8.416467307166226,19.210268160653072,12.885698109271148
1636121959260,2021-11-05T10:19:19.260,72.22,7.351845455747574,18.48149884661114,10.920053361191947
1636121959270,2021-11-05T10:19:19.270,72.23,6.029007953493815,18.363798466029177,8.732223454247569
1636121959280,2021-11-05T10:19:19.280,72.24,6.480483044820655,19.2500578790859,8.140031992471801
1636121959290,2021-11-05T10:19:19.290,72.25,7.827610325150172,20.82686629442835,8.849555296979235
1636121959300,2021-11-05T10:19:19.300,72.26,7.780023360354454,22.443178671200133,9.02519161549791
1636121959310,2021-11-05T10:19:19.310,72.27,6.064302671390863,23.5313143646745,8.170119622123327
1636121959320,2021-11-05T10:19:19.320,72.28,4.66442955272112,23.843970931698344,7.692563164470174
1636121959330,2021-11-05T10:19:19.330,72.29,5.100710435204716,23.551608300211555,8.620681669120296
1636121959340,2021-11-05T10:19:19.340,72.3,7.024172942896074,23.214205070501073,10.34733310556307
1636121959350,2021-11-05T10:19:19.350,72.31,9.386206691237328,23.503007223504483,11.771876518429021
1636121959360,2021-11-05T10:19:19.360,72.32,11.516664682983112,24.60828273895011,12.459877325704504
1636121959370,2021-11-05T10:19:19.370,72.33,12.812617257365517,25.71996774070506,12.480500059756654
1636121959380,2021-11-05T10:19:19.380,72.34,12.682599243890069,25.46354240539312,11.902876003558164
1636121959390,2021-11-05T10:19:19.390,72.35,11.467108143788556,23.58927423575868,10.851045037800594
1636121959400,2021-11-05T10:19:19.400,72.36,10.67504250437364,21.96067948411317,9.870169028572626
1636121959410,2021-11-05T10:19:19.410,72.37,11.517109515876989,22.37413375621672,9.719312850329814
1636121959420,2021-11-05T10:19:19.420,72.38,13.318514480027222,23.58375343687821,10.396229707851946
1636121959430,2021-11-05T10:19:19.430,72.39,14.168923908852175,22.917929423012456,10.835770042950505
1636121959440,2021-11-05T10:19:19.440,72.4,13.445452412390694,20.694068122791972,10.264462497805813
1636121959450,2021-11-05T10:19:19.450,72.41,12.665461067048977,19.888447537376237,9.373134783897452
1636121959460,2021-11-05T10:19:19.460,72.42,13.200140095468335,21.611474468602097,9.312338099113557
1636121959470,2021-11-05T10:19:19.470,72.43,14.604326744300893,24.068513538516953,10.054035347888435
1636121959480,2021-11-05T10:19:19.480,72.44,16.083364643427153,25.634674960568884,10.648354224463418
1636121959490,2021-11-05T10:19:19.490,72.45,17.656443139070817,26.253622073297073,10.532632497149617
1636121959500,2021-11-05T10:19:19.500,72.46,18.8889254088827,26.130380802088503,9.785076950806893
1636121959510,2021-11-05T10:19:19.510,72.47,18.761278395520534,25.02169438669577,8.767033627883855
1636121959520,2021-11-05T10:19:19.520,72.48,17.633928662476443,22.863272778550396,8.09036389223963
1636121959530,2021-11-05T10:19:19.530,72.49,16.920272166728914,20.203765472413277,8.105823746953014
1636121959540,2021-11-05T10:19:19.540,72.5,16.516097708359577,18.016802511757845,8.157904394793837
1636121959550,2021-11-05T10:19:19.550,72.51,15.430398976949881,17.283985632692048,7.397845425083772
1636121959560,2021-11-05T10:19:19.560,72.52,14.83356173862354,18.387330985335954,6.430078383563446
1636121959570,2021-11-05T10:19:19.570,72.53,16.82406527325445,20.59618043387461,6.874700526012532
1636121959580,2021-11-05T10:19:19.580,72.54,20.13730791054828,22.406643909357182,9.000034224733746
1636121959590,2021-11-05T10:19:19.590,72.55,21.120920326563603,22.746610499716354,10.983055028988414
1636121959600,2021-11-05T10:19:19.600,72.56,19.285335378376804,21.81947617159133,11.05727407095947
1636121959610,2021-11-05T10:19:19.610,72.57,17.9246685370502,20.622819094023438,9.42834855591868
1636121959620,2021-11-05T10:19:19.620,72.58,18.800810744982268,19.864623301429223,7.434962957711837
1636121959630,2021-11-05T10:19:19.630,72.59,19.987893716910058,19.629087621525116,5.782500352771333
1636121959640,2021-11-05T10:19:19.640,72.6,19.803499807054422,19.794095886833524,4.546501196358827
1636121959650,2021-11-05T10:19:19.650,72.61,19.548530057960573,20.225574439223404,4.095679869494121
1636121959660,2021-11-05T10:19:19.660,72.62,20.76854755096286,20.557353264729663,4.692136178582505
1636121959670,2021-11-05T10:19:19.670,72.63,22.165436127436436,20.13961284993822,5.431384599135712
1636121959680,2021-11-05T10:19:19.680,72.64,21.339926640102227,18.41436947062124,4.732269822138117
1636121959690,2021-11-05T10:19:19.690,72.65,18.290481108926617,15.514114805417268,2.0410895803545417
1636121959700,2021-11-05T10:19:19.700,72.66,15.245054670771093,12.589061108690856,-1.5190647537023876
1636121959710,2021-11-05T10:19:19.710,72.67,13.915958738919397,11.265135363286323,-4.170421193282596
1636121959720,2021-11-05T10:19:19.720,72.68,14.342365846356149,12.48156464738368,-4.9960250563626865
1636121959730,2021-11-05T10:19:19.730,72.69,15.408938750558692,15.887899873650147,-4.85199961570659
1636121959740,2021-11-05T10:19:19.740,72.7,15.537280710358166,20.258016716321634,-5.677785165640332
1636121959750,2021-11-05T10:19:19.750,72.71,13.896985071550873,24.22450675646908,-8.298389550865728
1636121959760,2021-11-05T10:19:19.760,72.72,11.231828438099265,26.913328345892708,-11.42078439159561
1636121959770,2021-11-05T10:19:19.770,72.73,8.60879313160616,28.43721959533285,-13.490095017622082
1636121959780,2021-11-05T10:19:19.780,72.74,5.92074229013936,29.723776587378303,-14.517162493807042
1636121959790,2021-11-05T10:19:19.790,72.75,2.659842769256001,31.510853485931868,-15.223769365241271
1636121959800,2021-11-05T10:19:19.800,72.76,-0.7239713340647378,33.51420362766599,-15.595967548554281
1636121959810,2021-11-05T10:19:19.810,72.77,-3.412428687987898,34.68139437891658,-15.302178792154923
1636121959820,2021-11-05T10:19:19.820,72.78,-5.511014481177748,34.22115951018756,-14.72433074732937
1636121959830,2021-11-05T10:19:19.830,72.79,-7.723710843810117,32.365323730976485,-14.711165439858982
1636121959840,2021-11-05T10:19:19.840,72.8,-10.056413379765402,30.08772203157597,-15.48583617363726
1636121959850,2021-11-05T10:19:19.850,72.81,-11.566461662671145,28.085659775703824,-16.181719560776262
1636121959860,2021-11-05T10:19:19.860,72.82,-11.354066272834448,26.25297929182107,-15.736426541035332
1636121959870,2021-11-05T10:19:19.870,72.83,-9.650007188034825,24.200946935881504,-14.37992620546985
1636121959880,2021-11-05T10:19:19.880,72.84,-8.064856894073403,21.85603027199501,-13.813808464059111
1636121959890,2021-11-05T10:19:19.890,72.85,-8.353127940402484,19.24305528376729,-15.444729595542775
1636121959900,2021-11-05T10:19:19.900,72.86,-10.26287561103391,16.109193304673237,-18.78942924756026
1636121959910,2021-11-05T10:19:19.910,72.87,-11.130083703142361,12.245660945947257,-22.101534541395417
1636121959920,2021-11-05T10:19:19.920,72.88,-8.853297433455026,7.9274029059172735,-24.239284403677594
1636121959930,2021-11-05T10:19:19.930,72.89,-4.9394062972403585,3.629694787543319,-25.59653961978524
1636121959940,2021-11-05T10:19:19.940,72.9,-2.948560582294829,-0.4698848618603474,-27.61193844329187
1636121959950,2021-11-05T10:19:19.950,72.91,-4.216415852947871,-4.382113863708895,-31.51672122491477
1636121959960,2021-11-05T10:19:19.960,72.92,-6.917568199999117,-7.950547862588149,-36.99942419126668
1636121959970,2021-11-05T10:19:19.970,72.93,-8.72945818706948,-10.947008407759425,-41.96061840837341
1636121959980,2021-11-05T10:19:19.980,72.94,-8.633202807985379,-13.367927000956424,-44.14578588655077
1636121959990,2021-11-05T10:19:19.990,72.95,-6.866364264004054,-15.39010209114219,-43.20331190095015
1636121960000,2021-11-05T10:19:20.000,72.96,-4.536391351156272,-17.16146019643558,-40.885801140908974
1636121960010,2021-11-05T10:19:20.010,72.97,-2.9431880328449416,-18.819332724055407,-39.42445869096837
1636121960020,2021-11-05T10:19:20.020,72.98,-2.733413059456314,-20.583228832864023,-40.02482223400445
1636121960030,2021-11-05T10:19:20.030,72.99,-3.633689546868921,-22.617765535147306,-42.52960975467507
1636121960040,2021-11-05T10:19:20.040,73.0,-4.790587460890646,-24.83669048961685,-45.877855978644135
1636121960050,2021-11-05T10:19:20.050,73.01,-5.554524638836628,-26.954274077892812,-48.928477444211566
1636121960060,2021-11-05T10:19:20.060,73.02,-6.19509206685767,-28.66241160488246,-51.22696316000177
1636121960070,2021-11-05T10:19:20.070,73.03,-7.287464995191236,-29.72102631263497,-52.93154711665489
1636121960080,2021-11-05T10:19:20.080,73.04,-8.268689559432126,-30.092207210315422,-53.97149492431812
1636121960090,2021-11-05T10:19:20.090,73.05,-7.90516231494764,-30.1031558790114,-53.8755955189811
1636121960100,2021-11-05T10:19:20.100,73.06,-6.6170252971752035,-30.222758349828524,-52.72623059011788
1636121960110,2021-11-05T10:19:20.110,73.07,-6.5410218711587,-30.514951562435403,-51.49785518631453
1636121960120,2021-11-05T10:19:20.120,73.08,-8.355780379485052,-30.56567448026746,-50.85100826805989
1636121960130,2021-11-05T10:19:20.130,73.09,-9.843869784595025,-30.09915065299539,-50.26503501014964
1636121960140,2021-11-05T10:19:20.140,73.1,-8.884351732656773,-29.383260287510105,-49.03220908186399
1636121960150,2021-11-05T10:19:20.150,73.11,-6.410974135817647,-28.845059057122697,-47.54241979699515
1636121960160,2021-11-05T10:19:20.160,73.12,-5.030008846156905,-28.526127841196995,-46.87077336335008
1636121960170,2021-11-05T10:19:20.170,73.13,-5.809992211887743,-28.113555263369648,-47.45183735319635
1636121960180,2021-11-05T10:19:20.180,73.14,-7.903787690956776,-27.368393127558797,-48.79337580555092
1636121960190,2021-11-05T10:19:20.190,73.15,-10.554384859599221,-26.36804672158711,-50.270193189570804
1636121960200,2021-11-05T10:19:20.200,73.16,-13.692266809288686,-25.37566796543346,-51.58852449324019
1636121960210,2021-11-05T10:19:20.210,73.17,-16.715222235845104,-24.544136257034843,-52.50132373555732
1636121960220,2021-11-05T10:19:20.220,73.18,-18.430667664400964,-23.75000127283255,-52.591422084738426
1636121960230,2021-11-05T10:19:20.230,73.19,-18.60204844416062,-22.76216441636484,-51.57983489203259
1636121960240,2021-11-05T10:19:20.240,73.2,-18.348507071703455,-21.596354353506115,-49.76583930265181
1636121960250,2021-11-05T10:19:20.250,73.21,-18.691695587562453,-20.579972494944684,-48.05930136062858
1636121960260,2021-11-05T10:19:20.260,73.22,-19.546656351123666,-20.000814686680503,-47.35677250115384
1636121960270,2021-11-05T10:19:20.270,73.23,-20.240467123477295,-19.830338629912173,-47.651911509309556
1636121960280,2021-11-05T10:19:20.280,73.24,-20.323906387819363,-19.836373848647,-47.92752824577238
1636121960290,2021-11-05T10:19:20.290,73.25,-19.809482693024176,-19.771385100492303,-47.189981786165305
1636121960300,2021-11-05T10:19:20.300,73.26,-19.08661555011275,-19.394813525158867,-45.40236630440158
1636121960310,2021-11-05T10:19:20.310,73.27,-18.609509324045444,-18.543623172643272,-43.14285608849872
1636121960320,2021-11-05T10:19:20.320,73.28,-18.356685116903595,-17.28186464086398,-40.67315671750301
1636121960330,2021-11-05T10:19:20.330,73.29,-17.717082486952958,-15.814096707109293,-37.83532912790963
1636121960340,2021-11-05T10:19:20.340,73.3,-16.388493699441145,-14.221119728715196,-34.79782033328178
1636121960350,2021-11-05T10:19:20.350,73.31,-15.34707596656266,-12.476266519423518,-32.34266502232615
1636121960360,2021-11-05T10:19:20.360,73.32,-16.03372970646023,-10.744146840595405,-31.016791095924383
1636121960370,2021-11-05T10:19:20.370,73.33,-18.182636725138565,-9.406418951349266,-30.216128324070986
1636121960380,2021-11-05T10:19:20.380,73.34,-19.58669735586506,-8.65697931347016,-28.600580836260647
1636121960390,2021-11-05T10:19:20.390,73.35,-18.75638213899617,-8.266142161832953,-25.428950826432825
1636121960400,2021-11-05T10:19:20.400,73.36,-16.516322503419943,-7.8921110730633695,-21.099506844848467
1636121960410,2021-11-05T10:19:20.410,73.37,-14.21134620335059,-7.420372881972206,-16.48954230257165
1636121960420,2021-11-05T10:19:20.420,73.38,-12.084312644683362,-6.815131847992205,-12.37330035511884
1636121960430,2021-11-05T10:19:20.430,73.39,-10.34792142454829,-5.865812392356684,-9.376929675682206
1636121960440,2021-11-05T10:19:20.440,73.4,-9.834357044804552,-4.366833030076716,-7.610269346854512
1636121960450,2021-11-05T10:19:20.450,73.41,-10.5087837497693,-2.458652703733844,-6.287016928955996
1636121960460,2021-11-05T10:19:20.460,73.42,-11.139344244724525,-0.5518120773289267,-4.574122494069152
1636121960470,2021-11-05T10:19:20.470,73.43,-11.047362344497571,1.1017679557524203,-2.729614369027898
1636121960480,2021-11-05T10:19:20.480,73.44,-10.376768897691383,2.5867492605364966,-1.4906564297406673
1636121960490,2021-11-05T10:19:20.490,73.45,-8.66461426980273,3.9789518791606144,-0.6658401502473361
1636121960500,2021-11-05T10:19:20.500,73.46,-5.507344715758881,4.997388456574381,0.49690599572480476
1636121960510,2021-11-05T10:19:20.510,73.47,-2.564603328289766,5.279351390815202,1.8499596420459814
1636121960520,2021-11-05T10:19:20.520,73.48,-2.107067972636733,4.955973140407206,2.6092981758907543
1636121960530,2021-11-05T10:19:20.530,73.49,-3.4134818302765235,4.63941445782082,2.9577259130512292
1636121960540,2021-11-05T10:19:20.540,73.5,-3.4454204874179553,4.8268467923347576,4.014810195602376
1636121960550,2021-11-05T10:19:20.550,73.51,-1.209318103677947,5.583771172212549,6.167007805123981
1636121960560,2021-11-05T10:19:20.560,73.52,1.391330876226406,6.7168656335694035,8.667921205461415
1636121960570,2021-11-05T10:19:20.570,73.53,2.921281550037017,7.890367665680543,10.903643309991287
1636121960580,2021-11-05T10:19:20.580,73.54,3.6806212122565145,8.642858064852577,12.824744660916323
1636121960590,2021-11-05T10:19:20.590,73.55,3.7355821320734957,8.663876102201172,14.074268424440357
1636121960600,2021-11-05T10:19:20.600,73.56,2.6041634159307074,8.07458706353118,13.937649347647628
1636121960610,2021-11-05T10:19:20.610,73.57,1.0579484979167069,7.240172482669711,12.46195472243533
1636121960620,2021-11-05T10:19:20.620,73.58,0.7048221207363512,6.385561860388874,10.638441364171554
1636121960630,2021-11-05T10:19:20.630,73.59,1.5615370489582574,5.587420034125036,9.179380215180588
1636121960640,2021-11-05T10:19:20.640,73.6,2.187495499613739,5.0366388981360695,7.9672377875441125
1636121960650,2021-11-05T10:19:20.650,73.61,2.2190891055237207,4.990270534368866,6.907516186799212
1636121960660,2021-11-05T10:19:20.660,73.62,2.596635240850813,5.371066692841779,6.369967204824443
1636121960670,2021-11-05T10:19:20.670,73.63,3.216985454016777,5.694696466212575,6.390108338493216
1636121960680,2021-11-05T10:19:20.680,73.64,2.595410709162901,5.60756765899176,6.222513688670417
1636121960690,2021-11-05T10:19:20.690,73.65,0.42458218562240063,5.270879034324499,5.2487347180205575
1636121960700,2021-11-05T10:19:20.700,73.66,-1.4143555067341904,4.999861326931502,3.8670319472916113
1636121960710,2021-11-05T10:19:20.710,73.67,-1.4239229130000202,4.810464920462407,2.9286278595585244
1636121960720,2021-11-05T10:19:20.720,73.68,-0.650321432641126,4.5945212902350265,2.5931810763663456
1636121960730,2021-11-05T10:19:20.730,73.69,-0.8970852063481106,4.475305544442575,2.3729640431170136
1636121960740,2021-11-05T10:19:20.740,73.7,-1.882489936876135,4.698610083407591,2.139008641940935
1636121960750,2021-11-05T10:19:20.750,73.71,-1.9436701443769704,5.329178206151978,2.339630970298914
1636121960760,2021-11-05T10:19:20.760,73.72,-0.8550087594445157,6.240773666770112,3.183383915036599
1636121960770,2021-11-05T10:19:20.770,73.73,0.0331774267538244,7.272357311104341,4.291423714340525
1636121960780,2021-11-05T10:19:20.780,73.74,0.11152991198930318,8.234224637533462,5.3216367299380725
1636121960790,2021-11-05T10:19:20.790,73.75,-0.03805991405195191,8.846771354269768,6.365413450073296
1636121960800,2021-11-05T10:19:20.800,73.76,-0.35669705945395186,8.875051482987036,7.522367643840946
1636121960810,2021-11-05T10:19:20.810,73.77,-1.3687315752280713,8.390776293891888,8.595133713729645
1636121960820,2021-11-05T10:19:20.820,73.78,-2.4214957982887375,7.772539521019019,9.486038857042896
1636121960830,2021-11-05T10:19:20.830,73.79,-1.9314449575836794,7.33038132340727,10.497308661703297
1636121960840,2021-11-05T10:19:20.840,73.8,0.3006349863467911,7.018996309287006,11.926903743033023
1636121960850,2021-11-05T10:19:20.850,73.81,2.735489707422972,6.627907469159084,13.57590986181956
1636121960860,2021-11-05T10:19:20.860,73.82,4.225826652858138,6.118114484344224,14.886797794971862
1636121960870,2021-11-05T10:19:20.870,73.83,5.106181340487642,5.615513074510716,15.537508513729692
1636121960880,2021-11-05T10:19:20.880,73.84,6.1218109854288905,5.187319004836665,15.766072593395709
1636121960890,2021-11-05T10:19:20.890,73.85,7.3792578157647855,4.768863639112896,15.995862934319659
1636121960900,2021-11-05T10:19:20.900,73.86,8.495274202729103,4.2497926710991445,16.24196233764959
1636121960910,2021-11-05T10:19:20.910,73.87,9.099403006416454,3.5660046213295313,16.164995903148302
1636121960920,2021-11-05T10:19:20.920,73.88,9.00568365530633,2.7405475669474892,15.68836715090843
1636121960930,2021-11-05T10:19:20.930,73.89,8.325851313817353,1.8657391971520665,15.222985223511063
1636121960940,2021-11-05T10:19:20.940,73.9,7.631855492226558,1.0676289947548585,15.187319729996744
1636121960950,2021-11-05T10:19:20.950,73.91,7.626519652655639,0.47024936733021994,15.546109751291631
1636121960960,2021-11-05T10:19:20.960,73.92,8.40679692568657,0.10291725751659066,15.945388019174075
1636121960970,2021-11-05T10:19:20.970,73.93,9.350546050918165,-0.1957726340180549,16.12316459765831
1636121960980,2021-11-05T10:19:20.980,73.94,9.780372893099798,-0.7080506005298285,16.00943163880938
1636121960990,2021-11-05T10:19:20.990,73.95,9.447574283295634,-1.6056592181716733,15.56719567992985
1636121961000,2021-11-05T10:19:21.000,73.96,8.572447880604363,-2.8009246707329116,14.821380000595497
1636121961010,2021-11-05T10:19:21.010,73.97,7.726880280415142,-4.054687867822565,13.992483038266982
1636121961020,2021-11-05T10:19:21.020,73.98,7.33708571821843,-5.215519889331573,13.293247405311993
1636121961030,2021-11-05T10:19:21.030,73.99,7.089183853673354,-6.332099756537971,12.59761112996334
1636121961040,2021-11-05T10:19:21.040,74.0,6.296507215583227,-7.549111775839213,11.598652600837575
1636121961050,2021-11-05T10:19:21.050,74.01,4.96505181976605,-8.928236802716675,10.283278471045227
1636121961060,2021-11-05T10:19:21.060,74.02,3.8641414441929234,-10.389343687872167,8.9631630054276
1636121961070,2021-11-05T10:19:21.070,74.03,3.3934542199884374,-11.801029370523871,7.845931694749151
1636121961080,2021-11-05T10:19:21.080,74.04,3.096407862417869,-13.06233864798689,6.87507830706174
1636121961090,2021-11-05T10:19:21.090,74.05,2.5536054647398307,-14.073742502119424,6.012376958129025
1636121961100,2021-11-05T10:19:21.100,74.06,2.0487022662593812,-14.718240411397428,5.377822615791196
1636121961110,2021-11-05T10:19:21.110,74.07,1.9488666322497734,-14.970525710348788,5.044527286635654
1636121961120,2021-11-05T10:19:21.120,74.08,1.9971368967050758,-14.967977372349463,4.955445335239576
1636121961130,2021-11-05T10:19:21.130,74.09,1.7496128592538005,-14.854431479773346,5.109605926950319
1636121961140,2021-11-05T10:19:21.140,74.1,1.3863393561274255,-14.626402762971004,5.576351696162776
1636121961150,2021-11-05T10:19:21.150,74.11,1.4776666121192261,-14.280473374220112,6.240875391348478
1636121961160,2021-11-05T10:19:21.160,74.12,2.050876207785193,-14.000078861022185,6.791013337080863
1636121961170,2021-11-05T10:19:21.170,74.13,2.5478328971336497,-13.99600959856652,7.088442774746515
1636121961180,2021-11-05T10:19:21.180,74.14,2.6967488860357633,-14.251022019054442,7.339008396187866
1636121961190,2021-11-05T10:19:21.190,74.15,2.695885104187377,-14.5853162796387,7.761226760255341
1636121961200,2021-11-05T10:19:21.200,74.16,2.568236578627992,-14.866207350255038,8.294192671698568
1636121961210,2021-11-05T10:19:21.210,74.17,2.1609879368999207,-15.02699144893677,8.76738285914379
1636121961220,2021-11-05T10:19:21.220,74.18,1.7189125206011666,-15.008139326522334,9.134964102650384
1636121961230,2021-11-05T10:19:21.230,74.19,1.6699177311507016,-14.796169064374732,9.406918605392335
1636121961240,2021-11-05T10:19:21.240,74.2,2.0093676656101644,-14.433856222542712,9.582033196954868
1636121961250,2021-11-05T10:19:21.250,74.21,2.4876405114340177,-13.957767596793317,9.75881016805481
1636121961260,2021-11-05T10:19:21.260,74.22,3.0142017934674614,-13.432444189358211,10.074995214635345
1636121961270,2021-11-05T10:19:21.270,74.23,3.4573674984068834,-13.02612108975109,10.4727903600217
1636121961280,2021-11-05T10:19:21.280,74.24,3.574307845683256,-12.904809675195718,10.755293055395196
1636121961290,2021-11-05T10:19:21.290,74.25,3.444436738790147,-13.07497203360984,10.90246156513309
1636121961300,2021-11-05T10:19:21.300,74.26,3.514745733506876,-13.452332853038296,11.12735797342264
1636121961310,2021-11-05T10:19:21.310,74.27,4.014828055215101,-14.002284850292,11.592583831944658
1636121961320,2021-11-05T10:19:21.320,74.28,4.655389746750706,-14.687067468850802,12.212967041403662
1636121961330,2021-11-05T10:19:21.330,74.29,5.1013904889014166,-15.39201384607059,12.793413831614291
1636121961340,2021-11-05T10:19:21.340,74.3,5.4776746374896295,-16.03322946338186,13.277842608933504
1636121961350,2021-11-05T10:19:21.350,74.31,6.044679066298489,-16.638692406338212,13.730589221775908
1636121961360,2021-11-05T10:19:21.360,74.32,6.583628695076792,-17.227426308395803,14.09493400426727
1636121961370,2021-11-05T10:19:21.370,74.33,6.653797320130655,-17.69187808315333,14.204451987143312
1636121961380,2021-11-05T10:19:21.380,74.34,6.291213936351509,-17.880753732443655,14.096910445131128
1636121961390,2021-11-05T10:19:21.390,74.35,5.8273433011248645,-17.768102343534927,14.044803102724305
1636121961400,2021-11-05T10:19:21.400,74.36,5.231441594109103,-17.51862574314209,14.168490937140104
1636121961410,2021-11-05T10:19:21.410,74.37,4.2922818935483615,-17.39683035348569,14.271030042230471
1636121961420,2021-11-05T10:19:21.420,74.38,3.2536471754083074,-17.56332855460115,14.140709570445878
1636121961430,2021-11-05T10:19:21.430,74.39,2.6938662461264613,-17.933029498460552,13.781765787814262
1636121961440,2021-11-05T10:19:21.440,74.4,2.851140886589172,-18.29994899682581,13.264804949336874
1636121961450,2021-11-05T10:19:21.450,74.41,3.388439628681834,-18.574506564018957,12.545551149245249
1636121961460,2021-11-05T10:19:21.460,74.42,3.798662850456169,-18.76674652307616,11.550009686627785
1636121961470,2021-11-05T10:19:21.470,74.43,3.877607707682269,-18.779827332233992,10.340828867080685
1636121961480,2021-11-05T10:19:21.480,74.44,3.7632856295601487,-18.39239017433533,9.088421170400114
1636121961490,2021-11-05T10:19:21.490,74.45,3.674608163913078,-17.469069709931755,7.916661752090406
1636121961500,2021-11-05T10:19:21.500,74.46,3.7627872915808833,-16.14521749032726,6.856681578157104
1636121961510,2021-11-05T10:19:21.510,74.47,4.003524768649392,-14.827839602899278,5.89232929011503
1636121961520,2021-11-05T10:19:21.520,74.48,4.0511287132286,-13.958038612944566,4.9664844721011825
1636121961530,2021-11-05T10:19:21.530,74.49,3.5667909034454706,-13.655508245692584,4.004851928837821
1636121961540,2021-11-05T10:19:21.540,74.5,2.861745274568211,-13.58547817063911,2.9536146175225646
1636121961550,2021-11-05T10:19:21.550,74.51,2.6925809371595726,-13.133937023075207,1.714943385075565
1636121961560,2021-11-05T10:19:21.560,74.52,3.315116804684795,-11.603618086835453,0.18445715691102688
1636121961570,2021-11-05T10:19:21.570,74.53,4.266738723548153,-8.387861879609087,-1.467279957076367
1636121961580,2021-11-05T10:19:21.580,74.54,4.86915028763453,-3.3067841212752582,-2.7964138600385198
1636121961590,2021-11-05T10:19:21.590,74.55,4.348068175815584,3.1632771089857594,-3.6106027507524505
1636121961600,2021-11-05T10:19:21.600,74.56,2.0589208459322665,10.197358366990986,-4.196480220912368
1636121961610,2021-11-05T10:19:21.610,74.57,-1.5657618797651258,17.18451166560058,-4.8185557315118
1636121961620,2021-11-05T10:19:21.620,74.58,-4.911617385415314,23.87739046755446,-5.372922322870455
1636121961630,2021-11-05T10:19:21.630,74.59,-6.775284985585744,30.06198320790316,-5.749312239194451
1636121961640,2021-11-05T10:19:21.640,74.6,-7.434691999652431,35.263104805932855,-6.133478929889632
1636121961650,2021-11-05T10:19:21.650,74.61,-7.650259079168379,38.841383580009406,-6.709639439338508
1636121961660,2021-11-05T10:19:21.660,74.62,-7.52190445135397,40.3574316315502,-7.385116773211552
1636121961670,2021-11-05T10:19:21.670,74.63,-6.953467832496469,39.84536887544297,-7.999043667441901
1636121961680,2021-11-05T10:19:21.680,74.64,-6.254245144851142,37.776641725823964,-8.517357281613117
1636121961690,2021-11-05T10:19:21.690,74.65,-5.455763364725067,34.77708681080302,-8.865668436442222
1636121961700,2021-11-05T10:19:21.700,74.66,-3.952732775560941,31.35173261281438,-8.864540824992485
1636121961710,2021-11-05T10:19:21.710,74.67,-1.6760934148894728,27.85296622809181,-8.532946008966398
1636121961720,2021-11-05T10:19:21.720,74.68,0.3094830678618866,24.600517201605143,-8.198948719894679
1636121961730,2021-11-05T10:19:21.730,74.69,1.1907081772149006,21.82966849086496,-8.065472426574305
1636121961740,2021-11-05T10:19:21.740,74.7,1.4598626075789753,19.536500698689643,-7.870072342664503
1636121961750,2021-11-05T10:19:21.750,74.71,1.8479537324871855,17.613503897583747,-7.246607385009151
1636121961760,2021-11-05T10:19:21.760,74.72,2.0603344363606437,16.142106064227583,-6.282312274807163
1636121961770,2021-11-05T10:19:21.770,74.73,1.311835159164728,15.333041560460444,-5.445783853688106
1636121961780,2021-11-05T10:19:21.780,74.74,-0.5150816457897778,15.203609662562634,-5.049384077348485
1636121961790,2021-11-05T10:19:21.790,74.75,-2.892710012988613,15.48245564627182,-4.994695200263106
