epoch (ms),time (-13:00),elapsed (s),x-axis (T),y-axis (T),z-axis (T)
1603644776452,2020-10-25T12:52:56.452,0.0,-4.972027790224136e-07,-2.014867210672716e-07,-3.0431483034571856e-07
1603644776502,2020-10-25T12:52:56.502,0.05,-1.030902813305561e-06,-7.31583805613896e-07,-3.4651417147492125e-07
1603644776552,2020-10-25T12:52:56.552,0.1,-1.2352075429518809e-06,-1.2815147430888768e-06,-5.764858843486211e-07
1603644776602,2020-10-25T12:52:56.602,0.15,-1.05356633285933e-06,-1.396147093104485e-06,-7.86504160172196e-07
1603644776652,2020-10-25T12:52:56.652,0.2,-7.673294024722581e-07,-9.413343697053134e-07,-8.429461577921743e-07
1603644776702,2020-10-25T12:52:56.702,0.25,-8.152598999053073e-07,-4.650177743317636e-07,-1.046235952950619e-06
1603644776752,2020-10-25T12:52:56.752,0.3,-1.2462983015598324e-06,-3.1133804567621995e-07,-1.4835265127271188e-06
1603644776802,2020-10-25T12:52:56.802,0.35,-1.4698846753850899e-06,-2.375508179567022e-07,-1.6234932376814187e-06
1603644776852,2020-10-25T12:52:56.852,0.4,-1.13337279313162e-06,-9.969490895136999e-08,-1.1095823912351873e-06
1603644776902,2020-10-25T12:52:56.902,0.45,-8.391530484506686e-07,-1.541520711711957e-07,-3.2325713452195703e-07
1603644776952,2020-10-25T12:52:56.952,0.5,-1.2057305987275987e-06,-4.855307075142267e-07,1.788551726581639e-07
1603644777002,2020-10-25T12:52:57.002,0.55,-1.7914347350322675e-06,-7.777219013290626e-07,1.936735198637589e-07
1603644777052,2020-10-25T12:52:57.052,0.6,-1.7490600908271048e-06,-9.363774562626721e-07,-1.5580225676955125e-07
1603644777102,2020-10-25T12:52:57.102,0.65,-1.0593646080675e-06,-1.3104265331994233e-06,-4.7300132222987896e-07
1603644777152,2020-10-25T12:52:57.152,0.7,-4.142862570125991e-07,-1.9315063494735356e-06,-3.60298777092325e-07
1603644777202,2020-10-25T12:52:57.202,0.75,-1.2658015103079188e-07,-2.2109856748444694e-06,3.820415336163218e-08
1603644777252,2020-10-25T12:52:57.252,0.8,2.1323627164762355e-07,-1.8440299640200953e-06,1.4911224940379074e-07
1603644777302,2020-10-25T12:52:57.302,0.85,9.755653392733472e-07,-1.4111501172930045e-06,-2.4537846879597395e-07
1603644777352,2020-10-25T12:52:57.352,0.9,1.9348965838661936e-06,-1.6109608208161828e-06,-7.792136920432316e-07
1603644777402,2020-10-25T12:52:57.402,0.95,2.7234586193914183e-06,-2.3286484940030844e-06,-1.0420890573935283e-06
1603644777452,2020-10-25T12:52:57.452,1.0,3.4549029653453466e-06,-2.900640696000088e-06,-9.642370784155421e-07
1603644777502,2020-10-25T12:52:57.502,1.05,4.425142229040669e-06,-3.0054156591587956e-06,-8.365079276439031e-07
1603644777552,2020-10-25T12:52:57.552,1.1,5.37616423160617e-06,-2.850420509063351e-06,-1.1406116546899772e-06
1603644777602,2020-10-25T12:52:57.602,1.15,5.714469979740801e-06,-2.6837590469624525e-06,-1.992286299493234e-06
1603644777652,2020-10-25T12:52:57.652,1.2,5.422667418586714e-06,-2.5823243082680426e-06,-2.7763402960275418e-06
1603644777702,2020-10-25T12:52:57.702,1.25,5.0711007799198075e-06,-2.5892218573439696e-06,-2.8196453044881477e-06
1603644777752,2020-10-25T12:52:57.752,1.3,4.997922185061138e-06,-2.664280861193668e-06,-2.257726774639743e-06
1603644777802,2020-10-25T12:52:57.802,1.35,5.088190895160118e-06,-2.6304220169374474e-06,-1.7883267110275204e-06
1603644777852,2020-10-25T12:52:57.852,1.4,5.210326385173833e-06,-2.454688664261292e-06,-1.7938307453122224e-06
1603644777902,2020-10-25T12:52:57.902,1.45,5.355173583070125e-06,-2.3852465786151795e-06,-2.1042246515715336e-06
1603644777952,2020-10-25T12:52:57.952,1.5,5.430865403772243e-06,-2.611107647400277e-06,-2.4833675173730532e-06
1603644778002,2020-10-25T12:52:58.002,1.55,5.263488829949651e-06,-3.0083405429691374e-06,-2.897848493701047e-06
1603644778052,2020-10-25T12:52:58.052,1.6,4.870620171828545e-06,-3.3331871403343595e-06,-3.2108649265586463e-06
1603644778102,2020-10-25T12:52:58.102,1.65,4.601699731757403e-06,-3.5009527309302856e-06,-3.1105271972973937e-06
1603644778152,2020-10-25T12:52:58.152,1.7,4.8119095099500314e-06,-3.623206618933163e-06,-2.6586006463059088e-06
1603644778202,2020-10-25T12:52:58.202,1.75,5.392631028071215e-06,-3.818246738158032e-06,-2.4176525325515827e-06
1603644778252,2020-10-25T12:52:58.252,1.8,5.8672973958578924e-06,-4.052539520838807e-06,-2.634733277945994e-06
1603644778302,2020-10-25T12:52:58.302,1.85,5.964132272202553e-06,-4.228496876826358e-06,-2.857977450907035e-06
1603644778352,2020-10-25T12:52:58.352,1.9,5.851002835319113e-06,-4.296634607943569e-06,-2.8142336018773435e-06
1603644778402,2020-10-25T12:52:58.402,1.95,5.79202458275103e-06,-4.1756570057816855e-06,-2.9290574732150158e-06
1603644778452,2020-10-25T12:52:58.452,2.0,5.712922536297067e-06,-3.72749717874469e-06,-3.4007377056919194e-06
1603644778502,2020-10-25T12:52:58.502,2.05,5.189675898293188e-06,-2.8976601430851566e-06,-3.644997610919298e-06
1603644778552,2020-10-25T12:52:58.552,2.1,3.975960891825309e-06,-1.7739876005123065e-06,-3.315370348080592e-06
1603644778602,2020-10-25T12:52:58.602,2.15,2.4226157147162345e-06,-5.584093726401186e-07,-2.9340503199116195e-06
1603644778652,2020-10-25T12:52:58.652,2.2,1.1217215052629455e-06,4.3266887048258056e-07,-2.907772350518271e-06
1603644778702,2020-10-25T12:52:58.702,2.25,3.402844006107972e-07,9.435679978365332e-07,-2.8704378922449965e-06
1603644778752,2020-10-25T12:52:58.752,2.3,2.9003047352620706e-08,1.1030139516856759e-06,-2.4988862870544378e-06
1603644778802,2020-10-25T12:52:58.802,2.35,3.9969089331549233e-08,1.3222625863850017e-06,-2.101620651193049e-06
1603644778852,2020-10-25T12:52:58.852,2.4,1.4874861854501215e-07,1.7191959345503345e-06,-2.0336396919841244e-06
1603644778902,2020-10-25T12:52:58.902,2.45,1.5186114548548515e-07,1.958042980123734e-06,-2.184737838390009e-06
1603644778952,2020-10-25T12:52:58.952,2.5,-1.4936563432475058e-08,1.816808109512494e-06,-2.1992341645575924e-06
1603644779002,2020-10-25T12:52:59.002,2.55,-3.7215830209987413e-07,1.5409354585012688e-06,-1.865371869124014e-06
1603644779052,2020-10-25T12:52:59.052,2.6,-9.013086082070003e-07,1.4369625404777188e-06,-1.3742069977997463e-06
1603644779102,2020-10-25T12:52:59.102,2.65,-1.379487457206972e-06,1.4227666655957147e-06,-1.1569631635272356e-06
1603644779152,2020-10-25T12:52:59.152,2.7,-1.5531417859802978e-06,1.1893979039446945e-06,-1.1720607956084955e-06
1603644779202,2020-10-25T12:52:59.202,2.75,-1.531198487170798e-06,7.148686996407722e-07,-7.555921481984494e-07
1603644779252,2020-10-25T12:52:59.252,2.8,-1.622637703173888e-06,4.3498414636110465e-07,3.2394966401733044e-07
1603644779302,2020-10-25T12:52:59.302,2.85,-1.8347004241008349e-06,6.686610819402972e-07,1.2477865944716811e-06
1603644779352,2020-10-25T12:52:59.352,2.9,-1.9513481987659033e-06,1.0051430263698753e-06,1.2089289839833936e-06
1603644779402,2020-10-25T12:52:59.402,2.95,-1.9607014394300907e-06,8.27728578662313e-07,5.86511519371402e-07
1603644779452,2020-10-25T12:52:59.452,3.0,-2.013773986397897e-06,3.6165738311342434e-07,4.334802092294123e-07
1603644779502,2020-10-25T12:52:59.502,3.05,-2.1248400790589922e-06,3.84522895511181e-07,1.0517252122431008e-06
1603644779552,2020-10-25T12:52:59.552,3.1,-2.1888829188501818e-06,9.148391028460144e-07,1.6691551293075702e-06
1603644779602,2020-10-25T12:52:59.602,3.15,-2.175192306331216e-06,1.1532711386727548e-06,1.5991894260059094e-06
1603644779652,2020-10-25T12:52:59.652,3.2,-2.144440050169997e-06,7.909010651861796e-07,1.142765755066876e-06
1603644779702,2020-10-25T12:52:59.702,3.25,-2.1352779204697806e-06,3.856629129395208e-07,9.83731082596366e-07
1603644779752,2020-10-25T12:52:59.752,3.3,-2.128299165281724e-06,3.49708520366665e-07,1.234627275807067e-06
1603644779802,2020-10-25T12:52:59.802,3.35,-2.1082476234786224e-06,4.667976058037087e-07,1.532214547452727e-06
1603644779852,2020-10-25T12:52:59.852,3.4,-2.096022201415559e-06,4.861955071304998e-07,1.5931949745345642e-06
1603644779902,2020-10-25T12:52:59.902,3.45,-2.097864066294251e-06,4.954284977795834e-07,1.400756260927983e-06
1603644779952,2020-10-25T12:52:59.952,3.5,-2.0758650256542707e-06,6.165298012249475e-07,1.2415424509050995e-06
1603644780002,2020-10-25T12:53:00.002,3.55,-2.028247778829049e-06,7.391740821844828e-07,1.4228432062781868e-06
1603644780052,2020-10-25T12:53:00.052,3.6,-2.0363199514290878e-06,6.954380854114125e-07,1.6597634363533077e-06
1603644780102,2020-10-25T12:53:00.102,3.65,-2.101570303973527e-06,5.348058128253761e-07,1.3793122795742272e-06
1603644780152,2020-10-25T12:53:00.152,3.7,-2.0352822386487594e-06,4.336471810960702e-07,8.166591017835686e-07
1603644780202,2020-10-25T12:53:00.202,3.75,-1.7607717294088048e-06,4.3661986468834544e-07,7.931435064694649e-07
1603644780252,2020-10-25T12:53:00.252,3.8,-1.567687518471971e-06,5.092361296960181e-07,1.3158294830337137e-06
1603644780302,2020-10-25T12:53:00.302,3.85,-1.6685801384422934e-06,6.542278663936614e-07,1.5316525753304474e-06
1603644780352,2020-10-25T12:53:00.352,3.9,-1.7378294969427254e-06,7.831254168423475e-07,1.081763192419949e-06
1603644780402,2020-10-25T12:53:00.402,3.95,-1.4305829631930075e-06,7.601283056747613e-07,4.68024101532431e-07
1603644780452,2020-10-25T12:53:00.452,4.0,-1.0701369274997477e-06,6.455567537274136e-07,1.4026945923710323e-07
1603644780502,2020-10-25T12:53:00.502,4.05,-1.1780804864911382e-06,5.946622609781408e-07,8.620363444675881e-08
1603644780552,2020-10-25T12:53:00.552,4.1,-1.6116617554893864e-06,6.201173933156709e-07,2.0184412543435365e-07
1603644780602,2020-10-25T12:53:00.602,4.15,-1.8374279848702267e-06,6.667456565205343e-07,3.863989713395122e-07
1603644780652,2020-10-25T12:53:00.652,4.2,-1.7559869978564278e-06,6.649276112469784e-07,4.7656573716552896e-07
1603644780702,2020-10-25T12:53:00.702,4.25,-1.612190436410473e-06,4.941782068857037e-07,5.179691027631103e-07
1603644780752,2020-10-25T12:53:00.752,4.3,-1.4650603052834776e-06,2.1276938430253678e-07,6.961886017141931e-07
1603644780802,2020-10-25T12:53:00.802,4.35,-1.2948885894600127e-06,9.84066013250819e-08,8.344224812199224e-07
1603644780852,2020-10-25T12:53:00.852,4.4,-1.2073549922014537e-06,2.2620246943003133e-07,6.401210505367958e-07
1603644780902,2020-10-25T12:53:00.902,4.45,-1.2538434158555901e-06,4.2507372055715236e-07,3.9480072539069913e-07
1603644780952,2020-10-25T12:53:00.952,4.5,-1.454100569909677e-06,6.700362870865872e-07,5.340537491031939e-07
1603644781002,2020-10-25T12:53:01.002,4.55,-1.850630215388776e-06,9.573383300001777e-07,7.996545508314433e-07
1603644781052,2020-10-25T12:53:01.052,4.6,-2.2148057370552985e-06,9.742045448651426e-07,6.788771877959568e-07
1603644781102,2020-10-25T12:53:01.102,4.65,-2.169205043483783e-06,5.498037539457818e-07,2.9000823885644174e-07
1603644781152,2020-10-25T12:53:01.152,4.7,-1.7566327091515505e-06,1.5386841533866088e-07,1.3401614849633233e-07
1603644781202,2020-10-25T12:53:01.202,4.75,-1.368684523443589e-06,2.844985813243384e-07,3.277877279821885e-07
1603644781252,2020-10-25T12:53:01.252,4.8,-1.2366886361895783e-06,7.194784527032167e-07,5.18259730789361e-07
1603644781302,2020-10-25T12:53:01.302,4.85,-1.3500998004086774e-06,9.369124468068359e-07,4.271018990366077e-07
1603644781352,2020-10-25T12:53:01.352,4.9,-1.4997866678996719e-06,8.063604941012522e-07,2.4478037500348875e-07
1603644781402,2020-10-25T12:53:01.402,4.95,-1.3562030647243427e-06,4.800255469292661e-07,2.8390964889482694e-07
1603644781452,2020-10-25T12:53:01.452,5.0,-9.852309281033343e-07,1.677160142811109e-07,4.07707391899008e-07
1603644781502,2020-10-25T12:53:01.502,5.05,-9.386452828800856e-07,2.0959243517514606e-07,2.5469145321922604e-07
1603644781552,2020-10-25T12:53:01.552,5.1,-1.392027056951817e-06,7.712656171814137e-07,-1.1734801493972794e-07
1603644781602,2020-10-25T12:53:01.602,5.15,-1.8156510701558435e-06,1.4136504119751589e-06,-2.9136290442619165e-07
1603644781652,2020-10-25T12:53:01.652,5.2,-1.7839361596262135e-06,1.5297426482858985e-06,-9.501234610501642e-08
1603644781702,2020-10-25T12:53:01.702,5.25,-1.456843147048041e-06,1.1730600716854885e-06,1.8841135038580223e-07
1603644781752,2020-10-25T12:53:01.752,5.3,-1.158484687284087e-06,9.399351598425589e-07,2.056603902770223e-07
1603644781802,2020-10-25T12:53:01.802,5.35,-9.626323168234763e-07,1.1443102608884412e-06,-5.540604083147086e-08
1603644781852,2020-10-25T12:53:01.852,5.4,-7.627301210199368e-07,1.5789432509143926e-06,-3.2040815876494506e-07
1603644781902,2020-10-25T12:53:01.902,5.45,-5.770109797738583e-07,1.8786255900613906e-06,-3.6867438350590504e-07
1603644781952,2020-10-25T12:53:01.952,5.5,-5.669081335236574e-07,1.7415746879471344e-06,-2.1470813962727535e-07
1603644782002,2020-10-25T12:53:02.002,5.55,-6.147758212677461e-07,1.1694686620344738e-06,-9.021357177366282e-08
1603644782052,2020-10-25T12:53:02.052,5.6,-2.953828223484037e-07,6.895884247530018e-07,-2.6548889852603266e-07
1603644782102,2020-10-25T12:53:02.102,5.65,4.499979440415263e-07,7.633758126370705e-07,-6.560135438321923e-07
1603644782152,2020-10-25T12:53:02.152,5.7,1.1132107512711993e-06,1.0224384454201128e-06,-7.630174610112352e-07
1603644782202,2020-10-25T12:53:02.202,5.75,1.3294324497929192e-06,8.350884188304412e-07,-3.8989761431200934e-07
1603644782252,2020-10-25T12:53:02.252,5.8,1.3378606062094678e-06,3.490683650495998e-07,-6.708559572229764e-08
1603644782302,2020-10-25T12:53:02.302,5.85,1.561748816727151e-06,1.712078271271974e-07,-2.6833835538390587e-07
1603644782352,2020-10-25T12:53:02.352,5.9,2.0148762821641365e-06,4.293827271412169e-07,-7.351117893058771e-07
1603644782402,2020-10-25T12:53:02.402,5.95,2.3152115384085024e-06,8.377661146968333e-07,-1.098801427293753e-06
1603644782452,2020-10-25T12:53:02.452,6.0,2.259690852725629e-06,1.200360786227566e-06,-1.4592146153023794e-06
1603644782502,2020-10-25T12:53:02.502,6.05,2.195720656790259e-06,1.361890691748087e-06,-1.8297317469432298e-06
1603644782552,2020-10-25T12:53:02.552,6.1,2.5611229655119227e-06,1.2153903719473269e-06,-1.8500716572851762e-06
1603644782602,2020-10-25T12:53:02.602,6.15,3.1669019488621525e-06,1.0692760979076662e-06,-1.5178722832198777e-06
1603644782652,2020-10-25T12:53:02.652,6.2,3.4344482116380625e-06,1.3474672120001405e-06,-1.3708790268158865e-06
1603644782702,2020-10-25T12:53:02.702,6.25,3.320784689187651e-06,1.7108185095543571e-06,-1.6338702907602067e-06
1603644782752,2020-10-25T12:53:02.752,6.3,3.421402807771296e-06,1.2920893868745117e-06,-1.926711264699856e-06
1603644782802,2020-10-25T12:53:02.802,6.35,4.145985501865313e-06,9.864733400721597e-08,-1.95203775326431e-06
1603644782852,2020-10-25T12:53:02.852,6.4,5.252444995780751e-06,-6.941988336318491e-07,-1.8546617271427271e-06
1603644782902,2020-10-25T12:53:02.902,6.45,6.132499150545857e-06,-3.415467127484312e-07,-1.8807171440232201e-06
1603644782952,2020-10-25T12:53:02.952,6.5,6.287917075145661e-06,3.799419538847595e-07,-2.1460001109367054e-06
1603644783002,2020-10-25T12:53:03.002,6.55,5.673118522219416e-06,3.433557008450405e-07,-2.592522483604113e-06
1603644783052,2020-10-25T12:53:03.052,6.6,4.714535259637429e-06,-3.661337158026688e-07,-2.845904560146331e-06
1603644783102,2020-10-25T12:53:03.102,6.65,3.876493296128791e-06,-7.903636372442971e-07,-2.5240943048106764e-06
1603644783152,2020-10-25T12:53:03.152,6.7,3.221007609457049e-06,-4.242611045397973e-07,-1.8931515302839048e-06
1603644783202,2020-10-25T12:53:03.202,6.75,2.499761362382e-06,4.1326567319931524e-07,-1.5850910468717248e-06
1603644783252,2020-10-25T12:53:03.252,6.8,1.5316425669404924e-06,1.1178615095430734e-06,-1.5945070787459288e-06
1603644783302,2020-10-25T12:53:03.302,6.85,3.3021077453417544e-07,1.3261916299160262e-06,-1.2819729959591593e-06
1603644783352,2020-10-25T12:53:03.352,6.9,-9.703245568592116e-07,1.1264618980431159e-06,-3.8232947896391865e-07
1603644783402,2020-10-25T12:53:03.402,6.95,-2.1250182636780726e-06,8.765052765448997e-07,6.227201215993889e-07
1603644783452,2020-10-25T12:53:03.452,7.0,-2.905764069572393e-06,8.087461466241598e-07,1.1207371700029903e-06
1603644783502,2020-10-25T12:53:03.502,7.05,-3.4836655899453254e-06,9.361156775383301e-07,9.245263094710704e-07
1603644783552,2020-10-25T12:53:03.552,7.1,-4.417254823139364e-06,1.2137583650877742e-06,3.350078866521298e-07
1603644783602,2020-10-25T12:53:03.602,7.15,-5.815656551985409e-06,1.5041540931092077e-06,-3.1971151317713476e-08
1603644783652,2020-10-25T12:53:03.652,7.2,-6.896680104095255e-06,1.5832322217299743e-06,2.9121078894512844e-07
1603644783702,2020-10-25T12:53:03.702,7.25,-7.033614919227266e-06,1.4889897899326915e-06,1.0998150238577399e-06
1603644783752,2020-10-25T12:53:03.752,7.3,-6.70475671682072e-06,1.5373182438844973e-06,1.7536488576061928e-06
1603644783802,2020-10-25T12:53:03.802,7.35,-6.611821246567436e-06,1.695932723998127e-06,1.9912760880584347e-06
1603644783852,2020-10-25T12:53:03.852,7.4,-6.614096108060959e-06,1.456990163646322e-06,2.0732230107659835e-06
1603644783902,2020-10-25T12:53:03.902,7.45,-6.398191852161843e-06,7.184620455065637e-07,2.2043450932780494e-06
1603644783952,2020-10-25T12:53:03.952,7.5,-6.260671608804792e-06,1.8805570746624542e-07,2.357502529317385e-06
1603644784002,2020-10-25T12:53:04.002,7.55,-6.445117509692867e-06,3.992953975657228e-07,2.5520248073626336e-06
1603644784052,2020-10-25T12:53:04.052,7.6,-6.704049375750098e-06,8.716963748692188e-07,2.795651372647213e-06
1603644784102,2020-10-25T12:53:04.102,7.65,-6.918607299573481e-06,8.307642417826805e-07,2.8885971871013126e-06
1603644784152,2020-10-25T12:53:04.152,7.7,-7.119477433498117e-06,3.409952664413825e-07,2.7352509562036245e-06
1603644784202,2020-10-25T12:53:04.202,7.75,-6.962185608645965e-06,6.485481679235499e-08,2.633342202514163e-06
1603644784252,2020-10-25T12:53:04.252,7.8,-6.163585858428304e-06,1.476666555718247e-07,2.7799229999625957e-06
1603644784302,2020-10-25T12:53:04.302,7.85,-5.138747490157746e-06,1.0812127289315696e-07,2.8272260790862488e-06
1603644784352,2020-10-25T12:53:04.352,7.9,-4.55711850350694e-06,-2.0244302970754682e-07,2.4482862597652466e-06
1603644784402,2020-10-25T12:53:04.402,7.95,-4.669955642298605e-06,-3.383261596728851e-07,1.9264180808548306e-06
1603644784452,2020-10-25T12:53:04.452,8.0,-5.23821140498295e-06,-7.027032843904687e-08,1.7296032482142774e-06
1603644784502,2020-10-25T12:53:04.502,8.05,-5.712993795657118e-06,2.8956978305651523e-07,1.881806006325416e-06
1603644784552,2020-10-25T12:53:04.552,8.1,-5.674686426211516e-06,4.975652473990576e-07,2.057437510247131e-06
1603644784602,2020-10-25T12:53:04.602,8.15,-5.321840375936327e-06,6.235872304357033e-07,2.0678973293886806e-06
1603644784652,2020-10-25T12:53:04.652,8.2,-5.11165649908496e-06,6.442637696675389e-07,2.0410678319332555e-06
1603644784702,2020-10-25T12:53:04.702,8.25,-5.044902407907038e-06,4.581101022173415e-07,2.1198443515743168e-06
1603644784752,2020-10-25T12:53:04.752,8.3,-4.906501147481749e-06,2.8939684711117713e-07,2.175316438589356e-06
1603644784802,2020-10-25T12:53:04.802,8.35,-4.777622570126905e-06,4.812477036096254e-07,2.016209930176024e-06
1603644784852,2020-10-25T12:53:04.852,8.4,-4.696689195480526e-06,9.2038971464951e-07,1.7298151948368692e-06
1603644784902,2020-10-25T12:53:04.902,8.45,-4.442197253328379e-06,1.144983408839393e-06,1.5830200698936602e-06
1603644784952,2020-10-25T12:53:04.952,8.5,-4.075220810658664e-06,9.93714642236954e-07,1.6828243724316104e-06
1603644785002,2020-10-25T12:53:05.002,8.55,-3.9954591437576894e-06,7.450882078662876e-07,1.850086626687132e-06
1603644785052,2020-10-25T12:53:05.052,8.6,-4.279745939158689e-06,5.892719296065244e-07,1.8290713189702766e-06
1603644785102,2020-10-25T12:53:05.102,8.65,-4.5267745801026326e-06,3.638997569637777e-07,1.6623268605632847e-06
1603644785152,2020-10-25T12:53:05.152,8.7,-4.2877990408486785e-06,-1.5867369477463388e-08,1.6456746910316021e-06
1603644785202,2020-10-25T12:53:05.202,8.75,-3.349929419374531e-06,-2.8522253958241277e-07,1.7574911894859598e-06
1603644785252,2020-10-25T12:53:05.252,8.8,-1.8437415883762674e-06,-3.4332554422751895e-07,1.659870506043216e-06
1603644785302,2020-10-25T12:53:05.302,8.85,-2.2658494322898333e-07,-6.04902152670861e-07,1.4473324680811603e-06
1603644785352,2020-10-25T12:53:05.352,8.9,9.92312002649607e-07,-1.3655764319751933e-06,1.550688556988292e-06
1603644785402,2020-10-25T12:53:05.402,8.95,1.5660010628776665e-06,-2.2496997850621928e-06,1.8526572036982306e-06
1603644785452,2020-10-25T12:53:05.452,9.0,1.649580679197605e-06,-2.730207447837311e-06,1.9754762467600846e-06
1603644785502,2020-10-25T12:53:05.502,9.05,1.6857738372547992e-06,-2.799090559090764e-06,2.1768499076712e-06
1603644785552,2020-10-25T12:53:05.552,9.1,1.9461342521920427e-06,-2.7930580362127944e-06,2.7886333840134533e-06
1603644785602,2020-10-25T12:53:05.602,9.15,2.2001158651840753e-06,-2.855625237220792e-06,3.3366437515895e-06
1603644785652,2020-10-25T12:53:05.652,9.2,2.1152247102232658e-06,-2.8987091045122947e-06,3.2852093059510775e-06
1603644785702,2020-10-25T12:53:05.702,9.25,1.8254620113195335e-06,-2.9642884751671005e-06,3.0037400522749958e-06
1603644785752,2020-10-25T12:53:05.752,9.3,1.7637879054497885e-06,-3.155094606105053e-06,3.1874100339944544e-06
1603644785802,2020-10-25T12:53:05.802,9.35,2.083508697363627e-06,-3.2283692439949984e-06,3.833290085052688e-06
1603644785852,2020-10-25T12:53:05.852,9.4,2.4721222662769015e-06,-2.923480942949947e-06,4.338007888011914e-06
1603644785902,2020-10-25T12:53:05.902,9.45,2.4919341321560654e-06,-2.6225228877707394e-06,4.316944626615097e-06
1603644785952,2020-10-25T12:53:05.952,9.5,2.086466831669112e-06,-2.870393451763894e-06,3.947924450210182e-06
1603644786002,2020-10-25T12:53:06.002,9.55,1.6911258352211258e-06,-3.4479150236457123e-06,3.61763118664436e-06
1603644786052,2020-10-25T12:53:06.052,9.6,1.7264222722979167e-06,-3.738006430447448e-06,3.533444998018729e-06
1603644786102,2020-10-25T12:53:06.102,9.65,2.0629162153114754e-06,-3.641122024903536e-06,3.6942214672043333e-06
1603644786152,2020-10-25T12:53:06.152,9.7,2.1621887784127384e-06,-3.4298375186950893e-06,3.977939060542307e-06
1603644786202,2020-10-25T12:53:06.202,9.75,1.824178705042461e-06,-3.181240681033771e-06,4.17707607733051e-06
1603644786252,2020-10-25T12:53:06.252,9.8,1.5765647356304423e-06,-2.9250866244320807e-06,4.157451037174556e-06
1603644786302,2020-10-25T12:53:06.302,9.85,1.922049389128337e-06,-2.9111973142911976e-06,4.0242677416000055e-06
1603644786352,2020-10-25T12:53:06.352,9.9,2.4634599142042318e-06,-3.2716970119682237e-06,3.935646539741843e-06
1603644786402,2020-10-25T12:53:06.402,9.95,2.5071632663426746e-06,-3.6830640097280775e-06,3.8357453389227826e-06
1603644786452,2020-10-25T12:53:06.452,10.0,2.2100321009106112e-06,-3.7235926525188274e-06,3.648091783504033e-06
1603644786502,2020-10-25T12:53:06.502,10.05,2.1965928338448387e-06,-3.4726006330086703e-06,3.5702073266494196e-06
1603644786552,2020-10-25T12:53:06.552,10.1,2.4202327245586337e-06,-3.3860777322244673e-06,3.8029396774286993e-06
1603644786602,2020-10-25T12:53:06.602,10.15,2.385723180909115e-06,-3.563183352012919e-06,4.11037974668436e-06
1603644786652,2020-10-25T12:53:06.652,10.2,2.1425927988665684e-06,-3.644992775719144e-06,4.052585160839175e-06
1603644786702,2020-10-25T12:53:06.702,10.25,2.1407073171269146e-06,-3.5157077402398338e-06,3.6782877836546945e-06
1603644786752,2020-10-25T12:53:06.752,10.3,2.3771798335543906e-06,-3.4511774686493135e-06,3.60353215447758e-06
1603644786802,2020-10-25T12:53:06.802,10.35,2.513439945387701e-06,-3.51181962083192e-06,4.126584052091159e-06
1603644786852,2020-10-25T12:53:06.852,10.4,2.582370496880972e-06,-3.47066661645758e-06,4.62076797127182e-06
1603644786902,2020-10-25T12:53:06.902,10.45,2.799974136332506e-06,-3.322701020505409e-06,4.4177026753749744e-06
1603644786952,2020-10-25T12:53:06.952,10.5,3.0061769492383435e-06,-3.2690424345919803e-06,3.9325707690221774e-06
1603644787002,2020-10-25T12:53:07.002,10.55,2.97206293114044e-06,-3.3006968733649602e-06,3.996696635699789e-06
1603644787052,2020-10-25T12:53:07.052,10.6,2.795940749232808e-06,-3.3082462971970026e-06,4.5107757008991335e-06
1603644787102,2020-10-25T12:53:07.102,10.65,2.5656035618561785e-06,-3.4428921761930258e-06,4.803056637891796e-06
1603644787152,2020-10-25T12:53:07.152,10.7,2.256466160993851e-06,-3.830748392273191e-06,4.74146458596688e-06
1603644787202,2020-10-25T12:53:07.202,10.75,2.1031441357677735e-06,-4.1343536474759544e-06,4.575040183366835e-06
1603644787252,2020-10-25T12:53:07.252,10.8,2.3593020471885147e-06,-4.0139239370925025e-06,4.385555994355734e-06
1603644787302,2020-10-25T12:53:07.302,10.85,2.759017649286822e-06,-3.7151380190818795e-06,4.296551853003001e-06
1603644787352,2020-10-25T12:53:07.352,10.9,2.8697600312663965e-06,-3.5980715273632747e-06,4.506261169714741e-06
1603644787402,2020-10-25T12:53:07.402,10.95,2.766640538079253e-06,-3.6178663985711153e-06,4.85470978795408e-06
1603644787452,2020-10-25T12:53:07.452,11.0,2.796245789669636e-06,-3.7420121160939387e-06,4.958450625850183e-06
1603644787502,2020-10-25T12:53:07.502,11.05,2.9086400197288308e-06,-4.075728238379383e-06,4.813346993546842e-06
1603644787552,2020-10-25T12:53:07.552,11.1,2.7206845502047017e-06,-4.335839824764624e-06,4.775778498210845e-06
1603644787602,2020-10-25T12:53:07.602,11.15,2.1986305184235207e-06,-4.1737015634794675e-06,4.918860037135467e-06
1603644787652,2020-10-25T12:53:07.652,11.2,1.9141261047244993e-06,-3.894091471642318e-06,4.846699047579743e-06
1603644787702,2020-10-25T12:53:07.702,11.25,2.4120664873695556e-06,-3.8705292683733335e-06,4.3436286703519865e-06
1603644787752,2020-10-25T12:53:07.752,11.3,3.513725605019466e-06,-3.7826643831686725e-06,3.8350956528579646e-06
1603644787802,2020-10-25T12:53:07.802,11.35,4.520150156501835e-06,-3.3007926975017128e-06,3.766271033322824e-06
1603644787852,2020-10-25T12:53:07.852,11.4,4.961686061703945e-06,-2.7746405169548358e-06,3.7781819123789364e-06
1603644787902,2020-10-25T12:53:07.902,11.45,4.98535098512825e-06,-2.602351954857493e-06,3.1458762501989853e-06
1603644787952,2020-10-25T12:53:07.952,11.5,5.163348277025192e-06,-2.599478484445274e-06,1.8351716811629457e-06
1603644788002,2020-10-25T12:53:08.002,11.55,5.894164942128594e-06,-2.403322098290822e-06,3.8354626037655374e-07
1603644788052,2020-10-25T12:53:08.052,11.6,6.926132534080524e-06,-2.090092257291564e-06,-9.546703562678045e-07
1603644788102,2020-10-25T12:53:08.102,11.65,7.700225528179713e-06,-2.081393831515677e-06,-2.2296053971654838e-06
1603644788152,2020-10-25T12:53:08.152,11.7,8.00300783442872e-06,-2.4457250510359096e-06,-3.4161900112424258e-06
1603644788202,2020-10-25T12:53:08.202,11.75,7.905096002617136e-06,-2.559130924246762e-06,-4.510598405737926e-06
1603644788252,2020-10-25T12:53:08.252,11.8,7.492977556644956e-06,-1.893783162143e-06,-5.5565114772309275e-06
1603644788302,2020-10-25T12:53:08.302,11.85,7.117039642832909e-06,-1.0239331713554474e-06,-6.447832157539075e-06
1603644788352,2020-10-25T12:53:08.352,11.9,7.289180910907734e-06,-1.083933908253512e-06,-7.0106125242025175e-06
1603644788402,2020-10-25T12:53:08.402,11.95,7.935632749359088e-06,-2.1258117077098774e-06,-7.139037095673887e-06
1603644788452,2020-10-25T12:53:08.452,12.0,8.42748011421298e-06,-2.956460518241427e-06,-6.8594831931886025e-06
1603644788502,2020-10-25T12:53:08.502,12.05,8.5503936101297e-06,-2.8146379547102866e-06,-6.508309583183575e-06
1603644788552,2020-10-25T12:53:08.552,12.1,8.695354918677382e-06,-2.167261523159408e-06,-6.517539371805036e-06
1603644788602,2020-10-25T12:53:08.602,12.15,8.989406880883933e-06,-1.6726543369098667e-06,-6.8459779990884824e-06
1603644788652,2020-10-25T12:53:08.652,12.2,8.954932684550112e-06,-1.3564629524443017e-06,-7.093143608208202e-06
1603644788702,2020-10-25T12:53:08.702,12.25,8.18288484154564e-06,-9.19089862905759e-07,-7.094010102039158e-06
1603644788752,2020-10-25T12:53:08.752,12.3,6.898993089941272e-06,-1.9979834974404456e-07,-6.9455364234018455e-06
1603644788802,2020-10-25T12:53:08.802,12.35,5.738027966329597e-06,7.025583326351488e-07,-6.747535577292097e-06
1603644788852,2020-10-25T12:53:08.852,12.4,5.057103843644411e-06,1.5937094109044678e-06,-6.541047014092321e-06
1603644788902,2020-10-25T12:53:08.902,12.45,4.4730363411269726e-06,2.4215339765595263e-06,-6.183897058430354e-06
1603644788952,2020-10-25T12:53:08.952,12.5,3.3002616895181807e-06,3.1305670829572853e-06,-5.461488823458041e-06
1603644789002,2020-10-25T12:53:09.002,12.55,1.5967179971250198e-06,3.430511025398749e-06,-4.496854568653251e-06
1603644789052,2020-10-25T12:53:09.052,12.6,3.0479019228478966e-07,3.17984608961246e-06,-3.6357205642597234e-06
1603644789102,2020-10-25T12:53:09.102,12.65,7.150714337452776e-08,2.779147077802649e-06,-3.004234884374568e-06
1603644789152,2020-10-25T12:53:09.152,12.7,4.94535022405544e-07,2.6648312650626907e-06,-2.555900709397629e-06
1603644789202,2020-10-25T12:53:09.202,12.75,8.99198552940817e-07,2.712348073420592e-06,-2.2934715655682878e-06
1603644789252,2020-10-25T12:53:09.252,12.8,1.2914758847880039e-06,2.600640298415099e-06,-2.21878789118065e-06
1603644789302,2020-10-25T12:53:09.302,12.85,1.993572689424739e-06,2.3377927595105444e-06,-2.196737901094247e-06
1603644789352,2020-10-25T12:53:09.352,12.9,2.7656527666738325e-06,2.0181535278607994e-06,-1.9578959842124445e-06
1603644789402,2020-10-25T12:53:09.402,12.95,3.0168757021459557e-06,1.5890201000635366e-06,-1.4165207136536545e-06
1603644789452,2020-10-25T12:53:09.452,13.0,2.6565398443425588e-06,1.1789052132098037e-06,-9.234223044829193e-07
1603644789502,2020-10-25T12:53:09.502,13.05,2.1435494758724337e-06,1.0647906353393927e-06,-8.234628753382071e-07
1603644789552,2020-10-25T12:53:09.552,13.1,1.9804194585510735e-06,1.0995356873350168e-06,-9.282222214991166e-07
1603644789602,2020-10-25T12:53:09.602,13.15,2.4174628296448084e-06,8.038866526374626e-07,-8.008299084250031e-07
1603644789652,2020-10-25T12:53:09.652,13.2,3.1527008159953416e-06,1.9557510156739817e-07,-2.968894734299438e-07
1603644789702,2020-10-25T12:53:09.702,13.25,3.3987799902086734e-06,-1.3907282919688384e-07,3.9224406444467636e-07
1603644789752,2020-10-25T12:53:09.752,13.3,2.8759330966567593e-06,-2.655049610638e-08,9.303735802123531e-07
1603644789802,2020-10-25T12:53:09.802,13.35,2.3495488372863714e-06,-3.618195282093471e-08,1.040482394924e-06
1603644789852,2020-10-25T12:53:09.852,13.4,2.4597950660502873e-06,-4.296158024975724e-07,7.614753587732435e-07
1603644789902,2020-10-25T12:53:09.902,13.45,2.6377443411352224e-06,-5.366786917323442e-07,3.8677234326440694e-07
1603644789952,2020-10-25T12:53:09.952,13.5,2.0971819770936486e-06,1.6177473773583592e-07,8.844539705451305e-08
1603644790002,2020-10-25T12:53:10.002,13.55,1.2448379656459506e-06,9.949743584382654e-07,-1.7187494443770073e-07
1603644790052,2020-10-25T12:53:10.052,13.6,9.783251250761572e-07,1.0535978406923077e-06,-4.4475380966885894e-07
1603644790102,2020-10-25T12:53:10.102,13.65,1.0839858661871052e-06,6.725690400051489e-07,-6.407267155960106e-07
1603644790152,2020-10-25T12:53:10.152,13.7,5.676504545528005e-07,8.281242479545472e-07,-4.77943628524459e-07
1603644790202,2020-10-25T12:53:10.202,13.75,-6.438917748521179e-07,1.4589903733492883e-06,1.5744164409175568e-07
1603644790252,2020-10-25T12:53:10.252,13.8,-1.4885425060944959e-06,1.748892231044975e-06,7.040145702172786e-07
1603644790302,2020-10-25T12:53:10.302,13.85,-1.347481036635058e-06,1.6633792480448086e-06,4.867637318649576e-07
1603644790352,2020-10-25T12:53:10.352,13.9,-9.671160269869466e-07,1.7261615018630094e-06,-1.3516282112947986e-07
1603644790402,2020-10-25T12:53:10.402,13.95,-1.4100868839636417e-06,1.865021592695419e-06,-2.2550135998470937e-07
1603644790452,2020-10-25T12:53:10.452,14.0,-2.555777705968105e-06,1.8881767324732206e-06,1.1671958918783617e-07
1603644790502,2020-10-25T12:53:10.502,14.05,-3.327257358252825e-06,2.2100891334391448e-06,-7.488540764163162e-08
1603644790552,2020-10-25T12:53:10.552,14.1,-3.3503219513285734e-06,2.9200341957984027e-06,-8.592442546649562e-07
1603644790602,2020-10-25T12:53:10.602,14.15,-3.463122117626404e-06,3.238752336209605e-06,-1.2391496624047234e-06
1603644790652,2020-10-25T12:53:10.652,14.2,-4.2471980076352246e-06,2.7737768578016987e-06,-8.724288210833529e-07
1603644790702,2020-10-25T12:53:10.702,14.25,-5.0429845931025725e-06,2.236596154870475e-06,-6.048297990736349e-07
1603644790752,2020-10-25T12:53:10.752,14.3,-5.1100157149376945e-06,2.368725423492084e-06,-1.0746153211181798e-06
1603644790802,2020-10-25T12:53:10.802,14.35,-4.934542386084709e-06,3.006933930944444e-06,-1.8158258001676867e-06
1603644790852,2020-10-25T12:53:10.852,14.4,-5.397166032828784e-06,3.5225146309263234e-06,-2.129672539267602e-06
1603644790902,2020-10-25T12:53:10.902,14.45,-6.195650625386741e-06,3.6600044710095083e-06,-2.1290346981335184e-06
1603644790952,2020-10-25T12:53:10.952,14.5,-6.2803858590205165e-06,3.7103666514177367e-06,-2.3804485746512814e-06
1603644791002,2020-10-25T12:53:11.002,14.55,-5.545590195855621e-06,3.975219382699015e-06,-2.9086386566289944e-06
1603644791052,2020-10-25T12:53:11.052,14.6,-4.922266235530961e-06,4.277523603228639e-06,-3.1459979927251207e-06
1603644791102,2020-10-25T12:53:11.102,14.65,-4.984348295202034e-06,4.292230300273403e-06,-2.824679653010588e-06
1603644791152,2020-10-25T12:53:11.152,14.7,-5.3820942303726675e-06,4.146645185030713e-06,-2.4762930781752892e-06
1603644791202,2020-10-25T12:53:11.202,14.75,-5.521881995369333e-06,4.124894614605356e-06,-2.7959913479904408e-06
1603644791252,2020-10-25T12:53:11.252,14.8,-5.245260095448956e-06,4.090701442268199e-06,-3.6622542491191615e-06
1603644791302,2020-10-25T12:53:11.302,14.85,-4.876315691522632e-06,3.888401053753177e-06,-4.189176009406607e-06
1603644791352,2020-10-25T12:53:11.352,14.9,-4.785620629967359e-06,3.8067518177933193e-06,-3.920355205326817e-06
1603644791402,2020-10-25T12:53:11.402,14.95,-4.939329708481786e-06,4.000517654437506e-06,-3.526137392055888e-06
1603644791452,2020-10-25T12:53:11.452,15.0,-5.016733560205749e-06,4.105067165029395e-06,-3.8129047416227976e-06
1603644791502,2020-10-25T12:53:11.502,15.05,-4.978288333475687e-06,3.892245935163259e-06,-4.458605977303113e-06
1603644791552,2020-10-25T12:53:11.552,15.1,-5.113608105004003e-06,3.691780779937917e-06,-4.589230702701546e-06
1603644791602,2020-10-25T12:53:11.602,15.15,-5.3866514870262685e-06,3.874660456734604e-06,-4.284843283808566e-06
1603644791652,2020-10-25T12:53:11.652,15.2,-5.322192633946017e-06,4.2884091619501355e-06,-4.338326478966591e-06
1603644791702,2020-10-25T12:53:11.702,15.25,-4.813398869632474e-06,4.414037356487886e-06,-4.729755960971642e-06
1603644791752,2020-10-25T12:53:11.752,15.3,-4.380746560919674e-06,4.056500550638393e-06,-4.7008758826367356e-06
1603644791802,2020-10-25T12:53:11.802,15.35,-4.290355529668125e-06,3.667419207781745e-06,-4.177159749474556e-06
1603644791852,2020-10-25T12:53:11.852,15.4,-4.118533460817112e-06,3.7581699742081927e-06,-3.7978696749754952e-06
1603644791902,2020-10-25T12:53:11.902,15.45,-3.6582235669780343e-06,4.221138317193124e-06,-3.8171568201329e-06
1603644791952,2020-10-25T12:53:11.952,15.5,-3.465469220699588e-06,4.515486993440473e-06,-4.032816754425172e-06
1603644792002,2020-10-25T12:53:12.002,15.55,-3.7866101409391535e-06,4.332185108169474e-06,-4.333195639372501e-06
1603644792052,2020-10-25T12:53:12.052,15.6,-3.83004848133216e-06,3.8874854608014175e-06,-4.625332877403193e-06
1603644792102,2020-10-25T12:53:12.102,15.65,-3.0404777516035824e-06,3.6138181311356725e-06,-4.721478352456092e-06
1603644792152,2020-10-25T12:53:12.152,15.7,-2.1967486269478236e-06,3.624618836317192e-06,-4.605088396390447e-06
1603644792202,2020-10-25T12:53:12.202,15.75,-2.265856922647118e-06,3.6619806712119295e-06,-4.489537153083091e-06
1603644792252,2020-10-25T12:53:12.252,15.8,-2.959520498349699e-06,3.574437640261005e-06,-4.560534877384705e-06
1603644792302,2020-10-25T12:53:12.302,15.85,-3.3190504509071305e-06,3.4740986854571836e-06,-4.7425294734530775e-06
1603644792352,2020-10-25T12:53:12.352,15.9,-3.1226759104944155e-06,3.427589754378383e-06,-4.742027112817853e-06
1603644792402,2020-10-25T12:53:12.402,15.95,-2.910886317800993e-06,3.373629825902659e-06,-4.4201649329638234e-06
1603644792452,2020-10-25T12:53:12.452,16.0,-2.9944449778602827e-06,3.2906345540136335e-06,-4.044923287682939e-06
1603644792502,2020-10-25T12:53:12.502,16.05,-3.148929494623429e-06,3.2360634039644742e-06,-4.001047271758994e-06
1603644792552,2020-10-25T12:53:12.552,16.1,-3.153097321138438e-06,3.298805757577742e-06,-4.2774523251991864e-06
1603644792602,2020-10-25T12:53:12.602,16.15,-3.0824127387833155e-06,3.4652349317621027e-06,-4.416878431648486e-06
1603644792652,2020-10-25T12:53:12.652,16.2,-3.060691423038658e-06,3.4854808935408152e-06,-4.118780310271595e-06
1603644792702,2020-10-25T12:53:12.702,16.25,-3.0705595948926512e-06,3.195855640348585e-06,-3.7075662851498963e-06
1603644792752,2020-10-25T12:53:12.752,16.3,-3.0586133173902e-06,2.9638459034579853e-06,-3.6715172517384606e-06
1603644792802,2020-10-25T12:53:12.802,16.35,-3.0346992285765606e-06,3.216625566456275e-06,-3.942429329830653e-06
1603644792852,2020-10-25T12:53:12.852,16.4,-3.02358564884047e-06,3.63425553774365e-06,-4.057000488441902e-06
1603644792902,2020-10-25T12:53:12.902,16.45,-3.014665590460393e-06,3.6676999816661824e-06,-3.867876622241955e-06
1603644792952,2020-10-25T12:53:12.952,16.5,-2.994601594924046e-06,3.575718757663114e-06,-3.7006677345090355e-06
1603644793002,2020-10-25T12:53:13.002,16.55,-2.9821069439166397e-06,3.884079234415094e-06,-3.83182986752519e-06
1603644793052,2020-10-25T12:53:13.052,16.6,-2.988307843822699e-06,4.270008764854585e-06,-4.094527315623865e-06
1603644793102,2020-10-25T12:53:13.102,16.65,-2.973339198273689e-06,4.098854880814576e-06,-4.152480412335103e-06
1603644793152,2020-10-25T12:53:13.152,16.7,-2.91911455948228e-06,3.573356397434279e-06,-3.988946646316193e-06
1603644793202,2020-10-25T12:53:13.202,16.75,-2.9189947689784632e-06,3.3718643712914906e-06,-3.862315061979367e-06
1603644793252,2020-10-25T12:53:13.252,16.8,-3.0491499038402957e-06,3.542890056895778e-06,-3.89144072390747e-06
1603644793302,2020-10-25T12:53:13.302,16.85,-3.160056401000515e-06,3.544257735664984e-06,-3.969916652769151e-06
1603644793352,2020-10-25T12:53:13.352,16.9,-3.0241800358792163e-06,3.1757232056581435e-06,-4.035872948934396e-06
1603644793402,2020-10-25T12:53:13.402,16.95,-2.702788827132879e-06,2.8415305658631304e-06,-4.1251349724291974e-06
1603644793452,2020-10-25T12:53:13.452,17.0,-2.448572665351706e-06,2.863194489632375e-06,-4.09710232253441e-06
1603644793502,2020-10-25T12:53:13.502,17.05,-2.249265663047534e-06,3.0513655622201383e-06,-3.6747936981119356e-06
1603644793552,2020-10-25T12:53:13.552,17.1,-1.901583707693663e-06,3.138518814617137e-06,-2.931951122571339e-06
1603644793602,2020-10-25T12:53:13.602,17.15,-1.4593073239256327e-06,3.1172495694960916e-06,-2.3125030863313176e-06
1603644793652,2020-10-25T12:53:13.652,17.2,-1.134670956147175e-06,2.964870059758087e-06,-2.030908192870347e-06
1603644793702,2020-10-25T12:53:13.702,17.25,-1.0047200037100518e-06,2.6943097094592957e-06,-1.9328464227420784e-06
1603644793752,2020-10-25T12:53:13.752,17.3,-1.067249754876646e-06,2.6551906925819567e-06,-1.906391201967491e-06
1603644793802,2020-10-25T12:53:13.802,17.35,-1.043769493713578e-06,2.9211250161426378e-06,-1.910320233212774e-06
1603644793852,2020-10-25T12:53:13.852,17.4,-3.590916116981533e-07,2.820774764040974e-06,-1.765945550438646e-06
1603644793902,2020-10-25T12:53:13.902,17.45,8.760981724491347e-07,2.065365497297019e-06,-1.3420093939608472e-06
1603644793952,2020-10-25T12:53:13.952,17.5,1.6407986059507955e-06,1.420816882749853e-06,-7.741720630096752e-07
1603644794002,2020-10-25T12:53:14.002,17.55,1.5772262038961742e-06,1.3425683876590033e-06,-3.423511871551651e-07
1603644794052,2020-10-25T12:53:14.052,17.6,1.6041140950085277e-06,1.230992780208194e-06,-2.052969641788211e-07
1603644794102,2020-10-25T12:53:14.102,17.65,2.321046785512889e-06,7.526205003238068e-07,-2.094872701875519e-07
1603644794152,2020-10-25T12:53:14.152,17.7,3.0454808072578337e-06,5.056557007085597e-07,-1.2345822760536994e-07
1603644794202,2020-10-25T12:53:14.202,17.75,2.8869702432170397e-06,8.722234087124814e-07,-1.1559730004194849e-07
1603644794252,2020-10-25T12:53:14.252,17.8,1.8851400577639063e-06,1.3947579571391822e-06,-5.206313260902818e-07
1603644794302,2020-10-25T12:53:14.302,17.85,8.23075449692658e-07,1.5862441134004272e-06,-1.188867198833702e-06
1603644794352,2020-10-25T12:53:14.352,17.9,3.491975261952284e-07,1.5215099748878868e-06,-1.6547931694103802e-06
1603644794402,2020-10-25T12:53:14.402,17.95,4.2866770093369877e-07,1.500066422167531e-06,-1.7264213508588082e-06
1603644794452,2020-10-25T12:53:14.452,18.0,5.378584615608815e-07,1.6268537252959112e-06,-1.551958239114028e-06
1603644794502,2020-10-25T12:53:14.502,18.05,2.661257789826119e-07,1.7777133972639841e-06,-1.5117658041592823e-06
1603644794552,2020-10-25T12:53:14.552,18.1,-3.449437192002186e-07,1.8010889284210098e-06,-1.9870006711613007e-06
1603644794602,2020-10-25T12:53:14.602,18.15,-1.0760957513344024e-06,1.770553882846038e-06,-2.724696712616889e-06
1603644794652,2020-10-25T12:53:14.652,18.2,-2.041275440523918e-06,2.0063398891155996e-06,-2.909607509283734e-06
1603644794702,2020-10-25T12:53:14.702,18.25,-3.572644668521122e-06,2.6767748833039226e-06,-2.368787139401112e-06
1603644794752,2020-10-25T12:53:14.752,18.3,-5.535664021034295e-06,3.349250589417226e-06,-1.8443832395243119e-06
1603644794802,2020-10-25T12:53:14.802,18.35,-7.282728843565081e-06,3.3079341260386108e-06,-1.6148409381615008e-06
1603644794852,2020-10-25T12:53:14.852,18.4,-8.425072578171058e-06,2.5428525386470957e-06,-1.0831578326188393e-06
1603644794902,2020-10-25T12:53:14.902,18.45,-9.194751066704358e-06,1.8065327619062881e-06,-1.667454682239005e-07
1603644794952,2020-10-25T12:53:14.952,18.5,-9.935082786061374e-06,1.4309271200934026e-06,4.2545182194390586e-07
1603644795002,2020-10-25T12:53:15.002,18.55,-1.0498515852069834e-05,1.0463835303228303e-06,6.24197844351837e-07
1603644795052,2020-10-25T12:53:15.052,18.6,-1.036740665179081e-05,5.79697298907719e-07,1.1421880665725673e-06
1603644795102,2020-10-25T12:53:15.102,18.65,-9.390515915908708e-06,3.0178535593712913e-07,2.1578975971768048e-06
1603644795152,2020-10-25T12:53:15.152,18.7,-7.946015502443426e-06,-4.788294402500328e-08,3.1720732455668805e-06
1603644795202,2020-10-25T12:53:15.202,18.75,-6.173211886403271e-06,-9.467086524870188e-07,3.8514499985173995e-06
1603644795252,2020-10-25T12:53:15.252,18.8,-3.838622370844762e-06,-2.0831494228399563e-06,4.183908800634224e-06
1603644795302,2020-10-25T12:53:15.302,18.85,-1.2857322416286473e-06,-2.7473818155324038e-06,4.34017161268679e-06
1603644795352,2020-10-25T12:53:15.352,18.9,4.5185559308648415e-07,-2.9841191517167886e-06,4.664799089445989e-06
1603644795402,2020-10-25T12:53:15.402,18.95,8.000218897168054e-07,-3.3888170919718372e-06,5.269590711456763e-06
1603644795452,2020-10-25T12:53:15.452,19.0,1.2312396885592624e-07,-4.018353735989042e-06,5.8101034684119875e-06
1603644795502,2020-10-25T12:53:15.502,19.05,-8.880860617820466e-07,-4.390246530352409e-06,6.018884260122241e-06
1603644795552,2020-10-25T12:53:15.552,19.1,-1.6181474018150688e-06,-4.341076537853002e-06,6.040198903017293e-06
1603644795602,2020-10-25T12:53:15.602,19.15,-1.6277674253807165e-06,-4.18805663455113e-06,6.085837077155315e-06
1603644795652,2020-10-25T12:53:15.652,19.2,-9.803482610036213e-07,-4.152458397422337e-06,6.125799062326645e-06
1603644795702,2020-10-25T12:53:15.702,19.25,-2.4528936567407165e-07,-4.051100040899715e-06,5.975589926685063e-06
1603644795752,2020-10-25T12:53:15.752,19.3,1.6663139999591688e-07,-3.6533335783768143e-06,5.6244391760163415e-06
1603644795802,2020-10-25T12:53:15.802,19.35,4.5079864428597647e-07,-3.166329325140057e-06,5.3488093572562845e-06
1603644795852,2020-10-25T12:53:15.852,19.4,9.71007507499692e-07,-3.0419931224842768e-06,5.24724302856055e-06
1603644795902,2020-10-25T12:53:15.902,19.45,1.6286330971934812e-06,-3.3172177992429613e-06,5.037257289464807e-06
1603644795952,2020-10-25T12:53:15.952,19.5,2.040789933060712e-06,-3.5862220005985137e-06,4.68829511092128e-06
1603644796002,2020-10-25T12:53:16.002,19.55,2.1810752463406647e-06,-3.649863178209466e-06,4.564533582463773e-06
1603644796052,2020-10-25T12:53:16.052,19.6,2.308436408160733e-06,-3.7358768303406857e-06,4.69112142594757e-06
1603644796102,2020-10-25T12:53:16.102,19.65,2.3771558439595184e-06,-3.993556003602968e-06,4.726395460793214e-06
1603644796152,2020-10-25T12:53:16.152,19.7,2.155336826044111e-06,-4.1001646736420385e-06,4.605201898891913e-06
1603644796202,2020-10-25T12:53:16.202,19.75,1.771509473466682e-06,-3.6186765265392647e-06,4.4952021710598955e-06
1603644796252,2020-10-25T12:53:16.252,19.8,1.5445956788591851e-06,-2.7815486316702134e-06,4.464266109298226e-06
1603644796302,2020-10-25T12:53:16.302,19.85,1.540514907188568e-06,-2.5484548352297687e-06,4.537730410603374e-06
1603644796352,2020-10-25T12:53:16.352,19.9,1.663712952125927e-06,-3.377648306913e-06,4.636796808029954e-06
1603644796402,2020-10-25T12:53:16.402,19.95,1.7839583034204115e-06,-4.309372379783315e-06,4.549517600959128e-06
1603644796452,2020-10-25T12:53:16.452,20.0,1.7370220995415368e-06,-4.160237847435842e-06,4.315889989306751e-06
1603644796502,2020-10-25T12:53:16.502,20.05,1.6025206492395517e-06,-3.305016132250124e-06,4.277388817207319e-06
1603644796552,2020-10-25T12:53:16.552,20.1,1.6398597024499595e-06,-3.118620097461205e-06,4.59012251735381e-06
1603644796602,2020-10-25T12:53:16.602,20.15,1.705329403146836e-06,-3.8603623752236615e-06,5.03238604164576e-06
1603644796652,2020-10-25T12:53:16.652,20.2,1.4392975549836726e-06,-4.377656486468633e-06,5.2011487499727426e-06
1603644796702,2020-10-25T12:53:16.702,20.25,1.1096699916883784e-06,-3.914024616195984e-06,4.777426691047349e-06
1603644796752,2020-10-25T12:53:16.752,20.3,1.321812394098623e-06,-3.0853822034547915e-06,3.980665803396432e-06
1603644796802,2020-10-25T12:53:16.802,20.35,1.884125901136079e-06,-2.852117385739905e-06,3.6607102844156806e-06
1603644796852,2020-10-25T12:53:16.852,20.4,2.016087757267369e-06,-3.3022037323758708e-06,4.252459714880443e-06
1603644796902,2020-10-25T12:53:16.902,20.45,1.713406738111606e-06,-3.769404865057348e-06,4.903680019887764e-06
1603644796952,2020-10-25T12:53:16.952,20.5,1.7745017871726337e-06,-3.78508415486775e-06,4.613962849372827e-06
1603644797002,2020-10-25T12:53:17.002,20.55,2.3183716789064274e-06,-3.589937912106867e-06,3.850755822385892e-06
1603644797052,2020-10-25T12:53:17.052,20.6,2.4693434029924375e-06,-3.7042626131949235e-06,3.8487834308220105e-06
1603644797102,2020-10-25T12:53:17.102,20.65,1.8772640116477835e-06,-4.183869659681786e-06,4.70494612195903e-06
1603644797152,2020-10-25T12:53:17.152,20.7,1.4154810322143638e-06,-4.518982850242911e-06,5.3625954853456e-06
1603644797202,2020-10-25T12:53:17.202,20.75,1.8061664952649522e-06,-4.3174927733766405e-06,5.1830673939064694e-06
1603644797252,2020-10-25T12:53:17.252,20.8,2.504535709278431e-06,-3.8398372219441185e-06,4.548993570276699e-06
1603644797302,2020-10-25T12:53:17.302,20.85,2.6013388789533616e-06,-3.5741109062215455e-06,4.12927990904386e-06
1603644797352,2020-10-25T12:53:17.352,20.9,2.1011728525807466e-06,-3.5187985431006313e-06,4.221374716149768e-06
1603644797402,2020-10-25T12:53:17.402,20.95,1.6952921768413304e-06,-3.3960487576313584e-06,4.617351129603606e-06
1603644797452,2020-10-25T12:53:17.452,21.0,1.7778657366472193e-06,-3.3396219343606246e-06,4.811960524795325e-06
1603644797502,2020-10-25T12:53:17.502,21.05,2.1405890424455386e-06,-3.6780031272005187e-06,4.599515044980785e-06
1603644797552,2020-10-25T12:53:17.552,21.1,2.3985696407518847e-06,-4.213996731860269e-06,4.3691163633609686e-06
1603644797602,2020-10-25T12:53:17.602,21.15,2.5168196466725383e-06,-4.394065388314503e-06,4.436249141222948e-06
1603644797652,2020-10-25T12:53:17.652,21.2,2.8170515209065425e-06,-4.0964225037228065e-06,4.504814986006658e-06
1603644797702,2020-10-25T12:53:17.702,21.25,3.352325665641278e-06,-3.8063602051569146e-06,4.300952337231351e-06
1603644797752,2020-10-25T12:53:17.752,21.3,3.7022920472719956e-06,-3.9902585818454474e-06,4.167308669131312e-06
1603644797802,2020-10-25T12:53:17.802,21.35,3.7501249233696106e-06,-4.473744351177107e-06,4.42774831490668e-06
1603644797852,2020-10-25T12:53:17.852,21.4,4.002004678539956e-06,-4.699856697162984e-06,4.7208949711309865e-06
1603644797902,2020-10-25T12:53:17.902,21.45,4.6752103648575595e-06,-4.5985456697283175e-06,4.5854212438404806e-06
1603644797952,2020-10-25T12:53:17.952,21.5,5.216547356394111e-06,-4.640696365886411e-06,4.2546247629635336e-06
1603644798002,2020-10-25T12:53:18.002,21.55,5.176199936850288e-06,-4.964545492121093e-06,4.233222952269832e-06
1603644798052,2020-10-25T12:53:18.052,21.6,4.930467084327604e-06,-5.151544247166054e-06,4.377590918735372e-06
1603644798102,2020-10-25T12:53:18.102,21.65,5.114592081052215e-06,-4.939035990009409e-06,4.138600748127238e-06
1603644798152,2020-10-25T12:53:18.152,21.7,5.669491550828933e-06,-4.5557500988183716e-06,3.651670323499488e-06
1603644798202,2020-10-25T12:53:18.202,21.75,5.928319258480792e-06,-4.348554044108181e-06,3.672814105771795e-06
1603644798252,2020-10-25T12:53:18.252,21.8,5.690091839850178e-06,-4.491380635305841e-06,4.240450331197412e-06
1603644798302,2020-10-25T12:53:18.302,21.85,5.565364628578164e-06,-4.9515710800964706e-06,4.441685449927597e-06
1603644798352,2020-10-25T12:53:18.352,21.9,5.888148862632978e-06,-5.440657083315471e-06,3.898058386793587e-06
1603644798402,2020-10-25T12:53:18.402,21.95,6.114440821011399e-06,-5.591218835256311e-06,3.397226686628417e-06
1603644798452,2020-10-25T12:53:18.452,22.0,5.860590025380886e-06,-5.383888100768403e-06,3.551018704853058e-06
1603644798502,2020-10-25T12:53:18.502,22.05,5.6010594727573e-06,-5.130574737657885e-06,3.879549820005454e-06
1603644798552,2020-10-25T12:53:18.552,22.1,5.712661994925242e-06,-4.995176590480509e-06,3.785012637985719e-06
1603644798602,2020-10-25T12:53:18.602,22.15,5.761247176026007e-06,-4.9328201441971146e-06,3.523377961283002e-06
1603644798652,2020-10-25T12:53:18.652,22.2,5.393501623059431e-06,-4.9864413423513565e-06,3.6219693924139087e-06
1603644798702,2020-10-25T12:53:18.702,22.25,5.0940073047229995e-06,-5.1513243728338514e-06,3.993204983190251e-06
1603644798752,2020-10-25T12:53:18.752,22.3,5.337061949759063e-06,-5.181777719139656e-06,4.1889886256184905e-06
1603644798802,2020-10-25T12:53:18.802,22.35,5.701145672146731e-06,-4.957502030016735e-06,4.108936120993903e-06
1603644798852,2020-10-25T12:53:18.852,22.4,5.598944623558227e-06,-4.720123437911517e-06,3.949016284014212e-06
1603644798902,2020-10-25T12:53:18.902,22.45,5.294207862018734e-06,-4.673213536734657e-06,3.74656241654412e-06
1603644798952,2020-10-25T12:53:18.952,22.5,5.440513294440651e-06,-4.663560237360314e-06,3.3995451453069076e-06
1603644799002,2020-10-25T12:53:19.002,22.55,6.0327912258694775e-06,-4.43253103292134e-06,2.8939593955839055e-06
1603644799052,2020-10-25T12:53:19.052,22.6,6.415950923704841e-06,-4.005146683657162e-06,2.298274331491589e-06
1603644799102,2020-10-25T12:53:19.102,22.65,6.170116650824176e-06,-3.683672402540658e-06,1.7662235847114127e-06
1603644799152,2020-10-25T12:53:19.152,22.7,5.631985296279774e-06,-3.628486030075106e-06,1.4832662292055699e-06
1603644799202,2020-10-25T12:53:19.202,22.75,5.412110137294483e-06,-3.5866692317833477e-06,1.4243251372228521e-06
1603644799252,2020-10-25T12:53:19.252,22.8,5.60255773603852e-06,-3.2674236142526095e-06,1.3561035689207715e-06
1603644799302,2020-10-25T12:53:19.302,22.85,5.888424143479831e-06,-2.8179430267596612e-06,1.0447487226278175e-06
1603644799352,2020-10-25T12:53:19.352,22.9,6.194598016692227e-06,-2.4876562850669347e-06,3.5284810274358194e-07
1603644799402,2020-10-25T12:53:19.402,22.95,6.514811221737405e-06,-2.103002687487886e-06,-5.483479075885207e-07
1603644799452,2020-10-25T12:53:19.452,23.0,6.512648688417082e-06,-1.4926253032664229e-06,-1.2103425696298959e-06
1603644799502,2020-10-25T12:53:19.502,23.05,6.137316038794297e-06,-9.214509586651332e-07,-1.606537250182629e-06
1603644799552,2020-10-25T12:53:19.552,23.1,5.993194859961497e-06,-4.4976834531275126e-07,-2.3021397169231008e-06
1603644799602,2020-10-25T12:53:19.602,23.15,6.3005696016728826e-06,3.1331307762930073e-07,-3.461516779029903e-06
1603644799652,2020-10-25T12:53:19.652,23.2,6.3558661023136585e-06,1.2852923987292744e-06,-4.4188199862357846e-06
1603644799702,2020-10-25T12:53:19.702,23.25,5.700131561249919e-06,1.7578119983659704e-06,-4.706894691127176e-06
1603644799752,2020-10-25T12:53:19.752,23.3,4.877447864008429e-06,1.4602588033688623e-06,-4.783513213028581e-06
1603644799802,2020-10-25T12:53:19.802,23.35,4.462565526336344e-06,8.91429423962312e-07,-5.231413598485199e-06
1603644799852,2020-10-25T12:53:19.852,23.4,4.233076493576945e-06,6.420229646872944e-07,-5.816122991666111e-06
1603644799902,2020-10-25T12:53:19.902,23.45,3.920445103470927e-06,8.980140325612426e-07,-5.913719264130953e-06
1603644799952,2020-10-25T12:53:19.952,23.5,3.9700031727588545e-06,1.3303231636932495e-06,-5.528526983809529e-06
1603644800002,2020-10-25T12:53:20.002,23.55,4.631041070908667e-06,1.4707987478881758e-06,-5.221271842022372e-06
1603644800052,2020-10-25T12:53:20.052,23.6,4.945537955594959e-06,1.4416835403454786e-06,-5.134802983936412e-06
1603644800102,2020-10-25T12:53:20.102,23.65,3.923714161460846e-06,1.7438512853405413e-06,-4.895460289371026e-06
1603644800152,2020-10-25T12:53:20.152,23.7,2.1556770993630476e-06,2.260914223434549e-06,-4.459343432392649e-06
1603644800202,2020-10-25T12:53:20.202,23.75,8.075785771390259e-07,2.466253195274861e-06,-4.044853408974087e-06
1603644800252,2020-10-25T12:53:20.252,23.8,-1.8512181086210556e-07,2.4885865158417946e-06,-3.433284910030585e-06
1603644800302,2020-10-25T12:53:20.302,23.85,-1.399309623235289e-06,2.807196161367873e-06,-2.530367979660475e-06
1603644800352,2020-10-25T12:53:20.352,23.9,-2.472744817032024e-06,3.189240676864166e-06,-2.0629258525523586e-06
1603644800402,2020-10-25T12:53:20.402,23.95,-2.8458495615682884e-06,3.1207069314957526e-06,-2.535362973829811e-06
1603644800452,2020-10-25T12:53:20.452,24.0,-2.93114174607775e-06,2.8418504376249205e-06,-3.3060231171264104e-06
1603644800502,2020-10-25T12:53:20.502,24.05,-3.4094274969777222e-06,2.8131332245919283e-06,-3.5500783749269325e-06
1603644800552,2020-10-25T12:53:20.552,24.1,-4.1601362747686115e-06,2.773955029665416e-06,-3.2450974086768187e-06
1603644800602,2020-10-25T12:53:20.602,24.15,-4.614158126766076e-06,2.3879062541571492e-06,-2.814284052436994e-06
1603644800652,2020-10-25T12:53:20.652,24.2,-4.593559636234159e-06,2.0876416335538506e-06,-2.5699859064785324e-06
1603644800702,2020-10-25T12:53:20.702,24.25,-4.281452590548828e-06,2.3487705981960828e-06,-2.556577581326726e-06
1603644800752,2020-10-25T12:53:20.752,24.3,-3.7263228389193474e-06,2.805068935793518e-06,-2.5257571120843517e-06
1603644800802,2020-10-25T12:53:20.802,24.35,-2.8804212687228508e-06,2.809629176372713e-06,-2.204232808277473e-06
1603644800852,2020-10-25T12:53:20.852,24.4,-1.921622800121854e-06,2.3253631002031873e-06,-1.5810526706944936e-06
1603644800902,2020-10-25T12:53:20.902,24.45,-1.0625363523468466e-06,1.726444700240947e-06,-8.06975313110417e-07
1603644800952,2020-10-25T12:53:20.952,24.5,-2.9355094837177285e-07,1.2102292634893917e-06,-1.2468811324270646e-07
1603644801002,2020-10-25T12:53:21.002,24.55,2.652719800948498e-07,8.876400558586211e-07,1.6912782295875727e-07
1603644801052,2020-10-25T12:53:21.052,24.6,2.6404344758299016e-07,9.654579043992309e-07,1.252735598161902e-07
1603644801102,2020-10-25T12:53:21.102,24.65,-1.9495456374032857e-07,1.3428851479104458e-06,1.4693118770795418e-07
1603644801152,2020-10-25T12:53:21.152,24.7,-4.888166721574611e-07,1.5008193930491809e-06,2.3512960964992573e-07
1603644801202,2020-10-25T12:53:21.202,24.75,-4.3204097683468897e-07,1.2264412638005813e-06,-5.830297365136929e-08
1603644801252,2020-10-25T12:53:21.252,24.8,-4.801867369411338e-07,9.685413299102246e-07,-6.531560547350233e-07
1603644801302,2020-10-25T12:53:21.302,24.85,-8.189233746467564e-07,1.1093160845975415e-06,-8.607361025198312e-07
1603644801352,2020-10-25T12:53:21.352,24.9,-1.097395192242512e-06,1.4030232831618593e-06,-5.284026063522448e-07
1603644801402,2020-10-25T12:53:21.402,24.95,-1.1550336167927825e-06,1.5063744509244644e-06,-3.146648259528778e-07
1603644801452,2020-10-25T12:53:21.452,25.0,-1.296820197047691e-06,1.4928453101569342e-06,-5.640008456866165e-07
1603644801502,2020-10-25T12:53:21.502,25.05,-1.6883590800802903e-06,1.4694458363175953e-06,-7.662669284954272e-07
1603644801552,2020-10-25T12:53:21.552,25.1,-1.998519985219639e-06,1.3197265068576525e-06,-4.745306922030013e-07
1603644801602,2020-10-25T12:53:21.602,25.15,-1.919652439519069e-06,1.1223657059341952e-06,-5.810900373726004e-08
1603644801652,2020-10-25T12:53:21.652,25.2,-1.68630263897907e-06,1.2060881276637875e-06,-1.2997876727830022e-07
1603644801702,2020-10-25T12:53:21.702,25.25,-1.7213493138765533e-06,1.6385269754006506e-06,-6.559525816549156e-07
1603644801752,2020-10-25T12:53:21.752,25.3,-1.9796944877480807e-06,2.087723633357157e-06,-1.0078845246460918e-06
1603644801802,2020-10-25T12:53:21.802,25.35,-2.0281208572721897e-06,2.1824133501402284e-06,-7.955402525642569e-07
1603644801852,2020-10-25T12:53:21.852,25.4,-1.704003673915088e-06,1.8567604921565253e-06,-3.824316460536243e-07
1603644801902,2020-10-25T12:53:21.902,25.45,-1.3152221539579006e-06,1.4337877513618883e-06,-4.4868738442998327e-07
1603644801952,2020-10-25T12:53:21.952,25.5,-1.1726582689247574e-06,1.3230901856049951e-06,-1.1804424956812875e-06
1603644802002,2020-10-25T12:53:22.002,25.55,-1.2661419061185071e-06,1.5670902633853258e-06,-2.0470987861441962e-06
1603644802052,2020-10-25T12:53:22.052,25.6,-1.444094610931303e-06,1.8346674859652157e-06,-2.3348192749147616e-06
1603644802102,2020-10-25T12:53:22.102,25.65,-1.6641235949069882e-06,1.8651109572141545e-06,-1.8267573079703453e-06
1603644802152,2020-10-25T12:53:22.152,25.7,-1.9789578880272124e-06,1.7034200825394298e-06,-9.378678283472949e-07
1603644802202,2020-10-25T12:53:22.202,25.75,-2.3332777320851716e-06,1.5324756941825007e-06,-2.865157285567645e-07
1603644802252,2020-10-25T12:53:22.252,25.8,-2.5197620640668428e-06,1.5303182703867404e-06,-2.949076433586197e-07
1603644802302,2020-10-25T12:53:22.302,25.85,-2.5024087607986174e-06,1.827105802857584e-06,-1.0023573067523692e-06
1603644802352,2020-10-25T12:53:22.352,25.9,-2.621650603606541e-06,2.3129310071569864e-06,-1.974172553071922e-06
1603644802402,2020-10-25T12:53:22.402,25.95,-3.173253246439831e-06,2.609095000424109e-06,-2.5944648581002647e-06
1603644802452,2020-10-25T12:53:22.452,26.0,-3.899888109553334e-06,2.549200620343677e-06,-2.61437765237784e-06
1603644802502,2020-10-25T12:53:22.502,26.05,-4.2307548780131834e-06,2.4486943988533503e-06,-2.208581042945119e-06
1603644802552,2020-10-25T12:53:22.552,26.1,-4.02265702620707e-06,2.5399578244821897e-06,-1.6178873469744486e-06
1603644802602,2020-10-25T12:53:22.602,26.15,-3.7759176153804497e-06,2.552982987191406e-06,-1.0811925142943728e-06
1603644802652,2020-10-25T12:53:22.652,26.2,-3.96336733092108e-06,2.248624564889834e-06,-8.964912950444373e-07
1603644802702,2020-10-25T12:53:22.702,26.25,-4.37266368657388e-06,1.8591225415656844e-06,-1.1089542501184937e-06
1603644802752,2020-10-25T12:53:22.752,26.3,-4.4301820674677e-06,1.675727863439911e-06,-1.3041358072125391e-06
1603644802802,2020-10-25T12:53:22.802,26.35,-4.03014405671064e-06,1.6738220417596693e-06,-1.1357565272639214e-06
1603644802852,2020-10-25T12:53:22.852,26.4,-3.595817847318014e-06,1.6926108580237124e-06,-8.638524369365148e-07
1603644802902,2020-10-25T12:53:22.902,26.45,-3.4193157878676974e-06,1.6297249926353084e-06,-8.786261848067401e-07
1603644802952,2020-10-25T12:53:22.952,26.5,-3.4808690915441033e-06,1.4718532758174582e-06,-9.686614877527091e-07
1603644803002,2020-10-25T12:53:23.002,26.55,-3.760660012600525e-06,1.325240957482557e-06,-7.347343067746814e-07
1603644803052,2020-10-25T12:53:23.052,26.6,-4.152663756991401e-06,1.3671287848232584e-06,-4.7051425934167455e-07
1603644803102,2020-10-25T12:53:23.102,26.65,-4.353606846489589e-06,1.7128856793834687e-06,-8.26790222410431e-07
1603644803152,2020-10-25T12:53:23.152,26.7,-4.286161269824357e-06,2.263837441212243e-06,-1.721430111219524e-06
1603644803202,2020-10-25T12:53:23.202,26.75,-4.2193981982591246e-06,2.7127355459866638e-06,-2.340166992729982e-06
1603644803252,2020-10-25T12:53:23.252,26.8,-4.268025621846856e-06,2.8858931254637075e-06,-2.2399725365357768e-06
1603644803302,2020-10-25T12:53:23.302,26.85,-4.2640002254644735e-06,2.8792189350251476e-06,-1.857689508624861e-06
1603644803352,2020-10-25T12:53:23.352,26.9,-4.156434683870578e-06,2.704473061807063e-06,-1.8065366066400823e-06
1603644803402,2020-10-25T12:53:23.402,26.95,-4.087538576865649e-06,2.3427866901213024e-06,-2.1197426097155943e-06
1603644803452,2020-10-25T12:53:23.452,27.0,-4.098801363404761e-06,2.1723407396234925e-06,-2.4421941931528116e-06
1603644803502,2020-10-25T12:53:23.502,27.05,-4.1036529603865314e-06,2.5606756084299848e-06,-2.652168382673777e-06
1603644803552,2020-10-25T12:53:23.552,27.1,-4.105981783098908e-06,3.126653486417715e-06,-2.9194388712960795e-06
1603644803602,2020-10-25T12:53:23.602,27.15,-4.198688179324869e-06,3.1814819962962094e-06,-3.3013808813867356e-06
1603644803652,2020-10-25T12:53:23.652,27.2,-4.374729167131866e-06,2.7359688660010953e-06,-3.6161384432105256e-06
1603644803702,2020-10-25T12:53:23.702,27.25,-4.502424230330691e-06,2.4010904942140937e-06,-3.6805277952496484e-06
1603644803752,2020-10-25T12:53:23.752,27.3,-4.484909235292044e-06,2.4482415570623344e-06,-3.493267790359806e-06
1603644803802,2020-10-25T12:53:23.802,27.35,-4.341896635997593e-06,2.5864676758686334e-06,-3.2022015152798124e-06
1603644803852,2020-10-25T12:53:23.852,27.4,-4.1591460481031355e-06,2.6310259100338217e-06,-2.993510782108895e-06
1603644803902,2020-10-25T12:53:23.902,27.45,-4.036116098675557e-06,2.79009874761673e-06,-3.0046042255608235e-06
1603644803952,2020-10-25T12:53:23.952,27.5,-3.994243494009881e-06,3.102534671038297e-06,-3.251193060372166e-06
1603644804002,2020-10-25T12:53:24.002,27.55,-3.934861194023132e-06,3.1566261869376514e-06,-3.576010995704392e-06
1603644804052,2020-10-25T12:53:24.052,27.6,-3.8436899581105195e-06,2.7798958175357448e-06,-3.692560055841272e-06
1603644804102,2020-10-25T12:53:24.102,27.65,-3.840908491684366e-06,2.4637486629202186e-06,-3.4291775132628955e-06
1603644804152,2020-10-25T12:53:24.152,27.7,-3.825225482673047e-06,2.6246816461106095e-06,-2.996113821964909e-06
1603644804202,2020-10-25T12:53:24.202,27.75,-3.5016313615974863e-06,2.9993252936478646e-06,-2.7756762477677493e-06
1603644804252,2020-10-25T12:53:24.252,27.8,-2.994188675279689e-06,3.125769172721278e-06,-2.8095037029839406e-06
1603644804302,2020-10-25T12:53:24.302,27.85,-2.8497119028394403e-06,2.9272138836718405e-06,-2.8628142055373726e-06
1603644804352,2020-10-25T12:53:24.352,27.9,-3.1865521837849535e-06,2.6304633859554677e-06,-2.933295570564406e-06
1603644804402,2020-10-25T12:53:24.402,27.95,-3.481057095860298e-06,2.411194845346503e-06,-3.172028532564246e-06
1603644804452,2020-10-25T12:53:24.452,28.0,-3.4317636595495316e-06,2.263748115674968e-06,-3.3783811478171175e-06
1603644804502,2020-10-25T12:53:24.502,28.05,-3.3198181381527326e-06,2.183108192221641e-06,-3.161250809608038e-06
1603644804552,2020-10-25T12:53:24.552,28.1,-3.334938582938784e-06,2.278515498431709e-06,-2.6113994278018093e-06
1603644804602,2020-10-25T12:53:24.602,28.15,-3.3311895212626674e-06,2.52727040154873e-06,-2.2954861375382398e-06
1603644804652,2020-10-25T12:53:24.652,28.2,-3.31225777379625e-06,2.6637709927086257e-06,-2.4893600811857655e-06
1603644804702,2020-10-25T12:53:24.702,28.25,-3.4278217526242317e-06,2.615007299198909e-06,-2.8331088063026186e-06
1603644804752,2020-10-25T12:53:24.752,28.3,-3.5922617395722543e-06,2.727185667140022e-06,-2.9319640352999896e-06
1603644804802,2020-10-25T12:53:24.802,28.35,-3.6093773761647164e-06,3.1302962993857483e-06,-2.9344575667709237e-06
1603644804852,2020-10-25T12:53:24.852,28.4,-3.4170485893394e-06,3.2946085497877383e-06,-3.11878576626648e-06
1603644804902,2020-10-25T12:53:24.902,28.45,-3.0481841412604244e-06,2.829176246080517e-06,-3.2318988289081734e-06
1603644804952,2020-10-25T12:53:24.952,28.5,-2.7198110101584033e-06,2.2815946744748355e-06,-2.928358309809705e-06
1603644805002,2020-10-25T12:53:25.002,28.55,-2.733675883721167e-06,2.4064815755443435e-06,-2.5945370560824926e-06
1603644805052,2020-10-25T12:53:25.052,28.6,-2.852814313544278e-06,2.989590637953035e-06,-2.8314399047608325e-06
1603644805102,2020-10-25T12:53:25.102,28.65,-2.4178516330329635e-06,3.1725859015659014e-06,-3.3599438118578856e-06
1603644805152,2020-10-25T12:53:25.152,28.7,-1.5400940203757857e-06,2.744382560026269e-06,-3.3876799193199496e-06
1603644805202,2020-10-25T12:53:25.202,28.75,-1.1837216278499616e-06,2.332577560565099e-06,-2.808159702744406e-06
1603644805252,2020-10-25T12:53:25.252,28.8,-1.6547346781209968e-06,2.3797718926471177e-06,-2.193753161685037e-06
1603644805302,2020-10-25T12:53:25.302,28.85,-2.1271914936568487e-06,2.6453325592844404e-06,-1.8741605592939352e-06
1603644805352,2020-10-25T12:53:25.352,28.9,-1.8973179618934095e-06,2.67657770367969e-06,-1.7124416089715689e-06
1603644805402,2020-10-25T12:53:25.402,28.95,-1.1567967478989373e-06,2.284135347450611e-06,-1.5490531586089725e-06
1603644805452,2020-10-25T12:53:25.452,29.0,-5.663569002323882e-07,1.7020438845225057e-06,-1.3340403559559864e-06
1603644805502,2020-10-25T12:53:25.502,29.05,-6.553055947648744e-07,1.3640384383568235e-06,-1.0276877406928286e-06
1603644805552,2020-10-25T12:53:25.552,29.1,-1.386275152036714e-06,1.3114135065758595e-06,-7.458524492234699e-07
1603644805602,2020-10-25T12:53:25.602,29.15,-2.081231679430787e-06,1.1996277154373364e-06,-7.597611831103995e-07
1603644805652,2020-10-25T12:53:25.652,29.2,-2.020775368768367e-06,9.71609598121692e-07,-1.091503788430535e-06
1603644805702,2020-10-25T12:53:25.702,29.25,-1.1268407843398443e-06,8.624730622787805e-07,-1.3926151065885864e-06
1603644805752,2020-10-25T12:53:25.752,29.3,-2.1879211998027798e-08,8.875717644132149e-07,-1.3795489146324167e-06
1603644805802,2020-10-25T12:53:25.802,29.35,6.205320662033706e-07,9.112567156847697e-07,-1.1478303687226784e-06
1603644805852,2020-10-25T12:53:25.852,29.4,9.523221337936443e-07,9.216950315495692e-07,-1.0457145436620083e-06
1603644805902,2020-10-25T12:53:25.902,29.45,1.7642796753418996e-06,9.693550192651221e-07,-1.391222577135417e-06
1603644805952,2020-10-25T12:53:25.952,29.5,3.1077662872191307e-06,1.0808508095753205e-06,-2.1713736441259637e-06
1603644806002,2020-10-25T12:53:26.002,29.55,4.064091466306739e-06,1.1886899244187892e-06,-2.940413417442963e-06
1603644806052,2020-10-25T12:53:26.052,29.6,4.26268030164246e-06,1.128983127624163e-06,-3.234957445248491e-06
1603644806102,2020-10-25T12:53:26.102,29.65,4.2856069282888635e-06,9.226282515731089e-07,-3.0767142306987156e-06
1603644806152,2020-10-25T12:53:26.152,29.7,4.372443265195467e-06,7.73331077016009e-07,-2.811819746791976e-06
1603644806202,2020-10-25T12:53:26.202,29.75,4.221291413903402e-06,6.057886761102293e-07,-2.5899348314241664e-06
1603644806252,2020-10-25T12:53:26.252,29.8,3.886175151706077e-06,2.6644708056545437e-07,-2.3581888679408042e-06
1603644806302,2020-10-25T12:53:26.302,29.85,3.4524377065720847e-06,2.0758311843046055e-07,-2.2284044578805874e-06
1603644806352,2020-10-25T12:53:26.352,29.9,2.4344592475360992e-06,9.039079623011359e-07,-2.378012130865902e-06
1603644806402,2020-10-25T12:53:26.402,29.95,6.6343920415923e-07,1.7245472695695255e-06,-2.568967514700181e-06
1603644806452,2020-10-25T12:53:26.452,30.0,-1.105530716001871e-06,1.7098108766060144e-06,-2.24307237894913e-06
1603644806502,2020-10-25T12:53:26.502,30.05,-2.2521567150402455e-06,1.1352031669555976e-06,-1.2756169923034071e-06
1603644806552,2020-10-25T12:53:26.552,30.1,-2.9890226499026703e-06,9.223879758102653e-07,-2.2910399362431097e-07
1603644806602,2020-10-25T12:53:26.602,30.15,-3.6096976210370493e-06,1.0603139958509097e-06,3.338273985760516e-07
1603644806652,2020-10-25T12:53:26.652,30.2,-3.978095938973536e-06,9.461621487301608e-07,4.101980291722209e-07
1603644806702,2020-10-25T12:53:26.702,30.25,-3.9744546134185395e-06,6.280829927996265e-07,3.479367685034953e-07
1603644806752,2020-10-25T12:53:26.752,30.3,-3.7804344918445347e-06,5.174723331535032e-07,4.7014905693830125e-07
1603644806802,2020-10-25T12:53:26.802,30.35,-3.668176813416716e-06,4.907752574352926e-07,8.797714535633422e-07
1603644806852,2020-10-25T12:53:26.852,30.4,-3.8026142087217548e-06,2.276663429328225e-07,1.3058764566844765e-06
1603644806902,2020-10-25T12:53:26.902,30.45,-4.063260673134922e-06,-1.2210330672231522e-07,1.2635076672816597e-06
1603644806952,2020-10-25T12:53:26.952,30.5,-4.003265453630074e-06,-3.1303555709236654e-07,6.422642125278662e-07
1603644807002,2020-10-25T12:53:27.002,30.55,-3.358858126447657e-06,-5.096572870616415e-07,4.5786850925827125e-09
1603644807052,2020-10-25T12:53:27.052,30.6,-2.554378328313317e-06,-8.595731512857256e-07,1.6699613931127708e-08
1603644807102,2020-10-25T12:53:27.102,30.65,-2.278954836705113e-06,-1.0468910125442533e-06,6.473720543125969e-07
1603644807152,2020-10-25T12:53:27.152,30.7,-2.592592277234895e-06,-8.155010036655091e-07,1.2351149013692716e-06
1603644807202,2020-10-25T12:53:27.202,30.75,-2.7958260196574035e-06,-5.60641086502643e-07,1.3311691563158704e-06
1603644807252,2020-10-25T12:53:27.252,30.8,-2.295893742965094e-06,-8.268439703340049e-07,1.1287911798554048e-06
1603644807302,2020-10-25T12:53:27.302,30.85,-1.418610966629592e-06,-1.4450506901335055e-06,1.059442142890887e-06
1603644807352,2020-10-25T12:53:27.352,30.9,-1.0301117351299217e-06,-1.7362554074543317e-06,1.3415710518158182e-06
1603644807402,2020-10-25T12:53:27.402,30.95,-1.3380320805012102e-06,-1.487551637432886e-06,1.9205967121449386e-06
1603644807452,2020-10-25T12:53:27.452,31.0,-1.6008041421298986e-06,-1.1579267388239743e-06,2.527207715332964e-06
1603644807502,2020-10-25T12:53:27.502,31.05,-1.2527162388452649e-06,-1.0737556968853032e-06,2.834873551488249e-06
1603644807552,2020-10-25T12:53:27.552,31.1,-6.604394440076161e-07,-1.0466262677090305e-06,2.7611444926682287e-06
1603644807602,2020-10-25T12:53:27.602,31.15,-3.373337913444894e-07,-9.625311238849909e-07,2.582349795450383e-06
1603644807652,2020-10-25T12:53:27.652,31.2,-1.4670542544121472e-07,-1.0596478780362503e-06,2.6459836343236105e-06
1603644807702,2020-10-25T12:53:27.702,31.25,1.059843235266441e-07,-1.3109859817859283e-06,2.914692817821754e-06
1603644807752,2020-10-25T12:53:27.752,31.3,9.015508497715803e-08,-1.2483951591527646e-06,2.9407958833239175e-06
1603644807802,2020-10-25T12:53:27.802,31.35,-3.227389295156139e-07,-8.371296126148107e-07,2.4694594688601617e-06
1603644807852,2020-10-25T12:53:27.852,31.4,-5.671825901376002e-07,-7.681114346431782e-07,1.8804513320730114e-06
1603644807902,2020-10-25T12:53:27.902,31.45,-2.646325646622299e-07,-1.3654757785109916e-06,1.8215007624573549e-06
1603644807952,2020-10-25T12:53:27.952,31.5,1.9994155110148618e-07,-2.009938928583553e-06,2.411271140248369e-06
1603644808002,2020-10-25T12:53:28.002,31.55,3.8037965451635233e-07,-2.0827335154706468e-06,2.941567864568473e-06
1603644808052,2020-10-25T12:53:28.052,31.6,3.4438401258380863e-07,-1.716347325882804e-06,2.735474548757703e-06
1603644808102,2020-10-25T12:53:28.102,31.65,4.031888892097558e-07,-1.4302304021159855e-06,2.140375816031851e-06
1603644808152,2020-10-25T12:53:28.152,31.7,6.976852561214689e-07,-1.5484592439319655e-06,1.9169608578036685e-06
1603644808202,2020-10-25T12:53:28.202,31.75,1.0818638479700018e-06,-1.883143733708874e-06,2.0542620543092743e-06
1603644808252,2020-10-25T12:53:28.252,31.8,1.3947469094917348e-06,-1.9175431800855527e-06,2.158036793162954e-06
1603644808302,2020-10-25T12:53:28.302,31.85,1.7391133619977405e-06,-1.5554440266346388e-06,2.2779077967418456e-06
1603644808352,2020-10-25T12:53:28.352,31.9,2.15874041117989e-06,-1.3048615300141984e-06,2.4721369024360524e-06
1603644808402,2020-10-25T12:53:28.402,31.95,2.357012754216242e-06,-1.4622449403384108e-06,2.4726460651272794e-06
1603644808452,2020-10-25T12:53:28.452,32.0,2.207390196165331e-06,-1.7393707863833673e-06,2.313388212162913e-06
1603644808502,2020-10-25T12:53:28.502,32.05,2.032512753123658e-06,-1.841057012228899e-06,2.365831922628035e-06
1603644808552,2020-10-25T12:53:28.552,32.1,2.04998095019302e-06,-1.8206199017558791e-06,2.5982182413586553e-06
1603644808602,2020-10-25T12:53:28.602,32.15,2.1580204624332614e-06,-1.8235326706673086e-06,2.6800515571135586e-06
1603644808652,2020-10-25T12:53:28.652,32.2,2.270203610947753e-06,-1.8313384035252886e-06,2.6984011653710828e-06
1603644808702,2020-10-25T12:53:28.702,32.25,2.294698991489583e-06,-1.7300969799328364e-06,2.8675006129992975e-06
1603644808752,2020-10-25T12:53:28.752,32.3,2.1196136307828652e-06,-1.6126242931932353e-06,2.9046691293766006e-06
1603644808802,2020-10-25T12:53:28.802,32.35,1.96492620442038e-06,-1.7991757116568712e-06,2.680576382121646e-06
1603644808852,2020-10-25T12:53:28.852,32.4,2.200085765559192e-06,-2.3146550427978087e-06,2.7997712741197074e-06
1603644808902,2020-10-25T12:53:28.902,32.45,2.6971923930216527e-06,-2.6735379279630955e-06,3.489085310669557e-06
1603644808952,2020-10-25T12:53:28.952,32.5,2.9142994690790103e-06,-2.5167562472835663e-06,3.894625465774385e-06
1603644809002,2020-10-25T12:53:29.002,32.55,2.6493758608477856e-06,-2.1528281225204167e-06,3.4866744171506595e-06
1603644809052,2020-10-25T12:53:29.052,32.6,2.2966290946858773e-06,-2.151855918548466e-06,2.9922728207176514e-06
1603644809102,2020-10-25T12:53:29.102,32.65,2.2850390257748434e-06,-2.5746645799260574e-06,3.1157644932512805e-06
1603644809152,2020-10-25T12:53:29.152,32.7,2.5515428074944856e-06,-2.933358934340233e-06,3.567264318512855e-06
1603644809202,2020-10-25T12:53:29.202,32.75,2.721747949631352e-06,-2.9228114656544776e-06,3.891317638428269e-06
1603644809252,2020-10-25T12:53:29.252,32.8,2.6705683426160437e-06,-2.7927253318207665e-06,4.0882106180037255e-06
1603644809302,2020-10-25T12:53:29.302,32.85,2.7167799231526316e-06,-2.830729614302107e-06,4.18223457522307e-06
1603644809352,2020-10-25T12:53:29.352,32.9,3.1454128844707235e-06,-2.937275067483649e-06,4.1684458107022485e-06
1603644809402,2020-10-25T12:53:29.402,32.95,3.6483739531841504e-06,-2.9683195428157384e-06,4.300441679329391e-06
1603644809452,2020-10-25T12:53:29.452,33.0,3.638940420519396e-06,-3.010233211314303e-06,4.615676222783315e-06
1603644809502,2020-10-25T12:53:29.502,33.05,3.1594404417897454e-06,-3.1006432136669723e-06,4.643719000661019e-06
1603644809552,2020-10-25T12:53:29.552,33.1,2.9054717547543254e-06,-3.190563143955296e-06,4.3080712584840345e-06
1603644809602,2020-10-25T12:53:29.602,33.15,3.208022190443249e-06,-3.4026083872812055e-06,4.272533103765607e-06
1603644809652,2020-10-25T12:53:29.652,33.2,3.6201454476786e-06,-3.788360996673779e-06,4.757171033743854e-06
1603644809702,2020-10-25T12:53:29.702,33.25,3.692486408974599e-06,-4.030427614449028e-06,5.104924606956129e-06
1603644809752,2020-10-25T12:53:29.752,33.3,3.5818240982257293e-06,-3.859917096858548e-06,4.964286495089502e-06
1603644809802,2020-10-25T12:53:29.802,33.35,3.6662564440317484e-06,-3.4514094833976077e-06,4.747090152811652e-06
1603644809852,2020-10-25T12:53:29.852,33.4,3.947075145639444e-06,-3.130510395199049e-06,4.7445732426215015e-06
1603644809902,2020-10-25T12:53:29.902,33.45,4.102765641912686e-06,-3.0627913447912606e-06,4.802816275924609e-06
1603644809952,2020-10-25T12:53:29.952,33.5,3.97086349436296e-06,-3.3039868782895325e-06,4.7864563235792374e-06
1603644810002,2020-10-25T12:53:30.002,33.55,3.7436925547278666e-06,-3.73500098521261e-06,4.659914390784594e-06
1603644810052,2020-10-25T12:53:30.052,33.6,3.751267137072494e-06,-3.956840943400866e-06,4.385463008874263e-06
1603644810102,2020-10-25T12:53:30.102,33.65,4.13842692663716e-06,-3.7059271906709315e-06,4.108493655348228e-06
1603644810152,2020-10-25T12:53:30.152,33.7,4.628090278164675e-06,-3.3361450362681368e-06,4.1192087295940345e-06
1603644810202,2020-10-25T12:53:30.202,33.75,4.695621292071558e-06,-3.4044220377719064e-06,4.484148174474529e-06
1603644810252,2020-10-25T12:53:30.252,33.8,4.255231987923919e-06,-3.854336680031545e-06,4.904035667775932e-06
1603644810302,2020-10-25T12:53:30.302,33.85,3.915592071410854e-06,-4.119641155706984e-06,4.987508947546012e-06
1603644810352,2020-10-25T12:53:30.352,33.9,4.121220188362479e-06,-3.942753898540014e-06,4.678382152875184e-06
1603644810402,2020-10-25T12:53:30.402,33.95,4.472699714244288e-06,-3.6025226844325174e-06,4.365618362582475e-06
1603644810452,2020-10-25T12:53:30.452,34.0,4.460577201136098e-06,-3.404944575185767e-06,4.420308047496405e-06
1603644810502,2020-10-25T12:53:30.502,34.05,4.292223786251012e-06,-3.3762282025362324e-06,4.7123027089140475e-06
1603644810552,2020-10-25T12:53:30.552,34.1,4.378776999896447e-06,-3.453563480526835e-06,4.810069355836056e-06
1603644810602,2020-10-25T12:53:30.602,34.15,4.602975787393376e-06,-3.6212455432837987e-06,4.583395533184534e-06
1603644810652,2020-10-25T12:53:30.652,34.2,4.630041604385853e-06,-3.7373273351861e-06,4.385280922363762e-06
1603644810702,2020-10-25T12:53:30.702,34.25,4.455347642963306e-06,-3.53740007921083e-06,4.596380818443846e-06
1603644810752,2020-10-25T12:53:30.752,34.3,4.273274161603043e-06,-3.1112901579931554e-06,5.0795692830236425e-06
1603644810802,2020-10-25T12:53:30.802,34.35,4.177183733009453e-06,-3.0430235418188243e-06,5.295455783502431e-06
1603644810852,2020-10-25T12:53:30.852,34.4,4.19402662213943e-06,-3.5818601673568025e-06,5.084301461391568e-06
1603644810902,2020-10-25T12:53:30.902,34.45,4.295446370192783e-06,-4.109624888513397e-06,4.928135815085695e-06
1603644810952,2020-10-25T12:53:30.952,34.5,4.388844027931129e-06,-4.053421231322492e-06,5.132361618617882e-06
1603644811002,2020-10-25T12:53:31.002,34.55,4.630581508803427e-06,-3.7293780398368888e-06,5.365701101342822e-06
1603644811052,2020-10-25T12:53:31.052,34.6,5.3969766837661536e-06,-3.636592858704852e-06,5.368960006545264e-06
1603644811102,2020-10-25T12:53:31.102,34.65,6.526242888297618e-06,-3.6637751367204693e-06,5.334457846248278e-06
1603644811152,2020-10-25T12:53:31.152,34.7,7.2943244761378275e-06,-3.615709496898385e-06,5.312571748644527e-06
1603644811202,2020-10-25T12:53:31.202,34.75,7.642424776363598e-06,-3.7697500924206595e-06,5.086673465664033e-06
1603644811252,2020-10-25T12:53:31.252,34.8,8.41155052822918e-06,-4.358293077603001e-06,4.747064035471587e-06
1603644811302,2020-10-25T12:53:31.302,34.85,9.85166462449732e-06,-5.080673695397236e-06,4.564510516188194e-06
1603644811352,2020-10-25T12:53:31.352,34.9,1.1189026805707611e-05,-5.5058800655517845e-06,4.310008061299042e-06
1603644811402,2020-10-25T12:53:31.402,34.95,1.2097950837848088e-05,-5.591073829410998e-06,3.4801680456526814e-06
1603644811452,2020-10-25T12:53:31.452,35.0,1.3137264585930996e-05,-5.6241165343753255e-06,2.1394623154552364e-06
1603644811502,2020-10-25T12:53:31.502,35.05,1.442269526799187e-05,-5.841210658177172e-06,8.641183643714708e-07
1603644811552,2020-10-25T12:53:31.552,35.1,1.5243059649499874e-05,-6.170503597983403e-06,-1.6278802883541106e-08
1603644811602,2020-10-25T12:53:31.602,35.15,1.518667032196776e-05,-6.375581439317269e-06,-5.504854259911472e-07
1603644811652,2020-10-25T12:53:31.652,35.2,1.471122184792986e-05,-6.446752208203125e-06,-7.823208885962661e-07
1603644811702,2020-10-25T12:53:31.702,35.25,1.4575094089916534e-05,-6.650373906707258e-06,-7.901685929665321e-07
1603644811752,2020-10-25T12:53:31.752,35.3,1.5091004430869844e-05,-7.14469207685778e-06,-8.999937304210118e-07
1603644811802,2020-10-25T12:53:31.802,35.35,1.580603142798889e-05,-7.725122078052595e-06,-1.3293583916752473e-06
1603644811852,2020-10-25T12:53:31.852,35.4,1.596853764733638e-05,-7.928031996622636e-06,-1.7454868748893781e-06
1603644811902,2020-10-25T12:53:31.902,35.45,1.5429013958661657e-05,-7.376410272167241e-06,-1.6876108069524502e-06
1603644811952,2020-10-25T12:53:31.952,35.5,1.464308318300313e-05,-6.155280148595777e-06,-1.2537846719856907e-06
1603644812002,2020-10-25T12:53:32.002,35.55,1.3732805291400823e-05,-4.6990684028544834e-06,-7.734408484859125e-07
1603644812052,2020-10-25T12:53:32.052,35.6,1.2268829258749771e-05,-3.2634624592567438e-06,-1.5626317481781626e-07
1603644812102,2020-10-25T12:53:32.102,35.65,1.0127781963955384e-05,-1.8601207992987442e-06,6.669371507841374e-07
1603644812152,2020-10-25T12:53:32.152,35.7,7.899270110954425e-06,-6.359036218733173e-07,1.1861154047014135e-06
1603644812202,2020-10-25T12:53:32.202,35.75,6.17396396774343e-06,1.7880498605135372e-07,1.0575502576114353e-06
1603644812252,2020-10-25T12:53:32.252,35.8,4.837389613876966e-06,6.459406012966261e-07,7.82366716016146e-07
1603644812302,2020-10-25T12:53:32.302,35.85,3.4284721619485426e-06,1.037999480872626e-06,8.756421520596366e-07
1603644812352,2020-10-25T12:53:32.352,35.9,1.993463594665257e-06,1.4499784925894115e-06,1.0764715110067054e-06
1603644812402,2020-10-25T12:53:32.402,35.95,1.1066772318016786e-06,1.7584383188627431e-06,9.755949601532852e-07
1603644812452,2020-10-25T12:53:32.452,36.0,1.0348461371366825e-06,1.8079518780154186e-06,7.078129984138619e-07
1603644812502,2020-10-25T12:53:32.502,36.05,1.3137997677161146e-06,1.5426941643504714e-06,6.057729761935307e-07
1603644812552,2020-10-25T12:53:32.552,36.1,1.3252959616077884e-06,1.2297020202092326e-06,6.982459349952486e-07
1603644812602,2020-10-25T12:53:32.602,36.15,1.0593689664014318e-06,1.3190075602141205e-06,8.021435023990694e-07
1603644812652,2020-10-25T12:53:32.652,36.2,1.003174452288325e-06,1.6803129530793336e-06,8.53860591228426e-07
1603644812702,2020-10-25T12:53:32.702,36.25,1.2692718164623217e-06,1.6019545129422033e-06,9.500663801656814e-07
1603644812752,2020-10-25T12:53:32.752,36.3,1.3472622946143532e-06,9.668285348631824e-07,1.0930423188728496e-06
1603644812802,2020-10-25T12:53:32.802,36.35,9.868426524968451e-07,5.079778114972571e-07,1.1737024465656182e-06
1603644812852,2020-10-25T12:53:32.852,36.4,6.196339440504333e-07,5.702109700916816e-07,1.2639743172088703e-06
1603644812902,2020-10-25T12:53:32.902,36.45,5.369962547242526e-07,6.69867390549798e-07,1.506602484640368e-06
1603644812952,2020-10-25T12:53:32.952,36.5,4.866641799209985e-07,5.455131193034823e-07,1.6664504483730459e-06
1603644813002,2020-10-25T12:53:33.002,36.55,3.314239168220796e-07,6.328385135860989e-07,1.3579170417854473e-06
1603644813052,2020-10-25T12:53:33.052,36.6,2.3359553089806558e-07,1.1572203873193323e-06,8.160109651755702e-07
1603644813102,2020-10-25T12:53:33.102,36.65,1.5025755098136496e-07,1.5561566505988266e-06,8.020886761749568e-07
1603644813152,2020-10-25T12:53:33.152,36.7,-5.708245709279903e-08,1.2810444862106862e-06,1.4906279635568014e-06
1603644813202,2020-10-25T12:53:33.202,36.75,-1.5853862006289306e-07,6.451706288217028e-07,2.0419025529600905e-06
1603644813252,2020-10-25T12:53:33.252,36.8,6.499723315616459e-08,3.654667942297746e-07,1.6932699277678004e-06
1603644813302,2020-10-25T12:53:33.302,36.85,1.6478188997006707e-07,6.669576527822601e-07,8.151682902009659e-07
1603644813352,2020-10-25T12:53:33.352,36.9,-5.114892162648314e-07,1.2576999715430481e-06,3.2701913916941524e-07
1603644813402,2020-10-25T12:53:33.402,36.95,-1.7570327555253518e-06,1.7533517853836307e-06,3.2901323461121107e-07
1603644813452,2020-10-25T12:53:33.452,37.0,-2.6529351398206438e-06,1.914644804731416e-06,9.095694671801424e-08
1603644813502,2020-10-25T12:53:33.502,37.05,-2.877477163407439e-06,1.9269265578989377e-06,-5.916482882705012e-07
1603644813552,2020-10-25T12:53:33.552,37.1,-3.1169236628756485e-06,2.2747623609101027e-06,-1.0158161757632233e-06
1603644813602,2020-10-25T12:53:33.602,37.15,-3.9162665014580284e-06,2.8923793603856187e-06,-7.834067730127969e-07
1603644813652,2020-10-25T12:53:33.652,37.2,-4.890043377376697e-06,3.0986909712120043e-06,-4.5054455470304117e-07
1603644813702,2020-10-25T12:53:33.702,37.25,-5.482413974791231e-06,2.7710284999322398e-06,-6.87909837481758e-07
1603644813752,2020-10-25T12:53:33.752,37.3,-5.788432467495634e-06,2.560152000680419e-06,-1.4469182102694622e-06
1603644813802,2020-10-25T12:53:33.802,37.35,-6.140964922626914e-06,2.731432226351287e-06,-2.1518861175722445e-06
1603644813852,2020-10-25T12:53:33.852,37.4,-6.476173709648054e-06,2.9370080342253736e-06,-2.4077022190989105e-06
1603644813902,2020-10-25T12:53:33.902,37.45,-6.596370658405659e-06,3.079502351712939e-06,-2.3680963844315724e-06
1603644813952,2020-10-25T12:53:33.952,37.5,-6.672161296171889e-06,3.3400682656031306e-06,-2.439864941516721e-06
1603644814002,2020-10-25T12:53:34.002,37.55,-7.012962205382892e-06,3.565175496385109e-06,-2.7967563899172513e-06
1603644814052,2020-10-25T12:53:34.052,37.6,-7.531104112944177e-06,3.4994727049409822e-06,-3.303726658575941e-06
1603644814102,2020-10-25T12:53:34.102,37.65,-7.88636063587932e-06,3.387321965349887e-06,-3.6988812637558026e-06
1603644814152,2020-10-25T12:53:34.152,37.7,-8.066628528419402e-06,3.593509337664339e-06,-3.764582721598023e-06
1603644814202,2020-10-25T12:53:34.202,37.75,-8.334601243905615e-06,3.85449706532976e-06,-3.6168722990036207e-06
1603644814252,2020-10-25T12:53:34.252,37.8,-8.679482045736836e-06,3.70021780440053e-06,-3.7171156475614876e-06
1603644814302,2020-10-25T12:53:34.302,37.85,-8.881272247455235e-06,3.3963624027750156e-06,-4.203673315455637e-06
1603644814352,2020-10-25T12:53:34.352,37.9,-8.967155432974355e-06,3.5387103713768506e-06,-4.581431222849319e-06
1603644814402,2020-10-25T12:53:34.402,37.95,-9.018454543403394e-06,3.9456662041011484e-06,-4.601237213982515e-06
1603644814452,2020-10-25T12:53:34.452,38.0,-8.861805333085851e-06,3.976651476685693e-06,-4.839090157720482e-06
1603644814502,2020-10-25T12:53:34.502,38.05,-8.50879206897801e-06,3.695847033750352e-06,-5.663229081540339e-06
1603644814552,2020-10-25T12:53:34.552,38.1,-8.410047426694815e-06,3.6981319507157664e-06,-6.342519539124298e-06
1603644814602,2020-10-25T12:53:34.602,38.15,-8.849212000487033e-06,4.031449599830714e-06,-6.112702763871265e-06
1603644814652,2020-10-25T12:53:34.652,38.2,-9.559523488847823e-06,4.2250221003199204e-06,-5.468341043631722e-06
1603644814702,2020-10-25T12:53:34.702,38.25,-1.0077364283264698e-05,4.167842378289589e-06,-5.4332077376042525e-06
1603644814752,2020-10-25T12:53:34.752,38.3,-1.0100030075786037e-05,4.148632740104507e-06,-6.074945441203199e-06
1603644814802,2020-10-25T12:53:34.802,38.35,-9.661974544964771e-06,4.211624779924367e-06,-6.594772158224428e-06
1603644814852,2020-10-25T12:53:34.852,38.4,-9.210074367209719e-06,4.180024558727693e-06,-6.534368770119827e-06
1603644814902,2020-10-25T12:53:34.902,38.45,-9.152944402567823e-06,4.11673875349655e-06,-6.197739326099912e-06
1603644814952,2020-10-25T12:53:34.952,38.5,-9.323617360759264e-06,4.160805744551687e-06,-6.003433244252002e-06
1603644815002,2020-10-25T12:53:35.002,38.55,-9.360298218092051e-06,4.2023259831667565e-06,-5.977855268307539e-06
1603644815052,2020-10-25T12:53:35.052,38.6,-9.304172230026887e-06,4.172774338943792e-06,-5.973046770329076e-06
1603644815102,2020-10-25T12:53:35.102,38.65,-9.263819135282813e-06,4.243289735503027e-06,-5.912623607352137e-06
1603644815152,2020-10-25T12:53:35.152,38.7,-9.052322958158008e-06,4.448769580964068e-06,-5.717338070988108e-06
1603644815202,2020-10-25T12:53:35.202,38.75,-8.66229494834785e-06,4.572022021341565e-06,-5.426327457381867e-06
1603644815252,2020-10-25T12:53:35.252,38.8,-8.457442327654299e-06,4.5287218308539135e-06,-5.291579031541489e-06
1603644815302,2020-10-25T12:53:35.302,38.85,-8.612992605039333e-06,4.434596274840283e-06,-5.368280883265728e-06
1603644815352,2020-10-25T12:53:35.352,38.9,-8.915778290615419e-06,4.299873146574372e-06,-5.402867654151316e-06
1603644815402,2020-10-25T12:53:35.402,38.95,-9.078897982808951e-06,4.09287862838892e-06,-5.375726626331352e-06
1603644815452,2020-10-25T12:53:35.452,39.0,-8.90464948305236e-06,4.021123480409276e-06,-5.5533538839261125e-06
1603644815502,2020-10-25T12:53:35.502,39.05,-8.452760662103046e-06,4.280499750735045e-06,-5.919126028239189e-06
1603644815552,2020-10-25T12:53:35.552,39.1,-8.150297464971947e-06,4.608145526182722e-06,-6.161645764098669e-06
1603644815602,2020-10-25T12:53:35.602,39.15,-8.28251972338806e-06,4.525230339609307e-06,-6.129635093222579e-06
1603644815652,2020-10-25T12:53:35.652,39.2,-8.55069820950701e-06,3.97620801777176e-06,-5.8595822592991635e-06
1603644815702,2020-10-25T12:53:35.702,39.25,-8.583556474108759e-06,3.4266296052117583e-06,-5.457590932479009e-06
1603644815752,2020-10-25T12:53:35.752,39.3,-8.474121084198717e-06,3.3546697819386046e-06,-5.202656477071399e-06
1603644815802,2020-10-25T12:53:35.802,39.35,-8.480317975395326e-06,3.75678078195013e-06,-5.353051175867766e-06
1603644815852,2020-10-25T12:53:35.852,39.4,-8.680614852122024e-06,4.1889541996876015e-06,-5.748470058438025e-06
1603644815902,2020-10-25T12:53:35.902,39.45,-9.017701123721952e-06,4.3428185606818706e-06,-5.954020653151288e-06
1603644815952,2020-10-25T12:53:35.952,39.5,-9.282698677207335e-06,4.376515103772308e-06,-5.78334110305684e-06
1603644816002,2020-10-25T12:53:36.002,39.55,-9.258651862731039e-06,4.494144337198713e-06,-5.45425116159956e-06
1603644816052,2020-10-25T12:53:36.052,39.6,-9.119534309267334e-06,4.573425263570824e-06,-5.275854659278424e-06
1603644816102,2020-10-25T12:53:36.102,39.65,-9.226794297770006e-06,4.488239358697066e-06,-5.313893667817414e-06
1603644816152,2020-10-25T12:53:36.152,39.7,-9.476072612865735e-06,4.388510670962212e-06,-5.385252031795177e-06
1603644816202,2020-10-25T12:53:36.202,39.75,-9.493998800691413e-06,4.376329758495163e-06,-5.350870979098653e-06
1603644816252,2020-10-25T12:53:36.252,39.8,-9.385570466119346e-06,4.298881632684262e-06,-5.328524702901115e-06
1603644816302,2020-10-25T12:53:36.302,39.85,-9.530782708894545e-06,4.1252960558762555e-06,-5.507674369996807e-06
1603644816352,2020-10-25T12:53:36.352,39.9,-9.787856903320707e-06,4.092224297817549e-06,-5.814517672389724e-06
1603644816402,2020-10-25T12:53:36.402,39.95,-9.684618362483208e-06,4.244177462703419e-06,-5.9939165312701555e-06
1603644816452,2020-10-25T12:53:36.452,40.0,-9.278933422834521e-06,4.388119497796567e-06,-5.998017841520364e-06
1603644816502,2020-10-25T12:53:36.502,40.05,-9.036734134290691e-06,4.580459235041178e-06,-5.973006217853734e-06
1603644816552,2020-10-25T12:53:36.552,40.1,-8.98342757607743e-06,4.913710953272321e-06,-5.9345350261282995e-06
1603644816602,2020-10-25T12:53:36.602,40.15,-8.820848030481688e-06,5.016602333749428e-06,-5.85738270276663e-06
1603644816652,2020-10-25T12:53:36.652,40.2,-8.6839155767431e-06,4.649491292624166e-06,-5.913269087272544e-06
1603644816702,2020-10-25T12:53:36.702,40.25,-8.869543396869278e-06,4.355577173926365e-06,-6.153956897722784e-06
1603644816752,2020-10-25T12:53:36.752,40.3,-9.124078426086112e-06,4.661309418396843e-06,-6.24479221662121e-06
1603644816802,2020-10-25T12:53:36.802,40.35,-9.084676201621586e-06,5.158802124892235e-06,-6.007916625061749e-06
1603644816852,2020-10-25T12:53:36.852,40.4,-8.980963734685031e-06,5.109124658540208e-06,-5.809801121544751e-06
1603644816902,2020-10-25T12:53:36.902,40.45,-9.100847391359562e-06,4.559895998515505e-06,-5.940073828086626e-06
1603644816952,2020-10-25T12:53:36.952,40.5,-9.090757633345915e-06,4.278709406578301e-06,-6.140448365360621e-06
1603644817002,2020-10-25T12:53:37.002,40.55,-8.55293285708623e-06,4.6449504320174135e-06,-6.105701526976338e-06
1603644817052,2020-10-25T12:53:37.052,40.6,-7.905669486134002e-06,5.07670447555532e-06,-5.895855008035792e-06
1603644817102,2020-10-25T12:53:37.102,40.65,-7.840920441979506e-06,4.931929821230544e-06,-5.647820367545866e-06
1603644817152,2020-10-25T12:53:37.152,40.7,-8.158160362137505e-06,4.591273792240736e-06,-5.362334673882244e-06
1603644817202,2020-10-25T12:53:37.202,40.75,-8.059764908398552e-06,4.828411666037596e-06,-5.109076985404047e-06
1603644817252,2020-10-25T12:53:37.252,40.8,-7.4782633464293515e-06,5.431483975802294e-06,-5.065721403825338e-06
1603644817302,2020-10-25T12:53:37.302,40.85,-7.0265703658400345e-06,5.541496647979051e-06,-5.266326225026859e-06
1603644817352,2020-10-25T12:53:37.352,40.9,-6.828102063359444e-06,5.100609684466589e-06,-5.6028370647785196e-06
1603644817402,2020-10-25T12:53:37.402,40.95,-6.575693205827537e-06,4.853546859794582e-06,-5.9320009626294226e-06
1603644817452,2020-10-25T12:53:37.452,41.0,-6.366193774084468e-06,5.0441421031493095e-06,-5.916185929429914e-06
1603644817502,2020-10-25T12:53:37.502,41.05,-6.365839954661183e-06,5.109696221224297e-06,-5.280639680759879e-06
1603644817552,2020-10-25T12:53:37.552,41.1,-6.1954955216023924e-06,4.7894103878673346e-06,-4.40940299780039e-06
1603644817602,2020-10-25T12:53:37.602,41.15,-5.516186286675756e-06,4.643176883754287e-06,-3.903565860399212e-06
1603644817652,2020-10-25T12:53:37.652,41.2,-4.6665841413980075e-06,5.017674800190581e-06,-3.6761850996210415e-06
1603644817702,2020-10-25T12:53:37.702,41.25,-4.166658778859063e-06,5.286887639143137e-06,-3.32351794131302e-06
1603644817752,2020-10-25T12:53:37.752,41.3,-3.921909522627456e-06,4.79149253157549e-06,-2.8664426980717436e-06
1603644817802,2020-10-25T12:53:37.802,41.35,-3.19240153082355e-06,3.84611831110843e-06,-2.4353322868768627e-06
1603644817852,2020-10-25T12:53:37.852,41.4,-1.41253738428255e-06,3.1400646405136347e-06,-1.996146226294671e-06
1603644817902,2020-10-25T12:53:37.902,41.45,1.0434117649588777e-06,2.757347120453733e-06,-1.7021943469720864e-06
1603644817952,2020-10-25T12:53:37.952,41.5,3.266432243565679e-06,2.349703884018611e-06,-1.712505522972197e-06
1603644818002,2020-10-25T12:53:38.002,41.55,4.834955948202873e-06,1.7849844794517133e-06,-1.854502923169401e-06
1603644818052,2020-10-25T12:53:38.052,41.6,5.8828163468544195e-06,1.2411331836372594e-06,-2.0790434434754147e-06
1603644818102,2020-10-25T12:53:38.102,41.65,6.436326717473374e-06,9.533996512774972e-07,-2.59285964594787e-06
1603644818152,2020-10-25T12:53:38.152,41.7,6.377523870338414e-06,1.0223204066138082e-06,-3.247148607456076e-06
1603644818202,2020-10-25T12:53:38.202,41.75,5.900718382358986e-06,1.2845784111197479e-06,-3.600673381284902e-06
1603644818252,2020-10-25T12:53:38.252,41.8,5.45249140673733e-06,1.4017862379885633e-06,-3.5115992769869483e-06
1603644818302,2020-10-25T12:53:38.302,41.85,5.182074928230111e-06,1.3097395755417038e-06,-3.1240472278896467e-06
1603644818352,2020-10-25T12:53:38.352,41.9,4.757485362811562e-06,1.4002452208112074e-06,-2.704986500719945e-06
1603644818402,2020-10-25T12:53:38.402,41.95,3.956480150976209e-06,1.8515668629597337e-06,-2.652089338139139e-06
1603644818452,2020-10-25T12:53:38.452,42.0,3.2592589732067332e-06,2.137954648980894e-06,-3.096669101366633e-06
1603644818502,2020-10-25T12:53:38.502,42.05,3.352075374535559e-06,1.8221401508985906e-06,-3.580732491019871e-06
1603644818552,2020-10-25T12:53:38.552,42.1,4.155095262209195e-06,1.2631392880575017e-06,-3.4837180009122992e-06
1603644818602,2020-10-25T12:53:38.602,42.15,5.026611401405284e-06,8.432314365167777e-07,-2.5751138144892086e-06
1603644818652,2020-10-25T12:53:38.652,42.2,5.659681690741407e-06,3.6644170764654463e-07,-1.1157797778324873e-06
1603644818702,2020-10-25T12:53:38.702,42.25,5.930643585700494e-06,-1.2975655886815925e-07,2.794917028331628e-07
1603644818752,2020-10-25T12:53:38.752,42.3,5.438378803751704e-06,-9.180528793958942e-08,9.808425571283675e-07
1603644818802,2020-10-25T12:53:38.802,42.35,4.194311574551135e-06,4.77926707291922e-07,9.266229385976441e-07
1603644818852,2020-10-25T12:53:38.852,42.4,3.0430773475068703e-06,7.690513397288763e-07,7.782702766587512e-07
1603644818902,2020-10-25T12:53:38.902,42.45,2.5119435282782664e-06,3.439028746301017e-07,1.1442557367258096e-06
1603644818952,2020-10-25T12:53:38.952,42.5,2.0833249836078784e-06,-3.382367835819829e-07,1.9040409243119064e-06
1603644819002,2020-10-25T12:53:39.002,42.55,1.3310064417568773e-06,-7.597381819883855e-07,2.657227043252977e-06
1603644819052,2020-10-25T12:53:39.052,42.6,7.908476984946872e-07,-9.712691208596202e-07,3.3082816114759864e-06
1603644819102,2020-10-25T12:53:39.102,42.65,8.941383128367103e-07,-1.285282284307997e-06,3.851501036935863e-06
1603644819152,2020-10-25T12:53:39.152,42.7,1.0562768788270196e-06,-1.8857798737335904e-06,4.236712124191733e-06
1603644819202,2020-10-25T12:53:39.202,42.75,8.154915401757539e-07,-2.707906815377792e-06,4.650603289691515e-06
1603644819252,2020-10-25T12:53:39.252,42.8,8.353520199831889e-07,-3.408119852390124e-06,5.369544699195268e-06
1603644819302,2020-10-25T12:53:39.302,42.85,1.6181174666804663e-06,-3.704881979809233e-06,6.261810229971587e-06
1603644819352,2020-10-25T12:53:39.352,42.9,2.3410882354161635e-06,-3.786573672827962e-06,6.735702617678526e-06
1603644819402,2020-10-25T12:53:39.402,42.95,2.273275212388321e-06,-3.9762697411087105e-06,6.371551366249936e-06
1603644819452,2020-10-25T12:53:39.452,43.0,2.1454819617215545e-06,-4.228333270131779e-06,5.610429327081491e-06
1603644819502,2020-10-25T12:53:39.502,43.05,2.7626842514501764e-06,-4.401455129769988e-06,5.365936482098737e-06
1603644819552,2020-10-25T12:53:39.552,43.1,3.5345880754962174e-06,-4.555737751938924e-06,5.810709314667752e-06
1603644819602,2020-10-25T12:53:39.602,43.15,3.6471889650246263e-06,-4.574171032174584e-06,6.221574266260436e-06
1603644819652,2020-10-25T12:53:39.652,43.2,3.439534134172576e-06,-4.127026514237558e-06,6.120299796928512e-06
1603644819702,2020-10-25T12:53:39.702,43.25,3.6054049755689446e-06,-3.3913195329340353e-06,5.802270592158314e-06
1603644819752,2020-10-25T12:53:39.752,43.3,4.093262515991665e-06,-3.1328653734564573e-06,5.67958379767326e-06
1603644819802,2020-10-25T12:53:39.802,43.35,4.469188673042153e-06,-3.66064242452205e-06,5.723484690167333e-06
1603644819852,2020-10-25T12:53:39.852,43.4,4.577855521321451e-06,-4.299686443527841e-06,5.669048179568463e-06
1603644819902,2020-10-25T12:53:39.902,43.45,4.455854173584279e-06,-4.371206890960544e-06,5.488204263579081e-06
1603644819952,2020-10-25T12:53:39.952,43.5,4.167474338640279e-06,-4.117494786502136e-06,5.437851758993094e-06
1603644820002,2020-10-25T12:53:40.002,43.55,3.959437516563245e-06,-4.100828114876462e-06,5.576616680521165e-06
1603644820052,2020-10-25T12:53:40.052,43.6,4.127484873477008e-06,-4.295986046579409e-06,5.600015287700263e-06
1603644820102,2020-10-25T12:53:40.102,43.65,4.586787457304923e-06,-4.3696231429157205e-06,5.438064001372655e-06
1603644820152,2020-10-25T12:53:40.152,43.7,4.926830799641368e-06,-4.299725082420678e-06,5.489073940705395e-06
1603644820202,2020-10-25T12:53:40.202,43.75,4.9169543518844386e-06,-4.2606314220391255e-06,5.8658376993960644e-06
1603644820252,2020-10-25T12:53:40.252,43.8,4.676133594791578e-06,-4.304465008666757e-06,6.051102412337643e-06
1603644820302,2020-10-25T12:53:40.302,43.85,4.407801475722596e-06,-4.377832064829811e-06,5.7308851858057625e-06
1603644820352,2020-10-25T12:53:40.352,43.9,4.205786271071275e-06,-4.401091239975494e-06,5.305929987263176e-06
1603644820402,2020-10-25T12:53:40.402,43.95,4.119830705751242e-06,-4.2832742539878876e-06,5.205964631813524e-06
1603644820452,2020-10-25T12:53:40.452,44.0,4.271726552070034e-06,-4.0307185763275034e-06,5.329882538096192e-06
1603644820502,2020-10-25T12:53:40.502,44.05,4.70376340834571e-06,-3.849771387693526e-06,5.412126779029188e-06
1603644820552,2020-10-25T12:53:40.552,44.1,5.05402506552159e-06,-3.951261232263561e-06,5.371077676271021e-06
1603644820602,2020-10-25T12:53:40.602,44.15,4.814944854084599e-06,-4.184216405477941e-06,5.203290970621791e-06
1603644820652,2020-10-25T12:53:40.652,44.2,4.185042407920245e-06,-4.130407837397025e-06,5.007155762889245e-06
1603644820702,2020-10-25T12:53:40.702,44.25,4.032601889591494e-06,-3.704978360891123e-06,5.003830634862372e-06
1603644820752,2020-10-25T12:53:40.752,44.3,4.633589550916818e-06,-3.324241813657077e-06,5.178143148681213e-06
1603644820802,2020-10-25T12:53:40.802,44.35,5.22970348036424e-06,-3.336644387552125e-06,5.2096956510029145e-06
1603644820852,2020-10-25T12:53:40.852,44.4,5.177174851274246e-06,-3.669548582718458e-06,4.990588572120308e-06
1603644820902,2020-10-25T12:53:40.902,44.45,4.68990002973834e-06,-4.0954474348371656e-06,4.781376178490837e-06
1603644820952,2020-10-25T12:53:40.952,44.5,4.254849944826156e-06,-4.42290388803516e-06,4.748538878699912e-06
1603644821002,2020-10-25T12:53:41.002,44.55,4.073842430181243e-06,-4.413919711591732e-06,4.777365896016229e-06
1603644821052,2020-10-25T12:53:41.052,44.6,4.12306337582591e-06,-3.957338174982095e-06,4.770755449493697e-06
1603644821102,2020-10-25T12:53:41.102,44.65,4.240621833056941e-06,-3.398471082638613e-06,4.7906982344888895e-06
1603644821152,2020-10-25T12:53:41.152,44.7,4.220448730427395e-06,-3.299317626667997e-06,4.8746587036694795e-06
1603644821202,2020-10-25T12:53:41.202,44.75,4.068440670306163e-06,-3.7032232218007564e-06,4.935883320087513e-06
1603644821252,2020-10-25T12:53:41.252,44.8,4.063051074155831e-06,-3.997477686322897e-06,4.889763824686335e-06
1603644821302,2020-10-25T12:53:41.302,44.85,4.410648317881931e-06,-3.790431256319539e-06,4.719691626606933e-06
1603644821352,2020-10-25T12:53:41.352,44.9,4.831051399660342e-06,-3.5237112921358587e-06,4.448818980050974e-06
1603644821402,2020-10-25T12:53:41.402,44.95,4.7601206084457856e-06,-3.728929295821944e-06,4.2466379459079355e-06
1603644821452,2020-10-25T12:53:41.452,45.0,4.20269297344183e-06,-4.138709682639645e-06,4.37176241515784e-06
1603644821502,2020-10-25T12:53:41.502,45.05,3.910892201686001e-06,-4.219197667101311e-06,4.7602950637899645e-06
1603644821552,2020-10-25T12:53:41.552,45.1,4.293988121690251e-06,-4.080616090860739e-06,5.004095332582373e-06
1603644821602,2020-10-25T12:53:41.602,45.15,4.781199631436025e-06,-4.137645976242527e-06,4.925245998748079e-06
1603644821652,2020-10-25T12:53:41.652,45.2,4.773558573417267e-06,-4.3906552119831634e-06,4.789131707471601e-06
1603644821702,2020-10-25T12:53:41.702,45.25,4.502334332729565e-06,-4.568578379580338e-06,4.851622647225856e-06
1603644821752,2020-10-25T12:53:41.752,45.3,4.40945567687931e-06,-4.520513158776326e-06,5.0124591100238075e-06
1603644821802,2020-10-25T12:53:41.802,45.35,4.47464640005811e-06,-4.320518500197554e-06,4.993094746374225e-06
1603644821852,2020-10-25T12:53:41.852,45.4,4.6361423780176926e-06,-4.256787218322994e-06,4.7046461103086855e-06
1603644821902,2020-10-25T12:53:41.902,45.45,5.006878897399856e-06,-4.497045845990315e-06,4.402993202749829e-06
1603644821952,2020-10-25T12:53:41.952,45.5,5.342836127337143e-06,-4.789513553481748e-06,4.44180606412592e-06
1603644822002,2020-10-25T12:53:42.002,45.55,5.192606867090491e-06,-4.866318397953076e-06,4.781592184882589e-06
1603644822052,2020-10-25T12:53:42.052,45.6,4.71735389596436e-06,-4.828638010689895e-06,4.998137512487731e-06
1603644822102,2020-10-25T12:53:42.102,45.65,4.5395771574537045e-06,-4.820826123206475e-06,4.990346096343897e-06
1603644822152,2020-10-25T12:53:42.152,45.7,4.792125405416972e-06,-4.7784199823570935e-06,5.101558595097042e-06
1603644822202,2020-10-25T12:53:42.202,45.75,5.002091703319596e-06,-4.7024660807336145e-06,5.264065039800884e-06
1603644822252,2020-10-25T12:53:42.252,45.8,4.841582456566506e-06,-4.764442135359644e-06,4.961622044766383e-06
1603644822302,2020-10-25T12:53:42.302,45.85,4.505356182621387e-06,-4.975225025353621e-06,4.354392319671941e-06
1603644822352,2020-10-25T12:53:42.352,45.9,4.3983240302972e-06,-5.058358239767709e-06,4.287792545819132e-06
1603644822402,2020-10-25T12:53:42.402,45.95,4.667930315117211e-06,-4.831689603396556e-06,4.822236245932171e-06
1603644822452,2020-10-25T12:53:42.452,46.0,5.044022246231688e-06,-4.5189960237647e-06,4.990829394279911e-06
1603644822502,2020-10-25T12:53:42.502,46.05,5.18863986168847e-06,-4.502624677271729e-06,4.493607335300439e-06
1603644822552,2020-10-25T12:53:42.552,46.1,5.085082793250278e-06,-4.813456065654782e-06,4.27840610315426e-06
1603644822602,2020-10-25T12:53:42.602,46.15,4.860373584877849e-06,-4.999382168605412e-06,4.779908881586504e-06
1603644822652,2020-10-25T12:53:42.652,46.2,4.565723888721082e-06,-4.6661982285843285e-06,5.098298788917584e-06
1603644822702,2020-10-25T12:53:42.702,46.25,4.383972409508875e-06,-4.0840073768686135e-06,4.665134036030933e-06
1603644822752,2020-10-25T12:53:42.752,46.3,4.500505121257526e-06,-3.889076549300143e-06,4.179752839752576e-06
1603644822802,2020-10-25T12:53:42.802,46.35,4.703061945729359e-06,-4.200945558857955e-06,4.328640456063314e-06
1603644822852,2020-10-25T12:53:42.852,46.4,4.771097984998115e-06,-4.5219464291013895e-06,4.83430435385077e-06
1603644822902,2020-10-25T12:53:42.902,46.45,4.961777749490326e-06,-4.535296335081691e-06,5.017198703040236e-06
1603644822952,2020-10-25T12:53:42.952,46.5,5.413825432285071e-06,-4.45920940509613e-06,4.647226562104798e-06
1603644823002,2020-10-25T12:53:43.002,46.55,5.657993501977164e-06,-4.4933519010074886e-06,4.2071113067068355e-06
1603644823052,2020-10-25T12:53:43.052,46.6,5.352736733550363e-06,-4.437001306061914e-06,4.264083177864143e-06
1603644823102,2020-10-25T12:53:43.102,46.65,4.894470981795357e-06,-4.098837073496195e-06,4.628113359426459e-06
1603644823152,2020-10-25T12:53:43.152,46.7,4.841646687988379e-06,-3.717263127678898e-06,4.684128077387469e-06
1603644823202,2020-10-25T12:53:43.202,46.75,5.178056983613419e-06,-3.673193213003237e-06,4.387702092214018e-06
1603644823252,2020-10-25T12:53:43.252,46.8,5.460428775431068e-06,-3.9777352976697274e-06,4.215569504992496e-06
1603644823302,2020-10-25T12:53:43.302,46.85,5.498067242486014e-06,-4.362511792855656e-06,4.310496456143205e-06
1603644823352,2020-10-25T12:53:43.352,46.9,5.558437239022871e-06,-4.6993553015912915e-06,4.29576647726807e-06
1603644823402,2020-10-25T12:53:43.402,46.95,5.787836282485855e-06,-4.938272328092377e-06,3.978275292357457e-06
1603644823452,2020-10-25T12:53:43.452,47.0,5.867507534576939e-06,-4.918365348928855e-06,3.7905036471456454e-06
1603644823502,2020-10-25T12:53:43.502,47.05,5.670796126377606e-06,-4.659653530629265e-06,4.1076225565675954e-06
1603644823552,2020-10-25T12:53:43.552,47.1,5.6886640749716435e-06,-4.458066960841743e-06,4.448263249405932e-06
1603644823602,2020-10-25T12:53:43.602,47.15,6.174350500578121e-06,-4.415255882417114e-06,4.114805579131339e-06
1603644823652,2020-10-25T12:53:43.652,47.2,6.586675442052625e-06,-4.3050423460834e-06,3.318121354226795e-06
1603644823702,2020-10-25T12:53:43.702,47.25,6.512123400410519e-06,-4.017007835768422e-06,2.8151048858172997e-06
1603644823752,2020-10-25T12:53:43.752,47.3,6.293548032229384e-06,-3.738737576134432e-06,2.8267395572359933e-06
1603644823802,2020-10-25T12:53:43.802,47.35,6.302568224417153e-06,-3.620777353337417e-06,2.9660125310503255e-06
1603644823852,2020-10-25T12:53:43.852,47.4,6.458039551797745e-06,-3.5199172033121e-06,2.7009869399147043e-06
1603644823902,2020-10-25T12:53:43.902,47.45,6.652974356593954e-06,-3.205787928126122e-06,1.6623715566673253e-06
1603644823952,2020-10-25T12:53:43.952,47.5,6.914991291408925e-06,-2.7221763443288416e-06,1.6325694965273703e-07
1603644824002,2020-10-25T12:53:44.002,47.55,7.141829087805796e-06,-2.3545831939205247e-06,-8.58507943470346e-07
1603644824052,2020-10-25T12:53:44.052,47.6,7.147222773852299e-06,-2.256246323170202e-06,-1.0485882199128548e-06
1603644824102,2020-10-25T12:53:44.102,47.65,6.8834396546621215e-06,-2.3858850109728003e-06,-9.877257373137554e-07
1603644824152,2020-10-25T12:53:44.152,47.7,6.497372426725602e-06,-2.7887965952355733e-06,-9.397299813201646e-07
1603644824202,2020-10-25T12:53:44.202,47.75,6.2619103600997005e-06,-3.491302839573473e-06,-5.099467762558648e-07
1603644824252,2020-10-25T12:53:44.252,47.8,6.313438963939096e-06,-4.177311852042088e-06,2.743703783641889e-07
1603644824302,2020-10-25T12:53:44.302,47.85,6.475123420940114e-06,-4.497999435306827e-06,8.794618850517862e-07
1603644824352,2020-10-25T12:53:44.352,47.9,6.519917105462295e-06,-4.445847894858985e-06,1.1817119967675867e-06
1603644824402,2020-10-25T12:53:44.402,47.95,6.33162224903365e-06,-3.9509241042030346e-06,1.3880947840693788e-06
1603644824452,2020-10-25T12:53:44.452,48.0,5.7306922501147066e-06,-2.795230497583377e-06,1.394986478994324e-06
1603644824502,2020-10-25T12:53:44.502,48.05,4.6252643859145596e-06,-1.3549827965551731e-06,1.0722552674108882e-06
1603644824552,2020-10-25T12:53:44.552,48.1,3.3100159754875866e-06,-4.2123595445968046e-07,7.444082200470205e-07
1603644824602,2020-10-25T12:53:44.602,48.15,2.2021953859418434e-06,-3.8619751727872783e-08,7.11584619521528e-07
1603644824652,2020-10-25T12:53:44.652,48.2,1.4052504927332376e-06,3.794050086877535e-07,6.997512701840355e-07
1603644824702,2020-10-25T12:53:44.702,48.25,7.831895074234892e-07,9.045505186393983e-07,3.5071589350685783e-07
1603644824752,2020-10-25T12:53:44.752,48.3,2.770803918600206e-07,1.2010574624372593e-06,-1.3252161808509866e-07
1603644824802,2020-10-25T12:53:44.802,48.35,-1.4869842640477077e-07,1.4141279145640695e-06,-3.3713663518154207e-07
1603644824852,2020-10-25T12:53:44.852,48.4,-7.267078122641406e-07,1.8712818212040975e-06,-2.6191231454805157e-07
1603644824902,2020-10-25T12:53:44.902,48.45,-1.5626258357173426e-06,2.2868283396031784e-06,-1.7179138623934624e-07
1603644824952,2020-10-25T12:53:44.952,48.5,-2.2081656284869153e-06,2.170798225232397e-06,-1.774681887557372e-07
1603644825002,2020-10-25T12:53:45.002,48.55,-2.1912771224551933e-06,1.6870658854503106e-06,-2.3908595712233755e-07
1603644825052,2020-10-25T12:53:45.052,48.6,-1.7630750710932653e-06,1.4235903755108739e-06,-3.084129395912618e-07
1603644825102,2020-10-25T12:53:45.102,48.65,-1.4511163567634867e-06,1.6228782672950057e-06,-3.444177818646241e-07
1603644825152,2020-10-25T12:53:45.152,48.7,-1.22867061458379e-06,2.062630956738178e-06,-3.761357070448629e-07
1603644825202,2020-10-25T12:53:45.202,48.75,-7.941020908712725e-07,2.3686094589638183e-06,-5.23929421568669e-07
1603644825252,2020-10-25T12:53:45.252,48.8,-3.363799159809146e-07,2.2551760320374574e-06,-8.168977027988915e-07
1603644825302,2020-10-25T12:53:45.302,48.85,-3.931469448305304e-07,1.8002895335634747e-06,-1.0542165872886025e-06
1603644825352,2020-10-25T12:53:45.352,48.9,-9.900849603317503e-07,1.4958474331688577e-06,-9.830423231024769e-07
1603644825402,2020-10-25T12:53:45.402,48.95,-1.414789668354579e-06,1.6831970631165986e-06,-6.523859422622581e-07
1603644825452,2020-10-25T12:53:45.452,49.0,-1.1838193710490151e-06,2.0652792751015608e-06,-4.327996162634821e-07
1603644825502,2020-10-25T12:53:45.502,49.05,-8.149058797340845e-07,2.177460602662261e-06,-5.141240081479798e-07
1603644825552,2020-10-25T12:53:45.552,49.1,-9.804681059048019e-07,2.126256499438533e-06,-6.74256334980396e-07
1603644825602,2020-10-25T12:53:45.602,49.15,-1.3961464028954718e-06,2.345007745333764e-06,-7.886895762530281e-07
1603644825652,2020-10-25T12:53:45.652,49.2,-1.4412778556932544e-06,2.8159551046854936e-06,-1.0122699041232968e-06
1603644825702,2020-10-25T12:53:45.702,49.25,-1.3066010487610836e-06,3.0472374918381492e-06,-1.236954308418655e-06
1603644825752,2020-10-25T12:53:45.752,49.3,-1.5732674577454231e-06,2.7543097449819816e-06,-1.2202165962185549e-06
1603644825802,2020-10-25T12:53:45.802,49.35,-2.1899224093258056e-06,2.297333047131752e-06,-1.2957882039167093e-06
1603644825852,2020-10-25T12:53:45.852,49.4,-2.6716855343947788e-06,2.292856148676682e-06,-1.8670773235049804e-06
1603644825902,2020-10-25T12:53:45.902,49.45,-2.855876593464762e-06,2.7547397487795027e-06,-2.442046568595868e-06
1603644825952,2020-10-25T12:53:45.952,49.5,-2.9149425898661514e-06,3.068523726295758e-06,-2.382580705991427e-06
1603644826002,2020-10-25T12:53:46.002,49.55,-3.018198555564025e-06,2.9780892525699243e-06,-2.083301807803795e-06
1603644826052,2020-10-25T12:53:46.052,49.6,-3.2864413290845448e-06,2.898917729175627e-06,-2.2518078694451123e-06
1603644826102,2020-10-25T12:53:46.102,49.65,-3.7629270590795593e-06,3.1629142916734675e-06,-2.75841093332952e-06
1603644826152,2020-10-25T12:53:46.152,49.7,-4.325322347614484e-06,3.606958701927494e-06,-3.21207241467314e-06
1603644826202,2020-10-25T12:53:46.202,49.75,-4.862074003602522e-06,3.868725571658109e-06,-3.813358911451263e-06
1603644826252,2020-10-25T12:53:46.252,49.8,-5.421371887123679e-06,3.8021693784892957e-06,-4.6958336034930545e-06
1603644826302,2020-10-25T12:53:46.302,49.85,-5.942901672208773e-06,3.6884487414420815e-06,-5.296422388794512e-06
1603644826352,2020-10-25T12:53:46.352,49.9,-6.1766912206183624e-06,3.853165366556646e-06,-5.259432276262659e-06
1603644826402,2020-10-25T12:53:46.402,49.95,-6.162538541601238e-06,4.038347818452838e-06,-5.111909674265421e-06
1603644826452,2020-10-25T12:53:46.452,50.0,-6.264667381692707e-06,3.708625356773325e-06,-5.338299144648707e-06
1603644826502,2020-10-25T12:53:46.502,50.05,-6.464719309450419e-06,3.0456926524597436e-06,-5.678280416952874e-06
1603644826552,2020-10-25T12:53:46.552,50.1,-6.32123921002993e-06,2.9380842081982864e-06,-5.798140731920471e-06
1603644826602,2020-10-25T12:53:46.602,50.15,-5.812491581306488e-06,3.7105977407067926e-06,-5.77605007761708e-06
1603644826652,2020-10-25T12:53:46.652,50.2,-5.444313058914808e-06,4.508265757270479e-06,-5.719115864682086e-06
1603644826702,2020-10-25T12:53:46.702,50.25,-5.4515735328467015e-06,4.4565002358412415e-06,-5.602686586216019e-06
1603644826752,2020-10-25T12:53:46.752,50.3,-5.547116920229004e-06,3.842572096901212e-06,-5.490792853986854e-06
1603644826802,2020-10-25T12:53:46.802,50.35,-5.368001829179861e-06,3.502926995075816e-06,-5.489583212678445e-06
1603644826852,2020-10-25T12:53:46.852,50.4,-4.806232727347961e-06,3.650391572271886e-06,-5.53956300496391e-06
1603644826902,2020-10-25T12:53:46.902,50.45,-4.160393820881047e-06,3.901883707192818e-06,-5.457591286234939e-06
1603644826952,2020-10-25T12:53:46.952,50.5,-3.930965058368922e-06,3.897095285976266e-06,-5.1974163620182225e-06
1603644827002,2020-10-25T12:53:47.002,50.55,-4.109998510712486e-06,3.575024840877019e-06,-4.9519770229468685e-06
1603644827052,2020-10-25T12:53:47.052,50.6,-4.124893330864721e-06,3.257524938036443e-06,-4.912782824249653e-06
1603644827102,2020-10-25T12:53:47.102,50.65,-3.8198849250856095e-06,3.3331834681836934e-06,-5.0471886017757435e-06
1603644827152,2020-10-25T12:53:47.152,50.7,-3.659811361818915e-06,3.6094477812232856e-06,-5.198129368044798e-06
1603644827202,2020-10-25T12:53:47.202,50.75,-3.72207977010664e-06,3.5449605688206454e-06,-5.286997602307112e-06
1603644827252,2020-10-25T12:53:47.252,50.8,-3.5788794997229486e-06,3.269942640911036e-06,-5.351212312052677e-06
1603644827302,2020-10-25T12:53:47.302,50.85,-3.29880754233217e-06,3.454973263343393e-06,-5.4255069382309236e-06
1603644827352,2020-10-25T12:53:47.352,50.9,-3.384735640265252e-06,4.0135729102075885e-06,-5.4688692037978776e-06
1603644827402,2020-10-25T12:53:47.402,50.95,-3.7142765316106327e-06,4.1036328066932895e-06,-5.4820814521504335e-06
1603644827452,2020-10-25T12:53:47.452,51.0,-3.6583483995374993e-06,3.6367799207438737e-06,-5.56511290094632e-06
1603644827502,2020-10-25T12:53:47.502,51.05,-3.2142913259997734e-06,3.48643970613849e-06,-5.677997865883663e-06
1603644827552,2020-10-25T12:53:47.552,51.1,-3.091129339551829e-06,3.937481390517926e-06,-5.560394355676943e-06
1603644827602,2020-10-25T12:53:47.602,51.15,-3.5826935121878603e-06,4.2082074393679555e-06,-5.19273121380228e-06
1603644827652,2020-10-25T12:53:47.652,51.2,-4.028280121877885e-06,3.802535853934336e-06,-5.043724620900308e-06
1603644827702,2020-10-25T12:53:47.702,51.25,-3.74687107030482e-06,3.2615952595422977e-06,-5.412364845800598e-06
1603644827752,2020-10-25T12:53:47.752,51.3,-3.064689479699913e-06,3.2251475301463293e-06,-5.83342935624748e-06
1603644827802,2020-10-25T12:53:47.802,51.35,-2.8066834661686838e-06,3.5824761474559714e-06,-5.6659230616939935e-06
1603644827852,2020-10-25T12:53:47.852,51.4,-3.088495473081649e-06,3.946358476729398e-06,-5.053022945700326e-06
1603644827902,2020-10-25T12:53:47.902,51.45,-3.329423434743705e-06,4.178767481542033e-06,-4.788680333646993e-06
1603644827952,2020-10-25T12:53:47.952,51.5,-3.2216963010567927e-06,4.095314354454335e-06,-5.20523261910197e-06
1603644828002,2020-10-25T12:53:48.002,51.55,-3.051401778873754e-06,3.589263142608762e-06,-5.600946464771e-06
1603644828052,2020-10-25T12:53:48.052,51.6,-3.1427026942015e-06,3.2310617269373615e-06,-5.204881472896058e-06
1603644828102,2020-10-25T12:53:48.102,51.65,-3.37281198441541e-06,3.644842870549961e-06,-4.48520816516283e-06
1603644828152,2020-10-25T12:53:48.152,51.7,-3.3699501902073637e-06,4.348426064202062e-06,-4.599241460065935e-06
1603644828202,2020-10-25T12:53:48.202,51.75,-3.0797067286447405e-06,4.37722777788742e-06,-5.5332093587343175e-06
1603644828252,2020-10-25T12:53:48.252,51.8,-2.8504000605990535e-06,3.824175093762744e-06,-6.07428562505975e-06
1603644828302,2020-10-25T12:53:48.302,51.85,-2.9372740030209446e-06,3.608033842136395e-06,-5.800496056056653e-06
1603644828352,2020-10-25T12:53:48.352,51.9,-3.2205542872344367e-06,3.961887461806845e-06,-5.541665502848771e-06
1603644828402,2020-10-25T12:53:48.402,51.95,-3.385434541375201e-06,4.20818742814282e-06,-5.68628764845448e-06
1603644828452,2020-10-25T12:53:48.452,52.0,-3.202254179752836e-06,3.930808048545969e-06,-5.70591978480807e-06
1603644828502,2020-10-25T12:53:48.502,52.05,-2.7965577906510486e-06,3.5231767202691056e-06,-5.424048953044969e-06
1603644828552,2020-10-25T12:53:48.552,52.1,-2.6386123817576705e-06,3.4581357369382605e-06,-5.224798239496682e-06
1603644828602,2020-10-25T12:53:48.602,52.15,-2.944867157469589e-06,3.6031669295537485e-06,-5.1821462055130255e-06
1603644828652,2020-10-25T12:53:48.652,52.2,-3.262074030085721e-06,3.5966035781382346e-06,-5.1919670150058885e-06
1603644828702,2020-10-25T12:53:48.702,52.25,-3.117952342163829e-06,3.505482207482034e-06,-5.4614966216225655e-06
1603644828752,2020-10-25T12:53:48.752,52.3,-2.7670693812997725e-06,3.594769398648291e-06,-5.930267806548514e-06
1603644828802,2020-10-25T12:53:48.802,52.35,-2.665394386004466e-06,3.7410889326881267e-06,-5.986075266202874e-06
1603644828852,2020-10-25T12:53:48.852,52.4,-2.661047086426888e-06,3.6728518308174613e-06,-5.50831469817572e-06
1603644828902,2020-10-25T12:53:48.902,52.45,-2.462321337388815e-06,3.5618503922020286e-06,-5.240817221001401e-06
1603644828952,2020-10-25T12:53:48.952,52.5,-2.3556979151654754e-06,3.7754449148056126e-06,-5.575072622362952e-06
1603644829002,2020-10-25T12:53:49.002,52.55,-2.6643299237803955e-06,4.1749556532417074e-06,-5.960536978936021e-06
1603644829052,2020-10-25T12:53:49.052,52.6,-3.075011271056178e-06,4.240269200469511e-06,-5.844924702713467e-06
1603644829102,2020-10-25T12:53:49.102,52.65,-3.198253670160366e-06,3.8450692286179194e-06,-5.387197370893242e-06
1603644829152,2020-10-25T12:53:49.152,52.7,-3.1904334732970877e-06,3.3979194447366763e-06,-5.105829837151943e-06
1603644829202,2020-10-25T12:53:49.202,52.75,-3.2994410653753393e-06,3.296505649068838e-06,-5.196261005277966e-06
1603644829252,2020-10-25T12:53:49.252,52.8,-3.447168970620587e-06,3.5835080975046924e-06,-5.260409690019976e-06
1603644829302,2020-10-25T12:53:49.302,52.85,-3.538323352157594e-06,3.962603234138866e-06,-4.856887356426367e-06
1603644829352,2020-10-25T12:53:49.352,52.9,-3.449348197748531e-06,4.064565324384264e-06,-4.2280259637514845e-06
1603644829402,2020-10-25T12:53:49.402,52.95,-2.7666039962785243e-06,3.7744212692307214e-06,-3.977372548248965e-06
1603644829452,2020-10-25T12:53:49.452,53.0,-1.3892429416988418e-06,3.1646104823821045e-06,-4.072556480689795e-06
1603644829502,2020-10-25T12:53:49.502,53.05,-8.864069887487844e-08,2.4560205712250347e-06,-3.7229392236993134e-06
1603644829552,2020-10-25T12:53:49.552,53.1,3.7811640916733226e-07,2.208387498893753e-06,-2.48767216607868e-06
1603644829602,2020-10-25T12:53:49.602,53.15,2.991998472087769e-07,2.666669106029402e-06,-1.1859754920484134e-06
1603644829652,2020-10-25T12:53:49.652,53.2,5.008099447110098e-07,2.990931252933923e-06,-9.73015660853468e-07
1603644829702,2020-10-25T12:53:49.702,53.25,1.299097694390613e-06,2.3500551920900047e-06,-1.5225533653099668e-06
1603644829752,2020-10-25T12:53:49.752,53.3,2.4186078228022713e-06,1.3508362437422187e-06,-1.4275150255378347e-06
1603644829802,2020-10-25T12:53:49.802,53.35,3.451945536944317e-06,1.0938771659965295e-06,-5.771417047027456e-07
1603644829852,2020-10-25T12:53:49.852,53.4,4.089411802438326e-06,1.442931089622627e-06,-2.8807749434272423e-07
1603644829902,2020-10-25T12:53:49.902,53.45,4.307123990589767e-06,1.4658770168521675e-06,-8.158850899115898e-07
1603644829952,2020-10-25T12:53:49.952,53.5,4.434610341526421e-06,9.999984532716741e-07,-9.464395975002106e-07
1603644830002,2020-10-25T12:53:50.002,53.55,4.741980921029956e-06,5.999538325901007e-07,-3.7364703784780646e-07
1603644830052,2020-10-25T12:53:50.052,53.6,5.098136254686131e-06,3.943205902237748e-07,-2.0585191981544762e-07
1603644830102,2020-10-25T12:53:50.102,53.65,5.230444651498217e-06,1.1391689034855719e-07,-7.148116879178351e-07
1603644830152,2020-10-25T12:53:50.152,53.7,5.009057265972448e-06,-1.4863723497339672e-07,-6.781723670976457e-07
1603644830202,2020-10-25T12:53:50.202,53.75,4.43443127697708e-06,-2.120650212796781e-07,4.5269581670561385e-07
1603644830252,2020-10-25T12:53:50.252,53.8,3.7406235803161066e-06,-3.5137434398339173e-07,1.4581611362624685e-06
1603644830302,2020-10-25T12:53:50.302,53.85,3.2828217419364806e-06,-7.149618990461326e-07,1.2175722763702826e-06
1603644830352,2020-10-25T12:53:50.352,53.9,2.9271300781050443e-06,-8.465468893406155e-07,3.86903255874889e-07
1603644830402,2020-10-25T12:53:50.402,53.95,2.1964444500573813e-06,-4.955729337867466e-07,3.059758388587302e-07
1603644830452,2020-10-25T12:53:50.452,54.0,1.3643531739515188e-06,-1.589244198748694e-07,1.0737378691375332e-06
1603644830502,2020-10-25T12:53:50.502,54.05,1.2506497071416514e-06,-2.866379863463216e-07,1.6449731461750677e-06
1603644830552,2020-10-25T12:53:50.552,54.1,1.6025430805318303e-06,-5.941889662662864e-07,1.4528830633988367e-06
1603644830602,2020-10-25T12:53:50.602,54.15,1.1616771513660367e-06,-5.188736735999592e-07,1.0132028351065132e-06
1603644830652,2020-10-25T12:53:50.652,54.2,-3.731291895239481e-07,-1.5059357622231026e-08,9.069111761561508e-07
1603644830702,2020-10-25T12:53:50.702,54.25,-1.9178344060851075e-06,3.83681625575843e-07,9.77314687574542e-07
1603644830752,2020-10-25T12:53:50.752,54.3,-2.6796420265307978e-06,2.9161349642103015e-07,7.585233311859242e-07
1603644830802,2020-10-25T12:53:50.802,54.35,-3.0424115728629812e-06,-3.882226641009091e-08,2.2285228505832994e-07
1603644830852,2020-10-25T12:53:50.852,54.4,-3.7061703319160422e-06,-1.2794009002929006e-07,-9.723366189345006e-08
1603644830902,2020-10-25T12:53:50.902,54.45,-4.761992036346349e-06,1.2095852531972147e-07,2.0575618306809632e-07
1603644830952,2020-10-25T12:53:50.952,54.5,-5.7478639908963714e-06,3.985813479634141e-07,6.946589391889204e-07
1603644831002,2020-10-25T12:53:51.002,54.55,-6.2396714765077726e-06,4.494098897582627e-07,6.515125071642845e-07
1603644831052,2020-10-25T12:53:51.052,54.6,-6.200238758892686e-06,4.207065701037757e-07,2.6344980448818153e-07
1603644831102,2020-10-25T12:53:51.102,54.65,-5.876799880199187e-06,5.698866479645357e-07,2.8359944169853347e-07
1603644831152,2020-10-25T12:53:51.152,54.7,-5.620354488613287e-06,7.236610595871198e-07,7.431914814186986e-07
1603644831202,2020-10-25T12:53:51.202,54.75,-5.750563609143326e-06,5.072415235101926e-07,1.0555950588805244e-06
1603644831252,2020-10-25T12:53:51.252,54.8,-6.238124746706095e-06,5.037565008313864e-08,1.0348410845687388e-06
1603644831302,2020-10-25T12:53:51.302,54.85,-6.5542931456387595e-06,-1.7810491679661363e-07,9.737227615663954e-07
1603644831352,2020-10-25T12:53:51.352,54.9,-6.2199557349685994e-06,-1.8596268062623908e-07,1.1528971273771917e-06
1603644831402,2020-10-25T12:53:51.402,54.95,-5.426165622387097e-06,-3.8493771889212383e-07,1.683863304196164e-06
1603644831452,2020-10-25T12:53:51.452,55.0,-4.74881047508488e-06,-7.802224344631932e-07,2.3776741181090204e-06
1603644831502,2020-10-25T12:53:51.502,55.05,-4.387606466729645e-06,-9.822099322199648e-07,2.788054292120203e-06
1603644831552,2020-10-25T12:53:51.552,55.1,-4.060849062755817e-06,-9.128537418554347e-07,2.7611252157942846e-06
1603644831602,2020-10-25T12:53:51.602,55.15,-3.603677239056382e-06,-8.17426004290748e-07,2.6202653857385024e-06
1603644831652,2020-10-25T12:53:51.652,55.2,-3.254819629932061e-06,-7.767581955105639e-07,2.6076371113266954e-06
1603644831702,2020-10-25T12:53:51.702,55.25,-3.100133406330752e-06,-7.664372535556743e-07,2.6298286208460045e-06
1603644831752,2020-10-25T12:53:51.752,55.3,-2.648368950835949e-06,-9.009130058356153e-07,2.6318450270581436e-06
1603644831802,2020-10-25T12:53:51.802,55.35,-1.5777213612216906e-06,-1.2225951001294505e-06,2.726110350318468e-06
1603644831852,2020-10-25T12:53:51.852,55.4,-5.394992528965984e-07,-1.54444688724976e-06,2.9023454013510003e-06
1603644831902,2020-10-25T12:53:51.902,55.45,-3.4906955512468787e-07,-1.6580643708238077e-06,3.0048526700273463e-06
1603644831952,2020-10-25T12:53:51.952,55.5,-7.329613236589436e-07,-1.512927092256196e-06,3.0135949863099853e-06
1603644832002,2020-10-25T12:53:52.002,55.55,-8.614538615747281e-07,-1.2636521245229804e-06,3.0237371066071626e-06
1603644832052,2020-10-25T12:53:52.052,55.6,-7.051972350938709e-07,-1.16814831660897e-06,2.9892171803202748e-06
1603644832102,2020-10-25T12:53:52.102,55.65,-8.511286801698515e-07,-1.323567284789531e-06,2.8404408784248406e-06
1603644832152,2020-10-25T12:53:52.152,55.7,-1.3808406495476057e-06,-1.604185975285472e-06,2.800701901551439e-06
1603644832202,2020-10-25T12:53:52.202,55.75,-1.7937477048210524e-06,-1.7906913132973113e-06,3.154855953124058e-06
1603644832252,2020-10-25T12:53:52.252,55.8,-1.7707700818805753e-06,-1.6710521712392133e-06,3.696962999536966e-06
1603644832302,2020-10-25T12:53:52.302,55.85,-1.509600634107305e-06,-1.340788524465811e-06,3.876877255902948e-06
1603644832352,2020-10-25T12:53:52.352,55.9,-1.3968240254615317e-06,-1.2427067199422163e-06,3.5782481595103617e-06
1603644832402,2020-10-25T12:53:52.402,55.95,-1.5230129613527898e-06,-1.4305554281279932e-06,3.3068450185273617e-06
1603644832452,2020-10-25T12:53:52.452,56.0,-1.6726159707936902e-06,-1.392533839641083e-06,3.468225413856593e-06
1603644832502,2020-10-25T12:53:52.502,56.05,-1.7989881514400327e-06,-1.0746624424198778e-06,3.8177802285806444e-06
1603644832552,2020-10-25T12:53:52.552,56.1,-2.0931825042986657e-06,-1.0917865307187129e-06,3.8755460414049275e-06
1603644832602,2020-10-25T12:53:52.602,56.15,-2.4807122544343843e-06,-1.5839562998525632e-06,3.70652490785759e-06
1603644832652,2020-10-25T12:53:52.652,56.2,-2.5767284139741657e-06,-1.9502948344499806e-06,3.824979295043692e-06
1603644832702,2020-10-25T12:53:52.702,56.25,-2.2585619125861965e-06,-1.8572647446142984e-06,4.235145604492396e-06
1603644832752,2020-10-25T12:53:52.752,56.3,-1.8293819940091206e-06,-1.5986535901615108e-06,4.271391849108803e-06
1603644832802,2020-10-25T12:53:52.802,56.35,-1.5521977175456936e-06,-1.4759632254339952e-06,3.733768482327305e-06
1603644832852,2020-10-25T12:53:52.852,56.4,-1.3884489999743404e-06,-1.467951798071224e-06,3.3580322282596286e-06
1603644832902,2020-10-25T12:53:52.902,56.45,-1.278140436804527e-06,-1.463053638578254e-06,3.6837770089099834e-06
1603644832952,2020-10-25T12:53:52.952,56.5,-1.3494420065860404e-06,-1.4219159258207012e-06,4.222658402904096e-06
1603644833002,2020-10-25T12:53:53.002,56.55,-1.6628957428689823e-06,-1.3430412450189967e-06,4.273370888270837e-06
1603644833052,2020-10-25T12:53:53.052,56.6,-2.0351111715890447e-06,-1.2838606856545031e-06,3.975484675303862e-06
1603644833102,2020-10-25T12:53:53.102,56.65,-2.2865276053866495e-06,-1.332181172184404e-06,3.94678095227573e-06
1603644833152,2020-10-25T12:53:53.152,56.7,-2.382685805995789e-06,-1.4369102663271414e-06,4.245783231908425e-06
1603644833202,2020-10-25T12:53:53.202,56.75,-2.3356690016468943e-06,-1.4739051158287985e-06,4.377246395297129e-06
1603644833252,2020-10-25T12:53:53.252,56.8,-2.236405763920836e-06,-1.5079920286729892e-06,4.117391736905799e-06
1603644833302,2020-10-25T12:53:53.302,56.85,-2.2190410961700663e-06,-1.6154707717349603e-06,3.7517525420384835e-06
1603644833352,2020-10-25T12:53:53.352,56.9,-2.296367388151577e-06,-1.5857464570750626e-06,3.660742539112517e-06
1603644833402,2020-10-25T12:53:53.402,56.95,-2.461012644470483e-06,-1.3371144825866898e-06,3.952882288604303e-06
1603644833452,2020-10-25T12:53:53.452,57.0,-2.747871236391516e-06,-1.2663294975588946e-06,4.267714603018782e-06
1603644833502,2020-10-25T12:53:53.502,57.05,-2.9897473899592913e-06,-1.5801078048370082e-06,4.046246537053267e-06
1603644833552,2020-10-25T12:53:53.552,57.1,-2.9288759620966667e-06,-1.8226909506614158e-06,3.428413154174772e-06
1603644833602,2020-10-25T12:53:53.602,57.15,-2.6828981639967003e-06,-1.5963628582015824e-06,3.3451891659683596e-06
1603644833652,2020-10-25T12:53:53.652,57.2,-2.6332584813347105e-06,-1.195628887034478e-06,3.995372176879929e-06
1603644833702,2020-10-25T12:53:53.702,57.25,-2.8206996594831773e-06,-1.1545848653638739e-06,4.273332830687691e-06
1603644833752,2020-10-25T12:53:53.752,57.3,-2.8712035076419072e-06,-1.4773887776408974e-06,3.7474199258232534e-06
1603644833802,2020-10-25T12:53:53.802,57.35,-2.597125690487836e-06,-1.5703758823651546e-06,3.6550392985645104e-06
1603644833852,2020-10-25T12:53:53.852,57.4,-2.349057234388656e-06,-1.0844673874529355e-06,4.673082442645931e-06
1603644833902,2020-10-25T12:53:53.902,57.45,-2.5159385804290752e-06,-5.651323335565154e-07,5.546639512128459e-06
1603644833952,2020-10-25T12:53:53.952,57.5,-2.8774475144657376e-06,-6.31348878344387e-07,5.211245170153031e-06
1603644834002,2020-10-25T12:53:54.002,57.55,-2.9500359002333173e-06,-9.042628702339119e-07,4.456276846755159e-06
1603644834052,2020-10-25T12:53:54.052,57.6,-2.860523717007418e-06,-7.31277893615177e-07,4.363441042090175e-06
1603644834102,2020-10-25T12:53:54.102,57.65,-3.138818626389376e-06,-4.4519064041354496e-07,4.664252958204667e-06
1603644834152,2020-10-25T12:53:54.152,57.7,-3.6860657994939353e-06,-7.364647508389577e-07,4.602304071492274e-06
1603644834202,2020-10-25T12:53:54.202,57.75,-3.7831014232766808e-06,-1.28329200775918e-06,4.248411385012588e-06
1603644834252,2020-10-25T12:53:54.252,57.8,-3.2004523313463756e-06,-1.2642966106744393e-06,4.124271754300362e-06
1603644834302,2020-10-25T12:53:54.302,57.85,-2.6186265538886653e-06,-8.419433976810826e-07,4.284344354343507e-06
1603644834352,2020-10-25T12:53:54.352,57.9,-2.720615754684254e-06,-8.136663986920405e-07,4.441937136050063e-06
1603644834402,2020-10-25T12:53:54.402,57.95,-3.3053307799368077e-06,-1.1147056703324587e-06,4.502222143683007e-06
1603644834452,2020-10-25T12:53:54.452,58.0,-3.708771063526834e-06,-1.0299506808989318e-06,4.508033610123665e-06
1603644834502,2020-10-25T12:53:54.502,58.05,-3.7930740232855535e-06,-5.870842275383611e-07,4.457507710863243e-06
1603644834552,2020-10-25T12:53:54.552,58.1,-3.898462638933852e-06,-4.7047507189863713e-07,4.427595288437574e-06
1603644834602,2020-10-25T12:53:54.602,58.15,-4.086286044366305e-06,-8.095780653950774e-07,4.516218244346382e-06
1603644834652,2020-10-25T12:53:54.652,58.2,-4.12256212385814e-06,-1.0435993044512744e-06,4.581471543500646e-06
1603644834702,2020-10-25T12:53:54.702,58.25,-3.975398288564652e-06,-8.203784927456526e-07,4.39515018189292e-06
1603644834752,2020-10-25T12:53:54.752,58.3,-3.852223562376602e-06,-3.9503644470576245e-07,4.03576931568915e-06
1603644834802,2020-10-25T12:53:54.802,58.35,-3.951347757468267e-06,-1.7489334259278955e-07,3.7779334026149236e-06
1603644834852,2020-10-25T12:53:54.852,58.4,-4.266780772253435e-06,-2.1744027992223494e-07,3.689978008020423e-06
1603644834902,2020-10-25T12:53:54.902,58.45,-4.48593636643941e-06,-3.240149793313326e-07,3.6922275043550227e-06
1603644834952,2020-10-25T12:53:54.952,58.5,-4.302306563485685e-06,-4.297560548462428e-07,3.833946750316794e-06
1603644835002,2020-10-25T12:53:55.002,58.55,-3.883292354153496e-06,-5.52798359533352e-07,4.102874267459114e-06
1603644835052,2020-10-25T12:53:55.052,58.6,-3.6849295987231257e-06,-5.312500685698472e-07,4.154383337166556e-06
1603644835102,2020-10-25T12:53:55.102,58.65,-3.841788410150344e-06,-2.95828859883518e-07,3.7606513336271557e-06
1603644835152,2020-10-25T12:53:55.152,58.7,-4.088268319024155e-06,-1.71854243605944e-07,3.3805409475599176e-06
1603644835202,2020-10-25T12:53:55.202,58.75,-4.180502446604764e-06,-3.8592155186890166e-07,3.5824519628600023e-06
1603644835252,2020-10-25T12:53:55.252,58.8,-4.036078189673273e-06,-6.045297602836494e-07,4.06908158105919e-06
1603644835302,2020-10-25T12:53:55.302,58.85,-3.655801104036507e-06,-4.700314321670002e-07,4.170534932324398e-06
1603644835352,2020-10-25T12:53:55.352,58.9,-3.284355538932875e-06,-1.672778300421972e-07,3.9408881547266525e-06
1603644835402,2020-10-25T12:53:55.402,58.95,-3.247611373450583e-06,-1.832556419880907e-09,3.7401954506168005e-06
1603644835452,2020-10-25T12:53:55.452,59.0,-3.3126888086746568e-06,9.630160150710001e-08,3.424165032384322e-06
1603644835502,2020-10-25T12:53:55.502,59.05,-2.9251826868438897e-06,2.55168818797181e-07,2.928706943183775e-06
1603644835552,2020-10-25T12:53:55.552,59.1,-2.2706305704098357e-06,3.239412267184373e-07,2.686420975490238e-06
1603644835602,2020-10-25T12:53:55.602,59.15,-2.038468348940308e-06,2.2103428017825044e-07,2.7263179259333504e-06
1603644835652,2020-10-25T12:53:55.652,59.2,-2.0391711256142214e-06,2.314091899445233e-07,2.443815403283847e-06
1603644835702,2020-10-25T12:53:55.702,59.25,-1.3364423727662756e-06,5.542444183575973e-07,1.694387435688612e-06
1603644835752,2020-10-25T12:53:55.752,59.3,1.7197025170602926e-07,8.577949380184798e-07,1.0460382786473648e-06
1603644835802,2020-10-25T12:53:55.802,59.35,1.5640504353924857e-06,7.436163253896238e-07,7.27279836090833e-07
1603644835852,2020-10-25T12:53:55.852,59.4,2.336888158135634e-06,3.7329443476302625e-07,3.11321118902239e-07
1603644835902,2020-10-25T12:53:55.902,59.45,2.923186057870993e-06,1.5944979333514262e-07,-3.8101469438001114e-07
1603644835952,2020-10-25T12:53:55.952,59.5,3.7162800135325742e-06,1.2860966823708108e-07,-8.776318763924788e-07
1603644836002,2020-10-25T12:53:56.002,59.55,4.55042474192803e-06,2.298133919139828e-08,-8.331692566008994e-07
1603644836052,2020-10-25T12:53:56.052,59.6,5.187454009818011e-06,-2.794045057763443e-07,-6.499590886981527e-07
1603644836102,2020-10-25T12:53:56.102,59.65,5.483311669785881e-06,-8.110990591118101e-07,-8.345393997256147e-07
1603644836152,2020-10-25T12:53:56.152,59.7,5.149941307126145e-06,-1.616585186658241e-06,-1.0916706865574589e-06
1603644836202,2020-10-25T12:53:56.202,59.75,4.17047077220211e-06,-2.50390548330093e-06,-7.766475152671606e-07
1603644836252,2020-10-25T12:53:56.252,59.8,3.3106350580097117e-06,-3.137053229922908e-06,2.666592224978323e-08
1603644836302,2020-10-25T12:53:56.302,59.85,3.3664329211614004e-06,-3.557672567590458e-06,6.962072866126212e-07
1603644836352,2020-10-25T12:53:56.352,59.9,4.020503635644262e-06,-4.096513270623509e-06,1.0140707006479046e-06
1603644836402,2020-10-25T12:53:56.402,59.95,4.365668881032511e-06,-4.805787095813694e-06,1.167770561155676e-06
1603644836452,2020-10-25T12:53:56.452,60.0,4.436711038539343e-06,-5.483416286768937e-06,1.2002281723521816e-06
1603644836502,2020-10-25T12:53:56.502,60.05,5.105038080193595e-06,-5.9940527083991405e-06,1.0141190400014867e-06
1603644836552,2020-10-25T12:53:56.552,60.1,6.586787482203947e-06,-6.290988984068882e-06,5.304371174186889e-07
1603644836602,2020-10-25T12:53:56.602,60.15,8.269706432953618e-06,-6.527945322382723e-06,-3.7528566607673083e-07
1603644836652,2020-10-25T12:53:56.652,60.2,9.783288767744828e-06,-7.01653774947264e-06,-1.5962357646036018e-06
1603644836702,2020-10-25T12:53:56.702,60.25,1.1162256643121342e-05,-7.65022958149673e-06,-2.529533222745978e-06
1603644836752,2020-10-25T12:53:56.752,60.3,1.2314282633364294e-05,-7.902028423158905e-06,-2.7410307888445994e-06
1603644836802,2020-10-25T12:53:56.802,60.35,1.304222876974253e-05,-7.673874955155695e-06,-2.6686427671567485e-06
1603644836852,2020-10-25T12:53:56.852,60.4,1.3308653818801095e-05,-7.386090387320936e-06,-3.0248098146310493e-06
1603644836902,2020-10-25T12:53:56.902,60.45,1.334509156817376e-05,-7.223337076406999e-06,-3.826220286741721e-06
1603644836952,2020-10-25T12:53:56.952,60.5,1.3571861512325823e-05,-7.0582783353566505e-06,-4.495243785657071e-06
1603644837002,2020-10-25T12:53:57.002,60.55,1.4047676350698595e-05,-6.848538001508959e-06,-4.6409071636484695e-06
1603644837052,2020-10-25T12:53:57.052,60.6,1.4213577026619714e-05,-6.591419919289255e-06,-4.484087474699143e-06
1603644837102,2020-10-25T12:53:57.102,60.65,1.3769267375022584e-05,-6.3129593271290945e-06,-4.509766209531848e-06
1603644837152,2020-10-25T12:53:57.152,60.7,1.32732585381381e-05,-6.200865077967033e-06,-4.724464462673877e-06
1603644837202,2020-10-25T12:53:57.202,60.75,1.3208942333068313e-05,-6.231125026135222e-06,-4.64327718523235e-06
1603644837252,2020-10-25T12:53:57.252,60.8,1.3144887845809233e-05,-5.88783804152066e-06,-4.166077357756399e-06
1603644837302,2020-10-25T12:53:57.302,60.85,1.2470073021786533e-05,-4.86733766278018e-06,-3.829210629468644e-06
1603644837352,2020-10-25T12:53:57.352,60.9,1.1338478637228815e-05,-3.7401350477784933e-06,-3.922480202164635e-06
1603644837402,2020-10-25T12:53:57.402,60.95,1.0405989898430586e-05,-3.1901813146174135e-06,-4.014204266987805e-06
1603644837452,2020-10-25T12:53:57.452,61.0,1.0075524503348778e-05,-2.9456224047654427e-06,-3.7249691413330433e-06
1603644837502,2020-10-25T12:53:57.502,61.05,1.020418712623802e-05,-2.378795720990614e-06,-3.4201825984809373e-06
1603644837552,2020-10-25T12:53:57.552,61.1,1.028765621124349e-05,-1.791348951568952e-06,-3.551391775040496e-06
1603644837602,2020-10-25T12:53:57.602,61.15,9.891188135945818e-06,-1.938902806505467e-06,-3.7602848394610485e-06
1603644837652,2020-10-25T12:53:57.652,61.2,8.959394492473481e-06,-2.519649049066399e-06,-3.5122887051937743e-06
1603644837702,2020-10-25T12:53:57.702,61.25,7.75633484147963e-06,-2.3510601864869724e-06,-3.1869859991766994e-06
1603644837752,2020-10-25T12:53:57.752,61.3,6.610997242705029e-06,-1.0592479437761942e-06,-3.4095524887577175e-06
1603644837802,2020-10-25T12:53:57.802,61.35,5.632682197385963e-06,4.1296763844138774e-07,-3.7614141390687213e-06
1603644837852,2020-10-25T12:53:57.852,61.4,4.640179525026441e-06,1.1540394357310863e-06,-3.3550043337642084e-06
1603644837902,2020-10-25T12:53:57.902,61.45,3.5212538478954473e-06,1.3208593916928152e-06,-2.259078071866745e-06
1603644837952,2020-10-25T12:53:57.952,61.5,2.5299039729734345e-06,1.5177407052784609e-06,-1.3733356759659574e-06
1603644838002,2020-10-25T12:53:58.002,61.55,1.9837918397275057e-06,1.8566363025806664e-06,-1.2534541321030701e-06
1603644838052,2020-10-25T12:53:58.052,61.6,1.79986609315846e-06,2.1005864564265275e-06,-1.6832717998683489e-06
1603644838102,2020-10-25T12:53:58.102,61.65,1.6470242895742383e-06,2.1946151647958756e-06,-2.1256022045549823e-06
1603644838152,2020-10-25T12:53:58.152,61.7,1.4800628555917525e-06,2.22532745541844e-06,-2.2492626407928764e-06
1603644838202,2020-10-25T12:53:58.202,61.75,1.4376313155703168e-06,2.2024343883010182e-06,-2.128139304136309e-06
1603644838252,2020-10-25T12:53:58.252,61.8,1.3215436174475262e-06,2.09121245135926e-06,-2.0212353101450347e-06
1603644838302,2020-10-25T12:53:58.302,61.85,9.172092213196161e-07,1.923773406641363e-06,-1.993189528726767e-06
1603644838352,2020-10-25T12:53:58.352,61.9,6.011993221411818e-07,1.889374118934135e-06,-1.9096338930981918e-06
1603644838402,2020-10-25T12:53:58.402,61.95,7.279096634600711e-07,2.1802933772257937e-06,-1.774789000852495e-06
1603644838452,2020-10-25T12:53:58.452,62.0,8.536910120537171e-07,2.6153266076600587e-06,-1.773112215091191e-06
1603644838502,2020-10-25T12:53:58.502,62.05,5.277335625545946e-07,2.814748940777503e-06,-1.918164659196675e-06
1603644838552,2020-10-25T12:53:58.552,62.1,1.9211095969532517e-07,2.8328146139356806e-06,-1.9680793310010863e-06
1603644838602,2020-10-25T12:53:58.602,62.15,3.480953026429729e-07,2.994332636250778e-06,-1.802000398177665e-06
1603644838652,2020-10-25T12:53:58.652,62.2,6.381257584699379e-07,3.168918761598937e-06,-1.596555975211248e-06
1603644838702,2020-10-25T12:53:58.702,62.25,5.870902852985646e-07,2.9606410578150264e-06,-1.541672283126532e-06
1603644838752,2020-10-25T12:53:58.752,62.3,3.6290344583005264e-07,2.452844441274566e-06,-1.6550634970114795e-06
1603644838802,2020-10-25T12:53:58.802,62.35,2.2664179178242933e-07,2.1244352264600744e-06,-1.8828128829588916e-06
1603644838852,2020-10-25T12:53:58.852,62.4,1.3869914230419029e-07,2.217177802252864e-06,-2.1408071293824792e-06
1603644838902,2020-10-25T12:53:58.902,62.45,1.5957078963754245e-07,2.482955448279682e-06,-2.264805820126943e-06
1603644838952,2020-10-25T12:53:58.952,62.5,4.083936912676864e-07,2.4426910638038807e-06,-2.0417847223110563e-06
1603644839002,2020-10-25T12:53:59.002,62.55,6.493087004447216e-07,2.022973968839241e-06,-1.4605749527889648e-06
1603644839052,2020-10-25T12:53:59.052,62.6,5.853184746498094e-07,1.850672943351259e-06,-1.0141589926587327e-06
1603644839102,2020-10-25T12:53:59.102,62.65,3.716783245724279e-07,2.369515423707048e-06,-1.2698246951061138e-06
1603644839152,2020-10-25T12:53:59.152,62.7,3.73135922263366e-07,2.9633396401215826e-06,-1.923695393086988e-06
1603644839202,2020-10-25T12:53:59.202,62.75,6.480384721319825e-07,2.81541335846343e-06,-2.0891494375063865e-06
1603644839252,2020-10-25T12:53:59.252,62.8,9.127868702715359e-07,2.186383929660449e-06,-1.6902095765706249e-06
1603644839302,2020-10-25T12:53:59.302,62.85,8.660490834116674e-07,1.8749982470993315e-06,-1.5070490115740297e-06
1603644839352,2020-10-25T12:53:59.352,62.9,5.532027599776301e-07,1.99226564239585e-06,-1.7858493580304729e-06
1603644839402,2020-10-25T12:53:59.402,62.95,3.7005293611985444e-07,2.128142577046802e-06,-1.9353118468659806e-06
1603644839452,2020-10-25T12:53:59.452,63.0,5.395783410288112e-07,2.0552949419234207e-06,-1.646738657342705e-06
1603644839502,2020-10-25T12:53:59.502,63.05,8.42507784923936e-07,1.6965254335380002e-06,-1.372894137680302e-06
1603644839552,2020-10-25T12:53:59.552,63.1,9.964850029048679e-07,1.1461726714861543e-06,-1.5187373174768695e-06
1603644839602,2020-10-25T12:53:59.602,63.15,9.101089390734457e-07,9.417384269450017e-07,-1.777434396789865e-06
1603644839652,2020-10-25T12:53:59.652,63.2,6.15729844482996e-07,1.4603399681103184e-06,-1.6647426599587246e-06
1603644839702,2020-10-25T12:53:59.702,63.25,3.3166539657062215e-07,2.0828397301222892e-06,-1.3550555131584954e-06
1603644839752,2020-10-25T12:53:59.752,63.3,3.720321237978174e-07,1.927233871452731e-06,-1.3952416165842346e-06
1603644839802,2020-10-25T12:53:59.802,63.35,7.310180145824154e-07,1.241964026257915e-06,-1.794884097585303e-06
1603644839852,2020-10-25T12:53:59.852,63.4,1.034014263451013e-06,1.0099356905262596e-06,-2.0463190873151417e-06
1603644839902,2020-10-25T12:53:59.902,63.45,1.0396499571426635e-06,1.4307222219587707e-06,-1.937574102659397e-06
1603644839952,2020-10-25T12:53:59.952,63.5,9.094483248829127e-07,1.8827860272370011e-06,-1.8065675682365698e-06
1603644840002,2020-10-25T12:54:00.002,63.55,9.07681741563725e-07,2.022685651960338e-06,-1.9668155702116904e-06
1603644840052,2020-10-25T12:54:00.052,63.6,1.0876989825660896e-06,1.921263321843964e-06,-2.227767974817664e-06
1603644840102,2020-10-25T12:54:00.102,63.65,1.2942084322683643e-06,1.6102074380650375e-06,-2.2065895035192345e-06
1603644840152,2020-10-25T12:54:00.152,63.7,1.3086576203073354e-06,1.2929146892644422e-06,-1.9398636454318894e-06
1603644840202,2020-10-25T12:54:00.202,63.75,1.0882098611243208e-06,1.3822198819498842e-06,-1.7517358152900534e-06
1603644840252,2020-10-25T12:54:00.252,63.8,9.002031800524302e-07,1.7994170376219987e-06,-1.627550300375851e-06
1603644840302,2020-10-25T12:54:00.302,63.85,9.67505580467603e-07,1.96444669786774e-06,-1.348439038202812e-06
1603644840352,2020-10-25T12:54:00.352,63.9,1.071778747060947e-06,1.762984774765323e-06,-1.1366023507083136e-06
1603644840402,2020-10-25T12:54:00.402,63.95,9.288815251586598e-07,1.6826526734994972e-06,-1.3987252181603254e-06
1603644840452,2020-10-25T12:54:00.452,64.0,7.84407713700936e-07,1.856225760305267e-06,-1.9179847428111175e-06
1603644840502,2020-10-25T12:54:00.502,64.05,1.0643914201714375e-06,1.8941405837744915e-06,-2.059890522722393e-06
1603644840552,2020-10-25T12:54:00.552,64.1,1.6245607648506752e-06,1.7074851726700494e-06,-1.715385835913734e-06
1603644840602,2020-10-25T12:54:00.602,64.15,1.9779208849785925e-06,1.58761364584524e-06,-1.4240490599794594e-06
1603644840652,2020-10-25T12:54:00.652,64.2,2.0401627144607957e-06,1.57281597404582e-06,-1.5852405560697583e-06
1603644840702,2020-10-25T12:54:00.702,64.25,2.045311969611993e-06,1.5145324400950295e-06,-1.9618923118613702e-06
1603644840752,2020-10-25T12:54:00.752,64.3,2.0397027586098148e-06,1.4618532789648358e-06,-2.0423225970789837e-06
1603644840802,2020-10-25T12:54:00.802,64.35,2.0058429275251506e-06,1.4130785520721132e-06,-1.7405798667563495e-06
1603644840852,2020-10-25T12:54:00.852,64.4,2.0938975693480543e-06,1.1709078681652335e-06,-1.5740099354681774e-06
1603644840902,2020-10-25T12:54:00.902,64.45,2.280001536270088e-06,7.895351695634258e-07,-1.9453715889213947e-06
1603644840952,2020-10-25T12:54:00.952,64.5,2.2433696729685793e-06,6.561178954150194e-07,-2.426215923850859e-06
1603644841002,2020-10-25T12:54:01.002,64.55,1.897218338288364e-06,9.613120553435053e-07,-2.354264619386815e-06
1603644841052,2020-10-25T12:54:01.052,64.6,1.5541640983627792e-06,1.421695299409636e-06,-1.9396290385733025e-06
1603644841102,2020-10-25T12:54:01.102,64.65,1.41366729481823e-06,1.5697586687369815e-06,-1.8642069441593579e-06
1603644841152,2020-10-25T12:54:01.152,64.7,1.369641163026606e-06,1.2734071764708895e-06,-2.13729839537521e-06
1603644841202,2020-10-25T12:54:01.202,64.75,1.3194104402223705e-06,9.460215418545944e-07,-2.3339377544177195e-06
1603644841252,2020-10-25T12:54:01.252,64.8,1.2706782279838106e-06,9.87000532691401e-07,-2.3401228573765515e-06
1603644841302,2020-10-25T12:54:01.302,64.85,1.270020811477548e-06,1.1610328208532023e-06,-2.088041601626579e-06
1603644841352,2020-10-25T12:54:01.352,64.9,1.435904338773696e-06,1.05105540876806e-06,-1.4765282932919005e-06
1603644841402,2020-10-25T12:54:01.402,64.95,1.809386636144449e-06,7.705160064539104e-07,-9.709925286879272e-07
1603644841452,2020-10-25T12:54:01.452,65.0,2.097516569433562e-06,5.846335914807908e-07,-1.1636353908616163e-06
1603644841502,2020-10-25T12:54:01.502,65.05,1.907762039181568e-06,4.338014754813278e-07,-1.6118868615519286e-06
1603644841552,2020-10-25T12:54:01.552,65.1,1.2259798142846361e-06,4.1001541801732237e-07,-1.2483754255236638e-06
1603644841602,2020-10-25T12:54:01.602,65.15,2.4649182781457797e-07,8.505475034873749e-07,9.017500752020938e-09
1603644841652,2020-10-25T12:54:01.652,65.2,-1.0809585623222828e-06,1.5803412943043533e-06,1.03244702496971e-06
1603644841702,2020-10-25T12:54:01.702,65.25,-2.6379473756694514e-06,2.0168100352436537e-06,1.0384827587447226e-06
1603644841752,2020-10-25T12:54:01.752,65.3,-3.6307316699523812e-06,2.081050117364833e-06,6.193860738888148e-07
1603644841802,2020-10-25T12:54:01.802,65.35,-3.6200326676956996e-06,2.1497715654097533e-06,7.825129551480065e-07
1603644841852,2020-10-25T12:54:01.852,65.4,-3.5939014062320974e-06,2.3739124123807675e-06,1.472653888535475e-06
1603644841902,2020-10-25T12:54:01.902,65.45,-4.571498507694526e-06,2.6394389661389958e-06,1.7722566694926998e-06
1603644841952,2020-10-25T12:54:01.952,65.5,-5.785784053570888e-06,2.8412082849200777e-06,1.3518662784203649e-06
1603644842002,2020-10-25T12:54:02.002,65.55,-5.8686981847002095e-06,2.941902840103184e-06,9.061574000150128e-07
1603644842052,2020-10-25T12:54:02.052,65.6,-5.021078061909057e-06,2.9300026853439506e-06,1.064772933322803e-06
1603644842102,2020-10-25T12:54:02.102,65.65,-4.4343480055570915e-06,2.737744235659264e-06,1.5776588584269137e-06
1603644842152,2020-10-25T12:54:02.152,65.7,-4.4404527025103135e-06,2.355610146424516e-06,1.8925003701194574e-06
1603644842202,2020-10-25T12:54:02.202,65.75,-4.577273795789122e-06,2.0447190088665287e-06,1.948927604038467e-06
1603644842252,2020-10-25T12:54:02.252,65.8,-4.700629889036775e-06,2.0567930685461078e-06,1.911951611485468e-06
1603644842302,2020-10-25T12:54:02.302,65.85,-5.00696487915178e-06,2.2376612530670818e-06,1.6846298309975024e-06
1603644842352,2020-10-25T12:54:02.352,65.9,-5.50315775084834e-06,2.315788177900318e-06,1.3264110971440981e-06
1603644842402,2020-10-25T12:54:02.402,65.95,-6.080082660089149e-06,2.355630076020749e-06,1.3476926348651594e-06
1603644842452,2020-10-25T12:54:02.452,66.0,-6.707386797347551e-06,2.556893429842794e-06,1.8745911344740818e-06
1603644842502,2020-10-25T12:54:02.502,66.05,-7.156769297274204e-06,2.820986621351933e-06,2.242668510052426e-06
1603644842552,2020-10-25T12:54:02.552,66.1,-6.879081296129742e-06,2.83866170879376e-06,2.083547560549131e-06
1603644842602,2020-10-25T12:54:02.602,66.15,-5.592119898145248e-06,2.511978554636458e-06,1.885762003689307e-06
1603644842652,2020-10-25T12:54:02.652,66.2,-3.724201068376401e-06,2.0034508412698315e-06,1.9434462939451948e-06
1603644842702,2020-10-25T12:54:02.702,66.25,-1.7715334116900151e-06,1.4009658036914863e-06,1.8154700699659991e-06
1603644842752,2020-10-25T12:54:02.752,66.3,4.439176296292361e-07,6.285006063585161e-07,1.1750916606342337e-06
1603644842802,2020-10-25T12:54:02.802,66.35,3.1888436017222696e-06,-3.531213758504973e-07,2.828127467301798e-07
1603644842852,2020-10-25T12:54:02.852,66.4,5.869473356623829e-06,-1.4807386986712152e-06,-4.632168619655253e-07
1603644842902,2020-10-25T12:54:02.902,66.45,7.557161237036679e-06,-2.554856345524394e-06,-8.840679929654827e-07
1603644842952,2020-10-25T12:54:02.952,66.5,8.224873886725471e-06,-3.201794481512668e-06,-1.0425420720403951e-06
1603644843002,2020-10-25T12:54:03.002,66.55,8.624013853434529e-06,-3.286218951272109e-06,-1.1587867613391975e-06
1603644843052,2020-10-25T12:54:03.052,66.6,9.173937906412459e-06,-3.3531109657395614e-06,-1.4358396549316938e-06
1603644843102,2020-10-25T12:54:03.102,66.65,9.712510679077925e-06,-4.088194069028355e-06,-1.8801419646270998e-06
1603644843152,2020-10-25T12:54:03.152,66.7,1.0054231160008977e-05,-5.361858657613906e-06,-2.2056052636649685e-06
1603644843202,2020-10-25T12:54:03.202,66.75,1.0187196292714063e-05,-6.330702520426818e-06,-2.1211630440517252e-06
1603644843252,2020-10-25T12:54:03.252,66.8,1.0145266788166102e-05,-6.467593072999823e-06,-1.9669693001899785e-06
1603644843302,2020-10-25T12:54:03.302,66.85,9.969183070704323e-06,-6.131286213512547e-06,-2.5173905089526483e-06
1603644843352,2020-10-25T12:54:03.352,66.9,9.632569246245348e-06,-6.0221675360326486e-06,-3.713040021494254e-06
1603644843402,2020-10-25T12:54:03.402,66.95,9.139909821741252e-06,-6.220601079259414e-06,-4.40689499595961e-06
1603644843452,2020-10-25T12:54:03.452,67.0,8.788772435423402e-06,-6.092962835548561e-06,-3.976020284552464e-06
1603644843502,2020-10-25T12:54:03.502,67.05,8.791309841652309e-06,-5.266493866719421e-06,-3.319898653246562e-06
1603644843552,2020-10-25T12:54:03.552,67.1,8.650977222467525e-06,-4.190810141706418e-06,-3.48912766491782e-06
1603644843602,2020-10-25T12:54:03.602,67.15,7.721896935569805e-06,-3.383234464422466e-06,-4.134661472647008e-06
1603644843652,2020-10-25T12:54:03.652,67.2,6.174406517747469e-06,-2.614859274123624e-06,-4.327464678082294e-06
1603644843702,2020-10-25T12:54:03.702,67.25,4.575243472658511e-06,-1.31765082851436e-06,-4.126360879359238e-06
1603644843752,2020-10-25T12:54:03.752,67.3,3.0172497076869917e-06,4.971772179249602e-07,-4.102139824816976e-06
1603644843802,2020-10-25T12:54:03.802,67.35,1.39663357284455e-06,2.1470517931611435e-06,-4.129009692929955e-06
1603644843852,2020-10-25T12:54:03.852,67.4,-7.692131978189198e-08,3.0332055006331877e-06,-3.830090326125689e-06
1603644843902,2020-10-25T12:54:03.902,67.45,-1.1632425197353787e-06,3.1902530260109354e-06,-3.3147508445157973e-06
1603644843952,2020-10-25T12:54:03.952,67.5,-1.942586938204677e-06,3.0329871755444323e-06,-2.675793660233612e-06
1603644844002,2020-10-25T12:54:04.002,67.55,-2.7649017884059453e-06,2.8638299089236116e-06,-1.8123408014287432e-06
1603644844052,2020-10-25T12:54:04.052,67.6,-4.062503864552094e-06,2.811509660860029e-06,-1.0875012198416912e-06
1603644844102,2020-10-25T12:54:04.102,67.65,-6.015744719451101e-06,2.955324627061711e-06,-9.684086102352482e-07
1603644844152,2020-10-25T12:54:04.152,67.7,-8.331467532686569e-06,3.2377059641556317e-06,-1.0137383321179037e-06
1603644844202,2020-10-25T12:54:04.202,67.75,-1.0545757794188865e-05,3.389746029568931e-06,-4.547005591220641e-07
1603644844252,2020-10-25T12:54:04.252,67.8,-1.2409500003516744e-05,3.1260620227998194e-06,4.887904580387825e-07
1603644844302,2020-10-25T12:54:04.302,67.85,-1.3894502670523925e-05,2.427369841136517e-06,1.0872263841957495e-06
1603644844352,2020-10-25T12:54:04.352,67.9,-1.5073991288796951e-05,1.5826170051729163e-06,1.3662970750149629e-06
1603644844402,2020-10-25T12:54:04.402,67.95,-1.6001673901619026e-05,9.66114786012492e-07,1.7897762748218624e-06
1603644844452,2020-10-25T12:54:04.452,68.0,-1.6612996666760295e-05,8.149144024983895e-07,2.3813271996723926e-06
1603644844502,2020-10-25T12:54:04.502,68.05,-1.686837301548907e-05,1.0333834774398123e-06,2.977349286653921e-06
1603644844552,2020-10-25T12:54:04.552,68.1,-1.6883974631828637e-05,1.1226224953380718e-06,3.6152186542419357e-06
1603644844602,2020-10-25T12:54:04.602,68.15,-1.6680974074868206e-05,7.259788463835623e-07,4.249993404395624e-06
1603644844652,2020-10-25T12:54:04.652,68.2,-1.5975147275617248e-05,2.6646657176401025e-07,4.644275249194314e-06
1603644844702,2020-10-25T12:54:04.702,68.25,-1.4495077553664e-05,3.647477027352934e-07,4.571278848799724e-06
1603644844752,2020-10-25T12:54:04.752,68.3,-1.2393267802712477e-05,7.58560828253722e-07,3.975025221624641e-06
1603644844802,2020-10-25T12:54:04.802,68.35,-1.012496189055164e-05,6.799875454604686e-07,3.219434241725722e-06
1603644844852,2020-10-25T12:54:04.852,68.4,-8.038425160373824e-06,9.553330736179375e-08,2.9485566049783025e-06
1603644844902,2020-10-25T12:54:04.902,68.45,-6.279140955841839e-06,-3.244966866239424e-07,3.33103482867331e-06
1603644844952,2020-10-25T12:54:04.952,68.5,-4.988442193465676e-06,-2.84930358465356e-07,3.8307032761734665e-06
1603644845002,2020-10-25T12:54:05.002,68.55,-4.3010550763650105e-06,-1.9639683024336837e-07,3.8965583849818525e-06
1603644845052,2020-10-25T12:54:05.052,68.6,-4.072035800051594e-06,-5.272851733448484e-07,3.5754430360392527e-06
1603644845102,2020-10-25T12:54:05.102,68.65,-3.926086127440157e-06,-1.195792565478707e-06,3.465450738435413e-06
1603644845152,2020-10-25T12:54:05.152,68.7,-3.723148883371135e-06,-1.5799709398968036e-06,3.997072911722402e-06
1603644845202,2020-10-25T12:54:05.202,68.75,-3.617687348753393e-06,-1.2224045334110085e-06,4.658465079135398e-06
1603644845252,2020-10-25T12:54:05.252,68.8,-3.631977055399174e-06,-5.702518829800309e-07,4.517384276039485e-06
1603644845302,2020-10-25T12:54:05.302,68.85,-3.6412715773782628e-06,-5.220732449856203e-07,3.6438151496985213e-06
1603644845352,2020-10-25T12:54:05.352,68.9,-3.710087927705933e-06,-1.1601114684217237e-06,3.076650225898086e-06
1603644845402,2020-10-25T12:54:05.402,68.95,-3.953126613692067e-06,-1.6621794867965924e-06,3.2702380249381935e-06
1603644845452,2020-10-25T12:54:05.452,69.0,-4.134243970484106e-06,-1.549091248124757e-06,3.599408570820183e-06
1603644845502,2020-10-25T12:54:05.502,69.05,-3.7969462514665337e-06,-1.200873158360217e-06,3.486441409830043e-06
1603644845552,2020-10-25T12:54:05.552,69.1,-2.870920431223621e-06,-1.0303144320575156e-06,3.077337821176386e-06
1603644845602,2020-10-25T12:54:05.602,69.15,-1.9778739222692013e-06,-9.300770225142961e-07,2.6770510460109554e-06
1603644845652,2020-10-25T12:54:05.652,69.2,-1.8423255305207084e-06,-7.352143249806495e-07,2.3355937335526053e-06
1603644845702,2020-10-25T12:54:05.702,69.25,-2.328079420354448e-06,-6.091149667488611e-07,2.192856746508575e-06
1603644845752,2020-10-25T12:54:05.752,69.3,-2.534411134595684e-06,-7.026077249155956e-07,2.4371512729758823e-06
1603644845802,2020-10-25T12:54:05.802,69.35,-2.0237615457719055e-06,-8.465324526696298e-07,2.6830134843195417e-06
1603644845852,2020-10-25T12:54:05.852,69.4,-1.343826340902948e-06,-8.521524755728363e-07,2.319356649233016e-06
1603644845902,2020-10-25T12:54:05.902,69.45,-1.1054414315744604e-06,-8.103139285609113e-07,1.6677097911642945e-06
1603644845952,2020-10-25T12:54:05.952,69.5,-1.0953781956996186e-06,-8.344804429661755e-07,1.6122298537461613e-06
1603644846002,2020-10-25T12:54:06.002,69.55,-6.64864454329039e-07,-7.992708844820799e-07,2.0390363606003063e-06
1603644846052,2020-10-25T12:54:06.052,69.6,1.829459499861378e-07,-5.836640431149946e-07,2.083436125439371e-06
1603644846102,2020-10-25T12:54:06.102,69.65,5.969439977647167e-07,-3.348587208289041e-07,1.7924974431953522e-06
1603644846152,2020-10-25T12:54:06.152,69.7,5.50723797296484e-08,-3.004623745653878e-07,1.962605238679087e-06
1603644846202,2020-10-25T12:54:06.202,69.75,-7.694041785639648e-07,-5.007347093194365e-07,2.505470385876058e-06
1603644846252,2020-10-25T12:54:06.252,69.8,-8.463648671567055e-07,-6.90093811047144e-07,2.5148630209779766e-06
1603644846302,2020-10-25T12:54:06.302,69.85,-1.3138810331756974e-07,-6.993734724840117e-07,1.8860490256797745e-06
1603644846352,2020-10-25T12:54:06.352,69.9,4.59256541579981e-07,-6.671805218026579e-07,1.511092748109217e-06
1603644846402,2020-10-25T12:54:06.402,69.95,2.985717848802995e-07,-7.595180595911815e-07,1.796071054419166e-06
1603644846452,2020-10-25T12:54:06.452,70.0,-2.0250004628085794e-07,-9.113643256711108e-07,2.138996309729287e-06
1603644846502,2020-10-25T12:54:06.502,70.05,-3.172214459705587e-07,-1.0450286300062507e-06,2.0824339288108325e-06
1603644846552,2020-10-25T12:54:06.552,70.1,-7.827003741160637e-08,-1.2230697787435717e-06,1.990880494268988e-06
1603644846602,2020-10-25T12:54:06.602,70.15,-5.635703748763428e-08,-1.4312547717735023e-06,2.2057578431392965e-06
1603644846652,2020-10-25T12:54:06.652,70.2,-2.9231115379545484e-07,-1.451810928546031e-06,2.3390075672859007e-06
1603644846702,2020-10-25T12:54:06.702,70.25,-2.2207245536121597e-07,-1.0749592991447136e-06,1.961098092981479e-06
1603644846752,2020-10-25T12:54:06.752,70.3,3.7368526790156434e-07,-4.819997866535052e-07,1.4492641953625268e-06
1603644846802,2020-10-25T12:54:06.802,70.35,1.0497560439381906e-06,-2.781775731152374e-07,1.4897172288748e-06
1603644846852,2020-10-25T12:54:06.852,70.4,1.3349218858799592e-06,-7.343561578743323e-07,1.987813401286493e-06
1603644846902,2020-10-25T12:54:06.902,70.45,1.1828420907014148e-06,-1.2177192606789642e-06,2.2277197773574906e-06
1603644846952,2020-10-25T12:54:06.952,70.5,8.301131270212027e-07,-1.070989301230339e-06,2.046912472772133e-06
1603644847002,2020-10-25T12:54:07.002,70.55,5.492073798456277e-07,-6.902301552917846e-07,1.946620118213496e-06
1603644847052,2020-10-25T12:54:07.052,70.6,4.818945054300671e-07,-8.274815588878709e-07,2.0497943612693912e-06
1603644847102,2020-10-25T12:54:07.102,70.65,5.515564122152297e-07,-1.2988554497823982e-06,1.962179106740423e-06
1603644847152,2020-10-25T12:54:07.152,70.7,5.977547966610733e-07,-1.406048953001112e-06,1.6463117295692255e-06
1603644847202,2020-10-25T12:54:07.202,70.75,5.215975774656629e-07,-1.1484342463931023e-06,1.507683561298217e-06
1603644847252,2020-10-25T12:54:07.252,70.8,2.406559498551228e-07,-1.0364962735976725e-06,1.6636531289440357e-06
1603644847302,2020-10-25T12:54:07.302,70.85,-1.9101867567453367e-07,-1.1613935978073335e-06,1.8200227582045404e-06
1603644847352,2020-10-25T12:54:07.352,70.9,-4.391576215533668e-07,-1.2203117218833114e-06,1.8142107807737047e-06
1603644847402,2020-10-25T12:54:07.402,70.95,-3.146579395028845e-07,-1.0629683428750752e-06,1.7874904526676779e-06
1603644847452,2020-10-25T12:54:07.452,71.0,-1.5122613427011634e-07,-7.635825486819424e-07,1.8157370217636845e-06
1603644847502,2020-10-25T12:54:07.502,71.05,-2.814152403683028e-07,-4.903554170114909e-07,1.7653129910742764e-06
1603644847552,2020-10-25T12:54:07.552,71.1,-4.854393728698944e-07,-4.40331217947579e-07,1.6130238806492532e-06
1603644847602,2020-10-25T12:54:07.602,71.15,-3.8216669419494184e-07,-6.217791212156521e-07,1.5763012675886418e-06
1603644847652,2020-10-25T12:54:07.652,71.2,-3.3059863092617665e-09,-7.749051467341443e-07,1.7739117563599864e-06
1603644847702,2020-10-25T12:54:07.702,71.25,2.861985909635188e-07,-7.493145182866335e-07,1.966097191989901e-06
1603644847752,2020-10-25T12:54:07.752,71.3,2.126971214186757e-07,-7.543021056621368e-07,1.796230142719672e-06
1603644847802,2020-10-25T12:54:07.802,71.35,-1.2468419130838774e-07,-9.402250513212626e-07,1.2920489266764616e-06
1603644847852,2020-10-25T12:54:07.852,71.4,-3.778614104322007e-07,-1.0234510460968024e-06,9.526678652094446e-07
1603644847902,2020-10-25T12:54:07.902,71.45,-3.633123649151053e-07,-7.943916852237526e-07,1.1171713233681677e-06
1603644847952,2020-10-25T12:54:07.952,71.5,-1.646969546133735e-07,-6.643240422876422e-07,1.4746359976236554e-06
1603644848002,2020-10-25T12:54:08.002,71.55,6.300347352068255e-08,-1.0345452842771047e-06,1.584937007284952e-06
1603644848052,2020-10-25T12:54:08.052,71.6,1.0999869149240891e-07,-1.4551450312783166e-06,1.5178437244996318e-06
1603644848102,2020-10-25T12:54:08.102,71.65,-1.2464095397355458e-07,-1.2359453714460472e-06,1.474645528599334e-06
1603644848152,2020-10-25T12:54:08.152,71.7,-3.105300572714089e-07,-6.080225093285826e-07,1.3319659599614868e-06
1603644848202,2020-10-25T12:54:08.202,71.75,-9.939272798672678e-08,-3.9525675437858125e-07,1.0879471523277113e-06
1603644848252,2020-10-25T12:54:08.252,71.8,1.845189125082262e-07,-7.527088987911604e-07,1.0581112309764794e-06
1603644848302,2020-10-25T12:54:08.302,71.85,1.0372680105766688e-08,-1.0850569683727849e-06,1.254228921838587e-06
1603644848352,2020-10-25T12:54:08.352,71.9,-3.9357146427957425e-07,-1.0395946683655376e-06,1.3325042253081314e-06
1603644848402,2020-10-25T12:54:08.402,71.95,-3.768894562823594e-07,-8.165281812552345e-07,1.234516008515975e-06
1603644848452,2020-10-25T12:54:08.452,72.0,3.174141896754452e-08,-6.602947730105309e-07,1.162357253319262e-06
1603644848502,2020-10-25T12:54:08.502,72.05,2.148895941082394e-07,-6.43340249700401e-07,1.1571781020749617e-06
1603644848552,2020-10-25T12:54:08.552,72.1,-2.8489508358942613e-08,-7.707465951398872e-07,1.2329265729406006e-06
1603644848602,2020-10-25T12:54:08.602,72.15,-3.549267430061448e-07,-9.309083724356833e-07,1.4067264615224387e-06
1603644848652,2020-10-25T12:54:08.652,72.2,-5.077167749090149e-07,-9.143236168258594e-07,1.356857819669483e-06
1603644848702,2020-10-25T12:54:08.702,72.25,-4.702244053307403e-07,-6.054855825120251e-07,8.149294449510349e-07
1603644848752,2020-10-25T12:54:08.752,72.3,-3.3674251995358627e-07,-7.538372842367932e-08,2.47491919413762e-07
1603644848802,2020-10-25T12:54:08.802,72.35,-2.8457644407212855e-07,4.6587884528631093e-07,2.1960804929676343e-07
1603644848852,2020-10-25T12:54:08.852,72.4,-2.35284541482297e-07,8.268679206596754e-07,3.441751228870639e-07
1603644848902,2020-10-25T12:54:08.902,72.45,2.0373060652290784e-07,1.020745326953363e-06,-1.1874582133812066e-07
1603644848952,2020-10-25T12:54:08.952,72.5,9.766446755844257e-07,1.1816998927765031e-06,-9.875599133937893e-07
1603644849002,2020-10-25T12:54:09.002,72.55,1.4936195199338315e-06,1.2648526624857712e-06,-1.5684962109471032e-06
1603644849052,2020-10-25T12:54:09.052,72.6,1.7016155495470515e-06,1.0867320631347272e-06,-1.9466734542812933e-06
1603644849102,2020-10-25T12:54:09.102,72.65,2.2155203746822438e-06,7.157062369146801e-07,-2.722276245752787e-06
1603644849152,2020-10-25T12:54:09.152,72.7,3.1879233978553886e-06,4.256020238373048e-07,-3.8127557266972774e-06
1603644849202,2020-10-25T12:54:09.202,72.75,4.1020962585451875e-06,2.283913010552266e-07,-4.61864322475293e-06
1603644849252,2020-10-25T12:54:09.252,72.8,4.691848808073539e-06,-7.675141981305392e-08,-5.0575128542460306e-06
1603644849302,2020-10-25T12:54:09.302,72.85,5.160240544575815e-06,-4.957030036553189e-07,-5.500678708338573e-06
1603644849352,2020-10-25T12:54:09.352,72.9,5.539722470823916e-06,-9.510688436120818e-07,-5.9702234759073745e-06
1603644849402,2020-10-25T12:54:09.402,72.95,5.591075440387055e-06,-1.5816248402014305e-06,-6.1142308350287745e-06
1603644849452,2020-10-25T12:54:09.452,73.0,5.40751856388777e-06,-2.5081956533256268e-06,-5.77591731684434e-06
1603644849502,2020-10-25T12:54:09.502,73.05,5.515053587852969e-06,-3.4596483550952718e-06,-5.153363406746283e-06
1603644849552,2020-10-25T12:54:09.552,73.1,6.151757195109237e-06,-3.966632458900263e-06,-4.6371645624432975e-06
1603644849602,2020-10-25T12:54:09.602,73.15,6.857553150005129e-06,-3.850893130113774e-06,-4.672357687045823e-06
1603644849652,2020-10-25T12:54:09.652,73.2,7.047611060146223e-06,-3.2341700730987984e-06,-5.349198159545049e-06
1603644849702,2020-10-25T12:54:09.702,73.25,6.682134264342319e-06,-2.197742496898019e-06,-6.136837178052905e-06
1603644849752,2020-10-25T12:54:09.752,73.3,5.952555841225198e-06,-7.891900221576611e-07,-6.542272721517069e-06
1603644849802,2020-10-25T12:54:09.802,73.35,4.6333462217556966e-06,8.075553833074703e-07,-6.645827483857789e-06
1603644849852,2020-10-25T12:54:09.852,73.4,2.49231840050171e-06,2.398035976208547e-06,-6.4617693329602015e-06
1603644849902,2020-10-25T12:54:09.902,73.45,-6.102227762295467e-09,3.8416336096415995e-06,-5.619342673570557e-06
1603644849952,2020-10-25T12:54:09.952,73.5,-2.3151024310284096e-06,4.915598104715783e-06,-4.191420300010255e-06
1603644850002,2020-10-25T12:54:10.002,73.55,-4.557902866170433e-06,5.470524611282338e-06,-2.91277766073066e-06
1603644850052,2020-10-25T12:54:10.052,73.6,-6.763222529394227e-06,5.653903501971616e-06,-2.2960047964531755e-06
1603644850102,2020-10-25T12:54:10.102,73.65,-8.25726044944616e-06,5.6541774448326875e-06,-2.2250719360364325e-06
1603644850152,2020-10-25T12:54:10.152,73.7,-8.693214018737394e-06,5.511975301863863e-06,-2.3428416334317297e-06
1603644850202,2020-10-25T12:54:10.202,73.75,-8.61563422334156e-06,5.405920418188821e-06,-2.322177380869667e-06
1603644850252,2020-10-25T12:54:10.252,73.8,-8.425418721795867e-06,5.530967958561308e-06,-1.9778956840441153e-06
1603644850302,2020-10-25T12:54:10.302,73.85,-7.991108822923504e-06,5.551546313378453e-06,-1.4619223296725166e-06
1603644850352,2020-10-25T12:54:10.352,73.9,-7.3895713653100095e-06,4.971313439581309e-06,-1.0990984939373514e-06
1603644850402,2020-10-25T12:54:10.402,73.95,-6.743408545906233e-06,4.052541925087937e-06,-9.45591303182967e-07
1603644850452,2020-10-25T12:54:10.452,74.0,-5.709372503329993e-06,3.5137289101453246e-06,-9.104256892274956e-07
1603644850502,2020-10-25T12:54:10.502,74.05,-4.29267398613288e-06,3.4702267725722253e-06,-1.1244431261151954e-06
1603644850552,2020-10-25T12:54:10.552,74.1,-3.303318372498936e-06,3.45404223121882e-06,-1.5623117820558703e-06
1603644850602,2020-10-25T12:54:10.602,74.15,-3.0431048037247086e-06,3.1844550815004954e-06,-1.665958473461532e-06
1603644850652,2020-10-25T12:54:10.652,74.2,-2.6796115566596783e-06,2.6979340175930523e-06,-1.1025313670546245e-06
1603644850702,2020-10-25T12:54:10.702,74.25,-1.6388418111376e-06,2.1062409610122766e-06,-4.335416698940187e-07
1603644850752,2020-10-25T12:54:10.752,74.3,-4.163220959742075e-07,1.6170167641421819e-06,-2.6049922315217034e-07
1603644850802,2020-10-25T12:54:10.802,74.35,4.6547061482963e-07,1.3645043826000922e-06,-3.034531577101106e-07
1603644850852,2020-10-25T12:54:10.852,74.4,1.109664125077244e-06,1.1650569210137655e-06,-1.419899627185991e-07
1603644850902,2020-10-25T12:54:10.902,74.45,1.5554373627707013e-06,9.031306477495255e-07,-1.2462333166530783e-07
1603644850952,2020-10-25T12:54:10.952,74.5,1.5842913286604476e-06,8.40118468198444e-07,-6.268908243764801e-07
1603644851002,2020-10-25T12:54:11.002,74.55,1.3775282750767017e-06,1.0498836432362806e-06,-1.1731929705123886e-06
1603644851052,2020-10-25T12:54:11.052,74.6,1.3430409176241339e-06,1.1245439491805803e-06,-1.1544625688106201e-06
1603644851102,2020-10-25T12:54:11.102,74.65,1.3357551593778316e-06,8.706635176548677e-07,-7.166004828548757e-07
1603644851152,2020-10-25T12:54:11.152,74.7,9.571174833853889e-07,6.551423891057206e-07,-3.1688737621960826e-07
1603644851202,2020-10-25T12:54:11.202,74.75,4.0958506857853876e-07,7.924572723776798e-07,-8.587810819723566e-09
1603644851252,2020-10-25T12:54:11.252,74.8,2.275917116035058e-07,1.11651770921198e-06,3.7813391633111236e-07
1603644851302,2020-10-25T12:54:11.302,74.85,3.8297004540098947e-07,1.2515590468127975e-06,6.810189998726319e-07
1603644851352,2020-10-25T12:54:11.352,74.9,3.9191888705033844e-07,1.034611301320779e-06,4.880160791864423e-07
1603644851402,2020-10-25T12:54:11.402,74.95,1.579970565223668e-07,6.88237693681869e-07,-1.244368204685579e-07
1603644851452,2020-10-25T12:54:11.452,75.0,3.798641531177575e-08,5.732834765244553e-07,-4.725604995208873e-07
1603644851502,2020-10-25T12:54:11.502,75.05,1.503431783425981e-07,7.772559245216401e-07,-2.4114424252104065e-07
1603644851552,2020-10-25T12:54:11.552,75.1,2.447847860123933e-07,1.1051747662437818e-06,1.215225682790611e-07
1603644851602,2020-10-25T12:54:11.602,75.15,2.182731280114401e-07,1.3009911435062545e-06,2.5644277137359715e-07
1603644851652,2020-10-25T12:54:11.652,75.2,1.8011726592374335e-07,1.1463734927203148e-06,3.1683257661978553e-07
1603644851702,2020-10-25T12:54:11.702,75.25,7.860169451072191e-08,7.333055818651687e-07,4.994131693435613e-07
1603644851752,2020-10-25T12:54:11.752,75.3,-1.9410385868567861e-07,5.56115792434761e-07,7.836794213569781e-07
1603644851802,2020-10-25T12:54:11.802,75.35,-4.459924637126745e-07,7.790268738051044e-07,9.874611850238253e-07
1603644851852,2020-10-25T12:54:11.852,75.4,-3.441809099372549e-07,8.477636497497489e-07,9.60652237074137e-07
1603644851902,2020-10-25T12:54:11.902,75.45,1.8597478090449237e-07,4.646866746724236e-07,9.238065014170211e-07
1603644851952,2020-10-25T12:54:11.952,75.5,8.44635591706372e-07,1.7137182814320436e-07,1.2255572480769825e-06
1603644852002,2020-10-25T12:54:12.002,75.55,1.1555009675812173e-06,3.4022136721629346e-07,1.6641750356684787e-06
1603644852052,2020-10-25T12:54:12.052,75.6,9.083210962241543e-07,5.225902787007015e-07,1.6913590129353696e-06
1603644852102,2020-10-25T12:54:12.102,75.65,4.245981053337465e-07,3.088299539903391e-07,1.2658710912056474e-06
1603644852152,2020-10-25T12:54:12.152,75.7,1.763011396061703e-07,-1.0866117189315133e-08,9.323564332734711e-07
1603644852202,2020-10-25T12:54:12.202,75.75,2.4301270666804443e-07,-3.675079002152929e-08,1.1312751128061583e-06
1603644852252,2020-10-25T12:54:12.252,75.8,3.733326918840812e-07,1.1511654495938379e-07,1.7300707969269587e-06
1603644852302,2020-10-25T12:54:12.302,75.85,4.152110648537606e-07,1.5314626403316305e-07,2.148973590906146e-06
1603644852352,2020-10-25T12:54:12.352,75.9,4.4397950093151376e-07,1.0498807662208789e-07,1.9452670530786225e-06
1603644852402,2020-10-25T12:54:12.402,75.95,5.346359130179673e-07,5.3151901828466584e-08,1.3442776038669375e-06
1603644852452,2020-10-25T12:54:12.452,76.0,5.476430922403019e-07,-1.2113217359029855e-07,9.753253262276219e-07
1603644852502,2020-10-25T12:54:12.502,76.05,2.55372997198391e-07,-3.4160658913177457e-07,1.0716007370958116e-06
1603644852552,2020-10-25T12:54:12.552,76.1,-2.3899666354886774e-07,-3.076948700829614e-07,1.2943077169605285e-06
1603644852602,2020-10-25T12:54:12.602,76.15,-4.4680236207410537e-07,-4.5515301677196265e-08,1.3219439537806341e-06
1603644852652,2020-10-25T12:54:12.652,76.2,-1.2469380207764705e-07,1.6907428738991156e-07,1.242097769357589e-06
1603644852702,2020-10-25T12:54:12.702,76.25,2.8242381959630087e-07,3.021874074504466e-07,1.3167153765290304e-06
1603644852752,2020-10-25T12:54:12.752,76.3,1.9410843439781947e-07,4.3891390469471374e-07,1.5058952276768399e-06
1603644852802,2020-10-25T12:54:12.802,76.35,-2.755655342134442e-07,5.456472788945818e-07,1.413234713705004e-06
1603644852852,2020-10-25T12:54:12.852,76.4,-5.290984184315068e-07,6.470596135985509e-07,9.443577145365207e-07
1603644852902,2020-10-25T12:54:12.902,76.45,-4.7458788085559873e-07,8.307507649755819e-07,6.627698058658967e-07
1603644852952,2020-10-25T12:54:12.952,76.5,-5.915010965320961e-07,1.068063327953696e-06,9.23028363867374e-07
1603644853002,2020-10-25T12:54:13.002,76.55,-9.3457532536718e-07,1.2986023667358828e-06,1.2152641839787248e-06
1603644853052,2020-10-25T12:54:13.052,76.6,-9.906322831956803e-07,1.4810764183649864e-06,1.090451410784839e-06
1603644853102,2020-10-25T12:54:13.102,76.65,-6.6333425637485e-07,1.4909263397226251e-06,9.614628913862413e-07
1603644853152,2020-10-25T12:54:13.152,76.7,-4.394931047653231e-07,1.2909268373067878e-06,1.2610390267014803e-06
1603644853202,2020-10-25T12:54:13.202,76.75,-5.252807004800457e-07,1.1216933136344291e-06,1.6789320537586733e-06
1603644853252,2020-10-25T12:54:13.252,76.8,-6.633589668437348e-07,1.180175107848007e-06,1.8275926140618296e-06
1603644853302,2020-10-25T12:54:13.302,76.85,-7.258214080090474e-07,1.2877431712992067e-06,1.8007945594346254e-06
1603644853352,2020-10-25T12:54:13.352,76.9,-8.543476721642348e-07,1.2234094902305051e-06,1.7183632831402253e-06
1603644853402,2020-10-25T12:54:13.402,76.95,-1.089538659655765e-06,1.1407657867043663e-06,1.5265098602265524e-06
1603644853452,2020-10-25T12:54:13.452,77.0,-1.2340199983210448e-06,1.27612931745832e-06,1.3619802011445169e-06
1603644853502,2020-10-25T12:54:13.502,77.05,-1.1765039660841954e-06,1.5283017261843872e-06,1.440867431928809e-06
1603644853552,2020-10-25T12:54:13.552,77.1,-1.1806230817365472e-06,1.7067151381405899e-06,1.6527596248537685e-06
1603644853602,2020-10-25T12:54:13.602,77.15,-1.5191658497731298e-06,1.8430137870514487e-06,1.709464458654144e-06
1603644853652,2020-10-25T12:54:13.652,77.2,-1.9155355460733837e-06,1.943120690339754e-06,1.5378521419734042e-06
1603644853702,2020-10-25T12:54:13.702,77.25,-1.8864906286887246e-06,1.8624614559278204e-06,1.3057175532464621e-06
1603644853752,2020-10-25T12:54:13.752,77.3,-1.5433959118182254e-06,1.590569284660368e-06,1.2159325794363696e-06
1603644853802,2020-10-25T12:54:13.802,77.35,-1.3959203796881558e-06,1.293418255475139e-06,1.3719991714604655e-06
1603644853852,2020-10-25T12:54:13.852,77.4,-1.5019456906450257e-06,1.2005798676898767e-06,1.7299935785466826e-06
1603644853902,2020-10-25T12:54:13.902,77.45,-1.5145362404479481e-06,1.556180499788387e-06,2.0621281098090515e-06
1603644853952,2020-10-25T12:54:13.952,77.5,-1.372239659267381e-06,2.2106553805194e-06,2.0553992444321766e-06
1603644854002,2020-10-25T12:54:14.002,77.55,-1.3066111953145385e-06,2.482761890011335e-06,1.682779820967046e-06
1603644854052,2020-10-25T12:54:14.052,77.6,-1.3937132240156938e-06,2.075503992682226e-06,1.363367108524316e-06
1603644854102,2020-10-25T12:54:14.102,77.65,-1.5217492393885304e-06,1.6311822265653408e-06,1.4208304729207443e-06
1603644854152,2020-10-25T12:54:14.152,77.7,-1.5668538756209559e-06,1.7572437457608074e-06,1.6203067372768103e-06
1603644854202,2020-10-25T12:54:14.202,77.75,-1.4037750592745751e-06,2.117809737438899e-06,1.6281298663620306e-06
1603644854252,2020-10-25T12:54:14.252,77.8,-1.0254656874360794e-06,2.011896523661379e-06,1.5543045325046686e-06
1603644854302,2020-10-25T12:54:14.302,77.85,-7.829515029637015e-07,1.3908190694501175e-06,1.6317952264544548e-06
1603644854352,2020-10-25T12:54:14.352,77.9,-1.0981761734749017e-06,9.118593941364083e-07,1.736797030004812e-06
1603644854402,2020-10-25T12:54:14.402,77.95,-1.7421743129067285e-06,1.0941364789473214e-06,1.604835728612695e-06
1603644854452,2020-10-25T12:54:14.452,78.0,-1.9718720038282156e-06,1.6631883254159308e-06,1.284318357466133e-06
1603644854502,2020-10-25T12:54:14.502,78.05,-1.5947569842693681e-06,1.950051637092999e-06,1.0796134197006626e-06
1603644854552,2020-10-25T12:54:14.552,78.1,-1.2099517875818282e-06,1.7881348194522555e-06,1.1440262652677673e-06
1603644854602,2020-10-25T12:54:14.602,78.15,-1.2808546389988304e-06,1.55676804006002e-06,1.3417202658992872e-06
1603644854652,2020-10-25T12:54:14.652,78.2,-1.6048013763160248e-06,1.4290788435746246e-06,1.4733127380956736e-06
1603644854702,2020-10-25T12:54:14.702,78.25,-1.7034950698672373e-06,1.2097521457805654e-06,1.5213744584841787e-06
1603644854752,2020-10-25T12:54:14.752,78.3,-1.3840930220762117e-06,9.104372907305166e-07,1.6682811888527133e-06
1603644854802,2020-10-25T12:54:14.802,78.35,-9.413766605469692e-07,8.013633257934796e-07,1.9653987261297956e-06
1603644854852,2020-10-25T12:54:14.852,78.4,-7.436329205146778e-07,8.876226092269235e-07,2.0471643861689965e-06
1603644854902,2020-10-25T12:54:14.902,78.45,-6.752087968626917e-07,9.487624709287534e-07,1.6320663583121864e-06
1603644854952,2020-10-25T12:54:14.952,78.5,-4.371359864981678e-07,1.0159602890327486e-06,1.181594128712982e-06
1603644855002,2020-10-25T12:54:15.002,78.55,-1.8254088919742007e-07,1.2795581481013634e-06,1.2939553909751e-06
1603644855052,2020-10-25T12:54:15.052,78.6,-1.5886016170232892e-07,1.593535252272746e-06,1.667321643945019e-06
1603644855102,2020-10-25T12:54:15.102,78.65,-7.93556372211744e-08,1.49813384758734e-06,1.5870188969015808e-06
1603644855152,2020-10-25T12:54:15.152,78.7,4.279116625187154e-07,8.100285194714311e-07,1.1284881624892747e-06
1603644855202,2020-10-25T12:54:15.202,78.75,1.229896490677918e-06,-5.5307189071837795e-08,8.841549211074617e-07
1603644855252,2020-10-25T12:54:15.252,78.8,2.157301687216769e-06,-5.01595490316362e-07,7.511500658333175e-07
1603644855302,2020-10-25T12:54:15.302,78.85,3.5013379732642783e-06,-4.5589602887580437e-07,4.4562610324302963e-08
1603644855352,2020-10-25T12:54:15.352,78.9,5.513060057881438e-06,-5.560071091903969e-07,-1.269808512358012e-06
1603644855402,2020-10-25T12:54:15.402,78.95,7.82987255438398e-06,-1.4937222176626324e-06,-2.568449513818304e-06
1603644855452,2020-10-25T12:54:15.452,79.0,9.788344909936161e-06,-3.1901782236871524e-06,-3.7527877447863683e-06
1603644855502,2020-10-25T12:54:15.502,79.05,1.11130559591945e-05,-4.870146329662837e-06,-5.217055248653378e-06
1603644855552,2020-10-25T12:54:15.552,79.1,1.207571758456052e-05,-5.983513593181364e-06,-6.717193874831354e-06
1603644855602,2020-10-25T12:54:15.602,79.15,1.3007023761218219e-05,-6.771079180370741e-06,-7.553966673890334e-06
1603644855652,2020-10-25T12:54:15.652,79.2,1.386099960440968e-05,-7.803968338222635e-06,-7.829466520571122e-06
1603644855702,2020-10-25T12:54:15.702,79.25,1.4463683821128893e-05,-9.187146257103686e-06,-8.362439317473515e-06
1603644855752,2020-10-25T12:54:15.752,79.3,1.4999544964727106e-05,-1.047896919577483e-05,-9.360568674701989e-06
1603644855802,2020-10-25T12:54:15.802,79.35,1.579078616028729e-05,-1.1365155240339098e-05,-1.0147954093280629e-05
1603644855852,2020-10-25T12:54:15.852,79.4,1.6625479205998583e-05,-1.2020543690545096e-05,-1.0252037269330875e-05
1603644855902,2020-10-25T12:54:15.902,79.45,1.6885642798351173e-05,-1.258435716836774e-05,-9.970606200982265e-06
1603644855952,2020-10-25T12:54:15.952,79.5,1.6481452869000056e-05,-1.2796787088004372e-05,-9.760284661066527e-06
1603644856002,2020-10-25T12:54:16.002,79.55,1.6022763805166735e-05,-1.2589516877629752e-05,-9.650283393334296e-06
1603644856052,2020-10-25T12:54:16.052,79.6,1.5846327752439443e-05,-1.2362826104394396e-05,-9.45287406330659e-06
1603644856102,2020-10-25T12:54:16.102,79.65,1.5578509938047445e-05,-1.2159897357691535e-05,-9.205856077666591e-06
1603644856152,2020-10-25T12:54:16.152,79.7,1.4892753552147252e-05,-1.1425603721290868e-05,-9.101801816454246e-06
1603644856202,2020-10-25T12:54:16.202,79.75,1.4004570283314892e-05,-1.0078980540449919e-05,-9.094308923992476e-06
1603644856252,2020-10-25T12:54:16.252,79.8,1.3203148971871933e-05,-8.786234734113124e-06,-8.931825858933113e-06
1603644856302,2020-10-25T12:54:16.302,79.85,1.2398875662076053e-05,-7.703141004830439e-06,-8.589372945325284e-06
1603644856352,2020-10-25T12:54:16.352,79.9,1.1297898887859922e-05,-6.11965692075192e-06,-8.305000781227875e-06
1603644856402,2020-10-25T12:54:16.402,79.95,9.828680551516572e-06,-3.852689237195714e-06,-8.126118469404518e-06
1603644856452,2020-10-25T12:54:16.452,80.0,8.307826320125851e-06,-1.8195662598294405e-06,-7.760529389783628e-06
1603644856502,2020-10-25T12:54:16.502,80.05,7.071807172672788e-06,-7.163296491321616e-07,-7.016736373389053e-06
1603644856552,2020-10-25T12:54:16.552,80.1,5.9701312563700345e-06,-1.244041703037248e-07,-6.107491014868787e-06
1603644856602,2020-10-25T12:54:16.602,80.15,4.606027206341695e-06,6.542811067793879e-07,-5.286331114818045e-06
1603644856652,2020-10-25T12:54:16.652,80.2,3.059567919617961e-06,1.6533429492345601e-06,-4.442535051400574e-06
1603644856702,2020-10-25T12:54:16.702,80.25,1.7225848159533702e-06,2.496617192641696e-06,-3.426299899219905e-06
1603644856752,2020-10-25T12:54:16.752,80.3,4.658560137408511e-07,3.0754786187601483e-06,-2.5261073025828847e-06
1603644856802,2020-10-25T12:54:16.802,80.35,-1.1925793627567476e-06,3.5704114109533816e-06,-2.1337422802607236e-06
1603644856852,2020-10-25T12:54:16.852,80.4,-3.1724964664723185e-06,4.043268108482383e-06,-2.155826437009985e-06
1603644856902,2020-10-25T12:54:16.902,80.45,-4.843137880773885e-06,4.392856135378051e-06,-2.1614697528465835e-06
1603644856952,2020-10-25T12:54:16.952,80.5,-5.752915322240762e-06,4.546061497361517e-06,-1.8344580192692741e-06
1603644857002,2020-10-25T12:54:17.002,80.55,-5.91140525690539e-06,4.382264880709212e-06,-1.1041618431541739e-06
1603644857052,2020-10-25T12:54:17.052,80.6,-5.730323877780295e-06,3.8427446825394776e-06,-2.397650126836107e-07
1603644857102,2020-10-25T12:54:17.102,80.65,-5.801143749470537e-06,3.3698232948072185e-06,1.9151730158577507e-07
1603644857152,2020-10-25T12:54:17.152,80.7,-6.2932552490208185e-06,3.576352925014307e-06,-4.275108877924423e-08
1603644857202,2020-10-25T12:54:17.202,80.75,-6.71753314568778e-06,4.266499505628714e-06,-3.6121879737683604e-07
1603644857252,2020-10-25T12:54:17.252,80.8,-6.670844612755865e-06,4.557205166457436e-06,-1.0817024329387912e-07
1603644857302,2020-10-25T12:54:17.302,80.85,-6.462989200581955e-06,4.097261629415708e-06,4.516115102292702e-07
1603644857352,2020-10-25T12:54:17.352,80.9,-6.5426723052249074e-06,3.459445017585137e-06,6.960553560917569e-07
1603644857402,2020-10-25T12:54:17.402,80.95,-6.717263401207802e-06,3.2700751168474685e-06,8.088785537377477e-07
1603644857452,2020-10-25T12:54:17.452,81.0,-6.581982494556795e-06,3.491361666350259e-06,1.2353644876922602e-06
1603644857502,2020-10-25T12:54:17.502,81.05,-6.323890333063041e-06,3.6195116667992836e-06,1.5880992725495768e-06
1603644857552,2020-10-25T12:54:17.552,81.1,-6.361138860720688e-06,3.3231615771288816e-06,1.41299656358986e-06
1603644857602,2020-10-25T12:54:17.602,81.15,-6.567782923974053e-06,2.8323854113158026e-06,1.2229745653810335e-06
1603644857652,2020-10-25T12:54:17.652,81.2,-6.534950410277775e-06,2.636115774787339e-06,1.5773445973979556e-06
1603644857702,2020-10-25T12:54:17.702,81.25,-6.279128970794841e-06,2.7816728499376876e-06,2.1060156413802895e-06
1603644857752,2020-10-25T12:54:17.752,81.3,-6.176175880357023e-06,2.7928906605244044e-06,2.30938971374911e-06
1603644857802,2020-10-25T12:54:17.802,81.35,-6.34848594652405e-06,2.433174794867025e-06,2.3405423820136695e-06
1603644857852,2020-10-25T12:54:17.852,81.4,-6.4651062544604575e-06,2.1455466410229895e-06,2.4909800853332605e-06
1603644857902,2020-10-25T12:54:17.902,81.45,-6.2222458380712464e-06,2.3891641117459767e-06,2.6865743146344273e-06
1603644857952,2020-10-25T12:54:17.952,81.5,-5.794857989760375e-06,2.8300233111383637e-06,2.7487757234879392e-06
1603644858002,2020-10-25T12:54:18.002,81.55,-5.536275589438359e-06,2.759017891770245e-06,2.762416409074476e-06
1603644858052,2020-10-25T12:54:18.052,81.6,-5.380927768511855e-06,2.2522394534217666e-06,3.000743186267741e-06
1603644858102,2020-10-25T12:54:18.102,81.65,-4.975385237424931e-06,2.075719524135435e-06,3.486301921090435e-06
1603644858152,2020-10-25T12:54:18.152,81.7,-4.3608089897107014e-06,2.2610368386923444e-06,3.841417566774139e-06
1603644858202,2020-10-25T12:54:18.202,81.75,-4.052769094775094e-06,1.955248802742041e-06,3.7314354243821094e-06
1603644858252,2020-10-25T12:54:18.252,81.8,-4.330094782548454e-06,1.06466883170891e-06,3.249198351898819e-06
1603644858302,2020-10-25T12:54:18.302,81.85,-4.784976130113648e-06,6.186639025243227e-07,2.8229899127089375e-06
1603644858352,2020-10-25T12:54:18.352,81.9,-4.830603202687843e-06,1.02176668044628e-06,2.880424052237846e-06
1603644858402,2020-10-25T12:54:18.402,81.95,-4.532098529964349e-06,1.39980669148013e-06,3.4515849255608662e-06
1603644858452,2020-10-25T12:54:18.452,82.0,-4.499334553324133e-06,1.1260527840910916e-06,4.053236883845201e-06
1603644858502,2020-10-25T12:54:18.502,82.05,-4.834734397485435e-06,6.393886312266541e-07,4.2107491355675004e-06
1603644858552,2020-10-25T12:54:18.552,82.1,-4.866892105283829e-06,3.7810208039143257e-07,4.049596735966388e-06
1603644858602,2020-10-25T12:54:18.602,82.15,-4.287211370072525e-06,1.5002603366628092e-07,4.033532594257469e-06
1603644858652,2020-10-25T12:54:18.652,82.2,-3.6755713270895846e-06,-1.4295264997032184e-07,4.221972441968997e-06
1603644858702,2020-10-25T12:54:18.702,82.25,-3.44617671009926e-06,-2.6759340673204626e-07,4.301593910314051e-06
1603644858752,2020-10-25T12:54:18.752,82.3,-3.284971300574497e-06,-2.954068881846474e-07,4.270718751659372e-06
1603644858802,2020-10-25T12:54:18.802,82.35,-3.0017678976880276e-06,-5.349548329987867e-07,4.447467727513113e-06
1603644858852,2020-10-25T12:54:18.852,82.4,-2.8803820325412367e-06,-8.562798334431224e-07,4.8483728417400265e-06
1603644858902,2020-10-25T12:54:18.902,82.45,-2.9837962744123043e-06,-8.45111532085532e-07,5.12136411454446e-06
1603644858952,2020-10-25T12:54:18.952,82.5,-3.0212121079648963e-06,-5.080274782704824e-07,5.04209137185731e-06
1603644859002,2020-10-25T12:54:19.002,82.55,-2.9134080537639215e-06,-2.4472253865484565e-07,4.781006174438377e-06
1603644859052,2020-10-25T12:54:19.052,82.6,-2.854184456909295e-06,-2.749925235443739e-07,4.6859081623989365e-06
1603644859102,2020-10-25T12:54:19.102,82.65,-2.897345075611006e-06,-4.691603910837221e-07,4.842640871012193e-06
1603644859152,2020-10-25T12:54:19.152,82.7,-2.875453865843625e-06,-5.606365090277248e-07,5.011244034786581e-06
1603644859202,2020-10-25T12:54:19.202,82.75,-2.701051240635574e-06,-4.295529602849528e-07,5.030451116287427e-06
1603644859252,2020-10-25T12:54:19.252,82.8,-2.51474234157994e-06,-3.4978876690515453e-07,4.985558316670984e-06
1603644859302,2020-10-25T12:54:19.302,82.85,-2.466238621903181e-06,-6.646255001409203e-07,5.060005859453682e-06
1603644859352,2020-10-25T12:54:19.352,82.9,-2.546905085338871e-06,-1.1111204465411648e-06,5.390764970005737e-06
1603644859402,2020-10-25T12:54:19.402,82.95,-2.7291149371045816e-06,-1.1036451713431915e-06,5.760170145632664e-06
1603644859452,2020-10-25T12:54:19.452,83.0,-2.9701128602911576e-06,-7.31500399270666e-07,5.664442148144555e-06
1603644859502,2020-10-25T12:54:19.502,83.05,-3.05313685637642e-06,-6.927569477923537e-07,5.173067978747873e-06
1603644859552,2020-10-25T12:54:19.552,83.1,-2.885211131307165e-06,-1.1831510823203925e-06,5.015083955916809e-06
1603644859602,2020-10-25T12:54:19.602,83.15,-2.8030281423372503e-06,-1.6298477433454244e-06,5.31690408135255e-06
1603644859652,2020-10-25T12:54:19.652,83.2,-2.976907216998158e-06,-1.6653552591521332e-06,5.336079996022726e-06
1603644859702,2020-10-25T12:54:19.702,83.25,-2.9390963333730283e-06,-1.5730544672952066e-06,4.884123707145074e-06
1603644859752,2020-10-25T12:54:19.752,83.3,-2.4467095251066787e-06,-1.547822266383014e-06,4.754382668673577e-06
1603644859802,2020-10-25T12:54:19.802,83.35,-2.1162673109261723e-06,-1.3952058265537588e-06,5.310046323282407e-06
1603644859852,2020-10-25T12:54:19.852,83.4,-2.373281682415213e-06,-1.2232486347982627e-06,5.867997844459151e-06
1603644859902,2020-10-25T12:54:19.902,83.45,-2.6191800503448573e-06,-1.4733630228121115e-06,5.9019659514752366e-06
1603644859952,2020-10-25T12:54:19.952,83.5,-2.244172764416944e-06,-1.9990451852865573e-06,5.748858760568876e-06
1603644860002,2020-10-25T12:54:20.002,83.55,-1.6442204016747495e-06,-2.0601712675832383e-06,5.7526904258333604e-06
1603644860052,2020-10-25T12:54:20.052,83.6,-1.5475878579995786e-06,-1.4827797535991523e-06,5.708349279947725e-06
1603644860102,2020-10-25T12:54:20.102,83.65,-1.9446499714428564e-06,-9.777972876422305e-07,5.491519078410045e-06
1603644860152,2020-10-25T12:54:20.152,83.7,-2.2438332653808102e-06,-1.0848279602386015e-06,5.42907776621928e-06
1603644860202,2020-10-25T12:54:20.202,83.75,-2.1694371303424056e-06,-1.543999421266035e-06,5.7016805744452835e-06
1603644860252,2020-10-25T12:54:20.252,83.8,-1.9811028217338985e-06,-1.911249428572218e-06,5.929625294523865e-06
1603644860302,2020-10-25T12:54:20.302,83.85,-1.8674184656318278e-06,-2.0976644314766615e-06,5.748940895081529e-06
1603644860352,2020-10-25T12:54:20.352,83.9,-1.6969827725986437e-06,-2.1245845957583576e-06,5.443404568360463e-06
1603644860402,2020-10-25T12:54:20.402,83.95,-1.4914571588019545e-06,-1.978276723440755e-06,5.5085224148389786e-06
1603644860452,2020-10-25T12:54:20.452,84.0,-1.552028771903581e-06,-1.8045530428156688e-06,5.871549538731524e-06
1603644860502,2020-10-25T12:54:20.502,84.05,-1.886301733128136e-06,-1.7728119092010197e-06,6.059579965265101e-06
1603644860552,2020-10-25T12:54:20.552,84.1,-2.0227985192911487e-06,-1.8510475835536371e-06,5.848164491099822e-06
1603644860602,2020-10-25T12:54:20.602,84.15,-1.6750951158491954e-06,-2.0037800767032092e-06,5.428080938981001e-06
1603644860652,2020-10-25T12:54:20.652,84.2,-1.2271172764174886e-06,-2.2677391058738227e-06,5.216785324444721e-06
1603644860702,2020-10-25T12:54:20.702,84.25,-1.177904648143841e-06,-2.5052993792628156e-06,5.4210029756893965e-06
1603644860752,2020-10-25T12:54:20.752,84.3,-1.2566900767102735e-06,-2.54471448454774e-06,5.638766869426994e-06
1603644860802,2020-10-25T12:54:20.802,84.35,-7.160362347972447e-07,-2.4920276089530135e-06,5.4064503415280005e-06
1603644860852,2020-10-25T12:54:20.852,84.4,3.6162505622738616e-07,-2.4912534449829126e-06,4.975792374928496e-06
1603644860902,2020-10-25T12:54:20.902,84.45,9.959829773139122e-07,-2.4378321062817367e-06,4.727446538552615e-06
1603644860952,2020-10-25T12:54:20.952,84.5,9.422969691721907e-07,-2.1950033538643534e-06,4.319339180542393e-06
1603644861002,2020-10-25T12:54:21.002,84.55,1.1702674129739293e-06,-1.868229084249378e-06,3.3906880712214195e-06
1603644861052,2020-10-25T12:54:21.052,84.6,2.235725994114022e-06,-1.7927491141278392e-06,2.4251785639533673e-06
1603644861102,2020-10-25T12:54:21.102,84.65,3.5655360505195388e-06,-2.1660423169076838e-06,1.9570091510331735e-06
1603644861152,2020-10-25T12:54:21.152,84.7,4.643494936544396e-06,-2.6557419334791714e-06,1.6401393434430654e-06
1603644861202,2020-10-25T12:54:21.202,84.75,5.514089281284656e-06,-2.8195295878252842e-06,8.933064105508682e-07
1603644861252,2020-10-25T12:54:21.252,84.8,6.236363711552581e-06,-2.8334417965362128e-06,-2.43800893780711e-07
1603644861302,2020-10-25T12:54:21.302,84.85,7.0133802910785295e-06,-3.1322747735001216e-06,-1.4527705745055445e-06
1603644861352,2020-10-25T12:54:21.352,84.9,8.299449628687447e-06,-3.6859946019280857e-06,-2.739473679635854e-06
1603644861402,2020-10-25T12:54:21.402,84.95,9.969318334726491e-06,-4.36848769326784e-06,-4.304639143169911e-06
1603644861452,2020-10-25T12:54:21.452,85.0,1.1185431103461527e-05,-5.438436218076265e-06,-6.019455113052461e-06
1603644861502,2020-10-25T12:54:21.502,85.05,1.1562973883144842e-05,-6.946975759367683e-06,-7.310010246444699e-06
1603644861552,2020-10-25T12:54:21.552,85.1,1.173863166782327e-05,-8.375974039339129e-06,-7.79862849922981e-06
1603644861602,2020-10-25T12:54:21.602,85.15,1.2494638511221807e-05,-9.39535636983005e-06,-7.810399436250882e-06
1603644861652,2020-10-25T12:54:21.652,85.2,1.3760374121495397e-05,-1.0164730236806986e-05,-7.872208588627716e-06
1603644861702,2020-10-25T12:54:21.702,85.25,1.4744233637091453e-05,-1.057031972376067e-05,-8.154173904222418e-06
1603644861752,2020-10-25T12:54:21.752,85.3,1.4907308423927394e-05,-1.0141544468564249e-05,-8.691516659850425e-06
1603644861802,2020-10-25T12:54:21.802,85.35,1.4497135456757322e-05,-9.018409957765157e-06,-9.49478766932932e-06
1603644861852,2020-10-25T12:54:21.852,85.4,1.4065393411910476e-05,-8.038896480165486e-06,-1.027688094244852e-05
1603644861902,2020-10-25T12:54:21.902,85.45,1.3797592422883916e-05,-7.523851425663426e-06,-1.0646857991502974e-05
1603644861952,2020-10-25T12:54:21.952,85.5,1.3527965543104398e-05,-6.84030495980086e-06,-1.0490916376961866e-05
1603644862002,2020-10-25T12:54:22.002,85.55,1.3176795466009095e-05,-5.563176201321725e-06,-9.8422232836263e-06
1603644862052,2020-10-25T12:54:22.052,85.6,1.2828068474271192e-05,-4.2418726625743105e-06,-8.789923860678694e-06
1603644862102,2020-10-25T12:54:22.102,85.65,1.2364691249404002e-05,-3.485694153807843e-06,-7.707829002283154e-06
1603644862152,2020-10-25T12:54:22.152,85.7,1.1477106827136474e-05,-2.9839820381506465e-06,-7.004129912790984e-06
1603644862202,2020-10-25T12:54:22.202,85.75,1.02757913090143e-05,-2.090003285067934e-06,-6.5189827754233814e-06
1603644862252,2020-10-25T12:54:22.252,85.8,9.263573943234196e-06,-9.205831293411298e-07,-5.68278383383692e-06
1603644862302,2020-10-25T12:54:22.302,85.85,8.334214939760699e-06,-1.3241347289987097e-07,-4.258989237619209e-06
1603644862352,2020-10-25T12:54:22.352,85.9,6.732124622347543e-06,1.467089488545641e-07,-2.5181907778684034e-06
1603644862402,2020-10-25T12:54:22.402,85.95,4.462517739334636e-06,3.579165844058452e-07,-8.706416247964065e-07
1603644862452,2020-10-25T12:54:22.452,86.0,2.564471186174804e-06,6.410039561791287e-07,3.381364901425965e-07
1603644862502,2020-10-25T12:54:22.502,86.05,1.5090318495843872e-06,7.35720227410336e-07,9.62021960218135e-07
1603644862552,2020-10-25T12:54:22.552,86.1,6.121818571322604e-07,6.602831522823575e-07,1.170013085614949e-06
1603644862602,2020-10-25T12:54:22.602,86.15,-5.641580079257423e-07,8.133248155848082e-07,1.211347182414975e-06
1603644862652,2020-10-25T12:54:22.652,86.2,-1.5236518669554079e-06,1.3499995630592559e-06,1.233745447469679e-06
1603644862702,2020-10-25T12:54:22.702,86.25,-1.90159162639696e-06,1.8538790482284441e-06,1.4458107252648804e-06
1603644862752,2020-10-25T12:54:22.752,86.3,-2.1136398002387446e-06,1.8556704408128831e-06,1.9763637089710884e-06
1603644862802,2020-10-25T12:54:22.802,86.35,-2.606541500275398e-06,1.5167269734311187e-06,2.513270703812342e-06
1603644862852,2020-10-25T12:54:22.852,86.4,-3.239760554587894e-06,1.4042590129653768e-06,2.6058430691535323e-06
1603644862902,2020-10-25T12:54:22.902,86.45,-3.6492452676819536e-06,1.6616117242473068e-06,2.3163127559527045e-06
1603644862952,2020-10-25T12:54:22.952,86.5,-3.707424752028065e-06,1.9335440114971205e-06,2.104038183897693e-06
1603644863002,2020-10-25T12:54:23.002,86.55,-3.551730751516457e-06,2.049708146169759e-06,2.106989501346536e-06
1603644863052,2020-10-25T12:54:23.052,86.6,-3.5108491408776645e-06,2.1743461786400453e-06,2.050864908579422e-06
1603644863102,2020-10-25T12:54:23.102,86.65,-3.852526720168288e-06,2.349733082636463e-06,1.8546409378862738e-06
1603644863152,2020-10-25T12:54:23.152,86.7,-4.3527315551585824e-06,2.494522660540687e-06,1.721383742471177e-06
1603644863202,2020-10-25T12:54:23.202,86.75,-4.457381491314563e-06,2.735979963630407e-06,1.6627305628430124e-06
1603644863252,2020-10-25T12:54:23.252,86.8,-4.084715941548671e-06,3.2025252415621595e-06,1.4898673222711663e-06
1603644863302,2020-10-25T12:54:23.302,86.85,-3.836544747950091e-06,3.6819983736148244e-06,1.088965457817345e-06
1603644863352,2020-10-25T12:54:23.352,86.9,-4.1435756712753085e-06,3.867935999979315e-06,4.480564054417946e-07
1603644863402,2020-10-25T12:54:23.402,86.95,-4.623837908871456e-06,3.683509919279098e-06,-1.332951118509818e-07
1603644863452,2020-10-25T12:54:23.452,87.0,-4.697245915880712e-06,3.274308755156901e-06,-3.824045736306604e-08
1603644863502,2020-10-25T12:54:23.502,87.05,-4.487115101981115e-06,2.9816012995358183e-06,7.418916413043678e-07
1603644863552,2020-10-25T12:54:23.552,87.1,-4.568379887910146e-06,3.1129737450543304e-06,1.2081799254680713e-06
1603644863602,2020-10-25T12:54:23.602,87.15,-5.027811018278986e-06,3.496131336358928e-06,7.246837792259481e-07
1603644863652,2020-10-25T12:54:23.652,87.2,-5.365400726703392e-06,3.6540351657901586e-06,1.5611480328019637e-09
1603644863702,2020-10-25T12:54:23.702,87.25,-5.329071574435216e-06,3.5394819443344953e-06,-1.6547947971074713e-07
1603644863752,2020-10-25T12:54:23.752,87.3,-5.293513127305586e-06,3.5830032604729796e-06,-1.478108630812257e-07
1603644863802,2020-10-25T12:54:23.802,87.35,-5.572759298757048e-06,3.907704005692365e-06,-4.969218850538205e-07
1603644863852,2020-10-25T12:54:23.852,87.4,-5.813630188989891e-06,4.125882872925589e-06,-7.066073982590776e-07
1603644863902,2020-10-25T12:54:23.902,87.45,-5.511347085386589e-06,4.111262522913459e-06,-8.671771067540454e-08
1603644863952,2020-10-25T12:54:23.952,87.5,-4.8540906740413425e-06,4.165699631595825e-06,8.599961441129585e-07
1603644864002,2020-10-25T12:54:24.002,87.55,-4.56080200400037e-06,4.2015148512867834e-06,1.0195809660200608e-06
1603644864052,2020-10-25T12:54:24.052,87.6,-4.937311496812001e-06,3.7933602009545956e-06,2.2191063665215506e-07
1603644864102,2020-10-25T12:54:24.102,87.65,-5.5209872762526845e-06,3.178812482959985e-06,-6.308847181132018e-07
1603644864152,2020-10-25T12:54:24.152,87.7,-5.774339732281832e-06,3.097109491810298e-06,-8.176210311130816e-07
1603644864202,2020-10-25T12:54:24.202,87.75,-5.734503258436282e-06,3.634653657878379e-06,-5.784552549482837e-07
1603644864252,2020-10-25T12:54:24.252,87.8,-5.688205862280898e-06,4.17667874493548e-06,-5.684105905625961e-07
1603644864302,2020-10-25T12:54:24.302,87.85,-5.606855280464175e-06,4.3526392722446415e-06,-9.051688835552061e-07
1603644864352,2020-10-25T12:54:24.352,87.9,-5.371399783003963e-06,4.308011102510936e-06,-1.1226764544823662e-06
1603644864402,2020-10-25T12:54:24.402,87.95,-5.203241001003455e-06,4.246686649887308e-06,-9.78024604896945e-07
1603644864452,2020-10-25T12:54:24.452,88.0,-5.359201749227152e-06,4.225908081524614e-06,-7.850849024889471e-07
1603644864502,2020-10-25T12:54:24.502,88.05,-5.687801704903597e-06,4.246746243092612e-06,-8.167572976058601e-07
1603644864552,2020-10-25T12:54:24.552,88.1,-5.8711483157973405e-06,4.242525866658484e-06,-9.143650941340137e-07
1603644864602,2020-10-25T12:54:24.602,88.15,-5.853926802827808e-06,4.1098433913624534e-06,-9.054899904468405e-07
1603644864652,2020-10-25T12:54:24.652,88.2,-5.826634942970724e-06,3.915753642854618e-06,-9.069542469918421e-07
1603644864702,2020-10-25T12:54:24.702,88.25,-5.929420119954935e-06,3.928790601131382e-06,-1.0151246121629833e-06
1603644864752,2020-10-25T12:54:24.752,88.3,-6.039181944627573e-06,4.249045383862787e-06,-1.1193696534378264e-06
1603644864802,2020-10-25T12:54:24.802,88.35,-5.900202772813851e-06,4.511531978529791e-06,-1.1302690027951638e-06
1603644864852,2020-10-25T12:54:24.852,88.4,-5.485426250194579e-06,4.280096939122189e-06,-1.0348616942213521e-06
1603644864902,2020-10-25T12:54:24.902,88.45,-5.069213490093338e-06,3.722747057136169e-06,-7.713830336392694e-07
1603644864952,2020-10-25T12:54:24.952,88.5,-4.920895552837852e-06,3.4270666241689863e-06,-4.599021271741102e-07
1603644865002,2020-10-25T12:54:25.002,88.55,-5.0110367982884865e-06,3.505841920850683e-06,-5.011972055751728e-07
1603644865052,2020-10-25T12:54:25.052,88.6,-5.038859184166082e-06,3.535828740784204e-06,-8.592336007119959e-07
1603644865102,2020-10-25T12:54:25.102,88.65,-4.867444426514872e-06,3.4235683325402847e-06,-7.934108078286259e-07
1603644865152,2020-10-25T12:54:25.152,88.7,-4.795778253570357e-06,3.505638738025947e-06,-1.31641228317094e-07
1603644865202,2020-10-25T12:54:25.202,88.75,-5.036351791323755e-06,3.7305535641712836e-06,6.218203576411885e-08
1603644865252,2020-10-25T12:54:25.252,88.8,-5.215973668830075e-06,3.599404687968354e-06,-8.290523936479602e-07
1603644865302,2020-10-25T12:54:25.302,88.85,-4.924150017073069e-06,3.054767264739173e-06,-1.6985354753956965e-06
1603644865352,2020-10-25T12:54:25.352,88.9,-4.3738150047785115e-06,2.707702296293459e-06,-1.3898526443935334e-06
1603644865402,2020-10-25T12:54:25.402,88.95,-3.929170134953442e-06,2.925031456270603e-06,-5.698284694563668e-07
1603644865452,2020-10-25T12:54:25.452,89.0,-3.460218575653754e-06,3.26447078220854e-06,-5.873964190183416e-07
1603644865502,2020-10-25T12:54:25.502,89.05,-2.873624103711732e-06,3.2311034012086422e-06,-1.387311687094571e-06
1603644865552,2020-10-25T12:54:25.552,89.1,-2.708829269295603e-06,3.041709276483368e-06,-1.8540241251065941e-06
1603644865602,2020-10-25T12:54:25.602,89.15,-3.306013007230977e-06,3.068552098324884e-06,-1.5960086400053694e-06
1603644865652,2020-10-25T12:54:25.652,89.2,-3.917111926400273e-06,3.1520733209262386e-06,-1.2483847672023368e-06
1603644865702,2020-10-25T12:54:25.702,89.25,-3.609001000278272e-06,3.049668310997482e-06,-1.264255896431678e-06
1603644865752,2020-10-25T12:54:25.752,89.3,-2.6554343291386817e-06,2.891425134132978e-06,-1.3350875878394314e-06
1603644865802,2020-10-25T12:54:25.802,89.35,-2.1565634848290203e-06,2.839298915197404e-06,-1.1232775226569017e-06
1603644865852,2020-10-25T12:54:25.852,89.4,-2.517763176961524e-06,2.8819766921291605e-06,-8.83380625761606e-07
1603644865902,2020-10-25T12:54:25.902,89.45,-3.0882974164226784e-06,2.9431593057115125e-06,-9.939406050539659e-07
1603644865952,2020-10-25T12:54:25.952,89.5,-3.2551334661591376e-06,2.892867737781327e-06,-1.3194833685984076e-06
1603644866002,2020-10-25T12:54:26.002,89.55,-3.1784884194491144e-06,2.7638259977518496e-06,-1.4725086086850957e-06
1603644866052,2020-10-25T12:54:26.052,89.6,-3.269879561055273e-06,2.845963922104698e-06,-1.4312030822800642e-06
1603644866102,2020-10-25T12:54:26.102,89.65,-3.5404946438776875e-06,3.2113059302797116e-06,-1.484670626425941e-06
1603644866152,2020-10-25T12:54:26.152,89.7,-3.820746074537798e-06,3.563994384522616e-06,-1.7202393353442246e-06
1603644866202,2020-10-25T12:54:26.202,89.75,-4.205472043592914e-06,3.7000352185729862e-06,-1.9062571762522019e-06
1603644866252,2020-10-25T12:54:26.252,89.8,-4.835278048750078e-06,3.633005709000887e-06,-1.8505205882943791e-06
1603644866302,2020-10-25T12:54:26.302,89.85,-5.461515826249422e-06,3.4364613932870866e-06,-1.6483002675993857e-06
1603644866352,2020-10-25T12:54:26.352,89.9,-5.691203954687845e-06,3.2895987158921403e-06,-1.5018727366830569e-06
1603644866402,2020-10-25T12:54:26.402,89.95,-5.557624653823299e-06,3.332399429893353e-06,-1.439173254105561e-06
1603644866452,2020-10-25T12:54:26.452,90.0,-5.408573021292489e-06,3.43837581628017e-06,-1.389595727741471e-06
1603644866502,2020-10-25T12:54:26.502,90.05,-5.366619881786924e-06,3.460777001790391e-06,-1.4113990605688882e-06
1603644866552,2020-10-25T12:54:26.552,90.1,-5.3375743996300785e-06,3.469496835253175e-06,-1.5537918095503123e-06
1603644866602,2020-10-25T12:54:26.602,90.15,-5.3322375289880836e-06,3.5135497475227913e-06,-1.6063332733782039e-06
1603644866652,2020-10-25T12:54:26.652,90.2,-5.35088422182415e-06,3.458223220793561e-06,-1.349256623359581e-06
1603644866702,2020-10-25T12:54:26.702,90.25,-5.202078450400156e-06,3.211361526716633e-06,-9.689870439456558e-07
1603644866752,2020-10-25T12:54:26.752,90.3,-4.812889648592992e-06,2.9845166936268385e-06,-8.237388708723745e-07
1603644866802,2020-10-25T12:54:26.802,90.35,-4.480374375192726e-06,3.173272590771518e-06,-8.899009953601053e-07
1603644866852,2020-10-25T12:54:26.852,90.4,-4.5170594023621085e-06,3.730179494266347e-06,-9.010275527292722e-07
1603644866902,2020-10-25T12:54:26.902,90.45,-4.859044510993126e-06,3.9002879309461085e-06,-8.646400529079712e-07
1603644866952,2020-10-25T12:54:26.952,90.5,-5.227361090870152e-06,3.2552363839442886e-06,-8.950562009694728e-07
1603644867002,2020-10-25T12:54:27.002,90.55,-5.439803770301513e-06,2.6191975258098326e-06,-7.995430290426854e-07
1603644867052,2020-10-25T12:54:27.052,90.6,-5.385031271256496e-06,2.951123586435696e-06,-4.0521882942801333e-07
1603644867102,2020-10-25T12:54:27.102,90.65,-4.9817839321623695e-06,3.779524960807656e-06,6.1930150818850005e-09
1603644867152,2020-10-25T12:54:27.152,90.7,-4.440215262012195e-06,3.950642011686689e-06,5.697189061009417e-08
1603644867202,2020-10-25T12:54:27.202,90.75,-4.270227727009432e-06,3.4141363395867286e-06,-2.309286388702187e-07
1603644867252,2020-10-25T12:54:27.252,90.8,-4.6551059199194565e-06,3.020714555347979e-06,-5.730680527090644e-07
1603644867302,2020-10-25T12:54:27.302,90.85,-5.051499954339189e-06,3.0417421395440803e-06,-7.519605241231256e-07
1603644867352,2020-10-25T12:54:27.352,90.9,-4.804305836234538e-06,3.0482939546197926e-06,-7.048000922458691e-07
1603644867402,2020-10-25T12:54:27.402,90.95,-4.021203539623867e-06,2.903830379464125e-06,-5.493328528075453e-07
1603644867452,2020-10-25T12:54:27.452,91.0,-3.439800830044368e-06,2.9545633995964505e-06,-4.885649575347853e-07
1603644867502,2020-10-25T12:54:27.502,91.05,-3.44111045152543e-06,3.3214208731432094e-06,-5.944715327405609e-07
1603644867552,2020-10-25T12:54:27.552,91.1,-3.6648372219183026e-06,3.5746230870791824e-06,-7.902765022021036e-07
1603644867602,2020-10-25T12:54:27.602,91.15,-3.671981131256252e-06,3.3044749281029924e-06,-8.668549029329241e-07
1603644867652,2020-10-25T12:54:27.652,91.2,-3.395447916375902e-06,2.7500582597578662e-06,-5.558460453550818e-07
1603644867702,2020-10-25T12:54:27.702,91.25,-2.8317101649797253e-06,2.4675072747468717e-06,-3.190158520277964e-08
1603644867752,2020-10-25T12:54:27.752,91.3,-1.8607075845843594e-06,2.450962348991839e-06,3.261950652622369e-08
1603644867802,2020-10-25T12:54:27.802,91.35,-4.372203524952144e-07,2.1162330259992905e-06,-5.070192463925411e-07
1603644867852,2020-10-25T12:54:27.852,91.4,1.3767606716870414e-06,1.2386144366252977e-06,-8.980086402367548e-07
1603644867902,2020-10-25T12:54:27.902,91.45,3.4751285126497887e-06,2.899044251776326e-07,-7.398899113850624e-07
1603644867952,2020-10-25T12:54:27.952,91.5,5.642427584127525e-06,-3.8518869906911965e-07,-7.043079562809359e-07
1603644868002,2020-10-25T12:54:28.002,91.55,7.610453880477052e-06,-1.114936225928369e-06,-1.3816585899036443e-06
1603644868052,2020-10-25T12:54:28.052,91.6,9.279497372242154e-06,-2.309555349801972e-06,-2.288049283271959e-06
1603644868102,2020-10-25T12:54:28.102,91.65,1.074853143588378e-05,-3.7833247038536264e-06,-2.6909343920196878e-06
1603644868152,2020-10-25T12:54:28.152,91.7,1.2138966218919725e-05,-5.0013836030974435e-06,-2.7156435904841537e-06
1603644868202,2020-10-25T12:54:28.202,91.75,1.3486056241965101e-05,-5.837834700420768e-06,-2.926026100817573e-06
1603644868252,2020-10-25T12:54:28.252,91.8,1.4626218128315361e-05,-6.729956837017425e-06,-3.2867362196257155e-06
1603644868302,2020-10-25T12:54:28.302,91.85,1.5160457303943117e-05,-7.92383819255348e-06,-3.344209832169515e-06
1603644868352,2020-10-25T12:54:28.352,91.9,1.4921181003412757e-05,-9.01232023168055e-06,-3.1940257036688943e-06
1603644868402,2020-10-25T12:54:28.402,91.95,1.4393813883832083e-05,-9.577958133539847e-06,-3.3330336852789616e-06
1603644868452,2020-10-25T12:54:28.452,92.0,1.4148955756261363e-05,-9.729845223387809e-06,-3.6909951074009965e-06
1603644868502,2020-10-25T12:54:28.502,92.05,1.4124172702755941e-05,-9.669410108355958e-06,-3.830963687491131e-06
1603644868552,2020-10-25T12:54:28.552,92.1,1.3990019991193237e-05,-9.381996857380971e-06,-3.858041265442304e-06
1603644868602,2020-10-25T12:54:28.602,92.15,1.3708942229103098e-05,-8.967483851196524e-06,-4.1402516654885325e-06
1603644868652,2020-10-25T12:54:28.652,92.2,1.3271508272457975e-05,-8.695684755825312e-06,-4.5761512224669445e-06
1603644868702,2020-10-25T12:54:28.702,92.25,1.2540664461079701e-05,-8.579695622666862e-06,-4.902631158376619e-06
1603644868752,2020-10-25T12:54:28.752,92.3,1.162732328434834e-05,-8.193526584379777e-06,-5.1616294103765455e-06
1603644868802,2020-10-25T12:54:28.802,92.35,1.0758494774715989e-05,-7.085282904714375e-06,-5.467700479266159e-06
1603644868852,2020-10-25T12:54:28.852,92.4,9.861560559474919e-06,-5.318839464142166e-06,-5.83504677910122e-06
1603644868902,2020-10-25T12:54:28.902,92.45,8.914872602632414e-06,-3.4128490094457638e-06,-6.232047841146655e-06
1603644868952,2020-10-25T12:54:28.952,92.5,8.280272467576855e-06,-1.8213299955512858e-06,-6.441204461338054e-06
1603644869002,2020-10-25T12:54:29.002,92.55,8.041637936016856e-06,-7.429240477002398e-07,-6.170091563194955e-06
1603644869052,2020-10-25T12:54:29.052,92.6,7.548442173550866e-06,-2.1313353197171678e-07,-5.525686263724108e-06
1603644869102,2020-10-25T12:54:29.102,92.65,6.2516039170776485e-06,-1.6618244658958323e-08,-4.958885684489895e-06
1603644869152,2020-10-25T12:54:29.152,92.7,4.5347200499378325e-06,2.501231843196864e-07,-4.668641555183769e-06
1603644869202,2020-10-25T12:54:29.202,92.75,3.1041005858584865e-06,7.809953815093511e-07,-4.524873933854826e-06
1603644869252,2020-10-25T12:54:29.252,92.8,1.9783013021798226e-06,1.4571499129458283e-06,-4.422770613194068e-06
1603644869302,2020-10-25T12:54:29.302,92.85,7.89726742299379e-07,2.0851925992464047e-06,-4.135747216126859e-06
1603644869352,2020-10-25T12:54:29.352,92.9,-3.677399190841918e-07,2.4464988335682804e-06,-3.273511984047275e-06
1603644869402,2020-10-25T12:54:29.402,92.95,-1.2274219225377948e-06,2.41802760168522e-06,-2.072771522095725e-06
1603644869452,2020-10-25T12:54:29.452,93.0,-1.889840971418484e-06,2.259252013908432e-06,-1.4508617376014988e-06
1603644869502,2020-10-25T12:54:29.502,93.05,-2.2185760520090313e-06,2.239373230550572e-06,-1.6071787216780993e-06
1603644869552,2020-10-25T12:54:29.552,93.1,-1.6277231802380628e-06,2.045751963134017e-06,-1.5764597386367616e-06
1603644869602,2020-10-25T12:54:29.602,93.15,-3.30814425308729e-07,1.3923906131083763e-06,-7.180203999128576e-07
1603644869652,2020-10-25T12:54:29.652,93.2,4.1132928050977836e-07,8.020417835886985e-07,3.778917796430808e-07
1603644869702,2020-10-25T12:54:29.702,93.25,5.3026339799082915e-08,7.272340975383016e-07,9.206204964785597e-07
1603644869752,2020-10-25T12:54:29.752,93.3,-4.6655726462347977e-07,6.111589307686812e-07,9.739001255038402e-07
1603644869802,2020-10-25T12:54:29.802,93.35,-2.3383400173274256e-07,-1.1560578658115637e-07,1.047580678355395e-06
1603644869852,2020-10-25T12:54:29.852,93.4,4.699358331471801e-07,-9.940321317774768e-07,1.3174898688983356e-06
1603644869902,2020-10-25T12:54:29.902,93.45,8.941905076033577e-07,-1.3314293678842105e-06,1.6540875657574381e-06
1603644869952,2020-10-25T12:54:29.952,93.5,8.703704583387152e-07,-1.1672610141562563e-06,1.9525453834488185e-06
1603644870002,2020-10-25T12:54:30.002,93.55,7.428710001467636e-07,-9.159746660177076e-07,2.174264455359335e-06
1603644870052,2020-10-25T12:54:30.052,93.6,7.534194041964747e-07,-7.875014067169075e-07,2.2897703323634496e-06
1603644870102,2020-10-25T12:54:30.102,93.65,8.471524009690371e-07,-8.682102930688683e-07,2.2240812756886305e-06
1603644870152,2020-10-25T12:54:30.152,93.7,8.611397093121474e-07,-1.1613925839477641e-06,1.9356419747929573e-06
1603644870202,2020-10-25T12:54:30.202,93.75,7.341513813538163e-07,-1.407631230404459e-06,1.6477171693826457e-06
1603644870252,2020-10-25T12:54:30.252,93.8,5.803718419522643e-07,-1.3934688172879867e-06,1.6200135890360563e-06
1603644870302,2020-10-25T12:54:30.302,93.85,4.6976672646262704e-07,-1.3022253934503607e-06,1.679225501659115e-06
1603644870352,2020-10-25T12:54:30.352,93.9,2.590808949789267e-07,-1.2745992137338982e-06,1.5806229628483486e-06
1603644870402,2020-10-25T12:54:30.402,93.95,-3.7270000196108e-08,-1.1228474683031437e-06,1.5753925088430073e-06
1603644870452,2020-10-25T12:54:30.452,94.0,-5.316259728471995e-08,-9.166514936816259e-07,1.922090967373022e-06
1603644870502,2020-10-25T12:54:30.502,94.05,3.095284601315521e-07,-1.074007743396123e-06,2.293527521658686e-06
1603644870552,2020-10-25T12:54:30.552,94.1,6.190191966939314e-07,-1.531763067031437e-06,2.3045310940755706e-06
1603644870602,2020-10-25T12:54:30.602,94.15,6.349277920418592e-07,-1.7107474700791049e-06,2.1837346414526346e-06
1603644870652,2020-10-25T12:54:30.652,94.2,5.835490793247499e-07,-1.5277325435238208e-06,2.4032283068094663e-06
1603644870702,2020-10-25T12:54:30.702,94.25,5.617022415786399e-07,-1.5364677305232585e-06,2.8972692984657533e-06
1603644870752,2020-10-25T12:54:30.752,94.3,4.4230602843097294e-07,-1.8840478583548173e-06,3.104481413596172e-06
1603644870802,2020-10-25T12:54:30.802,94.35,2.9920766344581693e-07,-2.018976326084934e-06,2.8280388527465746e-06
1603644870852,2020-10-25T12:54:30.852,94.4,2.2734214402650273e-07,-1.6594308722837384e-06,2.606417974405216e-06
1603644870902,2020-10-25T12:54:30.902,94.45,7.716822420578631e-08,-1.2928471705777473e-06,2.888716211746201e-06
1603644870952,2020-10-25T12:54:30.952,94.5,-9.433172556272558e-08,-1.4798785607109526e-06,3.317080260951579e-06
1603644871002,2020-10-25T12:54:31.002,94.55,7.457033084029651e-08,-2.1349837867630583e-06,3.365248087854177e-06
1603644871052,2020-10-25T12:54:31.052,94.6,5.468205369432863e-07,-2.6347012474352715e-06,3.1991966303269535e-06
1603644871102,2020-10-25T12:54:31.102,94.65,8.672899512160742e-07,-2.482034906711281e-06,3.287784366279184e-06
1603644871152,2020-10-25T12:54:31.152,94.7,9.260204709594554e-07,-1.832284881337058e-06,3.549393429402057e-06
1603644871202,2020-10-25T12:54:31.202,94.75,9.523544491429399e-07,-1.2896962085092014e-06,3.5048833790385866e-06
1603644871252,2020-10-25T12:54:31.252,94.8,9.693226379500707e-07,-1.205866450593481e-06,3.116031392108021e-06
1603644871302,2020-10-25T12:54:31.302,94.85,9.033851450957801e-07,-1.4120260065289089e-06,2.8908514776647936e-06
1603644871352,2020-10-25T12:54:31.352,94.9,8.676262384206368e-07,-1.6368451427525517e-06,3.0742567849264616e-06
1603644871402,2020-10-25T12:54:31.402,94.95,9.574218629382747e-07,-1.8697781318049314e-06,3.2558234396365455e-06
1603644871452,2020-10-25T12:54:31.452,95.0,1.0789708940104448e-06,-2.137403196431356e-06,3.061305193043719e-06
1603644871502,2020-10-25T12:54:31.502,95.05,1.072901787291247e-06,-2.1506132716548977e-06,2.8070525184573907e-06
1603644871552,2020-10-25T12:54:31.552,95.1,8.731529813086677e-07,-1.6313617401172915e-06,2.9807730530641203e-06
1603644871602,2020-10-25T12:54:31.602,95.15,6.173842759067325e-07,-9.772337664770647e-07,3.334936243046755e-06
1603644871652,2020-10-25T12:54:31.652,95.2,5.172955370541433e-07,-9.532650193216369e-07,3.2174704059951153e-06
1603644871702,2020-10-25T12:54:31.702,95.25,5.217113497766675e-07,-1.5951746470922692e-06,2.7118889615490234e-06
1603644871752,2020-10-25T12:54:31.752,95.3,3.774593958067707e-07,-2.127414008857017e-06,2.5464689700950252e-06
1603644871802,2020-10-25T12:54:31.802,95.35,7.155015889093021e-08,-2.0784643552553365e-06,2.8883926766269503e-06
1603644871852,2020-10-25T12:54:31.852,95.4,-1.1340931034368112e-07,-1.7504411981678035e-06,3.1476467462294258e-06
1603644871902,2020-10-25T12:54:31.902,95.45,3.92021137131587e-08,-1.5637627105671625e-06,2.9749734462307728e-06
1603644871952,2020-10-25T12:54:31.952,95.5,4.671438580775933e-07,-1.6396461865217143e-06,2.7449158774127863e-06
1603644872002,2020-10-25T12:54:32.002,95.55,8.957626146294172e-07,-1.9434604401737775e-06,2.9438374309898073e-06
1603644872052,2020-10-25T12:54:32.052,95.6,1.0706374098937382e-06,-2.2598357939291224e-06,3.396512423478727e-06
1603644872102,2020-10-25T12:54:32.102,95.65,9.421668956205905e-07,-2.257940811329224e-06,3.4499088383318682e-06
1603644872152,2020-10-25T12:54:32.152,95.7,6.173479941933414e-07,-1.9496792896981473e-06,2.9901269872104565e-06
1603644872202,2020-10-25T12:54:32.202,95.75,3.100346376176173e-07,-1.695260885661273e-06,2.648845874287331e-06
1603644872252,2020-10-25T12:54:32.252,95.8,2.8408896261859773e-07,-1.6454808567024501e-06,2.767030301252688e-06
1603644872302,2020-10-25T12:54:32.302,95.85,5.210380558427185e-07,-1.6783356405060094e-06,2.982144554179815e-06
1603644872352,2020-10-25T12:54:32.352,95.9,6.40149400948808e-07,-1.7693244504017906e-06,3.0060639542135592e-06
1603644872402,2020-10-25T12:54:32.402,95.95,4.830374589928627e-07,-1.9101683291559974e-06,2.9429096974114845e-06
1603644872452,2020-10-25T12:54:32.452,96.0,4.1452063292378403e-07,-1.919657773709701e-06,2.8521547389667317e-06
1603644872502,2020-10-25T12:54:32.502,96.05,7.298331575253246e-07,-1.7806744235960124e-06,2.6925090678776735e-06
1603644872552,2020-10-25T12:54:32.552,96.1,1.209836982054266e-06,-1.8318161341276075e-06,2.5054086205521064e-06
1603644872602,2020-10-25T12:54:32.602,96.15,1.5354809191483365e-06,-2.2276490988582545e-06,2.3358590346760316e-06
1603644872652,2020-10-25T12:54:32.652,96.2,1.7056170071773863e-06,-2.5901476725108965e-06,2.3066034870535165e-06
1603644872702,2020-10-25T12:54:32.702,96.25,1.8826713590921756e-06,-2.5828676925130987e-06,2.620439003243761e-06
1603644872752,2020-10-25T12:54:32.752,96.3,2.188884094633602e-06,-2.405341258115343e-06,3.094916592710719e-06
1603644872802,2020-10-25T12:54:32.802,96.35,2.6303459713351278e-06,-2.3957488651355773e-06,3.236299142104896e-06
1603644872852,2020-10-25T12:54:32.852,96.4,2.9498455660853255e-06,-2.5632283583144043e-06,3.062413390310371e-06
1603644872902,2020-10-25T12:54:32.902,96.45,2.7938164598231093e-06,-2.672341587321265e-06,3.07617674076939e-06
1603644872952,2020-10-25T12:54:32.952,96.5,2.2857512072713554e-06,-2.555349148019265e-06,3.3165440170060993e-06
1603644873002,2020-10-25T12:54:33.002,96.55,2.067873420171288e-06,-2.3999895243111266e-06,3.287003663155641e-06
1603644873052,2020-10-25T12:54:33.052,96.6,2.4432097875204787e-06,-2.5576661040669096e-06,2.8886586216250753e-06
1603644873102,2020-10-25T12:54:33.102,96.65,2.8447726504919728e-06,-2.8389722738500754e-06,2.6348184502482937e-06
1603644873152,2020-10-25T12:54:33.152,96.7,2.5691048940897693e-06,-2.6271777272690268e-06,2.783906349412825e-06
1603644873202,2020-10-25T12:54:33.202,96.75,1.7435645806058462e-06,-1.9017474750583588e-06,2.9734371395802637e-06
1603644873252,2020-10-25T12:54:33.252,96.8,1.0895885968670283e-06,-1.2751324895970912e-06,2.9370978774865874e-06
1603644873302,2020-10-25T12:54:33.302,96.85,9.12677526357393e-07,-1.0626982716189314e-06,2.8234958077265847e-06
1603644873352,2020-10-25T12:54:33.352,96.9,8.644409465428842e-07,-1.1150341456869888e-06,2.6051978387361555e-06
1603644873402,2020-10-25T12:54:33.402,96.95,6.508128628490813e-07,-1.2161410125016104e-06,2.1192539579237232e-06
1603644873452,2020-10-25T12:54:33.452,97.0,4.2649946975523135e-07,-1.1841224357345215e-06,1.8264711079522627e-06
1603644873502,2020-10-25T12:54:33.502,97.05,4.1335402271392025e-07,-9.978706628622854e-07,2.3359254475963608e-06
1603644873552,2020-10-25T12:54:33.552,97.1,5.302420871661185e-07,-8.339412937689864e-07,3.0823662075966634e-06
1603644873602,2020-10-25T12:54:33.602,97.15,5.216040835869225e-07,-7.331833016981843e-07,2.837312704815033e-06
1603644873652,2020-10-25T12:54:33.652,97.2,3.3935345928250733e-07,-5.694214656108791e-07,1.610389101997508e-06
1603644873702,2020-10-25T12:54:33.702,97.25,2.993677652037077e-07,-4.026088487899158e-07,6.728461911064421e-07
1603644873752,2020-10-25T12:54:33.752,97.3,6.656902052483322e-07,-4.0983232409359727e-07,6.407102209018635e-07
1603644873802,2020-10-25T12:54:33.802,97.35,1.1881898856542903e-06,-5.070455362760707e-07,8.375152838784828e-07
1603644873852,2020-10-25T12:54:33.852,97.4,1.4553720786317204e-06,-4.7446229273685813e-07,6.411211580831933e-07
1603644873902,2020-10-25T12:54:33.902,97.45,1.5388901347159751e-06,-3.6003368432500543e-07,2.564530275017633e-07
1603644873952,2020-10-25T12:54:33.952,97.5,1.8687359980173175e-06,-3.395637823575123e-07,-3.759309642431661e-08
1603644874002,2020-10-25T12:54:34.002,97.55,2.6108769161784313e-06,-3.4864365685535913e-07,-3.9933651923262685e-07
1603644874052,2020-10-25T12:54:34.052,97.6,3.4071614176177812e-06,-2.635375576819848e-07,-9.074144587477391e-07
1603644874102,2020-10-25T12:54:34.102,97.65,3.8081799203076032e-06,-2.0595671803166308e-07,-1.2358789722536898e-06
1603644874152,2020-10-25T12:54:34.152,97.7,3.900172783781872e-06,-2.841272232205635e-07,-1.1437521125053571e-06
1603644874202,2020-10-25T12:54:34.202,97.75,4.083370185346474e-06,-3.041500939427657e-07,-9.202263276175334e-07
1603644874252,2020-10-25T12:54:34.252,97.8,4.36350398129346e-06,-9.843557939258755e-08,-1.125607972413359e-06
1603644874302,2020-10-25T12:54:34.302,97.85,4.564209183092271e-06,1.6117483947825247e-07,-2.043948786279887e-06
1603644874352,2020-10-25T12:54:34.352,97.9,4.870070740869184e-06,2.8224802798606734e-07,-3.3772993019344905e-06
1603644874402,2020-10-25T12:54:34.402,97.95,5.455357535892582e-06,2.5948141558240015e-07,-4.334099256341896e-06
1603644874452,2020-10-25T12:54:34.452,98.0,6.148051140958587e-06,-1.7118383516899998e-08,-4.327389269691808e-06
1603644874502,2020-10-25T12:54:34.502,98.05,6.898813970788011e-06,-6.420615316591514e-07,-3.771467642432702e-06
1603644874552,2020-10-25T12:54:34.552,98.1,7.857669397225268e-06,-1.2579189576803287e-06,-3.631251127491217e-06
1603644874602,2020-10-25T12:54:34.602,98.15,8.751933269449492e-06,-1.4649747456221539e-06,-4.091173934765708e-06
1603644874652,2020-10-25T12:54:34.652,98.2,8.974836076679895e-06,-1.534571984822425e-06,-4.4372294838090824e-06
1603644874702,2020-10-25T12:54:34.702,98.25,8.543217001399879e-06,-2.0161289249050314e-06,-4.261259356886407e-06
1603644874752,2020-10-25T12:54:34.752,98.3,8.233643636634106e-06,-2.8342170715102803e-06,-3.903849597953501e-06
1603644874802,2020-10-25T12:54:34.802,98.35,8.423430286771803e-06,-3.3540371767651377e-06,-3.638528829150104e-06
1603644874852,2020-10-25T12:54:34.852,98.4,8.522162915914389e-06,-3.2629701970477364e-06,-3.2604357300205947e-06
1603644874902,2020-10-25T12:54:34.902,98.45,8.035552687915845e-06,-3.066026108913543e-06,-2.697215973467643e-06
1603644874952,2020-10-25T12:54:34.952,98.5,7.456756934727584e-06,-3.5107228437340714e-06,-2.339061861572161e-06
1603644875002,2020-10-25T12:54:35.002,98.55,7.521334366570169e-06,-4.426595627696204e-06,-2.4322400993645707e-06
1603644875052,2020-10-25T12:54:35.052,98.6,8.200037723541677e-06,-4.638987486650041e-06,-2.632120142762841e-06
1603644875102,2020-10-25T12:54:35.102,98.65,8.875614004041908e-06,-3.5605269732604562e-06,-2.580274617168066e-06
1603644875152,2020-10-25T12:54:35.152,98.7,9.036324552805715e-06,-2.127463944703836e-06,-2.5763251618896805e-06
1603644875202,2020-10-25T12:54:35.202,98.75,8.53875691474928e-06,-1.3620968183355686e-06,-3.079874029003742e-06
1603644875252,2020-10-25T12:54:35.252,98.8,7.4552650742037865e-06,-8.883745822490326e-07,-3.7615586038319477e-06
1603644875302,2020-10-25T12:54:35.302,98.85,5.8116225060515e-06,1.7021734625815357e-07,-3.7637625314341954e-06
1603644875352,2020-10-25T12:54:35.352,98.9,3.590274469012023e-06,1.610030671405146e-06,-2.8670464486700037e-06
1603644875402,2020-10-25T12:54:35.402,98.95,1.1178615597761593e-06,2.5018515986678322e-06,-1.7926848167821898e-06
1603644875452,2020-10-25T12:54:35.452,99.0,-9.045160074667415e-07,2.6552741798049518e-06,-1.263076782794046e-06
1603644875502,2020-10-25T12:54:35.502,99.05,-2.1912032852817056e-06,2.7369244045786167e-06,-1.2372506061499737e-06
1603644875552,2020-10-25T12:54:35.552,99.1,-3.286897397044639e-06,3.1275498093157348e-06,-1.2778356531448186e-06
1603644875602,2020-10-25T12:54:35.602,99.15,-4.697556521921367e-06,3.578159366757239e-06,-1.1965168007597041e-06
1603644875652,2020-10-25T12:54:35.652,99.2,-6.231013077385827e-06,3.907022632889087e-06,-9.259430435013409e-07
1603644875702,2020-10-25T12:54:35.702,99.25,-7.704992496388866e-06,4.218725385622927e-06,-2.2695164474511586e-07
1603644875752,2020-10-25T12:54:35.752,99.3,-9.404619650377454e-06,4.469093453287529e-06,8.863475580340095e-07
1603644875802,2020-10-25T12:54:35.802,99.35,-1.1280450643120256e-05,4.4059703463072295e-06,1.8318176844156179e-06
1603644875852,2020-10-25T12:54:35.852,99.4,-1.26727436750418e-05,3.98202715042643e-06,2.1673847927037417e-06
1603644875902,2020-10-25T12:54:35.902,99.45,-1.33328976815599e-05,3.501952880482354e-06,2.2190815912556493e-06
1603644875952,2020-10-25T12:54:35.952,99.5,-1.3772342349045352e-05,3.225543514022841e-06,2.4553425639874625e-06
1603644876002,2020-10-25T12:54:36.002,99.55,-1.4241095683946109e-05,3.0297398558198887e-06,2.7363237786152983e-06
1603644876052,2020-10-25T12:54:36.052,99.6,-1.4345589804912276e-05,2.7120754894206312e-06,2.788110078364414e-06
1603644876102,2020-10-25T12:54:36.102,99.65,-1.3986445102754407e-05,2.409962246941794e-06,2.8310502113856454e-06
1603644876152,2020-10-25T12:54:36.152,99.7,-1.3655956117124235e-05,2.3838141425237474e-06,3.104361774872043e-06
1603644876202,2020-10-25T12:54:36.202,99.75,-1.3483071364327804e-05,2.5892959368539892e-06,3.3978918498223374e-06
1603644876252,2020-10-25T12:54:36.252,99.8,-1.2977291858249104e-05,2.7451933326777135e-06,3.5138219387728624e-06
1603644876302,2020-10-25T12:54:36.302,99.85,-1.2017994004384818e-05,2.6477195011262642e-06,3.5649130844819444e-06
1603644876352,2020-10-25T12:54:36.352,99.9,-1.1145747310727678e-05,2.2873423709195253e-06,3.6678253300514865e-06
1603644876402,2020-10-25T12:54:36.402,99.95,-1.0654451236306958e-05,1.844771141808943e-06,3.838306833426888e-06
1603644876452,2020-10-25T12:54:36.452,100.0,-1.0317112375879582e-05,1.5924602027949055e-06,4.075258023664262e-06
1603644876502,2020-10-25T12:54:36.502,100.05,-1.0149200690097482e-05,1.5882844301386595e-06,4.313645496993165e-06
1603644876552,2020-10-25T12:54:36.552,100.1,-1.0539004037722175e-05,1.5125296233117853e-06,4.477500549850486e-06
1603644876602,2020-10-25T12:54:36.602,100.15,-1.1445053418006554e-05,1.1255967200916742e-06,4.547468438708912e-06
1603644876652,2020-10-25T12:54:36.652,100.2,-1.2197498678323362e-05,7.919608280623091e-07,4.543709022644574e-06
1603644876702,2020-10-25T12:54:36.702,100.25,-1.229461094445802e-05,9.997532492774764e-07,4.621004771253299e-06
1603644876752,2020-10-25T12:54:36.752,100.3,-1.1944866670006292e-05,1.4941408979158322e-06,4.957029961764986e-06
1603644876802,2020-10-25T12:54:36.802,100.35,-1.1686001347023783e-05,1.6103395153023987e-06,5.398100406884235e-06
1603644876852,2020-10-25T12:54:36.852,100.4,-1.170465253969278e-05,1.239621470476626e-06,5.604568221090607e-06
1603644876902,2020-10-25T12:54:36.902,100.45,-1.1711922905090614e-05,8.183105220539163e-07,5.490976066817247e-06
1603644876952,2020-10-25T12:54:36.952,100.5,-1.1507117522093897e-05,7.221606829605531e-07,5.189943730810896e-06
1603644877002,2020-10-25T12:54:37.002,100.55,-1.1376226368035269e-05,1.0030767705859092e-06,4.9017951610247706e-06
1603644877052,2020-10-25T12:54:37.052,100.6,-1.1610037775203856e-05,1.3368772731029394e-06,4.87966289040402e-06
1603644877102,2020-10-25T12:54:37.102,100.65,-1.1928711434525178e-05,1.3535334192804325e-06,5.148033752923541e-06
1603644877152,2020-10-25T12:54:37.152,100.7,-1.1898899749594129e-05,1.2491904113671353e-06,5.419442392105026e-06
1603644877202,2020-10-25T12:54:37.202,100.75,-1.1674112245969478e-05,1.4746682727061046e-06,5.529230385970874e-06
1603644877252,2020-10-25T12:54:37.252,100.8,-1.1748587649717165e-05,1.8148505369203372e-06,5.55359982055862e-06
1603644877302,2020-10-25T12:54:37.302,100.85,-1.2125908010841988e-05,1.7252553326872008e-06,5.489446774603029e-06
1603644877352,2020-10-25T12:54:37.352,100.9,-1.2294171838137474e-05,1.4249265394042943e-06,5.236505611520905e-06
1603644877402,2020-10-25T12:54:37.402,100.95,-1.202476365881512e-05,1.6009694576357351e-06,4.840965968081932e-06
1603644877452,2020-10-25T12:54:37.452,101.0,-1.1681449639883986e-05,2.260532708060927e-06,4.5111601664503545e-06
1603644877502,2020-10-25T12:54:37.502,101.05,-1.163656509745701e-05,2.7730706151113387e-06,4.381142788011756e-06
1603644877552,2020-10-25T12:54:37.552,101.1,-1.1840178406709546e-05,2.801564508821792e-06,4.349149532479779e-06
1603644877602,2020-10-25T12:54:37.602,101.15,-1.2057912021240084e-05,2.6001877353775728e-06,4.2340836526938295e-06
1603644877652,2020-10-25T12:54:37.652,101.2,-1.2171939980492332e-05,2.5635351418085548e-06,3.9944557152001835e-06
1603644877702,2020-10-25T12:54:37.702,101.25,-1.220971227788543e-05,2.7740659855050138e-06,3.6830845005480054e-06
1603644877752,2020-10-25T12:54:37.752,101.3,-1.2217200794403638e-05,3.0168028295920066e-06,3.3547721525324816e-06
1603644877802,2020-10-25T12:54:37.802,101.35,-1.212012620443702e-05,3.16299685453578e-06,3.061783892306e-06
1603644877852,2020-10-25T12:54:37.852,101.4,-1.1850061621069907e-05,3.291316442939108e-06,2.781125547593948e-06
1603644877902,2020-10-25T12:54:37.902,101.45,-1.157519783385245e-05,3.4003320502093665e-06,2.4808492058414583e-06
1603644877952,2020-10-25T12:54:37.952,101.5,-1.1497132209386815e-05,3.397166227591709e-06,2.3007502120597047e-06
1603644878002,2020-10-25T12:54:38.002,101.55,-1.1471455751065819e-05,3.423778906926075e-06,2.301617668999886e-06
1603644878052,2020-10-25T12:54:38.052,101.6,-1.1164525532782219e-05,3.795767223890885e-06,2.14744793269383e-06
1603644878102,2020-10-25T12:54:38.102,101.65,-1.0534383133410829e-05,4.538864928699551e-06,1.5719024119205464e-06
1603644878152,2020-10-25T12:54:38.152,101.7,-9.781255947205966e-06,5.1735664245977e-06,8.805942965507649e-07
1603644878202,2020-10-25T12:54:38.202,101.75,-8.835093783724316e-06,5.118431622474484e-06,3.9819757777421665e-07
1603644878252,2020-10-25T12:54:38.252,101.8,-7.425769478997498e-06,4.483235989694317e-06,-1.1931908324123114e-07
1603644878302,2020-10-25T12:54:38.302,101.85,-5.751561309676155e-06,4.150003018001556e-06,-9.141101242762769e-07
1603644878352,2020-10-25T12:54:38.352,101.9,-4.455527656074416e-06,4.553575083289292e-06,-1.581246844770486e-06
1603644878402,2020-10-25T12:54:38.402,101.95,-3.8011347457977077e-06,4.896595738986853e-06,-1.5672197617695375e-06
1603644878452,2020-10-25T12:54:38.452,102.0,-3.3654147518237326e-06,4.330249330921697e-06,-1.0113255360351487e-06
1603644878502,2020-10-25T12:54:38.502,102.05,-2.589177328855101e-06,3.3114487030650842e-06,-6.508671354109401e-07
1603644878552,2020-10-25T12:54:38.552,102.1,-1.38573862049241e-06,2.8868404114345997e-06,-8.565911563412332e-07
1603644878602,2020-10-25T12:54:38.602,102.15,-2.410125900005815e-07,3.092074495619431e-06,-1.1428294180419744e-06
1603644878652,2020-10-25T12:54:38.652,102.2,3.576586160060147e-07,3.03325135804798e-06,-1.0746772427529268e-06
1603644878702,2020-10-25T12:54:38.702,102.25,6.119280954419552e-07,2.421692113227649e-06,-1.1615332491879727e-06
1603644878752,2020-10-25T12:54:38.752,102.3,1.2255256647213e-06,2.0172809616494587e-06,-1.9533669105906173e-06
1603644878802,2020-10-25T12:54:38.802,102.35,2.5888451667340682e-06,2.2327733979857583e-06,-2.925585425445015e-06
1603644878852,2020-10-25T12:54:38.852,102.4,4.447358324780017e-06,2.253042642204238e-06,-3.4249301596894296e-06
1603644878902,2020-10-25T12:54:38.902,102.45,6.1942983293023276e-06,1.2702841133434437e-06,-3.809253544099324e-06
1603644878952,2020-10-25T12:54:38.952,102.5,7.367847300179187e-06,-1.6986858473315908e-07,-4.454260084040034e-06
1603644879002,2020-10-25T12:54:39.002,102.55,8.00261900702126e-06,-9.569829844821852e-07,-4.811316101934715e-06
1603644879052,2020-10-25T12:54:39.052,102.6,8.360488596916532e-06,-9.443588088780222e-07,-4.58978023905577e-06
1603644879102,2020-10-25T12:54:39.102,102.65,8.479356656764165e-06,-7.878402442187133e-07,-4.560135318044246e-06
1603644879152,2020-10-25T12:54:39.152,102.7,8.463624444339405e-06,-8.188077877209954e-07,-5.210495318321817e-06
1603644879202,2020-10-25T12:54:39.202,102.75,8.794781337984744e-06,-9.497155155641167e-07,-5.884110910441673e-06
1603644879252,2020-10-25T12:54:39.252,102.8,9.680353979583952e-06,-1.1676394972151011e-06,-5.90189396604943e-06
1603644879302,2020-10-25T12:54:39.302,102.85,1.0535772919159973e-05,-1.395178580010299e-06,-5.415582202783606e-06
1603644879352,2020-10-25T12:54:39.352,102.9,1.0631609954338762e-05,-1.385415825182874e-06,-4.845569243855501e-06
1603644879402,2020-10-25T12:54:39.402,102.95,9.944313496727552e-06,-1.1747047135926637e-06,-4.384404948439008e-06
1603644879452,2020-10-25T12:54:39.452,103.0,9.150986223711733e-06,-1.0745570404960827e-06,-4.1913119262224625e-06
1603644879502,2020-10-25T12:54:39.502,103.05,8.874416410873868e-06,-1.1287183460658728e-06,-4.364364020951702e-06
1603644879552,2020-10-25T12:54:39.552,103.1,9.026138056072164e-06,-1.179158777586582e-06,-4.57822618860294e-06
1603644879602,2020-10-25T12:54:39.602,103.15,9.144723803248922e-06,-1.3321672806958842e-06,-4.401017958789176e-06
1603644879652,2020-10-25T12:54:39.652,103.2,9.177070576780392e-06,-1.7574860811148305e-06,-4.056174377707886e-06
1603644879702,2020-10-25T12:54:39.702,103.25,9.307546931018183e-06,-2.1969785258078075e-06,-4.042101082906808e-06
1603644879752,2020-10-25T12:54:39.752,103.3,9.358274408874271e-06,-2.2046806258522072e-06,-4.117483709152949e-06
1603644879802,2020-10-25T12:54:39.802,103.35,9.11738381709068e-06,-1.7761097287777164e-06,-3.8000053842349734e-06
1603644879852,2020-10-25T12:54:39.852,103.4,8.834681066494163e-06,-1.3172754303940479e-06,-3.5296840221221605e-06
1603644879902,2020-10-25T12:54:39.902,103.45,8.744923217086194e-06,-1.034574950037344e-06,-4.0200715812973755e-06
1603644879952,2020-10-25T12:54:39.952,103.5,8.608921392627568e-06,-7.751231129084132e-07,-4.892304952364341e-06
1603644880002,2020-10-25T12:54:40.002,103.55,8.268952976210825e-06,-5.682808986801663e-07,-5.129096261728313e-06
1603644880052,2020-10-25T12:54:40.052,103.6,8.121106957100504e-06,-8.100742870509606e-07,-4.47367299877607e-06
1603644880102,2020-10-25T12:54:40.102,103.65,8.489095699323574e-06,-1.4919078220652726e-06,-3.6478562915738252e-06
1603644880152,2020-10-25T12:54:40.152,103.7,8.993955792150246e-06,-1.8078809564448708e-06,-3.4904214291340995e-06
1603644880202,2020-10-25T12:54:40.202,103.75,9.060478781365113e-06,-1.265930524824249e-06,-4.058787996194474e-06
1603644880252,2020-10-25T12:54:40.252,103.8,8.640865119396565e-06,-6.189033509574454e-07,-4.48785405314947e-06
1603644880302,2020-10-25T12:54:40.302,103.85,8.058521870023773e-06,-7.77922611584842e-07,-4.089265165340928e-06
1603644880352,2020-10-25T12:54:40.352,103.9,7.591919459767823e-06,-1.3816529255457328e-06,-3.4134462322514974e-06
1603644880402,2020-10-25T12:54:40.402,103.95,7.4149625681370685e-06,-1.4140605402214726e-06,-3.4110770956109893e-06
1603644880452,2020-10-25T12:54:40.452,104.0,7.430254959067903e-06,-7.186316948274167e-07,-3.9552738735037394e-06
1603644880502,2020-10-25T12:54:40.502,104.05,7.192002533039859e-06,-7.238963231512396e-09,-4.289537742476201e-06
1603644880552,2020-10-25T12:54:40.552,104.1,6.5436135610594235e-06,2.288786542384004e-07,-4.301231899109013e-06
1603644880602,2020-10-25T12:54:40.602,104.15,6.041184024395657e-06,1.044871949941124e-07,-4.218500070753108e-06
1603644880652,2020-10-25T12:54:40.652,104.2,6.163009465905513e-06,-1.1091900902009818e-07,-3.901492750415166e-06
1603644880702,2020-10-25T12:54:40.702,104.25,6.535598804421455e-06,-3.167225933946576e-07,-3.386648047817381e-06
1603644880752,2020-10-25T12:54:40.752,104.3,6.555053707657808e-06,-5.034485092553458e-07,-3.191360585563301e-06
1603644880802,2020-10-25T12:54:40.802,104.35,6.342051293178927e-06,-6.523012392133158e-07,-3.4677803897731733e-06
1603644880852,2020-10-25T12:54:40.852,104.4,6.428820360367959e-06,-7.282019398965953e-07,-3.744711088055262e-06
1603644880902,2020-10-25T12:54:40.902,104.45,6.830665855044722e-06,-6.224125501641989e-07,-3.7669143173074755e-06
1603644880952,2020-10-25T12:54:40.952,104.5,7.0911458779681985e-06,-2.6019238321181464e-07,-3.7828259248084913e-06
1603644881002,2020-10-25T12:54:41.002,104.55,7.050225158049589e-06,9.4358048989673e-08,-3.912827890907682e-06
1603644881052,2020-10-25T12:54:41.052,104.6,6.975347991449092e-06,1.0988234405252895e-08,-3.931365550709636e-06
1603644881102,2020-10-25T12:54:41.102,104.65,7.050898749444389e-06,-4.827402159552403e-07,-3.787375473262165e-06
1603644881152,2020-10-25T12:54:41.152,104.7,7.255054858069868e-06,-9.065401907221392e-07,-3.771050799795942e-06
1603644881202,2020-10-25T12:54:41.202,104.75,7.614481495206999e-06,-1.0052584139450967e-06,-3.948003801868755e-06
1603644881252,2020-10-25T12:54:41.252,104.8,8.0824097215467e-06,-9.134120439623091e-07,-3.96917914859047e-06
1603644881302,2020-10-25T12:54:41.302,104.85,8.377127479474555e-06,-7.017245429618111e-07,-3.797932588208557e-06
1603644881352,2020-10-25T12:54:41.352,104.9,8.401363846097282e-06,-3.8773413929630083e-07,-3.988887488152422e-06
1603644881402,2020-10-25T12:54:41.402,104.95,8.459864387676028e-06,-3.61731445275907e-07,-4.75110025935747e-06
1603644881452,2020-10-25T12:54:41.452,105.0,8.732706366737609e-06,-1.0404262031916769e-06,-5.430601966971829e-06
1603644881502,2020-10-25T12:54:41.502,105.05,9.08990671290468e-06,-2.0305836880680915e-06,-5.453279372388401e-06
1603644881552,2020-10-25T12:54:41.552,105.1,9.561657723744767e-06,-2.5051519157631677e-06,-5.136915362269518e-06
1603644881602,2020-10-25T12:54:41.602,105.15,1.0192586278742212e-05,-2.530945287674327e-06,-5.068574589913234e-06
1603644881652,2020-10-25T12:54:41.652,105.2,1.0492752390410082e-05,-2.9983368503928422e-06,-5.222662499033379e-06
1603644881702,2020-10-25T12:54:41.702,105.25,1.0128232235186799e-05,-4.054278736383012e-06,-5.250744045808146e-06
1603644881752,2020-10-25T12:54:41.752,105.3,9.890449528728923e-06,-4.781736829719328e-06,-5.231539557360393e-06
1603644881802,2020-10-25T12:54:41.802,105.35,1.0561107077731882e-05,-4.727006258068252e-06,-5.451671223948386e-06
1603644881852,2020-10-25T12:54:41.852,105.4,1.1312594810153347e-05,-4.544353859980257e-06,-5.6974739903148286e-06
1603644881902,2020-10-25T12:54:41.902,105.45,1.0920228160903037e-05,-4.733974965271018e-06,-5.555104457681752e-06
1603644881952,2020-10-25T12:54:41.952,105.5,9.847431798754829e-06,-4.879567090164478e-06,-5.314932974571279e-06
1603644882002,2020-10-25T12:54:42.002,105.55,9.37727211011015e-06,-4.623699524987713e-06,-5.66843031582976e-06
1603644882052,2020-10-25T12:54:42.052,105.6,9.514473673865751e-06,-4.336414121754897e-06,-6.407483940629887e-06
1603644882102,2020-10-25T12:54:42.102,105.65,9.28565625273607e-06,-4.164047859739301e-06,-6.476227602894713e-06
1603644882152,2020-10-25T12:54:42.152,105.7,8.308256421665308e-06,-3.3873282486525666e-06,-5.711539228934198e-06
1603644882202,2020-10-25T12:54:42.202,105.75,6.938511639298258e-06,-1.6208648783928489e-06,-5.3784488302889995e-06
1603644882252,2020-10-25T12:54:42.252,105.8,5.476949083666278e-06,2.1578306348144377e-07,-6.189770728695769e-06
1603644882302,2020-10-25T12:54:42.302,105.85,3.915594395439301e-06,1.1942551402955252e-06,-6.899173653945664e-06
1603644882352,2020-10-25T12:54:42.352,105.9,2.205125346722905e-06,1.7458542536827717e-06,-5.96788000556544e-06
1603644882402,2020-10-25T12:54:42.402,105.95,4.779738779381669e-07,2.5862029169659067e-06,-3.7765337610067e-06
1603644882452,2020-10-25T12:54:42.452,106.0,-9.890170939894432e-07,3.324733232005027e-06,-2.0451088951291783e-06
1603644882502,2020-10-25T12:54:42.502,106.05,-1.9973536146402847e-06,3.3570129184123728e-06,-1.616950264172222e-06
1603644882552,2020-10-25T12:54:42.552,106.1,-2.596147040602503e-06,3.116990856482189e-06,-1.8481897064579618e-06
1603644882602,2020-10-25T12:54:42.602,106.15,-3.058307077103842e-06,3.302267043510387e-06,-1.8719774124806747e-06
1603644882652,2020-10-25T12:54:42.652,106.2,-3.712132011426155e-06,3.6714782010694105e-06,-1.4735305432840486e-06
1603644882702,2020-10-25T12:54:42.702,106.25,-4.765273551518803e-06,3.5848930675219312e-06,-8.424218229027543e-07
1603644882752,2020-10-25T12:54:42.752,106.3,-6.1768100318155466e-06,3.150243566445314e-06,-2.7695653328960785e-07
1603644882802,2020-10-25T12:54:42.802,106.35,-7.570541872695913e-06,2.9663746975552975e-06,3.0616268306445575e-08
1603644882852,2020-10-25T12:54:42.852,106.4,-8.443104351250031e-06,3.074614246498204e-06,2.9712175639613044e-07
1603644882902,2020-10-25T12:54:42.902,106.45,-8.6794908559407e-06,2.9485206694104096e-06,8.035937600049613e-07
1603644882952,2020-10-25T12:54:42.952,106.5,-8.61848782226188e-06,2.466306993701791e-06,1.3374372397141997e-06
1603644883002,2020-10-25T12:54:43.002,106.55,-8.4831327230472e-06,2.216969649099016e-06,1.6022612358900419e-06
1603644883052,2020-10-25T12:54:43.052,106.6,-8.188501716169908e-06,2.548881345928493e-06,1.796673100834022e-06
1603644883102,2020-10-25T12:54:43.102,106.65,-7.772020176426947e-06,2.841539755956818e-06,2.16824863818439e-06
1603644883152,2020-10-25T12:54:43.152,106.7,-7.437232061854093e-06,2.3401109293581924e-06,2.4702926080237425e-06
1603644883202,2020-10-25T12:54:43.202,106.75,-7.1210988898557785e-06,1.3593575046256948e-06,2.4393154262045855e-06
1603644883252,2020-10-25T12:54:43.252,106.8,-6.5880309482713516e-06,8.926827257118797e-07,2.3585750029110635e-06
1603644883302,2020-10-25T12:54:43.302,106.85,-5.944431520622469e-06,1.2243778543420154e-06,2.5448620248943345e-06
1603644883352,2020-10-25T12:54:43.352,106.9,-5.506978031327052e-06,1.68782611071656e-06,2.7631917342690477e-06
1603644883402,2020-10-25T12:54:43.402,106.95,-5.246802291657051e-06,1.7610086400297429e-06,2.7939498140431387e-06
1603644883452,2020-10-25T12:54:43.452,107.0,-4.965603516580638e-06,1.631404517785777e-06,2.912005099145784e-06
1603644883502,2020-10-25T12:54:43.502,107.05,-4.890823566357789e-06,1.506266363685906e-06,3.1918368962186722e-06
1603644883552,2020-10-25T12:54:43.552,107.1,-5.333158790598537e-06,1.2118685418236827e-06,3.233522166028661e-06
1603644883602,2020-10-25T12:54:43.602,107.15,-5.830498518075299e-06,8.100166543695695e-07,3.0309935726194524e-06
1603644883652,2020-10-25T12:54:43.652,107.2,-5.5802787197274016e-06,7.133432989781502e-07,3.0880965521227506e-06
1603644883702,2020-10-25T12:54:43.702,107.25,-4.738846021101639e-06,8.59334888762354e-07,3.444081068461757e-06
1603644883752,2020-10-25T12:54:43.752,107.3,-4.269280186821931e-06,6.817724299170311e-07,3.5875528261479876e-06
1603644883802,2020-10-25T12:54:43.802,107.35,-4.526920222968005e-06,1.350929355244852e-07,3.4164294281556538e-06
1603644883852,2020-10-25T12:54:43.852,107.4,-4.9761334982985756e-06,-1.755048927968967e-07,3.404057382354148e-06
1603644883902,2020-10-25T12:54:43.902,107.45,-5.0891507967786165e-06,-4.409900434268672e-08,3.757163688403249e-06
1603644883952,2020-10-25T12:54:43.952,107.5,-4.734542347912085e-06,6.361315350379466e-08,4.124909258274712e-06
1603644884002,2020-10-25T12:54:44.002,107.55,-4.121878096473249e-06,-1.0417120144432001e-07,4.209785831846199e-06
1603644884052,2020-10-25T12:54:44.052,107.6,-3.7601768842358e-06,-2.4129563583548367e-07,4.110238337104105e-06
1603644884102,2020-10-25T12:54:44.102,107.65,-3.864370086191397e-06,-9.500364438645837e-08,4.035175610650877e-06
1603644884152,2020-10-25T12:54:44.152,107.7,-3.914544264745087e-06,1.4335344984407062e-07,4.074577102670925e-06
1603644884202,2020-10-25T12:54:44.202,107.75,-3.461832645985701e-06,8.759324572468381e-08,4.176307644631521e-06
1603644884252,2020-10-25T12:54:44.252,107.8,-2.8745798555920945e-06,-3.8000094725664946e-07,4.160951344057684e-06
1603644884302,2020-10-25T12:54:44.302,107.85,-2.7121031882607976e-06,-8.676472335312462e-07,3.992182063826173e-06
1603644884352,2020-10-25T12:54:44.352,107.9,-2.9590408356579523e-06,-8.787866978433035e-07,3.986465153773647e-06
1603644884402,2020-10-25T12:54:44.402,107.95,-3.2414906659704856e-06,-5.043345219600418e-07,4.3159528461358405e-06
1603644884452,2020-10-25T12:54:44.452,108.0,-3.292984575558147e-06,-3.1699462240861395e-07,4.5288526872200074e-06
1603644884502,2020-10-25T12:54:44.502,108.05,-3.062888577460156e-06,-5.159194775038342e-07,4.163098354479238e-06
1603644884552,2020-10-25T12:54:44.552,108.1,-2.715389487393229e-06,-6.649927581033355e-07,3.5254562606542437e-06
1603644884602,2020-10-25T12:54:44.602,108.15,-2.526370606062013e-06,-4.844732193726468e-07,3.2588764755582618e-06
1603644884652,2020-10-25T12:54:44.652,108.2,-2.5631645272582096e-06,-3.81649286109725e-07,3.500734888323186e-06
1603644884702,2020-10-25T12:54:44.702,108.25,-2.546880492067899e-06,-7.371237607394375e-07,3.9401083324685565e-06
1603644884752,2020-10-25T12:54:44.752,108.3,-2.2416274202761156e-06,-1.1901698236006772e-06,4.282013623432013e-06
1603644884802,2020-10-25T12:54:44.802,108.35,-1.8657087264137153e-06,-1.252460480883676e-06,4.331960954085711e-06
1603644884852,2020-10-25T12:54:44.852,108.4,-1.7820790683165357e-06,-1.091551257460289e-06,4.057955842227954e-06
1603644884902,2020-10-25T12:54:44.902,108.45,-1.9085552656588473e-06,-1.1163372747657941e-06,3.7522483849317223e-06
1603644884952,2020-10-25T12:54:44.952,108.5,-1.94784958591753e-06,-1.2925067916011699e-06,3.7471586729366705e-06
1603644885002,2020-10-25T12:54:45.002,108.55,-1.9854850599303967e-06,-1.2970659360869311e-06,3.950305285133705e-06
1603644885052,2020-10-25T12:54:45.052,108.6,-2.1708931474118804e-06,-1.029728459534757e-06,4.016421882117385e-06
1603644885102,2020-10-25T12:54:45.102,108.65,-2.1577381607385382e-06,-7.630185316194197e-07,3.890741098802026e-06
1603644885152,2020-10-25T12:54:45.152,108.7,-1.6458403834394488e-06,-8.047383722209807e-07,3.851557100527355e-06
1603644885202,2020-10-25T12:54:45.202,108.75,-1.0869193428211127e-06,-1.04433112132392e-06,4.065949217239455e-06
1603644885252,2020-10-25T12:54:45.252,108.8,-1.1035209144666105e-06,-1.1163225454711334e-06,4.2957550404566295e-06
1603644885302,2020-10-25T12:54:45.302,108.85,-1.4711560346609377e-06,-1.0223154546068638e-06,4.148788858755748e-06
1603644885352,2020-10-25T12:54:45.352,108.9,-1.3519553259361755e-06,-1.077521056207656e-06,3.6800257657036994e-06
1603644885402,2020-10-25T12:54:45.402,108.95,-5.627566512814012e-07,-1.2946114114003455e-06,3.42635337879026e-06
1603644885452,2020-10-25T12:54:45.452,109.0,3.256693075308936e-08,-1.4394386439697424e-06,3.5732316669829794e-06
1603644885502,2020-10-25T12:54:45.502,109.05,-2.645951586855299e-07,-1.5217938641462815e-06,3.6677084975112736e-06
1603644885552,2020-10-25T12:54:45.552,109.1,-1.003702213971858e-06,-1.6187391457050097e-06,3.4967474575507607e-06
1603644885602,2020-10-25T12:54:45.602,109.15,-1.3081409088448256e-06,-1.54247922582885e-06,3.412832219737791e-06
1603644885652,2020-10-25T12:54:45.652,109.2,-9.983981260651062e-07,-1.246401934049407e-06,3.535471324734069e-06
1603644885702,2020-10-25T12:54:45.702,109.25,-5.046051814780596e-07,-1.0961827879051607e-06,3.5614209530258616e-06
1603644885752,2020-10-25T12:54:45.752,109.3,-1.69577334601484e-07,-1.2722454292213393e-06,3.4344440715606363e-06
1603644885802,2020-10-25T12:54:45.802,109.35,-9.681617464111025e-08,-1.459211687806553e-06,3.4300800734249298e-06
1603644885852,2020-10-25T12:54:45.852,109.4,-3.1786360337332825e-07,-1.4521648315758196e-06,3.6622149318996095e-06
1603644885902,2020-10-25T12:54:45.902,109.45,-6.692342074107373e-07,-1.4905596315135452e-06,3.913999365636235e-06
1603644885952,2020-10-25T12:54:45.952,109.5,-7.48287348948602e-07,-1.7521569006370123e-06,3.862782419516788e-06
1603644886002,2020-10-25T12:54:46.002,109.55,-4.4513656262158427e-07,-1.955736912387848e-06,3.4936859880083027e-06
1603644886052,2020-10-25T12:54:46.052,109.6,-2.8567286638329555e-07,-1.7425722356767635e-06,3.261792789626039e-06
1603644886102,2020-10-25T12:54:46.102,109.65,-6.472243387749188e-07,-1.318541177786498e-06,3.4765153878140475e-06
1603644886152,2020-10-25T12:54:46.152,109.7,-9.464058116930012e-07,-1.3101393254353345e-06,3.7237587146608028e-06
1603644886202,2020-10-25T12:54:46.202,109.75,-5.023838989573362e-07,-1.8394320679849544e-06,3.490392524934854e-06
1603644886252,2020-10-25T12:54:46.252,109.8,1.6731890451780817e-07,-2.297202753068142e-06,3.0608320486698974e-06
1603644886302,2020-10-25T12:54:46.302,109.85,7.531113320042667e-08,-2.2389553583758778e-06,3.089972953587601e-06
1603644886352,2020-10-25T12:54:46.352,109.9,-5.851493660348137e-07,-1.8862844492666695e-06,3.556359511897316e-06
1603644886402,2020-10-25T12:54:46.402,109.95,-7.42859150370053e-07,-1.6532340394676859e-06,3.831026735931942e-06
1603644886452,2020-10-25T12:54:46.452,110.0,-1.0657923890999318e-07,-1.7052720193353584e-06,3.6519073710870643e-06
1603644886502,2020-10-25T12:54:46.502,110.05,5.396658083007025e-07,-1.9747710636091182e-06,3.440706986056744e-06
1603644886552,2020-10-25T12:54:46.552,110.1,5.361543843890194e-07,-2.313167839144507e-06,3.5833156986220653e-06
1603644886602,2020-10-25T12:54:46.602,110.15,6.173395168669033e-08,-2.614350140916924e-06,3.880704761380814e-06
1603644886652,2020-10-25T12:54:46.652,110.2,-3.4504435249743226e-07,-2.7679822690971517e-06,3.996119428124598e-06
1603644886702,2020-10-25T12:54:46.702,110.25,-4.637240672972631e-07,-2.5449510523859824e-06,3.998203502201796e-06
1603644886752,2020-10-25T12:54:46.752,110.3,-4.08403404683505e-07,-1.8859569503623206e-06,4.0417143374305185e-06
1603644886802,2020-10-25T12:54:46.802,110.35,-2.41431387145983e-07,-1.299101757776789e-06,3.9634298625082496e-06
1603644886852,2020-10-25T12:54:46.852,110.4,4.80980860986603e-08,-1.3811292594796097e-06,3.617692643915063e-06
1603644886902,2020-10-25T12:54:46.902,110.45,2.3057073999675866e-07,-1.948427326653629e-06,3.2003153841144507e-06
1603644886952,2020-10-25T12:54:46.952,110.5,3.7550285893850295e-08,-2.3366428193063348e-06,2.967485177471927e-06
1603644887002,2020-10-25T12:54:47.002,110.55,-2.4119002498083973e-07,-2.3971079774195955e-06,2.9825339850995693e-06
1603644887052,2020-10-25T12:54:47.052,110.6,-4.0891399024781044e-08,-2.456401243865566e-06,3.2093222544180107e-06
1603644887102,2020-10-25T12:54:47.102,110.65,4.923823641700198e-07,-2.5613600176309937e-06,3.5442596053151856e-06
1603644887152,2020-10-25T12:54:47.152,110.7,6.419255140520141e-07,-2.446005187450123e-06,3.7398169006778856e-06
1603644887202,2020-10-25T12:54:47.202,110.75,3.67219732707711e-07,-2.1181904569790998e-06,3.5062529224645043e-06
1603644887252,2020-10-25T12:54:47.252,110.8,4.649961210788353e-07,-2.0170000736575806e-06,2.8390599072336684e-06
1603644887302,2020-10-25T12:54:47.302,110.85,1.313474169693907e-06,-2.456734153679685e-06,2.1956899060368303e-06
1603644887352,2020-10-25T12:54:47.352,110.9,2.4065549771172916e-06,-3.1192371839208608e-06,1.9725893699540846e-06
1603644887402,2020-10-25T12:54:47.402,110.95,3.377169681787053e-06,-3.397572892042239e-06,1.7926441880251727e-06
1603644887452,2020-10-25T12:54:47.452,111.0,4.531696547783893e-06,-3.217037624876289e-06,9.938023439912613e-07
1603644887502,2020-10-25T12:54:47.502,111.05,6.015062540541968e-06,-3.122097600992826e-06,-1.710998155878596e-07
1603644887552,2020-10-25T12:54:47.552,111.1,7.30512360210681e-06,-3.4139584650101727e-06,-8.236798786420285e-07
1603644887602,2020-10-25T12:54:47.602,111.15,7.871909964085927e-06,-3.706343113921825e-06,-9.723621335998232e-07
1603644887652,2020-10-25T12:54:47.652,111.2,7.739810560497474e-06,-3.665012140409223e-06,-1.5507929927400517e-06
1603644887702,2020-10-25T12:54:47.702,111.25,7.377099131043383e-06,-3.576995565906912e-06,-2.8589895749061746e-06
1603644887752,2020-10-25T12:54:47.752,111.3,7.34928000234885e-06,-3.7209487708437836e-06,-4.114215850724789e-06
1603644887802,2020-10-25T12:54:47.802,111.35,7.786992968301953e-06,-3.8382984291699185e-06,-4.6632090832874784e-06
1603644887852,2020-10-25T12:54:47.852,111.4,8.2473579544834e-06,-3.759884779321698e-06,-4.680606287681569e-06
1603644887902,2020-10-25T12:54:47.902,111.45,8.497341034023131e-06,-3.967938005321634e-06,-4.587651746177249e-06
1603644887952,2020-10-25T12:54:47.952,111.5,8.852855535877283e-06,-4.967037821201042e-06,-4.52595164588435e-06
1603644888002,2020-10-25T12:54:48.002,111.55,9.328696007839608e-06,-6.388793289709697e-06,-4.500299541517668e-06
1603644888052,2020-10-25T12:54:48.052,111.6,9.462214623762813e-06,-7.228029262372837e-06,-4.55174665916157e-06
1603644888102,2020-10-25T12:54:48.102,111.65,9.353686594313119e-06,-7.027587143157748e-06,-4.6909737659829115e-06
1603644888152,2020-10-25T12:54:48.152,111.7,9.703297039077612e-06,-6.3780944070258494e-06,-4.928180826314749e-06
1603644888202,2020-10-25T12:54:48.202,111.75,1.0541878990354222e-05,-5.90347157175493e-06,-5.3678551974742934e-06
1603644888252,2020-10-25T12:54:48.252,111.8,1.0977757013490922e-05,-5.256324511475749e-06,-5.999883487189201e-06
1603644888302,2020-10-25T12:54:48.302,111.85,1.0257487609673157e-05,-3.7441847579140203e-06,-6.409190521536145e-06
1603644888352,2020-10-25T12:54:48.352,111.9,8.31161653108853e-06,-1.546978792501702e-06,-6.032108069783578e-06
1603644888402,2020-10-25T12:54:48.402,111.95,5.508622016701803e-06,3.9528933983506366e-07,-4.787972020364828e-06
1603644888452,2020-10-25T12:54:48.452,112.0,2.4763479613754737e-06,1.5008728379123861e-06,-3.2219871902769587e-06
1603644888502,2020-10-25T12:54:48.502,112.05,-1.1326415385855209e-07,1.976212111795224e-06,-1.986897087341565e-06
1603644888552,2020-10-25T12:54:48.552,112.1,-1.9374240562862144e-06,2.2466646443899537e-06,-1.3179366408797494e-06
1603644888602,2020-10-25T12:54:48.602,112.15,-3.0349822713467633e-06,2.464483991146689e-06,-9.416170382330666e-07
1603644888652,2020-10-25T12:54:48.652,112.2,-3.4838339169291225e-06,2.6084793592656938e-06,-4.925762502744291e-07
1603644888702,2020-10-25T12:54:48.702,112.25,-3.387596068696882e-06,2.7013590954099348e-06,-1.1086015017380922e-07
1603644888752,2020-10-25T12:54:48.752,112.3,-3.025771714376745e-06,2.7832665635930552e-06,-2.6883305818212673e-07
1603644888802,2020-10-25T12:54:48.802,112.35,-2.690449278934755e-06,2.8337757517279313e-06,-8.755171344573383e-07
1603644888852,2020-10-25T12:54:48.852,112.4,-2.516912988122109e-06,2.8429449332302818e-06,-1.2795188648189735e-06
1603644888902,2020-10-25T12:54:48.902,112.45,-2.554163768365644e-06,2.8870533043153884e-06,-1.2937023567868687e-06
1603644888952,2020-10-25T12:54:48.952,112.5,-2.774296997300146e-06,3.0453886485117735e-06,-1.3307419521568243e-06
1603644889002,2020-10-25T12:54:49.002,112.55,-3.079494492738319e-06,3.264332100751952e-06,-1.4668560717114826e-06
1603644889052,2020-10-25T12:54:49.052,112.6,-3.4477273050257497e-06,3.3538827928911198e-06,-1.2846340745184965e-06
1603644889102,2020-10-25T12:54:49.102,112.65,-3.8817527360678655e-06,3.1784991035783553e-06,-7.525735593077035e-07
1603644889152,2020-10-25T12:54:49.152,112.7,-4.163739258547726e-06,2.8697333935272765e-06,-4.743930720824335e-07
1603644889202,2020-10-25T12:54:49.202,112.75,-3.9811258126270025e-06,2.7086218029857514e-06,-7.98426650411494e-07
1603644889252,2020-10-25T12:54:49.252,112.8,-3.4252410077459676e-06,2.7355779437110145e-06,-1.259588016529636e-06
1603644889302,2020-10-25T12:54:49.302,112.85,-3.0306546792394944e-06,2.7204807838544545e-06,-1.30349108829079e-06
1603644889352,2020-10-25T12:54:49.352,112.9,-3.1420397476324922e-06,2.6267418047754343e-06,-1.0698581627000935e-06
1603644889402,2020-10-25T12:54:49.402,112.95,-3.538269138480495e-06,2.7239183844666703e-06,-9.142490222311417e-07
1603644889452,2020-10-25T12:54:49.452,113.0,-3.795738866231002e-06,3.0184774826578746e-06,-6.730554039274059e-07
1603644889502,2020-10-25T12:54:49.502,113.05,-3.777987794427901e-06,3.0842131350844203e-06,-9.006551247938715e-08
1603644889552,2020-10-25T12:54:49.552,113.1,-3.6608583779588736e-06,2.8205039382796124e-06,5.212642771830763e-07
1603644889602,2020-10-25T12:54:49.602,113.15,-3.5891559225619893e-06,2.7688355555628347e-06,6.934222792203033e-07
1603644889652,2020-10-25T12:54:49.652,113.2,-3.549780491115046e-06,3.2183588668607287e-06,4.7495553755996106e-07
1603644889702,2020-10-25T12:54:49.702,113.25,-3.635318938328814e-06,3.6227723501355788e-06,2.3536136586131047e-07
1603644889752,2020-10-25T12:54:49.752,113.3,-3.982691203201654e-06,3.379219384776631e-06,1.1716690524063542e-07
1603644889802,2020-10-25T12:54:49.802,113.35,-4.311474805999515e-06,2.6957027080817602e-06,-1.8984796169677315e-09
1603644889852,2020-10-25T12:54:49.852,113.4,-4.172751198204909e-06,2.2724159573322527e-06,-1.4851132800012247e-07
1603644889902,2020-10-25T12:54:49.902,113.45,-3.7989982443532927e-06,2.362824315554828e-06,-1.575843267255729e-07
1603644889952,2020-10-25T12:54:49.952,113.5,-3.899297692113576e-06,2.5421842109518695e-06,-2.4229024195452144e-08
1603644890002,2020-10-25T12:54:50.002,113.55,-4.455894526960272e-06,2.49804389624891e-06,-1.915252650221573e-08
1603644890052,2020-10-25T12:54:50.052,113.6,-4.657915091009275e-06,2.5658010808459815e-06,-1.93474043743525e-07
1603644890102,2020-10-25T12:54:50.102,113.65,-4.263053353120407e-06,3.0000541550102645e-06,-1.6921879376498994e-07
1603644890152,2020-10-25T12:54:50.152,113.7,-3.984596471632412e-06,3.2959288663159877e-06,2.3638347819117409e-07
1603644890202,2020-10-25T12:54:50.202,113.75,-4.187240310156203e-06,3.0165307746155302e-06,5.845711394981516e-07
1603644890252,2020-10-25T12:54:50.252,113.8,-4.296949751830409e-06,2.6693807658646553e-06,3.611317662943967e-07
1603644890302,2020-10-25T12:54:50.302,113.85,-3.896030846351151e-06,2.822563589280763e-06,-2.594205992839497e-07
1603644890352,2020-10-25T12:54:50.352,113.9,-3.368937738590248e-06,3.0255325636813234e-06,-5.073935757076097e-07
1603644890402,2020-10-25T12:54:50.402,113.95,-3.148891453111599e-06,2.673943682924929e-06,-5.923826701731737e-08
1603644890452,2020-10-25T12:54:50.452,114.0,-3.1786299517735938e-06,2.2444331555784652e-06,3.3829682368803705e-07
1603644890502,2020-10-25T12:54:50.502,114.05,-3.2520111029534527e-06,2.4873447523656514e-06,-5.707095598674447e-08
1603644890552,2020-10-25T12:54:50.552,114.1,-3.2619116515215932e-06,3.046108059479909e-06,-6.829519686365654e-07
1603644890602,2020-10-25T12:54:50.602,114.15,-3.1421934877727303e-06,3.0933737520334353e-06,-5.322632058849204e-07
1603644890652,2020-10-25T12:54:50.652,114.2,-2.9620741044195105e-06,2.7595273187085407e-06,1.3253197734837614e-07
1603644890702,2020-10-25T12:54:50.702,114.25,-2.948465079401218e-06,2.7229834868961097e-06,2.667401137817924e-07
1603644890752,2020-10-25T12:54:50.752,114.3,-3.16236282053371e-06,2.9032482834241665e-06,-2.0394268612860955e-07
1603644890802,2020-10-25T12:54:50.802,114.35,-3.281230287167989e-06,2.761006062460624e-06,-4.968104498960804e-07
1603644890852,2020-10-25T12:54:50.852,114.4,-2.9962029299615685e-06,2.4300523616907394e-06,-3.9434348979173565e-07
1603644890902,2020-10-25T12:54:50.902,114.45,-2.6060481930822477e-06,2.430232279356931e-06,-3.185672949554514e-07
1603644890952,2020-10-25T12:54:50.952,114.5,-2.750775322010957e-06,2.66671363624838e-06,-3.8293245425049343e-07
1603644891002,2020-10-25T12:54:51.002,114.55,-3.4781050189940156e-06,2.670241225090647e-06,-3.315615339052098e-07
1603644891052,2020-10-25T12:54:51.052,114.6,-4.148667762340014e-06,2.4754368619333065e-06,-1.1999240235149605e-07
1603644891102,2020-10-25T12:54:51.102,114.65,-4.257661647323283e-06,2.4377627561804186e-06,8.06727262919738e-08
1603644891152,2020-10-25T12:54:51.152,114.7,-3.80995588659632e-06,2.472316658504039e-06,2.0004755075585515e-07
1603644891202,2020-10-25T12:54:51.202,114.75,-3.088047653108434e-06,2.2806984250459186e-06,2.0584517040937818e-07
1603644891252,2020-10-25T12:54:51.252,114.8,-2.4740012207936344e-06,2.088160861785138e-06,3.7897709408340233e-08
1603644891302,2020-10-25T12:54:51.302,114.85,-2.258497713997462e-06,2.288852647398289e-06,-1.643766965835458e-07
1603644891352,2020-10-25T12:54:51.352,114.9,-2.413131468431909e-06,2.6072597263909254e-06,-1.7194832370323175e-07
1603644891402,2020-10-25T12:54:51.402,114.95,-2.670648927259669e-06,2.510015362482087e-06,-9.117540906631456e-08
1603644891452,2020-10-25T12:54:51.452,115.0,-2.8043144482756553e-06,2.1349178376630437e-06,-1.8849777655186386e-07
1603644891502,2020-10-25T12:54:51.502,115.05,-2.764789411719194e-06,1.9810172025712633e-06,-3.54227021861461e-07
1603644891552,2020-10-25T12:54:51.552,115.1,-2.592245021030479e-06,2.0977034140395862e-06,-2.847449736464062e-07
1603644891602,2020-10-25T12:54:51.602,115.15,-2.299174847298374e-06,2.267905211570045e-06,-4.036906854821938e-08
1603644891652,2020-10-25T12:54:51.652,115.2,-2.016392781416187e-06,2.4813735154598523e-06,5.5022707434607277e-08
1603644891702,2020-10-25T12:54:51.702,115.25,-2.0995055337902195e-06,2.6681159848743094e-06,-1.529442251284282e-07
1603644891752,2020-10-25T12:54:51.752,115.3,-2.6630350971941623e-06,2.5098553256854334e-06,-5.638543495426613e-07
1603644891802,2020-10-25T12:54:51.802,115.35,-3.241456874177672e-06,2.001201305389391e-06,-8.505917314683268e-07
1603644891852,2020-10-25T12:54:51.852,115.4,-3.4208899904015928e-06,1.6574947796991707e-06,-6.373707931470164e-07
1603644891902,2020-10-25T12:54:51.902,115.45,-3.3908245547635254e-06,1.7394169907344917e-06,-7.418144760676541e-08
1603644891952,2020-10-25T12:54:51.952,115.5,-3.4296651914704734e-06,1.871752068505044e-06,1.182012234825571e-07
1603644892002,2020-10-25T12:54:52.002,115.55,-3.4446564747652016e-06,1.8354192218884478e-06,-3.0246707983893767e-07
1603644892052,2020-10-25T12:54:52.052,115.6,-3.3339153650926596e-06,2.004924912141959e-06,-5.653769799847289e-07
1603644892102,2020-10-25T12:54:52.102,115.65,-3.228070947047954e-06,2.520559757634329e-06,-8.790551317596035e-08
1603644892152,2020-10-25T12:54:52.152,115.7,-3.2153579279549595e-06,2.8137716273836544e-06,4.2999530473184136e-07
1603644892202,2020-10-25T12:54:52.202,115.75,-3.2010223323094877e-06,2.5366666908738185e-06,6.145802295268503e-08
1603644892252,2020-10-25T12:54:52.252,115.8,-3.0890240033549753e-06,2.219716706841804e-06,-7.797212840438991e-07
1603644892302,2020-10-25T12:54:52.302,115.85,-2.9167562805269498e-06,2.3659357801053403e-06,-9.921452815214388e-07
1603644892352,2020-10-25T12:54:52.352,115.9,-2.7698795264859894e-06,2.5920365031555477e-06,-5.164579936704811e-07
1603644892402,2020-10-25T12:54:52.402,115.95,-2.63943367230821e-06,2.3378618959702936e-06,-1.7736284585033303e-07
1603644892452,2020-10-25T12:54:52.452,116.0,-2.4191741811817787e-06,1.8076045817533264e-06,-2.367995370373206e-07
1603644892502,2020-10-25T12:54:52.502,116.05,-2.0760444120616016e-06,1.6001133489516992e-06,-2.778074163882682e-07
1603644892552,2020-10-25T12:54:52.552,116.1,-1.8126584385973402e-06,1.8566493000017799e-06,-1.4591198271835218e-07
1603644892602,2020-10-25T12:54:52.602,116.15,-1.8876402827939944e-06,2.1951162534997574e-06,-1.960346514233084e-08
1603644892652,2020-10-25T12:54:52.652,116.2,-2.205546514559842e-06,2.2239671967294807e-06,1.287806504786296e-07
1603644892702,2020-10-25T12:54:52.702,116.25,-2.3649315617508316e-06,1.8990227904314017e-06,4.154597220681444e-07
1603644892752,2020-10-25T12:54:52.752,116.3,-2.1734773426224034e-06,1.5198674075750662e-06,6.530707342026649e-07
1603644892802,2020-10-25T12:54:52.802,116.35,-1.822079760034817e-06,1.4537873612147882e-06,5.395467410518726e-07
1603644892852,2020-10-25T12:54:52.852,116.4,-1.624282393669197e-06,1.718338996328706e-06,1.0179067779544775e-07
1603644892902,2020-10-25T12:54:52.902,116.45,-1.7858123193844052e-06,1.8855253535659658e-06,-2.434444260875873e-07
1603644892952,2020-10-25T12:54:52.952,116.5,-2.1810471188590256e-06,1.636030269608681e-06,-1.0807971334638824e-07
1603644893002,2020-10-25T12:54:53.002,116.55,-2.3337897008946505e-06,1.238447517088062e-06,3.423162983900944e-07
1603644893052,2020-10-25T12:54:53.052,116.6,-1.9852815434296104e-06,1.146964242818817e-06,4.903209914153475e-07
1603644893102,2020-10-25T12:54:53.102,116.65,-1.4880134720724697e-06,1.3594899230436347e-06,6.379188965356538e-08
1603644893152,2020-10-25T12:54:53.152,116.7,-1.2478914743144666e-06,1.531830681697049e-06,-4.913738853593408e-07
1603644893202,2020-10-25T12:54:53.202,116.75,-1.1527082551787294e-06,1.491154165422073e-06,-6.208986202464445e-07
1603644893252,2020-10-25T12:54:53.252,116.8,-8.830638198521017e-07,1.3321452867359364e-06,-3.554123751765063e-07
1603644893302,2020-10-25T12:54:53.302,116.85,-3.191768874977302e-07,1.1958705119833046e-06,-2.1352829866992905e-07
1603644893352,2020-10-25T12:54:53.352,116.9,5.498359169657745e-07,1.1128446440513568e-06,-5.41617765827319e-07
1603644893402,2020-10-25T12:54:53.402,116.95,1.6631648780263896e-06,9.459498661460053e-07,-1.1788567521736317e-06
1603644893452,2020-10-25T12:54:53.452,117.0,2.8367210956750898e-06,5.475997023972185e-07,-1.768394460410621e-06
1603644893502,2020-10-25T12:54:53.502,117.05,3.969714676198579e-06,4.1360430816044094e-08,-2.090964933255647e-06
1603644893552,2020-10-25T12:54:53.552,117.1,5.0770506255913035e-06,-2.7734947639943796e-07,-2.162591095143493e-06
1603644893602,2020-10-25T12:54:53.602,117.15,6.092493300297851e-06,-3.816566605901021e-07,-2.3544456498219834e-06
1603644893652,2020-10-25T12:54:53.652,117.2,7.0498456297562345e-06,-5.703198469447874e-07,-3.0973418556858492e-06
1603644893702,2020-10-25T12:54:53.702,117.25,8.15394744255888e-06,-9.942013865227698e-07,-4.111441768354169e-06
1603644893752,2020-10-25T12:54:53.752,117.3,9.178134231711276e-06,-1.465950324039633e-06,-4.542234986317985e-06
1603644893802,2020-10-25T12:54:53.802,117.35,9.469378028375954e-06,-1.8758060202338702e-06,-4.228773560208938e-06
1603644893852,2020-10-25T12:54:53.852,117.4,9.062897192167025e-06,-2.341632352729778e-06,-4.038031118423799e-06
1603644893902,2020-10-25T12:54:53.902,117.45,8.837646022553518e-06,-2.814904874438092e-06,-4.558031758295623e-06
1603644893952,2020-10-25T12:54:53.952,117.5,9.21321265910968e-06,-3.0912024441294556e-06,-5.323836663972396e-06
1603644894002,2020-10-25T12:54:54.002,117.55,9.801130940502022e-06,-3.251212467972336e-06,-5.722299901941062e-06
1603644894052,2020-10-25T12:54:54.052,117.6,1.035402895330193e-05,-3.5613580404111876e-06,-5.809908765271407e-06
1603644894102,2020-10-25T12:54:54.102,117.65,1.0902181120171912e-05,-4.067076849496745e-06,-5.894313512040337e-06
1603644894152,2020-10-25T12:54:54.152,117.7,1.1243462654157703e-05,-4.672206124195874e-06,-6.0197003141828475e-06
1603644894202,2020-10-25T12:54:54.202,117.75,1.1225710702615524e-05,-5.329862043344845e-06,-6.049209140315119e-06
1603644894252,2020-10-25T12:54:54.252,117.8,1.1033849951479337e-05,-5.933961215657388e-06,-5.8351827771586486e-06
1603644894302,2020-10-25T12:54:54.302,117.85,1.0748412501352787e-05,-6.305439657338425e-06,-5.381593372568477e-06
1603644894352,2020-10-25T12:54:54.352,117.9,1.0293651626329355e-05,-6.3541531878787744e-06,-4.978447282027743e-06
1603644894402,2020-10-25T12:54:54.402,117.95,9.833934589783882e-06,-6.152372562377347e-06,-4.958501722451934e-06
1603644894452,2020-10-25T12:54:54.452,118.0,9.522391582987818e-06,-5.8341628464973905e-06,-5.302214791100941e-06
1603644894502,2020-10-25T12:54:54.502,118.05,9.13336119549895e-06,-5.330788646243066e-06,-5.567090826957686e-06
1603644894552,2020-10-25T12:54:54.552,118.1,8.476285403784778e-06,-4.41157724039392e-06,-5.280895219926384e-06
1603644894602,2020-10-25T12:54:54.602,118.15,7.712821385346959e-06,-3.2234018271624544e-06,-4.6254575850330154e-06
1603644894652,2020-10-25T12:54:54.652,118.2,6.9220450518170116e-06,-2.2672247327645535e-06,-4.373571208993451e-06
1603644894702,2020-10-25T12:54:54.702,118.25,5.861618380659226e-06,-1.596617464884629e-06,-4.62433618217756e-06
1603644894752,2020-10-25T12:54:54.752,118.3,4.398157021352769e-06,-7.871084356300556e-07,-4.4619330346812845e-06
1603644894802,2020-10-25T12:54:54.802,118.35,2.7798518125940796e-06,2.6254763856485926e-07,-3.558906238894266e-06
1603644894852,2020-10-25T12:54:54.852,118.4,1.3477196563916521e-06,1.2916779325043868e-06,-2.7610766312098517e-06
1603644894902,2020-10-25T12:54:54.902,118.45,2.214113388388361e-07,2.1240748568344206e-06,-2.5012500353996333e-06
1603644894952,2020-10-25T12:54:54.952,118.5,-7.336395016397371e-07,2.5332804286715016e-06,-2.2376157919438875e-06
1603644895002,2020-10-25T12:54:55.002,118.55,-1.7741388676585187e-06,2.3852556255800873e-06,-1.6936494333981498e-06
1603644895052,2020-10-25T12:54:55.052,118.6,-3.0091614092172453e-06,2.2091240341897683e-06,-1.1615232688676234e-06
1603644895102,2020-10-25T12:54:55.102,118.65,-4.271438076439244e-06,2.576159330496149e-06,-7.429468187018417e-07
1603644895152,2020-10-25T12:54:55.152,118.7,-5.4402639968013225e-06,3.054275683313363e-06,-3.544521399718337e-07
1603644895202,2020-10-25T12:54:55.202,118.75,-6.6131103555896245e-06,2.9725595386143476e-06,-3.054961273665911e-08
1603644895252,2020-10-25T12:54:55.252,118.8,-7.637095565992296e-06,2.5997126051035855e-06,2.955731366955029e-07
1603644895302,2020-10-25T12:54:55.302,118.85,-7.976195120564865e-06,2.4384132727183065e-06,7.41727018572409e-07
1603644895352,2020-10-25T12:54:55.352,118.9,-7.508234400523766e-06,2.3194784984475757e-06,1.1746588122087867e-06
1603644895402,2020-10-25T12:54:55.402,118.95,-6.911204618287643e-06,2.031200635856063e-06,1.4779689344509316e-06
1603644895452,2020-10-25T12:54:55.452,119.0,-6.801832865781648e-06,1.7893309488302786e-06,1.8236902556002579e-06
1603644895502,2020-10-25T12:54:55.502,119.05,-6.965125997424835e-06,1.6019718982822201e-06,2.2954880351628486e-06
1603644895552,2020-10-25T12:54:55.552,119.1,-6.737312168042963e-06,1.0483129988677134e-06,2.6976947750381785e-06
1603644895602,2020-10-25T12:54:55.602,119.15,-5.812508589369908e-06,6.917468770375869e-09,2.998701891090961e-06
1603644895652,2020-10-25T12:54:55.652,119.2,-4.592185435248816e-06,-8.977032646217084e-07,3.444920119094129e-06
1603644895702,2020-10-25T12:54:55.702,119.25,-3.802840785184173e-06,-9.618682306257494e-07,3.956443705168582e-06
1603644895752,2020-10-25T12:54:55.752,119.3,-3.6071496393828876e-06,-3.935230749019361e-07,3.967074934583389e-06
1603644895802,2020-10-25T12:54:55.802,119.35,-3.3852780535303395e-06,-6.982351802256998e-08,3.3302936170337985e-06
1603644895852,2020-10-25T12:54:55.852,119.4,-2.736804418420497e-06,-2.391455491212906e-07,2.801286956613372e-06
1603644895902,2020-10-25T12:54:55.902,119.45,-2.1034367465378263e-06,-3.1566021963945054e-07,2.9391436918308035e-06
1603644895952,2020-10-25T12:54:55.952,119.5,-1.950855079277171e-06,-1.3513883141616645e-07,3.1848743001017957e-06
1603644896002,2020-10-25T12:54:56.002,119.55,-2.0410720249831075e-06,-2.700003881295296e-07,2.8471219044433875e-06
1603644896052,2020-10-25T12:54:56.052,119.6,-1.996219628301908e-06,-7.888345837440072e-07,2.2593582392140263e-06
1603644896102,2020-10-25T12:54:56.102,119.65,-1.933773698397643e-06,-9.712218714786917e-07,2.1385784867902413e-06
1603644896152,2020-10-25T12:54:56.152,119.7,-2.0706082877236603e-06,-6.081448194910375e-07,2.5105388397130547e-06
1603644896202,2020-10-25T12:54:56.202,119.75,-2.2175788502175213e-06,-3.3302667875530863e-07,2.8741320067033757e-06
1603644896252,2020-10-25T12:54:56.252,119.8,-2.118907468704767e-06,-4.2704855887664994e-07,2.8744220845023473e-06
1603644896302,2020-10-25T12:54:56.302,119.85,-1.8863392674061841e-06,-5.152610552636567e-07,2.5893921064591707e-06
1603644896352,2020-10-25T12:54:56.352,119.9,-1.7101679496592634e-06,-5.304593567946713e-07,2.5013308499073973e-06
1603644896402,2020-10-25T12:54:56.402,119.95,-1.5528936133920983e-06,-8.228483472657506e-07,2.9949495380471237e-06
1603644896452,2020-10-25T12:54:56.452,120.0,-1.4457296683995768e-06,-1.28529613595591e-06,3.669762318656686e-06
1603644896502,2020-10-25T12:54:56.502,120.05,-1.6056825358368266e-06,-1.3774971488026647e-06,3.671781028054675e-06
1603644896552,2020-10-25T12:54:56.552,120.1,-1.9762296430686917e-06,-1.0813232644731588e-06,2.9295711232319357e-06
1603644896602,2020-10-25T12:54:56.602,120.15,-2.106078210622601e-06,-9.765358421381562e-07,2.367822122064836e-06
1603644896652,2020-10-25T12:54:56.652,120.2,-1.751097066941214e-06,-1.2318863960273094e-06,2.5592823482431723e-06
1603644896702,2020-10-25T12:54:56.702,120.25,-1.2914165659503785e-06,-1.3365287862498305e-06,2.9171377630617824e-06
1603644896752,2020-10-25T12:54:56.752,120.3,-1.2401590746720681e-06,-1.081146665266195e-06,2.7613834869912453e-06
1603644896802,2020-10-25T12:54:56.802,120.35,-1.4746369539219576e-06,-9.69838362935172e-07,2.4467154456844647e-06
1603644896852,2020-10-25T12:54:56.852,120.4,-1.4201812589208967e-06,-1.2659156566061832e-06,2.6342488904944684e-06
1603644896902,2020-10-25T12:54:56.902,120.45,-1.011778474221635e-06,-1.4191735984674521e-06,3.0573668468486694e-06
1603644896952,2020-10-25T12:54:56.952,120.5,-8.514641129526492e-07,-9.989335155909205e-07,2.9648660957441868e-06
1603644897002,2020-10-25T12:54:57.002,120.55,-1.2195791671157755e-06,-5.377923637897506e-07,2.374607528732084e-06
1603644897052,2020-10-25T12:54:57.052,120.6,-1.5193549726395496e-06,-7.033354922358952e-07,2.00979474553614e-06
1603644897102,2020-10-25T12:54:57.102,120.65,-1.1020179322659292e-06,-1.1520777015660698e-06,2.251527677385559e-06
1603644897152,2020-10-25T12:54:57.152,120.7,-2.904273939618176e-07,-1.1155026795983638e-06,2.790792926517638e-06
1603644897202,2020-10-25T12:54:57.202,120.75,7.834519245646218e-09,-6.768184154042755e-07,3.1297891416280753e-06
1603644897252,2020-10-25T12:54:57.252,120.8,-3.793866105334047e-07,-5.089565712340577e-07,3.0443895588923577e-06
1603644897302,2020-10-25T12:54:57.302,120.85,-7.171544621000031e-07,-7.997949570630245e-07,2.6877193556431764e-06
1603644897352,2020-10-25T12:54:57.352,120.9,-6.042342561023835e-07,-1.242914083348606e-06,2.4054339140429898e-06
1603644897402,2020-10-25T12:54:57.402,120.95,-4.626810691273408e-07,-1.5343897889140878e-06,2.3801247253965055e-06
1603644897452,2020-10-25T12:54:57.452,121.0,-5.857442617868578e-07,-1.3763366502761408e-06,2.4891419341020746e-06
1603644897502,2020-10-25T12:54:57.502,121.05,-6.536872414502735e-07,-7.295484215030338e-07,2.5211500304284304e-06
1603644897552,2020-10-25T12:54:57.552,121.1,-4.110795141859813e-07,-2.478019264258644e-07,2.361676586532832e-06
1603644897602,2020-10-25T12:54:57.602,121.15,-6.713659716523211e-08,-5.544559904632692e-07,2.044648195241359e-06
1603644897652,2020-10-25T12:54:57.652,121.2,7.73006556657183e-08,-1.1907208628709612e-06,1.8441937829201992e-06
1603644897702,2020-10-25T12:54:57.702,121.25,-1.5233768912634433e-09,-1.3291411916705968e-06,2.0882970816881773e-06
1603644897752,2020-10-25T12:54:57.752,121.3,-4.9798188255261353e-08,-1.1453076485497147e-06,2.640582785343498e-06
1603644897802,2020-10-25T12:54:57.802,121.35,1.0579232374585729e-07,-1.269683381065344e-06,2.927566247690847e-06
1603644897852,2020-10-25T12:54:57.852,121.4,2.1073935388731985e-07,-1.4792664938830482e-06,2.719222005162929e-06
1603644897902,2020-10-25T12:54:57.902,121.45,-7.099858452730817e-08,-1.2072305435797485e-06,2.4382571372411264e-06
1603644897952,2020-10-25T12:54:57.952,121.5,-5.191911731804499e-07,-6.90213543592417e-07,2.448120173904059e-06
1603644898002,2020-10-25T12:54:58.002,121.55,-5.973375084441917e-07,-5.704101688835667e-07,2.527062917406655e-06
1603644898052,2020-10-25T12:54:58.052,121.6,-2.6454235852574116e-07,-9.50910959850624e-07,2.3947787336132753e-06
1603644898102,2020-10-25T12:54:58.102,121.65,5.2546398965961985e-08,-1.4536622729702615e-06,2.2753922546029963e-06
1603644898152,2020-10-25T12:54:58.152,121.7,2.4473200887913113e-07,-1.7534770849169234e-06,2.4032588828434513e-06
1603644898202,2020-10-25T12:54:58.202,121.75,5.909805765573568e-07,-1.7834417063382076e-06,2.4505217807981146e-06
1603644898252,2020-10-25T12:54:58.252,121.8,1.0012253615880372e-06,-1.6821143436828407e-06,2.155227411685448e-06
1603644898302,2020-10-25T12:54:58.302,121.85,9.653005760924497e-07,-1.6127183190955884e-06,1.919946264890805e-06
1603644898352,2020-10-25T12:54:58.352,121.9,4.730555549525672e-07,-1.550039318227946e-06,2.034691349633859e-06
1603644898402,2020-10-25T12:54:58.402,121.95,2.0413612820148538e-07,-1.373074433469728e-06,2.123775112867893e-06
1603644898452,2020-10-25T12:54:58.452,122.0,4.890249770043558e-07,-1.194868170918867e-06,1.9654793566661877e-06
1603644898502,2020-10-25T12:54:58.502,122.05,8.368060226528439e-07,-1.2569659093460408e-06,1.8850253527031627e-06
1603644898552,2020-10-25T12:54:58.552,122.1,7.970280143554158e-07,-1.43762782703657e-06,1.9819869640137236e-06
1603644898602,2020-10-25T12:54:58.602,122.15,5.737474121666837e-07,-1.3738821633846191e-06,1.911705900715047e-06
1603644898652,2020-10-25T12:54:58.652,122.2,5.495218867764554e-07,-1.1331932941560637e-06,1.6159967500198334e-06
1603644898702,2020-10-25T12:54:58.702,122.25,7.633900838529004e-07,-1.1708618697949552e-06,1.5059973999306858e-06
1603644898752,2020-10-25T12:54:58.752,122.3,9.858582927511482e-07,-1.575538412604544e-06,1.747833523731447e-06
1603644898802,2020-10-25T12:54:58.802,122.35,1.0667809261440902e-06,-1.8934452703528232e-06,1.9367187253928544e-06
1603644898852,2020-10-25T12:54:58.852,122.4,1.1844679521782679e-06,-1.7779047058522784e-06,1.7402595831360467e-06
1603644898902,2020-10-25T12:54:58.902,122.45,1.5534828100179314e-06,-1.4561697740975045e-06,1.4200246857326e-06
1603644898952,2020-10-25T12:54:58.952,122.5,1.8883858832382572e-06,-1.3787660258439012e-06,1.3433355811208378e-06
1603644899002,2020-10-25T12:54:59.002,122.55,1.7977829762325593e-06,-1.5859331153946846e-06,1.3790965112245398e-06
1603644899052,2020-10-25T12:54:59.052,122.6,1.6453675601777287e-06,-1.7385420931815425e-06,1.2539842580180791e-06
1603644899102,2020-10-25T12:54:59.102,122.65,2.067076132331563e-06,-1.7129542140010146e-06,1.131228588734869e-06
1603644899152,2020-10-25T12:54:59.152,122.7,2.7553674085496637e-06,-1.692117459440677e-06,1.321224518358783e-06
1603644899202,2020-10-25T12:54:59.202,122.75,2.821256791182032e-06,-1.6376209247263344e-06,1.6715653078218353e-06
1603644899252,2020-10-25T12:54:59.252,122.8,2.327117070970547e-06,-1.328186001747531e-06,1.6351583513211951e-06
1603644899302,2020-10-25T12:54:59.302,122.85,2.3306829229070927e-06,-1.0658311623374073e-06,9.523685206109905e-07
1603644899352,2020-10-25T12:54:59.352,122.9,3.211661424898906e-06,-1.435836459902535e-06,1.1630837998922164e-07
1603644899402,2020-10-25T12:54:59.402,122.95,4.069794898402326e-06,-2.1213343771387e-06,-1.5466745272804114e-07
1603644899452,2020-10-25T12:54:59.452,123.0,4.183857636507942e-06,-2.1593011505559593e-06,9.396644458643644e-08
1603644899502,2020-10-25T12:54:59.502,123.05,3.972961221585646e-06,-1.6110966724948948e-06,1.258257770388462e-07
1603644899552,2020-10-25T12:54:59.552,123.1,4.0812110184846315e-06,-1.5258427558946674e-06,-4.805605622906615e-07
1603644899602,2020-10-25T12:54:59.602,123.15,4.5710981219866735e-06,-2.1117783367818047e-06,-1.4626477155546992e-06
1603644899652,2020-10-25T12:54:59.652,123.2,5.3334514005652155e-06,-2.4587782380544423e-06,-2.3116705741509913e-06
1603644899702,2020-10-25T12:54:59.702,123.25,6.335326748870285e-06,-2.127405966949818e-06,-2.7298703968147056e-06
1603644899752,2020-10-25T12:54:59.752,123.3,7.321876489480914e-06,-1.7471883394435705e-06,-2.9151133117045747e-06
1603644899802,2020-10-25T12:54:59.802,123.35,7.971402309109463e-06,-1.9880650099974894e-06,-3.3379790547731692e-06
1603644899852,2020-10-25T12:54:59.852,123.4,8.24549047709015e-06,-2.688302927369584e-06,-4.023712925205921e-06
1603644899902,2020-10-25T12:54:59.902,123.45,8.254002185937106e-06,-3.115228253784716e-06,-4.498674975980717e-06
1603644899952,2020-10-25T12:54:59.952,123.5,8.171115673286301e-06,-2.933494394642476e-06,-4.565932929296194e-06
1603644900002,2020-10-25T12:55:00.002,123.55,8.309100221857798e-06,-2.6977878033342393e-06,-4.524230525018083e-06
1603644900052,2020-10-25T12:55:00.052,123.6,8.699376251136639e-06,-3.0971031556248732e-06,-4.5566351342171135e-06
1603644900102,2020-10-25T12:55:00.102,123.65,8.884648112364293e-06,-4.041107006560051e-06,-4.452269268711686e-06
1603644900152,2020-10-25T12:55:00.152,123.7,8.774617571390161e-06,-4.921291609441319e-06,-4.060399964427585e-06
1603644900202,2020-10-25T12:55:00.202,123.75,9.051303191024043e-06,-5.343443091054893e-06,-3.6250059449238177e-06
1603644900252,2020-10-25T12:55:00.252,123.8,9.973541877909444e-06,-5.261653202321261e-06,-3.4403882475689736e-06
1603644900302,2020-10-25T12:55:00.302,123.85,1.065858831083773e-05,-4.8027601544633356e-06,-3.5210209245358838e-06
1603644900352,2020-10-25T12:55:00.352,123.9,1.0257903268504135e-05,-4.13677954401413e-06,-3.851470474473508e-06
1603644900402,2020-10-25T12:55:00.402,123.95,8.971020746741657e-06,-3.30590066330134e-06,-4.427924046086016e-06
1603644900452,2020-10-25T12:55:00.452,124.0,7.476829028586476e-06,-2.241016139956476e-06,-4.834551064914119e-06
1603644900502,2020-10-25T12:55:00.502,124.05,6.092256064059974e-06,-1.0224943424477998e-06,-4.547052268513765e-06
1603644900552,2020-10-25T12:55:00.552,124.1,4.664459920409565e-06,1.0529791653703758e-07,-3.828986916321754e-06
1603644900602,2020-10-25T12:55:00.602,124.15,2.9383367219007433e-06,1.0431758565399417e-06,-3.509538655651166e-06
1603644900652,2020-10-25T12:55:00.652,124.2,9.824385743525784e-07,1.8964246373974574e-06,-3.7911849505574185e-06
1603644900702,2020-10-25T12:55:00.702,124.25,-8.486038802915985e-07,2.690651729918557e-06,-3.959679862941977e-06
1603644900752,2020-10-25T12:55:00.752,124.3,-2.366772988861201e-06,3.3120753498629574e-06,-3.3678602647845196e-06
1603644900802,2020-10-25T12:55:00.802,124.35,-3.626608979051003e-06,3.712148182435641e-06,-2.2901160515452353e-06
1603644900852,2020-10-25T12:55:00.852,124.4,-4.601215480513414e-06,3.918492787990647e-06,-1.5289325685429806e-06
1603644900902,2020-10-25T12:55:00.902,124.45,-5.144788880763351e-06,3.919990219267767e-06,-1.3604365678494037e-06
1603644900952,2020-10-25T12:55:00.952,124.5,-5.3119491466185425e-06,3.706859344667044e-06,-1.397702087742685e-06
1603644901002,2020-10-25T12:55:01.002,124.55,-5.5066146950357155e-06,3.402967778016309e-06,-1.3087648769400758e-06
1603644901052,2020-10-25T12:55:01.052,124.6,-6.037907956251387e-06,3.2992681493296986e-06,-9.568444442787528e-07
1603644901102,2020-10-25T12:55:01.102,124.65,-6.593569463456817e-06,3.5370719883123955e-06,-2.460743333331641e-07
1603644901152,2020-10-25T12:55:01.152,124.7,-6.694098277263659e-06,3.7223014994147285e-06,4.861210893228004e-07
1603644901202,2020-10-25T12:55:01.202,124.75,-6.528149466118519e-06,3.347950511323673e-06,6.352411344286111e-07
1603644901252,2020-10-25T12:55:01.252,124.8,-6.606444086130281e-06,2.640339142887024e-06,3.744094987003103e-07
1603644901302,2020-10-25T12:55:01.302,124.85,-6.905627518197119e-06,2.3137404988306985e-06,6.099374235901988e-07
1603644901352,2020-10-25T12:55:01.352,124.9,-7.012773535599302e-06,2.4723306428898056e-06,1.5636024108580738e-06
1603644901402,2020-10-25T12:55:01.402,124.95,-6.686557658131905e-06,2.462394762643883e-06,2.3968269786225606e-06
1603644901452,2020-10-25T12:55:01.452,125.0,-5.983107027818858e-06,1.898415112163679e-06,2.5370972501498247e-06
1603644901502,2020-10-25T12:55:01.502,125.05,-5.2635191576360426e-06,1.2417490046205848e-06,2.3412610478277576e-06
1603644901552,2020-10-25T12:55:01.552,125.1,-4.9761606254382384e-06,1.1192856558625118e-06,2.168554374120076e-06
1603644901602,2020-10-25T12:55:01.602,125.15,-5.083576206155557e-06,1.4750222015389737e-06,1.893259023103201e-06
1603644901652,2020-10-25T12:55:01.652,125.2,-4.996610075989511e-06,1.751161956892992e-06,1.5591552665892537e-06
1603644901702,2020-10-25T12:55:01.702,125.25,-4.329925255062514e-06,1.6476269229440425e-06,1.4971739381762703e-06
1603644901752,2020-10-25T12:55:01.752,125.3,-3.4399005362892458e-06,1.337914874980209e-06,1.6713684676528306e-06
1603644901802,2020-10-25T12:55:01.802,125.35,-2.9292483292833682e-06,1.1327378138676085e-06,1.6520984478363364e-06
1603644901852,2020-10-25T12:55:01.852,125.4,-2.7957028643294945e-06,1.2126655221180306e-06,1.2764647031919433e-06
1603644901902,2020-10-25T12:55:01.902,125.45,-2.5508849407511277e-06,1.4920668054185633e-06,8.888124348442562e-07
1603644901952,2020-10-25T12:55:01.952,125.5,-2.1180545985385113e-06,1.637185394797639e-06,8.543053165101786e-07
1603644902002,2020-10-25T12:55:02.002,125.55,-1.8731953813796332e-06,1.4721671873844104e-06,1.0880719095418013e-06
1603644902052,2020-10-25T12:55:02.052,125.6,-1.855029859674707e-06,1.2447891102676722e-06,1.230506644057051e-06
1603644902102,2020-10-25T12:55:02.102,125.65,-1.8198086292446936e-06,1.1939201175291512e-06,1.1551582124843245e-06
1603644902152,2020-10-25T12:55:02.152,125.7,-1.8190218364958756e-06,1.2089229818792505e-06,1.116461549034346e-06
1603644902202,2020-10-25T12:55:02.202,125.75,-1.929577830134555e-06,1.1898461016784148e-06,1.3813422535419053e-06
1603644902252,2020-10-25T12:55:02.252,125.8,-1.9700306643321102e-06,1.2393838411698194e-06,1.8116428567387995e-06
1603644902302,2020-10-25T12:55:02.302,125.85,-1.915623658704411e-06,1.3150319533295745e-06,1.9759087638388147e-06
1603644902352,2020-10-25T12:55:02.352,125.9,-1.865925065515707e-06,1.2125883449671023e-06,1.676712822896618e-06
1603644902402,2020-10-25T12:55:02.402,125.95,-1.7009263793599644e-06,9.524393858927785e-07,1.1653179289748669e-06
1603644902452,2020-10-25T12:55:02.452,126.0,-1.4748800449666383e-06,7.588354402074571e-07,8.744542635519015e-07
1603644902502,2020-10-25T12:55:02.502,126.05,-1.5632061822832153e-06,7.506628184575967e-07,1.0474381958322699e-06
1603644902552,2020-10-25T12:55:02.552,126.1,-1.8834582940982359e-06,9.248838303483054e-07,1.4310225182933865e-06
1603644902602,2020-10-25T12:55:02.602,126.15,-1.9006548019976135e-06,1.1913366418912457e-06,1.441574206413795e-06
1603644902652,2020-10-25T12:55:02.652,126.2,-1.7000733516457216e-06,1.310644654289792e-06,9.903470189863273e-07
1603644902702,2020-10-25T12:55:02.702,126.25,-1.9382006721271712e-06,1.1546115837112198e-06,7.253424083339764e-07
1603644902752,2020-10-25T12:55:02.752,126.3,-2.6743008646426296e-06,1.0057393339009561e-06,1.0030730872254514e-06
1603644902802,2020-10-25T12:55:02.802,126.35,-3.336625070975854e-06,1.2247746074627053e-06,1.276522657816001e-06
1603644902852,2020-10-25T12:55:02.852,126.4,-3.639020361117344e-06,1.6974547604990537e-06,9.841000192856578e-07
1603644902902,2020-10-25T12:55:02.902,126.45,-3.63987899552904e-06,1.9763789698035083e-06,3.9291000765574344e-07
1603644902952,2020-10-25T12:55:02.952,126.5,-3.3631029757259144e-06,1.9404703801822248e-06,1.140973935278804e-07
1603644903002,2020-10-25T12:55:03.002,126.55,-3.040920182031975e-06,1.8894583668572323e-06,2.5831183662177034e-07
1603644903052,2020-10-25T12:55:03.052,126.6,-3.108048309423504e-06,1.917318600128621e-06,5.036150824765527e-07
1603644903102,2020-10-25T12:55:03.102,126.65,-3.482073953133949e-06,1.7315876280930376e-06,7.062870706588212e-07
1603644903152,2020-10-25T12:55:03.152,126.7,-3.5802266030786628e-06,1.2572887825964331e-06,9.318577485162282e-07
1603644903202,2020-10-25T12:55:03.202,126.75,-3.3318454762079756e-06,8.744260363239692e-07,1.0399518247110405e-06
1603644903252,2020-10-25T12:55:03.252,126.8,-3.2786157469502816e-06,8.915679667596761e-07,8.158080163608997e-07
1603644903302,2020-10-25T12:55:03.302,126.85,-3.4846600199914065e-06,1.1641242920971193e-06,4.3990915515745917e-07
1603644903352,2020-10-25T12:55:03.352,126.9,-3.381189407537304e-06,1.3168973476018998e-06,3.5447094657874216e-07
1603644903402,2020-10-25T12:55:03.402,126.95,-2.8833333888047435e-06,1.179478349680882e-06,6.826304148910823e-07
1603644903452,2020-10-25T12:55:03.452,127.0,-2.6315376357316636e-06,9.395629962027859e-07,1.009615512295379e-06
1603644903502,2020-10-25T12:55:03.502,127.05,-2.8824743640675997e-06,8.648558271714366e-07,8.689021728411677e-07
1603644903552,2020-10-25T12:55:03.552,127.1,-3.088439264154254e-06,1.0013530257561343e-06,4.606815278228193e-07
1603644903602,2020-10-25T12:55:03.602,127.15,-2.878243344721753e-06,1.2345448268221615e-06,4.267836718337007e-07
1603644903652,2020-10-25T12:55:03.652,127.2,-2.6177845892646818e-06,1.452379620954639e-06,7.645186375302214e-07
1603644903702,2020-10-25T12:55:03.702,127.25,-2.6715241294915785e-06,1.5334191986574886e-06,8.464107576368124e-07
1603644903752,2020-10-25T12:55:03.752,127.3,-2.8574044323627367e-06,1.4001593428482953e-06,6.122086306399359e-07
1603644903802,2020-10-25T12:55:03.802,127.35,-2.8792676077916616e-06,1.1862958964476386e-06,5.610735587910735e-07
1603644903852,2020-10-25T12:55:03.852,127.4,-2.7026182603494095e-06,1.1465267294759305e-06,7.111807878316142e-07
1603644903902,2020-10-25T12:55:03.902,127.45,-2.4381966799403126e-06,1.344662823454839e-06,7.685155523092035e-07
1603644903952,2020-10-25T12:55:03.952,127.5,-2.2259425197090868e-06,1.5424538772633488e-06,8.49826409335635e-07
1603644904002,2020-10-25T12:55:04.002,127.55,-2.175439147538746e-06,1.4243038419799317e-06,1.067659560942907e-06
1603644904052,2020-10-25T12:55:04.052,127.6,-2.3287500840241585e-06,9.840754442001866e-07,1.1119588676761916e-06
1603644904102,2020-10-25T12:55:04.102,127.65,-2.6681649583480775e-06,6.196740460879443e-07,8.943711782222472e-07
1603644904152,2020-10-25T12:55:04.152,127.7,-2.9885436929508004e-06,6.28952794242242e-07,8.603680616143668e-07
1603644904202,2020-10-25T12:55:04.202,127.75,-2.9953574255662553e-06,8.009005538074411e-07,1.239316459663833e-06
1603644904252,2020-10-25T12:55:04.252,127.8,-2.796254786985047e-06,8.34562064618291e-07,1.5507748024784736e-06
1603644904302,2020-10-25T12:55:04.302,127.85,-2.830184081460545e-06,8.362594126433587e-07,1.212884748653855e-06
1603644904352,2020-10-25T12:55:04.352,127.9,-3.12756058410832e-06,1.006614870899481e-06,4.318051353640281e-07
1603644904402,2020-10-25T12:55:04.402,127.95,-3.2141497750967423e-06,1.217630589757664e-06,1.077141838767387e-07
1603644904452,2020-10-25T12:55:04.452,128.0,-2.843769905597082e-06,1.2714893265421037e-06,6.539224480397484e-07
1603644904502,2020-10-25T12:55:04.502,128.05,-2.332616985407467e-06,1.2259739999463992e-06,1.301105800984583e-06
1603644904552,2020-10-25T12:55:04.552,128.1,-2.068682103470423e-06,1.2097787776358717e-06,1.1228535561470637e-06
1603644904602,2020-10-25T12:55:04.602,128.15,-2.083863355444142e-06,1.2137940000829999e-06,3.9945122684338705e-07
1603644904652,2020-10-25T12:55:04.652,128.2,-2.2923505960518717e-06,1.2022848595146137e-06,1.811801760633079e-07
1603644904702,2020-10-25T12:55:04.702,128.25,-2.7008895442857496e-06,1.2040918308841726e-06,7.416379341900762e-07
1603644904752,2020-10-25T12:55:04.752,128.3,-3.0739570861543994e-06,1.2289081689712257e-06,1.3328831745552853e-06
1603644904802,2020-10-25T12:55:04.802,128.35,-2.9225484600374215e-06,1.2388958700951923e-06,1.357647961740146e-06
1603644904852,2020-10-25T12:55:04.852,128.4,-2.1689485233219073e-06,1.2213969577919476e-06,9.668427604742308e-07
1603644904902,2020-10-25T12:55:04.902,128.45,-1.3887441866118734e-06,1.202258879980679e-06,5.340411339155081e-07
1603644904952,2020-10-25T12:55:04.952,128.5,-1.1967673166467458e-06,1.1941795316839333e-06,2.657530352022279e-07
1603644905002,2020-10-25T12:55:05.002,128.55,-1.6081366768567401e-06,1.1900817417474676e-06,3.432443623254964e-07
1603644905052,2020-10-25T12:55:05.052,128.6,-2.0910746972437627e-06,1.201713961599936e-06,8.066753486344409e-07
1603644905102,2020-10-25T12:55:05.102,128.65,-2.2465573931809637e-06,1.24743939800282e-06,1.2474610174146542e-06
1603644905152,2020-10-25T12:55:05.152,128.7,-2.181170778501857e-06,1.2735715643332657e-06,1.13298075363674e-06
1603644905202,2020-10-25T12:55:05.202,128.75,-2.031341897883219e-06,1.1743373351954795e-06,4.853330721628651e-07
1603644905252,2020-10-25T12:55:05.252,128.8,-1.6800127592110571e-06,9.730613011770089e-07,-1.0287676301631629e-07
1603644905302,2020-10-25T12:55:05.302,128.85,-1.1859902777828536e-06,8.521498488308836e-07,-1.5483416967401816e-07
1603644905352,2020-10-25T12:55:05.352,128.9,-8.033147284218641e-07,9.127762577748858e-07,1.816132981033645e-07
1603644905402,2020-10-25T12:55:05.402,128.95,-4.915493055374029e-07,1.0759423638022859e-06,4.1853808753750623e-07
1603644905452,2020-10-25T12:55:05.452,129.0,-3.299179043423512e-08,1.1893948125852977e-06,4.0069375653361164e-07
1603644905502,2020-10-25T12:55:05.502,129.05,4.755481247679941e-07,1.0472581629437952e-06,3.620414442087014e-07
1603644905552,2020-10-25T12:55:05.552,129.1,7.651937673264579e-07,5.719254335239822e-07,3.7267783993941515e-07
1603644905602,2020-10-25T12:55:05.602,129.15,9.635653098145014e-07,1.189974318955512e-07,2.1391779291745795e-07
1603644905652,2020-10-25T12:55:05.652,129.2,1.6016291139100498e-06,1.3084254786098633e-07,-2.3435325081478917e-07
1603644905702,2020-10-25T12:55:05.702,129.25,2.8717809945457802e-06,4.6026759643940236e-07,-8.748475595380254e-07
1603644905752,2020-10-25T12:55:05.752,129.3,4.266714711931849e-06,5.31165070908406e-07,-1.5466406810607772e-06
1603644905802,2020-10-25T12:55:05.802,129.35,5.357677488947951e-06,8.068788213159394e-08,-2.125064600914795e-06
1603644905852,2020-10-25T12:55:05.852,129.4,6.460451895884572e-06,-5.789108844576361e-07,-2.5871866445724755e-06
1603644905902,2020-10-25T12:55:05.902,129.45,7.979863180540656e-06,-9.760640622738643e-07,-2.8883586997247514e-06
1603644905952,2020-10-25T12:55:05.952,129.5,9.580265613193037e-06,-1.0922761367953889e-06,-2.897014494934488e-06
1603644906002,2020-10-25T12:55:06.002,129.55,1.0577555925731722e-05,-1.3670673809524797e-06,-2.8451401012042457e-06
1603644906052,2020-10-25T12:55:06.052,129.6,1.0813656727797689e-05,-1.9446392581767354e-06,-3.2798434915163985e-06
1603644906102,2020-10-25T12:55:06.102,129.65,1.0732389487012031e-05,-2.4594757025151448e-06,-3.977058106114375e-06
1603644906152,2020-10-25T12:55:06.152,129.7,1.08510336050947e-05,-2.817871023253866e-06,-4.003110765250766e-06
1603644906202,2020-10-25T12:55:06.202,129.75,1.1399981619330234e-05,-3.409168775246858e-06,-3.4243152662218757e-06
1603644906252,2020-10-25T12:55:06.252,129.8,1.2170646552276052e-05,-4.279941510667736e-06,-3.3558988745504684e-06
1603644906302,2020-10-25T12:55:06.302,129.85,1.2597124190647608e-05,-4.925990986029181e-06,-3.893408695518937e-06
1603644906352,2020-10-25T12:55:06.352,129.9,1.2389130137670405e-05,-5.166844840231406e-06,-3.917271011266654e-06
1603644906402,2020-10-25T12:55:06.402,129.95,1.2007635193106479e-05,-5.468249966764235e-06,-3.2766906884319313e-06
1603644906452,2020-10-25T12:55:06.452,130.0,1.1967976045100417e-05,-6.074236244600803e-06,-3.1616641767230504e-06
1603644906502,2020-10-25T12:55:06.502,130.05,1.198948667885733e-05,-6.458498048417951e-06,-3.973025746156845e-06
1603644906552,2020-10-25T12:55:06.552,130.1,1.1574340673018222e-05,-6.088281440296285e-06,-4.717920209438347e-06
1603644906602,2020-10-25T12:55:06.602,130.15,1.0929696353308214e-05,-5.26092123764273e-06,-4.830077693741323e-06
1603644906652,2020-10-25T12:55:06.652,130.2,1.044171946610812e-05,-4.569951822420479e-06,-4.88457953791353e-06
1603644906702,2020-10-25T12:55:06.702,130.25,9.799867574248735e-06,-3.87804897315864e-06,-5.302838248517604e-06
1603644906752,2020-10-25T12:55:06.752,130.3,8.46325825988094e-06,-2.679042723881997e-06,-5.7501384769431445e-06
1603644906802,2020-10-25T12:55:06.802,130.35,6.494230705182352e-06,-1.2352757358685883e-06,-5.80777014225614e-06
1603644906852,2020-10-25T12:55:06.852,130.4,4.429254121055131e-06,-2.3908158556711585e-07,-5.360519013892556e-06
1603644906902,2020-10-25T12:55:06.902,130.45,2.7406003283645867e-06,4.67597213221481e-07,-4.683102477767265e-06
1603644906952,2020-10-25T12:55:06.952,130.5,1.5171566624978694e-06,1.6004911605509728e-06,-4.384646959173429e-06
1603644907002,2020-10-25T12:55:07.002,130.55,4.0567508653388426e-07,3.0073026913573633e-06,-4.597454316065548e-06
1603644907052,2020-10-25T12:55:07.052,130.6,-8.849112182959764e-07,3.7192624663058925e-06,-4.596879942102328e-06
1603644907102,2020-10-25T12:55:07.102,130.65,-2.0860520752305015e-06,3.4079972865709543e-06,-3.974162724755853e-06
1603644907152,2020-10-25T12:55:07.152,130.7,-2.934152074618982e-06,2.8021221943569745e-06,-3.3776412624247367e-06
1603644907202,2020-10-25T12:55:07.202,130.75,-3.7851038148103463e-06,2.5596772865979436e-06,-3.393532935726259e-06
1603644907252,2020-10-25T12:55:07.252,130.8,-4.923609326871325e-06,2.577192100375466e-06,-3.550054197704778e-06
1603644907302,2020-10-25T12:55:07.302,130.85,-5.956901179364441e-06,2.5819489318946544e-06,-3.039614742341506e-06
1603644907352,2020-10-25T12:55:07.352,130.9,-6.550396315552054e-06,2.6038748157440824e-06,-1.8457498870894312e-06
1603644907402,2020-10-25T12:55:07.402,130.95,-6.885128807398348e-06,2.628491000712331e-06,-7.031436621279994e-07
1603644907452,2020-10-25T12:55:07.452,131.0,-6.960749584221682e-06,2.4367953454301353e-06,-1.9466962472558e-07
1603644907502,2020-10-25T12:55:07.502,131.05,-6.51643667677908e-06,1.987145867095623e-06,-1.7750863598212483e-07
1603644907552,2020-10-25T12:55:07.552,131.1,-5.905562208290609e-06,1.5172201199953887e-06,-1.4165496772106996e-07
1603644907602,2020-10-25T12:55:07.602,131.15,-5.864688251971677e-06,1.1870026745960952e-06,9.021345080707015e-08
1603644907652,2020-10-25T12:55:07.652,131.2,-6.224780851527396e-06,9.406149135374258e-07,3.2048999624092356e-07
1603644907702,2020-10-25T12:55:07.702,131.25,-5.9412703434975555e-06,7.054684573296998e-07,4.1109125903560294e-07
1603644907752,2020-10-25T12:55:07.752,131.3,-4.454722803112637e-06,4.4227521432485616e-07,4.0482069528407984e-07
1603644907802,2020-10-25T12:55:07.802,131.35,-2.2085210288935666e-06,9.193897473577146e-08,4.0345326671493934e-07
1603644907852,2020-10-25T12:55:07.852,131.4,-5.890676777016006e-08,-3.0255681362891636e-07,4.814175168081799e-07
1603644907902,2020-10-25T12:55:07.902,131.45,1.2791040565710576e-06,-6.193865528246161e-07,6.37776729700654e-07
1603644907952,2020-10-25T12:55:07.952,131.5,1.6840648101634839e-06,-9.156374939242236e-07,8.755422523458909e-07
1603644908002,2020-10-25T12:55:08.002,131.55,1.7995787406079918e-06,-1.3508546239322763e-06,1.2144930146131886e-06
1603644908052,2020-10-25T12:55:08.052,131.6,2.1886525759025656e-06,-1.8121563034823522e-06,1.51221990879121e-06
1603644908102,2020-10-25T12:55:08.102,131.65,2.4924342300366523e-06,-1.973470088271475e-06,1.5101762159576328e-06
1603644908152,2020-10-25T12:55:08.152,131.7,2.1696235377698306e-06,-1.7838128239599016e-06,1.1735405841528586e-06
1603644908202,2020-10-25T12:55:08.202,131.75,1.6199828575049698e-06,-1.5567870694664721e-06,8.11381530550328e-07
1603644908252,2020-10-25T12:55:08.252,131.8,1.6960101579401255e-06,-1.4403917244224787e-06,7.389323259825581e-07
1603644908302,2020-10-25T12:55:08.302,131.85,2.391961821586137e-06,-1.1926204612259187e-06,8.805273004171193e-07
1603644908352,2020-10-25T12:55:08.352,131.9,2.7385109733969082e-06,-7.766647862529254e-07,8.959405883159252e-07
1603644908402,2020-10-25T12:55:08.402,131.95,2.135730859845871e-06,-6.43760554003103e-07,6.774228962915747e-07
1603644908452,2020-10-25T12:55:08.452,132.0,1.3076918402134265e-06,-1.0113001677951876e-06,4.6076687819466286e-07
1603644908502,2020-10-25T12:55:08.502,132.05,1.2682963753254356e-06,-1.489604399362678e-06,4.79079699732895e-07
1603644908552,2020-10-25T12:55:08.552,132.1,1.7522235453899552e-06,-1.6965889560474814e-06,6.836805446741931e-07
1603644908602,2020-10-25T12:55:08.602,132.15,1.8150641714449366e-06,-1.5996451581489313e-06,7.98513942147175e-07
1603644908652,2020-10-25T12:55:08.652,132.2,1.5039790840806857e-06,-1.3061258063993367e-06,7.341835098371986e-07
1603644908702,2020-10-25T12:55:08.702,132.25,1.5009095437669594e-06,-1.0553581573102123e-06,7.898333935918189e-07
1603644908752,2020-10-25T12:55:08.752,132.3,1.676155837145887e-06,-1.1085353925311431e-06,1.0672087028741168e-06
1603644908802,2020-10-25T12:55:08.802,132.35,1.4931644000161584e-06,-1.3542485768141496e-06,1.1558736406250416e-06
1603644908852,2020-10-25T12:55:08.852,132.4,1.2412052804478354e-06,-1.4092388574752367e-06,9.209616649105445e-07
1603644908902,2020-10-25T12:55:08.902,132.45,1.463485346928673e-06,-1.1536637307137826e-06,8.070212783168819e-07
1603644908952,2020-10-25T12:55:08.952,132.5,1.7783020056215188e-06,-8.453618959980057e-07,9.589386315969523e-07
1603644909002,2020-10-25T12:55:09.002,132.55,1.5032483428713048e-06,-7.524169075262569e-07,1.0698926215292875e-06
1603644909052,2020-10-25T12:55:09.052,132.6,9.026281320936985e-07,-8.456404345665248e-07,1.1822846656454917e-06
1603644909102,2020-10-25T12:55:09.102,132.65,8.015378853499976e-07,-8.89743736807993e-07,1.497801557352411e-06
1603644909152,2020-10-25T12:55:09.152,132.7,1.3274393675629404e-06,-8.463136725634716e-07,1.6697344860379096e-06
1603644909202,2020-10-25T12:55:09.202,132.75,1.76254570708004e-06,-9.46068532693943e-07,1.3919619406850855e-06
1603644909252,2020-10-25T12:55:09.252,132.8,1.515759452820638e-06,-1.1905336278655165e-06,1.1068497832524868e-06
1603644909302,2020-10-25T12:55:09.302,132.85,8.427611559974929e-07,-1.2633263217283885e-06,1.198241491502648e-06
1603644909352,2020-10-25T12:55:09.352,132.9,4.933943530674737e-07,-1.1501230365204835e-06,1.3134683340843521e-06
1603644909402,2020-10-25T12:55:09.402,132.95,7.066554419096256e-07,-1.1639051568251624e-06,1.2006042114296775e-06
1603644909452,2020-10-25T12:55:09.452,133.0,9.033052463734909e-07,-1.271280445378499e-06,1.2478132148394395e-06
1603644909502,2020-10-25T12:55:09.502,133.05,6.260591096649372e-07,-1.1618107626808806e-06,1.6358128641599854e-06
1603644909552,2020-10-25T12:55:09.552,133.1,2.581766620426272e-07,-8.57929755201277e-07,1.8944090615046196e-06
1603644909602,2020-10-25T12:55:09.602,133.15,3.329819722748109e-07,-6.123168565783308e-07,1.7204768109235122e-06
1603644909652,2020-10-25T12:55:09.652,133.2,6.538234528996061e-07,-5.01951345346548e-07,1.416467344457183e-06
1603644909702,2020-10-25T12:55:09.702,133.25,6.538984679038022e-07,-4.855297799958571e-07,1.240895489751609e-06
1603644909752,2020-10-25T12:55:09.752,133.3,2.9458395769065985e-07,-5.402477417790984e-07,1.061451496140027e-06
1603644909802,2020-10-25T12:55:09.802,133.35,6.71248334088305e-08,-6.445096994475594e-07,8.324788161716361e-07
1603644909852,2020-10-25T12:55:09.852,133.4,1.810585527080947e-07,-7.67739669321807e-07,7.705178378016793e-07
1603644909902,2020-10-25T12:55:09.902,133.45,2.694637106411443e-07,-8.279849819651655e-07,9.578888316959384e-07
1603644909952,2020-10-25T12:55:09.952,133.5,3.146156010561196e-08,-7.255646874169568e-07,1.2534050947253052e-06
1603644910002,2020-10-25T12:55:10.002,133.55,-3.13540798183396e-07,-4.854115638128764e-07,1.5569786615291318e-06
1603644910052,2020-10-25T12:55:10.052,133.6,-4.4683019039688696e-07,-2.8722790090642676e-07,1.8209527353036607e-06
1603644910102,2020-10-25T12:55:10.102,133.65,-4.246971958329841e-07,-3.408521367136946e-07,1.9154701629379235e-06
1603644910152,2020-10-25T12:55:10.152,133.7,-4.773271273692361e-07,-6.545285220297627e-07,1.74790896397412e-06
1603644910202,2020-10-25T12:55:10.202,133.75,-6.337966296935164e-07,-9.305855549632032e-07,1.482364876849095e-06
1603644910252,2020-10-25T12:55:10.252,133.8,-7.785086412399398e-07,-8.820147183064936e-07,1.4441746108425035e-06
1603644910302,2020-10-25T12:55:10.302,133.85,-8.591572132574684e-07,-5.756299375976458e-07,1.695068391375463e-06
1603644910352,2020-10-25T12:55:10.352,133.9,-8.772472696631449e-07,-3.114762741948389e-07,1.8675106459519514e-06
1603644910402,2020-10-25T12:55:10.402,133.95,-8.568853500245947e-07,-2.997670480603498e-07,1.6712274594947447e-06
1603644910452,2020-10-25T12:55:10.452,134.0,-8.863512696467084e-07,-4.7122262747526495e-07,1.3910124686338987e-06
1603644910502,2020-10-25T12:55:10.502,134.05,-1.0507049045838462e-06,-5.503063259403327e-07,1.4949001529653173e-06
1603644910552,2020-10-25T12:55:10.552,134.1,-1.339826106183354e-06,-4.5265566783249774e-07,1.9081661798412825e-06
1603644910602,2020-10-25T12:55:10.602,134.15,-1.615560682646852e-06,-4.267356247739728e-07,2.1412995481277866e-06
1603644910652,2020-10-25T12:55:10.652,134.2,-1.607597852372924e-06,-5.335259593765322e-07,2.0055178655579707e-06
1603644910702,2020-10-25T12:55:10.702,134.25,-1.2248016930367606e-06,-4.538191342819723e-07,1.7619956336123648e-06
1603644910752,2020-10-25T12:55:10.752,134.3,-9.298216958170053e-07,-1.5239149349180662e-07,1.6970066160820276e-06
1603644910802,2020-10-25T12:55:10.802,134.35,-1.2013122687645282e-06,-6.139323531124766e-08,1.8876021875943428e-06
1603644910852,2020-10-25T12:55:10.852,134.4,-1.6707257295775553e-06,-2.960272534823696e-07,2.2167400524067015e-06
1603644910902,2020-10-25T12:55:10.902,134.45,-1.6912700217400194e-06,-4.4674995582739867e-07,2.421917232307359e-06
1603644910952,2020-10-25T12:55:10.952,134.5,-1.5288570300522798e-06,-3.2810433860106617e-07,2.3531720379784394e-06
1603644911002,2020-10-25T12:55:11.002,134.55,-1.8539942570238234e-06,-2.013044790031714e-07,2.207511901250082e-06
1603644911052,2020-10-25T12:55:11.052,134.6,-2.423249044683866e-06,-2.394103635036981e-07,2.2388462779434093e-06
1603644911102,2020-10-25T12:55:11.102,134.65,-2.4842634880015354e-06,-3.4518785179210897e-07,2.3889761647757575e-06
1603644911152,2020-10-25T12:55:11.152,134.7,-2.0690593136220486e-06,-3.67719757001869e-07,2.475588349236843e-06
1603644911202,2020-10-25T12:55:11.202,134.75,-1.7886669330163576e-06,-1.9539969552456416e-07,2.4871986913618865e-06
1603644911252,2020-10-25T12:55:11.252,134.8,-1.8312470183901633e-06,1.2792085369384634e-07,2.509826036862262e-06
1603644911302,2020-10-25T12:55:11.302,134.85,-2.0260079582174677e-06,3.535242180131665e-07,2.62420188167611e-06
1603644911352,2020-10-25T12:55:11.352,134.9,-2.318513235782724e-06,3.4294786321495326e-07,2.8506800935230024e-06
1603644911402,2020-10-25T12:55:11.402,134.95,-2.5796492469582708e-06,2.3065042424868757e-07,2.9792023091806078e-06
1603644911452,2020-10-25T12:55:11.452,135.0,-2.5945071100195297e-06,1.2669342025377679e-07,2.7708799497163e-06
1603644911502,2020-10-25T12:55:11.502,135.05,-2.575433031770419e-06,6.863121365054745e-09,2.4623852117616268e-06
1603644911552,2020-10-25T12:55:11.552,135.1,-2.931111687330423e-06,-7.718219002462044e-08,2.4681103575746283e-06
1603644911602,2020-10-25T12:55:11.602,135.15,-3.3950904768579593e-06,-1.501973045396428e-08,2.6178283064510583e-06
1603644911652,2020-10-25T12:55:11.652,135.2,-3.304989594185232e-06,1.844439680882223e-07,2.5013453784510664e-06
1603644911702,2020-10-25T12:55:11.702,135.25,-2.7927804254751654e-06,4.037119561913459e-07,2.307894608355639e-06
1603644911752,2020-10-25T12:55:11.752,135.3,-2.687568562220549e-06,5.308058798878449e-07,2.435502522469846e-06
1603644911802,2020-10-25T12:55:11.802,135.35,-3.2247221764834227e-06,5.705241099672158e-07,2.711321852150503e-06
1603644911852,2020-10-25T12:55:11.852,135.4,-3.7605259905741374e-06,6.841513005617733e-07,2.7791276439553903e-06
1603644911902,2020-10-25T12:55:11.902,135.45,-3.7418688963854342e-06,9.528961465725521e-07,2.701081813962854e-06
1603644911952,2020-10-25T12:55:11.952,135.5,-3.2546561837895714e-06,1.1108722385687025e-06,2.5997316360553564e-06
1603644912002,2020-10-25T12:55:12.002,135.55,-2.6197501088869847e-06,8.151899648172925e-07,2.26963895711614e-06
1603644912052,2020-10-25T12:55:12.052,135.6,-1.9360147888284347e-06,1.4686472596655652e-07,1.6072723877797097e-06
1603644912102,2020-10-25T12:55:12.102,135.65,-1.0989736368424904e-06,-4.578660627608674e-07,1.0096612511546424e-06
1603644912152,2020-10-25T12:55:12.152,135.7,-3.210176482079292e-08,-6.831096800973785e-07,8.137622721866224e-07
1603644912202,2020-10-25T12:55:12.202,135.75,1.1693040773265526e-06,-5.871428394105987e-07,6.238637881471436e-07
1603644912252,2020-10-25T12:55:12.252,135.8,2.2676521575544376e-06,-5.007925721231112e-07,-1.2588613536051676e-08
1603644912302,2020-10-25T12:55:12.302,135.85,3.092458422260415e-06,-6.535448537421473e-07,-6.204689032407299e-07
1603644912352,2020-10-25T12:55:12.352,135.9,3.7142379675906997e-06,-9.30621332941173e-07,-6.122364755658196e-07
1603644912402,2020-10-25T12:55:12.402,135.95,4.259475414066842e-06,-1.1421741129365922e-06,-5.198199612290787e-07
1603644912452,2020-10-25T12:55:12.452,136.0,4.646530327539431e-06,-1.2720160665146895e-06,-1.1351270285185446e-06
1603644912502,2020-10-25T12:55:12.502,136.05,4.7912965835880655e-06,-1.3117875897803478e-06,-2.156892854281584e-06
1603644912552,2020-10-25T12:55:12.552,136.1,4.809993979904181e-06,-1.2099054909656668e-06,-2.8042795009779467e-06
1603644912602,2020-10-25T12:55:12.602,136.15,4.677375600315847e-06,-1.0093931074074778e-06,-2.9823054011547993e-06
1603644912652,2020-10-25T12:55:12.652,136.2,4.216695692016459e-06,-7.961602553396431e-07,-3.072257993407816e-06
1603644912702,2020-10-25T12:55:12.702,136.25,3.6496751531456125e-06,-6.625248716936674e-07,-3.2460515631535297e-06
1603644912752,2020-10-25T12:55:12.752,136.3,3.285745179196399e-06,-6.969268357004453e-07,-3.376676651035962e-06
1603644912802,2020-10-25T12:55:12.802,136.35,2.695565880006374e-06,-7.598501039284128e-07,-3.145475514362336e-06
1603644912852,2020-10-25T12:55:12.852,136.4,1.3538825306503267e-06,-6.034401964511624e-07,-2.238381731358557e-06
1603644912902,2020-10-25T12:55:12.902,136.45,-1.94545072960977e-07,-4.4625963661203284e-07,-9.042843065455074e-07
1603644912952,2020-10-25T12:55:12.952,136.5,-1.0023647482071484e-06,-8.132435169820796e-07,-2.2206895287458654e-08
1603644913002,2020-10-25T12:55:13.002,136.55,-1.0086977790014487e-06,-1.603061817345812e-06,-2.3381443100878138e-08
1603644913052,2020-10-25T12:55:13.052,136.6,-7.655463952624131e-07,-2.0983727405753347e-06,-2.34961445940717e-07
1603644913102,2020-10-25T12:55:13.102,136.65,-5.869912383602742e-07,-2.0644557692403306e-06,3.009817035426096e-08
1603644913152,2020-10-25T12:55:13.152,136.7,-4.3395092470702836e-07,-1.94572537382529e-06,2.9371646599128213e-07
1603644913202,2020-10-25T12:55:13.202,136.75,-3.8083571522381e-08,-1.8585688816078295e-06,-4.405516434804816e-07
1603644913252,2020-10-25T12:55:13.252,136.8,8.049683344159915e-07,-1.3643559610744415e-06,-2.2127408411302066e-06
1603644913302,2020-10-25T12:55:13.302,136.85,1.6680580522686107e-06,-3.1526414312596796e-07,-3.95279010221758e-06
1603644913352,2020-10-25T12:55:13.352,136.9,1.6978921947941503e-06,9.854951352484123e-07,-4.7468585072975125e-06
1603644913402,2020-10-25T12:55:13.402,136.95,6.797894501720657e-07,2.366029699318594e-06,-4.723634331685185e-06
1603644913452,2020-10-25T12:55:13.452,137.0,-7.440160993556796e-07,3.7408967876896275e-06,-4.57290881075848e-06
1603644913502,2020-10-25T12:55:13.502,137.05,-2.0777868315829687e-06,4.809594064506169e-06,-4.612345470676941e-06
1603644913552,2020-10-25T12:55:13.552,137.1,-3.361690905053927e-06,5.4340175780094105e-06,-4.599170413901789e-06
1603644913602,2020-10-25T12:55:13.602,137.15,-4.497422337174563e-06,5.881943960185695e-06,-4.2764451734684275e-06
1603644913652,2020-10-25T12:55:13.652,137.2,-5.247740238109719e-06,6.347435585712919e-06,-3.746506855525599e-06
1603644913702,2020-10-25T12:55:13.702,137.25,-5.911000932738321e-06,6.695404805171474e-06,-3.238005801494617e-06
1603644913752,2020-10-25T12:55:13.752,137.3,-6.882757266871299e-06,6.747794083040271e-06,-2.8293803013187325e-06
1603644913802,2020-10-25T12:55:13.802,137.35,-7.723680313836533e-06,6.486921860085135e-06,-2.4973518383143238e-06
1603644913852,2020-10-25T12:55:13.852,137.4,-7.791374554761195e-06,6.108124454247341e-06,-2.1824213162706604e-06
1603644913902,2020-10-25T12:55:13.902,137.45,-7.5020473111714265e-06,5.904582872344046e-06,-1.8344565395455919e-06
1603644913952,2020-10-25T12:55:13.952,137.5,-7.817224193689336e-06,5.860937406204072e-06,-1.5170535893887724e-06
1603644914002,2020-10-25T12:55:14.002,137.55,-8.758465843808013e-06,5.70564570225557e-06,-1.3010927879176521e-06
1603644914052,2020-10-25T12:55:14.052,137.6,-9.493952757728017e-06,5.57439188283348e-06,-1.0701520933230254e-06
1603644914102,2020-10-25T12:55:14.102,137.65,-9.60471615025133e-06,5.857435300990814e-06,-6.599119284052414e-07
1603644914152,2020-10-25T12:55:14.152,137.7,-9.390756953176968e-06,6.2824799581541565e-06,-1.4691464649606723e-07
1603644914202,2020-10-25T12:55:14.202,137.75,-9.227743718216936e-06,6.203347819192489e-06,2.3013288527708684e-07
1603644914252,2020-10-25T12:55:14.252,137.8,-9.147395091989206e-06,5.69714594904753e-06,4.4467681044370117e-07
1603644914302,2020-10-25T12:55:14.302,137.85,-8.802039708748906e-06,5.254648013321762e-06,6.75781131895702e-07
1603644914352,2020-10-25T12:55:14.352,137.9,-7.845486342838579e-06,4.8101851476980396e-06,8.588361304405767e-07
1603644914402,2020-10-25T12:55:14.402,137.95,-6.547312640111604e-06,4.138208610253751e-06,6.601146374358379e-07
1603644914452,2020-10-25T12:55:14.452,138.0,-5.53281069042151e-06,3.5653929899806766e-06,-5.111912140751e-09
1603644914502,2020-10-25T12:55:14.502,138.05,-4.808437787167577e-06,3.394475260235497e-06,-8.053113213545396e-07
1603644914552,2020-10-25T12:55:14.552,138.1,-3.786601310513828e-06,3.241454777671879e-06,-1.3671605948271923e-06
1603644914602,2020-10-25T12:55:14.602,138.15,-2.2369512501060162e-06,2.6108587362049922e-06,-1.5740385987555529e-06
1603644914652,2020-10-25T12:55:14.652,138.2,-5.874665523609073e-07,1.694306068085751e-06,-1.5166440046710902e-06
1603644914702,2020-10-25T12:55:14.702,138.25,5.619331550208405e-07,1.0652051776526645e-06,-1.3080923397799611e-06
1603644914752,2020-10-25T12:55:14.752,138.3,9.855933873437088e-07,7.716840333283179e-07,-1.0326739866631886e-06
1603644914802,2020-10-25T12:55:14.802,138.35,1.066139765134689e-06,2.964156549146271e-07,-8.235472463765471e-07
1603644914852,2020-10-25T12:55:14.852,138.4,1.3541816283430212e-06,-5.2210075396927e-07,-7.892153277556531e-07
1603644914902,2020-10-25T12:55:14.902,138.45,1.8803552818573495e-06,-1.232266611861378e-06,-8.222947054570352e-07
1603644914952,2020-10-25T12:55:14.952,138.5,2.292917775949166e-06,-1.71385136802418e-06,-7.133270238961369e-07
1603644915002,2020-10-25T12:55:15.002,138.55,2.5089095516899264e-06,-2.460728073458161e-06,-4.640405592427166e-07
1603644915052,2020-10-25T12:55:15.052,138.6,2.702098923087894e-06,-3.4320717144797953e-06,-2.398856974896049e-07
1603644915102,2020-10-25T12:55:15.102,138.65,2.854093658495664e-06,-3.7281982073705897e-06,-1.0042609496493304e-07
1603644915152,2020-10-25T12:55:15.152,138.7,2.796423880456339e-06,-3.0285942794880424e-06,-3.9829420389995555e-10
1603644915202,2020-10-25T12:55:15.202,138.75,2.558306818952814e-06,-2.234410586603409e-06,9.975021935478539e-08
1603644915252,2020-10-25T12:55:15.252,138.8,2.4028824442433925e-06,-2.1309354001829234e-06,2.412240459674952e-07
1603644915302,2020-10-25T12:55:15.302,138.85,2.5683924012589555e-06,-2.4052349164429494e-06,4.264160074761181e-07
1603644915352,2020-10-25T12:55:15.352,138.9,3.004740058380335e-06,-2.4397775984105227e-06,5.927207649141923e-07
1603644915402,2020-10-25T12:55:15.402,138.95,3.3761607265023913e-06,-2.3097598983018697e-06,7.184009550447154e-07
1603644915452,2020-10-25T12:55:15.452,139.0,3.4277803483835296e-06,-2.467931574650097e-06,8.145986332922621e-07
1603644915502,2020-10-25T12:55:15.502,139.05,3.311799313265836e-06,-2.870007559507445e-06,8.190107006837403e-07
1603644915552,2020-10-25T12:55:15.552,139.1,3.3909651473815368e-06,-3.058562016118181e-06,7.80510097783387e-07
1603644915602,2020-10-25T12:55:15.602,139.15,3.742235477213755e-06,-2.951273725175283e-06,1.0481305569009219e-06
1603644915652,2020-10-25T12:55:15.652,139.2,4.062517463427184e-06,-2.9006650103076482e-06,1.7567278566482414e-06
1603644915702,2020-10-25T12:55:15.702,139.25,4.056792757013498e-06,-3.0786396863829963e-06,2.2698389260300877e-06
1603644915752,2020-10-25T12:55:15.752,139.3,3.705121680291654e-06,-3.321475889595921e-06,1.8710491316307225e-06
1603644915802,2020-10-25T12:55:15.802,139.35,3.2394200134143418e-06,-3.441228484714582e-06,8.137266268029914e-07
1603644915852,2020-10-25T12:55:15.852,139.4,3.0012875412707227e-06,-3.37284610764704e-06,-9.995437317405378e-08
1603644915902,2020-10-25T12:55:15.902,139.45,3.101764327266861e-06,-3.171464699505545e-06,-6.254611357152305e-07
1603644915952,2020-10-25T12:55:15.952,139.5,3.2631619001282342e-06,-2.984548237381276e-06,-9.979005327831807e-07
1603644916002,2020-10-25T12:55:16.002,139.55,3.2733508066614903e-06,-2.9056933342748e-06,-1.2059318949666472e-06
1603644916052,2020-10-25T12:55:16.052,139.6,3.2591326044010294e-06,-2.9064576292444977e-06,-1.0768941504246364e-06
1603644916102,2020-10-25T12:55:16.102,139.65,3.2423742485320013e-06,-2.953478252848852e-06,-7.738386632634849e-07
1603644916152,2020-10-25T12:55:16.152,139.7,3.0067057336072674e-06,-2.97815572584836e-06,-6.286198000406699e-07
1603644916202,2020-10-25T12:55:16.202,139.75,2.594676119456983e-06,-2.7818935695619228e-06,-6.242787651760544e-07
1603644916252,2020-10-25T12:55:16.252,139.8,2.3045783051673207e-06,-2.280904326415825e-06,-4.6218387210384184e-07
1603644916302,2020-10-25T12:55:16.302,139.85,2.189865471915084e-06,-1.7123855557130083e-06,-7.697700311308038e-08
1603644916352,2020-10-25T12:55:16.352,139.9,2.0784755139036517e-06,-1.345742693031809e-06,2.7125165346807995e-07
1603644916402,2020-10-25T12:55:16.402,139.95,1.9061984416343568e-06,-1.178766810297969e-06,4.3466528882525014e-07
