epoch (ms),time (-13:00),elapsed (s),x-axis (T),y-axis (T),z-axis (T)
1627859571565,2021-08-01T19:12:51.565,0.0,-5.924878002122198e-06,-6.298830780400742e-06,4.088438067971038e-06
1627859571615,2021-08-01T19:12:51.615,0.05,-6.143851470253056e-06,-1.1124850486580734e-05,5.3470509785521976e-06
1627859571665,2021-08-01T19:12:51.665,0.1,-5.455532289714506e-06,-1.0424543113473673e-05,5.350373976024175e-06
1627859571715,2021-08-01T19:12:51.715,0.15,-4.8601298432943425e-06,-6.669087030402768e-06,4.922181359150995e-06
1627859571765,2021-08-01T19:12:51.765,0.2,-5.453863351288093e-06,-4.3422475591363985e-06,5.416536685474089e-06
1627859571815,2021-08-01T19:12:51.815,0.25,-6.1821120591958055e-06,-4.191997686678255e-06,6.458852899316367e-06
1627859571865,2021-08-01T19:12:51.865,0.3,-5.684058333679076e-06,-6.6186406684207214e-06,6.80384918385712e-06
1627859571915,2021-08-01T19:12:51.915,0.35,-4.993498915672913e-06,-1.1515710376039138e-05,6.34969605860171e-06
1627859571965,2021-08-01T19:12:51.965,0.4,-5.793030013375457e-06,-1.4439993807460125e-05,5.8761072960030685e-06
1627859572015,2021-08-01T19:12:52.015,0.45,-7.359624764613637e-06,-1.1717488115308968e-05,5.677867903629395e-06
1627859572065,2021-08-01T19:12:52.065,0.5,-7.68301335610085e-06,-6.991680800674372e-06,5.652844350614709e-06
1627859572115,2021-08-01T19:12:52.115,0.55,-6.456792866887649e-06,-5.704076871018201e-06,5.955361902647763e-06
1627859572165,2021-08-01T19:12:52.165,0.6,-5.283875051251832e-06,-7.39535106254968e-06,6.590543972939875e-06
1627859572215,2021-08-01T19:12:52.215,0.65,-5.581623708439208e-06,-8.464265711183283e-06,6.985665533674466e-06
1627859572265,2021-08-01T19:12:52.265,0.7,-7.05338335642403e-06,-8.043042841685109e-06,6.713905335757583e-06
1627859572315,2021-08-01T19:12:52.315,0.75,-8.199964296083024e-06,-7.716066367901189e-06,6.225108772531545e-06
1627859572365,2021-08-01T19:12:52.365,0.8,-8.13916718442812e-06,-8.259940903832588e-06,6.256093349271235e-06
1627859572415,2021-08-01T19:12:52.415,0.85,-7.378932964942115e-06,-8.865862572460873e-06,6.819956799146913e-06
1627859572465,2021-08-01T19:12:52.465,0.9,-6.762730316485467e-06,-8.812884490616448e-06,7.375356980242912e-06
1627859572515,2021-08-01T19:12:52.515,0.95,-6.463947632905669e-06,-8.541653439694637e-06,7.690211807742238e-06
1627859572565,2021-08-01T19:12:52.565,1.0,-6.220574410852942e-06,-8.655789697027411e-06,7.869078278961636e-06
1627859572615,2021-08-01T19:12:52.615,1.05,-5.961512276318587e-06,-9.009725084769553e-06,7.80577318515618e-06
1627859572665,2021-08-01T19:12:52.665,1.1,-5.851658737507898e-06,-9.448965897943373e-06,7.30086279481312e-06
1627859572715,2021-08-01T19:12:52.715,1.15,-5.828577528461678e-06,-1.0047976706807187e-05,6.610898116075987e-06
1627859572765,2021-08-01T19:12:52.765,1.2,-5.532084024969253e-06,-1.0280738778732888e-05,6.297529997784698e-06
1627859572815,2021-08-01T19:12:52.815,1.25,-4.977579204986876e-06,-9.681343613124307e-06,6.4620663249468886e-06
1627859572865,2021-08-01T19:12:52.865,1.3,-4.7633298056183775e-06,-9.048052435876659e-06,6.531579362749025e-06
1627859572915,2021-08-01T19:12:52.915,1.35,-5.090093478745876e-06,-9.229610070753082e-06,5.933756667402032e-06
1627859572965,2021-08-01T19:12:52.965,1.4,-5.2252696487167895e-06,-9.640248821509445e-06,4.7842488547589376e-06
1627859573015,2021-08-01T19:12:53.015,1.45,-4.624438124168043e-06,-9.461769209175727e-06,3.769132999322641e-06
1627859573065,2021-08-01T19:12:53.065,1.5,-3.825049553434774e-06,-8.98986903498682e-06,3.327449179262701e-06
1627859573115,2021-08-01T19:12:53.115,1.55,-3.420563032326182e-06,-8.7464100947575e-06,3.1718254828105624e-06
1627859573165,2021-08-01T19:12:53.165,1.6,-3.038124381765007e-06,-8.663709555106021e-06,2.850490898312953e-06
1627859573215,2021-08-01T19:12:53.215,1.65,-2.2276728726164635e-06,-8.670039580194855e-06,2.4034552060146294e-06
1627859573265,2021-08-01T19:12:53.265,1.7,-1.377614298633173e-06,-8.750267388930952e-06,2.0827457537903324e-06
1627859573315,2021-08-01T19:12:53.315,1.75,-8.994947568127938e-07,-8.559622392990487e-06,1.8912946830982909e-06
1627859573365,2021-08-01T19:12:53.365,1.8,-5.106924760890276e-07,-8.271661840841112e-06,1.7890366148666091e-06
1627859573415,2021-08-01T19:12:53.415,1.85,7.880947721313166e-08,-8.66676958357068e-06,1.9765110714482978e-06
1627859573465,2021-08-01T19:12:53.465,1.9,7.230908076137382e-07,-8.860327699358358e-06,2.658656267585738e-06
1627859573515,2021-08-01T19:12:53.515,1.95,1.3487193336171343e-06,-6.533796399328979e-06,3.5916742778489155e-06
1627859573565,2021-08-01T19:12:53.565,2.0,2.0915093413606557e-06,-2.7691017719052267e-06,4.095825053662718e-06
1627859573615,2021-08-01T19:12:53.615,2.05,2.875172983133471e-06,-2.547006622819607e-06,3.8545107774040285e-06
1627859573665,2021-08-01T19:12:53.665,2.1,3.415397119067236e-06,-6.764563147663855e-06,3.492506846023653e-06
1627859573715,2021-08-01T19:12:53.715,2.15,3.5696387109593814e-06,-9.084904750947899e-06,3.8012840138280127e-06
1627859573765,2021-08-01T19:12:53.765,2.2,3.4033863319706963e-06,-5.371659323852611e-06,4.696636655223165e-06
1627859573815,2021-08-01T19:12:53.815,2.25,3.1071533710530734e-06,-7.584734911773832e-09,5.480931708516709e-06
1627859573865,2021-08-01T19:12:53.865,2.3,2.9748743592715142e-06,1.6432171256829258e-06,5.7298230459411165e-06
1627859573915,2021-08-01T19:12:53.915,2.35,3.2077521999760386e-06,4.214834687548316e-07,5.53000482750275e-06
1627859573965,2021-08-01T19:12:53.965,2.4,3.5934444527398164e-06,-3.5072552150295035e-07,5.1489700556851375e-06
1627859574015,2021-08-01T19:12:54.015,2.45,3.664393171609013e-06,4.4870603249961125e-08,4.69838712377457e-06
1627859574065,2021-08-01T19:12:54.065,2.5,3.437466015922286e-06,5.697302763099657e-07,4.184032924260993e-06
1627859574115,2021-08-01T19:12:54.115,2.55,3.4928085650724504e-06,7.361313332454341e-07,3.845223046817244e-06
1627859574165,2021-08-01T19:12:54.165,2.6,3.931493707965713e-06,8.88388863754549e-07,3.919956187401256e-06
1627859574215,2021-08-01T19:12:54.215,2.65,4.190351517402493e-06,1.4035918030148028e-06,3.9706682742149395e-06
1627859574265,2021-08-01T19:12:54.265,2.7,4.254295325794707e-06,2.00362681068541e-06,3.3329184331869336e-06
1627859574315,2021-08-01T19:12:54.315,2.75,4.680839523081902e-06,2.1728458010421744e-06,2.2973638116913325e-06
1627859574365,2021-08-01T19:12:54.365,2.8,5.2168738036421364e-06,2.175846206300444e-06,1.7210592395510792e-06
1627859574415,2021-08-01T19:12:54.415,2.85,4.956377983818621e-06,2.680860319885085e-06,1.613952182734666e-06
1627859574465,2021-08-01T19:12:54.465,2.9,3.977092791742028e-06,3.577677374959848e-06,1.338499019524279e-06
1627859574515,2021-08-01T19:12:54.515,2.95,3.409669346455897e-06,4.242747401064778e-06,7.79523887361886e-07
1627859574565,2021-08-01T19:12:54.565,3.0,3.810409273626646e-06,4.40935668040483e-06,1.2963617648286578e-07
1627859574615,2021-08-01T19:12:54.615,3.05,4.588212874176887e-06,4.082536849254933e-06,-8.180121881946251e-07
1627859574665,2021-08-01T19:12:54.665,3.1,5.048394638052857e-06,3.6032339244160748e-06,-2.1321314289743746e-06
1627859574715,2021-08-01T19:12:54.715,3.15,5.030137329243882e-06,3.7215129102819776e-06,-3.150449667283859e-06
1627859574765,2021-08-01T19:12:54.765,3.2,4.584792176977904e-06,4.346443210243191e-06,-3.1261608291751646e-06
1627859574815,2021-08-01T19:12:54.815,3.25,3.965891500609505e-06,4.385433758383648e-06,-2.133615039199896e-06
1627859574865,2021-08-01T19:12:54.865,3.3,3.7492624103550873e-06,3.980773353881589e-06,-1.1557546796515808e-06
1627859574915,2021-08-01T19:12:54.915,3.35,4.088188211008482e-06,4.585364347025899e-06,-1.246442517086638e-06
1627859574965,2021-08-01T19:12:54.965,3.4,4.293135954770369e-06,6.02220484941435e-06,-2.3059841073647905e-06
1627859575015,2021-08-01T19:12:55.015,3.45,3.887189909989101e-06,6.496246781520148e-06,-2.998507959740787e-06
1627859575065,2021-08-01T19:12:55.065,3.5,3.307999233481371e-06,5.7771086133178906e-06,-2.43486706329784e-06
1627859575115,2021-08-01T19:12:55.115,3.55,3.021534080494039e-06,5.363102303341574e-06,-1.4200377076426323e-06
1627859575165,2021-08-01T19:12:55.165,3.6,2.9051373532939287e-06,5.866005666562992e-06,-1.3701498799316795e-06
1627859575215,2021-08-01T19:12:55.215,3.65,2.7874779718721642e-06,6.65736501279494e-06,-2.5003299194335905e-06
1627859575265,2021-08-01T19:12:55.265,3.7,2.6962787687302627e-06,7.204433392728661e-06,-3.7806782100805135e-06
1627859575315,2021-08-01T19:12:55.315,3.75,2.6038977886327423e-06,7.213050590297964e-06,-4.471283746556972e-06
1627859575365,2021-08-01T19:12:55.365,3.8,2.5430615685787274e-06,6.685866163818055e-06,-5.0184548734415595e-06
1627859575415,2021-08-01T19:12:55.415,3.85,2.685754368896847e-06,6.385901270189489e-06,-6.0852775439066196e-06
1627859575465,2021-08-01T19:12:55.465,3.9,3.0508361956364578e-06,6.791785899987506e-06,-7.184962579023963e-06
1627859575515,2021-08-01T19:12:55.515,3.95,3.437504795554135e-06,7.047926182321915e-06,-7.188700731963078e-06
1627859575565,2021-08-01T19:12:55.565,4.0,3.5932277753418975e-06,6.538204340252085e-06,-6.109880987337633e-06
1627859575615,2021-08-01T19:12:55.615,4.05,3.3888300573925893e-06,6.208522723106679e-06,-5.251819244207288e-06
1627859575665,2021-08-01T19:12:55.665,4.1,3.0708724050748306e-06,6.7964139012087735e-06,-5.386398495755023e-06
1627859575715,2021-08-01T19:12:55.715,4.15,3.092382416329323e-06,7.5174840649599495e-06,-5.9001645101243886e-06
1627859575765,2021-08-01T19:12:55.765,4.2,3.4199687472204946e-06,7.672466598442428e-06,-5.959164961495857e-06
1627859575815,2021-08-01T19:12:55.815,4.25,3.4254054909616616e-06,7.678477025792292e-06,-5.5397616242256974e-06
1627859575865,2021-08-01T19:12:55.865,4.3,2.7392189925186605e-06,7.820969091540838e-06,-5.185361616593981e-06
1627859575915,2021-08-01T19:12:55.915,4.35,1.9277441420780922e-06,7.694156890887802e-06,-5.350719259092313e-06
1627859575965,2021-08-01T19:12:55.965,4.4,1.9631663153736156e-06,7.247210650908238e-06,-5.896577893945226e-06
1627859576015,2021-08-01T19:12:56.015,4.45,2.8864825837383593e-06,7.0391304373923815e-06,-6.06945567645264e-06
1627859576065,2021-08-01T19:12:56.065,4.5,3.5031728241688428e-06,7.240227325949511e-06,-5.3713508855613156e-06
1627859576115,2021-08-01T19:12:56.115,4.55,3.005250945908392e-06,7.346527435711065e-06,-4.366771748868797e-06
1627859576165,2021-08-01T19:12:56.165,4.6,2.196992221603898e-06,7.016269490563696e-06,-3.960745613991743e-06
1627859576215,2021-08-01T19:12:56.215,4.65,2.165552922671172e-06,6.4903566807217205e-06,-3.984213428910717e-06
1627859576265,2021-08-01T19:12:56.265,4.7,2.594865489608407e-06,6.116803913529196e-06,-3.445198224959879e-06
1627859576315,2021-08-01T19:12:56.315,4.75,2.546732008462371e-06,5.958916324170059e-06,-2.2363671239846887e-06
1627859576365,2021-08-01T19:12:56.365,4.8,2.075512553122142e-06,5.881267329882205e-06,-1.4232805378748417e-06
1627859576415,2021-08-01T19:12:56.415,4.85,1.9027371402838459e-06,5.6838823242538945e-06,-1.6334206989559468e-06
1627859576465,2021-08-01T19:12:56.465,4.9,2.0976331787571123e-06,5.2086316922242975e-06,-2.3764574133968e-06
1627859576515,2021-08-01T19:12:56.515,4.95,2.0730457109977607e-06,4.66603445739651e-06,-3.0165327053759744e-06
1627859576565,2021-08-01T19:12:56.565,5.0,1.6001921342040358e-06,4.68276849896725e-06,-3.2196483426955757e-06
1627859576615,2021-08-01T19:12:56.615,5.05,1.0953209879126237e-06,5.380858701214997e-06,-2.7270672881386386e-06
1627859576665,2021-08-01T19:12:56.665,5.1,9.03988944169134e-07,5.824546118183845e-06,-1.7832134830793912e-06
1627859576715,2021-08-01T19:12:56.715,5.15,8.069690314225386e-07,5.4019416039807855e-06,-1.1961445821370978e-06
1627859576765,2021-08-01T19:12:56.765,5.2,4.692069220788245e-07,4.889490642772586e-06,-1.1460402600757187e-06
1627859576815,2021-08-01T19:12:56.815,5.25,1.1896238474851533e-08,4.9038145394734125e-06,-8.558648289518291e-07
1627859576865,2021-08-01T19:12:56.865,5.3,-2.538470131723086e-07,4.7531737071691034e-06,-1.5859268498569694e-07
1627859576915,2021-08-01T19:12:56.915,5.35,-3.0203552662727765e-07,4.126087540509898e-06,-1.8153769788602294e-07
1627859576965,2021-08-01T19:12:56.965,5.4,-1.9814595767331656e-07,4.088976628792744e-06,-1.4767771404182465e-06
1627859577015,2021-08-01T19:12:57.015,5.45,6.495042539054835e-08,5.216932366404825e-06,-2.6624069713389408e-06
1627859577065,2021-08-01T19:12:57.065,5.5,2.851111499235994e-07,6.454919696338266e-06,-2.215317570345556e-06
1627859577115,2021-08-01T19:12:57.115,5.55,2.630393344607243e-07,6.6301291677333085e-06,-6.514619837937371e-07
1627859577165,2021-08-01T19:12:57.165,5.6,2.429556799506123e-07,5.824907603863881e-06,3.023410926141476e-07
1627859577215,2021-08-01T19:12:57.215,5.65,4.6432830119888297e-07,4.987829417405506e-06,-8.282594790829888e-08
1627859577265,2021-08-01T19:12:57.265,5.7,6.731308454489861e-07,4.882999933583441e-06,-1.099598667446385e-06
1627859577315,2021-08-01T19:12:57.315,5.75,6.068403793503018e-07,5.3502449187548645e-06,-1.8130442392578414e-06
1627859577365,2021-08-01T19:12:57.365,5.8,4.1155008451505134e-07,5.569651115214226e-06,-1.9874744252404336e-06
1627859577415,2021-08-01T19:12:57.415,5.85,3.151001803397289e-07,5.2241395475399124e-06,-1.9263682544752542e-06
1627859577465,2021-08-01T19:12:57.465,5.9,3.149145815137834e-07,4.8173359013198025e-06,-1.949515852445137e-06
1627859577515,2021-08-01T19:12:57.515,5.95,2.729305056830575e-07,4.714901504175889e-06,-2.2079275160071497e-06
1627859577565,2021-08-01T19:12:57.565,6.0,2.0988368689374417e-07,4.79190103730686e-06,-2.5812614277980974e-06
1627859577615,2021-08-01T19:12:57.615,6.05,3.7594373502976883e-07,4.976024999213872e-06,-2.7090660251609544e-06
1627859577665,2021-08-01T19:12:57.665,6.1,7.917481916235325e-07,5.1519284902002136e-06,-2.44185314715205e-06
1627859577715,2021-08-01T19:12:57.715,6.15,9.68375869252427e-07,4.8940909901689755e-06,-2.0436274271267054e-06
1627859577765,2021-08-01T19:12:57.765,6.2,5.133889221100336e-07,4.2446790096374725e-06,-1.843057615129415e-06
1627859577815,2021-08-01T19:12:57.815,6.25,-1.995560607977003e-07,4.0060586636477466e-06,-1.933310642450146e-06
1627859577865,2021-08-01T19:12:57.865,6.3,-3.885928637930978e-07,4.3742598385330726e-06,-2.0610141483579277e-06
1627859577915,2021-08-01T19:12:57.915,6.35,1.0039003915567982e-07,4.384379347270575e-06,-1.7946494806425355e-06
1627859577965,2021-08-01T19:12:57.965,6.4,4.723401334473811e-07,3.5408446714492968e-06,-1.1256322606012752e-06
1627859578015,2021-08-01T19:12:58.015,6.45,3.737608609695601e-08,2.81044887948481e-06,-6.543582165992446e-07
1627859578065,2021-08-01T19:12:58.065,6.5,-7.135261224622223e-07,3.221980872706444e-06,-8.417000658151028e-07
1627859578115,2021-08-01T19:12:58.115,6.55,-7.270014473477976e-07,4.300814684941236e-06,-1.487830700915405e-06
1627859578165,2021-08-01T19:12:58.165,6.6,9.687945206731969e-08,4.557441089154279e-06,-2.1705486635038802e-06
1627859578215,2021-08-01T19:12:58.215,6.65,7.151451995027221e-07,3.3547217893014484e-06,-2.602182288636882e-06
1627859578265,2021-08-01T19:12:58.265,6.7,2.513344598113279e-07,1.7840380690404896e-06,-2.4684761981217292e-06
1627859578315,2021-08-01T19:12:58.315,6.75,-9.496283460698617e-07,1.3070414097564725e-06,-1.6799756833053033e-06
1627859578365,2021-08-01T19:12:58.365,6.8,-1.6405029420931093e-06,1.980368078985393e-06,-7.429283523629666e-07
1627859578415,2021-08-01T19:12:58.415,6.85,-1.0909267119044148e-06,2.6727929623400733e-06,-2.2413610905747604e-07
1627859578465,2021-08-01T19:12:58.465,6.9,-9.880325828523996e-08,2.3523003419705123e-06,-1.940442512976943e-07
1627859578515,2021-08-01T19:12:58.515,6.95,4.880446733920901e-08,4.3902658861180257e-07,-5.98839948022549e-07
1627859578565,2021-08-01T19:12:58.565,7.0,-5.182296446442174e-07,-2.823436653311618e-06,-1.4731948126432986e-06
1627859578615,2021-08-01T19:12:58.615,7.05,-6.01096275901786e-07,-5.514977609358661e-06,-2.459202122439016e-06
1627859578665,2021-08-01T19:12:58.665,7.1,-2.7998437992949123e-08,-5.546065187021907e-06,-2.814715212373679e-06
1627859578715,2021-08-01T19:12:58.715,7.15,1.2944984109107064e-07,-3.751611297853764e-06,-2.2374721477128443e-06
1627859578765,2021-08-01T19:12:58.765,7.2,-5.870230546729671e-07,-3.0125674326899644e-06,-1.298744153839762e-06
1627859578815,2021-08-01T19:12:58.815,7.25,-1.3163830037927357e-06,-4.250868739226112e-06,-7.671301174334718e-07
1627859578865,2021-08-01T19:12:58.865,7.3,-1.2558478606060774e-06,-5.9497329634024815e-06,-7.293318722393981e-07
1627859578915,2021-08-01T19:12:58.915,7.35,-7.525197732525506e-07,-6.841622298428504e-06,-7.613405249068723e-07
1627859578965,2021-08-01T19:12:58.965,7.4,-4.850681313497715e-07,-6.66959308978692e-06,-6.641208471655901e-07
1627859579015,2021-08-01T19:12:59.015,7.45,-3.872927609124443e-07,-5.409198326189615e-06,-4.33851117761499e-07
1627859579065,2021-08-01T19:12:59.065,7.5,-1.8610962352910842e-07,-3.6369649199240227e-06,-1.2495828792758801e-08
1627859579115,2021-08-01T19:12:59.115,7.55,-1.080934445312196e-07,-2.7939978482356874e-06,2.2232326341405877e-07
1627859579165,2021-08-01T19:12:59.165,7.6,-2.5220915261679145e-07,-3.3936698120982274e-06,-4.423733593299982e-07
1627859579215,2021-08-01T19:12:59.215,7.65,-2.6645295233088095e-07,-3.6481548318195385e-06,-1.7777331707100738e-06
1627859579265,2021-08-01T19:12:59.265,7.7,-1.0319269108060352e-07,-1.8976172460396597e-06,-2.5889301538045533e-06
1627859579315,2021-08-01T19:12:59.315,7.75,-4.6331933125564994e-08,4.902507286088818e-07,-2.5601041354521315e-06
1627859579365,2021-08-01T19:12:59.365,7.8,-4.0796219634275454e-08,1.1735109298786885e-06,-2.742066510320169e-06
1627859579415,2021-08-01T19:12:59.415,7.85,5.819304188529327e-08,5.752013753185922e-07,-3.617656314636617e-06
1627859579465,2021-08-01T19:12:59.465,7.9,1.300257567922049e-07,8.239601452101785e-07,-4.244194815982518e-06
1627859579515,2021-08-01T19:12:59.515,7.95,2.7635009872646685e-07,2.1624802202859137e-06,-4.10670586684778e-06
1627859579565,2021-08-01T19:12:59.565,8.0,7.109716427757493e-07,3.0157874992934983e-06,-4.251047015091709e-06
1627859579615,2021-08-01T19:12:59.615,8.05,1.161146265825094e-06,2.78954222654894e-06,-5.603703223275291e-06
1627859579665,2021-08-01T19:12:59.665,8.1,1.4623577863297416e-06,2.3978780041497425e-06,-7.499676018406473e-06
1627859579715,2021-08-01T19:12:59.715,8.15,2.064163134692601e-06,2.4554416662968926e-06,-8.71342557870709e-06
1627859579765,2021-08-01T19:12:59.765,8.2,2.964064658203878e-06,2.6381895119031177e-06,-8.916362966016425e-06
1627859579815,2021-08-01T19:12:59.815,8.25,3.357001778767607e-06,2.6817137927550343e-06,-8.616885785472186e-06
1627859579865,2021-08-01T19:12:59.865,8.3,3.0799090945942445e-06,2.8188094709299823e-06,-8.446729949008944e-06
1627859579915,2021-08-01T19:12:59.915,8.35,2.8914402213254894e-06,3.1921470592873746e-06,-8.667581091342748e-06
1627859579965,2021-08-01T19:12:59.965,8.4,2.921606918357381e-06,3.5368973130865603e-06,-8.825242095959332e-06
1627859580015,2021-08-01T19:13:00.015,8.45,2.5596382091400383e-06,3.5011201782954438e-06,-8.199845616491081e-06
1627859580065,2021-08-01T19:13:00.065,8.5,1.9993159484852244e-06,3.0164674643879707e-06,-7.0788687623869484e-06
1627859580115,2021-08-01T19:13:00.115,8.55,2.169639407050094e-06,2.4225125174496416e-06,-6.717443358673388e-06
1627859580165,2021-08-01T19:13:00.165,8.6,3.17669182758992e-06,2.1966821517443334e-06,-7.502376872459354e-06
1627859580215,2021-08-01T19:13:00.215,8.65,4.171134882560168e-06,2.4606340430225054e-06,-8.391933910420157e-06
1627859580265,2021-08-01T19:13:00.265,8.7,4.5410022197104225e-06,2.9404180901829405e-06,-8.620180382546945e-06
1627859580315,2021-08-01T19:13:00.315,8.75,4.374555014418472e-06,3.3512695764093805e-06,-8.569821988141146e-06
1627859580365,2021-08-01T19:13:00.365,8.8,4.04736925068178e-06,3.577557007429344e-06,-8.68702468333402e-06
1627859580415,2021-08-01T19:13:00.415,8.85,3.86180126172939e-06,3.694036997301714e-06,-8.803333106384786e-06
1627859580465,2021-08-01T19:13:00.465,8.9,3.930897069997168e-06,3.882723468573503e-06,-8.63550606747321e-06
1627859580515,2021-08-01T19:13:00.515,8.95,4.225459748724434e-06,4.026833649163776e-06,-8.058915120774973e-06
1627859580565,2021-08-01T19:13:00.565,9.0,4.723392977597439e-06,3.751652515732642e-06,-7.092561320273876e-06
1627859580615,2021-08-01T19:13:00.615,9.05,5.313777747277907e-06,3.2776177742603793e-06,-6.2213670516147836e-06
1627859580665,2021-08-01T19:13:00.665,9.1,5.58486220257607e-06,3.3610714249320755e-06,-6.21940607380419e-06
1627859580715,2021-08-01T19:13:00.715,9.15,5.2418085450150885e-06,3.951731403335716e-06,-7.178778549728528e-06
1627859580765,2021-08-01T19:13:00.765,9.2,4.711380377006024e-06,4.218352146939113e-06,-8.26878356951787e-06
1627859580815,2021-08-01T19:13:00.815,9.25,4.628309113833421e-06,4.100328083299582e-06,-8.666412419697283e-06
1627859580865,2021-08-01T19:13:00.865,9.3,4.851731110465525e-06,4.218515512089446e-06,-8.266611171134437e-06
1627859580915,2021-08-01T19:13:00.915,9.35,4.751430559535933e-06,4.449995516859424e-06,-7.55164797286786e-06
1627859580965,2021-08-01T19:13:00.965,9.4,4.306927403020943e-06,4.180414292044143e-06,-7.0617268772547355e-06
1627859581015,2021-08-01T19:13:01.015,9.45,4.2165381100861786e-06,3.5325874605032753e-06,-6.860382948294822e-06
1627859581065,2021-08-01T19:13:01.065,9.5,4.847580547472918e-06,3.255692723358781e-06,-6.469854183288961e-06
1627859581115,2021-08-01T19:13:01.115,9.55,5.598163674457347e-06,3.7855768264656015e-06,-5.432122238204921e-06
1627859581165,2021-08-01T19:13:01.165,9.6,5.694371248609987e-06,4.788866221439045e-06,-3.994506782921679e-06
1627859581215,2021-08-01T19:13:01.215,9.65,5.271729168261312e-06,5.4736057867761516e-06,-3.25909103423456e-06
1627859581265,2021-08-01T19:13:01.265,9.7,5.1218229535763995e-06,5.462324837575324e-06,-4.179096537009154e-06
1627859581315,2021-08-01T19:13:01.315,9.75,5.618989672815687e-06,5.180982540836309e-06,-6.0886880871680966e-06
1627859581365,2021-08-01T19:13:01.365,9.8,6.281345643568766e-06,5.132139928570976e-06,-7.135348323335719e-06
1627859581415,2021-08-01T19:13:01.415,9.85,6.355527161838109e-06,5.315079508642211e-06,-6.712518129449248e-06
1627859581465,2021-08-01T19:13:01.465,9.9,5.914843450855531e-06,5.604578171723685e-06,-6.178360506645279e-06
1627859581515,2021-08-01T19:13:01.515,9.95,5.970727031121253e-06,6.0606889883181055e-06,-6.5310300403155e-06
1627859581565,2021-08-01T19:13:01.565,10.0,6.905039814183151e-06,6.594601108400895e-06,-7.032975854395224e-06
1627859581615,2021-08-01T19:13:01.615,10.05,7.733271366809676e-06,6.6877674979166445e-06,-6.883105994692336e-06
1627859581665,2021-08-01T19:13:01.665,10.1,7.735869707139942e-06,5.923343061525074e-06,-6.5094713598487356e-06
1627859581715,2021-08-01T19:13:01.715,10.15,7.515732634881505e-06,4.948088902637199e-06,-6.558065117877843e-06
1627859581765,2021-08-01T19:13:01.765,10.2,7.718709592269332e-06,4.988099710417559e-06,-7.063203883228133e-06
1627859581815,2021-08-01T19:13:01.815,10.25,8.021115837239272e-06,5.9930342182146656e-06,-7.799452797517062e-06
1627859581865,2021-08-01T19:13:01.865,10.3,8.002302047379106e-06,6.840730914130154e-06,-8.412331877223377e-06
1627859581915,2021-08-01T19:13:01.915,10.35,8.045363620980716e-06,7.379099833298651e-06,-8.54258346714792e-06
1627859581965,2021-08-01T19:13:01.965,10.4,8.638994158357282e-06,7.82683949864597e-06,-8.298260167834919e-06
1627859582015,2021-08-01T19:13:02.015,10.45,9.287678459719923e-06,7.079888906031417e-06,-7.877433525318144e-06
1627859582065,2021-08-01T19:13:02.065,10.5,9.105540941749417e-06,4.671949773850221e-06,-6.894931925832725e-06
1627859582115,2021-08-01T19:13:02.115,10.55,8.2859035308905e-06,2.6350497053270864e-06,-5.099574957949334e-06
1627859582165,2021-08-01T19:13:02.165,10.6,7.735836635286376e-06,2.780767377672377e-06,-3.2101996270724186e-06
1627859582215,2021-08-01T19:13:02.215,10.65,7.4846547911146515e-06,4.559625721336647e-06,-1.9825772575040793e-06
1627859582265,2021-08-01T19:13:02.265,10.7,6.978634332615851e-06,6.611040436615473e-06,-1.0873596454915845e-06
1627859582315,2021-08-01T19:13:02.315,10.75,6.506970659632172e-06,7.35284358545995e-06,2.806092080760738e-07
1627859582365,2021-08-01T19:13:02.365,10.8,6.484007444902206e-06,5.043623314088971e-06,2.436868269806537e-06
1627859582415,2021-08-01T19:13:02.415,10.85,5.962925049457658e-06,7.718215731153616e-07,5.336520855409556e-06
1627859582465,2021-08-01T19:13:02.465,10.9,3.891811356593805e-06,-1.2405004464931626e-06,8.709331316240586e-06
1627859582515,2021-08-01T19:13:02.515,10.95,1.042942603698336e-06,5.50379301255148e-07,1.1804374156520639e-05
1627859582565,2021-08-01T19:13:02.565,11.0,-1.0998890210073765e-06,2.853348668318064e-06,1.3861582155583242e-05
1627859582615,2021-08-01T19:13:02.615,11.05,-2.2822256841458755e-06,3.214903345848828e-06,1.47790186888323e-05
1627859582665,2021-08-01T19:13:02.665,11.1,-3.0267092584809695e-06,2.6379683809791786e-06,1.4934602481259024e-05
1627859582715,2021-08-01T19:13:02.715,11.15,-3.6221626725005274e-06,1.616349881299073e-06,1.4872776368437447e-05
1627859582765,2021-08-01T19:13:02.765,11.2,-4.3038031784162545e-06,-5.713845270551052e-07,1.5123062155782737e-05
1627859582815,2021-08-01T19:13:02.815,11.25,-5.097993639597213e-06,-2.4952572524352902e-06,1.5662415095913863e-05
1627859582865,2021-08-01T19:13:02.865,11.3,-5.418438738212484e-06,-1.991442366664854e-06,1.586550989623103e-05
1627859582915,2021-08-01T19:13:02.915,11.35,-5.0534254825632545e-06,-1.6445853933243383e-07,1.540322690861071e-05
1627859582965,2021-08-01T19:13:02.965,11.4,-4.967797141152776e-06,3.594185303299569e-07,1.467896148581999e-05
1627859583015,2021-08-01T19:13:03.015,11.45,-5.795999565437497e-06,-6.269213252387841e-07,1.4193698571695927e-05
1627859583065,2021-08-01T19:13:03.065,11.5,-6.4968383832719215e-06,-1.767533513328822e-06,1.4032068333335849e-05
1627859583115,2021-08-01T19:13:03.115,11.55,-5.921227784402742e-06,-2.6643517636722993e-06,1.408712919494827e-05
1627859583165,2021-08-01T19:13:03.165,11.6,-4.618605366942822e-06,-3.5923696892864e-06,1.4300591091044148e-05
1627859583215,2021-08-01T19:13:03.215,11.65,-3.781236784878468e-06,-4.433338592724633e-06,1.4470200403006664e-05
1627859583265,2021-08-01T19:13:03.265,11.7,-3.5031288680397327e-06,-4.8578185854539574e-06,1.4232645626339524e-05
1627859583315,2021-08-01T19:13:03.315,11.75,-3.1895456847399157e-06,-4.8014615475960165e-06,1.3571391071342746e-05
1627859583365,2021-08-01T19:13:03.365,11.8,-2.761225298986075e-06,-4.550855037621172e-06,1.2937322420199702e-05
1627859583415,2021-08-01T19:13:03.415,11.85,-2.4705910933105717e-06,-4.5005477704150595e-06,1.2541457044009403e-05
1627859583465,2021-08-01T19:13:03.465,11.9,-2.090389992275588e-06,-4.752645858752907e-06,1.2085164022333873e-05
1627859583515,2021-08-01T19:13:03.515,11.95,-1.22487084040606e-06,-5.045319133897831e-06,1.1464354021520555e-05
1627859583565,2021-08-01T19:13:03.565,12.0,-2.5425765143824003e-07,-5.106418350748571e-06,1.0991046889234256e-05
1627859583615,2021-08-01T19:13:03.615,12.05,-5.670674482717056e-08,-4.915892618668946e-06,1.0663103401831296e-05
1627859583665,2021-08-01T19:13:03.665,12.1,-6.243965187698109e-07,-4.6565887179312e-06,1.0083449085954564e-05
1627859583715,2021-08-01T19:13:03.715,12.15,-8.553067912536633e-07,-4.519122807444329e-06,9.314070348979918e-06
1627859583765,2021-08-01T19:13:03.765,12.2,-2.044894148848018e-07,-4.545255095800681e-06,8.829708884580947e-06
1627859583815,2021-08-01T19:13:03.815,12.25,4.2196000861487713e-07,-4.744057979600628e-06,8.492719940852488e-06
1627859583865,2021-08-01T19:13:03.865,12.3,1.621539308209344e-07,-5.200093690394562e-06,7.739347948445013e-06
1627859583915,2021-08-01T19:13:03.915,12.35,-5.353457936901077e-07,-5.672491075435723e-06,6.908786254418286e-06
1627859583965,2021-08-01T19:13:03.965,12.4,-9.311471761221452e-07,-5.525745029339408e-06,7.01801573855299e-06
1627859584015,2021-08-01T19:13:04.015,12.45,-1.0139859212398173e-06,-4.71697029456681e-06,7.969929305271668e-06
1627859584065,2021-08-01T19:13:04.065,12.5,-9.543438230491874e-07,-4.125790581877727e-06,8.454888704070431e-06
1627859584115,2021-08-01T19:13:04.115,12.55,-7.610354645259013e-07,-4.22327652937537e-06,7.99852898773162e-06
1627859584165,2021-08-01T19:13:04.165,12.6,-6.16322926759785e-07,-4.4262399422969675e-06,7.64605166049455e-06
1627859584215,2021-08-01T19:13:04.215,12.65,-6.962250845403099e-07,-4.309385528846634e-06,8.182453868770067e-06
1627859584265,2021-08-01T19:13:04.265,12.7,-9.049290902153249e-07,-4.212770652052094e-06,8.955085224219613e-06
1627859584315,2021-08-01T19:13:04.315,12.75,-1.1139820552114288e-06,-4.238715039194661e-06,8.88737218393146e-06
1627859584365,2021-08-01T19:13:04.365,12.8,-1.27930428745027e-06,-3.957634789809446e-06,7.806276362319452e-06
1627859584415,2021-08-01T19:13:04.415,12.85,-1.4247848778250177e-06,-3.418931009112099e-06,6.505318548474592e-06
1627859584465,2021-08-01T19:13:04.465,12.9,-1.6647757180567342e-06,-3.29732578913424e-06,5.843002738100397e-06
1627859584515,2021-08-01T19:13:04.515,12.95,-1.8447491916937515e-06,-3.853612930551598e-06,5.800714602555706e-06
1627859584565,2021-08-01T19:13:04.565,13.0,-1.462401600602312e-06,-4.5172013102158075e-06,5.555881948326595e-06
1627859584615,2021-08-01T19:13:04.615,13.05,-5.678691965607374e-07,-4.5082654325423515e-06,4.753123929936132e-06
1627859584665,2021-08-01T19:13:04.665,13.1,-3.946767780523035e-08,-3.6441991971194085e-06,4.174185804676841e-06
1627859584715,2021-08-01T19:13:04.715,13.15,-3.272356603507026e-07,-2.670557212171398e-06,4.439470698943723e-06
1627859584765,2021-08-01T19:13:04.765,13.2,-8.751420211430111e-07,-2.525070832302578e-06,4.756302548437395e-06
1627859584815,2021-08-01T19:13:04.815,13.25,-1.1182344029641514e-06,-3.1133426899862594e-06,4.109910043289785e-06
1627859584865,2021-08-01T19:13:04.865,13.3,-9.926777464362124e-07,-3.4550823970551293e-06,2.963714045308186e-06
1627859584915,2021-08-01T19:13:04.915,13.35,-5.998454531369376e-07,-3.1683003358164735e-06,2.4049765364667535e-06
1627859584965,2021-08-01T19:13:04.965,13.4,-2.8991601845984275e-07,-2.908835303911433e-06,2.475513029994377e-06
1627859585015,2021-08-01T19:13:05.015,13.45,-5.669907830396269e-07,-3.120802633226037e-06,2.6816066977773153e-06
1627859585065,2021-08-01T19:13:05.065,13.5,-1.382644769741641e-06,-3.363417021617229e-06,2.9446441004483473e-06
1627859585115,2021-08-01T19:13:05.115,13.55,-2.150045531062657e-06,-3.2659904607496905e-06,2.93401053753807e-06
1627859585165,2021-08-01T19:13:05.165,13.6,-2.562478100283894e-06,-3.0868409729999607e-06,2.0026097608661055e-06
1627859585215,2021-08-01T19:13:05.215,13.65,-2.896072531270907e-06,-2.853360484906308e-06,5.47650317456325e-07
1627859585265,2021-08-01T19:13:05.265,13.7,-3.5393013767397626e-06,-2.1774610895979092e-06,-1.901428782396494e-07
1627859585315,2021-08-01T19:13:05.315,13.75,-4.4359000179874e-06,-1.3720774100831418e-06,4.703442143830047e-08
1627859585365,2021-08-01T19:13:05.365,13.8,-5.06166960302216e-06,-1.2639916390307976e-06,4.0474859027473205e-07
1627859585415,2021-08-01T19:13:05.415,13.85,-5.029333542330076e-06,-1.597125046539912e-06,3.8153676886688437e-07
1627859585465,2021-08-01T19:13:05.465,13.9,-4.561981300503931e-06,-1.3889299664601672e-06,9.279053238196336e-08
1627859585515,2021-08-01T19:13:05.515,13.95,-4.120672493725188e-06,-9.466627153050731e-07,-4.2990696348997305e-07
1627859585565,2021-08-01T19:13:05.565,14.0,-3.741349749270737e-06,-1.4437500727517894e-06,-1.0577632665717356e-06
1627859585615,2021-08-01T19:13:05.615,14.05,-3.202471552315778e-06,-2.4956069459239973e-06,-1.24587128390083e-06
1627859585665,2021-08-01T19:13:05.665,14.1,-2.672906087621296e-06,-2.4223874962939728e-06,-7.538921709632488e-07
1627859585715,2021-08-01T19:13:05.715,14.15,-2.4530215779132628e-06,-1.0483206511717688e-06,-9.091040872072765e-08
1627859585765,2021-08-01T19:13:05.765,14.2,-2.322028547451091e-06,-1.227232916048869e-07,1.525211825347892e-07
1627859585815,2021-08-01T19:13:05.815,14.25,-2.036878962522559e-06,-6.664352433352551e-07,-2.2219952321965055e-07
1627859585865,2021-08-01T19:13:05.865,14.3,-1.9526092089851236e-06,-1.686216759007071e-06,-1.058541323553894e-06
1627859585915,2021-08-01T19:13:05.915,14.35,-2.201515814397406e-06,-1.9609145323872956e-06,-1.7919042988162019e-06
1627859585965,2021-08-01T19:13:05.965,14.4,-2.1146523681751226e-06,-1.5985101112998234e-06,-1.8894796839479798e-06
1627859586015,2021-08-01T19:13:06.015,14.45,-1.4128063313294914e-06,-1.2723092655285957e-06,-1.5742365518101326e-06
1627859586065,2021-08-01T19:13:06.065,14.5,-9.465988259673784e-07,-1.1251414187785462e-06,-1.4491867679859417e-06
1627859586115,2021-08-01T19:13:06.115,14.55,-1.3585663626633938e-06,-9.109202482974585e-07,-1.5976131769097533e-06
1627859586165,2021-08-01T19:13:06.165,14.6,-2.0311359286722683e-06,-5.730271675073245e-07,-1.765528817492878e-06
1627859586215,2021-08-01T19:13:06.215,14.65,-2.1936398381108325e-06,-5.402745850625311e-07,-2.0423300240209297e-06
1627859586265,2021-08-01T19:13:06.265,14.7,-2.1322705324022337e-06,-1.2379543186776106e-06,-2.6244979946939425e-06
1627859586315,2021-08-01T19:13:06.315,14.75,-2.412916760709263e-06,-2.063655280057869e-06,-3.2351474049576505e-06
1627859586365,2021-08-01T19:13:06.365,14.8,-2.7293812821531894e-06,-1.8809308418874542e-06,-3.4699589933149087e-06
1627859586415,2021-08-01T19:13:06.415,14.85,-2.566662459992746e-06,-8.365886333255831e-07,-3.454225628824618e-06
1627859586465,2021-08-01T19:13:06.465,14.9,-2.3111196639077314e-06,-1.8367763457907916e-07,-3.5825073105021657e-06
1627859586515,2021-08-01T19:13:06.515,14.95,-2.5570578451012652e-06,-2.791034074450214e-07,-3.923423519158603e-06
1627859586565,2021-08-01T19:13:06.565,15.0,-2.9126470114797296e-06,-3.5453401028308765e-07,-4.295929273145195e-06
1627859586615,2021-08-01T19:13:06.615,15.05,-2.6834140454181323e-06,-1.8528762220908896e-08,-4.615890452766188e-06
1627859586665,2021-08-01T19:13:06.665,15.1,-2.257368212359939e-06,3.391593249892821e-07,-4.962190479896689e-06
1627859586715,2021-08-01T19:13:06.715,15.15,-2.5730886456334055e-06,3.1468766134967707e-07,-5.428818267123877e-06
1627859586765,2021-08-01T19:13:06.765,15.2,-3.5009973547337465e-06,-7.018716614537702e-08,-5.887784877266243e-06
1627859586815,2021-08-01T19:13:06.815,15.25,-3.982332208854001e-06,-3.9949427066005415e-07,-6.01965647493598e-06
1627859586865,2021-08-01T19:13:06.865,15.3,-3.6078059160369292e-06,-2.718101079041326e-07,-5.727035877570325e-06
1627859586915,2021-08-01T19:13:06.915,15.35,-2.916882616534113e-06,1.0595124634243745e-07,-5.258082183343807e-06
1627859586965,2021-08-01T19:13:06.965,15.4,-2.3377817344350026e-06,1.7652574375259782e-07,-4.82509823391215e-06
1627859587015,2021-08-01T19:13:07.015,15.45,-1.8896827093163416e-06,-8.991740359906816e-08,-4.470136662412175e-06
1627859587065,2021-08-01T19:13:07.065,15.5,-1.753218477024622e-06,-2.7409712182959184e-07,-4.348569354003311e-06
1627859587115,2021-08-01T19:13:07.115,15.55,-2.2065500544002845e-06,-2.3255866597917034e-07,-4.671733687461767e-06
1627859587165,2021-08-01T19:13:07.165,15.6,-2.9990546908746805e-06,-9.467211574119275e-08,-5.280465288658373e-06
1627859587215,2021-08-01T19:13:07.215,15.65,-3.466688357712307e-06,7.823724400837275e-09,-5.753997498855321e-06
1627859587265,2021-08-01T19:13:07.265,15.7,-3.347906720953418e-06,-1.431149839999397e-07,-6.041751654651343e-06
1627859587315,2021-08-01T19:13:07.315,15.75,-3.0632851523491697e-06,-5.955744271895527e-07,-6.512426212446673e-06
1627859587365,2021-08-01T19:13:07.365,15.8,-3.206739304485008e-06,-8.890599130826964e-07,-7.314543926199157e-06
1627859587415,2021-08-01T19:13:07.415,15.85,-3.980497219562714e-06,-6.642916328404452e-07,-8.179792883978967e-06
1627859587465,2021-08-01T19:13:07.465,15.9,-5.016193183440083e-06,-3.2783375876981416e-07,-8.88289948919858e-06
1627859587515,2021-08-01T19:13:07.515,15.95,-5.713523442976464e-06,-3.735334659053722e-07,-9.444509480704334e-06
1627859587565,2021-08-01T19:13:07.565,16.0,-5.8317024758455415e-06,-5.403165977462109e-07,-9.878281531201119e-06
1627859587615,2021-08-01T19:13:07.615,16.05,-5.635332353682061e-06,-4.2150281601721833e-07,-1.0047451278005962e-05
1627859587665,2021-08-01T19:13:07.665,16.1,-5.501960210673718e-06,-2.905039033430201e-07,-9.766990727178523e-06
1627859587715,2021-08-01T19:13:07.715,16.15,-5.586496710577126e-06,-5.392492168911168e-07,-9.008005939066597e-06
1627859587765,2021-08-01T19:13:07.765,16.2,-5.7398194808575235e-06,-9.054449145394839e-07,-8.125731269611243e-06
1627859587815,2021-08-01T19:13:07.815,16.25,-5.644368375120541e-06,-9.515122435110916e-07,-7.693402519928436e-06
1627859587865,2021-08-01T19:13:07.865,16.3,-5.304857084404349e-06,-8.060401439877701e-07,-7.807766248056774e-06
1627859587915,2021-08-01T19:13:07.915,16.35,-5.233315213826682e-06,-8.859680817775593e-07,-7.9036198036406e-06
1627859587965,2021-08-01T19:13:07.965,16.4,-5.595857411461713e-06,-1.2214190815806971e-06,-7.603396883643198e-06
1627859588015,2021-08-01T19:13:08.015,16.45,-5.6957504615680325e-06,-1.4361722854629012e-06,-7.117226952242752e-06
1627859588065,2021-08-01T19:13:08.065,16.5,-5.1071113341998045e-06,-1.3191990850734644e-06,-6.5198897831979575e-06
1627859588115,2021-08-01T19:13:08.115,16.55,-4.4764974915046425e-06,-1.1934356370368742e-06,-5.6285034839441466e-06
1627859588165,2021-08-01T19:13:08.165,16.6,-4.328494047940598e-06,-1.423526702507791e-06,-4.76905351937844e-06
1627859588215,2021-08-01T19:13:08.215,16.65,-4.2197154043940634e-06,-1.6940585403640261e-06,-4.4984746011479545e-06
1627859588265,2021-08-01T19:13:08.265,16.7,-3.9027542383469925e-06,-1.5334246530202233e-06,-4.518615258819793e-06
1627859588315,2021-08-01T19:13:08.315,16.75,-4.025393813427216e-06,-1.348314296544975e-06,-4.040079532665389e-06
1627859588365,2021-08-01T19:13:08.365,16.8,-4.857120738091224e-06,-1.731058183777899e-06,-3.325874642044006e-06
1627859588415,2021-08-01T19:13:08.415,16.85,-5.482470480688712e-06,-2.237044801586572e-06,-3.6257873072327755e-06
1627859588465,2021-08-01T19:13:08.465,16.9,-5.104102542923607e-06,-2.3520750138104117e-06,-5.050961905281151e-06
1627859588515,2021-08-01T19:13:08.515,16.95,-4.311628595492293e-06,-2.6572161055524984e-06,-5.953464096601775e-06
1627859588565,2021-08-01T19:13:08.565,17.0,-4.185955939551183e-06,-3.456189144324676e-06,-5.527718710384735e-06
1627859588615,2021-08-01T19:13:08.615,17.05,-4.699967687274746e-06,-3.8059025632361946e-06,-5.198736433008247e-06
1627859588665,2021-08-01T19:13:08.665,17.1,-4.853337822974594e-06,-3.2982386413742987e-06,-5.857782864353138e-06
1627859588715,2021-08-01T19:13:08.715,17.15,-4.077630302385161e-06,-2.9276849362558043e-06,-6.0941987156118565e-06
1627859588765,2021-08-01T19:13:08.765,17.2,-2.8903178269998243e-06,-3.2004232468782712e-06,-4.974178254660732e-06
1627859588815,2021-08-01T19:13:08.815,17.25,-2.2643615389775716e-06,-3.340469427857422e-06,-3.834777740277775e-06
1627859588865,2021-08-01T19:13:08.865,17.3,-2.5864394165083296e-06,-3.066428409828862e-06,-3.625446084460385e-06
1627859588915,2021-08-01T19:13:08.915,17.35,-3.2639051474389417e-06,-3.280585110021996e-06,-3.2964639617316892e-06
1627859588965,2021-08-01T19:13:08.965,17.4,-3.417914177427679e-06,-4.264628011408866e-06,-2.196922635694295e-06
1627859589015,2021-08-01T19:13:09.015,17.45,-2.8430421613745466e-06,-4.825103385181369e-06,-1.398146279152234e-06
1627859589065,2021-08-01T19:13:09.065,17.5,-2.145427736055483e-06,-4.164026624905171e-06,-1.6191729375825434e-06
1627859589115,2021-08-01T19:13:09.115,17.55,-2.1330047305403585e-06,-3.298754497225846e-06,-2.1006355469249776e-06
1627859589165,2021-08-01T19:13:09.165,17.6,-3.037267899706549e-06,-3.5339881836941926e-06,-2.1166400881490608e-06
1627859589215,2021-08-01T19:13:09.215,17.65,-4.086051880122214e-06,-4.4688698745631705e-06,-1.82573115849644e-06
1627859589265,2021-08-01T19:13:09.265,17.7,-4.2268394490054585e-06,-4.706089491855258e-06,-1.426198358969298e-06
1627859589315,2021-08-01T19:13:09.315,17.75,-3.498421163047076e-06,-3.959313919543865e-06,-7.821049368800492e-07
1627859589365,2021-08-01T19:13:09.365,17.8,-2.9020397470246235e-06,-3.236145464633152e-06,3.6207741184672706e-08
1627859589415,2021-08-01T19:13:09.415,17.85,-2.7817736397496504e-06,-3.215465198564281e-06,6.166030494942738e-07
1627859589465,2021-08-01T19:13:09.465,17.9,-2.4723333830480476e-06,-3.6264295458243e-06,6.942908352652256e-07
1627859589515,2021-08-01T19:13:09.515,17.95,-1.6631053709681595e-06,-4.083734377945947e-06,5.327294100453094e-07
1627859589565,2021-08-01T19:13:09.565,18.0,-8.80849519346025e-07,-4.43412763648892e-06,7.674272576774964e-07
1627859589615,2021-08-01T19:13:09.615,18.05,-5.673779967660932e-07,-4.397866455249228e-06,1.7291547350614877e-06
1627859589665,2021-08-01T19:13:09.665,18.1,-6.779228953569326e-07,-3.843659596512407e-06,2.891506750894845e-06
1627859589715,2021-08-01T19:13:09.715,18.15,-9.741712004967576e-07,-3.316339399374859e-06,3.3598444359977277e-06
1627859589765,2021-08-01T19:13:09.765,18.2,-1.0936906842690015e-06,-3.511227777566568e-06,2.967956697573856e-06
1627859589815,2021-08-01T19:13:09.815,18.25,-8.283319066185914e-07,-4.300585926054582e-06,2.36763593282046e-06
1627859589865,2021-08-01T19:13:09.865,18.3,-4.7023596831255483e-07,-4.8695466236955944e-06,2.0871776107958433e-06
1627859589915,2021-08-01T19:13:09.915,18.35,-3.3958326329412214e-07,-4.803423385230415e-06,2.2130139376700766e-06
1627859589965,2021-08-01T19:13:09.965,18.4,-3.4757229998908673e-07,-4.537086160245237e-06,2.7783602492526344e-06
1627859590015,2021-08-01T19:13:10.015,18.45,-3.8865758709776536e-07,-4.615554822310395e-06,3.616094171653426e-06
1627859590065,2021-08-01T19:13:10.065,18.5,-5.283081747153834e-07,-5.034528942950203e-06,4.188099926782401e-06
1627859590115,2021-08-01T19:13:10.115,18.55,-7.356441346181123e-07,-5.529866652078485e-06,4.331233855144628e-06
1627859590165,2021-08-01T19:13:10.165,18.6,-9.665379069648178e-07,-5.964982519774507e-06,4.56678679420409e-06
1627859590215,2021-08-01T19:13:10.215,18.65,-1.3052747618933312e-06,-6.260790237262083e-06,5.086090125020164e-06
1627859590265,2021-08-01T19:13:10.265,18.7,-1.7012034619648773e-06,-6.488026873933742e-06,5.429369508576609e-06
1627859590315,2021-08-01T19:13:10.315,18.75,-1.8227811766218103e-06,-6.932411752483877e-06,5.5814391253675005e-06
1627859590365,2021-08-01T19:13:10.365,18.8,-1.4365437209947459e-06,-7.475507201255491e-06,6.018143948075396e-06
1627859590415,2021-08-01T19:13:10.415,18.85,-9.505573496400901e-07,-7.562781866454613e-06,6.5505843089620065e-06
1627859590465,2021-08-01T19:13:10.465,18.9,-1.138610508895614e-06,-7.4811422790364495e-06,6.716180179179785e-06
1627859590515,2021-08-01T19:13:10.515,18.95,-1.854791268476928e-06,-8.1706660354782e-06,6.9868520572945566e-06
1627859590565,2021-08-01T19:13:10.565,19.0,-1.8938827312759637e-06,-9.258489313942002e-06,7.967395459007683e-06
1627859590615,2021-08-01T19:13:10.615,19.05,-1.0051524218396994e-06,-9.563955926144048e-06,9.071151978341878e-06
1627859590665,2021-08-01T19:13:10.665,19.1,-6.265419128054076e-07,-9.277133034537955e-06,9.343287083518413e-06
1627859590715,2021-08-01T19:13:10.715,19.15,-1.5369497245546152e-06,-9.263384624285142e-06,8.858356531181408e-06
1627859590765,2021-08-01T19:13:10.765,19.2,-2.6819049351642976e-06,-9.544561881855791e-06,8.496572178005628e-06
1627859590815,2021-08-01T19:13:10.815,19.25,-3.2692700714965067e-06,-9.924421211943041e-06,8.896179143362365e-06
1627859590865,2021-08-01T19:13:10.865,19.3,-3.6118441189653584e-06,-1.028881267130296e-05,9.861017891447629e-06
1627859590915,2021-08-01T19:13:10.915,19.35,-3.3386994637343676e-06,-1.0418927100932209e-05,1.0624844609636523e-05
1627859590965,2021-08-01T19:13:10.965,19.4,-1.7554411617314755e-06,-1.0806867175514107e-05,1.0857833873051177e-05
1627859591015,2021-08-01T19:13:11.015,19.45,-1.3986080236210323e-07,-1.190976156690918e-05,1.1058676576312707e-05
1627859591065,2021-08-01T19:13:11.065,19.5,-4.054167985404217e-07,-1.2437240207147799e-05,1.1583939648473465e-05
1627859591115,2021-08-01T19:13:11.115,19.55,-1.7268776205233538e-06,-1.1129661865383743e-05,1.2052771124108147e-05
1627859591165,2021-08-01T19:13:11.165,19.6,-1.7351681925563132e-06,-9.323868167436282e-06,1.2120638129346306e-05
1627859591215,2021-08-01T19:13:11.215,19.65,-5.089528548643504e-07,-8.871983667101612e-06,1.2060382568580808e-05
1627859591265,2021-08-01T19:13:11.265,19.7,-2.4695466458607893e-07,-9.09485847649902e-06,1.2304741458259519e-05
1627859591315,2021-08-01T19:13:11.315,19.75,-1.4429622260287154e-06,-8.338293594654343e-06,1.2883870954845339e-05
1627859591365,2021-08-01T19:13:11.365,19.8,-2.3299353787714113e-06,-6.845988914717137e-06,1.3418044024948146e-05
1627859591415,2021-08-01T19:13:11.415,19.85,-2.096843477853271e-06,-5.928744167334565e-06,1.3628240413496666e-05
1627859591465,2021-08-01T19:13:11.465,19.9,-1.984676951227427e-06,-5.688844252939144e-06,1.3797665955457641e-05
1627859591515,2021-08-01T19:13:11.515,19.95,-2.69153246058026e-06,-5.4300317360334e-06,1.4299287997287307e-05
1627859591565,2021-08-01T19:13:11.565,20.0,-3.1406056034253848e-06,-5.313710863884943e-06,1.4757651235446864e-05
1627859591615,2021-08-01T19:13:11.615,20.05,-2.7648538956474243e-06,-5.921543929236811e-06,1.4579860503865985e-05
1627859591665,2021-08-01T19:13:11.665,20.1,-2.7116148375935507e-06,-6.746280177470559e-06,1.4215331228969437e-05
1627859591715,2021-08-01T19:13:11.715,20.15,-3.6121037904977145e-06,-6.6851328429877455e-06,1.4625749615064247e-05
1627859591765,2021-08-01T19:13:11.765,20.2,-4.394691008829854e-06,-5.925052675367372e-06,1.5641713703307128e-05
1627859591815,2021-08-01T19:13:11.815,20.25,-4.465330870940211e-06,-5.73949630500827e-06,1.628947220483209e-05
1627859591865,2021-08-01T19:13:11.865,20.3,-4.821734467511909e-06,-6.126147721006841e-06,1.654408114384807e-05
1627859591915,2021-08-01T19:13:11.915,20.35,-5.988352463115224e-06,-5.568342413116459e-06,1.7272451039493074e-05
1627859591965,2021-08-01T19:13:11.965,20.4,-6.931353147976684e-06,-3.674807326381853e-06,1.855075916958903e-05
1627859592015,2021-08-01T19:13:12.015,20.45,-6.785453996274909e-06,-1.7718475033652802e-06,1.9398543179192356e-05
1627859592065,2021-08-01T19:13:12.065,20.5,-6.071081405773154e-06,-5.186378640482008e-07,1.9328493590141784e-05
1627859592115,2021-08-01T19:13:12.115,20.55,-5.7667717779441055e-06,4.875823808599466e-07,1.9053383556112576e-05
1627859592165,2021-08-01T19:13:12.165,20.6,-6.0811270335909616e-06,8.754496854040172e-07,1.925349412318152e-05
1627859592215,2021-08-01T19:13:12.215,20.65,-6.433427294749136e-06,1.8062741948306612e-07,1.9499469639987538e-05
1627859592265,2021-08-01T19:13:12.265,20.7,-6.342637996919883e-06,-4.649705980186388e-09,1.9030735858974306e-05
1627859592315,2021-08-01T19:13:12.315,20.75,-5.835414056298373e-06,2.309446760563411e-06,1.802479848838269e-05
1627859592365,2021-08-01T19:13:12.365,20.8,-4.890065236004133e-06,5.844706386529944e-06,1.7220666715768214e-05
1627859592415,2021-08-01T19:13:12.415,20.85,-3.3694912927047105e-06,7.221793674228612e-06,1.6503489436708733e-05
1627859592465,2021-08-01T19:13:12.465,20.9,-1.7252410523918007e-06,5.970823187647237e-06,1.494923086603958e-05
1627859592515,2021-08-01T19:13:12.515,20.95,-5.589817883591603e-07,5.072162398776833e-06,1.2368077432732295e-05
1627859592565,2021-08-01T19:13:12.565,21.0,5.333838334030449e-07,6.207426379846495e-06,9.606243116425116e-06
1627859592615,2021-08-01T19:13:12.615,21.05,2.2340486060085182e-06,8.075750705064087e-06,7.131826722303742e-06
1627859592665,2021-08-01T19:13:12.665,21.1,4.014246566655764e-06,9.552848633923829e-06,4.528694132562382e-06
1627859592715,2021-08-01T19:13:12.715,21.15,4.992032523296248e-06,1.0784559663107511e-05,1.5388802456938653e-06
1627859592765,2021-08-01T19:13:12.765,21.2,5.58710439024732e-06,1.132264739158566e-05,-1.3858270144382094e-06
1627859592815,2021-08-01T19:13:12.815,21.25,6.721393199138531e-06,1.0490941813274283e-05,-3.703678269358799e-06
1627859592865,2021-08-01T19:13:12.865,21.3,8.06866495830981e-06,9.15006814237452e-06,-5.42029630979778e-06
1627859592915,2021-08-01T19:13:12.915,21.35,8.497637670838943e-06,8.719118285854187e-06,-6.873057180362133e-06
1627859592965,2021-08-01T19:13:12.965,21.4,7.873199414041594e-06,9.154795753707615e-06,-7.978136440823734e-06
1627859593015,2021-08-01T19:13:13.015,21.45,7.302172146050223e-06,9.373519997610626e-06,-8.249039125297639e-06
1627859593065,2021-08-01T19:13:13.065,21.5,7.56060282294212e-06,8.961452160893323e-06,-7.852683966101025e-06
1627859593115,2021-08-01T19:13:13.115,21.55,8.221384410187155e-06,8.525036202113754e-06,-7.900125263688491e-06
1627859593165,2021-08-01T19:13:13.165,21.6,8.655163338195884e-06,8.6049276383308e-06,-9.134197561930505e-06
1627859593215,2021-08-01T19:13:13.215,21.65,8.909616913123703e-06,8.900593302393545e-06,-1.0910742893367583e-05
1627859593265,2021-08-01T19:13:13.265,21.7,9.127456993948898e-06,8.878216176568066e-06,-1.2060533946079984e-05
1627859593315,2021-08-01T19:13:13.315,21.75,9.090686812872636e-06,8.634929050669006e-06,-1.232465904218118e-05
1627859593365,2021-08-01T19:13:13.365,21.8,8.766605506375217e-06,8.558099720922524e-06,-1.2293140348353584e-05
1627859593415,2021-08-01T19:13:13.415,21.85,8.457045007974673e-06,8.579548244680343e-06,-1.2303503674445363e-05
1627859593465,2021-08-01T19:13:13.465,21.9,8.248284669205436e-06,8.415190961033014e-06,-1.2180210448225637e-05
1627859593515,2021-08-01T19:13:13.515,21.95,8.050551090471782e-06,8.145765479606264e-06,-1.187166880693579e-05
1627859593565,2021-08-01T19:13:13.565,22.0,8.036079928021638e-06,7.985568629747517e-06,-1.1683868905258859e-05
1627859593615,2021-08-01T19:13:13.615,22.05,8.214068549385577e-06,7.843805305250784e-06,-1.183467849647915e-05
1627859593665,2021-08-01T19:13:13.665,22.1,7.967790230171989e-06,7.614952603254854e-06,-1.2105081708027273e-05
1627859593715,2021-08-01T19:13:13.715,22.15,7.064040644763871e-06,7.507424742218388e-06,-1.2134285719374256e-05
1627859593765,2021-08-01T19:13:13.765,22.2,6.4584987832992834e-06,7.542901545554398e-06,-1.1934848688862051e-05
1627859593815,2021-08-01T19:13:13.815,22.25,6.841306022480407e-06,7.1767732745934566e-06,-1.1717120439274144e-05
1627859593865,2021-08-01T19:13:13.865,22.3,7.314320320068464e-06,6.165145390668021e-06,-1.1286224337206106e-05
1627859593915,2021-08-01T19:13:13.915,22.35,6.81797257661413e-06,5.351844974270129e-06,-1.0333962004683698e-05
1627859593965,2021-08-01T19:13:13.965,22.4,5.8006245747692605e-06,5.574858352698219e-06,-9.329043527783608e-06
1627859594015,2021-08-01T19:13:14.015,22.45,5.324600405290544e-06,6.248045184572738e-06,-9.095123720328575e-06
1627859594065,2021-08-01T19:13:14.065,22.5,5.531149600714226e-06,6.262988553497311e-06,-9.366302750262446e-06
1627859594115,2021-08-01T19:13:14.115,22.55,5.823960349557485e-06,5.818929732248929e-06,-9.042333829471415e-06
1627859594165,2021-08-01T19:13:14.165,22.6,5.810156591266945e-06,5.950368534173243e-06,-8.179869293506425e-06
1627859594215,2021-08-01T19:13:14.215,22.65,5.614169967482641e-06,6.59527818042906e-06,-8.128332998914881e-06
1627859594265,2021-08-01T19:13:14.265,22.7,5.569624295563106e-06,6.5680293376147135e-06,-9.14055731734352e-06
1627859594315,2021-08-01T19:13:14.315,22.75,5.661758650100886e-06,5.387938344578999e-06,-9.674396432961276e-06
1627859594365,2021-08-01T19:13:14.365,22.8,5.500038792924722e-06,3.946628119259567e-06,-8.761415997568015e-06
1627859594415,2021-08-01T19:13:14.415,22.85,5.020371912475139e-06,3.244248447105504e-06,-7.2863002413530005e-06
1627859594465,2021-08-01T19:13:14.465,22.9,4.6006906954553044e-06,3.330526871213639e-06,-6.344560027803527e-06
1627859594515,2021-08-01T19:13:14.515,22.95,4.3418961362418375e-06,3.6687725611947653e-06,-5.882066975155316e-06
1627859594565,2021-08-01T19:13:14.565,23.0,4.027940161490396e-06,3.9287133947494305e-06,-5.453869018153684e-06
1627859594615,2021-08-01T19:13:14.615,23.05,3.7646760784147844e-06,4.12440113159536e-06,-5.226691414976915e-06
1627859594665,2021-08-01T19:13:14.665,23.1,3.835654675694318e-06,4.255680321293804e-06,-5.5165887376923266e-06
1627859594715,2021-08-01T19:13:14.715,23.15,4.030878365204747e-06,4.104855261635311e-06,-5.746514693784911e-06
1627859594765,2021-08-01T19:13:14.765,23.2,3.858760351735063e-06,3.4761780113732703e-06,-4.892460808483971e-06
1627859594815,2021-08-01T19:13:14.815,23.25,3.3458630533165626e-06,2.7244817580042458e-06,-3.2715673725353764e-06
1627859594865,2021-08-01T19:13:14.865,23.3,3.0149159137708014e-06,2.7612027547907133e-06,-2.677556183422884e-06
1627859594915,2021-08-01T19:13:14.915,23.35,3.1050935574254066e-06,3.8191092343577925e-06,-3.883673164145221e-06
1627859594965,2021-08-01T19:13:14.965,23.4,3.297000931522052e-06,4.5460588390215145e-06,-5.279791546790156e-06
1627859595015,2021-08-01T19:13:15.015,23.45,3.2447283759848204e-06,3.7071723676157824e-06,-5.190795204855545e-06
1627859595065,2021-08-01T19:13:15.065,23.5,3.0333671639293087e-06,2.380455973199266e-06,-4.2213615608771046e-06
1627859595115,2021-08-01T19:13:15.115,23.55,2.9555660840557233e-06,2.539010168820571e-06,-3.855567653841031e-06
1627859595165,2021-08-01T19:13:15.165,23.6,3.0311777114374887e-06,3.980985066465803e-06,-4.049989502217067e-06
1627859595215,2021-08-01T19:13:15.215,23.65,2.9842917767219713e-06,4.781022158596696e-06,-3.818393761293349e-06
1627859595265,2021-08-01T19:13:15.265,23.7,2.6554492785056586e-06,4.176722993591846e-06,-3.119829241674831e-06
1627859595315,2021-08-01T19:13:15.315,23.75,2.309926617720697e-06,3.183054278437594e-06,-2.6631589778796928e-06
1627859595365,2021-08-01T19:13:15.365,23.8,2.4220805846874472e-06,2.8831785104630864e-06,-2.5720168356789256e-06
1627859595415,2021-08-01T19:13:15.415,23.85,2.909916758535118e-06,3.2816597451420824e-06,-2.446139511152745e-06
1627859595465,2021-08-01T19:13:15.465,23.9,2.872830281562451e-06,3.592529020031123e-06,-2.3096093292813477e-06
1627859595515,2021-08-01T19:13:15.515,23.95,1.8963097666538006e-06,3.2660860833911695e-06,-2.53384018599513e-06
1627859595565,2021-08-01T19:13:15.565,24.0,1.156904540009315e-06,2.6598444780901066e-06,-2.9996540018111647e-06
1627859595615,2021-08-01T19:13:15.615,24.05,1.821237595316688e-06,2.4793940868018957e-06,-3.175844060290795e-06
1627859595665,2021-08-01T19:13:15.665,24.1,2.871694312936361e-06,2.7941321153688212e-06,-2.9841611277462554e-06
1627859595715,2021-08-01T19:13:15.715,24.15,2.3905863939032926e-06,3.0603236176196425e-06,-2.7731952567922203e-06
1627859595765,2021-08-01T19:13:15.765,24.2,5.80573567888455e-07,2.894815003832547e-06,-2.5336569974692077e-06
1627859595815,2021-08-01T19:13:15.815,24.25,-5.586116352903247e-07,2.463806453197133e-06,-1.9778141340509246e-06
1627859595865,2021-08-01T19:13:15.865,24.3,-3.02506082539209e-07,2.1966765315340142e-06,-1.1312052179699404e-06
1627859595915,2021-08-01T19:13:15.915,24.35,1.2074791277015196e-07,2.1956643968549777e-06,-1.2142461361291536e-07
1627859595965,2021-08-01T19:13:15.965,24.4,-1.8778726011995964e-07,2.0494218014259187e-06,9.987296440713062e-07
1627859596015,2021-08-01T19:13:16.015,24.45,-7.832726377348545e-07,1.5667847549757853e-06,1.6745631628597389e-06
1627859596065,2021-08-01T19:13:16.065,24.5,-1.1413200100732272e-06,1.375384560222664e-06,1.200433138953551e-06
1627859596115,2021-08-01T19:13:16.115,24.55,-1.3259387559219561e-06,1.9705983566556833e-06,1.612078014730335e-07
1627859596165,2021-08-01T19:13:16.165,24.6,-1.4297216571862589e-06,2.558996775955481e-06,1.828346551976406e-07
1627859596215,2021-08-01T19:13:16.215,24.65,-1.4706802445263523e-06,2.06183774502238e-06,1.7003826601727423e-06
1627859596265,2021-08-01T19:13:16.265,24.7,-1.6124713600188747e-06,9.149786160654802e-07,3.187629298414587e-06
1627859596315,2021-08-01T19:13:16.315,24.75,-1.8119056724731723e-06,4.597225082607861e-07,3.1158992000854103e-06
1627859596365,2021-08-01T19:13:16.365,24.8,-1.7200421864598753e-06,8.957814779846636e-07,1.7674551377442296e-06
1627859596415,2021-08-01T19:13:16.415,24.85,-1.3075363788672129e-06,1.2766255625659198e-06,6.248926171420232e-07
1627859596465,2021-08-01T19:13:16.465,24.9,-1.0117046919490002e-06,1.126019253702487e-06,5.717390612555687e-07
1627859596515,2021-08-01T19:13:16.515,24.95,-1.1188443695760539e-06,7.772270834167182e-07,1.217561376531029e-06
1627859596565,2021-08-01T19:13:16.565,25.0,-1.5447826802493808e-06,5.550829318758336e-07,1.596813485499114e-06
1627859596615,2021-08-01T19:13:16.615,25.05,-2.1369783820138026e-06,5.271089883006891e-07,1.0146797766426178e-06
1627859596665,2021-08-01T19:13:16.665,25.1,-2.644256346916484e-06,6.491409178922714e-07,-3.841332448876495e-07
1627859596715,2021-08-01T19:13:16.715,25.15,-2.6273218489187566e-06,7.079862163448103e-07,-1.5264300279346224e-06
1627859596765,2021-08-01T19:13:16.765,25.2,-1.992845320157585e-06,4.695834278876103e-07,-1.5206873155303972e-06
1627859596815,2021-08-01T19:13:16.815,25.25,-1.3286563447421352e-06,7.713539180306935e-08,-8.585758137083186e-07
1627859596865,2021-08-01T19:13:16.865,25.3,-1.1860041693443654e-06,5.091226860657748e-08,-6.111880456113468e-07
1627859596915,2021-08-01T19:13:16.915,25.35,-1.4014649892743978e-06,6.363992603242042e-07,-9.54840594482374e-07
1627859596965,2021-08-01T19:13:16.965,25.4,-1.5660961105034258e-06,1.252592584281254e-06,-1.5479139025436654e-06
1627859597015,2021-08-01T19:13:17.015,25.45,-1.7479509367945996e-06,1.0704831346300989e-06,-2.259289918210353e-06
1627859597065,2021-08-01T19:13:17.065,25.5,-2.201418966171193e-06,1.7047410565073892e-07,-2.530161883197062e-06
1627859597115,2021-08-01T19:13:17.115,25.55,-2.592850070823503e-06,-5.278911922777332e-07,-1.6504832436157152e-06
1627859597165,2021-08-01T19:13:17.165,25.6,-2.333864245540999e-06,-4.784848651244251e-07,-4.264662958242151e-07
1627859597215,2021-08-01T19:13:17.215,25.65,-1.6817246961123798e-06,4.2401053541095424e-08,-5.573927817525786e-07
1627859597265,2021-08-01T19:13:17.265,25.7,-1.424788097042008e-06,5.137856658118084e-07,-1.959224390516301e-06
1627859597315,2021-08-01T19:13:17.315,25.75,-1.5390315959383238e-06,6.539882622335412e-07,-2.969925875158691e-06
1627859597365,2021-08-01T19:13:17.365,25.8,-1.3965891279081726e-06,5.73556514982995e-07,-3.0914519101007116e-06
1627859597415,2021-08-01T19:13:17.415,25.85,-9.98884249042274e-07,5.565264186537862e-07,-3.0789509637656146e-06
1627859597465,2021-08-01T19:13:17.465,25.9,-8.905822946192564e-07,5.588958985177383e-07,-3.0186263007497477e-06
1627859597515,2021-08-01T19:13:17.515,25.95,-1.2704099182743497e-06,3.000114530655233e-07,-2.730763813171469e-06
1627859597565,2021-08-01T19:13:17.565,26.0,-1.8190356143602597e-06,-1.2108043766435798e-07,-2.8689512869476512e-06
1627859597615,2021-08-01T19:13:17.615,26.05,-2.0761949752564217e-06,-2.3584390395466735e-07,-3.6711702383717496e-06
1627859597665,2021-08-01T19:13:17.665,26.1,-1.9069178246455422e-06,7.05340710505779e-08,-4.151643881074644e-06
1627859597715,2021-08-01T19:13:17.715,26.15,-1.6494068086208387e-06,2.672081121838867e-07,-3.802786064800772e-06
1627859597765,2021-08-01T19:13:17.765,26.2,-1.4968442192686962e-06,-3.16702831675372e-08,-3.552014773345538e-06
1627859597815,2021-08-01T19:13:17.815,26.25,-1.097443351641755e-06,-4.076018488968578e-07,-4.260770281258425e-06
1627859597865,2021-08-01T19:13:17.865,26.3,-3.2835116474509135e-07,-3.755427017048219e-07,-5.487379242631089e-06
1627859597915,2021-08-01T19:13:17.915,26.35,2.516180149489439e-07,-7.423142271631928e-08,-6.189521532710201e-06
1627859597965,2021-08-01T19:13:17.965,26.4,3.469751007884633e-07,2.955224068637362e-07,-5.857128787187199e-06
1627859598015,2021-08-01T19:13:18.015,26.45,3.6892095046261906e-07,6.793398264467795e-07,-4.785379990687342e-06
1627859598065,2021-08-01T19:13:18.065,26.5,5.155580491536282e-07,8.059373334469691e-07,-3.807930520498263e-06
1627859598115,2021-08-01T19:13:18.115,26.55,5.653548548646263e-07,6.610880803432683e-07,-3.7508997207844666e-06
1627859598165,2021-08-01T19:13:18.165,26.6,6.283177456770763e-07,6.440373377990857e-07,-4.670552258230067e-06
1627859598215,2021-08-01T19:13:18.215,26.65,8.81055358950628e-07,6.172833719982273e-07,-5.7013654653169535e-06
1627859598265,2021-08-01T19:13:18.265,26.7,9.56256188830343e-07,9.278848363530121e-08,-6.042895492847597e-06
1627859598315,2021-08-01T19:13:18.315,26.75,6.514051920858587e-07,-4.6088715755713153e-07,-5.839918567265116e-06
1627859598365,2021-08-01T19:13:18.365,26.8,4.634553288360093e-07,-7.74034233559025e-08,-5.607672467739935e-06
1627859598415,2021-08-01T19:13:18.415,26.85,6.743928109187457e-07,1.0335363834149537e-06,-5.426040054576831e-06
1627859598465,2021-08-01T19:13:18.465,26.9,8.824762743828876e-07,1.7645170376627695e-06,-5.455350684676245e-06
1627859598515,2021-08-01T19:13:18.515,26.95,8.599819332217653e-07,1.7872726854665175e-06,-6.156980692746976e-06
1627859598565,2021-08-01T19:13:18.565,27.0,8.784545963084098e-07,1.672834365613923e-06,-7.13757723379314e-06
1627859598615,2021-08-01T19:13:18.615,27.05,1.043647064299362e-06,1.7980234187096667e-06,-7.2673757928230614e-06
1627859598665,2021-08-01T19:13:18.665,27.1,1.19596924843253e-06,2.143806345755774e-06,-6.58820654492109e-06
1627859598715,2021-08-01T19:13:18.715,27.15,1.3934811560524581e-06,2.508610522404439e-06,-6.359790911181887e-06
1627859598765,2021-08-01T19:13:18.765,27.2,1.81137844389265e-06,2.399597971098472e-06,-6.906713980318706e-06
1627859598815,2021-08-01T19:13:18.815,27.25,2.2955019379770623e-06,1.6969945704263375e-06,-7.176898870418053e-06
1627859598865,2021-08-01T19:13:18.865,27.3,2.4125366451944547e-06,1.2746229129791306e-06,-6.545865345727579e-06
1627859598915,2021-08-01T19:13:18.915,27.35,1.968688423482079e-06,1.690408404792954e-06,-5.61019867289481e-06
1627859598965,2021-08-01T19:13:18.965,27.4,1.37879708117546e-06,2.0957123584746568e-06,-5.185337589377173e-06
1627859599015,2021-08-01T19:13:19.015,27.45,1.2479807388586807e-06,1.7992838875784506e-06,-5.410620627142365e-06
1627859599065,2021-08-01T19:13:19.065,27.5,1.5294941536140855e-06,1.5231135293141731e-06,-5.762386375349493e-06
1627859599115,2021-08-01T19:13:19.115,27.55,1.6215606737809284e-06,1.8958204403635243e-06,-5.716278534502319e-06
1627859599165,2021-08-01T19:13:19.165,27.6,1.4098648855427084e-06,2.4017414422825448e-06,-5.51056784144786e-06
1627859599215,2021-08-01T19:13:19.215,27.65,1.475696837776235e-06,2.6629577472179563e-06,-5.790766338720675e-06
1627859599265,2021-08-01T19:13:19.265,27.7,2.0507100346301505e-06,2.9376894567131007e-06,-6.328274156145713e-06
1627859599315,2021-08-01T19:13:19.315,27.75,2.5719281077252646e-06,3.008785233760124e-06,-6.125561080279943e-06
1627859599365,2021-08-01T19:13:19.365,27.8,2.5978902027519653e-06,2.4672094863834956e-06,-5.155427437679403e-06
1627859599415,2021-08-01T19:13:19.415,27.85,2.444429956742448e-06,2.000168245969949e-06,-4.736334317556943e-06
1627859599465,2021-08-01T19:13:19.465,27.9,2.5708934126920306e-06,2.5745071054253617e-06,-5.608710845867171e-06
1627859599515,2021-08-01T19:13:19.515,27.95,2.8674910150242736e-06,3.7167749708526087e-06,-6.756994393563195e-06
1627859599565,2021-08-01T19:13:19.565,28.0,2.8983031783028585e-06,4.108344850167858e-06,-6.730334181683871e-06
1627859599615,2021-08-01T19:13:19.615,28.05,2.644565652441318e-06,3.4535807148747292e-06,-5.449152586773564e-06
1627859599665,2021-08-01T19:13:19.665,28.1,2.659931466713754e-06,2.7825650587281463e-06,-4.34748445375259e-06
1627859599715,2021-08-01T19:13:19.715,28.15,3.279523709191902e-06,3.074950850194789e-06,-4.763019134293566e-06
1627859599765,2021-08-01T19:13:19.765,28.2,3.934965027209122e-06,3.997506214261621e-06,-6.215483801912082e-06
1627859599815,2021-08-01T19:13:19.815,28.25,3.814790141579843e-06,4.41866950799281e-06,-6.9357199502873255e-06
1627859599865,2021-08-01T19:13:19.865,28.3,3.1094106825216374e-06,4.151090112188847e-06,-6.265691475837105e-06
1627859599915,2021-08-01T19:13:19.915,28.35,2.8395287925155245e-06,3.992214784405728e-06,-5.332144317037238e-06
1627859599965,2021-08-01T19:13:19.965,28.4,3.3817174845799512e-06,3.979026370696297e-06,-5.162344774830193e-06
1627859600015,2021-08-01T19:13:20.015,28.45,4.018201389525488e-06,3.5927501509912974e-06,-5.5905174188361625e-06
1627859600065,2021-08-01T19:13:20.065,28.5,4.14098107937379e-06,3.5193369078109257e-06,-6.187535284604306e-06
1627859600115,2021-08-01T19:13:20.115,28.55,4.042917607455756e-06,4.606747552207231e-06,-6.884800854698501e-06
1627859600165,2021-08-01T19:13:20.165,28.6,4.253082322551737e-06,5.667031618543075e-06,-7.462629592462045e-06
1627859600215,2021-08-01T19:13:20.215,28.65,4.754244913531666e-06,5.064941702792118e-06,-7.498383763591617e-06
1627859600265,2021-08-01T19:13:20.265,28.7,5.073161990117438e-06,3.4736971922871555e-06,-7.0712397680680045e-06
1627859600315,2021-08-01T19:13:20.315,28.75,4.9557203976695965e-06,2.70749327950733e-06,-6.801852598232892e-06
1627859600365,2021-08-01T19:13:20.365,28.8,4.871309463435901e-06,3.108858396554079e-06,-7.060460501065543e-06
1627859600415,2021-08-01T19:13:20.415,28.85,5.3489981128327984e-06,3.7112164254525e-06,-7.5438084399545124e-06
1627859600465,2021-08-01T19:13:20.465,28.9,5.8689931404619e-06,3.742737688222376e-06,-7.574076358723095e-06
1627859600515,2021-08-01T19:13:20.515,28.95,5.605899081241187e-06,3.1769783661799398e-06,-6.750383397397354e-06
1627859600565,2021-08-01T19:13:20.565,29.0,5.002400274418171e-06,2.641570618660607e-06,-5.508602517972528e-06
1627859600615,2021-08-01T19:13:20.615,29.05,5.024086451975796e-06,2.7190984891373115e-06,-4.7153627060213976e-06
1627859600665,2021-08-01T19:13:20.665,29.1,5.531565490749928e-06,3.097434582859806e-06,-4.536064315229217e-06
1627859600715,2021-08-01T19:13:20.715,29.15,5.890054391297272e-06,3.246205653690429e-06,-4.414002162356604e-06
1627859600765,2021-08-01T19:13:20.765,29.2,6.057774919584315e-06,3.511373383876224e-06,-4.129817260438152e-06
1627859600815,2021-08-01T19:13:20.815,29.25,5.95466253124297e-06,4.129919803219048e-06,-3.7948557895118378e-06
1627859600865,2021-08-01T19:13:20.865,29.3,5.259840733691893e-06,4.207344944521034e-06,-3.100209915768306e-06
1627859600915,2021-08-01T19:13:20.915,29.35,4.550527392612474e-06,3.3832204839781434e-06,-1.9319853599928787e-06
1627859600965,2021-08-01T19:13:20.965,29.4,4.923719615530015e-06,2.90748496608905e-06,-1.1902941265646291e-06
1627859601015,2021-08-01T19:13:21.015,29.45,6.09182055175884e-06,3.4230514546617536e-06,-1.5786870413522106e-06
1627859601065,2021-08-01T19:13:21.065,29.5,6.560067671209305e-06,3.8561081113918575e-06,-2.2988373944744416e-06
1627859601115,2021-08-01T19:13:21.115,29.55,5.772601152387025e-06,3.729193091620024e-06,-2.214027084849682e-06
1627859601165,2021-08-01T19:13:21.165,29.6,4.597853552376399e-06,3.865098749587773e-06,-1.4439201975146407e-06
1627859601215,2021-08-01T19:13:21.215,29.65,3.976674559710898e-06,4.19755292370602e-06,-7.35323691610314e-07
1627859601265,2021-08-01T19:13:21.265,29.7,4.251290744470873e-06,3.818098028552142e-06,-2.1683628680392014e-07
1627859601315,2021-08-01T19:13:21.315,29.75,5.1725697511624265e-06,3.0517057932634375e-06,3.213582727834039e-07
1627859601365,2021-08-01T19:13:21.365,29.8,5.7786948543673036e-06,2.7646581946790677e-06,9.294439024161024e-07
1627859601415,2021-08-01T19:13:21.415,29.85,5.22649434963676e-06,2.5229413874916386e-06,1.9794750380916428e-06
1627859601465,2021-08-01T19:13:21.465,29.9,4.044033615030505e-06,1.6294261205933232e-06,4.067466075738717e-06
1627859601515,2021-08-01T19:13:21.515,29.95,3.3003383693421303e-06,5.686564350898359e-07,6.9301238692110815e-06
1627859601565,2021-08-01T19:13:21.565,30.0,2.79983656177745e-06,-4.2384778658864744e-08,9.461096697624471e-06
1627859601615,2021-08-01T19:13:21.615,30.05,1.7560288140296893e-06,-5.513270781876501e-07,1.0990734846325493e-05
1627859601665,2021-08-01T19:13:21.665,30.1,6.113250887610296e-07,-1.6330211103024526e-06,1.169783126303941e-05
1627859601715,2021-08-01T19:13:21.715,30.15,2.2615829995806534e-07,-3.3989546132132863e-06,1.1986762330040396e-05
1627859601765,2021-08-01T19:13:21.765,30.2,7.237424761124716e-08,-5.175230719513045e-06,1.2246363556578815e-05
1627859601815,2021-08-01T19:13:21.815,30.25,-8.039598245055427e-07,-5.958805248019446e-06,1.281073325226001e-05
1627859601865,2021-08-01T19:13:21.865,30.3,-2.0230039465169464e-06,-5.474604015097743e-06,1.362630545957559e-05
1627859601915,2021-08-01T19:13:21.915,30.35,-2.7797321769616154e-06,-4.6041095698071334e-06,1.4420963066772483e-05
1627859601965,2021-08-01T19:13:21.965,30.4,-3.240531313395598e-06,-4.340317546153273e-06,1.5177208681841292e-05
1627859602015,2021-08-01T19:13:22.015,30.45,-3.6972211094819763e-06,-4.806496974073671e-06,1.579953693859363e-05
1627859602065,2021-08-01T19:13:22.065,30.5,-3.744133743189315e-06,-5.535198181973025e-06,1.5845783519409077e-05
1627859602115,2021-08-01T19:13:22.115,30.55,-3.222726910555794e-06,-5.97883114071701e-06,1.5310637884873985e-05
1627859602165,2021-08-01T19:13:22.165,30.6,-2.7342735709547873e-06,-5.7822352035284285e-06,1.4843990494084354e-05
1627859602215,2021-08-01T19:13:22.215,30.65,-2.7496583119941e-06,-5.195096521313676e-06,1.4693042968212135e-05
1627859602265,2021-08-01T19:13:22.265,30.7,-3.0542878470273314e-06,-4.863545669725241e-06,1.4415795791525497e-05
1627859602315,2021-08-01T19:13:22.315,30.75,-3.137222153508893e-06,-4.925609198128505e-06,1.3789533853712853e-05
1627859602365,2021-08-01T19:13:22.365,30.8,-2.766573305039237e-06,-4.905915361114986e-06,1.3094920783568384e-05
1627859602415,2021-08-01T19:13:22.415,30.85,-2.2508999626008754e-06,-4.518376442245675e-06,1.2601462487553266e-05
1627859602465,2021-08-01T19:13:22.465,30.9,-1.967411666384114e-06,-3.979632473811401e-06,1.22946544685083e-05
1627859602515,2021-08-01T19:13:22.515,30.95,-1.6818308362356653e-06,-3.6370704933956634e-06,1.1929416414020587e-05
1627859602565,2021-08-01T19:13:22.565,31.0,-1.0400694333765559e-06,-3.781694615641697e-06,1.1280360021945336e-05
1627859602615,2021-08-01T19:13:22.615,31.05,-5.965090752068512e-07,-4.603262135514054e-06,1.0411966450954695e-05
1627859602665,2021-08-01T19:13:22.665,31.1,-1.2316750388869268e-06,-5.7390017688016465e-06,9.525644841286848e-06
1627859602715,2021-08-01T19:13:22.715,31.15,-2.5028748786266e-06,-6.215896937801212e-06,8.705376898125528e-06
1627859602765,2021-08-01T19:13:22.765,31.2,-2.860839760488801e-06,-5.608538886814069e-06,8.019610290163328e-06
1627859602815,2021-08-01T19:13:22.815,31.25,-1.8697033993564995e-06,-4.785944713510053e-06,7.606155804904829e-06
1627859602865,2021-08-01T19:13:22.865,31.3,-9.517123780717448e-07,-4.790086345444414e-06,7.566928361988522e-06
1627859602915,2021-08-01T19:13:22.915,31.35,-1.3364062548412994e-06,-5.560324299901907e-06,7.831301701105108e-06
1627859602965,2021-08-01T19:13:22.965,31.4,-2.414285200604869e-06,-6.231396243758917e-06,7.999914797774012e-06
1627859603015,2021-08-01T19:13:23.015,31.45,-2.8280787807829458e-06,-6.135940222436691e-06,7.642713058095408e-06
1627859603065,2021-08-01T19:13:23.065,31.5,-2.27219717138342e-06,-5.366679965419768e-06,7.061423195072373e-06
1627859603115,2021-08-01T19:13:23.115,31.55,-1.517047684440842e-06,-4.6492219449324396e-06,7.10880583887759e-06
1627859603165,2021-08-01T19:13:23.165,31.6,-1.3291346209539638e-06,-4.433002005775381e-06,7.84376729180752e-06
1627859603215,2021-08-01T19:13:23.215,31.65,-1.916858687920066e-06,-4.208877231935345e-06,8.284573577557982e-06
1627859603265,2021-08-01T19:13:23.265,31.7,-2.924730625139158e-06,-3.4989391263404106e-06,8.00065850983781e-06
1627859603315,2021-08-01T19:13:23.315,31.75,-3.6446235594330297e-06,-3.043061933119267e-06,7.770438676524016e-06
1627859603365,2021-08-01T19:13:23.365,31.8,-3.664498875065836e-06,-3.5956912780448488e-06,7.974760960996166e-06
1627859603415,2021-08-01T19:13:23.415,31.85,-3.390748431064004e-06,-4.277718498764651e-06,7.7579845149721e-06
1627859603465,2021-08-01T19:13:23.465,31.9,-3.503668044005474e-06,-3.8642840883654425e-06,6.747780622411813e-06
1627859603515,2021-08-01T19:13:23.515,31.95,-3.9645092421903e-06,-2.713543478752899e-06,6.078041877073522e-06
1627859603565,2021-08-01T19:13:23.565,32.0,-4.066328259474129e-06,-1.8537490506429202e-06,6.507421139954684e-06
1627859603615,2021-08-01T19:13:23.615,32.05,-3.5112152240471e-06,-1.5681591290713047e-06,7.02760219832274e-06
1627859603665,2021-08-01T19:13:23.665,32.1,-2.8773393989843056e-06,-1.9656044905219064e-06,6.579879171190084e-06
1627859603715,2021-08-01T19:13:23.715,32.15,-2.7065735359429415e-06,-3.1304010445849183e-06,5.684324775296866e-06
1627859603765,2021-08-01T19:13:23.765,32.2,-2.7503130627169087e-06,-4.18196084870855e-06,5.243995629767206e-06
1627859603815,2021-08-01T19:13:23.815,32.25,-2.6531585204306796e-06,-4.080790058138406e-06,5.104735139519514e-06
1627859603865,2021-08-01T19:13:23.865,32.3,-2.6245650624700304e-06,-3.2171242905497615e-06,4.6514753347579665e-06
1627859603915,2021-08-01T19:13:23.915,32.35,-2.7945593234597414e-06,-2.632879667182114e-06,3.7629893293608195e-06
1627859603965,2021-08-01T19:13:23.965,32.4,-2.7820935106570345e-06,-2.5866463874321915e-06,2.8003056390919377e-06
1627859604015,2021-08-01T19:13:24.015,32.45,-2.4749903068319047e-06,-2.9552380393321014e-06,2.244954879482071e-06
1627859604065,2021-08-01T19:13:24.065,32.5,-2.2610798350049577e-06,-3.602220120023091e-06,2.1384116508636562e-06
1627859604115,2021-08-01T19:13:24.115,32.55,-2.126827906330062e-06,-3.881100250181535e-06,1.787865421232407e-06
1627859604165,2021-08-01T19:13:24.165,32.6,-1.6877084157335158e-06,-3.3500772357696523e-06,8.006881890034134e-07
1627859604215,2021-08-01T19:13:24.215,32.65,-1.3017134060604221e-06,-2.707135323798517e-06,1.0470873840911365e-07
1627859604265,2021-08-01T19:13:24.265,32.7,-1.8277733874698782e-06,-2.5906176957567466e-06,6.702829422781825e-07
1627859604315,2021-08-01T19:13:24.315,32.75,-3.1108230388754122e-06,-2.5179396848181115e-06,1.744492389380896e-06
1627859604365,2021-08-01T19:13:24.365,32.8,-3.926774477324616e-06,-2.197803626490756e-06,1.933652008186827e-06
1627859604415,2021-08-01T19:13:24.415,32.85,-3.525436307573021e-06,-2.1817547102673954e-06,1.3327188145722646e-06
1627859604465,2021-08-01T19:13:24.465,32.9,-2.3707747156267033e-06,-2.3370175375123493e-06,9.761204344234052e-07
1627859604515,2021-08-01T19:13:24.515,32.95,-1.499669985266242e-06,-1.7586768748472491e-06,1.0954558592387487e-06
1627859604565,2021-08-01T19:13:24.565,33.0,-1.5688347461197865e-06,-6.529068044305866e-07,1.3133266640076148e-06
1627859604615,2021-08-01T19:13:24.615,33.05,-2.258447412229816e-06,-1.3243488483312478e-07,1.583767358641803e-06
1627859604665,2021-08-01T19:13:24.665,33.1,-2.7094919154273506e-06,-2.0697680276910174e-07,1.9281906202929784e-06
1627859604715,2021-08-01T19:13:24.715,33.15,-2.65126528243505e-06,-3.280930595913207e-08,2.047640695055505e-06
1627859604765,2021-08-01T19:13:24.765,33.2,-2.4778029637798095e-06,3.6957978404823907e-07,1.7854350957505854e-06
1627859604815,2021-08-01T19:13:24.815,33.25,-2.4202235941645704e-06,4.08142632826188e-07,1.403414573698185e-06
1627859604865,2021-08-01T19:13:24.865,33.3,-2.450065552584486e-06,1.8215085741505942e-07,1.1402064327342007e-06
1627859604915,2021-08-01T19:13:24.915,33.35,-2.550609638203489e-06,2.3474908183818988e-07,9.662363549693497e-07
1627859604965,2021-08-01T19:13:24.965,33.4,-2.603250755178343e-06,6.987309208391283e-07,8.906388034971478e-07
1627859605015,2021-08-01T19:13:25.015,33.45,-2.5504833539166722e-06,1.1704721144702832e-06,1.0204020531403848e-06
1627859605065,2021-08-01T19:13:25.065,33.5,-2.6066853091591557e-06,1.089776149779706e-06,1.165031950298959e-06
1627859605115,2021-08-01T19:13:25.115,33.55,-2.7917766051777285e-06,4.3934147755636933e-07,8.62910436468836e-07
1627859605165,2021-08-01T19:13:25.165,33.6,-2.6754030341514504e-06,-1.4209115025260176e-08,6.696740295326414e-08
1627859605215,2021-08-01T19:13:25.215,33.65,-2.0541316875364054e-06,2.3262000570897935e-07,-6.200913915537504e-07
1627859605265,2021-08-01T19:13:25.265,33.7,-1.4231914660029294e-06,6.950749596319457e-07,-7.238141998705168e-07
1627859605315,2021-08-01T19:13:25.315,33.75,-1.2829756071486341e-06,8.872081594683327e-07,-4.950544689459272e-07
1627859605365,2021-08-01T19:13:25.365,33.8,-1.3556275466298786e-06,9.512954943402699e-07,-4.4815988590034114e-07
1627859605415,2021-08-01T19:13:25.415,33.85,-1.12185643219452e-06,8.208633883974752e-07,-7.421773220386634e-07
1627859605465,2021-08-01T19:13:25.465,33.9,-8.162692124881938e-07,2.559053683827173e-07,-1.2034438398767681e-06
1627859605515,2021-08-01T19:13:25.515,33.95,-1.0077262054844823e-06,-2.568070170554187e-07,-1.6325058117091771e-06
1627859605565,2021-08-01T19:13:25.565,34.0,-1.4261137171212145e-06,-2.055937098988391e-07,-2.0266728548325e-06
1627859605615,2021-08-01T19:13:25.615,34.05,-1.3150352529841135e-06,3.802341273277682e-08,-2.5707313357618927e-06
1627859605665,2021-08-01T19:13:25.665,34.1,-7.602867522076213e-07,1.8944886283192156e-07,-3.319740616497911e-06
1627859605715,2021-08-01T19:13:25.715,34.15,-4.7177535988269066e-07,4.785286543058247e-07,-3.984427106140097e-06
1627859605765,2021-08-01T19:13:25.765,34.2,-5.607446524853288e-07,6.358424778970401e-07,-4.251876733673578e-06
1627859605815,2021-08-01T19:13:25.815,34.25,-6.473922061243739e-07,2.642792955233337e-07,-4.27811601299826e-06
1627859605865,2021-08-01T19:13:25.865,34.3,-6.608309612475593e-07,-1.3749604995414738e-07,-4.495884435103406e-06
1627859605915,2021-08-01T19:13:25.915,34.35,-7.322732248448108e-07,-9.543543908028925e-08,-4.863383853025378e-06
1627859605965,2021-08-01T19:13:25.965,34.4,-9.477670050362631e-07,8.715203107040947e-08,-4.90432962404477e-06
1627859606015,2021-08-01T19:13:26.015,34.45,-1.482396844186375e-06,4.2998902700734326e-07,-4.564046372049088e-06
1627859606065,2021-08-01T19:13:26.065,34.5,-2.2755889034845816e-06,1.2855922413359082e-06,-4.25178310618293e-06
1627859606115,2021-08-01T19:13:26.115,34.55,-2.8083963437393844e-06,2.003231845297159e-06,-4.157911086238023e-06
1627859606165,2021-08-01T19:13:26.165,34.6,-2.870269661599294e-06,1.6625657389205558e-06,-4.265201118597447e-06
1627859606215,2021-08-01T19:13:26.215,34.65,-2.9092376595770865e-06,7.799639143387415e-07,-4.64651613656844e-06
1627859606265,2021-08-01T19:13:26.265,34.7,-3.034402975655695e-06,4.2415857290192816e-07,-5.226784250338409e-06
1627859606315,2021-08-01T19:13:26.315,34.75,-2.6865905527254374e-06,5.600017198889057e-07,-5.711825200198147e-06
1627859606365,2021-08-01T19:13:26.365,34.8,-1.8927702039705108e-06,7.217617860702005e-07,-5.957819783818437e-06
1627859606415,2021-08-01T19:13:26.415,34.85,-1.5025397218713686e-06,1.0229521457200868e-06,-6.0450525517725655e-06
1627859606465,2021-08-01T19:13:26.465,34.9,-1.5792311441841974e-06,1.4589964856940569e-06,-6.017574940155418e-06
1627859606515,2021-08-01T19:13:26.515,34.95,-1.223637985521152e-06,1.5304572680307327e-06,-5.863967950219013e-06
1627859606565,2021-08-01T19:13:26.565,35.0,-4.513147512078939e-07,1.1068045634418495e-06,-5.783391821982043e-06
1627859606615,2021-08-01T19:13:26.615,35.05,-2.030584299703424e-07,5.634860131562731e-07,-6.1359090349004404e-06
1627859606665,2021-08-01T19:13:26.665,35.1,-3.1625586618231795e-07,1.0586830993212471e-07,-6.863057134165707e-06
1627859606715,2021-08-01T19:13:26.715,35.15,1.966800103144602e-07,-1.711700554953931e-07,-7.355295190932441e-06
1627859606765,2021-08-01T19:13:26.765,35.2,9.784008148641468e-07,-7.534541935238944e-08,-7.250450351123442e-06
1627859606815,2021-08-01T19:13:26.815,35.25,7.543874311793952e-07,2.513114822349052e-07,-6.835509152470358e-06
1627859606865,2021-08-01T19:13:26.865,35.3,-3.4477874674193813e-07,3.988447454736424e-07,-6.499462296430783e-06
1627859606915,2021-08-01T19:13:26.915,35.35,-9.130827786517405e-07,3.2584179121045534e-07,-6.4300888272134335e-06
1627859606965,2021-08-01T19:13:26.965,35.4,-4.504890078709557e-07,2.783683857889513e-07,-6.663455259859078e-06
1627859607015,2021-08-01T19:13:27.015,35.45,2.038993713032484e-07,2.930541632235434e-07,-6.883742453392155e-06
1627859607065,2021-08-01T19:13:27.065,35.5,3.507224449715345e-07,2.742098493281248e-07,-6.666559761002375e-06
1627859607115,2021-08-01T19:13:27.115,35.55,2.4543028735485265e-08,2.83193506226847e-07,-6.1712966739597745e-06
1627859607165,2021-08-01T19:13:27.165,35.6,-6.476402473282518e-07,4.2538493377412047e-07,-5.946287447518835e-06
1627859607215,2021-08-01T19:13:27.215,35.65,-1.5013374629934926e-06,5.920460577157663e-07,-6.078335577962186e-06
1627859607265,2021-08-01T19:13:27.265,35.7,-1.8438949462324978e-06,5.292621664923285e-07,-6.185293361317327e-06
1627859607315,2021-08-01T19:13:27.315,35.75,-1.1099751519900254e-06,2.0385077909763353e-07,-6.104824787648016e-06
1627859607365,2021-08-01T19:13:27.365,35.8,-8.158837760914466e-08,-2.341843255714129e-08,-5.929858701274383e-06
1627859607415,2021-08-01T19:13:27.415,35.85,-1.3140447241247704e-07,1.9516044862919518e-07,-5.515841413408588e-06
1627859607465,2021-08-01T19:13:27.465,35.9,-1.2476856608909457e-06,5.782846339853781e-07,-4.77205537680096e-06
1627859607515,2021-08-01T19:13:27.515,35.95,-2.252699975330421e-06,4.0551008087777596e-07,-4.2681063746869415e-06
1627859607565,2021-08-01T19:13:27.565,36.0,-2.5992242033415832e-06,-3.615135960256338e-07,-4.5653870873393585e-06
1627859607615,2021-08-01T19:13:27.615,36.05,-2.50776705732922e-06,-7.235270579370436e-07,-5.23186733955384e-06
1627859607665,2021-08-01T19:13:27.665,36.1,-2.1614735521983588e-06,-9.219140517196322e-08,-5.431538904362966e-06
1627859607715,2021-08-01T19:13:27.715,36.15,-1.950728349661719e-06,6.342767044670445e-07,-5.00834923384826e-06
1627859607765,2021-08-01T19:13:27.765,36.2,-2.31447622937451e-06,4.592443556324321e-07,-4.366921178340042e-06
1627859607815,2021-08-01T19:13:27.815,36.25,-2.648318919410232e-06,-1.9145193367830055e-07,-3.845197225984991e-06
1627859607865,2021-08-01T19:13:27.865,36.3,-1.9282202864534232e-06,-5.559279702169007e-07,-3.5043524936230992e-06
1627859607915,2021-08-01T19:13:27.915,36.35,-6.588989969711448e-07,-8.779105045289397e-07,-3.2102806670905667e-06
1627859607965,2021-08-01T19:13:27.965,36.4,-3.0082490121812364e-07,-1.3710695969690965e-06,-2.9022317625501154e-06
1627859608015,2021-08-01T19:13:28.015,36.45,-7.918298075422744e-07,-1.3558086720262389e-06,-2.729174235175639e-06
1627859608065,2021-08-01T19:13:28.065,36.5,-7.649680960980991e-07,-6.433057292224001e-07,-2.76993127284607e-06
1627859608115,2021-08-01T19:13:28.115,36.55,-3.11144258121997e-08,-3.3145302384818536e-07,-2.8765534030543534e-06
1627859608165,2021-08-01T19:13:28.165,36.6,2.7344584102676905e-07,-1.2492679401655526e-06,-2.9510754187464113e-06
1627859608215,2021-08-01T19:13:28.215,36.65,-2.764023252698584e-07,-2.6642228296379195e-06,-3.1224851110036885e-06
1627859608265,2021-08-01T19:13:28.265,36.7,-9.387251529849421e-07,-3.222628153601286e-06,-3.5012183767243506e-06
1627859608315,2021-08-01T19:13:28.315,36.75,-1.0769755868300624e-06,-2.646339600929743e-06,-3.8898271298316865e-06
1627859608365,2021-08-01T19:13:28.365,36.8,-8.956674836309816e-07,-1.9482830955979373e-06,-3.973677381471084e-06
1627859608415,2021-08-01T19:13:28.415,36.85,-1.1210074375209716e-06,-2.0094661268260046e-06,-3.7786412201326625e-06
1627859608465,2021-08-01T19:13:28.465,36.9,-2.0376180096032655e-06,-2.5144123237094116e-06,-3.579062690025625e-06
1627859608515,2021-08-01T19:13:28.515,36.95,-2.8105320868618664e-06,-2.676171275523677e-06,-3.4156313144480616e-06
1627859608565,2021-08-01T19:13:28.565,37.0,-2.507255886426037e-06,-2.5547615150984396e-06,-3.171851814428821e-06
1627859608615,2021-08-01T19:13:28.615,37.05,-1.6580861279689913e-06,-2.9654737959556325e-06,-2.924976461261388e-06
1627859608665,2021-08-01T19:13:28.665,37.1,-1.5862212943611112e-06,-4.049464486358558e-06,-2.714699971033433e-06
1627859608715,2021-08-01T19:13:28.715,37.15,-2.443149542258855e-06,-4.674552551817897e-06,-2.254863492704276e-06
1627859608765,2021-08-01T19:13:28.765,37.2,-3.187198981718713e-06,-3.944903132199128e-06,-1.3498744246048814e-06
1627859608815,2021-08-01T19:13:28.815,37.25,-3.2075007576075626e-06,-2.706696895539732e-06,-3.8057927246440814e-07
1627859608865,2021-08-01T19:13:28.865,37.3,-2.813806163924848e-06,-2.4181147673363514e-06,2.5252001137616262e-08
1627859608915,2021-08-01T19:13:28.915,37.35,-2.3939919930709216e-06,-3.1193062674254967e-06,-1.7437526014552483e-07
1627859608965,2021-08-01T19:13:28.965,37.4,-2.1609840330413307e-06,-3.825409293573287e-06,-2.8330451493656827e-07
1627859609015,2021-08-01T19:13:29.015,37.45,-2.4300135116767065e-06,-4.0984637707542205e-06,1.6945088452391047e-07
1627859609065,2021-08-01T19:13:29.065,37.5,-3.0250426917659484e-06,-3.9856937624861e-06,7.970371516038147e-07
1627859609115,2021-08-01T19:13:29.115,37.55,-2.9468564196191676e-06,-3.5041034935446633e-06,1.1879814313279203e-06
1627859609165,2021-08-01T19:13:29.165,37.6,-1.8640718217903807e-06,-3.0469380762563245e-06,1.5586363592949505e-06
1627859609215,2021-08-01T19:13:29.215,37.65,-9.64511647798434e-07,-3.096257349120888e-06,1.9512659277327314e-06
1627859609265,2021-08-01T19:13:29.265,37.7,-1.0684667473302046e-06,-3.4212498064955486e-06,1.93849531709006e-06
1627859609315,2021-08-01T19:13:29.315,37.75,-1.3906489812590508e-06,-3.6848937580423856e-06,1.6237030669490588e-06
1627859609365,2021-08-01T19:13:29.365,37.8,-1.2853236419125953e-06,-4.109998322142758e-06,1.6127061770465513e-06
1627859609415,2021-08-01T19:13:29.415,37.85,-1.2626748793770879e-06,-4.625920756900731e-06,1.9063918100472867e-06
1627859609465,2021-08-01T19:13:29.465,37.9,-1.4380281728566467e-06,-4.615261921873175e-06,2.036769423694058e-06
1627859609515,2021-08-01T19:13:29.515,37.95,-1.1388702412480461e-06,-4.097337165516571e-06,1.9422058059861712e-06
1627859609565,2021-08-01T19:13:29.565,38.0,-5.09492147684306e-07,-3.864083939516546e-06,1.9119687637886393e-06
1627859609615,2021-08-01T19:13:29.615,38.05,-4.307979071479162e-07,-4.208078334240827e-06,2.199860607724152e-06
1627859609665,2021-08-01T19:13:29.665,38.1,-8.552551320203048e-07,-4.561978686525303e-06,2.8327132881533442e-06
1627859609715,2021-08-01T19:13:29.715,38.15,-1.0611762599956701e-06,-4.472354931539642e-06,3.387118847299757e-06
1627859609765,2021-08-01T19:13:29.765,38.2,-1.0962223872909727e-06,-4.2037215710848775e-06,3.3883629608044915e-06
1627859609815,2021-08-01T19:13:29.815,38.25,-1.3880042926902378e-06,-4.28075708912561e-06,2.9899160138958664e-06
1627859609865,2021-08-01T19:13:29.865,38.3,-1.7167013974267025e-06,-4.854220578109201e-06,2.6288593852032734e-06
1627859609915,2021-08-01T19:13:29.915,38.35,-1.8503871067475114e-06,-5.539320557495198e-06,2.4795314458533007e-06
1627859609965,2021-08-01T19:13:29.965,38.4,-2.18716933668017e-06,-5.724914005189651e-06,2.7123366144024168e-06
1627859610015,2021-08-01T19:13:30.015,38.45,-2.7918272014514834e-06,-5.298082962567396e-06,3.3281963266109744e-06
1627859610065,2021-08-01T19:13:30.065,38.5,-2.930492035676058e-06,-4.971032107737496e-06,3.7149217659780705e-06
1627859610115,2021-08-01T19:13:30.115,38.55,-2.3379372899263743e-06,-5.343654563921035e-06,3.6088866382562443e-06
1627859610165,2021-08-01T19:13:30.165,38.6,-1.830839294884386e-06,-5.9817701919826895e-06,3.899587847552034e-06
1627859610215,2021-08-01T19:13:30.215,38.65,-2.0478824620492427e-06,-6.145875336132707e-06,5.153161354747931e-06
1627859610265,2021-08-01T19:13:30.265,38.7,-2.6212336235134698e-06,-5.9406520805870476e-06,6.419012782603051e-06
1627859610315,2021-08-01T19:13:30.315,38.75,-3.0236521460586695e-06,-5.965856123128228e-06,6.717506522077014e-06
1627859610365,2021-08-01T19:13:30.365,38.8,-3.2262468062706443e-06,-6.285547143362188e-06,6.491316479381471e-06
1627859610415,2021-08-01T19:13:30.415,38.85,-3.2697758246693263e-06,-6.4643280348764715e-06,6.6727328961153765e-06
1627859610465,2021-08-01T19:13:30.465,38.9,-3.133269215507523e-06,-6.351178009841462e-06,7.3646279726769945e-06
1627859610515,2021-08-01T19:13:30.515,38.95,-3.0796853987179588e-06,-6.254045422752648e-06,7.968511227263348e-06
1627859610565,2021-08-01T19:13:30.565,39.0,-3.3519629529789928e-06,-6.41589876112185e-06,7.955222720332802e-06
1627859610615,2021-08-01T19:13:30.615,39.05,-3.69944579360637e-06,-6.7312723155289855e-06,7.434595367112681e-06
1627859610665,2021-08-01T19:13:30.665,39.1,-3.7742038680214137e-06,-6.976562756157555e-06,7.238000117819802e-06
1627859610715,2021-08-01T19:13:30.715,39.15,-3.6956553921072572e-06,-7.012167555448361e-06,8.028646651202832e-06
1627859610765,2021-08-01T19:13:30.765,39.2,-3.782283129302193e-06,-6.874055433603471e-06,9.246405074650471e-06
1627859610815,2021-08-01T19:13:30.815,39.25,-3.9522653005608825e-06,-6.875856571296068e-06,9.705668436166421e-06
1627859610865,2021-08-01T19:13:30.865,39.3,-3.884400812840648e-06,-7.251870194978069e-06,9.283807294037083e-06
1627859610915,2021-08-01T19:13:30.915,39.35,-3.6973268161339634e-06,-7.66297872384428e-06,9.082371438646763e-06
1627859610965,2021-08-01T19:13:30.965,39.4,-3.7764427289980767e-06,-7.638150348630969e-06,9.782885395749776e-06
1627859611015,2021-08-01T19:13:31.015,39.45,-4.025308346172185e-06,-7.2621078211586524e-06,1.0764243395842717e-05
1627859611065,2021-08-01T19:13:31.065,39.5,-4.152629828882765e-06,-6.853957536207019e-06,1.124406339072266e-05
1627859611115,2021-08-01T19:13:31.115,39.55,-4.372097204601817e-06,-6.575310080142556e-06,1.1464057141385842e-05
1627859611165,2021-08-01T19:13:31.165,39.6,-4.936473406369263e-06,-6.699703921270839e-06,1.196138367887001e-05
1627859611215,2021-08-01T19:13:31.215,39.65,-5.49755548194529e-06,-7.30922979602574e-06,1.2416629086651797e-05
1627859611265,2021-08-01T19:13:31.265,39.7,-5.7168654810809415e-06,-7.75805320981135e-06,1.2307400617206825e-05
1627859611315,2021-08-01T19:13:31.315,39.75,-5.971748309095202e-06,-7.627854328928495e-06,1.199322662629916e-05
1627859611365,2021-08-01T19:13:31.365,39.8,-6.685263649842186e-06,-7.558424133593821e-06,1.2062471959994204e-05
1627859611415,2021-08-01T19:13:31.415,39.85,-7.5143146068893635e-06,-7.684597640933515e-06,1.2387798490694428e-05
1627859611465,2021-08-01T19:13:31.465,39.9,-8.13533395236265e-06,-6.802495539319175e-06,1.2752696113748302e-05
1627859611515,2021-08-01T19:13:31.515,39.95,-9.056582368770933e-06,-5.064999545038541e-06,1.3444789273196474e-05
1627859611565,2021-08-01T19:13:31.565,40.0,-1.0477066300682614e-05,-4.984703620113624e-06,1.441440418889328e-05
1627859611615,2021-08-01T19:13:31.615,40.05,-1.1421482510164495e-05,-7.044838426973045e-06,1.494157163560947e-05
1627859611665,2021-08-01T19:13:31.665,40.1,-1.1196317406661512e-05,-7.739009457911742e-06,1.4804250850288278e-05
1627859611715,2021-08-01T19:13:31.715,40.15,-1.050882409441331e-05,-5.1224686243481765e-06,1.467950097083872e-05
1627859611765,2021-08-01T19:13:31.765,40.2,-1.036588596910273e-05,-2.0250008979933882e-06,1.5017723458332392e-05
1627859611815,2021-08-01T19:13:31.815,40.25,-1.0946062445361205e-05,-9.083662068874577e-07,1.5546125049082607e-05
1627859611865,2021-08-01T19:13:31.865,40.3,-1.1757070417877442e-05,-4.829301230493818e-07,1.5960344117786e-05
1627859611915,2021-08-01T19:13:31.915,40.35,-1.2080866138658042e-05,5.605791231363795e-07,1.6250104027597363e-05
1627859611965,2021-08-01T19:13:31.965,40.4,-1.1489014818570675e-05,1.375912180271385e-06,1.6473869858043884e-05
1627859612015,2021-08-01T19:13:32.015,40.45,-1.0442396626985618e-05,1.5534552120139858e-06,1.6760345987142225e-05
1627859612065,2021-08-01T19:13:32.065,40.5,-9.804376910984895e-06,1.899877624597904e-06,1.717023167089788e-05
1627859612115,2021-08-01T19:13:32.115,40.55,-9.377550759778896e-06,2.611880497386641e-06,1.7321921265822552e-05
1627859612165,2021-08-01T19:13:32.165,40.6,-7.960761634920263e-06,3.3536970485172238e-06,1.6745597596630922e-05
1627859612215,2021-08-01T19:13:32.215,40.65,-5.390496687745869e-06,4.308808909567435e-06,1.5668039374509742e-05
1627859612265,2021-08-01T19:13:32.265,40.7,-3.0381208537022783e-06,5.62415836088956e-06,1.468660275579079e-05
1627859612315,2021-08-01T19:13:32.315,40.75,-1.5568399787027756e-06,6.901572266622902e-06,1.353601358090382e-05
1627859612365,2021-08-01T19:13:32.365,40.8,5.479228401149858e-08,7.7698075454415e-06,1.1113536226500015e-05
1627859612415,2021-08-01T19:13:32.415,40.85,2.425566643193078e-06,8.134927638534487e-06,7.270669021900982e-06
1627859612465,2021-08-01T19:13:32.465,40.9,4.8073883568488545e-06,7.993010660672728e-06,3.5673386163703516e-06
1627859612515,2021-08-01T19:13:32.515,40.95,6.606627396964152e-06,7.45462730049691e-06,1.264164876183542e-06
1627859612565,2021-08-01T19:13:32.565,41.0,8.00010786722271e-06,6.833385164776977e-06,-3.863768309284571e-07
1627859612615,2021-08-01T19:13:32.615,41.05,8.888713005256514e-06,6.602606944407742e-06,-2.657040778833822e-06
1627859612665,2021-08-01T19:13:32.665,41.1,9.053194199161415e-06,7.010531378806516e-06,-5.284168732026153e-06
1627859612715,2021-08-01T19:13:32.715,41.15,9.056300397269096e-06,7.63440515151798e-06,-7.1971113855237774e-06
1627859612765,2021-08-01T19:13:32.765,41.2,9.392306681300666e-06,7.842876698544738e-06,-8.248178384355325e-06
1627859612815,2021-08-01T19:13:32.815,41.25,9.526542481137088e-06,7.690692454631015e-06,-8.885489267639526e-06
1627859612865,2021-08-01T19:13:32.865,41.3,9.04798512022015e-06,7.611651550107165e-06,-9.052560559663933e-06
1627859612915,2021-08-01T19:13:32.915,41.35,8.592619529876464e-06,7.4557103125727185e-06,-8.74235816804754e-06
1627859612965,2021-08-01T19:13:32.965,41.4,8.72717562395032e-06,6.818511473273088e-06,-8.767998712931327e-06
1627859613015,2021-08-01T19:13:33.015,41.45,9.141351442481624e-06,6.094468296693727e-06,-9.64282956300704e-06
1627859613065,2021-08-01T19:13:33.065,41.5,9.406508082068101e-06,6.14538909623324e-06,-1.0487235578037556e-05
1627859613115,2021-08-01T19:13:33.115,41.55,9.512820918870421e-06,6.981718379179349e-06,-1.0314981084944658e-05
1627859613165,2021-08-01T19:13:33.165,41.6,9.524556171454834e-06,7.640879336965128e-06,-9.62663820587498e-06
1627859613215,2021-08-01T19:13:33.215,41.65,9.408615075256502e-06,7.4675091292441255e-06,-9.544089646820729e-06
1627859613265,2021-08-01T19:13:33.265,41.7,9.191403665226603e-06,6.922879306020493e-06,-1.0115837963514259e-05
1627859613315,2021-08-01T19:13:33.315,41.75,8.953401257272559e-06,6.86546631058373e-06,-1.0519694487148813e-05
1627859613365,2021-08-01T19:13:33.365,41.8,8.747750436353527e-06,7.316188446670983e-06,-1.0296345539549232e-05
1627859613415,2021-08-01T19:13:33.415,41.85,8.576788714283687e-06,7.426624486789766e-06,-9.582710692776484e-06
1627859613465,2021-08-01T19:13:33.465,41.9,8.394204139091454e-06,6.762233579506138e-06,-8.638638958918188e-06
1627859613515,2021-08-01T19:13:33.515,41.95,8.252465832403123e-06,5.987968707191758e-06,-7.738231425336444e-06
1627859613565,2021-08-01T19:13:33.565,42.0,8.334036062244532e-06,5.8524160818695906e-06,-7.166123874774017e-06
1627859613615,2021-08-01T19:13:33.615,42.05,8.50863628806554e-06,6.0836052068747505e-06,-6.884080894469275e-06
1627859613665,2021-08-01T19:13:33.665,42.1,8.211525825307353e-06,5.9086556243327576e-06,-6.545684722845302e-06
1627859613715,2021-08-01T19:13:33.715,42.15,7.307458890511217e-06,5.243960471317922e-06,-6.175894327088029e-06
1627859613765,2021-08-01T19:13:33.765,42.2,6.523088685223778e-06,4.735924348197056e-06,-6.297413563617043e-06
1627859613815,2021-08-01T19:13:33.815,42.25,6.454459130605935e-06,4.839222900403895e-06,-6.959556136102332e-06
1627859613865,2021-08-01T19:13:33.865,42.3,6.851589220669957e-06,5.310746103911873e-06,-7.3651071069229095e-06
1627859613915,2021-08-01T19:13:33.915,42.35,7.213330384190083e-06,5.50718479186601e-06,-7.0590097887974e-06
1627859613965,2021-08-01T19:13:33.965,42.4,7.276702943478844e-06,5.044718502078135e-06,-6.6289007125372e-06
1627859614015,2021-08-01T19:13:34.015,42.45,6.870404170823805e-06,4.291471341688118e-06,-6.5500801803017e-06
1627859614065,2021-08-01T19:13:34.065,42.5,6.051388640278046e-06,3.998414200631876e-06,-6.383228900849902e-06
1627859614115,2021-08-01T19:13:34.115,42.55,5.268900655270405e-06,4.2405908376838955e-06,-5.799371069939266e-06
1627859614165,2021-08-01T19:13:34.165,42.6,4.854405283262826e-06,4.240055743059354e-06,-5.302369260868039e-06
1627859614215,2021-08-01T19:13:34.215,42.65,4.621117555850856e-06,3.596449920953543e-06,-5.315920437735732e-06
1627859614265,2021-08-01T19:13:34.265,42.7,4.328302684318228e-06,3.0188818437971405e-06,-5.427192874854032e-06
1627859614315,2021-08-01T19:13:34.315,42.75,4.105104610856083e-06,3.2401278661619592e-06,-5.040158720735453e-06
1627859614365,2021-08-01T19:13:34.365,42.8,4.077880285811349e-06,3.813364404096256e-06,-4.245516123439537e-06
1627859614415,2021-08-01T19:13:34.415,42.85,4.143539263691293e-06,3.8124644196508073e-06,-3.6857186838896703e-06
1627859614465,2021-08-01T19:13:34.465,42.9,4.428518615061414e-06,3.3386663812211563e-06,-3.906497011063829e-06
1627859614515,2021-08-01T19:13:34.515,42.95,5.213924727848768e-06,3.326894892777368e-06,-4.988902109121693e-06
1627859614565,2021-08-01T19:13:34.565,43.0,6.091498421308017e-06,3.985171856295179e-06,-6.383823451855036e-06
1627859614615,2021-08-01T19:13:34.615,43.05,6.080143299269545e-06,4.49919677269462e-06,-7.1449036516152955e-06
1627859614665,2021-08-01T19:13:34.665,43.1,4.935497911777831e-06,4.325124223257578e-06,-6.836566145733582e-06
1627859614715,2021-08-01T19:13:34.715,43.15,3.609877717485914e-06,3.87136866683394e-06,-6.001209192494717e-06
1627859614765,2021-08-01T19:13:34.765,43.2,3.1035639736756527e-06,3.8300897924883986e-06,-5.39613886940915e-06
1627859614815,2021-08-01T19:13:34.815,43.25,3.382633253341904e-06,4.295762321842021e-06,-5.272865187241328e-06
1627859614865,2021-08-01T19:13:34.865,43.3,3.7603183511697467e-06,4.622480241532317e-06,-5.518511587468319e-06
1627859614915,2021-08-01T19:13:34.915,43.35,3.937408009759403e-06,4.256596813455309e-06,-5.768289071942976e-06
1627859614965,2021-08-01T19:13:34.965,43.4,4.0709328957884325e-06,3.5455500958471434e-06,-5.464926278296866e-06
1627859615015,2021-08-01T19:13:35.015,43.45,4.0240030747165855e-06,3.1969412489437077e-06,-4.642818508696524e-06
1627859615065,2021-08-01T19:13:35.065,43.5,3.466175503275741e-06,3.2627557177818573e-06,-4.350168376217901e-06
1627859615115,2021-08-01T19:13:35.115,43.55,2.756354807383059e-06,3.3806101166573367e-06,-5.319137972806295e-06
1627859615165,2021-08-01T19:13:35.165,43.6,2.6185902703685973e-06,3.548268217964119e-06,-6.610905824564165e-06
1627859615215,2021-08-01T19:13:35.215,43.65,2.9077083579356786e-06,3.827256168511956e-06,-6.720401711420601e-06
1627859615265,2021-08-01T19:13:35.265,43.7,2.918703742811234e-06,3.7825126715770053e-06,-5.653414365407146e-06
1627859615315,2021-08-01T19:13:35.315,43.75,2.6766245624152137e-06,3.14604795960724e-06,-4.673717150573102e-06
1627859615365,2021-08-01T19:13:35.365,43.8,2.639358235886918e-06,2.6106003708951515e-06,-4.364696811520071e-06
1627859615415,2021-08-01T19:13:35.415,43.85,2.5935077155009607e-06,2.932128455486129e-06,-4.195986693348725e-06
1627859615465,2021-08-01T19:13:35.465,43.9,1.998833211800856e-06,3.5152447908790553e-06,-3.6305868969720816e-06
1627859615515,2021-08-01T19:13:35.515,43.95,1.0071371511333495e-06,3.0613355842588746e-06,-2.55460881795905e-06
1627859615565,2021-08-01T19:13:35.565,44.0,3.7014253303639323e-07,1.5987319999310054e-06,-1.070325325720803e-06
1627859615615,2021-08-01T19:13:35.615,44.05,5.36956332403767e-07,6.168470735365328e-07,2.907561229025764e-07
1627859615665,2021-08-01T19:13:35.665,44.1,1.1361604043381059e-06,1.0119767803053383e-06,7.604225527364778e-07
1627859615715,2021-08-01T19:13:35.715,44.15,1.3879684917462005e-06,2.116156028887567e-06,3.1027670824408e-07
1627859615765,2021-08-01T19:13:35.765,44.2,1.0500413648810174e-06,2.9194321217396125e-06,-2.175707634299846e-07
1627859615815,2021-08-01T19:13:35.815,44.25,6.054970285053259e-07,3.128471694383615e-06,-9.749726255487655e-08
1627859615865,2021-08-01T19:13:35.865,44.3,3.641873970700614e-07,2.9305978148456415e-06,7.567414054586504e-07
1627859615915,2021-08-01T19:13:35.915,44.35,1.2706141865973547e-07,2.5474226895097885e-06,1.842703102486604e-06
1627859615965,2021-08-01T19:13:35.965,44.4,-7.606559665130067e-08,2.0840652085836532e-06,2.1879731910114704e-06
1627859616015,2021-08-01T19:13:36.015,44.45,2.3746151172504634e-08,1.582344509430956e-06,1.294981825427846e-06
1627859616065,2021-08-01T19:13:36.065,44.5,1.6123741847343674e-07,1.2776336222830105e-06,1.344318047237702e-07
1627859616115,2021-08-01T19:13:36.115,44.55,-3.563939477231233e-08,1.4632998540186488e-06,-6.416497371227433e-08
1627859616165,2021-08-01T19:13:36.165,44.6,-1.365765572406034e-07,1.9252621624092264e-06,9.280240400773288e-08
1627859616215,2021-08-01T19:13:36.215,44.65,3.148429077317562e-07,2.110788176573936e-06,-1.060069038913716e-06
1627859616265,2021-08-01T19:13:36.265,44.7,7.609512674488573e-07,1.908004069860055e-06,-3.46136029455217e-06
1627859616315,2021-08-01T19:13:36.315,44.75,5.470475024828737e-07,1.615698588520924e-06,-5.21079674314941e-06
1627859616365,2021-08-01T19:13:36.365,44.8,9.155936635440431e-08,1.4069107548026474e-06,-5.281140442234544e-06
1627859616415,2021-08-01T19:13:36.415,44.85,1.6907207326442438e-07,1.413601310172783e-06,-4.41206600695647e-06
1627859616465,2021-08-01T19:13:36.465,44.9,6.636676269700462e-07,1.7560458108423092e-06,-3.3787332028977426e-06
1627859616515,2021-08-01T19:13:36.515,44.95,7.555016142256064e-07,2.007495282292997e-06,-2.404991121505916e-06
1627859616565,2021-08-01T19:13:36.565,45.0,5.974479484579705e-08,1.471696563291402e-06,-2.0550796707788995e-06
1627859616615,2021-08-01T19:13:36.615,45.05,-8.457690516695941e-07,3.2808319982528794e-07,-2.695429614545604e-06
1627859616665,2021-08-01T19:13:36.665,45.1,-1.0485044144717918e-06,-4.882763425383931e-07,-3.4287910633286094e-06
1627859616715,2021-08-01T19:13:36.715,45.15,-3.790939865144134e-07,-5.62373853948573e-07,-3.2015490435020003e-06
1627859616765,2021-08-01T19:13:36.765,45.2,3.145028457597434e-07,-9.782965384668013e-08,-2.4070965131215058e-06
1627859616815,2021-08-01T19:13:36.815,45.25,2.188300474800686e-07,7.030401229590895e-07,-2.2134029038437065e-06
1627859616865,2021-08-01T19:13:36.865,45.3,-4.010409728578872e-07,1.3127977646282497e-06,-2.968861030259059e-06
1627859616915,2021-08-01T19:13:36.915,45.35,-7.025735967960924e-07,1.0004247692591384e-06,-4.012672869404138e-06
1627859616965,2021-08-01T19:13:36.965,45.4,-4.5787171916973195e-07,4.245224252214109e-08,-4.505725850734014e-06
1627859617015,2021-08-01T19:13:37.015,45.45,-1.46829925103038e-07,-4.016968677788048e-07,-4.200857238674555e-06
1627859617065,2021-08-01T19:13:37.065,45.5,-1.5696054171799727e-07,1.0740810858639849e-07,-3.7534615696374562e-06
1627859617115,2021-08-01T19:13:37.115,45.55,-3.502035287254745e-07,7.898473628844627e-07,-3.9453488002044536e-06
1627859617165,2021-08-01T19:13:37.165,45.6,-3.0288432276944137e-07,7.524680131986843e-07,-4.382309488645088e-06
1627859617215,2021-08-01T19:13:37.215,45.65,5.838815808591344e-08,1.2238288201636128e-07,-3.987209716761899e-06
1627859617265,2021-08-01T19:13:37.265,45.7,1.5937113246778316e-07,-1.196535321780138e-07,-3.098262630480081e-06
1627859617315,2021-08-01T19:13:37.315,45.75,-2.8270817208306567e-07,4.382402599435705e-07,-3.424512031773536e-06
1627859617365,2021-08-01T19:13:37.365,45.8,-4.1052931677094945e-07,1.0004524468389936e-06,-5.300282301736837e-06
1627859617415,2021-08-01T19:13:37.415,45.85,4.2410060643601706e-07,9.28062455406756e-07,-6.903701082733901e-06
1627859617465,2021-08-01T19:13:37.465,45.9,1.2529710055627198e-06,7.394882654151018e-07,-6.9836614132538704e-06
1627859617515,2021-08-01T19:13:37.515,45.95,1.083331814763786e-06,9.302401167817464e-07,-6.428319599402478e-06
1627859617565,2021-08-01T19:13:37.565,46.0,6.212653134865519e-07,1.002571951444496e-06,-6.418492896825131e-06
1627859617615,2021-08-01T19:13:37.615,46.05,7.839352432742308e-07,5.388727187074283e-07,-6.828996278291883e-06
1627859617665,2021-08-01T19:13:37.665,46.1,1.1548947775776212e-06,7.110666118191842e-08,-6.993288953369925e-06
1627859617715,2021-08-01T19:13:37.715,46.15,1.2217066869158827e-06,1.1744532954128159e-07,-6.70957564403632e-06
1627859617765,2021-08-01T19:13:37.765,46.2,1.37589715796293e-06,3.1533463996562005e-07,-6.31597708902891e-06
1627859617815,2021-08-01T19:13:37.815,46.25,1.7796813995366539e-06,1.8861926799007393e-07,-6.363658024934876e-06
1627859617865,2021-08-01T19:13:37.865,46.3,1.8780642682648565e-06,6.69578788914463e-08,-6.91069999584694e-06
1627859617915,2021-08-01T19:13:37.915,46.35,1.561772874865487e-06,4.483893686757752e-07,-7.330001787421811e-06
1627859617965,2021-08-01T19:13:37.965,46.4,1.3866772049838848e-06,8.915335192950504e-07,-7.432905804397341e-06
1627859618015,2021-08-01T19:13:38.015,46.45,1.455771449708754e-06,5.684415552538488e-07,-7.932355364984204e-06
1627859618065,2021-08-01T19:13:38.065,46.5,1.381338405612673e-06,-2.719056152487231e-07,-9.023839445524893e-06
1627859618115,2021-08-01T19:13:38.115,46.55,1.3347531494980398e-06,-4.941642718664113e-07,-9.670773963341455e-06
1627859618165,2021-08-01T19:13:38.165,46.6,1.907665559851544e-06,3.5918263380256106e-07,-9.148594004600218e-06
1627859618215,2021-08-01T19:13:38.215,46.65,2.956466242107948e-06,1.6286804349944818e-06,-8.174227864712979e-06
1627859618265,2021-08-01T19:13:38.265,46.7,3.6077904691746222e-06,2.504298521309758e-06,-7.658471886965443e-06
1627859618315,2021-08-01T19:13:38.315,46.75,3.3938057512962276e-06,2.762291420380504e-06,-7.366223602618301e-06
1627859618365,2021-08-01T19:13:38.365,46.8,2.7133017646853318e-06,2.629730379024026e-06,-6.662951840860323e-06
1627859618415,2021-08-01T19:13:38.415,46.85,2.276040007358327e-06,2.322068668966901e-06,-5.760153555904287e-06
1627859618465,2021-08-01T19:13:38.465,46.9,2.427185580622028e-06,2.0528613564304637e-06,-5.511425733379183e-06
1627859618515,2021-08-01T19:13:38.515,46.95,2.9245379902448858e-06,2.2697898575397605e-06,-6.412200845940054e-06
1627859618565,2021-08-01T19:13:38.565,47.0,3.3368540582865137e-06,3.036906356112544e-06,-8.012738924753474e-06
1627859618615,2021-08-01T19:13:38.615,47.05,3.5663923704424734e-06,3.509910388537268e-06,-9.155555819983527e-06
1627859618665,2021-08-01T19:13:38.665,47.1,3.7301257849730736e-06,3.0871420260084765e-06,-9.063574732452013e-06
1627859618715,2021-08-01T19:13:38.715,47.15,3.7967635943390153e-06,2.441929786992828e-06,-8.185629646731683e-06
1627859618765,2021-08-01T19:13:38.765,47.2,3.730018355435195e-06,2.4384879837823245e-06,-7.500794889694803e-06
1627859618815,2021-08-01T19:13:38.815,47.25,3.656062695469503e-06,2.8480622128523265e-06,-7.284762143054437e-06
1627859618865,2021-08-01T19:13:38.865,47.3,3.670209877868661e-06,2.92321827919099e-06,-7.0841566561289194e-06
1627859618915,2021-08-01T19:13:38.915,47.35,3.826597362123798e-06,2.571646527374862e-06,-6.441014823834143e-06
1627859618965,2021-08-01T19:13:38.965,47.4,4.182180461434319e-06,2.361205060495373e-06,-5.412627185930972e-06
1627859619015,2021-08-01T19:13:39.015,47.45,4.53695207885772e-06,2.720196903648206e-06,-4.8467520089637815e-06
1627859619065,2021-08-01T19:13:39.065,47.5,4.5447977359892625e-06,3.4538171909264115e-06,-5.649998290724316e-06
1627859619115,2021-08-01T19:13:39.115,47.55,4.263681871856995e-06,3.843668688568412e-06,-7.213356286925058e-06
1627859619165,2021-08-01T19:13:39.165,47.6,4.1078291704930685e-06,3.3522289378418814e-06,-7.657281003836199e-06
1627859619215,2021-08-01T19:13:39.215,47.65,4.243031035656638e-06,2.4708483459556468e-06,-6.302638616031122e-06
1627859619265,2021-08-01T19:13:39.265,47.7,4.44621430150875e-06,2.199368997539785e-06,-4.639639280209821e-06
1627859619315,2021-08-01T19:13:39.315,47.75,4.469983730011708e-06,2.5235275479851507e-06,-4.27924382539678e-06
1627859619365,2021-08-01T19:13:39.365,47.8,4.231071619631733e-06,2.6338650251552484e-06,-5.134634497647291e-06
1627859619415,2021-08-01T19:13:39.415,47.85,3.8117594543194968e-06,2.503368631672694e-06,-5.992511217656743e-06
1627859619465,2021-08-01T19:13:39.465,47.9,3.5275478373695786e-06,2.591154308140985e-06,-5.8878941301353945e-06
1627859619515,2021-08-01T19:13:39.515,47.95,3.692608849561123e-06,2.5223326801596652e-06,-4.8748310328169085e-06
1627859619565,2021-08-01T19:13:39.565,48.0,4.194451017109505e-06,1.8939183281539577e-06,-4.064772776066137e-06
1627859619615,2021-08-01T19:13:39.615,48.05,4.697742417581531e-06,1.5583790411148766e-06,-4.429694677100915e-06
1627859619665,2021-08-01T19:13:39.665,48.1,5.0326394295898e-06,2.3193046212273857e-06,-5.39829442206771e-06
1627859619715,2021-08-01T19:13:39.715,48.15,5.071727017499299e-06,3.3145391853936615e-06,-5.592371756800376e-06
1627859619765,2021-08-01T19:13:39.765,48.2,4.9145592275281334e-06,3.326285239900708e-06,-4.754568361027902e-06
1627859619815,2021-08-01T19:13:39.815,48.25,5.123127137508295e-06,2.68506423079067e-06,-3.8511344824174845e-06
1627859619865,2021-08-01T19:13:39.865,48.3,5.780424474782729e-06,2.4323450932745746e-06,-3.6050468236508787e-06
1627859619915,2021-08-01T19:13:39.915,48.35,5.9210268044945994e-06,2.6001437742107516e-06,-3.7508586647108816e-06
1627859619965,2021-08-01T19:13:39.965,48.4,5.024550587515831e-06,2.5130039219574645e-06,-3.4361924348512627e-06
1627859620015,2021-08-01T19:13:40.015,48.45,4.121029403228536e-06,1.956719142311939e-06,-2.0390204183223524e-06
1627859620065,2021-08-01T19:13:40.065,48.5,4.255005500058041e-06,1.2997934437429507e-06,5.979246265011146e-08
1627859620115,2021-08-01T19:13:40.115,48.55,4.924910574836343e-06,1.028724908522575e-06,1.5367011344006056e-06
1627859620165,2021-08-01T19:13:40.165,48.6,5.163491590462175e-06,1.3467626081698471e-06,1.4411977639744643e-06
1627859620215,2021-08-01T19:13:40.215,48.65,4.9771292308977276e-06,1.8641598529062172e-06,3.685803105276089e-07
1627859620265,2021-08-01T19:13:40.265,48.7,4.7265883317658075e-06,1.9276626707169275e-06,-2.252310308143608e-07
1627859620315,2021-08-01T19:13:40.315,48.75,4.398834269279496e-06,1.5367403037197423e-06,2.0562126881719984e-07
1627859620365,2021-08-01T19:13:40.365,48.8,4.1451923126772365e-06,1.448051711853965e-06,8.910433999564868e-07
1627859620415,2021-08-01T19:13:40.415,48.85,4.270159965028416e-06,2.0216003252333e-06,1.1906986730868817e-06
1627859620465,2021-08-01T19:13:40.465,48.9,4.6049016407336455e-06,2.556825494090211e-06,1.5096937814326004e-06
1627859620515,2021-08-01T19:13:40.515,48.95,4.888059517622247e-06,2.2817611910277126e-06,2.2324519127171716e-06
1627859620565,2021-08-01T19:13:40.565,49.0,5.205811167174057e-06,1.4608869992874938e-06,2.9226253321060593e-06
1627859620615,2021-08-01T19:13:40.615,49.05,5.314625645052075e-06,9.681458152305735e-07,3.601463603033947e-06
1627859620665,2021-08-01T19:13:40.665,49.1,4.479311276930651e-06,1.1146652799197931e-06,5.421787966520154e-06
1627859620715,2021-08-01T19:13:40.715,49.15,2.5790247057966636e-06,1.3800905744986013e-06,8.738410132605723e-06
1627859620765,2021-08-01T19:13:40.765,49.2,3.768896155295946e-07,1.230289242477848e-06,1.197264090020901e-05
1627859620815,2021-08-01T19:13:40.815,49.25,-1.6446979618887891e-06,7.416965199792948e-07,1.3677131690316614e-05
1627859620865,2021-08-01T19:13:40.865,49.3,-3.6133460666072936e-06,1.6866217139352014e-07,1.42046867984704e-05
1627859620915,2021-08-01T19:13:40.915,49.35,-5.361828936453436e-06,-5.536676121221038e-07,1.4393700523201244e-05
1627859620965,2021-08-01T19:13:40.965,49.4,-6.500552347801192e-06,-1.4189490489428818e-06,1.4375114264348834e-05
1627859621015,2021-08-01T19:13:41.015,49.45,-7.319893841552393e-06,-2.0863418194388592e-06,1.4283173993157154e-05
1627859621065,2021-08-01T19:13:41.065,49.5,-8.356194629136757e-06,-2.300975405201986e-06,1.4345556870386196e-05
1627859621115,2021-08-01T19:13:41.115,49.55,-9.413440945737791e-06,-2.030553361071368e-06,1.4234580163376861e-05
1627859621165,2021-08-01T19:13:41.165,49.6,-1.0104294598419925e-05,-1.5172923007884198e-06,1.3800406169050187e-05
1627859621215,2021-08-01T19:13:41.215,49.65,-1.0704463869216673e-05,-1.5834659011687758e-06,1.3634087313848126e-05
1627859621265,2021-08-01T19:13:41.265,49.7,-1.1549607604253079e-05,-2.819547783334497e-06,1.381435286266249e-05
1627859621315,2021-08-01T19:13:41.315,49.75,-1.230406557112769e-05,-4.308431591469836e-06,1.344607447399398e-05
1627859621365,2021-08-01T19:13:41.365,49.8,-1.2524665710388759e-05,-4.510043797545126e-06,1.2192890187246627e-05
1627859621415,2021-08-01T19:13:41.415,49.85,-1.2350391623499497e-05,-3.2924793470667436e-06,1.0922403601284334e-05
1627859621465,2021-08-01T19:13:41.465,49.9,-1.2194644869452099e-05,-2.114582317854226e-06,1.0356277024432294e-05
1627859621515,2021-08-01T19:13:41.515,49.95,-1.2213362478776198e-05,-2.417904755320795e-06,1.0200092794779831e-05
1627859621565,2021-08-01T19:13:41.565,50.0,-1.2322318838748665e-05,-4.049111057438504e-06,9.930832108453435e-06
1627859621615,2021-08-01T19:13:41.615,50.05,-1.2367289075330329e-05,-5.331928000519647e-06,9.573233835649563e-06
1627859621665,2021-08-01T19:13:41.665,50.1,-1.2033727219997848e-05,-5.129373262044204e-06,9.504607419905157e-06
1627859621715,2021-08-01T19:13:41.715,50.15,-1.0859544365641305e-05,-4.2395169037933995e-06,1.0021950014116077e-05
1627859621765,2021-08-01T19:13:41.765,50.2,-8.756835330366302e-06,-3.994903374053522e-06,1.0959434112429138e-05
1627859621815,2021-08-01T19:13:41.815,50.25,-6.4176945386705925e-06,-4.4757439863566274e-06,1.1499693467658608e-05
1627859621865,2021-08-01T19:13:41.865,50.3,-4.644681542276618e-06,-4.982699672545611e-06,1.0928765120642561e-05
1627859621915,2021-08-01T19:13:41.915,50.35,-3.427812100310151e-06,-5.308127058074118e-06,9.688975052910997e-06
1627859621965,2021-08-01T19:13:41.965,50.4,-2.453865453964608e-06,-5.658317060713268e-06,8.864686173441595e-06
1627859622015,2021-08-01T19:13:42.015,50.45,-2.0315695393287143e-06,-5.9133585864209876e-06,8.643346267689062e-06
1627859622065,2021-08-01T19:13:42.065,50.5,-2.3003849793191432e-06,-5.765119343121179e-06,8.356134807302085e-06
1627859622115,2021-08-01T19:13:42.115,50.55,-2.355319584267757e-06,-5.37518508147611e-06,7.885000971748269e-06
1627859622165,2021-08-01T19:13:42.165,50.6,-1.6162050124689186e-06,-5.1878547031749034e-06,7.649328573356329e-06
1627859622215,2021-08-01T19:13:42.215,50.65,-9.128586452061892e-07,-5.160799120821505e-06,7.428929970678079e-06
1627859622265,2021-08-01T19:13:42.265,50.7,-9.90387367734346e-07,-4.912076652149532e-06,6.713264990916106e-06
1627859622315,2021-08-01T19:13:42.315,50.75,-1.4639619186588646e-06,-4.600007445584502e-06,5.9172207982544e-06
1627859622365,2021-08-01T19:13:42.365,50.8,-1.965684673615635e-06,-4.835382402342444e-06,5.864577855277712e-06
1627859622415,2021-08-01T19:13:42.415,50.85,-2.591084327560897e-06,-5.523695564807994e-06,6.449986340577391e-06
1627859622465,2021-08-01T19:13:42.465,50.9,-2.963021749691295e-06,-5.5728717998243125e-06,6.886829188509995e-06
1627859622515,2021-08-01T19:13:42.515,50.95,-2.515286383375481e-06,-4.396161769456743e-06,6.7824232773138555e-06
1627859622565,2021-08-01T19:13:42.565,51.0,-1.7482038928131874e-06,-3.144215067612684e-06,6.277441543149749e-06
1627859622615,2021-08-01T19:13:42.615,51.05,-1.741964525238126e-06,-3.315110048310073e-06,5.782099553145797e-06
1627859622665,2021-08-01T19:13:42.665,51.1,-2.3485964225647776e-06,-4.475001938788367e-06,5.865657005998379e-06
1627859622715,2021-08-01T19:13:42.715,51.15,-2.3018970258894926e-06,-4.839257386295087e-06,6.59149029593277e-06
1627859622765,2021-08-01T19:13:42.765,51.2,-1.3579123651528162e-06,-3.860602675616602e-06,7.123870796669952e-06
1627859622815,2021-08-01T19:13:42.815,51.25,-7.271775104174131e-07,-2.6359758832439253e-06,6.830762650399739e-06
1627859622865,2021-08-01T19:13:42.865,51.3,-9.732437051725748e-07,-2.077232383485623e-06,6.086242939160241e-06
1627859622915,2021-08-01T19:13:42.915,51.35,-1.1839559030456966e-06,-2.1341351286610702e-06,5.369158299839893e-06
1627859622965,2021-08-01T19:13:42.965,51.4,-7.277814240790498e-07,-2.4605039921494243e-06,4.785415553251561e-06
1627859623015,2021-08-01T19:13:43.015,51.45,-2.42798695867977e-07,-2.810539049212624e-06,4.686032347533756e-06
1627859623065,2021-08-01T19:13:43.065,51.5,-3.492011799236706e-07,-2.9664544070360173e-06,5.232793570530397e-06
1627859623115,2021-08-01T19:13:43.115,51.55,-6.26520074263023e-07,-2.7416109432780603e-06,5.6489591229422015e-06
1627859623165,2021-08-01T19:13:43.165,51.6,-4.1726848721287875e-07,-2.137911752726535e-06,5.379496766562465e-06
1627859623215,2021-08-01T19:13:43.215,51.65,1.4401851142562647e-07,-1.497374912091091e-06,5.139035960335249e-06
1627859623265,2021-08-01T19:13:43.265,51.7,4.5682601971534575e-07,-1.3033048722177694e-06,5.520841007732684e-06
1627859623315,2021-08-01T19:13:43.315,51.75,3.2633310530495147e-07,-1.6709203267268172e-06,5.7624844647421955e-06
1627859623365,2021-08-01T19:13:43.365,51.8,-7.073516522562089e-08,-2.1294765161366557e-06,5.036629047791134e-06
1627859623415,2021-08-01T19:13:43.415,51.85,-6.15445298541595e-07,-2.0745505583433143e-06,3.893534999149431e-06
1627859623465,2021-08-01T19:13:43.465,51.9,-1.0619195853964664e-06,-1.5539123015961582e-06,3.3913698082601425e-06
1627859623515,2021-08-01T19:13:43.515,51.95,-1.034705202692911e-06,-1.2659132854727488e-06,3.4754478788304294e-06
1627859623565,2021-08-01T19:13:43.565,52.0,-6.125529587198398e-07,-1.3923463239728281e-06,3.243843459718773e-06
1627859623615,2021-08-01T19:13:43.615,52.05,-2.507779365127708e-07,-1.2414275737875906e-06,2.5653548033455633e-06
1627859623665,2021-08-01T19:13:43.665,52.1,-6.635798499127803e-08,-7.26171799531105e-07,2.2947947302218085e-06
1627859623715,2021-08-01T19:13:43.715,52.15,1.162804833767642e-07,-7.99549291867948e-07,2.726337566272895e-06
1627859623765,2021-08-01T19:13:43.765,52.2,1.8907910054918232e-07,-1.564800669142794e-06,3.004023793607307e-06
1627859623815,2021-08-01T19:13:43.815,52.25,-4.6731851647015805e-08,-1.7941213975182113e-06,2.5243364137499524e-06
1627859623865,2021-08-01T19:13:43.865,52.3,-3.5753421151992886e-07,-1.0866388561153075e-06,1.8697591797749514e-06
1627859623915,2021-08-01T19:13:43.915,52.35,-4.1762515072447014e-07,-5.348739005565362e-07,1.7391164829209032e-06
1627859623965,2021-08-01T19:13:43.965,52.4,-2.6962089832328434e-07,-8.269791965371439e-07,1.8358683490328813e-06
1627859624015,2021-08-01T19:13:44.015,52.45,3.195459329113279e-08,-1.397522548625506e-06,1.5475695861482073e-06
1627859624065,2021-08-01T19:13:44.065,52.5,5.282620477883925e-07,-1.4642285954050338e-06,1.0496126660466714e-06
1627859624115,2021-08-01T19:13:44.115,52.55,9.078640285585617e-07,-8.069119913132398e-07,8.975942525369721e-07
1627859624165,2021-08-01T19:13:44.165,52.6,8.563041301382533e-07,7.364670226401154e-08,1.0142294622583373e-06
1627859624215,2021-08-01T19:13:44.215,52.65,7.348031029842088e-07,2.3627208078620673e-07,9.353554125274275e-07
1627859624265,2021-08-01T19:13:44.265,52.7,1.0097792981404928e-06,-5.070114432287113e-07,6.130119505702954e-07
1627859624315,2021-08-01T19:13:44.315,52.75,1.4029422849658677e-06,-1.090751295696962e-06,2.3248920048199218e-07
1627859624365,2021-08-01T19:13:44.365,52.8,1.4419942402358006e-06,-7.968984332166427e-07,-1.860268927858888e-07
1627859624415,2021-08-01T19:13:44.415,52.85,1.323788689685897e-06,-2.47762427440181e-07,-4.6825625637312157e-07
1627859624465,2021-08-01T19:13:44.465,52.9,1.4559514057170743e-06,3.591694333803825e-08,-3.3639322855873434e-07
1627859624515,2021-08-01T19:13:44.515,52.95,1.6791744145105513e-06,3.9817191882815893e-07,-4.995337687226942e-08
1627859624565,2021-08-01T19:13:44.565,53.0,1.6585826395417732e-06,7.54755753284999e-07,-1.3421721731886175e-07
1627859624615,2021-08-01T19:13:44.615,53.05,1.5665730215880935e-06,4.5687217859232045e-07,-5.19235706774662e-07
1627859624665,2021-08-01T19:13:44.665,53.1,1.7584269597211533e-06,-2.7769182039897537e-07,-8.187643647179998e-07
1627859624715,2021-08-01T19:13:44.715,53.15,2.190196700183025e-06,-5.926321474698608e-07,-1.1319323849905528e-06
1627859624765,2021-08-01T19:13:44.765,53.2,2.5873060356309343e-06,-4.579382860331559e-07,-1.7162533444671587e-06
1627859624815,2021-08-01T19:13:44.815,53.25,2.756102682876604e-06,-4.263104489274064e-07,-2.299993008647047e-06
1627859624865,2021-08-01T19:13:44.865,53.3,2.5652815157117586e-06,-4.912543210846127e-07,-2.499988283756714e-06
1627859624915,2021-08-01T19:13:44.915,53.35,2.10308198639633e-06,-2.958976623545863e-07,-2.5150102162080095e-06
1627859624965,2021-08-01T19:13:44.965,53.4,1.7363742445147336e-06,7.824462067861476e-08,-2.760484575043988e-06
1627859625015,2021-08-01T19:13:45.015,53.45,1.5948074509024595e-06,2.0795879801086383e-07,-3.1763408217062477e-06
1627859625065,2021-08-01T19:13:45.065,53.5,1.3903406873519684e-06,-4.604666907542211e-08,-3.3617751496711602e-06
1627859625115,2021-08-01T19:13:45.115,53.55,9.619182415777312e-07,-3.0900521536210753e-07,-3.1026016528482393e-06
1627859625165,2021-08-01T19:13:45.165,53.6,4.5412513108877935e-07,-1.4396165125220603e-07,-2.5065050220658897e-06
1627859625215,2021-08-01T19:13:45.215,53.65,2.931749302644356e-08,3.910220867851773e-07,-1.847248093971367e-06
1627859625265,2021-08-01T19:13:45.265,53.7,-1.777298122435796e-07,8.902584821878624e-07,-1.445688245946296e-06
1627859625315,2021-08-01T19:13:45.315,53.75,-1.2909377431775258e-07,1.1637254971272943e-06,-1.5202500114923622e-06
1627859625365,2021-08-01T19:13:45.365,53.8,3.482609514910843e-08,1.3063438835275382e-06,-1.8861914958392983e-06
1627859625415,2021-08-01T19:13:45.415,53.85,2.027007090875443e-07,1.4222365462928173e-06,-2.0071609511328384e-06
1627859625465,2021-08-01T19:13:45.465,53.9,1.7823286186560706e-07,1.5942803737395258e-06,-1.7642508626996912e-06
1627859625515,2021-08-01T19:13:45.515,53.95,-3.947308977308094e-07,1.8215953808245642e-06,-1.7761681328065967e-06
1627859625565,2021-08-01T19:13:45.565,54.0,-1.2404619911782e-06,1.8655881971613814e-06,-2.4208587174782306e-06
1627859625615,2021-08-01T19:13:45.615,54.05,-1.3600424260174091e-06,1.5946570405957765e-06,-3.150341332892593e-06
1627859625665,2021-08-01T19:13:45.665,54.1,-5.383068477124633e-07,1.359689962077442e-06,-3.2899554443718885e-06
1627859625715,2021-08-01T19:13:45.715,54.15,1.6798807120656505e-07,1.5265326118854128e-06,-2.9050477900649345e-06
1627859625765,2021-08-01T19:13:45.765,54.2,1.3141208902181024e-07,1.9312649279715082e-06,-2.593023163892451e-06
1627859625815,2021-08-01T19:13:45.815,54.25,1.0456239286500865e-07,2.1788004141525115e-06,-2.79944046400062e-06
1627859625865,2021-08-01T19:13:45.865,54.3,7.359176163436482e-07,2.105492474469489e-06,-3.3086875004240215e-06
1627859625915,2021-08-01T19:13:45.915,54.35,1.2868488656834902e-06,1.7813828159574344e-06,-3.4587208916915873e-06
1627859625965,2021-08-01T19:13:45.965,54.4,8.704547008708718e-07,1.3983617768044004e-06,-3.2000481869411014e-06
1627859626015,2021-08-01T19:13:46.015,54.45,1.3011838988245638e-07,1.1739613535164097e-06,-3.378230868871624e-06
1627859626065,2021-08-01T19:13:46.065,54.5,3.238327586876128e-07,1.186677282225929e-06,-4.360478353854063e-06
1627859626115,2021-08-01T19:13:46.115,54.55,1.15586699890006e-06,1.3576287093169218e-06,-5.3108951319002246e-06
1627859626165,2021-08-01T19:13:46.165,54.6,1.1080615356224027e-06,1.5765630612534492e-06,-5.477654681970936e-06
1627859626215,2021-08-01T19:13:46.215,54.65,-2.8859826408453117e-08,1.7498189650508186e-06,-5.190056055403063e-06
1627859626265,2021-08-01T19:13:46.265,54.7,-7.180189186234773e-07,1.8185488211324605e-06,-5.164399874270936e-06
1627859626315,2021-08-01T19:13:46.315,54.75,-1.9991372024236446e-07,1.7976270526264485e-06,-5.613280079086797e-06
1627859626365,2021-08-01T19:13:46.365,54.8,4.669228014190948e-07,1.7263986893198006e-06,-6.164767638041993e-06
1627859626415,2021-08-01T19:13:46.415,54.85,4.591991520494136e-07,1.6130802535199055e-06,-6.289857709137323e-06
1627859626465,2021-08-01T19:13:46.465,54.9,2.6426301653065004e-07,1.487760963666138e-06,-5.853042126884349e-06
1627859626515,2021-08-01T19:13:46.515,54.95,2.935894695462013e-07,1.466979113415252e-06,-5.301534907147856e-06
1627859626565,2021-08-01T19:13:46.565,55.0,2.383817925928392e-07,1.7050506485692433e-06,-5.251680962778913e-06
1627859626615,2021-08-01T19:13:46.615,55.05,-1.5290834026022252e-07,2.135474693119798e-06,-5.812114959735997e-06
1627859626665,2021-08-01T19:13:46.665,55.1,-7.800664606983727e-07,2.271466257153974e-06,-6.351723213474235e-06
1627859626715,2021-08-01T19:13:46.715,55.15,-1.2475654961294278e-06,1.7066219431893233e-06,-6.240597952137331e-06
1627859626765,2021-08-01T19:13:46.765,55.2,-1.0520030012728173e-06,9.062214663833462e-07,-5.6932806480896265e-06
1627859626815,2021-08-01T19:13:46.815,55.25,-4.3885507526960045e-07,8.021615519321573e-07,-5.379161284797135e-06
1627859626865,2021-08-01T19:13:46.865,55.3,-3.5446246592633986e-07,1.3720224428308612e-06,-5.482315665646736e-06
1627859626915,2021-08-01T19:13:46.915,55.35,-8.614609081177689e-07,1.5468881919214842e-06,-5.613853906030377e-06
1627859626965,2021-08-01T19:13:46.965,55.4,-9.230679753090444e-07,9.326335889511717e-07,-5.36960063016399e-06
1627859627015,2021-08-01T19:13:47.015,55.45,-2.1167420545646759e-07,3.4903780540008885e-07,-4.875510152279277e-06
1627859627065,2021-08-01T19:13:47.065,55.5,3.8594417470867184e-07,9.961954947311076e-08,-4.815734037018171e-06
1627859627115,2021-08-01T19:13:47.115,55.55,2.88860370641253e-07,-4.697803503004112e-07,-5.453467713549724e-06
1627859627165,2021-08-01T19:13:47.165,55.6,-8.641891938484886e-08,-1.0641320148575823e-06,-6.0217568992929245e-06
1627859627215,2021-08-01T19:13:47.215,55.65,-2.5035467694287153e-07,-4.998861807252244e-07,-6.003072547885757e-06
1627859627265,2021-08-01T19:13:47.265,55.7,-2.91320620625369e-07,7.096903123909104e-07,-6.1241188108437445e-06
1627859627315,2021-08-01T19:13:47.315,55.75,-4.7284699634166753e-07,5.114818325195145e-07,-6.93599781540515e-06
1627859627365,2021-08-01T19:13:47.365,55.8,-7.233001258155158e-07,-1.3324389293701418e-06,-7.647065065589513e-06
1627859627415,2021-08-01T19:13:47.415,55.85,-7.619665044317015e-07,-2.6189451923830512e-06,-7.5894488055162814e-06
1627859627465,2021-08-01T19:13:47.465,55.9,-5.665124818728336e-07,-2.087020566243061e-06,-7.4698939276090336e-06
1627859627515,2021-08-01T19:13:47.515,55.95,-4.49066570589547e-07,-1.125044422968314e-06,-7.976740073081144e-06
1627859627565,2021-08-01T19:13:47.565,56.0,-6.299025512297623e-07,-1.3172579987120044e-06,-8.535984658972734e-06
1627859627615,2021-08-01T19:13:47.615,56.05,-1.0175207991927345e-06,-2.2032929452622713e-06,-8.472351786753222e-06
1627859627665,2021-08-01T19:13:47.665,56.1,-1.544871402697806e-06,-2.420810823720187e-06,-8.076694602876358e-06
1627859627715,2021-08-01T19:13:47.715,56.15,-2.2907170420109747e-06,-1.7794366921419402e-06,-7.780891757278155e-06
1627859627765,2021-08-01T19:13:47.765,56.2,-2.9675178587844937e-06,-1.2291580894496342e-06,-7.469184469444436e-06
1627859627815,2021-08-01T19:13:47.815,56.25,-3.002689421635637e-06,-1.3705616277890888e-06,-7.061345797058094e-06
1627859627865,2021-08-01T19:13:47.865,56.3,-2.589621681057932e-06,-1.8276818603079114e-06,-6.773968768276646e-06
1627859627915,2021-08-01T19:13:47.915,56.35,-2.5641951455225833e-06,-1.948441068998157e-06,-6.557567110071774e-06
1627859627965,2021-08-01T19:13:47.965,56.4,-2.8643791053383778e-06,-1.5440805065689867e-06,-6.0685836840729426e-06
1627859628015,2021-08-01T19:13:48.015,56.45,-2.7069794093387613e-06,-1.005116220402797e-06,-5.334551428179181e-06
1627859628065,2021-08-01T19:13:48.065,56.5,-2.3700621529000076e-06,-9.485328624760617e-07,-4.770847569886141e-06
1627859628115,2021-08-01T19:13:48.115,56.55,-2.7492979642306737e-06,-1.516677681944084e-06,-4.387000183213918e-06
1627859628165,2021-08-01T19:13:48.165,56.6,-3.334807755548104e-06,-2.0894800366562312e-06,-3.682074822496378e-06
1627859628215,2021-08-01T19:13:48.215,56.65,-2.854467751934661e-06,-2.084961690135833e-06,-2.5833352383983787e-06
1627859628265,2021-08-01T19:13:48.265,56.7,-1.6028014004164945e-06,-1.7406005889378788e-06,-1.722598246872743e-06
1627859628315,2021-08-01T19:13:48.315,56.75,-1.0298849415325141e-06,-1.6747606584097563e-06,-1.4601674847077505e-06
1627859628365,2021-08-01T19:13:48.365,56.8,-1.380710244466098e-06,-1.9967827780499983e-06,-1.3497061852304271e-06
1627859628415,2021-08-01T19:13:48.415,56.85,-1.5825893674104224e-06,-2.186742578795607e-06,-8.900972449387945e-07
1627859628465,2021-08-01T19:13:48.465,56.9,-1.192457211435321e-06,-1.832099085570959e-06,-2.8808459384717054e-07
1627859628515,2021-08-01T19:13:48.515,56.95,-8.787691372355058e-07,-1.3902088984751246e-06,-1.0802170987916589e-07
1627859628565,2021-08-01T19:13:48.565,57.0,-1.004809420397396e-06,-1.761391181850889e-06,-3.6849585626557707e-07
1627859628615,2021-08-01T19:13:48.615,57.05,-1.067578169326195e-06,-2.866440752352746e-06,-4.5235901053588266e-07
1627859628665,2021-08-01T19:13:48.665,57.1,-7.754179766853246e-07,-3.5424928855609843e-06,-3.2560568539840015e-08
1627859628715,2021-08-01T19:13:48.715,57.15,-5.706142627597106e-07,-3.293516630240108e-06,4.2313043604839745e-07
1627859628765,2021-08-01T19:13:48.765,57.2,-7.619205197184624e-07,-2.9237986214078606e-06,3.889689518315685e-07
1627859628815,2021-08-01T19:13:48.815,57.25,-1.0556271270470122e-06,-3.0415598624059567e-06,3.943970376061188e-08
1627859628865,2021-08-01T19:13:48.865,57.3,-1.231050041084953e-06,-3.393404792901651e-06,-1.369547167998911e-07
1627859628915,2021-08-01T19:13:48.915,57.35,-1.559849156966642e-06,-3.846139395955876e-06,-7.078603538752965e-08
1627859628965,2021-08-01T19:13:48.965,57.4,-2.265223772971265e-06,-4.483051471959543e-06,-1.1880108443408664e-08
1627859629015,2021-08-01T19:13:49.015,57.45,-3.0479854264004007e-06,-4.861003692406612e-06,3.8111870592745274e-08
1627859629065,2021-08-01T19:13:49.065,57.5,-3.460043733093625e-06,-4.550240297824877e-06,3.722933772473817e-07
1627859629115,2021-08-01T19:13:49.115,57.55,-3.5045550885099964e-06,-3.9557516027954206e-06,1.0564293283359174e-06
1627859629165,2021-08-01T19:13:49.165,57.6,-3.597428739619968e-06,-3.6605102957764612e-06,1.6923829442234198e-06
1627859629215,2021-08-01T19:13:49.215,57.65,-3.976082344774263e-06,-3.7487285058592173e-06,2.013586087745769e-06
1627859629265,2021-08-01T19:13:49.265,57.7,-4.333802171833357e-06,-4.18397658255631e-06,2.3534536116400392e-06
1627859629315,2021-08-01T19:13:49.315,57.75,-4.207321265333564e-06,-4.828047047598415e-06,2.945325974537922e-06
1627859629365,2021-08-01T19:13:49.365,57.8,-3.694010598510901e-06,-5.1807207590013974e-06,3.3477270245122516e-06
1627859629415,2021-08-01T19:13:49.415,57.85,-3.421065455680485e-06,-5.0957832120702225e-06,3.283228839495167e-06
1627859629465,2021-08-01T19:13:49.465,57.9,-3.597784191137472e-06,-5.137835102548664e-06,3.2074175593874475e-06
1627859629515,2021-08-01T19:13:49.515,57.95,-3.6235741976980253e-06,-5.468297750391419e-06,3.396118722984085e-06
1627859629565,2021-08-01T19:13:49.565,58.0,-3.1096751675209086e-06,-5.482524581351242e-06,3.4817707904582063e-06
1627859629615,2021-08-01T19:13:49.615,58.05,-2.6410017541060265e-06,-5.0525613588694636e-06,3.377713563709986e-06
1627859629665,2021-08-01T19:13:49.665,58.1,-2.8156674965775933e-06,-4.836714806715116e-06,3.6019893031915246e-06
1627859629715,2021-08-01T19:13:49.715,58.15,-3.2496764340834063e-06,-5.121066989608442e-06,4.311835517220636e-06
1627859629765,2021-08-01T19:13:49.765,58.2,-3.372129405910021e-06,-5.484789169657116e-06,4.918806337107462e-06
1627859629815,2021-08-01T19:13:49.815,58.25,-3.3990198623944355e-06,-5.594855699691415e-06,4.949111031759607e-06
1627859629865,2021-08-01T19:13:49.865,58.3,-3.6372535721092533e-06,-5.521521376408767e-06,4.633713190632586e-06
1627859629915,2021-08-01T19:13:49.915,58.35,-3.7073532925516614e-06,-5.453534848121496e-06,4.444056294068521e-06
1627859629965,2021-08-01T19:13:49.965,58.4,-3.3230737252380907e-06,-5.577270857824684e-06,4.561985888518804e-06
1627859630015,2021-08-01T19:13:50.015,58.45,-3.0172570288279928e-06,-5.995120416072571e-06,4.9471514364658e-06
1627859630065,2021-08-01T19:13:50.065,58.5,-3.304435183620147e-06,-6.563517700050177e-06,5.388043359081228e-06
1627859630115,2021-08-01T19:13:50.115,58.55,-3.796075309633801e-06,-6.990574319767971e-06,5.4619805054086285e-06
1627859630165,2021-08-01T19:13:50.165,58.6,-3.907409472444935e-06,-7.112390442854041e-06,5.074122596979845e-06
1627859630215,2021-08-01T19:13:50.215,58.65,-3.866654253529901e-06,-7.01329500226285e-06,4.842037528142578e-06
1627859630265,2021-08-01T19:13:50.265,58.7,-4.1063732234391884e-06,-6.910572195346644e-06,5.2763402714787945e-06
1627859630315,2021-08-01T19:13:50.315,58.75,-4.203498685042544e-06,-6.9346998877154e-06,6.0157087018016565e-06
1627859630365,2021-08-01T19:13:50.365,58.8,-3.6376158872155147e-06,-7.083844602400931e-06,6.451664210072202e-06
1627859630415,2021-08-01T19:13:50.415,58.85,-3.0587609178252344e-06,-7.338223175347333e-06,6.531367094533747e-06
1627859630465,2021-08-01T19:13:50.465,58.9,-3.3627537327806905e-06,-7.6126508736301035e-06,6.538150987608319e-06
1627859630515,2021-08-01T19:13:50.515,58.95,-4.112942914791196e-06,-7.722867845835222e-06,6.621772848718111e-06
1627859630565,2021-08-01T19:13:50.565,59.0,-4.282007939109246e-06,-7.632890640979952e-06,6.799404758539494e-06
1627859630615,2021-08-01T19:13:50.615,59.05,-3.834426144486927e-06,-7.550641379803838e-06,7.0729469015014785e-06
1627859630665,2021-08-01T19:13:50.665,59.1,-3.555377923162567e-06,-7.681151948369536e-06,7.401851897438964e-06
1627859630715,2021-08-01T19:13:50.715,59.15,-4.0336768089310186e-06,-8.049232124209213e-06,7.743575582570408e-06
1627859630765,2021-08-01T19:13:50.765,59.2,-5.193657677087674e-06,-8.410304749852533e-06,8.202326138330862e-06
1627859630815,2021-08-01T19:13:50.815,59.25,-6.295296335602649e-06,-8.3201551736813e-06,8.91073885473657e-06
1627859630865,2021-08-01T19:13:50.865,59.3,-6.545181333507293e-06,-7.710363431458595e-06,9.648393253036395e-06
1627859630915,2021-08-01T19:13:50.915,59.35,-5.9972404864744524e-06,-7.200109076546367e-06,9.974852168041291e-06
1627859630965,2021-08-01T19:13:50.965,59.4,-5.572709862397103e-06,-7.330040271448512e-06,9.943170858892795e-06
1627859631015,2021-08-01T19:13:51.015,59.45,-6.070911460556525e-06,-7.85394224928071e-06,1.0162635078488249e-05
1627859631065,2021-08-01T19:13:51.065,59.5,-7.285821466895324e-06,-8.15306227119217e-06,1.0889008123651766e-05
1627859631115,2021-08-01T19:13:51.115,59.55,-8.293161044837891e-06,-7.904903408770136e-06,1.1593785665501118e-05
1627859631165,2021-08-01T19:13:51.165,59.6,-8.73055861333211e-06,-7.213854369084049e-06,1.1739912736580866e-05
1627859631215,2021-08-01T19:13:51.215,59.65,-9.309609117208744e-06,-6.545887902587855e-06,1.1509715277284787e-05
1627859631265,2021-08-01T19:13:51.265,59.7,-1.061695024210049e-05,-6.477413250040247e-06,1.1458259501279793e-05
1627859631315,2021-08-01T19:13:51.315,59.75,-1.201624722938665e-05,-6.936635520790035e-06,1.1798226201241692e-05
1627859631365,2021-08-01T19:13:51.365,59.8,-1.2512820557657085e-05,-6.901632852096379e-06,1.2308733675724213e-05
1627859631415,2021-08-01T19:13:51.415,59.85,-1.2379603682566966e-05,-5.771512226445802e-06,1.2767276388945759e-05
1627859631465,2021-08-01T19:13:51.465,59.9,-1.2838622186583086e-05,-4.504119003944985e-06,1.3175705554476688e-05
1627859631515,2021-08-01T19:13:51.515,59.95,-1.3994490981076303e-05,-3.7651696948192837e-06,1.3539407950910822e-05
1627859631565,2021-08-01T19:13:51.565,60.0,-1.4535765449342401e-05,-2.217986906193639e-06,1.3830966315836936e-05
1627859631615,2021-08-01T19:13:51.615,60.05,-1.38553452522561e-05,4.2688515156751485e-07,1.4312535067465949e-05
1627859631665,2021-08-01T19:13:51.665,60.1,-1.267845189670062e-05,9.264379989786572e-07,1.524580796536016e-05
1627859631715,2021-08-01T19:13:51.715,60.15,-1.1412217858892959e-05,-2.261051950230629e-06,1.620432491094839e-05
1627859631765,2021-08-01T19:13:51.765,60.2,-9.787692148855359e-06,-4.438839758145585e-06,1.6545371496628976e-05
1627859631815,2021-08-01T19:13:51.815,60.25,-7.916200436231216e-06,-1.255730972502652e-06,1.6371143491014534e-05
1627859631865,2021-08-01T19:13:51.865,60.3,-6.0239496801195535e-06,4.291050004500936e-06,1.6081352524482754e-05
1627859631915,2021-08-01T19:13:51.915,60.35,-3.7534035982168642e-06,7.040316423044752e-06,1.545494638528783e-05
1627859631965,2021-08-01T19:13:51.965,60.4,-1.0062418496983919e-06,6.704407582085602e-06,1.400892744631279e-05
1627859632015,2021-08-01T19:13:52.015,60.45,1.349259771815613e-06,5.5913749354718005e-06,1.1808705237675402e-05
1627859632065,2021-08-01T19:13:52.065,60.5,2.5570425222872324e-06,4.768692458826767e-06,9.460128453106817e-06
1627859632115,2021-08-01T19:13:52.115,60.55,2.996864194512803e-06,4.894871966804944e-06,7.51978079369465e-06
1627859632165,2021-08-01T19:13:52.165,60.6,3.532606562449328e-06,6.484014446017505e-06,5.967437175733234e-06
1627859632215,2021-08-01T19:13:52.215,60.65,4.4794751013187294e-06,8.573289224929624e-06,4.316268262040262e-06
1627859632265,2021-08-01T19:13:52.265,60.7,5.55092800767411e-06,9.750962907730506e-06,2.3738055866305633e-06
1627859632315,2021-08-01T19:13:52.315,60.75,6.303639393246087e-06,1.0012741605341962e-05,5.309143224897822e-07
1627859632365,2021-08-01T19:13:52.365,60.8,6.496154242870782e-06,1.0182487493907074e-05,-8.753783189098176e-07
1627859632415,2021-08-01T19:13:52.415,60.85,6.367531722956223e-06,1.044667815260996e-05,-1.933072920698482e-06
1627859632465,2021-08-01T19:13:52.465,60.9,6.388051924991579e-06,1.0501168562438855e-05,-2.794756538004354e-06
1627859632515,2021-08-01T19:13:52.515,60.95,6.5915866068320706e-06,1.0472340107034511e-05,-3.518902766240565e-06
1627859632565,2021-08-01T19:13:52.565,61.0,6.752141914222824e-06,1.0732242745857356e-05,-4.26369536196575e-06
1627859632615,2021-08-01T19:13:52.615,61.05,7.020275489151655e-06,1.110470642878168e-05,-5.1687789604693175e-06
1627859632665,2021-08-01T19:13:52.665,61.1,7.43115898880781e-06,1.1026926496740241e-05,-6.00274949646507e-06
1627859632715,2021-08-01T19:13:52.715,61.15,7.405469945389534e-06,1.0322209069015559e-05,-6.256785679391042e-06
1627859632765,2021-08-01T19:13:52.765,61.2,6.787205572812741e-06,9.488573936438144e-06,-5.848948088550957e-06
1627859632815,2021-08-01T19:13:52.815,61.25,6.443487669889736e-06,9.345452102910782e-06,-5.505354787512334e-06
1627859632865,2021-08-01T19:13:52.865,61.3,6.95349539328168e-06,1.0029582664683754e-05,-5.9473560462112865e-06
1627859632915,2021-08-01T19:13:52.915,61.35,7.721946648658745e-06,1.0405534722209687e-05,-6.885592600145312e-06
1627859632965,2021-08-01T19:13:52.965,61.4,8.01021937629306e-06,9.513857653232144e-06,-7.4546102638209285e-06
1627859633015,2021-08-01T19:13:53.015,61.45,7.892638852307218e-06,8.188156237192487e-06,-7.454502531290139e-06
1627859633065,2021-08-01T19:13:53.065,61.5,7.753937147356348e-06,7.747133885405724e-06,-7.388104659277506e-06
1627859633115,2021-08-01T19:13:53.115,61.55,7.649080840518401e-06,7.880177628681574e-06,-7.418872922365828e-06
1627859633165,2021-08-01T19:13:53.165,61.6,7.514483424844287e-06,7.5284119092040855e-06,-7.1142349233009e-06
1627859633215,2021-08-01T19:13:53.215,61.65,7.404933076098541e-06,6.815248026539377e-06,-6.165680433449273e-06
1627859633265,2021-08-01T19:13:53.265,61.7,7.337153132496647e-06,6.467746224044238e-06,-4.906981884066331e-06
1627859633315,2021-08-01T19:13:53.315,61.75,7.301357496190789e-06,6.431155585104048e-06,-4.2120507965187735e-06
1627859633365,2021-08-01T19:13:53.365,61.8,7.225201420793541e-06,6.243148393648109e-06,-4.590692268171517e-06
1627859633415,2021-08-01T19:13:53.415,61.85,6.745821918305198e-06,5.789785987334006e-06,-5.201003256152223e-06
1627859633465,2021-08-01T19:13:53.465,61.9,5.734574076941334e-06,5.2560601747942485e-06,-4.889308724441479e-06
1627859633515,2021-08-01T19:13:53.515,61.95,4.978215102807738e-06,5.046586114208337e-06,-4.3166357123453695e-06
1627859633565,2021-08-01T19:13:53.565,62.0,5.276325248652941e-06,5.4558441805997706e-06,-5.133662061149544e-06
1627859633615,2021-08-01T19:13:53.615,62.05,6.135345959413384e-06,6.046502117422527e-06,-6.983990675875218e-06
1627859633665,2021-08-01T19:13:53.665,62.1,6.4370679118252675e-06,6.065318397104987e-06,-7.637707722352783e-06
1627859633715,2021-08-01T19:13:53.715,62.15,6.071992065172653e-06,5.494535742114492e-06,-6.246509072232825e-06
1627859633765,2021-08-01T19:13:53.765,62.2,5.902130707560842e-06,4.93926134459123e-06,-4.369192265173473e-06
1627859633815,2021-08-01T19:13:53.815,62.25,6.216533144177004e-06,4.7680302996659685e-06,-3.6342444830764316e-06
1627859633865,2021-08-01T19:13:53.865,62.3,6.262670193870041e-06,4.905609621911752e-06,-3.984492287209752e-06
1627859633915,2021-08-01T19:13:53.915,62.35,5.6191881535999145e-06,4.998461639368075e-06,-4.30713276701454e-06
1627859633965,2021-08-01T19:13:53.965,62.4,4.980482539648146e-06,4.65407933915048e-06,-3.798524287994025e-06
1627859634015,2021-08-01T19:13:54.015,62.45,4.985640278486919e-06,3.968729423134855e-06,-2.625840401439111e-06
1627859634065,2021-08-01T19:13:54.065,62.5,5.261041815228845e-06,3.4487311499195745e-06,-1.5326131716669946e-06
1627859634115,2021-08-01T19:13:54.115,62.55,5.228620912291008e-06,3.2575427399948506e-06,-9.68652579199128e-07
1627859634165,2021-08-01T19:13:54.165,62.6,4.975275772620225e-06,3.358586146954673e-06,-9.992954307219987e-07
1627859634215,2021-08-01T19:13:54.215,62.65,4.808503637307362e-06,3.970274587161726e-06,-1.6524272862824822e-06
1627859634265,2021-08-01T19:13:54.265,62.7,4.644791526279192e-06,4.672205572504291e-06,-2.4661884451105095e-06
1627859634315,2021-08-01T19:13:54.315,62.75,4.310025342090187e-06,4.1505720416166775e-06,-2.44216020202331e-06
1627859634365,2021-08-01T19:13:54.365,62.8,4.0443367987675095e-06,2.268879833535623e-06,-1.5401687103774356e-06
1627859634415,2021-08-01T19:13:54.415,62.85,4.209009220703976e-06,7.738458521899581e-07,-1.1376367868806237e-06
1627859634465,2021-08-01T19:13:54.465,62.9,4.6147972392825466e-06,6.634234101985373e-07,-1.9486430347638936e-06
1627859634515,2021-08-01T19:13:54.515,62.95,4.68139775818739e-06,9.365165564452892e-07,-2.8504991090379247e-06
1627859634565,2021-08-01T19:13:54.565,63.0,4.285860718092653e-06,7.62816979347724e-07,-2.7658064746810406e-06
1627859634615,2021-08-01T19:13:54.615,63.05,3.903405814070082e-06,4.708915100707596e-07,-2.315428676798699e-06
1627859634665,2021-08-01T19:13:54.665,63.1,3.863936765297219e-06,1.2719188291221945e-07,-2.651548495880341e-06
1627859634715,2021-08-01T19:13:54.715,63.15,3.997433396939763e-06,-4.874585895165307e-07,-3.676998193983393e-06
1627859634765,2021-08-01T19:13:54.765,63.2,4.0434993605908645e-06,-8.151491840794307e-07,-4.253225967346742e-06
1627859634815,2021-08-01T19:13:54.815,63.25,3.934620051326826e-06,-4.5453376250297496e-07,-3.746474110135926e-06
1627859634865,2021-08-01T19:13:54.865,63.3,3.7070057250338565e-06,-2.690164449476544e-07,-2.7360683365284794e-06
1627859634915,2021-08-01T19:13:54.915,63.35,3.5210843347975787e-06,-9.182279093379047e-07,-2.1105103648538586e-06
1627859634965,2021-08-01T19:13:54.965,63.4,3.5867428183642064e-06,-1.5625454507997352e-06,-2.0185673587174454e-06
1627859635015,2021-08-01T19:13:55.015,63.45,3.818677816638278e-06,-1.3628317828326044e-06,-2.1144882099667256e-06
1627859635065,2021-08-01T19:13:55.065,63.5,3.867270332940125e-06,-8.00429717272437e-07,-2.192628093979953e-06
1627859635115,2021-08-01T19:13:55.115,63.55,3.5001526931282617e-06,-5.273659953352531e-07,-2.0150921240294e-06
1627859635165,2021-08-01T19:13:55.165,63.6,2.726172365081865e-06,-4.301134535598055e-07,-1.2409187691404225e-06
1627859635215,2021-08-01T19:13:55.215,63.65,1.8089088728937616e-06,-4.436796699948507e-07,-2.0646537882482203e-08
1627859635265,2021-08-01T19:13:55.265,63.7,1.2023609874458398e-06,-8.233917373893438e-07,1.0318349142973573e-06
1627859635315,2021-08-01T19:13:55.315,63.75,1.2054724384353954e-06,-1.2749836003431444e-06,1.522856874541454e-06
1627859635365,2021-08-01T19:13:55.365,63.8,1.7996909621664555e-06,-1.1169000079700882e-06,1.2602194295563423e-06
1627859635415,2021-08-01T19:13:55.415,63.85,2.708338285786672e-06,-4.7320006734880585e-07,1.1408002469004233e-07
1627859635465,2021-08-01T19:13:55.465,63.9,3.3399913825862028e-06,-1.9077739726809384e-07,-1.3461481879223428e-06
1627859635515,2021-08-01T19:13:55.515,63.95,3.1157820746156374e-06,-4.337613655672494e-07,-1.9857109100870355e-06
1627859635565,2021-08-01T19:13:55.565,64.0,2.170382966091398e-06,-3.4534052220774683e-07,-1.44800147442263e-06
1627859635615,2021-08-01T19:13:55.615,64.05,1.3479824274971943e-06,5.522546537633112e-07,-4.3460358403376085e-07
1627859635665,2021-08-01T19:13:55.665,64.1,1.2761496876611957e-06,1.4145138888585403e-06,3.8492167850178135e-07
1627859635715,2021-08-01T19:13:55.715,64.15,1.5986774742586426e-06,1.2581372955897015e-06,8.40300546034358e-07
1627859635765,2021-08-01T19:13:55.765,64.2,1.4321095725480202e-06,6.918040119727019e-07,8.808960507511115e-07
1627859635815,2021-08-01T19:13:55.815,64.25,6.17638840270001e-07,1.293877491827029e-06,3.495079211873427e-07
1627859635865,2021-08-01T19:13:55.865,64.3,-9.020855723477796e-08,2.979810328553619e-06,-9.255345189137139e-07
1627859635915,2021-08-01T19:13:55.915,64.35,-1.833018188957408e-07,3.552501542805727e-06,-2.778686444512718e-06
1627859635965,2021-08-01T19:13:55.965,64.4,1.2579804577657434e-07,2.0176403280176476e-06,-4.507227169822876e-06
1627859636015,2021-08-01T19:13:56.015,64.45,5.433108501599201e-07,4.695893021348081e-07,-5.469326676044312e-06
1627859636065,2021-08-01T19:13:56.065,64.5,8.790043366062999e-07,8.951378795450394e-07,-5.7149368073065195e-06
1627859636115,2021-08-01T19:13:56.115,64.55,9.084802389145657e-07,2.2625227479743924e-06,-5.605103424159134e-06
1627859636165,2021-08-01T19:13:56.165,64.6,7.852602600993254e-07,2.7726675523818024e-06,-5.339188445651791e-06
1627859636215,2021-08-01T19:13:56.215,64.65,1.009696648217982e-06,2.8050725850854275e-06,-5.231977615023249e-06
1627859636265,2021-08-01T19:13:56.265,64.7,1.543983546862861e-06,3.646837931457623e-06,-5.589062329042555e-06
1627859636315,2021-08-01T19:13:56.315,64.75,1.6731313480561726e-06,4.89773047518264e-06,-6.005794366857894e-06
1627859636365,2021-08-01T19:13:56.365,64.8,9.984478468871143e-07,5.012819853257009e-06,-5.78205840202692e-06
1627859636415,2021-08-01T19:13:56.415,64.85,-2.8966371909192955e-08,3.7658674808560026e-06,-5.054189000491706e-06
1627859636465,2021-08-01T19:13:56.465,64.9,-6.471593017590199e-07,2.5374351964483212e-06,-4.518503708672666e-06
1627859636515,2021-08-01T19:13:56.515,64.95,-5.116852248130373e-07,2.266370520800564e-06,-4.377966374699055e-06
1627859636565,2021-08-01T19:13:56.565,65.0,-2.18310057720061e-08,2.6128601230641376e-06,-4.5102714766689605e-06
1627859636615,2021-08-01T19:13:56.615,65.05,5.303319327753017e-10,3.085845152228708e-06,-5.047241021211507e-06
1627859636665,2021-08-01T19:13:56.665,65.1,-6.718120333834059e-07,3.5020893233682643e-06,-5.8211349683893944e-06
1627859636715,2021-08-01T19:13:56.715,65.15,-1.1403119374577695e-06,3.5281220043039475e-06,-5.908474886993985e-06
1627859636765,2021-08-01T19:13:56.765,65.2,-4.969025012081446e-07,3.0919113743177627e-06,-4.769750098236113e-06
1627859636815,2021-08-01T19:13:56.815,65.25,7.791208855003495e-07,2.780408755390272e-06,-3.393582458146886e-06
1627859636865,2021-08-01T19:13:56.865,65.3,1.3241086705437245e-06,2.8838286905212708e-06,-3.2618303588659744e-06
1627859636915,2021-08-01T19:13:56.915,65.35,6.294038096177352e-07,2.9017773365103935e-06,-4.381042541810199e-06
1627859636965,2021-08-01T19:13:56.965,65.4,-4.300738451032834e-07,2.625829571938117e-06,-5.3673398746610515e-06
1627859637015,2021-08-01T19:13:57.015,65.45,-7.030256070456234e-07,2.58750936481307e-06,-5.492214689720985e-06
1627859637065,2021-08-01T19:13:57.065,65.5,1.1316316449094708e-07,2.942609064732459e-06,-5.646478636874497e-06
1627859637115,2021-08-01T19:13:57.115,65.55,1.3183309188806143e-06,3.0485675991385206e-06,-6.887676897471787e-06
1627859637165,2021-08-01T19:13:57.165,65.6,1.9289029213812866e-06,2.585117746720323e-06,-8.686705929900484e-06
1627859637215,2021-08-01T19:13:57.215,65.65,1.7045121959802598e-06,2.1074319598704203e-06,-9.413390467386102e-06
1627859637265,2021-08-01T19:13:57.265,65.7,1.336866277732273e-06,2.1532095561133295e-06,-8.521043425643429e-06
1627859637315,2021-08-01T19:13:57.315,65.75,1.4655104082882032e-06,2.5460416816740317e-06,-7.273479978626457e-06
1627859637365,2021-08-01T19:13:57.365,65.8,1.9413245912105215e-06,2.6781439594648565e-06,-6.981176592839867e-06
1627859637415,2021-08-01T19:13:57.415,65.85,2.225466640258968e-06,2.1178605261759434e-06,-7.600090056984748e-06
1627859637465,2021-08-01T19:13:57.465,65.9,2.0891810538324826e-06,1.1821040101045048e-06,-8.402766605739148e-06
1627859637515,2021-08-01T19:13:57.515,65.95,1.8146761512319076e-06,8.087343035525739e-07,-8.834854009224819e-06
1627859637565,2021-08-01T19:13:57.565,66.0,1.8640500939309716e-06,1.3348656936308188e-06,-8.463618945102883e-06
1627859637615,2021-08-01T19:13:57.615,66.05,2.324227743829149e-06,1.7556143554835561e-06,-7.234305724242994e-06
1627859637665,2021-08-01T19:13:57.665,66.1,2.780627047608694e-06,8.415994421286081e-07,-6.008498788866285e-06
1627859637715,2021-08-01T19:13:57.715,66.15,2.833359432524707e-06,-1.1529782441239665e-06,-5.935285700145913e-06
1627859637765,2021-08-01T19:13:57.765,66.2,2.5146045492082146e-06,-2.5209173829775896e-06,-7.084177143081386e-06
1627859637815,2021-08-01T19:13:57.815,66.25,2.196416802265635e-06,-2.1941525423365966e-06,-8.338775466645401e-06
1627859637865,2021-08-01T19:13:57.865,66.3,2.286348751366027e-06,-1.2440978317173837e-06,-8.65554468399776e-06
1627859637915,2021-08-01T19:13:57.915,66.35,2.828231976859343e-06,-1.4781424964110694e-06,-7.93062638177638e-06
1627859637965,2021-08-01T19:13:57.965,66.4,3.3644056852765314e-06,-2.899686447045151e-06,-6.880712650768661e-06
1627859638015,2021-08-01T19:13:58.015,66.45,3.481348025397781e-06,-3.5641648379647366e-06,-6.44748105909106e-06
1627859638065,2021-08-01T19:13:58.065,66.5,3.2884785312159766e-06,-2.1532262542620446e-06,-6.902130589815118e-06
1627859638115,2021-08-01T19:13:58.115,66.55,3.151038102194927e-06,-4.761154949163544e-08,-7.442207299596306e-06
1627859638165,2021-08-01T19:13:58.165,66.6,3.345288938065259e-06,3.402657614145363e-08,-7.170513600510804e-06
1627859638215,2021-08-01T19:13:58.215,66.65,3.926512914830107e-06,-2.3185347356475912e-06,-6.353528412053375e-06
1627859638265,2021-08-01T19:13:58.265,66.7,4.498218783659218e-06,-4.294328021558763e-06,-6.234220316324519e-06
1627859638315,2021-08-01T19:13:58.315,66.75,4.479132064505434e-06,-3.7215596166961926e-06,-7.568492801912402e-06
1627859638365,2021-08-01T19:13:58.365,66.8,3.901701807808798e-06,-1.9515071008179143e-06,-9.566387790455868e-06
1627859638415,2021-08-01T19:13:58.415,66.85,3.41872728388235e-06,-1.1471093458466487e-06,-1.0611655560001183e-05
1627859638465,2021-08-01T19:13:58.465,66.9,3.5527649289863685e-06,-1.1524444493937491e-06,-1.0128140137566717e-05
1627859638515,2021-08-01T19:13:58.515,66.95,4.351954813716417e-06,-9.294076625873494e-07,-9.17406530879273e-06
1627859638565,2021-08-01T19:13:58.565,67.0,5.3291521815530005e-06,-4.884810683967765e-07,-8.869820010699477e-06
1627859638615,2021-08-01T19:13:58.615,67.05,5.665703550297129e-06,-2.509379475132218e-08,-8.978669337635808e-06
1627859638665,2021-08-01T19:13:58.665,67.1,5.226381770107037e-06,6.927531640863876e-07,-8.615275077750908e-06
1627859638715,2021-08-01T19:13:58.715,67.15,4.960766107437424e-06,1.5039141492163086e-06,-7.61136470523531e-06
1627859638765,2021-08-01T19:13:58.765,67.2,5.434952595771178e-06,1.8117517517182337e-06,-6.531185299392416e-06
1627859638815,2021-08-01T19:13:58.815,67.25,5.889817724707453e-06,1.4649629709945705e-06,-6.0464241227954295e-06
1627859638865,2021-08-01T19:13:58.865,67.3,5.667585493475824e-06,1.0390649011886238e-06,-6.660185934014362e-06
1627859638915,2021-08-01T19:13:58.915,67.35,5.322781911875748e-06,1.1446229589885523e-06,-8.133194173899182e-06
1627859638965,2021-08-01T19:13:58.965,67.4,5.452820784298945e-06,1.6947132143155902e-06,-9.074792485739585e-06
1627859639015,2021-08-01T19:13:59.015,67.45,5.780902009992906e-06,2.1691004020102183e-06,-8.226929282368316e-06
1627859639065,2021-08-01T19:13:59.065,67.5,6.0330920373969956e-06,2.406638745520476e-06,-6.266474079739183e-06
1627859639115,2021-08-01T19:13:59.115,67.55,6.34859406083534e-06,2.567752979715392e-06,-5.22462247316148e-06
1627859639165,2021-08-01T19:13:59.165,67.6,6.546903633147743e-06,2.6301009480098523e-06,-5.852614801700585e-06
1627859639215,2021-08-01T19:13:59.215,67.65,6.299873505410755e-06,2.6894285627647844e-06,-6.6149244285410635e-06
1627859639265,2021-08-01T19:13:59.265,67.7,5.920756760504001e-06,3.192029446992529e-06,-5.892973030818311e-06
1627859639315,2021-08-01T19:13:59.315,67.75,5.927371736642977e-06,4.085922867124392e-06,-4.233242482444073e-06
1627859639365,2021-08-01T19:13:59.365,67.8,6.2551640258039834e-06,4.719917559190011e-06,-3.42858251827003e-06
1627859639415,2021-08-01T19:13:59.415,67.85,6.557087169559671e-06,5.060136730023671e-06,-4.1420756483525015e-06
1627859639465,2021-08-01T19:13:59.465,67.9,6.689410903115291e-06,5.6091034692323e-06,-5.483914508815985e-06
1627859639515,2021-08-01T19:13:59.515,67.95,6.638432487651149e-06,6.084166525429521e-06,-6.131676822041168e-06
1627859639565,2021-08-01T19:13:59.565,68.0,6.479143820974202e-06,5.670109401490205e-06,-5.09397749580487e-06
1627859639615,2021-08-01T19:13:59.615,68.05,6.367483924313426e-06,4.4661424953024365e-06,-2.5134059444551636e-06
1627859639665,2021-08-01T19:13:59.665,68.1,6.348804884815072e-06,3.6226238674535575e-06,-1.2652407988207404e-07
1627859639715,2021-08-01T19:13:59.715,68.15,6.404185779949053e-06,3.961098054011729e-06,5.029541544318759e-07
1627859639765,2021-08-01T19:13:59.765,68.2,6.572496948594082e-06,4.8835236082371404e-06,1.2812572848249054e-07
1627859639815,2021-08-01T19:13:59.815,68.25,6.723639280568394e-06,5.105290829363483e-06,4.941005235224954e-07
1627859639865,2021-08-01T19:13:59.865,68.3,6.533642570878227e-06,4.449757861442709e-06,1.3100331209357641e-06
1627859639915,2021-08-01T19:13:59.915,68.35,5.981211014503364e-06,4.004832767920158e-06,7.005529514785256e-07
1627859639965,2021-08-01T19:13:59.965,68.4,5.535258094329183e-06,4.270245354517063e-06,-1.4194373563950137e-06
1627859640015,2021-08-01T19:14:00.015,68.45,5.585841383386183e-06,4.437930276643482e-06,-2.6714829839775035e-06
1627859640065,2021-08-01T19:14:00.065,68.5,5.950536655739282e-06,4.094798260615517e-06,-1.4806216298840282e-06
1627859640115,2021-08-01T19:14:00.115,68.55,6.193066069990114e-06,4.07972978136024e-06,7.727165828017133e-07
1627859640165,2021-08-01T19:14:00.165,68.6,6.217064040240637e-06,4.490716088626516e-06,1.8022222353693142e-06
1627859640215,2021-08-01T19:14:00.215,68.65,6.2595401270501184e-06,3.7239040338382252e-06,1.355127090037931e-06
1627859640265,2021-08-01T19:14:00.265,68.7,6.395673008793086e-06,1.3495158564587042e-06,1.0120792020800183e-06
1627859640315,2021-08-01T19:14:00.315,68.75,6.314158076217356e-06,-2.9077133802089444e-07,1.9231198673842265e-06
1627859640365,2021-08-01T19:14:00.365,68.8,5.596356624651295e-06,4.7318370936610856e-07,3.954213660587607e-06
1627859640415,2021-08-01T19:14:00.415,68.85,4.0536382555308804e-06,2.1240182275669603e-06,6.619877686455034e-06
1627859640465,2021-08-01T19:14:00.465,68.9,1.859308363459291e-06,2.646501534742829e-06,9.685758500618935e-06
1627859640515,2021-08-01T19:14:00.515,68.95,-5.223984893805596e-07,2.1168330607459013e-06,1.2770252045537678e-05
1627859640565,2021-08-01T19:14:00.565,69.0,-2.7127273637283583e-06,1.5192870208756694e-06,1.5144729676704139e-05
1627859640615,2021-08-01T19:14:00.615,69.05,-4.71737969810898e-06,1.122471602971691e-06,1.638435610023465e-05
1627859640665,2021-08-01T19:14:00.665,69.1,-6.65646124506854e-06,7.460711072584976e-07,1.6806658762287336e-05
1627859640715,2021-08-01T19:14:00.715,69.15,-8.463102601964932e-06,5.169579840360454e-07,1.676663285446586e-05
1627859640765,2021-08-01T19:14:00.765,69.2,-1.0014919110259685e-05,5.874663221031484e-07,1.6044791524862944e-05
1627859640815,2021-08-01T19:14:00.815,69.25,-1.1232418656370405e-05,3.3123644688724543e-07,1.4589481413260434e-05
1627859640865,2021-08-01T19:14:00.865,69.3,-1.203924892602868e-05,-9.685783307057507e-07,1.3147212612433862e-05
1627859640915,2021-08-01T19:14:00.915,69.35,-1.245798468182675e-05,-2.4773571610107515e-06,1.2339449909336024e-05
1627859640965,2021-08-01T19:14:00.965,69.4,-1.268555930524201e-05,-2.5458682004550993e-06,1.1845688968849446e-05
1627859641015,2021-08-01T19:14:01.015,69.45,-1.299832196999187e-05,-1.2110130116356269e-06,1.1220454841362234e-05
1627859641065,2021-08-01T19:14:01.065,69.5,-1.3534320167602653e-05,-1.527143384652902e-07,1.0701095052302177e-05
1627859641115,2021-08-01T19:14:01.115,69.55,-1.4144049097265996e-05,-2.3565121427038052e-07,1.0566993352210487e-05
1627859641165,2021-08-01T19:14:01.165,69.6,-1.4539948617209897e-05,-7.735043694420404e-07,1.0525240067608145e-05
1627859641215,2021-08-01T19:14:01.215,69.65,-1.4489965256236241e-05,-1.2173360847159203e-06,1.0281280140846048e-05
1627859641265,2021-08-01T19:14:01.265,69.7,-1.3916028993726714e-05,-2.023796805719175e-06,9.95866280561159e-06
1627859641315,2021-08-01T19:14:01.315,69.75,-1.3144970159704984e-05,-3.309141832532205e-06,9.600183399574e-06
1627859641365,2021-08-01T19:14:01.365,69.8,-1.2775539391073252e-05,-4.011052126289021e-06,9.065684099572336e-06
1627859641415,2021-08-01T19:14:01.415,69.85,-1.2876352189507335e-05,-3.430248645336486e-06,8.630235783308136e-06
1627859641465,2021-08-01T19:14:01.465,69.9,-1.2817757045777342e-05,-2.3167863551676195e-06,8.779176174295733e-06
1627859641515,2021-08-01T19:14:01.515,69.95,-1.2085717771887693e-05,-1.6173123516699753e-06,9.274730907780232e-06
1627859641565,2021-08-01T19:14:01.565,70.0,-1.0601760970005626e-05,-1.7918453138621083e-06,9.362731703497235e-06
1627859641615,2021-08-01T19:14:01.615,70.05,-8.44191515251845e-06,-3.376196171919747e-06,8.98837638266052e-06
1627859641665,2021-08-01T19:14:01.665,70.1,-5.938376049120723e-06,-6.035372350638737e-06,8.851778614288734e-06
1627859641715,2021-08-01T19:14:01.715,70.15,-3.6090821770065238e-06,-7.782511154064047e-06,9.142477892200367e-06
1627859641765,2021-08-01T19:14:01.765,70.2,-1.6194346917906708e-06,-7.2659449953587125e-06,9.16840477413428e-06
1627859641815,2021-08-01T19:14:01.815,70.25,3.320811901983129e-08,-5.614276906059791e-06,8.502327669120997e-06
1627859641865,2021-08-01T19:14:01.865,70.3,9.616566822162566e-07,-4.6131372036380075e-06,7.650195973507563e-06
1627859641915,2021-08-01T19:14:01.915,70.35,9.107048237075163e-07,-4.577194318543527e-06,7.175529166738062e-06
1627859641965,2021-08-01T19:14:01.965,70.4,4.200729577049559e-07,-4.7748025859354005e-06,6.8791302847905825e-06
1627859642015,2021-08-01T19:14:02.015,70.45,1.3226778095513468e-07,-4.651356852791383e-06,6.380875857184768e-06
1627859642065,2021-08-01T19:14:02.065,70.5,4.168610574889394e-08,-4.222455756791905e-06,5.898141812363721e-06
1627859642115,2021-08-01T19:14:02.115,70.55,5.34380918218632e-08,-3.9101660531520744e-06,5.850927655978403e-06
1627859642165,2021-08-01T19:14:02.165,70.6,3.4561404672566514e-07,-4.079352333093709e-06,6.225914091878339e-06
1627859642215,2021-08-01T19:14:02.215,70.65,6.357398542646671e-07,-4.526073585336635e-06,6.74234814812153e-06
1627859642265,2021-08-01T19:14:02.265,70.7,3.220042988120488e-07,-4.639525605488435e-06,7.098795215671831e-06
1627859642315,2021-08-01T19:14:02.315,70.75,-3.070041094389691e-07,-4.226493462102398e-06,6.9966549214022285e-06
1627859642365,2021-08-01T19:14:02.365,70.8,-4.3818758790223373e-07,-3.7691630403703957e-06,6.487930982051151e-06
1627859642415,2021-08-01T19:14:02.415,70.85,-1.8235921096502958e-07,-3.612435838018757e-06,6.051560259230944e-06
1627859642465,2021-08-01T19:14:02.465,70.9,-1.0629601517879874e-07,-3.423840605253089e-06,5.95467411328668e-06
1627859642515,2021-08-01T19:14:02.515,70.95,3.7276019927651715e-10,-2.8676773123869335e-06,6.002865330642147e-06
1627859642565,2021-08-01T19:14:02.565,71.0,3.5535359852383444e-07,-2.2654649256995627e-06,5.968865036451775e-06
1627859642615,2021-08-01T19:14:02.615,71.05,3.0938307063369187e-07,-2.0768079332438494e-06,5.7637046281241545e-06
1627859642665,2021-08-01T19:14:02.665,71.1,-3.8511024143374854e-07,-2.2468771443674087e-06,5.374658839086986e-06
1627859642715,2021-08-01T19:14:02.715,71.15,-7.817432404121156e-07,-2.5128014438226902e-06,4.919296627921028e-06
1627859642765,2021-08-01T19:14:02.765,71.2,-2.934884779605602e-07,-2.769022604448439e-06,4.5086031181258005e-06
1627859642815,2021-08-01T19:14:02.815,71.25,3.736621168816493e-07,-2.7923224572613494e-06,4.139915725333319e-06
1627859642865,2021-08-01T19:14:02.865,71.3,6.16339418709453e-07,-2.2707817970725427e-06,3.880779879900769e-06
1627859642915,2021-08-01T19:14:02.915,71.35,8.88453280182715e-07,-1.4486891431794417e-06,3.820873584512743e-06
1627859642965,2021-08-01T19:14:02.965,71.4,1.6027021879939151e-06,-1.130443343388042e-06,3.854928142036622e-06
1627859643015,2021-08-01T19:14:03.015,71.45,2.1791179027910614e-06,-1.628869749137947e-06,3.7797242675645035e-06
1627859643065,2021-08-01T19:14:03.065,71.5,1.7973660904317521e-06,-2.241907387434178e-06,3.4155532257854477e-06
1627859643115,2021-08-01T19:14:03.115,71.55,4.833870701355342e-07,-2.2279893351923634e-06,2.6913437032729765e-06
1627859643165,2021-08-01T19:14:03.165,71.6,-9.233677126162236e-07,-1.726414507371864e-06,1.9682163491168532e-06
1627859643215,2021-08-01T19:14:03.215,71.65,-1.620209628156895e-06,-1.2760915117175756e-06,1.88987929354081e-06
1627859643265,2021-08-01T19:14:03.265,71.7,-1.564289897080589e-06,-1.0947938032073784e-06,2.4656848334923416e-06
1627859643315,2021-08-01T19:14:03.315,71.75,-1.4051867463017708e-06,-1.1769429697034888e-06,2.9458577143420562e-06
1627859643365,2021-08-01T19:14:03.365,71.8,-1.5822279639753408e-06,-1.3942949180192665e-06,3.002757088580928e-06
1627859643415,2021-08-01T19:14:03.415,71.85,-1.6963592722221992e-06,-1.3514704963510924e-06,3.0807493782359395e-06
1627859643465,2021-08-01T19:14:03.465,71.9,-1.241141364555136e-06,-8.337833542780177e-07,3.2294167697344166e-06
1627859643515,2021-08-01T19:14:03.515,71.95,-6.463040439101145e-07,-2.483433443777259e-07,2.8414355736525442e-06
1627859643565,2021-08-01T19:14:03.565,72.0,-8.128289819573867e-07,-1.2826448983427269e-08,1.9317591574539515e-06
1627859643615,2021-08-01T19:14:03.615,72.05,-1.7839326097981043e-06,7.407324256159875e-10,1.412635746873081e-06
1627859643665,2021-08-01T19:14:03.665,72.1,-2.650346838377065e-06,-8.041670994234589e-09,1.757999803766656e-06
1627859643715,2021-08-01T19:14:03.715,72.15,-2.712106052749011e-06,-1.291015073074283e-07,2.3773196540682154e-06
1627859643765,2021-08-01T19:14:03.765,72.2,-2.2031533895793592e-06,-4.7099833633449016e-07,2.4232334938018596e-06
1627859643815,2021-08-01T19:14:03.815,72.25,-1.8531175304985502e-06,-9.432508844664522e-07,1.6301024803828879e-06
1627859643865,2021-08-01T19:14:03.865,72.3,-1.910871439868025e-06,-1.1379600892193029e-06,5.469752228534203e-07
1627859643915,2021-08-01T19:14:03.915,72.35,-1.7936167252826516e-06,-6.102411342375248e-07,7.339020320272175e-08
1627859643965,2021-08-01T19:14:03.965,72.4,-1.0003558907335276e-06,2.388882198855932e-07,3.6720786227355923e-07
1627859644015,2021-08-01T19:14:04.015,72.45,-7.263526017654303e-08,3.346434509469208e-07,6.286747864226882e-07
1627859644065,2021-08-01T19:14:04.065,72.5,3.954694628508013e-08,-4.531123875614293e-07,3.6991121066365116e-07
1627859644115,2021-08-01T19:14:04.115,72.55,-5.905143994414736e-07,-1.0596048833375433e-06,-4.489010117974568e-08
1627859644165,2021-08-01T19:14:04.165,72.6,-8.724958755563235e-07,-9.440168613354702e-07,-3.5850189517398907e-07
1627859644215,2021-08-01T19:14:04.215,72.65,-3.187609897097247e-07,-6.214562535743986e-07,-7.187452190925494e-07
1627859644265,2021-08-01T19:14:04.265,72.7,9.839479455578577e-08,-4.2914202977828367e-07,-1.078812636080038e-06
1627859644315,2021-08-01T19:14:04.315,72.75,-6.769848528625902e-07,-1.9313878481216788e-07,-1.3834714829522705e-06
1627859644365,2021-08-01T19:14:04.365,72.8,-2.1522394523024326e-06,6.693858750679209e-08,-1.8798335123017491e-06
1627859644415,2021-08-01T19:14:04.415,72.85,-2.9432148220825106e-06,2.942231310284382e-07,-2.478001213234798e-06
1627859644465,2021-08-01T19:14:04.465,72.9,-2.6755703419297247e-06,7.747488224279964e-07,-2.687815434604357e-06
1627859644515,2021-08-01T19:14:04.515,72.95,-2.223519205873276e-06,1.3653582558538477e-06,-2.5524111618900737e-06
1627859644565,2021-08-01T19:14:04.565,73.0,-2.259036573929134e-06,1.2913212038241419e-06,-2.4683212176117724e-06
1627859644615,2021-08-01T19:14:04.615,73.05,-2.6468894555879052e-06,7.495797929756263e-07,-2.1988981431405486e-06
1627859644665,2021-08-01T19:14:04.665,73.1,-3.2013294358267295e-06,1.152136512960696e-06,-1.4547038694211617e-06
1627859644715,2021-08-01T19:14:04.715,73.15,-3.851261827356894e-06,2.6210358964498797e-06,-9.774924981491147e-07
1627859644765,2021-08-01T19:14:04.765,73.2,-4.171952562590536e-06,3.2951223672404997e-06,-1.5938374839083054e-06
1627859644815,2021-08-01T19:14:04.815,73.25,-3.955849453484597e-06,2.2151780279534554e-06,-2.7623740367562105e-06
1627859644865,2021-08-01T19:14:04.865,73.3,-3.7786624587178976e-06,7.785701131298847e-07,-3.323309904726958e-06
1627859644915,2021-08-01T19:14:04.915,73.35,-3.878950351888721e-06,5.254032373078383e-07,-3.0909750114924665e-06
1627859644965,2021-08-01T19:14:04.965,73.4,-3.5322859327101294e-06,1.247859026173068e-06,-2.737602368588393e-06
1627859645015,2021-08-01T19:14:05.015,73.45,-2.6555746100195424e-06,1.8420562973171203e-06,-2.7405303305673647e-06
1627859645065,2021-08-01T19:14:05.065,73.5,-2.4648237311408217e-06,1.8231123827448873e-06,-3.1061315453366026e-06
1627859645115,2021-08-01T19:14:05.115,73.55,-3.2794907205403836e-06,1.5090614200527328e-06,-3.5549051517856313e-06
1627859645165,2021-08-01T19:14:05.165,73.6,-3.505422384103321e-06,1.2989770458886316e-06,-3.7358732475991447e-06
1627859645215,2021-08-01T19:14:05.215,73.65,-2.2315579481524146e-06,1.2321472807583486e-06,-3.677709256946834e-06
1627859645265,2021-08-01T19:14:05.265,73.7,-8.660690236222059e-07,1.1996898215616425e-06,-3.768233996362744e-06
1627859645315,2021-08-01T19:14:05.315,73.75,-6.727975535236234e-07,1.2646379709762802e-06,-4.035154770881397e-06
1627859645365,2021-08-01T19:14:05.365,73.8,-8.378788403137131e-07,1.5215676239585558e-06,-4.082131262636468e-06
1627859645415,2021-08-01T19:14:05.415,73.85,-4.906995956130762e-07,1.8133773411489441e-06,-3.906811308505855e-06
1627859645465,2021-08-01T19:14:05.465,73.9,-3.380856265574226e-07,1.9151658614077477e-06,-4.097231350047448e-06
1627859645515,2021-08-01T19:14:05.515,73.95,-9.102867025276584e-07,1.8305602603269741e-06,-5.041891423395513e-06
1627859645565,2021-08-01T19:14:05.565,74.0,-1.3487509513553947e-06,1.6144059811342108e-06,-6.34764402841745e-06
1627859645615,2021-08-01T19:14:05.615,74.05,-9.870193922561047e-07,1.2383926566093645e-06,-7.171766894114279e-06
1627859645665,2021-08-01T19:14:05.665,74.1,-4.3881993510303694e-07,8.981367426028276e-07,-7.097202172874951e-06
1627859645715,2021-08-01T19:14:05.715,74.15,-5.018163343318566e-07,9.297596992108071e-07,-6.601528814907653e-06
1627859645765,2021-08-01T19:14:05.765,74.2,-1.0788901348821314e-06,1.2420750113304598e-06,-6.3857657658986496e-06
1627859645815,2021-08-01T19:14:05.815,74.25,-1.5600182631007346e-06,1.4266233139607812e-06,-6.446416370823781e-06
1627859645865,2021-08-01T19:14:05.865,74.3,-1.716427753305251e-06,1.3564533208136977e-06,-6.391946412296384e-06
1627859645915,2021-08-01T19:14:05.915,74.35,-1.7400646009841799e-06,1.1503146737195918e-06,-6.250362125852825e-06
1627859645965,2021-08-01T19:14:05.965,74.4,-1.6136188063779215e-06,9.321969294011776e-07,-6.23251493162926e-06
1627859646015,2021-08-01T19:14:06.015,74.45,-1.2215998769437631e-06,9.181562901159781e-07,-6.2380094365111956e-06
1627859646065,2021-08-01T19:14:06.065,74.5,-1.0083162780020103e-06,1.1577399256179334e-06,-6.090479477259325e-06
1627859646115,2021-08-01T19:14:06.115,74.55,-1.513120174882122e-06,1.2672765140837265e-06,-5.7309872490970866e-06
1627859646165,2021-08-01T19:14:06.165,74.6,-2.2876155271922185e-06,1.0407132615367031e-06,-5.1957745461805765e-06
1627859646215,2021-08-01T19:14:06.215,74.65,-2.337514726754514e-06,8.606748155969183e-07,-4.818798112541624e-06
1627859646265,2021-08-01T19:14:06.265,74.7,-1.61289455539201e-06,9.039517223093149e-07,-4.945861295439183e-06
1627859646315,2021-08-01T19:14:06.315,74.75,-1.0424955579533073e-06,7.181717480111021e-07,-5.227183069935407e-06
1627859646365,2021-08-01T19:14:06.365,74.8,-1.1050390896496648e-06,1.8111178853090457e-07,-5.017090897533422e-06
1627859646415,2021-08-01T19:14:06.415,74.85,-1.321952077420941e-06,-1.406849379263274e-07,-4.452029790988645e-06
1627859646465,2021-08-01T19:14:06.465,74.9,-1.2492667214874102e-06,-1.1219516557675333e-07,-4.15713568010694e-06
1627859646515,2021-08-01T19:14:06.515,74.95,-1.0791406413843847e-06,-2.971296297355519e-07,-4.194260837201167e-06
1627859646565,2021-08-01T19:14:06.565,75.0,-1.0110972050324503e-06,-7.902648363062717e-07,-4.328481908207558e-06
1627859646615,2021-08-01T19:14:06.615,75.05,-8.984892779357934e-07,-1.055009154222954e-06,-4.74578533333521e-06
1627859646665,2021-08-01T19:14:06.665,75.1,-8.156578517224456e-07,-9.827959941259968e-07,-5.496175080855463e-06
1627859646715,2021-08-01T19:14:06.715,75.15,-1.0509444051396353e-06,-1.0132025994917586e-06,-5.965378150556737e-06
1627859646765,2021-08-01T19:14:06.765,75.2,-1.3839178492884082e-06,-1.3330134773404355e-06,-5.828018648094539e-06
1627859646815,2021-08-01T19:14:06.815,75.25,-1.345277413359262e-06,-1.6953917074496258e-06,-5.739663161392027e-06
1627859646865,2021-08-01T19:14:06.865,75.3,-1.1312655702404764e-06,-1.827504675656893e-06,-6.1476069692402715e-06
1627859646915,2021-08-01T19:14:06.915,75.35,-1.3365171657909921e-06,-1.6778475399012905e-06,-6.2485009457323615e-06
1627859646965,2021-08-01T19:14:06.965,75.4,-1.9549297478681467e-06,-1.4394419353266141e-06,-5.28912782317506e-06
1627859647015,2021-08-01T19:14:07.015,75.45,-2.4003764462809446e-06,-1.3353952151967262e-06,-4.07223288413332e-06
1627859647065,2021-08-01T19:14:07.065,75.5,-2.3574192478754544e-06,-1.281366337153441e-06,-3.750772059976292e-06
1627859647115,2021-08-01T19:14:07.115,75.55,-2.0151165400232467e-06,-1.015349264287288e-06,-3.87979307416492e-06
1627859647165,2021-08-01T19:14:07.165,75.6,-1.5933399241344096e-06,-6.496350682791493e-07,-3.268962233340839e-06
1627859647215,2021-08-01T19:14:07.215,75.65,-1.2645833231462056e-06,-6.850017359528234e-07,-2.199645136545538e-06
1627859647265,2021-08-01T19:14:07.265,75.7,-1.4028812531346334e-06,-1.2824740464156277e-06,-1.9877679167414875e-06
1627859647315,2021-08-01T19:14:07.315,75.75,-2.1173164627958512e-06,-1.936189000836799e-06,-2.578990926448579e-06
1627859647365,2021-08-01T19:14:07.365,75.8,-2.7317898291973368e-06,-2.157028842819246e-06,-2.5644954273405236e-06
1627859647415,2021-08-01T19:14:07.415,75.85,-2.6193453254570882e-06,-2.0716084363952695e-06,-1.6499678884177347e-06
1627859647465,2021-08-01T19:14:07.465,75.9,-2.196250385134271e-06,-2.014454883884323e-06,-9.87287361827779e-07
1627859647515,2021-08-01T19:14:07.515,75.95,-2.1584000186056186e-06,-1.9976832564222254e-06,-8.961659724634781e-07
1627859647565,2021-08-01T19:14:07.565,76.0,-2.3076460336479685e-06,-1.9559176095317105e-06,-5.316923981242505e-07
1627859647615,2021-08-01T19:14:07.615,76.05,-2.1322115874861616e-06,-2.004832654331397e-06,4.294679589640681e-08
1627859647665,2021-08-01T19:14:07.665,76.1,-1.8008727278380483e-06,-2.1888080715652343e-06,-2.3931035716800953e-07
1627859647715,2021-08-01T19:14:07.715,76.15,-1.5359566481957778e-06,-2.5344490362994e-06,-1.3586353603386136e-06
1627859647765,2021-08-01T19:14:07.765,76.2,-9.881936085680963e-07,-3.232132505803998e-06,-2.013961840371096e-06
1627859647815,2021-08-01T19:14:07.815,76.25,-2.931075433725936e-07,-4.052608223539004e-06,-1.5635181415051086e-06
1627859647865,2021-08-01T19:14:07.865,76.3,-3.3165650787455953e-07,-4.2094331575391185e-06,-7.582238655095391e-07
1627859647915,2021-08-01T19:14:07.915,76.35,-9.159068704686922e-07,-3.6418646927544155e-06,-6.135497346992752e-07
1627859647965,2021-08-01T19:14:07.965,76.4,-7.030546627140852e-07,-3.4392149755254737e-06,-1.2889192484111443e-06
1627859648015,2021-08-01T19:14:08.015,76.45,2.5015936950062315e-07,-4.181155488034034e-06,-1.9195736124101327e-06
1627859648065,2021-08-01T19:14:08.065,76.5,4.044134368954117e-07,-5.0364349655337335e-06,-1.5130173474113434e-06
1627859648115,2021-08-01T19:14:08.115,76.55,-3.159458421877784e-07,-5.184979858333696e-06,-2.7196284256970345e-07
1627859648165,2021-08-01T19:14:08.165,76.6,-3.566080370172094e-07,-4.936778642823176e-06,5.870186062964849e-07
1627859648215,2021-08-01T19:14:08.215,76.65,5.910372933609616e-07,-4.886638976995541e-06,6.395983813389156e-07
1627859648265,2021-08-01T19:14:08.265,76.7,1.1949097867029333e-06,-4.958317416861271e-06,6.922554105556275e-07
1627859648315,2021-08-01T19:14:08.315,76.75,7.63158016193411e-07,-4.796366183785102e-06,1.1046287181496762e-06
1627859648365,2021-08-01T19:14:08.365,76.8,-3.873829403827056e-08,-4.546644067014497e-06,1.2856527941440633e-06
1627859648415,2021-08-01T19:14:08.415,76.85,-4.5732518022913556e-07,-4.710989325307702e-06,1.2143879968028304e-06
1627859648465,2021-08-01T19:14:08.465,76.9,-5.19915356690709e-07,-5.282856448069529e-06,1.6558644510807413e-06
1627859648515,2021-08-01T19:14:08.515,76.95,-6.631402251840386e-07,-5.599401209330304e-06,2.5702527705412695e-06
1627859648565,2021-08-01T19:14:08.565,77.0,-8.154127397418662e-07,-5.299872661261281e-06,3.1615941075761317e-06
1627859648615,2021-08-01T19:14:08.615,77.05,-3.925770906836679e-07,-4.888162743822693e-06,3.483419129108289e-06
1627859648665,2021-08-01T19:14:08.665,77.1,4.515436567678791e-07,-5.099323098695779e-06,4.079378867100396e-06
1627859648715,2021-08-01T19:14:08.715,77.15,6.99052263968511e-07,-6.117035129847217e-06,4.50335942363341e-06
1627859648765,2021-08-01T19:14:08.765,77.2,2.458543197656411e-07,-7.425860398245681e-06,4.16995050448493e-06
1627859648815,2021-08-01T19:14:08.815,77.25,2.1061674288517633e-07,-8.349552805912866e-06,3.857295163469093e-06
1627859648865,2021-08-01T19:14:08.865,77.3,8.962466686270702e-07,-9.095258980302305e-06,4.507026436684104e-06
1627859648915,2021-08-01T19:14:08.915,77.35,1.3499665040394665e-06,-1.0668399771434586e-05,5.50094353153466e-06
1627859648965,2021-08-01T19:14:08.965,77.4,1.2508108342167139e-06,-1.2909670112601533e-05,5.654095293774167e-06
1627859649015,2021-08-01T19:14:09.015,77.45,1.2772467923527066e-06,-1.4104793971452175e-05,5.001034547610442e-06
1627859649065,2021-08-01T19:14:09.065,77.5,1.5662292552477417e-06,-1.3689474560387757e-05,4.496667298682658e-06
1627859649115,2021-08-01T19:14:09.115,77.55,1.5033328669851799e-06,-1.3125340797950838e-05,4.593890915113666e-06
1627859649165,2021-08-01T19:14:09.165,77.6,9.026362994986177e-07,-1.3195991138923114e-05,4.86727995508145e-06
1627859649215,2021-08-01T19:14:09.215,77.65,1.950386311319347e-07,-1.3080653125736837e-05,4.8716307638051836e-06
1627859649265,2021-08-01T19:14:09.265,77.7,-2.467569166082455e-07,-1.2520246106388699e-05,4.851040907178337e-06
1627859649315,2021-08-01T19:14:09.315,77.75,-2.6678968281051914e-07,-1.2393142564605293e-05,5.18819061079143e-06
1627859649365,2021-08-01T19:14:09.365,77.8,1.106721424924663e-07,-1.3064739375977744e-05,5.525250093094611e-06
1627859649415,2021-08-01T19:14:09.415,77.85,5.104746393604563e-07,-1.3873217332530372e-05,5.310254644640277e-06
1627859649465,2021-08-01T19:14:09.465,77.9,4.710171609201106e-07,-1.3998479523227807e-05,4.867087156060515e-06
1627859649515,2021-08-01T19:14:09.515,77.95,-5.457748929354513e-08,-1.299467891406631e-05,4.878388872349957e-06
1627859649565,2021-08-01T19:14:09.565,78.0,-8.131447896414107e-07,-1.1143157134090727e-05,5.314125935799419e-06
1627859649615,2021-08-01T19:14:09.615,78.05,-1.6812717059486706e-06,-9.849030038808036e-06,5.8139084622356665e-06
1627859649665,2021-08-01T19:14:09.665,78.1,-2.625307106484465e-06,-1.0671158518487097e-05,6.434866266949871e-06
1627859649715,2021-08-01T19:14:09.715,78.15,-3.3731262195474203e-06,-1.3041295459814676e-05,7.314178937067877e-06
1627859649765,2021-08-01T19:14:09.765,78.2,-3.5679246699046708e-06,-1.408584356304132e-05,8.288480064495546e-06
1627859649815,2021-08-01T19:14:09.815,78.25,-3.3938984971972458e-06,-1.2076720609515836e-05,9.247304380653416e-06
1627859649865,2021-08-01T19:14:09.865,78.3,-3.5721337291280336e-06,-8.781461030060375e-06,1.024662340224773e-05
1627859649915,2021-08-01T19:14:09.915,78.35,-4.4120154096265254e-06,-6.971279178808252e-06,1.10843764335107e-05
1627859649965,2021-08-01T19:14:09.965,78.4,-5.397264809523007e-06,-7.2600582539247756e-06,1.1363090055669423e-05
1627859650015,2021-08-01T19:14:10.015,78.45,-6.0131885031795e-06,-8.483310883721728e-06,1.1204550292827372e-05
1627859650065,2021-08-01T19:14:10.065,78.5,-6.408124091794898e-06,-9.267191358960425e-06,1.133476823362379e-05
1627859650115,2021-08-01T19:14:10.115,78.55,-7.075530302751914e-06,-8.845297103286954e-06,1.2060940180484e-05
1627859650165,2021-08-01T19:14:10.165,78.6,-8.32070110236433e-06,-7.827501504720369e-06,1.2709644478026818e-05
1627859650215,2021-08-01T19:14:10.215,78.65,-9.906175949696973e-06,-7.225136313085745e-06,1.2639091353634042e-05
1627859650265,2021-08-01T19:14:10.265,78.7,-1.1007613751288109e-05,-6.402526295097578e-06,1.2254637700211222e-05
1627859650315,2021-08-01T19:14:10.315,78.75,-1.1049616849304548e-05,-4.847821050481084e-06,1.2357230307444706e-05
1627859650365,2021-08-01T19:14:10.365,78.8,-1.0717756164980453e-05,-4.8008966125619005e-06,1.2983057938036653e-05
1627859650415,2021-08-01T19:14:10.415,78.85,-1.1276511143469248e-05,-7.4623966024089484e-06,1.3544596561976179e-05
1627859650465,2021-08-01T19:14:10.465,78.9,-1.2726949273218796e-05,-9.192231637795045e-06,1.3772840521968437e-05
1627859650515,2021-08-01T19:14:10.515,78.95,-1.378915250669023e-05,-6.79879289582669e-06,1.3994055026938733e-05
1627859650565,2021-08-01T19:14:10.565,79.0,-1.3873747092913533e-05,-2.559555062271779e-06,1.4592548379921003e-05
1627859650615,2021-08-01T19:14:10.615,79.05,-1.3646187003054563e-05,3.01255836692044e-07,1.5433776402832955e-05
1627859650665,2021-08-01T19:14:10.665,79.1,-1.3435275565517253e-05,1.424281482173749e-06,1.592176653120491e-05
1627859650715,2021-08-01T19:14:10.715,79.15,-1.267823893578729e-05,5.276624280963957e-07,1.5787310572413056e-05
1627859650765,2021-08-01T19:14:10.765,79.2,-1.1327981634556994e-05,-2.1787053760195533e-06,1.5586410395713594e-05
1627859650815,2021-08-01T19:14:10.815,79.25,-1.0249311168656034e-05,-3.1350757415057696e-06,1.594045693245228e-05
1627859650865,2021-08-01T19:14:10.865,79.3,-9.582254971704105e-06,1.3901211620272884e-07,1.656171170933219e-05
1627859650915,2021-08-01T19:14:10.915,79.35,-8.124267093221943e-06,4.602807562073873e-06,1.6639126424362733e-05
1627859650965,2021-08-01T19:14:10.965,79.4,-5.2328318811646836e-06,6.7969579075821405e-06,1.592301589142518e-05
1627859651015,2021-08-01T19:14:11.015,79.45,-2.191613949108406e-06,6.929791326711776e-06,1.483307931545771e-05
1627859651065,2021-08-01T19:14:11.065,79.5,-5.70193828834051e-07,5.218446279256039e-06,1.3652948184436482e-05
1627859651115,2021-08-01T19:14:11.115,79.55,-3.503910987589083e-08,1.5729824939537463e-06,1.2174516579938008e-05
1627859651165,2021-08-01T19:14:11.165,79.6,9.174801700181842e-07,-6.843586910683953e-07,1.02145665683299e-05
1627859651215,2021-08-01T19:14:11.215,79.65,2.68229173327018e-06,1.6882659468179678e-06,7.964404234019739e-06
1627859651265,2021-08-01T19:14:11.265,79.7,4.488766408804925e-06,6.354024078564042e-06,5.564673435429416e-06
1627859651315,2021-08-01T19:14:11.315,79.75,5.95899651668172e-06,9.146374005665304e-06,2.872010992365812e-06
1627859651365,2021-08-01T19:14:11.365,79.8,7.171504138785208e-06,9.706874164872862e-06,-7.302863671750524e-08
1627859651415,2021-08-01T19:14:11.415,79.85,7.892272318630426e-06,9.709318669775133e-06,-2.8946097431115276e-06
1627859651465,2021-08-01T19:14:11.465,79.9,7.993904507484018e-06,9.648571106515106e-06,-5.298526930654777e-06
1627859651515,2021-08-01T19:14:11.515,79.95,7.933128035840272e-06,9.57525628453322e-06,-7.091887427231391e-06
1627859651565,2021-08-01T19:14:11.565,80.0,8.106695054971262e-06,9.912254862951743e-06,-7.892224115823939e-06
1627859651615,2021-08-01T19:14:11.615,80.05,8.304105062694085e-06,1.0540371413088763e-05,-7.5498237220904085e-06
1627859651665,2021-08-01T19:14:11.665,80.1,8.072739081281312e-06,1.0783728863520555e-05,-6.859956080572761e-06
1627859651715,2021-08-01T19:14:11.715,80.15,7.3632326535084585e-06,1.0477377240149564e-05,-6.901258198777452e-06
1627859651765,2021-08-01T19:14:11.765,80.2,6.7209788957223115e-06,1.0136467971675678e-05,-7.526302353976593e-06
1627859651815,2021-08-01T19:14:11.815,80.25,6.708978114517849e-06,1.0113938638932704e-05,-7.701126861435322e-06
1627859651865,2021-08-01T19:14:11.865,80.3,7.164972774659114e-06,1.0101336353845423e-05,-7.328203098726564e-06
1627859651915,2021-08-01T19:14:11.915,80.35,7.411313039707868e-06,9.65363390520413e-06,-7.2093167468762676e-06
1627859651965,2021-08-01T19:14:11.965,80.4,7.16580476357088e-06,9.040933122600056e-06,-7.452690649298597e-06
1627859652015,2021-08-01T19:14:12.015,80.45,6.753333509367034e-06,8.976466016037944e-06,-7.537573103350735e-06
1627859652065,2021-08-01T19:14:12.065,80.5,6.523952115046796e-06,9.302487533809915e-06,-7.477468934205746e-06
1627859652115,2021-08-01T19:14:12.115,80.55,6.567656814082074e-06,8.950330215614278e-06,-7.569733681499648e-06
1627859652165,2021-08-01T19:14:12.165,80.6,6.773292600137375e-06,7.739441083564003e-06,-7.640357435356678e-06
1627859652215,2021-08-01T19:14:12.215,80.65,6.79805454759971e-06,6.905733269999945e-06,-7.39794049210199e-06
1627859652265,2021-08-01T19:14:12.265,80.7,6.415628061070806e-06,7.118040984345013e-06,-6.899662514986583e-06
1627859652315,2021-08-01T19:14:12.315,80.75,6.009484178706229e-06,7.471098713397851e-06,-6.304016524003216e-06
1627859652365,2021-08-01T19:14:12.365,80.8,6.0542760368126905e-06,7.153517764134757e-06,-5.6227097715267185e-06
1627859652415,2021-08-01T19:14:12.415,80.85,6.276621358592011e-06,6.61472186923454e-06,-4.898589440935525e-06
1627859652465,2021-08-01T19:14:12.465,80.9,6.149745033697699e-06,6.471329208709905e-06,-4.503397232927453e-06
1627859652515,2021-08-01T19:14:12.515,80.95,5.81608394527378e-06,6.47900982757998e-06,-4.872056815087818e-06
1627859652565,2021-08-01T19:14:12.565,81.0,5.662208723573844e-06,6.1891537152206765e-06,-5.725062626274994e-06
1627859652615,2021-08-01T19:14:12.615,81.05,5.504843428897946e-06,5.838100151540915e-06,-6.218103875252161e-06
1627859652665,2021-08-01T19:14:12.665,81.1,4.986333502186861e-06,5.89789048955716e-06,-6.032662166507601e-06
1627859652715,2021-08-01T19:14:12.715,81.15,4.327050654284624e-06,6.182649774782482e-06,-5.482263396246221e-06
1627859652765,2021-08-01T19:14:12.765,81.2,4.074877709739509e-06,6.128568855405164e-06,-4.814997518421164e-06
1627859652815,2021-08-01T19:14:12.815,81.25,4.32977517584187e-06,5.70172025322506e-06,-4.312310164995999e-06
1627859652865,2021-08-01T19:14:12.865,81.3,4.679496327628694e-06,5.396274823117858e-06,-4.462973190098214e-06
1627859652915,2021-08-01T19:14:12.915,81.35,4.899224025462238e-06,5.4881636890451444e-06,-5.277026092857365e-06
1627859652965,2021-08-01T19:14:12.965,81.4,5.1000838614783435e-06,5.7315168874539496e-06,-5.974093764127396e-06
1627859653015,2021-08-01T19:14:13.015,81.45,5.033295830194995e-06,5.761102339309966e-06,-5.803435087051682e-06
1627859653065,2021-08-01T19:14:13.065,81.5,4.303705693434529e-06,5.558624662654309e-06,-4.901955820814616e-06
1627859653115,2021-08-01T19:14:13.115,81.55,3.501691158552012e-06,5.407871310365318e-06,-4.140029893318229e-06
1627859653165,2021-08-01T19:14:13.165,81.6,3.628355208881723e-06,5.44059110988512e-06,-4.250200367249419e-06
1627859653215,2021-08-01T19:14:13.215,81.65,4.261137748758359e-06,5.47232321253865e-06,-5.233628743769458e-06
1627859653265,2021-08-01T19:14:13.265,81.7,4.016122676020383e-06,5.378381379740907e-06,-6.398197609876149e-06
1627859653315,2021-08-01T19:14:13.315,81.75,2.7820948219642146e-06,5.290459582204726e-06,-6.862136436022533e-06
1627859653365,2021-08-01T19:14:13.365,81.8,1.9170165130812234e-06,5.292767811156267e-06,-6.391400375541379e-06
1627859653415,2021-08-01T19:14:13.415,81.85,2.3770925435655836e-06,5.336517044371918e-06,-5.688650935049862e-06
1627859653465,2021-08-01T19:14:13.465,81.9,3.601485874236963e-06,5.492317623179786e-06,-5.3823234149087975e-06
1627859653515,2021-08-01T19:14:13.515,81.95,4.15197950356658e-06,5.785350615722112e-06,-5.152959598106358e-06
1627859653565,2021-08-01T19:14:13.565,82.0,3.3582853693473922e-06,5.836267023115839e-06,-4.480727471503284e-06
1627859653615,2021-08-01T19:14:13.615,82.05,2.1907570912096302e-06,5.248655384655232e-06,-3.5724864946214147e-06
1627859653665,2021-08-01T19:14:13.665,82.1,1.915990185676479e-06,4.326189766863834e-06,-2.9178046814221483e-06
1627859653715,2021-08-01T19:14:13.715,82.15,2.4036573384047615e-06,3.854355918879624e-06,-2.7222574409280863e-06
1627859653765,2021-08-01T19:14:13.765,82.2,2.7000623560427333e-06,4.127571984092678e-06,-3.1563008432532793e-06
1627859653815,2021-08-01T19:14:13.815,82.25,2.476762445394836e-06,4.618839877434871e-06,-4.178538501173764e-06
1627859653865,2021-08-01T19:14:13.865,82.3,1.994676818464214e-06,4.659929232206606e-06,-4.927453973105163e-06
1627859653915,2021-08-01T19:14:13.915,82.35,1.503574431680834e-06,4.12704293216885e-06,-4.415858250870978e-06
1627859653965,2021-08-01T19:14:13.965,82.4,1.3151407831695755e-06,3.439673194625892e-06,-3.0217550922255765e-06
1627859654015,2021-08-01T19:14:14.015,82.45,1.6676606169647375e-06,3.0845696405411864e-06,-2.194696115341034e-06
1627859654065,2021-08-01T19:14:14.065,82.5,2.135933706567477e-06,3.1428641369523652e-06,-2.422814036552797e-06
1627859654115,2021-08-01T19:14:14.115,82.55,1.861757647019366e-06,3.3424122559241414e-06,-2.5872836633407625e-06
1627859654165,2021-08-01T19:14:14.165,82.6,7.340145762294609e-07,3.5001000631681603e-06,-1.8029367381968439e-06
1627859654215,2021-08-01T19:14:14.215,82.65,-2.2041589500118725e-07,3.472731524945155e-06,-7.687003287324374e-07
1627859654265,2021-08-01T19:14:14.265,82.7,-1.1016925910359298e-07,2.972544652855697e-06,-4.995922104986172e-07
1627859654315,2021-08-01T19:14:14.315,82.75,6.566423617914464e-07,2.1806899837027277e-06,-8.642856892201808e-07
1627859654365,2021-08-01T19:14:14.365,82.8,1.0595025521992807e-06,1.9409511732680897e-06,-1.330903229600044e-06
1627859654415,2021-08-01T19:14:14.415,82.85,8.498068131130919e-07,2.5831997050948306e-06,-1.8702506559577575e-06
1627859654465,2021-08-01T19:14:14.465,82.9,5.978729631303847e-07,3.351372781386502e-06,-2.2396693318795172e-06
1627859654515,2021-08-01T19:14:14.515,82.95,5.933487721421011e-07,3.4575586371722174e-06,-1.8422045407215953e-06
1627859654565,2021-08-01T19:14:14.565,83.0,4.106221029032937e-07,2.91591481756288e-06,-9.547043683302616e-07
1627859654615,2021-08-01T19:14:14.615,83.05,-2.3421818401153883e-07,2.2451645797613e-06,-6.629571051272165e-07
1627859654665,2021-08-01T19:14:14.665,83.1,-8.406075709607626e-07,1.942239679729195e-06,-1.2085525002935577e-06
1627859654715,2021-08-01T19:14:14.715,83.15,-8.20838367124628e-07,2.1451985087737493e-06,-1.613124985024845e-06
1627859654765,2021-08-01T19:14:14.765,83.2,-3.7282406505533095e-07,2.49434685701184e-06,-1.1806616849586155e-06
1627859654815,2021-08-01T19:14:14.815,83.25,-1.9128349323624077e-07,2.46343820668391e-06,-5.141247694352445e-07
1627859654865,2021-08-01T19:14:14.865,83.3,-5.600597282215824e-07,1.954107425024225e-06,-6.894180382565505e-07
1627859654915,2021-08-01T19:14:14.915,83.35,-1.018503287904802e-06,1.3905082373409513e-06,-1.758419521498895e-06
1627859654965,2021-08-01T19:14:14.965,83.4,-9.486385799262962e-07,1.1487999242981084e-06,-2.6141418489462365e-06
1627859655015,2021-08-01T19:14:15.015,83.45,-4.6119549496664526e-07,1.2125731879970589e-06,-2.552307045061151e-06
1627859655065,2021-08-01T19:14:15.065,83.5,-3.7099798683736113e-07,1.5108398608254888e-06,-2.2792092237291474e-06
1627859655115,2021-08-01T19:14:15.115,83.55,-9.837674668983538e-07,2.0659591140595514e-06,-2.7036690767666572e-06
1627859655165,2021-08-01T19:14:15.165,83.6,-1.4733975489709417e-06,2.6170925868644262e-06,-3.402279879459555e-06
1627859655215,2021-08-01T19:14:15.215,83.65,-1.1163341649728085e-06,2.679410356922063e-06,-3.301910804030564e-06
1627859655265,2021-08-01T19:14:15.265,83.7,-4.772028688068557e-07,2.1525064953075395e-06,-2.4494730087304612e-06
1627859655315,2021-08-01T19:14:15.315,83.75,-4.721604006494763e-07,1.4592355927483505e-06,-1.902385636945385e-06
1627859655365,2021-08-01T19:14:15.365,83.8,-8.615515413463287e-07,1.0695197035260753e-06,-2.1270889671574654e-06
1627859655415,2021-08-01T19:14:15.415,83.85,-7.174307603955956e-07,1.1301480409686285e-06,-2.713463900366428e-06
1627859655465,2021-08-01T19:14:15.465,83.9,-2.9177743781548267e-08,1.4393604936481325e-06,-3.258086577297443e-06
1627859655515,2021-08-01T19:14:15.515,83.95,2.6266473987313907e-07,1.6432060608529666e-06,-3.4578154538906566e-06
1627859655565,2021-08-01T19:14:15.565,84.0,-2.0355544313633773e-07,1.570127819813747e-06,-3.0585449727421157e-06
1627859655615,2021-08-01T19:14:15.615,84.05,-7.289003692748838e-07,1.3808195273023592e-06,-2.4963520163095854e-06
1627859655665,2021-08-01T19:14:15.665,84.1,-7.557400596472754e-07,1.3509906301315092e-06,-2.6439356133222966e-06
1627859655715,2021-08-01T19:14:15.715,84.15,-5.252280332607947e-07,1.5675631736310247e-06,-3.5022093416217053e-06
1627859655765,2021-08-01T19:14:15.765,84.2,-3.605258973810979e-07,1.783658666161695e-06,-4.160090164402867e-06
1627859655815,2021-08-01T19:14:15.815,84.25,-2.064655472706788e-07,1.6142869282152581e-06,-4.184801898154136e-06
1627859655865,2021-08-01T19:14:15.865,84.3,7.710921853025474e-09,1.0482008648143766e-06,-4.050151029412265e-06
1627859655915,2021-08-01T19:14:15.915,84.35,2.1043558633129174e-07,5.969821544946321e-07,-4.154373770898139e-06
1627859655965,2021-08-01T19:14:15.965,84.4,3.78843917324253e-07,6.800222072576663e-07,-4.321129351982126e-06
1627859656015,2021-08-01T19:14:16.015,84.45,5.093824767750329e-07,1.0450337843198114e-06,-4.3493061306999025e-06
1627859656065,2021-08-01T19:14:16.065,84.5,5.284711018865147e-07,1.1543533024364777e-06,-4.327875364012391e-06
1627859656115,2021-08-01T19:14:16.115,84.55,4.350986442350727e-07,1.0501330054129625e-06,-4.310436859041739e-06
1627859656165,2021-08-01T19:14:16.165,84.6,3.546784068476839e-07,1.212289355535749e-06,-4.2617716152195125e-06
1627859656215,2021-08-01T19:14:16.215,84.65,3.4912865371727077e-07,1.4937211935418685e-06,-4.3641149812976e-06
1627859656265,2021-08-01T19:14:16.265,84.7,4.0648926320771583e-07,1.2042723902082408e-06,-4.827331104784676e-06
1627859656315,2021-08-01T19:14:16.315,84.75,6.04366028898721e-07,4.982608530195744e-07,-5.412151079221371e-06
1627859656365,2021-08-01T19:14:16.365,84.8,9.047135635146661e-07,4.176919598595776e-07,-5.6582048996327094e-06
1627859656415,2021-08-01T19:14:16.415,84.85,9.584710209043393e-07,1.1877833335892087e-06,-5.469648374336284e-06
1627859656465,2021-08-01T19:14:16.465,84.9,6.543608475349245e-07,1.7662464278462982e-06,-5.097229559302369e-06
1627859656515,2021-08-01T19:14:16.515,84.95,4.926377445433607e-07,1.5432623497311015e-06,-4.981371293780735e-06
1627859656565,2021-08-01T19:14:16.565,85.0,8.332988803596177e-07,1.3007551147076324e-06,-5.798637378271165e-06
1627859656615,2021-08-01T19:14:16.615,85.05,1.3410917631799024e-06,1.911304719041649e-06,-7.690096942769346e-06
1627859656665,2021-08-01T19:14:16.665,85.1,1.6191780210029183e-06,3.0288468994482965e-06,-9.375052354303626e-06
1627859656715,2021-08-01T19:14:16.715,85.15,1.7372414338477367e-06,3.6895775426472626e-06,-9.404768257167757e-06
1627859656765,2021-08-01T19:14:16.765,85.2,1.9515396045917016e-06,3.5911344794283696e-06,-8.269566134121968e-06
1627859656815,2021-08-01T19:14:16.815,85.25,2.3987216855139904e-06,3.2480119025942616e-06,-7.753968065722013e-06
1627859656865,2021-08-01T19:14:16.865,85.3,2.924732668518982e-06,3.2170550230547006e-06,-8.367976668620598e-06
1627859656915,2021-08-01T19:14:16.915,85.35,3.0508857965528656e-06,3.5720066581411674e-06,-8.991732793098995e-06
1627859656965,2021-08-01T19:14:16.965,85.4,2.5276298463004432e-06,4.038565583906182e-06,-8.863711023491127e-06
1627859657015,2021-08-01T19:14:17.015,85.45,1.8882484172284265e-06,4.306337120782181e-06,-8.335464169692582e-06
1627859657065,2021-08-01T19:14:17.065,85.5,1.96746559838886e-06,4.169784225244997e-06,-7.886178647308076e-06
1627859657115,2021-08-01T19:14:17.115,85.55,2.8182931821976363e-06,3.774342695027685e-06,-7.92453630495751e-06
1627859657165,2021-08-01T19:14:17.165,85.6,3.5294909098251835e-06,3.7156746958312418e-06,-9.045046658776405e-06
1627859657215,2021-08-01T19:14:17.215,85.65,3.488549528094681e-06,4.313184068522178e-06,-1.0948742797493972e-05
1627859657265,2021-08-01T19:14:17.265,85.7,3.3560195786982967e-06,5.055713605275373e-06,-1.2116749044728276e-05
1627859657315,2021-08-01T19:14:17.315,85.75,3.95952889825069e-06,5.4378900779614836e-06,-1.198396505747189e-05
1627859657365,2021-08-01T19:14:17.365,85.8,4.779133972223984e-06,5.6651657196373316e-06,-1.1874669556939947e-05
1627859657415,2021-08-01T19:14:17.415,85.85,4.749595278461023e-06,5.923410616575454e-06,-1.2506277416666602e-05
1627859657465,2021-08-01T19:14:17.465,85.9,4.087532217034161e-06,5.926893099319362e-06,-1.2500341771426846e-05
1627859657515,2021-08-01T19:14:17.515,85.95,3.89961632429109e-06,5.5669980340905034e-06,-1.069062238847743e-05
1627859657565,2021-08-01T19:14:17.565,86.0,4.297472781159296e-06,5.101095991795824e-06,-8.305539602655408e-06
1627859657615,2021-08-01T19:14:17.615,86.05,4.516023998906539e-06,4.749788645338665e-06,-7.582414036500858e-06
1627859657665,2021-08-01T19:14:17.665,86.1,4.6052363005640955e-06,4.656587025438062e-06,-8.927637632110451e-06
1627859657715,2021-08-01T19:14:17.715,86.15,5.145248141505364e-06,4.806329130659675e-06,-1.0437793921317158e-05
1627859657765,2021-08-01T19:14:17.765,86.2,5.7161688017993e-06,4.872355659717311e-06,-1.032993190196717e-05
1627859657815,2021-08-01T19:14:17.815,86.25,5.513752633409861e-06,4.623435742288085e-06,-9.027747606806613e-06
1627859657865,2021-08-01T19:14:17.865,86.3,4.920871595581067e-06,4.25705259656245e-06,-8.19423209080373e-06
1627859657915,2021-08-01T19:14:17.915,86.35,5.002848080488055e-06,4.078662158163232e-06,-8.440389118231928e-06
1627859657965,2021-08-01T19:14:17.965,86.4,5.914007692334046e-06,4.150034302781133e-06,-8.845678432589705e-06
1627859658015,2021-08-01T19:14:18.015,86.45,6.7022299055725396e-06,4.366272845012206e-06,-8.303104510000516e-06
1627859658065,2021-08-01T19:14:18.065,86.5,6.518783567785251e-06,4.6711677759641056e-06,-6.881607437323703e-06
1627859658115,2021-08-01T19:14:18.115,86.55,5.550104412968333e-06,4.862694474769375e-06,-5.93213665468089e-06
1627859658165,2021-08-01T19:14:18.165,86.6,4.76617766151879e-06,4.426092619177822e-06,-6.5472611011276794e-06
1627859658215,2021-08-01T19:14:18.215,86.65,4.995729126841737e-06,3.46282231098296e-06,-8.007616042509017e-06
1627859658265,2021-08-01T19:14:18.265,86.7,5.99257780273835e-06,3.2873593774390917e-06,-8.562899158305465e-06
1627859658315,2021-08-01T19:14:18.315,86.75,6.434108649859651e-06,4.617161793215754e-06,-7.63699579512044e-06
1627859658365,2021-08-01T19:14:18.365,86.8,5.641672266108669e-06,6.040674973827519e-06,-6.344991686912508e-06
1627859658415,2021-08-01T19:14:18.415,86.85,4.773149367625912e-06,5.992346623599392e-06,-5.8047355820480846e-06
1627859658465,2021-08-01T19:14:18.465,86.9,5.064031610558288e-06,5.03024706312451e-06,-5.6867832714007824e-06
1627859658515,2021-08-01T19:14:18.515,86.95,6.006893604135031e-06,4.561734615537111e-06,-4.897792606402361e-06
1627859658565,2021-08-01T19:14:18.565,87.0,6.499398974680296e-06,4.636869949143619e-06,-3.4172009713764523e-06
1627859658615,2021-08-01T19:14:18.615,87.05,6.335642269324231e-06,4.372731377629862e-06,-2.514328221568977e-06
1627859658665,2021-08-01T19:14:18.665,87.1,5.856279364657292e-06,3.6029482517815925e-06,-2.823974509300215e-06
1627859658715,2021-08-01T19:14:18.715,87.15,5.457636094032133e-06,3.17841478529676e-06,-3.3345092247787587e-06
1627859658765,2021-08-01T19:14:18.765,87.2,5.434470761831886e-06,3.8744780862309845e-06,-2.9662645812868604e-06
1627859658815,2021-08-01T19:14:18.815,87.25,5.585719606085733e-06,4.97623581201875e-06,-2.024217772433798e-06
1627859658865,2021-08-01T19:14:18.865,87.3,5.599268329253133e-06,4.481713412636657e-06,-1.3057108035708676e-06
1627859658915,2021-08-01T19:14:18.915,87.35,5.699431083054528e-06,2.125069665084042e-06,-8.283482547433962e-07
1627859658965,2021-08-01T19:14:18.965,87.4,5.956815283237528e-06,7.371238351053865e-07,-1.7987574385009538e-07
1627859659015,2021-08-01T19:14:19.015,87.45,5.790845380230354e-06,1.8359639273205888e-06,7.403004106273563e-07
1627859659065,2021-08-01T19:14:19.065,87.5,5.125061294788551e-06,2.750482360589295e-06,1.831715251764469e-06
1627859659115,2021-08-01T19:14:19.115,87.55,4.842943547819124e-06,1.6734108881654883e-06,3.019427172520869e-06
1627859659165,2021-08-01T19:14:19.165,87.6,5.308155893508847e-06,8.447710368385778e-07,4.232700142026499e-06
1627859659215,2021-08-01T19:14:19.215,87.65,5.616121955644392e-06,1.2812677284422306e-06,5.478402623401211e-06
1627859659265,2021-08-01T19:14:19.265,87.7,4.916855929060744e-06,6.947434573758644e-07,6.702076368387389e-06
1627859659315,2021-08-01T19:14:19.315,87.75,3.6314143935508006e-06,-1.0220225358775387e-06,7.659974536910246e-06
1627859659365,2021-08-01T19:14:19.365,87.8,2.8024326358810773e-06,-1.2340865186757447e-06,8.463399014858603e-06
1627859659415,2021-08-01T19:14:19.415,87.85,2.5849832189318e-06,1.0664488685761561e-07,9.7189314960154e-06
1627859659465,2021-08-01T19:14:19.465,87.9,2.2013190192710167e-06,7.775989501235482e-07,1.1454467253136503e-05
1627859659515,2021-08-01T19:14:19.515,87.95,1.4572367008699917e-06,1.0495561351250851e-07,1.2811823483570545e-05
1627859659565,2021-08-01T19:14:19.565,88.0,8.872281893511113e-07,-1.7801195011784233e-06,1.3377071700190631e-05
1627859659615,2021-08-01T19:14:19.615,88.05,2.4547749401704253e-07,-4.706930630636418e-06,1.3669360761618408e-05
1627859659665,2021-08-01T19:14:19.665,88.1,-1.1557395574269908e-06,-6.6340028191378755e-06,1.4052230973582776e-05
1627859659715,2021-08-01T19:14:19.715,88.15,-2.7323998742509636e-06,-5.981023481626109e-06,1.4451475359116796e-05
1627859659765,2021-08-01T19:14:19.765,88.2,-3.3493688658908954e-06,-5.153011383079342e-06,1.5057293279564539e-05
1627859659815,2021-08-01T19:14:19.815,88.25,-3.2195648774647894e-06,-6.591774718584101e-06,1.5969796735885097e-05
1627859659865,2021-08-01T19:14:19.865,88.3,-3.3651221702327667e-06,-8.225320146399223e-06,1.6535379920225844e-05
1627859659915,2021-08-01T19:14:19.915,88.35,-3.877940936310325e-06,-7.579779320547818e-06,1.6244599436728034e-05
1627859659965,2021-08-01T19:14:19.965,88.4,-4.00396305680279e-06,-6.241832313719688e-06,1.5609944932639946e-05
1627859660015,2021-08-01T19:14:20.015,88.45,-3.5991090564056752e-06,-6.471878272463423e-06,1.5245312015632683e-05
1627859660065,2021-08-01T19:14:20.065,88.5,-3.45374518386444e-06,-7.524063371568631e-06,1.5028939282731742e-05
1627859660115,2021-08-01T19:14:20.115,88.55,-3.951497472775463e-06,-7.87037586878789e-06,1.466801228562398e-05
1627859660165,2021-08-01T19:14:20.165,88.6,-4.364669767379752e-06,-7.695100366155662e-06,1.4051480304877244e-05
1627859660215,2021-08-01T19:14:20.215,88.65,-4.01229691004201e-06,-7.5408079202479255e-06,1.3040887467211346e-05
1627859660265,2021-08-01T19:14:20.265,88.7,-3.1663587337731014e-06,-7.0409135494733895e-06,1.1803462676276625e-05
1627859660315,2021-08-01T19:14:20.315,88.75,-2.392020364574373e-06,-6.181092950853271e-06,1.094994772431604e-05
1627859660365,2021-08-01T19:14:20.365,88.8,-1.9220231622418892e-06,-5.848166378239274e-06,1.0720396482112623e-05
1627859660415,2021-08-01T19:14:20.415,88.85,-1.7845010192591328e-06,-6.248789195419895e-06,1.0632424522220782e-05
1627859660465,2021-08-01T19:14:20.465,88.9,-1.7913812816551633e-06,-6.407429041529109e-06,1.0301728860204064e-05
1627859660515,2021-08-01T19:14:20.515,88.95,-1.5949024462899353e-06,-5.819040573836916e-06,9.90725437729956e-06
1627859660565,2021-08-01T19:14:20.565,89.0,-1.1626112430966354e-06,-5.197767451490333e-06,9.56136188914712e-06
1627859660615,2021-08-01T19:14:20.615,89.05,-8.739430732795045e-07,-5.1965512057485055e-06,9.001675414540737e-06
1627859660665,2021-08-01T19:14:20.665,89.1,-1.0855774484290122e-06,-5.529266595535473e-06,8.250526106304415e-06
1627859660715,2021-08-01T19:14:20.715,89.15,-1.7043487763044705e-06,-5.639187628855012e-06,7.83476058697195e-06
1627859660765,2021-08-01T19:14:20.765,89.2,-2.0198801204680008e-06,-5.426312834044243e-06,8.007193156316081e-06
1627859660815,2021-08-01T19:14:20.815,89.25,-1.3841372387150491e-06,-5.148611002257934e-06,8.332753168109908e-06
1627859660865,2021-08-01T19:14:20.865,89.3,-3.5248188950054736e-07,-5.047304615206327e-06,8.289521457269886e-06
1627859660915,2021-08-01T19:14:20.915,89.35,-1.6263232335939659e-07,-5.086143081106867e-06,7.879129429019467e-06
1627859660965,2021-08-01T19:14:20.965,89.4,-7.25856691797258e-07,-4.994204477543968e-06,7.464485541341836e-06
1627859661015,2021-08-01T19:14:21.015,89.45,-5.472126999080611e-07,-4.728884160445719e-06,7.215802889153311e-06
1627859661065,2021-08-01T19:14:21.065,89.5,8.757014562763385e-07,-4.582361744281773e-06,6.883101194952377e-06
1627859661115,2021-08-01T19:14:21.115,89.55,2.1436170766284864e-06,-4.478945409186003e-06,6.223062485800327e-06
1627859661165,2021-08-01T19:14:21.165,89.6,2.095787613813724e-06,-3.885611907167555e-06,5.5761485955398514e-06
1627859661215,2021-08-01T19:14:21.215,89.65,1.4518539688319646e-06,-3.0187656990819504e-06,5.482888642840689e-06
1627859661265,2021-08-01T19:14:21.265,89.7,1.5439859098334836e-06,-2.9966966672885912e-06,5.671570906212261e-06
1627859661315,2021-08-01T19:14:21.315,89.75,2.3954269203215953e-06,-3.893267237387918e-06,5.355623841856761e-06
1627859661365,2021-08-01T19:14:21.365,89.8,2.9632695778361966e-06,-4.266917558276077e-06,4.660735464594302e-06
1627859661415,2021-08-01T19:14:21.415,89.85,2.8750105654552816e-06,-3.678156069819136e-06,4.57957412174671e-06
1627859661465,2021-08-01T19:14:21.465,89.9,2.7917987187563914e-06,-3.390286209183961e-06,5.280221819539235e-06
1627859661515,2021-08-01T19:14:21.515,89.95,2.974658484595799e-06,-3.648470655549272e-06,5.710415557656999e-06
1627859661565,2021-08-01T19:14:21.565,90.0,2.792117125539879e-06,-3.271163807618831e-06,5.3265668572053685e-06
1627859661615,2021-08-01T19:14:21.615,90.05,1.8484774281841319e-06,-2.473473484054481e-06,4.993593597068509e-06
1627859661665,2021-08-01T19:14:21.665,90.1,5.065420674178318e-07,-2.657578207027904e-06,5.475005214835882e-06
1627859661715,2021-08-01T19:14:21.715,90.15,-5.187481209454558e-07,-3.431678311285253e-06,6.16815457509443e-06
1627859661765,2021-08-01T19:14:21.765,90.2,-5.987199606720422e-07,-3.217684505524738e-06,6.199732276898528e-06
1627859661815,2021-08-01T19:14:21.815,90.25,-1.7396337534759677e-09,-2.2309772694227935e-06,5.819007084654869e-06
1627859661865,2021-08-01T19:14:21.865,90.3,7.263639035131811e-08,-1.901080127301212e-06,5.783040593144749e-06
1627859661915,2021-08-01T19:14:21.915,90.35,-6.107681017206293e-07,-2.203125974586642e-06,6.0447910965910605e-06
1627859661965,2021-08-01T19:14:21.965,90.4,-6.480236689449285e-07,-1.962188653432307e-06,5.9570957765535225e-06
1627859662015,2021-08-01T19:14:22.015,90.45,4.848054658803217e-07,-1.1165742347625028e-06,5.3950475611586875e-06
1627859662065,2021-08-01T19:14:22.065,90.5,1.1235552490183011e-06,-8.832097284560109e-07,4.853041024082718e-06
1627859662115,2021-08-01T19:14:22.115,90.55,3.627526337466888e-08,-1.8471291121193489e-06,4.5509650979755965e-06
1627859662165,2021-08-01T19:14:22.165,90.6,-1.6249433266267258e-06,-2.983337950049489e-06,4.217659379545836e-06
1627859662215,2021-08-01T19:14:22.215,90.65,-2.223994818405206e-06,-2.9034973460714554e-06,3.856988817724055e-06
1627859662265,2021-08-01T19:14:22.265,90.7,-1.6826686689785436e-06,-1.6920465661037833e-06,3.857137908636374e-06
1627859662315,2021-08-01T19:14:22.315,90.75,-8.321233738974369e-07,-8.349071963635362e-07,4.052873169153839e-06
1627859662365,2021-08-01T19:14:22.365,90.8,-2.801225317625415e-07,-1.1553100170451858e-06,3.7085965884926334e-06
1627859662415,2021-08-01T19:14:22.415,90.85,-2.720497272226637e-07,-1.8493008981877123e-06,2.802995005090865e-06
1627859662465,2021-08-01T19:14:22.465,90.9,-7.046949389141714e-07,-2.077405846260992e-06,2.2016270314918125e-06
1627859662515,2021-08-01T19:14:22.515,90.95,-1.3297213253492411e-06,-2.048537286109288e-06,2.2130830466100147e-06
1627859662565,2021-08-01T19:14:22.565,91.0,-2.0594764902591578e-06,-1.9331927155949427e-06,2.1241156137478114e-06
1627859662615,2021-08-01T19:14:22.615,91.05,-2.6990838251724845e-06,-1.4932649039579646e-06,1.4712790748643333e-06
1627859662665,2021-08-01T19:14:22.665,91.1,-2.9061578458121493e-06,-1.1056504199860451e-06,7.229019863958638e-07
1627859662715,2021-08-01T19:14:22.715,91.15,-2.8251798264077455e-06,-1.3147543230810861e-06,4.585337318377634e-07
1627859662765,2021-08-01T19:14:22.765,91.2,-3.0814231772579837e-06,-1.6385966139363237e-06,7.090994607691759e-07
1627859662815,2021-08-01T19:14:22.815,91.25,-3.937955689554532e-06,-1.4235844708208385e-06,1.1879939432189854e-06
1627859662865,2021-08-01T19:14:22.865,91.3,-4.9106524689768545e-06,-9.992065627973034e-07,1.507933920035383e-06
1627859662915,2021-08-01T19:14:22.915,91.35,-5.332813208562012e-06,-8.009895229322961e-07,1.23799846163413e-06
1627859662965,2021-08-01T19:14:22.965,91.4,-5.149681859672937e-06,-6.283675064673493e-07,3.5255861183282806e-07
1627859663015,2021-08-01T19:14:23.015,91.45,-4.827895694084013e-06,-4.479021911535974e-07,-5.000673893395055e-07
1627859663065,2021-08-01T19:14:23.065,91.5,-4.556902218878253e-06,-5.592434338043714e-07,-7.351195547301742e-07
1627859663115,2021-08-01T19:14:23.115,91.55,-4.246236828321717e-06,-7.913882062961762e-07,-6.171421909043548e-07
1627859663165,2021-08-01T19:14:23.165,91.6,-4.052683700398146e-06,-7.328653159424551e-07,-7.884272843804105e-07
1627859663215,2021-08-01T19:14:23.215,91.65,-4.035780332292344e-06,-5.030311039847908e-07,-1.3397149852650706e-06
1627859663265,2021-08-01T19:14:23.265,91.7,-3.84256371288708e-06,-4.0810881013008705e-07,-1.7972798540911728e-06
1627859663315,2021-08-01T19:14:23.315,91.75,-3.395315745914652e-06,-4.2166646746446235e-07,-1.7219811673469608e-06
1627859663365,2021-08-01T19:14:23.365,91.8,-3.1022134542164927e-06,-5.458158025948205e-07,-1.136588137039076e-06
1627859663415,2021-08-01T19:14:23.415,91.85,-3.100915433631895e-06,-7.961615700244667e-07,-6.356036684173317e-07
1627859663465,2021-08-01T19:14:23.465,91.9,-3.1247011627893336e-06,-6.883435180458963e-07,-8.762007476401002e-07
1627859663515,2021-08-01T19:14:23.515,91.95,-3.06246517139464e-06,4.9036577215359283e-08,-1.7052763238742636e-06
1627859663565,2021-08-01T19:14:23.565,92.0,-2.946247506427082e-06,5.893003399806706e-07,-2.37310884629302e-06
1627859663615,2021-08-01T19:14:23.615,92.05,-2.7139680511815005e-06,2.452803363792231e-07,-2.795577535810399e-06
1627859663665,2021-08-01T19:14:23.665,92.1,-2.502869104030505e-06,-2.7192532757258995e-07,-3.554511859009682e-06
1627859663715,2021-08-01T19:14:23.715,92.15,-2.6166957650873266e-06,-1.7745214313344468e-07,-4.475164683454175e-06
1627859663765,2021-08-01T19:14:23.765,92.2,-2.907119473685515e-06,8.359639630936414e-08,-4.7168553683234205e-06
1627859663815,2021-08-01T19:14:23.815,92.25,-2.9403609610528692e-06,-7.559663990725383e-08,-4.47203995474293e-06
1627859663865,2021-08-01T19:14:23.865,92.3,-2.8218576258224893e-06,-3.480698396494645e-07,-4.8344940389658766e-06
1627859663915,2021-08-01T19:14:23.915,92.35,-2.97413801656228e-06,-2.8529548642222917e-07,-5.944033083242271e-06
1627859663965,2021-08-01T19:14:23.965,92.4,-3.205064371552688e-06,-7.054947682184201e-09,-6.9114328109700634e-06
1627859664015,2021-08-01T19:14:24.015,92.45,-2.919954648565907e-06,1.905674260201276e-07,-7.25137954815646e-06
1627859664065,2021-08-01T19:14:24.065,92.5,-2.260772894917568e-06,2.2007955176034295e-07,-7.0980420078891805e-06
1627859664115,2021-08-01T19:14:24.115,92.55,-2.207874997491139e-06,1.0062502685630068e-07,-6.706101461333736e-06
1627859664165,2021-08-01T19:14:24.165,92.6,-3.246089932367437e-06,-4.484194204267541e-08,-6.534050543953663e-06
1627859664215,2021-08-01T19:14:24.215,92.65,-4.563687688491027e-06,-1.0516456721787121e-08,-6.935085637032493e-06
1627859664265,2021-08-01T19:14:24.265,92.7,-5.141319382830769e-06,1.632107641703641e-07,-7.509761404456601e-06
1627859664315,2021-08-01T19:14:24.315,92.75,-5.122921102864712e-06,2.9963355722959117e-07,-7.675562225050594e-06
1627859664365,2021-08-01T19:14:24.365,92.8,-5.330629855699897e-06,5.335904051052321e-07,-7.6257283188701715e-06
1627859664415,2021-08-01T19:14:24.415,92.85,-5.8612178661934514e-06,8.717923093962156e-07,-7.837993753514555e-06
1627859664465,2021-08-01T19:14:24.465,92.9,-6.119172181580043e-06,7.996886546618041e-07,-8.23819891797375e-06
1627859664515,2021-08-01T19:14:24.515,92.95,-5.945417364627585e-06,3.0650906590929453e-07,-8.54810916832721e-06
1627859664565,2021-08-01T19:14:24.565,93.0,-5.77056530517762e-06,2.0393460725774719e-07,-8.695810819146034e-06
1627859664615,2021-08-01T19:14:24.615,93.05,-5.833503110301707e-06,5.867897883418636e-07,-8.641736067309753e-06
1627859664665,2021-08-01T19:14:24.665,93.1,-5.978239073741796e-06,5.681022861021481e-07,-8.57691591915929e-06
1627859664715,2021-08-01T19:14:24.715,93.15,-6.048288774684993e-06,-7.263893230227698e-09,-8.947741441022976e-06
1627859664765,2021-08-01T19:14:24.765,93.2,-5.998356007901876e-06,-3.343688559607958e-07,-9.576186928945543e-06
1627859664815,2021-08-01T19:14:24.815,93.25,-5.753199788789644e-06,-2.1686575026501072e-07,-9.577590059991814e-06
1627859664865,2021-08-01T19:14:24.865,93.3,-5.258275936373712e-06,-3.5154843070608123e-07,-8.802497922085678e-06
1627859664915,2021-08-01T19:14:24.915,93.35,-4.701250243184626e-06,-1.0923609173058807e-06,-8.282518641237024e-06
1627859664965,2021-08-01T19:14:24.965,93.4,-4.468931955997358e-06,-1.947675395511861e-06,-8.553032623559894e-06
1627859665015,2021-08-01T19:14:25.015,93.45,-4.625815908304339e-06,-2.2861229974338053e-06,-8.708896370476608e-06
1627859665065,2021-08-01T19:14:25.065,93.5,-4.710122161712816e-06,-1.9972408047313112e-06,-8.014803838430074e-06
1627859665115,2021-08-01T19:14:25.115,93.55,-4.536532118533494e-06,-1.4479511683242076e-06,-7.3223601219177586e-06
1627859665165,2021-08-01T19:14:25.165,93.6,-4.707089637641149e-06,-1.119390791287872e-06,-7.72526433384768e-06
1627859665215,2021-08-01T19:14:25.215,93.65,-5.525404855954018e-06,-1.30390153797583e-06,-8.738353598519787e-06
1627859665265,2021-08-01T19:14:25.265,93.7,-6.097869039259401e-06,-1.8606944993330473e-06,-9.12042630835914e-06
1627859665315,2021-08-01T19:14:25.315,93.75,-5.600726884680927e-06,-2.3102838973626674e-06,-8.75429394498008e-06
1627859665365,2021-08-01T19:14:25.365,93.8,-4.6764392394492345e-06,-2.4104636674618863e-06,-8.421098838500924e-06
1627859665415,2021-08-01T19:14:25.415,93.85,-4.443237963067679e-06,-2.3905500775403957e-06,-8.357516612371161e-06
1627859665465,2021-08-01T19:14:25.465,93.9,-4.870659505956792e-06,-2.458691863957704e-06,-8.093248821657985e-06
1627859665515,2021-08-01T19:14:25.515,93.95,-5.0805046573196755e-06,-2.536481966977483e-06,-7.1654214134628185e-06
1627859665565,2021-08-01T19:14:25.565,94.0,-4.657591293075776e-06,-2.5519904293096907e-06,-5.482313506887036e-06
1627859665615,2021-08-01T19:14:25.615,94.05,-4.033813023995158e-06,-2.511012732272371e-06,-3.5775342497349964e-06
1627859665665,2021-08-01T19:14:25.665,94.1,-3.846341030129002e-06,-2.3469311730636035e-06,-2.4859116468674764e-06
1627859665715,2021-08-01T19:14:25.715,94.15,-4.169691404949999e-06,-2.090713174852776e-06,-2.650427927868068e-06
1627859665765,2021-08-01T19:14:25.765,94.2,-4.4910788281125045e-06,-2.0138299022801713e-06,-3.1892059804506185e-06
1627859665815,2021-08-01T19:14:25.815,94.25,-4.432498098036144e-06,-2.3050493228155084e-06,-2.9220796016041847e-06
1627859665865,2021-08-01T19:14:25.865,94.3,-4.065082731222027e-06,-2.7676877771312183e-06,-1.8008567466280442e-06
1627859665915,2021-08-01T19:14:25.915,94.35,-3.5715064590863896e-06,-3.053957936631093e-06,-7.87526153566584e-07
1627859665965,2021-08-01T19:14:25.965,94.4,-3.2347816635164927e-06,-3.083970837226351e-06,-6.432198935360991e-07
1627859666015,2021-08-01T19:14:26.015,94.45,-3.4668663490702915e-06,-3.0477783274701483e-06,-1.1136429848842104e-06
1627859666065,2021-08-01T19:14:26.065,94.5,-4.173601798734155e-06,-3.0651241795645308e-06,-1.1746854115265037e-06
1627859666115,2021-08-01T19:14:26.115,94.55,-4.575762819234014e-06,-3.048695101931505e-06,-3.0402663356327047e-07
1627859666165,2021-08-01T19:14:26.165,94.6,-4.210018965439991e-06,-2.9349853175316113e-06,6.857370449266631e-07
1627859666215,2021-08-01T19:14:26.215,94.65,-3.505216728144861e-06,-2.8797616283648527e-06,8.464476962333807e-07
1627859666265,2021-08-01T19:14:26.265,94.7,-2.9966151332788204e-06,-3.081969615264619e-06,5.730082129925527e-07
1627859666315,2021-08-01T19:14:26.315,94.75,-2.6645712002673736e-06,-3.4716051470931788e-06,8.20487914252033e-07
1627859666365,2021-08-01T19:14:26.365,94.8,-2.3086052909864374e-06,-3.747787883866049e-06,1.624709143221445e-06
1627859666415,2021-08-01T19:14:26.415,94.85,-1.983441947911804e-06,-3.754734446787513e-06,2.3582810126694488e-06
1627859666465,2021-08-01T19:14:26.465,94.9,-1.8963369221356441e-06,-3.6463078049724557e-06,2.688782142993917e-06
1627859666515,2021-08-01T19:14:26.515,94.95,-2.0350008249971835e-06,-3.627490836811308e-06,2.717581953223776e-06
1627859666565,2021-08-01T19:14:26.565,95.0,-1.9458106471961125e-06,-3.7256209160007577e-06,2.6508613442937797e-06
1627859666615,2021-08-01T19:14:26.615,95.05,-1.3206145783730793e-06,-3.875141795132014e-06,2.5564424479290525e-06
1627859666665,2021-08-01T19:14:26.665,95.1,-7.733529227392375e-07,-4.038614685972047e-06,2.5368709240493293e-06
1627859666715,2021-08-01T19:14:26.715,95.15,-1.0340394162295974e-06,-4.1873968207830615e-06,3.0261424300006375e-06
1627859666765,2021-08-01T19:14:26.765,95.2,-1.568847947552821e-06,-4.285454738962484e-06,4.144747496266901e-06
1627859666815,2021-08-01T19:14:26.815,95.25,-1.388396077175563e-06,-4.324500739027545e-06,4.986718379573187e-06
1627859666865,2021-08-01T19:14:26.865,95.3,-8.211040678252834e-07,-4.359328366029161e-06,4.7723501731457174e-06
1627859666915,2021-08-01T19:14:26.915,95.35,-9.721064526476987e-07,-4.47796711049868e-06,4.1879821436752205e-06
1627859666965,2021-08-01T19:14:26.965,95.4,-1.8935324741618252e-06,-4.653814830844387e-06,4.249340675367466e-06
1627859667015,2021-08-01T19:14:27.015,95.45,-2.6373550929932915e-06,-4.734003931910753e-06,4.707711584297772e-06
1627859667065,2021-08-01T19:14:27.065,95.5,-2.715358425227953e-06,-4.702427320904205e-06,4.8055215158720155e-06
1627859667115,2021-08-01T19:14:27.115,95.55,-2.4461368685864417e-06,-4.698158292294359e-06,4.613281578510458e-06
1627859667165,2021-08-01T19:14:27.165,95.6,-2.094737566843985e-06,-4.696248306977099e-06,4.645566560411458e-06
1627859667215,2021-08-01T19:14:27.215,95.65,-1.5499478721067124e-06,-4.622870759639213e-06,4.964107299013457e-06
1627859667265,2021-08-01T19:14:27.265,95.7,-9.553754602593675e-07,-4.723624018096251e-06,5.276351664722135e-06
1627859667315,2021-08-01T19:14:27.315,95.75,-8.627778185523398e-07,-5.18220739940132e-06,5.410718152078658e-06
1627859667365,2021-08-01T19:14:27.365,95.8,-1.345478915805319e-06,-5.644233461244276e-06,5.3882215358822545e-06
1627859667415,2021-08-01T19:14:27.415,95.85,-1.8086977664558766e-06,-5.829115140546087e-06,5.27631285981118e-06
1627859667465,2021-08-01T19:14:27.465,95.9,-2.0908182800312625e-06,-6.065246227240188e-06,5.1245932129058894e-06
1627859667515,2021-08-01T19:14:27.515,95.95,-2.535078424286318e-06,-6.572398961911861e-06,5.003513178145857e-06
1627859667565,2021-08-01T19:14:27.565,96.0,-2.797963005863699e-06,-7.01902868602503e-06,5.039904906474678e-06
1627859667615,2021-08-01T19:14:27.615,96.05,-2.3148957006783054e-06,-7.1739715200839014e-06,5.341905951355059e-06
1627859667665,2021-08-01T19:14:27.665,96.1,-1.7286060665884281e-06,-7.069235023298289e-06,5.900018022697783e-06
1627859667715,2021-08-01T19:14:27.715,96.15,-1.8569832260289214e-06,-6.644116759646389e-06,6.629005497437287e-06
1627859667765,2021-08-01T19:14:27.765,96.2,-2.1023336619422164e-06,-6.11587601677272e-06,7.411394296753433e-06
1627859667815,2021-08-01T19:14:27.815,96.25,-1.871912115619508e-06,-5.993557891384546e-06,8.02272120471427e-06
1627859667865,2021-08-01T19:14:27.865,96.3,-2.0222459938041546e-06,-6.126629598345977e-06,8.279341280110076e-06
1627859667915,2021-08-01T19:14:27.915,96.35,-3.107447736420157e-06,-5.978175179610019e-06,8.385484992306922e-06
1627859667965,2021-08-01T19:14:27.965,96.4,-4.114417889628106e-06,-5.949616731777348e-06,8.776052730708392e-06
1627859668015,2021-08-01T19:14:28.015,96.45,-4.311342155740716e-06,-6.704060391196903e-06,9.480481211785443e-06
1627859668065,2021-08-01T19:14:28.065,96.5,-4.449712907386898e-06,-7.508962892389967e-06,1.0016951732528879e-05
1627859668115,2021-08-01T19:14:28.115,96.55,-5.226328598462097e-06,-7.278122772510317e-06,1.0100252510581036e-05
1627859668165,2021-08-01T19:14:28.165,96.6,-6.216136446269461e-06,-6.540043816332484e-06,1.0023726212405783e-05
1627859668215,2021-08-01T19:14:28.215,96.65,-6.919679639422743e-06,-6.403687835765857e-06,1.0022627527200056e-05
1627859668265,2021-08-01T19:14:28.265,96.7,-7.47748721158387e-06,-6.731309849696512e-06,9.867461688452396e-06
1627859668315,2021-08-01T19:14:28.315,96.75,-7.905865120782612e-06,-6.983115076149078e-06,9.505292807801925e-06
1627859668365,2021-08-01T19:14:28.365,96.8,-7.84168801199532e-06,-7.3750493187522416e-06,9.292313455188626e-06
1627859668415,2021-08-01T19:14:28.415,96.85,-7.420465347123402e-06,-8.002110356560964e-06,9.253169984600742e-06
1627859668465,2021-08-01T19:14:28.465,96.9,-7.396265751206058e-06,-8.32191297353134e-06,9.01057953334164e-06
1627859668515,2021-08-01T19:14:28.515,96.95,-8.17097007568583e-06,-8.12241302956889e-06,8.613263932497907e-06
1627859668565,2021-08-01T19:14:28.565,97.0,-9.377208677114104e-06,-7.739512580567968e-06,8.645877812628615e-06
1627859668615,2021-08-01T19:14:28.615,97.05,-1.0383050630608144e-05,-7.3318415296518164e-06,9.401596230072389e-06
1627859668665,2021-08-01T19:14:28.665,97.1,-1.0903497989331023e-05,-6.824797699332527e-06,1.0392651852977915e-05
1627859668715,2021-08-01T19:14:28.715,97.15,-1.1277832195833943e-05,-6.121601222251732e-06,1.0916091112865969e-05
1627859668765,2021-08-01T19:14:28.765,97.2,-1.2068993397046331e-05,-5.110204420295722e-06,1.1000420929390559e-05
1627859668815,2021-08-01T19:14:28.815,97.25,-1.3242485640054032e-05,-4.014969419511675e-06,1.1257328713331376e-05
1627859668865,2021-08-01T19:14:28.865,97.3,-1.4103991305497728e-05,-3.0768796216720323e-06,1.1776368015048154e-05
1627859668915,2021-08-01T19:14:28.915,97.35,-1.4155227367839028e-05,-1.6766503638935778e-06,1.2175481321923745e-05
1627859668965,2021-08-01T19:14:28.965,97.4,-1.3651414251685169e-05,3.121094231428708e-07,1.274156280639172e-05
1627859669015,2021-08-01T19:14:29.015,97.45,-1.3215549702052972e-05,8.287317749660946e-07,1.4133160885261454e-05
1627859669065,2021-08-01T19:14:29.065,97.5,-1.2884156991121408e-05,-1.3221657297492317e-06,1.603008138544125e-05
1627859669115,2021-08-01T19:14:29.115,97.55,-1.1649488047128826e-05,-3.0037754149914558e-06,1.7429704822207558e-05
1627859669165,2021-08-01T19:14:29.165,97.6,-8.55717188694278e-06,-6.911020603138935e-07,1.7908361525053253e-05
1627859669215,2021-08-01T19:14:29.215,97.65,-4.192977225568425e-06,4.0840649225006854e-06,1.741891138493077e-05
1627859669265,2021-08-01T19:14:29.265,97.7,-1.670411064915026e-07,7.441338925712139e-06,1.564857717264724e-05
1627859669315,2021-08-01T19:14:29.315,97.75,2.6752261851289085e-06,8.61737972259117e-06,1.2770808727314545e-05
1627859669365,2021-08-01T19:14:29.365,97.8,4.544850063774744e-06,9.136335896348283e-06,9.881240904517637e-06
1627859669415,2021-08-01T19:14:29.415,97.85,5.677471721447018e-06,9.290713412137988e-06,7.710828714493071e-06
1627859669465,2021-08-01T19:14:29.465,97.9,6.160404574953393e-06,8.591592411051014e-06,5.967586880244762e-06
1627859669515,2021-08-01T19:14:29.515,97.95,6.476990563993369e-06,7.833571639062438e-06,4.450263670701299e-06
1627859669565,2021-08-01T19:14:29.565,98.0,7.140942176814267e-06,7.97298097031643e-06,3.497869965746858e-06
1627859669615,2021-08-01T19:14:29.615,98.05,7.88335919112951e-06,8.008587823708822e-06,3.042576346084018e-06
1627859669665,2021-08-01T19:14:29.665,98.1,8.071577280179227e-06,6.5243939347766555e-06,2.3479754608014987e-06
1627859669715,2021-08-01T19:14:29.715,98.15,7.816619496665742e-06,4.44478052591178e-06,8.206482647957815e-07
1627859669765,2021-08-01T19:14:29.765,98.2,7.882202407581103e-06,3.5593078618131215e-06,-1.5388812609182932e-06
1627859669815,2021-08-01T19:14:29.815,98.25,8.651764624904726e-06,3.5123872048139815e-06,-4.275298367149254e-06
1627859669865,2021-08-01T19:14:29.865,98.3,9.807757814392248e-06,3.1244502548706233e-06,-6.649147660728759e-06
1627859669915,2021-08-01T19:14:29.915,98.35,1.0769917295833622e-05,2.88224686989946e-06,-8.015997692077584e-06
1627859669965,2021-08-01T19:14:29.965,98.4,1.1024579748746651e-05,3.330608213361637e-06,-8.332442092417017e-06
1627859670015,2021-08-01T19:14:30.015,98.45,1.0461949357015127e-05,3.542301022421187e-06,-7.991583635548145e-06
1627859670065,2021-08-01T19:14:30.065,98.5,9.663809452320766e-06,3.3006128534003223e-06,-7.2979870665532605e-06
1627859670115,2021-08-01T19:14:30.115,98.55,9.312376510264122e-06,3.501130740985509e-06,-6.654406082923797e-06
1627859670165,2021-08-01T19:14:30.165,98.6,9.32247877126005e-06,3.6018886396036886e-06,-6.811274592240004e-06
1627859670215,2021-08-01T19:14:30.215,98.65,9.216907312634113e-06,2.7007566000719747e-06,-8.057705028239197e-06
1627859670265,2021-08-01T19:14:30.265,98.7,9.032411291474466e-06,2.447306197684801e-06,-9.511351981839335e-06
1627859670315,2021-08-01T19:14:30.315,98.75,9.100363994655773e-06,4.545188764775469e-06,-9.935851176120886e-06
1627859670365,2021-08-01T19:14:30.365,98.8,9.322647313406795e-06,7.209431051141341e-06,-8.97406824109964e-06
1627859670415,2021-08-01T19:14:30.415,98.85,9.271247730945617e-06,7.926444196528443e-06,-7.187084579233124e-06
1627859670465,2021-08-01T19:14:30.465,98.9,8.778609490305466e-06,7.158450256813767e-06,-5.392068281447406e-06
1627859670515,2021-08-01T19:14:30.515,98.95,8.16413792125793e-06,6.557577690948724e-06,-4.294260640767475e-06
1627859670565,2021-08-01T19:14:30.565,99.0,7.916850611813267e-06,6.2798415850018355e-06,-4.095002173842195e-06
1627859670615,2021-08-01T19:14:30.615,99.05,8.156063172674433e-06,5.884360884144466e-06,-4.207808872716737e-06
1627859670665,2021-08-01T19:14:30.665,99.1,8.477672697158611e-06,5.633910009822951e-06,-4.096848994316215e-06
1627859670715,2021-08-01T19:14:30.715,99.15,8.443368323974051e-06,5.738021473973109e-06,-4.160707691093609e-06
1627859670765,2021-08-01T19:14:30.765,99.2,8.12683775254799e-06,5.695185194969647e-06,-4.8095798241591695e-06
1627859670815,2021-08-01T19:14:30.815,99.25,7.966177420228096e-06,5.137085142717285e-06,-5.432913288755249e-06
1627859670865,2021-08-01T19:14:30.865,99.3,8.095680513797578e-06,4.611531195764512e-06,-5.381534325306677e-06
1627859670915,2021-08-01T19:14:30.915,99.35,8.182406504099053e-06,4.805970822825903e-06,-4.9524875656768065e-06
1627859670965,2021-08-01T19:14:30.965,99.4,8.014571341282487e-06,5.318518200801078e-06,-4.637153153195167e-06
1627859671015,2021-08-01T19:14:31.015,99.45,7.773305216996606e-06,5.167470301560683e-06,-4.4667056377794464e-06
1627859671065,2021-08-01T19:14:31.065,99.5,7.5834990786615155e-06,4.330627899088422e-06,-4.359686176321726e-06
1627859671115,2021-08-01T19:14:31.115,99.55,7.277523035165437e-06,3.600797547490661e-06,-4.201571388013666e-06
1627859671165,2021-08-01T19:14:31.165,99.6,6.708438166372257e-06,3.2704726141880712e-06,-3.6588507289285885e-06
1627859671215,2021-08-01T19:14:31.215,99.65,6.021979397222003e-06,3.159586921147879e-06,-2.6173101833125205e-06
1627859671265,2021-08-01T19:14:31.265,99.7,5.65915410739063e-06,3.3012270010836274e-06,-1.7244060061440216e-06
1627859671315,2021-08-01T19:14:31.315,99.75,5.971645155156956e-06,3.7059284371188837e-06,-1.867311324831468e-06
1627859671365,2021-08-01T19:14:31.365,99.8,6.584629340255482e-06,4.292041933659056e-06,-2.9283953472056003e-06
1627859671415,2021-08-01T19:14:31.415,99.85,6.654817241159464e-06,5.187608354159921e-06,-3.7391722420303755e-06
1627859671465,2021-08-01T19:14:31.465,99.9,6.051355233624972e-06,6.032859791950811e-06,-3.660481621747755e-06
1627859671515,2021-08-01T19:14:31.515,99.95,5.486258351689459e-06,5.7533697497944315e-06,-3.336644544459527e-06
1627859671565,2021-08-01T19:14:31.565,100.0,5.357387366122852e-06,4.364772955658725e-06,-3.3863222704496527e-06
1627859671615,2021-08-01T19:14:31.615,100.05,5.340271423086939e-06,3.5702555268938673e-06,-3.4116370441468664e-06
1627859671665,2021-08-01T19:14:31.665,100.1,5.106091900325864e-06,4.1598619389245945e-06,-2.9597005783263144e-06
1627859671715,2021-08-01T19:14:31.715,100.15,4.779328729264411e-06,4.7239594917690014e-06,-2.4606958033896255e-06
1627859671765,2021-08-01T19:14:31.765,100.2,4.658740912240475e-06,4.233859080078273e-06,-2.449432681276127e-06
1627859671815,2021-08-01T19:14:31.815,100.25,4.758023838707961e-06,3.6344176458989483e-06,-2.668786619561579e-06
1627859671865,2021-08-01T19:14:31.865,100.3,4.789223662838873e-06,3.751511991735651e-06,-2.670415204485247e-06
1627859671915,2021-08-01T19:14:31.915,100.35,4.59612219051273e-06,3.9777817875942795e-06,-2.5777213567107105e-06
1627859671965,2021-08-01T19:14:31.965,100.4,4.297472101922888e-06,3.911593102835485e-06,-2.636220631049396e-06
1627859672015,2021-08-01T19:14:32.015,100.45,3.9637874003947005e-06,4.094066450958645e-06,-2.711473234570796e-06
1627859672065,2021-08-01T19:14:32.065,100.5,3.5813115074093857e-06,4.538241638237763e-06,-2.698536192875264e-06
1627859672115,2021-08-01T19:14:32.115,100.55,3.3563905522981456e-06,4.471448080446015e-06,-2.776087756173946e-06
1627859672165,2021-08-01T19:14:32.165,100.6,3.503817183552152e-06,3.8888535060546055e-06,-2.96743060143588e-06
1627859672215,2021-08-01T19:14:32.215,100.65,3.673612055656746e-06,3.6997245567640145e-06,-3.0153596130687523e-06
1627859672265,2021-08-01T19:14:32.265,100.7,3.280629040602582e-06,4.117070265390429e-06,-2.78191866968668e-06
1627859672315,2021-08-01T19:14:32.315,100.75,2.4590250775209523e-06,4.267894109589033e-06,-2.321333925396841e-06
1627859672365,2021-08-01T19:14:32.365,100.8,1.8904048119555865e-06,3.5971874372693456e-06,-1.7175709212416354e-06
1627859672415,2021-08-01T19:14:32.415,100.85,1.847217427092341e-06,2.709232359507671e-06,-1.220541937859203e-06
1627859672465,2021-08-01T19:14:32.465,100.9,2.1727464094623894e-06,2.543213219801063e-06,-1.1564892580169858e-06
1627859672515,2021-08-01T19:14:32.515,100.95,2.625353184931607e-06,3.1344240952288144e-06,-1.3784266385951426e-06
1627859672565,2021-08-01T19:14:32.565,101.0,2.7093485254633696e-06,3.607541213077811e-06,-1.3347162476283755e-06
1627859672615,2021-08-01T19:14:32.615,101.05,2.1299546309718885e-06,3.4627917524581163e-06,-9.80192445559438e-07
1627859672665,2021-08-01T19:14:32.665,101.1,1.527966405029129e-06,3.1750634083236806e-06,-9.643226227073978e-07
1627859672715,2021-08-01T19:14:32.715,101.15,1.6221769182018054e-06,3.065419300575765e-06,-1.543098508341316e-06
1627859672765,2021-08-01T19:14:32.765,101.2,1.9315045575838903e-06,2.6768459682425862e-06,-2.055858064949943e-06
1627859672815,2021-08-01T19:14:32.815,101.25,1.5175151294881023e-06,1.9734064153108595e-06,-1.9560949970682465e-06
1627859672865,2021-08-01T19:14:32.865,101.3,5.676826858686458e-07,1.7393872209672085e-06,-1.5201490284523074e-06
1627859672915,2021-08-01T19:14:32.915,101.35,1.3930577842416218e-07,2.1245352604272614e-06,-1.1027401325207674e-06
1627859672965,2021-08-01T19:14:32.965,101.4,5.269162388898145e-07,2.2702384284374903e-06,-7.090272670963022e-07
1627859673015,2021-08-01T19:14:33.015,101.45,8.2720135741025e-07,1.7615976276960292e-06,-6.089033706192421e-07
1627859673065,2021-08-01T19:14:33.065,101.5,3.445782820468561e-07,1.2545150535333621e-06,-1.259357033176767e-06
1627859673115,2021-08-01T19:14:33.115,101.55,-2.9280951877344276e-07,1.5428075527245356e-06,-2.4432584599860935e-06
1627859673165,2021-08-01T19:14:33.165,101.6,-1.1022074662520146e-07,2.580716635718458e-06,-3.393971161840422e-06
1627859673215,2021-08-01T19:14:33.215,101.65,6.195527031235546e-07,3.3674137450866146e-06,-3.723426869741971e-06
1627859673265,2021-08-01T19:14:33.265,101.7,8.493684826871289e-07,2.9608323751875766e-06,-3.6138459909234406e-06
1627859673315,2021-08-01T19:14:33.315,101.75,4.4741251198457364e-07,1.7848328244840674e-06,-3.351328063762657e-06
1627859673365,2021-08-01T19:14:33.365,101.8,1.6408427586648002e-07,1.1350491009801098e-06,-3.140174789900098e-06
1627859673415,2021-08-01T19:14:33.415,101.85,2.9834091832998456e-07,1.265160861715296e-06,-3.1248109768824628e-06
1627859673465,2021-08-01T19:14:33.465,101.9,4.7264009630809765e-07,1.3150629121204092e-06,-3.267318415181034e-06
1627859673515,2021-08-01T19:14:33.515,101.95,2.969669009615169e-07,1.0584572420616414e-06,-3.3659337914840193e-06
1627859673565,2021-08-01T19:14:33.565,102.0,-3.2802533587790034e-07,9.905142041125732e-07,-3.26470317286492e-06
1627859673615,2021-08-01T19:14:33.615,102.05,-1.0237287636261614e-06,1.0326413342318044e-06,-2.950466568858842e-06
1627859673665,2021-08-01T19:14:33.665,102.1,-1.0184945911019726e-06,8.825598853251736e-07,-2.7563954234840967e-06
1627859673715,2021-08-01T19:14:33.715,102.15,-9.134686787746226e-08,1.0060562430880452e-06,-3.4236939169919225e-06
1627859673765,2021-08-01T19:14:33.765,102.2,8.504559253573887e-07,1.8419636199418125e-06,-5.1039635522481405e-06
1627859673815,2021-08-01T19:14:33.815,102.25,8.392692963565983e-07,2.7984560393890785e-06,-6.505784713253002e-06
1627859673865,2021-08-01T19:14:33.865,102.3,1.9185222801293345e-07,3.0740211135109205e-06,-6.358524263325282e-06
1627859673915,2021-08-01T19:14:33.915,102.35,2.4533359478209077e-08,2.7750104289745743e-06,-5.39139504933154e-06
1627859673965,2021-08-01T19:14:33.965,102.4,4.993560299145162e-07,2.5363791792988937e-06,-5.362617786456859e-06
1627859674015,2021-08-01T19:14:34.015,102.45,5.81235423219372e-07,2.543388107040615e-06,-6.508924798594955e-06
1627859674065,2021-08-01T19:14:34.065,102.5,-9.622860977547035e-08,2.4577355549988897e-06,-7.432249452419736e-06
1627859674115,2021-08-01T19:14:34.115,102.55,-4.1332621913996706e-07,2.123893253544102e-06,-7.30897120645113e-06
1627859674165,2021-08-01T19:14:34.165,102.6,4.6680637388711556e-07,1.8754153548873122e-06,-6.81880222911067e-06
1627859674215,2021-08-01T19:14:34.215,102.65,1.806276027231336e-06,2.0221958561979153e-06,-6.764916587479199e-06
1627859674265,2021-08-01T19:14:34.265,102.7,2.469454474015602e-06,2.366889812160692e-06,-7.022024277200876e-06
1627859674315,2021-08-01T19:14:34.315,102.75,2.247642744045017e-06,2.4199958681211773e-06,-7.082936385201227e-06
1627859674365,2021-08-01T19:14:34.365,102.8,1.5939818654414675e-06,2.038993127555954e-06,-6.702463092923497e-06
1627859674415,2021-08-01T19:14:34.415,102.85,9.965422530062496e-07,1.749906925440236e-06,-6.125180961732243e-06
1627859674465,2021-08-01T19:14:34.465,102.9,8.012556653292492e-07,2.0752069794505945e-06,-6.1020922037708036e-06
1627859674515,2021-08-01T19:14:34.515,102.95,1.0039814863813537e-06,2.624145133929571e-06,-6.901217186120558e-06
1627859674565,2021-08-01T19:14:34.565,103.0,1.2225088157579599e-06,2.6524237933119356e-06,-7.549815410512329e-06
1627859674615,2021-08-01T19:14:34.615,103.05,1.2632506903108138e-06,2.2935670028064693e-06,-7.2941319450038255e-06
1627859674665,2021-08-01T19:14:34.665,103.1,1.4899273824589575e-06,2.123080647757594e-06,-6.8213432083635095e-06
1627859674715,2021-08-01T19:14:34.715,103.15,2.150821472948369e-06,2.017496373287908e-06,-6.7811327603441245e-06
1627859674765,2021-08-01T19:14:34.765,103.2,2.6484939868739357e-06,1.699311027235649e-06,-6.670383519809793e-06
1627859674815,2021-08-01T19:14:34.815,103.25,2.344601896522162e-06,1.692259146334034e-06,-6.279948391160146e-06
1627859674865,2021-08-01T19:14:34.865,103.3,1.8395252950959336e-06,2.5436808218701956e-06,-6.585716945860495e-06
1627859674915,2021-08-01T19:14:34.915,103.35,2.1751181053497383e-06,3.7255902409399433e-06,-8.119240396308255e-06
1627859674965,2021-08-01T19:14:34.965,103.4,3.0203836400652095e-06,4.125960980934055e-06,-9.629206750821218e-06
1627859675015,2021-08-01T19:14:35.015,103.45,3.1823937121055736e-06,3.3141325669443222e-06,-9.55512961059802e-06
1627859675065,2021-08-01T19:14:35.065,103.5,2.603736103553229e-06,2.05160762567743e-06,-8.29704873015842e-06
1627859675115,2021-08-01T19:14:35.115,103.55,2.3180851777572252e-06,1.5011974761979553e-06,-7.668842725592341e-06
1627859675165,2021-08-01T19:14:35.165,103.6,2.6731069804486507e-06,1.8264921647003982e-06,-8.180793780634277e-06
1627859675215,2021-08-01T19:14:35.215,103.65,2.9178075446111615e-06,2.122633924770744e-06,-8.48484670676369e-06
1627859675265,2021-08-01T19:14:35.265,103.7,2.5678248631757334e-06,1.9905000001641103e-06,-7.851887518336198e-06
1627859675315,2021-08-01T19:14:35.315,103.75,2.1547482495981347e-06,2.1074029591493173e-06,-7.370689504853188e-06
1627859675365,2021-08-01T19:14:35.365,103.8,2.3093818781509557e-06,2.861964341395731e-06,-7.905493499851444e-06
1627859675415,2021-08-01T19:14:35.415,103.85,2.838025669171488e-06,3.623381282869091e-06,-8.626939691052395e-06
1627859675465,2021-08-01T19:14:35.465,103.9,3.146868361073996e-06,3.760209444186775e-06,-8.583308193718591e-06
1627859675515,2021-08-01T19:14:35.515,103.95,3.0964449430679505e-06,3.4785738143904425e-06,-8.21413763155253e-06
1627859675565,2021-08-01T19:14:35.565,104.0,2.9946031094762445e-06,3.4245031651010027e-06,-8.301006188448202e-06
1627859675615,2021-08-01T19:14:35.615,104.05,2.9822434219243042e-06,3.950482362470021e-06,-8.678736309419258e-06
1627859675665,2021-08-01T19:14:35.665,104.1,2.8885731122539884e-06,4.7101385718277226e-06,-8.893659794861181e-06
1627859675715,2021-08-01T19:14:35.715,104.15,2.733177787690472e-06,4.882355308038607e-06,-8.990049559267304e-06
1627859675765,2021-08-01T19:14:35.765,104.2,2.86749429313559e-06,4.19935215300254e-06,-8.830707871887651e-06
1627859675815,2021-08-01T19:14:35.815,104.25,3.3514033330570336e-06,3.462661276483873e-06,-7.823796818907462e-06
1627859675865,2021-08-01T19:14:35.865,104.3,3.7092700697253007e-06,3.3987142922902857e-06,-6.104701811404905e-06
1627859675915,2021-08-01T19:14:35.915,104.35,3.6476501319709796e-06,3.715841546120293e-06,-4.951206214735474e-06
1627859675965,2021-08-01T19:14:35.965,104.4,3.4804803432730397e-06,3.990212685398732e-06,-5.341933495702259e-06
1627859676015,2021-08-01T19:14:36.015,104.45,3.54057983023288e-06,4.321755389408175e-06,-6.632032228880358e-06
1627859676065,2021-08-01T19:14:36.065,104.5,3.6599746225897896e-06,4.506322173826361e-06,-7.112615531562096e-06
1627859676115,2021-08-01T19:14:36.115,104.55,3.4552817122844806e-06,4.037060168319898e-06,-5.985673093934784e-06
1627859676165,2021-08-01T19:14:36.165,104.6,2.897660518325298e-06,3.254890031427931e-06,-4.476051217034478e-06
1627859676215,2021-08-01T19:14:36.215,104.65,2.513621633914921e-06,2.939385525564799e-06,-4.2237464393473795e-06
1627859676265,2021-08-01T19:14:36.265,104.7,2.83278370213466e-06,2.9377658246263586e-06,-4.794461415339434e-06
1627859676315,2021-08-01T19:14:36.315,104.75,3.613608209961263e-06,2.6656603202182395e-06,-4.2766874841866445e-06
1627859676365,2021-08-01T19:14:36.365,104.8,4.125825810064033e-06,2.296189954855653e-06,-2.518292136836834e-06
1627859676415,2021-08-01T19:14:36.415,104.85,4.1449959531470815e-06,2.2807109947507832e-06,-1.7844324416979916e-06
1627859676465,2021-08-01T19:14:36.465,104.9,4.072623904960778e-06,2.5685008614819686e-06,-3.387315050394962e-06
1627859676515,2021-08-01T19:14:36.515,104.95,4.261527437734808e-06,2.9138993098117194e-06,-5.57920798465569e-06
1627859676565,2021-08-01T19:14:36.565,105.0,4.628074815870894e-06,3.1346494327882414e-06,-6.021494249808455e-06
1627859676615,2021-08-01T19:14:36.615,105.05,4.805361178858599e-06,3.1185875958362215e-06,-4.8607975714133045e-06
1627859676665,2021-08-01T19:14:36.665,105.1,4.6661608661474265e-06,3.1693186108343218e-06,-4.017276989067494e-06
1627859676715,2021-08-01T19:14:36.715,105.15,4.558416810849472e-06,3.6954258740908937e-06,-4.330123803294257e-06
1627859676765,2021-08-01T19:14:36.765,105.2,4.694714675862987e-06,4.288412711902219e-06,-4.789693529569268e-06
1627859676815,2021-08-01T19:14:36.815,105.25,4.763907076358087e-06,4.217327588297198e-06,-4.482547526756505e-06
1627859676865,2021-08-01T19:14:36.865,105.3,4.593395466868009e-06,3.7579114905372684e-06,-3.965376708076697e-06
1627859676915,2021-08-01T19:14:36.915,105.35,4.487090008381521e-06,3.6334243542383744e-06,-3.997018432986189e-06
1627859676965,2021-08-01T19:14:36.965,105.4,4.5689252005967e-06,3.61737944482914e-06,-4.0830547694516164e-06
1627859677015,2021-08-01T19:14:37.015,105.45,4.634909716589874e-06,3.2560663691694328e-06,-3.5498864803659976e-06
1627859677065,2021-08-01T19:14:37.065,105.5,4.718729572760415e-06,3.0226398249504977e-06,-3.0548338116500426e-06
1627859677115,2021-08-01T19:14:37.115,105.55,4.966695555664827e-06,3.1994108368852915e-06,-3.5417211105032816e-06
1627859677165,2021-08-01T19:14:37.165,105.6,5.221894359650872e-06,3.107388216269081e-06,-4.480181756400842e-06
1627859677215,2021-08-01T19:14:37.215,105.65,5.337172846952129e-06,2.702249316670212e-06,-4.5105964230716995e-06
1627859677265,2021-08-01T19:14:37.265,105.7,5.357465857376556e-06,2.9072579440206663e-06,-3.312826016281276e-06
1627859677315,2021-08-01T19:14:37.315,105.75,5.220562969256492e-06,3.619227223834464e-06,-1.8234297803116275e-06
1627859677365,2021-08-01T19:14:37.365,105.8,4.891446972502527e-06,3.681197902837851e-06,-9.058787749469692e-07
1627859677415,2021-08-01T19:14:37.415,105.85,4.519849747997099e-06,2.913348868905072e-06,-3.5382849394945667e-07
1627859677465,2021-08-01T19:14:37.465,105.9,4.0264945076023175e-06,2.0200027141461674e-06,8.733017541665924e-07
1627859677515,2021-08-01T19:14:37.515,105.95,3.1093523909161175e-06,1.143759414394555e-06,3.432084332991442e-06
1627859677565,2021-08-01T19:14:37.565,106.0,1.9148380260210635e-06,3.046178509105898e-07,6.703075280277133e-06
1627859677615,2021-08-01T19:14:37.615,106.05,1.0367609071574017e-06,1.4806670116259988e-07,9.48178797613395e-06
1627859677665,2021-08-01T19:14:37.665,106.1,5.40089056072336e-07,9.078834138708965e-07,1.1229182798207786e-05
1627859677715,2021-08-01T19:14:37.715,106.15,-4.329814851751878e-07,1.6437756365929419e-06,1.2154370523743492e-05
1627859677765,2021-08-01T19:14:37.765,106.2,-2.5002183871278762e-06,1.2261706900350176e-06,1.2727896750322205e-05
1627859677815,2021-08-01T19:14:37.815,106.25,-4.876134621081682e-06,-4.922589383466825e-07,1.3576507625953945e-05
1627859677865,2021-08-01T19:14:37.865,106.3,-6.250792931867036e-06,-2.4675359298428023e-06,1.4967212309186349e-05
1627859677915,2021-08-01T19:14:37.915,106.35,-6.65417979197955e-06,-3.3256691362085836e-06,1.615558497134713e-05
1627859677965,2021-08-01T19:14:37.965,106.4,-7.3318356887532254e-06,-3.044078837262492e-06,1.619640290687509e-05
1627859678015,2021-08-01T19:14:38.015,106.45,-8.725569161288096e-06,-3.221282733493815e-06,1.5228919237212925e-05
1627859678065,2021-08-01T19:14:38.065,106.5,-9.89588954872881e-06,-4.522568128992693e-06,1.4075168985076054e-05
1627859678115,2021-08-01T19:14:38.115,106.55,-1.0228020933304063e-05,-5.2512678910577165e-06,1.3215048179327364e-05
1627859678165,2021-08-01T19:14:38.165,106.6,-1.0277946855285958e-05,-4.185630001379744e-06,1.2889041573194334e-05
1627859678215,2021-08-01T19:14:38.215,106.65,-1.0413783757379262e-05,-2.9499472755282512e-06,1.3170695476935517e-05
1627859678265,2021-08-01T19:14:38.265,106.7,-9.964782810023258e-06,-3.585308203290168e-06,1.3456885744542253e-05
1627859678315,2021-08-01T19:14:38.315,106.75,-8.447029204452672e-06,-5.47014746446863e-06,1.3041102262610373e-05
1627859678365,2021-08-01T19:14:38.365,106.8,-6.625012494931674e-06,-6.403106067908464e-06,1.2193795725208667e-05
1627859678415,2021-08-01T19:14:38.415,106.85,-5.492299581012313e-06,-5.684122317326987e-06,1.1661324898101043e-05
1627859678465,2021-08-01T19:14:38.465,106.9,-4.913251324810881e-06,-4.721768115999326e-06,1.1628304561205455e-05
1627859678515,2021-08-01T19:14:38.515,106.95,-4.257756886923477e-06,-4.79175635336891e-06,1.1868848375108178e-05
1627859678565,2021-08-01T19:14:38.565,107.0,-3.6626474038930476e-06,-5.37442020670715e-06,1.2057319824316516e-05
1627859678615,2021-08-01T19:14:38.615,107.05,-3.530070917388871e-06,-5.34759319607613e-06,1.1636283870878072e-05
1627859678665,2021-08-01T19:14:38.665,107.1,-3.5767735332836487e-06,-4.823811332112965e-06,1.0364145835065479e-05
1627859678715,2021-08-01T19:14:38.715,107.15,-3.44665384227481e-06,-4.6170556162247375e-06,8.977195512463645e-06
1627859678765,2021-08-01T19:14:38.765,107.2,-3.4357961680919313e-06,-4.748262783280366e-06,8.350062299855089e-06
1627859678815,2021-08-01T19:14:38.815,107.25,-3.7689661139715417e-06,-4.810132331414945e-06,8.309115628516146e-06
1627859678865,2021-08-01T19:14:38.865,107.3,-3.950197649020555e-06,-4.928917311114544e-06,8.21012444520415e-06
1627859678915,2021-08-01T19:14:38.915,107.35,-3.5478747722850384e-06,-5.181702239351376e-06,8.059566738926312e-06
1627859678965,2021-08-01T19:14:38.965,107.4,-2.95717835437328e-06,-5.0658682727681405e-06,8.08816469794306e-06
1627859679015,2021-08-01T19:14:39.015,107.45,-2.7607113540785936e-06,-4.395148168909143e-06,7.97349975271389e-06
1627859679065,2021-08-01T19:14:39.065,107.5,-2.858177873643598e-06,-3.7097419702082344e-06,7.420981176916335e-06
1627859679115,2021-08-01T19:14:39.115,107.55,-2.6827296665533895e-06,-3.4189834864510758e-06,6.90170085003737e-06
1627859679165,2021-08-01T19:14:39.165,107.6,-2.0392007952701145e-06,-3.400884913474338e-06,7.033929950101786e-06
1627859679215,2021-08-01T19:14:39.215,107.65,-1.54485689956809e-06,-3.4275381523551826e-06,7.587064533971327e-06
1627859679265,2021-08-01T19:14:39.265,107.7,-1.9066910558356727e-06,-3.3704507182325414e-06,7.75677133143083e-06
1627859679315,2021-08-01T19:14:39.315,107.75,-2.675099790702684e-06,-3.195836962063867e-06,7.318646542141421e-06
1627859679365,2021-08-01T19:14:39.365,107.8,-2.72621139826374e-06,-3.076883760409541e-06,6.858708297870045e-06
1627859679415,2021-08-01T19:14:39.415,107.85,-2.078680154627988e-06,-3.172786274224685e-06,6.7467105217634745e-06
1627859679465,2021-08-01T19:14:39.465,107.9,-1.7160326336052786e-06,-3.2274288024086094e-06,6.607271610189177e-06
1627859679515,2021-08-01T19:14:39.515,107.95,-1.7717815518149368e-06,-3.0000933969005744e-06,6.1571388004235334e-06
1627859679565,2021-08-01T19:14:39.565,108.0,-1.5202268401407017e-06,-2.950846428421651e-06,5.7630330383159496e-06
1627859679615,2021-08-01T19:14:39.615,108.05,-7.999941538699247e-07,-3.4171375477179504e-06,5.651383898638219e-06
1627859679665,2021-08-01T19:14:39.665,108.1,-2.3987288120502063e-07,-3.573039713542428e-06,5.416730102270442e-06
1627859679715,2021-08-01T19:14:39.715,108.15,-3.353535370203861e-07,-2.8400816057470867e-06,4.816688446119973e-06
1627859679765,2021-08-01T19:14:39.765,108.2,-7.160622301764886e-07,-2.3326365160174974e-06,4.233502343464286e-06
1627859679815,2021-08-01T19:14:39.815,108.25,-4.82034922705623e-07,-2.8373093911569685e-06,4.048750536295961e-06
1627859679865,2021-08-01T19:14:39.865,108.3,4.2838568751908997e-07,-3.2132401311221498e-06,4.188166132545924e-06
1627859679915,2021-08-01T19:14:39.915,108.35,9.270402281472781e-07,-3.1520168358781934e-06,4.319124792027186e-06
1627859679965,2021-08-01T19:14:39.965,108.4,4.567444927149576e-07,-4.54035267867953e-06,4.153753891752773e-06
1627859680015,2021-08-01T19:14:40.015,108.45,-1.806475037945977e-07,-7.450514369313956e-06,3.6682878946630265e-06
1627859680065,2021-08-01T19:14:40.065,108.5,-2.2912908821648679e-07,-8.652508818302832e-06,3.1714188825247567e-06
1627859680115,2021-08-01T19:14:40.115,108.55,7.410694859474962e-08,-6.714488222668779e-06,3.0478597708556647e-06
1627859680165,2021-08-01T19:14:40.165,108.6,2.445835488463134e-07,-4.546260079072475e-06,3.3194056804159294e-06
1627859680215,2021-08-01T19:14:40.215,108.65,1.055385211319991e-07,-4.9514933909459544e-06,3.567909653610196e-06
1627859680265,2021-08-01T19:14:40.265,108.7,-3.834851460703044e-07,-7.121615062702728e-06,3.4656507639300845e-06
1627859680315,2021-08-01T19:14:40.315,108.75,-9.117210392183587e-07,-8.620768899719716e-06,3.163149998104704e-06
1627859680365,2021-08-01T19:14:40.365,108.8,-7.962669305551855e-07,-8.53011121649743e-06,2.952642613219744e-06
1627859680415,2021-08-01T19:14:40.415,108.85,-2.8937587877348787e-08,-7.876252525128016e-06,2.9243074299894936e-06
1627859680465,2021-08-01T19:14:40.465,108.9,3.731274414708496e-07,-7.77476494777532e-06,3.0777037816644586e-06
1627859680515,2021-08-01T19:14:40.515,108.95,-1.115572674138578e-07,-7.927505138849598e-06,3.3348558370429757e-06
1627859680565,2021-08-01T19:14:40.565,109.0,-5.976152889252818e-07,-7.429604212776984e-06,3.5025841714563543e-06
1627859680615,2021-08-01T19:14:40.615,109.05,-1.7672993583607056e-07,-6.534448639203596e-06,3.5327733664781395e-06
1627859680665,2021-08-01T19:14:40.665,109.1,6.90947995522472e-07,-6.432269100770954e-06,3.481407094594493e-06
1627859680715,2021-08-01T19:14:40.715,109.15,8.42042963403831e-07,-7.10424374591885e-06,3.1044362419921254e-06
1627859680765,2021-08-01T19:14:40.765,109.2,4.393709287759537e-08,-6.82221123382335e-06,2.138879275968485e-06
1627859680815,2021-08-01T19:14:40.815,109.25,-5.565707776369457e-07,-4.696632662707635e-06,1.037692137521103e-06
1627859680865,2021-08-01T19:14:40.865,109.3,1.1061848936159e-08,-2.17368007407324e-06,6.337807523345911e-07
1627859680915,2021-08-01T19:14:40.915,109.35,9.330026580237084e-07,-8.072859890788951e-07,9.832980039020768e-07
1627859680965,2021-08-01T19:14:40.965,109.4,7.278312398938067e-07,-3.4227342847626434e-07,1.29745345458468e-06
1627859681015,2021-08-01T19:14:41.015,109.45,-4.4665118558908394e-07,-6.326118447391102e-08,1.0107302816167702e-06
1627859681065,2021-08-01T19:14:41.065,109.5,-1.2334349186045759e-06,-9.427311256584694e-08,2.1349166163758958e-07
1627859681115,2021-08-01T19:14:41.115,109.55,-1.2348763232721132e-06,-5.053850058702524e-07,-7.731069430529607e-07
1627859681165,2021-08-01T19:14:41.165,109.6,-1.1760358160649678e-06,-7.043711598245282e-07,-1.5702279599105315e-06
1627859681215,2021-08-01T19:14:41.215,109.65,-1.5986124030103376e-06,-3.343732243075348e-07,-1.7737666287696577e-06
1627859681265,2021-08-01T19:14:41.265,109.7,-2.299413704191196e-06,6.708377111813012e-08,-1.4028979432124331e-06
1627859681315,2021-08-01T19:14:41.315,109.75,-2.5185238427471157e-06,-2.3050171428831768e-07,-1.052190259771566e-06
1627859681365,2021-08-01T19:14:41.365,109.8,-1.8119012896171561e-06,-9.502086650650527e-07,-1.219867360500894e-06
1627859681415,2021-08-01T19:14:41.415,109.85,-1.0579820693022446e-06,-9.547478009131753e-07,-1.7963439637832749e-06
1627859681465,2021-08-01T19:14:41.465,109.9,-1.5550607858798164e-06,2.2700015923939978e-08,-2.3236237395375516e-06
1627859681515,2021-08-01T19:14:41.515,109.95,-3.0264062784910153e-06,8.098984705237059e-07,-2.3486469947226596e-06
1627859681565,2021-08-01T19:14:41.565,110.0,-3.985244332217039e-06,6.471923342795036e-07,-1.7363775031021236e-06
1627859681615,2021-08-01T19:14:41.615,110.05,-3.88165875111484e-06,3.3747364020878376e-07,-1.0299857334700475e-06
1627859681665,2021-08-01T19:14:41.665,110.1,-3.4266932282755154e-06,7.958897925858088e-07,-9.256720078523941e-07
1627859681715,2021-08-01T19:14:41.715,110.15,-3.2099670530935052e-06,1.644876188513425e-06,-1.257090354004888e-06
1627859681765,2021-08-01T19:14:41.765,110.2,-3.1397657157868244e-06,1.961848273264113e-06,-1.3938156345950147e-06
1627859681815,2021-08-01T19:14:41.815,110.25,-2.8498837466744937e-06,1.6640993400562223e-06,-1.3433791182347873e-06
1627859681865,2021-08-01T19:14:41.865,110.3,-2.1565592838803574e-06,1.491871106630044e-06,-1.4147386526705649e-06
1627859681915,2021-08-01T19:14:41.915,110.35,-1.4679287074605441e-06,1.8894646827293914e-06,-1.4216350296915488e-06
1627859681965,2021-08-01T19:14:41.965,110.4,-1.6151807124230088e-06,2.5723573980179626e-06,-1.08959292995512e-06
1627859682015,2021-08-01T19:14:42.015,110.45,-2.752686299358828e-06,3.1228705885490093e-06,-5.984017233825617e-07
1627859682065,2021-08-01T19:14:42.065,110.5,-3.7401255808360004e-06,3.254872820255547e-06,-3.312741960144483e-07
1627859682115,2021-08-01T19:14:42.115,110.55,-3.360807849333122e-06,2.7511435385551564e-06,-5.200188269631743e-07
1627859682165,2021-08-01T19:14:42.165,110.6,-1.919076803012384e-06,1.9853370519625133e-06,-1.0573973859641448e-06
1627859682215,2021-08-01T19:14:42.215,110.65,-7.411761358442875e-07,1.8560507812175822e-06,-1.5681314212694408e-06
1627859682265,2021-08-01T19:14:42.265,110.7,-3.4577760244024214e-07,2.4037666810893682e-06,-1.9447820719680213e-06
1627859682315,2021-08-01T19:14:42.315,110.75,-1.562448287565568e-07,2.5141761546798745e-06,-2.4711902896501545e-06
1627859682365,2021-08-01T19:14:42.365,110.8,2.132234828844224e-07,1.63153464066748e-06,-3.0973650070840197e-06
1627859682415,2021-08-01T19:14:42.415,110.85,4.1566396332361146e-07,6.534369201372099e-07,-3.321398256864256e-06
1627859682465,2021-08-01T19:14:42.465,110.9,5.3296476532505906e-08,6.342946900703588e-07,-3.1378381547368966e-06
1627859682515,2021-08-01T19:14:42.515,110.95,-7.41423528757813e-07,1.4296096383569785e-06,-3.2448961442453156e-06
1627859682565,2021-08-01T19:14:42.565,111.0,-1.4921303631953944e-06,2.1154567632147435e-06,-4.035339329580287e-06
1627859682615,2021-08-01T19:14:42.615,111.05,-1.9101898726643432e-06,2.2659012089390943e-06,-5.120796636175893e-06
1627859682665,2021-08-01T19:14:42.665,111.1,-2.043404563176993e-06,2.0341655627352023e-06,-5.927416128438966e-06
1627859682715,2021-08-01T19:14:42.715,111.15,-2.0059157310197928e-06,1.388309932351295e-06,-6.285721844733811e-06
1627859682765,2021-08-01T19:14:42.765,111.2,-1.9650834696692544e-06,4.904888511965177e-07,-6.53441389576009e-06
1627859682815,2021-08-01T19:14:42.815,111.25,-2.239838586002415e-06,1.6180940123762084e-07,-7.089727866176918e-06
1627859682865,2021-08-01T19:14:42.865,111.3,-2.86752155905951e-06,6.429167662024189e-07,-7.707161503231272e-06
1627859682915,2021-08-01T19:14:42.915,111.35,-3.3574620500347358e-06,1.0634170577260252e-06,-7.6106532643494635e-06
1627859682965,2021-08-01T19:14:42.965,111.4,-3.3323183938693476e-06,1.0513309999358375e-06,-6.641430899244006e-06
1627859683015,2021-08-01T19:14:43.015,111.45,-3.0163154427800607e-06,1.21722733399269e-06,-5.591556439189938e-06
1627859683065,2021-08-01T19:14:43.065,111.5,-2.9121660634636956e-06,1.7241704198589226e-06,-5.1747375938359725e-06
1627859683115,2021-08-01T19:14:43.115,111.55,-3.270589744469777e-06,2.048679680317082e-06,-5.3601496082563334e-06
1627859683165,2021-08-01T19:14:43.165,111.6,-3.7243751360905884e-06,1.984286541463169e-06,-5.755667990106601e-06
1627859683215,2021-08-01T19:14:43.215,111.65,-3.634631542263924e-06,1.6831345186767468e-06,-6.010348490746778e-06
1627859683265,2021-08-01T19:14:43.265,111.7,-3.114688033114121e-06,1.2157641144160631e-06,-5.900625939456248e-06
1627859683315,2021-08-01T19:14:43.315,111.75,-2.867509799853453e-06,7.689912389736662e-07,-5.469406486968402e-06
1627859683365,2021-08-01T19:14:43.365,111.8,-2.825003586944854e-06,7.179577516741347e-07,-4.966641606686683e-06
1627859683415,2021-08-01T19:14:43.415,111.85,-2.318996276534568e-06,1.1370318583561405e-06,-4.512089560418529e-06
1627859683465,2021-08-01T19:14:43.465,111.9,-1.4445721165993183e-06,1.5819081957176531e-06,-4.083497159275587e-06
1627859683515,2021-08-01T19:14:43.515,111.95,-7.744669696443844e-07,1.6556454023425956e-06,-3.808060291531177e-06
1627859683565,2021-08-01T19:14:43.565,112.0,-2.5950783454791264e-07,1.6377917844855617e-06,-3.906354388626605e-06
1627859683615,2021-08-01T19:14:43.615,112.05,4.0933658821486277e-07,1.9851096119165185e-06,-4.305074182389348e-06
1627859683665,2021-08-01T19:14:43.665,112.1,1.0868198076478973e-06,2.336850481293724e-06,-4.548486461461306e-06
1627859683715,2021-08-01T19:14:43.715,112.15,1.4477475967076482e-06,1.9612554565723126e-06,-4.2960665681377726e-06
1627859683765,2021-08-01T19:14:43.765,112.2,1.269302916191841e-06,9.941953182455617e-07,-3.8045252217206307e-06
1627859683815,2021-08-01T19:14:43.815,112.25,4.863615721777196e-07,2.3801345327612613e-07,-3.560047283337002e-06
1627859683865,2021-08-01T19:14:43.865,112.3,-3.6543553496558126e-07,6.220461585442368e-08,-3.5636128673988105e-06
1627859683915,2021-08-01T19:14:43.915,112.35,-3.978145190647767e-07,2.0598621313500647e-07,-3.5605833394161203e-06
1627859683965,2021-08-01T19:14:43.965,112.4,2.5211388149147297e-07,2.3513958907827912e-07,-3.746724832808079e-06
1627859684015,2021-08-01T19:14:44.015,112.45,3.7126636779256335e-07,-1.1121664140280863e-07,-4.384525019415578e-06
1627859684065,2021-08-01T19:14:44.065,112.5,-3.689390484227093e-07,-6.393982930069076e-07,-5.003352938435934e-06
1627859684115,2021-08-01T19:14:44.115,112.55,-8.295417300261722e-07,-8.694001990407057e-07,-5.025747572244821e-06
1627859684165,2021-08-01T19:14:44.165,112.6,-3.6042201667708447e-07,-7.473242030258114e-07,-4.799278420761435e-06
1627859684215,2021-08-01T19:14:44.215,112.65,1.5058080592534516e-07,-7.29003150836428e-07,-4.891644641031327e-06
1627859684265,2021-08-01T19:14:44.265,112.7,-2.3734084284433381e-07,-9.94733013044247e-07,-4.945411255927997e-06
1627859684315,2021-08-01T19:14:44.315,112.75,-1.12895750005738e-06,-1.2229047510078642e-06,-4.394077260981482e-06
1627859684365,2021-08-01T19:14:44.365,112.8,-1.5041396196561144e-06,-1.196779396049321e-06,-3.6422227392462444e-06
1627859684415,2021-08-01T19:14:44.415,112.85,-1.2273181931511716e-06,-1.0765414563159372e-06,-3.430265092907299e-06
1627859684465,2021-08-01T19:14:44.465,112.9,-1.1182285749802529e-06,-1.1410929504477886e-06,-3.591549189771476e-06
1627859684515,2021-08-01T19:14:44.515,112.95,-1.5716251162414306e-06,-1.4396113162653e-06,-3.3603407949992467e-06
1627859684565,2021-08-01T19:14:44.565,113.0,-1.9512216126611754e-06,-1.5136338200715307e-06,-2.62752988505271e-06
1627859684615,2021-08-01T19:14:44.615,113.05,-1.6949697929906757e-06,-8.748817177898971e-07,-2.149372085909365e-06
1627859684665,2021-08-01T19:14:44.665,113.1,-1.2128149482391577e-06,-3.838044165632932e-08,-2.3636300683142847e-06
1627859684715,2021-08-01T19:14:44.715,113.15,-1.1144820570975548e-06,-1.3870258104376554e-07,-2.622030325036426e-06
1627859684765,2021-08-01T19:14:44.765,113.2,-1.1465229566592184e-06,-1.1961863570105994e-06,-2.158400765980882e-06
1627859684815,2021-08-01T19:14:44.815,113.25,-6.498405095995433e-07,-1.9577664203903266e-06,-1.2329078097888146e-06
1627859684865,2021-08-01T19:14:44.865,113.3,2.076023443212162e-07,-1.7597864088100065e-06,-5.725229603167971e-07
1627859684915,2021-08-01T19:14:44.915,113.35,5.570000968998161e-07,-1.3205939449554046e-06,-2.761559707437628e-07
1627859684965,2021-08-01T19:14:44.965,113.4,2.184578553192189e-07,-1.3610466241370706e-06,3.070350412138009e-08
1627859685015,2021-08-01T19:14:45.015,113.45,3.688251355722398e-08,-1.6345690276925566e-06,4.473422898204369e-07
1627859685065,2021-08-01T19:14:45.065,113.5,5.971033161521367e-07,-1.7678690773325057e-06,7.124445488379871e-07
1627859685115,2021-08-01T19:14:45.115,113.55,1.3901559425593237e-06,-1.9676869417744733e-06,6.580301013784631e-07
1627859685165,2021-08-01T19:14:45.165,113.6,1.5930841347271199e-06,-2.4228484184454216e-06,4.56188032457613e-07
1627859685215,2021-08-01T19:14:45.215,113.65,1.2220369160395486e-06,-2.867814380478725e-06,3.528228588429417e-07
1627859685265,2021-08-01T19:14:45.265,113.7,1.1075031003483063e-06,-2.9900616127256676e-06,3.465866182883535e-07
1627859685315,2021-08-01T19:14:45.315,113.75,1.6700325752304652e-06,-2.769584011114779e-06,2.87458425242008e-07
1627859685365,2021-08-01T19:14:45.365,113.8,2.1699267625159024e-06,-2.5239291154907793e-06,1.140513672782635e-07
1627859685415,2021-08-01T19:14:45.415,113.85,1.7978914270812907e-06,-2.7021774246508173e-06,-7.547587248557677e-08
1627859685465,2021-08-01T19:14:45.465,113.9,1.0867215998094999e-06,-3.2870505165368943e-06,-9.141997687825152e-08
1627859685515,2021-08-01T19:14:45.515,113.95,1.159026460964818e-06,-3.7707734685018415e-06,9.054193180124446e-08
1627859685565,2021-08-01T19:14:45.565,114.0,1.8593509389528249e-06,-4.024774038648104e-06,2.535646152452549e-07
1627859685615,2021-08-01T19:14:45.615,114.05,1.9983887557776785e-06,-4.271400468759719e-06,3.622497486556026e-07
1627859685665,2021-08-01T19:14:45.665,114.1,1.4200651832630626e-06,-4.1748729063182585e-06,6.742432548386521e-07
1627859685715,2021-08-01T19:14:45.715,114.15,1.2323295237680108e-06,-3.4413941683806657e-06,1.2166649267231793e-06
1627859685765,2021-08-01T19:14:45.765,114.2,1.7004572255736327e-06,-2.956504034639013e-06,1.7382407511829124e-06
1627859685815,2021-08-01T19:14:45.815,114.25,1.7854971906245012e-06,-3.5531052890304796e-06,2.2512121541330066e-06
1627859685865,2021-08-01T19:14:45.865,114.3,1.2454294000868898e-06,-4.423759509621092e-06,2.953873767323592e-06
1627859685915,2021-08-01T19:14:45.915,114.35,1.0344759584380374e-06,-4.435244280475409e-06,3.657245562867822e-06
1627859685965,2021-08-01T19:14:45.965,114.4,1.3161001820488584e-06,-3.896132330071637e-06,3.953815374573416e-06
1627859686015,2021-08-01T19:14:46.015,114.45,1.360082758658253e-06,-3.6705482781901884e-06,3.926427862663657e-06
1627859686065,2021-08-01T19:14:46.065,114.5,1.173970919485801e-06,-3.7948766404560652e-06,4.1030481993592804e-06
1627859686115,2021-08-01T19:14:46.115,114.55,1.1498552060047357e-06,-3.930228971545322e-06,4.6779335255432786e-06
1627859686165,2021-08-01T19:14:46.165,114.6,1.0206402220147962e-06,-4.0594444711909955e-06,5.2435838499779235e-06
1627859686215,2021-08-01T19:14:46.215,114.65,7.433068488835764e-07,-4.143910566354674e-06,5.397485115048493e-06
1627859686265,2021-08-01T19:14:46.265,114.7,8.827564113931459e-07,-3.9644748236702e-06,5.239198070755246e-06
1627859686315,2021-08-01T19:14:46.315,114.75,1.2351508325030228e-06,-3.6255233793989267e-06,5.059987739895896e-06
1627859686365,2021-08-01T19:14:46.365,114.8,9.597467891805829e-07,-3.5980026007252536e-06,4.939146715318273e-06
1627859686415,2021-08-01T19:14:46.415,114.85,2.6469002279715096e-07,-4.094446449732676e-06,4.966666226041145e-06
1627859686465,2021-08-01T19:14:46.465,114.9,5.3536463649726114e-08,-4.737312050310427e-06,5.3325742286795505e-06
1627859686515,2021-08-01T19:14:46.515,114.95,2.4708122755695875e-07,-4.932780898318602e-06,5.827106166543196e-06
1627859686565,2021-08-01T19:14:46.565,115.0,1.439681274209683e-07,-4.6013135007441995e-06,5.946168715109217e-06
1627859686615,2021-08-01T19:14:46.615,115.05,-1.3241121824851981e-07,-4.497284364642225e-06,5.758216305490917e-06
1627859686665,2021-08-01T19:14:46.665,115.1,9.083632233630418e-08,-5.311944976384788e-06,5.815959165517237e-06
1627859686715,2021-08-01T19:14:46.715,115.15,8.358190125021172e-07,-6.390715781107579e-06,6.166448734070212e-06
1627859686765,2021-08-01T19:14:46.765,115.2,1.463164232581019e-06,-6.31248150544225e-06,6.37500100940523e-06
1627859686815,2021-08-01T19:14:46.815,115.25,1.482592596346765e-06,-5.12700629034801e-06,6.33349653681752e-06
1627859686865,2021-08-01T19:14:46.865,115.3,9.92058599788617e-07,-4.737391690013391e-06,6.2566413823574275e-06
1627859686915,2021-08-01T19:14:46.915,115.35,5.772172619128845e-07,-6.194434551043258e-06,6.257875639432351e-06
1627859686965,2021-08-01T19:14:46.965,115.4,7.144928521492138e-07,-7.953613467969862e-06,6.370643482051848e-06
1627859687015,2021-08-01T19:14:47.015,115.45,1.1894435671447522e-06,-8.094699542220878e-06,6.537688328142355e-06
1627859687065,2021-08-01T19:14:47.065,115.5,1.3827256256203885e-06,-7.050844790269997e-06,6.532162018716791e-06
1627859687115,2021-08-01T19:14:47.115,115.55,9.449277482255605e-07,-6.690014765287963e-06,6.2697803525304785e-06
1627859687165,2021-08-01T19:14:47.165,115.6,-7.39774157959749e-08,-7.541343078747109e-06,5.9636323829144075e-06
1627859687215,2021-08-01T19:14:47.215,115.65,-1.4361670192570207e-06,-8.308830256671267e-06,5.796426510453579e-06
1627859687265,2021-08-01T19:14:47.265,115.7,-2.8731604924628634e-06,-8.00165096373082e-06,5.849365847310308e-06
1627859687315,2021-08-01T19:14:47.315,115.75,-4.0739671510363464e-06,-7.382344547334106e-06,6.297697813516526e-06
1627859687365,2021-08-01T19:14:47.365,115.8,-4.685861031346404e-06,-7.561935543754066e-06,7.1627267986988175e-06
1627859687415,2021-08-01T19:14:47.415,115.85,-4.840117748705332e-06,-8.086455529279467e-06,8.030049570286225e-06
1627859687465,2021-08-01T19:14:47.465,115.9,-5.3219507889768575e-06,-7.834049448576849e-06,8.470156492044202e-06
1627859687515,2021-08-01T19:14:47.515,115.95,-6.373437888052688e-06,-7.1265263099446864e-06,8.567322978464809e-06
1627859687565,2021-08-01T19:14:47.565,116.0,-7.1756294489238525e-06,-7.2234909871202405e-06,8.74107032578165e-06
1627859687615,2021-08-01T19:14:47.615,116.05,-7.367364052925766e-06,-8.072862312002173e-06,9.172592408438163e-06
1627859687665,2021-08-01T19:14:47.665,116.1,-7.772305474405973e-06,-8.239059484088225e-06,9.59853801757618e-06
1627859687715,2021-08-01T19:14:47.715,116.15,-8.958983150329048e-06,-7.101145680498046e-06,9.726521337401775e-06
1627859687765,2021-08-01T19:14:47.765,116.2,-1.0391676571797292e-05,-5.804786024294805e-06,9.691112340556924e-06
1627859687815,2021-08-01T19:14:47.815,116.25,-1.1398521874550539e-05,-5.66551996282064e-06,9.793979404465168e-06
1627859687865,2021-08-01T19:14:47.865,116.3,-1.2030186902600108e-05,-6.432593990979377e-06,9.911390911851473e-06
1627859687915,2021-08-01T19:14:47.915,116.35,-1.2727794142493704e-05,-6.831726348224111e-06,9.587150557428696e-06
1627859687965,2021-08-01T19:14:47.965,116.4,-1.3638967754603153e-05,-6.4353830086342435e-06,8.775859427315812e-06
1627859688015,2021-08-01T19:14:48.015,116.45,-1.4513082478028708e-05,-5.802761805590525e-06,8.162525124591832e-06
1627859688065,2021-08-01T19:14:48.065,116.5,-1.5185893394547361e-05,-5.029765860644951e-06,8.370099004749826e-06
1627859688115,2021-08-01T19:14:48.115,116.55,-1.5899437272801205e-05,-3.9451504088940175e-06,9.03894637506017e-06
1627859688165,2021-08-01T19:14:48.165,116.6,-1.6898321909869535e-05,-3.3216745788313863e-06,9.384424061874009e-06
1627859688215,2021-08-01T19:14:48.215,116.65,-1.7803117508040616e-05,-3.788418978960443e-06,9.453745777291985e-06
1627859688265,2021-08-01T19:14:48.265,116.7,-1.7838180813530687e-05,-4.358336717788132e-06,9.877864881490868e-06
1627859688315,2021-08-01T19:14:48.315,116.75,-1.6950211332245258e-05,-3.8292643401736635e-06,1.066234030253856e-05
1627859688365,2021-08-01T19:14:48.365,116.8,-1.617174225500068e-05,-2.177838007621658e-06,1.1286885783020688e-05
1627859688415,2021-08-01T19:14:48.415,116.85,-1.6231184652076267e-05,2.386376871248275e-07,1.1788274736450264e-05
1627859688465,2021-08-01T19:14:48.465,116.9,-1.6352661691316064e-05,2.3821361007368934e-06,1.275295985491208e-05
1627859688515,2021-08-01T19:14:48.515,116.95,-1.534497736638579e-05,1.9575388100855235e-06,1.4245423282296366e-05
1627859688565,2021-08-01T19:14:48.565,117.0,-1.32780295813558e-05,-1.2186514188360052e-06,1.5550086439206797e-05
1627859688615,2021-08-01T19:14:48.615,117.05,-1.0975127914853884e-05,-3.114518719644845e-06,1.6109555126496584e-05
1627859688665,2021-08-01T19:14:48.665,117.1,-8.530463140790651e-06,-9.092411644640267e-07,1.6075511257628854e-05
1627859688715,2021-08-01T19:14:48.715,117.15,-5.6576064005076296e-06,2.871953180639165e-06,1.584063697483079e-05
1627859688765,2021-08-01T19:14:48.765,117.2,-2.8660988872647777e-06,5.1414917146061385e-06,1.5540561187111518e-05
1627859688815,2021-08-01T19:14:48.815,117.25,-8.815641748337141e-07,5.8840129729636854e-06,1.488511841881417e-05
1627859688865,2021-08-01T19:14:48.865,117.3,5.760687532260766e-07,5.024695668408261e-06,1.3209330836614846e-05
1627859688915,2021-08-01T19:14:48.915,117.35,2.2185176406038477e-06,2.4023186644436426e-06,1.0220760354689103e-05
1627859688965,2021-08-01T19:14:48.965,117.4,3.9877281127794536e-06,1.0966485207899718e-06,6.6463769593992324e-06
1627859689015,2021-08-01T19:14:49.015,117.45,5.445370176519288e-06,3.973339556105835e-06,3.3609610876463273e-06
1627859689065,2021-08-01T19:14:49.065,117.5,6.655657374670617e-06,8.546302624052276e-06,3.7815493027571973e-07
1627859689115,2021-08-01T19:14:49.115,117.55,7.742938322957866e-06,1.0785701160845848e-05,-2.537622314394943e-06
1627859689165,2021-08-01T19:14:49.165,117.6,8.252912801424666e-06,1.0687577396194795e-05,-5.171835870892548e-06
1627859689215,2021-08-01T19:14:49.215,117.65,7.874764987966906e-06,1.0284722420701892e-05,-7.312745674389402e-06
1627859689265,2021-08-01T19:14:49.265,117.7,7.296721499693443e-06,1.0132146374816428e-05,-8.930271588684702e-06
1627859689315,2021-08-01T19:14:49.315,117.75,7.452557889511366e-06,1.0081230244105337e-05,-9.81919070388508e-06
1627859689365,2021-08-01T19:14:49.365,117.8,8.205328332072473e-06,1.0431011279027707e-05,-9.977414841603563e-06
1627859689415,2021-08-01T19:14:49.415,117.85,8.634296576311043e-06,1.1232737376746702e-05,-1.0067774463335307e-05
1627859689465,2021-08-01T19:14:49.465,117.9,8.465570863451863e-06,1.1954558191559524e-05,-1.0719713435435798e-05
1627859689515,2021-08-01T19:14:49.515,117.95,8.289259155723543e-06,1.196401762517683e-05,-1.175395486997518e-05
1627859689565,2021-08-01T19:14:49.565,118.0,8.394270904944119e-06,1.1093430646037189e-05,-1.2570733729540924e-05
1627859689615,2021-08-01T19:14:49.615,118.05,8.417487574332868e-06,9.905665309675428e-06,-1.2879344000889392e-05
1627859689665,2021-08-01T19:14:49.665,118.1,8.221378354364626e-06,9.061250968572767e-06,-1.2871855780778326e-05
1627859689715,2021-08-01T19:14:49.715,118.15,8.072785123033564e-06,8.675831733515784e-06,-1.2906037760423633e-05
1627859689765,2021-08-01T19:14:49.765,118.2,7.931549963782501e-06,8.752621585518288e-06,-1.2898764507243926e-05
1627859689815,2021-08-01T19:14:49.815,118.25,7.5818211527708504e-06,9.248120788647346e-06,-1.2295456245844338e-05
1627859689865,2021-08-01T19:14:49.865,118.3,7.278796872132031e-06,9.43305489693114e-06,-1.1156270223685452e-05
1627859689915,2021-08-01T19:14:49.915,118.35,7.316779278043796e-06,8.64418273653032e-06,-1.057872519994723e-05
1627859689965,2021-08-01T19:14:49.965,118.4,7.40238123791909e-06,7.561738595622062e-06,-1.1144521457956961e-05
1627859690015,2021-08-01T19:14:50.015,118.45,7.209442689385124e-06,7.284179816593393e-06,-1.1810392701614019e-05
1627859690065,2021-08-01T19:14:50.065,118.5,6.881494643338887e-06,7.632222597922282e-06,-1.145862813896953e-05
1627859690115,2021-08-01T19:14:50.115,118.55,6.5704625619635974e-06,7.63733660305384e-06,-1.0577767824648515e-05
1627859690165,2021-08-01T19:14:50.165,118.6,6.289249987040517e-06,7.099040890494883e-06,-1.0110816956265891e-05
1627859690215,2021-08-01T19:14:50.215,118.65,6.221577748722897e-06,6.5868824956102586e-06,-9.7367171075918e-06
1627859690265,2021-08-01T19:14:50.265,118.7,6.391128628354208e-06,6.358322947877346e-06,-8.769647417894233e-06
1627859690315,2021-08-01T19:14:50.315,118.75,6.397599765601192e-06,6.139973828903958e-06,-7.661677572031213e-06
1627859690365,2021-08-01T19:14:50.365,118.8,6.053598138166595e-06,5.7191135915818336e-06,-7.166894478380345e-06
1627859690415,2021-08-01T19:14:50.415,118.85,5.685316457745569e-06,5.175993638994376e-06,-7.017810116453724e-06
1627859690465,2021-08-01T19:14:50.465,118.9,5.5585266087292015e-06,4.732988424275833e-06,-6.6232080288036025e-06
1627859690515,2021-08-01T19:14:50.515,118.95,5.612783712891807e-06,4.593640388066878e-06,-6.174624236972416e-06
1627859690565,2021-08-01T19:14:50.565,119.0,5.673290964086167e-06,4.6821605347550875e-06,-6.177629557628674e-06
1627859690615,2021-08-01T19:14:50.615,119.05,5.506565388393799e-06,4.654669599255404e-06,-6.6305591060105966e-06
1627859690665,2021-08-01T19:14:50.665,119.1,5.033962577082445e-06,4.459816633208414e-06,-7.150004014782509e-06
1627859690715,2021-08-01T19:14:50.715,119.15,4.637772300694183e-06,4.507574129805317e-06,-7.357147700153746e-06
1627859690765,2021-08-01T19:14:50.765,119.2,4.723774726593346e-06,4.9276568616856905e-06,-7.059406362674655e-06
1627859690815,2021-08-01T19:14:50.815,119.25,5.078569251575977e-06,5.206811606628426e-06,-6.3835740277351146e-06
1627859690865,2021-08-01T19:14:50.865,119.3,5.161059250713977e-06,4.980121660714961e-06,-5.68021610451214e-06
1627859690915,2021-08-01T19:14:50.915,119.35,4.758705399409124e-06,4.572437436466657e-06,-5.303661874273414e-06
1627859690965,2021-08-01T19:14:50.965,119.4,4.098959103084276e-06,4.344209734019762e-06,-5.465098621280495e-06
1627859691015,2021-08-01T19:14:51.015,119.45,3.642307238776941e-06,4.071646835319894e-06,-6.0409834704432335e-06
1627859691065,2021-08-01T19:14:51.065,119.5,3.6506038901626208e-06,3.435220264706348e-06,-6.542432173151957e-06
1627859691115,2021-08-01T19:14:51.115,119.55,3.7312811353225832e-06,2.848216179927006e-06,-6.426315409213351e-06
1627859691165,2021-08-01T19:14:51.165,119.6,3.3425902395599394e-06,3.115299249347923e-06,-5.60762282576188e-06
1627859691215,2021-08-01T19:14:51.215,119.65,2.8156448871388944e-06,4.0097300187330886e-06,-4.8060026103812565e-06
1627859691265,2021-08-01T19:14:51.265,119.7,2.9488246155235753e-06,4.205536404839087e-06,-4.890823564763241e-06
1627859691315,2021-08-01T19:14:51.315,119.75,3.587302175329956e-06,3.3060002414660592e-06,-5.677801394533745e-06
1627859691365,2021-08-01T19:14:51.365,119.8,3.8071409575094045e-06,2.6083889291917016e-06,-6.221297224010733e-06
1627859691415,2021-08-01T19:14:51.415,119.85,3.48955500158725e-06,3.0415198914122178e-06,-6.198902525899626e-06
1627859691465,2021-08-01T19:14:51.465,119.9,3.2763546261631983e-06,3.8309749904264e-06,-5.853153151891325e-06
1627859691515,2021-08-01T19:14:51.515,119.95,3.0743288619630764e-06,3.913599376616764e-06,-5.071106159528846e-06
1627859691565,2021-08-01T19:14:51.565,120.0,2.3404096950062102e-06,3.264916181591711e-06,-3.844348336863131e-06
1627859691615,2021-08-01T19:14:51.615,120.05,1.6114532203808098e-06,2.4253057047325677e-06,-2.8738238194710448e-06
1627859691665,2021-08-01T19:14:51.665,120.1,1.7808144843360256e-06,1.8362267557805507e-06,-2.4661923280391074e-06
1627859691715,2021-08-01T19:14:51.715,120.15,2.2238964704461468e-06,1.6049882560964572e-06,-1.8392732671309242e-06
1627859691765,2021-08-01T19:14:51.765,120.2,1.6684816292626591e-06,1.3922874284335165e-06,-6.876265732605775e-07
1627859691815,2021-08-01T19:14:51.815,120.25,5.372105939664315e-07,1.1175292922334713e-06,-1.7544829465022802e-07
1627859691865,2021-08-01T19:14:51.865,120.3,4.900152058233435e-07,1.4214371864597933e-06,-1.1292771324921736e-06
1627859691915,2021-08-01T19:14:51.915,120.35,1.791029962189025e-06,2.306578401826423e-06,-2.500580850476076e-06
1627859691965,2021-08-01T19:14:51.965,120.4,2.797499678107947e-06,2.528483652470543e-06,-2.7922742578541036e-06
1627859692015,2021-08-01T19:14:52.015,120.45,2.301595367164289e-06,1.667780381075703e-06,-1.9473464783957734e-06
1627859692065,2021-08-01T19:14:52.065,120.5,1.0953295647727984e-06,1.0193200168506264e-06,-1.0242772745565475e-06
1627859692115,2021-08-01T19:14:52.115,120.55,6.444565972402898e-07,1.3559334450847955e-06,-8.26404260549086e-07
1627859692165,2021-08-01T19:14:52.165,120.6,1.1453503082805367e-06,1.942371695202643e-06,-1.2101427710587717e-06
1627859692215,2021-08-01T19:14:52.215,120.65,1.6586849543412538e-06,2.3232840135310403e-06,-1.4059798060033417e-06
1627859692265,2021-08-01T19:14:52.265,120.7,1.5284380454044276e-06,2.7755146051130042e-06,-1.1514647524217338e-06
1627859692315,2021-08-01T19:14:52.315,120.75,8.920497089389573e-07,2.9430753659309347e-06,-1.1475239014480506e-06
1627859692365,2021-08-01T19:14:52.365,120.8,2.138649724002134e-07,2.283806086173652e-06,-1.771654211711995e-06
1627859692415,2021-08-01T19:14:52.415,120.85,-6.251510474607467e-08,1.448886253029288e-06,-2.2921313327501203e-06
1627859692465,2021-08-01T19:14:52.465,120.9,2.256915628934799e-07,1.3086107785973266e-06,-2.1951609367998747e-06
1627859692515,2021-08-01T19:14:52.515,120.95,6.579950161893894e-07,1.5253266471310765e-06,-1.9718401167908075e-06
1627859692565,2021-08-01T19:14:52.565,121.0,6.263158345222632e-07,1.514748752222139e-06,-1.925896505068954e-06
1627859692615,2021-08-01T19:14:52.615,121.05,1.599482528289694e-07,1.4881929277433212e-06,-1.6964070199519976e-06
1627859692665,2021-08-01T19:14:52.665,121.1,-1.3968900072039922e-07,1.5746490616620688e-06,-1.3075931883899522e-06
1627859692715,2021-08-01T19:14:52.715,121.15,7.270339199370217e-08,1.3888876720664503e-06,-1.311759200639454e-06
1627859692765,2021-08-01T19:14:52.765,121.2,5.3765847817802e-07,1.04092351006044e-06,-1.784353521938052e-06
1627859692815,2021-08-01T19:14:52.815,121.25,7.101885075060174e-07,1.1484813342465757e-06,-2.165263966490369e-06
1627859692865,2021-08-01T19:14:52.865,121.3,2.1130062959297658e-07,1.5742779056886963e-06,-2.0340733794845505e-06
1627859692915,2021-08-01T19:14:52.915,121.35,-8.00317772566481e-07,1.564558496072612e-06,-1.4025475082420957e-06
1627859692965,2021-08-01T19:14:52.965,121.4,-1.6511648090132845e-06,1.1913858481835978e-06,-4.866550270525157e-07
1627859693015,2021-08-01T19:14:53.015,121.45,-1.7959307847512745e-06,1.0737966367750774e-06,2.3423219960845083e-07
1627859693065,2021-08-01T19:14:53.065,121.5,-1.3984958054659551e-06,9.069170123397698e-07,1.4081787116349265e-07
1627859693115,2021-08-01T19:14:53.115,121.55,-1.1128451886130233e-06,1.2237795983096558e-07,-7.246604241904579e-07
1627859693165,2021-08-01T19:14:53.165,121.6,-1.3493286803248674e-06,-6.37006510132299e-07,-1.3912140492625046e-06
1627859693215,2021-08-01T19:14:53.215,121.65,-1.8394949618344687e-06,-6.098095411124353e-07,-9.699627147932035e-07
1627859693265,2021-08-01T19:14:53.265,121.7,-2.0367768603871415e-06,-3.6944159288946285e-07,2.710884141827735e-07
1627859693315,2021-08-01T19:14:53.315,121.75,-1.8785443839599681e-06,-6.266777689908279e-07,1.088624100795774e-06
1627859693365,2021-08-01T19:14:53.365,121.8,-1.7374752416207728e-06,-1.013550674873706e-06,6.721914585206115e-07
1627859693415,2021-08-01T19:14:53.415,121.85,-1.733516489756411e-06,-1.0384589722860387e-06,-3.498860768361409e-07
1627859693465,2021-08-01T19:14:53.465,121.9,-1.7297897841161195e-06,-8.442606994420845e-07,-8.534986531329184e-07
1627859693515,2021-08-01T19:14:53.515,121.95,-1.8356715136792585e-06,-5.717709241700272e-07,-7.660135101690833e-07
1627859693565,2021-08-01T19:14:53.565,122.0,-2.2185644300082905e-06,-6.622212500978484e-08,-9.115856752527742e-07
1627859693615,2021-08-01T19:14:53.615,122.05,-2.5965194030739136e-06,5.951045028672663e-07,-1.8425094306041855e-06
1627859693665,2021-08-01T19:14:53.665,122.1,-2.538702578568631e-06,9.437525862060898e-07,-3.3652764995847464e-06
1627859693715,2021-08-01T19:14:53.715,122.15,-2.0793979026485297e-06,6.651699879748168e-07,-4.642956364502059e-06
1627859693765,2021-08-01T19:14:53.765,122.2,-1.5501952570532678e-06,4.8982520572935284e-08,-4.7927738220035145e-06
1627859693815,2021-08-01T19:14:53.815,122.25,-1.138191620688546e-06,-2.9949509144672595e-07,-4.005393530756734e-06
1627859693865,2021-08-01T19:14:53.865,122.3,-9.87011541450684e-07,-1.3908656854598765e-07,-3.4994864854857185e-06
1627859693915,2021-08-01T19:14:53.915,122.35,-1.1585087084719778e-06,2.1655451857264242e-07,-3.841536301722302e-06
1627859693965,2021-08-01T19:14:53.965,122.4,-1.282171358301001e-06,3.8945247371802793e-07,-4.347609635601402e-06
1627859694015,2021-08-01T19:14:54.015,122.45,-1.024204586773036e-06,4.23809496304075e-07,-4.561862006125078e-06
1627859694065,2021-08-01T19:14:54.065,122.5,-7.165110859356505e-07,6.286672545814509e-07,-4.901083638419769e-06
1627859694115,2021-08-01T19:14:54.115,122.55,-6.711413680266705e-07,9.619186759718214e-07,-5.385249390507748e-06
1627859694165,2021-08-01T19:14:54.165,122.6,-5.636933994566971e-07,9.351358496550373e-07,-5.3823674818546906e-06
1627859694215,2021-08-01T19:14:54.215,122.65,-1.680993448663261e-07,4.340872148679748e-07,-5.057314036461332e-06
1627859694265,2021-08-01T19:14:54.265,122.7,2.1908759919081835e-07,1.553576491617259e-07,-5.2952220170576095e-06
1627859694315,2021-08-01T19:14:54.315,122.75,3.592440220967844e-07,6.322331220672305e-07,-5.998650444021707e-06
1627859694365,2021-08-01T19:14:54.365,122.8,3.6654807843206364e-07,1.3053537142107147e-06,-6.266229833892387e-06
1627859694415,2021-08-01T19:14:54.415,122.85,4.4231728889656777e-07,1.2799104416122738e-06,-5.994602924112406e-06
1627859694465,2021-08-01T19:14:54.465,122.9,5.483476168553089e-07,6.366121665452368e-07,-5.738317418573693e-06
1627859694515,2021-08-01T19:14:54.515,122.95,4.0887691667554385e-07,3.057561789224021e-07,-5.669223914327527e-06
1627859694565,2021-08-01T19:14:54.565,123.0,1.3497301484330976e-08,7.527534724922718e-07,-5.706560138607629e-06
1627859694615,2021-08-01T19:14:54.615,123.05,-2.011035316825444e-07,1.3385877772089865e-06,-5.832386306949167e-06
1627859694665,2021-08-01T19:14:54.665,123.1,8.645317231036655e-08,1.1955199558166443e-06,-5.894273813227108e-06
1627859694715,2021-08-01T19:14:54.715,123.15,7.365296271484474e-07,3.0589919066199313e-07,-5.820251564556423e-06
1627859694765,2021-08-01T19:14:54.765,123.2,1.3675667106580796e-06,-7.855554430331645e-07,-5.848484514557756e-06
1627859694815,2021-08-01T19:14:54.815,123.25,1.6586898026422726e-06,-1.8837730322708996e-06,-6.045219320730755e-06
1627859694865,2021-08-01T19:14:54.865,123.3,1.6024746432259631e-06,-2.983696728576281e-06,-6.144326519218763e-06
1627859694915,2021-08-01T19:14:54.915,123.35,1.4752954883074122e-06,-3.691484205556129e-06,-6.1534915276476515e-06
1627859694965,2021-08-01T19:14:54.965,123.4,1.4481312552114814e-06,-3.763220330327438e-06,-6.391169686350607e-06
1627859695015,2021-08-01T19:14:55.015,123.45,1.4569802165911534e-06,-3.7882121749361534e-06,-6.821110263439321e-06
1627859695065,2021-08-01T19:14:55.065,123.5,1.4974168570725593e-06,-4.469008911386649e-06,-7.100976295894953e-06
1627859695115,2021-08-01T19:14:55.115,123.55,1.702353969535971e-06,-5.446914505689742e-06,-7.167378371948021e-06
1627859695165,2021-08-01T19:14:55.165,123.6,2.0369815182191683e-06,-5.560579356081265e-06,-7.125807646284907e-06
1627859695215,2021-08-01T19:14:55.215,123.65,2.217045480663832e-06,-4.5743625752463105e-06,-6.923716733105994e-06
1627859695265,2021-08-01T19:14:55.265,123.7,2.089242097727121e-06,-3.909552139151097e-06,-6.541723979472372e-06
1627859695315,2021-08-01T19:14:55.315,123.75,1.8541043107668432e-06,-4.5993709892981565e-06,-6.032621465451641e-06
1627859695365,2021-08-01T19:14:55.365,123.8,1.7868445658184517e-06,-5.4336278151071765e-06,-5.433534623641596e-06
1627859695415,2021-08-01T19:14:55.415,123.85,2.0437626172946316e-06,-4.65403533975483e-06,-5.138066750627538e-06
1627859695465,2021-08-01T19:14:55.465,123.9,2.719704875075236e-06,-2.3529915719560073e-06,-5.7402872119445826e-06
1627859695515,2021-08-01T19:14:55.515,123.95,3.594526033107398e-06,1.2641661738381959e-07,-6.9968272868450125e-06
1627859695565,2021-08-01T19:14:55.565,124.0,4.037753618570814e-06,1.751599790182433e-06,-7.791385368152381e-06
1627859695615,2021-08-01T19:14:55.615,124.05,3.7855174900770767e-06,1.9928799217695637e-06,-7.485123594118455e-06
1627859695665,2021-08-01T19:14:55.665,124.1,3.394295856515063e-06,1.116404507915914e-06,-6.567175279293413e-06
1627859695715,2021-08-01T19:14:55.715,124.15,3.3982708610812095e-06,5.882242739783397e-07,-5.9122767712024365e-06
1627859695765,2021-08-01T19:14:55.765,124.2,3.6382175834119283e-06,1.551184060415888e-06,-5.8913670497489985e-06
1627859695815,2021-08-01T19:14:55.815,124.25,3.791649920036904e-06,3.0926874654163787e-06,-6.066304365549651e-06
1627859695865,2021-08-01T19:14:55.865,124.3,3.884141011232743e-06,3.5163302642583194e-06,-5.596424522726332e-06
1627859695915,2021-08-01T19:14:55.915,124.35,4.0278606751863606e-06,2.669963616783117e-06,-4.2915445364209035e-06
1627859695965,2021-08-01T19:14:55.965,124.4,4.228820794841244e-06,1.7563157747885536e-06,-3.1376465337647517e-06
1627859696015,2021-08-01T19:14:56.015,124.45,4.569730261082843e-06,1.6786081861401532e-06,-3.1535230888734797e-06
1627859696065,2021-08-01T19:14:56.065,124.5,5.0550567829373235e-06,2.3409501710603798e-06,-3.955253039174832e-06
1627859696115,2021-08-01T19:14:56.115,124.55,5.198528468062421e-06,2.881176527553986e-06,-4.220679407468803e-06
1627859696165,2021-08-01T19:14:56.165,124.6,4.427365739354429e-06,2.581151202468316e-06,-3.343483021547745e-06
1627859696215,2021-08-01T19:14:56.215,124.65,3.213697674206825e-06,1.8886533582426703e-06,-1.975309264079566e-06
1627859696265,2021-08-01T19:14:56.265,124.7,2.9860510375729503e-06,1.60070678073756e-06,-1.0756931393422262e-06
1627859696315,2021-08-01T19:14:56.315,124.75,4.159106992984294e-06,1.206824277744608e-06,-8.299837663431487e-07
1627859696365,2021-08-01T19:14:56.365,124.8,5.164798647256036e-06,-8.144582496602014e-09,-6.302834519111024e-07
1627859696415,2021-08-01T19:14:56.415,124.85,4.598080919612787e-06,-9.574495771431347e-07,2.1336686780775145e-08
1627859696465,2021-08-01T19:14:56.465,124.9,3.2484122402480405e-06,-4.371317350095863e-07,1.0334215310246686e-06
1627859696515,2021-08-01T19:14:56.515,124.95,2.5695701208163724e-06,4.939330484036671e-07,2.173409753659234e-06
1627859696565,2021-08-01T19:14:56.565,125.0,2.5069113970724165e-06,3.170393962240176e-07,3.3699687031230057e-06
1627859696615,2021-08-01T19:14:56.615,125.05,2.397041959484781e-06,-4.788273435424295e-07,4.4028212586142414e-06
1627859696665,2021-08-01T19:14:56.665,125.1,2.383591583129209e-06,-5.822737287182219e-07,4.8531505029744265e-06
1627859696715,2021-08-01T19:14:56.715,125.15,2.6040593139379267e-06,1.3495642984191343e-07,4.594963118875023e-06
1627859696765,2021-08-01T19:14:56.765,125.2,2.70081698355578e-06,8.520452080455192e-07,3.9638800268412905e-06
1627859696815,2021-08-01T19:14:56.815,125.25,2.8409522658279094e-06,1.0176139987691177e-06,3.310017787338541e-06
1627859696865,2021-08-01T19:14:56.865,125.3,3.5336645494438772e-06,9.73781688186748e-07,2.717561017050273e-06
1627859696915,2021-08-01T19:14:56.915,125.35,4.425415180814412e-06,1.4879415817911173e-06,2.2012146104358074e-06
1627859696965,2021-08-01T19:14:56.965,125.4,4.780642416043694e-06,2.490621787467536e-06,1.8296646542515562e-06
1627859697015,2021-08-01T19:14:57.015,125.45,4.7387010419809945e-06,2.9450415229501916e-06,1.5842150930945276e-06
1627859697065,2021-08-01T19:14:57.065,125.5,4.877260326950391e-06,2.479963601814037e-06,1.2977694168322888e-06
1627859697115,2021-08-01T19:14:57.115,125.55,5.106027614332795e-06,1.9939031466044527e-06,8.828048408895149e-07
1627859697165,2021-08-01T19:14:57.165,125.6,4.99597208269505e-06,2.05133993408473e-06,6.078017357731808e-07
1627859697215,2021-08-01T19:14:57.215,125.65,4.736241777374733e-06,2.138166395118892e-06,8.468553825123984e-07
1627859697265,2021-08-01T19:14:57.265,125.7,4.949128245266827e-06,2.034919877065435e-06,1.4089548101503436e-06
1627859697315,2021-08-01T19:14:57.315,125.75,5.752279479347741e-06,2.302776047079642e-06,1.494881184333243e-06
1627859697365,2021-08-01T19:14:57.365,125.8,6.5546703895632135e-06,2.963952243386537e-06,5.793911571283636e-07
1627859697415,2021-08-01T19:14:57.415,125.85,6.776248944397126e-06,3.2296327748029932e-06,-7.386755671279641e-07
1627859697465,2021-08-01T19:14:57.465,125.9,6.344576371056828e-06,2.7796194257102846e-06,-9.105553122291285e-07
1627859697515,2021-08-01T19:14:57.515,125.95,5.48592966505343e-06,2.165632991569805e-06,1.0439362583787378e-06
1627859697565,2021-08-01T19:14:57.565,126.0,4.681210570279036e-06,1.9726497233197304e-06,4.033286105830781e-06
1627859697615,2021-08-01T19:14:57.615,126.05,4.682967017424135e-06,2.1699249407191136e-06,5.875079386988977e-06
1627859697665,2021-08-01T19:14:57.665,126.1,5.534990956819425e-06,2.2205120112844377e-06,6.025026559962016e-06
1627859697715,2021-08-01T19:14:57.715,126.15,6.011238623899435e-06,1.8545927700705992e-06,5.934008090211557e-06
1627859697765,2021-08-01T19:14:57.765,126.2,5.261567670666174e-06,1.5452783816884583e-06,6.554848040804277e-06
1627859697815,2021-08-01T19:14:57.815,126.25,4.168953778171662e-06,1.7503372297644191e-06,7.2738566344140136e-06
1627859697865,2021-08-01T19:14:57.865,126.3,3.9874121904153245e-06,2.2438721788370264e-06,7.479235595200447e-06
1627859697915,2021-08-01T19:14:57.915,126.35,4.774312364584792e-06,2.7693484481260286e-06,7.438483495933308e-06
1627859697965,2021-08-01T19:14:57.965,126.4,5.7778286982679975e-06,3.4432029552402407e-06,7.421753158397368e-06
1627859698015,2021-08-01T19:14:58.015,126.45,6.207679766589894e-06,3.98333709389953e-06,7.407474479918287e-06
1627859698065,2021-08-01T19:14:58.065,126.5,5.583764272927946e-06,3.633704534305896e-06,7.81028490559944e-06
1627859698115,2021-08-01T19:14:58.115,126.55,4.24195268641166e-06,2.4513518303311525e-06,9.207978812327557e-06
1627859698165,2021-08-01T19:14:58.165,126.6,3.183690855079564e-06,1.7465426256061745e-06,1.1164312382985761e-05
1627859698215,2021-08-01T19:14:58.215,126.65,2.9260619647961613e-06,2.4581187269045145e-06,1.2579430025026231e-05
1627859698265,2021-08-01T19:14:58.265,126.7,2.8828281612941717e-06,3.3136382908909187e-06,1.33517816132023e-05
1627859698315,2021-08-01T19:14:58.315,126.75,2.0887690300629865e-06,1.7070984837100853e-06,1.4381880751740559e-05
1627859698365,2021-08-01T19:14:58.365,126.8,3.8800716333725784e-07,-2.5336950626151967e-06,1.58513695347702e-05
1627859698415,2021-08-01T19:14:58.415,126.85,-1.2522102283164584e-06,-5.758766770815713e-06,1.6790231724488444e-05
1627859698465,2021-08-01T19:14:58.465,126.9,-1.9300765870600676e-06,-5.130553679400005e-06,1.6564304938758868e-05
1627859698515,2021-08-01T19:14:58.515,126.95,-2.0488299384322622e-06,-2.5842628392937243e-06,1.5863343651188073e-05
1627859698565,2021-08-01T19:14:58.565,127.0,-2.5724827420676854e-06,-1.5134141321235285e-06,1.5784156506521264e-05
1627859698615,2021-08-01T19:14:58.615,127.05,-3.4706627557562507e-06,-2.1417314091593473e-06,1.63917615809284e-05
1627859698665,2021-08-01T19:14:58.665,127.1,-3.9587644491209176e-06,-2.678646424201095e-06,1.6792957402519254e-05
1627859698715,2021-08-01T19:14:58.715,127.15,-3.753351974650042e-06,-2.620672414705079e-06,1.6431837950529906e-05
1627859698765,2021-08-01T19:14:58.765,127.2,-3.1608267133647757e-06,-2.7833536071866084e-06,1.5623285558813994e-05
1627859698815,2021-08-01T19:14:58.815,127.25,-2.5461538532895583e-06,-3.48327875587245e-06,1.4980205132731726e-05
1627859698865,2021-08-01T19:14:58.865,127.3,-2.2925697571035915e-06,-4.17343738364821e-06,1.4850394017002707e-05
1627859698915,2021-08-01T19:14:58.915,127.35,-2.5758803607315206e-06,-4.3448799060319995e-06,1.5003523338067765e-05
1627859698965,2021-08-01T19:14:58.965,127.4,-2.953455938853179e-06,-4.030623744582758e-06,1.476165224262299e-05
1627859699015,2021-08-01T19:14:59.015,127.45,-2.8623900869201206e-06,-3.667869922088739e-06,1.3957779590691419e-05
1627859699065,2021-08-01T19:14:59.065,127.5,-2.3842865461152243e-06,-3.6771041248929265e-06,1.3308181934064018e-05
1627859699115,2021-08-01T19:14:59.115,127.55,-1.913671323730434e-06,-3.993569890177069e-06,1.322469882470782e-05
1627859699165,2021-08-01T19:14:59.165,127.6,-1.5273528547390679e-06,-4.167085870571915e-06,1.3209423295975286e-05
1627859699215,2021-08-01T19:14:59.215,127.65,-1.180170837157977e-06,-4.034637123685827e-06,1.2912882713916082e-05
1627859699265,2021-08-01T19:14:59.265,127.7,-9.007718455389566e-07,-3.917689137032692e-06,1.2614278096952235e-05
1627859699315,2021-08-01T19:14:59.315,127.75,-5.495423068767335e-07,-4.017783042076655e-06,1.239651979977044e-05
1627859699365,2021-08-01T19:14:59.365,127.8,-7.615283730526331e-08,-4.10329776200871e-06,1.1956715126700904e-05
1627859699415,2021-08-01T19:14:59.415,127.85,1.781832206067226e-07,-4.108427146565716e-06,1.1363969172346028e-05
1627859699465,2021-08-01T19:14:59.465,127.9,1.2761682589185835e-07,-4.459372859551535e-06,1.1095307753312168e-05
1627859699515,2021-08-01T19:14:59.515,127.95,1.7359141210779436e-07,-5.244289575924586e-06,1.1149406814686299e-05
1627859699565,2021-08-01T19:14:59.565,128.0,2.5162831197819864e-07,-5.730423081273703e-06,1.0884725960156145e-05
1627859699615,2021-08-01T19:14:59.615,128.05,-1.4569101480666106e-07,-5.459987298231262e-06,1.0003846238926788e-05
1627859699665,2021-08-01T19:14:59.665,128.1,-8.006904986830015e-07,-5.129140485092469e-06,8.986733624477199e-06
1627859699715,2021-08-01T19:14:59.715,128.15,-1.1794006328945166e-06,-5.524308992513747e-06,8.276763368430821e-06
1627859699765,2021-08-01T19:14:59.765,128.2,-1.6318548824517314e-06,-6.239023030284442e-06,7.748165871946533e-06
1627859699815,2021-08-01T19:14:59.815,128.25,-2.473641819037358e-06,-6.331516275932991e-06,7.167475582175311e-06
1627859699865,2021-08-01T19:14:59.865,128.3,-2.9549171163622422e-06,-5.7004301359595005e-06,6.506441439987158e-06
1627859699915,2021-08-01T19:14:59.915,128.35,-2.7857909670163956e-06,-5.024359115160484e-06,5.728565726203305e-06
1627859699965,2021-08-01T19:14:59.965,128.4,-2.927993268090826e-06,-4.7821554920316295e-06,4.891889773644378e-06
1627859700015,2021-08-01T19:15:00.015,128.45,-3.602424641988896e-06,-4.8777434950327e-06,4.404464028987717e-06
1627859700065,2021-08-01T19:15:00.065,128.5,-3.7899253463952274e-06,-4.93641177965043e-06,4.591869122554447e-06
1627859700115,2021-08-01T19:15:00.115,128.55,-3.3624653195666766e-06,-4.727727194591676e-06,5.142241692761093e-06
1627859700165,2021-08-01T19:15:00.165,128.6,-3.2499181941117263e-06,-4.379962425783375e-06,5.395246449502753e-06
1627859700215,2021-08-01T19:15:00.215,128.65,-3.5412675388103226e-06,-4.115647625238134e-06,5.029412457754889e-06
1627859700265,2021-08-01T19:15:00.265,128.7,-3.6214723642106487e-06,-3.8668871919719635e-06,4.35453040206614e-06
1627859700315,2021-08-01T19:15:00.315,128.75,-3.59707197263195e-06,-3.423107614678019e-06,4.056228684913897e-06
1627859700365,2021-08-01T19:15:00.365,128.8,-3.888074972294478e-06,-2.8757578914008256e-06,4.489430266185189e-06
1627859700415,2021-08-01T19:15:00.415,128.85,-4.150213070654745e-06,-2.6823556923069102e-06,5.169989277382326e-06
1627859700465,2021-08-01T19:15:00.465,128.9,-3.885520810929229e-06,-3.163433852768009e-06,5.289352541983564e-06
1627859700515,2021-08-01T19:15:00.515,128.95,-3.5134238723048403e-06,-3.881538880809417e-06,4.681466129828766e-06
1627859700565,2021-08-01T19:15:00.565,129.0,-3.5967661283829986e-06,-3.921901699839037e-06,3.8156789734394835e-06
1627859700615,2021-08-01T19:15:00.615,129.05,-3.5839285175967793e-06,-3.1097562676737454e-06,2.9878297488823215e-06
1627859700665,2021-08-01T19:15:00.665,129.1,-2.927730811867094e-06,-2.2853751870281876e-06,2.225950874983079e-06
1627859700715,2021-08-01T19:15:00.715,129.15,-2.6192100414110123e-06,-2.004711914888038e-06,1.7444762125931953e-06
1627859700765,2021-08-01T19:15:00.765,129.2,-3.5458541310351713e-06,-1.876248924706588e-06,1.5622970157241036e-06
1627859700815,2021-08-01T19:15:00.815,129.25,-4.5242577758570405e-06,-1.5747076228215515e-06,1.1263450497134556e-06
1627859700865,2021-08-01T19:15:00.865,129.3,-4.156618357510663e-06,-1.5010792743282828e-06,2.6478374554303526e-07
1627859700915,2021-08-01T19:15:00.915,129.35,-3.2004639396073055e-06,-1.8998723471679666e-06,-2.906967549385907e-07
1627859700965,2021-08-01T19:15:00.965,129.4,-3.1436354298437345e-06,-2.2482069064795996e-06,-1.782635604961544e-07
1627859701015,2021-08-01T19:15:01.015,129.45,-3.855075592159182e-06,-2.141393867278949e-06,-1.5092248415019974e-07
1627859701065,2021-08-01T19:15:01.065,129.5,-4.233669752657477e-06,-1.8998425160213093e-06,-8.324179996565836e-07
1627859701115,2021-08-01T19:15:01.115,129.55,-4.085049810082949e-06,-1.7650070155530936e-06,-1.7759401476114115e-06
1627859701165,2021-08-01T19:15:01.165,129.6,-4.129182824630409e-06,-1.4431536537937323e-06,-2.3689561476004887e-06
1627859701215,2021-08-01T19:15:01.215,129.65,-4.698587131665048e-06,-8.941750188473513e-07,-2.7190590730466753e-06
1627859701265,2021-08-01T19:15:01.265,129.7,-5.260505006531306e-06,-6.919061192977148e-07,-3.051125398574513e-06
1627859701315,2021-08-01T19:15:01.315,129.75,-5.216749447355294e-06,-1.0816052841125352e-06,-3.1198824209483124e-06
1627859701365,2021-08-01T19:15:01.365,129.8,-4.748645466972208e-06,-1.2893899654047045e-06,-2.843700733471691e-06
1627859701415,2021-08-01T19:15:01.415,129.85,-4.4918899750735605e-06,-5.231974768360362e-07,-2.6930237636612716e-06
1627859701465,2021-08-01T19:15:01.465,129.9,-4.53628695699976e-06,6.834367962495024e-07,-2.956964460224462e-06
1627859701515,2021-08-01T19:15:01.515,129.95,-4.411039880486716e-06,1.1901868730001336e-06,-3.4085883482224117e-06
1627859701565,2021-08-01T19:15:01.565,130.0,-4.001352164643966e-06,1.0388512628670368e-06,-3.855989520709096e-06
1627859701615,2021-08-01T19:15:01.615,130.05,-3.70162113815905e-06,1.124275077763618e-06,-4.230560365705337e-06
1627859701665,2021-08-01T19:15:01.665,130.1,-3.740632699479094e-06,1.4202213132692907e-06,-4.293248248221789e-06
1627859701715,2021-08-01T19:15:01.715,130.15,-4.04423769411041e-06,1.25791032089966e-06,-3.992594182430451e-06
1627859701765,2021-08-01T19:15:01.765,130.2,-4.600841481685972e-06,9.60793976751333e-07,-3.7552259735260898e-06
1627859701815,2021-08-01T19:15:01.815,130.25,-5.294840221630484e-06,1.317754367944648e-06,-3.853538788511905e-06
1627859701865,2021-08-01T19:15:01.865,130.3,-5.474237684592266e-06,1.93509354252489e-06,-3.964194351206233e-06
1627859701915,2021-08-01T19:15:01.915,130.35,-4.5123588355169045e-06,1.8970809555936965e-06,-3.7790218596197494e-06
1627859701965,2021-08-01T19:15:01.965,130.4,-2.9797577109406165e-06,1.434238042911941e-06,-3.537756869812863e-06
1627859702015,2021-08-01T19:15:02.015,130.45,-2.2590638370958563e-06,1.4260746715387813e-06,-3.559822470590292e-06
1627859702065,2021-08-01T19:15:02.065,130.5,-2.6039816079463665e-06,1.8837909053095416e-06,-3.7126315968982324e-06
1627859702115,2021-08-01T19:15:02.115,130.55,-2.758246685031961e-06,2.0747327815702683e-06,-3.769554636380309e-06
1627859702165,2021-08-01T19:15:02.165,130.6,-2.0438310300745693e-06,1.6813358701196987e-06,-3.854261553899538e-06
1627859702215,2021-08-01T19:15:02.215,130.65,-1.5214971629614038e-06,1.1272851062173251e-06,-4.120539797404216e-06
1627859702265,2021-08-01T19:15:02.265,130.7,-2.1925627609683446e-06,1.0210140445470075e-06,-4.5228643101408225e-06
1627859702315,2021-08-01T19:15:02.315,130.75,-3.175019523943204e-06,1.479157392371336e-06,-5.133989283099494e-06
1627859702365,2021-08-01T19:15:02.365,130.8,-2.9978810368626407e-06,1.8990890528113456e-06,-6.012834827293794e-06
1627859702415,2021-08-01T19:15:02.415,130.85,-1.961430275299072e-06,1.7400649683978692e-06,-6.793789732026538e-06
1627859702465,2021-08-01T19:15:02.465,130.9,-1.5557166380688487e-06,1.4450889921409431e-06,-7.061601388129846e-06
1627859702515,2021-08-01T19:15:02.515,130.95,-2.0223290465717195e-06,1.7008051171921735e-06,-6.882606323418024e-06
1627859702565,2021-08-01T19:15:02.565,131.0,-2.258514297167171e-06,2.0961676530177485e-06,-6.538942242175147e-06
1627859702615,2021-08-01T19:15:02.615,131.05,-1.802321888014784e-06,1.848629245389849e-06,-6.108512403697353e-06
1627859702665,2021-08-01T19:15:02.665,131.1,-1.345492608279066e-06,1.3822007582826823e-06,-5.58885648633924e-06
1627859702715,2021-08-01T19:15:02.715,131.15,-1.4177369243089092e-06,1.6617787355645152e-06,-5.158940964144962e-06
1627859702765,2021-08-01T19:15:02.765,131.2,-1.6923045663823614e-06,2.4362741880814476e-06,-5.050627077141503e-06
1627859702815,2021-08-01T19:15:02.815,131.25,-1.7031570952156863e-06,2.61965723346521e-06,-5.21627549725722e-06
1627859702865,2021-08-01T19:15:02.865,131.3,-1.5295068927128798e-06,2.130528757082291e-06,-5.351355118675682e-06
1627859702915,2021-08-01T19:15:02.915,131.35,-1.461169597195772e-06,1.999791620802652e-06,-5.2639523946432815e-06
1627859702965,2021-08-01T19:15:02.965,131.4,-1.459602038862944e-06,2.678782417937368e-06,-5.03537054663319e-06
1627859703015,2021-08-01T19:15:03.015,131.45,-1.3275143742973258e-06,3.4594961158908865e-06,-4.841946099055658e-06
1627859703065,2021-08-01T19:15:03.065,131.5,-1.0862411572822398e-06,3.6682149488281724e-06,-4.761181181309521e-06
1627859703115,2021-08-01T19:15:03.115,131.55,-8.908205099554322e-07,3.382656646460254e-06,-4.725505484891242e-06
1627859703165,2021-08-01T19:15:03.165,131.6,-8.212869997033211e-07,2.99400750885746e-06,-4.6101126047351896e-06
1627859703215,2021-08-01T19:15:03.215,131.65,-9.180643656247556e-07,2.882208733918435e-06,-4.361101267298104e-06
1627859703265,2021-08-01T19:15:03.265,131.7,-1.1701885296600113e-06,3.2272472368576666e-06,-4.083409549152478e-06
1627859703315,2021-08-01T19:15:03.315,131.75,-1.3647767958654197e-06,3.6818014589597146e-06,-4.053650764572848e-06
1627859703365,2021-08-01T19:15:03.365,131.8,-1.213853977937133e-06,3.7975426270664847e-06,-4.439607378715298e-06
1627859703415,2021-08-01T19:15:03.415,131.85,-7.66894797795586e-07,3.7331343244643133e-06,-4.916288463992437e-06
1627859703465,2021-08-01T19:15:03.465,131.9,-4.690096870660308e-07,3.819885056979121e-06,-5.009154592954615e-06
1627859703515,2021-08-01T19:15:03.515,131.95,-6.193379578090049e-07,3.935388436560376e-06,-4.8117802231477016e-06
1627859703565,2021-08-01T19:15:03.565,132.0,-9.244790557350711e-07,3.977987321016268e-06,-4.709487964925186e-06
1627859703615,2021-08-01T19:15:03.615,132.05,-8.024853998572194e-07,4.174009909789099e-06,-4.674233447099289e-06
1627859703665,2021-08-01T19:15:03.665,132.1,-9.742645149800493e-08,4.451868286216452e-06,-4.526339212993398e-06
1627859703715,2021-08-01T19:15:03.715,132.15,6.940892450716644e-07,4.3805012538007045e-06,-4.328906576113906e-06
1627859703765,2021-08-01T19:15:03.765,132.2,9.96924409993727e-07,3.936552419524666e-06,-4.128576586200636e-06
1627859703815,2021-08-01T19:15:03.815,132.25,7.180802244519855e-07,3.517519516790019e-06,-4.094952975090401e-06
1627859703865,2021-08-01T19:15:03.865,132.3,8.615241353396177e-08,3.3012217853420255e-06,-4.775437741316222e-06
1627859703915,2021-08-01T19:15:03.915,132.35,-5.636146636808233e-07,3.3423696702308223e-06,-6.2076199119879195e-06
1627859703965,2021-08-01T19:15:03.965,132.4,-7.520974110674313e-07,3.819789169798564e-06,-7.394427976469246e-06
1627859704015,2021-08-01T19:15:04.015,132.45,-4.0790126823681483e-07,4.440382284328957e-06,-7.731721319364664e-06
1627859704065,2021-08-01T19:15:04.065,132.5,-1.8846903409381463e-07,4.374043934646574e-06,-7.899990028185602e-06
1627859704115,2021-08-01T19:15:04.115,132.55,-3.329949974870631e-07,3.51276672156782e-06,-8.428826933928757e-06
1627859704165,2021-08-01T19:15:04.165,132.6,-1.3581477287722408e-07,2.91049824760867e-06,-8.875005157731713e-06
1627859704215,2021-08-01T19:15:04.215,132.65,5.615877027655587e-07,3.2778756710566105e-06,-9.042552258626273e-06
1627859704265,2021-08-01T19:15:04.265,132.7,8.111652021241084e-07,3.8377873857818845e-06,-9.331488552679536e-06
1627859704315,2021-08-01T19:15:04.315,132.75,2.0646975018937313e-07,3.4305101926637254e-06,-9.603759157898846e-06
1627859704365,2021-08-01T19:15:04.365,132.8,-3.5863740313932055e-07,2.3215717796186976e-06,-9.254885670465452e-06
1627859704415,2021-08-01T19:15:04.415,132.85,-1.298433601789846e-07,2.0280975211741084e-06,-8.359869940426908e-06
1627859704465,2021-08-01T19:15:04.465,132.9,4.028085497281324e-07,3.1754216169287426e-06,-7.505393646824188e-06
1627859704515,2021-08-01T19:15:04.515,132.95,4.6316285846885276e-07,4.485102517146418e-06,-6.893721239562973e-06
1627859704565,2021-08-01T19:15:04.565,133.0,3.278831615610292e-07,4.597353168747038e-06,-6.5547440179314694e-06
1627859704615,2021-08-01T19:15:04.615,133.05,7.471036868350071e-07,3.837257850030815e-06,-6.609262074493716e-06
1627859704665,2021-08-01T19:15:04.665,133.1,1.448942421280368e-06,3.2517345395921626e-06,-6.627794622688691e-06
1627859704715,2021-08-01T19:15:04.715,133.15,1.4555204334399224e-06,3.1060362563923704e-06,-5.956741930053307e-06
1627859704765,2021-08-01T19:15:04.765,133.2,7.178204661048663e-07,3.0727132109367986e-06,-5.072370945750783e-06
1627859704815,2021-08-01T19:15:04.815,133.25,2.060589821905225e-07,2.7171181869273e-06,-5.04085904484635e-06
1627859704865,2021-08-01T19:15:04.865,133.3,4.339606563331327e-07,1.797942502013906e-06,-5.517039865840692e-06
1627859704915,2021-08-01T19:15:04.915,133.35,1.0190002544654918e-06,1.118884755588227e-06,-5.107545907041288e-06
1627859704965,2021-08-01T19:15:04.965,133.4,1.6038163536362807e-06,1.8794167996954139e-06,-3.756198048549816e-06
1627859705015,2021-08-01T19:15:05.015,133.45,2.126702618524674e-06,3.1314277510453423e-06,-2.9186348501634014e-06
1627859705065,2021-08-01T19:15:05.065,133.5,2.3092552084611025e-06,2.239356966135246e-06,-3.324789598160037e-06
1627859705115,2021-08-01T19:15:05.115,133.55,1.8337485383119783e-06,-8.578026595185375e-07,-4.247401651615317e-06
1627859705165,2021-08-01T19:15:05.165,133.6,9.510028021474852e-07,-3.08631501140909e-06,-5.0320237395138865e-06
1627859705215,2021-08-01T19:15:05.215,133.65,2.1532828801561854e-07,-3.2486043039016553e-06,-5.874117210871083e-06
1627859705265,2021-08-01T19:15:05.265,133.7,-3.084427885832517e-07,-3.4218575414586762e-06,-6.945302248123784e-06
1627859705315,2021-08-01T19:15:05.315,133.75,-9.636983634746894e-07,-4.34665723463671e-06,-7.936633962385395e-06
1627859705365,2021-08-01T19:15:05.365,133.8,-1.7512060307444932e-06,-4.578379392877437e-06,-8.721839084766617e-06
1627859705415,2021-08-01T19:15:05.415,133.85,-2.380449864189355e-06,-4.699965560612261e-06,-9.651471109430742e-06
1627859705465,2021-08-01T19:15:05.465,133.9,-2.8703310631039826e-06,-6.652050801012116e-06,-1.094608696408529e-05
1627859705515,2021-08-01T19:15:05.515,133.95,-3.3911084539521087e-06,-9.059260587341835e-06,-1.2362398334668372e-05
1627859705565,2021-08-01T19:15:05.565,134.0,-3.917374241266595e-06,-8.749088601168952e-06,-1.3594243591751881e-05
1627859705615,2021-08-01T19:15:05.615,134.05,-4.516809040822294e-06,-5.951921734395827e-06,-1.4549665149528188e-05
1627859705665,2021-08-01T19:15:05.665,134.1,-5.307881776283599e-06,-3.427256710991701e-06,-1.5161451419506126e-05
1627859705715,2021-08-01T19:15:05.715,134.15,-5.9222010567077446e-06,-2.3334680124053364e-06,-1.5306758343998253e-05
1627859705765,2021-08-01T19:15:05.765,134.2,-5.821338436181748e-06,-2.241315171531796e-06,-1.5089216809223141e-05
1627859705815,2021-08-01T19:15:05.815,134.25,-5.230967186138105e-06,-2.678605850772531e-06,-1.494372278987058e-05
1627859705865,2021-08-01T19:15:05.865,134.3,-5.028797136897768e-06,-2.7311218932300674e-06,-1.5065602874641928e-05
1627859705915,2021-08-01T19:15:05.915,134.35,-5.580011759679697e-06,-1.608801558380778e-06,-1.4887165973930148e-05
1627859705965,2021-08-01T19:15:05.965,134.4,-6.203392149203485e-06,-1.4285646429133283e-07,-1.3745403548238269e-05
1627859706015,2021-08-01T19:15:06.015,134.45,-6.029271654242818e-06,3.11273217257521e-07,-1.1868751881830174e-05
1627859706065,2021-08-01T19:15:06.065,134.5,-5.054374897126097e-06,-1.2562604341608623e-08,-9.936349897393016e-06
1627859706115,2021-08-01T19:15:06.115,134.55,-3.988755996679159e-06,1.236119375444716e-07,-8.176330907096452e-06
1627859706165,2021-08-01T19:15:06.165,134.6,-3.3206290531180343e-06,9.344993648098424e-07,-6.694346229680631e-06
1627859706215,2021-08-01T19:15:06.215,134.65,-3.062897348630713e-06,1.4382534403493242e-06,-5.755799603254496e-06
1627859706265,2021-08-01T19:15:06.265,134.7,-3.1862627154652776e-06,1.0840553823255834e-06,-5.100867528751474e-06
1627859706315,2021-08-01T19:15:06.315,134.75,-3.5685662547958033e-06,6.012415931084379e-07,-4.033118348440374e-06
1627859706365,2021-08-01T19:15:06.365,134.8,-3.6184762517498576e-06,7.847157063714478e-07,-2.3638709857337275e-06
1627859706415,2021-08-01T19:15:06.415,134.85,-2.7516798398974417e-06,1.1147015701614266e-06,-5.190211495546222e-07
1627859706465,2021-08-01T19:15:06.465,134.9,-1.3863737378505453e-06,6.905324671327501e-07,9.248459039176715e-07
1627859706515,2021-08-01T19:15:06.515,134.95,-7.327922172165984e-07,-4.399800978403514e-08,1.6092792783985265e-06
1627859706565,2021-08-01T19:15:06.565,135.0,-1.1699203812814734e-06,-1.5331242711551584e-07,1.8513241582825839e-06
1627859706615,2021-08-01T19:15:06.615,135.05,-1.5232259790906802e-06,-5.5884162565522214e-08,2.2943546891234058e-06
1627859706665,2021-08-01T19:15:06.665,135.1,-6.184658242030379e-07,-6.011555372517117e-07,2.794403532999835e-06
1627859706715,2021-08-01T19:15:06.715,135.15,1.113969295506529e-06,-1.279440468052777e-06,2.693919866184485e-06
1627859706765,2021-08-01T19:15:06.765,135.2,2.3184915927442725e-06,-1.1903744596834422e-06,2.1902367880416726e-06
1627859706815,2021-08-01T19:15:06.815,135.25,2.4416746980736328e-06,-7.527925964065366e-07,2.0873018974886414e-06
1627859706865,2021-08-01T19:15:06.865,135.3,2.154929393180228e-06,-9.747089649302144e-07,2.450004884511705e-06
1627859706915,2021-08-01T19:15:06.915,135.35,2.327129541677494e-06,-1.8330282534597514e-06,2.7665163250159745e-06
1627859706965,2021-08-01T19:15:06.965,135.4,2.9978954732034557e-06,-2.4572387108168675e-06,2.964806554920402e-06
1627859707015,2021-08-01T19:15:07.015,135.45,3.4813671432964918e-06,-2.561419467738486e-06,3.2429615753217825e-06
1627859707065,2021-08-01T19:15:07.065,135.5,3.3125383038431702e-06,-2.8242606147430028e-06,3.3818054943128806e-06
1627859707115,2021-08-01T19:15:07.115,135.55,2.7636012174195093e-06,-3.6725603126400886e-06,2.99762473080304e-06
1627859707165,2021-08-01T19:15:07.165,135.6,2.4308946021727574e-06,-4.449782116070652e-06,2.2552778121159468e-06
1627859707215,2021-08-01T19:15:07.215,135.65,2.5427450591881026e-06,-4.353821113180543e-06,1.8100868004896776e-06
1627859707265,2021-08-01T19:15:07.265,135.7,2.750421286294532e-06,-3.6386116424432683e-06,1.9653352954696928e-06
1627859707315,2021-08-01T19:15:07.315,135.75,2.667668780369268e-06,-3.297461570419975e-06,2.259929415624402e-06
1627859707365,2021-08-01T19:15:07.365,135.8,2.4434946223704056e-06,-3.786768968293531e-06,2.183319987974331e-06
1627859707415,2021-08-01T19:15:07.415,135.85,2.4893697960379754e-06,-4.45260669171841e-06,2.0070009294149834e-06
1627859707465,2021-08-01T19:15:07.465,135.9,2.8720826643160697e-06,-4.533990688367934e-06,2.399630341203742e-06
1627859707515,2021-08-01T19:15:07.515,135.95,3.243739245430458e-06,-4.4676638779481015e-06,3.320622308377754e-06
1627859707565,2021-08-01T19:15:07.565,136.0,3.2432640218870224e-06,-5.033343384682481e-06,3.9726484798779845e-06
1627859707615,2021-08-01T19:15:07.615,136.05,2.99591583297723e-06,-5.570226001711241e-06,3.991281426969512e-06
1627859707665,2021-08-01T19:15:07.665,136.1,3.0175926934616298e-06,-5.095110120188561e-06,3.947153842010739e-06
1627859707715,2021-08-01T19:15:07.715,136.15,3.299666858384679e-06,-4.473669253929535e-06,4.400402251707303e-06
1627859707765,2021-08-01T19:15:07.765,136.2,3.2172101431141745e-06,-4.914003120863709e-06,5.138285385364751e-06
1627859707815,2021-08-01T19:15:07.815,136.25,2.7952885739252925e-06,-5.520063898411488e-06,5.642655735084589e-06
1627859707865,2021-08-01T19:15:07.865,136.3,2.7814389722117723e-06,-5.002500778209472e-06,5.861835387649006e-06
1627859707915,2021-08-01T19:15:07.915,136.35,3.1740179084250112e-06,-4.22864191220251e-06,6.233245980345828e-06
1627859707965,2021-08-01T19:15:07.965,136.4,3.3295481749815787e-06,-4.539110652219983e-06,7.001639899218294e-06
1627859708015,2021-08-01T19:15:08.015,136.45,3.346423785766309e-06,-5.286329765132069e-06,7.776384397760252e-06
1627859708065,2021-08-01T19:15:08.065,136.5,3.5912330105570408e-06,-5.332096436479382e-06,8.054205740441932e-06
1627859708115,2021-08-01T19:15:08.115,136.55,3.549505274958971e-06,-5.058520112526194e-06,7.950989020857326e-06
1627859708165,2021-08-01T19:15:08.165,136.6,2.762342350586666e-06,-5.011087798282424e-06,7.935116064954913e-06
1627859708215,2021-08-01T19:15:08.215,136.65,1.9640887590912093e-06,-4.814189472533355e-06,8.03057136431449e-06
1627859708265,2021-08-01T19:15:08.265,136.7,1.960367132821304e-06,-4.684441041310916e-06,7.887540842790962e-06
1627859708315,2021-08-01T19:15:08.315,136.75,2.319933880659215e-06,-5.433224633443665e-06,7.563872675885111e-06
1627859708365,2021-08-01T19:15:08.365,136.8,2.236113246995248e-06,-6.550359546675517e-06,7.540590896764787e-06
1627859708415,2021-08-01T19:15:08.415,136.85,1.822291088857513e-06,-6.827931989006881e-06,7.821897627779111e-06
1627859708465,2021-08-01T19:15:08.465,136.9,1.7057885120760696e-06,-6.3439993729219365e-06,7.783172558306136e-06
1627859708515,2021-08-01T19:15:08.515,136.95,2.0136201768965945e-06,-5.79788829845941e-06,7.312886717843713e-06
1627859708565,2021-08-01T19:15:08.565,137.0,2.3320259482031456e-06,-5.353900998439712e-06,7.241060883164825e-06
1627859708615,2021-08-01T19:15:08.615,137.05,2.261043764863996e-06,-5.406237150286703e-06,7.970514444458993e-06
1627859708665,2021-08-01T19:15:08.665,137.1,1.726778756472207e-06,-6.352304305938364e-06,8.587586431864326e-06
1627859708715,2021-08-01T19:15:08.715,137.15,9.255989430635145e-07,-7.240276244478017e-06,8.13767947433614e-06
1627859708765,2021-08-01T19:15:08.765,137.2,1.4548743249666872e-07,-7.048059550518303e-06,6.980983216959349e-06
1627859708815,2021-08-01T19:15:08.815,137.25,-3.7026551340022177e-07,-6.61896062634715e-06,6.128234629744696e-06
1627859708865,2021-08-01T19:15:08.865,137.3,-6.560231794327367e-07,-6.980907637732765e-06,5.890155271098629e-06
1627859708915,2021-08-01T19:15:08.915,137.35,-1.1741790428517106e-06,-7.4650817844951804e-06,5.88070319823872e-06
1627859708965,2021-08-01T19:15:08.965,137.4,-2.2554790646442784e-06,-7.470144871115415e-06,5.889542949902659e-06
1627859709015,2021-08-01T19:15:09.015,137.45,-3.376973877504039e-06,-7.693318231388763e-06,6.018790465816454e-06
1627859709065,2021-08-01T19:15:09.065,137.5,-3.7558774162541973e-06,-8.29910097011277e-06,6.162268177769965e-06
1627859709115,2021-08-01T19:15:09.115,137.55,-3.6406151914610723e-06,-8.42113750297045e-06,6.097180711421638e-06
1627859709165,2021-08-01T19:15:09.165,137.6,-4.03117602584125e-06,-8.038996861494667e-06,6.051106553554786e-06
1627859709215,2021-08-01T19:15:09.215,137.65,-5.062754423072908e-06,-8.083515350870186e-06,6.447120060361458e-06
1627859709265,2021-08-01T19:15:09.265,137.7,-5.724314172830535e-06,-8.665106270662029e-06,7.117571462448881e-06
1627859709315,2021-08-01T19:15:09.315,137.75,-5.4711861792608906e-06,-8.968097656454222e-06,7.497761714812468e-06
1627859709365,2021-08-01T19:15:09.365,137.8,-5.101803251769921e-06,-8.722671538586517e-06,7.5615730008521e-06
1627859709415,2021-08-01T19:15:09.415,137.85,-5.419192471405156e-06,-8.447552224643159e-06,7.854367689590326e-06
1627859709465,2021-08-01T19:15:09.465,137.9,-5.974242682433771e-06,-8.374988970095455e-06,8.573712026391778e-06
1627859709515,2021-08-01T19:15:09.515,137.95,-6.05503688202146e-06,-8.221881353191453e-06,9.256873848577863e-06
1627859709565,2021-08-01T19:15:09.565,138.0,-6.0422956717324885e-06,-7.985566067964666e-06,9.475092128149622e-06
1627859709615,2021-08-01T19:15:09.615,138.05,-6.689224387815135e-06,-8.060328407256502e-06,9.371196115210642e-06
1627859709665,2021-08-01T19:15:09.665,138.1,-7.76373556184357e-06,-8.512477335459305e-06,9.372465689453587e-06
1627859709715,2021-08-01T19:15:09.715,138.15,-8.456079174088885e-06,-8.842639266668127e-06,9.571109636974958e-06
1627859709765,2021-08-01T19:15:09.765,138.2,-8.684848867432548e-06,-8.588127685525157e-06,9.688914033967568e-06
1627859709815,2021-08-01T19:15:09.815,138.25,-9.11873773315522e-06,-7.916715981131396e-06,9.740175544332192e-06
1627859709865,2021-08-01T19:15:09.865,138.3,-1.0118109225965656e-05,-7.378521317290458e-06,1.0073551290166968e-05
1627859709915,2021-08-01T19:15:09.915,138.35,-1.134566667682169e-05,-7.081355140784611e-06,1.0488113537525407e-05
1627859709965,2021-08-01T19:15:09.965,138.4,-1.2304361642547922e-05,-6.681213760208196e-06,1.0250307229763082e-05
1627859710015,2021-08-01T19:15:10.015,138.45,-1.2857249615926811e-05,-6.357129709836385e-06,9.222577231627325e-06
1627859710065,2021-08-01T19:15:10.065,138.5,-1.3418697038086175e-05,-6.723141415075915e-06,8.118551561259276e-06
1627859710115,2021-08-01T19:15:10.115,138.55,-1.4548764571706524e-05,-7.32448754836145e-06,7.646540159962809e-06
1627859710165,2021-08-01T19:15:10.165,138.6,-1.5994335759446426e-05,-6.810999146146809e-06,7.876932544146691e-06
1627859710215,2021-08-01T19:15:10.215,138.65,-1.6776484840540745e-05,-5.284476366771423e-06,8.20786092864586e-06
1627859710265,2021-08-01T19:15:10.265,138.7,-1.6713380065067648e-05,-4.4297138181752885e-06,7.891579212172219e-06
1627859710315,2021-08-01T19:15:10.315,138.75,-1.686402763473486e-05,-4.731658993440518e-06,6.9678644264801094e-06
1627859710365,2021-08-01T19:15:10.365,138.8,-1.792826944607917e-05,-4.894114960985363e-06,6.432481806594626e-06
1627859710415,2021-08-01T19:15:10.415,138.85,-1.9163619558768224e-05,-4.138139058079096e-06,7.124433134065164e-06
1627859710465,2021-08-01T19:15:10.465,138.9,-1.933378727393714e-05,-2.7906469530258476e-06,9.007088674248598e-06
1627859710515,2021-08-01T19:15:10.515,138.95,-1.7970499366086543e-05,-1.0709164314361912e-06,1.1711566293904036e-05
1627859710565,2021-08-01T19:15:10.565,139.0,-1.545009174715915e-05,7.63614683571083e-07,1.4719973470977877e-05
1627859710615,2021-08-01T19:15:10.615,139.05,-1.253423737459821e-05,1.9191747796276356e-06,1.6953004709505326e-05
1627859710665,2021-08-01T19:15:10.665,139.1,-1.0001925391821146e-05,2.1114839626073638e-06,1.7560029159977274e-05
1627859710715,2021-08-01T19:15:10.715,139.15,-8.151359759095302e-06,2.166704737153037e-06,1.718397018671835e-05
1627859710765,2021-08-01T19:15:10.765,139.2,-6.603484240924744e-06,2.807797384883592e-06,1.7155752495252248e-05
1627859710815,2021-08-01T19:15:10.815,139.25,-4.819009558058034e-06,3.7990669876296495e-06,1.742599208339856e-05
1627859710865,2021-08-01T19:15:10.865,139.3,-2.583585575901602e-06,4.70137189321218e-06,1.655293557442323e-05
1627859710915,2021-08-01T19:15:10.915,139.35,-1.1243456849130712e-07,5.656627021145134e-06,1.3899465690654911e-05
1627859710965,2021-08-01T19:15:10.965,139.4,1.998725435001242e-06,7.042772821595911e-06,1.050030620420736e-05
1627859711015,2021-08-01T19:15:11.015,139.45,3.363700921354842e-06,8.777944558522593e-06,7.320847390567698e-06
1627859711065,2021-08-01T19:15:11.065,139.5,4.39790724245724e-06,1.0378471537484297e-05,4.112547512472367e-06
1627859711115,2021-08-01T19:15:11.115,139.55,5.566787065474257e-06,1.1564637236945662e-05,6.517393970919756e-07
1627859711165,2021-08-01T19:15:11.165,139.6,6.436427795796384e-06,1.2344180181476724e-05,-2.333705472585934e-06
1627859711215,2021-08-01T19:15:11.215,139.65,6.5786832267433325e-06,1.26820196722494e-05,-4.176085419766528e-06
1627859711265,2021-08-01T19:15:11.265,139.7,6.680005840869389e-06,1.2706944894704255e-05,-5.02474427847809e-06
1627859711315,2021-08-01T19:15:11.315,139.75,7.343813482113028e-06,1.287484087227439e-05,-5.323812340040838e-06
1627859711365,2021-08-01T19:15:11.365,139.8,7.802025593827346e-06,1.3263383835072025e-05,-5.543618810268818e-06
1627859711415,2021-08-01T19:15:11.415,139.85,7.370542763615511e-06,1.3333959279385862e-05,-6.124261858955451e-06
1627859711465,2021-08-01T19:15:11.465,139.9,6.9210975057603834e-06,1.2896429302391731e-05,-6.857255799546579e-06
1627859711515,2021-08-01T19:15:11.515,139.95,7.4118340546927484e-06,1.2353028476827831e-05,-7.024172341470807e-06
1627859711565,2021-08-01T19:15:11.565,140.0,8.255526688217856e-06,1.172140568471198e-05,-6.584291154312863e-06
1627859711615,2021-08-01T19:15:11.615,140.05,8.33588766729521e-06,1.0709721944049632e-05,-6.329285601073371e-06
1627859711665,2021-08-01T19:15:11.665,140.1,7.688551227827311e-06,9.829605137507446e-06,-6.713779072378142e-06
1627859711715,2021-08-01T19:15:11.715,140.15,7.370570588670907e-06,9.880766967798132e-06,-7.257053663904731e-06
1627859711765,2021-08-01T19:15:11.765,140.2,7.94372421628351e-06,1.0372160421378211e-05,-7.164399032248827e-06
1627859711815,2021-08-01T19:15:11.815,140.25,8.649828875686103e-06,1.0037353582768303e-05,-6.245742168567834e-06
1627859711865,2021-08-01T19:15:11.865,140.3,8.522319799998587e-06,8.794849968284477e-06,-5.1580722388159054e-06
1627859711915,2021-08-01T19:15:11.915,140.35,7.809991449472364e-06,7.794798847425767e-06,-4.653356885649388e-06
1627859711965,2021-08-01T19:15:11.965,140.4,7.4360430170893934e-06,7.620728243752343e-06,-4.721498028809312e-06
1627859712015,2021-08-01T19:15:12.015,140.45,7.5396983330137065e-06,7.615615416267713e-06,-4.814561707941031e-06
1627859712065,2021-08-01T19:15:12.065,140.5,7.495759345576929e-06,7.141574841280207e-06,-4.674451702682223e-06
1627859712115,2021-08-01T19:15:12.115,140.55,7.0731321553773514e-06,6.571077580133229e-06,-4.453489600395184e-06
1627859712165,2021-08-01T19:15:12.165,140.6,6.804092089523034e-06,6.512750037721043e-06,-4.2919021582671075e-06
1627859712215,2021-08-01T19:15:12.215,140.65,7.075606096750556e-06,6.751534297070886e-06,-4.239203310969826e-06
1627859712265,2021-08-01T19:15:12.265,140.7,7.368311659186991e-06,6.734318954182673e-06,-4.362706498493561e-06
1627859712315,2021-08-01T19:15:12.315,140.75,7.040068265283438e-06,6.588409391639784e-06,-4.6213709289635024e-06
1627859712365,2021-08-01T19:15:12.365,140.8,6.493448738635369e-06,6.781454018571701e-06,-4.80152300493853e-06
1627859712415,2021-08-01T19:15:12.415,140.85,6.516380528652768e-06,7.191839637242825e-06,-4.742447801080735e-06
1627859712465,2021-08-01T19:15:12.465,140.9,6.785888193250221e-06,7.333544313192823e-06,-4.484005529529616e-06
1627859712515,2021-08-01T19:15:12.515,140.95,6.334980152997877e-06,7.138438492252852e-06,-4.1400545921509065e-06
1627859712565,2021-08-01T19:15:12.565,141.0,5.4177906738143565e-06,6.919104997789974e-06,-3.868857271836295e-06
1627859712615,2021-08-01T19:15:12.615,141.05,5.462595909343681e-06,6.866903412412641e-06,-3.96075256844179e-06
1627859712665,2021-08-01T19:15:12.665,141.1,6.714127645449175e-06,6.894243029204505e-06,-4.5269311028496284e-06
1627859712715,2021-08-01T19:15:12.715,141.15,7.4210429028810445e-06,6.814160795215767e-06,-5.081573515483143e-06
1627859712765,2021-08-01T19:15:12.765,141.2,6.424418675222203e-06,6.687971649308057e-06,-4.9342714038793685e-06
1627859712815,2021-08-01T19:15:12.815,141.25,5.033508922633603e-06,6.835252148398449e-06,-4.075615806661487e-06
1627859712865,2021-08-01T19:15:12.865,141.3,4.897711064082173e-06,7.106211058018469e-06,-3.2361909441144526e-06
1627859712915,2021-08-01T19:15:12.915,141.35,5.530161318404166e-06,6.76058742111306e-06,-2.953645411438686e-06
1627859712965,2021-08-01T19:15:12.965,141.4,5.55911375688393e-06,5.800787217555868e-06,-2.995797907230528e-06
1627859713015,2021-08-01T19:15:13.015,141.45,5.114615620565944e-06,5.271636300701069e-06,-2.939401050656595e-06
1627859713065,2021-08-01T19:15:13.065,141.5,5.2570723583834475e-06,5.42312970381696e-06,-2.862057089618764e-06
1627859713115,2021-08-01T19:15:13.115,141.55,5.919498840946989e-06,5.338364668713725e-06,-2.9752306459836856e-06
1627859713165,2021-08-01T19:15:13.165,141.6,6.061107520103403e-06,5.021966595834187e-06,-3.0629613251576467e-06
1627859713215,2021-08-01T19:15:13.215,141.65,5.433075143271646e-06,5.525128724705077e-06,-2.9809568600851087e-06
1627859713265,2021-08-01T19:15:13.265,141.7,4.8694411361562755e-06,6.530536640797207e-06,-3.124085443751537e-06
1627859713315,2021-08-01T19:15:13.315,141.75,4.9735499224200465e-06,6.366464566882433e-06,-3.6774165699410396e-06
1627859713365,2021-08-01T19:15:13.365,141.8,5.401524458973572e-06,4.7689550885413075e-06,-4.1383066117451054e-06
1627859713415,2021-08-01T19:15:13.415,141.85,5.545501547543602e-06,3.210467313419932e-06,-4.1091136360484165e-06
1627859713465,2021-08-01T19:15:13.465,141.9,5.415952149073767e-06,2.361952878113366e-06,-3.737968276547816e-06
1627859713515,2021-08-01T19:15:13.515,141.95,5.42641069490643e-06,1.5124227462562525e-06,-3.1917784244216913e-06
1627859713565,2021-08-01T19:15:13.565,142.0,5.576615594437463e-06,3.869258447776592e-07,-2.5491554990432026e-06
1627859713615,2021-08-01T19:15:13.615,142.05,5.538964733262214e-06,-4.639284892793156e-07,-2.129008544778394e-06
1627859713665,2021-08-01T19:15:13.665,142.1,5.352001595812784e-06,-7.591498240450796e-07,-2.1712581481793555e-06
1627859713715,2021-08-01T19:15:13.715,142.15,5.22107823662215e-06,-7.959159350354629e-07,-2.356316878358539e-06
1627859713765,2021-08-01T19:15:13.765,142.2,4.886465747761584e-06,-1.2218645848027289e-06,-2.130589781466281e-06
1627859713815,2021-08-01T19:15:13.815,142.25,4.028249974288003e-06,-2.480302973166495e-06,-1.3795882750865003e-06
1627859713865,2021-08-01T19:15:13.865,142.3,3.0604551485886685e-06,-3.758463765383127e-06,-4.972348056469951e-07
1627859713915,2021-08-01T19:15:13.915,142.35,2.7615724763606968e-06,-3.510884724037165e-06,2.575972570722919e-07
1627859713965,2021-08-01T19:15:13.965,142.4,3.2371136095304997e-06,-1.8147732148643791e-06,1.1850654224707155e-06
1627859714015,2021-08-01T19:15:14.015,142.45,3.854591391176691e-06,-6.35357022363769e-07,2.516494983947125e-06
1627859714065,2021-08-01T19:15:14.065,142.5,4.131288956569052e-06,-8.159070872825351e-07,3.7494431468551955e-06
1627859714115,2021-08-01T19:15:14.115,142.55,4.12205484143191e-06,-6.864265244927985e-07,4.334828603886581e-06
1627859714165,2021-08-01T19:15:14.165,142.6,3.998452838583839e-06,7.999620281880902e-07,4.544441481998017e-06
1627859714215,2021-08-01T19:15:14.215,142.65,3.714150749038378e-06,1.646705193727396e-06,4.97296363323434e-06
1627859714265,2021-08-01T19:15:14.265,142.7,3.069766528043487e-06,5.8218506595817886e-08,5.804016142022986e-06
1627859714315,2021-08-01T19:15:14.315,142.75,2.1573363436221545e-06,-1.9959657213622223e-06,6.86172824953804e-06
1627859714365,2021-08-01T19:15:14.365,142.8,1.7680443631763145e-06,-1.6162729371153827e-06,7.653434256881147e-06
1627859714415,2021-08-01T19:15:14.415,142.85,2.522660934399871e-06,6.537019964716215e-07,7.580059040074962e-06
1627859714465,2021-08-01T19:15:14.465,142.9,3.5474134549692734e-06,2.2176749212086004e-06,6.747437371374449e-06
1627859714515,2021-08-01T19:15:14.515,142.95,3.5182733052844513e-06,2.2696514185093135e-06,5.912997830812118e-06
1627859714565,2021-08-01T19:15:14.565,143.0,2.921144755264952e-06,2.0548982900451002e-06,5.244699183085586e-06
1627859714615,2021-08-01T19:15:14.615,143.05,3.293664090514637e-06,2.690017762958797e-06,4.047945371129437e-06
1627859714665,2021-08-01T19:15:14.665,143.1,4.5336695006959055e-06,4.017325190221268e-06,1.9174544062417236e-06
1627859714715,2021-08-01T19:15:14.715,143.15,5.196503489777325e-06,5.096517648575434e-06,-7.045978816486727e-07
1627859714765,2021-08-01T19:15:14.765,143.2,5.068018777564687e-06,5.443726119895738e-06,-3.105590335677677e-06
1627859714815,2021-08-01T19:15:14.815,143.25,5.2167001040743135e-06,5.621399359963635e-06,-4.720065362965173e-06
1627859714865,2021-08-01T19:15:14.865,143.3,5.780946991760749e-06,6.257222533822805e-06,-5.2247386545908215e-06
1627859714915,2021-08-01T19:15:14.915,143.35,5.758332522386299e-06,6.99451059032583e-06,-4.896815804144647e-06
1627859714965,2021-08-01T19:15:14.965,143.4,5.001927618889506e-06,7.173787043543072e-06,-4.5471103540295565e-06
1627859715015,2021-08-01T19:15:15.015,143.45,4.633262917123177e-06,6.8751041004425956e-06,-4.559995446829454e-06
1627859715065,2021-08-01T19:15:15.065,143.5,5.146320960223811e-06,6.487693924703999e-06,-4.455436597731826e-06
1627859715115,2021-08-01T19:15:15.115,143.55,5.584777080725615e-06,6.048552335791228e-06,-3.7902763175486473e-06
1627859715165,2021-08-01T19:15:15.165,143.6,5.083095618252086e-06,5.629415187606121e-06,-2.8272679591164627e-06
1627859715215,2021-08-01T19:15:15.215,143.65,4.064587306967109e-06,5.542607955306695e-06,-1.933015844414996e-06
1627859715265,2021-08-01T19:15:15.265,143.7,3.469899615012042e-06,5.780994624757249e-06,-1.035917868814108e-06
1627859715315,2021-08-01T19:15:15.315,143.75,3.6393576876266966e-06,5.9774738692521015e-06,-6.995487484996772e-08
1627859715365,2021-08-01T19:15:15.365,143.8,4.19639463548364e-06,5.979749981875602e-06,5.696077751993625e-07
1627859715415,2021-08-01T19:15:15.415,143.85,4.48328221977851e-06,5.89180567751717e-06,3.6005323320343e-07
1627859715465,2021-08-01T19:15:15.465,143.9,4.167573543160372e-06,5.757904406589398e-06,-6.746794726121792e-07
1627859715515,2021-08-01T19:15:15.515,143.95,3.7279309620859935e-06,5.579247963275164e-06,-1.8219554916820427e-06
1627859715565,2021-08-01T19:15:15.565,144.0,3.9997857088382675e-06,5.3749017359157155e-06,-2.448412912316723e-06
1627859715615,2021-08-01T19:15:15.615,144.05,5.090905496969038e-06,5.173543600280596e-06,-2.8703505070857276e-06
1627859715665,2021-08-01T19:15:15.665,144.1,6.237899258319647e-06,5.081360570316109e-06,-4.039030629091587e-06
1627859715715,2021-08-01T19:15:15.715,144.15,6.755071160368246e-06,5.070813210357892e-06,-6.232653641231472e-06
1627859715765,2021-08-01T19:15:15.765,144.2,6.593289782709952e-06,4.774926821245569e-06,-8.493867624791292e-06
1627859715815,2021-08-01T19:15:15.815,144.25,6.053932036372796e-06,4.003580203426217e-06,-9.664793239219506e-06
1627859715865,2021-08-01T19:15:15.865,144.3,5.539303568634374e-06,3.2086782514997573e-06,-9.685030739523667e-06
1627859715915,2021-08-01T19:15:15.915,144.35,5.5222080161210636e-06,2.9049318108821585e-06,-9.515436493405446e-06
1627859715965,2021-08-01T19:15:15.965,144.4,6.155542158373327e-06,3.0426112445698097e-06,-9.96129661455333e-06
1627859716015,2021-08-01T19:15:16.015,144.45,6.912803515793113e-06,3.314845322312746e-06,-1.0852172128089587e-05
1627859716065,2021-08-01T19:15:16.065,144.5,7.176657189304977e-06,3.5453906137141272e-06,-1.1314970893236925e-05
1627859716115,2021-08-01T19:15:16.115,144.55,7.055592824644532e-06,3.6418236025336497e-06,-1.089975589357046e-05
1627859716165,2021-08-01T19:15:16.165,144.6,7.000253049432693e-06,3.636124943358429e-06,-1.0355370517097247e-05
1627859716215,2021-08-01T19:15:16.215,144.65,6.9006248454379455e-06,3.653754052919935e-06,-1.062887716523258e-05
1627859716265,2021-08-01T19:15:16.265,144.7,6.352581090260651e-06,3.641160738867158e-06,-1.1297645747266281e-05
1627859716315,2021-08-01T19:15:16.315,144.75,5.64775392446934e-06,3.483100697054975e-06,-1.1238050850880327e-05
1627859716365,2021-08-01T19:15:16.365,144.8,5.659915636736436e-06,3.3646161863255342e-06,-1.0461036528999283e-05
1627859716415,2021-08-01T19:15:16.415,144.85,6.595727064133561e-06,3.55330345512285e-06,-9.77891532624458e-06
1627859716465,2021-08-01T19:15:16.465,144.9,7.523903173738906e-06,3.916412097318588e-06,-9.393779607796291e-06
1627859716515,2021-08-01T19:15:16.515,144.95,7.558108152425919e-06,4.073992480079801e-06,-9.257737295498427e-06
1627859716565,2021-08-01T19:15:16.565,145.0,7.0626669671355205e-06,3.979557548449435e-06,-9.68475622616557e-06
1627859716615,2021-08-01T19:15:16.615,145.05,7.040470610437776e-06,3.95432734118363e-06,-1.046317209290261e-05
1627859716665,2021-08-01T19:15:16.665,145.1,7.630256830264705e-06,4.055773915951091e-06,-1.0727350669857073e-05
1627859716715,2021-08-01T19:15:16.715,145.15,8.152279871453635e-06,3.940652405455738e-06,-1.0292393836941889e-05
1627859716765,2021-08-01T19:15:16.765,145.2,8.327625153998247e-06,3.6831550545400144e-06,-9.72591004687517e-06
1627859716815,2021-08-01T19:15:16.815,145.25,8.285779927730153e-06,3.835531042387122e-06,-9.154789955873722e-06
1627859716865,2021-08-01T19:15:16.865,145.3,7.853083473505578e-06,3.9819997121944465e-06,-8.265224121189848e-06
1627859716915,2021-08-01T19:15:16.915,145.35,6.970626461976721e-06,2.668228673157234e-06,-7.075605402710423e-06
1627859716965,2021-08-01T19:15:16.965,145.4,6.202547433566142e-06,-6.743800780210695e-08,-5.894213988185582e-06
1627859717015,2021-08-01T19:15:17.015,145.45,6.033248519593261e-06,-2.0668673671059646e-06,-4.9863792823329494e-06
1627859717065,2021-08-01T19:15:17.065,145.5,6.21398982148102e-06,-2.250310012879326e-06,-4.476325002341292e-06
1627859717115,2021-08-01T19:15:17.115,145.55,6.17324767347154e-06,-1.7944006854195477e-06,-4.280544433367967e-06
1627859717165,2021-08-01T19:15:17.165,145.6,5.705399774030923e-06,-1.3870260817065115e-06,-4.427419951757731e-06
1627859717215,2021-08-01T19:15:17.215,145.65,5.095342326966046e-06,-1.0536856106950183e-06,-5.223840734397357e-06
1627859717265,2021-08-01T19:15:17.265,145.7,4.664949870263477e-06,-2.480421162587845e-06,-6.431001009813669e-06
1627859717315,2021-08-01T19:15:17.315,145.75,4.353279093725236e-06,-6.573302159568824e-06,-6.9874010194120025e-06
1627859717365,2021-08-01T19:15:17.365,145.8,3.9152970602809095e-06,-9.925542415874517e-06,-6.370781680373812e-06
1627859717415,2021-08-01T19:15:17.415,145.85,3.3442290966907543e-06,-9.08726162872784e-06,-5.330689004886182e-06
1627859717465,2021-08-01T19:15:17.465,145.9,2.747704273681663e-06,-6.122656927715232e-06,-4.631734261426985e-06
1627859717515,2021-08-01T19:15:17.515,145.95,2.0181107855468926e-06,-5.198624903348259e-06,-3.984551889945647e-06
1627859717565,2021-08-01T19:15:17.565,146.0,1.0799884563325285e-06,-6.663875690086072e-06,-2.752118099280234e-06
1627859717615,2021-08-01T19:15:17.615,146.05,2.669035199244293e-07,-8.064268660809917e-06,-1.0767753543120986e-06
1627859717665,2021-08-01T19:15:17.665,146.1,-3.907338366859613e-08,-8.25190683103195e-06,2.3586835983992662e-07
1627859717715,2021-08-01T19:15:17.715,146.15,6.81943543064317e-09,-8.021387655603468e-06,7.47483835033779e-07
1627859717765,2021-08-01T19:15:17.765,146.2,-1.1912445147489632e-07,-8.099252697016017e-06,8.477209192015599e-07
1627859717815,2021-08-01T19:15:17.815,146.25,-7.108369069942267e-07,-8.118787456704794e-06,1.1785682124691452e-06
1627859717865,2021-08-01T19:15:17.865,146.3,-1.5981120605808091e-06,-7.601455540138123e-06,1.934374497814666e-06
1627859717915,2021-08-01T19:15:17.915,146.35,-2.300813911424175e-06,-6.932425186637152e-06,2.827319853307311e-06
1627859717965,2021-08-01T19:15:17.965,146.4,-2.4346777583215457e-06,-6.676677518702718e-06,3.585293895446599e-06
1627859718015,2021-08-01T19:15:18.015,146.45,-2.1700841843231507e-06,-6.652916571777154e-06,4.240309908089293e-06
1627859718065,2021-08-01T19:15:18.065,146.5,-2.0790601234102833e-06,-6.434960703330073e-06,4.766205158669462e-06
1627859718115,2021-08-01T19:15:18.115,146.55,-2.3655550256726776e-06,-6.16925766738086e-06,4.7904514612524185e-06
1627859718165,2021-08-01T19:15:18.165,146.6,-2.606318527760328e-06,-6.19924049051544e-06,4.148768761740633e-06
1627859718215,2021-08-01T19:15:18.215,146.65,-2.5179168218030605e-06,-6.36215971582443e-06,3.423389312109101e-06
1627859718265,2021-08-01T19:15:18.265,146.7,-2.5960044584019867e-06,-6.28625417872879e-06,3.3397427017131308e-06
1627859718315,2021-08-01T19:15:18.315,146.75,-3.3666533917510915e-06,-5.999884690262398e-06,3.770752632976621e-06
1627859718365,2021-08-01T19:15:18.365,146.8,-4.2249723761569755e-06,-5.779772389384118e-06,3.873217767118155e-06
1627859718415,2021-08-01T19:15:18.415,146.85,-4.083739376648007e-06,-5.722665526703741e-06,3.293899692636485e-06
1627859718465,2021-08-01T19:15:18.465,146.9,-3.1874545256226866e-06,-5.727854469759059e-06,2.7495261249141264e-06
1627859718515,2021-08-01T19:15:18.515,146.95,-2.96536308092867e-06,-5.696825147432623e-06,2.9753458174413264e-06
1627859718565,2021-08-01T19:15:18.565,147.0,-3.938624839021246e-06,-5.620515772750388e-06,3.5945850744517787e-06
1627859718615,2021-08-01T19:15:18.615,147.05,-5.150171045720838e-06,-5.455769302561989e-06,3.852178309256105e-06
1627859718665,2021-08-01T19:15:18.665,147.1,-5.86263707149315e-06,-5.065249337962704e-06,3.880412762911264e-06
1627859718715,2021-08-01T19:15:18.715,147.15,-6.407223420566432e-06,-4.564725674166163e-06,4.1378689448949215e-06
1627859718765,2021-08-01T19:15:18.765,147.2,-7.0596178414192965e-06,-4.4572991595992924e-06,4.379941941158291e-06
1627859718815,2021-08-01T19:15:18.815,147.25,-7.486626208474515e-06,-4.886770070729988e-06,4.373244256353155e-06
1627859718865,2021-08-01T19:15:18.865,147.3,-7.628767765950563e-06,-5.1765249701017296e-06,4.5860930729126275e-06
1627859718915,2021-08-01T19:15:18.915,147.35,-7.79382148117545e-06,-4.809910600252859e-06,5.108889019683442e-06
1627859718965,2021-08-01T19:15:18.965,147.4,-7.761825306499528e-06,-4.301258993090048e-06,5.211472459588541e-06
1627859719015,2021-08-01T19:15:19.015,147.45,-7.075149554107033e-06,-4.321683561818087e-06,4.770255854369404e-06
1627859719065,2021-08-01T19:15:19.065,147.5,-6.072596884029941e-06,-4.607083246976965e-06,4.605397968633405e-06
1627859719115,2021-08-01T19:15:19.115,147.55,-5.526575549553289e-06,-4.523578559428202e-06,4.929363567318222e-06
1627859719165,2021-08-01T19:15:19.165,147.6,-5.5577606383512045e-06,-4.1380801980812235e-06,5.086940740628472e-06
1627859719215,2021-08-01T19:15:19.215,147.65,-5.66917637728789e-06,-3.966515264274742e-06,4.955295215786239e-06
1627859719265,2021-08-01T19:15:19.265,147.7,-5.426105839916832e-06,-4.124025090797409e-06,4.977827398455124e-06
1627859719315,2021-08-01T19:15:19.315,147.75,-4.715556594126786e-06,-4.41044304156007e-06,5.057387576599614e-06
1627859719365,2021-08-01T19:15:19.365,147.8,-3.873201306152921e-06,-4.754810150105235e-06,4.909331751304008e-06
1627859719415,2021-08-01T19:15:19.415,147.85,-3.5921522559154357e-06,-4.974155727969972e-06,4.8458899503482515e-06
1627859719465,2021-08-01T19:15:19.465,147.9,-4.038828403947187e-06,-4.713785325193449e-06,4.986450502141e-06
1627859719515,2021-08-01T19:15:19.515,147.95,-4.399194103710349e-06,-4.123206997258387e-06,4.773102298891476e-06
1627859719565,2021-08-01T19:15:19.565,148.0,-4.164504165901848e-06,-3.871865220033047e-06,4.15775222559021e-06
1627859719615,2021-08-01T19:15:19.615,148.05,-4.111281684963309e-06,-4.1639575712672675e-06,3.975079563822517e-06
1627859719665,2021-08-01T19:15:19.665,148.1,-4.840513232005768e-06,-4.398591527257728e-06,4.5539282450697654e-06
1627859719715,2021-08-01T19:15:19.715,148.15,-5.4019060861644906e-06,-3.981743230498915e-06,5.147596884208311e-06
1627859719765,2021-08-01T19:15:19.765,148.2,-4.876048181414449e-06,-3.077413985119394e-06,5.141119905783518e-06
1627859719815,2021-08-01T19:15:19.815,148.25,-4.238797656384195e-06,-2.4589003673945975e-06,4.858786407185549e-06
1627859719865,2021-08-01T19:15:19.865,148.3,-4.92441033096562e-06,-2.6425984117349173e-06,4.7562383592828576e-06
1627859719915,2021-08-01T19:15:19.915,148.35,-6.420506638162687e-06,-3.2230328470526784e-06,4.7073742778595044e-06
1627859719965,2021-08-01T19:15:19.965,148.4,-6.994093928632229e-06,-3.3262604135655704e-06,4.696320003080986e-06
1627859720015,2021-08-01T19:15:20.015,148.45,-6.214041997620694e-06,-2.734480770919158e-06,5.147229895643458e-06
1627859720065,2021-08-01T19:15:20.065,148.5,-5.353359919107545e-06,-2.159911389068449e-06,5.792466941681582e-06
1627859720115,2021-08-01T19:15:20.115,148.55,-5.503029881738688e-06,-2.2151131739513493e-06,5.643593823706739e-06
1627859720165,2021-08-01T19:15:20.165,148.6,-6.210463687138873e-06,-2.5140871155964926e-06,4.831344445683837e-06
1627859720215,2021-08-01T19:15:20.215,148.65,-6.296403299411413e-06,-2.2733039553240087e-06,4.612968325050986e-06
1627859720265,2021-08-01T19:15:20.265,148.7,-5.640507000448218e-06,-1.536658115186134e-06,5.104640296605661e-06
1627859720315,2021-08-01T19:15:20.315,148.75,-5.387982323763569e-06,-1.0567080612330475e-06,5.2151051850861e-06
1627859720365,2021-08-01T19:15:20.365,148.8,-6.2399437043512556e-06,-1.0813001670740646e-06,4.8286854057254654e-06
1627859720415,2021-08-01T19:15:20.415,148.85,-7.407827494275689e-06,-1.1705329393714508e-06,4.799571293044141e-06
1627859720465,2021-08-01T19:15:20.465,148.9,-7.776286689397136e-06,-1.1324322783134978e-06,5.2155459943757015e-06
1627859720515,2021-08-01T19:15:20.515,148.95,-7.346714504462652e-06,-1.1834709776938333e-06,5.496594926903197e-06
1627859720565,2021-08-01T19:15:20.565,149.0,-6.845786310626091e-06,-1.3226838705402014e-06,5.377133280940111e-06
1627859720615,2021-08-01T19:15:20.615,149.05,-6.6496243886494775e-06,-1.3503657749913925e-06,4.703222781113483e-06
1627859720665,2021-08-01T19:15:20.665,149.1,-6.789891121636917e-06,-1.2266566563427002e-06,3.4263363294903157e-06
1627859720715,2021-08-01T19:15:20.715,149.15,-7.189270965653036e-06,-9.523950522848202e-07,2.1653526255832716e-06
1627859720765,2021-08-01T19:15:20.765,149.2,-7.370014137478841e-06,-6.186417876643429e-07,1.5554161174890767e-06
1627859720815,2021-08-01T19:15:20.815,149.25,-6.867332326001084e-06,-6.624172418680199e-07,1.301559043868124e-06
1627859720865,2021-08-01T19:15:20.865,149.3,-6.154081719597464e-06,-1.3016762776554989e-06,9.000026116723422e-07
1627859720915,2021-08-01T19:15:20.915,149.35,-6.156307254869078e-06,-1.930362636539469e-06,5.289374670105436e-07
1627859720965,2021-08-01T19:15:20.965,149.4,-6.990907171146228e-06,-1.9679508588294543e-06,4.0025644804758837e-07
1627859721015,2021-08-01T19:15:21.015,149.45,-8.11203313924619e-06,-1.8127202969095482e-06,1.5859216349463635e-07
1627859721065,2021-08-01T19:15:21.065,149.5,-9.112853212392751e-06,-2.0845868235454364e-06,-5.286259791331269e-07
1627859721115,2021-08-01T19:15:21.115,149.55,-9.63868778718397e-06,-2.6421255443255707e-06,-1.5962688992118711e-06
1627859721165,2021-08-01T19:15:21.165,149.6,-9.488958598013777e-06,-2.984026522293663e-06,-2.8706904340949915e-06
1627859721215,2021-08-01T19:15:21.215,149.65,-9.290237034387812e-06,-2.943517253923251e-06,-4.028613707134678e-06
1627859721265,2021-08-01T19:15:21.265,149.7,-9.928474115877814e-06,-2.888233808958922e-06,-4.615828978851915e-06
1627859721315,2021-08-01T19:15:21.315,149.75,-1.1102381445646228e-05,-3.467574575369379e-06,-4.653909374650785e-06
1627859721365,2021-08-01T19:15:21.365,149.8,-1.1619534105462577e-05,-4.484577586207481e-06,-4.627219380448432e-06
1627859721415,2021-08-01T19:15:21.415,149.85,-1.118211371602895e-05,-4.463032109319868e-06,-4.652146922462151e-06
1627859721465,2021-08-01T19:15:21.465,149.9,-1.06320933654649e-05,-2.72734144538704e-06,-4.428460541899893e-06
1627859721515,2021-08-01T19:15:21.515,149.95,-1.038127538162913e-05,-9.037839752691972e-07,-3.92379494519965e-06
1627859721565,2021-08-01T19:15:21.565,150.0,-9.941521467697269e-06,-5.970940486403634e-07,-3.4238331476302893e-06
1627859721615,2021-08-01T19:15:21.615,150.05,-9.12246493925089e-06,-9.455138064475656e-07,-3.176538888739676e-06
1627859721665,2021-08-01T19:15:21.665,150.1,-8.43351002300383e-06,-3.4319591507565625e-07,-3.2476188041296503e-06
1627859721715,2021-08-01T19:15:21.715,150.15,-8.267557660711346e-06,9.494992548914511e-07,-3.370312462689643e-06
1627859721765,2021-08-01T19:15:21.765,150.2,-8.585633932544055e-06,1.753478275179343e-06,-3.1206922647778925e-06
1627859721815,2021-08-01T19:15:21.815,150.25,-9.073909459883578e-06,2.0377843585510263e-06,-2.4799459773953873e-06
1627859721865,2021-08-01T19:15:21.865,150.3,-9.14602313208542e-06,2.378626526318466e-06,-1.8886705096395741e-06
1627859721915,2021-08-01T19:15:21.915,150.35,-8.469751383233976e-06,2.601042824599411e-06,-1.8566652817418333e-06
1627859721965,2021-08-01T19:15:21.965,150.4,-7.507242968748917e-06,2.2702160077166217e-06,-2.6625908282153186e-06
1627859722015,2021-08-01T19:15:22.015,150.45,-6.750385558416895e-06,1.5738975770155933e-06,-3.977123685292114e-06
1627859722065,2021-08-01T19:15:22.065,150.5,-5.923475271364085e-06,9.311397223029095e-07,-4.984092039660977e-06
1627859722115,2021-08-01T19:15:22.115,150.55,-4.783332944568305e-06,5.539428753529293e-07,-5.248902163831004e-06
1627859722165,2021-08-01T19:15:22.165,150.6,-3.871929368517562e-06,6.108723325485129e-07,-4.792112557425544e-06
1627859722215,2021-08-01T19:15:22.215,150.65,-3.6467084761360725e-06,1.0298044371028397e-06,-3.491154904212996e-06
1627859722265,2021-08-01T19:15:22.265,150.7,-3.7548152170054943e-06,1.3250570873717402e-06,-1.6965281755298522e-06
1627859722315,2021-08-01T19:15:22.315,150.75,-3.752473003168533e-06,1.1951317258846336e-06,-7.751312744105736e-07
1627859722365,2021-08-01T19:15:22.365,150.8,-3.6808544126432817e-06,8.885856123484786e-07,-1.494681613913725e-06
1627859722415,2021-08-01T19:15:22.415,150.85,-3.7312668244522056e-06,7.319679671027542e-07,-2.833839143059814e-06
1627859722465,2021-08-01T19:15:22.465,150.9,-4.0846448647726354e-06,7.127634933694993e-07,-3.6291874392347194e-06
1627859722515,2021-08-01T19:15:22.515,150.95,-4.755765354245233e-06,5.98200591147702e-07,-3.917362789456896e-06
1627859722565,2021-08-01T19:15:22.565,151.0,-5.067003367710281e-06,2.9950288214532764e-07,-3.69677421063441e-06
1627859722615,2021-08-01T19:15:22.615,151.05,-4.1774271165337025e-06,1.1170741263561581e-07,-2.306772491913448e-06
1627859722665,2021-08-01T19:15:22.665,151.1,-2.371049021476455e-06,4.4952134967074066e-07,9.160101260348346e-08
1627859722715,2021-08-01T19:15:22.715,151.15,-6.490470358285259e-07,1.2803834225221802e-06,2.24318850550083e-06
1627859722765,2021-08-01T19:15:22.765,151.2,6.123491883085527e-07,2.0255788829598204e-06,3.4289724041354634e-06
1627859722815,2021-08-01T19:15:22.815,151.25,1.4309016693557078e-06,2.137678903860467e-06,3.903571080448639e-06
1627859722865,2021-08-01T19:15:22.865,151.3,1.645914354295129e-06,1.7273668234890368e-06,3.967609466181734e-06
1627859722915,2021-08-01T19:15:22.915,151.35,1.5333834154765226e-06,1.4296162733365985e-06,3.804511973686416e-06
1627859722965,2021-08-01T19:15:22.965,151.4,1.775908116002447e-06,1.5612701796923492e-06,3.7098455857196647e-06
1627859723015,2021-08-01T19:15:23.015,151.45,2.4472389111845323e-06,1.869256794766953e-06,3.7655098097085216e-06
1627859723065,2021-08-01T19:15:23.065,151.5,3.063319204317044e-06,2.240965041957176e-06,3.762250054253592e-06
1627859723115,2021-08-01T19:15:23.115,151.55,3.364425017360139e-06,2.7978621630094266e-06,3.5863795083484828e-06
1627859723165,2021-08-01T19:15:23.165,151.6,3.442214485680339e-06,3.1772042070858713e-06,3.3182546034950728e-06
1627859723215,2021-08-01T19:15:23.215,151.65,3.6071985757645273e-06,2.8311928171920526e-06,3.0800679708679953e-06
1627859723265,2021-08-01T19:15:23.265,151.7,4.126878105157097e-06,2.0327691404012667e-06,2.9686219261238667e-06
1627859723315,2021-08-01T19:15:23.315,151.75,4.763789814108537e-06,1.5682615653528135e-06,2.9819823844556318e-06
1627859723365,2021-08-01T19:15:23.365,151.8,5.083625389344368e-06,1.6488333880126807e-06,2.978321209757942e-06
1627859723415,2021-08-01T19:15:23.415,151.85,5.216032566497632e-06,1.8618610133061057e-06,2.817696925561641e-06
1627859723465,2021-08-01T19:15:23.465,151.9,5.555263678329663e-06,1.8965566099001968e-06,2.5424985950396567e-06
1627859723515,2021-08-01T19:15:23.515,151.95,5.874200211523988e-06,1.8825292211810353e-06,2.348387092896072e-06
1627859723565,2021-08-01T19:15:23.565,152.0,5.542475936210451e-06,2.1070738993552333e-06,2.37676890123445e-06
1627859723615,2021-08-01T19:15:23.615,152.05,4.588451608040188e-06,2.534693092056826e-06,2.565188069667608e-06
1627859723665,2021-08-01T19:15:23.665,152.1,3.8318994573783964e-06,2.8135865439320467e-06,2.6836289889934457e-06
1627859723715,2021-08-01T19:15:23.715,152.15,3.860515783387114e-06,2.787537360982361e-06,2.596138577253919e-06
1627859723765,2021-08-01T19:15:23.765,152.2,4.409857974605663e-06,2.5905734186494915e-06,2.4929118420369796e-06
1627859723815,2021-08-01T19:15:23.815,152.25,4.818274186810158e-06,2.239071226365186e-06,2.5807970673996945e-06
1627859723865,2021-08-01T19:15:23.865,152.3,4.779656490284858e-06,1.6882250167089982e-06,2.6904956786161137e-06
1627859723915,2021-08-01T19:15:23.915,152.35,4.584212223155818e-06,1.2799541326809837e-06,2.6674477627970185e-06
1627859723965,2021-08-01T19:15:23.965,152.4,4.61249572683657e-06,1.474963620130129e-06,2.682794972292759e-06
1627859724015,2021-08-01T19:15:24.015,152.45,4.788905785558814e-06,1.984735709391552e-06,2.681409631920039e-06
1627859724065,2021-08-01T19:15:24.065,152.5,4.818655772037029e-06,1.8894876890079947e-06,2.3582443348223002e-06
1627859724115,2021-08-01T19:15:24.115,152.55,4.637307139147195e-06,1.031599068611079e-06,1.9027630210796019e-06
1627859724165,2021-08-01T19:15:24.165,152.6,4.295858815744144e-06,4.782537686493349e-07,1.7190672270157144e-06
1627859724215,2021-08-01T19:15:24.215,152.65,3.7759611951569864e-06,9.390651642731915e-07,1.5519885633549808e-06
1627859724265,2021-08-01T19:15:24.265,152.7,3.159361204208739e-06,1.6523779616141006e-06,9.419208162508381e-07
1627859724315,2021-08-01T19:15:24.315,152.75,2.7388666304176444e-06,1.6661967195411377e-06,1.8035448755641408e-07
1627859724365,2021-08-01T19:15:24.365,152.8,2.8759307458154732e-06,1.231899000648497e-06,-1.2851111625767012e-07
1627859724415,2021-08-01T19:15:24.415,152.85,3.6367368168443186e-06,1.0615316712975094e-06,-1.1880783193859548e-07
1627859724465,2021-08-01T19:15:24.465,152.9,4.341200645622528e-06,1.1297721709382915e-06,-4.3026881633074243e-07
1627859724515,2021-08-01T19:15:24.515,152.95,4.045576282882417e-06,9.93207218085204e-07,-1.0815483294801817e-06
1627859724565,2021-08-01T19:15:24.565,153.0,3.0909099363796266e-06,6.149019956052601e-07,-1.4239281188121525e-06
1627859724615,2021-08-01T19:15:24.615,153.05,3.0519492212633985e-06,3.1873174757138045e-07,-1.3021267818958608e-06
1627859724665,2021-08-01T19:15:24.665,153.1,4.252441351841401e-06,2.853856541580023e-07,-1.3695792491316632e-06
1627859724715,2021-08-01T19:15:24.715,153.15,5.025443669479249e-06,3.7634779720971907e-07,-1.9143058385331258e-06
1627859724765,2021-08-01T19:15:24.765,153.2,4.403044950124244e-06,3.6281701893485147e-07,-2.2301870112083894e-06
1627859724815,2021-08-01T19:15:24.815,153.25,3.502978666735784e-06,1.8992805614865798e-07,-1.7379805943210401e-06
1627859724865,2021-08-01T19:15:24.865,153.3,3.373341017054712e-06,-4.867418667916557e-08,-1.0195159292000362e-06
1627859724915,2021-08-01T19:15:24.915,153.35,3.4561179351656235e-06,-2.252573880264885e-07,-9.243958751749829e-07
1627859724965,2021-08-01T19:15:24.965,153.4,3.01128554270694e-06,-1.6264923035188142e-07,-1.2127958999252045e-06
1627859725015,2021-08-01T19:15:25.015,153.45,2.3975214541907984e-06,1.778216015171945e-07,-1.1299594873224912e-06
1627859725065,2021-08-01T19:15:25.065,153.5,2.1551354252495448e-06,4.1599419158027767e-07,-8.087606216326449e-07
1627859725115,2021-08-01T19:15:25.115,153.55,2.184780144583593e-06,1.406431785652072e-07,-8.698408183481732e-07
1627859725165,2021-08-01T19:15:25.165,153.6,2.329035437445385e-06,-3.319268566206496e-07,-1.1632123549485253e-06
1627859725215,2021-08-01T19:15:25.215,153.65,2.431845154755296e-06,-2.5039361432269397e-07,-1.1145695425152992e-06
1627859725265,2021-08-01T19:15:25.265,153.7,1.9984834570543995e-06,2.6717961879825643e-07,-7.844557056562704e-07
1627859725315,2021-08-01T19:15:25.315,153.75,1.279122941098653e-06,2.5271192904749144e-07,-6.198820077482118e-07
1627859725365,2021-08-01T19:15:25.365,153.8,1.5547258603077067e-06,-1.3328796638916215e-07,-6.213772230839279e-07
1627859725415,2021-08-01T19:15:25.415,153.85,2.77544087777707e-06,5.382740636913569e-07,-4.6353935616910793e-07
1627859725465,2021-08-01T19:15:25.465,153.9,2.9872206854491417e-06,1.626994086483516e-06,-1.7100049089253078e-07
1627859725515,2021-08-01T19:15:25.515,153.95,1.5505003839109636e-06,-5.459449371127364e-08,-1.443110558017135e-07
1627859725565,2021-08-01T19:15:25.565,154.0,3.1087857173706885e-07,-4.543493442590947e-06,-5.446613362857364e-07
1627859725615,2021-08-01T19:15:25.615,154.05,4.82005577124612e-07,-6.745926375791044e-06,-9.878703248107137e-07
1627859725665,2021-08-01T19:15:25.665,154.1,1.0543591673246576e-06,-3.992365007880691e-06,-9.34083344307323e-07
1627859725715,2021-08-01T19:15:25.715,154.15,1.0587102746252799e-06,-2.415300730747517e-07,-3.161215125441809e-07
1627859725765,2021-08-01T19:15:25.765,154.2,9.795423286742756e-07,7.811492765746028e-07,3.276231092232558e-07
1627859725815,2021-08-01T19:15:25.815,154.25,1.2214433339392819e-06,8.544183756153334e-08,6.160030775636583e-07
1627859725865,2021-08-01T19:15:25.865,154.3,1.17537678972762e-06,-1.0246713843767824e-06,9.041805523458321e-07
1627859725915,2021-08-01T19:15:25.915,154.35,6.19553842203728e-07,-2.5340193419000678e-06,1.3128261544234474e-06
1627859725965,2021-08-01T19:15:25.965,154.4,4.680933124637539e-07,-2.5727748895701604e-06,8.917147416116633e-07
1627859726015,2021-08-01T19:15:26.015,154.45,1.2337274627111943e-06,2.564327262100956e-07,-8.451580482876318e-07
