epoch (ms),time (-13:00),elapsed (s),x-axis (deg/s),y-axis (deg/s),z-axis (deg/s)
1639504327779,2021-12-14T12:52:07.779,0.0,-0.9398852029543137,-0.8095107640372796,-1.5988630564759667
1639504327789,2021-12-14T12:52:07.789,0.01,-1.0788628504026083,-0.9602325056776899,-1.7698440440405803
1639504327799,2021-12-14T12:52:07.799,0.02,-1.3591505255156742,-0.9564270720705441,-2.2001111319094955
1639504327809,2021-12-14T12:52:07.809,0.03,-1.594048468153133,-0.8636352190919087,-2.601969634153987
1639504327819,2021-12-14T12:52:07.819,0.04,-1.5888056105349202,-0.8455338721877979,-2.601497078851678
1639504327829,2021-12-14T12:52:07.829,0.05,-1.4977363476644872,-0.9442862072778938,-2.360824093003753
1639504327839,2021-12-14T12:52:07.839,0.06,-1.5645435716564653,-1.0765704879843505,-2.29033505130963
1639504327849,2021-12-14T12:52:07.849,0.07,-1.7382418416391894,-1.1624155336549458,-2.418970425544835
1639504327859,2021-12-14T12:52:07.859,0.08,-1.797624793788171,-1.2030708782805999,-2.4433863846799997
1639504327869,2021-12-14T12:52:07.869,0.09,-1.6938990780682928,-1.2664696166465466,-2.2351862729672822
1639504327879,2021-12-14T12:52:07.879,0.1,-1.5769074693115182,-1.4068122756309513,-2.012692438929898
1639504327889,2021-12-14T12:52:07.889,0.11,-1.60715904388804,-1.603126087971376,-2.109165725735825
1639504327899,2021-12-14T12:52:07.899,0.12,-1.869483003554605,-1.8099458809072293,-2.68474254895324
1639504327909,2021-12-14T12:52:07.909,0.13,-2.313842598891642,-2.0390119731478804,-3.5208390465737356
1639504327919,2021-12-14T12:52:07.919,0.14,-2.7024997445574788,-2.318940993769735,-4.127215442923749
1639504327929,2021-12-14T12:52:07.929,0.15,-2.8159393750058817,-2.6077404220758957,-4.251011817013595
1639504327939,2021-12-14T12:52:07.939,0.16,-2.718778009377057,-2.822644877287812,-4.137079697898597
1639504327949,2021-12-14T12:52:07.949,0.17,-2.619428252921402,-2.9222336823556754,-4.122312889056056
1639504327959,2021-12-14T12:52:07.959,0.18,-2.57810572318393,-2.914408655984084,-4.272847375497455
1639504327969,2021-12-14T12:52:07.969,0.19,-2.5451980709291737,-2.83698412658811,-4.551258831859532
1639504327979,2021-12-14T12:52:07.979,0.2,-2.482708451794473,-2.745304639323758,-4.930014355837984
1639504327989,2021-12-14T12:52:07.989,0.21,-2.3042119596318154,-2.657890065706295,-5.205878955694877
1639504327999,2021-12-14T12:52:07.999,0.22,-1.950349161855935,-2.5281074150779603,-5.0904245756673845
1639504328009,2021-12-14T12:52:08.009,0.23,-1.5756841166615345,-2.3210004424168313,-4.59402413116643
1639504328019,2021-12-14T12:52:08.019,0.24,-1.3752398850045744,-2.068024949499722,-4.038048574473016
1639504328029,2021-12-14T12:52:08.029,0.25,-1.2690266472110272,-1.7960241193752577,-3.662718854100141
1639504328039,2021-12-14T12:52:08.039,0.26,-1.050575785051234,-1.474839673327561,-3.449107984208627
1639504328049,2021-12-14T12:52:08.049,0.27,-0.7329422858594985,-1.0882768570108154,-3.3081247004929173
1639504328059,2021-12-14T12:52:08.059,0.28,-0.4755021777159274,-0.6845925172985885,-3.23345662260566
1639504328069,2021-12-14T12:52:08.069,0.29,-0.3179361739138309,-0.31782793054512076,-3.232651420121405
1639504328079,2021-12-14T12:52:08.079,0.3,-0.217027914196816,-0.006101400731381913,-3.2370367092872114
1639504328089,2021-12-14T12:52:08.089,0.31,-0.20880839590408737,0.24539895296033196,-3.150742774833228
1639504328099,2021-12-14T12:52:08.099,0.32,-0.35839499791489654,0.45212103857309976,-2.956669269493415
1639504328109,2021-12-14T12:52:08.109,0.33,-0.6199969197866662,0.66473978689609,-2.73377325872831
1639504328119,2021-12-14T12:52:08.119,0.34,-0.8366834179324645,0.9116527616106995,-2.564198450756325
1639504328129,2021-12-14T12:52:08.129,0.35,-0.8705769452569816,1.1597116117958985,-2.4328633305442247
1639504328139,2021-12-14T12:52:08.139,0.36,-0.7234627416264701,1.3756168626722858,-2.249973706214353
1639504328149,2021-12-14T12:52:08.149,0.37,-0.5259725417098764,1.5751984595378148,-1.9966746845216936
1639504328159,2021-12-14T12:52:08.159,0.38,-0.40494867604164864,1.7761979475738285,-1.792666029627088
1639504328169,2021-12-14T12:52:08.169,0.39,-0.37148383272856456,1.9506565004875638,-1.7526897492262972
1639504328179,2021-12-14T12:52:08.179,0.4,-0.34570534512397155,2.053795629179419,-1.8293369219694715
1639504328189,2021-12-14T12:52:08.189,0.41,-0.2993890578957804,2.0579426611005562,-1.898501476999522
1639504328199,2021-12-14T12:52:08.199,0.42,-0.34567552452739103,1.9330685834279344,-1.9617336626031356
1639504328209,2021-12-14T12:52:08.209,0.43,-0.6077615792742737,1.6521259574324747,-2.1145600315773425
1639504328219,2021-12-14T12:52:08.219,0.44,-1.0226423546369494,1.2495439024762707,-2.3118661051855485
1639504328229,2021-12-14T12:52:08.229,0.45,-1.4134797154907952,0.8008376185775437,-2.3553681344098276
1639504328239,2021-12-14T12:52:08.239,0.46,-1.7293679025059046,0.33115781654029675,-2.163449491978286
1639504328249,2021-12-14T12:52:08.249,0.47,-2.0348794459561788,-0.15723134249019433,-1.8553592918158166
1639504328259,2021-12-14T12:52:08.259,0.48,-2.298848231494873,-0.6029254591782112,-1.5228033174740583
1639504328269,2021-12-14T12:52:08.269,0.49,-2.404815770207266,-0.9588158348228182,-1.1514463600945681
1639504328279,2021-12-14T12:52:08.279,0.5,-2.3660177616897333,-1.2736970042404014,-0.8162510692497587
1639504328289,2021-12-14T12:52:08.289,0.51,-2.3421669735368975,-1.5819207315052566,-0.6924801842579382
1639504328299,2021-12-14T12:52:08.299,0.52,-2.413334977034007,-1.8171392328958378,-0.7995424440164389
1639504328309,2021-12-14T12:52:08.309,0.53,-2.4696387406757,-1.9299693738826373,-0.9552337188904689
1639504328319,2021-12-14T12:52:08.319,0.54,-2.3663012779136783,-1.9809545788889187,-1.030949968136723
1639504328329,2021-12-14T12:52:08.329,0.55,-2.1000841411908615,-2.046959229092501,-1.0675156597715934
1639504328339,2021-12-14T12:52:08.339,0.56,-1.7899611105933515,-2.1162254115784442,-1.115928917053212
1639504328349,2021-12-14T12:52:08.349,0.57,-1.5380800789852662,-2.1170881323954536,-1.1222221170776323
1639504328359,2021-12-14T12:52:08.359,0.58,-1.3504794290545172,-2.0006348405053354,-1.026166852501852
1639504328369,2021-12-14T12:52:08.369,0.59,-1.181373337188824,-1.7693200621282485,-0.8989342719037123
1639504328379,2021-12-14T12:52:08.379,0.6,-1.024855309877158,-1.4483495492316742,-0.9123876029758582
1639504328389,2021-12-14T12:52:08.389,0.61,-0.9092814650452207,-1.0491982229994683,-1.1574142620917551
1639504328399,2021-12-14T12:52:08.399,0.62,-0.7925013691470042,-0.5676364066322012,-1.5368112614681357
1639504328409,2021-12-14T12:52:08.409,0.63,-0.5872897938696,-0.02778259206890578,-1.8793375780886858
1639504328419,2021-12-14T12:52:08.419,0.64,-0.35240367037762915,0.4830449426236567,-2.1049625036266226
1639504328429,2021-12-14T12:52:08.429,0.65,-0.2977130048097747,0.8604866709533303,-2.213801971155969
1639504328439,2021-12-14T12:52:08.439,0.66,-0.5180323605707118,1.066239136265451,-2.1972911056006406
1639504328449,2021-12-14T12:52:08.449,0.67,-0.8607152710226442,1.1409266736072086,-2.0583423095377054
1639504328459,2021-12-14T12:52:08.459,0.68,-1.0812191637190995,1.153608439941151,-1.8305459045026553
1639504328469,2021-12-14T12:52:08.469,0.69,-1.0148254548920643,1.1632680338543646,-1.4909028969360176
1639504328479,2021-12-14T12:52:08.479,0.7,-0.6407925613170435,1.1996759523162583,-0.9612897681480432
1639504328489,2021-12-14T12:52:08.489,0.71,-0.10348718545344986,1.2452734829244987,-0.2691059928049261
1639504328499,2021-12-14T12:52:08.499,0.72,0.34378295884463045,1.240658571507215,0.3998642409478853
1639504328509,2021-12-14T12:52:08.509,0.73,0.495125999674346,1.1444967776825525,0.8622383968017042
1639504328519,2021-12-14T12:52:08.519,0.74,0.33724220010110173,1.0167509150278595,1.0764890559177667
1639504328529,2021-12-14T12:52:08.529,0.75,0.05737886171845076,1.0047208371830223,1.1074270076842456
1639504328539,2021-12-14T12:52:08.539,0.76,-0.11496604707135401,1.1959470366899967,1.0210388699923691
1639504328549,2021-12-14T12:52:08.549,0.77,-0.09486507242165809,1.5245912200148992,0.8562777445235468
1639504328559,2021-12-14T12:52:08.559,0.78,0.04796572544653095,1.8415940588345596,0.6739596893384574
1639504328569,2021-12-14T12:52:08.569,0.79,0.22345576223622188,2.0338434971605777,0.5549377850837736
1639504328579,2021-12-14T12:52:08.579,0.8,0.36486622489734427,2.1565900897871093,0.5225316397326231
1639504328589,2021-12-14T12:52:08.589,0.81,0.3695866596882059,2.4430692731363726,0.540994229115384
1639504328599,2021-12-14T12:52:08.599,0.82,0.14715054751720746,2.938298982094948,0.6048253174698528
1639504328609,2021-12-14T12:52:08.609,0.83,-0.24676052498375686,3.247178774880937,0.7263933143385777
1639504328619,2021-12-14T12:52:08.619,0.84,-0.6379535297426586,3.022762332248894,0.8316547769188274
1639504328629,2021-12-14T12:52:08.629,0.85,-0.9258727318178404,2.4573299272823053,0.8053985305810096
1639504328639,2021-12-14T12:52:08.639,0.86,-1.1630068762661387,1.9266381440054294,0.6547370168122744
1639504328649,2021-12-14T12:52:08.649,0.87,-1.4086102958158089,1.4868601974057394,0.4889947902801359
1639504328659,2021-12-14T12:52:08.659,0.88,-1.5813578297566484,1.0212703668288263,0.3303797852973486
1639504328669,2021-12-14T12:52:08.669,0.89,-1.560156014668213,0.5689444945350233,0.08513757987178328
1639504328679,2021-12-14T12:52:08.679,0.9,-1.4039914986729296,0.2516880680908295,-0.29009845750761243
1639504328689,2021-12-14T12:52:08.689,0.91,-1.3040800166277602,0.06197169808819991,-0.7107791383245431
1639504328699,2021-12-14T12:52:08.699,0.92,-1.3047288226740923,-0.08423002577417335,-1.057710013762785
1639504328709,2021-12-14T12:52:08.709,0.93,-1.2795425358680044,-0.19056811610305469,-1.2767572772440188
1639504328719,2021-12-14T12:52:08.719,0.94,-1.1941413674014305,-0.2211866519516152,-1.396569730356743
1639504328729,2021-12-14T12:52:08.729,0.95,-1.16453498424001,-0.2056320889453444,-1.4919840255104289
1639504328739,2021-12-14T12:52:08.739,0.96,-1.2497316037530566,-0.17045479600767416,-1.6243463710145467
1639504328749,2021-12-14T12:52:08.749,0.97,-1.359378375347771,-0.04807141123165688,-1.7886922063447228
1639504328759,2021-12-14T12:52:08.759,0.98,-1.3499345537061314,0.22938476314803943,-1.9179758753844036
1639504328769,2021-12-14T12:52:08.769,0.99,-1.144157959728164,0.611554378365967,-1.9579360477292287
1639504328779,2021-12-14T12:52:08.779,1.0,-0.8136469653102261,0.9902209546162826,-1.9186604625350896
1639504328789,2021-12-14T12:52:08.789,1.01,-0.5412190992386706,1.315028912559034,-1.8382247220383618
1639504328799,2021-12-14T12:52:08.799,1.02,-0.44934072395819,1.5788922317724183,-1.7570731837418085
1639504328809,2021-12-14T12:52:08.809,1.03,-0.5016695088119504,1.7421017650582615,-1.7256176547024014
1639504328819,2021-12-14T12:52:08.819,1.04,-0.5716268540265982,1.7534714711143686,-1.7202883384718015
1639504328829,2021-12-14T12:52:08.829,1.05,-0.5459451920479542,1.6381966320355872,-1.597143929085557
1639504328839,2021-12-14T12:52:08.839,1.06,-0.39471424709475744,1.4976741717934567,-1.3172406936830274
1639504328849,2021-12-14T12:52:08.849,1.07,-0.18499629607809065,1.4023652317434894,-1.1013901502484134
1639504328859,2021-12-14T12:52:08.859,1.08,0.01411146204381757,1.3222787836572647,-1.0825292911214832
1639504328869,2021-12-14T12:52:08.869,1.09,0.20958291315631017,1.1835216310225092,-1.0193973392742683
1639504328879,2021-12-14T12:52:08.879,1.1,0.38940483933939,0.968831952869129,-0.7175268438271354
1639504328889,2021-12-14T12:52:08.889,1.11,0.44204365465118983,0.7341617560194023,-0.4260762778429775
1639504328899,2021-12-14T12:52:08.899,1.12,0.3068079889102885,0.5492697670022555,-0.44777899667823895
1639504328909,2021-12-14T12:52:08.909,1.13,0.11313396748227891,0.47190253059751874,-0.7204330257204545
1639504328919,2021-12-14T12:52:08.919,1.14,0.03629843113446292,0.5589840721330828,-1.0492187326040896
1639504328929,2021-12-14T12:52:08.929,1.15,0.10540642599514591,0.8440110587247538,-1.3574966013505243
1639504328939,2021-12-14T12:52:08.939,1.16,0.24973159737621708,1.310317173465804,-1.5598649542205658
1639504328949,2021-12-14T12:52:08.949,1.17,0.41992204230809205,1.8894732337089295,-1.5425481624079034
1639504328959,2021-12-14T12:52:08.959,1.18,0.5784495031418941,2.463974033623744,-1.3349819685652595
1639504328969,2021-12-14T12:52:08.969,1.19,0.6747663999131971,2.9417207347636194,-1.0670532578564003
1639504328979,2021-12-14T12:52:08.979,1.2,0.704567875211995,3.363879848299341,-0.7963272274951989
1639504328989,2021-12-14T12:52:08.989,1.21,0.7200499877998368,3.816122612058136,-0.5308320908251769
1639504328999,2021-12-14T12:52:08.999,1.22,0.7293844361184816,4.223402577774655,-0.3122923701988207
1639504329009,2021-12-14T12:52:09.009,1.23,0.6547452926736401,4.399387452073069,-0.15520603135772065
1639504329019,2021-12-14T12:52:09.019,1.24,0.43975557557226475,4.2845621445863795,-0.008964152969153923
1639504329029,2021-12-14T12:52:09.029,1.25,0.13556216265950333,3.9729739892328486,0.1648394368322158
1639504329039,2021-12-14T12:52:09.039,1.26,-0.16068551471185713,3.547178162164606,0.37003499955897134
1639504329049,2021-12-14T12:52:09.049,1.27,-0.4061911319211643,3.0244578898101397,0.5961571284168762
1639504329059,2021-12-14T12:52:09.059,1.28,-0.6362294073893986,2.414508175046997,0.7680290241282326
1639504329069,2021-12-14T12:52:09.069,1.29,-0.9094385578624142,1.7337737825483233,0.7650342821761311
1639504329079,2021-12-14T12:52:09.079,1.3,-1.2257055640776178,1.0069629413653376,0.5609620183469265
1639504329089,2021-12-14T12:52:09.089,1.31,-1.5112057239221075,0.3013713838327391,0.24652639402381993
1639504329099,2021-12-14T12:52:09.099,1.32,-1.6852098524392471,-0.2809366794183809,-0.10412847117345071
1639504329109,2021-12-14T12:52:09.109,1.33,-1.6986215297221439,-0.6697714377683044,-0.49403788672312354
1639504329119,2021-12-14T12:52:09.119,1.34,-1.5402835552250629,-0.8769334792043636,-0.9236999186836848
1639504329129,2021-12-14T12:52:09.129,1.35,-1.2806220467647274,-0.9810794840723698,-1.3112700150970071
1639504329139,2021-12-14T12:52:09.139,1.36,-1.052056508686468,-1.0482096777265641,-1.5372199192634524
1639504329149,2021-12-14T12:52:09.149,1.37,-0.9054579228212389,-1.0548377614176903,-1.5795499388946141
1639504329159,2021-12-14T12:52:09.159,1.38,-0.7512283262165391,-0.915803101080783,-1.5499895196521316
1639504329169,2021-12-14T12:52:09.169,1.39,-0.5028049887487568,-0.5977373069990662,-1.55388699103151
1639504329179,2021-12-14T12:52:09.179,1.4,-0.20083968747179984,-0.1651340366634712,-1.566541692264127
1639504329189,2021-12-14T12:52:09.189,1.41,0.0665565159310546,0.3049929418754134,-1.4978737097724681
1639504329199,2021-12-14T12:52:09.199,1.42,0.29169162932316567,0.8006823590517282,-1.3428516566830933
1639504329209,2021-12-14T12:52:09.209,1.43,0.48840945167327887,1.3222357941275893,-1.2108199921042222
1639504329219,2021-12-14T12:52:09.219,1.44,0.5316829855241278,1.814799802452181,-1.2104977404758164
1639504329229,2021-12-14T12:52:09.229,1.45,0.23655560571392398,2.233274943692587,-1.3528070966299535
1639504329239,2021-12-14T12:52:09.239,1.46,-0.31536012950431647,2.6212004960271824,-1.569464929006044
1639504329249,2021-12-14T12:52:09.249,1.47,-0.7315478658507744,3.0419697367203384,-1.7772273924741715
1639504329259,2021-12-14T12:52:09.259,1.48,-0.7555077733241977,3.482846027453614,-1.9031078186994446
1639504329269,2021-12-14T12:52:09.269,1.49,-0.5545310227014913,3.8925714766747523,-1.8841908011103339
1639504329279,2021-12-14T12:52:09.279,1.5,-0.391841578225966,4.262614624808112,-1.6927343818313618
1639504329289,2021-12-14T12:52:09.289,1.51,-0.24280325657021795,4.635895357098491,-1.3657247652451354
1639504329299,2021-12-14T12:52:09.299,1.52,0.09291270104793481,5.076369858707984,-0.9677021877548588
1639504329309,2021-12-14T12:52:09.309,1.53,0.7250282555450064,5.623190044239643,-0.5145654521072345
1639504329319,2021-12-14T12:52:09.319,1.54,1.6550461851504594,6.23665198364124,0.033397731794370465
1639504329329,2021-12-14T12:52:09.329,1.55,2.786977353361106,6.803730385701289,0.7029064497192548
1639504329339,2021-12-14T12:52:09.339,1.56,3.8321080138778805,7.206124778913225,1.4504259479138306
1639504329349,2021-12-14T12:52:09.349,1.57,4.4301645422252545,7.371727917562691,2.175251249336914
1639504329359,2021-12-14T12:52:09.359,1.58,4.4910296297725685,7.285816707211033,2.796655178755346
1639504329369,2021-12-14T12:52:09.369,1.59,4.2743105448694205,6.982334278965597,3.292429441690776
1639504329379,2021-12-14T12:52:09.379,1.6,4.077388701834049,6.52717076186801,3.6221596698197343
1639504329389,2021-12-14T12:52:09.389,1.61,3.9079130153003874,6.0028520342968985,3.67044681612969
1639504329399,2021-12-14T12:52:09.399,1.62,3.4814062515504194,5.476072045097331,3.3466721558278074
1639504329409,2021-12-14T12:52:09.409,1.63,2.6703331010913756,4.954012940611196,2.706685656577917
1639504329419,2021-12-14T12:52:09.419,1.64,1.9853318110036113,4.404894127610929,1.926248641949655
1639504329429,2021-12-14T12:52:09.429,1.65,2.191197350890544,3.837929845457601,1.1980278878734132
1639504329439,2021-12-14T12:52:09.439,1.66,3.26484704356305,3.323640581831129,0.6823016535805285
1639504329449,2021-12-14T12:52:09.449,1.67,4.232644720259843,2.9325652520730143,0.47869890533954496
1639504329459,2021-12-14T12:52:09.459,1.68,4.246121465716424,2.682421590655695,0.574248939454598
1639504329469,2021-12-14T12:52:09.469,1.69,3.481678353774745,2.5224829670899265,0.8711006231223901
1639504329479,2021-12-14T12:52:09.479,1.7,2.8982194752618184,2.3508824324282145,1.3020512440564844
1639504329489,2021-12-14T12:52:09.489,1.71,3.208187861203932,2.0825773593171517,1.8121390888822964
1639504329499,2021-12-14T12:52:09.499,1.72,4.1366193709575,1.7048402151063515,2.219150587183787
1639504329509,2021-12-14T12:52:09.509,1.73,4.851385962746406,1.2379731087297996,2.3164889871105365
1639504329519,2021-12-14T12:52:09.519,1.74,4.9792285175489575,0.6724806809809456,2.186859483988688
1639504329529,2021-12-14T12:52:09.529,1.75,4.807930032836777,-0.011724873684960696,2.189087977493057
1639504329539,2021-12-14T12:52:09.539,1.76,4.655679015443187,-0.7946923900684856,2.546080123629279
1639504329549,2021-12-14T12:52:09.549,1.77,4.55648270069796,-1.621077213075479,3.140777573867739
1639504329559,2021-12-14T12:52:09.559,1.78,4.559052662086577,-2.4319687478242726,3.7861168220821515
1639504329569,2021-12-14T12:52:09.569,1.79,4.8682638036926,-3.1756403418032058,4.458526219504748
1639504329579,2021-12-14T12:52:09.579,1.8,5.501447030805221,-3.816908653942364,5.125254104933877
1639504329589,2021-12-14T12:52:09.589,1.81,6.117519636336091,-4.354908336418182,5.58722201905338
1639504329599,2021-12-14T12:52:09.599,1.82,6.417090243570435,-4.807953655280789,5.69867945837514
1639504329609,2021-12-14T12:52:09.609,1.83,6.464435416783542,-5.167987110091585,5.549929664999249
1639504329619,2021-12-14T12:52:09.619,1.84,6.415914099761537,-5.398758148599024,5.371720947051727
1639504329629,2021-12-14T12:52:09.629,1.85,6.211730713872575,-5.487891832878128,5.538827238131876
1639504329639,2021-12-14T12:52:09.639,1.86,5.768904762864302,-5.471681434725736,6.405112210836504
1639504329649,2021-12-14T12:52:09.649,1.87,5.2289318047843265,-5.421821381931682,7.5145816893691375
1639504329659,2021-12-14T12:52:09.659,1.88,4.758393037246471,-5.447219770278621,7.594035197783779
1639504329669,2021-12-14T12:52:09.669,1.89,4.253556029124104,-5.6763331754090665,6.4557843382537285
1639504329679,2021-12-14T12:52:09.679,1.9,3.436225080436084,-6.178068988718623,5.976810209846327
1639504329689,2021-12-14T12:52:09.689,1.91,2.185309658665995,-6.889233168219837,7.474998944951116
1639504329699,2021-12-14T12:52:09.699,1.92,0.7367803054224752,-7.613017614359492,9.182439594826914
1639504329709,2021-12-14T12:52:09.709,1.93,-0.3520687758551291,-8.097435173171448,8.50599502836274
1639504329719,2021-12-14T12:52:09.719,1.94,-0.5024479456885202,-8.19746670275838,5.825134891017097
1639504329729,2021-12-14T12:52:09.729,1.95,0.37880376877613464,-8.030930793086545,3.7852964411064263
1639504329739,2021-12-14T12:52:09.739,1.96,1.6430762320847048,-7.928671741462274,3.655651015921629
1639504329749,2021-12-14T12:52:09.749,1.97,2.4190653609815627,-8.140385417077642,4.500224905793274
1639504329759,2021-12-14T12:52:09.759,1.98,2.52362193391305,-8.604012525343578,5.413633587720625
1639504329769,2021-12-14T12:52:09.769,1.99,2.543857783723337,-9.105606280878666,6.694718657463216
1639504329779,2021-12-14T12:52:09.779,2.0,2.848584866459598,-9.648057605660288,8.759216594904144
1639504329789,2021-12-14T12:52:09.789,2.01,3.0286533277208627,-10.481202745186238,11.2657898602084
1639504329799,2021-12-14T12:52:09.799,2.02,2.6730579229153255,-11.714578988059547,13.785111816686701
1639504329809,2021-12-14T12:52:09.809,2.03,2.112002706909707,-13.113680543820962,16.44716622223992
1639504329819,2021-12-14T12:52:09.819,2.04,1.8340626620516431,-14.394335329691152,19.300231569524232
1639504329829,2021-12-14T12:52:09.829,2.05,1.6666576317615638,-15.498386750217126,21.595364408380476
1639504329839,2021-12-14T12:52:09.839,2.06,1.2174350340313174,-16.42804469961631,22.42443436655522
1639504329849,2021-12-14T12:52:09.849,2.07,0.8198998549330914,-17.04550358875948,21.88061992862148
1639504329859,2021-12-14T12:52:09.859,2.08,1.240966340705961,-17.28035410825002,20.993478294139415
1639504329869,2021-12-14T12:52:09.869,2.09,2.427993926597175,-17.385781965774306,20.485815019453263
1639504329879,2021-12-14T12:52:09.879,2.1,3.381918390931493,-17.69916288745481,20.149630992106783
1639504329889,2021-12-14T12:52:09.889,2.11,3.5853119610113797,-18.186390671785126,19.670736339961632
1639504329899,2021-12-14T12:52:09.899,2.12,3.673715443248084,-18.506189196733946,19.42638110157945
1639504329909,2021-12-14T12:52:09.909,2.13,4.213826989938964,-18.51152908918566,19.92532668055547
1639504329919,2021-12-14T12:52:09.919,2.14,4.836192087919181,-18.33386140838161,20.960908805895006
1639504329929,2021-12-14T12:52:09.929,2.15,5.197575189979855,-17.92830481517858,21.87521843393983
1639504329939,2021-12-14T12:52:09.939,2.16,5.727167438618493,-16.94769051535642,22.245107821102632
1639504329949,2021-12-14T12:52:09.949,2.17,6.728748944785286,-15.238770805793974,21.944565421905352
1639504329959,2021-12-14T12:52:09.959,2.18,7.667143051904383,-13.18027203016064,21.03703395354566
1639504329969,2021-12-14T12:52:09.969,2.19,7.8923132936693,-11.37945906448795,19.922636577786207
1639504329979,2021-12-14T12:52:09.979,2.2,7.385952069154163,-10.18715182280632,19.17695355214815
1639504329989,2021-12-14T12:52:09.989,2.21,6.546812413160969,-9.537164474927824,18.999810695999592
1639504329999,2021-12-14T12:52:09.999,2.22,5.75692090975792,-9.086644763371346,18.994536788400616
1639504330009,2021-12-14T12:52:10.009,2.23,5.244086196552674,-8.438235936497563,18.516376903502184
1639504330019,2021-12-14T12:52:10.019,2.24,5.148303571366986,-7.284893274213564,17.2040089884062
1639504330029,2021-12-14T12:52:10.029,2.25,5.755416414728419,-5.411091083212344,15.355071052328608
1639504330039,2021-12-14T12:52:10.039,2.26,7.451946654898997,-2.6821932016092975,13.815616051840012
1639504330049,2021-12-14T12:52:10.049,2.27,10.035593681137218,0.7960402359145666,13.236115110629768
1639504330059,2021-12-14T12:52:10.059,2.28,12.321609173752208,4.472500560406454,13.432577731616734
1639504330069,2021-12-14T12:52:10.069,2.29,13.00245864284739,7.448382447535417,13.788197797158249
1639504330079,2021-12-14T12:52:10.079,2.3,11.75965231072723,8.933483366655885,14.160425348871975
1639504330089,2021-12-14T12:52:10.089,2.31,9.154770342523122,8.662881753843758,14.87997984045683
1639504330099,2021-12-14T12:52:10.099,2.32,5.83080298644459,6.920399145981408,15.921173373859396
1639504330109,2021-12-14T12:52:10.109,2.33,2.3870059899405938,4.28687563666888,16.708703554980893
1639504330119,2021-12-14T12:52:10.119,2.34,-0.3481102225457782,1.407801243968272,16.841258768289936
1639504330129,2021-12-14T12:52:10.129,2.35,-1.7380197643979947,-1.183615422806996,16.40780059924012
1639504330139,2021-12-14T12:52:10.139,2.36,-2.0548270400760855,-3.226907800098788,15.39136087664041
1639504330149,2021-12-14T12:52:10.149,2.37,-2.199815279961345,-4.723197302286869,13.297118180414863
1639504330159,2021-12-14T12:52:10.159,2.38,-2.6449621255707534,-5.703231061124651,9.675590356620432
1639504330169,2021-12-14T12:52:10.169,2.39,-3.0698119257539975,-6.057394073596713,4.695510836493648
1639504330179,2021-12-14T12:52:10.179,2.4,-2.984873169469782,-5.633048977903689,-0.9731243570022365
1639504330189,2021-12-14T12:52:10.189,2.41,-2.2794535865088204,-4.413179430393866,-6.59114845192576
1639504330199,2021-12-14T12:52:10.199,2.42,-1.1993485875232472,-2.541468796207244,-11.594937308264958
1639504330209,2021-12-14T12:52:10.209,2.43,-0.11879895992076242,-0.2588184609031844,-15.670603483140086
1639504330219,2021-12-14T12:52:10.219,2.44,0.6396884412287192,2.0996565153124847,-18.747998180998643
1639504330229,2021-12-14T12:52:10.229,2.45,0.8520866064113735,4.123361926368771,-20.90296057769702
1639504330239,2021-12-14T12:52:10.239,2.46,0.27866276527960426,5.494161895370884,-22.273333958993266
1639504330249,2021-12-14T12:52:10.249,2.47,-1.304112817742545,6.1841199285461155,-23.087203522814544
1639504330259,2021-12-14T12:52:10.259,2.48,-3.7007472178423413,6.4604878678961395,-23.670379058526038
1639504330269,2021-12-14T12:52:10.269,2.49,-6.0927339442303,6.696194812962277,-24.31775687123398
1639504330279,2021-12-14T12:52:10.279,2.5,-7.712841710741621,7.1444895482450335,-25.194905837069673
1639504330289,2021-12-14T12:52:10.289,2.51,-8.700402853539323,7.813827810630295,-26.375610995283562
1639504330299,2021-12-14T12:52:10.299,2.52,-9.78558338141136,8.520903338698485,-27.847721410711415
1639504330309,2021-12-14T12:52:10.309,2.53,-11.206362374826243,9.070095174525182,-29.464685911331415
1639504330319,2021-12-14T12:52:10.319,2.54,-12.490020069965983,9.405999570422917,-30.997756735273388
1639504330329,2021-12-14T12:52:10.329,2.55,-13.171679132249626,9.63236531545487,-32.23656459404022
1639504330339,2021-12-14T12:52:10.339,2.56,-13.245968376784717,9.87104933938898,-33.06667282190604
1639504330349,2021-12-14T12:52:10.349,2.57,-13.03572394276407,10.088183404499862,-33.55639036174784
1639504330359,2021-12-14T12:52:10.359,2.58,-12.870888628778523,10.123171290473199,-33.86467299839127
1639504330369,2021-12-14T12:52:10.369,2.59,-12.83127785356671,9.901136231972202,-33.94706002211748
1639504330379,2021-12-14T12:52:10.379,2.6,-12.813501027230144,9.560182414964716,-33.56109821982071
1639504330389,2021-12-14T12:52:10.389,2.61,-12.780296992987086,9.388561250233337,-32.67406776861441
1639504330399,2021-12-14T12:52:10.399,2.62,-12.694709526652598,9.620257118766881,-31.6103033339782
1639504330409,2021-12-14T12:52:10.409,2.63,-12.389903194682699,10.161407798237793,-30.69496297962821
1639504330419,2021-12-14T12:52:10.419,2.64,-11.878907925280467,10.545221487727062,-29.976568426716867
1639504330429,2021-12-14T12:52:10.429,2.65,-11.526145650664265,10.359370205725687,-29.36012256165433
1639504330439,2021-12-14T12:52:10.439,2.66,-11.485599303969256,9.69599127636577,-28.789731452885256
1639504330449,2021-12-14T12:52:10.449,2.67,-11.329298139002947,8.945638683719862,-28.216227917158257
1639504330459,2021-12-14T12:52:10.459,2.68,-10.754130194776467,8.182886816855905,-27.55202135786574
1639504330469,2021-12-14T12:52:10.469,2.69,-10.245708644290985,7.0607159423000905,-26.694656214400524
1639504330479,2021-12-14T12:52:10.479,2.7,-10.39026925784891,5.3407403470220025,-25.45052621221675
1639504330489,2021-12-14T12:52:10.489,2.71,-10.899378172530684,3.2088842272319127,-23.5085282983504
1639504330499,2021-12-14T12:52:10.499,2.72,-11.002453694214124,0.9862723920819477,-20.7051175439109
1639504330509,2021-12-14T12:52:10.509,2.73,-10.449188534462081,-1.152209501779102,-17.22432747992964
1639504330519,2021-12-14T12:52:10.519,2.74,-9.443698727662234,-3.0617314873568295,-13.344317213637373
1639504330529,2021-12-14T12:52:10.529,2.75,-7.99291387485936,-4.552763118948621,-9.19826580246023
1639504330539,2021-12-14T12:52:10.539,2.76,-6.08893972771685,-5.593051892733922,-5.056360428009668
1639504330549,2021-12-14T12:52:10.549,2.77,-4.202390744076344,-6.358823179537292,-1.5289612467369755
1639504330559,2021-12-14T12:52:10.559,2.78,-2.8438054931903265,-6.96989512306159,0.9706176336760017
1639504330569,2021-12-14T12:52:10.569,2.79,-1.8899875218927558,-7.3343751805228194,2.7185539530201974
1639504330579,2021-12-14T12:52:10.579,2.8,-0.9208015578717348,-7.319481597977844,4.163931405418985
1639504330589,2021-12-14T12:52:10.589,2.81,0.1024987709171615,-6.939778318808125,5.211860028824818
1639504330599,2021-12-14T12:52:10.599,2.82,0.9309443202210188,-6.321418862607884,5.523765917523033
1639504330609,2021-12-14T12:52:10.609,2.83,1.3875890461425753,-5.592469459195548,5.196824938464687
1639504330619,2021-12-14T12:52:10.619,2.84,1.3083834389232933,-4.853881947437234,4.6082191233339564
1639504330629,2021-12-14T12:52:10.629,2.85,0.5628104331819845,-4.153299696838669,3.879748113466907
1639504330639,2021-12-14T12:52:10.639,2.86,-0.6294985258083816,-3.4396290355809165,2.983056542033916
1639504330649,2021-12-14T12:52:10.649,2.87,-1.7667551474035614,-2.6065803977777495,2.1273369507469186
1639504330659,2021-12-14T12:52:10.659,2.88,-2.555463102429595,-1.5849156333599455,1.6124897810737273
1639504330669,2021-12-14T12:52:10.669,2.89,-3.054518712839438,-0.36059899501760345,1.4398762813150303
1639504330679,2021-12-14T12:52:10.679,2.9,-3.3463985989125002,1.0291122792091445,1.3879534477782802
1639504330689,2021-12-14T12:52:10.689,2.91,-3.345467987249654,2.4696645939794317,1.382934394035765
1639504330699,2021-12-14T12:52:10.699,2.92,-3.0084334998871247,3.8365286471164217,1.4971876038080678
1639504330709,2021-12-14T12:52:10.709,2.93,-2.5805316519657575,5.130820752611882,1.588750040807669
1639504330719,2021-12-14T12:52:10.719,2.94,-2.4262650574320905,6.432161307099485,1.283995080372212
1639504330729,2021-12-14T12:52:10.729,2.95,-2.5932321039593433,7.695282373273111,0.4537552754744455
1639504330739,2021-12-14T12:52:10.739,2.96,-2.8536151865940083,8.726328534194344,-0.6407657962578757
1639504330749,2021-12-14T12:52:10.749,2.97,-3.2415218338340175,9.394097191105233,-1.8715919631004156
1639504330759,2021-12-14T12:52:10.759,2.98,-3.9579142126984004,9.783634218460861,-3.459575484277949
1639504330769,2021-12-14T12:52:10.769,2.99,-4.575894314223333,10.113580990115262,-5.345262157201821
1639504330779,2021-12-14T12:52:10.779,3.0,-4.208935124484952,10.507578419059254,-6.858493368274474
1639504330789,2021-12-14T12:52:10.789,3.01,-2.8190974406840663,10.847595630263733,-7.485743655855588
1639504330799,2021-12-14T12:52:10.799,3.02,-1.4780852244795766,10.876138538342918,-7.535891353549065
1639504330809,2021-12-14T12:52:10.809,3.03,-0.9908308200110547,10.44241920071565,-7.603076225693867
1639504330819,2021-12-14T12:52:10.819,3.04,-1.088748984984724,9.626753632635088,-7.799061263241839
1639504330829,2021-12-14T12:52:10.829,3.05,-1.2123476249580305,8.64985577381117,-7.94526829108899
1639504330839,2021-12-14T12:52:10.839,3.06,-1.254838193696409,7.710689467559714,-8.120244470886325
1639504330849,2021-12-14T12:52:10.849,3.07,-1.2612141463631936,6.922832831467572,-8.556814229012977
1639504330859,2021-12-14T12:52:10.859,3.08,-1.062596812339915,6.346031617250574,-9.210511714024138
1639504330869,2021-12-14T12:52:10.869,3.09,-0.5131847208226741,5.9848486689824,-9.753983276165043
1639504330879,2021-12-14T12:52:10.879,3.1,0.2658267391688688,5.748183989402438,-9.9038228887548
1639504330889,2021-12-14T12:52:10.889,3.11,1.0225035771666198,5.48968364518357,-9.58681349899963
1639504330899,2021-12-14T12:52:10.899,3.12,1.5684796487074404,5.123189609514484,-8.846839730575809
1639504330909,2021-12-14T12:52:10.909,3.13,1.8429852534270945,4.670832133486609,-7.702667322361934
1639504330919,2021-12-14T12:52:10.919,3.14,1.9289372523463153,4.197683616944436,-6.135833086351942
1639504330929,2021-12-14T12:52:10.929,3.15,1.9932193999087908,3.749999819459333,-4.2010051702968845
1639504330939,2021-12-14T12:52:10.939,3.16,2.1573036755938624,3.395307478660656,-2.086351277122035
1639504330949,2021-12-14T12:52:10.949,3.17,2.456616785143089,3.277085819290587,-0.0397307944874587
1639504330959,2021-12-14T12:52:10.959,3.18,2.9011733601897145,3.5434268606661687,1.730802980813306
1639504330969,2021-12-14T12:52:10.969,3.19,3.472631229702521,4.2185733494525515,3.07866595696468
1639504330979,2021-12-14T12:52:10.979,3.2,4.012238429650422,5.18753891940637,3.853411862187766
1639504330989,2021-12-14T12:52:10.989,3.21,4.155252155616905,6.274494359105846,3.866980343006383
1639504330999,2021-12-14T12:52:10.999,3.22,3.517610640390561,7.309574750116251,3.1193309669768983
1639504331009,2021-12-14T12:52:11.009,3.23,2.0757906288763173,8.17958554885882,2.1128177726156854
1639504331019,2021-12-14T12:52:11.019,3.24,0.2373527144498242,8.836415665056787,1.5680640247855084
1639504331029,2021-12-14T12:52:11.029,3.25,-1.6328092452832221,9.233985177330212,1.6462322409527317
1639504331039,2021-12-14T12:52:11.039,3.26,-3.5354189585489637,9.312155079852985,2.0234312060420674
1639504331049,2021-12-14T12:52:11.049,3.27,-5.4921110479709,9.075412499831096,2.914326216899454
1639504331059,2021-12-14T12:52:11.059,3.28,-7.269741462827511,8.604262704741789,4.827588424637451
1639504331069,2021-12-14T12:52:11.069,3.29,-8.754561607411635,7.9690468134184655,6.7446699694564325
1639504331079,2021-12-14T12:52:11.079,3.3,-10.186410531659064,7.218910463686325,6.408603503336567
1639504331089,2021-12-14T12:52:11.089,3.31,-11.719646603902847,6.444701049610692,3.7426453074983206
1639504331099,2021-12-14T12:52:11.099,3.32,-13.138959967482826,5.768019044228513,1.8831628002675465
1639504331109,2021-12-14T12:52:11.109,3.33,-14.18913293922704,5.300222302073751,2.948010207477331
1639504331119,2021-12-14T12:52:11.119,3.34,-14.749696078961987,5.1777968833493695,4.888222411040344
1639504331129,2021-12-14T12:52:11.129,3.35,-14.561251575279412,5.560849410349507,4.6726631840199015
1639504331139,2021-12-14T12:52:11.139,3.36,-13.291540172007757,6.468617278406539,2.5156351410820323
1639504331149,2021-12-14T12:52:11.149,3.37,-11.125398099223657,7.638441742636358,0.6506490346340925
1639504331159,2021-12-14T12:52:11.159,3.38,-8.820017888422623,8.717119229753983,-0.15537477915548176
1639504331169,2021-12-14T12:52:11.169,3.39,-6.727295073921954,9.656672883009234,-0.4601857621259959
1639504331179,2021-12-14T12:52:11.179,3.4,-4.245658721367358,10.70586731335349,-0.1218568358213428
1639504331189,2021-12-14T12:52:11.189,3.41,-1.1535640320989162,11.846699650791784,1.0260616453695168
1639504331199,2021-12-14T12:52:11.199,3.42,1.0030489084187528,12.562738633900938,1.401967972010069
1639504331209,2021-12-14T12:52:11.209,3.43,0.6659339813799687,12.537128936722358,-0.7631094887847324
1639504331219,2021-12-14T12:52:11.219,3.44,-0.728109890444302,12.200217849558914,-4.265939370778013
1639504331229,2021-12-14T12:52:11.229,3.45,-0.23110032022500943,11.982984912006781,-6.012935584285314
1639504331239,2021-12-14T12:52:11.239,3.46,1.7999258139930223,11.408494979990618,-5.518924921435567
1639504331249,2021-12-14T12:52:11.249,3.47,1.9611559711627362,9.726545389761611,-5.40420571288393
1639504331259,2021-12-14T12:52:11.259,3.48,-0.38772204209991484,7.14910393529617,-6.806436834426279
1639504331269,2021-12-14T12:52:11.269,3.49,-1.8245463567487907,4.568002540823898,-7.4525429743962555
1639504331279,2021-12-14T12:52:11.279,3.5,-0.5195903068576445,2.2355738431688157,-5.279558834040084
1639504331289,2021-12-14T12:52:11.289,3.51,1.1525661018610582,-0.39810636462856186,-0.998106230020918
1639504331299,2021-12-14T12:52:11.299,3.52,0.9854995719191214,-3.5975135967686906,4.036393154729785
1639504331309,2021-12-14T12:52:11.309,3.53,0.01022467992556908,-6.871569569058713,9.783935171611118
1639504331319,2021-12-14T12:52:11.319,3.54,-0.12415838427285884,-9.630173580563246,16.03714319454264
1639504331329,2021-12-14T12:52:11.329,3.55,0.3411580764543506,-11.690185670003327,21.052483369037247
1639504331339,2021-12-14T12:52:11.339,3.56,0.6162987639417417,-13.063696911306948,23.04180326582665
1639504331349,2021-12-14T12:52:11.349,3.57,0.9060375050919498,-13.739839654753961,21.89085014867043
1639504331359,2021-12-14T12:52:11.359,3.58,1.558323577107652,-13.805913265238836,18.622289870509306
1639504331369,2021-12-14T12:52:11.369,3.59,2.1764479445154943,-13.520060939702947,14.159016973176698
1639504331379,2021-12-14T12:52:11.379,3.6,2.305540627211406,-13.177154306518311,9.248752072039508
1639504331389,2021-12-14T12:52:11.389,3.61,1.999472812758731,-12.943701486173389,4.727335093889717
1639504331399,2021-12-14T12:52:11.399,3.62,1.4098734959197907,-12.728176069607315,1.1813826399906302
1639504331409,2021-12-14T12:52:11.409,3.63,0.7608118611364687,-12.172543381447841,-1.1618572462817673
1639504331419,2021-12-14T12:52:11.419,3.64,0.7186683965676695,-10.957835249170198,-2.0312967562867987
1639504331429,2021-12-14T12:52:11.429,3.65,1.6243929604678509,-9.238588337094502,-1.3246703596096894
1639504331439,2021-12-14T12:52:11.439,3.66,2.5279955903581977,-7.581826683541581,0.2863702346375424
1639504331449,2021-12-14T12:52:11.449,3.67,2.325127895995835,-6.342846480151488,1.9049379702051075
1639504331459,2021-12-14T12:52:11.459,3.68,1.4218985587160342,-5.362874269141896,3.4199823639474634
1639504331469,2021-12-14T12:52:11.469,3.69,0.8570202812860817,-4.401265380034786,5.0423120102130055
1639504331479,2021-12-14T12:52:11.479,3.7,0.6407107610104789,-3.482373357234735,6.374736877231112
1639504331489,2021-12-14T12:52:11.489,3.71,0.4159717825992798,-2.671258628755967,6.970887355296243
1639504331499,2021-12-14T12:52:11.499,3.72,0.6061626930328463,-1.9111839793015615,7.128145327537073
1639504331509,2021-12-14T12:52:11.509,3.73,1.6043616978902069,-1.2204681616514363,7.281703768611775
1639504331519,2021-12-14T12:52:11.519,3.74,2.9444151227178157,-0.7353397200292582,7.339116414601488
1639504331529,2021-12-14T12:52:11.529,3.75,4.13758810207604,-0.4920871123345465,7.1254828210284185
1639504331539,2021-12-14T12:52:11.539,3.76,5.387998760927481,-0.36746542998265624,6.783825648469288
1639504331549,2021-12-14T12:52:11.549,3.77,7.045146125777443,-0.22719807597476388,6.4467804974506056
1639504331559,2021-12-14T12:52:11.559,3.78,9.038345989749697,-0.031577358653733685,6.012841968671198
1639504331569,2021-12-14T12:52:11.569,3.79,11.050005298325157,0.17920177916022165,5.354605647295047
1639504331579,2021-12-14T12:52:11.579,3.8,12.87807197016566,0.38773224214308516,4.482145836841985
1639504331589,2021-12-14T12:52:11.589,3.81,14.534817273028123,0.6664146370734316,3.519209580674538
1639504331599,2021-12-14T12:52:11.599,3.82,16.044523504367035,1.0564082585308625,2.597301484802969
1639504331609,2021-12-14T12:52:11.609,3.83,17.187437835816436,1.439634245680454,1.7008110420060503
1639504331619,2021-12-14T12:52:11.619,3.84,17.65189098184984,1.6900385263403543,0.6989285174767088
1639504331629,2021-12-14T12:52:11.629,3.85,17.471612129488875,1.8859606336752435,-0.36896775022520045
1639504331639,2021-12-14T12:52:11.639,3.86,16.998737341192417,2.200470305394011,-1.243217070056832
1639504331649,2021-12-14T12:52:11.649,3.87,16.406041128622505,2.655098373086405,-1.7963088095735158
1639504331659,2021-12-14T12:52:11.659,3.88,15.55418913384642,3.1566887477348633,-2.1873876805127854
1639504331669,2021-12-14T12:52:11.669,3.89,14.36221862444388,3.714509032058226,-2.5740170874237496
1639504331679,2021-12-14T12:52:11.679,3.9,12.984864491924892,4.447020486981792,-2.929860978253513
1639504331689,2021-12-14T12:52:11.689,3.91,11.607123042226668,5.398289529592935,-3.20851373832551
1639504331699,2021-12-14T12:52:11.699,3.92,10.308582115969989,6.48910288277758,-3.4300947569328493
1639504331709,2021-12-14T12:52:11.709,3.93,9.121201027909919,7.644869965157369,-3.5418574480466667
1639504331719,2021-12-14T12:52:11.719,3.94,8.013663576461562,8.841809766110554,-3.4117587853330464
1639504331729,2021-12-14T12:52:11.729,3.95,6.8233887265830715,9.988551943106842,-3.0275086214453886
1639504331739,2021-12-14T12:52:11.739,3.96,5.386157063868274,10.875433703222008,-2.5359065866761763
1639504331749,2021-12-14T12:52:11.749,3.97,3.7554490755346714,11.335870126020936,-2.0463299541254645
1639504331759,2021-12-14T12:52:11.759,3.98,2.160624212332206,11.402466967716467,-1.58060393827073
1639504331769,2021-12-14T12:52:11.769,3.99,0.7442989494389092,11.224397280207768,-1.2845072653535206
1639504331779,2021-12-14T12:52:11.779,4.0,-0.5062332784242614,10.89011442256368,-1.4722799722238844
1639504331789,2021-12-14T12:52:11.789,4.01,-1.539846652920227,10.420651889463286,-2.3153275163484537
1639504331799,2021-12-14T12:52:11.799,4.02,-2.1432693381811245,9.876264013885399,-3.651079406483512
1639504331809,2021-12-14T12:52:11.809,4.03,-2.1443822769589866,9.348698166581023,-5.20567523870815
1639504331819,2021-12-14T12:52:11.819,4.04,-1.5445366785050934,8.853889738934031,-6.799172438963263
1639504331829,2021-12-14T12:52:11.829,4.05,-0.43449147418427214,8.302937763914837,-8.230406288335928
1639504331839,2021-12-14T12:52:11.839,4.06,0.9670846632784409,7.574219927602998,-9.226480880980107
1639504331849,2021-12-14T12:52:11.849,4.07,2.273547827682779,6.605750241778596,-9.64194579702301
1639504331859,2021-12-14T12:52:11.859,4.08,3.343857855845526,5.4476580636947425,-9.43495839051964
1639504331869,2021-12-14T12:52:11.869,4.09,4.5122448542748685,4.15045920375592,-8.457722595618272
1639504331879,2021-12-14T12:52:11.879,4.1,5.719715233095718,2.546493153899787,-6.817902915113352
1639504331889,2021-12-14T12:52:11.889,4.11,5.9755209776151,0.41820620661582714,-5.264204518835576
1639504331899,2021-12-14T12:52:11.899,4.12,5.152336402975244,-1.9200368380685164,-4.034467352318329
1639504331909,2021-12-14T12:52:11.909,4.13,5.428732965261768,-3.7758472157504217,-1.6584005835711202
1639504331919,2021-12-14T12:52:11.919,4.14,7.960598496168966,-5.296672776247494,2.760066168518431
1639504331929,2021-12-14T12:52:11.929,4.15,9.173396304716329,-7.607017037081052,6.361916995996328
1639504331939,2021-12-14T12:52:11.939,4.16,5.618805946290235,-10.807883142064004,5.511725200437916
1639504331949,2021-12-14T12:52:11.949,4.17,1.5009255728473416,-13.070720051597498,1.9164891368717423
1639504331959,2021-12-14T12:52:11.959,4.18,3.45752892971928,-13.10991550734087,0.40935282229453257
1639504331969,2021-12-14T12:52:11.969,4.19,8.795498582167847,-12.206704167821755,0.707455147540079
1639504331979,2021-12-14T12:52:11.979,4.2,9.243360995731896,-12.144002315147308,-1.7046039874750418
1639504331989,2021-12-14T12:52:11.989,4.21,5.4102621822420875,-12.537718024407148,-6.488073182071621
1639504331999,2021-12-14T12:52:11.999,4.22,5.600135082608505,-12.005579773962225,-8.135107055929694
1639504332009,2021-12-14T12:52:12.009,4.23,11.17413090227802,-10.722669188593596,-5.01608303283623
1639504332019,2021-12-14T12:52:12.019,4.24,15.155640292729707,-9.988042890529364,-1.1469731357441775
1639504332029,2021-12-14T12:52:12.029,4.25,14.691088260319365,-10.118729241780557,1.2860773942639705
1639504332039,2021-12-14T12:52:12.039,4.26,14.042385271969255,-10.358948457009685,4.320414085151713
1639504332049,2021-12-14T12:52:12.049,4.27,15.571225252273415,-10.356818352058266,8.886566103416218
1639504332059,2021-12-14T12:52:12.059,4.28,16.64475037508922,-10.460625269444861,12.83032439148543
1639504332069,2021-12-14T12:52:12.069,4.29,15.559010752594922,-10.793563650701607,14.77952378397447
1639504332079,2021-12-14T12:52:12.079,4.3,14.007012685380605,-10.98000127486424,15.81034353571929
1639504332089,2021-12-14T12:52:12.089,4.31,13.399299077277252,-10.772926820311696,16.872425025580664
1639504332099,2021-12-14T12:52:12.099,4.32,13.024411180477086,-10.37977292440345,17.46426723024067
1639504332109,2021-12-14T12:52:12.109,4.33,12.0398202289635,-10.125356242032398,17.115860889707502
1639504332119,2021-12-14T12:52:12.119,4.34,10.707056119160214,-10.091458630862961,16.290726195543613
1639504332129,2021-12-14T12:52:12.129,4.35,9.627823675508145,-10.098762007091546,15.653824531724467
1639504332139,2021-12-14T12:52:12.139,4.36,9.19106197934851,-9.879763000948163,15.481826897078573
1639504332149,2021-12-14T12:52:12.149,4.37,9.615763636778173,-9.277021235143765,15.731115549227377
1639504332159,2021-12-14T12:52:12.159,4.38,10.637329167613315,-8.376554760623886,16.07275601738176
1639504332169,2021-12-14T12:52:12.169,4.39,11.341823128444277,-7.457678843012943,16.01075470085398
1639504332179,2021-12-14T12:52:12.179,4.4,10.937333767864162,-6.770311340523544,15.337602038204768
1639504332189,2021-12-14T12:52:12.189,4.41,9.46676613926456,-6.366490905854682,14.302281621616984
1639504332199,2021-12-14T12:52:12.199,4.42,7.36117502122229,-6.14695411940604,13.174966922166936
1639504332209,2021-12-14T12:52:12.209,4.43,4.754573768647468,-6.003023912790615,11.9517763096846
1639504332219,2021-12-14T12:52:12.219,4.44,1.668954849384916,-5.8795863320709945,10.613258029051053
1639504332229,2021-12-14T12:52:12.229,4.45,-1.6378661999234907,-5.769706074665574,9.32989715614923
1639504332239,2021-12-14T12:52:12.239,4.46,-4.929554560922535,-5.702931627134202,8.251084679525391
1639504332249,2021-12-14T12:52:12.249,4.47,-8.210469356848197,-5.7080220205972445,7.320558493773129
1639504332259,2021-12-14T12:52:12.259,4.48,-11.460276198200804,-5.768064336247816,6.394269261779197
1639504332269,2021-12-14T12:52:12.269,4.49,-14.499994380562988,-5.840642831606553,5.370395994234686
1639504332279,2021-12-14T12:52:12.279,4.5,-17.227488050117778,-5.910762582758882,4.164990124852159
1639504332289,2021-12-14T12:52:12.289,4.51,-19.638158244476905,-5.972117582132275,2.7507199711817343
1639504332299,2021-12-14T12:52:12.299,4.52,-21.559826156618918,-5.969482741611694,1.2861070332163411
1639504332309,2021-12-14T12:52:12.309,4.53,-22.758425447421864,-5.838403644842703,0.018235792709582616
1639504332319,2021-12-14T12:52:12.319,4.54,-23.377433805974732,-5.5969702514602595,-0.99966108522278
1639504332329,2021-12-14T12:52:12.329,4.55,-23.832510185135412,-5.293274761446107,-1.8820665442074085
1639504332339,2021-12-14T12:52:12.339,4.56,-24.16021706826347,-4.880828277841378,-2.599005573531765
1639504332349,2021-12-14T12:52:12.349,4.57,-23.9692912719441,-4.3012821903355505,-2.9884053725519126
1639504332359,2021-12-14T12:52:12.359,4.58,-23.1924883225607,-3.658202728054957,-3.0986795616562786
1639504332369,2021-12-14T12:52:12.369,4.59,-22.31931632857189,-3.1122407093150724,-3.20329685769147
1639504332379,2021-12-14T12:52:12.379,4.6,-21.666867449145833,-2.644222132854932,-3.4626943989785612
1639504332389,2021-12-14T12:52:12.389,4.61,-21.008778016023246,-2.1103885830250295,-3.8736668068236426
1639504332399,2021-12-14T12:52:12.399,4.62,-20.131185675635926,-1.4547019465789246,-4.499343136177517
1639504332409,2021-12-14T12:52:12.409,4.63,-19.11625486731464,-0.6820742294385238,-5.384037318156217
1639504332419,2021-12-14T12:52:12.419,4.64,-17.89580889961403,0.28260976848223374,-6.289276276472274
1639504332429,2021-12-14T12:52:12.429,4.65,-16.212088483993604,1.5072297678277042,-6.897969974879788
1639504332439,2021-12-14T12:52:12.439,4.66,-14.214927841391805,2.8687058706159636,-7.26608011006609
1639504332449,2021-12-14T12:52:12.449,4.67,-12.487614700644421,4.127341682242825,-7.765865210404012
1639504332459,2021-12-14T12:52:12.459,4.68,-11.331082234610761,5.1843097465583226,-8.608420933806192
1639504332469,2021-12-14T12:52:12.469,4.69,-10.49805795659718,6.142607002899002,-9.634212313357844
1639504332479,2021-12-14T12:52:12.479,4.7,-9.687706501671322,7.112591554159447,-10.526872479921979
1639504332489,2021-12-14T12:52:12.489,4.71,-8.869995959344594,8.08079591297037,-11.056530868489713
1639504332499,2021-12-14T12:52:12.499,4.72,-8.020201161583502,8.993215165094671,-11.08287637805663
1639504332509,2021-12-14T12:52:12.509,4.73,-6.928384893679238,9.820808885211264,-10.489177339608482
1639504332519,2021-12-14T12:52:12.519,4.74,-5.592260595835915,10.447490264662306,-9.350805169830918
1639504332529,2021-12-14T12:52:12.529,4.75,-4.5475458597628275,10.625048808205074,-8.060052585002996
1639504332539,2021-12-14T12:52:12.539,4.76,-4.2333866084138965,10.21826784778802,-6.806645306741574
1639504332549,2021-12-14T12:52:12.549,4.77,-4.0678680278100074,9.436228027687164,-4.954712015778382
1639504332559,2021-12-14T12:52:12.559,4.78,-3.031513397135714,8.607672062084335,-1.7492333511778813
1639504332569,2021-12-14T12:52:12.569,4.79,-1.4928928295383095,7.757550899082723,2.071279365223788
1639504332579,2021-12-14T12:52:12.579,4.8,-1.2438043560786984,6.699600192372285,4.426901266143048
1639504332589,2021-12-14T12:52:12.589,4.81,-2.847084691706449,5.534965692895955,4.363625243849175
1639504332599,2021-12-14T12:52:12.599,4.82,-4.473880905261203,4.6232488467907045,3.203863770044454
1639504332609,2021-12-14T12:52:12.609,4.83,-4.835677400478964,3.9703433956789747,2.3131602971538343
1639504332619,2021-12-14T12:52:12.619,4.84,-5.410621738820062,3.1129742004720486,1.2350226894405067
1639504332629,2021-12-14T12:52:12.629,4.85,-7.779459770566028,1.7578982277954245,-0.6482128028156195
1639504332639,2021-12-14T12:52:12.639,4.86,-10.835326416215256,0.09211893227452644,-2.2611755242136233
1639504332649,2021-12-14T12:52:12.649,4.87,-12.894363048125342,-1.687861265540749,-2.2555472637524323
1639504332659,2021-12-14T12:52:12.659,4.88,-14.483480089693991,-3.695115334532502,-0.9268387230421462
1639504332669,2021-12-14T12:52:12.669,4.89,-16.81254484777111,-5.981981055677864,0.6348138808211247
1639504332679,2021-12-14T12:52:12.679,4.9,-19.331279266962582,-8.212619307814585,2.1311310462037274
1639504332689,2021-12-14T12:52:12.689,4.91,-20.6590732023703,-9.929848739522065,3.827672010278519
1639504332699,2021-12-14T12:52:12.699,4.92,-20.47949760996307,-10.953851272357921,5.743083451046551
1639504332709,2021-12-14T12:52:12.709,4.93,-19.35616278761612,-11.447312942292886,7.632433212238103
1639504332719,2021-12-14T12:52:12.719,4.94,-17.944862656670526,-11.758723130469045,9.06552594100515
1639504332729,2021-12-14T12:52:12.729,4.95,-16.93973821120091,-12.176953527922805,9.50520926141709
1639504332739,2021-12-14T12:52:12.739,4.96,-16.601414575435495,-12.650289024830862,8.834401158835352
1639504332749,2021-12-14T12:52:12.749,4.97,-16.121888076105762,-12.78779851699785,7.374956712584464
1639504332759,2021-12-14T12:52:12.759,4.98,-14.504821841219053,-12.293712452728347,5.238861196488586
1639504332769,2021-12-14T12:52:12.769,4.99,-11.990922310259128,-11.293235484481048,2.7837034924399893
1639504332779,2021-12-14T12:52:12.779,5.0,-9.51701538743496,-10.068729961492615,1.4847662098492653
1639504332789,2021-12-14T12:52:12.789,5.01,-7.060474288600298,-8.686654413109753,2.3491926384375414
1639504332799,2021-12-14T12:52:12.799,5.02,-3.9389134691281287,-7.137834402793283,3.877364372580561
1639504332809,2021-12-14T12:52:12.809,5.03,-0.4413517474189943,-5.590838911438846,4.033513405814333
1639504332819,2021-12-14T12:52:12.819,5.04,2.5784621961872762,-4.167450839261955,3.3974065029669704
1639504332829,2021-12-14T12:52:12.829,5.05,5.461495887250761,-2.6923105065258675,3.926397964371706
1639504332839,2021-12-14T12:52:12.839,5.06,9.243049832780532,-1.001267620183604,5.802117478910219
1639504332849,2021-12-14T12:52:12.849,5.07,13.692042454828904,0.6935726037233935,7.578498444216651
1639504332859,2021-12-14T12:52:12.859,5.08,17.56403139543085,2.0204058626008576,8.362948859613732
1639504332869,2021-12-14T12:52:12.869,5.09,20.398005895053274,2.8445412618366452,8.388059697938605
1639504332879,2021-12-14T12:52:12.879,5.1,22.61192382658706,3.2419028360944653,8.07063058038381
1639504332889,2021-12-14T12:52:12.889,5.11,24.346752935887906,3.278901435182041,7.469263895238576
1639504332899,2021-12-14T12:52:12.899,5.12,25.438498294589593,3.0182668603409297,6.578739578344973
1639504332909,2021-12-14T12:52:12.909,5.13,26.0636568346565,2.59569409366794,5.608448471504127
1639504332919,2021-12-14T12:52:12.919,5.14,26.517142949450914,2.148207831749465,4.757128818236929
1639504332929,2021-12-14T12:52:12.929,5.15,26.74270313552931,1.761331012792379,3.963281629342485
1639504332939,2021-12-14T12:52:12.939,5.16,26.60951919122443,1.5195279839485858,3.07142482654144
1639504332949,2021-12-14T12:52:12.949,5.17,26.216333701578627,1.4735230335235008,2.0572846680889914
1639504332959,2021-12-14T12:52:12.959,5.18,25.565462684023043,1.5350716466006062,0.9431059427587176
1639504332969,2021-12-14T12:52:12.969,5.19,24.342988876385455,1.5312770094255712,-0.3205112434036417
1639504332979,2021-12-14T12:52:12.979,5.2,22.323239481222743,1.4019326589440753,-1.7325831683688315
1639504332989,2021-12-14T12:52:12.989,5.21,19.76552566550752,1.27799669711261,-3.098135463567783
1639504332999,2021-12-14T12:52:12.999,5.22,17.238065382144498,1.34473505530236,-4.104561128629259
1639504333009,2021-12-14T12:52:13.009,5.23,15.131319027932697,1.6511993050007852,-4.538467297787103
1639504333019,2021-12-14T12:52:13.019,5.24,13.390251098083418,2.063189992858837,-4.444070869097574
1639504333029,2021-12-14T12:52:13.029,5.25,11.672629282268193,2.384500798891046,-4.087102197505105
1639504333039,2021-12-14T12:52:13.039,5.26,9.70271119969546,2.4665497027018897,-3.745268564138229
1639504333049,2021-12-14T12:52:13.049,5.27,7.450474436483493,2.188499782316835,-3.549010328092253
1639504333059,2021-12-14T12:52:13.059,5.28,5.050255472408244,1.4502975206352602,-3.536833193853705
1639504333069,2021-12-14T12:52:13.069,5.29,2.6392340690666014,0.2718449016364358,-3.7812745882409073
1639504333079,2021-12-14T12:52:13.079,5.3,0.29772280675493895,-1.1753730157656144,-4.369221263091314
1639504333089,2021-12-14T12:52:13.089,5.31,-1.8462086497539478,-2.6823785290110633,-5.272769522163335
1639504333099,2021-12-14T12:52:13.099,5.32,-3.5285555865955067,-4.097592394947537,-6.323200439464999
1639504333109,2021-12-14T12:52:13.109,5.33,-4.53100488190827,-5.338476622469437,-7.386170764826721
1639504333119,2021-12-14T12:52:13.119,5.34,-4.9217621577729584,-6.37421912726964,-8.54740725824216
1639504333129,2021-12-14T12:52:13.129,5.35,-4.870497209007193,-7.1593464782962855,-9.968330342939199
1639504333139,2021-12-14T12:52:13.139,5.36,-4.241387092489121,-7.609788377685559,-11.451121922351915
1639504333149,2021-12-14T12:52:13.149,5.37,-2.802242927622909,-7.78236696182708,-12.404846584186217
1639504333159,2021-12-14T12:52:13.159,5.38,-0.988675151490634,-8.004743899495539,-12.55982522223901
1639504333169,2021-12-14T12:52:13.169,5.39,0.2660587562819256,-8.536740779204512,-12.327379648172034
1639504333179,2021-12-14T12:52:13.179,5.4,1.0841801289819237,-9.137247038143913,-11.85020704319194
1639504333189,2021-12-14T12:52:13.189,5.41,2.9201002649820014,-9.424700069771482,-10.460892990024883
1639504333199,2021-12-14T12:52:13.199,5.42,5.823998171573537,-9.656877986271063,-8.398679734284483
1639504333209,2021-12-14T12:52:13.209,5.43,7.250745076409027,-10.318218062805508,-7.734960751143439
1639504333219,2021-12-14T12:52:13.219,5.44,6.739088148348603,-10.831482896164578,-8.834028242489124
1639504333229,2021-12-14T12:52:13.229,5.45,8.815846824871507,-10.165778060637276,-7.938842367242893
1639504333239,2021-12-14T12:52:13.239,5.46,14.985468072064034,-9.113038971092731,-3.4914644337255867
1639504333249,2021-12-14T12:52:13.249,5.47,17.137749096180126,-9.647483818694397,-2.0732889623745034
1639504333259,2021-12-14T12:52:13.259,5.48,9.818127144186242,-11.22924683105308,-9.444703422864443
1639504333269,2021-12-14T12:52:13.269,5.49,3.55560341705955,-10.872565435503587,-18.85488315971702
1639504333279,2021-12-14T12:52:13.279,5.5,9.912538762161523,-8.050525186704299,-20.108796817068896
1639504333289,2021-12-14T12:52:13.289,5.51,19.790772852814044,-5.776802729148103,-16.66867073598047
1639504333299,2021-12-14T12:52:13.299,5.52,17.110328008954884,-5.509183142089233,-19.412278307969554
1639504333309,2021-12-14T12:52:13.309,5.53,6.998466238236668,-5.237457567355668,-27.11652480898536
1639504333319,2021-12-14T12:52:13.319,5.54,7.2501143727170145,-3.8590763450189183,-28.791559681359015
1639504333329,2021-12-14T12:52:13.329,5.55,18.212332325283672,-2.815316433542335,-22.528403146316037
1639504333339,2021-12-14T12:52:13.339,5.56,24.350572895603346,-2.441290124043123,-16.896235695256458
1639504333349,2021-12-14T12:52:13.349,5.57,20.952317042469673,-1.3219351147632472,-15.219116283501101
1639504333359,2021-12-14T12:52:13.359,5.58,18.03803735294721,0.29917766387706,-11.910909295274248
1639504333369,2021-12-14T12:52:13.369,5.59,20.266416415075405,0.44816017203035907,-4.258472283834301
1639504333379,2021-12-14T12:52:13.379,5.6,21.10757589943605,-1.3756604168658402,3.252996888092095
1639504333389,2021-12-14T12:52:13.389,5.61,16.878825123137844,-3.681204475206008,7.326120512826421
1639504333399,2021-12-14T12:52:13.399,5.62,12.408104510284272,-5.193602001097367,10.133666743045175
1639504333409,2021-12-14T12:52:13.409,5.63,11.376984118844947,-5.962976388154297,13.88693461103287
1639504333419,2021-12-14T12:52:13.419,5.64,11.179974387440115,-6.647642905348976,17.310178793366745
1639504333429,2021-12-14T12:52:13.429,5.65,9.081918488725975,-7.583633313608286,18.99107163849905
1639504333439,2021-12-14T12:52:13.439,5.66,6.431371727016321,-8.631891999191723,19.929657440356976
1639504333449,2021-12-14T12:52:13.449,5.67,4.980540891607206,-9.628083643751818,21.335159205231076
1639504333459,2021-12-14T12:52:13.459,5.68,3.715763166529941,-10.678303941549625,22.67775300263329
1639504333469,2021-12-14T12:52:13.469,5.69,1.1135324755419256,-11.944335319729984,23.051695700712656
1639504333479,2021-12-14T12:52:13.479,5.7,-2.3971119054832757,-13.36649996249396,22.626625011685285
1639504333489,2021-12-14T12:52:13.489,5.71,-5.734561875999455,-14.74299166367388,21.88568756000344
1639504333499,2021-12-14T12:52:13.499,5.72,-8.949478937412628,-15.928552689470777,20.707788754260953
1639504333509,2021-12-14T12:52:13.509,5.73,-12.407489541551188,-16.822144067326477,18.90101402460909
1639504333519,2021-12-14T12:52:13.519,5.74,-15.582200609270737,-17.282187479138493,16.793493253839614
1639504333529,2021-12-14T12:52:13.529,5.75,-17.79154959722424,-17.20760161032912,14.793258118182282
1639504333539,2021-12-14T12:52:13.539,5.76,-19.247539908393897,-16.648555307161505,12.906871476309657
1639504333549,2021-12-14T12:52:13.549,5.77,-20.575947952135373,-15.719983939166124,10.996221676255788
1639504333559,2021-12-14T12:52:13.559,5.78,-21.88005776799215,-14.462265234276948,9.149093138164965
1639504333569,2021-12-14T12:52:13.569,5.79,-22.81891214907303,-12.901118696214013,7.595489295399629
1639504333579,2021-12-14T12:52:13.579,5.8,-23.246991263332603,-11.171513271464828,6.436645208439925
1639504333589,2021-12-14T12:52:13.589,5.81,-23.374189561227496,-9.445152159287543,5.565957050156025
1639504333599,2021-12-14T12:52:13.599,5.82,-23.41278349389696,-7.779921300852965,4.813200898149922
1639504333609,2021-12-14T12:52:13.609,5.83,-23.319851520750284,-6.1433628995460055,4.120303428913244
1639504333619,2021-12-14T12:52:13.619,5.84,-22.927369452329,-4.537406400381872,3.551727143720287
1639504333629,2021-12-14T12:52:13.629,5.85,-22.189328019278953,-3.020975067516517,3.184990391981704
1639504333639,2021-12-14T12:52:13.639,5.86,-21.181586825504475,-1.649535694460543,3.0781418933354274
1639504333649,2021-12-14T12:52:13.649,5.87,-19.93957720782367,-0.44899578774677107,3.275403042894111
1639504333659,2021-12-14T12:52:13.659,5.88,-18.4794426913028,0.5763203815350963,3.699776755399496
1639504333669,2021-12-14T12:52:13.669,5.89,-16.931391860110786,1.4524948789538132,4.081652432042746
1639504333679,2021-12-14T12:52:13.679,5.9,-15.428851473771129,2.2432393468493923,4.116036725902142
1639504333689,2021-12-14T12:52:13.689,5.91,-13.911173888977283,3.0041069031002827,3.649321816079331
1639504333699,2021-12-14T12:52:13.699,5.92,-12.27001183633994,3.7231860934541805,2.663033095444523
1639504333709,2021-12-14T12:52:13.709,5.93,-10.587511962997949,4.360776582107578,1.2084652968466953
1639504333719,2021-12-14T12:52:13.719,5.94,-8.974316212503087,4.953209072033079,-0.5669284588619399
1639504333729,2021-12-14T12:52:13.729,5.95,-7.365039846540515,5.588941665455396,-2.485708724597561
1639504333739,2021-12-14T12:52:13.739,5.96,-5.764570727578018,6.269249042235538,-4.520251458800134
1639504333749,2021-12-14T12:52:13.749,5.97,-4.421976065071896,6.91146806426293,-6.754575748335322
1639504333759,2021-12-14T12:52:13.759,5.98,-3.4823790797605554,7.4881507811385495,-9.133294685485666
1639504333769,2021-12-14T12:52:13.769,5.99,-2.846982026895599,8.002309392437539,-11.45497460010866
1639504333779,2021-12-14T12:52:13.779,6.0,-2.5531564661610258,8.36573625964926,-13.563530310432302
1639504333789,2021-12-14T12:52:13.789,6.01,-2.7007483118385878,8.52607727789607,-15.232044421003401
1639504333799,2021-12-14T12:52:13.799,6.02,-2.9423025829652154,8.638542663159221,-16.026579483027643
1639504333809,2021-12-14T12:52:13.809,6.03,-2.8720435761590384,8.83673036583916,-15.753243119380617
1639504333819,2021-12-14T12:52:13.819,6.04,-2.84491721965001,8.937348348740255,-14.832853722368174
1639504333829,2021-12-14T12:52:13.829,6.05,-3.4897414779936033,8.673916964073094,-13.83087991330095
1639504333839,2021-12-14T12:52:13.839,6.06,-4.706383874604543,8.16617528093826,-12.934931931098877
1639504333849,2021-12-14T12:52:13.849,6.07,-5.793873818774294,7.937974799641829,-11.86209849731076
1639504333859,2021-12-14T12:52:13.859,6.08,-5.835084119072697,8.363619393026529,-9.571453420068314
1639504333869,2021-12-14T12:52:13.869,6.09,-4.19780782443805,9.062044623183358,-4.992718483515891
1639504333879,2021-12-14T12:52:13.879,6.1,-2.3393388412815006,9.278920584604311,0.28627027421163576
1639504333889,2021-12-14T12:52:13.889,6.11,-3.4947662354225817,9.305579796532534,1.9785739105360216
1639504333899,2021-12-14T12:52:13.899,6.12,-7.5864982941964145,10.411741023754274,-1.3659068920852446
1639504333909,2021-12-14T12:52:13.909,6.13,-9.741347914355329,12.357248551608057,-5.557475793136639
1639504333919,2021-12-14T12:52:13.919,6.14,-8.033456062917411,13.071180346371577,-7.136215992091278
1639504333929,2021-12-14T12:52:13.929,6.15,-7.54253621300256,12.473780196661167,-8.6381559932541
1639504333939,2021-12-14T12:52:13.939,6.16,-11.702394625351733,13.52754114718999,-13.201078888208787
1639504333949,2021-12-14T12:52:13.949,6.17,-16.218792036445002,17.37369495810364,-18.461458311794498
1639504333959,2021-12-14T12:52:13.959,6.18,-16.993479515010407,20.942933921855264,-20.562459390471798
1639504333969,2021-12-14T12:52:13.969,6.19,-17.174275891991275,21.33182756936195,-20.18040889339674
1639504333979,2021-12-14T12:52:13.979,6.2,-21.034263489270806,19.285518225288495,-20.20145608487975
1639504333989,2021-12-14T12:52:13.989,6.21,-26.72887271817551,17.08195099555185,-20.52220639768511
1639504333999,2021-12-14T12:52:13.999,6.22,-29.80490078706964,15.636425925864,-18.897916286803426
1639504334009,2021-12-14T12:52:14.009,6.23,-29.797351566750564,14.564351157681536,-15.082967494885267
1639504334019,2021-12-14T12:52:14.019,6.24,-29.533686940820097,13.431798599806642,-11.164315873301014
1639504334029,2021-12-14T12:52:14.029,6.25,-30.260859402506085,12.236658539403425,-8.519754878663562
1639504334039,2021-12-14T12:52:14.039,6.26,-30.56844891466116,11.208231757262084,-6.564704257564312
1639504334049,2021-12-14T12:52:14.049,6.27,-29.271513907896505,10.478322578313602,-4.422920825634313
1639504334059,2021-12-14T12:52:14.059,6.28,-26.98544561974751,9.969606118712491,-2.281381337748535
1639504334069,2021-12-14T12:52:14.069,6.29,-24.719758037472147,9.5588812769913,-0.6960230966683014
1639504334079,2021-12-14T12:52:14.079,6.3,-22.467030191703458,9.214228364878858,0.4984458942718637
1639504334089,2021-12-14T12:52:14.089,6.31,-19.720965830499267,8.907329186131244,1.9928903734813126
1639504334099,2021-12-14T12:52:14.099,6.32,-16.57712255260245,8.495210861389962,4.028764694009689
1639504334109,2021-12-14T12:52:14.109,6.33,-13.693584929625608,7.815813948537793,6.075504035673275
1639504334119,2021-12-14T12:52:14.119,6.34,-11.307030406268108,6.929755941311529,7.5367713767894955
1639504334129,2021-12-14T12:52:14.129,6.35,-8.740235849923382,6.187841415756679,8.439410080700615
1639504334139,2021-12-14T12:52:14.139,6.36,-5.121955011741564,5.9613353086418694,9.173414390422952
1639504334149,2021-12-14T12:52:14.149,6.37,-0.37965633038548885,6.307195135497956,9.84649603516914
1639504334159,2021-12-14T12:52:14.159,6.38,4.745516451871419,6.960489560084346,10.268459718758967
1639504334169,2021-12-14T12:52:14.169,6.39,9.495767792994634,7.6464586364060985,10.368359341459929
1639504334179,2021-12-14T12:52:14.179,6.4,13.647543644597995,8.320542689501586,10.26411725551665
1639504334189,2021-12-14T12:52:14.189,6.41,17.379375546302477,9.076588209328897,10.010923595559744
1639504334199,2021-12-14T12:52:14.199,6.42,20.797245775338396,9.908324239538445,9.514191742133002
1639504334209,2021-12-14T12:52:14.209,6.43,23.63297191938944,10.660868417249839,8.660123597370642
1639504334219,2021-12-14T12:52:14.219,6.44,25.46522629292769,11.198873523957067,7.4456241705672195
1639504334229,2021-12-14T12:52:14.229,6.45,26.232760424106218,11.531527174291728,6.00907953083466
1639504334239,2021-12-14T12:52:14.239,6.46,26.308248766267795,11.747874368210688,4.537150936363218
1639504334249,2021-12-14T12:52:14.249,6.47,26.027424266240722,11.892578627699704,3.145585002026282
1639504334259,2021-12-14T12:52:14.259,6.48,25.48947726957566,11.959264737268942,1.9405844661899114
1639504334269,2021-12-14T12:52:14.269,6.49,24.868432852980547,11.97235428102579,1.1529393705642361
1639504334279,2021-12-14T12:52:14.279,6.5,24.42601233529557,11.987311081741122,0.9944922880064639
1639504334289,2021-12-14T12:52:14.289,6.51,24.08240746292868,11.994969962981127,1.3779052087754078
1639504334299,2021-12-14T12:52:14.299,6.52,23.458090888453615,11.912995357361332,2.010528883483016
1639504334309,2021-12-14T12:52:14.309,6.53,22.441204811593625,11.69887765860949,2.7817843744163735
1639504334319,2021-12-14T12:52:14.319,6.54,21.24804826746356,11.371493027387992,3.826079507226078
1639504334329,2021-12-14T12:52:14.329,6.55,19.881300850768504,10.897536921446912,5.14795979211524
1639504334339,2021-12-14T12:52:14.339,6.56,18.015123473374427,10.184032886509513,6.401696223286414
1639504334349,2021-12-14T12:52:14.349,6.57,15.529134250712275,9.21790921090739,7.181246496065523
1639504334359,2021-12-14T12:52:14.359,6.58,12.77492177390019,8.102980977030146,7.386837771153309
1639504334369,2021-12-14T12:52:14.369,6.59,10.172403052194392,6.946731128662003,7.159537385664121
1639504334379,2021-12-14T12:52:14.379,6.6,7.818943919289508,5.791565678403257,6.605759099336898
1639504334389,2021-12-14T12:52:14.389,6.61,5.622371299769567,4.6414440360517855,5.768890238813404
1639504334399,2021-12-14T12:52:14.399,6.62,3.59036392313317,3.5006849364288914,4.732448066597912
1639504334409,2021-12-14T12:52:14.409,6.63,1.8675040049797889,2.407564011764939,3.585004564698417
1639504334419,2021-12-14T12:52:14.419,6.64,0.6389361112246874,1.4548784547378606,2.4049652675480577
1639504334429,2021-12-14T12:52:14.429,6.65,0.031062851580958895,0.7411469103284939,1.335333691746356
1639504334439,2021-12-14T12:52:14.439,6.66,-0.030138236788635663,0.2712576010699036,0.4657001267204273
1639504334449,2021-12-14T12:52:14.449,6.67,0.18708653801264974,-0.0433874248837853,-0.3910284054669274
1639504334459,2021-12-14T12:52:14.459,6.68,0.5277131364173644,-0.23736579963986787,-1.5587175713999062
1639504334469,2021-12-14T12:52:14.469,6.69,1.1531473095726374,-0.22862691524523332,-3.1064761696648455
1639504334479,2021-12-14T12:52:14.479,6.7,2.2057124344544796,0.007842682577258495,-4.875331771976993
1639504334489,2021-12-14T12:52:14.489,6.71,3.3332216934334236,0.31920736842615804,-6.988484711558019
1639504334499,2021-12-14T12:52:14.499,6.72,3.956558947787341,0.6037485056441083,-9.943596011932932
1639504334509,2021-12-14T12:52:14.509,6.73,4.26580094959157,1.0678069656546803,-13.686948379888099
1639504334519,2021-12-14T12:52:14.519,6.74,5.394496225546397,1.9244827138654106,-16.834074712353466
1639504334529,2021-12-14T12:52:14.529,6.75,7.643678617289275,2.790915020862755,-17.886529049623938
1639504334539,2021-12-14T12:52:14.539,6.76,9.003791803500338,2.867695795987889,-17.428626389909272
1639504334549,2021-12-14T12:52:14.549,6.77,7.374526722282138,1.9841753740563535,-17.625504769244277
1639504334559,2021-12-14T12:52:14.559,6.78,4.151660745746156,0.939535733619984,-19.05917771917843
1639504334569,2021-12-14T12:52:14.569,6.79,2.766167895669919,0.43003721075890455,-20.147067905998533
1639504334579,2021-12-14T12:52:14.579,6.8,3.434115785541641,0.26048275170325297,-20.529865567882204
1639504334589,2021-12-14T12:52:14.589,6.81,3.096958695570172,0.15011865803481333,-22.361493731183256
1639504334599,2021-12-14T12:52:14.599,6.82,1.3045155144919565,0.6542395896698597,-26.63905700777983
1639504334609,2021-12-14T12:52:14.609,6.83,1.8245872416800037,2.4483578210029084,-30.67695199161695
1639504334619,2021-12-14T12:52:14.619,6.84,6.6258673508174555,5.014804400970406,-31.341502089615247
1639504334629,2021-12-14T12:52:14.629,6.85,12.079713130025112,6.892726461081214,-29.164797685799233
1639504334639,2021-12-14T12:52:14.639,6.86,13.86024615419619,7.298834694891809,-27.033416746843088
1639504334649,2021-12-14T12:52:14.649,6.87,13.031213454367398,6.879165729650467,-25.74661315421488
1639504334659,2021-12-14T12:52:14.659,6.88,14.04966970216624,6.6616697102667,-23.350277200517915
1639504334669,2021-12-14T12:52:14.669,6.89,18.1207877272534,6.807415007268132,-18.816294855928703
1639504334679,2021-12-14T12:52:14.679,6.9,22.058256390831225,6.78237745405994,-13.894987790892959
1639504334689,2021-12-14T12:52:14.689,6.91,23.50258946513587,6.371751307148985,-10.485236040680975
1639504334699,2021-12-14T12:52:14.699,6.92,23.897008947851297,5.974691861011779,-8.122611202077469
1639504334709,2021-12-14T12:52:14.709,6.93,25.535176429384776,5.973938053963675,-5.268180067837217
1639504334719,2021-12-14T12:52:14.719,6.94,28.259907826921996,6.2675756176576805,-1.713859378260448
1639504334729,2021-12-14T12:52:14.729,6.95,30.390518222165927,6.554345548142143,1.615919911002654
1639504334739,2021-12-14T12:52:14.739,6.96,31.46065502332248,6.8221095378941685,4.5867502369827395
1639504334749,2021-12-14T12:52:14.749,6.97,32.71198804655971,7.332221707111438,8.390394886080534
1639504334759,2021-12-14T12:52:14.759,6.98,35.153219333457564,8.159496553777117,14.038736791100732
1639504334769,2021-12-14T12:52:14.769,6.99,37.90833550242874,8.925966583361832,20.93477261139852
1639504334779,2021-12-14T12:52:14.779,7.0,38.952616113364236,9.094091706774789,27.42947979749306
1639504334789,2021-12-14T12:52:14.789,7.01,37.377375784669866,8.449267703679748,32.59956322662333
1639504334799,2021-12-14T12:52:14.799,7.02,34.153499997393695,7.172914447162303,36.74156305574751
1639504334809,2021-12-14T12:52:14.809,7.03,30.420834627523195,5.512991059625594,40.07789853788118
1639504334819,2021-12-14T12:52:14.819,7.04,26.178990403630348,3.5843029230489485,42.03004944655103
1639504334829,2021-12-14T12:52:14.829,7.05,21.290232458806365,1.4889027458844586,42.20458280056041
1639504334839,2021-12-14T12:52:14.839,7.06,16.50870579072913,-0.5885092814822667,41.144296451468634
1639504334849,2021-12-14T12:52:14.849,7.07,12.615729528664238,-2.496367578531559,39.55150357633313
1639504334859,2021-12-14T12:52:14.859,7.08,9.485161765763223,-4.200112603891977,37.49592539145075
1639504334869,2021-12-14T12:52:14.869,7.09,6.704743074129226,-5.660796432597168,34.829880971109716
1639504334879,2021-12-14T12:52:14.879,7.1,4.359539042914358,-6.71187473434321,31.776552262976388
1639504334889,2021-12-14T12:52:14.889,7.11,2.688926861847496,-7.16974578551995,28.709462442486
1639504334899,2021-12-14T12:52:14.899,7.12,1.5390493515812014,-7.040582932462178,25.75936354765085
1639504334909,2021-12-14T12:52:14.909,7.13,0.5360162544000173,-6.51085085371666,22.916562643940253
1639504334919,2021-12-14T12:52:14.919,7.14,-0.528726321177309,-5.729554727405402,20.23237734323903
1639504334929,2021-12-14T12:52:14.929,7.15,-1.6645048380378173,-4.677312242339224,17.744918926057597
1639504334939,2021-12-14T12:52:14.939,7.16,-2.758800053345715,-3.248054087146783,15.445390214798937
1639504334949,2021-12-14T12:52:14.949,7.17,-3.578754208542338,-1.3841677618968453,13.42274287513506
1639504334959,2021-12-14T12:52:14.959,7.18,-3.9434985303328824,0.8956624136938961,11.809831875296055
1639504334969,2021-12-14T12:52:14.969,7.19,-3.9759482227274674,3.540520817055205,10.54708157091617
1639504334979,2021-12-14T12:52:14.979,7.2,-3.9447095343050242,6.467127824773602,9.475167620888342
1639504334989,2021-12-14T12:52:14.989,7.21,-3.8394669288766354,9.535608438301981,8.66060201983221
1639504334999,2021-12-14T12:52:14.999,7.22,-3.416840543734428,12.605874998748003,8.287531445572569
1639504335009,2021-12-14T12:52:15.009,7.23,-2.6825849136897473,15.629121985498092,8.225542982696712
1639504335019,2021-12-14T12:52:15.019,7.24,-1.9740328820109094,18.61212336135193,8.067953702910398
1639504335029,2021-12-14T12:52:15.029,7.25,-1.5716616135302561,21.477887556568444,7.558490628541144
1639504335039,2021-12-14T12:52:15.039,7.26,-1.5919148263489389,24.074601147879573,6.590550248473475
1639504335049,2021-12-14T12:52:15.049,7.27,-2.132807172425554,26.383070212543828,4.9387121090410595
1639504335059,2021-12-14T12:52:15.059,7.28,-3.081411289058105,28.58090370916335,2.5066663285897084
1639504335069,2021-12-14T12:52:15.069,7.29,-3.9953619875835096,30.80518758287571,-0.30640943530250564
1639504335079,2021-12-14T12:52:15.079,7.3,-4.626374838858277,32.978088101771036,-2.9653928388074835
1639504335089,2021-12-14T12:52:15.089,7.31,-5.260774373742533,34.94225170371335,-5.335567712650452
1639504335099,2021-12-14T12:52:15.099,7.32,-6.174412910118517,36.642358508098205,-7.510405921761352
1639504335109,2021-12-14T12:52:15.109,7.33,-7.1350982913228975,38.12573030757154,-9.386691156985737
1639504335119,2021-12-14T12:52:15.119,7.34,-7.7071053120451625,39.462524328121866,-10.68135674366878
1639504335129,2021-12-14T12:52:15.129,7.35,-7.708502593221198,40.66340788027195,-11.159527538484411
1639504335139,2021-12-14T12:52:15.139,7.36,-7.434006580547803,41.59931446410669,-10.87305837696191
1639504335149,2021-12-14T12:52:15.149,7.37,-7.7935928267565,42.08562832445088,-10.391248024620603
1639504335159,2021-12-14T12:52:15.159,7.38,-9.534537763074153,42.18835267590824,-10.242180724944362
1639504335169,2021-12-14T12:52:15.169,7.39,-11.610915975147382,42.312797009140255,-9.662485349571703
1639504335179,2021-12-14T12:52:15.179,7.4,-11.952411267680752,42.69846470361776,-7.219339803180494
1639504335189,2021-12-14T12:52:15.189,7.41,-11.414522273661674,42.948895433655245,-3.7964408975962716
1639504335199,2021-12-14T12:52:15.199,7.42,-14.215504604662026,42.52417563499517,-2.8635578664174623
1639504335209,2021-12-14T12:52:15.209,7.43,-21.513861063958498,41.618401583827094,-5.664202384549664
1639504335219,2021-12-14T12:52:15.219,7.44,-28.230662697613614,40.88279112225108,-8.649219550333367
1639504335229,2021-12-14T12:52:15.229,7.45,-30.543894576685098,40.210823984206726,-8.452665507157237
1639504335239,2021-12-14T12:52:15.239,7.46,-32.12226368877678,38.56186353294103,-6.430048536548114
1639504335249,2021-12-14T12:52:15.249,7.47,-37.56194722948072,35.24654152165502,-5.03943815042243
1639504335259,2021-12-14T12:52:15.259,7.48,-44.443806258698814,30.723852076021604,-3.17234240044027
1639504335269,2021-12-14T12:52:15.269,7.49,-47.86629670091736,25.878751049618305,1.0625111703869066
1639504335279,2021-12-14T12:52:15.279,7.5,-48.27400249516887,21.199368192195053,5.941218261764113
1639504335289,2021-12-14T12:52:15.289,7.51,-48.925574612483814,16.99840382014216,8.333944895125601
1639504335299,2021-12-14T12:52:15.299,7.52,-49.52240446667878,13.766093016658075,8.110984664661641
1639504335309,2021-12-14T12:52:15.309,7.53,-47.69876305695578,11.758734404108523,7.2664399132197754
1639504335319,2021-12-14T12:52:15.319,7.54,-44.00483431990784,10.590591547355343,6.430433654229644
1639504335329,2021-12-14T12:52:15.329,7.55,-40.96883126333776,9.624157699434338,4.901717442405532
1639504335339,2021-12-14T12:52:15.339,7.56,-39.001781174838136,8.544391799874225,2.908911341930323
1639504335349,2021-12-14T12:52:15.349,7.57,-36.62933010729561,7.355089376808699,1.6076645801734855
1639504335359,2021-12-14T12:52:15.359,7.58,-33.5030334778876,6.067470537725715,1.5219567567194128
1639504335369,2021-12-14T12:52:15.369,7.59,-30.533365856588723,4.576064138287429,2.440729209853788
1639504335379,2021-12-14T12:52:15.379,7.6,-28.087012115412143,2.7330245571894722,4.0976629580280335
1639504335389,2021-12-14T12:52:15.389,7.61,-25.889888292590093,0.5344740284829698,6.068053762252637
1639504335399,2021-12-14T12:52:15.399,7.62,-23.569628137321416,-1.7320319405137137,7.958514749399713
1639504335409,2021-12-14T12:52:15.409,7.63,-20.43117186295132,-3.7086279122744528,10.053173490952235
1639504335419,2021-12-14T12:52:15.419,7.64,-16.21884036808824,-5.3865404571321385,12.615369488623145
1639504335429,2021-12-14T12:52:15.429,7.65,-12.088811020088468,-7.043221740331417,14.717543354765215
1639504335439,2021-12-14T12:52:15.439,7.66,-9.053538509512586,-8.74312854468642,15.097440688462406
1639504335449,2021-12-14T12:52:15.449,7.67,-6.214126186672483,-10.248313690241694,13.778787078826252
1639504335459,2021-12-14T12:52:15.459,7.68,-2.3884322646414304,-11.488322661386746,11.676304873647162
1639504335469,2021-12-14T12:52:15.469,7.69,1.6376383677996722,-12.783667994270079,9.185677882958423
1639504335479,2021-12-14T12:52:15.479,7.7,4.203632320425632,-14.480899846468319,6.155079006787702
1639504335489,2021-12-14T12:52:15.489,7.71,5.0641226312335075,-16.577056616164445,2.7203148761489944
1639504335499,2021-12-14T12:52:15.499,7.72,5.2990521386678395,-18.79220720794165,-0.5865268396638967
1639504335509,2021-12-14T12:52:15.509,7.73,5.747935436621292,-20.90092999249695,-3.3054451930003745
1639504335519,2021-12-14T12:52:15.519,7.74,6.3632666434789105,-22.93930172789488,-5.304257189464112
1639504335529,2021-12-14T12:52:15.529,7.75,6.65116151474549,-25.102565971702553,-6.7076113660194245
1639504335539,2021-12-14T12:52:15.539,7.76,6.333060987961587,-27.47860907065651,-7.623614442989547
1639504335549,2021-12-14T12:52:15.549,7.77,5.678808752485811,-29.968622761723935,-7.921221872626063
1639504335559,2021-12-14T12:52:15.559,7.78,5.166295334918141,-32.46429508661315,-7.422156879630655
1639504335569,2021-12-14T12:52:15.569,7.79,4.877108346753378,-34.96160442852271,-6.248871273168751
1639504335579,2021-12-14T12:52:15.579,7.8,4.6024887813052295,-37.45991986014109,-4.685118770318116
1639504335589,2021-12-14T12:52:15.589,7.81,4.474012808418051,-39.8921889200752,-2.769465188687123
1639504335599,2021-12-14T12:52:15.599,7.82,4.8721221613381465,-42.242444690160625,-0.4121243420476252
1639504335609,2021-12-14T12:52:15.609,7.83,5.708702175063359,-44.610241802338535,2.185533854695354
1639504335619,2021-12-14T12:52:15.619,7.84,6.538051911259226,-47.051109973748,4.725381612453205
1639504335629,2021-12-14T12:52:15.629,7.85,7.338688616278247,-49.491303586714935,7.291767694598743
1639504335639,2021-12-14T12:52:15.639,7.86,8.290636396579599,-51.898604487615636,9.979352570609489
1639504335649,2021-12-14T12:52:15.649,7.87,9.008697851852991,-54.304759441968606,12.207858737201878
1639504335659,2021-12-14T12:52:15.659,7.88,9.169154920579324,-56.52495385336731,13.193789641713703
1639504335669,2021-12-14T12:52:15.669,7.89,9.466483843206944,-58.163694614290335,12.892248663934922
1639504335679,2021-12-14T12:52:15.679,7.9,10.535329933442844,-59.107642264504896,11.704034750226233
1639504335689,2021-12-14T12:52:15.689,7.91,11.434371029709244,-59.749343443322246,9.556133299986655
1639504335699,2021-12-14T12:52:15.699,7.92,10.630911266730243,-60.4968367145005,5.9734319377771214
1639504335709,2021-12-14T12:52:15.709,7.93,8.178246412908411,-61.22934462502404,1.022404233340467
1639504335719,2021-12-14T12:52:15.719,7.94,5.881891503330017,-61.49999130578263,-3.993590632818056
1639504335729,2021-12-14T12:52:15.729,7.95,5.181118761676474,-61.299494720655346,-7.183495219906513
1639504335739,2021-12-14T12:52:15.739,7.96,5.169524989892977,-61.28989089732231,-8.234944522246307
1639504335749,2021-12-14T12:52:15.749,7.97,3.4735040956193224,-61.9133143895221,-9.226443699612274
1639504335759,2021-12-14T12:52:15.759,7.98,-0.2776749481286257,-62.56319169516716,-11.505541797698944
1639504335769,2021-12-14T12:52:15.769,7.99,-3.1998467506034483,-62.36132008312924,-13.044875168464703
1639504335779,2021-12-14T12:52:15.779,8.0,-2.7968175984930475,-61.57955650991395,-11.866060392875118
1639504335789,2021-12-14T12:52:15.789,8.01,-0.3959678477597709,-61.280902624569876,-10.366474669450119
1639504335799,2021-12-14T12:52:15.799,8.02,0.7049825619542642,-61.522679438333164,-12.186453124941421
1639504335809,2021-12-14T12:52:15.809,8.03,-0.4239227360385421,-61.04458391033292,-16.44823410770365
1639504335819,2021-12-14T12:52:15.819,8.04,-1.3604261931009605,-59.010934005459646,-19.434674436614642
1639504335829,2021-12-14T12:52:15.829,8.05,0.12115184095346918,-56.079146374834295,-20.376759908919233
1639504335839,2021-12-14T12:52:15.839,8.06,3.012617780468726,-53.402164934483665,-21.450090458933953
1639504335849,2021-12-14T12:52:15.849,8.07,5.076199779444361,-51.38716613064602,-23.424020549108313
1639504335859,2021-12-14T12:52:15.859,8.08,6.190095246013081,-49.80132542417033,-24.957589140123698
1639504335869,2021-12-14T12:52:15.869,8.09,7.530852034103726,-48.44096335174024,-25.368604063211713
1639504335879,2021-12-14T12:52:15.879,8.1,9.169867119532778,-47.22504781476272,-25.357916956151513
1639504335889,2021-12-14T12:52:15.889,8.11,10.46263211488684,-45.959804925635254,-25.36449345448495
1639504335899,2021-12-14T12:52:15.899,8.12,11.396762969020536,-44.40975664170959,-24.995316902668154
1639504335909,2021-12-14T12:52:15.909,8.13,12.242474174773921,-42.54166868669993,-23.96457501438885
1639504335919,2021-12-14T12:52:15.919,8.14,12.862804332200415,-40.51794756634381,-22.507085669023052
1639504335929,2021-12-14T12:52:15.929,8.15,13.059683495177211,-38.498045799531916,-20.830153787722026
1639504335939,2021-12-14T12:52:15.939,8.16,12.910027541060987,-36.56038189490179,-18.785760656184785
1639504335949,2021-12-14T12:52:15.949,8.17,12.492901870732295,-34.74339110559154,-16.169455044166714
1639504335959,2021-12-14T12:52:15.959,8.18,11.893258928157,-33.03292054464993,-12.948167182514613
1639504335969,2021-12-14T12:52:15.969,8.19,11.490116567897928,-31.371790936452797,-9.120479042002728
1639504335979,2021-12-14T12:52:15.979,8.2,11.588455728954987,-29.77868277212616,-4.702754017964275
1639504335989,2021-12-14T12:52:15.989,8.21,11.900906801065098,-28.350561975093754,0.03498876956352992
1639504335999,2021-12-14T12:52:15.999,8.22,12.046620052326013,-27.053055149668328,4.5654111919958735
1639504336009,2021-12-14T12:52:16.009,8.23,12.218410282928946,-25.649884128459988,8.364064561044568
1639504336019,2021-12-14T12:52:16.019,8.24,12.688802355307406,-23.953347175132304,11.064520468441648
1639504336029,2021-12-14T12:52:16.029,8.25,13.15427685427706,-22.04157762824756,12.571194427943428
1639504336039,2021-12-14T12:52:16.039,8.26,13.162192524546093,-20.171097810530895,13.15955763610388
1639504336049,2021-12-14T12:52:16.049,8.27,12.636385010609377,-18.564180850020325,13.209234502187071
1639504336059,2021-12-14T12:52:16.059,8.28,11.637881464459412,-17.28726656289728,12.81361642558019
1639504336069,2021-12-14T12:52:16.069,8.29,10.243702570505416,-16.250635145139206,11.928013963457072
1639504336079,2021-12-14T12:52:16.079,8.3,8.80813726164416,-15.307642717689152,10.728647779448886
1639504336089,2021-12-14T12:52:16.089,8.31,7.713850727774435,-14.364856833736619,9.412290615082831
1639504336099,2021-12-14T12:52:16.099,8.32,6.872795689140226,-13.38236177097162,7.815996337862034
1639504336109,2021-12-14T12:52:16.109,8.33,6.026035687002981,-12.293419379124877,5.670918682651805
1639504336119,2021-12-14T12:52:16.119,8.34,5.3655675092949195,-10.988737293067837,3.1306341145448044
1639504336129,2021-12-14T12:52:16.129,8.35,5.290652682811534,-9.423757772266999,0.7019209761237979
1639504336139,2021-12-14T12:52:16.139,8.36,5.720593434819207,-7.728769474900982,-1.2716742602352602
1639504336149,2021-12-14T12:52:16.149,8.37,6.158993979788059,-6.138596152230234,-2.79609227523042
1639504336159,2021-12-14T12:52:16.159,8.38,6.321673114263159,-4.763911824085989,-3.9956205698527687
1639504336169,2021-12-14T12:52:16.169,8.39,6.354983279510732,-3.4786029034551467,-4.950352503665442
1639504336179,2021-12-14T12:52:16.179,8.4,6.563501099488704,-2.0848074712118563,-5.70552341468613
1639504336189,2021-12-14T12:52:16.189,8.41,7.099198188343154,-0.5598225312126517,-6.249422556629882
1639504336199,2021-12-14T12:52:16.199,8.42,7.728674806799304,0.906952089853521,-6.544482921701286
1639504336209,2021-12-14T12:52:16.209,8.43,7.873395063634696,2.10183406223838,-6.68524551514613
1639504336219,2021-12-14T12:52:16.219,8.44,7.157477984040003,2.960469784263835,-6.880311477729405
1639504336229,2021-12-14T12:52:16.229,8.45,5.901960031780432,3.5836975289986657,-7.168398431185475
1639504336239,2021-12-14T12:52:16.239,8.46,4.809541324205194,4.156416838299415,-7.301622436269293
1639504336249,2021-12-14T12:52:16.249,8.47,4.1921689759129,4.8102592571404,-7.01692783944763
1639504336259,2021-12-14T12:52:16.259,8.48,3.711535121264256,5.481423502708273,-6.305692747018757
1639504336269,2021-12-14T12:52:16.269,8.49,2.8686100415159865,5.974908803329367,-5.326837554629144
1639504336279,2021-12-14T12:52:16.279,8.5,1.6095786677202746,6.252097833261681,-4.1588854111167155
1639504336289,2021-12-14T12:52:16.289,8.51,0.3724929011443456,6.540779177657129,-2.749792243221419
1639504336299,2021-12-14T12:52:16.299,8.52,-0.4429973696389471,7.069404805582014,-1.0890237100315043
1639504336309,2021-12-14T12:52:16.309,8.53,-0.9508245181276462,7.827479332338752,0.6248745180599402
1639504336319,2021-12-14T12:52:16.319,8.54,-1.6327179367653588,8.68578689352239,2.0388990851396946
1639504336329,2021-12-14T12:52:16.329,8.55,-2.75783061406659,9.610710682426193,2.945627051176407
1639504336339,2021-12-14T12:52:16.339,8.56,-4.127117466234359,10.640195649766728,3.4954759197882694
1639504336349,2021-12-14T12:52:16.349,8.57,-5.437972041762911,11.758686340517125,3.98990541337257
1639504336359,2021-12-14T12:52:16.359,8.58,-6.6315054557855415,12.917993522042213,4.530788934488712
1639504336369,2021-12-14T12:52:16.369,8.59,-7.73296381791112,14.11424088994233,5.02989444471444
1639504336379,2021-12-14T12:52:16.379,8.6,-8.646652897968087,15.341096102807064,5.458933269664923
1639504336389,2021-12-14T12:52:16.389,8.61,-9.330956630459116,16.509773667402957,5.8754744967431565
1639504336399,2021-12-14T12:52:16.399,8.62,-9.940113241326374,17.50821505604482,6.255172849906176
1639504336409,2021-12-14T12:52:16.409,8.63,-10.572523082254904,18.311655061831544,6.486816033579572
1639504336419,2021-12-14T12:52:16.419,8.64,-11.089602199189576,18.94767330477898,6.508366737968181
1639504336429,2021-12-14T12:52:16.429,8.65,-11.427043189454611,19.389684231408044,6.305962571297835
1639504336439,2021-12-14T12:52:16.439,8.66,-11.834917048370865,19.597046635021776,5.8400504541158185
1639504336449,2021-12-14T12:52:16.449,8.67,-12.452885430587516,19.638166820732803,5.137990196430396
1639504336459,2021-12-14T12:52:16.459,8.68,-12.934443148818506,19.652047802615417,4.376421548270532
1639504336469,2021-12-14T12:52:16.469,8.69,-12.975577209749977,19.677735401971056,3.6751285082423433
1639504336479,2021-12-14T12:52:16.479,8.7,-12.894671758825424,19.633147549523013,2.899450027787722
1639504336489,2021-12-14T12:52:16.489,8.71,-13.11208516736496,19.512071180547917,1.8292832613899437
1639504336499,2021-12-14T12:52:16.499,8.72,-13.388131614335254,19.508875454565274,0.38708499058497653
1639504336509,2021-12-14T12:52:16.509,8.73,-13.160586182048133,19.855988764109902,-1.357621352720345
1639504336519,2021-12-14T12:52:16.519,8.74,-12.337462845349709,20.575885978530362,-3.147946954358897
1639504336529,2021-12-14T12:52:16.529,8.75,-11.339310654001078,21.45085123199126,-4.5353662974578715
1639504336539,2021-12-14T12:52:16.539,8.76,-10.674638587945712,22.222635691648954,-5.272548409214696
1639504336549,2021-12-14T12:52:16.549,8.77,-10.57294850788639,22.845345373141676,-5.551401090916876
1639504336559,2021-12-14T12:52:16.559,8.78,-10.54599096381782,23.568612794031296,-5.412658135641157
1639504336569,2021-12-14T12:52:16.569,8.79,-9.563390281364502,24.66498554906384,-4.342833548152581
1639504336579,2021-12-14T12:52:16.579,8.8,-7.5029770130872295,26.041715935454064,-2.2459584256091567
1639504336589,2021-12-14T12:52:16.589,8.81,-5.902181018408785,27.327894460418943,-0.35387103592983526
1639504336599,2021-12-14T12:52:16.599,8.82,-5.991142535244904,28.397415645374345,-0.0520030898264003
1639504336609,2021-12-14T12:52:16.609,8.83,-6.684731344010995,29.481413766475328,-1.1259953893249666
1639504336619,2021-12-14T12:52:16.619,8.84,-6.2910779222384186,30.59797838147818,-2.3308275823140328
1639504336629,2021-12-14T12:52:16.629,8.85,-5.488486137131517,31.206336062425393,-3.2230125012744963
1639504336639,2021-12-14T12:52:16.639,8.86,-6.364721706099099,30.740424147044585,-4.086204493623037
1639504336649,2021-12-14T12:52:16.649,8.87,-8.86948425080426,29.318169600647508,-4.654586510881183
1639504336659,2021-12-14T12:52:16.659,8.88,-10.546707373642235,27.61950099887036,-4.438501934271564
1639504336669,2021-12-14T12:52:16.669,8.89,-9.9000232455932,26.11698095438208,-3.5494845278300735
1639504336679,2021-12-14T12:52:16.679,8.9,-8.040185079754224,24.699803583287835,-1.7510652028414593
1639504336689,2021-12-14T12:52:16.689,8.91,-6.61894058577442,23.064538154318356,1.6222196330442593
1639504336699,2021-12-14T12:52:16.699,8.92,-5.761089561563755,21.196076906962467,4.870807858471078
1639504336709,2021-12-14T12:52:16.709,8.93,-4.70337606687899,19.35154942489156,4.035974543260954
1639504336719,2021-12-14T12:52:16.719,8.94,-3.371112359334223,17.763548150121753,-1.024829438324828
1639504336729,2021-12-14T12:52:16.729,8.95,-2.4755759618857787,16.519980065624658,-4.2943289656573045
1639504336739,2021-12-14T12:52:16.739,8.96,-2.385378950787299,15.677460433275126,-1.4737698410183109
1639504336749,2021-12-14T12:52:16.749,8.97,-2.5539768528156266,15.316501438195129,3.4992847756319945
1639504336759,2021-12-14T12:52:16.759,8.98,-2.340618268532123,15.384161718271574,4.159788575351342
1639504336769,2021-12-14T12:52:16.769,8.99,-1.9844469571896934,15.625297049515318,0.07196789295177097
1639504336779,2021-12-14T12:52:16.779,9.0,-2.085534672087357,15.848546321556597,-4.468335704314339
1639504336789,2021-12-14T12:52:16.789,9.01,-2.462390154855815,16.126842489058212,-6.903096926909962
1639504336799,2021-12-14T12:52:16.799,9.02,-2.5076023558694778,16.551584806832622,-7.778768201703646
1639504336809,2021-12-14T12:52:16.809,9.03,-2.3467966946575443,16.95764734349917,-7.993451625626541
1639504336819,2021-12-14T12:52:16.819,9.04,-2.5328679038971207,17.09395446308406,-7.628873047209176
1639504336829,2021-12-14T12:52:16.829,9.05,-2.933208088409904,16.93676498544078,-6.62972790220971
1639504336839,2021-12-14T12:52:16.839,9.06,-2.9417928715203554,16.68224243882048,-5.163533405540626
1639504336849,2021-12-14T12:52:16.849,9.07,-2.3810038043193584,16.504342389600794,-3.4255824015721723
1639504336859,2021-12-14T12:52:16.859,9.08,-1.4588743902975043,16.381250266071373,-1.5202190874606263
1639504336869,2021-12-14T12:52:16.869,9.09,-0.3898144132597561,16.151392793997875,0.3418229985763884
1639504336879,2021-12-14T12:52:16.879,9.1,0.647471653488959,15.806472827241334,1.6837298801079876
1639504336889,2021-12-14T12:52:16.889,9.11,1.9056762004142471,15.665568427741967,2.194195176325164
1639504336899,2021-12-14T12:52:16.899,9.12,4.194970423732366,16.032964818093475,2.210906397168649
1639504336909,2021-12-14T12:52:16.909,9.13,7.72509913267227,16.761447754869554,2.257292302751969
1639504336919,2021-12-14T12:52:16.919,9.14,11.436849688004106,17.437238956928354,2.3333553661704407
1639504336929,2021-12-14T12:52:16.929,9.15,14.327092104452587,17.865636157699523,2.233000341310061
1639504336939,2021-12-14T12:52:16.939,9.16,16.537374168318795,18.08366904901091,2.1748105646338116
1639504336949,2021-12-14T12:52:16.949,9.17,18.430522760952567,18.07885377495134,2.5029054115637908
1639504336959,2021-12-14T12:52:16.959,9.18,19.66627877545221,17.796514855043316,3.1160057553463965
1639504336969,2021-12-14T12:52:16.969,9.19,19.903806618024166,17.31504006592774,3.6669108144135256
1639504336979,2021-12-14T12:52:16.979,9.2,19.553045981429463,16.83892455156028,4.005028394357052
1639504336989,2021-12-14T12:52:16.989,9.21,19.237635395992296,16.57710276941472,4.12805342490097
1639504336999,2021-12-14T12:52:16.999,9.22,19.077986091207396,16.641875037855208,4.014969618245178
1639504337009,2021-12-14T12:52:17.009,9.23,18.856880244134114,16.979503623875736,3.706333238400701
1639504337019,2021-12-14T12:52:17.019,9.24,18.448905872146554,17.42451015955007,3.324500045230683
1639504337029,2021-12-14T12:52:17.029,9.25,17.8296899030573,17.863856088854014,2.9439724481639535
1639504337039,2021-12-14T12:52:17.039,9.26,17.001066263059027,18.27969807066289,2.605016220431578
1639504337049,2021-12-14T12:52:17.049,9.27,16.105803580324967,18.647558408401625,2.399099924792168
1639504337059,2021-12-14T12:52:17.059,9.28,15.344536329721056,18.934865705254126,2.343663622527521
1639504337069,2021-12-14T12:52:17.069,9.29,14.658399729275967,19.194027750074394,2.2573895814354676
1639504337079,2021-12-14T12:52:17.079,9.3,13.790940699766576,19.495159419518846,1.9856518032010957
1639504337089,2021-12-14T12:52:17.089,9.31,12.727277339862306,19.747461933082466,1.6686717936680862
1639504337099,2021-12-14T12:52:17.099,9.32,11.692770627152996,19.730545832009142,1.5501266932578828
1639504337109,2021-12-14T12:52:17.109,9.33,10.683007658848421,19.342756219714378,1.6121865461922056
1639504337119,2021-12-14T12:52:17.119,9.34,9.473486794889258,18.70878139472572,1.6728786383130574
1639504337129,2021-12-14T12:52:17.129,9.35,8.135918950358981,18.00278603970441,1.7531202634473861
1639504337139,2021-12-14T12:52:17.139,9.36,6.987586614207737,17.27283813666757,1.9405921344234724
1639504337149,2021-12-14T12:52:17.149,9.37,5.963480737028261,16.5032199613143,1.8375792801289603
1639504337159,2021-12-14T12:52:17.159,9.38,4.661569739194391,15.751598049617112,0.7930341888339036
1639504337169,2021-12-14T12:52:17.169,9.39,3.105686121691459,15.11500541491328,-0.853961783191705
1639504337179,2021-12-14T12:52:17.179,9.4,1.791507384933821,14.590333059001347,-1.7014153028778822
1639504337189,2021-12-14T12:52:17.189,9.41,0.8822295316321009,14.05050316546408,-1.4361585385496414
1639504337199,2021-12-14T12:52:17.199,9.42,0.07253329441814049,13.353246340845482,-1.655516598295847
1639504337209,2021-12-14T12:52:17.209,9.43,-0.6964706484412082,12.422155511575955,-3.107535138356978
1639504337219,2021-12-14T12:52:17.219,9.44,-1.1483513937083125,11.234831014417885,-4.076751636940182
1639504337229,2021-12-14T12:52:17.229,9.45,-1.3014308161096397,9.810434539730325,-3.10745972948002
1639504337239,2021-12-14T12:52:17.239,9.46,-1.3955818178966566,8.256787163977604,-1.0628835483747314
1639504337249,2021-12-14T12:52:17.249,9.47,-1.2635937855967363,6.778254309333701,0.7368437325182011
1639504337259,2021-12-14T12:52:17.259,9.48,-0.6106761847434686,5.577090084572015,2.108455246277429
1639504337269,2021-12-14T12:52:17.269,9.49,0.3837451660511001,4.811699986408421,3.112563166387311
1639504337279,2021-12-14T12:52:17.279,9.5,1.7551124527208561,4.643797270161004,3.7344153478935462
1639504337289,2021-12-14T12:52:17.289,9.51,4.131712674054981,5.020535854273717,4.466665413457424
1639504337299,2021-12-14T12:52:17.299,9.52,6.713528272984551,5.3521381587025925,5.057064716030152
1639504337309,2021-12-14T12:52:17.309,9.53,6.636431795933455,5.012952008030249,3.397671687459052
1639504337319,2021-12-14T12:52:17.319,9.54,3.342862409510171,4.354185824253538,-1.603023889051345
1639504337329,2021-12-14T12:52:17.329,9.55,1.0756603213348626,4.395771671203855,-7.241747128951134
1639504337339,2021-12-14T12:52:17.339,9.56,2.9587220462117765,5.312608748925401,-10.306316831832934
1639504337349,2021-12-14T12:52:17.349,9.57,6.0429564606933805,6.2199312550869905,-11.322280491055054
1639504337359,2021-12-14T12:52:17.359,9.58,6.760179507273429,6.57779160438478,-12.26413942872329
1639504337369,2021-12-14T12:52:17.369,9.59,6.7785083055547,6.733621460877034,-12.679963328457411
1639504337379,2021-12-14T12:52:17.379,9.6,9.013648078698914,7.034944254229397,-11.291243514932736
1639504337389,2021-12-14T12:52:17.389,9.61,12.711375160563243,7.370194379488302,-8.68085015814676
1639504337399,2021-12-14T12:52:17.399,9.62,15.830850180817716,7.5153889469040145,-6.040899718774926
1639504337409,2021-12-14T12:52:17.409,9.63,17.702402530076505,7.230755405529332,-3.7430098532827305
1639504337419,2021-12-14T12:52:17.419,9.64,17.729969743069738,6.2737734633306195,-2.1350992438788046
1639504337429,2021-12-14T12:52:17.429,9.65,15.561331215531034,4.77918160977553,-1.4669044573888232
1639504337439,2021-12-14T12:52:17.439,9.66,12.644954285223175,3.23084796834751,-1.0282469920544406
1639504337449,2021-12-14T12:52:17.449,9.67,10.44861970682307,1.8161562058572596,-0.1413020361046045
1639504337459,2021-12-14T12:52:17.459,9.68,8.329918874005354,0.2846666037087397,0.7535082773563088
1639504337469,2021-12-14T12:52:17.469,9.69,5.472432736496183,-1.4750377437950941,1.2368143733173609
1639504337479,2021-12-14T12:52:17.479,9.7,2.8654684265179737,-3.2406651742951524,1.8752659322126288
1639504337489,2021-12-14T12:52:17.489,9.71,1.548438235096278,-4.870731940518441,3.1441854672612397
1639504337499,2021-12-14T12:52:17.499,9.72,0.961299310308851,-6.436963119960943,4.650305394653748
1639504337509,2021-12-14T12:52:17.509,9.73,0.29867155184640165,-7.904375902329068,6.024544379530698
1639504337519,2021-12-14T12:52:17.519,9.74,-0.20580565032273204,-9.074936743820816,7.544478367450846
1639504337529,2021-12-14T12:52:17.529,9.75,-0.2174375164397397,-9.930653844004873,9.43923479371494
1639504337539,2021-12-14T12:52:17.539,9.76,-0.3578637581322468,-10.733474215180797,11.291534161056987
1639504337549,2021-12-14T12:52:17.549,9.77,-1.549106196580448,-11.664247699754672,12.53620794238041
1639504337559,2021-12-14T12:52:17.559,9.78,-3.7766715333779164,-12.591567303429652,13.16145719909619
1639504337569,2021-12-14T12:52:17.569,9.79,-6.1849105932646875,-13.338453558058859,13.514865054648787
1639504337579,2021-12-14T12:52:17.579,9.8,-8.267777002242234,-13.95672784257345,13.684318667649833
1639504337589,2021-12-14T12:52:17.589,9.81,-10.214057766997662,-14.553695075513133,13.548592259843643
1639504337599,2021-12-14T12:52:17.599,9.82,-12.112375963371779,-15.055090992926615,13.214793072327714
1639504337609,2021-12-14T12:52:17.609,9.83,-13.698289686486028,-15.346975053909773,12.891767653616085
1639504337619,2021-12-14T12:52:17.619,9.84,-14.922841419645145,-15.479146432182922,12.526793788359392
1639504337629,2021-12-14T12:52:17.629,9.85,-15.996040041254332,-15.543226621062969,11.990025035650913
1639504337639,2021-12-14T12:52:17.639,9.86,-16.90194413571556,-15.485907490517057,11.379825656317404
1639504337649,2021-12-14T12:52:17.649,9.87,-17.45492342204666,-15.199833779954446,10.812545862263928
1639504337659,2021-12-14T12:52:17.659,9.88,-17.700035875560534,-14.720139542482503,10.154799847541337
1639504337669,2021-12-14T12:52:17.669,9.89,-17.82696567250989,-14.181270487230098,9.214181794507054
1639504337679,2021-12-14T12:52:17.679,9.9,-17.81424662427958,-13.571003023231356,8.01421590625304
1639504337689,2021-12-14T12:52:17.689,9.91,-17.436104210958334,-12.683936836639301,6.733687202458253
1639504337699,2021-12-14T12:52:17.699,9.92,-16.582418472759613,-11.42054746185341,5.487508336981323
1639504337709,2021-12-14T12:52:17.709,9.93,-15.454688587031129,-9.979036225839323,4.243185165918873
1639504337719,2021-12-14T12:52:17.719,9.94,-14.409288457993743,-8.600755146534876,2.9064236009150246
1639504337729,2021-12-14T12:52:17.729,9.95,-13.598992003584861,-7.277018453869741,1.4571143948533867
1639504337739,2021-12-14T12:52:17.739,9.96,-12.83078064732018,-5.8559542146626,0.0022849111725566085
1639504337749,2021-12-14T12:52:17.749,9.97,-11.843099706049685,-4.277669557676047,-1.3005430875609294
1639504337759,2021-12-14T12:52:17.759,9.98,-10.638672648726331,-2.5746696616603826,-2.362703785732813
1639504337769,2021-12-14T12:52:17.769,9.99,-9.424201689143072,-0.7986323626902588,-3.198207233989427
1639504337779,2021-12-14T12:52:17.779,10.0,-8.32092443716688,0.9508885919645867,-3.84441235164331
1639504337789,2021-12-14T12:52:17.789,10.01,-7.353877294362184,2.5467924570223497,-4.307654075040947
1639504337799,2021-12-14T12:52:17.799,10.02,-6.674445500355701,3.944223786077548,-4.635631571541904
1639504337809,2021-12-14T12:52:17.809,10.03,-6.453242189300308,5.228524836834937,-4.925456703726912
1639504337819,2021-12-14T12:52:17.819,10.04,-6.490134550469073,6.569363965326037,-5.156816044752703
1639504337829,2021-12-14T12:52:17.829,10.05,-6.3733193649546855,8.093400240295292,-5.246113630756375
1639504337839,2021-12-14T12:52:17.839,10.06,-6.1846865791188925,9.732339379362864,-5.416565219104393
1639504337849,2021-12-14T12:52:17.849,10.07,-6.4345944765606315,11.306722884237034,-6.044428725377047
1639504337859,2021-12-14T12:52:17.859,10.08,-7.044900266027284,12.806894845853176,-6.820980988707392
1639504337869,2021-12-14T12:52:17.869,10.09,-7.295590569593662,14.31888856866179,-6.847088779352607
1639504337879,2021-12-14T12:52:17.879,10.1,-7.237692138883836,15.604554841991387,-6.16583669832163
1639504337889,2021-12-14T12:52:17.889,10.11,-8.034861939766902,16.173937072723433,-5.975862888373232
1639504337899,2021-12-14T12:52:17.899,10.12,-10.168539616011564,15.945810409770747,-6.262103060948801
1639504337909,2021-12-14T12:52:17.909,10.13,-12.354010495571677,15.446855620735725,-5.176325100068249
1639504337919,2021-12-14T12:52:17.919,10.14,-13.02166635309305,15.14545982542157,-2.6888996697126615
1639504337929,2021-12-14T12:52:17.929,10.15,-12.168506392722428,14.855975742926127,-2.0931129025394677
1639504337939,2021-12-14T12:52:17.939,10.16,-11.362132741547951,14.007505733627623,-4.751949563174718
1639504337949,2021-12-14T12:52:17.949,10.17,-12.242159585864272,12.429582872744682,-6.512444579822215
1639504337959,2021-12-14T12:52:17.959,10.18,-14.695906248263562,10.712944369297261,-3.5178512991273183
1639504337969,2021-12-14T12:52:17.969,10.19,-16.572518295099336,9.628072226779008,1.381394237669347
1639504337979,2021-12-14T12:52:17.979,10.2,-16.274923016076883,9.230696604633115,2.446026909851938
1639504337989,2021-12-14T12:52:17.989,10.21,-15.069208357027005,8.851551066468781,-1.2861506289361697
1639504337999,2021-12-14T12:52:17.999,10.22,-15.070219533664252,7.986386910411477,-6.0456921269330035
1639504338009,2021-12-14T12:52:18.009,10.23,-16.002514622750496,6.763652348918583,-8.775464703906172
1639504338019,2021-12-14T12:52:18.019,10.24,-16.209374194854455,5.430417861264285,-9.261030636069336
1639504338029,2021-12-14T12:52:18.029,10.25,-15.649719375177067,3.8781738835259425,-8.384280665079993
1639504338039,2021-12-14T12:52:18.039,10.26,-15.527632721612314,1.9665519395002544,-6.784784600601801
1639504338049,2021-12-14T12:52:18.049,10.27,-15.874029989962242,-0.04723921946744303,-4.888218366690818
1639504338059,2021-12-14T12:52:18.059,10.28,-15.531240675663392,-1.7642829170783245,-3.0502988026740834
1639504338069,2021-12-14T12:52:18.069,10.29,-14.113298940174452,-3.158775411102739,-1.5865963684647635
1639504338079,2021-12-14T12:52:18.079,10.3,-12.501360752582418,-4.55358715746802,-0.8427043108553925
1639504338089,2021-12-14T12:52:18.089,10.31,-11.43587320588897,-6.1603214298104705,-1.0378999640624351
1639504338099,2021-12-14T12:52:18.099,10.32,-10.647662535932328,-7.845363159235399,-2.008773287128872
1639504338109,2021-12-14T12:52:18.109,10.33,-9.528101062819555,-9.317785472297906,-3.3057303742968114
1639504338119,2021-12-14T12:52:18.119,10.34,-7.859666841379379,-10.395072776758695,-4.467027639182372
1639504338129,2021-12-14T12:52:18.129,10.35,-5.686599603124196,-11.061584859765194,-5.080699583704761
1639504338139,2021-12-14T12:52:18.139,10.36,-3.113308864990904,-11.351805466712735,-4.783932452072974
1639504338149,2021-12-14T12:52:18.149,10.37,-0.3297900302134278,-11.265426165544921,-3.3020117336415034
1639504338159,2021-12-14T12:52:18.159,10.38,2.5468596959042875,-10.880339856116146,-0.522198618248228
1639504338169,2021-12-14T12:52:18.169,10.39,5.371851576050364,-10.484862532095836,3.0980036338368615
1639504338179,2021-12-14T12:52:18.179,10.4,7.67497665415755,-10.332717796868472,6.34013205578483
1639504338189,2021-12-14T12:52:18.189,10.41,9.296778396235286,-10.238054303619887,8.27352872118868
1639504338199,2021-12-14T12:52:18.199,10.42,11.068056541453139,-9.760148945555471,9.324283080412133
1639504338209,2021-12-14T12:52:18.209,10.43,13.682120842215944,-8.850581510377785,10.417422953116336
1639504338219,2021-12-14T12:52:18.219,10.44,16.43004487709821,-7.945061033977206,11.544178212998707
1639504338229,2021-12-14T12:52:18.229,10.45,18.270404830194394,-7.3585201311352595,12.134006747614558
1639504338239,2021-12-14T12:52:18.239,10.46,19.39682211913684,-6.947692508877326,12.219218193748215
1639504338249,2021-12-14T12:52:18.249,10.47,20.65477137749164,-6.444034523194166,12.283731233517669
1639504338259,2021-12-14T12:52:18.259,10.48,22.170740646317768,-5.834534947447706,12.423983492157173
1639504338269,2021-12-14T12:52:18.269,10.49,23.458615777632275,-5.311399241384889,12.38379773152537
1639504338279,2021-12-14T12:52:18.279,10.5,24.30960032789503,-5.011607809502932,12.113417945102213
1639504338289,2021-12-14T12:52:18.289,10.51,24.874953767331206,-4.915430416787094,11.757827571145079
1639504338299,2021-12-14T12:52:18.299,10.52,25.14657349665341,-4.962113302902198,11.247817947471317
1639504338309,2021-12-14T12:52:18.309,10.53,24.847054303424184,-5.182177688372697,10.315214789774585
1639504338319,2021-12-14T12:52:18.319,10.54,23.83547121070289,-5.64235039269789,8.905334186050954
1639504338329,2021-12-14T12:52:18.329,10.55,22.388468625958332,-6.277114434074489,7.322355828269595
1639504338339,2021-12-14T12:52:18.339,10.56,20.974682065395584,-6.902611724105919,5.955843044086582
1639504338349,2021-12-14T12:52:18.349,10.57,19.831025648130602,-7.425241966410141,5.035162942428795
1639504338359,2021-12-14T12:52:18.359,10.58,18.88486792950652,-7.90144554990329,4.645553371325303
1639504338369,2021-12-14T12:52:18.369,10.59,18.022338542479616,-8.384018923840298,4.771573311203841
1639504338379,2021-12-14T12:52:18.379,10.6,17.198382281134514,-8.866259677363942,5.197489837450663
1639504338389,2021-12-14T12:52:18.389,10.61,16.280992830503894,-9.37099701774666,5.49708026041519
1639504338399,2021-12-14T12:52:18.399,10.62,15.064798881825546,-9.9500201619403,5.3115935589743914
1639504338409,2021-12-14T12:52:18.409,10.63,13.513415739388112,-10.608828190002642,4.609625944865742
1639504338419,2021-12-14T12:52:18.419,10.64,11.786903123781489,-11.312155104038977,3.562718823117308
1639504338429,2021-12-14T12:52:18.429,10.65,9.988185582687105,-12.021910393228698,2.273662369889993
1639504338439,2021-12-14T12:52:18.439,10.66,8.009515712101368,-12.725644232762008,0.8005507255317392
1639504338449,2021-12-14T12:52:18.449,10.67,5.642239059757283,-13.508552577218703,-0.6819176511379813
1639504338459,2021-12-14T12:52:18.459,10.68,2.8458123627717944,-14.532556883172429,-2.021149363966674
1639504338469,2021-12-14T12:52:18.469,10.69,-0.014621245873996491,-15.813295072630158,-3.2766340268897376
1639504338479,2021-12-14T12:52:18.479,10.7,-2.266572995423677,-17.09519487962952,-4.367649062906303
1639504338489,2021-12-14T12:52:18.489,10.71,-3.387980610643056,-18.071284253630942,-4.67627734613993
1639504338499,2021-12-14T12:52:18.499,10.72,-3.3443717130026376,-18.665506077541302,-3.7571591376269873
1639504338509,2021-12-14T12:52:18.509,10.73,-2.577346235081076,-19.08657593082304,-2.3652549019528326
1639504338519,2021-12-14T12:52:18.519,10.74,-1.9341219749954082,-19.70883801430832,-1.521147309456643
1639504338529,2021-12-14T12:52:18.529,10.75,-2.1888483176557174,-20.719267244198132,-0.5978648597886776
1639504338539,2021-12-14T12:52:18.539,10.76,-2.5838696019446212,-21.64333948184981,1.5861538343610262
1639504338549,2021-12-14T12:52:18.549,10.77,-0.6671273468875865,-21.73224708500895,3.783990997135295
1639504338559,2021-12-14T12:52:18.559,10.78,3.7258188825135297,-21.392732190741594,3.443149193373937
1639504338569,2021-12-14T12:52:18.569,10.79,5.64579409129426,-22.265076882003946,0.6675152963242744
1639504338579,2021-12-14T12:52:18.579,10.8,1.5354667912649052,-24.68057456545482,-2.1076173518290653
1639504338589,2021-12-14T12:52:18.589,10.81,-3.0858017337463512,-26.362800370629778,-3.158381837837165
1639504338599,2021-12-14T12:52:18.599,10.82,-0.8204271342034299,-25.55136049821727,-2.0761210808115678
1639504338609,2021-12-14T12:52:18.609,10.83,4.3270115960771545,-23.92447199274011,-0.5982869869360229
1639504338619,2021-12-14T12:52:18.619,10.84,2.0681460261467173,-23.953282576817703,-2.8132777957523802
1639504338629,2021-12-14T12:52:18.629,10.85,-6.216981751230339,-24.799769090281764,-9.417880521857388
1639504338639,2021-12-14T12:52:18.639,10.86,-7.66283831293597,-23.71679616816291,-14.365506595433017
1639504338649,2021-12-14T12:52:18.649,10.87,2.1687688895052855,-20.506814839309065,-13.075005068610164
1639504338659,2021-12-14T12:52:18.659,10.88,12.723948460880269,-17.735378386388067,-9.307536880791332
1639504338669,2021-12-14T12:52:18.669,10.89,15.277999848746433,-16.98268723007036,-8.407824506810773
1639504338679,2021-12-14T12:52:18.679,10.9,13.844563265995841,-17.344833146206174,-9.442448165889882
1639504338689,2021-12-14T12:52:18.689,10.91,14.82246765157768,-17.568405047209858,-9.020143279878988
1639504338699,2021-12-14T12:52:18.699,10.92,16.828411310491568,-17.612578438176634,-7.555872343282681
1639504338709,2021-12-14T12:52:18.709,10.93,16.082085875227847,-17.7845530450873,-7.264308076207323
1639504338719,2021-12-14T12:52:18.719,10.94,13.639849071727166,-17.83595072786966,-7.822870942516149
1639504338729,2021-12-14T12:52:18.729,10.95,12.368034874831288,-17.45870252694215,-7.5615750115106914
1639504338739,2021-12-14T12:52:18.739,10.96,12.076516644723027,-16.797791960877184,-6.455778008554503
1639504338749,2021-12-14T12:52:18.749,10.97,11.352827935491625,-16.05927776146922,-5.382097580513435
1639504338759,2021-12-14T12:52:18.759,10.98,10.687593366782426,-15.18537945443068,-4.060474616626016
1639504338769,2021-12-14T12:52:18.769,10.99,10.90861637538136,-14.208389008152867,-1.7824813377350113
1639504338779,2021-12-14T12:52:18.779,11.0,10.864877327542155,-13.46001361694206,0.8560780288210482
1639504338789,2021-12-14T12:52:18.789,11.01,9.07181171893574,-13.163484090965673,2.701600025925848
1639504338799,2021-12-14T12:52:18.799,11.02,6.091261587061355,-13.16375701045655,3.8169726762055673
1639504338809,2021-12-14T12:52:18.809,11.03,3.32035066673403,-13.23014178560961,4.998525688745297
1639504338819,2021-12-14T12:52:18.819,11.04,0.7713495977895377,-13.305007013431261,6.184961283087638
1639504338829,2021-12-14T12:52:18.829,11.05,-2.203880117203071,-13.333087699571568,6.747497206550823
1639504338839,2021-12-14T12:52:18.839,11.06,-5.210588654018116,-13.141874092910484,6.778336623933843
1639504338849,2021-12-14T12:52:18.849,11.07,-7.3777067577903495,-12.618669881745554,6.902339912372127
1639504338859,2021-12-14T12:52:18.859,11.08,-8.714376634397818,-11.828257947077471,7.266171285327031
1639504338869,2021-12-14T12:52:18.869,11.09,-9.839382439930834,-10.91660050981275,7.564939165407037
1639504338879,2021-12-14T12:52:18.879,11.1,-11.066284521923377,-10.022500740177133,7.690845056147362
1639504338889,2021-12-14T12:52:18.889,11.11,-12.366349164905554,-9.242696931794292,7.782273174291424
1639504338899,2021-12-14T12:52:18.899,11.12,-13.653321350973098,-8.555642313571207,7.894771026186101
1639504338909,2021-12-14T12:52:18.909,11.13,-14.733272489437315,-7.816922516492657,7.970260732753177
1639504338919,2021-12-14T12:52:18.919,11.14,-15.32799859858703,-6.906079644052214,8.007086902371565
1639504338929,2021-12-14T12:52:18.929,11.15,-15.326078959910713,-5.8306701147377495,8.095723434299542
1639504338939,2021-12-14T12:52:18.939,11.16,-14.89034401835235,-4.675414483445172,8.295478090808237
1639504338949,2021-12-14T12:52:18.949,11.17,-14.315928505566445,-3.5320196222472022,8.516759569018733
1639504338959,2021-12-14T12:52:18.959,11.18,-13.783525861230657,-2.454803939696905,8.571893758841561
1639504338969,2021-12-14T12:52:18.969,11.19,-13.21762870715034,-1.4078456149379917,8.349663148556472
1639504338979,2021-12-14T12:52:18.979,11.2,-12.478730087226662,-0.33013670970053544,7.875810921744698
1639504338989,2021-12-14T12:52:18.989,11.21,-11.676881429751598,0.7086555413454653,7.197241134793646
1639504338999,2021-12-14T12:52:18.999,11.22,-11.092748869222408,1.5697867130998653,6.304490434801362
1639504339009,2021-12-14T12:52:19.009,11.23,-10.790610940275377,2.28120501930034,5.214180261450309
1639504339019,2021-12-14T12:52:19.019,11.24,-10.4986030124425,3.026249995031073,4.05296254027003
1639504339029,2021-12-14T12:52:19.029,11.25,-9.902438051277834,3.903858713805602,2.9834755476576924
1639504339039,2021-12-14T12:52:19.039,11.26,-8.98873073786427,4.882082618888981,2.0339136413936
1639504339049,2021-12-14T12:52:19.049,11.27,-8.05411413395052,5.96138810966667,1.014964896489886
1639504339059,2021-12-14T12:52:19.059,11.28,-7.349775632898982,7.200686428825949,-0.3510517168032982
1639504339069,2021-12-14T12:52:19.069,11.29,-6.88274365612339,8.56118644710067,-2.2287121636010485
1639504339079,2021-12-14T12:52:19.079,11.3,-6.726792168469368,9.86021685612209,-4.665160244158684
1639504339089,2021-12-14T12:52:19.089,11.31,-7.158567626283758,10.966261553878276,-7.598734924246782
1639504339099,2021-12-14T12:52:19.099,11.32,-8.077926223959544,11.97317448813886,-10.57962941047078
1639504339109,2021-12-14T12:52:19.109,11.33,-8.803323248109978,13.01586959653781,-12.79522709303321
1639504339119,2021-12-14T12:52:19.119,11.34,-9.133223398642885,13.884896315473569,-13.905454840092244
1639504339129,2021-12-14T12:52:19.129,11.35,-10.002668400032242,14.074964010663088,-14.475177532491934
1639504339139,2021-12-14T12:52:19.139,11.36,-12.05831844130838,13.391235694174096,-14.94746621986605
1639504339149,2021-12-14T12:52:19.149,11.37,-14.261963107171347,12.24400287840713,-14.807443767112005
1639504339159,2021-12-14T12:52:19.159,11.38,-15.311291257200107,11.108836361445395,-13.586418570539829
1639504339169,2021-12-14T12:52:19.169,11.39,-15.607823404993994,10.032124765274808,-11.698055006447913
1639504339179,2021-12-14T12:52:19.179,11.4,-15.959128180134547,8.945461560789624,-9.08880685109577
1639504339189,2021-12-14T12:52:19.189,11.41,-15.562668191729117,8.033950527501663,-4.658066277327434
1639504339199,2021-12-14T12:52:19.199,11.42,-13.848777046667129,7.504012802910978,0.9381939666410791
1639504339209,2021-12-14T12:52:19.209,11.43,-12.647335098023847,7.484214309682413,3.868596756452491
1639504339219,2021-12-14T12:52:19.219,11.44,-13.265662699930019,8.311559240240006,1.4301934525134588
1639504339229,2021-12-14T12:52:19.229,11.45,-13.6762714294873,10.224184324944483,-4.2174214688886025
1639504339239,2021-12-14T12:52:19.239,11.46,-12.273631041661194,12.666158664608272,-9.624208300353919
1639504339249,2021-12-14T12:52:19.249,11.47,-11.321716503140912,14.68253126237289,-14.656383146076882
1639504339259,2021-12-14T12:52:19.259,11.48,-12.84643264602444,16.014405749195515,-20.28106277447251
1639504339269,2021-12-14T12:52:19.269,11.49,-14.95094508185742,16.99253567565507,-24.961443980774554
1639504339279,2021-12-14T12:52:19.279,11.5,-15.801615126453948,17.509217695171753,-26.82057351427879
1639504339289,2021-12-14T12:52:19.289,11.51,-16.978232109471243,17.03552763113751,-26.67163862437716
1639504339299,2021-12-14T12:52:19.299,11.52,-19.701241973939176,15.539890188187787,-26.012861328812043
1639504339309,2021-12-14T12:52:19.309,11.53,-21.919010708892095,13.535271921951484,-24.38529301556197
1639504339319,2021-12-14T12:52:19.319,11.54,-21.788821829165087,11.30731280541934,-20.884726113639786
1639504339329,2021-12-14T12:52:19.329,11.55,-20.528426234996914,8.753181145553635,-16.290883679597705
1639504339339,2021-12-14T12:52:19.339,11.56,-19.894508540347328,5.853924569981325,-12.032590888946812
1639504339349,2021-12-14T12:52:19.349,11.57,-19.648015423423487,2.814817816843382,-8.480029707252488
1639504339359,2021-12-14T12:52:19.359,11.58,-18.77093942909047,-0.14402110844180815,-5.33881062260553
1639504339369,2021-12-14T12:52:19.369,11.59,-17.02652685773223,-2.8548538823917315,-2.6310312967030596
1639504339379,2021-12-14T12:52:19.379,11.6,-14.6065305866029,-5.205898320342063,-0.5743425108968392
1639504339389,2021-12-14T12:52:19.389,11.61,-11.698245453446368,-7.191563130303031,0.8436241505673865
1639504339399,2021-12-14T12:52:19.399,11.62,-8.483008731880997,-8.811398672588004,1.9513375705183278
1639504339409,2021-12-14T12:52:19.409,11.63,-4.809413813934942,-9.990511801397908,3.3287682511326473
1639504339419,2021-12-14T12:52:19.419,11.64,-0.5456869304891556,-10.782197328049627,5.260909039551546
1639504339429,2021-12-14T12:52:19.429,11.65,3.593921727753562,-11.414996212924432,7.171377645462734
1639504339439,2021-12-14T12:52:19.439,11.66,6.939081934342859,-11.890938074811729,8.338565693780719
1639504339449,2021-12-14T12:52:19.449,11.67,10.267990895695803,-11.835578112667722,8.986221394087456
1639504339459,2021-12-14T12:52:19.459,11.68,14.614579614115074,-10.998807930099812,9.75511569204797
1639504339469,2021-12-14T12:52:19.469,11.69,19.35240040404213,-9.601899183667154,10.548246740608366
1639504339479,2021-12-14T12:52:19.479,11.7,23.15582236713066,-7.995694298361684,10.867092406599662
1639504339489,2021-12-14T12:52:19.489,11.71,25.9168228836586,-6.283256733423654,10.757326587668958
1639504339499,2021-12-14T12:52:19.499,11.72,28.203515429238813,-4.443852639301783,10.554924238683814
1639504339509,2021-12-14T12:52:19.509,11.73,29.838743365699912,-2.553097132819852,10.178374258496248
1639504339519,2021-12-14T12:52:19.519,11.74,30.322395423454395,-0.7111732943038793,9.360261998559537
1639504339529,2021-12-14T12:52:19.529,11.75,29.868416934763236,1.0685401781068162,8.20985838413192
1639504339539,2021-12-14T12:52:19.539,11.76,29.04634920040032,2.786966724027182,7.060721483702796
1639504339549,2021-12-14T12:52:19.549,11.77,27.937900036717437,4.403895617006601,6.039037688718023
1639504339559,2021-12-14T12:52:19.559,11.78,26.308783125112832,5.910550773169103,5.103308909858087
1639504339569,2021-12-14T12:52:19.569,11.79,24.27153846402338,7.352988119057494,4.3048839008492354
1639504339579,2021-12-14T12:52:19.579,11.8,22.296413338951357,8.764438759285216,3.787691619491367
1639504339589,2021-12-14T12:52:19.589,11.81,20.654542805367907,10.131443697895339,3.6202732818728656
1639504339599,2021-12-14T12:52:19.599,11.82,19.152610083124394,11.391709573993666,3.727718041766502
1639504339609,2021-12-14T12:52:19.609,11.83,17.495874623421646,12.448864105862524,3.9549306307403187
1639504339619,2021-12-14T12:52:19.619,11.84,15.71547180275051,13.26154862740859,4.167253974703427
1639504339629,2021-12-14T12:52:19.629,11.85,14.05894984545047,13.897644467412526,4.31801320466068
1639504339639,2021-12-14T12:52:19.639,11.86,12.593644091138898,14.410602276011858,4.450863504671051
1639504339649,2021-12-14T12:52:19.649,11.87,11.126304331971177,14.696052135676407,4.633394133950875
1639504339659,2021-12-14T12:52:19.659,11.88,9.436764578754072,14.555800527120084,4.879873113477398
1639504339669,2021-12-14T12:52:19.669,11.89,7.463826537691271,13.886612983165328,5.152727847757067
1639504339679,2021-12-14T12:52:19.679,11.9,5.370255485387315,12.760798940167973,5.422475570124311
1639504339689,2021-12-14T12:52:19.689,11.91,3.466567298028214,11.339495147748906,5.663984413978008
1639504339699,2021-12-14T12:52:19.699,11.92,1.8804810402250431,9.734688129457496,5.768930491351307
1639504339709,2021-12-14T12:52:19.709,11.93,0.32543632279292,7.960683089208311,5.514387712855138
1639504339719,2021-12-14T12:52:19.719,11.94,-1.5094182268469023,6.025790721170635,4.704199311442599
1639504339729,2021-12-14T12:52:19.729,11.95,-3.384667770326069,4.0428344541428824,3.3881264328762786
1639504339739,2021-12-14T12:52:19.739,11.96,-4.684543959925207,2.1869744927000996,1.8831527821383904
1639504339749,2021-12-14T12:52:19.749,11.97,-5.137661749547041,0.5419632138939626,0.4787460442387719
1639504339759,2021-12-14T12:52:19.759,11.98,-5.032825057973307,-0.9512185647619199,-0.8299075580122919
1639504339769,2021-12-14T12:52:19.769,11.99,-4.730172715792596,-2.361432679948897,-2.1484004432667163
1639504339779,2021-12-14T12:52:19.779,12.0,-4.207360532098915,-3.6126351877531944,-3.2838563165096515
1639504339789,2021-12-14T12:52:19.789,12.01,-3.1320167874975873,-4.53993522733907,-3.8705589941225576
1639504339799,2021-12-14T12:52:19.799,12.02,-1.3516807263737567,-5.143349864224792,-3.959699049953283
1639504339809,2021-12-14T12:52:19.809,12.03,0.6932410966531845,-5.648837533207311,-4.063432573668443
1639504339819,2021-12-14T12:52:19.819,12.04,2.3624686070370435,-6.127192257686494,-4.38716223959611
1639504339829,2021-12-14T12:52:19.829,12.05,3.9468338250354087,-6.19925133880805,-4.471714755960019
1639504339839,2021-12-14T12:52:19.839,12.06,6.666052818860765,-5.528610379469678,-3.983866250176164
1639504339849,2021-12-14T12:52:19.849,12.07,10.346972600763927,-4.572747408434289,-3.4231563613781155
1639504339859,2021-12-14T12:52:19.859,12.08,12.117851086606011,-4.225519330523051,-3.511343935442164
1639504339869,2021-12-14T12:52:19.869,12.09,9.93218430068239,-4.5311525471162835,-4.12441696648086
1639504339879,2021-12-14T12:52:19.879,12.1,6.418943296813845,-4.465997236024713,-4.370439629606569
1639504339889,2021-12-14T12:52:19.889,12.11,5.5264889909025605,-3.327752049066198,-3.9687601436798974
1639504339899,2021-12-14T12:52:19.899,12.12,6.45673289469865,-1.5411773170643932,-4.2124033836049755
1639504339909,2021-12-14T12:52:19.909,12.13,5.70671894779037,0.3932236877726516,-6.563582817767101
1639504339919,2021-12-14T12:52:19.919,12.14,3.95692787425812,2.907590371277702,-10.120130263462823
1639504339929,2021-12-14T12:52:19.929,12.15,5.440039189852537,6.572371204934678,-11.886018831275955
1639504339939,2021-12-14T12:52:19.939,12.16,10.920244328117692,10.797567784889855,-10.123174339486887
1639504339949,2021-12-14T12:52:19.949,12.17,16.167239923065512,14.105547318846096,-6.172167192084245
1639504339959,2021-12-14T12:52:19.959,12.18,17.775918097808827,15.66544050956049,-2.4240697578184744
1639504339969,2021-12-14T12:52:19.969,12.19,17.102508184273173,16.04104576441145,0.37906439185313867
1639504339979,2021-12-14T12:52:19.979,12.2,17.44714737091372,16.24952117483981,2.9989318298119336
1639504339989,2021-12-14T12:52:19.989,12.21,19.335465021394626,16.534716018641703,5.529483737335036
1639504339999,2021-12-14T12:52:19.999,12.22,20.36321274938947,16.5017253194292,6.745614040665242
1639504340009,2021-12-14T12:52:20.009,12.23,19.228909509279255,16.086898249850446,5.985476563989442
1639504340019,2021-12-14T12:52:20.019,12.24,17.730113281431866,15.727488324476507,4.435340902618136
1639504340029,2021-12-14T12:52:20.029,12.25,17.960995130113062,15.682083868246508,3.6635101593173154
1639504340039,2021-12-14T12:52:20.039,12.26,19.49895870617043,15.728311478099538,3.8655665614491177
1639504340049,2021-12-14T12:52:20.049,12.27,20.718407996516536,15.535509798950242,4.513328345006885
1639504340059,2021-12-14T12:52:20.059,12.28,21.308170910881337,14.995300902581256,5.885062147944943
1639504340069,2021-12-14T12:52:20.069,12.29,21.96117176852726,14.166026487425249,8.80456393487504
1639504340079,2021-12-14T12:52:20.079,12.3,22.550968813154036,13.110748565739659,13.147866168431335
1639504340089,2021-12-14T12:52:20.089,12.31,22.08146381311671,11.89231166265176,17.58697623690825
1639504340099,2021-12-14T12:52:20.099,12.32,20.215583224568995,10.650981625564283,20.980974943655468
1639504340109,2021-12-14T12:52:20.109,12.33,17.696264694231203,9.543375622352546,23.26846529105007
1639504340119,2021-12-14T12:52:20.119,12.34,15.057778946879347,8.591827117880733,24.702620129596678
1639504340129,2021-12-14T12:52:20.129,12.35,11.979338753293288,7.725106495056256,25.098703476898848
1639504340139,2021-12-14T12:52:20.139,12.36,8.351931101633213,6.966396368764029,24.39082887640238
1639504340149,2021-12-14T12:52:20.149,12.37,4.904170059796472,6.436838545093022,23.112190674773295
1639504340159,2021-12-14T12:52:20.159,12.38,2.1913542267562742,6.201791581153732,21.724029653301713
1639504340169,2021-12-14T12:52:20.169,12.39,-0.06837238570269705,6.255972422079994,20.113860544586764
1639504340179,2021-12-14T12:52:20.179,12.4,-2.1910745338739446,6.605616777646531,18.14841656954973
1639504340189,2021-12-14T12:52:20.189,12.41,-3.9577679321117016,7.245120992428015,16.09904383353308
1639504340199,2021-12-14T12:52:20.199,12.42,-5.185045996504056,8.115850847364932,14.228878394871693
1639504340209,2021-12-14T12:52:20.209,12.43,-6.102048888290795,9.154721487441753,12.48737991979268
1639504340219,2021-12-14T12:52:20.219,12.44,-6.90056236466571,10.329140048265886,10.806960134439656
1639504340229,2021-12-14T12:52:20.229,12.45,-7.447288342815947,11.639326457863248,9.289331018731353
1639504340239,2021-12-14T12:52:20.239,12.46,-7.587244935762312,13.134058221555472,8.007100685706638
1639504340249,2021-12-14T12:52:20.249,12.47,-7.378736713594499,14.846481637049704,6.9338975077038
1639504340259,2021-12-14T12:52:20.259,12.48,-6.971130674706465,16.695969801528786,6.074291401157234
1639504340269,2021-12-14T12:52:20.269,12.49,-6.4668735816610985,18.57357534313192,5.438107995417147
1639504340279,2021-12-14T12:52:20.279,12.5,-5.9163672356712915,20.4886717201016,4.956647383897544
1639504340289,2021-12-14T12:52:20.289,12.51,-5.379019499481287,22.457932149766904,4.565415485635054
1639504340299,2021-12-14T12:52:20.299,12.52,-5.03511832810793,24.315019037272943,4.23669600633568
1639504340309,2021-12-14T12:52:20.309,12.53,-5.135251303847151,25.846450899768403,3.8892567712349617
1639504340319,2021-12-14T12:52:20.319,12.54,-5.664935904931576,27.05914146108192,3.472630380127375
1639504340329,2021-12-14T12:52:20.329,12.55,-6.26334484126058,28.113116130696657,3.0927207204137614
1639504340339,2021-12-14T12:52:20.339,12.56,-6.687192316813338,29.071346098639964,2.814361027911671
1639504340349,2021-12-14T12:52:20.349,12.57,-7.032610806822415,29.90364268626454,2.4660959165838374
1639504340359,2021-12-14T12:52:20.359,12.58,-7.3758683855531935,30.626624014340255,1.8111761463674603
1639504340369,2021-12-14T12:52:20.369,12.59,-7.692747090690327,31.26177015990042,0.6756971735502754
1639504340379,2021-12-14T12:52:20.379,12.6,-8.141897466449894,31.776189097646487,-1.1547489352113647
1639504340389,2021-12-14T12:52:20.389,12.61,-8.871140680526091,32.201042844216154,-3.8168837272896874
1639504340399,2021-12-14T12:52:20.399,12.62,-9.694382428664397,32.670044062532554,-7.090036104186227
1639504340409,2021-12-14T12:52:20.409,12.63,-10.429392744887325,33.2459082788306,-10.490657959772719
1639504340419,2021-12-14T12:52:20.419,12.64,-11.21142692035052,33.836435851894116,-13.615645056759433
1639504340429,2021-12-14T12:52:20.429,12.65,-12.138771373093117,34.34008469928663,-16.2093449554342
1639504340439,2021-12-14T12:52:20.439,12.66,-13.090239805407952,34.78100352361196,-18.000759102538016
1639504340449,2021-12-14T12:52:20.449,12.67,-14.040464255260023,35.233356838261535,-18.739178503981165
1639504340459,2021-12-14T12:52:20.459,12.68,-14.973094277372216,35.65398972141782,-18.489991172701707
1639504340469,2021-12-14T12:52:20.469,12.69,-15.741299616329538,35.96465188666704,-17.79808029526926
1639504340479,2021-12-14T12:52:20.479,12.7,-16.895662307042073,36.35977088689362,-17.319791311045286
1639504340489,2021-12-14T12:52:20.489,12.71,-19.52566390594547,37.157941727878246,-17.077048648681966
1639504340499,2021-12-14T12:52:20.499,12.72,-22.43575053937785,38.14023606512943,-16.249776942347136
1639504340509,2021-12-14T12:52:20.509,12.73,-21.982807888250182,38.67863866851914,-14.153454144346009
1639504340519,2021-12-14T12:52:20.519,12.74,-18.613819481384237,38.88212337884667,-11.585811476691035
1639504340529,2021-12-14T12:52:20.529,12.75,-19.50009497397638,39.76756426402498,-10.771890575967241
1639504340539,2021-12-14T12:52:20.539,12.76,-27.834606509326072,41.930154755185434,-12.809074255342875
1639504340549,2021-12-14T12:52:20.549,12.77,-34.918702828284935,44.816413697551475,-15.138601997942875
1639504340559,2021-12-14T12:52:20.559,12.78,-32.759397157147205,47.25020610192312,-14.356451114886209
1639504340569,2021-12-14T12:52:20.569,12.79,-28.168105878838837,48.089586436193116,-11.875799154347462
1639504340579,2021-12-14T12:52:20.579,12.8,-32.04754514493398,46.97744638178228,-11.900178546188837
1639504340589,2021-12-14T12:52:20.589,12.81,-41.28969372091229,44.84453460974125,-13.598791730715346
1639504340599,2021-12-14T12:52:20.599,12.82,-44.84845938338706,42.92455959633216,-12.028439063073517
1639504340609,2021-12-14T12:52:20.609,12.83,-41.77578906067711,41.364029300132174,-6.836835936361453
1639504340619,2021-12-14T12:52:20.619,12.84,-39.85134980710162,39.63053361770671,-2.9041034865511186
1639504340629,2021-12-14T12:52:20.629,12.85,-41.01214898321977,37.7917353274955,-2.5498675424767514
1639504340639,2021-12-14T12:52:20.639,12.86,-40.22992635880041,36.34811077258409,-3.5618547471773776
1639504340649,2021-12-14T12:52:20.649,12.87,-35.96888112770229,35.189533494626986,-4.6266377189973875
1639504340659,2021-12-14T12:52:20.659,12.88,-31.94446935606156,33.701241124565044,-7.150958752286438
1639504340669,2021-12-14T12:52:20.669,12.89,-29.79458846011871,31.71610133709042,-11.51474466021647
1639504340679,2021-12-14T12:52:20.679,12.9,-27.20306809000597,29.598184063950402,-15.69414746569338
1639504340689,2021-12-14T12:52:20.689,12.91,-22.861638865587544,27.530378817896803,-18.15188026743246
1639504340699,2021-12-14T12:52:20.699,12.92,-18.18270676878692,25.373673331000727,-19.319237225781272
1639504340709,2021-12-14T12:52:20.709,12.93,-14.044838888767408,23.141923513952726,-19.76218735554298
1639504340719,2021-12-14T12:52:20.719,12.94,-9.510498336822685,21.042187564120272,-18.97730733717134
1639504340729,2021-12-14T12:52:20.729,12.95,-4.213739919118663,19.046428600466424,-16.669984469486543
1639504340739,2021-12-14T12:52:20.739,12.96,0.6351166742461287,16.890170615967474,-13.744436457401761
1639504340749,2021-12-14T12:52:20.749,12.97,4.338276465149923,14.545381036454064,-11.239544718249117
1639504340759,2021-12-14T12:52:20.759,12.98,7.819935886736402,12.314346901435881,-9.257403838592163
1639504340769,2021-12-14T12:52:20.769,12.99,11.808440265131235,10.381107069250586,-7.583820850303841
1639504340779,2021-12-14T12:52:20.779,13.0,15.493690938195147,8.581873281468734,-6.509407225650992
1639504340789,2021-12-14T12:52:20.789,13.01,17.863928073055675,6.683209999333498,-6.38399187872011
1639504340799,2021-12-14T12:52:20.799,13.02,19.06574601962961,4.602215575816769,-7.014597119025601
1639504340809,2021-12-14T12:52:20.809,13.03,19.642237091020352,2.2858225701258696,-8.037890433492432
1639504340819,2021-12-14T12:52:20.819,13.04,19.541168350237868,-0.36143425073190383,-9.382014244764248
1639504340829,2021-12-14T12:52:20.829,13.05,18.61695882287387,-3.335395267253153,-10.98471358931166
1639504340839,2021-12-14T12:52:20.839,13.06,17.269788059868386,-6.511623816591532,-12.496161538846437
1639504340849,2021-12-14T12:52:20.849,13.07,15.962592531884468,-9.827525667806091,-13.581196899807125
1639504340859,2021-12-14T12:52:20.859,13.08,14.64981312250945,-13.335360189116205,-14.209211392510614
1639504340869,2021-12-14T12:52:20.869,13.09,13.104281857921025,-17.05606469724985,-14.441994472205238
1639504340879,2021-12-14T12:52:20.879,13.1,11.41972664047121,-20.91427629096267,-14.212404413102316
1639504340889,2021-12-14T12:52:20.889,13.11,9.88768878636435,-24.818817169667422,-13.489548385291616
1639504340899,2021-12-14T12:52:20.899,13.12,8.65484871896837,-28.703826998027274,-12.436448816217457
1639504340909,2021-12-14T12:52:20.909,13.13,7.705886876787315,-32.52614300099282,-11.232581325493399
1639504340919,2021-12-14T12:52:20.919,13.14,6.940993865739609,-36.33790112111847,-9.870075122083128
1639504340929,2021-12-14T12:52:20.929,13.15,6.119711855905745,-40.31671607591382,-8.241153606798171
1639504340939,2021-12-14T12:52:20.939,13.16,4.980971029703971,-44.58395728361962,-6.342701277682869
1639504340949,2021-12-14T12:52:20.949,13.17,3.579188402988061,-49.029183773831946,-4.278885321046815
1639504340959,2021-12-14T12:52:20.959,13.18,2.3104117391649543,-53.441605737132896,-2.0929261356172453
1639504340969,2021-12-14T12:52:20.969,13.19,1.5241310906461731,-57.71267164806908,0.24839075033037655
1639504340979,2021-12-14T12:52:20.979,13.2,1.3015871367705292,-61.73686200894756,2.650249313126545
1639504340989,2021-12-14T12:52:20.989,13.21,1.6047097897441485,-65.26938126495475,4.808521980456083
1639504340999,2021-12-14T12:52:20.999,13.22,2.3518793019487134,-68.12129432690374,6.403809396104668
1639504341009,2021-12-14T12:52:21.009,13.23,3.311728267863674,-70.37119378914491,7.283488337059321
1639504341019,2021-12-14T12:52:21.019,13.24,4.181180177962319,-72.18911302149122,7.451314560764468
1639504341029,2021-12-14T12:52:21.029,13.25,4.805968223686801,-73.58953287382727,7.004209188429087
1639504341039,2021-12-14T12:52:21.039,13.26,5.189000157404385,-74.52556946376535,6.115895276503943
1639504341049,2021-12-14T12:52:21.049,13.27,5.376098368079739,-75.1046178914611,5.027905350273409
1639504341059,2021-12-14T12:52:21.059,13.28,5.414464945724497,-75.56605893044768,3.991409099269811
1639504341069,2021-12-14T12:52:21.069,13.29,5.2362478147395395,-76.10588935355412,3.150394028824987
1639504341079,2021-12-14T12:52:21.079,13.3,4.598637378317901,-76.78708415866507,2.523009544465713
1639504341089,2021-12-14T12:52:21.089,13.31,3.4313802115124137,-77.56253038458622,2.179413753493702
1639504341099,2021-12-14T12:52:21.099,13.32,2.107263141810938,-78.3722433367649,2.273772619955218
1639504341109,2021-12-14T12:52:21.109,13.33,0.8798588569886167,-79.28856438899527,2.688905633764046
1639504341119,2021-12-14T12:52:21.119,13.34,-0.7566808482976402,-80.5057740385249,2.8904105674855396
1639504341129,2021-12-14T12:52:21.129,13.35,-3.3225531365463197,-82.03389194810475,2.5197419014418587
1639504341139,2021-12-14T12:52:21.139,13.36,-6.084572495452235,-83.52952516432433,1.8753137777141482
1639504341149,2021-12-14T12:52:21.149,13.37,-7.9003277439683615,-84.73484235881912,1.3277152158747416
1639504341159,2021-12-14T12:52:21.159,13.38,-9.476846593901936,-85.8994921550956,0.7142730589657313
1639504341169,2021-12-14T12:52:21.169,13.39,-12.657626409150676,-87.26084814768873,-0.08389030091412253
1639504341179,2021-12-14T12:52:21.179,13.4,-16.859936395635657,-88.355037816328,-0.7263194699814242
1639504341189,2021-12-14T12:52:21.189,13.41,-19.232726418680155,-88.59428538138292,-1.185249972185672
1639504341199,2021-12-14T12:52:21.199,13.42,-19.420925992970634,-88.28495555503497,-1.900571533956038
1639504341209,2021-12-14T12:52:21.209,13.43,-20.337520686455594,-88.1607229849292,-2.732304514577134
1639504341219,2021-12-14T12:52:21.219,13.44,-22.82765167625589,-88.0787615324827,-2.7801159689744823
1639504341229,2021-12-14T12:52:21.229,13.45,-23.854841612767963,-87.12866500315837,-1.4091376728310516
1639504341239,2021-12-14T12:52:21.239,13.46,-21.568152522815275,-85.00135679870928,1.1118010536495178
1639504341249,2021-12-14T12:52:21.249,13.47,-18.295036332314734,-82.36510353132437,3.6550393077681362
1639504341259,2021-12-14T12:52:21.259,13.48,-16.853271381973,-79.6685415594846,4.643661708739934
1639504341269,2021-12-14T12:52:21.269,13.49,-16.4312897949951,-76.23425775980935,3.1738763228759614
1639504341279,2021-12-14T12:52:21.279,13.5,-13.661315866738878,-71.0035278235905,0.1045655906877474
1639504341289,2021-12-14T12:52:21.289,13.51,-6.981763177068434,-63.9001524006151,-2.6835326306959946
1639504341299,2021-12-14T12:52:21.299,13.52,1.3092166814524864,-55.98426851654581,-4.27111403951941
1639504341309,2021-12-14T12:52:21.309,13.53,7.938308919353867,-48.31248249470663,-5.007761571483374
1639504341319,2021-12-14T12:52:21.319,13.54,12.518467003349553,-41.11531789166682,-4.899845988119739
1639504341329,2021-12-14T12:52:21.329,13.55,16.955631957059353,-34.17568955935654,-3.182944408153431
1639504341339,2021-12-14T12:52:21.339,13.56,21.90037354902747,-27.48236468662323,0.14710036375253843
1639504341349,2021-12-14T12:52:21.349,13.57,26.027958771694784,-21.193893155239905,3.747208583801518
1639504341359,2021-12-14T12:52:21.359,13.58,28.501199147776497,-15.33788644497055,6.377805499812932
1639504341369,2021-12-14T12:52:21.369,13.59,29.943484064650786,-9.91522702742322,7.90833495908101
1639504341379,2021-12-14T12:52:21.379,13.6,30.83614062094747,-5.106634284395928,8.567143089740917
1639504341389,2021-12-14T12:52:21.389,13.61,30.724491064007477,-1.1082717975911298,8.230756865618975
1639504341399,2021-12-14T12:52:21.399,13.62,29.381580506237793,2.1419768058694855,6.891266987577643
1639504341409,2021-12-14T12:52:21.409,13.63,27.52109816325367,4.938691441510079,5.057188475756895
1639504341419,2021-12-14T12:52:21.419,13.64,25.989945896337055,7.577021677180919,3.319666920452754
1639504341429,2021-12-14T12:52:21.429,13.65,25.016920731398905,10.175347593259696,1.994971969115511
1639504341439,2021-12-14T12:52:21.439,13.66,24.41143218881269,12.625740075766622,1.2684349950265188
1639504341449,2021-12-14T12:52:21.449,13.67,23.90526319767048,14.669816531501016,1.2240759981093918
1639504341459,2021-12-14T12:52:21.459,13.68,23.164450706805887,16.05771195837276,1.6928064002481005
1639504341469,2021-12-14T12:52:21.469,13.69,21.868851400863186,16.658822799586076,2.3279560459124364
1639504341479,2021-12-14T12:52:21.479,13.7,19.928624371644403,16.451698407621357,2.73179970333538
1639504341489,2021-12-14T12:52:21.489,13.71,17.507095100550316,15.49162248216405,2.5197392685459814
1639504341499,2021-12-14T12:52:21.499,13.72,14.923943937025221,13.955679841156638,1.722904616479028
1639504341509,2021-12-14T12:52:21.509,13.73,12.659926199250421,12.168782401666665,1.0581146889048165
1639504341519,2021-12-14T12:52:21.519,13.74,11.221933223588447,10.470743688973252,1.089582222398122
1639504341529,2021-12-14T12:52:21.529,13.75,10.741249715606058,9.036163847279969,1.3353656899271198
1639504341539,2021-12-14T12:52:21.539,13.76,10.848755398208628,7.880734037530793,1.1051321417313746
1639504341549,2021-12-14T12:52:21.549,13.77,11.122554869517868,7.007609976268407,0.7860976284012648
1639504341559,2021-12-14T12:52:21.559,13.78,11.4327979127632,6.430408653802949,1.2329860491509714
1639504341569,2021-12-14T12:52:21.569,13.79,11.662502115864688,6.064486073924053,2.3489684384684986
1639504341579,2021-12-14T12:52:21.579,13.8,11.455071002860628,5.754064688437573,3.266582856665418
1639504341589,2021-12-14T12:52:21.589,13.81,10.638244772476536,5.465499038731128,3.596489061811659
1639504341599,2021-12-14T12:52:21.599,13.82,9.64446382313423,5.343835964525552,3.7115277175067103
1639504341609,2021-12-14T12:52:21.609,13.83,9.099271452006363,5.543587000631434,3.983055549415945
1639504341619,2021-12-14T12:52:21.619,13.84,9.221195777812744,6.118405793154812,4.424784450381174
1639504341629,2021-12-14T12:52:21.629,13.85,9.947259435866659,7.077211963971738,5.111829496561565
1639504341639,2021-12-14T12:52:21.639,13.86,11.211011200239154,8.377940044390096,6.312353591204426
1639504341649,2021-12-14T12:52:21.649,13.87,12.638622516250194,9.833783832233724,7.980691899965617
1639504341659,2021-12-14T12:52:21.659,13.88,13.441570905507508,11.182489830338636,9.622986736662074
1639504341669,2021-12-14T12:52:21.669,13.89,13.164532369580416,12.289947937815661,10.941703198745248
1639504341679,2021-12-14T12:52:21.679,13.9,12.220475438313422,13.187017867929644,12.228673193167769
1639504341689,2021-12-14T12:52:21.689,13.91,11.265242761593889,13.912640072882803,13.836267636916931
1639504341699,2021-12-14T12:52:21.699,13.92,10.358812414682614,14.432503633671265,15.557332707454899
1639504341709,2021-12-14T12:52:21.709,13.93,9.213832845514684,14.76912192715956,16.880241681403184
1639504341719,2021-12-14T12:52:21.719,13.94,8.08005638318997,15.148313029884662,17.714176842787804
1639504341729,2021-12-14T12:52:21.729,13.95,7.703565881224019,15.835028348609644,18.469061944633246
1639504341739,2021-12-14T12:52:21.739,13.96,8.158028799046551,16.73671161602296,19.387763882912445
1639504341749,2021-12-14T12:52:21.749,13.97,8.353228379942733,17.392599663795927,20.201018094559767
1639504341759,2021-12-14T12:52:21.759,13.98,7.295693672945998,17.542010631810957,20.66928938813193
1639504341769,2021-12-14T12:52:21.769,13.99,5.337901924573073,17.470684252124467,21.111965156722274
1639504341779,2021-12-14T12:52:21.779,14.0,3.4759532573179,17.60395875093274,21.970305650413458
1639504341789,2021-12-14T12:52:21.789,14.01,1.9373408474023182,18.053407103369864,23.096095815654863
1639504341799,2021-12-14T12:52:21.799,14.02,0.33641118512035423,18.755672480325593,24.084851203314933
1639504341809,2021-12-14T12:52:21.809,14.03,-1.2764673480901194,19.661578582751698,25.169698454788325
1639504341819,2021-12-14T12:52:21.819,14.04,-2.5619133377386127,20.507420754390992,26.93528640793364
1639504341829,2021-12-14T12:52:21.829,14.05,-3.750862443838053,20.776505671829035,29.03366894258242
1639504341839,2021-12-14T12:52:21.839,14.06,-5.345557960339002,20.22827305428334,30.132912600854915
1639504341849,2021-12-14T12:52:21.849,14.07,-7.104374891778262,19.230801129350777,29.585298816523583
1639504341859,2021-12-14T12:52:21.859,14.08,-8.12802549820025,18.332947063137766,28.357818116179896
1639504341869,2021-12-14T12:52:21.869,14.09,-8.00586724665263,17.69668561158102,27.6864037814898
1639504341879,2021-12-14T12:52:21.879,14.1,-7.408519901703231,17.114166404566003,27.461844677274886
1639504341889,2021-12-14T12:52:21.889,14.11,-7.298982343287765,16.42312307396776,26.7949872862369
1639504341899,2021-12-14T12:52:21.899,14.12,-7.701720610418732,15.726235834144443,25.68215879617826
1639504341909,2021-12-14T12:52:21.909,14.13,-7.757435373865782,15.213273215543389,24.946109368043206
1639504341919,2021-12-14T12:52:21.919,14.14,-7.071653776193246,14.92237182349252,24.670323376552773
1639504341929,2021-12-14T12:52:21.929,14.15,-6.160615433199799,14.824936799829256,23.944249638446237
1639504341939,2021-12-14T12:52:21.939,14.16,-5.325052965806054,15.002679240429952,22.290418153116768
1639504341949,2021-12-14T12:52:21.949,14.17,-4.209081200992082,15.44968338151283,20.14314531983441
1639504341959,2021-12-14T12:52:21.959,14.18,-2.8178303307238206,15.841061974973144,17.67722012417071
1639504341969,2021-12-14T12:52:21.969,14.19,-1.7609212899827753,15.88366082860776,14.373457610767904
1639504341979,2021-12-14T12:52:21.979,14.2,-1.107939657563513,15.779889004515962,10.19267709790335
1639504341989,2021-12-14T12:52:21.989,14.21,-0.079804630409947,15.965929777131137,6.1674522108913745
1639504341999,2021-12-14T12:52:21.999,14.22,1.7462689280463781,16.54078716435588,3.2371090120673163
1639504342009,2021-12-14T12:52:22.009,14.23,3.6476627395858827,17.329775444391057,1.1480068568931308
1639504342019,2021-12-14T12:52:22.019,14.24,4.467975391316053,18.228710332033394,-0.9587130011003396
1639504342029,2021-12-14T12:52:22.029,14.25,3.8390681744234554,18.934637024566822,-3.284694921719988
1639504342039,2021-12-14T12:52:22.039,14.26,2.5284439105282406,18.733815077513434,-5.202773830225768
1639504342049,2021-12-14T12:52:22.049,14.27,1.472313418925705,17.367951530111853,-6.1782979280350565
1639504342059,2021-12-14T12:52:22.059,14.28,0.6199809434539156,15.642104959597724,-6.411116903321722
1639504342069,2021-12-14T12:52:22.069,14.29,-0.6553387912503562,14.330773346461317,-6.42793288304785
1639504342079,2021-12-14T12:52:22.079,14.3,-2.009235240929916,13.232235840014347,-6.338741579492007
1639504342089,2021-12-14T12:52:22.089,14.31,-2.073307124254061,12.048895037680044,-5.909305021976403
1639504342099,2021-12-14T12:52:22.099,14.32,-0.34685826728867125,11.154152181379065,-5.294533238292292
1639504342109,2021-12-14T12:52:22.109,14.33,1.9417447942843946,10.8434133778352,-5.093576273703289
1639504342119,2021-12-14T12:52:22.119,14.34,3.401912914194085,10.772858321809712,-5.479180547186198
1639504342129,2021-12-14T12:52:22.129,14.35,3.933259887314912,10.530609472462062,-5.857870255189483
1639504342139,2021-12-14T12:52:22.139,14.36,4.1059148328920125,10.098966855117503,-5.6779098914013995
1639504342149,2021-12-14T12:52:22.149,14.37,3.9965651161028948,9.57306034841553,-5.026694662898732
1639504342159,2021-12-14T12:52:22.159,14.38,3.2806019542638483,8.860613719526665,-4.180725250666897
1639504342169,2021-12-14T12:52:22.169,14.39,2.004348900270606,7.859318210744413,-3.1454270941332947
1639504342179,2021-12-14T12:52:22.179,14.4,0.7402920801135807,6.739600447821276,-1.9121195075257718
1639504342189,2021-12-14T12:52:22.189,14.41,0.05662126715334914,5.853755267775712,-0.662073697341123
1639504342199,2021-12-14T12:52:22.199,14.42,0.14350493470522274,5.451615205684101,0.513164213657448
1639504342209,2021-12-14T12:52:22.209,14.43,1.01431994683688,5.644743643972166,1.6968622305654812
1639504342219,2021-12-14T12:52:22.219,14.44,2.6749450693085253,6.4858044652482505,2.8502427084582056
1639504342229,2021-12-14T12:52:22.229,14.45,4.760014935512153,7.81973991760252,3.7728823216475367
1639504342239,2021-12-14T12:52:22.239,14.46,6.3823567666438885,9.190787544936196,4.402009148770345
1639504342249,2021-12-14T12:52:22.249,14.47,6.891423368568038,10.215383547516902,4.934515830898372
1639504342259,2021-12-14T12:52:22.259,14.48,6.619588451058797,11.014796351958086,5.679841046730729
1639504342269,2021-12-14T12:52:22.269,14.49,6.458273640123956,12.04383784502657,6.869669641872614
1639504342279,2021-12-14T12:52:22.279,14.5,6.800616721754586,13.523415486246405,8.461353797908329
1639504342289,2021-12-14T12:52:22.289,14.51,7.161765728882249,15.215206159552853,10.011601790368369
1639504342299,2021-12-14T12:52:22.299,14.52,6.762975038907785,16.715000488866178,10.860525017260795
1639504342309,2021-12-14T12:52:22.309,14.53,5.391603138396389,17.8135737884279,10.633576961743339
1639504342319,2021-12-14T12:52:22.319,14.54,3.6679401056997074,18.537137634311016,9.598277799287839
1639504342329,2021-12-14T12:52:22.329,14.55,2.32719569942225,18.93746296783939,8.377595237995298
1639504342339,2021-12-14T12:52:22.339,14.56,1.3480977960791285,18.975038572808337,7.283190940478452
1639504342349,2021-12-14T12:52:22.349,14.57,0.14602185247482713,18.624075925982545,6.138045881775537
1639504342359,2021-12-14T12:52:22.359,14.58,-1.4830471992814331,18.01326628831229,4.789101689572196
1639504342369,2021-12-14T12:52:22.369,14.59,-2.9895366901921863,17.447964656730285,3.5041137054353584
1639504342379,2021-12-14T12:52:22.379,14.6,-3.6293746314164856,17.270907011821578,2.674109509604265
1639504342389,2021-12-14T12:52:22.389,14.61,-3.2971067659980333,17.59739987090194,2.252627266137568
1639504342399,2021-12-14T12:52:22.399,14.62,-2.7273364089660035,18.20684967846898,1.7273603906971569
1639504342409,2021-12-14T12:52:22.409,14.63,-2.5955374848502375,18.804817480960992,0.73438032662775
1639504342419,2021-12-14T12:52:22.419,14.64,-2.6410804611728302,19.299129390451444,-0.513713257933607
1639504342429,2021-12-14T12:52:22.429,14.65,-2.3447936271354046,19.66841930028388,-1.6362238655565577
1639504342439,2021-12-14T12:52:22.439,14.66,-2.1159335425559838,19.71463643019385,-2.677668912465381
1639504342449,2021-12-14T12:52:22.449,14.67,-2.811756611010238,19.227528564698225,-3.920320163372677
1639504342459,2021-12-14T12:52:22.459,14.68,-4.35512642844672,18.362156159382224,-5.2865244215734535
1639504342469,2021-12-14T12:52:22.469,14.69,-5.79583734258223,17.57664919532678,-6.351848231747285
1639504342479,2021-12-14T12:52:22.479,14.7,-6.570510520935503,17.134159802327076,-6.925195242105866
1639504342489,2021-12-14T12:52:22.489,14.71,-6.987994575512459,16.87309112848018,-7.298066311677333
1639504342499,2021-12-14T12:52:22.499,14.72,-7.601062015764575,16.505612977897087,-7.833272998978635
1639504342509,2021-12-14T12:52:22.509,14.73,-8.581976554657567,15.932198578502238,-8.532460351825438
1639504342519,2021-12-14T12:52:22.519,14.74,-9.666290752352314,15.233598957978172,-9.232622390412507
1639504342529,2021-12-14T12:52:22.529,14.75,-10.438785799182936,14.55811585176688,-10.089162973410616
1639504342539,2021-12-14T12:52:22.539,14.76,-10.648187867632094,14.06153548166662,-11.492909861643389
1639504342549,2021-12-14T12:52:22.549,14.77,-10.339601068407388,13.802246745503103,-13.48938612546213
1639504342559,2021-12-14T12:52:22.559,14.78,-9.753217161160306,13.644997244754554,-15.630236178132844
1639504342569,2021-12-14T12:52:22.569,14.79,-9.116122176070842,13.376220730141558,-17.475466223978465
1639504342579,2021-12-14T12:52:22.579,14.8,-8.450748814971627,12.972204407207025,-18.98438258210585
1639504342589,2021-12-14T12:52:22.589,14.81,-7.557602328970997,12.660467796275412,-20.403132341022733
1639504342599,2021-12-14T12:52:22.599,14.82,-6.334057496183592,12.61803493104835,-21.97969748001779
1639504342609,2021-12-14T12:52:22.609,14.83,-5.125507464944775,12.694821794496296,-23.74576371666549
1639504342619,2021-12-14T12:52:22.619,14.84,-4.522291549881109,12.590199799525317,-25.476258299532184
1639504342629,2021-12-14T12:52:22.629,14.85,-4.756197354201801,12.237339763508334,-27.001671382591518
1639504342639,2021-12-14T12:52:22.639,14.86,-5.523316646181774,11.820439065236993,-28.489209151435887
1639504342649,2021-12-14T12:52:22.649,14.87,-6.430435288565167,11.44403348024035,-30.046596187310495
1639504342659,2021-12-14T12:52:22.659,14.88,-7.394354792309745,10.981403489642695,-31.161367706729017
1639504342669,2021-12-14T12:52:22.669,14.89,-8.541431867568598,10.25603688242802,-31.079537795704375
1639504342679,2021-12-14T12:52:22.679,14.9,-9.880887944497559,9.203300793139586,-29.68464460598901
1639504342689,2021-12-14T12:52:22.689,14.91,-11.220198092500848,7.83664102875141,-27.48250607762342
1639504342699,2021-12-14T12:52:22.699,14.92,-12.35752303576601,6.221898958207003,-24.850671476744388
1639504342709,2021-12-14T12:52:22.709,14.93,-13.202630423719548,4.524772333054765,-21.859696371264864
1639504342719,2021-12-14T12:52:22.719,14.94,-13.738272307927772,2.9477954852991815,-18.751499209364685
1639504342729,2021-12-14T12:52:22.729,14.95,-14.024667641331824,1.6087183719523517,-16.10674774823004
1639504342739,2021-12-14T12:52:22.739,14.96,-14.144703503919791,0.5816550576218045,-14.477208763748584
1639504342749,2021-12-14T12:52:22.749,14.97,-14.048506731938753,-0.04133102570476786,-14.045350611001876
1639504342759,2021-12-14T12:52:22.759,14.98,-13.747480116850195,-0.2965436280513573,-14.617901972264928
1639504342769,2021-12-14T12:52:22.769,14.99,-13.665337232828865,-0.43917657094000695,-15.81747451909018
1639504342779,2021-12-14T12:52:22.779,15.0,-14.197001611540141,-0.7101067176218048,-17.27850200404919
1639504342789,2021-12-14T12:52:22.789,15.01,-14.919186217220616,-1.089795414354285,-18.759530998309238
1639504342799,2021-12-14T12:52:22.799,15.02,-15.052670796953368,-1.359564622679513,-20.110665044671023
1639504342809,2021-12-14T12:52:22.809,15.03,-14.673150530764886,-1.3155206167561344,-21.11857910974968
1639504342819,2021-12-14T12:52:22.819,15.04,-14.52881321539363,-0.926099415177211,-21.495351837075226
1639504342829,2021-12-14T12:52:22.829,15.05,-14.798467056976495,-0.3655466268966887,-21.14167181159841
1639504342839,2021-12-14T12:52:22.839,15.06,-14.992251991672422,0.14770375342124437,-20.255090139230713
1639504342849,2021-12-14T12:52:22.849,15.07,-14.83239595992653,0.5513872723857656,-18.99296981045256
1639504342859,2021-12-14T12:52:22.859,15.08,-14.435730216592361,0.8577204148136583,-17.247280156828893
1639504342869,2021-12-14T12:52:22.869,15.09,-14.013226647315197,0.9177330980655538,-15.029380574052443
1639504342879,2021-12-14T12:52:22.879,15.1,-13.92133833493984,0.48811376575779036,-12.885847790444068
1639504342889,2021-12-14T12:52:22.889,15.11,-14.50358887375684,-0.45429560797902313,-11.566786209657337
1639504342899,2021-12-14T12:52:22.899,15.12,-15.573970884426458,-1.661307834734359,-11.325147895162226
1639504342909,2021-12-14T12:52:22.909,15.13,-16.536529867436144,-2.8745669132439593,-11.815893894423315
1639504342919,2021-12-14T12:52:22.919,15.14,-17.025226430815838,-3.9404115838036757,-12.588628534139088
1639504342929,2021-12-14T12:52:22.929,15.15,-16.93803558792084,-4.70975364724324,-13.341464801827762
1639504342939,2021-12-14T12:52:22.939,15.16,-16.09085751837236,-5.090789781055618,-13.763907285965406
1639504342949,2021-12-14T12:52:22.949,15.17,-14.416829750060648,-5.20175254074876,-13.53285561361895
1639504342959,2021-12-14T12:52:22.959,15.18,-12.248971331377577,-5.253242321671324,-12.549194796642606
1639504342969,2021-12-14T12:52:22.969,15.19,-9.975054107499277,-5.312772105754176,-10.987795055181689
1639504342979,2021-12-14T12:52:22.979,15.2,-7.710772194211135,-5.338156875872811,-9.1315963077881
1639504342989,2021-12-14T12:52:22.989,15.21,-5.529629787977943,-5.325420560821676,-7.260480750872018
1639504342999,2021-12-14T12:52:22.999,15.22,-3.6257408100747566,-5.293359947827239,-5.584226598459361
1639504343009,2021-12-14T12:52:23.009,15.23,-2.1246410159991154,-5.272610811229496,-4.166626927604051
1639504343019,2021-12-14T12:52:23.019,15.24,-1.0630877565676586,-5.38259179511628,-2.974458408246722
1639504343029,2021-12-14T12:52:23.029,15.25,-0.5254668618757015,-5.7336619072011015,-1.9990749925970968
1639504343039,2021-12-14T12:52:23.039,15.26,-0.4885353942039902,-6.226981490821681,-1.2415660777285389
1639504343049,2021-12-14T12:52:23.049,15.27,-0.6494518933162572,-6.645533279358706,-0.6268824590582469
1639504343059,2021-12-14T12:52:23.059,15.28,-0.7014371426246544,-6.926763499645043,-0.04480799883936837
1639504343069,2021-12-14T12:52:23.069,15.29,-0.6643192037796413,-7.162208269689023,0.5293250338302046
1639504343079,2021-12-14T12:52:23.079,15.3,-0.7493469786839232,-7.382281051128826,0.987991663103163
1639504343089,2021-12-14T12:52:23.089,15.31,-1.031607901417952,-7.516282734279553,1.1560620141284383
1639504343099,2021-12-14T12:52:23.099,15.32,-1.372898437273439,-7.516423594486554,0.9392551547422029
1639504343109,2021-12-14T12:52:23.109,15.33,-1.5861232620239283,-7.394944989966572,0.4328740058502195
1639504343119,2021-12-14T12:52:23.119,15.34,-1.6532284858549935,-7.174069957746626,-0.17843703921544937
1639504343129,2021-12-14T12:52:23.129,15.35,-1.7299957445234488,-6.859328419558096,-0.7987613869040565
1639504343139,2021-12-14T12:52:23.139,15.36,-1.811537269031053,-6.438712645008199,-1.3698811762720844
1639504343149,2021-12-14T12:52:23.149,15.37,-1.5853791649624913,-5.9076427024475695,-1.7305254235768472
1639504343159,2021-12-14T12:52:23.159,15.38,-0.8935870547458544,-5.317168365988961,-1.7557813120423873
1639504343169,2021-12-14T12:52:23.169,15.39,-0.05925398001173199,-4.765753254540474,-1.5609631965664297
1639504343179,2021-12-14T12:52:23.179,15.4,0.6016723988641124,-4.309599150306751,-1.3262992077067624
1639504343189,2021-12-14T12:52:23.189,15.41,1.247013513200192,-3.9158798416068765,-1.0175251398539897
1639504343199,2021-12-14T12:52:23.199,15.42,2.1026107539804033,-3.542721888341894,-0.5109416297917015
1639504343209,2021-12-14T12:52:23.209,15.43,2.9571397944916566,-3.2219081808217402,0.13456146906075564
1639504343219,2021-12-14T12:52:23.219,15.44,3.473502435390359,-3.011904053313323,0.7521544991982868
1639504343229,2021-12-14T12:52:23.229,15.45,3.72210950359046,-2.9078659788992964,1.2809019955786738
1639504343239,2021-12-14T12:52:23.239,15.46,4.013134771487696,-2.8474726475267156,1.7172168865944335
1639504343249,2021-12-14T12:52:23.249,15.47,4.357614315308385,-2.7820993018741262,1.9947116963153189
1639504343259,2021-12-14T12:52:23.259,15.48,4.451709613196145,-2.7124324827666464,2.1008086615914374
1639504343269,2021-12-14T12:52:23.269,15.49,4.167696933216616,-2.6700451089819284,2.203801681841791
1639504343279,2021-12-14T12:52:23.279,15.5,3.747602793866635,-2.685794795441286,2.4848515889665603
1639504343289,2021-12-14T12:52:23.289,15.51,3.4238096014071733,-2.7785696753888343,2.917838843291419
1639504343299,2021-12-14T12:52:23.299,15.52,3.10734337915925,-2.9548055800841198,3.3679197023954983
1639504343309,2021-12-14T12:52:23.309,15.53,2.6280928984130085,-3.189455884343687,3.822645541508904
1639504343319,2021-12-14T12:52:23.319,15.54,2.091149422964907,-3.4200827897130557,4.358182692789282
1639504343329,2021-12-14T12:52:23.329,15.55,1.7509732715425108,-3.598216049843021,4.941195891531697
1639504343339,2021-12-14T12:52:23.339,15.56,1.6256829895557967,-3.7323253182254668,5.433782203942526
1639504343349,2021-12-14T12:52:23.349,15.57,1.499604264906734,-3.8429270454001414,5.791943580459968
1639504343359,2021-12-14T12:52:23.359,15.58,1.314198180657864,-3.8895880542535233,6.135479034776727
1639504343369,2021-12-14T12:52:23.369,15.59,1.3017899599973053,-3.7764186154930304,6.576717144899112
1639504343379,2021-12-14T12:52:23.379,15.6,1.635034353409007,-3.4383333480008478,7.060947316972191
1639504343389,2021-12-14T12:52:23.389,15.61,2.153702856262881,-2.916746591889458,7.453474092268052
1639504343399,2021-12-14T12:52:23.399,15.62,2.5782376916239107,-2.333698343286329,7.726718289783454
1639504343409,2021-12-14T12:52:23.409,15.63,2.8356604314956932,-1.7840151026529447,7.9578052710916225
1639504343419,2021-12-14T12:52:23.419,15.64,3.0357021992396342,-1.2804466333611335,8.175128409602546
1639504343429,2021-12-14T12:52:23.429,15.65,3.256802341720901,-0.7990714873241737,8.316092469750576
1639504343439,2021-12-14T12:52:23.439,15.66,3.506723948827676,-0.31334193750078987,8.333287784645135
1639504343449,2021-12-14T12:52:23.449,15.67,3.8102157909854037,0.22399526020620134,8.263242865757267
1639504343459,2021-12-14T12:52:23.459,15.68,4.196185784971361,0.867018778333124,8.176840186263181
1639504343469,2021-12-14T12:52:23.469,15.69,4.628030174371588,1.62100160701694,8.100679705896276
1639504343479,2021-12-14T12:52:23.479,15.7,5.032489569887523,2.4231556302308053,8.004365082265416
1639504343489,2021-12-14T12:52:23.489,15.71,5.3932239363136425,3.195773281556491,7.856738278158108
1639504343499,2021-12-14T12:52:23.499,15.72,5.771835222719971,3.919882143191874,7.677819231965484
1639504343509,2021-12-14T12:52:23.509,15.73,6.209691295490633,4.6291448716028905,7.521972530135706
1639504343519,2021-12-14T12:52:23.519,15.74,6.634396041105193,5.322099180148929,7.415244601412265
1639504343529,2021-12-14T12:52:23.529,15.75,6.94209030327231,5.935637567153056,7.33234194430253
1639504343539,2021-12-14T12:52:23.539,15.76,7.1605614486334765,6.428999518079211,7.2389819351079
1639504343549,2021-12-14T12:52:23.549,15.77,7.408712159564755,6.824010772206652,7.112901738719254
1639504343559,2021-12-14T12:52:23.559,15.78,7.699094886258088,7.126431235086495,6.904833989662858
1639504343569,2021-12-14T12:52:23.569,15.79,7.9255741200745025,7.289336684619768,6.543878822091056
1639504343579,2021-12-14T12:52:23.579,15.8,8.054505822962255,7.3130506752053135,6.012246026094079
1639504343589,2021-12-14T12:52:23.589,15.81,8.191127311954105,7.301377512200958,5.361656313705911
1639504343599,2021-12-14T12:52:23.599,15.82,8.434082867300365,7.340635148998491,4.656602359510144
1639504343609,2021-12-14T12:52:23.609,15.83,8.775719929432121,7.38973501539255,3.9483424400750176
1639504343619,2021-12-14T12:52:23.619,15.84,9.170737034780943,7.361295596441951,3.275469401998376
1639504343629,2021-12-14T12:52:23.629,15.85,9.58708520012084,7.242173731477909,2.6460733187907337
1639504343639,2021-12-14T12:52:23.639,15.86,9.945973949740775,7.071042128430861,2.0407804256769713
1639504343649,2021-12-14T12:52:23.649,15.87,10.143819017193792,6.859021764489864,1.444035437114559
1639504343659,2021-12-14T12:52:23.659,15.88,10.203820925131797,6.594709695105578,0.8451312737357723
1639504343669,2021-12-14T12:52:23.669,15.89,10.294148353626241,6.312314491417313,0.22269398695392967
1639504343679,2021-12-14T12:52:23.679,15.9,10.549147528179718,6.101740237467272,-0.42906820064331125
1639504343689,2021-12-14T12:52:23.689,15.91,10.947833178470727,6.003571794505479,-1.0812540559778372
1639504343699,2021-12-14T12:52:23.699,15.92,11.342707758098566,5.921494028960582,-1.722483497925042
1639504343709,2021-12-14T12:52:23.709,15.93,11.559241169846235,5.712487035412149,-2.384514360375094
1639504343719,2021-12-14T12:52:23.719,15.94,11.573568592328042,5.352853543048452,-3.0450509419820264
1639504343729,2021-12-14T12:52:23.729,15.95,11.606108465848763,4.947361283187195,-3.554594569312031
1639504343739,2021-12-14T12:52:23.739,15.96,11.847735957480678,4.5757516793261654,-3.7688166494601414
1639504343749,2021-12-14T12:52:23.749,15.97,12.12296783056701,4.185866868942026,-3.7261588599463114
1639504343759,2021-12-14T12:52:23.759,15.98,12.098109489295846,3.656667306052006,-3.567042619711974
1639504343769,2021-12-14T12:52:23.769,15.99,11.755395847233935,2.9277596707354974,-3.3038667475377492
1639504343779,2021-12-14T12:52:23.779,16.0,11.336872666931054,2.032110835803852,-2.825675945077889
1639504343789,2021-12-14T12:52:23.789,16.01,10.911727573533666,1.02819510772794,-2.1242814336704656
1639504343799,2021-12-14T12:52:23.799,16.02,10.33276412225194,-0.04799800464638612,-1.3681273196400285
1639504343809,2021-12-14T12:52:23.809,16.03,9.546977851534404,-1.1632374427540102,-0.7199216634449837
1639504343819,2021-12-14T12:52:23.819,16.04,8.67529749055205,-2.2747456188688338,-0.176347053515239
1639504343829,2021-12-14T12:52:23.829,16.05,7.813154929264172,-3.3742497691437547,0.3555876913463494
1639504343839,2021-12-14T12:52:23.839,16.06,6.91372175136334,-4.498572138291435,0.891015330492194
1639504343849,2021-12-14T12:52:23.849,16.07,5.882716737466568,-5.640185352461577,1.3801073871320622
1639504343859,2021-12-14T12:52:23.859,16.08,4.738742845291146,-6.7019655963446905,1.8406415942060943
1639504343869,2021-12-14T12:52:23.869,16.09,3.6333183865308194,-7.612530731707597,2.340789656123813
1639504343879,2021-12-14T12:52:23.879,16.1,2.6956560901418065,-8.415383918685599,2.895743836670043
1639504343889,2021-12-14T12:52:23.889,16.11,1.9427294206985808,-9.161856982457344,3.507834620701405
1639504343899,2021-12-14T12:52:23.899,16.12,1.371005791192643,-9.809144763759893,4.217376246812255
1639504343909,2021-12-14T12:52:23.909,16.13,0.9812269529904131,-10.325619107847436,4.990458648258429
1639504343919,2021-12-14T12:52:23.919,16.14,0.6766723916889956,-10.79063277496274,5.683554397022174
1639504343929,2021-12-14T12:52:23.929,16.15,0.33798544703483935,-11.270667761918945,6.2371528479471365
1639504343939,2021-12-14T12:52:23.939,16.16,0.017322377296927947,-11.70164508430342,6.76896585262515
1639504343949,2021-12-14T12:52:23.949,16.17,-0.14229457304973747,-11.997538558181654,7.377652930040897
1639504343959,2021-12-14T12:52:23.959,16.18,-0.1233978773754369,-12.151820142576565,8.003773070087705
1639504343969,2021-12-14T12:52:23.969,16.19,0.030293592882210098,-12.151154911328362,8.587797257410037
1639504343979,2021-12-14T12:52:23.979,16.2,0.3426113413994547,-11.948201308953912,9.21021745309872
1639504343989,2021-12-14T12:52:23.989,16.21,0.7489976863010916,-11.604218685269078,9.932885444084178
1639504343999,2021-12-14T12:52:23.999,16.22,1.0163880908075182,-11.283506821266812,10.618467635913209
1639504344009,2021-12-14T12:52:24.009,16.23,1.0485243723611233,-11.009911212794014,11.062141158549668
1639504344019,2021-12-14T12:52:24.019,16.24,1.0588058962501965,-10.603217574127402,11.228874238616683
1639504344029,2021-12-14T12:52:24.029,16.25,1.2296228856733418,-9.950902005397872,11.227139463490575
1639504344039,2021-12-14T12:52:24.039,16.26,1.4200508653616621,-9.164464120349837,11.110224116973672
1639504344049,2021-12-14T12:52:24.049,16.27,1.4200326898784816,-8.387845124228894,10.84253063735583
1639504344059,2021-12-14T12:52:24.059,16.28,1.2844085217933903,-7.6323765890903505,10.45241756975937
1639504344069,2021-12-14T12:52:24.069,16.29,1.188657038720489,-6.861805678203833,10.090528051809144
1639504344079,2021-12-14T12:52:24.079,16.3,1.1282292516083117,-6.081423490312886,9.864214067466028
1639504344089,2021-12-14T12:52:24.089,16.31,1.0039068623835783,-5.306581994458142,9.69263893820294
1639504344099,2021-12-14T12:52:24.099,16.32,0.8680613047934871,-4.5559627001726355,9.432061457771683
1639504344109,2021-12-14T12:52:24.109,16.33,0.8193051887661433,-3.8823791080184176,9.069345752655966
1639504344119,2021-12-14T12:52:24.119,16.34,0.7558381106525913,-3.3388697122425395,8.664450461883177
1639504344129,2021-12-14T12:52:24.129,16.35,0.5251854301772788,-2.92141831031752,8.204979951078924
1639504344139,2021-12-14T12:52:24.139,16.36,0.23900592650469835,-2.5829993446260286,7.673877553230209
1639504344149,2021-12-14T12:52:24.149,16.37,0.14152982180679288,-2.293737063680943,7.158602896695468
1639504344159,2021-12-14T12:52:24.159,16.38,0.23965084918840177,-2.061973445906358,6.739598364555304
1639504344169,2021-12-14T12:52:24.169,16.39,0.33434853502675654,-1.901903275771957,6.359860180482826
1639504344179,2021-12-14T12:52:24.179,16.4,0.33913278490960586,-1.811124444929141,5.932369384786879
1639504344189,2021-12-14T12:52:24.189,16.41,0.34372128096192844,-1.7832422685188805,5.494744499037173
1639504344199,2021-12-14T12:52:24.199,16.42,0.4221863033524058,-1.8143426917790955,5.155122027628061
1639504344209,2021-12-14T12:52:24.209,16.43,0.5199245780928085,-1.9079381751241304,4.95088936826236
1639504344219,2021-12-14T12:52:24.219,16.44,0.5005398853925513,-2.0997485388660833,4.831108294441351
1639504344229,2021-12-14T12:52:24.229,16.45,0.27050777389658875,-2.437471685377686,4.736639180186019
1639504344239,2021-12-14T12:52:24.239,16.46,-0.09685524819825483,-2.8993180899182707,4.666614589089642
1639504344249,2021-12-14T12:52:24.249,16.47,-0.37728225068769167,-3.3846616751993617,4.678311571926241
1639504344259,2021-12-14T12:52:24.259,16.48,-0.4005311813787759,-3.825113857471036,4.8121624201860715
1639504344269,2021-12-14T12:52:24.269,16.49,-0.22881271367257247,-4.246258437096159,5.0264605074389515
1639504344279,2021-12-14T12:52:24.279,16.5,-0.06818483697644095,-4.683326142438902,5.233670030181605
1639504344289,2021-12-14T12:52:24.289,16.51,-0.008317091258429037,-5.1040294421487,5.3708905207543225
1639504344299,2021-12-14T12:52:24.299,16.52,0.061309266270367306,-5.448744598725514,5.409747507888298
1639504344309,2021-12-14T12:52:24.309,16.53,0.24101976486769594,-5.687698493525691,5.345928850715021
1639504344319,2021-12-14T12:52:24.319,16.54,0.4325122021018827,-5.82654441552857,5.206789865878095
1639504344329,2021-12-14T12:52:24.329,16.55,0.4669055128614719,-5.897465455626466,5.04618440582176
1639504344339,2021-12-14T12:52:24.339,16.56,0.3499420689430367,-5.925846584594157,4.92749177504715
1639504344349,2021-12-14T12:52:24.349,16.57,0.23865080117742016,-5.8866914390378335,4.899591185523784
1639504344359,2021-12-14T12:52:24.359,16.58,0.21359864572796167,-5.739726114943762,4.962001218646035
1639504344369,2021-12-14T12:52:24.369,16.59,0.22234873744155476,-5.499924905526277,5.071437999152362
1639504344379,2021-12-14T12:52:24.379,16.6,0.21862593692612559,-5.210253765240854,5.1921921929504435
1639504344389,2021-12-14T12:52:24.389,16.61,0.21758235762632896,-4.873692071865874,5.301982041821375
1639504344399,2021-12-14T12:52:24.399,16.62,0.23533182820622045,-4.4787554402909215,5.362276633224042
1639504344409,2021-12-14T12:52:24.409,16.63,0.26632564878467957,-4.05431068355504,5.34172327106757
1639504344419,2021-12-14T12:52:24.419,16.64,0.28805829581702525,-3.640315621115641,5.258274587215995
1639504344429,2021-12-14T12:52:24.429,16.65,0.24896716443082145,-3.239338773943788,5.151906788083692
1639504344439,2021-12-14T12:52:24.439,16.66,0.10387461363106262,-2.8458264004212355,5.029736645307
1639504344449,2021-12-14T12:52:24.449,16.67,-0.12040034920628989,-2.4923681262486976,4.873051908680264
1639504344459,2021-12-14T12:52:24.459,16.68,-0.3369487872996703,-2.215550574604473,4.672709643775669
1639504344469,2021-12-14T12:52:24.469,16.69,-0.47516729899340426,-1.9997998877776315,4.421188442229512
1639504344479,2021-12-14T12:52:24.479,16.7,-0.5341068797838241,-1.8180496341122219,4.111863695970374
1639504344489,2021-12-14T12:52:24.489,16.71,-0.600785997598813,-1.7171892169895324,3.7838790103948585
1639504344499,2021-12-14T12:52:24.499,16.72,-0.8010347217083655,-1.7853911102875726,3.5036525396600418
1639504344509,2021-12-14T12:52:24.509,16.73,-1.1680726253165368,-2.017621136683662,3.251253401102435
1639504344519,2021-12-14T12:52:24.519,16.74,-1.6095063650247416,-2.288553307156365,2.879685173608952
1639504344529,2021-12-14T12:52:24.529,16.75,-2.0182714303197677,-2.487036784930723,2.252855611132285
1639504344539,2021-12-14T12:52:24.539,16.76,-2.264935650854895,-2.5965185153558226,1.4220897558141905
1639504344549,2021-12-14T12:52:24.549,16.77,-2.150715066612908,-2.6223504455502,0.6056777380508764
1639504344559,2021-12-14T12:52:24.559,16.78,-1.6571602978986384,-2.5610863089089206,-0.018789359740365746
1639504344569,2021-12-14T12:52:24.569,16.79,-1.1462949750308127,-2.485455504881165,-0.3815482762282967
1639504344579,2021-12-14T12:52:24.579,16.8,-1.005375119972515,-2.530526028593205,-0.3879293616119247
1639504344589,2021-12-14T12:52:24.589,16.81,-1.2064549192430274,-2.7348449430309056,0.0028752864242608672
1639504344599,2021-12-14T12:52:24.599,16.82,-1.4350819586220966,-2.9858527289066803,0.5390934507824139
1639504344609,2021-12-14T12:52:24.609,16.83,-1.5018789917752713,-3.144209156792929,0.8600872391298482
1639504344619,2021-12-14T12:52:24.619,16.84,-1.470398389681533,-3.14705363349488,0.9071561753225974
1639504344629,2021-12-14T12:52:24.629,16.85,-1.4983362160668068,-3.0089717089189776,0.8423607803071942
1639504344639,2021-12-14T12:52:24.639,16.86,-1.6604917609858616,-2.8058419260765737,0.7064289786441809
1639504344649,2021-12-14T12:52:24.649,16.87,-1.8855691566145403,-2.635055351719776,0.4583219915383917
1639504344659,2021-12-14T12:52:24.659,16.88,-2.0352726272608006,-2.5223146973252852,0.1775194375400453
1639504344669,2021-12-14T12:52:24.669,16.89,-2.0580202768933438,-2.3985670013776375,-0.0032119507261438376
1639504344679,2021-12-14T12:52:24.679,16.9,-2.022989525016903,-2.219144625553735,-0.0380170983652172
1639504344689,2021-12-14T12:52:24.689,16.91,-1.9739416765867026,-2.0463948934272227,0.050636820385723716
1639504344699,2021-12-14T12:52:24.699,16.92,-1.8545604355043892,-1.9563215526290874,0.2023871737319519
1639504344709,2021-12-14T12:52:24.709,16.93,-1.6497391126698506,-1.932053756156781,0.30399438415958746
1639504344719,2021-12-14T12:52:24.719,16.94,-1.4647948152038035,-1.9047931595716818,0.2604172784978763
1639504344729,2021-12-14T12:52:24.729,16.95,-1.364918674864219,-1.8342731270317199,0.10194691129480993
1639504344739,2021-12-14T12:52:24.739,16.96,-1.2771147674627208,-1.7195906890925352,-0.04649741555583306
1639504344749,2021-12-14T12:52:24.749,16.97,-1.1511870279396719,-1.584957578790834,-0.11268246860813691
1639504344759,2021-12-14T12:52:24.759,16.98,-1.0709320696690696,-1.4460067530216016,-0.14637480156968957
1639504344769,2021-12-14T12:52:24.769,16.99,-1.0946228031533631,-1.26635794229389,-0.2125145598559649
1639504344779,2021-12-14T12:52:24.779,17.0,-1.1240489531194566,-1.005637937296772,-0.2736885928601931
1639504344789,2021-12-14T12:52:24.789,17.01,-1.0789977079899264,-0.7112460514831065,-0.2765266549651872
1639504344799,2021-12-14T12:52:24.799,17.02,-1.0941175924337982,-0.47808783363374974,-0.3028571193731263
1639504344809,2021-12-14T12:52:24.809,17.03,-1.3480227622306276,-0.327065581060892,-0.4822792792196764
1639504344819,2021-12-14T12:52:24.819,17.04,-1.757430159319519,-0.19869995275575206,-0.78869666486381
1639504344829,2021-12-14T12:52:24.829,17.05,-2.0565652013410087,-0.057226986342828204,-1.077376967050307
1639504344839,2021-12-14T12:52:24.839,17.06,-2.1495227152496312,0.04804128246279789,-1.283057592416019
1639504344849,2021-12-14T12:52:24.849,17.07,-2.182664841752116,0.03476749332130757,-1.4449385760087528
1639504344859,2021-12-14T12:52:24.859,17.08,-2.302684752814747,-0.11273677780807691,-1.5905609917469117
1639504344869,2021-12-14T12:52:24.869,17.09,-2.518165819194526,-0.32763911393277256,-1.718389425725683
1639504344879,2021-12-14T12:52:24.879,17.1,-2.752827623782475,-0.5480835919082799,-1.8517382808788039
1639504344889,2021-12-14T12:52:24.889,17.11,-2.895552033488367,-0.7609445555583906,-2.0227077833375575
1639504344899,2021-12-14T12:52:24.899,17.12,-2.859290984653619,-0.9483808454403104,-2.2352691376864335
1639504344909,2021-12-14T12:52:24.909,17.13,-2.6951474154553363,-1.0755856362798806,-2.4804210382210012
1639504344919,2021-12-14T12:52:24.919,17.14,-2.570091008241877,-1.14997357485528,-2.7422622470318867
1639504344929,2021-12-14T12:52:24.929,17.15,-2.558812152447308,-1.2023855590278854,-2.9772859745092672
1639504344939,2021-12-14T12:52:24.939,17.16,-2.561683792506073,-1.1998020300071133,-3.136571196550981
1639504344949,2021-12-14T12:52:24.949,17.17,-2.483895726993145,-1.0838871611451868,-3.208792880459585
1639504344959,2021-12-14T12:52:24.959,17.18,-2.3767566140798118,-0.9039016312574419,-3.200473312322231
1639504344969,2021-12-14T12:52:24.969,17.19,-2.342863734113294,-0.7813819736568877,-3.090770149859373
1639504344979,2021-12-14T12:52:24.979,17.2,-2.3863686401053514,-0.7248587744561066,-2.8659290529060106
1639504344989,2021-12-14T12:52:24.989,17.21,-2.4213307062552194,-0.6172584452551534,-2.5976025776658203
1639504344999,2021-12-14T12:52:24.999,17.22,-2.3999907895834665,-0.4042406395314827,-2.416153508300476
1639504345009,2021-12-14T12:52:25.009,17.23,-2.3538738997403508,-0.15045255291632376,-2.382480784178304
1639504345019,2021-12-14T12:52:25.019,17.24,-2.29811289303638,0.1074631184708637,-2.4436129795239587
1639504345029,2021-12-14T12:52:25.029,17.25,-2.209437431377676,0.4081781819813104,-2.528683429420372
1639504345039,2021-12-14T12:52:25.039,17.26,-2.125713784423321,0.7285427914031217,-2.6256540111012545
1639504345049,2021-12-14T12:52:25.049,17.27,-2.124997747165961,0.9506348668191262,-2.743979031727784
1639504345059,2021-12-14T12:52:25.059,17.28,-2.1838332038632897,1.03129495009104,-2.840849288982219
1639504345069,2021-12-14T12:52:25.069,17.29,-2.1998147970708,1.0685638611943646,-2.8183989756775327
1639504345079,2021-12-14T12:52:25.079,17.3,-2.1521046892553635,1.1247974872921134,-2.6547859834762164
1639504345089,2021-12-14T12:52:25.089,17.31,-2.108179883776807,1.1225266970076269,-2.5387964400450915
1639504345099,2021-12-14T12:52:25.099,17.32,-2.0900250820063344,1.0041232020952584,-2.6861520871409197
1639504345109,2021-12-14T12:52:25.109,17.33,-2.0428500317501945,0.8568917311052584,-2.9725354275707163
1639504345119,2021-12-14T12:52:25.119,17.34,-1.9346164496401803,0.7745503403324121,-3.0553039087944835
1639504345129,2021-12-14T12:52:25.129,17.35,-1.8233319805081059,0.7136512172695753,-2.9150105134883093
1639504345139,2021-12-14T12:52:25.139,17.36,-1.796528325084875,0.6007721632452634,-2.8838971263823048
1639504345149,2021-12-14T12:52:25.149,17.37,-1.8518281810030288,0.48276613349960107,-3.1159233204293857
1639504345159,2021-12-14T12:52:25.159,17.38,-1.8882561962778945,0.4490184842575256,-3.4292719131885088
1639504345169,2021-12-14T12:52:25.169,17.39,-1.8494542531850235,0.48806226933824787,-3.6472925492124424
1639504345179,2021-12-14T12:52:25.179,17.4,-1.8120590205174134,0.5408564010989302,-3.7655055270606272
1639504345189,2021-12-14T12:52:25.189,17.41,-1.860039804376476,0.6117142963236739,-3.836564398406896
1639504345199,2021-12-14T12:52:25.199,17.42,-1.9354457315172764,0.718665671577816,-3.909231047794477
1639504345209,2021-12-14T12:52:25.209,17.43,-1.933207644284678,0.8269751871345662,-4.025045203040415
1639504345219,2021-12-14T12:52:25.219,17.44,-1.8886033874849812,0.9156459230172391,-4.169105039667148
1639504345229,2021-12-14T12:52:25.229,17.45,-1.9105602167201883,1.0144137003247065,-4.2839895515749244
1639504345239,2021-12-14T12:52:25.239,17.46,-1.9864414343868826,1.1282777286133034,-4.364033042775726
1639504345249,2021-12-14T12:52:25.249,17.47,-2.022271131783674,1.22173655378525,-4.464236393433639
1639504345259,2021-12-14T12:52:25.259,17.48,-1.997839548985005,1.294277575730944,-4.607632671015012
1639504345269,2021-12-14T12:52:25.269,17.49,-1.9434507459606776,1.3792167340644443,-4.745496613507428
1639504345279,2021-12-14T12:52:25.279,17.5,-1.861632740699826,1.4668869654497416,-4.814060881935338
1639504345289,2021-12-14T12:52:25.289,17.51,-1.7622014000254067,1.5187503999911511,-4.807865828477094
1639504345299,2021-12-14T12:52:25.299,17.52,-1.6915102517865943,1.5699931065245,-4.798145103492715
1639504345309,2021-12-14T12:52:25.309,17.53,-1.6847293496789602,1.7280041163087918,-4.851930354998505
1639504345319,2021-12-14T12:52:25.319,17.54,-1.7304041316843466,1.9957927854345434,-4.937604824925044
1639504345329,2021-12-14T12:52:25.329,17.55,-1.7815153032080349,2.166974619143037,-4.990711093971362
1639504345339,2021-12-14T12:52:25.339,17.56,-1.791854716081722,2.066186013724855,-5.0505371290408325
1639504345349,2021-12-14T12:52:25.349,17.57,-1.7752914930363952,1.862467714253027,-5.205667411713802
1639504345359,2021-12-14T12:52:25.359,17.58,-1.8259224564411158,1.8810947286411266,-5.430308582941583
1639504345369,2021-12-14T12:52:25.369,17.59,-2.0225567362282257,2.109806330074716,-5.609034335223132
1639504345379,2021-12-14T12:52:25.379,17.6,-2.324794412406927,2.2087550188661647,-5.716257743580201
1639504345389,2021-12-14T12:52:25.389,17.61,-2.605873220624016,2.013641689819184,-5.861573764064442
1639504345399,2021-12-14T12:52:25.399,17.62,-2.711353120026247,1.7310199625951341,-6.124775964281788
1639504345409,2021-12-14T12:52:25.409,17.63,-2.4679746620853433,1.6281880671784252,-6.415884844728096
1639504345419,2021-12-14T12:52:25.419,17.64,-1.8343982855992793,1.7425873120019832,-6.57641221424854
1639504345429,2021-12-14T12:52:25.429,17.65,-1.091065515796757,1.9105434345914856,-6.57618530842897
1639504345439,2021-12-14T12:52:25.439,17.66,-0.647226603622604,1.9619049089168445,-6.492722372311772
1639504345449,2021-12-14T12:52:25.449,17.67,-0.6245488451337788,1.8543378443578447,-6.338840169559077
1639504345459,2021-12-14T12:52:25.459,17.68,-0.8183455712626937,1.6745897891342547,-6.068190790413588
1639504345469,2021-12-14T12:52:25.469,17.69,-1.0118783239762315,1.5667294461069834,-5.731927827583728
1639504345479,2021-12-14T12:52:25.479,17.7,-1.1341256608713906,1.6481166189645222,-5.489965959627171
1639504345489,2021-12-14T12:52:25.489,17.71,-1.1842680236219456,1.9318969359990783,-5.460199012345738
1639504345499,2021-12-14T12:52:25.499,17.72,-1.2121188396689393,2.3006054429212295,-5.626374663361421
1639504345509,2021-12-14T12:52:25.509,17.73,-1.34900184750298,2.584535112483515,-5.886522348451747
1639504345519,2021-12-14T12:52:25.519,17.74,-1.6489246963017183,2.699414615552132,-6.147384827547887
1639504345529,2021-12-14T12:52:25.529,17.75,-1.9080039223392453,2.6954518556542255,-6.3669124366571985
1639504345539,2021-12-14T12:52:25.539,17.76,-1.8826716557821248,2.652681998630779,-6.532145162125447
1639504345549,2021-12-14T12:52:25.549,17.77,-1.6534851581013168,2.5738602672564452,-6.633148657952873
1639504345559,2021-12-14T12:52:25.559,17.78,-1.5028475502969796,2.4339020120507877,-6.686855668964737
1639504345569,2021-12-14T12:52:25.569,17.79,-1.5055425910703302,2.279023475643456,-6.764060930801762
1639504345579,2021-12-14T12:52:25.579,17.8,-1.4952930755090048,2.1844759811425827,-6.934658052751777
1639504345589,2021-12-14T12:52:25.589,17.81,-1.3603429243420133,2.1460208636923723,-7.189494652450913
1639504345599,2021-12-14T12:52:25.599,17.82,-1.172409822012658,2.100144076817438,-7.463710900230664
1639504345609,2021-12-14T12:52:25.609,17.83,-1.044360393641015,2.0298622629862892,-7.7074505664122475
1639504345619,2021-12-14T12:52:25.619,17.84,-0.9920615110074947,1.9831500264556503,-7.888358637406672
1639504345629,2021-12-14T12:52:25.629,17.85,-0.9724459455033045,2.0087900054096224,-7.974519948358317
1639504345639,2021-12-14T12:52:25.639,17.86,-0.9621354307828753,2.125888902181758,-7.953354312448355
1639504345649,2021-12-14T12:52:25.649,17.87,-0.9505069067757193,2.3287111404712837,-7.846623475221205
1639504345659,2021-12-14T12:52:25.659,17.88,-0.9579232776037444,2.5660772241282075,-7.728818916691942
1639504345669,2021-12-14T12:52:25.669,17.89,-1.0652960285783952,2.7484708538512166,-7.717999083804191
1639504345679,2021-12-14T12:52:25.679,17.9,-1.274220617453015,2.848584001346497,-7.852500805892134
1639504345689,2021-12-14T12:52:25.689,17.91,-1.40007286631797,2.9558530338312043,-8.009017965639977
1639504345699,2021-12-14T12:52:25.699,17.92,-1.3132681041371899,3.1409348972961286,-8.063975248867349
1639504345709,2021-12-14T12:52:25.709,17.93,-1.165258734357292,3.32050448729671,-8.056586521342439
1639504345719,2021-12-14T12:52:25.719,17.94,-1.1507167911662948,3.362095756528321,-8.066837976102699
1639504345729,2021-12-14T12:52:25.729,17.95,-1.232035316500357,3.261413205353373,-8.062397986546912
1639504345739,2021-12-14T12:52:25.739,17.96,-1.3045553201159672,3.11278712527747,-7.997619917546931
1639504345749,2021-12-14T12:52:25.749,17.97,-1.3919361295986992,2.9720168318486184,-7.931940720409235
1639504345759,2021-12-14T12:52:25.759,17.98,-1.5006304197241502,2.8508676440796332,-7.940306399001407
1639504345769,2021-12-14T12:52:25.769,17.99,-1.5273899712587617,2.786293059055459,-8.01110933287917
1639504345779,2021-12-14T12:52:25.779,18.0,-1.4362071630152138,2.809624635615609,-8.099177514124333
1639504345789,2021-12-14T12:52:25.789,18.01,-1.3201933403660786,2.8818052500122837,-8.191594550452045
1639504345799,2021-12-14T12:52:25.799,18.02,-1.238927785667585,2.9421954284965426,-8.278657527852957
1639504345809,2021-12-14T12:52:25.809,18.03,-1.1620893500812803,2.9905675219160592,-8.32773479375684
1639504345819,2021-12-14T12:52:25.819,18.04,-1.0732533009747764,3.0543654425933973,-8.314784382094947
1639504345829,2021-12-14T12:52:25.829,18.05,-1.0076884854725696,3.1069753391530117,-8.247293263914328
1639504345839,2021-12-14T12:52:25.839,18.06,-1.0017811150381508,3.083195549113144,-8.164588020761613
1639504345849,2021-12-14T12:52:25.849,18.07,-1.059400130971409,2.9718117448444183,-8.133594671574306
1639504345859,2021-12-14T12:52:25.859,18.08,-1.143539504802821,2.8504890866873818,-8.197041765979714
1639504345869,2021-12-14T12:52:25.869,18.09,-1.202222747804151,2.807650364388136,-8.315100866953259
1639504345879,2021-12-14T12:52:25.879,18.1,-1.2231931337228534,2.848519681070848,-8.421980164089083
1639504345889,2021-12-14T12:52:25.889,18.11,-1.2205598890304934,2.913200831382415,-8.520647419388137
1639504345899,2021-12-14T12:52:25.899,18.12,-1.173848365918635,2.96958465510828,-8.640276143481627
1639504345909,2021-12-14T12:52:25.909,18.13,-1.0720639050028629,3.0253094268116794,-8.74845609746498
1639504345919,2021-12-14T12:52:25.919,18.14,-0.9980634571226057,3.06084648380144,-8.803651331957955
1639504345929,2021-12-14T12:52:25.929,18.15,-1.0528427307682415,3.0359593944243564,-8.844007791164517
1639504345939,2021-12-14T12:52:25.939,18.16,-1.2181503867426908,2.960175979270173,-8.933972833870023
1639504345949,2021-12-14T12:52:25.949,18.17,-1.3804799353648365,2.8801312637683743,-9.070065454548505
1639504345959,2021-12-14T12:52:25.959,18.18,-1.4422639432139492,2.8084070177313745,-9.205881653657375
1639504345969,2021-12-14T12:52:25.969,18.19,-1.3745664941960483,2.730317697567189,-9.31788021667577
1639504345979,2021-12-14T12:52:25.979,18.2,-1.2406964381397163,2.66455660858575,-9.397095868276534
1639504345989,2021-12-14T12:52:25.989,18.21,-1.1542819314735129,2.6498654371169494,-9.424399838451937
1639504345999,2021-12-14T12:52:25.999,18.22,-1.1414361756152342,2.658871420917075,-9.391852279693301
1639504346009,2021-12-14T12:52:26.009,18.23,-1.1106379755804194,2.594262365665732,-9.321529378006058
1639504346019,2021-12-14T12:52:26.019,18.24,-0.9981119188200454,2.430635102330504,-9.239466288816017
1639504346029,2021-12-14T12:52:26.029,18.25,-0.8505743160213437,2.2883781678761537,-9.137987670984554
1639504346039,2021-12-14T12:52:26.039,18.26,-0.7506215724287094,2.2703807186774134,-8.987163903588058
1639504346049,2021-12-14T12:52:26.049,18.27,-0.7229253731345973,2.312533213224578,-8.79357804935558
1639504346059,2021-12-14T12:52:26.059,18.28,-0.7219920709522303,2.31139863279843,-8.608966758505712
1639504346069,2021-12-14T12:52:26.069,18.29,-0.7002516838925479,2.289835473968445,-8.452689563185759
1639504346079,2021-12-14T12:52:26.079,18.3,-0.6547985159700891,2.311485412496311,-8.28309510238245
1639504346089,2021-12-14T12:52:26.089,18.31,-0.5909695719096428,2.3413914122308137,-8.088112705301242
1639504346099,2021-12-14T12:52:26.099,18.32,-0.5196956587775539,2.299659426397211,-7.933919152714556
1639504346109,2021-12-14T12:52:26.109,18.33,-0.5053650283714779,2.1731398540047424,-7.87621955499997
1639504346119,2021-12-14T12:52:26.119,18.34,-0.5999980450277835,2.019760120918894,-7.893042099682326
1639504346129,2021-12-14T12:52:26.129,18.35,-0.7278892511371494,1.9142315936875276,-7.939556753988173
1639504346139,2021-12-14T12:52:26.139,18.36,-0.7466429750769055,1.892592203492198,-8.009255167554242
1639504346149,2021-12-14T12:52:26.149,18.37,-0.6074561057657369,1.923280668675984,-8.123833235496917
1639504346159,2021-12-14T12:52:26.159,18.38,-0.3838230372027357,1.953146854178058,-8.28248727402489
1639504346169,2021-12-14T12:52:26.169,18.39,-0.17591316671471052,1.9746904950067257,-8.39943822402126
1639504346179,2021-12-14T12:52:26.179,18.4,-0.02159825943271825,2.004813299655656,-8.311127162261602
1639504346189,2021-12-14T12:52:26.189,18.41,0.1262530378989885,2.0189638928080518,-7.90305493984818
1639504346199,2021-12-14T12:52:26.199,18.42,0.3410590564720576,1.9718275327813215,-7.195244846609668
1639504346209,2021-12-14T12:52:26.209,18.43,0.6327559761996806,1.872771757948483,-6.26450930100726
1639504346219,2021-12-14T12:52:26.219,18.44,0.9190391879856761,1.7660542053519084,-5.1723379165780745
1639504346229,2021-12-14T12:52:26.229,18.45,1.0793674728473484,1.6424398804515952,-4.0255964939125075
1639504346239,2021-12-14T12:52:26.239,18.46,1.0593057168657938,1.4600326024569887,-3.006505412877785
1639504346249,2021-12-14T12:52:26.249,18.47,0.9458707109830555,1.2429989293604882,-2.251866720513769
1639504346259,2021-12-14T12:52:26.259,18.48,0.8821189645593615,1.0511760442510305,-1.738355604688984
1639504346269,2021-12-14T12:52:26.269,18.49,0.8705018069990208,0.8614697835004831,-1.343926743931974
1639504346279,2021-12-14T12:52:26.279,18.5,0.7503744703832333,0.5856238655180402,-1.0063382523177746
1639504346289,2021-12-14T12:52:26.289,18.51,0.4104992931319379,0.19117101039502654,-0.7725404353220628
1639504346299,2021-12-14T12:52:26.299,18.52,-0.06369299274595407,-0.26864593149740157,-0.6838202776722084
1639504346309,2021-12-14T12:52:26.309,18.53,-0.44223671068248394,-0.7007546069262087,-0.6384154664466065
1639504346319,2021-12-14T12:52:26.319,18.54,-0.4593846104813061,-1.0027431664909505,-0.3996540406225729
1639504346329,2021-12-14T12:52:26.329,18.55,0.041615764222602436,-1.1246499149629325,0.23505496611941018
1639504346339,2021-12-14T12:52:26.339,18.56,0.9644841992715896,-1.1383685435911182,1.307206734940873
1639504346349,2021-12-14T12:52:26.349,18.57,2.04204270978273,-1.176423504096055,2.767210759154081
1639504346359,2021-12-14T12:52:26.359,18.58,3.058186921204115,-1.3068839877286906,4.5646490452858295
1639504346369,2021-12-14T12:52:26.369,18.59,3.8816879719941833,-1.5366716028395682,6.590918811034657
1639504346379,2021-12-14T12:52:26.379,18.6,4.438978328614392,-1.86680376083001,8.664091915830102
1639504346389,2021-12-14T12:52:26.389,18.61,4.83412729192852,-2.2450118064538738,10.668563612240472
1639504346399,2021-12-14T12:52:26.399,18.62,5.292155463318573,-2.5541112836124835,12.60346731445785
1639504346409,2021-12-14T12:52:26.409,18.63,5.840086605126052,-2.7341568519795243,14.455727769724572
1639504346419,2021-12-14T12:52:26.419,18.64,6.288974813807713,-2.8240412987784,16.153571746556203
1639504346429,2021-12-14T12:52:26.429,18.65,6.597078884561119,-2.855998522486715,17.658620216249144
1639504346439,2021-12-14T12:52:26.439,18.66,6.943114726968268,-2.827683927870426,18.98273228910099
1639504346449,2021-12-14T12:52:26.449,18.67,7.392626949154608,-2.7681315087104954,20.121393690346146
1639504346459,2021-12-14T12:52:26.459,18.68,7.797428352726903,-2.703961250700348,21.062364757033905
1639504346469,2021-12-14T12:52:26.469,18.69,8.064562587772945,-2.5844162769165617,21.80771223033328
1639504346479,2021-12-14T12:52:26.479,18.7,8.276254033163072,-2.349285436298458,22.300875185893425
1639504346489,2021-12-14T12:52:26.489,18.71,8.540008657857587,-2.038629097620503,22.427946740111985
1639504346499,2021-12-14T12:52:26.499,18.72,8.922158092493538,-1.746078515851055,22.198326820022682
1639504346509,2021-12-14T12:52:26.509,18.73,9.515571133217476,-1.4941122384110759,21.827638967524205
1639504346519,2021-12-14T12:52:26.519,18.74,10.393370048535935,-1.2337050991781753,21.5648494032296
1639504346529,2021-12-14T12:52:26.529,18.75,11.459622477547532,-0.9592862325051872,21.55959805045087
1639504346539,2021-12-14T12:52:26.539,18.76,12.460163919948787,-0.751071840504755,21.940676497797767
1639504346549,2021-12-14T12:52:26.549,18.77,13.214632797064827,-0.6580331123012345,22.864163201962885
1639504346559,2021-12-14T12:52:26.559,18.78,13.784615634100026,-0.5878444417152978,24.425362366018796
1639504346569,2021-12-14T12:52:26.569,18.79,14.328209788402791,-0.4147556681704981,26.603394195908685
1639504346579,2021-12-14T12:52:26.579,18.8,14.831783680004916,-0.18727720575355583,29.261962257680516
1639504346589,2021-12-14T12:52:26.589,18.81,15.109181786495416,-0.10390228631421572,32.14167656591358
1639504346599,2021-12-14T12:52:26.599,18.82,15.04802973153757,-0.2720817671764581,34.91134407708908
1639504346609,2021-12-14T12:52:26.609,18.83,14.735930186353709,-0.6218848476259667,37.26048760371272
1639504346619,2021-12-14T12:52:26.619,18.84,14.357817019405275,-1.086362698779502,38.91723053860174
1639504346629,2021-12-14T12:52:26.629,18.85,14.046329335440582,-1.750600865528283,39.65848883915268
1639504346639,2021-12-14T12:52:26.639,18.86,13.786107840344675,-2.766169407136249,39.43393953915803
1639504346649,2021-12-14T12:52:26.649,18.87,13.41980646365278,-4.18231059209551,38.51118473191703
1639504346659,2021-12-14T12:52:26.659,18.88,12.802701375588324,-5.901901279754181,37.43580168660298
1639504346669,2021-12-14T12:52:26.669,18.89,11.958493021095546,-7.748307181017437,36.688460113094976
1639504346679,2021-12-14T12:52:26.679,18.9,11.045787272474193,-9.53077004761973,36.23616073345555
1639504346689,2021-12-14T12:52:26.689,18.91,10.212156368748026,-11.099221925951971,35.53757906154727
1639504346699,2021-12-14T12:52:26.699,18.92,9.53138356083576,-12.403109744676701,34.187874743068704
1639504346709,2021-12-14T12:52:26.709,18.93,9.062915448340387,-13.486990272074179,32.428074274962476
1639504346719,2021-12-14T12:52:26.719,18.94,8.882482892641836,-14.426941762830367,30.78233836501081
1639504346729,2021-12-14T12:52:26.729,18.95,8.898701772855848,-15.319800569060513,29.328734526705787
1639504346739,2021-12-14T12:52:26.739,18.96,8.684481496423093,-16.278610398966702,27.658867855628877
1639504346749,2021-12-14T12:52:26.749,18.97,7.936532462895229,-17.28819701311601,25.587215740868334
1639504346759,2021-12-14T12:52:26.759,18.98,7.281633187623056,-18.078298255430802,23.601851737404665
1639504346769,2021-12-14T12:52:26.769,18.99,7.913642594653331,-18.294436921343255,22.386433011906114
1639504346779,2021-12-14T12:52:26.779,19.0,9.86429517689583,-17.822481285519164,22.01548314383202
1639504346789,2021-12-14T12:52:26.789,19.01,11.476061413244595,-16.87825619122414,21.890799504457
1639504346799,2021-12-14T12:52:26.799,19.02,11.503126012986648,-15.77725542266641,21.508435749518974
1639504346809,2021-12-14T12:52:26.809,19.03,10.784126597938151,-14.630102536097265,21.125530626773273
1639504346819,2021-12-14T12:52:26.819,19.04,10.74471428861549,-13.271777581887017,21.601104092856627
1639504346829,2021-12-14T12:52:26.829,19.05,11.329790364540905,-11.5059227917667,23.568852217912692
1639504346839,2021-12-14T12:52:26.839,19.06,11.485301765739372,-9.357803711129296,26.73744041550578
1639504346849,2021-12-14T12:52:26.849,19.07,10.726303520790154,-7.040508633650793,30.132336864880592
1639504346859,2021-12-14T12:52:26.859,19.08,9.535258314316335,-4.793159625930274,33.120582683994414
1639504346869,2021-12-14T12:52:26.869,19.09,8.742179414127813,-2.8749161213055343,35.86670022454447
1639504346879,2021-12-14T12:52:26.879,19.1,8.551883675715969,-1.6377266109340813,38.487329846107116
1639504346889,2021-12-14T12:52:26.889,19.11,8.052755108725897,-1.426247754073895,40.22237348205847
1639504346899,2021-12-14T12:52:26.899,19.12,6.180857063423874,-2.324387112472822,40.08374786184669
1639504346909,2021-12-14T12:52:26.909,19.13,3.1315634915627424,-4.028426875866154,38.08465489198743
1639504346919,2021-12-14T12:52:26.919,19.14,0.1595246897339886,-6.004839338945262,35.17806081491842
1639504346929,2021-12-14T12:52:26.929,19.15,-1.9335213740324653,-7.790685044322474,32.12131192979783
1639504346939,2021-12-14T12:52:26.939,19.16,-3.4850259473681424,-9.18402988304331,28.98239446045194
1639504346949,2021-12-14T12:52:26.949,19.17,-5.216057014397986,-10.199397862193196,25.573341322630597
1639504346959,2021-12-14T12:52:26.959,19.18,-7.3875420450058495,-10.86356088476253,21.704189498691544
1639504346969,2021-12-14T12:52:26.969,19.19,-9.798028473628673,-11.059108059290443,17.10177769264171
1639504346979,2021-12-14T12:52:26.979,19.2,-12.13965695496547,-10.574258970574608,11.715581271691681
1639504346989,2021-12-14T12:52:26.989,19.21,-14.135789240227336,-9.271457778379311,6.108395542722834
1639504346999,2021-12-14T12:52:26.999,19.22,-15.598976812425708,-7.157822982333661,1.0691876160916722
1639504347009,2021-12-14T12:52:27.009,19.23,-16.555986923204816,-4.357085570128675,-3.092374449814792
1639504347019,2021-12-14T12:52:27.019,19.24,-17.235978388515274,-1.1030359328547528,-6.478784136652507
1639504347029,2021-12-14T12:52:27.029,19.25,-17.822099649261272,2.323224417492273,-9.024580986531166
1639504347039,2021-12-14T12:52:27.039,19.26,-18.19376747709668,5.724841171111198,-10.48966513239808
1639504347049,2021-12-14T12:52:27.049,19.27,-18.07725705641027,8.945629554720277,-11.062498215727711
1639504347059,2021-12-14T12:52:27.059,19.28,-17.562996862264544,11.711131849592167,-11.569107457280307
1639504347069,2021-12-14T12:52:27.069,19.29,-17.089324602837603,13.748774314554257,-12.806540802137281
1639504347079,2021-12-14T12:52:27.079,19.3,-16.695329718590465,15.033137276532486,-14.821435943052808
1639504347089,2021-12-14T12:52:27.089,19.31,-15.972108932426995,15.626983948727954,-17.14897251873206
1639504347099,2021-12-14T12:52:27.099,19.32,-15.063054683538088,15.395985337066756,-19.606983085427256
1639504347109,2021-12-14T12:52:27.109,19.33,-14.784162832344798,14.268854922901138,-22.37991910930938
1639504347119,2021-12-14T12:52:27.119,19.34,-15.343445732597388,12.68597597183435,-25.387981524968733
1639504347129,2021-12-14T12:52:27.129,19.35,-15.828170974425625,11.411796833877052,-28.13147199941424
1639504347139,2021-12-14T12:52:27.139,19.36,-15.31971961884851,10.91640266960856,-30.26693046746629
1639504347149,2021-12-14T12:52:27.149,19.37,-13.87045019087561,11.108555314862443,-31.95706148984774
1639504347159,2021-12-14T12:52:27.159,19.38,-12.23683392583176,11.544205762056151,-33.56006585717907
1639504347169,2021-12-14T12:52:27.169,19.39,-11.129179182053036,11.760906920105166,-35.23511202397007
1639504347179,2021-12-14T12:52:27.179,19.4,-10.782913212773114,11.547653681854694,-36.92615504382207
1639504347189,2021-12-14T12:52:27.189,19.41,-10.934826136459904,11.034331974993194,-38.54008791196901
1639504347199,2021-12-14T12:52:27.199,19.42,-11.070770012467186,10.503187497646579,-40.011115508148016
1639504347209,2021-12-14T12:52:27.209,19.43,-10.812687819145285,10.090347560473237,-41.25472530757961
1639504347219,2021-12-14T12:52:27.219,19.44,-10.24166977491739,9.695970554735794,-42.177467057370094
1639504347229,2021-12-14T12:52:27.229,19.45,-9.792916099034969,9.174603671389901,-42.723550387243726
1639504347239,2021-12-14T12:52:27.239,19.46,-9.649199503928386,8.550151954035863,-42.817574104851246
1639504347249,2021-12-14T12:52:27.249,19.47,-9.438823498834667,7.9758470685653275,-42.351632347448614
1639504347259,2021-12-14T12:52:27.259,19.48,-8.872373910703466,7.491686444292889,-41.454025697602454
1639504347269,2021-12-14T12:52:27.269,19.49,-8.350937462176969,6.948706827790176,-40.67712302652866
1639504347279,2021-12-14T12:52:27.279,19.5,-8.384908363535772,6.243200869818017,-40.55319281692659
1639504347289,2021-12-14T12:52:27.289,19.51,-8.697800321553698,5.489705870286883,-40.94963526273197
1639504347299,2021-12-14T12:52:27.299,19.52,-8.565549138112553,4.861916635924155,-41.199225354547266
1639504347309,2021-12-14T12:52:27.309,19.53,-7.8611805027005355,4.392368723217825,-40.859213392317876
1639504347319,2021-12-14T12:52:27.319,19.54,-7.1193704965994264,4.02095249115129,-39.96518368591231
1639504347329,2021-12-14T12:52:27.329,19.55,-6.654828093323879,3.7384420498960713,-38.53125370812747
1639504347339,2021-12-14T12:52:27.339,19.56,-6.18058285820412,3.6181983658235133,-36.24552462951551
1639504347349,2021-12-14T12:52:27.349,19.57,-5.282074468441908,3.744573491152191,-32.82210682785341
1639504347359,2021-12-14T12:52:27.359,19.58,-3.8650823295520533,4.1019635608117335,-28.381756506549163
1639504347369,2021-12-14T12:52:27.369,19.59,-2.1654336530426566,4.526344655194945,-23.348672645667833
1639504347379,2021-12-14T12:52:27.379,19.6,-0.5578383959157294,4.834265470266497,-18.10534596081095
1639504347389,2021-12-14T12:52:27.389,19.61,0.6990812189889453,5.006053564880906,-12.826780261401844
1639504347399,2021-12-14T12:52:27.399,19.62,1.600358330833871,5.141110128997262,-7.604183117763686
1639504347409,2021-12-14T12:52:27.409,19.63,2.225962571099043,5.236277610908466,-2.633566352333503
1639504347419,2021-12-14T12:52:27.419,19.64,2.545169252905106,5.1669126248916735,1.7997970636747365
1639504347429,2021-12-14T12:52:27.429,19.65,2.5091698681615413,4.923747051208101,5.479023402371095
1639504347439,2021-12-14T12:52:27.439,19.66,2.23230877007668,4.688865467288345,8.325666834744492
1639504347449,2021-12-14T12:52:27.449,19.67,1.9443447714227522,4.586050053351386,10.363039172953048
1639504347459,2021-12-14T12:52:27.459,19.68,1.7159221182154907,4.5120632218789325,11.632519238116105
1639504347469,2021-12-14T12:52:27.469,19.69,1.3006687696367023,4.318713887882012,12.10910902809624
1639504347479,2021-12-14T12:52:27.479,19.7,0.45103637437495325,4.006687934550581,11.783850557829751
1639504347489,2021-12-14T12:52:27.489,19.71,-0.6176385683453456,3.625571300557893,10.862761934344647
1639504347499,2021-12-14T12:52:27.499,19.72,-1.405618591524305,3.1268723921270984,9.67360581134712
1639504347509,2021-12-14T12:52:27.509,19.73,-1.8007927161691912,2.4297187757551773,8.313645523346695
1639504347519,2021-12-14T12:52:27.519,19.74,-2.1153501428350805,1.548706520548531,6.695239703544328
1639504347529,2021-12-14T12:52:27.529,19.75,-2.343306332770522,0.6040767685548419,5.016753927743795
1639504347539,2021-12-14T12:52:27.539,19.76,-1.9917583130398868,-0.267669793179308,3.7491397540247533
1639504347549,2021-12-14T12:52:27.549,19.77,-0.9610434538670163,-1.0401975188607593,2.9837140626612233
1639504347559,2021-12-14T12:52:27.559,19.78,0.05477604305245784,-1.8354523814200694,2.2658901187342195
1639504347569,2021-12-14T12:52:27.569,19.79,0.5013919957965709,-2.763163338537204,1.2804341123919074
1639504347579,2021-12-14T12:52:27.579,19.8,0.691534309184274,-3.743894560781232,0.2320458033522998
1639504347589,2021-12-14T12:52:27.589,19.81,1.1529350569389272,-4.578926144672903,-0.6291596661775211
1639504347599,2021-12-14T12:52:27.599,19.82,1.854110784062753,-5.13918518094348,-1.3928910631569007
1639504347609,2021-12-14T12:52:27.609,19.83,2.5223202121321218,-5.390277623203326,-2.217861971390808
1639504347619,2021-12-14T12:52:27.619,19.84,3.21659579507271,-5.32411199266437,-3.032283731472043
1639504347629,2021-12-14T12:52:27.629,19.85,4.145192879985406,-4.9753935709287,-3.660988627822032
1639504347639,2021-12-14T12:52:27.639,19.86,5.21697529665004,-4.424906171211701,-4.049365525904942
1639504347649,2021-12-14T12:52:27.649,19.87,6.1113260223762005,-3.7252818308129756,-4.251993694670788
1639504347659,2021-12-14T12:52:27.659,19.88,6.629952915086521,-2.917328958293243,-4.2788189742798854
1639504347669,2021-12-14T12:52:27.669,19.89,6.7206686727332965,-2.1281136070133932,-4.0601994127174645
1639504347679,2021-12-14T12:52:27.679,19.9,6.2706728278393555,-1.5111517441678437,-3.6074357469622202
1639504347689,2021-12-14T12:52:27.689,19.91,5.15793177293914,-1.0668850105049648,-3.109495286967431
1639504347699,2021-12-14T12:52:27.699,19.92,3.4695531598128397,-0.6558127270438476,-2.7536353779175844
1639504347709,2021-12-14T12:52:27.709,19.93,1.439599862543401,-0.19593501670300673,-2.5385693605400803
1639504347719,2021-12-14T12:52:27.719,19.94,-0.7760793362712751,0.2953730022417819,-2.399007135537666
1639504347729,2021-12-14T12:52:27.729,19.95,-3.072492434690707,0.8536180651731207,-2.4169243041231057
1639504347739,2021-12-14T12:52:27.739,19.96,-5.247173378732607,1.6081192571004697,-2.7607539537914088
1639504347749,2021-12-14T12:52:27.749,19.97,-7.088085290521189,2.6432382462483517,-3.4779187344283793
1639504347759,2021-12-14T12:52:27.759,19.98,-8.554797443439996,3.9194083598377176,-4.4456335757457675
1639504347769,2021-12-14T12:52:27.769,19.99,-9.7218780869173,5.35459275903448,-5.458296632475048
1639504347779,2021-12-14T12:52:27.779,20.0,-10.591231520523287,6.910946021447701,-6.295828644804855
1639504347789,2021-12-14T12:52:27.789,20.01,-11.091692184316166,8.575121256668146,-6.793279001769361
1639504347799,2021-12-14T12:52:27.799,20.02,-11.228792825879577,10.332031831493646,-6.936222646806553
1639504347809,2021-12-14T12:52:27.809,20.03,-11.102199671110185,12.207477549945269,-6.8577566846617
1639504347819,2021-12-14T12:52:27.819,20.04,-10.780984613613425,14.254762022658644,-6.700463770651604
1639504347829,2021-12-14T12:52:27.829,20.05,-10.270952323069501,16.46110349243927,-6.516604020629147
1639504347839,2021-12-14T12:52:27.839,20.06,-9.577632748305007,18.7864754430652,-6.323051827257856
1639504347849,2021-12-14T12:52:27.849,20.07,-8.657133333820733,21.32821459322553,-6.207799124517379
1639504347859,2021-12-14T12:52:27.859,20.08,-7.332950496925163,24.279279241826224,-6.341834546581447
1639504347869,2021-12-14T12:52:27.869,20.09,-5.482431690359496,27.634628648102304,-6.856607278812321
1639504347879,2021-12-14T12:52:27.879,20.1,-3.378689952110131,31.041599851123735,-7.684961708465497
1639504347889,2021-12-14T12:52:27.889,20.11,-1.716917395655548,33.984097344908804,-8.614051071013062
1639504347899,2021-12-14T12:52:27.899,20.12,-1.2279127570321542,36.05530475143089,-9.581931971327077
1639504347909,2021-12-14T12:52:27.909,20.13,-2.070770740162395,37.14138387696596,-10.619729539942975
1639504347919,2021-12-14T12:52:27.919,20.14,-3.2563789867857857,37.49659746487433,-11.189012196344146
1639504347929,2021-12-14T12:52:27.929,20.15,-3.183382767452783,37.49222897889105,-10.301721140600147
1639504347939,2021-12-14T12:52:27.939,20.16,-1.9194233141990233,37.077520395304774,-8.353511353152454
1639504347949,2021-12-14T12:52:27.949,20.17,-2.151633176882385,35.77779533083678,-7.936119206664671
1639504347959,2021-12-14T12:52:27.959,20.18,-5.4684898212705155,33.55080580602166,-10.804500093252512
1639504347969,2021-12-14T12:52:27.969,20.19,-8.670802807194804,31.146637898916815,-14.782433181849779
1639504347979,2021-12-14T12:52:27.979,20.2,-7.708687742842123,29.0272094986505,-16.44671033345819
1639504347989,2021-12-14T12:52:27.989,20.21,-4.493050360911727,26.460841406650523,-16.18627952912146
1639504347999,2021-12-14T12:52:27.999,20.22,-4.578894356539297,22.482667224747722,-17.07089899514878
1639504348009,2021-12-14T12:52:28.009,20.23,-8.416830832190037,17.325880767077347,-19.17006602579924
1639504348019,2021-12-14T12:52:28.019,20.24,-10.758643679853282,12.08627065898861,-19.026283321418028
1639504348029,2021-12-14T12:52:28.029,20.25,-9.012504178778936,7.320335677261083,-14.86571167982149
1639504348039,2021-12-14T12:52:28.039,20.26,-6.5024680578578415,2.7808413510838115,-8.625997039799168
1639504348049,2021-12-14T12:52:28.049,20.27,-6.44426504871857,-1.6621234766496324,-2.493857352899938
1639504348059,2021-12-14T12:52:28.059,20.28,-7.315711717693212,-5.548126605274574,3.3507221390441946
1639504348069,2021-12-14T12:52:28.069,20.29,-5.979834358010927,-8.286047220769554,9.002259560374478
1639504348079,2021-12-14T12:52:28.079,20.3,-2.704377547171857,-9.692976429611015,13.437748170277668
1639504348089,2021-12-14T12:52:28.089,20.31,-0.7815770300149028,-10.082319214254166,15.688862522345175
1639504348099,2021-12-14T12:52:28.099,20.32,-1.6445395124828819,-10.029100564511044,15.81934123303056
1639504348109,2021-12-14T12:52:28.109,20.33,-2.9026781678583875,-9.996976239024734,14.265352947038252
1639504348119,2021-12-14T12:52:28.119,20.34,-2.4029238108313526,-10.062240119593834,11.359049086995665
1639504348129,2021-12-14T12:52:28.129,20.35,-1.4946991491894048,-10.018608293543808,7.668393380196733
1639504348139,2021-12-14T12:52:28.139,20.36,-2.306268685440905,-9.714887604935573,3.9053760432158056
1639504348149,2021-12-14T12:52:28.149,20.37,-4.423211393835646,-9.176257123989828,0.540625522109324
1639504348159,2021-12-14T12:52:28.159,20.38,-6.18719928725759,-8.487060280522043,-2.0429712707956433
1639504348169,2021-12-14T12:52:28.169,20.39,-7.257098564898288,-7.7181332664981745,-3.515918597826973
1639504348179,2021-12-14T12:52:28.179,20.4,-8.277384738087054,-6.8833132599644475,-3.9273320818491
1639504348189,2021-12-14T12:52:28.189,20.41,-9.133009329822817,-5.894073832261039,-3.462164182499885
1639504348199,2021-12-14T12:52:28.199,20.42,-9.081769027687148,-4.687617166075331,-2.1695063991846184
1639504348209,2021-12-14T12:52:28.209,20.43,-8.302749327912263,-3.3354278765165732,-0.5497602569961373
1639504348219,2021-12-14T12:52:28.219,20.44,-7.642280445103601,-1.8497655840069096,0.41165562230720465
1639504348229,2021-12-14T12:52:28.229,20.45,-6.87304227032605,-0.10270133286713379,0.4094536981015333
1639504348239,2021-12-14T12:52:28.239,20.46,-5.065056872421076,1.8256534473426975,0.03797368752123141
1639504348249,2021-12-14T12:52:28.249,20.47,-2.506326615767806,3.4950552565528055,-0.4040354287363539
1639504348259,2021-12-14T12:52:28.259,20.48,-0.36387979422817657,4.527611171049261,-1.204632536532428
1639504348269,2021-12-14T12:52:28.269,20.49,1.1597317121687425,4.908539008802847,-2.3294409542501757
1639504348279,2021-12-14T12:52:28.279,20.5,2.6593191575372637,4.733066030385748,-3.3032020182483253
1639504348289,2021-12-14T12:52:28.289,20.51,4.147541290190346,4.001137060291463,-3.962310705931907
1639504348299,2021-12-14T12:52:28.299,20.52,5.2865157731441865,2.8123702899947873,-4.540803095469711
1639504348309,2021-12-14T12:52:28.309,20.53,6.364064600295412,1.428123110746924,-5.115944743867762
1639504348319,2021-12-14T12:52:28.319,20.54,7.835793435441753,-0.036463413874180894,-5.534248481770172
1639504348329,2021-12-14T12:52:28.329,20.55,9.374886552857541,-1.738068153637479,-5.793605500476122
1639504348339,2021-12-14T12:52:28.339,20.56,10.295302677205484,-3.7944865063093323,-6.070948536975303
1639504348349,2021-12-14T12:52:28.349,20.57,10.571272403493893,-6.043924199742838,-6.395642115709224
1639504348359,2021-12-14T12:52:28.359,20.58,10.740253778470128,-8.231465837360371,-6.622466441635588
1639504348369,2021-12-14T12:52:28.369,20.59,11.031002025479772,-10.291146441309781,-6.745505510092492
1639504348379,2021-12-14T12:52:28.379,20.6,11.185770908338547,-12.306270576851627,-6.952690625205
1639504348389,2021-12-14T12:52:28.389,20.61,11.108536649265128,-14.264006891454406,-7.29185878749856
1639504348399,2021-12-14T12:52:28.399,20.62,11.185905563802017,-16.010393322208213,-7.5110759001607015
1639504348409,2021-12-14T12:52:28.409,20.63,11.760240311370111,-17.46885100073841,-7.363777590740121
1639504348419,2021-12-14T12:52:28.419,20.64,12.604197935089577,-18.750282989108317,-6.918962187431681
1639504348429,2021-12-14T12:52:28.429,20.65,13.25207029847375,-19.946269348986473,-6.382404500159577
1639504348439,2021-12-14T12:52:28.439,20.66,13.683090196238183,-20.949033179138148,-5.693426885455409
1639504348449,2021-12-14T12:52:28.449,20.67,14.253721618210182,-21.647785924203983,-4.558034149260683
1639504348459,2021-12-14T12:52:28.459,20.68,14.956810192291247,-22.189301145213037,-2.900723358638701
1639504348469,2021-12-14T12:52:28.469,20.69,15.227865785782836,-22.79360645999109,-1.0022417605376366
1639504348479,2021-12-14T12:52:28.479,20.7,14.793449107295245,-23.36252487639993,0.8852877559815485
1639504348489,2021-12-14T12:52:28.489,20.71,14.399781448390616,-23.54565239050615,2.7221569944654056
1639504348499,2021-12-14T12:52:28.499,20.72,15.033779230147427,-23.175388361878134,4.3120537229850076
1639504348509,2021-12-14T12:52:28.509,20.73,16.352230887892624,-22.360262691584552,5.135976388118867
1639504348519,2021-12-14T12:52:28.519,20.74,16.93974850992643,-21.19315988902599,4.896985360259065
1639504348529,2021-12-14T12:52:28.529,20.75,16.630929659444714,-19.70750613393193,3.96712284777737
1639504348539,2021-12-14T12:52:28.539,20.76,16.96281756564387,-18.138637635970795,2.9670104547154326
1639504348549,2021-12-14T12:52:28.549,20.77,18.371632463786103,-16.90959539827338,2.1221888573978775
1639504348559,2021-12-14T12:52:28.559,20.78,19.052417301676712,-16.25673432322502,1.32094757151439
1639504348569,2021-12-14T12:52:28.569,20.79,17.777169864610695,-16.033736653263727,0.621516394869762
1639504348579,2021-12-14T12:52:28.579,20.8,15.671368903088943,-15.91946737802937,0.39648545725755546
1639504348589,2021-12-14T12:52:28.589,20.81,14.241872670432613,-15.722899367781604,0.9249938587469486
1639504348599,2021-12-14T12:52:28.599,20.82,13.416150664979643,-15.53698631631707,1.9614004282161681
1639504348609,2021-12-14T12:52:28.609,20.83,12.11373627036363,-15.626877641719071,2.917168714055232
1639504348619,2021-12-14T12:52:28.619,20.84,9.927368867120443,-15.935674244284968,3.5398499365089817
1639504348629,2021-12-14T12:52:28.629,20.85,8.19349126125432,-15.779480871428412,4.161897217236109
1639504348639,2021-12-14T12:52:28.639,20.86,8.956171173132814,-14.730078466010148,5.1550973809023475
1639504348649,2021-12-14T12:52:28.649,20.87,11.811697112299811,-13.777497850267697,6.141348597435973
1639504348659,2021-12-14T12:52:28.659,20.88,13.057813861150127,-14.324493288879015,5.7380607249198405
1639504348669,2021-12-14T12:52:28.669,20.89,10.541145431496851,-15.777871671527091,3.1364156267464676
1639504348679,2021-12-14T12:52:28.679,20.9,7.817886370063665,-15.873134479466888,0.357736790099321
1639504348689,2021-12-14T12:52:28.689,20.91,9.056867057427244,-13.991922011363101,0.08958083283534679
1639504348699,2021-12-14T12:52:28.699,20.92,11.464269477686445,-12.209807774931686,0.7127895590469836
1639504348709,2021-12-14T12:52:28.709,20.93,9.777009967635903,-11.96570230066908,-1.581883865204377
1639504348719,2021-12-14T12:52:28.719,20.94,6.644791273419834,-11.609740884230778,-5.612748371684415
1639504348729,2021-12-14T12:52:28.729,20.95,9.312876033421587,-9.203090730260541,-6.403181111916469
1639504348739,2021-12-14T12:52:28.739,20.96,17.696433342579535,-6.364538707026021,-2.7517653182492423
1639504348749,2021-12-14T12:52:28.749,20.97,25.243337547508297,-6.506857485592915,2.5917251252957323
1639504348759,2021-12-14T12:52:28.759,20.98,28.964087728691638,-9.76182219473939,8.3854996432594
1639504348769,2021-12-14T12:52:28.769,20.99,30.216015483610363,-12.653708179675956,14.946621912140916
1639504348779,2021-12-14T12:52:28.779,21.0,29.157106711055988,-12.72153144560452,20.92949293290859
1639504348789,2021-12-14T12:52:28.789,21.01,25.277227917613576,-10.92947866414972,24.437928693470692
1639504348799,2021-12-14T12:52:28.799,21.02,20.21599682693613,-9.621164920873095,25.625289386353344
1639504348809,2021-12-14T12:52:28.809,21.03,15.68626143204769,-9.923692316862025,25.614411837691193
1639504348819,2021-12-14T12:52:28.819,21.04,11.319106184575654,-11.254048878897125,24.585942237210347
1639504348829,2021-12-14T12:52:28.829,21.05,6.637480587369685,-12.487564912291372,22.50038885217044
1639504348839,2021-12-14T12:52:28.839,21.06,2.557654053880545,-13.166453195141557,20.166559319894574
1639504348849,2021-12-14T12:52:28.849,21.07,-0.20346244512356076,-13.538892176651489,18.438268113225924
1639504348859,2021-12-14T12:52:28.859,21.08,-2.261684253335349,-13.85302062828876,17.241699079358895
1639504348869,2021-12-14T12:52:28.869,21.09,-4.418700095701036,-14.035093764629682,16.04971977152686
1639504348879,2021-12-14T12:52:28.879,21.1,-6.594155423652398,-13.92689345204597,14.774173261136758
1639504348889,2021-12-14T12:52:28.889,21.11,-8.369129138486823,-13.548697779152743,13.732644902305674
1639504348899,2021-12-14T12:52:28.899,21.12,-9.850290817894496,-13.075646647739486,13.044336025965725
1639504348909,2021-12-14T12:52:28.909,21.13,-11.479892140884099,-12.637380845626408,12.493728660848657
1639504348919,2021-12-14T12:52:28.919,21.14,-13.3346844722614,-12.211701921952901,11.90710598244512
1639504348929,2021-12-14T12:52:28.929,21.15,-15.105491738894788,-11.703855135066338,11.312256988701227
1639504348939,2021-12-14T12:52:28.939,21.16,-16.626810294591237,-11.069482630732889,10.71271121733468
1639504348949,2021-12-14T12:52:28.949,21.17,-17.966372935900328,-10.344663297841116,9.978192793505617
1639504348959,2021-12-14T12:52:28.959,21.18,-19.044135694384423,-9.579887386994722,9.020360866335587
1639504348969,2021-12-14T12:52:28.969,21.19,-19.62114703812969,-8.778272264528967,7.893889239688857
1639504348979,2021-12-14T12:52:28.979,21.2,-19.713077153229257,-7.935710236803616,6.660856909848395
1639504348989,2021-12-14T12:52:28.989,21.21,-19.632866828266202,-7.117477685048394,5.303338684370297
1639504348999,2021-12-14T12:52:28.999,21.22,-19.555117902152208,-6.421525619746125,3.8850463160520996
1639504349009,2021-12-14T12:52:29.009,21.23,-19.335214659894728,-5.864424057765586,2.7032983096921672
1639504349019,2021-12-14T12:52:29.019,21.24,-18.7896111238939,-5.364638181414108,2.1007629144171256
1639504349029,2021-12-14T12:52:29.029,21.25,-17.915607981416187,-4.85236729128169,2.1182758463425637
1639504349039,2021-12-14T12:52:29.039,21.26,-16.833669985064148,-4.35536180511137,2.4819809960282195
1639504349049,2021-12-14T12:52:29.049,21.27,-15.653135891032452,-3.9285566444079754,2.9664301444234336
1639504349059,2021-12-14T12:52:29.059,21.28,-14.329758611924593,-3.497582817075206,3.603790805048476
1639504349069,2021-12-14T12:52:29.069,21.29,-12.659893634128295,-2.878256266097579,4.382067805976264
1639504349079,2021-12-14T12:52:29.079,21.3,-10.64572167994076,-2.0390427291456072,4.831988710615487
1639504349089,2021-12-14T12:52:29.089,21.31,-8.782901556892451,-1.2140999923385385,4.24845282752155
1639504349099,2021-12-14T12:52:29.099,21.32,-7.588349996520243,-0.6158010786822604,2.496507157163334
1639504349109,2021-12-14T12:52:29.109,21.33,-6.943617039708313,-0.19376015879841263,0.29615311137282946
1639504349119,2021-12-14T12:52:29.119,21.34,-6.392522105976566,0.16449597725387768,-1.568420218088413
1639504349129,2021-12-14T12:52:29.129,21.35,-5.9104577115122,0.4040300697629641,-2.9996593617354446
1639504349139,2021-12-14T12:52:29.139,21.36,-5.761215709848614,0.46694414919256166,-4.248994330410931
1639504349149,2021-12-14T12:52:29.149,21.37,-5.830237604266923,0.48130272505718097,-5.335050793269174
1639504349159,2021-12-14T12:52:29.159,21.38,-5.822896402979577,0.609154323990809,-6.3234511852344735
1639504349169,2021-12-14T12:52:29.169,21.39,-5.770063565690153,0.9122970933020768,-7.639280107996121
1639504349179,2021-12-14T12:52:29.179,21.4,-5.543790029825284,1.477514543253041,-9.378311090615862
1639504349189,2021-12-14T12:52:29.189,21.41,-4.510529949265182,2.3734787144559593,-10.838377508867914
1639504349199,2021-12-14T12:52:29.199,21.42,-2.6610708925363014,3.3562174730324807,-11.507439339914402
1639504349209,2021-12-14T12:52:29.209,21.43,-1.2452700409345798,3.9488796600312157,-11.874355378441793
1639504349219,2021-12-14T12:52:29.219,21.44,-1.248118227400343,3.9365935428390335,-12.47986229203434
1639504349229,2021-12-14T12:52:29.229,21.45,-2.224339475540589,3.5199583047697733,-12.925245088216077
1639504349239,2021-12-14T12:52:29.239,21.46,-3.193133065077089,3.0341718812362823,-12.352100593739095
1639504349249,2021-12-14T12:52:29.249,21.47,-3.2390205601670576,2.7541519401971346,-9.965158349975656
1639504349259,2021-12-14T12:52:29.259,21.48,-1.7408583040920345,2.6765422836411634,-5.3987736530976065
1639504349269,2021-12-14T12:52:29.269,21.49,-0.40431523619715193,2.329591174492478,-0.25601703030573586
1639504349279,2021-12-14T12:52:29.279,21.5,-2.926854803787392,1.4330170127928836,2.0275545457077935
1639504349289,2021-12-14T12:52:29.289,21.51,-8.81354044948025,0.8029170612810478,0.5384107835827285
1639504349299,2021-12-14T12:52:29.299,21.52,-11.601325216936893,1.591639896713885,-1.1549887957244855
1639504349309,2021-12-14T12:52:29.309,21.53,-8.529234229342972,3.587476606113758,-0.6621436815171984
1639504349319,2021-12-14T12:52:29.319,21.54,-5.95542962521189,5.440325063357657,-0.7904265534898309
1639504349329,2021-12-14T12:52:29.329,21.55,-8.869990793013088,6.543508821048862,-3.97260901026824
1639504349339,2021-12-14T12:52:29.339,21.56,-12.603817392759268,7.431857737914821,-7.115096746013742
1639504349349,2021-12-14T12:52:29.349,21.57,-11.701477486619794,8.322069913653582,-6.366569725809342
1639504349359,2021-12-14T12:52:29.359,21.58,-9.058286216174725,8.535157724569514,-2.8016011482626664
1639504349369,2021-12-14T12:52:29.369,21.59,-9.794026500315958,7.5842262639008275,0.49662232134803314
1639504349379,2021-12-14T12:52:29.379,21.6,-13.088426420212123,5.840865489055987,3.2052277483483715
1639504349389,2021-12-14T12:52:29.389,21.61,-15.420081157935808,3.884895535215837,6.428803941482103
1639504349399,2021-12-14T12:52:29.399,21.62,-16.336228943670626,1.9582394979309978,9.73426643906408
1639504349409,2021-12-14T12:52:29.409,21.63,-17.039459706796627,0.227607998766663,12.086580129001938
1639504349419,2021-12-14T12:52:29.419,21.64,-17.321465302532907,-1.06646142783777,13.58670199274414
1639504349429,2021-12-14T12:52:29.429,21.65,-16.654633589486743,-1.8981051623690486,14.62479360388483
1639504349439,2021-12-14T12:52:29.439,21.66,-15.56978000942487,-2.4522600501286314,14.943432775408539
1639504349449,2021-12-14T12:52:29.449,21.67,-14.302372549631068,-2.7792098203298927,14.57115615806974
1639504349459,2021-12-14T12:52:29.459,21.68,-12.07582742916762,-2.805131613254639,14.335894335074627
1639504349469,2021-12-14T12:52:29.469,21.69,-8.677360249184023,-2.6581542370657885,14.706522912158466
1639504349479,2021-12-14T12:52:29.479,21.7,-5.098213596080024,-2.634675317089344,15.162602880171686
1639504349489,2021-12-14T12:52:29.489,21.71,-1.9822343426304305,-2.8516449432757023,15.194295779939374
1639504349499,2021-12-14T12:52:29.499,21.72,1.0889320406248895,-3.228927366994765,14.990808226902104
1639504349509,2021-12-14T12:52:29.509,21.73,4.291979762687883,-3.7714831195485674,14.733285924960317
1639504349519,2021-12-14T12:52:29.519,21.74,6.958326747715507,-4.560614527195185,14.070647502628386
1639504349529,2021-12-14T12:52:29.529,21.75,8.756711420332957,-5.484336243687562,12.749517686943106
1639504349539,2021-12-14T12:52:29.539,21.76,10.296710381193002,-6.243758126945933,11.12059815811853
1639504349549,2021-12-14T12:52:29.549,21.77,12.150864890036438,-6.638464422695576,9.650782260281836
1639504349559,2021-12-14T12:52:29.559,21.78,14.160972082087897,-6.677665278309432,8.383215759544102
1639504349569,2021-12-14T12:52:29.569,21.79,15.95747431174247,-6.439762124115891,7.128815505101667
1639504349579,2021-12-14T12:52:29.579,21.8,17.509009425684603,-5.975570562029985,5.8783167440810065
1639504349589,2021-12-14T12:52:29.589,21.81,18.969807369326105,-5.338892558752869,4.822698295068474
1639504349599,2021-12-14T12:52:29.599,21.82,20.369518753773693,-4.59020627986058,4.1018872353952
1639504349609,2021-12-14T12:52:29.609,21.83,21.579217823525205,-3.7650830526306267,3.661403039972935
1639504349619,2021-12-14T12:52:29.619,21.84,22.41451204962584,-2.9156472724317046,3.34024258134699
1639504349629,2021-12-14T12:52:29.629,21.85,22.721668803023547,-2.164140778848889,3.0419452515980683
1639504349639,2021-12-14T12:52:29.639,21.86,22.42184852549496,-1.6433674038862374,2.7830996689066296
1639504349649,2021-12-14T12:52:29.649,21.87,21.506856149063736,-1.3916189490751512,2.5780074309230336
1639504349659,2021-12-14T12:52:29.659,21.88,20.051690982589818,-1.3464988304633319,2.3462671864220157
1639504349669,2021-12-14T12:52:29.669,21.89,18.25916047878861,-1.424743910370978,2.0041703773502917
1639504349679,2021-12-14T12:52:29.679,21.9,16.38626462321828,-1.5734795083973694,1.5563935267443934
1639504349689,2021-12-14T12:52:29.689,21.91,14.557361636753031,-1.7666728633283433,0.9599876275082488
1639504349699,2021-12-14T12:52:29.699,21.92,12.74927500998016,-2.009433046906293,0.044536746285697204
1639504349709,2021-12-14T12:52:29.709,21.93,11.008524098442633,-2.353296682941366,-1.2093965460026237
1639504349719,2021-12-14T12:52:29.719,21.94,9.545290314477036,-2.866975576499388,-2.478032463624267
1639504349729,2021-12-14T12:52:29.729,21.95,8.510924777431436,-3.5916795536893202,-3.4018473103781908
1639504349739,2021-12-14T12:52:29.739,21.96,7.774090148837072,-4.553727482750776,-3.9023272739426447
1639504349749,2021-12-14T12:52:29.749,21.97,7.031151722233234,-5.77599119230404,-4.073494155849865
1639504349759,2021-12-14T12:52:29.759,21.98,6.090191663182811,-7.199302755357202,-4.04114154145913
1639504349769,2021-12-14T12:52:29.769,21.99,4.968401021531128,-8.624474888374342,-4.049943970585295
1639504349779,2021-12-14T12:52:29.779,22.0,3.8055925610944152,-9.815394461258789,-4.426420535595597
1639504349789,2021-12-14T12:52:29.789,22.01,2.8099037512856615,-10.642054258344814,-5.323769370542363
1639504349799,2021-12-14T12:52:29.799,22.02,2.2215035878171596,-11.081571019596872,-6.617486924838572
1639504349809,2021-12-14T12:52:29.809,22.03,2.168510238999332,-11.146118042531748,-8.058666023762862
1639504349819,2021-12-14T12:52:29.819,22.04,2.501261872835143,-10.884861725225466,-9.454837223642091
1639504349829,2021-12-14T12:52:29.829,22.05,2.8765461594004877,-10.403112692118166,-10.78162580439146
1639504349839,2021-12-14T12:52:29.839,22.06,3.1676666421664437,-9.76481645508306,-12.185627179500496
1639504349849,2021-12-14T12:52:29.849,22.07,3.6562061076217693,-8.881632332817574,-13.673671428253787
1639504349859,2021-12-14T12:52:29.859,22.08,4.397906941517886,-7.689540519750187,-14.72311311377314
1639504349869,2021-12-14T12:52:29.869,22.09,4.503334988033161,-6.532911143372994,-14.882754138016839
1639504349879,2021-12-14T12:52:29.879,22.1,3.0267940699130866,-5.981421003584005,-15.166272334281025
1639504349889,2021-12-14T12:52:29.889,22.11,1.0389588156427576,-5.839433640948766,-17.01416983324474
1639504349899,2021-12-14T12:52:29.899,22.12,1.2510144076451042,-5.019662879486573,-18.312631786278036
1639504349909,2021-12-14T12:52:29.909,22.13,3.961863904316653,-3.4428381183754158,-14.319807780932816
1639504349919,2021-12-14T12:52:29.919,22.14,5.496983013129541,-2.975966837736445,-6.595775206129529
1639504349929,2021-12-14T12:52:29.929,22.15,3.682966226133559,-4.528591138122016,-4.52516893009012
1639504349939,2021-12-14T12:52:29.939,22.16,2.095824361675178,-5.68371578413068,-10.540805441710258
1639504349949,2021-12-14T12:52:29.949,22.17,4.532797691955463,-4.086845641544596,-13.279875085526418
1639504349959,2021-12-14T12:52:29.959,22.18,8.358363673325162,-1.5296310031649065,-6.214557100466267
1639504349969,2021-12-14T12:52:29.969,22.19,8.419802531408074,-1.1958551954531245,-0.692230990888056
1639504349979,2021-12-14T12:52:29.979,22.2,5.434579983962259,-2.329890500116675,-6.803232002179703
1639504349989,2021-12-14T12:52:29.989,22.21,5.901593298879483,-1.280077928853002,-15.164563291658347
1639504349999,2021-12-14T12:52:29.999,22.22,13.109728478502998,2.9054574051396966,-12.7717499811822
1639504350009,2021-12-14T12:52:30.009,22.23,21.085066455554404,7.140375560375713,-3.699589548007675
1639504350019,2021-12-14T12:52:30.019,22.24,21.689977826601883,8.62136223228906,0.5759907604939363
1639504350029,2021-12-14T12:52:30.029,22.25,16.549976278335823,7.930462193369872,0.2574080513067726
1639504350039,2021-12-14T12:52:30.039,22.26,14.345839659163804,7.136831889524507,3.3094840291976606
1639504350049,2021-12-14T12:52:30.049,22.27,16.903825598599745,6.860673829493758,10.42734962033338
1639504350059,2021-12-14T12:52:30.059,22.28,17.84466675245892,6.523616238596369,15.308946727337707
1639504350069,2021-12-14T12:52:30.069,22.29,14.630774549936067,6.148148117699407,15.60973376167984
1639504350079,2021-12-14T12:52:30.079,22.3,11.74668806462961,6.333888242605428,14.94378171815458
1639504350089,2021-12-14T12:52:30.089,22.31,11.704674072854772,6.98708941776484,15.81767111143997
1639504350099,2021-12-14T12:52:30.099,22.32,11.419007223831121,7.309216387991354,16.768850226059815
1639504350109,2021-12-14T12:52:30.109,22.33,8.285015797602256,6.921875142549011,16.17483063020741
1639504350119,2021-12-14T12:52:30.119,22.34,3.8388284804084964,6.211417469747114,14.751322168299495
1639504350129,2021-12-14T12:52:30.129,22.35,0.4141689662131798,5.62900564523958,13.755814074304114
1639504350139,2021-12-14T12:52:30.139,22.36,-2.0592288652542186,5.243318513337757,13.110026432029084
1639504350149,2021-12-14T12:52:30.149,22.37,-4.923577797986837,4.990633896853254,12.032633867684506
1639504350159,2021-12-14T12:52:30.159,22.38,-8.50472975855429,4.9377881682422675,10.347048698655144
1639504350169,2021-12-14T12:52:30.169,22.39,-11.883887008121336,5.228815088727986,8.54660887378991
1639504350179,2021-12-14T12:52:30.179,22.4,-14.172464679283411,5.984646015782552,7.078910134143072
1639504350189,2021-12-14T12:52:30.189,22.41,-15.395992148190071,7.238212543091489,6.0099191057794545
1639504350199,2021-12-14T12:52:30.199,22.42,-16.282859868070062,8.835795350609756,5.202077090681804
1639504350209,2021-12-14T12:52:30.209,22.43,-17.51029996113625,10.471558925320059,4.528633728061979
1639504350219,2021-12-14T12:52:30.219,22.44,-19.191122721877505,11.926194777083257,3.9761105549559908
1639504350229,2021-12-14T12:52:30.229,22.45,-20.92979343372983,13.22029424246975,3.6865565546025216
1639504350239,2021-12-14T12:52:30.239,22.46,-22.246688099651692,14.491853318599233,3.8362200269035647
1639504350249,2021-12-14T12:52:30.249,22.47,-22.930351226111945,15.798890782263937,4.440682981095691
1639504350259,2021-12-14T12:52:30.259,22.48,-23.067505973186012,17.078319637856367,5.399361790343342
1639504350269,2021-12-14T12:52:30.269,22.49,-22.865600819906305,18.218468683948814,6.683400773284905
1639504350279,2021-12-14T12:52:30.279,22.5,-22.482755042988998,19.11248477847618,8.286540014678156
1639504350289,2021-12-14T12:52:30.289,22.51,-21.94277551513793,19.704487556994874,10.032699144639208
1639504350299,2021-12-14T12:52:30.299,22.52,-21.156075619685538,20.061026318682,11.612357166960837
1639504350309,2021-12-14T12:52:30.309,22.53,-20.05664336005939,20.35505842584123,12.777637946046411
1639504350319,2021-12-14T12:52:30.319,22.54,-18.719088130745973,20.72209294997014,13.391737921989836
1639504350329,2021-12-14T12:52:30.329,22.55,-17.255293202886435,21.18374369968565,13.368513800808358
1639504350339,2021-12-14T12:52:30.339,22.56,-15.61529842480045,21.727090797119338,12.686619458742676
1639504350349,2021-12-14T12:52:30.349,22.57,-13.683745833072695,22.34685489652606,11.426827665603334
1639504350359,2021-12-14T12:52:30.359,22.58,-11.600714891815773,22.982023476320744,9.736254224239758
1639504350369,2021-12-14T12:52:30.369,22.59,-9.723947459313885,23.542211673733792,7.789234509268789
1639504350379,2021-12-14T12:52:30.379,22.6,-8.183943504805146,24.052337685697424,5.76060892509545
1639504350389,2021-12-14T12:52:30.389,22.61,-6.759731537198525,24.674361903136194,3.684118880625539
1639504350399,2021-12-14T12:52:30.399,22.62,-5.367459400740124,25.539268534862344,1.2579636647465775
1639504350409,2021-12-14T12:52:30.409,22.63,-4.401945032260183,26.635181437308766,-2.026740011172948
1639504350419,2021-12-14T12:52:30.419,22.64,-4.263164653151557,27.891704083477524,-6.323944917831286
1639504350429,2021-12-14T12:52:30.429,22.65,-4.729656947394121,29.276660683816655,-11.091123065971983
1639504350439,2021-12-14T12:52:30.439,22.66,-5.275482771582002,30.747827298435396,-15.571330167939912
1639504350449,2021-12-14T12:52:30.449,22.67,-5.8480583064839635,32.20201729869915,-19.47524377252113
1639504350459,2021-12-14T12:52:30.459,22.68,-6.710471879626615,33.550153141338754,-22.841652559219835
1639504350469,2021-12-14T12:52:30.469,22.69,-7.75517178855534,34.73401431856916,-25.463168246369833
1639504350479,2021-12-14T12:52:30.479,22.7,-8.771655578822234,35.59455086714835,-27.004436181432062
1639504350489,2021-12-14T12:52:30.489,22.71,-10.02352284777163,35.94759312357231,-27.56189839904947
1639504350499,2021-12-14T12:52:30.499,22.72,-11.607138036478373,35.958740147127926,-27.59185428475151
1639504350509,2021-12-14T12:52:30.509,22.73,-12.747772125803237,36.12399808682939,-27.402743482940146
1639504350519,2021-12-14T12:52:30.519,22.74,-12.792964535435843,36.61622007161927,-27.062440941709294
1639504350529,2021-12-14T12:52:30.529,22.75,-12.288267464036135,37.11802325542419,-26.5224495305174
1639504350539,2021-12-14T12:52:30.539,22.76,-12.016600994282465,37.651434588460326,-25.622506187313654
1639504350549,2021-12-14T12:52:30.549,22.77,-11.794326858464958,38.75290920327231,-24.40730723237818
1639504350559,2021-12-14T12:52:30.559,22.78,-11.381725476957957,40.174769668286494,-23.555973656503063
1639504350569,2021-12-14T12:52:30.569,22.79,-11.569306805687535,40.58191660374194,-24.01857435191627
1639504350579,2021-12-14T12:52:30.579,22.8,-12.689300349795248,39.585122939606265,-25.802845581313328
1639504350589,2021-12-14T12:52:30.589,22.81,-13.037305054269156,38.71153680436747,-27.266592114561384
1639504350599,2021-12-14T12:52:30.599,22.82,-11.558871840835268,39.10967594197701,-26.985704551797674
1639504350609,2021-12-14T12:52:30.609,22.83,-11.269238045160217,39.81217481773349,-26.622299737785028
1639504350619,2021-12-14T12:52:30.619,22.84,-15.253003740656016,39.554401066865466,-28.771238497690426
1639504350629,2021-12-14T12:52:30.629,22.85,-19.9487981743114,38.68292181583921,-31.41773853611724
1639504350639,2021-12-14T12:52:30.639,22.86,-19.434368233605365,37.97045867916323,-29.677054666325738
1639504350649,2021-12-14T12:52:30.649,22.87,-15.39250041101062,37.09124515089428,-23.30773346171658
1639504350659,2021-12-14T12:52:30.659,22.88,-14.17940059439892,35.4810007457399,-16.283620724069678
1639504350669,2021-12-14T12:52:30.669,22.89,-16.194515016830586,33.37236315804822,-9.743495496401913
1639504350679,2021-12-14T12:52:30.679,22.9,-17.510684453240533,31.026511103834224,-1.963730925626814
1639504350689,2021-12-14T12:52:30.689,22.91,-18.525726104602626,28.145245986541806,6.282085326816821
1639504350699,2021-12-14T12:52:30.699,22.92,-21.95187801704895,24.75450978691566,12.342242190632513
1639504350709,2021-12-14T12:52:30.709,22.93,-26.182559067756134,21.615377787818936,15.894400728098155
1639504350719,2021-12-14T12:52:30.719,22.94,-28.00540955004325,19.309731621687828,18.168692887814746
1639504350729,2021-12-14T12:52:30.729,22.95,-27.872371821630246,17.79479245526251,19.134782070116543
1639504350739,2021-12-14T12:52:30.739,22.96,-27.39624800497896,16.96111364930812,18.567232202256715
1639504350749,2021-12-14T12:52:30.749,22.97,-25.87662985186899,16.759946115235152,17.610129456029398
1639504350759,2021-12-14T12:52:30.759,22.98,-22.741344993740803,16.830210896816588,17.072445208288627
1639504350769,2021-12-14T12:52:30.769,22.99,-19.364414629054338,16.778072492770242,16.240633529325287
1639504350779,2021-12-14T12:52:30.779,23.0,-16.34743946353253,16.709861433060276,14.627776711026936
1639504350789,2021-12-14T12:52:30.789,23.01,-12.556676594458207,16.929028711013753,12.900143869019782
1639504350799,2021-12-14T12:52:30.799,23.02,-7.762340264290471,17.354769791821408,11.461775929389562
1639504350809,2021-12-14T12:52:30.809,23.03,-3.1562949383589314,17.678409204776017,9.933551781702198
1639504350819,2021-12-14T12:52:30.819,23.04,0.8544335044762735,17.799627514187254,8.267089556268399
1639504350829,2021-12-14T12:52:30.829,23.05,4.8696901313598415,17.74746865079676,6.927940632306486
1639504350839,2021-12-14T12:52:30.839,23.06,8.86480878960622,17.449504015282397,5.98696687877079
1639504350849,2021-12-14T12:52:30.849,23.07,12.246331085144224,16.89041297137892,5.086539178815689
1639504350859,2021-12-14T12:52:30.859,23.08,15.069296567701016,16.271109867372573,4.158359923958171
1639504350869,2021-12-14T12:52:30.869,23.09,17.856328376806132,15.754258757266378,3.4119126628318295
1639504350879,2021-12-14T12:52:30.879,23.1,20.591872904663433,15.229755144011165,2.769704438244704
1639504350889,2021-12-14T12:52:30.889,23.11,22.728259373554124,14.514594220812523,1.8607802997912375
1639504350899,2021-12-14T12:52:30.899,23.12,23.928887292171893,13.612173548609793,0.5143990164200393
1639504350909,2021-12-14T12:52:30.909,23.13,24.35089845848674,12.616195575659544,-1.039101630203518
1639504350919,2021-12-14T12:52:30.919,23.14,24.293907910414497,11.493754865623533,-2.468095726032992
1639504350929,2021-12-14T12:52:30.929,23.15,23.77639951239298,10.114302931007359,-3.7562022775134976
1639504350939,2021-12-14T12:52:30.939,23.16,22.59813580334692,8.463407577683663,-5.2360486491806215
1639504350949,2021-12-14T12:52:30.949,23.17,20.892786719875392,6.7537407313889695,-7.0872719050085475
1639504350959,2021-12-14T12:52:30.959,23.18,19.32329803353159,5.278759145980471,-8.93144351452541
1639504350969,2021-12-14T12:52:30.969,23.19,18.388719558401142,4.125373184580343,-10.195961122972506
1639504350979,2021-12-14T12:52:30.979,23.2,17.803544657668628,3.0654928782883184,-10.728247522225079
1639504350989,2021-12-14T12:52:30.989,23.21,16.94676057349936,1.7762414283534849,-10.713627324358926
1639504350999,2021-12-14T12:52:30.999,23.22,15.616344142120212,0.11567220606716044,-10.193859542586743
1639504351009,2021-12-14T12:52:31.009,23.23,13.975877403855169,-1.8511428579546356,-9.106096545825752
1639504351019,2021-12-14T12:52:31.019,23.24,12.168675254020389,-3.987227444561932,-7.646888963548014
1639504351029,2021-12-14T12:52:31.029,23.25,10.396705971725062,-6.156329481222858,-6.159497254765991
1639504351039,2021-12-14T12:52:31.039,23.26,8.982441567881036,-8.250879588511673,-4.746478174950212
1639504351049,2021-12-14T12:52:31.049,23.27,7.958252095492293,-10.255718273497326,-3.336395762468781
1639504351059,2021-12-14T12:52:31.059,23.28,6.9549400915761685,-12.233384419128223,-2.0224460634387866
1639504351069,2021-12-14T12:52:31.069,23.29,5.8419747545634175,-14.16493270901886,-1.0515126633548062
1639504351079,2021-12-14T12:52:31.079,23.3,5.095432577433314,-15.869779796807745,-0.6109521795789425
1639504351089,2021-12-14T12:52:31.089,23.31,5.162447567348106,-17.16189440157325,-0.8270878347811114
1639504351099,2021-12-14T12:52:31.099,23.32,5.850024528071982,-18.010454573876828,-1.7700593514137255
1639504351109,2021-12-14T12:52:31.109,23.33,6.728078631903152,-18.481310195052746,-3.272396900510234
1639504351119,2021-12-14T12:52:31.119,23.34,7.727503844485458,-18.619306501023424,-4.9556612335146895
1639504351129,2021-12-14T12:52:31.129,23.35,8.941097650230489,-18.461407337018667,-6.589557522697847
1639504351139,2021-12-14T12:52:31.139,23.36,10.229842628014763,-18.07614166437064,-8.212900966893368
1639504351149,2021-12-14T12:52:31.149,23.37,11.380403204830046,-17.526132439074892,-9.819877685564823
1639504351159,2021-12-14T12:52:31.159,23.38,12.26823870527347,-16.86119322527934,-11.221116426392506
1639504351169,2021-12-14T12:52:31.169,23.39,12.622404701929755,-16.183246813663477,-12.31985100066947
1639504351179,2021-12-14T12:52:31.179,23.4,12.064447639111759,-15.644143796313134,-13.238046925642749
1639504351189,2021-12-14T12:52:31.189,23.41,10.556761888179217,-15.33450132213603,-14.104829613756992
1639504351199,2021-12-14T12:52:31.199,23.42,8.445673799665528,-15.203189584927316,-14.971242212162888
1639504351209,2021-12-14T12:52:31.209,23.43,6.10701534599095,-15.11460681819592,-15.82396740320113
1639504351219,2021-12-14T12:52:31.219,23.44,3.8396996054840646,-15.029101038030037,-16.440269969791263
1639504351229,2021-12-14T12:52:31.229,23.45,1.6787299176531432,-15.136302499468709,-16.688504505294325
1639504351239,2021-12-14T12:52:31.239,23.46,-0.8599602232904652,-15.600739457173377,-17.132057581043096
1639504351249,2021-12-14T12:52:31.249,23.47,-3.702717774501283,-16.07137146864311,-17.986954560310323
1639504351259,2021-12-14T12:52:31.259,23.48,-4.974219475443231,-16.0448813998726,-17.305653640478244
1639504351269,2021-12-14T12:52:31.269,23.49,-3.5176351238258383,-16.09042798303841,-13.194877227644474
1639504351279,2021-12-14T12:52:31.279,23.5,-2.4662367640462195,-17.50756678777339,-8.189277816810254
1639504351289,2021-12-14T12:52:31.289,23.51,-5.4759148077245205,-20.051259335571068,-5.987745305927408
1639504351299,2021-12-14T12:52:31.299,23.52,-9.780760352841948,-22.04097825934656,-3.686356598334931
1639504351309,2021-12-14T12:52:31.309,23.53,-9.844296914919733,-23.716003975824876,3.4164234603916683
1639504351319,2021-12-14T12:52:31.319,23.54,-6.75999114102436,-27.35771623893872,9.123117461488967
1639504351329,2021-12-14T12:52:31.329,23.55,-5.788853757891128,-32.606040386933756,2.46625850400292
1639504351339,2021-12-14T12:52:31.339,23.56,-6.4082708007373625,-35.40333955067115,-12.219710003224328
1639504351349,2021-12-14T12:52:31.349,23.57,-3.7178413771700534,-33.6821410558438,-18.24057901965211
1639504351359,2021-12-14T12:52:31.359,23.58,1.0055607227211576,-30.779376640290785,-11.545590545334015
1639504351369,2021-12-14T12:52:31.369,23.59,0.26131527990707715,-30.986486259065295,-5.006068483178601
1639504351379,2021-12-14T12:52:31.379,23.6,-6.4911510171703455,-34.23596515053252,-5.532899382320326
1639504351389,2021-12-14T12:52:31.389,23.61,-8.453453970156474,-37.332314017594015,-4.548686288385378
1639504351399,2021-12-14T12:52:31.399,23.62,1.476632510573858,-38.65912913323185,5.10780889641715
1639504351409,2021-12-14T12:52:31.409,23.63,15.776760124983713,-39.333942042726335,17.701161104265278
1639504351419,2021-12-14T12:52:31.419,23.64,24.141266290512732,-40.36128041675628,24.826986862642784
1639504351429,2021-12-14T12:52:31.429,23.65,27.856634549309696,-40.8605075772063,26.526142918849853
1639504351439,2021-12-14T12:52:31.439,23.66,34.044153136315444,-39.72175006286197,27.4121352713332
1639504351449,2021-12-14T12:52:31.449,23.67,42.521638217908844,-37.68589987321293,28.501297642362303
1639504351459,2021-12-14T12:52:31.459,23.68,46.726730594853755,-36.7003099853233,27.474871833623233
1639504351469,2021-12-14T12:52:31.469,23.69,43.93066192689413,-37.68850006717351,23.718880964767155
1639504351479,2021-12-14T12:52:31.479,23.7,37.815680078626016,-39.85345570010276,19.423456079923813
1639504351489,2021-12-14T12:52:31.489,23.71,32.30249320581522,-41.99136229731715,16.607334922182805
1639504351499,2021-12-14T12:52:31.499,23.72,27.706391079552674,-43.6630054834516,15.307434157282415
1639504351509,2021-12-14T12:52:31.509,23.73,23.009964113351064,-44.98091667085771,14.696560884165063
1639504351519,2021-12-14T12:52:31.519,23.74,18.560966106840752,-45.92281250373867,14.606868700424332
1639504351529,2021-12-14T12:52:31.529,23.75,15.47991822589167,-46.286379991017085,15.46539183305243
1639504351539,2021-12-14T12:52:31.539,23.76,13.928753435852915,-46.11436963954079,17.336494121726282
1639504351549,2021-12-14T12:52:31.549,23.77,12.947872881266754,-45.80416394795691,19.61876852746937
1639504351559,2021-12-14T12:52:31.559,23.78,11.662887661761452,-45.740396826136276,21.685692003033473
1639504351569,2021-12-14T12:52:31.569,23.79,10.081185159889541,-45.981764603540775,23.455628902944945
1639504351579,2021-12-14T12:52:31.579,23.8,8.613771280567846,-46.3659564415173,25.129223623377904
1639504351589,2021-12-14T12:52:31.589,23.81,7.312836685015346,-46.768020631203704,26.603172262091597
1639504351599,2021-12-14T12:52:31.599,23.82,6.085843388005449,-47.0839050199172,27.466860119444924
1639504351609,2021-12-14T12:52:31.609,23.83,5.4108451593679945,-47.044225731316544,27.561296108195975
1639504351619,2021-12-14T12:52:31.619,23.84,6.116192417982562,-46.34956820183377,27.277492567759268
1639504351629,2021-12-14T12:52:31.629,23.85,8.260511613971525,-45.079044251830744,27.127290615449844
1639504351639,2021-12-14T12:52:31.639,23.86,10.774082490500815,-43.69486117608984,27.133951524270955
1639504351649,2021-12-14T12:52:31.649,23.87,12.598067002423425,-42.516845015624405,26.91302837244462
1639504351659,2021-12-14T12:52:31.659,23.88,13.791337068286087,-41.42287025136041,26.291977881586014
1639504351669,2021-12-14T12:52:31.669,23.89,15.055471263807561,-40.123821981892505,25.43304461487747
1639504351679,2021-12-14T12:52:31.679,23.9,16.552346475464024,-38.45625805395341,24.320460893211965
1639504351689,2021-12-14T12:52:31.689,23.91,17.803963759252902,-36.37747178220591,22.646129688782555
1639504351699,2021-12-14T12:52:31.699,23.92,18.459171878065487,-33.982137705595434,20.364760086541352
1639504351709,2021-12-14T12:52:31.709,23.93,18.476886329084266,-31.569993946080817,17.924621054978616
1639504351719,2021-12-14T12:52:31.719,23.94,17.757860965972192,-29.450311121409072,15.764031773480978
1639504351729,2021-12-14T12:52:31.729,23.95,16.257609536190245,-27.6464315016913,13.88882454884326
1639504351739,2021-12-14T12:52:31.739,23.96,14.366259360751123,-25.91696709297468,12.068924127646662
1639504351749,2021-12-14T12:52:31.749,23.97,12.698796416960436,-24.001219838927014,10.208617153799402
1639504351759,2021-12-14T12:52:31.759,23.98,11.580798850298702,-21.776568202036657,8.397515984884219
1639504351769,2021-12-14T12:52:31.769,23.99,10.880109230868946,-19.32629200924141,6.70082158624747
1639504351779,2021-12-14T12:52:31.779,24.0,10.078710502748478,-16.917607323792136,5.001920536693444
1639504351789,2021-12-14T12:52:31.789,24.01,8.591225773974536,-14.767878307151987,3.1404469108030115
1639504351799,2021-12-14T12:52:31.799,24.02,6.427872092594312,-12.811565359528245,1.2058882987758932
1639504351809,2021-12-14T12:52:31.809,24.03,4.309625375818929,-10.795749566084762,-0.5205567956422354
1639504351819,2021-12-14T12:52:31.819,24.04,2.753307075895169,-8.537122037608082,-1.9783036441836594
1639504351829,2021-12-14T12:52:31.829,24.05,1.507413470991775,-6.011953951862362,-3.3768502372120146
1639504351839,2021-12-14T12:52:31.839,24.06,0.1976654790552353,-3.3316630145154074,-4.755286885455368
1639504351849,2021-12-14T12:52:31.849,24.07,-1.1244220234115128,-0.7236849986029373,-5.845178778771018
1639504351859,2021-12-14T12:52:31.859,24.08,-2.3635823948803187,1.5657228246002155,-6.442633964568819
1639504351869,2021-12-14T12:52:31.869,24.09,-3.6574054360933923,3.4266829738027074,-6.5848341881883306
1639504351879,2021-12-14T12:52:31.879,24.1,-4.981022473227868,4.937994623186439,-6.334473570769102
1639504351889,2021-12-14T12:52:31.889,24.11,-5.904813053465707,6.2821896823399825,-5.67134240897956
1639504351899,2021-12-14T12:52:31.899,24.12,-5.976249635266992,7.592809681950127,-4.598191608693068
1639504351909,2021-12-14T12:52:31.909,24.13,-5.223304932694376,8.8356171484694,-3.2075463065725565
1639504351919,2021-12-14T12:52:31.919,24.14,-4.189212278732786,9.867623319925707,-1.6918806960224986
1639504351929,2021-12-14T12:52:31.929,24.15,-3.4126299307320602,10.616978037271007,-0.28672395897121783
1639504351939,2021-12-14T12:52:31.939,24.16,-2.9759971836838335,11.093801344521713,0.8890967806234482
1639504351949,2021-12-14T12:52:31.949,24.17,-2.793523166110074,11.223197159782224,1.838753903671106
1639504351959,2021-12-14T12:52:31.959,24.18,-3.10465296726709,10.847977021353195,2.4806032537437455
1639504351969,2021-12-14T12:52:31.969,24.19,-4.173266785835785,9.950008597183626,2.670136683293872
1639504351979,2021-12-14T12:52:31.979,24.2,-5.711564737004709,8.721184062221473,2.4925981792450544
1639504351989,2021-12-14T12:52:31.989,24.21,-7.194266252953147,7.3690746815298755,2.239271642730778
1639504351999,2021-12-14T12:52:31.999,24.22,-8.532474230341837,5.98783959609941,2.013330502573753
1639504352009,2021-12-14T12:52:32.009,24.23,-9.876300016872733,4.677227201793001,1.639879723332676
1639504352019,2021-12-14T12:52:32.019,24.24,-11.010822324132484,3.6547442394247884,1.0206306342948415
1639504352029,2021-12-14T12:52:32.029,24.25,-11.526563840032466,3.13402238147136,0.29411204849379274
1639504352039,2021-12-14T12:52:32.039,24.26,-11.448409865304466,3.1481282962512793,-0.43613269599329396
1639504352049,2021-12-14T12:52:32.049,24.27,-11.267731007699085,3.572523718242225,-1.2904073364540856
1639504352059,2021-12-14T12:52:32.059,24.28,-11.434955807153482,4.272630784133325,-2.4230224974388754
1639504352069,2021-12-14T12:52:32.069,24.29,-12.083572706235755,5.17109357858226,-3.810912536663252
1639504352079,2021-12-14T12:52:32.079,24.3,-13.134077607684896,6.231598663139874,-5.303697847637291
1639504352089,2021-12-14T12:52:32.089,24.31,-14.406859319336878,7.44207876761414,-6.736553805281394
1639504352099,2021-12-14T12:52:32.099,24.32,-15.660902815775778,8.775311235337961,-7.945470763638031
1639504352109,2021-12-14T12:52:32.109,24.33,-16.743446192601056,10.122655538265517,-8.81632999243357
1639504352119,2021-12-14T12:52:32.119,24.34,-17.7620075895249,11.307717910577345,-9.37148418587952
1639504352129,2021-12-14T12:52:32.129,24.35,-18.953830903685855,12.202656747684372,-9.69567108260604
1639504352139,2021-12-14T12:52:32.139,24.36,-20.342798862165616,12.788139090142248,-9.765154418826409
1639504352149,2021-12-14T12:52:32.149,24.37,-21.73267132095798,13.079696002848335,-9.496379015766246
1639504352159,2021-12-14T12:52:32.159,24.38,-23.09849526131569,13.0768371627219,-8.97554556817866
1639504352169,2021-12-14T12:52:32.169,24.39,-24.697951879052077,12.82786565854625,-8.454818967726206
1639504352179,2021-12-14T12:52:32.179,24.4,-26.654504089250295,12.457504914616887,-8.067352599904323
1639504352189,2021-12-14T12:52:32.189,24.41,-28.6993597888449,12.068916481820144,-7.702941221097236
1639504352199,2021-12-14T12:52:32.199,24.42,-30.51854867646993,11.673676252594547,-7.232577603792026
1639504352209,2021-12-14T12:52:32.209,24.43,-32.16703624649015,11.252481684960584,-6.749332633437485
1639504352219,2021-12-14T12:52:32.219,24.44,-33.92035424821745,10.84226555222157,-6.482832792428447
1639504352229,2021-12-14T12:52:32.229,24.45,-35.78852342129849,10.541975867489583,-6.466427285816604
1639504352239,2021-12-14T12:52:32.239,24.46,-37.438482902568126,10.451384728697207,-6.439597604260593
1639504352249,2021-12-14T12:52:32.249,24.47,-38.65595542848856,10.644429121015365,-6.265181733454886
1639504352259,2021-12-14T12:52:32.259,24.48,-39.48949318974662,11.248137145055882,-6.241871549083502
1639504352269,2021-12-14T12:52:32.269,24.49,-39.72700547785887,12.461668068833394,-6.593939972735511
1639504352279,2021-12-14T12:52:32.279,24.5,-38.92018652201716,14.320094872634762,-6.902717728527565
1639504352289,2021-12-14T12:52:32.289,24.51,-37.368726587704174,16.527378798880832,-6.691978129517537
1639504352299,2021-12-14T12:52:32.299,24.52,-36.026968867438136,18.76735799051357,-6.248324438370391
1639504352309,2021-12-14T12:52:32.309,24.53,-34.93591508509758,21.00483133963028,-5.977569394398143
1639504352319,2021-12-14T12:52:32.319,24.54,-33.48667070820858,23.183352508050348,-5.500678991457178
1639504352329,2021-12-14T12:52:32.329,24.55,-32.67937192053894,24.994198686659065,-4.776625570277151
1639504352339,2021-12-14T12:52:32.339,24.56,-34.25771217995214,26.395093115686805,-5.414999695831337
1639504352349,2021-12-14T12:52:32.349,24.57,-36.947656451429644,27.9043802385625,-8.714055001672037
1639504352359,2021-12-14T12:52:32.359,24.58,-37.327212161261656,29.825746543977502,-13.03868782597563
1639504352369,2021-12-14T12:52:32.369,24.59,-35.21667481832863,31.617678063956856,-15.767453087038911
1639504352379,2021-12-14T12:52:32.379,24.6,-33.85505969429849,32.57447643737232,-16.774489452977782
1639504352389,2021-12-14T12:52:32.389,24.61,-33.991767595710535,32.700976363496764,-17.033169162279396
1639504352399,2021-12-14T12:52:32.399,24.62,-32.53834254321225,32.37860957576183,-15.625041968751674
1639504352409,2021-12-14T12:52:32.409,24.63,-28.00871154977779,31.578915501316043,-11.455919725537209
1639504352419,2021-12-14T12:52:32.419,24.64,-22.750139129041308,30.02721675033858,-5.977141953148651
1639504352429,2021-12-14T12:52:32.429,24.65,-18.598318278055494,27.90761110626444,-1.2642302967972985
1639504352439,2021-12-14T12:52:32.439,24.66,-14.280249176153955,25.771406356787132,2.8050082914586127
1639504352449,2021-12-14T12:52:32.449,24.67,-8.605020461188976,23.764049525566506,7.176938453852502
1639504352459,2021-12-14T12:52:32.459,24.68,-3.0657439165318756,21.499857358191367,11.044931266937283
1639504352469,2021-12-14T12:52:32.469,24.69,0.5095690537046275,18.82803994273005,12.647901529761741
1639504352479,2021-12-14T12:52:32.479,24.7,2.678670901710004,16.22282861445505,11.646035162456222
1639504352489,2021-12-14T12:52:32.489,24.71,4.99159525682702,14.16197934293428,9.125671750728355
1639504352499,2021-12-14T12:52:32.499,24.72,7.407565093020429,12.524204004770388,5.863153540457869
1639504352509,2021-12-14T12:52:32.509,24.73,8.796827063122784,10.894909020454994,1.9413655184693925
1639504352519,2021-12-14T12:52:32.519,24.74,9.018328664823036,9.127775353435885,-2.2427264174468835
1639504352529,2021-12-14T12:52:32.529,24.75,8.903966297462766,7.307246391795926,-5.893476561945348
1639504352539,2021-12-14T12:52:32.539,24.76,8.748409494932714,5.467784494312392,-8.807259557132566
1639504352549,2021-12-14T12:52:32.549,24.77,8.259142685297409,3.696384707450151,-11.411293473055757
1639504352559,2021-12-14T12:52:32.559,24.78,7.702392123502733,2.2845854555366953,-13.633206419560638
1639504352569,2021-12-14T12:52:32.569,24.79,7.766713190338235,1.4072449975046761,-14.691917679102744
1639504352579,2021-12-14T12:52:32.579,24.8,8.388470368680775,0.7856101134680387,-14.337179314246361
1639504352589,2021-12-14T12:52:32.589,24.81,8.814188971560688,0.024213297972404096,-13.40759785086352
1639504352599,2021-12-14T12:52:32.599,24.82,8.738474016568698,-0.8120645565082172,-12.693240134817575
1639504352609,2021-12-14T12:52:32.609,24.83,8.53063276202295,-1.3088419782774339,-11.987399431599458
1639504352619,2021-12-14T12:52:32.619,24.84,8.507068704522483,-1.3368584507084638,-10.756653526617873
1639504352629,2021-12-14T12:52:32.629,24.85,8.617242630030884,-1.2472959737843128,-9.116901228012557
1639504352639,2021-12-14T12:52:32.639,24.86,8.69645235877124,-1.442200301940102,-7.61509390104762
1639504352649,2021-12-14T12:52:32.649,24.87,8.651409245400156,-2.0285302052031176,-6.481598101090089
1639504352659,2021-12-14T12:52:32.659,24.88,8.49161617636918,-2.9026816466230048,-5.565139960783106
1639504352669,2021-12-14T12:52:32.669,24.89,8.346168388170948,-3.9207598320788426,-4.728623778301587
1639504352679,2021-12-14T12:52:32.679,24.9,8.393135730426275,-4.940077703785885,-3.939249102159936
1639504352689,2021-12-14T12:52:32.689,24.91,8.660251913205476,-5.879741098439106,-3.145417787486714
1639504352699,2021-12-14T12:52:32.699,24.92,8.92102360781773,-6.785584676634214,-2.3398074865640597
1639504352709,2021-12-14T12:52:32.709,24.93,8.949270327070188,-7.730045483756955,-1.6124827157478732
1639504352719,2021-12-14T12:52:32.719,24.94,8.865446656858728,-8.65746651100273,-0.9649668713103474
1639504352729,2021-12-14T12:52:32.729,24.95,9.022278029549021,-9.409511588190654,-0.2758553909099365
1639504352739,2021-12-14T12:52:32.739,24.96,9.58701896899133,-9.86767093098322,0.34906769523030506
1639504352749,2021-12-14T12:52:32.749,24.97,10.425759228490138,-10.018340700249608,0.4974890239678929
1639504352759,2021-12-14T12:52:32.759,24.98,11.264698794269217,-9.938216176861705,0.049545135861262926
1639504352769,2021-12-14T12:52:32.769,24.99,11.827765158849676,-9.735479012485081,-0.5061987024286987
1639504352779,2021-12-14T12:52:32.779,25.0,12.061203663754778,-9.435966652292436,-0.7474187623961158
1639504352789,2021-12-14T12:52:32.789,25.01,12.289521837451407,-8.969371845373828,-0.8548086383614695
1639504352799,2021-12-14T12:52:32.799,25.02,12.809155660535328,-8.354519924812134,-1.1190231478550126
1639504352809,2021-12-14T12:52:32.809,25.03,13.352610536898547,-7.786534627985922,-1.4448202369942809
1639504352819,2021-12-14T12:52:32.819,25.04,13.425522755600706,-7.395202432264657,-1.616015559671775
1639504352829,2021-12-14T12:52:32.829,25.05,13.159518080922185,-7.026543472562816,-1.5932707147241265
1639504352839,2021-12-14T12:52:32.839,25.06,13.286046902579983,-6.440065708958921,-1.4420040809971755
1639504352849,2021-12-14T12:52:32.849,25.07,14.16191625596619,-5.636400441567842,-1.3091439072469284
1639504352859,2021-12-14T12:52:32.859,25.08,15.29835679156188,-4.802251010148882,-1.441705181166173
1639504352869,2021-12-14T12:52:32.869,25.09,16.057132664192906,-4.016293812810282,-1.9277776573806418
1639504352879,2021-12-14T12:52:32.879,25.1,16.428817983674545,-3.239346433096056,-2.4619432479473478
1639504352889,2021-12-14T12:52:32.889,25.11,16.80229633058854,-2.535503678327364,-2.6486827076509574
1639504352899,2021-12-14T12:52:32.899,25.12,17.249385953662053,-2.0375421202513255,-2.495850228279486
1639504352909,2021-12-14T12:52:32.909,25.13,17.53540528436768,-1.6931764643452616,-2.283749869827766
1639504352919,2021-12-14T12:52:32.919,25.14,17.735604951673885,-1.2891478303062094,-2.0165667640342053
1639504352929,2021-12-14T12:52:32.929,25.15,18.18275774962377,-0.7726607453702263,-1.5228415542037468
1639504352939,2021-12-14T12:52:32.939,25.16,18.657490240949084,-0.3399392281563324,-1.160911663855609
1639504352949,2021-12-14T12:52:32.949,25.17,18.410080753434848,-0.10233705755709233,-1.7514019627764854
1639504352959,2021-12-14T12:52:32.959,25.18,17.38865093198595,0.1684054649302286,-3.523479360181703
1639504352969,2021-12-14T12:52:32.969,25.19,16.57318967029198,0.7881509620810373,-5.785357012942149
1639504352979,2021-12-14T12:52:32.979,25.2,16.53025529689748,1.752854612893043,-7.922729033738955
1639504352989,2021-12-14T12:52:32.989,25.21,16.59936066629796,2.7595686846761813,-9.924445716814285
1639504352999,2021-12-14T12:52:32.999,25.22,16.048685941490294,3.545862886971077,-11.63273389928114
1639504353009,2021-12-14T12:52:33.009,25.23,15.01068653747748,4.042958788527875,-12.396283421776513
1639504353019,2021-12-14T12:52:33.019,25.24,13.910286723662548,4.289429192652388,-11.79607802069719
1639504353029,2021-12-14T12:52:33.029,25.25,12.871932370129247,4.339021082326498,-9.987600597620485
1639504353039,2021-12-14T12:52:33.039,25.26,11.756922188299235,4.191193532853735,-7.318716999698516
1639504353049,2021-12-14T12:52:33.049,25.27,10.334567979929606,3.8145478621643685,-4.255966186314254
1639504353059,2021-12-14T12:52:33.059,25.28,8.863207330639609,3.3445484274399133,-1.306547591048391
1639504353069,2021-12-14T12:52:33.069,25.29,8.19761661062996,3.0146022365521326,1.587768025212831
1639504353079,2021-12-14T12:52:33.079,25.3,8.08933480649491,2.644718099287848,4.630134169598287
1639504353089,2021-12-14T12:52:33.089,25.31,6.709797002697281,1.7499883307533879,6.364777655424785
1639504353099,2021-12-14T12:52:33.099,25.32,4.0739099986487215,0.6149140695197293,4.003313487398934
1639504353109,2021-12-14T12:52:33.109,25.33,3.3673648789982487,0.40297589392522526,-2.651839087837899
1639504353119,2021-12-14T12:52:33.119,25.34,5.7806646939221284,1.505662396873551,-9.01543566507515
1639504353129,2021-12-14T12:52:33.129,25.35,7.757304388020903,2.7551127281443692,-10.06169526131274
1639504353139,2021-12-14T12:52:33.139,25.36,6.868122466193098,3.0118655278824527,-6.473817805719586
1639504353149,2021-12-14T12:52:33.149,25.37,6.045732500586986,2.5663556443155855,-3.4487901902703717
1639504353159,2021-12-14T12:52:33.159,25.38,8.572797698381592,2.349674072983909,-3.1841736600083967
1639504353169,2021-12-14T12:52:33.169,25.39,13.122968201574887,2.697721333015695,-2.5846327625075034
1639504353179,2021-12-14T12:52:33.179,25.4,16.8612259036005,3.4358768281507226,0.8524347528690638
1639504353189,2021-12-14T12:52:33.189,25.41,19.638584003982967,4.363870708331111,5.468795699113256
1639504353199,2021-12-14T12:52:33.199,25.42,22.11583811215869,5.1723457636875665,8.566104171294878
1639504353209,2021-12-14T12:52:33.209,25.43,23.04610567050941,5.525656806310257,9.292148028279682
1639504353219,2021-12-14T12:52:33.219,25.44,21.600118405969884,5.603253642175867,8.220269520149433
1639504353229,2021-12-14T12:52:33.229,25.45,19.824473866909216,6.02797534712353,6.472236357603405
1639504353239,2021-12-14T12:52:33.239,25.46,19.847440209285388,6.999990979808697,5.010297743479287
1639504353249,2021-12-14T12:52:33.249,25.47,20.75012887590352,7.9935362071018,3.9174316717708866
1639504353259,2021-12-14T12:52:33.259,25.48,20.682113424800868,8.49786151521613,2.9167252809847204
1639504353269,2021-12-14T12:52:33.269,25.49,20.02768372770987,8.575251454468617,2.3581757792635982
1639504353279,2021-12-14T12:52:33.279,25.5,20.215244216363303,8.507838362616724,2.767117464517286
1639504353289,2021-12-14T12:52:33.289,25.51,21.16302656383769,8.36345929856436,3.8653478733327025
1639504353299,2021-12-14T12:52:33.299,25.52,21.878794600135954,8.145272773882505,4.941556381831703
1639504353309,2021-12-14T12:52:33.309,25.53,22.201509069478593,7.963996411854241,5.804931246427742
1639504353319,2021-12-14T12:52:33.319,25.54,22.26458107502681,7.773185954773805,6.66306085763572
1639504353329,2021-12-14T12:52:33.329,25.55,21.261581267114906,7.236818745455876,7.422432387236354
1639504353339,2021-12-14T12:52:33.339,25.56,18.311029916650405,6.1430766497291955,7.788857121512234
1639504353349,2021-12-14T12:52:33.349,25.57,13.991297717555668,4.740357875425645,7.8631818128284285
1639504353359,2021-12-14T12:52:33.359,25.58,9.739607095091944,3.4432412737544666,8.066363161081899
1639504353369,2021-12-14T12:52:33.369,25.59,6.076341069108146,2.3802991881897815,8.560020804218617
1639504353379,2021-12-14T12:52:33.379,25.6,2.4394005243327306,1.412362403922676,9.163914233782418
1639504353389,2021-12-14T12:52:33.389,25.61,-1.5435217350996473,0.4348568320341211,9.755094722756692
1639504353399,2021-12-14T12:52:33.399,25.62,-5.515911198095817,-0.5413180597342546,10.387526843082433
1639504353409,2021-12-14T12:52:33.409,25.63,-8.969656805807226,-1.504031265247449,11.05570810196966
1639504353419,2021-12-14T12:52:33.419,25.64,-11.714220166161155,-2.421347125143873,11.588370997663889
1639504353429,2021-12-14T12:52:33.429,25.65,-13.774063411295884,-3.1510892711759317,11.78230262153471
1639504353439,2021-12-14T12:52:33.439,25.66,-15.171500710370667,-3.5422618323699586,11.549252212838855
1639504353449,2021-12-14T12:52:33.449,25.67,-15.892439012358807,-3.598558646367873,10.955300253410652
1639504353459,2021-12-14T12:52:33.459,25.68,-15.99538148882546,-3.436549437240078,10.144423095595693
1639504353469,2021-12-14T12:52:33.469,25.69,-15.692205801669266,-3.154506842830563,9.230783897310738
1639504353479,2021-12-14T12:52:33.479,25.7,-15.21175307257495,-2.812635502153284,8.298614610968862
1639504353489,2021-12-14T12:52:33.489,25.71,-14.585478701252072,-2.4452388625042274,7.452664168600648
1639504353499,2021-12-14T12:52:33.499,25.72,-13.740708126627776,-2.0430524296026924,6.755364743959221
1639504353509,2021-12-14T12:52:33.509,25.73,-12.800265988674179,-1.5998601695147907,6.137762364692486
1639504353519,2021-12-14T12:52:33.519,25.74,-12.057638510254481,-1.1679939545320062,5.4744047216719895
1639504353529,2021-12-14T12:52:33.529,25.75,-11.64776691552121,-0.7857325623751985,4.730895310069486
1639504353539,2021-12-14T12:52:33.539,25.76,-11.456602332277562,-0.3868897601389084,3.9621356265599244
1639504353549,2021-12-14T12:52:33.549,25.77,-11.321347035449989,0.14800275574887484,3.193325779134575
1639504353559,2021-12-14T12:52:33.559,25.78,-11.130299634614666,0.9131823585508068,2.3809985218667835
1639504353569,2021-12-14T12:52:33.569,25.79,-10.810793086703733,1.9956331855985607,1.4647065230291452
1639504353579,2021-12-14T12:52:33.579,25.8,-10.394883296537026,3.472933171231993,0.3880902151402304
1639504353589,2021-12-14T12:52:33.589,25.81,-9.992352313358827,5.343472200310774,-0.8673554037575524
1639504353599,2021-12-14T12:52:33.599,25.82,-9.552564217099134,7.533110494352507,-2.173732771501194
1639504353609,2021-12-14T12:52:33.609,25.83,-8.842165970481435,9.945152493118009,-3.294392610445256
1639504353619,2021-12-14T12:52:33.619,25.84,-7.933199898452615,12.385571341111245,-4.22722298430231
1639504353629,2021-12-14T12:52:33.629,25.85,-7.500249962876715,14.53727647210187,-5.4288461585145615
1639504353639,2021-12-14T12:52:33.639,25.86,-8.060253794366217,16.247536578015172,-7.360319155826419
1639504353649,2021-12-14T12:52:33.649,25.87,-8.935319340745338,17.769729105015138,-9.714220368006247
1639504353659,2021-12-14T12:52:33.659,25.88,-8.801460510133037,19.41100081566488,-11.458212228369986
1639504353669,2021-12-14T12:52:33.669,25.89,-7.585364247797531,20.950563759471954,-11.914879287408446
1639504353679,2021-12-14T12:52:33.679,25.9,-6.917944517430328,21.729647341731933,-11.501389283438929
1639504353689,2021-12-14T12:52:33.689,25.91,-8.074901747959917,21.423279838355587,-11.050801643762451
1639504353699,2021-12-14T12:52:33.699,25.92,-10.079366515145917,20.530323189992608,-10.521266189200743
1639504353709,2021-12-14T12:52:33.709,25.93,-10.4685267726167,19.91061888639708,-8.678598185578622
1639504353719,2021-12-14T12:52:33.719,25.94,-8.100915603147314,19.798449939072796,-4.50248464532239
1639504353729,2021-12-14T12:52:33.729,25.95,-5.334892245865449,19.50571317014617,0.6987645697413406
1639504353739,2021-12-14T12:52:33.739,25.96,-6.191779814479776,18.446729683804538,3.546474812785224
1639504353749,2021-12-14T12:52:33.749,25.97,-10.75505837072279,17.218030293838908,2.4478668993452555
1639504353759,2021-12-14T12:52:33.759,25.98,-13.853788765558127,16.92839776418787,-0.13850312313250435
1639504353769,2021-12-14T12:52:33.769,25.99,-12.664912381286989,17.548448192539666,-1.60604409371676
1639504353779,2021-12-14T12:52:33.779,26.0,-11.798542215324566,17.89374512147503,-3.2070329686744765
1639504353789,2021-12-14T12:52:33.789,26.01,-15.822458610815215,17.31207079390652,-6.8253232096990475
1639504353799,2021-12-14T12:52:33.799,26.02,-21.592645820852727,16.343618948561293,-10.41935800679871
1639504353809,2021-12-14T12:52:33.809,26.03,-24.011042189364908,15.519538494809396,-10.747863247302284
1639504353819,2021-12-14T12:52:33.819,26.04,-24.258134899000446,14.545054212146189,-8.259323038039744
1639504353829,2021-12-14T12:52:33.829,26.05,-26.214667606819333,13.05869178524796,-5.544346621216702
1639504353839,2021-12-14T12:52:33.839,26.06,-29.27785353075342,11.362165180649267,-3.032077747346319
1639504353849,2021-12-14T12:52:33.849,26.07,-30.270868512581384,9.900841908281885,0.5167215095744555
1639504353859,2021-12-14T12:52:33.859,26.08,-29.238437100614476,8.57743516083279,4.725192946495956
1639504353869,2021-12-14T12:52:33.869,26.09,-28.78799124445682,7.051229937926671,7.57452442315118
1639504353879,2021-12-14T12:52:33.879,26.1,-29.43715418852903,5.377014463784361,8.16381210977051
1639504353889,2021-12-14T12:52:33.889,26.11,-29.13421841059978,3.9218358295878755,7.620912541608164
1639504353899,2021-12-14T12:52:33.899,26.12,-26.89650944087812,2.8000033958063693,7.222183794778811
1639504353909,2021-12-14T12:52:33.909,26.13,-24.238381359635902,1.7718498671632985,6.949388037453699
1639504353919,2021-12-14T12:52:33.919,26.14,-22.430533737075628,0.7096696378014542,6.445868968920205
1639504353929,2021-12-14T12:52:33.929,26.15,-20.364745323057278,-0.21078287482799046,6.333738794921455
1639504353939,2021-12-14T12:52:33.939,26.16,-16.59089714323772,-0.9340767428442216,7.370362285313859
1639504353949,2021-12-14T12:52:33.949,26.17,-12.009203243062915,-1.7562170763152198,8.89094296119341
1639504353959,2021-12-14T12:52:33.959,26.18,-8.441707253514476,-2.860417339036726,9.57743338289539
1639504353969,2021-12-14T12:52:33.969,26.19,-5.565111295531117,-3.9558969312632093,9.420909965312022
1639504353979,2021-12-14T12:52:33.979,26.2,-1.6570171750520186,-4.665687329528445,9.428991234080527
1639504353989,2021-12-14T12:52:33.989,26.21,3.3399739175726944,-5.01813561724083,9.782171872039688
1639504353999,2021-12-14T12:52:33.999,26.22,7.798738179211156,-5.344770253878973,9.75616017670798
1639504354009,2021-12-14T12:52:34.009,26.23,10.913638674468082,-5.86621820598365,9.107687325966804
1639504354019,2021-12-14T12:52:34.019,26.24,13.285486376419785,-6.480625063432001,8.243308376905405
1639504354029,2021-12-14T12:52:34.029,26.25,15.397193785827312,-6.9047831583150145,7.312278431277756
1639504354039,2021-12-14T12:52:34.039,26.26,17.060241842270404,-7.0599200262118345,6.143381065246297
1639504354049,2021-12-14T12:52:34.049,26.27,18.196835468899188,-7.214515259340678,4.829518874383709
1639504354059,2021-12-14T12:52:34.059,26.28,19.056448822722125,-7.547267565026603,3.6415803574465526
1639504354069,2021-12-14T12:52:34.069,26.29,19.691550959262862,-7.811071149316334,2.5905794996502802
1639504354079,2021-12-14T12:52:34.079,26.3,19.90526914496894,-7.7391165593363915,1.5791274402500712
1639504354089,2021-12-14T12:52:34.089,26.31,19.652871302758903,-7.493367558268725,0.7523440221732973
1639504354099,2021-12-14T12:52:34.099,26.32,19.04199119458748,-7.42004621460384,0.3074721432914952
1639504354109,2021-12-14T12:52:34.109,26.33,18.049314546747887,-7.61493334718841,0.12467206065953015
1639504354119,2021-12-14T12:52:34.119,26.34,16.61910814586886,-7.923360772577237,-0.1227983932076997
1639504354129,2021-12-14T12:52:34.129,26.35,14.947262979937948,-8.201761817131224,-0.5896317129014275
1639504354139,2021-12-14T12:52:34.139,26.36,13.329598763807297,-8.461141322067038,-1.159594964800822
1639504354149,2021-12-14T12:52:34.149,26.37,11.826893068361564,-8.801801099400775,-1.580952799884943
1639504354159,2021-12-14T12:52:34.159,26.38,10.373849449939208,-9.27503897404794,-1.5427772513484959
1639504354169,2021-12-14T12:52:34.169,26.39,9.039067994630134,-9.852410683200251,-0.8209022620307923
1639504354179,2021-12-14T12:52:34.179,26.4,7.86258102459046,-10.506488188060647,0.41678738061559806
1639504354189,2021-12-14T12:52:34.189,26.41,6.63724472767138,-11.245529661454539,1.5727406964943875
1639504354199,2021-12-14T12:52:34.199,26.42,5.1604144965558945,-12.045161305136734,2.0473151877124725
1639504354209,2021-12-14T12:52:34.209,26.43,3.573682426364641,-12.797421355731089,1.6252158007456172
1639504354219,2021-12-14T12:52:34.219,26.44,2.2295562136480394,-13.38504410180461,0.4219281004922544
1639504354229,2021-12-14T12:52:34.229,26.45,1.268190766624632,-13.805769866931318,-1.3638484754373459
1639504354239,2021-12-14T12:52:34.239,26.46,0.47163737505305126,-14.174233484446745,-3.5341566929843817
1639504354249,2021-12-14T12:52:34.249,26.47,-0.40320239441865857,-14.586682753362364,-5.810455653568551
1639504354259,2021-12-14T12:52:34.259,26.48,-1.2205215969156327,-15.026870719273635,-7.782474728161989
1639504354269,2021-12-14T12:52:34.269,26.49,-1.5785712679210138,-15.42833792208809,-9.037341173660053
1639504354279,2021-12-14T12:52:34.279,26.5,-1.3348296709737442,-15.793101000859107,-9.416448098873175
1639504354289,2021-12-14T12:52:34.289,26.51,-0.672523522990172,-16.193234327392034,-9.022261956439726
1639504354299,2021-12-14T12:52:34.299,26.52,0.4360981867071565,-16.649468130644312,-7.829407044390571
1639504354309,2021-12-14T12:52:34.309,26.53,2.1213529222856575,-17.097218717898453,-5.744680035817623
1639504354319,2021-12-14T12:52:34.319,26.54,3.697846863309504,-17.526766383507855,-3.521059967287284
1639504354329,2021-12-14T12:52:34.329,26.55,4.255996496450562,-18.003573560962646,-2.461029459123587
1639504354339,2021-12-14T12:52:34.339,26.56,4.883656449359631,-18.412261562918886,-1.8592228169949623
1639504354349,2021-12-14T12:52:34.349,26.57,7.725361780535207,-18.447018981618342,1.0498227408323004
1639504354359,2021-12-14T12:52:34.359,26.58,11.206526482836216,-18.25686341712994,5.5772472713154455
1639504354369,2021-12-14T12:52:34.369,26.59,10.30118485455413,-18.73500796436044,5.517602363361224
1639504354379,2021-12-14T12:52:34.379,26.6,4.853535524785846,-20.220581641581514,-1.9066626752811757
1639504354389,2021-12-14T12:52:34.389,26.61,2.3315294901055443,-21.36284145735565,-9.419665236841979
1639504354399,2021-12-14T12:52:34.399,26.62,6.688440561547594,-20.904653038149466,-9.66515879053778
1639504354409,2021-12-14T12:52:34.409,26.63,10.405698670700964,-19.872145554036567,-6.681571365863249
1639504354419,2021-12-14T12:52:34.419,26.64,6.1481496642861,-19.75701929352108,-8.302193052694271
1639504354429,2021-12-14T12:52:34.429,26.65,0.4420595074964102,-19.65719331956352,-12.66789692255607
1639504354439,2021-12-14T12:52:34.439,26.66,4.378477556499218,-17.80111603343894,-12.294225859476322
1639504354449,2021-12-14T12:52:34.449,26.67,15.777081066309364,-14.70298198632742,-6.815743260686124
1639504354459,2021-12-14T12:52:34.459,26.68,23.017801427931865,-12.45782821396389,-2.2495201866304466
1639504354469,2021-12-14T12:52:34.469,26.69,22.434963137631037,-11.88307798720142,-0.9088090854898971
1639504354479,2021-12-14T12:52:34.479,26.7,20.26197542015779,-12.139511653963787,0.1194941693582862
1639504354489,2021-12-14T12:52:34.489,26.71,20.421374574269066,-12.479075943811193,2.436488123038488
1639504354499,2021-12-14T12:52:34.499,26.72,20.410190536017026,-12.952954052044909,4.336922288676973
1639504354509,2021-12-14T12:52:34.509,26.73,18.07738297211818,-13.639624659770064,4.664039023874638
1639504354519,2021-12-14T12:52:34.519,26.74,15.031766012227441,-14.22743319663443,4.483760047550231
1639504354529,2021-12-14T12:52:34.529,26.75,12.959597845708757,-14.498346640715049,4.823180083513428
1639504354539,2021-12-14T12:52:34.539,26.76,11.303537147037613,-14.603772893670723,5.3918103861932565
1639504354549,2021-12-14T12:52:34.549,26.77,9.453783235151938,-14.683591249119777,5.8946397390922876
1639504354559,2021-12-14T12:52:34.559,26.78,8.148109557779552,-14.648288866911745,6.8228384847486145
1639504354569,2021-12-14T12:52:34.569,26.79,7.662914547174181,-14.506310386023564,8.403285418323271
1639504354579,2021-12-14T12:52:34.579,26.8,6.767075266109853,-14.523815547639831,9.949429419460571
1639504354589,2021-12-14T12:52:34.589,26.81,4.524267542665576,-14.87206445269839,10.80060294406718
1639504354599,2021-12-14T12:52:34.599,26.82,1.5735153890413565,-15.416137788922228,11.102609305926281
1639504354609,2021-12-14T12:52:34.609,26.83,-1.1713466795852459,-15.962069458456234,11.268361071580202
1639504354619,2021-12-14T12:52:34.619,26.84,-3.7032065257478317,-16.433006622965678,11.356165904253482
1639504354629,2021-12-14T12:52:34.629,26.85,-6.187592821279544,-16.752709160189124,11.291593395669775
1639504354639,2021-12-14T12:52:34.639,26.86,-8.292149227557873,-16.81230329153951,11.101532341137613
1639504354649,2021-12-14T12:52:34.649,26.87,-9.775295212933457,-16.59637675740895,10.6904274915013
1639504354659,2021-12-14T12:52:34.659,26.88,-10.849384685236801,-16.18875083875846,9.883361615122915
1639504354669,2021-12-14T12:52:34.669,26.89,-11.676677913071028,-15.653755402839732,8.804560031670423
1639504354679,2021-12-14T12:52:34.679,26.9,-12.154835919227509,-14.99765763347145,7.775993081249194
1639504354689,2021-12-14T12:52:34.689,26.91,-12.309695664052088,-14.239681836577997,6.8637672360539455
1639504354699,2021-12-14T12:52:34.699,26.92,-12.414012796472104,-13.480702642196821,5.952622467530134
1639504354709,2021-12-14T12:52:34.709,26.93,-12.646800684296007,-12.859773672656196,5.165668264187053
1639504354719,2021-12-14T12:52:34.719,26.94,-12.922509935999063,-12.402337332840826,4.78292990461885
1639504354729,2021-12-14T12:52:34.729,26.95,-13.071898089016821,-11.97224006406899,4.8109988559170995
1639504354739,2021-12-14T12:52:34.739,26.96,-13.023008771957636,-11.455558420118123,4.935970648299598
1639504354749,2021-12-14T12:52:34.749,26.97,-12.816411254817545,-10.912336404976234,4.8412572379442285
1639504354759,2021-12-14T12:52:34.759,26.98,-12.547925965899417,-10.452932463882203,4.42005908857667
1639504354769,2021-12-14T12:52:34.769,26.99,-12.275270886978298,-10.059484569442535,3.799591951899571
1639504354779,2021-12-14T12:52:34.779,27.0,-11.929936384917479,-9.634302653536652,3.263924792986228
1639504354789,2021-12-14T12:52:34.789,27.01,-11.402127358809302,-9.158277611096825,3.023817818446709
1639504354799,2021-12-14T12:52:34.799,27.02,-10.748385744334724,-8.704764750359153,2.9999085496160425
1639504354809,2021-12-14T12:52:34.809,27.03,-10.143385684227594,-8.297415783225404,2.946976309881805
1639504354819,2021-12-14T12:52:34.819,27.04,-9.584971612259338,-7.81293099374259,2.7494217080946326
1639504354829,2021-12-14T12:52:34.829,27.05,-8.903604629696677,-7.0828743259511135,2.406537281502949
1639504354839,2021-12-14T12:52:34.839,27.06,-8.091500119759363,-6.081936892471079,1.8261233240452999
1639504354849,2021-12-14T12:52:34.849,27.07,-7.340440841923297,-4.957958820599604,0.8822046864285986
1639504354859,2021-12-14T12:52:34.859,27.08,-6.876452986703641,-3.9067709964458057,-0.49532374079821734
1639504354869,2021-12-14T12:52:34.869,27.09,-7.051586364786996,-3.0548233006520515,-2.5294556154558885
1639504354879,2021-12-14T12:52:34.879,27.1,-8.063163116603286,-2.322226805022972,-5.413365762414613
1639504354889,2021-12-14T12:52:34.889,27.11,-9.032222225328212,-1.3549802866552896,-8.46668769865029
1639504354899,2021-12-14T12:52:34.899,27.12,-8.372840656227389,0.09426299596063262,-10.267726297826137
1639504354909,2021-12-14T12:52:34.909,27.13,-6.156860877162687,1.6104402100778676,-10.414926453069393
1639504354919,2021-12-14T12:52:34.919,27.14,-4.793922289114944,2.4003340342043806,-10.074624007009664
1639504354929,2021-12-14T12:52:34.929,27.15,-5.671316512200474,2.3086829550838095,-9.703472259633894
1639504354939,2021-12-14T12:52:34.939,27.16,-6.65198782428732,1.9892357281826685,-7.956981054088656
1639504354949,2021-12-14T12:52:34.949,27.17,-5.3549323437537435,1.8579894898082114,-4.729238358609326
1639504354959,2021-12-14T12:52:34.959,27.18,-3.244745189972063,1.6113201201785767,-3.2210030192169237
1639504354969,2021-12-14T12:52:34.969,27.19,-2.9722584568711854,1.1514627653823806,-6.00624431693172
1639504354979,2021-12-14T12:52:34.979,27.2,-3.3014890309188503,1.1456731766544705,-10.151569663682196
1639504354989,2021-12-14T12:52:34.989,27.21,-1.581157227368144,2.0727714055192656,-9.753694865407065
1639504354999,2021-12-14T12:52:34.999,27.22,0.10969683153446275,3.564718315519937,-4.169130098013552
1639504355009,2021-12-14T12:52:35.009,27.23,-2.0925746524501374,5.394977576269171,0.015387783546772393
1639504355019,2021-12-14T12:52:35.019,27.24,-5.639300618377559,8.141374418145709,-1.970822035982497
1639504355029,2021-12-14T12:52:35.029,27.25,-4.695364088839407,11.970207899413898,-6.870531560486404
1639504355039,2021-12-14T12:52:35.039,27.26,-0.974912879548264,15.76270160848254,-10.38693303610372
1639504355049,2021-12-14T12:52:35.049,27.27,-1.6076068565623927,18.47131616399626,-13.691547483739528
1639504355059,2021-12-14T12:52:35.059,27.28,-6.582369402624333,20.42121263680398,-18.033165972510933
1639504355069,2021-12-14T12:52:35.069,27.29,-9.079279544719315,22.297963936160183,-20.33702929653132
1639504355079,2021-12-14T12:52:35.079,27.3,-7.820608128875142,23.81090784428995,-18.692668201684853
1639504355089,2021-12-14T12:52:35.089,27.31,-8.19930028204548,24.381347410635342,-15.581219947259328
1639504355099,2021-12-14T12:52:35.099,27.32,-11.65188685289943,24.268747753899174,-12.894581523373763
1639504355109,2021-12-14T12:52:35.109,27.33,-14.0972307245853,24.009465484162508,-9.565381904309035
1639504355119,2021-12-14T12:52:35.119,27.34,-14.446722796462607,23.503099113925543,-5.471190870460873
1639504355129,2021-12-14T12:52:35.129,27.35,-15.762886400015574,22.547306174641708,-2.560696614218084
1639504355139,2021-12-14T12:52:35.139,27.36,-18.42132493520782,21.582867064273195,-1.3001653797979138
1639504355149,2021-12-14T12:52:35.149,27.37,-19.541155618637735,21.10892374442902,-0.05336686224452822
1639504355159,2021-12-14T12:52:35.159,27.38,-18.732700781319224,20.944799722502523,1.7270440585800981
1639504355169,2021-12-14T12:52:35.169,27.39,-18.362654947079527,20.7049941851717,2.992911053961856
1639504355179,2021-12-14T12:52:35.179,27.4,-18.645495386346795,20.451244929670445,3.7269404148950995
1639504355189,2021-12-14T12:52:35.189,27.41,-17.472271963030842,20.358375260069828,5.164680087799762
1639504355199,2021-12-14T12:52:35.199,27.42,-14.58049136051387,20.254495187192667,7.41312636532398
1639504355209,2021-12-14T12:52:35.209,27.43,-11.694056897969707,19.9411985685716,9.283038639296674
1639504355219,2021-12-14T12:52:35.219,27.44,-9.037967848678965,19.576001242014165,10.401615942536926
1639504355229,2021-12-14T12:52:35.229,27.45,-5.265103747396751,19.40996425055507,11.444832649191412
1639504355239,2021-12-14T12:52:35.239,27.46,-0.39856124695153283,19.41626042123695,12.496215252882337
1639504355249,2021-12-14T12:52:35.249,27.47,4.002876026024473,19.374717462754703,12.93061380483081
1639504355259,2021-12-14T12:52:35.259,27.48,7.177790221766374,19.115088356913677,12.676743278051234
1639504355269,2021-12-14T12:52:35.269,27.49,9.540291048043352,18.543852592148045,12.217792647768798
1639504355279,2021-12-14T12:52:35.279,27.5,11.272583451731402,17.617016331728628,11.629342852000534
1639504355289,2021-12-14T12:52:35.289,27.51,12.21672768313335,16.451514239540046,10.652597998727332
1639504355299,2021-12-14T12:52:35.299,27.52,12.757682567581305,15.363075721808842,9.427861136087223
1639504355309,2021-12-14T12:52:35.309,27.53,13.561638926112085,14.628058248556226,8.392489344738854
1639504355319,2021-12-14T12:52:35.319,27.54,14.63492970044127,14.217044075352206,7.682880446576509
1639504355329,2021-12-14T12:52:35.329,27.55,15.414929273141007,13.868402662515845,7.152720717290869
1639504355339,2021-12-14T12:52:35.339,27.56,15.624092728883152,13.415771360620312,6.785809359116664
1639504355349,2021-12-14T12:52:35.349,27.57,15.528491471555164,12.951423789462268,6.679183693344957
1639504355359,2021-12-14T12:52:35.359,27.58,15.46422549005643,12.679486214984372,6.693725278284315
1639504355369,2021-12-14T12:52:35.369,27.59,15.453377443433077,12.697019855193954,6.446341337220035
1639504355379,2021-12-14T12:52:35.379,27.6,15.30869378613888,12.933241034908537,5.721677239703402
1639504355389,2021-12-14T12:52:35.389,27.61,14.954862431893982,13.251350235246367,4.736882489242523
1639504355399,2021-12-14T12:52:35.399,27.62,14.514572838710787,13.544666719866054,3.9401615343172596
1639504355409,2021-12-14T12:52:35.409,27.63,14.037558506793525,13.702778021681844,3.6333735424438593
1639504355419,2021-12-14T12:52:35.419,27.64,13.301152778207229,13.58832171128662,3.821940714541932
1639504355429,2021-12-14T12:52:35.429,27.65,12.100912084712064,13.175594792111724,4.346730785136163
1639504355439,2021-12-14T12:52:35.439,27.66,10.648863500352247,12.638861127773083,5.029512341558836
1639504355449,2021-12-14T12:52:35.449,27.67,9.377849952756396,12.181030163138075,5.6341320356869105
1639504355459,2021-12-14T12:52:35.459,27.68,8.406828953546428,11.836337084264802,5.849548934490433
1639504355469,2021-12-14T12:52:35.469,27.69,7.505111423397574,11.498167951852588,5.486038397554637
1639504355479,2021-12-14T12:52:35.479,27.7,6.439045787999599,11.04497288587153,4.571374783958545
1639504355489,2021-12-14T12:52:35.489,27.71,5.066172362203707,10.410941079372531,3.187908757715657
1639504355499,2021-12-14T12:52:35.499,27.72,3.4206699863740297,9.623432532175519,1.4728901795162055
1639504355509,2021-12-14T12:52:35.509,27.73,1.9775260860060906,8.778206627470752,-0.1978118290989816
1639504355519,2021-12-14T12:52:35.519,27.74,1.2770318770377223,7.944060705129895,-1.3789560018348987
1639504355529,2021-12-14T12:52:35.529,27.75,1.0901812481966586,7.148898494967861,-1.9323874224140418
1639504355539,2021-12-14T12:52:35.539,27.76,0.8720868158818562,6.455881434681353,-1.9943703774307706
1639504355549,2021-12-14T12:52:35.549,27.77,1.1823452401855696,5.928288770288855,-1.761022967285081
1639504355559,2021-12-14T12:52:35.559,27.78,3.035033189681818,5.552080963452141,-1.5419223220620175
1639504355569,2021-12-14T12:52:35.569,27.79,5.366640472955325,5.377953616388914,-1.6050795152734216
1639504355579,2021-12-14T12:52:35.579,27.8,5.589746606715575,5.601160303553363,-1.7045970171029228
1639504355589,2021-12-14T12:52:35.589,27.81,3.813482066112954,6.097153268312439,-1.3733301168363896
1639504355599,2021-12-14T12:52:35.599,27.82,3.3282219315485735,6.043732534545426,-0.874545692115213
1639504355609,2021-12-14T12:52:35.609,27.83,5.184223784251053,4.718182850362595,-0.9795303917549678
1639504355619,2021-12-14T12:52:35.619,27.84,6.40354261238714,2.6130761158025844,-1.5388440520810611
1639504355629,2021-12-14T12:52:35.629,27.85,5.521389079051394,0.8507207389452525,-1.3172583988905333
1639504355639,2021-12-14T12:52:35.639,27.86,4.64551687903589,-0.3783442483452921,0.07596677071545643
1639504355649,2021-12-14T12:52:35.649,27.87,4.284190292387034,-1.5040080045326931,0.9434351813692363
1639504355659,2021-12-14T12:52:35.659,27.88,2.540695987876392,-1.9380883141887255,-0.4953103020202102
1639504355669,2021-12-14T12:52:35.669,27.89,0.8868503487866572,-0.5713120906243326,-3.156232217152317
1639504355679,2021-12-14T12:52:35.679,27.9,3.7877429066553665,2.148494437878185,-3.9533282933472518
1639504355689,2021-12-14T12:52:35.689,27.91,11.001633005322642,4.465260725372366,-1.8934035588975489
1639504355699,2021-12-14T12:52:35.699,27.92,16.494046463419807,5.526392858659935,0.6854573188277862
1639504355709,2021-12-14T12:52:35.709,27.93,16.756206365976105,5.902469204270487,1.6942214868985745
1639504355719,2021-12-14T12:52:35.719,27.94,15.016568267860213,6.283887915746217,1.9888778626102939
1639504355729,2021-12-14T12:52:35.729,27.95,15.21231885059655,6.782154938528301,3.1897998870843884
1639504355739,2021-12-14T12:52:35.739,27.96,16.4202958957556,7.295116018498915,4.8529093639861225
1639504355749,2021-12-14T12:52:35.749,27.97,16.017756566254878,7.89474099225099,5.69088147073464
1639504355759,2021-12-14T12:52:35.759,27.98,14.455703942292796,8.73630879632557,5.995915980022653
1639504355769,2021-12-14T12:52:35.769,27.99,13.690010365303683,9.763957114024603,6.918595890731272
1639504355779,2021-12-14T12:52:35.779,28.0,13.78679397345904,10.715413638546867,8.572638369935607
1639504355789,2021-12-14T12:52:35.789,28.01,13.766792246353251,11.390949178065828,10.362514013544352
1639504355799,2021-12-14T12:52:35.799,28.02,13.539667097155274,11.73031125721358,12.061877777417001
1639504355809,2021-12-14T12:52:35.809,28.03,13.238401082023708,11.743817171205952,13.530522689430967
1639504355819,2021-12-14T12:52:35.819,28.04,12.561334436497091,11.601115905914037,14.40099002567958
1639504355829,2021-12-14T12:52:35.829,28.05,11.626701263397987,11.620694356286776,14.630270667464718
1639504355839,2021-12-14T12:52:35.839,28.06,10.825866634897446,11.922534615286168,14.529757595331532
1639504355849,2021-12-14T12:52:35.849,28.07,9.768496188277217,12.255193052971105,14.180150309857677
1639504355859,2021-12-14T12:52:35.859,28.08,7.845905725696335,12.364693329430773,13.51525582791429
1639504355869,2021-12-14T12:52:35.869,28.09,5.428312100890347,12.342821922542717,12.690746874832119
1639504355879,2021-12-14T12:52:35.879,28.1,3.290605308336172,12.44534986790202,11.768543689748743
1639504355889,2021-12-14T12:52:35.889,28.11,1.4955426279818438,12.761959004795369,10.440683614632144
1639504355899,2021-12-14T12:52:35.899,28.12,-0.25501759511537836,13.207860108872364,8.492280914477641
1639504355909,2021-12-14T12:52:35.909,28.13,-1.8718987800546432,13.68445443179073,6.154079795364982
1639504355919,2021-12-14T12:52:35.919,28.14,-3.116223908914022,14.133846378728043,3.788472760291858
1639504355929,2021-12-14T12:52:35.929,28.15,-3.990780687374789,14.523633197077896,1.5970111384899472
1639504355939,2021-12-14T12:52:35.939,28.16,-4.536555668662521,14.85068289541377,-0.27628778724589365
1639504355949,2021-12-14T12:52:35.949,28.17,-4.720398461341194,15.127488710131686,-1.7115535179595964
1639504355959,2021-12-14T12:52:35.959,28.18,-4.681638070515481,15.347974466436439,-2.785203569483257
1639504355969,2021-12-14T12:52:35.969,28.19,-4.639698567192754,15.51234595135373,-3.719877977886296
1639504355979,2021-12-14T12:52:35.979,28.2,-4.4928880738091435,15.690617409716008,-4.5894575555265495
1639504355989,2021-12-14T12:52:35.989,28.21,-3.9956579492208553,15.969191675076832,-5.297354006064302
1639504355999,2021-12-14T12:52:35.999,28.22,-3.3787938376405044,16.289452696236896,-5.902730577895041
1639504356009,2021-12-14T12:52:36.009,28.23,-3.25109844975496,16.440215125005764,-6.7088174347769876
1639504356019,2021-12-14T12:52:36.019,28.24,-3.8015213217504256,16.294954972957285,-7.910308210100809
1639504356029,2021-12-14T12:52:36.029,28.25,-4.551494837477901,16.014423249235445,-9.31844282507488
1639504356039,2021-12-14T12:52:36.039,28.26,-4.911719406685489,15.9446676600346,-10.505305989393698
1639504356049,2021-12-14T12:52:36.049,28.27,-4.709587109548243,16.29078878488534,-11.174374808023344
1639504356059,2021-12-14T12:52:36.059,28.28,-4.305975011806257,16.92957351794562,-11.417205622689446
1639504356069,2021-12-14T12:52:36.069,28.29,-4.310484304288989,17.590203155980625,-11.581183493743556
1639504356079,2021-12-14T12:52:36.079,28.3,-5.033440496948935,18.151951440594495,-11.902571682939435
1639504356089,2021-12-14T12:52:36.089,28.31,-6.316950791170632,18.692298603873013,-12.479559698011661
1639504356099,2021-12-14T12:52:36.099,28.32,-7.900751637952615,19.35571136513251,-13.534044617465362
1639504356109,2021-12-14T12:52:36.109,28.33,-9.504664280807962,20.282601247380903,-15.232406651837081
1639504356119,2021-12-14T12:52:36.119,28.34,-10.633351348848475,21.559367996984943,-17.22313857038877
1639504356129,2021-12-14T12:52:36.129,28.35,-11.069425853169172,23.113505240744985,-18.91023417346981
1639504356139,2021-12-14T12:52:36.139,28.36,-11.533138574343472,24.679610702431443,-20.248799688054536
1639504356149,2021-12-14T12:52:36.149,28.37,-12.871592415749289,25.933448659090416,-21.602292991513906
1639504356159,2021-12-14T12:52:36.159,28.38,-14.552302039025488,26.730090930445762,-22.74941859056846
1639504356169,2021-12-14T12:52:36.169,28.39,-15.342749480263624,27.267829586983297,-23.0929730616137
1639504356179,2021-12-14T12:52:36.179,28.4,-15.723564903574376,27.916522732619864,-23.16808324344898
1639504356189,2021-12-14T12:52:36.189,28.41,-17.21845701491093,28.766254416115647,-24.154136052501435
1639504356199,2021-12-14T12:52:36.199,28.42,-18.188973885457905,29.586958370336852,-24.752712686556134
1639504356209,2021-12-14T12:52:36.209,28.43,-14.450447196561996,30.362700887356517,-21.362786899487954
1639504356219,2021-12-14T12:52:36.219,28.44,-7.601179116890937,31.223057804190095,-14.365723694752816
1639504356229,2021-12-14T12:52:36.229,28.45,-6.995602739326973,31.737386305848197,-10.884729743173036
1639504356239,2021-12-14T12:52:36.239,28.46,-16.29917102479198,31.481789053393392,-15.901932091395956
1639504356249,2021-12-14T12:52:36.249,28.47,-24.35516010538717,31.205816586760413,-23.571007762744415
1639504356259,2021-12-14T12:52:36.259,28.48,-20.033713540146742,31.625776618416037,-24.40167630956516
1639504356269,2021-12-14T12:52:36.269,28.49,-10.433749873174184,31.421964476930903,-18.698061101599002
1639504356279,2021-12-14T12:52:36.279,28.5,-11.310003929542951,28.668838916691072,-14.76099154564308
1639504356289,2021-12-14T12:52:36.289,28.51,-23.61894740656455,23.90501245926285,-15.332005912034909
1639504356299,2021-12-14T12:52:36.299,28.52,-33.49195730661399,19.598809894415147,-14.647708956510305
1639504356309,2021-12-14T12:52:36.309,28.53,-33.63485732061477,16.797472869061973,-9.271324352178377
1639504356319,2021-12-14T12:52:36.319,28.54,-31.255182832553196,14.340095083869226,-3.7321567617316846
1639504356329,2021-12-14T12:52:36.329,28.55,-33.40786581199556,11.433419313964356,-3.034681281434522
1639504356339,2021-12-14T12:52:36.339,28.56,-36.134823806892456,9.012829067654387,-5.68561828803893
1639504356349,2021-12-14T12:52:36.349,28.57,-32.87970196148603,7.913254948455424,-7.538319473785728
1639504356359,2021-12-14T12:52:36.359,28.58,-25.367573460621287,7.28863474601232,-8.190512614014443
1639504356369,2021-12-14T12:52:36.369,28.59,-19.75114120479762,5.783529117173074,-9.662761786309128
1639504356379,2021-12-14T12:52:36.379,28.6,-17.195807302834826,3.1860829840710316,-11.691580181832355
1639504356389,2021-12-14T12:52:36.389,28.61,-14.469866538935449,0.15732397128677694,-12.314465919568638
1639504356399,2021-12-14T12:52:36.399,28.62,-10.28127267589332,-2.784660772189693,-11.356053105851458
1639504356409,2021-12-14T12:52:36.409,28.63,-5.703642738737658,-5.39584972046503,-10.12299659774684
1639504356419,2021-12-14T12:52:36.419,28.64,-0.9597346194071738,-7.537906180554597,-9.012918559925872
1639504356429,2021-12-14T12:52:36.429,28.65,4.211604459190063,-9.360206373569836,-7.814857308959128
1639504356439,2021-12-14T12:52:36.439,28.66,8.952098313265118,-11.215754568599536,-7.136787485901982
1639504356449,2021-12-14T12:52:36.449,28.67,12.405517371494987,-13.187104698693801,-7.806657407358416
1639504356459,2021-12-14T12:52:36.459,28.68,14.79564659086396,-15.007800693296916,-9.77322424881083
1639504356469,2021-12-14T12:52:36.469,28.69,16.365175262433404,-16.47289627426143,-12.510281428390703
1639504356479,2021-12-14T12:52:36.479,28.7,16.789008660185022,-17.636401710585666,-15.66220827159887
1639504356489,2021-12-14T12:52:36.489,28.71,16.099624586102937,-18.62130154820705,-18.811037845712203
1639504356499,2021-12-14T12:52:36.499,28.72,14.995080299299234,-19.48547587972736,-21.34459370997086
1639504356509,2021-12-14T12:52:36.509,28.73,14.014375224215001,-20.29048156781422,-22.90618062491037
1639504356519,2021-12-14T12:52:36.519,28.74,13.162679467806234,-21.15673620558963,-23.545875347068915
1639504356529,2021-12-14T12:52:36.529,28.75,12.310829666704123,-22.25692373956416,-23.36703592358529
1639504356539,2021-12-14T12:52:36.539,28.76,11.35625135396132,-23.800902185512108,-22.45736281697591
1639504356549,2021-12-14T12:52:36.549,28.77,10.090312570032099,-25.916141357822212,-21.15666396467325
1639504356559,2021-12-14T12:52:36.559,28.78,8.481495704168708,-28.485684420506878,-19.90341071728933
1639504356569,2021-12-14T12:52:36.569,28.79,7.022774693361431,-31.23710309727981,-18.75225960752231
1639504356579,2021-12-14T12:52:36.579,28.8,6.252832368215868,-34.02495928892535,-17.450430117232624
1639504356589,2021-12-14T12:52:36.589,28.81,6.01849967864659,-36.88477688624983,-16.000591817576712
1639504356599,2021-12-14T12:52:36.599,28.82,5.7885863250897245,-39.80770542369077,-14.711870738847445
1639504356609,2021-12-14T12:52:36.609,28.83,5.5842815650559965,-42.61778018471101,-13.662056495142838
1639504356619,2021-12-14T12:52:36.619,28.84,5.93794841555836,-45.114693264130054,-12.540854688619568
1639504356629,2021-12-14T12:52:36.629,28.85,6.956740111104512,-47.26629792986789,-11.103114888468411
1639504356639,2021-12-14T12:52:36.639,28.86,8.034460754348038,-49.22267422840525,-9.405685890249785
1639504356649,2021-12-14T12:52:36.649,28.87,8.567072553238802,-51.14713155846375,-7.517673783377415
1639504356659,2021-12-14T12:52:36.659,28.88,8.528028459992148,-53.08185160356411,-5.369772181103357
1639504356669,2021-12-14T12:52:36.669,28.89,8.193755718527687,-55.036754466354466,-3.0793930959096407
1639504356679,2021-12-14T12:52:36.679,28.9,7.587528194584176,-57.1231491776711,-1.1239805927264421
1639504356689,2021-12-14T12:52:36.689,28.91,6.586258892659718,-59.42891806563105,0.13430703669370092
1639504356699,2021-12-14T12:52:36.699,28.92,5.522897650815476,-61.82018785189409,0.9181933745869639
1639504356709,2021-12-14T12:52:36.709,28.93,4.997573344719353,-64.07996025747414,1.6104979442214056
1639504356719,2021-12-14T12:52:36.719,28.94,4.919220891680501,-66.18221684976348,1.998500843811075
1639504356729,2021-12-14T12:52:36.729,28.95,4.626076905933703,-68.20010092927254,1.5391216814719646
1639504356739,2021-12-14T12:52:36.739,28.96,4.106527198657196,-70.06464703767278,0.3040933128503006
1639504356749,2021-12-14T12:52:36.749,28.97,3.904100268568662,-71.70451653254366,-1.0818032512069935
1639504356759,2021-12-14T12:52:36.759,28.98,3.752339389974848,-73.26729027630104,-2.3820070211405815
1639504356769,2021-12-14T12:52:36.769,28.99,2.771514944049292,-74.89979868204887,-3.769093572317579
1639504356779,2021-12-14T12:52:36.779,29.0,0.9589273251410217,-76.52325372308967,-5.028735565250056
1639504356789,2021-12-14T12:52:36.789,29.01,-1.0226030351060698,-78.05579379163964,-5.6952092810361
1639504356799,2021-12-14T12:52:36.799,29.02,-3.059620005670099,-79.4927680792988,-5.791458958932726
1639504356809,2021-12-14T12:52:36.809,29.03,-4.977428792853964,-80.55959942289667,-5.511514063853218
1639504356819,2021-12-14T12:52:36.819,29.04,-5.64080365206812,-80.7556564022873,-4.566618172994942
1639504356829,2021-12-14T12:52:36.829,29.05,-4.505111067623126,-79.9694770385676,-2.895161640692501
1639504356839,2021-12-14T12:52:36.839,29.06,-2.9989433721891237,-78.59095495422048,-1.533408340550479
1639504356849,2021-12-14T12:52:36.849,29.07,-2.4073098748423307,-76.83659114635239,-1.4595747184066594
1639504356859,2021-12-14T12:52:36.859,29.08,-1.5938968466228007,-74.50414075254155,-1.9196988939678383
1639504356869,2021-12-14T12:52:36.869,29.09,0.7910339576291299,-71.62920087604945,-1.5179525168803338
1639504356879,2021-12-14T12:52:36.879,29.1,3.1374788433051073,-68.71386784173508,-0.7907626978337211
1639504356889,2021-12-14T12:52:36.889,29.11,3.251576154792496,-65.82452873015194,-1.628016320991673
1639504356899,2021-12-14T12:52:36.899,29.12,3.0364154364341167,-62.07760131673879,-3.939333047954597
1639504356909,2021-12-14T12:52:36.909,29.13,6.6676576841409885,-56.70695143175813,-5.15537033378688
1639504356919,2021-12-14T12:52:36.919,29.14,14.170944350080141,-50.2848727046112,-3.5635843674714076
1639504356929,2021-12-14T12:52:36.929,29.15,20.898501917869552,-44.262283909048065,-0.05957852503114558
1639504356939,2021-12-14T12:52:36.939,29.16,23.77996966695831,-39.47695226544458,3.942094641150595
1639504356949,2021-12-14T12:52:36.949,29.17,24.489701496927708,-35.561503744024776,8.328572068199959
1639504356959,2021-12-14T12:52:36.959,29.18,25.835468588238257,-31.639215015629787,13.247166035806806
1639504356969,2021-12-14T12:52:36.969,29.19,28.16993749311913,-27.144435377469396,17.88261630697196
1639504356979,2021-12-14T12:52:36.979,29.2,30.38629131133897,-22.020610506475432,21.250203165579578
1639504356989,2021-12-14T12:52:36.989,29.21,31.99816757946906,-16.55630672027696,23.201540931995293
1639504356999,2021-12-14T12:52:36.999,29.22,32.90549319892833,-11.184379671719958,23.955618234038393
1639504357009,2021-12-14T12:52:37.009,29.23,32.70620204501565,-6.235777068431554,23.42839395486997
1639504357019,2021-12-14T12:52:37.019,29.24,31.380372955782747,-1.7587573448494824,21.55745358188134
1639504357029,2021-12-14T12:52:37.029,29.25,29.631296621995887,2.3391060912213253,18.71807646510429
1639504357039,2021-12-14T12:52:37.039,29.26,27.8665719307713,5.946310342366415,15.459386710070142
1639504357049,2021-12-14T12:52:37.049,29.27,25.701762018653383,8.707830428938324,12.154781585756744
1639504357059,2021-12-14T12:52:37.059,29.28,22.91003887901372,10.441876785018191,9.022020090174683
1639504357069,2021-12-14T12:52:37.069,29.29,20.07810126428717,11.444782219445745,6.200538036038212
1639504357079,2021-12-14T12:52:37.079,29.3,17.87418365203783,12.209096280344536,3.674486369688437
1639504357089,2021-12-14T12:52:37.089,29.31,16.278341399065297,12.964649962221888,1.2509397710523262
1639504357099,2021-12-14T12:52:37.099,29.32,15.002742238649462,13.660310326613402,-1.2187584335666561
1639504357109,2021-12-14T12:52:37.109,29.33,14.141493123644274,14.227174600446403,-3.559456920343695
1639504357119,2021-12-14T12:52:37.119,29.34,13.842706033490547,14.63323615388052,-5.312168105758312
1639504357129,2021-12-14T12:52:37.129,29.35,13.744528983707642,14.76817409301465,-6.11302386097538
1639504357139,2021-12-14T12:52:37.139,29.36,13.281003697742008,14.46797881207922,-5.983873273635313
1639504357149,2021-12-14T12:52:37.149,29.37,12.241916852677429,13.673053753934784,-5.218434090665652
1639504357159,2021-12-14T12:52:37.159,29.38,10.69250864488163,12.51785368349561,-4.024730547945213
1639504357169,2021-12-14T12:52:37.169,29.39,8.794031253414937,11.281260296466058,-2.3617642761888766
1639504357179,2021-12-14T12:52:37.179,29.4,6.9737386578245655,10.24901569309756,-0.19554882573939963
1639504357189,2021-12-14T12:52:37.189,29.41,5.679468142674639,9.56377512008932,2.162496572726675
1639504357199,2021-12-14T12:52:37.199,29.42,4.71674598264444,9.168604776922564,4.186370127196168
1639504357209,2021-12-14T12:52:37.209,29.43,3.486547793038688,8.925069132120674,5.69317164470956
1639504357219,2021-12-14T12:52:37.219,29.44,2.02685540389644,8.782947502279299,7.106328319038858
1639504357229,2021-12-14T12:52:37.229,29.45,0.9986743260368749,8.735973928193562,8.996437745762414
1639504357239,2021-12-14T12:52:37.239,29.46,0.4646206790767154,8.61864639411786,11.45623156855852
1639504357249,2021-12-14T12:52:37.249,29.47,-0.378632155689949,8.153541137061616,14.102275601942292
1639504357259,2021-12-14T12:52:37.259,29.48,-1.9307168764805134,7.262117234564134,16.589669417251965
1639504357269,2021-12-14T12:52:37.269,29.49,-3.564671649849448,6.1241222801721795,18.895168808649164
1639504357279,2021-12-14T12:52:37.279,29.5,-4.685048843554636,4.885851774107384,21.144996721381624
1639504357289,2021-12-14T12:52:37.289,29.51,-5.566646405215347,3.5179798832611042,23.390616843436476
1639504357299,2021-12-14T12:52:37.299,29.52,-6.6935194824312205,1.9925957702883312,25.571848589274758
1639504357309,2021-12-14T12:52:37.309,29.53,-7.966067515848557,0.44249958492123526,27.583187405110895
1639504357319,2021-12-14T12:52:37.319,29.54,-8.95101011911391,-0.8713147204074875,29.389268201556103
1639504357329,2021-12-14T12:52:37.329,29.55,-9.446914905517481,-1.709778550588959,31.08511629595008
1639504357339,2021-12-14T12:52:37.339,29.56,-9.61615075689807,-2.037883081922569,32.75571700422124
1639504357349,2021-12-14T12:52:37.349,29.57,-9.812933354692877,-2.0617341727773275,34.39128506722
1639504357359,2021-12-14T12:52:37.359,29.58,-10.264887147151278,-2.023367540501735,36.13184560388622
1639504357369,2021-12-14T12:52:37.369,29.59,-10.897651827403882,-1.992493676425011,38.31388242472588
1639504357379,2021-12-14T12:52:37.379,29.6,-11.63158137478949,-1.8683241953985763,40.88910923976201
1639504357389,2021-12-14T12:52:37.389,29.61,-12.581208471234586,-1.476835124242975,43.101110843624475
1639504357399,2021-12-14T12:52:37.399,29.62,-13.652165455038558,-0.6597911158897571,44.17717113512744
1639504357409,2021-12-14T12:52:37.409,29.63,-14.435423737795547,0.5994221546064802,44.05614375321648
1639504357419,2021-12-14T12:52:37.419,29.64,-14.86138510314521,2.1142746251087123,43.143947406473664
1639504357429,2021-12-14T12:52:37.429,29.65,-15.364141230892212,3.6417364472556217,41.78338369508949
1639504357439,2021-12-14T12:52:37.439,29.66,-16.171314717924233,5.079574938988282,40.24763260095347
1639504357449,2021-12-14T12:52:37.449,29.67,-17.03942237153306,6.4691852438485675,38.83880839680277
1639504357459,2021-12-14T12:52:37.459,29.68,-17.704449269139914,7.855410317367623,37.71045811323571
1639504357469,2021-12-14T12:52:37.469,29.69,-18.103341088216105,9.190725543577736,36.77873063834588
1639504357479,2021-12-14T12:52:37.479,29.7,-18.313080989288128,10.346665630304004,35.899039249128016
1639504357489,2021-12-14T12:52:37.489,29.71,-18.463467109412754,11.253287526027583,35.05264476429757
1639504357499,2021-12-14T12:52:37.499,29.72,-18.424135147106032,12.05652175909225,34.323344230167564
1639504357509,2021-12-14T12:52:37.509,29.73,-17.80789310673115,12.965379313271141,33.64292377123384
1639504357519,2021-12-14T12:52:37.519,29.74,-16.711291829710657,13.871469659541543,32.674547076232784
1639504357529,2021-12-14T12:52:37.529,29.75,-15.909178510261704,14.392298918288141,31.230465713997045
1639504357539,2021-12-14T12:52:37.539,29.76,-15.845413546192985,14.366392961612663,29.69738576706861
1639504357549,2021-12-14T12:52:37.549,29.77,-16.131177318778626,13.999316097317044,28.615383741088372
1639504357559,2021-12-14T12:52:37.559,29.78,-16.36525142107359,13.527192406056997,27.912502807736693
1639504357569,2021-12-14T12:52:37.569,29.79,-16.589031902246944,13.048550639175165,27.045124077320697
1639504357579,2021-12-14T12:52:37.579,29.8,-16.74297740120236,12.602748243382525,25.822043032293745
1639504357589,2021-12-14T12:52:37.589,29.81,-16.548430093073485,12.176945802173208,24.597120496060818
1639504357599,2021-12-14T12:52:37.599,29.82,-15.915739199414142,11.802270747636156,23.747753282277397
1639504357609,2021-12-14T12:52:37.609,29.83,-14.737203641454135,11.743563764107572,23.404804296177257
1639504357619,2021-12-14T12:52:37.619,29.84,-12.67265279212097,12.300887539636086,23.53201472541317
1639504357629,2021-12-14T12:52:37.629,29.85,-9.85640796738656,13.367735722957136,23.90058406283419
1639504357639,2021-12-14T12:52:37.639,29.86,-7.2095463692218384,14.48292903999532,24.182449212162318
1639504357649,2021-12-14T12:52:37.649,29.87,-5.421993560679869,15.318882030878381,24.297840701984185
1639504357659,2021-12-14T12:52:37.659,29.88,-4.262573734069315,15.886386309999002,24.40936215883397
1639504357669,2021-12-14T12:52:37.669,29.89,-3.2704005326289654,16.33113631431751,24.477623379376485
1639504357679,2021-12-14T12:52:37.679,29.9,-2.406108748608317,16.72865626848887,24.211968216414302
1639504357689,2021-12-14T12:52:37.689,29.91,-1.7735734548251099,17.045805637363255,23.5761454185243
1639504357699,2021-12-14T12:52:37.699,29.92,-1.3844323614252847,17.203391121229835,22.93264019079451
1639504357709,2021-12-14T12:52:37.709,29.93,-1.3565416759660107,17.172529291371497,22.53792430587262
1639504357719,2021-12-14T12:52:37.719,29.94,-1.800459675925531,17.01329109138902,22.261218771192137
1639504357729,2021-12-14T12:52:37.729,29.95,-2.492807839241242,16.815174049201403,21.924752500771117
1639504357739,2021-12-14T12:52:37.739,29.96,-3.0826279548427085,16.623473709755604,21.563740939642734
1639504357749,2021-12-14T12:52:37.749,29.97,-3.524833709445913,16.44399426232039,21.233721784767447
1639504357759,2021-12-14T12:52:37.759,29.98,-4.007503807002602,16.307466021955346,20.88125814045225
1639504357769,2021-12-14T12:52:37.769,29.99,-4.570975188736519,16.286929352257527,20.51526033327921
1639504357779,2021-12-14T12:52:37.779,30.0,-4.965075590372035,16.41688249177941,20.262110624086652
1639504357789,2021-12-14T12:52:37.789,30.01,-4.880334840792749,16.60669892051222,20.130162061254502
1639504357799,2021-12-14T12:52:37.799,30.02,-4.3779723053574,16.685715643049196,19.865864608802475
1639504357809,2021-12-14T12:52:37.809,30.03,-3.92894965885886,16.576298360206547,19.2361144818961
1639504357819,2021-12-14T12:52:37.819,30.04,-3.766479134289814,16.382456639089206,18.39182890864628
1639504357829,2021-12-14T12:52:37.829,30.05,-3.588693372736862,16.252338912808366,17.590901661923034
1639504357839,2021-12-14T12:52:37.839,30.06,-3.297488874454147,16.2477672618453,16.53508889538419
1639504357849,2021-12-14T12:52:37.849,30.07,-3.3825667064123666,16.43574127393449,14.50751431166036
1639504357859,2021-12-14T12:52:37.859,30.08,-4.0873577063469355,16.924778621117436,11.264479405056777
1639504357869,2021-12-14T12:52:37.869,30.09,-4.894304478533596,17.667911012045767,7.286154576784359
1639504357879,2021-12-14T12:52:37.879,30.1,-5.165695961101421,18.483896542554508,3.238667677953286
1639504357889,2021-12-14T12:52:37.889,30.11,-4.757613733641538,19.433633992735608,-0.2297098790359819
1639504357899,2021-12-14T12:52:37.899,30.12,-4.070175281020816,20.804283955559995,-2.467134131371944
1639504357909,2021-12-14T12:52:37.909,30.13,-3.708988348419896,22.507345238494437,-3.3823746261180725
1639504357919,2021-12-14T12:52:37.919,30.14,-3.659171034553909,23.94082431207304,-3.814093380298008
1639504357929,2021-12-14T12:52:37.929,30.15,-3.1444521075861926,24.700201346710905,-4.703016000158722
1639504357939,2021-12-14T12:52:37.939,30.16,-2.0342872403648413,24.99141693121093,-6.184936093284427
1639504357949,2021-12-14T12:52:37.949,30.17,-1.4734671266829844,25.17387540804242,-7.890798549698022
1639504357959,2021-12-14T12:52:37.959,30.18,-2.201810860368459,25.36334822807114,-9.563645640705968
1639504357969,2021-12-14T12:52:37.969,30.19,-3.369948784345504,25.604201344497007,-10.975779830477784
1639504357979,2021-12-14T12:52:37.979,30.2,-3.8984660240555664,25.979662274255773,-11.842078878969158
1639504357989,2021-12-14T12:52:37.989,30.21,-3.961651884645196,26.42509122143901,-12.177626659636626
1639504357999,2021-12-14T12:52:37.999,30.22,-4.333170229857393,26.746968094071544,-12.33525748725751
1639504358009,2021-12-14T12:52:38.009,30.23,-5.116649906841178,26.884821260942076,-12.625490061221203
1639504358019,2021-12-14T12:52:38.019,30.24,-5.899836520130189,26.93361342514381,-13.245730556525793
1639504358029,2021-12-14T12:52:38.029,30.25,-6.553575436271443,26.926884800324437,-14.375819637454669
1639504358039,2021-12-14T12:52:38.039,30.26,-7.1124238876339625,26.814973856142345,-15.905970672065443
1639504358049,2021-12-14T12:52:38.049,30.27,-7.291031768060883,26.600174089386265,-17.310748323470172
1639504358059,2021-12-14T12:52:38.059,30.28,-6.9049650571005845,26.23963608750517,-18.221022628842015
1639504358069,2021-12-14T12:52:38.069,30.29,-6.49395259685345,25.48717698206419,-18.910493019190167
1639504358079,2021-12-14T12:52:38.079,30.3,-6.756563586511865,24.105276790987197,-19.87606500895654
1639504358089,2021-12-14T12:52:38.089,30.31,-7.64102828912884,22.14049991265849,-21.20592274940222
1639504358099,2021-12-14T12:52:38.099,30.32,-8.799338534558297,19.751884293116877,-22.716719949194825
1639504358109,2021-12-14T12:52:38.109,30.33,-10.500349012628792,16.954943107492973,-24.36991631804674
1639504358119,2021-12-14T12:52:38.119,30.34,-13.021371353248101,13.802043705572434,-26.019408022078025
1639504358129,2021-12-14T12:52:38.129,30.35,-15.555598676191439,10.606032667273885,-27.018374350395234
1639504358139,2021-12-14T12:52:38.139,30.36,-16.965143667759836,7.7195822501078055,-26.73025614897447
1639504358149,2021-12-14T12:52:38.149,30.37,-17.29283491149489,5.286958202311646,-25.27043964459083
1639504358159,2021-12-14T12:52:38.159,30.38,-17.2945743870312,3.4288984584835074,-23.16450305866111
1639504358169,2021-12-14T12:52:38.169,30.39,-16.77516565449749,2.4663904335278852,-20.62430705413006
1639504358179,2021-12-14T12:52:38.179,30.4,-14.608404635227727,2.739315181077015,-17.91325270864818
1639504358189,2021-12-14T12:52:38.189,30.41,-10.314659486645802,4.296931691429216,-16.042835474800057
1639504358199,2021-12-14T12:52:38.199,30.42,-4.741644485907349,6.855251050831368,-16.193129668503534
1639504358209,2021-12-14T12:52:38.209,30.43,0.7775102811241349,9.96944054442402,-18.566949930784197
1639504358219,2021-12-14T12:52:38.219,30.44,5.414829439212909,13.215305106813585,-22.419841233633907
1639504358229,2021-12-14T12:52:38.229,30.45,9.032019421271016,16.287038545632313,-26.99506188245705
1639504358239,2021-12-14T12:52:38.239,30.46,11.732064198836072,18.993135729419325,-31.914976847726315
1639504358249,2021-12-14T12:52:38.249,30.47,13.480408507697197,21.204232650088485,-36.87512764871372
1639504358259,2021-12-14T12:52:38.259,30.48,14.213099599555221,22.824742247431832,-41.476592683272166
1639504358269,2021-12-14T12:52:38.269,30.49,14.053290290002952,23.799947152621435,-45.400143163270336
1639504358279,2021-12-14T12:52:38.279,30.5,13.242367137057386,24.150988075571995,-48.50291382142085
1639504358289,2021-12-14T12:52:38.289,30.51,12.062349269748548,23.99802372975155,-50.7134572062091
1639504358299,2021-12-14T12:52:38.299,30.52,10.840624799619185,23.491525115136774,-51.98973546326951
1639504358309,2021-12-14T12:52:38.309,30.53,9.71341183846274,22.697032238169946,-52.432742871844624
1639504358319,2021-12-14T12:52:38.319,30.54,8.452600687208761,21.599511508435718,-52.30480201822762
1639504358329,2021-12-14T12:52:38.329,30.55,6.8601577478865,20.22403574714749,-51.83639422437486
1639504358339,2021-12-14T12:52:38.339,30.56,5.157763652634181,18.67736646238257,-51.12080012069059
1639504358349,2021-12-14T12:52:38.349,30.57,3.652561206921087,17.05537251048518,-50.27459222293494
1639504358359,2021-12-14T12:52:38.359,30.58,2.269585818648983,15.372980320008196,-49.529524569690906
1639504358369,2021-12-14T12:52:38.369,30.59,0.7437408851442772,13.605502775835387,-49.02062373110084
1639504358379,2021-12-14T12:52:38.379,30.6,-0.9607419961554616,11.761972445751288,-48.60415278770718
1639504358389,2021-12-14T12:52:38.389,30.61,-2.6622414882532057,9.896329793947123,-48.01070680577773
1639504358399,2021-12-14T12:52:38.399,30.62,-4.205973301074292,8.041916353111624,-47.11221331782246
1639504358409,2021-12-14T12:52:38.409,30.63,-5.5828377587288935,6.150280694765528,-45.979264623586005
1639504358419,2021-12-14T12:52:38.419,30.64,-6.902475722626931,4.149855638676006,-44.737574280443674
1639504358429,2021-12-14T12:52:38.429,30.65,-8.226904302406528,2.081089222337753,-43.41144754903284
1639504358439,2021-12-14T12:52:38.439,30.66,-9.40989333797566,0.10568079079740356,-41.87208403101248
1639504358449,2021-12-14T12:52:38.449,30.67,-10.20053533169381,-1.6461023012901201,-39.92687893645588
1639504358459,2021-12-14T12:52:38.459,30.68,-10.488400577282922,-3.1710812111764093,-37.52501668026925
1639504358469,2021-12-14T12:52:38.469,30.69,-10.343910004259916,-4.509955751094022,-34.891203594781835
1639504358479,2021-12-14T12:52:38.479,30.7,-9.84484624527468,-5.6394022859493385,-32.337579754109385
1639504358489,2021-12-14T12:52:38.489,30.71,-8.982872318081668,-6.507091102578904,-29.929108985949746
1639504358499,2021-12-14T12:52:38.499,30.72,-7.809766346216453,-7.14477554842619,-27.544065234135836
1639504358509,2021-12-14T12:52:38.509,30.73,-6.546706589343177,-7.664993300993992,-25.25591603682312
1639504358519,2021-12-14T12:52:38.519,30.74,-5.316705504099886,-8.117070072899198,-23.308453034598802
1639504358529,2021-12-14T12:52:38.529,30.75,-3.920812621699914,-8.425959797779088,-21.71393631759556
1639504358539,2021-12-14T12:52:38.539,30.76,-2.27106642026585,-8.532002351604822,-20.287770001801363
1639504358549,2021-12-14T12:52:38.549,30.77,-0.7959667213102443,-8.497031776233346,-19.046463932451754
1639504358559,2021-12-14T12:52:38.559,30.78,0.1331442128201997,-8.382805667835832,-18.158052019434695
1639504358569,2021-12-14T12:52:38.569,30.79,0.8385087215770952,-8.122507657695472,-17.58593293494042
1639504358579,2021-12-14T12:52:38.579,30.8,1.7966429459764448,-7.620989780699544,-17.126225957531958
1639504358589,2021-12-14T12:52:38.589,30.81,2.8669119821833946,-6.8993994562828735,-16.656987243834166
1639504358599,2021-12-14T12:52:38.599,30.82,3.6079945932931734,-6.0481145967298415,-16.120416385066914
1639504358609,2021-12-14T12:52:38.609,30.83,3.9503149098102996,-5.123142509659752,-15.447380307559085
1639504358619,2021-12-14T12:52:38.619,30.84,4.091408131759018,-4.174688897148642,-14.643332093211601
1639504358629,2021-12-14T12:52:38.629,30.85,4.056086391348703,-3.297920611779297,-13.782502034604592
1639504358639,2021-12-14T12:52:38.639,30.86,3.736751807514926,-2.570858726682379,-12.866830328736372
1639504358649,2021-12-14T12:52:38.649,30.87,3.1835009997497377,-1.9840385339525315,-11.826048853279282
1639504358659,2021-12-14T12:52:38.659,30.88,2.575558339948479,-1.481246490195134,-10.65460960810333
1639504358669,2021-12-14T12:52:38.669,30.89,1.986575479926513,-1.0368492911305263,-9.438136426219295
1639504358679,2021-12-14T12:52:38.679,30.9,1.4018811919221468,-0.6402755730345813,-8.247207372250328
1639504358689,2021-12-14T12:52:38.689,30.91,0.9432018690983182,-0.20534398612688062,-7.0951099681849445
1639504358699,2021-12-14T12:52:38.699,30.92,0.873206240981395,0.4368875100979328,-6.008409857713948
1639504358709,2021-12-14T12:52:38.709,30.93,1.3652713058504276,1.3910875897169959,-5.034704960479013
1639504358719,2021-12-14T12:52:38.719,30.94,2.4082964945828262,2.58218046712057,-4.139507009598494
1639504358729,2021-12-14T12:52:38.729,30.95,3.9053303975890827,3.865140749471358,-3.185030890919474
1639504358739,2021-12-14T12:52:38.739,30.96,5.74421447999236,5.19336137018373,-2.0463706872098077
1639504358749,2021-12-14T12:52:38.749,30.97,7.795945104987501,6.556798948016997,-0.6945105989662093
1639504358759,2021-12-14T12:52:38.759,30.98,9.883655370589471,7.817412279948675,0.8110156199212899
1639504358769,2021-12-14T12:52:38.769,30.99,11.738940184515105,8.768236452368289,2.355054388550492
1639504358779,2021-12-14T12:52:38.779,31.0,13.099462709878896,9.32739179985319,3.8423699102931277
1639504358789,2021-12-14T12:52:38.789,31.01,13.955695606301013,9.553614070723569,5.273230502591523
1639504358799,2021-12-14T12:52:38.799,31.02,14.559873068360375,9.512980293364615,6.664325267023461
1639504358809,2021-12-14T12:52:38.809,31.03,15.094716751327681,9.234013736583858,7.902859602570343
1639504358819,2021-12-14T12:52:38.819,31.04,15.539191671915013,8.764589119165679,8.83489432832016
1639504358829,2021-12-14T12:52:38.829,31.05,15.925328631753237,8.179664000651266,9.510605201105562
1639504358839,2021-12-14T12:52:38.839,31.06,16.426453351913175,7.509935301210228,10.155725250394623
1639504358849,2021-12-14T12:52:38.849,31.07,17.080763374102872,6.70509678202416,10.87624371475976
1639504358859,2021-12-14T12:52:38.859,31.08,17.67923512779081,5.699261022675935,11.58307598839528
1639504358869,2021-12-14T12:52:38.869,31.09,18.017333323422537,4.491586002093692,12.220564717394325
1639504358879,2021-12-14T12:52:38.879,31.1,18.100955852457666,3.1324340710413194,12.86234397175917
1639504358889,2021-12-14T12:52:38.889,31.11,18.067433389803483,1.656222642263645,13.553019183122391
1639504358899,2021-12-14T12:52:38.899,31.12,17.97640533055489,0.0661492834790833,14.224847738435766
1639504358909,2021-12-14T12:52:38.909,31.13,17.69519726807639,-1.6359265891101793,14.784292385459576
1639504358919,2021-12-14T12:52:38.919,31.14,17.046524302027876,-3.424883732392114,15.162269846734352
1639504358929,2021-12-14T12:52:38.929,31.15,16.12400914892052,-5.223373991235074,15.308828285596677
1639504358939,2021-12-14T12:52:38.939,31.16,15.301309281266844,-6.896248834715504,15.231175864916242
1639504358949,2021-12-14T12:52:38.949,31.17,14.771987734279673,-8.321743598789265,14.997432012941836
1639504358959,2021-12-14T12:52:38.959,31.18,14.294250174136112,-9.45999193321221,14.663502037831515
1639504358969,2021-12-14T12:52:38.969,31.19,13.610725263548193,-10.326958455486754,14.259941786832421
1639504358979,2021-12-14T12:52:38.979,31.2,12.839858155012333,-10.956698561269521,13.85382554263754
1639504358989,2021-12-14T12:52:38.989,31.21,12.178718944706796,-11.410248564356944,13.528422488553998
1639504358999,2021-12-14T12:52:38.999,31.22,11.544626637087692,-11.731494036595972,13.277622307144814
1639504359009,2021-12-14T12:52:39.009,31.23,10.81698593176893,-11.860263745983046,12.989253063876884
1639504359019,2021-12-14T12:52:39.019,31.24,10.13500644662997,-11.666995697286175,12.564391884821521
1639504359029,2021-12-14T12:52:39.029,31.25,9.69345970509518,-11.103995843873633,12.017647870890862
1639504359039,2021-12-14T12:52:39.039,31.26,9.4756083490458,-10.269213344137954,11.430993437850319
1639504359049,2021-12-14T12:52:39.049,31.27,9.344518224924029,-9.29756171195437,10.833283104732423
1639504359059,2021-12-14T12:52:39.059,31.28,9.225830214074847,-8.228512784712642,10.179441796778798
1639504359069,2021-12-14T12:52:39.069,31.29,9.142794162020417,-7.008971593293186,9.457055482142833
1639504359079,2021-12-14T12:52:39.079,31.3,9.179350474407562,-5.604857146941883,8.743278227136422
1639504359089,2021-12-14T12:52:39.089,31.31,9.375801624735152,-4.078784989466241,8.11023760774366
1639504359099,2021-12-14T12:52:39.099,31.32,9.595762168806177,-2.5528515580154014,7.539365667872511
1639504359109,2021-12-14T12:52:39.109,31.33,9.595486114361833,-1.12252810657446,6.98289174685801
1639504359119,2021-12-14T12:52:39.119,31.34,9.265014394552306,0.15386531958016514,6.442975868405076
1639504359129,2021-12-14T12:52:39.129,31.35,8.678740951610237,1.210788858655509,5.9469720598326
1639504359139,2021-12-14T12:52:39.139,31.36,7.939226054117929,2.0120178450440935,5.527438448279457
1639504359149,2021-12-14T12:52:39.149,31.37,7.15009405955262,2.6225952670964636,5.265322155264698
1639504359159,2021-12-14T12:52:39.159,31.38,6.457255534735721,3.1340751111959033,5.250663412887376
1639504359169,2021-12-14T12:52:39.169,31.39,5.885306359083985,3.5185403739957852,5.445779515171787
1639504359179,2021-12-14T12:52:39.179,31.4,5.227797062050821,3.6603968248936862,5.682774915469187
1639504359189,2021-12-14T12:52:39.189,31.41,4.304537052557207,3.5114818825881615,5.853080144536818
1639504359199,2021-12-14T12:52:39.199,31.42,3.199584613652517,3.1078014233426248,6.00796281597388
1639504359209,2021-12-14T12:52:39.209,31.43,2.078088067150475,2.468925202026542,6.211618917235301
1639504359219,2021-12-14T12:52:39.219,31.44,0.9311798829152307,1.5959468032593418,6.393430457601195
1639504359229,2021-12-14T12:52:39.229,31.45,-0.3269443553749268,0.5418362834248704,6.438847500733747
1639504359239,2021-12-14T12:52:39.239,31.46,-1.6401238977353452,-0.6204811554010826,6.356914787685232
1639504359249,2021-12-14T12:52:39.249,31.47,-2.8512425958150027,-1.8732426063993297,6.26240879912379
1639504359259,2021-12-14T12:52:39.259,31.48,-3.8900628682140583,-3.2146687521991173,6.234736718992911
1639504359269,2021-12-14T12:52:39.269,31.49,-4.788336281829858,-4.605538590620773,6.267259375891344
1639504359279,2021-12-14T12:52:39.279,31.5,-5.5481208770317805,-6.034813294249634,6.326029545177171
1639504359289,2021-12-14T12:52:39.289,31.51,-6.115052949675164,-7.54408991941424,6.403865090947296
1639504359299,2021-12-14T12:52:39.299,31.52,-6.476735547642813,-9.116303082382558,6.527744033855733
1639504359309,2021-12-14T12:52:39.309,31.53,-6.704192923964135,-10.662352136735644,6.736928996094632
1639504359319,2021-12-14T12:52:39.319,31.54,-6.8883304615581284,-12.156864061115382,7.034524659110746
1639504359329,2021-12-14T12:52:39.329,31.55,-7.053578752659546,-13.630660677826448,7.357192072308176
1639504359339,2021-12-14T12:52:39.339,31.56,-7.125101418640551,-15.01898869644704,7.6398118136349265
1639504359349,2021-12-14T12:52:39.349,31.57,-7.020228218671569,-16.192254218329285,7.906899446512535
1639504359359,2021-12-14T12:52:39.359,31.58,-6.774745651502563,-17.12490622165286,8.220712968572984
1639504359369,2021-12-14T12:52:39.369,31.59,-6.489687389897558,-17.875148123129733,8.53405901421675
1639504359379,2021-12-14T12:52:39.379,31.6,-6.190883149521367,-18.446032300426534,8.700357393806783
1639504359389,2021-12-14T12:52:39.389,31.61,-5.855019727081501,-18.803909466266965,8.667858599238158
1639504359399,2021-12-14T12:52:39.399,31.62,-5.479151143169897,-18.95923171911977,8.567687614481361
1639504359409,2021-12-14T12:52:39.409,31.63,-5.024387509005008,-18.92312517224189,8.556470774901818
1639504359419,2021-12-14T12:52:39.419,31.64,-4.4373449935736256,-18.671318135018787,8.663417924260454
1639504359429,2021-12-14T12:52:39.429,31.65,-3.7885190624255234,-18.212490903708655,8.854554180857372
1639504359439,2021-12-14T12:52:39.439,31.66,-3.2208159107943928,-17.598540874929807,9.141936627894701
1639504359449,2021-12-14T12:52:39.449,31.67,-2.7428810383189246,-16.849408216557705,9.530886746739982
1639504359459,2021-12-14T12:52:39.459,31.68,-2.2383879817090873,-15.952597965722415,9.940379284583717
1639504359469,2021-12-14T12:52:39.469,31.69,-1.6773616219451342,-14.90609084577207,10.274539375342204
1639504359479,2021-12-14T12:52:39.479,31.7,-1.179283544162133,-13.690872422295348,10.51674018921462
1639504359489,2021-12-14T12:52:39.489,31.71,-0.8633990626819323,-12.268764498994159,10.693795411075577
1639504359499,2021-12-14T12:52:39.499,31.72,-0.7222251677691061,-10.655208565395016,10.823853361115656
1639504359509,2021-12-14T12:52:39.509,31.73,-0.647248389482161,-8.924759016253406,10.945967798949827
1639504359519,2021-12-14T12:52:39.519,31.74,-0.5507105437964397,-7.152219936096509,11.117620680531806
1639504359529,2021-12-14T12:52:39.529,31.75,-0.4651950068854303,-5.415306830995409,11.353112954895664
1639504359539,2021-12-14T12:52:39.539,31.76,-0.4958301279779186,-3.806135019860648,11.632714517809697
1639504359549,2021-12-14T12:52:39.549,31.77,-0.6561024547861103,-2.3814740831196737,11.944877776766049
1639504359559,2021-12-14T12:52:39.559,31.78,-0.8243304555019724,-1.1470305278022286,12.23131164462885
1639504359569,2021-12-14T12:52:39.569,31.79,-0.9025071708994996,-0.11235872608052674,12.352969692550719
1639504359579,2021-12-14T12:52:39.579,31.8,-0.9322876342106111,0.6803562143392846,12.219949026573616
1639504359589,2021-12-14T12:52:39.589,31.81,-0.9963546601863634,1.1856395136521516,11.897358143629521
1639504359599,2021-12-14T12:52:39.599,31.82,-1.0771286123007695,1.3902470216931413,11.494246203218998
1639504359609,2021-12-14T12:52:39.609,31.83,-1.101682443503511,1.3311690343007745,11.023760601373082
1639504359619,2021-12-14T12:52:39.619,31.84,-1.095280560959923,1.0772673516099482,10.468983120059898
1639504359629,2021-12-14T12:52:39.629,31.85,-1.1722443318539897,0.6615562389353238,9.911385015662415
1639504359639,2021-12-14T12:52:39.639,31.86,-1.360558052595575,0.05314820630540025,9.468622237712237
1639504359649,2021-12-14T12:52:39.649,31.87,-1.5584965521237302,-0.7590174163012532,9.139973643427295
1639504359659,2021-12-14T12:52:39.659,31.88,-1.7025759849089614,-1.6965345361411057,8.82812495346988
1639504359669,2021-12-14T12:52:39.669,31.89,-1.8584079665069253,-2.653044193754674,8.4912616791275
1639504359679,2021-12-14T12:52:39.679,31.9,-2.0778609099769585,-3.5777141037583715,8.172610681564695
1639504359689,2021-12-14T12:52:39.689,31.91,-2.2745621616490506,-4.472219228513078,7.902262260995788
1639504359699,2021-12-14T12:52:39.699,31.92,-2.351818435576512,-5.358228228504956,7.663526472142323
1639504359709,2021-12-14T12:52:39.709,31.93,-2.37832749331715,-6.257154488912649,7.44718381301348
1639504359719,2021-12-14T12:52:39.719,31.94,-2.5343836267408846,-7.163830612141813,7.249352480566644
1639504359729,2021-12-14T12:52:39.729,31.95,-2.9482570937493158,-8.042677818436987,7.000881915401369
1639504359739,2021-12-14T12:52:39.739,31.96,-3.5860413496741392,-8.84898027957636,6.612179226779878
1639504359749,2021-12-14T12:52:39.749,31.97,-4.165296702460106,-9.51909896927754,6.153529614906068
1639504359759,2021-12-14T12:52:39.759,31.98,-4.300009915834436,-9.960474612299306,5.848729526305561
1639504359769,2021-12-14T12:52:39.769,31.99,-3.9745815773170703,-10.125271469613308,5.789724702435441
1639504359779,2021-12-14T12:52:39.779,32.0,-3.669976445133466,-10.099218156037947,5.839892011302058
1639504359789,2021-12-14T12:52:39.789,32.01,-3.7491847915432635,-10.04511691138752,5.914474025759528
1639504359799,2021-12-14T12:52:39.799,32.02,-4.007911899818794,-10.03173749730572,6.113859175775984
1639504359809,2021-12-14T12:52:39.809,32.03,-4.078642308108085,-9.9658345304363,6.48588428639253
1639504359819,2021-12-14T12:52:39.819,32.04,-3.920592893144244,-9.710403363160165,6.902706857765549
1639504359829,2021-12-14T12:52:39.829,32.05,-3.6928294575153604,-9.235805109781584,7.239227301159643
1639504359839,2021-12-14T12:52:39.839,32.06,-3.4741456934911907,-8.646482570907391,7.477529591995493
1639504359849,2021-12-14T12:52:39.849,32.07,-3.2788961059880855,-8.07934204268479,7.630574387719758
1639504359859,2021-12-14T12:52:39.859,32.08,-3.1467123270523305,-7.5884251308199655,7.71167469816397
1639504359869,2021-12-14T12:52:39.869,32.09,-3.13225942172211,-7.136470971516246,7.747126107967132
1639504359879,2021-12-14T12:52:39.879,32.1,-3.2517752089237035,-6.67643152273908,7.729338012586385
1639504359889,2021-12-14T12:52:39.889,32.11,-3.4127598435805853,-6.196984047816484,7.617043735804227
1639504359899,2021-12-14T12:52:39.899,32.12,-3.443668194299629,-5.699773633206844,7.429118201748559
1639504359909,2021-12-14T12:52:39.909,32.13,-3.289721157604654,-5.188391949781453,7.2597493380931635
1639504359919,2021-12-14T12:52:39.919,32.14,-3.112830311160915,-4.696989137062025,7.153097143163622
1639504359929,2021-12-14T12:52:39.929,32.15,-3.0951003478188372,-4.296370161318988,7.035446680453433
1639504359939,2021-12-14T12:52:39.939,32.16,-3.2031545219858684,-4.0342853994217505,6.836366762398567
1639504359949,2021-12-14T12:52:39.949,32.17,-3.2452093765101573,-3.8723071501388016,6.6054142771498086
1639504359959,2021-12-14T12:52:39.959,32.18,-3.1308101110697852,-3.723555224164196,6.414030229467124
1639504359969,2021-12-14T12:52:39.969,32.19,-2.9661609617398614,-3.5639914179218772,6.22209953068904
1639504359979,2021-12-14T12:52:39.979,32.2,-2.8631704756413576,-3.4553865365838803,5.968982427176232
1639504359989,2021-12-14T12:52:39.989,32.21,-2.770590044953186,-3.4295422710127372,5.7090822715531555
1639504359999,2021-12-14T12:52:39.999,32.22,-2.60423279684802,-3.407174774367135,5.504140489937786
1639504360009,2021-12-14T12:52:40.009,32.23,-2.4383728115504333,-3.291450054126944,5.267279608710881
1639504360019,2021-12-14T12:52:40.019,32.24,-2.3835307523284532,-3.0964449303693673,4.886296439743928
1639504360029,2021-12-14T12:52:40.029,32.25,-2.35627256724659,-2.900502745939524,4.428335009061357
1639504360039,2021-12-14T12:52:40.039,32.26,-2.2048860465288067,-2.715673819674853,4.037753761081211
1639504360049,2021-12-14T12:52:40.049,32.27,-2.012862136981375,-2.512771004461077,3.6908144539770813
1639504360059,2021-12-14T12:52:40.059,32.28,-2.032782611427838,-2.3375626929597195,3.2475871425252425
1639504360069,2021-12-14T12:52:40.069,32.29,-2.3371170788310387,-2.2801045999606515,2.7037837806392475
1639504360079,2021-12-14T12:52:40.079,32.3,-2.732292279849043,-2.3437134712963843,2.1947104718219306
1639504360089,2021-12-14T12:52:40.089,32.31,-3.0064205201145633,-2.42679287004065,1.7768191344412676
1639504360099,2021-12-14T12:52:40.099,32.32,-3.1199929001657267,-2.4222653392972204,1.3876210463793046
1639504360109,2021-12-14T12:52:40.109,32.33,-3.1439165803052407,-2.296814378803992,1.0039263207552342
1639504360119,2021-12-14T12:52:40.119,32.34,-3.0987219716723975,-2.0922797681517395,0.6689006983185901
1639504360129,2021-12-14T12:52:40.129,32.35,-2.922731021199847,-1.8737318708734843,0.3722142076217073
1639504360139,2021-12-14T12:52:40.139,32.36,-2.594401458721873,-1.6681945081410325,0.06693519042826857
1639504360149,2021-12-14T12:52:40.149,32.37,-2.207312782282913,-1.4491724875655474,-0.21017536397151954
1639504360159,2021-12-14T12:52:40.159,32.38,-1.8930438855741845,-1.1996644756116832,-0.3967031322754988
1639504360169,2021-12-14T12:52:40.169,32.39,-1.7290133370800145,-0.9800900283641034,-0.5389846340887368
1639504360179,2021-12-14T12:52:40.179,32.4,-1.7193136074127633,-0.8748270727163898,-0.7005915674688726
1639504360189,2021-12-14T12:52:40.189,32.41,-1.7874147200648816,-0.8770058437050041,-0.8055188073251902
1639504360199,2021-12-14T12:52:40.199,32.42,-1.793025546476922,-0.9089228865142422,-0.7359601439379349
1639504360209,2021-12-14T12:52:40.209,32.43,-1.63629587127806,-0.9370739026061145,-0.5151415275010172
1639504360219,2021-12-14T12:52:40.219,32.44,-1.3583861107639228,-0.9758550889141935,-0.26298969918515325
1639504360229,2021-12-14T12:52:40.229,32.45,-1.0875398502910825,-1.0250838461880507,-0.03161837570967709
1639504360239,2021-12-14T12:52:40.239,32.46,-0.8896048065112552,-1.0933192224735657,0.21279629746049628
1639504360249,2021-12-14T12:52:40.249,32.47,-0.740314449470405,-1.224826024116977,0.468624646500692
1639504360259,2021-12-14T12:52:40.259,32.48,-0.6358700225289742,-1.4413795897353605,0.647305839306428
1639504360269,2021-12-14T12:52:40.269,32.49,-0.6181157826108827,-1.7041079633548883,0.6813509415105592
1639504360279,2021-12-14T12:52:40.279,32.5,-0.6669614366569672,-1.9379761960884943,0.6269961960316393
1639504360289,2021-12-14T12:52:40.289,32.51,-0.6795285274002665,-2.060105585238852,0.5939413577412661
1639504360299,2021-12-14T12:52:40.299,32.52,-0.5929239380694866,-2.03570585045785,0.6136738059573738
1639504360309,2021-12-14T12:52:40.309,32.53,-0.4464161067815195,-1.931169080665481,0.6460187578337445
1639504360319,2021-12-14T12:52:40.319,32.54,-0.31138862161842557,-1.842714167207995,0.6650841786430193
1639504360329,2021-12-14T12:52:40.329,32.55,-0.23947067159070048,-1.7828652110784302,0.6394774542031059
1639504360339,2021-12-14T12:52:40.339,32.56,-0.27678063066072583,-1.7062904782749702,0.4698463786652406
1639504360349,2021-12-14T12:52:40.349,32.57,-0.4416642060805515,-1.5955504995758283,0.08212151441954098
1639504360359,2021-12-14T12:52:40.359,32.58,-0.6805416956038566,-1.4569124375201592,-0.4340030598202922
1639504360369,2021-12-14T12:52:40.369,32.59,-0.8995277198657261,-1.2924657241347128,-0.9141666475950636
1639504360379,2021-12-14T12:52:40.379,32.6,-1.028182822562052,-1.1061173124800876,-1.3134530662069774
1639504360389,2021-12-14T12:52:40.389,32.61,-1.0451615979615645,-0.8814982101672388,-1.6837591591898395
1639504360399,2021-12-14T12:52:40.399,32.62,-0.98758580096249,-0.5734563034386437,-2.0244274853518656
1639504360409,2021-12-14T12:52:40.409,32.63,-0.9172167818524771,-0.17815433170419218,-2.2896472555371608
1639504360419,2021-12-14T12:52:40.419,32.64,-0.8499294907144986,0.23303725595025082,-2.50096120500388
1639504360429,2021-12-14T12:52:40.429,32.65,-0.778924616203814,0.5997261056313532,-2.7577721287299917
1639504360439,2021-12-14T12:52:40.439,32.66,-0.7489465971621447,0.9381762383457678,-3.1407307270986466
1639504360449,2021-12-14T12:52:40.449,32.67,-0.7935059103945707,1.2754614953130816,-3.6330712378561234
1639504360459,2021-12-14T12:52:40.459,32.68,-0.8433956729484342,1.5807671624232058,-4.136443710129416
1639504360469,2021-12-14T12:52:40.469,32.69,-0.8336414949959238,1.8207361434654872,-4.559963544236615
1639504360479,2021-12-14T12:52:40.479,32.7,-0.8276305035268547,2.0215358523055373,-4.891932957481228
1639504360489,2021-12-14T12:52:40.489,32.71,-0.885842938701457,2.200818767385995,-5.192875163659423
1639504360499,2021-12-14T12:52:40.499,32.72,-0.9189989512770875,2.2976358909832824,-5.537707059892224
1639504360509,2021-12-14T12:52:40.509,32.73,-0.8381479642973209,2.264825940463023,-5.957409651342325
1639504360519,2021-12-14T12:52:40.519,32.74,-0.7218437769695143,2.1831313790621447,-6.410498170408408
1639504360529,2021-12-14T12:52:40.529,32.75,-0.6746124977313221,2.1902150472327357,-6.820634353868857
1639504360539,2021-12-14T12:52:40.539,32.76,-0.6626445314142921,2.3392936355445544,-7.152841199976253
1639504360549,2021-12-14T12:52:40.549,32.77,-0.6195025733360113,2.592185999504113,-7.413922409543472
1639504360559,2021-12-14T12:52:40.559,32.78,-0.5652493422014668,2.8858090836277475,-7.576983652718438
1639504360569,2021-12-14T12:52:40.569,32.79,-0.5241347113022643,3.153302066600541,-7.579522262424584
1639504360579,2021-12-14T12:52:40.579,32.8,-0.4660303913690116,3.350634119551242,-7.414962269185088
1639504360589,2021-12-14T12:52:40.589,32.81,-0.3969392019166496,3.5073904853423405,-7.164467459871522
1639504360599,2021-12-14T12:52:40.599,32.82,-0.3808319300583638,3.702186333439191,-6.91948795736551
1639504360609,2021-12-14T12:52:40.609,32.83,-0.4304968147110185,3.967595970355449,-6.715358965488759
1639504360619,2021-12-14T12:52:40.619,32.84,-0.48891123235776923,4.25850150978934,-6.55623344423015
1639504360629,2021-12-14T12:52:40.629,32.85,-0.5383595251481236,4.516024078386774,-6.45847186454681
1639504360639,2021-12-14T12:52:40.639,32.86,-0.6261468844929231,4.72077707871696,-6.4207640793974825
1639504360649,2021-12-14T12:52:40.649,32.87,-0.7713896026166166,4.876612350875159,-6.379948314702778
1639504360659,2021-12-14T12:52:40.659,32.88,-0.9351416673062556,4.9694252209105505,-6.26497187182914
1639504360669,2021-12-14T12:52:40.669,32.89,-1.092724997526065,4.960272613552052,-6.089098264682131
1639504360679,2021-12-14T12:52:40.679,32.9,-1.2579689604723125,4.8279256793398515,-5.931814743232639
1639504360689,2021-12-14T12:52:40.689,32.91,-1.4199975831186038,4.600327362102783,-5.844190874728519
1639504360699,2021-12-14T12:52:40.699,32.92,-1.5223011107380207,4.3128244217939,-5.83087332867312
1639504360709,2021-12-14T12:52:40.709,32.93,-1.5243328203644364,3.969762928108172,-5.894724202136754
1639504360719,2021-12-14T12:52:40.719,32.94,-1.4369807593919952,3.598512106246363,-6.021918566451822
1639504360729,2021-12-14T12:52:40.729,32.95,-1.2977154255779348,3.2792064768653484,-6.15235157400506
1639504360739,2021-12-14T12:52:40.739,32.96,-1.1460390374028524,3.0405569703036583,-6.235900587673511
1639504360749,2021-12-14T12:52:40.749,32.97,-0.9962015188336211,2.798455454838,-6.2805957714537985
1639504360759,2021-12-14T12:52:40.759,32.98,-0.8233562035524419,2.4880440708897957,-6.312190475625037
1639504360769,2021-12-14T12:52:40.769,32.99,-0.6431768107290079,2.1692062577287325,-6.368655332297632
1639504360779,2021-12-14T12:52:40.779,33.0,-0.5782687056095187,1.9079466998435075,-6.538632134326216
1639504360789,2021-12-14T12:52:40.789,33.01,-0.71554294011024,1.6589491945305301,-6.87612033497399
1639504360799,2021-12-14T12:52:40.799,33.02,-0.9287505062846342,1.3693487220611384,-7.288404159003594
1639504360809,2021-12-14T12:52:40.809,33.03,-1.0026258023781254,1.099569361820641,-7.649060150831061
1639504360819,2021-12-14T12:52:40.819,33.04,-0.9078304711315762,0.9383566208851992,-7.977993516506877
1639504360829,2021-12-14T12:52:40.829,33.05,-0.8062623728847867,0.8699107886920637,-8.366166442391817
1639504360839,2021-12-14T12:52:40.839,33.06,-0.8185595452931583,0.8087280091174902,-8.791403677340801
1639504360849,2021-12-14T12:52:40.849,33.07,-0.9183164007850768,0.7255999203910077,-9.156255101030396
1639504360859,2021-12-14T12:52:40.859,33.08,-1.0285340009896564,0.6813017484363006,-9.45598246246722
1639504360869,2021-12-14T12:52:40.869,33.09,-1.1020475106686543,0.7447470694615077,-9.778027299086062
1639504360879,2021-12-14T12:52:40.879,33.1,-1.1051798022992037,0.9146679111323205,-10.146046826543476
1639504360889,2021-12-14T12:52:40.889,33.11,-1.0178444101563433,1.1432337938039707,-10.464531977458497
1639504360899,2021-12-14T12:52:40.899,33.12,-0.8661708851574501,1.4097590561596614,-10.644138196106327
1639504360909,2021-12-14T12:52:40.909,33.13,-0.699838011079252,1.7179120909360348,-10.712745852830812
1639504360919,2021-12-14T12:52:40.919,33.14,-0.5507001161685444,2.035194508089574,-10.762251534823335
1639504360929,2021-12-14T12:52:40.929,33.15,-0.4390655414127847,2.301915709816067,-10.834649536186529
1639504360939,2021-12-14T12:52:40.939,33.16,-0.3721340930605903,2.4970316605209173,-10.89622856377554
1639504360949,2021-12-14T12:52:40.949,33.17,-0.32956485075004477,2.6492214336642754,-10.890788152057558
1639504360959,2021-12-14T12:52:40.959,33.18,-0.29322237062111833,2.7953740831622387,-10.795442573584861
1639504360969,2021-12-14T12:52:40.969,33.19,-0.26685250066975047,2.946746516344829,-10.632547466333772
1639504360979,2021-12-14T12:52:40.979,33.2,-0.25140517050967925,3.079492386545672,-10.430434205565764
1639504360989,2021-12-14T12:52:40.989,33.21,-0.24623490106961698,3.1763851256523257,-10.188473392744562
1639504360999,2021-12-14T12:52:40.999,33.22,-0.25445373054734843,3.281462328984024,-9.889939906933275
1639504361009,2021-12-14T12:52:41.009,33.23,-0.24583301438590022,3.44211095519183,-9.521730466284804
1639504361019,2021-12-14T12:52:41.019,33.24,-0.17099532036821108,3.602030011729146,-9.073030250524077
1639504361029,2021-12-14T12:52:41.029,33.25,-0.044137959757269,3.663734809690493,-8.541115285415838
1639504361039,2021-12-14T12:52:41.039,33.26,0.045828958903681126,3.637698093446782,-7.950767423230888
1639504361049,2021-12-14T12:52:41.049,33.27,0.012957235025443782,3.5918632640919586,-7.361874306059123
1639504361059,2021-12-14T12:52:41.059,33.28,-0.1677367984795438,3.4957322422203103,-6.84619089695896
1639504361069,2021-12-14T12:52:41.069,33.29,-0.4440661887955536,3.2720878961804805,-6.454218771686172
1639504361079,2021-12-14T12:52:41.079,33.3,-0.7013573815587919,2.959054393777703,-6.218304539542978
1639504361089,2021-12-14T12:52:41.089,33.31,-0.8362895938619661,2.676738405448635,-6.168338341443755
1639504361099,2021-12-14T12:52:41.099,33.32,-0.8468689478582585,2.4639737270005533,-6.297405253224207
1639504361109,2021-12-14T12:52:41.109,33.33,-0.8325205522019241,2.254922290971675,-6.530076022420248
1639504361119,2021-12-14T12:52:41.119,33.34,-0.8898672009957824,2.008398022237707,-6.79154094185378
1639504361129,2021-12-14T12:52:41.129,33.35,-1.0173403718164622,1.7764122916269955,-7.097854718945224
1639504361139,2021-12-14T12:52:41.139,33.36,-1.1330376795647932,1.6157038750512764,-7.497572980937321
1639504361149,2021-12-14T12:52:41.149,33.37,-1.1673731389504505,1.5092185681523649,-7.938607650621583
1639504361159,2021-12-14T12:52:41.159,33.38,-1.1146000373981062,1.430189888113787,-8.310696480115247
1639504361169,2021-12-14T12:52:41.169,33.39,-1.019416337068824,1.3970578377849252,-8.617973110909901
1639504361179,2021-12-14T12:52:41.179,33.4,-0.9385250267614302,1.4117987949933526,-8.966365474050201
1639504361189,2021-12-14T12:52:41.189,33.41,-0.8844647322506412,1.4402526486139724,-9.366611320443837
1639504361199,2021-12-14T12:52:41.199,33.42,-0.8145316197834733,1.4830733397479108,-9.694280235971615
1639504361209,2021-12-14T12:52:41.209,33.43,-0.7238260841930144,1.5722801901079886,-9.870239817946532
1639504361219,2021-12-14T12:52:41.219,33.44,-0.6912171889400136,1.6962601888677615,-9.954868420107447
1639504361229,2021-12-14T12:52:41.229,33.45,-0.7597914218516826,1.814725575440135,-10.033098677425885
1639504361239,2021-12-14T12:52:41.239,33.46,-0.8531026679888669,1.9357936462258647,-10.114295506617557
1639504361249,2021-12-14T12:52:41.249,33.47,-0.8744766535076428,2.09900221054349,-10.184900819362772
1639504361259,2021-12-14T12:52:41.259,33.48,-0.8131275155695412,2.2914692259685223,-10.262443215150453
1639504361269,2021-12-14T12:52:41.269,33.49,-0.728082856607219,2.450164264359066,-10.341371494201216
1639504361279,2021-12-14T12:52:41.279,33.5,-0.693995721654741,2.540837045915892,-10.362845048001258
1639504361289,2021-12-14T12:52:41.289,33.51,-0.7613204183472204,2.566470209657104,-10.291581411454285
1639504361299,2021-12-14T12:52:41.299,33.52,-0.930953834375382,2.495868402320376,-10.164750788962747
1639504361309,2021-12-14T12:52:41.309,33.53,-1.1790857497838716,2.267587138344056,-10.037303922318918
1639504361319,2021-12-14T12:52:41.319,33.54,-1.465389857343597,1.9073907458658816,-9.9254493583021
1639504361329,2021-12-14T12:52:41.329,33.55,-1.6322019051361827,1.5729332769996667,-9.801162164384987
1639504361339,2021-12-14T12:52:41.339,33.56,-1.4089272168157008,1.4120406472979137,-9.611563731154867
1639504361349,2021-12-14T12:52:41.349,33.57,-0.7246830690351067,1.4141753616682895,-9.332162761149576
1639504361359,2021-12-14T12:52:41.359,33.58,0.08625192600237623,1.4560568299619172,-8.99847570741494
1639504361369,2021-12-14T12:52:41.369,33.59,0.624378694864341,1.4520239479490153,-8.626641896547703
1639504361379,2021-12-14T12:52:41.379,33.6,0.8545764849590534,1.411504409779929,-8.145707827045896
1639504361389,2021-12-14T12:52:41.389,33.61,1.0060628759977863,1.399836779249871,-7.505463366606131
1639504361399,2021-12-14T12:52:41.399,33.62,1.2296860199839772,1.5013493115508827,-6.789939734204184
1639504361409,2021-12-14T12:52:41.409,33.63,1.545847603873721,1.78176757879124,-6.111681730721424
1639504361419,2021-12-14T12:52:41.419,33.64,1.934895396359388,2.2200041503100287,-5.470152045107975
1639504361429,2021-12-14T12:52:41.429,33.65,2.289377171434662,2.685582646392249,-4.826111321985937
1639504361439,2021-12-14T12:52:41.439,33.66,2.417775872314932,3.0327476648329084,-4.218358819181914
1639504361449,2021-12-14T12:52:41.449,33.67,2.2339709633470184,3.221676489186705,-3.686506488926444
1639504361459,2021-12-14T12:52:41.459,33.68,1.8738938617776397,3.32244678899668,-3.17221210048264
1639504361469,2021-12-14T12:52:41.469,33.69,1.5740322720583326,3.409189043061955,-2.6154423363787895
1639504361479,2021-12-14T12:52:41.479,33.7,1.4723328805812184,3.483105815698722,-2.075281528103511
1639504361489,2021-12-14T12:52:41.489,33.71,1.534752353108819,3.497102823535262,-1.6569658987104443
1639504361499,2021-12-14T12:52:41.499,33.72,1.6541243416648492,3.415142198016432,-1.3737783992477832
1639504361509,2021-12-14T12:52:41.509,33.73,1.7817562038537371,3.232050752243259,-1.1486195667129926
1639504361519,2021-12-14T12:52:41.519,33.74,1.915876756792199,2.965573422782642,-0.9020732329602679
1639504361529,2021-12-14T12:52:41.529,33.75,2.015775441700069,2.6470872385498714,-0.5933854520171108
1639504361539,2021-12-14T12:52:41.539,33.76,2.041643691594666,2.31086882768079,-0.21960907494330456
1639504361549,2021-12-14T12:52:41.549,33.77,2.045975559147666,1.9907020175037715,0.1919874772877241
1639504361559,2021-12-14T12:52:41.559,33.78,2.1044876162311357,1.717235802597508,0.6079314190645533
1639504361569,2021-12-14T12:52:41.569,33.79,2.188400579000896,1.4922309115703818,0.9980337630475526
1639504361579,2021-12-14T12:52:41.579,33.8,2.2058821369320736,1.2744613257807853,1.3114298589451652
1639504361589,2021-12-14T12:52:41.589,33.81,2.123624051797255,1.033478766938138,1.4900051339149594
1639504361599,2021-12-14T12:52:41.599,33.82,1.976043813635601,0.8182685380662105,1.534588837727369
1639504361609,2021-12-14T12:52:41.609,33.83,1.8170552630602077,0.7233572037673077,1.5217858900006802
1639504361619,2021-12-14T12:52:41.619,33.84,1.70632553846329,0.7640519083615473,1.5435445625342123
1639504361629,2021-12-14T12:52:41.629,33.85,1.6635145024006115,0.830899526862164,1.6558025951842885
1639504361639,2021-12-14T12:52:41.639,33.86,1.5986451070940753,0.8134762097984576,1.8673831152308846
1639504361649,2021-12-14T12:52:41.649,33.87,1.3815154234165683,0.7253411422610772,2.14476469251853
1639504361659,2021-12-14T12:52:41.659,33.88,1.0447528402571868,0.646911789869041,2.445791954888148
1639504361669,2021-12-14T12:52:41.669,33.89,0.832362824782285,0.6083383906055271,2.7671680194755157
1639504361679,2021-12-14T12:52:41.679,33.9,0.9468895281243579,0.6083720414873253,3.137753630196728
1639504361689,2021-12-14T12:52:41.689,33.91,1.2967338674682711,0.6651517583970921,3.558451732723472
1639504361699,2021-12-14T12:52:41.699,33.92,1.6017353980334097,0.7622841421217226,3.970434751267007
1639504361709,2021-12-14T12:52:41.709,33.93,1.7385765353572382,0.8479267655522923,4.3006982990323825
1639504361719,2021-12-14T12:52:41.719,33.94,1.8698597796995795,0.9439949326102265,4.551964343589523
1639504361729,2021-12-14T12:52:41.729,33.95,2.1692464246547463,1.106793036128474,4.843198656453207
1639504361739,2021-12-14T12:52:41.739,33.96,2.5055120804373665,1.245466942040893,5.330326097164022
1639504361749,2021-12-14T12:52:41.749,33.97,2.593912227454587,1.1665766383395382,6.0867215503350725
1639504361759,2021-12-14T12:52:41.759,33.98,2.5182688573734513,0.8458575691154666,7.1067973299687495
1639504361769,2021-12-14T12:52:41.769,33.99,2.8553890961990014,0.5083694736227783,8.41964686115057
1639504361779,2021-12-14T12:52:41.779,34.0,4.066008510559083,0.40764319785631653,10.108511459910787
1639504361789,2021-12-14T12:52:41.789,34.01,5.928192899113191,0.6221663506956354,12.159349284656518
1639504361799,2021-12-14T12:52:41.799,34.02,7.794229026203446,1.083105676237622,14.343716047271219
1639504361809,2021-12-14T12:52:41.809,34.03,9.2771967088078,1.7241244248650431,16.34601297576059
1639504361819,2021-12-14T12:52:41.819,34.04,10.446515441533563,2.542109397001592,18.01198975651135
1639504361829,2021-12-14T12:52:41.829,34.05,11.409213653773108,3.5100485076720327,19.402461044823255
1639504361839,2021-12-14T12:52:41.839,34.06,11.968772737454117,4.479735477530807,20.62541719554249
1639504361849,2021-12-14T12:52:41.849,34.07,11.789873087619943,5.209234887209688,21.725030435278093
1639504361859,2021-12-14T12:52:41.859,34.08,10.776113847603735,5.493384586843689,22.736721973733935
1639504361869,2021-12-14T12:52:41.869,34.09,9.225855676107843,5.287472677169653,23.75982180127107
1639504361879,2021-12-14T12:52:41.879,34.1,7.628789846763503,4.708762151351441,24.935475640680835
1639504361889,2021-12-14T12:52:41.889,34.11,6.295006792493501,3.89159252896051,26.34392865665442
1639504361899,2021-12-14T12:52:41.899,34.12,5.25299991424659,2.873562923008869,27.942830013711028
1639504361909,2021-12-14T12:52:41.909,34.13,4.493594420508773,1.6593986323529752,29.65471429752037
1639504361919,2021-12-14T12:52:41.919,34.14,4.056007001528928,0.30032829571782776,31.472497917568013
1639504361929,2021-12-14T12:52:41.929,34.15,3.8591968892865243,-1.1572154736358973,33.40615968890844
1639504361939,2021-12-14T12:52:41.939,34.16,3.7577740351632816,-2.6906633386980863,35.39206133667517
1639504361949,2021-12-14T12:52:41.949,34.17,3.7548888657138555,-4.2256110664541,37.35408869681742
1639504361959,2021-12-14T12:52:41.959,34.18,3.914450587335768,-5.664987653783917,39.31049552507652
1639504361969,2021-12-14T12:52:41.969,34.19,4.15206400501374,-6.9965146374958245,41.2980463936492
1639504361979,2021-12-14T12:52:41.979,34.2,4.291170105416828,-8.257034224335326,43.17275168936882
1639504361989,2021-12-14T12:52:41.989,34.21,4.24477395642845,-9.448504853297896,44.61644559452064
1639504361999,2021-12-14T12:52:41.999,34.22,4.125238660242346,-10.589538688758303,45.41316988165866
1639504362009,2021-12-14T12:52:42.009,34.23,4.247562897236749,-11.717623437655696,45.62385443514219
1639504362019,2021-12-14T12:52:42.019,34.24,4.7992889868405095,-12.713828464142207,45.49117497300067
1639504362029,2021-12-14T12:52:42.029,34.25,5.409658292332219,-13.296241829213399,45.323898536913575
1639504362039,2021-12-14T12:52:42.039,34.26,5.557454457457315,-13.37121857944294,45.38257899420469
1639504362049,2021-12-14T12:52:42.049,34.27,5.454906292011245,-13.232281156530373,45.625421612711584
1639504362059,2021-12-14T12:52:42.059,34.28,5.668641920405104,-13.180861119630904,45.677788434398764
1639504362069,2021-12-14T12:52:42.069,34.29,5.979530832926889,-13.097788223419055,45.31917456100018
1639504362079,2021-12-14T12:52:42.079,34.3,5.76122182391701,-12.66483303435872,44.84247386159984
1639504362089,2021-12-14T12:52:42.089,34.31,5.173235012700383,-11.855024899216893,44.63326985865914
1639504362099,2021-12-14T12:52:42.099,34.32,4.878590820736942,-10.85587966998113,44.50818940085532
1639504362109,2021-12-14T12:52:42.109,34.33,5.084353934115072,-9.641612350158574,43.745865737937606
1639504362119,2021-12-14T12:52:42.119,34.34,5.543307218511169,-8.054260873634455,41.76959170077377
1639504362129,2021-12-14T12:52:42.129,34.35,5.793799332747021,-6.2653793397123865,38.66629257148377
1639504362139,2021-12-14T12:52:42.139,34.36,5.205330646708061,-4.702696198885532,35.07453636503392
1639504362149,2021-12-14T12:52:42.149,34.37,3.690324409596334,-3.466425943386677,31.73925878414879
1639504362159,2021-12-14T12:52:42.159,34.38,2.2938980670356672,-2.219756173622449,29.21808588172668
1639504362169,2021-12-14T12:52:42.169,34.39,2.118114998865517,-0.7348214400349131,27.787179172482602
1639504362179,2021-12-14T12:52:42.179,34.4,2.8348751624466852,0.7692014662896124,27.332840441919785
1639504362189,2021-12-14T12:52:42.189,34.41,3.1046078907037127,1.8478029714130306,27.289900160661006
1639504362199,2021-12-14T12:52:42.199,34.42,2.1557624447599677,2.150956813804575,26.90175726116183
1639504362209,2021-12-14T12:52:42.209,34.43,0.24484808052542462,1.6063450621045996,25.742076012791344
1639504362219,2021-12-14T12:52:42.219,34.44,-1.9888288690096487,0.4959741796615075,23.997292751377024
1639504362229,2021-12-14T12:52:42.229,34.45,-3.962602161395642,-0.7237079041402998,22.185028261582318
1639504362239,2021-12-14T12:52:42.239,34.46,-5.30213157525414,-1.7465327055666622,20.626359667083513
1639504362249,2021-12-14T12:52:42.249,34.47,-6.019616572095146,-2.4585310347859735,19.204773786801553
1639504362259,2021-12-14T12:52:42.259,34.48,-6.401811729506743,-2.7396269852166943,17.5138666447537
1639504362269,2021-12-14T12:52:42.269,34.49,-6.599256749454643,-2.4325867437571365,15.175383898994133
1639504362279,2021-12-14T12:52:42.279,34.5,-6.394457659023836,-1.4741885770759118,12.145376160442002
1639504362289,2021-12-14T12:52:42.289,34.51,-5.436789234971615,0.0447306233903588,8.742090598211147
1639504362299,2021-12-14T12:52:42.299,34.52,-3.883871699111731,1.8766840902653474,5.245538822286201
1639504362309,2021-12-14T12:52:42.309,34.53,-2.682282164809286,3.6798942617446104,1.61759772383879
1639504362319,2021-12-14T12:52:42.319,34.54,-2.637204669795892,5.227899904193288,-2.134619535327859
1639504362329,2021-12-14T12:52:42.329,34.55,-3.295685679002384,6.553746960905251,-5.65608258903695
1639504362339,2021-12-14T12:52:42.339,34.56,-3.5014750551639433,7.8208307641734764,-8.75402958168255
1639504362349,2021-12-14T12:52:42.349,34.57,-2.9145724523985885,9.149669102678107,-11.842595290098272
1639504362359,2021-12-14T12:52:42.359,34.58,-2.1974487974433474,10.606047200284987,-15.388134169748515
1639504362369,2021-12-14T12:52:42.369,34.59,-1.849038775264988,12.193005169677024,-19.248011203568158
1639504362379,2021-12-14T12:52:42.379,34.6,-1.5790934325105002,13.79891608215506,-22.909009912288745
1639504362389,2021-12-14T12:52:42.389,34.61,-0.9117771431926116,15.248520216587126,-26.047384803838696
1639504362399,2021-12-14T12:52:42.399,34.62,-0.00759345967233524,16.380902055199716,-28.64199258674803
1639504362409,2021-12-14T12:52:42.409,34.63,0.41685879330717246,17.048073362184386,-30.790055459125966
1639504362419,2021-12-14T12:52:42.419,34.64,-0.006965621570981476,17.169751348565658,-32.53719317866351
1639504362429,2021-12-14T12:52:42.429,34.65,-0.8552637928006771,16.826213839888712,-33.83160540953553
1639504362439,2021-12-14T12:52:42.439,34.66,-1.5841484543492559,16.186290598311302,-34.67273928579777
1639504362449,2021-12-14T12:52:42.449,34.67,-2.196261270261989,15.368657290615836,-35.2684918484373
1639504362459,2021-12-14T12:52:42.459,34.68,-2.924530029344729,14.426173579894526,-35.902189211030944
1639504362469,2021-12-14T12:52:42.469,34.69,-3.7013480617249597,13.336430449195614,-36.64772734296593
1639504362479,2021-12-14T12:52:42.479,34.7,-4.334649104276632,11.964126104987843,-37.352894684286895
1639504362489,2021-12-14T12:52:42.489,34.71,-5.000945040905641,10.18663602265222,-37.87788850629324
1639504362499,2021-12-14T12:52:42.499,34.72,-6.167488371501619,8.079786703442325,-38.202014165079774
1639504362509,2021-12-14T12:52:42.509,34.73,-7.699778634458533,5.875496141835766,-38.36651953130156
1639504362519,2021-12-14T12:52:42.519,34.74,-8.331807176676197,3.7873381801421253,-38.47484661374669
1639504362529,2021-12-14T12:52:42.529,34.75,-7.122598289261218,1.97258790219513,-38.64347591000588
1639504362539,2021-12-14T12:52:42.539,34.76,-5.347129137914443,0.5848940350952267,-38.84891884130471
1639504362549,2021-12-14T12:52:42.549,34.77,-5.119991995275198,-0.24733266708500876,-39.00306502686961
1639504362559,2021-12-14T12:52:42.559,34.78,-6.2003780564600826,-0.48029186168155835,-39.195376835180596
1639504362569,2021-12-14T12:52:42.569,34.79,-6.423437635921205,-0.16734830766813097,-39.564178886907314
1639504362579,2021-12-14T12:52:42.579,34.8,-5.083821958769262,0.5482533560878271,-39.92849363086005
1639504362589,2021-12-14T12:52:42.589,34.81,-3.6050829553576342,1.44882235365959,-39.87064800856028
1639504362599,2021-12-14T12:52:42.599,34.82,-3.164632999074094,2.3144154242208392,-39.14621718120199
1639504362609,2021-12-14T12:52:42.609,34.83,-3.522753050728224,3.03460098996329,-37.723702963739925
1639504362619,2021-12-14T12:52:42.619,34.84,-3.9898276673922393,3.6563280458117364,-35.55767760537511
1639504362629,2021-12-14T12:52:42.629,34.85,-4.302383430511088,4.3008112117657245,-32.64036612278967
1639504362639,2021-12-14T12:52:42.639,34.86,-4.510672927861613,5.028033219092853,-29.16296728878259
1639504362649,2021-12-14T12:52:42.649,34.87,-4.6454740730866,5.801882411064234,-25.389080256010814
1639504362659,2021-12-14T12:52:42.659,34.88,-4.704373413029295,6.556054206491718,-21.452890806427895
1639504362669,2021-12-14T12:52:42.669,34.89,-4.774067257905859,7.216417819168518,-17.409358282477292
1639504362679,2021-12-14T12:52:42.679,34.9,-5.017010247583558,7.66657953856585,-13.43306040505729
1639504362689,2021-12-14T12:52:42.689,34.91,-5.5779471139943535,7.78294476665486,-9.901110407232839
1639504362699,2021-12-14T12:52:42.699,34.92,-6.497334726416389,7.546906082167318,-7.220831888655129
1639504362709,2021-12-14T12:52:42.709,34.93,-7.583954187134324,7.08320165836426,-5.536464817661447
1639504362719,2021-12-14T12:52:42.719,34.94,-8.421177279422139,6.522477240036297,-4.688095152007139
1639504362729,2021-12-14T12:52:42.729,34.95,-8.713373410775148,5.810503121078483,-4.484525545666448
1639504362739,2021-12-14T12:52:42.739,34.96,-8.592462704047506,4.722601871954125,-4.836163876917599
1639504362749,2021-12-14T12:52:42.749,34.97,-8.35548439297692,3.120880884799588,-5.539855554189482
1639504362759,2021-12-14T12:52:42.759,34.98,-7.943493069943559,1.142089452204222,-6.159189503225961
1639504362769,2021-12-14T12:52:42.769,34.99,-6.954987149309073,-0.9226777365926391,-6.326557949517337
1639504362779,2021-12-14T12:52:42.779,35.0,-5.190214979554984,-2.8743422150309317,-6.080686639832449
1639504362789,2021-12-14T12:52:42.789,35.01,-2.939883707368174,-4.68975064559303,-5.755112843717132
1639504362799,2021-12-14T12:52:42.799,35.02,-0.7330978379244028,-6.447082400132029,-5.616110801774946
1639504362809,2021-12-14T12:52:42.809,35.03,0.9828033554149108,-8.234872212729833,-5.79644685127029
1639504362819,2021-12-14T12:52:42.819,35.04,1.980101328773675,-10.070209563697016,-6.518894455113285
1639504362829,2021-12-14T12:52:42.829,35.05,2.3548315133845223,-11.830410442348189,-8.080123671467906
1639504362839,2021-12-14T12:52:42.839,35.06,2.519495894913406,-13.277134756310598,-10.478846126322848
1639504362849,2021-12-14T12:52:42.849,35.07,2.929727366740571,-14.197744436075855,-13.24560665027154
1639504362859,2021-12-14T12:52:42.859,35.08,3.7840383538909887,-14.545784268170637,-15.8052286951455
1639504362869,2021-12-14T12:52:42.869,35.09,4.996547932812211,-14.436887427830214,-17.893263612688955
1639504362879,2021-12-14T12:52:42.879,35.1,6.380124291654118,-14.014102205968577,-19.473024196957077
1639504362889,2021-12-14T12:52:42.889,35.11,7.795627024586825,-13.352636804107961,-20.412429628577822
1639504362899,2021-12-14T12:52:42.899,35.12,9.121706683660936,-12.500564851288795,-20.529812507045552
1639504362909,2021-12-14T12:52:42.909,35.13,10.153386837696885,-11.552884207396165,-19.917755297746822
1639504362919,2021-12-14T12:52:42.919,35.14,10.6775301612014,-10.632809902800645,-18.962028562763194
1639504362929,2021-12-14T12:52:42.929,35.15,10.654556274421639,-9.790278020571172,-18.016152695395956
1639504362939,2021-12-14T12:52:42.939,35.16,10.204684898348708,-8.91822705532938,-17.20675043047305
1639504362949,2021-12-14T12:52:42.949,35.17,9.440080625345255,-7.810112229820634,-16.520659152644292
1639504362959,2021-12-14T12:52:42.959,35.18,8.378388206080723,-6.364439515257568,-15.935753937211334
1639504362969,2021-12-14T12:52:42.969,35.19,6.982389977004713,-4.68670076962196,-15.45521601955409
1639504362979,2021-12-14T12:52:42.979,35.2,5.29914667496204,-2.9103172685216125,-15.057734461891485
1639504362989,2021-12-14T12:52:42.989,35.21,3.5297736726771833,-1.012785216638052,-14.632562487714189
1639504362999,2021-12-14T12:52:42.999,35.22,1.8157533726017143,1.0762964765577607,-14.040949553848238
1639504363009,2021-12-14T12:52:43.009,35.23,0.06490897856779082,3.305165891080381,-13.287064924234784
1639504363019,2021-12-14T12:52:43.019,35.24,-1.7829310498426203,5.57195784896099,-12.537385535095183
1639504363029,2021-12-14T12:52:43.029,35.25,-3.5275881447736968,7.843777406493823,-11.932263321032504
1639504363039,2021-12-14T12:52:43.039,35.26,-5.02798434712094,10.06942490686146,-11.468850534461847
1639504363049,2021-12-14T12:52:43.049,35.27,-6.48835455513995,12.099569993302211,-11.068218958901921
1639504363059,2021-12-14T12:52:43.059,35.28,-8.146526449149906,13.837489643158879,-10.657001104106566
1639504363069,2021-12-14T12:52:43.069,35.29,-9.938159414372759,15.35938634483558,-10.197923434211475
1639504363079,2021-12-14T12:52:43.079,35.3,-11.675273951414267,16.765325093901996,-9.70328871667053
1639504363089,2021-12-14T12:52:43.089,35.31,-13.266834466705806,18.033646964991988,-9.160892509615124
1639504363099,2021-12-14T12:52:43.099,35.32,-14.598875830287938,19.11721053412604,-8.438337474077914
1639504363109,2021-12-14T12:52:43.109,35.33,-15.527862951736214,20.031594537353673,-7.439141049894566
1639504363119,2021-12-14T12:52:43.119,35.34,-16.184800248234218,20.75535922906311,-6.395792134161876
1639504363129,2021-12-14T12:52:43.129,35.35,-16.90996654097577,21.203839852534244,-5.7085331069244685
1639504363139,2021-12-14T12:52:43.139,35.36,-17.62038794048692,21.409456029745353,-5.329124718131174
1639504363149,2021-12-14T12:52:43.149,35.37,-17.733033844839778,21.569911197242693,-4.687717922365182
1639504363159,2021-12-14T12:52:43.159,35.38,-17.134340837732545,21.766038691375872,-3.5911872377371497
1639504363169,2021-12-14T12:52:43.169,35.39,-16.55013156777452,21.79108748992771,-2.728046974503739
1639504363179,2021-12-14T12:52:43.179,35.4,-16.31465247280817,21.50431597825948,-2.5306746357284586
1639504363189,2021-12-14T12:52:43.189,35.41,-15.701689129810774,21.18161172817666,-2.009124568427954
1639504363199,2021-12-14T12:52:43.199,35.42,-14.429987384242256,21.083216690892684,-0.21106502015528855
1639504363209,2021-12-14T12:52:43.209,35.43,-13.74347970243698,20.79749467869222,1.261832552456698
1639504363219,2021-12-14T12:52:43.219,35.44,-14.646711374501567,19.64856342829294,-0.4196329221172587
1639504363229,2021-12-14T12:52:43.229,35.45,-15.876504107375702,17.699221258588523,-4.770810676528397
1639504363239,2021-12-14T12:52:43.239,35.46,-15.383463693964227,15.525515111124562,-7.750277233736995
1639504363249,2021-12-14T12:52:43.249,35.47,-13.894406659330329,13.00343171872391,-7.4195681113692125
1639504363259,2021-12-14T12:52:43.259,35.48,-14.730982583790645,9.356849711142893,-6.405153896888796
1639504363269,2021-12-14T12:52:43.269,35.49,-18.725823897625013,4.580712420575921,-6.938941108648393
1639504363279,2021-12-14T12:52:43.279,35.5,-22.11522981512423,-0.21831605236227092,-7.304227763299279
1639504363289,2021-12-14T12:52:43.289,35.51,-21.84230053237409,-4.186284280718585,-5.445752516318494
1639504363299,2021-12-14T12:52:43.299,35.52,-19.712584170359207,-7.543507148308668,-2.436872670295449
1639504363309,2021-12-14T12:52:43.309,35.53,-18.614224582545727,-10.763804445096955,0.005477099214322656
1639504363319,2021-12-14T12:52:43.319,35.54,-18.02653952004711,-13.681149867884908,2.4555667052232315
1639504363329,2021-12-14T12:52:43.329,35.55,-15.863867956599696,-15.749178362644152,6.171409381016689
1639504363339,2021-12-14T12:52:43.339,35.56,-11.948823658954051,-16.74858071164691,10.720558038288091
1639504363349,2021-12-14T12:52:43.349,35.57,-7.69531692076721,-17.00823196518766,14.693007105655408
1639504363359,2021-12-14T12:52:43.359,35.58,-4.279185393060636,-17.10886646379899,17.337095696948865
1639504363369,2021-12-14T12:52:43.369,35.59,-2.211000687495728,-17.447352974598147,18.61843706621843
1639504363379,2021-12-14T12:52:43.379,35.6,-1.4973203450373738,-18.044946632759228,18.649666585377016
1639504363389,2021-12-14T12:52:43.389,35.61,-1.670209386771607,-18.69065006091859,17.667661206221187
1639504363399,2021-12-14T12:52:43.399,35.62,-2.1038496495320556,-19.114709370999154,16.188292964751092
1639504363409,2021-12-14T12:52:43.409,35.63,-2.4410189898653525,-19.114139225537834,14.863930620201984
1639504363419,2021-12-14T12:52:43.419,35.64,-2.815975989836513,-18.76640307563694,14.09839665470548
1639504363429,2021-12-14T12:52:43.429,35.65,-3.657427798243279,-18.386100259782488,13.887631076564706
1639504363439,2021-12-14T12:52:43.439,35.66,-4.901419657505474,-18.07596927711819,14.200302192831115
1639504363449,2021-12-14T12:52:43.449,35.67,-5.705281782634902,-17.61300771891284,15.173529593951475
1639504363459,2021-12-14T12:52:43.459,35.68,-5.523980572010825,-16.899623463331743,16.628445040108552
1639504363469,2021-12-14T12:52:43.469,35.69,-4.793418584305925,-16.11861636130042,17.975715894407095
1639504363479,2021-12-14T12:52:43.479,35.7,-3.9614533890906616,-15.38217253585302,18.935035312474884
1639504363489,2021-12-14T12:52:43.489,35.71,-2.7896386567403466,-14.62671771990504,19.722267635255584
1639504363499,2021-12-14T12:52:43.499,35.72,-1.0383208542828628,-13.850220950610662,20.419900978958697
1639504363509,2021-12-14T12:52:43.509,35.73,1.113089388244555,-13.141537548382622,20.810927112025105
1639504363519,2021-12-14T12:52:43.519,35.74,3.4988670172067406,-12.514567648355488,20.772038643732863
1639504363529,2021-12-14T12:52:43.529,35.75,6.119292631132417,-11.900811690920417,20.318934427677632
1639504363539,2021-12-14T12:52:43.539,35.76,8.983806813137349,-11.239181070500464,19.434329356105017
1639504363549,2021-12-14T12:52:43.549,35.77,12.178593456242323,-10.47656046575844,18.150215810126365
1639504363559,2021-12-14T12:52:43.559,35.78,15.745502347787994,-9.561014499246346,16.570122074671325
1639504363569,2021-12-14T12:52:43.569,35.79,19.354149432125443,-8.504201202300447,14.690130108581503
1639504363579,2021-12-14T12:52:43.579,35.8,22.492884507966867,-7.403597383303868,12.430479020554062
1639504363589,2021-12-14T12:52:43.589,35.81,24.956459696235918,-6.357161639902289,9.854333387408404
1639504363599,2021-12-14T12:52:43.599,35.82,26.830281321453093,-5.369201062798571,7.164324023492476
1639504363609,2021-12-14T12:52:43.609,35.83,28.17702061640809,-4.377563532595577,4.520163727907361
1639504363619,2021-12-14T12:52:43.619,35.84,28.98483492514685,-3.3769970643474725,1.9700155895000862
1639504363629,2021-12-14T12:52:43.629,35.85,29.234083950063173,-2.440215272096803,-0.5217906465777045
1639504363639,2021-12-14T12:52:43.639,35.86,28.935985685712872,-1.5756494937728664,-3.033082134963248
1639504363649,2021-12-14T12:52:43.649,35.87,28.284494252699595,-0.6756772377184059,-5.553035594112933
1639504363659,2021-12-14T12:52:43.659,35.88,27.646428625761985,0.3235844374764027,-7.880145514044864
1639504363669,2021-12-14T12:52:43.669,35.89,27.14748726879944,1.346305166392058,-9.790485868972002
1639504363679,2021-12-14T12:52:43.679,35.9,26.437282314782593,2.2792328748261097,-11.290306085110132
1639504363689,2021-12-14T12:52:43.689,35.91,25.125815308188116,3.0444753626995693,-12.56239201362032
1639504363699,2021-12-14T12:52:43.699,35.92,23.296921390593354,3.5752907959715516,-13.694914418145089
1639504363709,2021-12-14T12:52:43.709,35.93,21.356628024821646,3.8423280896528276,-14.555325011280996
1639504363719,2021-12-14T12:52:43.719,35.94,19.497064465789315,3.8775477768088202,-14.896449069152442
1639504363729,2021-12-14T12:52:43.729,35.95,17.522327502696573,3.6897738263817645,-14.602609066884469
1639504363739,2021-12-14T12:52:43.739,35.96,15.178337143548532,3.2227031956552454,-13.907483412311201
1639504363749,2021-12-14T12:52:43.749,35.97,12.577149368249778,2.4887172087177785,-13.262554515354491
1639504363759,2021-12-14T12:52:43.759,35.98,10.292862296566817,1.678227507992045,-12.885728970756315
1639504363769,2021-12-14T12:52:43.769,35.99,8.905736822730635,1.0013174939672407,-12.635688498368891
1639504363779,2021-12-14T12:52:43.779,36.0,8.357516342658052,0.44331174652993277,-12.409973125952042
1639504363789,2021-12-14T12:52:43.789,36.01,8.020056501801312,-0.18367253228344896,-12.302433523388213
1639504363799,2021-12-14T12:52:43.799,36.02,7.506072199883519,-0.970074761831593,-12.287853276965969
1639504363809,2021-12-14T12:52:43.809,36.03,7.026437184718715,-1.8105031082493384,-12.211049468648962
1639504363819,2021-12-14T12:52:43.819,36.04,6.956158434122436,-2.495011916952381,-12.018403678795298
1639504363829,2021-12-14T12:52:43.829,36.05,7.5062144877477195,-2.8223354800732494,-11.496609295368074
1639504363839,2021-12-14T12:52:43.839,36.06,8.515123744854193,-2.8169632526401953,-10.313796250369704
1639504363849,2021-12-14T12:52:43.849,36.07,9.138245906560796,-2.8528280814396574,-9.004550820010522
1639504363859,2021-12-14T12:52:43.859,36.08,8.647426942634091,-3.2320711670314157,-8.616747247908311
1639504363869,2021-12-14T12:52:43.869,36.09,7.9313570252188015,-3.7083205868578797,-8.243914429071523
1639504363879,2021-12-14T12:52:43.879,36.1,8.496700858931828,-3.8763906237906642,-5.342729836884349
1639504363889,2021-12-14T12:52:43.889,36.11,9.585201657634716,-3.850150267819786,-0.6403423896609912
1639504363899,2021-12-14T12:52:43.899,36.12,8.977497493030896,-4.017012004484924,0.9781934956543995
1639504363909,2021-12-14T12:52:43.909,36.13,7.408375876339729,-4.358613820304926,-2.021073484838277
1639504363919,2021-12-14T12:52:43.919,36.14,8.38966555176603,-4.579186853503462,-4.3118541758779525
1639504363929,2021-12-14T12:52:43.929,36.15,11.785506298476179,-4.743678157223481,-2.2799736990869124
1639504363939,2021-12-14T12:52:43.939,36.16,12.515940172599592,-5.154396068887751,0.10982698729872575
1639504363949,2021-12-14T12:52:43.949,36.17,9.328267142194,-5.503236862714598,-0.6263733641193813
1639504363959,2021-12-14T12:52:43.959,36.18,8.690576788519653,-4.966494457025814,-0.7882005923903792
1639504363969,2021-12-14T12:52:43.969,36.19,14.456172255878208,-3.629957101737751,3.3603316440884345
1639504363979,2021-12-14T12:52:43.979,36.2,20.79200926043155,-2.8962777782579705,8.962198735121806
1639504363989,2021-12-14T12:52:43.989,36.21,21.68912217962609,-3.81128299854,12.507430041379687
1639504363999,2021-12-14T12:52:43.999,36.22,19.75816633482127,-5.943985235772223,15.743062992266694
1639504364009,2021-12-14T12:52:44.009,36.23,19.37658362431283,-8.446200556780823,20.922409504567927
1639504364019,2021-12-14T12:52:44.019,36.24,18.762209339326677,-11.096956591731225,25.849441468966994
1639504364029,2021-12-14T12:52:44.029,36.25,14.82008219130486,-13.739650218206599,27.70918021524659
1639504364039,2021-12-14T12:52:44.039,36.26,9.603169991020323,-15.704574616065441,27.484087015999037
1639504364049,2021-12-14T12:52:44.049,36.27,6.769240394893028,-16.466028074756537,27.424873135971957
1639504364059,2021-12-14T12:52:44.059,36.28,5.96294213947343,-16.332281441303977,27.387989072772598
1639504364069,2021-12-14T12:52:44.069,36.29,4.587158727603473,-16.031392477394874,26.15765499751364
1639504364079,2021-12-14T12:52:44.079,36.3,2.236903516323857,-15.910789278538637,24.183578089058575
1639504364089,2021-12-14T12:52:44.089,36.31,0.4801182013110598,-15.841320393306258,22.97022437508916
1639504364099,2021-12-14T12:52:44.099,36.32,-0.1450015399748389,-15.706533669656368,22.86816603518496
1639504364109,2021-12-14T12:52:44.109,36.33,-0.7558122055466918,-15.652565109593645,22.936267285040312
1639504364119,2021-12-14T12:52:44.119,36.34,-2.2424965007447977,-15.836877741601112,22.533656400763313
1639504364129,2021-12-14T12:52:44.129,36.35,-4.227158418714895,-16.16495607736285,21.92682887508967
1639504364139,2021-12-14T12:52:44.139,36.36,-6.0285886684120635,-16.395796826345723,21.40654412392755
1639504364149,2021-12-14T12:52:44.149,36.37,-7.596382257573605,-16.382528185629567,20.77428245457546
1639504364159,2021-12-14T12:52:44.159,36.38,-9.103336959752063,-16.0890592746823,19.873153015078927
1639504364169,2021-12-14T12:52:44.169,36.39,-10.439231015554652,-15.456691658778794,18.87740043026688
1639504364179,2021-12-14T12:52:44.179,36.4,-11.507238415903174,-14.399619568006386,17.873148084776435
1639504364189,2021-12-14T12:52:44.189,36.41,-12.444453611150255,-12.924125026906879,16.70264961359258
1639504364199,2021-12-14T12:52:44.199,36.42,-13.354664428182904,-11.159634151785019,15.303840074281561
1639504364209,2021-12-14T12:52:44.209,36.43,-14.225333276202264,-9.267914081469353,13.814430808874576
1639504364219,2021-12-14T12:52:44.219,36.44,-15.104962681815923,-7.369808233100069,12.357626933262782
1639504364229,2021-12-14T12:52:44.229,36.45,-16.07899821484621,-5.547323045942322,10.971223527863621
1639504364239,2021-12-14T12:52:44.239,36.46,-17.136962450691595,-3.879946292364214,9.666713468676267
1639504364249,2021-12-14T12:52:44.249,36.47,-18.1910186248722,-2.4663598213032167,8.424404876010033
1639504364259,2021-12-14T12:52:44.259,36.48,-19.119074804962914,-1.3829843036833553,7.24150099777958
1639504364269,2021-12-14T12:52:44.269,36.49,-19.7492978215306,-0.6037430831051485,6.245170216646351
1639504364279,2021-12-14T12:52:44.279,36.5,-19.908810724446667,0.005113974681604544,5.624119835159378
1639504364289,2021-12-14T12:52:44.289,36.51,-19.52758330575501,0.5859141296510408,5.3851258556468
1639504364299,2021-12-14T12:52:44.299,36.52,-18.67549434292886,1.1949077015530658,5.267138022501339
1639504364309,2021-12-14T12:52:44.309,36.53,-17.49173607778931,1.7989770238722436,4.953660370186715
1639504364319,2021-12-14T12:52:44.319,36.54,-16.06619822670482,2.339188900908741,4.3508001797055815
1639504364329,2021-12-14T12:52:44.329,36.55,-14.417351791402766,2.781787053651038,3.6544500802685618
1639504364339,2021-12-14T12:52:44.339,36.56,-12.606006341519196,3.125118394630955,3.1579181507984995
1639504364349,2021-12-14T12:52:44.349,36.57,-10.772800764249666,3.4011773844833204,2.9862866009270457
1639504364359,2021-12-14T12:52:44.359,36.58,-9.019177922841674,3.6736339267732045,2.996826761275608
1639504364369,2021-12-14T12:52:44.369,36.59,-7.40106053208596,3.9948636882108066,2.8770235504894854
1639504364379,2021-12-14T12:52:44.379,36.6,-6.079735972323719,4.379510929048161,2.2863726156133617
1639504364389,2021-12-14T12:52:44.389,36.61,-5.24692768186035,4.855534981997593,1.0036080081712373
1639504364399,2021-12-14T12:52:44.399,36.62,-4.853205916514337,5.470008038218615,-0.9293590269402371
1639504364409,2021-12-14T12:52:44.409,36.63,-4.741552249036417,6.170954707289567,-3.3157529863619404
1639504364419,2021-12-14T12:52:44.419,36.64,-5.060873178087476,6.798906353040813,-6.137769976518262
1639504364429,2021-12-14T12:52:44.429,36.65,-5.993780994203378,7.329744356433499,-9.455296724632944
1639504364439,2021-12-14T12:52:44.439,36.66,-7.027709696353384,8.002044324580948,-12.78645649800983
1639504364449,2021-12-14T12:52:44.449,36.67,-7.2718605146343585,9.01286156868353,-15.072970818392621
1639504364459,2021-12-14T12:52:44.459,36.68,-6.66661713407729,10.14438666138038,-15.636446226439523
1639504364469,2021-12-14T12:52:44.469,36.69,-6.189032667997386,10.831367241739187,-14.896881042741915
1639504364479,2021-12-14T12:52:44.479,36.7,-6.83429702912154,10.620336326575277,-13.946956110448689
1639504364489,2021-12-14T12:52:44.489,36.71,-8.671485953777642,9.652365124537829,-13.340580242228151
1639504364499,2021-12-14T12:52:44.499,36.72,-10.257649289594752,8.722086838425426,-12.041054294430968
1639504364509,2021-12-14T12:52:44.509,36.73,-9.444994305963125,8.48475259185562,-8.400478342164533
1639504364519,2021-12-14T12:52:44.519,36.74,-6.78195510536998,8.506381066377543,-3.4972302547399416
1639504364529,2021-12-14T12:52:44.529,36.75,-6.499547095093753,7.873397254528687,-1.5673324299632292
1639504364539,2021-12-14T12:52:44.539,36.76,-10.035241355033886,6.886725882703118,-4.099138865549634
1639504364549,2021-12-14T12:52:44.549,36.77,-11.809247692290054,6.8219885531529085,-6.480284988174767
1639504364559,2021-12-14T12:52:44.559,36.78,-7.989733771759727,7.690016219513552,-5.056064461178563
1639504364569,2021-12-14T12:52:44.569,36.79,-4.392204507442297,7.928795422351309,-3.2392161172112806
1639504364579,2021-12-14T12:52:44.579,36.8,-7.074128512743798,6.772363415633716,-4.891214040386776
1639504364589,2021-12-14T12:52:44.589,36.81,-11.790892470665002,5.154070299975865,-7.043069555233599
1639504364599,2021-12-14T12:52:44.599,36.82,-12.208869342817813,3.8243743961749233,-5.509115672508788
1639504364609,2021-12-14T12:52:44.609,36.83,-10.784358287564146,2.3121049742365276,-2.0540040148849217
1639504364619,2021-12-14T12:52:44.619,36.84,-12.515812940769274,0.2120878800879022,-0.1411967346546515
1639504364629,2021-12-14T12:52:44.629,36.85,-15.778811467078889,-2.021254266254063,1.0400707475597504
1639504364639,2021-12-14T12:52:44.639,36.86,-16.913130016098805,-4.003174107606631,3.5239739362840017
1639504364649,2021-12-14T12:52:44.649,36.87,-16.925184951812952,-5.924084421382873,6.285583559453591
1639504364659,2021-12-14T12:52:44.659,36.88,-18.02295981920372,-7.8164028653880795,7.673397158347755
1639504364669,2021-12-14T12:52:44.669,36.89,-19.159446951662602,-9.294110309726541,8.393386566992746
1639504364679,2021-12-14T12:52:44.679,36.9,-18.8155901046748,-10.210370613629673,9.47477821462872
1639504364689,2021-12-14T12:52:44.689,36.91,-17.883861739771636,-10.786026907228003,10.100776665603803
1639504364699,2021-12-14T12:52:44.699,36.92,-17.346196271294886,-11.026126546298983,9.328339596467984
1639504364709,2021-12-14T12:52:44.709,36.93,-16.291060831324366,-10.714468094585385,7.881997758370575
1639504364719,2021-12-14T12:52:44.719,36.94,-13.869811191918377,-10.00159560759019,6.823465993270608
1639504364729,2021-12-14T12:52:44.729,36.95,-10.873492946036224,-9.370127549371665,5.946723040481061
1639504364739,2021-12-14T12:52:44.739,36.96,-8.122727414904109,-9.009473824436537,4.617774903448333
1639504364749,2021-12-14T12:52:44.749,36.97,-5.069219192979171,-8.737385427311906,3.041716586705806
1639504364759,2021-12-14T12:52:44.759,36.98,-1.118962355472985,-8.497961473504859,1.705107322620199
1639504364769,2021-12-14T12:52:44.769,36.99,3.054112454141208,-8.47592534379811,0.46247329164287937
1639504364779,2021-12-14T12:52:44.779,37.0,6.600824708180163,-8.724872973311918,-0.9685175246856758
1639504364789,2021-12-14T12:52:44.789,37.01,9.806394713393992,-9.05181097237231,-2.3140073286294127
1639504364799,2021-12-14T12:52:44.799,37.02,13.33781260542261,-9.311643466355669,-3.2275952273765487
1639504364809,2021-12-14T12:52:44.809,37.03,17.042927088226627,-9.548557776683047,-3.8971801871442313
1639504364819,2021-12-14T12:52:44.819,37.04,20.30070572368131,-9.794601035585995,-4.685361934013416
1639504364829,2021-12-14T12:52:44.829,37.05,22.918826222254758,-9.95393322327846,-5.630336860901726
1639504364839,2021-12-14T12:52:44.839,37.06,25.086038086463617,-9.951646287876775,-6.607173091738005
1639504364849,2021-12-14T12:52:44.849,37.07,26.893821993223614,-9.81184014448391,-7.591065092157669
1639504364859,2021-12-14T12:52:44.859,37.08,28.30302529941886,-9.546946707521549,-8.55613512116034
1639504364869,2021-12-14T12:52:44.869,37.09,29.280873896045694,-9.134554343696113,-9.398535584708682
1639504364879,2021-12-14T12:52:44.879,37.1,29.738706245452917,-8.624366726073628,-10.08388158958459
1639504364889,2021-12-14T12:52:44.889,37.11,29.54334016917261,-8.128329688698006,-10.670633577914534
1639504364899,2021-12-14T12:52:44.899,37.12,28.736648465003114,-7.690591259700479,-11.124781135395544
1639504364909,2021-12-14T12:52:44.909,37.13,27.590905426924422,-7.267859182698896,-11.2804390931394
1639504364919,2021-12-14T12:52:44.919,37.14,26.342131536499544,-6.8400103352768955,-11.025206040989165
1639504364929,2021-12-14T12:52:44.929,37.15,25.008724845255905,-6.453041765775401,-10.36806816934714
1639504364939,2021-12-14T12:52:44.939,37.16,23.553328268866053,-6.13813483776736,-9.292080980359298
1639504364949,2021-12-14T12:52:44.949,37.17,22.049112981784333,-5.865125429447491,-7.7060180848741044
1639504364959,2021-12-14T12:52:44.959,37.18,20.581014886853694,-5.613210906419129,-5.607107788747543
1639504364969,2021-12-14T12:52:44.969,37.19,19.141033885351497,-5.416576584487713,-3.173023978160791
1639504364979,2021-12-14T12:52:44.979,37.2,17.716675602903706,-5.290088684077254,-0.6543193520206216
1639504364989,2021-12-14T12:52:44.989,37.21,16.326709432829414,-5.202354899811784,1.683639215323655
1639504364999,2021-12-14T12:52:44.999,37.22,14.854618877332431,-5.185930134198092,3.4333090384083675
1639504365009,2021-12-14T12:52:45.009,37.23,13.035361478070723,-5.3471535289576675,4.060094295849291
1639504365019,2021-12-14T12:52:45.019,37.24,10.857350497090529,-5.686523702868946,3.3391046159299993
1639504365029,2021-12-14T12:52:45.029,37.25,8.806451374012584,-6.051012795625363,1.7085895389671837
1639504365039,2021-12-14T12:52:45.039,37.26,7.333866495974296,-6.343050679387145,-0.15911989621914005
1639504365049,2021-12-14T12:52:45.049,37.27,6.274515298912448,-6.623319026795145,-2.0726819277332327
1639504365059,2021-12-14T12:52:45.059,37.28,5.259992301666015,-6.916475115401674,-4.235150058262657
1639504365069,2021-12-14T12:52:45.069,37.29,4.439636715714402,-7.062439253778127,-6.65040285747474
1639504365079,2021-12-14T12:52:45.079,37.3,4.258836745503501,-6.877522875082421,-9.108065727009476
1639504365089,2021-12-14T12:52:45.089,37.31,4.749813262904301,-6.365667376347551,-11.508809380320653
1639504365099,2021-12-14T12:52:45.099,37.32,5.414282350120651,-5.673759787878007,-13.7102438987523
1639504365109,2021-12-14T12:52:45.109,37.33,5.679501028097679,-4.9222792272276035,-15.303927483772691
1639504365119,2021-12-14T12:52:45.119,37.34,5.4727059045783655,-4.20524256867972,-15.936882874465212
1639504365129,2021-12-14T12:52:45.129,37.35,5.226146998425036,-3.743044647603006,-15.731853058737865
1639504365139,2021-12-14T12:52:45.139,37.36,4.688449761350797,-3.822073863894122,-15.354041856054309
1639504365149,2021-12-14T12:52:45.149,37.37,2.661455135701061,-4.3144613512772745,-15.56755371470487
1639504365159,2021-12-14T12:52:45.159,37.38,0.1905227096449177,-4.412181940379052,-15.941052441516494
1639504365169,2021-12-14T12:52:45.169,37.39,1.9365779632525815,-3.4399250853055525,-14.297503157109944
1639504365179,2021-12-14T12:52:45.179,37.4,8.871338356330956,-1.959382725919562,-10.110532933144363
1639504365189,2021-12-14T12:52:45.189,37.41,12.637194233090371,-1.226750761552962,-8.220701176340345
1639504365199,2021-12-14T12:52:45.199,37.42,7.2770828973586905,-1.3299203303574885,-12.971537578376049
1639504365209,2021-12-14T12:52:45.209,37.43,2.65296127393772,-0.9231561027675673,-18.488964066847124
1639504365219,2021-12-14T12:52:45.219,37.44,10.208655951296514,0.583851149520408,-15.844802192726943
1639504365229,2021-12-14T12:52:45.229,37.45,20.271303057354167,1.8617137680472178,-9.835816683394231
1639504365239,2021-12-14T12:52:45.239,37.46,16.058728856486532,2.019368569714796,-12.60459513397389
1639504365249,2021-12-14T12:52:45.249,37.47,4.7058350309979495,2.7540503893072805,-21.624978852282155
1639504365259,2021-12-14T12:52:45.259,37.48,6.998239460217789,5.9900163156612445,-23.03999074860377
1639504365269,2021-12-14T12:52:45.269,37.49,22.23758229151172,10.528734088385255,-14.616137557050923
1639504365279,2021-12-14T12:52:45.279,37.5,31.449767745595135,13.455270308512508,-6.5731053303110105
1639504365289,2021-12-14T12:52:45.289,37.51,29.045635923902907,13.87812665360948,-2.778496259012976
1639504365299,2021-12-14T12:52:45.299,37.52,25.82883164642345,13.105126941418764,2.220236613498435
1639504365309,2021-12-14T12:52:45.309,37.53,26.58434179944985,12.117826048927107,10.165683445496494
1639504365319,2021-12-14T12:52:45.319,37.54,25.592919773443082,10.899696581757505,16.299695256455124
1639504365329,2021-12-14T12:52:45.329,37.55,20.410558619493706,9.648894659500352,18.146321216240935
1639504365339,2021-12-14T12:52:45.339,37.56,15.143377489643356,8.982343867476917,18.2145463695385
1639504365349,2021-12-14T12:52:45.349,37.57,12.140142909583119,8.996065854916674,18.838397318977385
1639504365359,2021-12-14T12:52:45.359,37.58,9.545169204153362,9.068536236333866,19.763417704066164
1639504365369,2021-12-14T12:52:45.369,37.59,5.708885029826113,8.63153638116642,20.238302558880974
1639504365379,2021-12-14T12:52:45.379,37.6,1.0593181992184961,7.667697266954313,20.415784875258502
1639504365389,2021-12-14T12:52:45.389,37.61,-3.422541393654279,6.489156172493006,20.86883806005311
1639504365399,2021-12-14T12:52:45.399,37.62,-7.304090766986549,5.340378020508158,21.92469514696422
1639504365409,2021-12-14T12:52:45.409,37.63,-10.84600118816232,4.255619871120269,23.355878995896433
1639504365419,2021-12-14T12:52:45.419,37.64,-14.583981796929383,3.192814189873526,24.596554269031714
1639504365429,2021-12-14T12:52:45.429,37.65,-18.43272250471251,2.2514136435087373,25.42914261585078
1639504365439,2021-12-14T12:52:45.439,37.66,-21.592557901955175,1.6860817259357623,26.16482374889135
1639504365449,2021-12-14T12:52:45.449,37.67,-23.63068033834188,1.6707847122103585,26.995893637891925
1639504365459,2021-12-14T12:52:45.459,37.68,-24.991309322866122,2.134583965880227,27.606172069053557
1639504365469,2021-12-14T12:52:45.469,37.69,-26.189239255229374,2.8692631274900355,27.595862727337643
1639504365479,2021-12-14T12:52:45.479,37.7,-27.201391723794476,3.7187470277901165,26.899192210801807
1639504365489,2021-12-14T12:52:45.489,37.71,-27.931774366978093,4.62248511174309,25.640999284360813
1639504365499,2021-12-14T12:52:45.499,37.72,-28.626804989595115,5.532539886862493,23.945931770474154
1639504365509,2021-12-14T12:52:45.509,37.73,-29.449212612646562,6.369028749086876,22.045097609278507
1639504365519,2021-12-14T12:52:45.519,37.74,-30.091893782605993,7.093948747272783,20.290908737629618
1639504365529,2021-12-14T12:52:45.529,37.75,-30.147012875025567,7.782313094927096,18.92616371001428
1639504365539,2021-12-14T12:52:45.539,37.76,-29.560203124675212,8.540845127666662,17.98033735226624
1639504365549,2021-12-14T12:52:45.549,37.77,-28.519788389399388,9.371865803182487,17.389334563955853
1639504365559,2021-12-14T12:52:45.559,37.78,-27.149584725058283,10.193734688520118,17.044657121486917
1639504365569,2021-12-14T12:52:45.569,37.79,-25.47248113898394,10.964190446491521,16.700195412086675
1639504365579,2021-12-14T12:52:45.579,37.8,-23.521622280348495,11.712745249259333,15.96145729352633
1639504365589,2021-12-14T12:52:45.589,37.81,-21.32941402360102,12.525263020059676,14.508169547656149
1639504365599,2021-12-14T12:52:45.599,37.82,-18.818812466688435,13.558292263121626,12.395240033910785
1639504365609,2021-12-14T12:52:45.609,37.83,-15.873704916039575,14.93555591002734,10.024307155616572
1639504365619,2021-12-14T12:52:45.619,37.84,-12.670384264429567,16.55198278553793,7.696819879732651
1639504365629,2021-12-14T12:52:45.629,37.85,-9.758507520477906,18.13209520753039,5.364129223220207
1639504365639,2021-12-14T12:52:45.639,37.86,-7.487166286258423,19.577846703007975,2.992822729377289
1639504365649,2021-12-14T12:52:45.649,37.87,-5.529141759834583,21.10795021483857,0.8815684293181213
1639504365659,2021-12-14T12:52:45.659,37.88,-3.463450166931008,22.929007383492802,-0.755020376941346
1639504365669,2021-12-14T12:52:45.669,37.89,-1.6509323868233343,24.934394497103906,-2.2849059364494795
1639504365679,2021-12-14T12:52:45.679,37.9,-0.838976808223038,26.924790368702247,-4.291955299450229
1639504365689,2021-12-14T12:52:45.689,37.91,-1.0239397989450967,28.949554464034616,-6.882045194778879
1639504365699,2021-12-14T12:52:45.699,37.92,-1.5962777854286263,31.13091103561986,-9.809822224490011
1639504365709,2021-12-14T12:52:45.709,37.93,-2.542401730833941,33.29476967052866,-13.066530975846398
1639504365719,2021-12-14T12:52:45.719,37.94,-4.378036503047394,35.14866263281799,-16.733228322647786
1639504365729,2021-12-14T12:52:45.729,37.95,-6.829598184108326,36.74716796498611,-20.40251546086878
1639504365739,2021-12-14T12:52:45.739,37.96,-8.838600932935568,38.416366954985996,-23.424468793499273
1639504365749,2021-12-14T12:52:45.749,37.97,-9.977416237186986,40.28808779390677,-25.62021710575491
1639504365759,2021-12-14T12:52:45.759,37.98,-10.526804102759808,42.214801359279846,-27.08826033365491
1639504365769,2021-12-14T12:52:45.769,37.99,-10.379896703555799,43.972830782448234,-27.719773499455243
1639504365779,2021-12-14T12:52:45.779,38.0,-9.625150548527,45.34231974198751,-27.864257972806648
1639504365789,2021-12-14T12:52:45.789,38.01,-9.289737793055615,46.40564387954835,-28.377303261660703
1639504365799,2021-12-14T12:52:45.799,38.02,-8.921951078770745,47.788850151488276,-28.222258186421662
1639504365809,2021-12-14T12:52:45.809,38.03,-5.916255305737917,49.670724859698524,-24.31023168347963
1639504365819,2021-12-14T12:52:45.819,38.04,-1.6275206209075306,50.712674862675996,-17.23735462107632
1639504365829,2021-12-14T12:52:45.829,38.05,-3.2988799494955083,49.670415143920465,-13.601843955758277
1639504365839,2021-12-14T12:52:45.839,38.06,-12.52917508826829,47.896035461579515,-16.993635011068243
1639504365849,2021-12-14T12:52:45.849,38.07,-19.062381858137304,47.93726032544226,-21.53739417210798
1639504365859,2021-12-14T12:52:45.859,38.08,-16.12502310080628,49.83613124118333,-21.43154324672209
1639504365869,2021-12-14T12:52:45.869,38.09,-12.16139678759895,51.35678472305719,-20.175128198201723
1639504365879,2021-12-14T12:52:45.879,38.1,-15.837857606539249,51.508074239751025,-22.28187493709097
1639504365889,2021-12-14T12:52:45.889,38.11,-21.63260715079913,51.186271130291374,-23.88117844352728
1639504365899,2021-12-14T12:52:45.899,38.12,-21.97317671116724,50.67664931325231,-19.665369146313584
1639504365909,2021-12-14T12:52:45.909,38.13,-20.623573202178754,48.99543560331253,-11.365286065858314
1639504365919,2021-12-14T12:52:45.919,38.14,-23.83704053055323,45.65873601235898,-2.9650978540968036
1639504365929,2021-12-14T12:52:45.929,38.15,-29.89484895273453,41.33882237824926,5.426821499378385
1639504365939,2021-12-14T12:52:45.939,38.16,-34.53838455865004,36.85917357930673,14.66361535905785
1639504365949,2021-12-14T12:52:45.949,38.17,-37.46847978097662,32.71702820842424,23.21714887605252
1639504365959,2021-12-14T12:52:45.959,38.18,-39.49981304463868,29.364399859707536,29.24826130633719
1639504365969,2021-12-14T12:52:45.969,38.19,-40.00102414747941,27.080732709438433,32.381378930069594
1639504365979,2021-12-14T12:52:45.979,38.2,-38.88745991639354,25.666571657627397,32.82961768245643
1639504365989,2021-12-14T12:52:45.989,38.21,-37.041560802092334,24.66654734598728,31.161904506688092
1639504365999,2021-12-14T12:52:45.999,38.22,-34.68274099320748,23.764966286450885,28.568527531116263
1639504366009,2021-12-14T12:52:46.009,38.23,-31.56744438761762,22.886082718704355,25.86748586768598
1639504366019,2021-12-14T12:52:46.019,38.24,-27.91052671097407,22.12920046023585,22.89711331632771
1639504366029,2021-12-14T12:52:46.029,38.25,-23.89756645332651,21.635705357607065,19.458923549291598
1639504366039,2021-12-14T12:52:46.039,38.26,-19.37078049946864,21.417629961706062,15.889008413415645
1639504366049,2021-12-14T12:52:46.049,38.27,-14.48296085528718,21.36648356281355,12.458876478013893
1639504366059,2021-12-14T12:52:46.059,38.28,-9.687700849386065,21.417622879273573,9.089134063815207
1639504366069,2021-12-14T12:52:46.069,38.29,-5.055448458034963,21.577147351538606,5.7329276720061735
1639504366079,2021-12-14T12:52:46.079,38.3,-0.34800013929027473,21.833555607835194,2.46748048777931
1639504366089,2021-12-14T12:52:46.089,38.31,4.431324253193668,22.174399278913857,-0.7115085818794878
1639504366099,2021-12-14T12:52:46.099,38.32,9.065361637992325,22.62654603837916,-3.837334848312667
1639504366109,2021-12-14T12:52:46.109,38.33,13.446774229411439,23.18243386117615,-6.85475511502389
1639504366119,2021-12-14T12:52:46.119,38.34,17.58432140534871,23.76031446962149,-9.72585138356185
1639504366129,2021-12-14T12:52:46.129,38.35,21.449313731800626,24.2739739643644,-12.47510607193898
1639504366139,2021-12-14T12:52:46.139,38.36,24.871441352068754,24.62175699133276,-15.03352526074758
1639504366149,2021-12-14T12:52:46.149,38.37,27.477714438255017,24.60039411407612,-17.216938599301482
1639504366159,2021-12-14T12:52:46.159,38.38,28.870685541326967,24.007267593870814,-18.92246689813068
1639504366169,2021-12-14T12:52:46.169,38.39,29.03779034629561,22.856533044704193,-20.170174566461874
1639504366179,2021-12-14T12:52:46.179,38.4,28.42034100956308,21.32691170079911,-20.91519583088628
1639504366189,2021-12-14T12:52:46.189,38.41,27.408771047311483,19.48794143632997,-21.028399421568835
1639504366199,2021-12-14T12:52:46.199,38.42,25.95428946471482,17.238273915356377,-20.518808146928016
1639504366209,2021-12-14T12:52:46.209,38.43,23.839883196052632,14.515748519636617,-19.570344249244492
1639504366219,2021-12-14T12:52:46.219,38.44,21.157412525073617,11.433152812981689,-18.281529969081866
1639504366229,2021-12-14T12:52:46.229,38.45,18.34541782277702,8.184852880227941,-16.555521211135495
1639504366239,2021-12-14T12:52:46.239,38.46,15.8161217833091,4.8942559764871465,-14.342119626027301
1639504366249,2021-12-14T12:52:46.249,38.47,13.653971177869707,1.5778413035871268,-11.789391266381932
1639504366259,2021-12-14T12:52:46.259,38.48,11.709584722727854,-1.7791337166140264,-9.027914336817375
1639504366269,2021-12-14T12:52:46.269,38.49,9.895297972393436,-5.150934488536287,-6.050565446282974
1639504366279,2021-12-14T12:52:46.279,38.5,8.274139467682465,-8.465595079881037,-2.9987013952035038
1639504366289,2021-12-14T12:52:46.289,38.51,6.9695587267539425,-11.614361288534298,-0.3161500921745408
1639504366299,2021-12-14T12:52:46.299,38.52,6.175584191439004,-14.43645558761625,1.592260917308063
1639504366309,2021-12-14T12:52:46.309,38.53,6.129819995890131,-16.74558471122497,2.6328438792840445
1639504366319,2021-12-14T12:52:46.319,38.54,6.826649460185703,-18.44354554506858,2.819523862832902
1639504366329,2021-12-14T12:52:46.329,38.55,7.848566338105803,-19.603094184705434,2.0734326837546595
1639504366339,2021-12-14T12:52:46.339,38.56,8.70313965474728,-20.393252369741383,0.39449883749440284
1639504366349,2021-12-14T12:52:46.349,38.57,9.22153524738223,-20.94773064861551,-1.9409104362872143
1639504366359,2021-12-14T12:52:46.359,38.58,9.463356052277486,-21.354266327989485,-4.461138906508033
1639504366369,2021-12-14T12:52:46.369,38.59,9.445713052784015,-21.707280099472044,-6.7207069283992436
1639504366379,2021-12-14T12:52:46.379,38.6,9.195301810310493,-22.067228004441546,-8.49763007128359
1639504366389,2021-12-14T12:52:46.389,38.61,8.852135326731029,-22.402748000856327,-9.885096816546046
1639504366399,2021-12-14T12:52:46.399,38.62,8.47386114200544,-22.672957354905158,-11.15505551587027
1639504366409,2021-12-14T12:52:46.409,38.63,7.899839431988298,-22.951162188168745,-12.47172023150125
1639504366419,2021-12-14T12:52:46.419,38.64,6.9539132563883435,-23.38961896941351,-13.783228923973498
1639504366429,2021-12-14T12:52:46.429,38.65,5.608912397488924,-24.078593871943838,-14.990647077737137
1639504366439,2021-12-14T12:52:46.439,38.66,3.90290547877917,-25.021525749155913,-16.117380175252116
1639504366449,2021-12-14T12:52:46.449,38.67,1.830533603814739,-26.246430516772122,-17.309722392338156
1639504366459,2021-12-14T12:52:46.459,38.68,-0.6809225051647675,-27.82134973161957,-18.749480890759315
1639504366469,2021-12-14T12:52:46.469,38.69,-3.5700736079910023,-29.693354304968636,-20.43301751012562
1639504366479,2021-12-14T12:52:46.479,38.7,-6.282835056232214,-31.66895223387285,-21.904879369223423
1639504366489,2021-12-14T12:52:46.489,38.71,-8.165597140144243,-33.72630177877791,-22.615115669258536
1639504366499,2021-12-14T12:52:46.499,38.72,-9.570688138529206,-36.12506520025789,-22.807213135721476
1639504366509,2021-12-14T12:52:46.509,38.73,-11.326274107102847,-38.872793406673196,-23.09994023479059
1639504366519,2021-12-14T12:52:46.519,38.74,-12.497108615871664,-41.473252645703305,-22.68762029032193
1639504366529,2021-12-14T12:52:46.529,38.75,-11.302377996744035,-43.816219360469326,-20.020101390460685
1639504366539,2021-12-14T12:52:46.539,38.76,-9.368296045912393,-46.58120206385737,-16.29034732537567
1639504366549,2021-12-14T12:52:46.549,38.77,-10.04965184064856,-49.734783298410974,-14.36427315698136
1639504366559,2021-12-14T12:52:46.559,38.78,-10.736298681057367,-51.984722432947336,-12.459758096757724
1639504366569,2021-12-14T12:52:46.569,38.79,-5.808784175517823,-53.36675368341683,-5.695401536389724
1639504366579,2021-12-14T12:52:46.579,38.8,-0.2880756968826117,-56.26917173964544,2.680285571588665
1639504366589,2021-12-14T12:52:46.589,38.81,-6.322504759757986,-61.39640570207797,1.6210407253540189
1639504366599,2021-12-14T12:52:46.599,38.82,-20.459327564725175,-65.08888302983723,-10.22407098482114
1639504366609,2021-12-14T12:52:46.609,38.83,-22.78049295775716,-63.82822465348437,-18.916349542743756
1639504366619,2021-12-14T12:52:46.619,38.84,-7.423380785465606,-59.63595701688125,-14.921828157221524
1639504366629,2021-12-14T12:52:46.629,38.85,5.493497012054821,-57.89518354907125,-6.83607535166725
1639504366639,2021-12-14T12:52:46.639,38.86,-0.48729039210309844,-60.650667635578614,-6.616055466718154
1639504366649,2021-12-14T12:52:46.649,38.87,-13.997132829921407,-64.62300222532832,-11.443408184902367
1639504366659,2021-12-14T12:52:46.659,38.88,-13.831243864606556,-65.77366460497018,-10.241608848559139
1639504366669,2021-12-14T12:52:46.669,38.89,2.0124857856305285,-63.608224465329684,-1.1762612370957206
1639504366679,2021-12-14T12:52:46.679,38.9,18.602510155281806,-60.14369840874459,7.371355217806518
1639504366689,2021-12-14T12:52:46.689,38.91,27.512730313245275,-56.43335269305973,10.141200710074024
1639504366699,2021-12-14T12:52:46.699,38.92,34.182679952185,-51.92540511557543,10.430981175154905
1639504366709,2021-12-14T12:52:46.709,38.93,43.76072520429749,-46.530060711089384,12.182643308436607
1639504366719,2021-12-14T12:52:46.719,38.94,52.14533338901132,-41.396924600054305,13.90335739962984
1639504366729,2021-12-14T12:52:46.729,38.95,54.25175412998452,-37.447812779103664,12.903064265549665
1639504366739,2021-12-14T12:52:46.739,38.96,52.22125419871139,-34.486077518111045,10.583009731554206
1639504366749,2021-12-14T12:52:46.749,38.97,50.69454842623395,-32.10621958499848,10.161943838492189
1639504366759,2021-12-14T12:52:46.759,38.98,49.87919312036971,-30.396868739332632,12.022232546589477
1639504366769,2021-12-14T12:52:46.769,38.99,47.84414504415008,-29.268582171517917,14.342718478923874
1639504366779,2021-12-14T12:52:46.779,39.0,45.606596008238796,-27.97484973503986,16.65665366518937
1639504366789,2021-12-14T12:52:46.789,39.01,45.55388644870463,-25.955642678812854,19.997344740308687
1639504366799,2021-12-14T12:52:46.799,39.02,46.996253183868276,-23.648107345426737,24.202268178216315
1639504366809,2021-12-14T12:52:46.809,39.03,46.91837405417374,-21.912855674679676,27.506627614261326
1639504366819,2021-12-14T12:52:46.819,39.04,44.19925872234383,-21.010895134884315,28.95267270859765
1639504366829,2021-12-14T12:52:46.829,39.05,40.36846602614864,-20.65761391310944,29.464129864587107
1639504366839,2021-12-14T12:52:46.839,39.06,36.715056645078924,-20.833056158979126,30.25947884303067
1639504366849,2021-12-14T12:52:46.849,39.07,32.91324336488147,-21.966337777572218,31.509453468465782
1639504366859,2021-12-14T12:52:46.859,39.08,28.41158873841595,-24.31541505771489,32.74831640989873
1639504366869,2021-12-14T12:52:46.869,39.09,23.580919646680307,-27.53329586862563,33.58593860901543
1639504366879,2021-12-14T12:52:46.879,39.1,19.459416155272574,-30.887018889143956,33.95969874641356
1639504366889,2021-12-14T12:52:46.889,39.11,17.108354991889048,-33.748758546074534,34.28909211835254
1639504366899,2021-12-14T12:52:46.899,39.12,16.63172009112362,-35.918465750070666,34.911246628247056
1639504366909,2021-12-14T12:52:46.909,39.13,16.465441476668417,-37.478018471896995,35.01186354169084
1639504366919,2021-12-14T12:52:46.919,39.14,14.965093197794596,-38.29643837538484,33.31233640187233
1639504366929,2021-12-14T12:52:46.929,39.15,12.743903572821772,-37.97599993110045,30.102063623426325
1639504366939,2021-12-14T12:52:46.939,39.16,11.393289561553992,-36.46112647859196,26.90253943943975
1639504366949,2021-12-14T12:52:46.949,39.17,10.426116662251644,-34.25114568906072,24.147120278493986
1639504366959,2021-12-14T12:52:46.959,39.18,8.240697244559176,-31.76661624514894,21.218806790544857
1639504366969,2021-12-14T12:52:46.969,39.19,5.081864663411582,-28.97671652760418,18.323953567315904
1639504366979,2021-12-14T12:52:46.979,39.2,2.166461575775589,-25.818667544496446,16.182660384101542
1639504366989,2021-12-14T12:52:46.989,39.21,-0.6659532373183596,-22.48376244383813,14.53306014812164
1639504366999,2021-12-14T12:52:46.999,39.22,-4.01432088819925,-19.170851524412544,12.66895679510192
1639504367009,2021-12-14T12:52:47.009,39.23,-7.3738481896175205,-15.961046840659966,10.596811081799487
1639504367019,2021-12-14T12:52:47.019,39.24,-10.22462847139185,-12.94599495309292,8.560504823377816
1639504367029,2021-12-14T12:52:47.029,39.25,-12.99801103082963,-10.193944714274746,6.424943723422867
1639504367039,2021-12-14T12:52:47.039,39.26,-16.04376765082283,-7.684992195567465,4.165269137759742
1639504367049,2021-12-14T12:52:47.049,39.27,-18.985506010480822,-5.46264678905437,2.110201063472558
1639504367059,2021-12-14T12:52:47.059,39.28,-21.374989213039093,-3.6798790839274345,0.4703597831049866
1639504367069,2021-12-14T12:52:47.069,39.29,-23.012962340228846,-2.3792682252391204,-0.7759260624409672
1639504367079,2021-12-14T12:52:47.079,39.3,-23.785949865286867,-1.425396252688366,-1.626485504358758
1639504367089,2021-12-14T12:52:47.089,39.31,-23.868062300840194,-0.7464941712549066,-2.1148055228673837
1639504367099,2021-12-14T12:52:47.099,39.32,-23.759517680907177,-0.47292036954643146,-2.4244908735492587
1639504367109,2021-12-14T12:52:47.109,39.33,-23.737750980340774,-0.7513389268432732,-2.7100279095170787
1639504367119,2021-12-14T12:52:47.119,39.34,-23.623379714923118,-1.528136840545386,-3.0015050548877626
1639504367129,2021-12-14T12:52:47.129,39.35,-23.19261721161452,-2.6030165419750086,-3.3051753616052197
1639504367139,2021-12-14T12:52:47.139,39.36,-22.481084267479538,-3.8607371663434202,-3.614668124174649
1639504367149,2021-12-14T12:52:47.149,39.37,-21.70716481563713,-5.321307644656707,-3.9600699723104134
1639504367159,2021-12-14T12:52:47.159,39.38,-20.97528784498286,-6.877237611806459,-4.523825256740439
1639504367169,2021-12-14T12:52:47.169,39.39,-19.85266872628921,-8.132018575111614,-5.391199082865758
1639504367179,2021-12-14T12:52:47.179,39.4,-17.573540330926576,-8.726051392322704,-6.2066202903549765
1639504367189,2021-12-14T12:52:47.189,39.41,-14.19031757633769,-8.758391029791262,-6.515024503964828
1639504367199,2021-12-14T12:52:47.199,39.42,-10.944698950037736,-8.668543555010174,-6.345077899690833
1639504367209,2021-12-14T12:52:47.209,39.43,-8.819793771497874,-8.741934817634709,-6.043326157665463
1639504367219,2021-12-14T12:52:47.219,39.44,-7.469895078514161,-8.897407363799982,-5.805497900505218
1639504367229,2021-12-14T12:52:47.229,39.45,-6.160284596064464,-8.88480141029206,-5.7582742960304785
1639504367239,2021-12-14T12:52:47.239,39.46,-4.775731277792811,-8.522534460802687,-6.08762521250627
1639504367249,2021-12-14T12:52:47.249,39.47,-3.3946945332260148,-7.789695007063387,-6.734265055002492
1639504367259,2021-12-14T12:52:47.259,39.48,-1.8781885193402146,-6.814289106551664,-7.360891173157664
1639504367269,2021-12-14T12:52:47.269,39.49,-0.23851537368927628,-5.781083891697699,-7.759034390450475
1639504367279,2021-12-14T12:52:47.279,39.5,1.3390758981163806,-4.845422876022381,-7.904132549411567
1639504367289,2021-12-14T12:52:47.289,39.51,2.8208129428474273,-4.13331592375224,-7.738109187158471
1639504367299,2021-12-14T12:52:47.299,39.52,4.139582059399147,-3.717127383036636,-7.322409810886361
1639504367309,2021-12-14T12:52:47.309,39.53,5.056391963730549,-3.5148100475869772,-6.970228784072241
1639504367319,2021-12-14T12:52:47.319,39.54,5.59059930632281,-3.29308561134633,-6.906833747753776
1639504367329,2021-12-14T12:52:47.329,39.55,6.080011253203841,-2.836887360141308,-7.0979347377808475
1639504367339,2021-12-14T12:52:47.339,39.56,6.6126448245195135,-2.0815664566299583,-7.533763307670008
1639504367349,2021-12-14T12:52:47.349,39.57,6.934266402405435,-1.0832601301636366,-8.269301646458679
1639504367359,2021-12-14T12:52:47.359,39.58,6.960407577533838,0.0565955988928423,-9.131768272874446
1639504367369,2021-12-14T12:52:47.369,39.59,6.8916699643684485,1.2102009459762049,-9.770432924620204
1639504367379,2021-12-14T12:52:47.379,39.6,6.886131947143321,2.266925820799415,-10.002358340445571
1639504367389,2021-12-14T12:52:47.389,39.61,7.009712897251767,3.2430280317755384,-9.853982835246384
1639504367399,2021-12-14T12:52:47.399,39.62,7.358188650174016,4.283559893374031,-9.364811847668923
1639504367409,2021-12-14T12:52:47.409,39.63,7.875948159834051,5.4855549162023856,-8.58977907370027
1639504367419,2021-12-14T12:52:47.419,39.64,8.190885484744193,6.788859533304345,-7.707279737807735
1639504367429,2021-12-14T12:52:47.429,39.65,7.901144503833829,8.07131514540097,-6.9352324916836805
1639504367439,2021-12-14T12:52:47.439,39.66,6.924655764616251,9.253079375537494,-6.367483817646003
1639504367449,2021-12-14T12:52:47.449,39.67,5.430316300523687,10.30391194778248,-5.96666844608901
1639504367459,2021-12-14T12:52:47.459,39.68,3.561179307871739,11.232536438756618,-5.694951897383702
1639504367469,2021-12-14T12:52:47.469,39.69,1.3042391563224078,12.037443154733943,-5.6389115037145245
1639504367479,2021-12-14T12:52:47.479,39.7,-1.416949496554458,12.661073483570092,-5.967313803113756
1639504367489,2021-12-14T12:52:47.489,39.71,-4.4264473926090435,13.113040025431435,-6.661122359536272
1639504367499,2021-12-14T12:52:47.499,39.72,-7.1044665006447065,13.5938114244649,-7.336896188914331
1639504367509,2021-12-14T12:52:47.509,39.73,-8.882680617067646,14.30165680744739,-7.552245646535612
1639504367519,2021-12-14T12:52:47.519,39.74,-9.977407544954165,15.16561170754687,-7.286563311054998
1639504367529,2021-12-14T12:52:47.529,39.75,-11.16577381665331,15.961354336587478,-6.905682683620016
1639504367539,2021-12-14T12:52:47.539,39.76,-12.786130197243057,16.634194042480047,-6.678014024031565
1639504367549,2021-12-14T12:52:47.549,39.77,-14.429062748579057,17.353454592142405,-6.553088669479619
1639504367559,2021-12-14T12:52:47.559,39.78,-15.617121736313555,18.304319216988294,-6.385660419820065
1639504367569,2021-12-14T12:52:47.569,39.79,-16.36060836204476,19.523091383356594,-6.186083017295886
1639504367579,2021-12-14T12:52:47.579,39.8,-16.973442915592507,20.901106975506604,-6.134599666551226
1639504367589,2021-12-14T12:52:47.589,39.81,-17.53643860954692,22.313619042958283,-6.355771853124346
1639504367599,2021-12-14T12:52:47.599,39.82,-17.74865322010873,23.717956960395615,-6.69374154993238
1639504367609,2021-12-14T12:52:47.609,39.83,-17.53167564561924,25.06788759368485,-6.924401135729658
1639504367619,2021-12-14T12:52:47.619,39.84,-17.49268411715471,26.20665251507002,-7.1543106367981775
1639504367629,2021-12-14T12:52:47.629,39.85,-18.20021431201982,26.989734438626336,-7.596809020509727
1639504367639,2021-12-14T12:52:47.639,39.86,-19.344877184527345,27.44128410611969,-8.056769091855157
1639504367649,2021-12-14T12:52:47.649,39.87,-20.355338370966745,27.642841073917808,-8.17870265515197
1639504367659,2021-12-14T12:52:47.659,39.88,-21.38642989256015,27.570903506384614,-8.022785269885501
1639504367669,2021-12-14T12:52:47.669,39.89,-22.888661223740577,27.224594612429925,-7.839934724254588
1639504367679,2021-12-14T12:52:47.679,39.9,-24.54186176610432,26.865621610380614,-7.558330234148745
1639504367689,2021-12-14T12:52:47.689,39.91,-25.29301872496001,26.921835466875788,-7.053067826801412
1639504367699,2021-12-14T12:52:47.699,39.92,-24.641811055757678,27.490000759198676,-6.581335623839795
1639504367709,2021-12-14T12:52:47.709,39.93,-23.887682609205456,28.009020426585124,-6.391514244242059
1639504367719,2021-12-14T12:52:47.719,39.94,-25.400572885914908,27.760867484468058,-6.512977012138908
1639504367729,2021-12-14T12:52:47.729,39.95,-29.657928267227053,26.844725791205367,-7.6505995256829
1639504367739,2021-12-14T12:52:47.739,39.96,-33.76926365524518,26.290587448717986,-10.983521832817921
1639504367749,2021-12-14T12:52:47.749,39.97,-34.59225625814583,26.878236226772096,-15.82992322132814
1639504367759,2021-12-14T12:52:47.759,39.98,-32.70527391285238,28.143781886227018,-19.365739774154477
1639504367769,2021-12-14T12:52:47.769,39.99,-31.372077065820484,28.992414540648696,-19.994333913951582
1639504367779,2021-12-14T12:52:47.779,40.0,-31.925215950782878,29.057764428164887,-18.723469607753863
1639504367789,2021-12-14T12:52:47.789,40.01,-32.304422662235666,28.879770637111097,-16.45146164893312
1639504367799,2021-12-14T12:52:47.799,40.02,-30.464051055211026,28.864042747426723,-12.715500094451206
1639504367809,2021-12-14T12:52:47.809,40.03,-27.088322976049817,28.81505140922128,-7.6713987350459405
1639504367819,2021-12-14T12:52:47.819,40.04,-23.724354137837047,28.62425680268126,-2.6288929796439575
1639504367829,2021-12-14T12:52:47.829,40.05,-20.062065476295906,28.673353038970305,1.816288901619859
1639504367839,2021-12-14T12:52:47.839,40.06,-15.014016585136723,29.22474544101224,6.102500247924097
1639504367849,2021-12-14T12:52:47.849,40.07,-9.187971811422216,29.9582851763779,10.111412974630886
1639504367859,2021-12-14T12:52:47.859,40.08,-4.2145386879282825,30.37992455525373,13.052843562331905
1639504367869,2021-12-14T12:52:47.869,40.09,-0.6072361096390264,30.24583145284938,14.804711247574101
1639504367879,2021-12-14T12:52:47.879,40.1,1.9583863446365062,29.445169972314343,15.865362396473287
1639504367889,2021-12-14T12:52:47.889,40.11,3.3195478924847297,27.93143573941443,16.249396559386874
1639504367899,2021-12-14T12:52:47.899,40.12,3.380129532544797,25.919231437805244,15.653977286558053
1639504367909,2021-12-14T12:52:47.909,40.13,3.011322610849353,23.781552193339763,14.349065216969631
1639504367919,2021-12-14T12:52:47.919,40.14,3.076686920500735,21.66459593300526,12.91330672346903
1639504367929,2021-12-14T12:52:47.929,40.15,3.3655018660290024,19.48236096065262,11.454617091089148
1639504367939,2021-12-14T12:52:47.939,40.16,3.385109769759982,17.25065205140597,9.829132709780042
1639504367949,2021-12-14T12:52:47.949,40.17,3.335365928467703,15.10936627926776,8.24397794313259
1639504367959,2021-12-14T12:52:47.959,40.18,3.5975743686223494,13.078099169863478,7.077371166417292
1639504367969,2021-12-14T12:52:47.969,40.19,4.096844965380002,11.106482792937662,6.46847722448045
1639504367979,2021-12-14T12:52:47.979,40.2,4.677340611712509,9.278818962386561,6.458091806109483
1639504367989,2021-12-14T12:52:47.989,40.21,5.300292280356766,7.660084929477139,7.096029543202304
1639504367999,2021-12-14T12:52:47.999,40.22,5.561904261735899,6.059289856495299,8.088988640196131
1639504368009,2021-12-14T12:52:48.009,40.23,4.91698086047814,4.2585460009899245,8.796956361503058
1639504368019,2021-12-14T12:52:48.019,40.24,3.698732945250933,2.3742829462190316,8.91567176736067
1639504368029,2021-12-14T12:52:48.029,40.25,3.0662262193694136,0.7406014137016321,8.805469261201186
1639504368039,2021-12-14T12:52:48.039,40.26,3.6135741728435153,-0.4655161363777616,8.896529236991165
1639504368049,2021-12-14T12:52:48.049,40.27,4.735238383920777,-1.313094647047961,9.13915523361645
1639504368059,2021-12-14T12:52:48.059,40.28,5.61407302750761,-1.947175813034435,9.306970141894451
1639504368069,2021-12-14T12:52:48.069,40.29,6.183974407394135,-2.4666897360102,9.50436566379689
1639504368079,2021-12-14T12:52:48.079,40.3,6.798638924682518,-2.917791972538147,10.01114181919949
1639504368089,2021-12-14T12:52:48.089,40.31,7.445676273886239,-3.336696996510259,10.769996322107971
1639504368099,2021-12-14T12:52:48.099,40.32,7.726561010231101,-3.774199264680912,11.372902899794456
1639504368109,2021-12-14T12:52:48.109,40.33,7.430638570086721,-4.251279955854663,11.578342608363688
1639504368119,2021-12-14T12:52:48.119,40.34,6.757483891109386,-4.72237429351955,11.557700851761957
1639504368129,2021-12-14T12:52:48.129,40.35,5.995821394222721,-5.131746615581082,11.53317207390394
1639504368139,2021-12-14T12:52:48.139,40.36,5.300605772236216,-5.478085645479848,11.461058372759991
1639504368149,2021-12-14T12:52:48.149,40.37,4.8025215333207605,-5.800823732824174,11.229093925011142
1639504368159,2021-12-14T12:52:48.159,40.38,4.611715153794153,-6.131831292014303,10.871059911302504
1639504368169,2021-12-14T12:52:48.169,40.39,4.684626856514362,-6.454402478226809,10.408905863324662
1639504368179,2021-12-14T12:52:48.179,40.4,4.956341707147403,-6.687137241266914,9.761633823046589
1639504368189,2021-12-14T12:52:48.189,40.41,5.516065775893846,-6.741388233251126,8.944128112681039
1639504368199,2021-12-14T12:52:48.199,40.42,6.389423569230917,-6.622019013220655,8.092095809481513
1639504368209,2021-12-14T12:52:48.209,40.43,7.346993346918881,-6.42658079496632,7.235350228249549
1639504368219,2021-12-14T12:52:48.219,40.44,8.187320769207568,-6.21680064445135,6.309569884294881
1639504368229,2021-12-14T12:52:48.229,40.45,8.96280891252593,-5.9539320434963425,5.370054872388412
1639504368239,2021-12-14T12:52:48.239,40.46,9.735952639214029,-5.586120261520739,4.523771218714605
1639504368249,2021-12-14T12:52:48.249,40.47,10.416781233980576,-5.110716263099577,3.722973527500434
1639504368259,2021-12-14T12:52:48.259,40.48,11.000661146702685,-4.521761787035038,2.8701182088430635
1639504368269,2021-12-14T12:52:48.269,40.49,11.670635632734452,-3.78076568167438,2.0007155135621555
1639504368279,2021-12-14T12:52:48.279,40.5,12.507362130160892,-2.8736189496476454,1.1614630308536724
1639504368289,2021-12-14T12:52:48.289,40.51,13.292661646962696,-1.8713922738172482,0.26684130995709887
1639504368299,2021-12-14T12:52:48.299,40.52,13.723503840692736,-0.9165415602522466,-0.7765508816710007
1639504368309,2021-12-14T12:52:48.309,40.53,13.740565173139974,-0.11259466317111991,-1.9370069282131577
1639504368319,2021-12-14T12:52:48.319,40.54,13.557318772327132,0.5551036741832249,-3.100559197484199
1639504368329,2021-12-14T12:52:48.329,40.55,13.329496120131457,1.1144974066312408,-4.166861857993115
1639504368339,2021-12-14T12:52:48.339,40.56,12.873065734438836,1.4941710843215072,-5.1665988491596675
1639504368349,2021-12-14T12:52:48.349,40.57,11.937012326726096,1.67857047188177,-6.306568585149421
1639504368359,2021-12-14T12:52:48.359,40.58,10.784123489540413,1.907464820645168,-7.716003304302326
1639504368369,2021-12-14T12:52:48.369,40.59,10.102177186723116,2.484403583458067,-9.16670546047612
1639504368379,2021-12-14T12:52:48.379,40.6,10.12990530964376,3.3842032303851632,-10.330672012780484
1639504368389,2021-12-14T12:52:48.389,40.61,10.29971730288752,4.263945575166945,-11.238616977937163
1639504368399,2021-12-14T12:52:48.399,40.62,10.018159313655449,4.87837912813512,-12.049366885469531
1639504368409,2021-12-14T12:52:48.409,40.63,9.369750086145133,5.282212462238277,-12.491927419028372
1639504368419,2021-12-14T12:52:48.419,40.64,8.794169759301768,5.585503214617102,-12.214360661737368
1639504368429,2021-12-14T12:52:48.429,40.65,8.436172011098265,5.699551889514467,-11.552436839317949
1639504368439,2021-12-14T12:52:48.439,40.66,7.9828908906006655,5.45732157058754,-10.884090152964207
1639504368449,2021-12-14T12:52:48.449,40.67,7.0358390716360795,4.9204655693086,-9.452737250562251
1639504368459,2021-12-14T12:52:48.459,40.68,5.851280903268945,4.35962031452514,-6.835909727264291
1639504368469,2021-12-14T12:52:48.469,40.69,5.491802490361913,3.843852094627905,-5.25482643498429
1639504368479,2021-12-14T12:52:48.479,40.7,6.3406425215157505,3.1722826014044117,-6.781816873796206
1639504368489,2021-12-14T12:52:48.489,40.71,6.9654763158970745,2.4098246580530964,-8.655688127340936
1639504368499,2021-12-14T12:52:48.499,40.72,6.153759026874274,1.8965235536666598,-6.768954335109683
1639504368509,2021-12-14T12:52:48.509,40.73,5.239503480960428,1.4595165601874616,-2.887931938659067
1639504368519,2021-12-14T12:52:48.519,40.74,6.009260332769667,0.5850667214425923,-2.008011252615464
1639504368529,2021-12-14T12:52:48.529,40.75,7.421994866944286,-0.40784113462460964,-4.655460999089789
1639504368539,2021-12-14T12:52:48.539,40.76,7.160982273475574,-0.6431481106816759,-7.981273846323392
1639504368549,2021-12-14T12:52:48.549,40.77,5.430785199239829,-0.1436229542247568,-11.107125757795204
1639504368559,2021-12-14T12:52:48.559,40.78,4.843134807443866,0.35072578648939506,-14.260342375529032
1639504368569,2021-12-14T12:52:48.569,40.79,7.2331198295318115,0.7340747066435308,-16.000186060025793
1639504368579,2021-12-14T12:52:48.579,40.8,12.071560274830217,1.400378550662429,-14.818276047801993
1639504368589,2021-12-14T12:52:48.589,40.81,17.352957287691478,2.1439439775613938,-11.339774744065158
1639504368599,2021-12-14T12:52:48.599,40.82,21.229807485228054,2.379778634729758,-7.330529887465657
1639504368609,2021-12-14T12:52:48.609,40.83,23.573025333762914,2.277931747937216,-3.678599313222672
1639504368619,2021-12-14T12:52:48.619,40.84,26.159917354126463,2.6838978878336572,-0.08745510606208023
1639504368629,2021-12-14T12:52:48.629,40.85,30.156594874776793,3.847920339339141,3.5307466547239974
1639504368639,2021-12-14T12:52:48.639,40.86,33.93934803311517,5.083058684837063,6.150064435431168
1639504368649,2021-12-14T12:52:48.649,40.87,35.3942376269564,5.855863032317403,6.932060692239307
1639504368659,2021-12-14T12:52:48.659,40.88,35.29325390465308,6.354351233259901,6.75533415034484
1639504368669,2021-12-14T12:52:48.669,40.89,35.63107599321507,6.703284654036233,7.093177103638684
1639504368679,2021-12-14T12:52:48.679,40.9,35.97035400349999,6.4614210459912504,8.043132159437972
1639504368689,2021-12-14T12:52:48.689,40.91,34.57903640403878,5.294762400862007,8.919904294525338
1639504368699,2021-12-14T12:52:48.699,40.92,31.914909973621988,3.558273625574631,9.95455741399191
1639504368709,2021-12-14T12:52:48.709,40.93,29.98728924077139,1.891957246561271,11.836131030571975
1639504368719,2021-12-14T12:52:48.719,40.94,29.12583081252445,0.6101003638723665,14.184362050446413
1639504368729,2021-12-14T12:52:48.729,40.95,27.735957571570225,-0.33306231235813855,15.818879913849951
1639504368739,2021-12-14T12:52:48.739,40.96,24.79420358180478,-1.0676275032719265,16.23961626163288
1639504368749,2021-12-14T12:52:48.749,40.97,20.865150456756375,-1.6750328926709541,15.909478495560627
1639504368759,2021-12-14T12:52:48.759,40.98,16.7773667757713,-2.1754059814310693,15.279793635462937
1639504368769,2021-12-14T12:52:48.769,40.99,12.624864870844878,-2.5370487734160463,14.333609630431463
1639504368779,2021-12-14T12:52:48.779,41.0,8.285313223480191,-2.7582697585656555,13.082184057620395
1639504368789,2021-12-14T12:52:48.789,41.01,3.9661342971977698,-2.9232846240713988,11.846817491236223
1639504368799,2021-12-14T12:52:48.799,41.02,-0.0901727646357584,-3.087934080289406,10.880907406199327
1639504368809,2021-12-14T12:52:48.809,41.03,-3.8448883996719845,-3.1579314341744564,10.127967153882368
1639504368819,2021-12-14T12:52:48.819,41.04,-7.213123851663417,-2.971977003063011,9.46706999728135
1639504368829,2021-12-14T12:52:48.829,41.05,-9.965419877356805,-2.4581948379355083,8.887371607839881
1639504368839,2021-12-14T12:52:48.839,41.06,-11.96478714595706,-1.6430362200823245,8.341276321448545
1639504368849,2021-12-14T12:52:48.849,41.07,-13.282199599216092,-0.5600159270238831,7.682843203366189
1639504368859,2021-12-14T12:52:48.859,41.08,-14.087124755329647,0.7775265115854713,6.852550337326637
1639504368869,2021-12-14T12:52:48.869,41.09,-14.568421974115378,2.317946439448042,5.947485460387958
1639504368879,2021-12-14T12:52:48.879,41.1,-14.906553677268743,3.9307762210628834,5.02782097897731
1639504368889,2021-12-14T12:52:48.889,41.11,-15.179277955205151,5.47119099008377,4.0024026804572
1639504368899,2021-12-14T12:52:48.899,41.12,-15.317930005711368,6.898709596434803,2.7803497608891883
1639504368909,2021-12-14T12:52:48.909,41.13,-15.245737077054162,8.279832897142155,1.3923340634838655
1639504368919,2021-12-14T12:52:48.919,41.14,-15.014763144764334,9.638886456469393,-0.11403825806439877
1639504368929,2021-12-14T12:52:48.929,41.15,-14.719962526136761,10.886733665600854,-1.7429991534868186
1639504368939,2021-12-14T12:52:48.939,41.16,-14.312083040291963,11.968875881429652,-3.414872020214051
1639504368949,2021-12-14T12:52:48.949,41.17,-13.620326816620056,12.97874506761665,-4.9171654556147
1639504368959,2021-12-14T12:52:48.959,41.18,-12.610842227614945,13.996803178734359,-6.1239719384199764
1639504368969,2021-12-14T12:52:48.969,41.19,-11.495456519583376,14.920592903499063,-7.14268127784756
1639504368979,2021-12-14T12:52:48.979,41.2,-10.482947401425278,15.611649620615438,-8.1373701363592
1639504368989,2021-12-14T12:52:48.989,41.21,-9.577955951574147,16.111991065241813,-9.151414550888525
1639504368999,2021-12-14T12:52:48.999,41.22,-8.736712989025378,16.563980096777236,-10.185963728026444
1639504369009,2021-12-14T12:52:49.009,41.23,-7.9896365998666,17.021655964115183,-11.258450647224507
1639504369019,2021-12-14T12:52:49.019,41.24,-7.318304584324009,17.460358039168018,-12.326142895951367
1639504369029,2021-12-14T12:52:49.029,41.25,-6.768145098921112,17.855461334235155,-13.412899088907237
1639504369039,2021-12-14T12:52:49.039,41.26,-6.704265097653646,18.191885131552464,-14.818774629903558
1639504369049,2021-12-14T12:52:49.049,41.27,-7.349990829273353,18.54104959801051,-16.77223583960485
1639504369059,2021-12-14T12:52:49.059,41.28,-8.071989584929433,19.0974044415102,-18.78948451334945
1639504369069,2021-12-14T12:52:49.069,41.29,-8.060646556843894,19.897393484471877,-19.958603733926317
1639504369079,2021-12-14T12:52:49.079,41.3,-7.828209530146895,20.57722201583212,-20.146169893282423
1639504369089,2021-12-14T12:52:49.089,41.31,-8.78146593300071,20.745961065027885,-20.310990810033935
1639504369099,2021-12-14T12:52:49.099,41.32,-10.983499754391056,20.502691362783654,-21.039238071556852
1639504369109,2021-12-14T12:52:49.109,41.33,-12.895528906088842,20.17704392456021,-21.282321025347407
1639504369119,2021-12-14T12:52:49.119,41.34,-13.994345175098001,19.692644638123788,-19.709646479159076
1639504369129,2021-12-14T12:52:49.129,41.35,-15.696381510071053,18.721215217907726,-17.248682017796025
1639504369139,2021-12-14T12:52:49.139,41.36,-18.3937354751524,17.40053413347301,-16.166959480622037
1639504369149,2021-12-14T12:52:49.149,41.37,-19.880335134832876,16.267385952678616,-15.88580979351406
1639504369159,2021-12-14T12:52:49.159,41.38,-19.040646806666285,15.406237115700149,-13.22626919641008
1639504369169,2021-12-14T12:52:49.169,41.39,-18.682696591102207,14.380848067156093,-8.487362112174644
1639504369179,2021-12-14T12:52:49.179,41.4,-21.182535498709193,13.249995336272349,-6.275079625382485
1639504369189,2021-12-14T12:52:49.189,41.41,-23.73480287130959,12.808511667264511,-8.246874284252732
1639504369199,2021-12-14T12:52:49.199,41.42,-22.740563067058922,13.305914164975263,-11.042469931095308
1639504369209,2021-12-14T12:52:49.209,41.43,-20.596810135671568,13.715249985623718,-12.84356805760525
1639504369219,2021-12-14T12:52:49.219,41.44,-22.26514083878879,12.9055811960436,-15.451301436347284
1639504369229,2021-12-14T12:52:49.229,41.45,-27.155415202995943,10.867408407723804,-19.01366513048349
1639504369239,2021-12-14T12:52:49.239,41.46,-30.632112359074444,8.218231642980047,-20.724823306577626
1639504369249,2021-12-14T12:52:49.249,41.47,-31.76421017159604,5.164755576889451,-19.411459032927596
1639504369259,2021-12-14T12:52:49.259,41.48,-33.61271772776338,1.5624361010624352,-16.88577585504264
1639504369269,2021-12-14T12:52:49.269,41.49,-37.17361241502151,-2.4646391939426957,-14.481260284920621
1639504369279,2021-12-14T12:52:49.279,41.5,-40.177339997342884,-6.505518541657043,-11.532149557158604
1639504369289,2021-12-14T12:52:49.289,41.51,-41.26650199966724,-10.258112801047677,-7.479821699707031
1639504369299,2021-12-14T12:52:49.299,41.52,-41.56244264458057,-13.642152316767838,-3.1780439740333666
1639504369309,2021-12-14T12:52:49.309,41.53,-42.203116306495915,-16.646639604172318,0.274048431053028
1639504369319,2021-12-14T12:52:49.319,41.54,-42.85438227281604,-19.231694264736188,2.648002288309574
1639504369329,2021-12-14T12:52:49.329,41.55,-42.793481190089175,-21.321359443425933,4.2409539188351495
1639504369339,2021-12-14T12:52:49.339,41.56,-41.80616145741488,-22.844018901477767,5.266721568409422
1639504369349,2021-12-14T12:52:49.349,41.57,-39.76793301912029,-23.81265732920182,5.86958572327454
1639504369359,2021-12-14T12:52:49.359,41.58,-36.4264607052599,-24.330477668156693,6.288134137282267
1639504369369,2021-12-14T12:52:49.369,41.59,-31.793130665308112,-24.500257429424554,6.871675122076335
1639504369379,2021-12-14T12:52:49.379,41.6,-26.16784902750372,-24.438253187485728,8.034961703934414
1639504369389,2021-12-14T12:52:49.389,41.61,-19.975708321886795,-24.384467410112507,9.931563370288298
1639504369399,2021-12-14T12:52:49.399,41.62,-13.852257426077788,-24.59558628319744,12.144801066530661
1639504369409,2021-12-14T12:52:49.409,41.63,-8.212608757442814,-25.04747016811234,14.169651270655224
1639504369419,2021-12-14T12:52:49.419,41.64,-2.5798337635041806,-25.399877063224586,16.10512169009176
1639504369429,2021-12-14T12:52:49.429,41.65,3.8073019375811255,-25.325813735675762,18.321062202130726
1639504369439,2021-12-14T12:52:49.439,41.66,10.75406421043284,-24.79418719968407,20.678073880450853
1639504369449,2021-12-14T12:52:49.449,41.67,17.248063967450683,-24.044312781350133,22.633694984834513
1639504369459,2021-12-14T12:52:49.459,41.68,22.531980231698,-23.38186619275789,23.863245118330738
1639504369469,2021-12-14T12:52:49.469,41.69,26.384907830846995,-22.997078256504615,24.35616560209664
1639504369479,2021-12-14T12:52:49.479,41.7,28.780659441353826,-22.9132780407353,24.14779647052117
1639504369489,2021-12-14T12:52:49.489,41.71,29.871271590548588,-23.06405336675027,23.277216058149477
1639504369499,2021-12-14T12:52:49.499,41.72,30.066010061985306,-23.364932505607246,21.89306547305319
1639504369509,2021-12-14T12:52:49.509,41.73,29.800818423567065,-23.697681861712702,20.22119505865725
1639504369519,2021-12-14T12:52:49.519,41.74,29.342552008155494,-23.92488906469909,18.443643850298223
1639504369529,2021-12-14T12:52:49.529,41.75,28.829449816666397,-24.005431589921205,16.658550880743498
1639504369539,2021-12-14T12:52:49.539,41.76,28.275524215757436,-24.05027125757613,14.921917056956659
1639504369549,2021-12-14T12:52:49.549,41.77,27.53043475670314,-24.20630580305606,13.262987296455627
1639504369559,2021-12-14T12:52:49.559,41.78,26.456244429026697,-24.511675608376965,11.679493607588583
1639504369569,2021-12-14T12:52:49.569,41.79,25.17735455094637,-24.881120472919605,10.203723216315403
1639504369579,2021-12-14T12:52:49.579,41.8,23.959493792969155,-25.198767795341503,8.94213154821667
1639504369589,2021-12-14T12:52:49.589,41.81,22.790711936619054,-25.425613926517592,7.944521988670493
1639504369599,2021-12-14T12:52:49.599,41.82,21.339603773223786,-25.63615477143977,7.118054644013839
1639504369609,2021-12-14T12:52:49.609,41.83,19.482102529122372,-25.919621374468598,6.405332952311004
1639504369619,2021-12-14T12:52:49.619,41.84,17.568414084750728,-26.23826741048622,5.904181410917774
1639504369629,2021-12-14T12:52:49.629,41.85,15.906187046733525,-26.46423704592226,5.66784749275026
1639504369639,2021-12-14T12:52:49.639,41.86,14.302232629193682,-26.586497381486517,5.593205344204604
1639504369649,2021-12-14T12:52:49.649,41.87,12.452962586104777,-26.769212923776003,5.655937902691546
1639504369659,2021-12-14T12:52:49.659,41.88,10.450578865038388,-27.152568022170037,6.005534080402278
1639504369669,2021-12-14T12:52:49.669,41.89,8.506196652481707,-27.714953949486315,6.639950433189123
1639504369679,2021-12-14T12:52:49.679,41.9,6.531260212725536,-28.354489669140328,7.207145998836443
1639504369689,2021-12-14T12:52:49.689,41.91,4.51538678600953,-28.924035264181693,7.329567056277792
1639504369699,2021-12-14T12:52:49.699,41.92,3.031356324200907,-29.14364442846348,6.935387513056514
1639504369709,2021-12-14T12:52:49.709,41.93,2.738936882520904,-28.707740231549412,6.061317620533025
1639504369719,2021-12-14T12:52:49.719,41.94,3.504533009739535,-27.607531526597995,4.540809614852504
1639504369729,2021-12-14T12:52:49.729,41.95,4.553618613829005,-26.185039355450574,2.1857717217508714
1639504369739,2021-12-14T12:52:49.739,41.96,5.428467309790989,-24.743359860784956,-0.8444895365220457
1639504369749,2021-12-14T12:52:49.749,41.97,6.328502488690077,-23.25805898531853,-4.112606426252281
1639504369759,2021-12-14T12:52:49.759,41.98,7.501331756842326,-21.607972584848547,-7.264195100886981
1639504369769,2021-12-14T12:52:49.769,41.99,8.741689478986668,-19.89937241888397,-10.125526282063106
1639504369779,2021-12-14T12:52:49.779,42.0,9.750703418881328,-18.33554803899385,-12.481722249637041
1639504369789,2021-12-14T12:52:49.789,42.01,10.695553023766236,-16.903115860301632,-13.967682593179868
1639504369799,2021-12-14T12:52:49.799,42.02,11.851994579552946,-15.493941331459183,-14.396001738135123
1639504369809,2021-12-14T12:52:49.809,42.03,12.702716398660128,-14.332288553771448,-14.225875763506142
1639504369819,2021-12-14T12:52:49.819,42.04,12.28027497022918,-13.837602250694196,-14.294801813425345
1639504369829,2021-12-14T12:52:49.829,42.05,10.98132850201567,-13.73664202293527,-14.642768336795617
1639504369839,2021-12-14T12:52:49.839,42.06,10.905163475815296,-12.94594339042304,-14.132383799283819
1639504369849,2021-12-14T12:52:49.849,42.07,12.840917827754101,-11.276266431039417,-12.205980892045432
1639504369859,2021-12-14T12:52:49.859,42.08,14.069335914440286,-10.41954724476155,-10.505165936783392
1639504369869,2021-12-14T12:52:49.869,42.09,11.967568016905545,-11.461440994758815,-11.123767486663668
1639504369879,2021-12-14T12:52:49.879,42.1,9.120935084855645,-12.395091884388805,-13.173941955705331
1639504369889,2021-12-14T12:52:49.889,42.11,10.705025691926064,-10.751615795805794,-13.326584509421572
1639504369899,2021-12-14T12:52:49.899,42.12,16.139255919736584,-7.710248597001961,-11.263109589122433
1639504369909,2021-12-14T12:52:49.909,42.13,18.59820680968535,-6.367124575587605,-11.462935668829292
1639504369919,2021-12-14T12:52:49.919,42.14,15.452749977978996,-6.794624777868686,-15.714724300949936
1639504369929,2021-12-14T12:52:49.929,42.15,13.107702889404358,-6.283143766352074,-18.00987937477289
1639504369939,2021-12-14T12:52:49.939,42.16,16.75295203865303,-3.965445238397077,-13.049209933965308
1639504369949,2021-12-14T12:52:49.949,42.17,21.895469507609935,-1.9001469842029757,-4.866564235637167
1639504369959,2021-12-14T12:52:49.959,42.18,22.517629446164435,-1.55195873781615,0.07892283276837575
1639504369969,2021-12-14T12:52:49.969,42.19,21.0883298143755,-1.9541530531900262,2.717015778081073
1639504369979,2021-12-14T12:52:49.979,42.2,22.806931245595383,-1.8311119041601853,7.23317740035518
1639504369989,2021-12-14T12:52:49.989,42.21,25.73000426909511,-1.435949010901612,12.662708437250764
1639504369999,2021-12-14T12:52:49.999,42.22,24.642812931617307,-1.483251390914777,15.227495721718872
1639504370009,2021-12-14T12:52:50.009,42.23,20.16575187906288,-1.733348916612064,14.986333546046179
1639504370019,2021-12-14T12:52:50.019,42.24,16.686100041220065,-1.629775066674982,14.75964303400282
1639504370029,2021-12-14T12:52:50.029,42.25,14.583051579590965,-1.4599886170712004,15.055624441379345
1639504370039,2021-12-14T12:52:50.039,42.26,10.808654720118229,-1.9245230445523869,14.267122181594457
1639504370049,2021-12-14T12:52:50.049,42.27,5.182805687233216,-3.036515807514082,12.438769104996002
1639504370059,2021-12-14T12:52:50.059,42.28,0.8362233610664609,-4.235464117813562,11.4751626695786
1639504370069,2021-12-14T12:52:50.069,42.29,-0.9280325587949183,-5.268718472750838,12.071026505197844
1639504370079,2021-12-14T12:52:50.079,42.3,-2.042156862250579,-6.295721928915331,12.966835530759525
1639504370089,2021-12-14T12:52:50.089,42.31,-3.9004862380601804,-7.3471663701778445,13.242107101630761
1639504370099,2021-12-14T12:52:50.099,42.32,-5.624097447683712,-8.252746502952434,13.325625972494684
1639504370109,2021-12-14T12:52:50.109,42.33,-6.549592244721899,-8.991697306640368,13.568290845489905
1639504370119,2021-12-14T12:52:50.119,42.34,-7.533905933706059,-9.687623737744037,13.565759701030307
1639504370129,2021-12-14T12:52:50.129,42.35,-9.082713307468143,-10.315166942562485,13.224698361616841
1639504370139,2021-12-14T12:52:50.139,42.36,-10.46772265921419,-10.705039199466004,13.10228469290778
1639504370149,2021-12-14T12:52:50.149,42.37,-11.325535699308041,-10.771381164967949,13.334677079398194
1639504370159,2021-12-14T12:52:50.159,42.38,-12.338471751373554,-10.51785483094633,13.278799891800677
1639504370169,2021-12-14T12:52:50.169,42.39,-13.820209142714738,-9.894302635875434,12.48133254559024
1639504370179,2021-12-14T12:52:50.179,42.4,-15.045888883165889,-8.819214762181499,11.177628461060506
1639504370189,2021-12-14T12:52:50.189,42.41,-15.480810233083703,-7.320077157496806,9.639922146656058
1639504370199,2021-12-14T12:52:50.199,42.42,-15.63129291832936,-5.570973878079923,7.740353002381979
1639504370209,2021-12-14T12:52:50.209,42.43,-16.19382014365586,-3.7770373620136013,5.411067375130891
1639504370219,2021-12-14T12:52:50.219,42.44,-17.068267412480555,-2.021236004346811,3.0302279481216807
1639504370229,2021-12-14T12:52:50.229,42.45,-17.68388941427645,-0.2585944010394597,1.0604986268080887
1639504370239,2021-12-14T12:52:50.239,42.46,-17.885330697710522,1.515198345764785,-0.4289005633487654
1639504370249,2021-12-14T12:52:50.249,42.47,-18.022864481624527,3.1833765680735167,-1.660201151284141
1639504370259,2021-12-14T12:52:50.259,42.48,-18.276330624428965,4.669592045524931,-2.7338656726418025
1639504370269,2021-12-14T12:52:50.269,42.49,-18.29716676712691,6.06932273037968,-3.5263790255846694
1639504370279,2021-12-14T12:52:50.279,42.5,-17.66412882427759,7.511774510298328,-3.938052945792472
1639504370289,2021-12-14T12:52:50.289,42.51,-16.451426284705875,8.966396530326428,-4.081509279550117
1639504370299,2021-12-14T12:52:50.299,42.52,-15.141362886249658,10.262869375364705,-4.22463912801466
1639504370309,2021-12-14T12:52:50.309,42.53,-14.09969454933918,11.26182160178725,-4.623445871662356
1639504370319,2021-12-14T12:52:50.319,42.54,-13.268982273845804,12.007311566423411,-5.373605685543389
1639504370329,2021-12-14T12:52:50.329,42.55,-12.263988120745697,12.744158191147749,-6.341367669861977
1639504370339,2021-12-14T12:52:50.339,42.56,-10.699335153002627,13.72403206201281,-7.259914137525357
1639504370349,2021-12-14T12:52:50.349,42.57,-8.552545051322388,14.975197549066396,-7.960821807542821
1639504370359,2021-12-14T12:52:50.359,42.58,-6.236697636622153,16.342661641092363,-8.489076732539184
1639504370369,2021-12-14T12:52:50.369,42.59,-4.198001516953693,17.709161403758245,-8.96706334488414
1639504370379,2021-12-14T12:52:50.379,42.6,-2.539109870638957,19.032138847244504,-9.508272344677007
1639504370389,2021-12-14T12:52:50.389,42.61,-1.2845638853558299,20.223164377892516,-10.408776746702738
1639504370399,2021-12-14T12:52:50.399,42.62,-0.746453107302814,21.22068811012968,-12.110217080830669
1639504370409,2021-12-14T12:52:50.409,42.63,-0.9876047463625979,22.19044970903253,-14.504924858627344
1639504370419,2021-12-14T12:52:50.419,42.64,-1.2023626326570604,23.361441166841928,-16.536506101474355
1639504370429,2021-12-14T12:52:50.429,42.65,-0.7422303448297995,24.5388974034447,-17.226906059839166
1639504370439,2021-12-14T12:52:50.439,42.66,-0.5753346890457907,25.10830035695119,-16.94927016384823
1639504370449,2021-12-14T12:52:50.449,42.67,-2.117179974568404,24.793107924497676,-16.730170417523873
1639504370459,2021-12-14T12:52:50.459,42.68,-4.62583826941851,24.092232349638394,-16.40835787392481
1639504370469,2021-12-14T12:52:50.469,42.69,-5.8855669230603205,23.582887728289194,-14.794959695199545
1639504370479,2021-12-14T12:52:50.479,42.7,-5.659566963637407,23.125198738104086,-11.614818881946825
1639504370489,2021-12-14T12:52:50.489,42.71,-5.7881965098093655,22.2617969776896,-7.529692951550151
1639504370499,2021-12-14T12:52:50.499,42.72,-6.605661634144173,21.038711179622982,-2.357377676312662
1639504370509,2021-12-14T12:52:50.509,42.73,-6.750051666146359,19.851442468013488,4.08055430562412
1639504370519,2021-12-14T12:52:50.519,42.74,-6.819116856453391,18.939027564534896,9.318929900111005
1639504370529,2021-12-14T12:52:50.529,42.75,-8.73179645214529,18.6287279397695,10.074808652404913
1639504370539,2021-12-14T12:52:50.539,42.76,-11.276658599269192,19.424421590122506,7.068970267357436
1639504370549,2021-12-14T12:52:50.549,42.77,-11.643550300165217,21.20849308658571,4.08855118260234
1639504370559,2021-12-14T12:52:50.559,42.78,-10.96074142521606,23.112904078014267,2.377350137625269
1639504370569,2021-12-14T12:52:50.569,42.79,-12.353559104147909,24.65782720795014,0.35856765335827145
1639504370579,2021-12-14T12:52:50.579,42.8,-15.035597140448283,26.063587139051613,-1.8886916298881675
1639504370589,2021-12-14T12:52:50.589,42.81,-16.594135027707132,27.153235511080567,-2.721772144131555
1639504370599,2021-12-14T12:52:50.599,42.82,-18.45109900203668,27.15823366178051,-2.463249246486923
1639504370609,2021-12-14T12:52:50.609,42.83,-22.86719574262881,25.923868759595422,-2.44346014972005
1639504370619,2021-12-14T12:52:50.619,42.84,-27.8388721088797,24.15939974846109,-1.8723187374683254
1639504370629,2021-12-14T12:52:50.629,42.85,-30.504327928717917,22.256518618740657,0.6329323241753897
1639504370639,2021-12-14T12:52:50.639,42.86,-32.189362551618466,19.888554128646284,3.9283954895755424
1639504370649,2021-12-14T12:52:50.649,42.87,-35.427791380503194,16.979694070373547,5.770392897579639
1639504370659,2021-12-14T12:52:50.659,42.88,-39.013442414812076,14.193007668134186,5.979024106562257
1639504370669,2021-12-14T12:52:50.669,42.89,-39.81493606592028,12.161706488483787,5.88804577008227
1639504370679,2021-12-14T12:52:50.679,42.9,-37.34269008668525,10.815487682257647,5.822678939832427
1639504370689,2021-12-14T12:52:50.689,42.91,-33.59293628600713,9.783338268394871,5.060849128299652
1639504370699,2021-12-14T12:52:50.699,42.92,-29.640161832206143,9.05450653424697,3.720486313593761
1639504370709,2021-12-14T12:52:50.709,42.93,-24.811379065552444,8.785533884471112,3.0754906135483244
1639504370719,2021-12-14T12:52:50.719,42.94,-18.993174770601627,8.693198132424923,3.813530864553769
1639504370729,2021-12-14T12:52:50.729,42.95,-13.603234649427666,8.260294470367478,5.106196281668457
1639504370739,2021-12-14T12:52:50.739,42.96,-9.417938508325879,7.534592539114153,5.988474098171034
1639504370749,2021-12-14T12:52:50.749,42.97,-5.141540937301893,7.130959465349582,6.749804866694564
1639504370759,2021-12-14T12:52:50.759,42.98,0.4623037644921829,7.356489606240801,8.12310099565241
1639504370769,2021-12-14T12:52:50.769,42.99,6.403384555771692,7.84069614115819,9.879803571469427
1639504370779,2021-12-14T12:52:50.779,43.0,10.92111490419221,8.142000450847044,11.200268755932084
1639504370789,2021-12-14T12:52:50.789,43.01,13.904531670339004,8.296856646409848,11.892593924011756
1639504370799,2021-12-14T12:52:50.799,43.02,16.47167868456066,8.603726371389158,12.381328897595552
1639504370809,2021-12-14T12:52:50.809,43.03,19.11021312378678,9.162955398183215,12.825666832708645
1639504370819,2021-12-14T12:52:50.819,43.04,21.435270199882094,9.841633611905367,12.959985593994453
1639504370829,2021-12-14T12:52:50.829,43.05,23.15913964482334,10.532846639002654,12.68802733268771
1639504370839,2021-12-14T12:52:50.839,43.06,24.369153263482275,11.230528813811272,12.288116367618933
1639504370849,2021-12-14T12:52:50.849,43.07,25.109484560836492,11.883878505884777,11.963580603226408
1639504370859,2021-12-14T12:52:50.859,43.08,25.281346984460704,12.369993488673604,11.561954092229051
1639504370869,2021-12-14T12:52:50.869,43.09,24.936772273472087,12.672459740988604,10.87543627729315
1639504370879,2021-12-14T12:52:50.879,43.1,24.34283543280399,12.933300371961304,9.938099228615677
1639504370889,2021-12-14T12:52:50.889,43.11,23.650838408197004,13.218995384549313,8.855310925379037
1639504370899,2021-12-14T12:52:50.899,43.12,22.70891698115521,13.385194294754488,7.5961115504172785
1639504370909,2021-12-14T12:52:50.909,43.13,21.382346715370957,13.292567287886612,6.20773578420215
1639504370919,2021-12-14T12:52:50.919,43.14,19.861862680620852,12.97928533157686,5.0511806579105745
1639504370929,2021-12-14T12:52:50.929,43.15,18.393141635877292,12.500404131534935,4.520171802073772
1639504370939,2021-12-14T12:52:50.939,43.16,16.89636892757939,11.787833955679375,4.598918081847327
1639504370949,2021-12-14T12:52:50.949,43.17,15.165399207572378,10.798867412329159,4.924685291873256
1639504370959,2021-12-14T12:52:50.959,43.18,13.272783926886667,9.66751591369568,5.190173519491214
1639504370969,2021-12-14T12:52:50.969,43.19,11.462767600072873,8.607004613013647,5.250269118701358
1639504370979,2021-12-14T12:52:50.979,43.2,9.774275304413344,7.72130977717889,4.920378233841478
1639504370989,2021-12-14T12:52:50.989,43.21,8.047459326440027,6.947756033577155,3.9551359691876744
1639504370999,2021-12-14T12:52:50.999,43.22,6.21493113079868,6.159284234198281,2.2829549912163847
1639504371009,2021-12-14T12:52:51.009,43.23,4.380733865667376,5.323923184359304,0.10550122134638801
1639504371019,2021-12-14T12:52:51.019,43.24,2.6858849727943466,4.551784597734172,-2.261334173586965
1639504371029,2021-12-14T12:52:51.029,43.25,1.2498240779979706,3.950663484964136,-4.525524707415116
1639504371039,2021-12-14T12:52:51.039,43.26,0.16780404666104393,3.4755481675484363,-6.441242192183054
1639504371049,2021-12-14T12:52:51.049,43.27,-0.579528256416262,2.9910727285496854,-7.893745731106758
1639504371059,2021-12-14T12:52:51.059,43.28,-1.1010473994434018,2.4695544445234194,-8.992273865361506
1639504371069,2021-12-14T12:52:51.069,43.29,-1.2695403295628174,2.082994602104749,-9.925886239529907
1639504371079,2021-12-14T12:52:51.079,43.3,-0.5993737242731114,2.063705165499097,-10.684394336851943
1639504371089,2021-12-14T12:52:51.089,43.31,1.1382853526063963,2.405334139654609,-11.062522850974995
1639504371099,2021-12-14T12:52:51.099,43.32,3.2417428964752717,2.727925735541966,-11.10702928320375
1639504371109,2021-12-14T12:52:51.109,43.33,4.5761128894663345,2.6363865125144192,-11.445286995373273
1639504371119,2021-12-14T12:52:51.119,43.34,4.939116002453815,2.2163784446499224,-12.516971076204147
1639504371129,2021-12-14T12:52:51.129,43.35,5.238512806186298,1.787518769021547,-13.262481010147692
1639504371139,2021-12-14T12:52:51.139,43.36,5.707199750761716,1.1075810527835181,-12.106911688730333
1639504371149,2021-12-14T12:52:51.149,43.37,4.99670320541795,-0.4464388494621343,-10.232544731606826
1639504371159,2021-12-14T12:52:51.159,43.38,2.431093347153234,-2.6412759109059896,-11.0658699042225
1639504371169,2021-12-14T12:52:51.169,43.39,-0.017331455188553835,-4.32480672239781,-14.29875430989376
1639504371179,2021-12-14T12:52:51.179,43.4,0.2040104186399062,-4.910500198628918,-14.745047913788696
1639504371189,2021-12-14T12:52:51.189,43.41,2.9537730814374457,-4.782591544869857,-10.939535793470828
1639504371199,2021-12-14T12:52:51.199,43.42,5.140682774659609,-4.277264495323928,-9.243109945708241
1639504371209,2021-12-14T12:52:51.209,43.43,3.971765554006102,-3.4950687027848555,-13.953583081760701
1639504371219,2021-12-14T12:52:51.219,43.44,1.2058181122298919,-2.6107785284230705,-19.463420582804538
1639504371229,2021-12-14T12:52:51.229,43.45,1.7361285866175633,-1.5480893193592755,-18.91656794151889
1639504371239,2021-12-14T12:52:51.239,43.46,5.41036313017515,-0.2867387032579425,-14.93895340802571
1639504371249,2021-12-14T12:52:51.249,43.47,6.087661883382196,0.5729913726515601,-14.352521728472574
1639504371259,2021-12-14T12:52:51.259,43.48,2.727812237652903,0.745342644997721,-16.773507061709594
1639504371269,2021-12-14T12:52:51.269,43.49,2.483440404186556,0.9242410584283884,-16.28632888384859
1639504371279,2021-12-14T12:52:51.279,43.5,8.359417133977761,1.517614801812784,-11.747598578538613
1639504371289,2021-12-14T12:52:51.289,43.51,14.14686524249792,2.0044587161744953,-7.922690297881068
1639504371299,2021-12-14T12:52:51.299,43.52,15.637375977167245,2.1999273035207545,-7.298646292038551
1639504371309,2021-12-14T12:52:51.309,43.53,16.825480292043316,2.7810512389546873,-7.230207446433061
1639504371319,2021-12-14T12:52:51.319,43.54,21.518952027623783,4.0905910744353555,-5.439858521791087
1639504371329,2021-12-14T12:52:51.329,43.55,27.25162542615778,5.530977023464425,-3.153393900935044
1639504371339,2021-12-14T12:52:51.339,43.56,30.575226800346908,6.464424966877862,-1.8108204864471924
1639504371349,2021-12-14T12:52:51.349,43.57,32.14559248262585,6.882506062523431,-0.4154993295912336
1639504371359,2021-12-14T12:52:51.359,43.58,33.82069538846363,6.925220439640809,2.4656579565376417
1639504371369,2021-12-14T12:52:51.369,43.59,34.77411304731546,6.395639883323604,6.28718279752167
1639504371379,2021-12-14T12:52:51.379,43.6,33.07286153396077,5.133730729593858,9.434423909222717
1639504371389,2021-12-14T12:52:51.389,43.61,29.055672379749723,3.493959022886528,11.409011734843059
1639504371399,2021-12-14T12:52:51.399,43.62,24.90369310763899,2.047492489804257,12.923454458208763
1639504371409,2021-12-14T12:52:51.409,43.63,21.62655141843197,0.957382894368507,14.318612833799216
1639504371419,2021-12-14T12:52:51.419,43.64,18.396289553623422,-0.04086777427870324,15.051216399224636
1639504371429,2021-12-14T12:52:51.429,43.65,14.681860471583562,-1.1373354680562655,14.742378169648383
1639504371439,2021-12-14T12:52:51.439,43.66,11.236051603836248,-2.2217766534128462,13.752636826008231
1639504371449,2021-12-14T12:52:51.449,43.67,8.773877363153726,-3.1116879970723836,12.53280901453632
1639504371459,2021-12-14T12:52:51.459,43.68,7.138859694469915,-3.7380419649657544,11.166610247853228
1639504371469,2021-12-14T12:52:51.469,43.69,6.038731441276601,-4.076351430230022,9.754501883977113
1639504371479,2021-12-14T12:52:51.479,43.7,5.542555350968128,-4.057944307915342,8.665302395432981
1639504371489,2021-12-14T12:52:51.489,43.71,5.628597207360205,-3.6098665311786498,8.160424339582505
1639504371499,2021-12-14T12:52:51.499,43.72,5.885055668019804,-2.750390767836553,8.048597872142679
1639504371509,2021-12-14T12:52:51.509,43.73,5.815892603946901,-1.6060074265540452,7.859567559197189
1639504371519,2021-12-14T12:52:51.519,43.74,5.2037882096600345,-0.27625307138441585,7.263617320056889
1639504371529,2021-12-14T12:52:51.529,43.75,4.192685569703726,1.2996185584791777,6.256903618966324
1639504371539,2021-12-14T12:52:51.539,43.76,3.115346392750749,3.2343714628640976,4.987374230383741
1639504371549,2021-12-14T12:52:51.549,43.77,2.1888284332021612,5.472798099044287,3.5476794148692488
1639504371559,2021-12-14T12:52:51.559,43.78,1.3815129257306873,7.8251533043188335,2.046330360875477
1639504371569,2021-12-14T12:52:51.569,43.79,0.6394946340750676,10.183480526809802,0.7806146359505497
1639504371579,2021-12-14T12:52:51.579,43.8,0.09243953561053322,12.515726151113252,0.13542382011663878
1639504371589,2021-12-14T12:52:51.589,43.81,-0.18483409496962247,14.695638140762561,0.24331185136890437
1639504371599,2021-12-14T12:52:51.599,43.82,-0.4318067684699358,16.58694500214793,0.848479450439042
1639504371609,2021-12-14T12:52:51.609,43.83,-0.8602437395377309,18.29123239653454,1.5832121855511463
1639504371619,2021-12-14T12:52:51.619,43.84,-1.2474263347390102,20.078048469027593,2.2530265305598363
1639504371629,2021-12-14T12:52:51.629,43.85,-1.354619588277067,22.034812426329868,2.7082754644670626
1639504371639,2021-12-14T12:52:51.639,43.86,-1.5770616840901173,23.9647066840106,2.583316324451831
1639504371649,2021-12-14T12:52:51.649,43.87,-2.613013286111086,25.677389506874984,1.4398397354185892
1639504371659,2021-12-14T12:52:51.659,43.88,-4.565587383267855,27.22702042539512,-0.820446513984051
1639504371669,2021-12-14T12:52:51.669,43.89,-6.90110761676078,28.779765969675566,-3.8862442833001225
1639504371679,2021-12-14T12:52:51.679,43.9,-9.234683231461965,30.382013414394994,-7.374638050461533
1639504371689,2021-12-14T12:52:51.689,43.91,-11.580142865861148,31.982012502951648,-10.9765647915472
1639504371699,2021-12-14T12:52:51.699,43.92,-13.863910890447588,33.536029877200555,-14.27728879159411
1639504371709,2021-12-14T12:52:51.709,43.93,-15.949429336045641,34.910620805893274,-16.93918453246026
1639504371719,2021-12-14T12:52:51.719,43.94,-18.244648563984818,35.86324308732559,-19.26615120586199
1639504371729,2021-12-14T12:52:51.729,43.95,-21.247265333871432,36.445358657165954,-21.850179231492213
1639504371739,2021-12-14T12:52:51.739,43.96,-23.892711726626843,37.25192783962138,-24.003448630303915
1639504371749,2021-12-14T12:52:51.749,43.97,-23.663449684433196,38.70507320383466,-23.474581724789807
1639504371759,2021-12-14T12:52:51.759,43.98,-20.27082170333653,40.05773343810945,-19.41310592353672
1639504371769,2021-12-14T12:52:51.769,43.99,-18.392891072693942,39.84121656412039,-15.160331946181671
1639504371779,2021-12-14T12:52:51.779,44.0,-23.05978266208673,37.69245402543054,-15.345429410277283
1639504371789,2021-12-14T12:52:51.789,44.01,-31.716450501302262,35.067927835468005,-19.603502997060048
1639504371799,2021-12-14T12:52:51.799,44.02,-35.805406667630194,33.487335796673854,-22.392413033987697
1639504371809,2021-12-14T12:52:51.809,44.03,-32.444927029422985,32.56722058990206,-20.381525898171763
1639504371819,2021-12-14T12:52:51.819,44.04,-29.05047894542157,30.600758510936686,-16.395391221026646
1639504371829,2021-12-14T12:52:51.829,44.05,-32.772408558703155,26.82209453513216,-14.231056945582333
1639504371839,2021-12-14T12:52:51.839,44.06,-40.70305034935541,22.23992776254692,-13.68108857724885
1639504371849,2021-12-14T12:52:51.849,44.07,-45.33074836074217,18.169083731385875,-12.93370946658129
1639504371859,2021-12-14T12:52:51.859,44.08,-45.359600140264135,14.717033888463215,-11.844806577545521
1639504371869,2021-12-14T12:52:51.869,44.09,-45.56522344251608,11.180878325932262,-10.82586212787664
1639504371879,2021-12-14T12:52:51.879,44.1,-48.33355276223389,7.453573268265814,-9.91766326122971
1639504371889,2021-12-14T12:52:51.889,44.11,-50.72243587847123,4.300845234014086,-9.824325383194195
1639504371899,2021-12-14T12:52:51.899,44.12,-49.64125996545421,2.2967808654170003,-11.280302421851477
1639504371909,2021-12-14T12:52:51.909,44.13,-45.78029758165442,1.1670825496433346,-13.692776722262593
1639504371919,2021-12-14T12:52:51.919,44.14,-41.35547845756042,0.34800200793843955,-15.871515057706505
1639504371929,2021-12-14T12:52:51.929,44.15,-36.808454902011164,-0.375393879024137,-17.13459298629473
1639504371939,2021-12-14T12:52:51.939,44.16,-31.386117244117024,-0.9960373035893332,-17.209332860897675
1639504371949,2021-12-14T12:52:51.949,44.17,-25.18207341827644,-1.5477719962330767,-16.09014534871373
1639504371959,2021-12-14T12:52:51.959,44.18,-18.863363961585236,-2.0011453236597228,-14.11734858164904
1639504371969,2021-12-14T12:52:51.969,44.19,-12.413171117927341,-2.2335352969728834,-11.701961461014841
1639504371979,2021-12-14T12:52:51.979,44.2,-5.589481987144881,-2.2657026323429648,-9.145129388176288
1639504371989,2021-12-14T12:52:51.989,44.21,0.9795145147535289,-2.331557503568352,-6.8733347083104706
1639504371999,2021-12-14T12:52:51.999,44.22,6.265249608237736,-2.6373869231159084,-5.496516674169699
1639504372009,2021-12-14T12:52:52.009,44.23,10.086020393737348,-3.153208826896338,-5.397862037423423
1639504372019,2021-12-14T12:52:52.019,44.24,13.056430763086176,-3.7132651683620574,-6.41477195882571
1639504372029,2021-12-14T12:52:52.029,44.25,15.413632061063485,-4.320463226194729,-8.08844160890054
1639504372039,2021-12-14T12:52:52.039,44.26,16.652223810497013,-5.2308996225098205,-10.101650893874933
1639504372049,2021-12-14T12:52:52.049,44.27,16.48463688451307,-6.638618886551855,-12.252009804681496
1639504372059,2021-12-14T12:52:52.059,44.28,15.48569762049329,-8.438002894497464,-14.117350963821963
1639504372069,2021-12-14T12:52:52.069,44.29,14.39656856944959,-10.456455763385314,-15.118442112644239
1639504372079,2021-12-14T12:52:52.079,44.3,13.334234808168349,-12.740781666468656,-14.96245185116812
1639504372089,2021-12-14T12:52:52.089,44.31,12.133356362504074,-15.419195145085874,-13.763307475715227
1639504372099,2021-12-14T12:52:52.099,44.32,10.963502003645376,-18.428313472531762,-11.769070074643345
1639504372109,2021-12-14T12:52:52.109,44.33,10.113959181327505,-21.575241924897536,-9.289592924818907
1639504372119,2021-12-14T12:52:52.119,44.34,9.56844968815565,-24.791409942946697,-6.821636321203481
1639504372129,2021-12-14T12:52:52.129,44.35,9.164557470526589,-28.169523972216076,-4.885190187755359
1639504372139,2021-12-14T12:52:52.139,44.36,8.78714316241446,-31.795719131231195,-3.7215702266119166
1639504372149,2021-12-14T12:52:52.149,44.37,8.238861182639432,-35.65493514052011,-3.2585664609316742
1639504372159,2021-12-14T12:52:52.159,44.38,7.417423411094655,-39.660472412432526,-3.155745908529003
1639504372169,2021-12-14T12:52:52.169,44.39,6.6206428835842805,-43.72586757152658,-2.8379190216380676
1639504372179,2021-12-14T12:52:52.179,44.4,6.104260835695433,-47.84729960607304,-1.8518453976457594
1639504372189,2021-12-14T12:52:52.189,44.41,5.599737545206733,-52.057493915459695,-0.23158530155194007
1639504372199,2021-12-14T12:52:52.199,44.42,4.938314909027643,-56.2308394589076,1.7897530631201606
1639504372209,2021-12-14T12:52:52.209,44.43,4.592407440769399,-60.10680880805229,4.228987449628098
1639504372219,2021-12-14T12:52:52.219,44.44,4.847159342612267,-63.623523965420844,7.103754594303735
1639504372229,2021-12-14T12:52:52.229,44.45,5.201396825216015,-66.99731995853001,9.987555262185387
1639504372239,2021-12-14T12:52:52.239,44.46,5.293228586795983,-70.34077218050224,12.22911974261855
1639504372249,2021-12-14T12:52:52.249,44.47,5.563323534293381,-73.44782234434959,13.446781672169658
1639504372259,2021-12-14T12:52:52.259,44.48,6.4440229410396945,-76.0742185733728,13.634360327142659
1639504372269,2021-12-14T12:52:52.269,44.49,7.691162896906118,-78.23637093209548,13.085121566836545
1639504372279,2021-12-14T12:52:52.279,44.5,8.806239591163308,-80.20115446572046,12.278230223439714
1639504372289,2021-12-14T12:52:52.289,44.51,9.338384104867245,-82.30443645042534,11.429439665209216
1639504372299,2021-12-14T12:52:52.299,44.52,8.799012813952363,-84.65145333370674,10.215036266204146
1639504372309,2021-12-14T12:52:52.309,44.53,7.227733037637641,-86.87907010175789,8.450252303806714
1639504372319,2021-12-14T12:52:52.319,44.54,5.604320929530809,-88.44716329850856,6.727082626045932
1639504372329,2021-12-14T12:52:52.329,44.55,4.649321415230656,-89.22887050855641,5.647172680604026
1639504372339,2021-12-14T12:52:52.339,44.56,3.7683988467732803,-89.49555504433103,4.89578857383049
1639504372349,2021-12-14T12:52:52.349,44.57,2.235526638801634,-89.37004653743918,3.885779574428063
1639504372359,2021-12-14T12:52:52.359,44.58,0.4508399270044455,-88.71946149514561,2.68735108115457
1639504372369,2021-12-14T12:52:52.369,44.59,-0.9210028790932704,-87.45571402973798,1.623700692036779
1639504372379,2021-12-14T12:52:52.379,44.6,-1.7742717359957747,-85.50141146142306,0.7676587419110272
1639504372389,2021-12-14T12:52:52.389,44.61,-1.9397668991712171,-82.70696850186448,0.2982243388802029
1639504372399,2021-12-14T12:52:52.399,44.62,-1.2416553177043195,-79.18269817898462,0.37604322052742994
1639504372409,2021-12-14T12:52:52.409,44.63,-0.20783494485273046,-75.29087875026597,0.5080347469994488
1639504372419,2021-12-14T12:52:52.419,44.64,0.9168740429807618,-70.9755766141108,0.09056016126211322
1639504372429,2021-12-14T12:52:52.429,44.65,3.3147521821993857,-65.66574028122349,-0.5289291676499767
1639504372439,2021-12-14T12:52:52.439,44.66,7.9788758047382675,-59.19539821467312,-0.48926191503204125
1639504372449,2021-12-14T12:52:52.449,44.67,13.740469226952357,-52.29813748917977,0.4537668813169628
1639504372459,2021-12-14T12:52:52.459,44.68,18.49519855827359,-45.8855207586123,2.0044609904165833
1639504372469,2021-12-14T12:52:52.469,44.69,21.548507651070736,-40.23761994778616,3.9809701839872087
1639504372479,2021-12-14T12:52:52.479,44.7,23.563926340520304,-35.08836194090338,6.270187467743596
1639504372489,2021-12-14T12:52:52.489,44.71,25.155232898338262,-30.126883094053007,8.663091283876701
1639504372499,2021-12-14T12:52:52.499,44.72,26.54098580231603,-25.217802063088065,11.11875694436752
1639504372509,2021-12-14T12:52:52.509,44.73,27.760074527735398,-20.400940973697594,13.703539199432111
1639504372519,2021-12-14T12:52:52.519,44.74,28.431331717181315,-15.865117610312005,16.141990661331622
1639504372529,2021-12-14T12:52:52.529,44.75,27.95198073000767,-11.810717350311144,17.971059899901473
1639504372539,2021-12-14T12:52:52.539,44.76,26.413846772951587,-8.25982038851991,19.15938698587541
1639504372549,2021-12-14T12:52:52.549,44.77,24.683885762580775,-5.051248447253279,20.0276475830995
1639504372559,2021-12-14T12:52:52.559,44.78,23.319723318374113,-2.032067315872209,20.59327016503568
1639504372569,2021-12-14T12:52:52.569,44.79,22.040433885649573,0.7613006813231992,20.511980124694784
1639504372579,2021-12-14T12:52:52.579,44.8,20.384497632898615,3.1020045086069707,19.611801916035503
1639504372589,2021-12-14T12:52:52.589,44.81,18.317382856475,4.778915339921759,18.04750785274513
1639504372599,2021-12-14T12:52:52.599,44.82,16.135499930586434,5.823176441021519,15.998658971705712
1639504372609,2021-12-14T12:52:52.609,44.83,14.174600114606317,6.486226554222187,13.555117949332125
1639504372619,2021-12-14T12:52:52.619,44.84,12.620279668017934,6.998650405350838,10.829377117046345
1639504372629,2021-12-14T12:52:52.629,44.85,11.428701101334031,7.430151702216241,7.9602014560992
1639504372639,2021-12-14T12:52:52.639,44.86,10.52586985121242,7.801267027355745,5.093806325179598
1639504372649,2021-12-14T12:52:52.649,44.87,10.068436822976151,8.242867903599176,2.4588388075252023
1639504372659,2021-12-14T12:52:52.659,44.88,10.2304965010976,8.930307989992997,0.308293800618715
1639504372669,2021-12-14T12:52:52.669,44.89,10.75987976407563,9.832945789317538,-1.2397838890531452
1639504372679,2021-12-14T12:52:52.679,44.9,11.072370965549641,10.659182653955716,-2.1391163356635197
1639504372689,2021-12-14T12:52:52.689,44.91,10.765237931055793,11.158411037948845,-2.2750622212296148
1639504372699,2021-12-14T12:52:52.699,44.92,9.814535578746234,11.393803044035906,-1.6046773528740341
1639504372709,2021-12-14T12:52:52.709,44.93,8.444577192081395,11.653134874295713,-0.3316295647266579
1639504372719,2021-12-14T12:52:52.719,44.94,7.059614278112159,12.187707533796939,1.2498429316086548
1639504372729,2021-12-14T12:52:52.729,44.95,6.067040505007702,13.06724244710082,2.950289876837214
1639504372739,2021-12-14T12:52:52.739,44.96,5.477726562422072,14.183187804472276,4.604073225658306
1639504372749,2021-12-14T12:52:52.749,44.97,4.885188841342899,15.345351640861576,6.038027577515944
1639504372759,2021-12-14T12:52:52.759,44.98,4.0439055642802835,16.427753166966717,7.272376966227924
1639504372769,2021-12-14T12:52:52.769,44.99,3.203093269633446,17.465666090983802,8.527647052025578
1639504372779,2021-12-14T12:52:52.779,45.0,2.7255760845305836,18.596264380955716,9.973191428358827
1639504372789,2021-12-14T12:52:52.789,45.01,2.693055862692868,19.881687490704486,11.661802211099118
1639504372799,2021-12-14T12:52:52.799,45.02,2.9600883121553103,21.22786288136664,13.524077695305955
1639504372809,2021-12-14T12:52:52.809,45.03,3.275239100503472,22.504520749403543,15.113622569441276
1639504372819,2021-12-14T12:52:52.819,45.04,3.3502175333774833,23.66081181581258,15.720218271442626
1639504372829,2021-12-14T12:52:52.829,45.05,3.052186588493157,24.6469783815811,15.245274579801432
1639504372839,2021-12-14T12:52:52.839,45.06,2.457536094069705,25.317042361366482,14.669670979042518
1639504372849,2021-12-14T12:52:52.849,45.07,1.6874349646229012,25.546610413425512,15.168589162592635
1639504372859,2021-12-14T12:52:52.859,45.08,0.9306247723407308,25.39868265538361,17.044709964387284
1639504372869,2021-12-14T12:52:52.869,45.09,0.45611460203931553,25.010152783208447,19.87907615111017
1639504372879,2021-12-14T12:52:52.879,45.1,0.17162037080682427,24.31237628398024,23.22354601103467
1639504372889,2021-12-14T12:52:52.889,45.11,-0.49638373005419634,23.04949894484257,26.69901613943008
1639504372899,2021-12-14T12:52:52.899,45.12,-1.6827979023397326,21.14754926216538,29.969708131531863
1639504372909,2021-12-14T12:52:52.909,45.13,-2.478748636238572,18.90401236112746,33.064774494778874
1639504372919,2021-12-14T12:52:52.919,45.14,-1.976118607307979,16.71163075296602,36.19866565733534
1639504372929,2021-12-14T12:52:52.929,45.15,-0.5363017411265251,14.730025675055048,39.0310798917949
1639504372939,2021-12-14T12:52:52.939,45.16,0.6898270767988965,12.917583744497259,40.75972232908395
1639504372949,2021-12-14T12:52:52.949,45.17,1.2410522427878625,11.247681864044646,41.15269368330808
1639504372959,2021-12-14T12:52:52.959,45.18,1.6903384612559043,9.781647412273575,40.82456755172133
1639504372969,2021-12-14T12:52:52.969,45.19,2.5115611275716807,8.603563983560736,40.24982445836486
1639504372979,2021-12-14T12:52:52.979,45.2,3.1737680724695054,7.762301870859816,39.077994925378206
1639504372989,2021-12-14T12:52:52.989,45.21,2.807906631763223,7.259237665984086,36.73809315948132
1639504372999,2021-12-14T12:52:52.999,45.22,1.4412057477266247,7.067055553917519,33.31258213107603
1639504373009,2021-12-14T12:52:53.009,45.23,-0.17747947620375953,7.1667731909096295,29.446014597557856
1639504373019,2021-12-14T12:52:53.019,45.24,-1.7458067363645002,7.599394890815349,25.615074049483713
1639504373029,2021-12-14T12:52:53.029,45.25,-3.396078889679768,8.500024604734488,21.898227669482907
1639504373039,2021-12-14T12:52:53.039,45.26,-4.74994900165765,9.987167618178571,18.431442663489428
1639504373049,2021-12-14T12:52:53.049,45.27,-5.215920396421097,11.910296345717958,15.66645621677193
1639504373059,2021-12-14T12:52:53.059,45.28,-5.109337620915788,13.8027082984229,13.974688448004706
1639504373069,2021-12-14T12:52:53.069,45.29,-5.333993381434776,15.22682634534566,13.215095966914959
1639504373079,2021-12-14T12:52:53.079,45.3,-6.094518377424828,16.07246160446654,12.867356233740963
1639504373089,2021-12-14T12:52:53.089,45.31,-6.883521028608454,16.42610650176011,12.474649022654475
1639504373099,2021-12-14T12:52:53.099,45.32,-7.4779233337032744,16.357410733303944,11.87299126362058
1639504373109,2021-12-14T12:52:53.109,45.33,-8.05492820258052,15.976497438545854,11.122897254545595
1639504373119,2021-12-14T12:52:53.119,45.34,-8.54137401584107,15.467904495812515,10.36382087045735
1639504373129,2021-12-14T12:52:53.129,45.35,-8.611873175775234,14.898239833477838,9.740299638474582
1639504373139,2021-12-14T12:52:53.139,45.36,-8.242967047111843,14.159784336223332,9.368060991526015
1639504373149,2021-12-14T12:52:53.149,45.37,-7.731013021147931,13.182000560354755,9.254540878970122
1639504373159,2021-12-14T12:52:53.159,45.38,-7.223232173216173,12.015666346429786,9.25139621431963
1639504373169,2021-12-14T12:52:53.169,45.39,-6.7084469283308055,10.673108634369708,9.194633283554442
1639504373179,2021-12-14T12:52:53.179,45.4,-6.495136338768182,9.07542220575956,9.100106936397031
1639504373189,2021-12-14T12:52:53.189,45.41,-7.106839274363235,7.203143508465526,9.135930314004872
1639504373199,2021-12-14T12:52:53.199,45.42,-8.358576814600353,5.1809459600997005,9.48721108127532
1639504373209,2021-12-14T12:52:53.209,45.43,-9.159949077829701,3.2350021414408863,10.383427564763988
1639504373219,2021-12-14T12:52:53.219,45.44,-8.897948573825731,1.6718549983066897,12.067918360435435
1639504373229,2021-12-14T12:52:53.229,45.45,-8.334483087143509,0.8160489241991966,14.465557804236346
1639504373239,2021-12-14T12:52:53.239,45.46,-8.286938067105151,0.8078022699350109,17.045023225518683
1639504373249,2021-12-14T12:52:53.249,45.47,-8.308230006280855,1.4813784299929356,19.309453687796406
1639504373259,2021-12-14T12:52:53.259,45.48,-7.650741751532327,2.5325800905881413,21.242083027378158
1639504373269,2021-12-14T12:52:53.269,45.49,-6.61411084394827,3.767863719320241,22.950572971990642
1639504373279,2021-12-14T12:52:53.279,45.5,-6.0309764428323795,5.136831968097082,24.126137474393772
1639504373289,2021-12-14T12:52:53.289,45.51,-6.063430962357649,6.610515437236456,24.29131664160544
1639504373299,2021-12-14T12:52:53.299,45.52,-6.135573382558384,8.134282631166109,23.34821241513226
1639504373309,2021-12-14T12:52:53.309,45.53,-5.817161391149816,9.65191091136932,21.409382476696287
1639504373319,2021-12-14T12:52:53.319,45.54,-5.385082158811317,11.07762425029778,18.39304796138593
1639504373329,2021-12-14T12:52:53.329,45.55,-5.335350184536322,12.275802490586845,14.360405443849071
1639504373339,2021-12-14T12:52:53.339,45.56,-5.563343932049121,13.146942084345834,9.950201433453387
1639504373349,2021-12-14T12:52:53.349,45.57,-5.47878138094493,13.696822575782676,5.876922685590898
1639504373359,2021-12-14T12:52:53.359,45.58,-4.905399638407424,13.953488350583306,2.2369495003020297
1639504373369,2021-12-14T12:52:53.369,45.59,-4.462578076902696,13.865666972337554,-1.234912854242094
1639504373379,2021-12-14T12:52:53.379,45.6,-4.872509008754774,13.36405788254412,-4.542490352374271
1639504373389,2021-12-14T12:52:53.389,45.61,-5.949868829408795,12.497531541842655,-7.501568922944283
1639504373399,2021-12-14T12:52:53.399,45.62,-6.734869123894956,11.444881533752003,-10.163842583514525
1639504373409,2021-12-14T12:52:53.409,45.63,-7.019531169291415,10.428590961708274,-12.72904740974682
1639504373419,2021-12-14T12:52:53.419,45.64,-7.771041418811757,9.681111556687386,-15.090343460101593
1639504373429,2021-12-14T12:52:53.429,45.65,-9.232661468169635,9.375581567305893,-16.783121543639467
1639504373439,2021-12-14T12:52:53.439,45.66,-10.213238039835705,9.429294993430126,-17.54101693319756
1639504373449,2021-12-14T12:52:53.449,45.67,-10.164593115307456,9.557455501128782,-17.747767111512875
1639504373459,2021-12-14T12:52:53.459,45.68,-9.84775836732837,9.759149728669431,-18.056486738768445
1639504373469,2021-12-14T12:52:53.469,45.69,-9.379996153054062,10.47832415253975,-18.687094814788637
1639504373479,2021-12-14T12:52:53.479,45.7,-8.005531429056088,11.97661616529942,-19.53001131734415
1639504373489,2021-12-14T12:52:53.489,45.71,-5.955900720899766,13.887857642268774,-20.73992866705119
1639504373499,2021-12-14T12:52:53.499,45.72,-4.276412824125391,15.739752942061896,-22.53478996290211
1639504373509,2021-12-14T12:52:53.509,45.73,-2.95607410629877,17.545568225565855,-24.518960711167274
1639504373519,2021-12-14T12:52:53.519,45.74,-1.176880406859352,19.52024757478233,-25.98535853469835
1639504373529,2021-12-14T12:52:53.529,45.75,0.8919975453715183,21.58675368362804,-26.93332175599332
1639504373539,2021-12-14T12:52:53.539,45.76,2.2643647402470197,23.565110530879878,-28.132218067031758
1639504373549,2021-12-14T12:52:53.549,45.77,2.8632571302248895,25.561532569919905,-30.086572895033378
1639504373559,2021-12-14T12:52:53.559,45.78,3.621289382903836,27.770784139510575,-32.469857695042165
1639504373569,2021-12-14T12:52:53.569,45.79,4.916744927227559,30.025407033227992,-34.66051299235909
1639504373579,2021-12-14T12:52:53.579,45.8,6.013930416281481,31.800238371953505,-36.350657219751675
1639504373589,2021-12-14T12:52:53.589,45.81,6.0754045291242145,32.595264597194614,-37.490461928887854
1639504373599,2021-12-14T12:52:53.599,45.82,4.959785364857936,32.217149279729895,-38.00194950514319
1639504373609,2021-12-14T12:52:53.609,45.83,3.0540794774538496,30.813931470024933,-37.72390960152059
1639504373619,2021-12-14T12:52:53.619,45.84,0.8978748770796909,28.740887908274384,-36.50576185371229
1639504373629,2021-12-14T12:52:53.629,45.85,-1.0696645235316067,26.331696721671904,-34.33485562189634
1639504373639,2021-12-14T12:52:53.639,45.86,-2.7804931775626662,23.74198734714995,-31.448836494424317
1639504373649,2021-12-14T12:52:53.649,45.87,-4.511057296168417,21.02123142044517,-28.30807252880794
1639504373659,2021-12-14T12:52:53.659,45.88,-6.428826902166434,18.300692120729362,-25.44745564359844
1639504373669,2021-12-14T12:52:53.669,45.89,-8.307393879730052,15.831111136524964,-23.335448039286693
1639504373679,2021-12-14T12:52:53.679,45.9,-9.791187136331406,13.810461282811133,-22.253532741657637
1639504373689,2021-12-14T12:52:53.689,45.91,-10.82276335144011,12.235565969956816,-22.24876631015502
1639504373699,2021-12-14T12:52:53.699,45.92,-11.653292241925854,10.993810451564986,-23.221439997996292
1639504373709,2021-12-14T12:52:53.709,45.93,-12.407591686447734,10.063099261380088,-24.97961864735712
1639504373719,2021-12-14T12:52:53.719,45.94,-12.901387307556298,9.501125350295085,-27.204283435529405
1639504373729,2021-12-14T12:52:53.729,45.95,-13.07335794120219,9.252072013431695,-29.567825997906255
1639504373739,2021-12-14T12:52:53.739,45.96,-13.19134234002713,9.1507660754793,-31.91635258162248
1639504373749,2021-12-14T12:52:53.749,45.97,-13.291368498727614,9.156970320535788,-34.1251026044851
1639504373759,2021-12-14T12:52:53.759,45.98,-12.918892837381936,9.370586296094825,-35.8644760771406
1639504373769,2021-12-14T12:52:53.769,45.99,-11.882022233617276,9.751902892951032,-36.84958261395973
1639504373779,2021-12-14T12:52:53.779,46.0,-10.738094358085617,10.069947061487344,-37.24652391054984
1639504373789,2021-12-14T12:52:53.789,46.01,-10.02560001462335,10.209941447885743,-37.46534714319177
1639504373799,2021-12-14T12:52:53.799,46.02,-9.497143950307038,10.293729161470722,-37.60555622970078
1639504373809,2021-12-14T12:52:53.809,46.03,-8.607210833625972,10.431168904787098,-37.42277140439534
1639504373819,2021-12-14T12:52:53.819,46.04,-7.3352356105737275,10.569359221335738,-36.761567871376926
1639504373829,2021-12-14T12:52:53.829,46.05,-6.097346459257407,10.610287291895748,-35.72847830223502
1639504373839,2021-12-14T12:52:53.839,46.06,-5.195149942504877,10.490793133753634,-34.48778497618334
1639504373849,2021-12-14T12:52:53.849,46.07,-4.659262676694734,10.16068158326341,-33.101034949763886
1639504373859,2021-12-14T12:52:53.859,46.08,-4.367919564574022,9.618783021228452,-31.54905623377967
1639504373869,2021-12-14T12:52:53.869,46.09,-4.186710988071683,8.933880755267529,-29.80743637903818
1639504373879,2021-12-14T12:52:53.879,46.1,-4.1526613201390425,8.17381304131864,-27.91012589858441
1639504373889,2021-12-14T12:52:53.889,46.11,-4.3858025164033165,7.395106219829887,-25.927746278383765
1639504373899,2021-12-14T12:52:53.899,46.12,-4.716845394670652,6.697145625437624,-23.858543056448372
1639504373909,2021-12-14T12:52:53.909,46.13,-4.801886448518788,6.162246879923661,-21.641833198404647
1639504373919,2021-12-14T12:52:53.919,46.14,-4.683301100554521,5.772064650535172,-19.30583421913496
1639504373929,2021-12-14T12:52:53.929,46.15,-4.684129038822623,5.49919853338276,-16.95066139733521
1639504373939,2021-12-14T12:52:53.939,46.16,-4.761267616731722,5.410367187033658,-14.62948494040264
1639504373949,2021-12-14T12:52:53.949,46.17,-4.636908363709012,5.565798328565268,-12.470188971075192
1639504373959,2021-12-14T12:52:53.959,46.18,-4.508220381680578,5.890852913625257,-10.79714298565915
1639504373969,2021-12-14T12:52:53.969,46.19,-4.874290805514385,6.242064626499434,-9.851610968421731
1639504373979,2021-12-14T12:52:53.979,46.2,-5.62877003461645,6.55985796077449,-9.5149808771401
1639504373989,2021-12-14T12:52:53.989,46.21,-6.0724875787708745,6.911107421369101,-9.51581139170862
1639504373999,2021-12-14T12:52:53.999,46.22,-5.999240103914516,7.408554897089992,-9.729674959289204
1639504374009,2021-12-14T12:52:54.009,46.23,-5.9826086358991875,8.102862717999063,-10.123262494782313
1639504374019,2021-12-14T12:52:54.019,46.24,-6.288899336079595,8.922511250865393,-10.595956695785123
1639504374029,2021-12-14T12:52:54.029,46.25,-6.398383971433189,9.710174337395838,-11.00901445254099
1639504374039,2021-12-14T12:52:54.039,46.26,-5.94154591652914,10.34464106376836,-11.2728044816234
1639504374049,2021-12-14T12:52:54.049,46.27,-5.197459402757311,10.807893341486707,-11.343153455902357
1639504374059,2021-12-14T12:52:54.059,46.28,-4.464337494280786,11.101561233847665,-11.159226230662217
1639504374069,2021-12-14T12:52:54.069,46.29,-3.7425835007427426,11.174426327258935,-10.622587960443806
1639504374079,2021-12-14T12:52:54.079,46.3,-3.0545986159102867,10.993599848816189,-9.699528406968833
1639504374089,2021-12-14T12:52:54.089,46.31,-2.507745428322497,10.589433503529085,-8.544882297695263
1639504374099,2021-12-14T12:52:54.099,46.32,-2.1395477851634155,9.984953458465338,-7.410106768989783
1639504374109,2021-12-14T12:52:54.109,46.33,-1.9477550626021487,9.193574526049206,-6.386090093405723
1639504374119,2021-12-14T12:52:54.119,46.34,-1.8836228628205953,8.285810834709434,-5.355398788088184
1639504374129,2021-12-14T12:52:54.129,46.35,-1.8048498254374117,7.325349527273074,-4.249623828391648
1639504374139,2021-12-14T12:52:54.139,46.36,-1.6565667245863462,6.2688319340436705,-3.209080859907292
1639504374149,2021-12-14T12:52:54.149,46.37,-1.5850780683964671,5.059791877704676,-2.397974307098633
1639504374159,2021-12-14T12:52:54.159,46.38,-1.7056157262929534,3.7732077560984374,-1.8135023242235087
1639504374169,2021-12-14T12:52:54.169,46.39,-1.9537352381780613,2.5416647380751893,-1.4115633064566606
1639504374179,2021-12-14T12:52:54.179,46.4,-2.2624190577413397,1.3818831994597174,-1.2798072064890196
1639504374189,2021-12-14T12:52:54.189,46.41,-2.665773934250972,0.20721982935699015,-1.514364205866705
1639504374199,2021-12-14T12:52:54.199,46.42,-3.1934117745251474,-1.0178561776926789,-2.015209567968749
1639504374209,2021-12-14T12:52:54.209,46.43,-3.8409807218419063,-2.243492295022075,-2.550865164237295
1639504374219,2021-12-14T12:52:54.219,46.44,-4.6226843432225655,-3.448514267774917,-2.962453977596593
1639504374229,2021-12-14T12:52:54.229,46.45,-5.5322574602202135,-4.684064669970304,-3.190605368278554
1639504374239,2021-12-14T12:52:54.239,46.46,-6.49412515512711,-5.969557880378092,-3.170348894104356
1639504374249,2021-12-14T12:52:54.249,46.47,-7.404482019323957,-7.222949637957994,-2.834552187486805
1639504374259,2021-12-14T12:52:54.259,46.48,-8.170730529310703,-8.34204533864883,-2.198313036374887
1639504374269,2021-12-14T12:52:54.269,46.49,-8.718387388780275,-9.289835792285565,-1.3484603246339777
1639504374279,2021-12-14T12:52:54.279,46.5,-9.028261505164622,-10.056765903796798,-0.39761892767044765
1639504374289,2021-12-14T12:52:54.289,46.51,-9.145175734867546,-10.620853820179082,0.498015428169696
1639504374299,2021-12-14T12:52:54.299,46.52,-9.09882690773634,-10.99278411879237,1.2080188133160208
1639504374309,2021-12-14T12:52:54.309,46.53,-8.868439283451764,-11.2248805382517,1.8041652232291079
1639504374319,2021-12-14T12:52:54.319,46.54,-8.470293026651794,-11.359099651458752,2.531745624627276
1639504374329,2021-12-14T12:52:54.329,46.55,-8.003449489232093,-11.437781254952991,3.5193391183385025
1639504374339,2021-12-14T12:52:54.339,46.56,-7.542831528113611,-11.530968842344734,4.617601839860042
1639504374349,2021-12-14T12:52:54.349,46.57,-7.012559497430923,-11.650133515983214,5.568540791234936
1639504374359,2021-12-14T12:52:54.359,46.58,-6.186951481334756,-11.666763493176905,6.2705605061512735
1639504374369,2021-12-14T12:52:54.369,46.59,-4.842828275718047,-11.428209521978488,6.875155975465596
1639504374379,2021-12-14T12:52:54.379,46.6,-2.967728342987111,-10.950827324586664,7.659105386493775
1639504374389,2021-12-14T12:52:54.389,46.61,-0.7798885506064082,-10.403646280031673,8.800379627484729
1639504374399,2021-12-14T12:52:54.399,46.62,1.5315671952588432,-9.89314640260436,10.283569103943465
1639504374409,2021-12-14T12:52:54.409,46.63,3.990569383006285,-9.362833949013604,12.008972704785814
1639504374419,2021-12-14T12:52:54.419,46.64,6.669517283877708,-8.725686066068702,13.914058004595667
1639504374429,2021-12-14T12:52:54.429,46.65,9.498444982587603,-7.975328165076433,15.944627485559902
1639504374439,2021-12-14T12:52:54.439,46.66,12.357640818314596,-7.1151150796026155,17.975110702710147
1639504374449,2021-12-14T12:52:54.449,46.67,15.174862860101104,-6.100801243567279,19.830021728147315
1639504374459,2021-12-14T12:52:54.459,46.68,17.76798308647905,-4.943242779663636,21.36141911502676
1639504374469,2021-12-14T12:52:54.469,46.69,19.770451558451125,-3.786428295304992,22.47055971853394
1639504374479,2021-12-14T12:52:54.479,46.7,20.96048331489146,-2.782909914955329,23.111254017097323
1639504374489,2021-12-14T12:52:54.489,46.71,21.590887005177947,-1.9079840938148953,23.33329321729122
1639504374499,2021-12-14T12:52:54.499,46.72,22.146979566299827,-0.9732571083935446,23.26416033044707
1639504374509,2021-12-14T12:52:54.509,46.73,22.786692130844898,0.14001816005306086,22.988327496932676
1639504374519,2021-12-14T12:52:54.519,46.74,23.24921900644727,1.3131902196467884,22.51030060210043
1639504374529,2021-12-14T12:52:54.529,46.75,23.330834751596758,2.328830692793427,21.85813083838515
1639504374539,2021-12-14T12:52:54.539,46.76,23.1813172216129,3.1201481845370322,21.115479569664085
1639504374549,2021-12-14T12:52:54.549,46.77,22.999989136051312,3.7492507780233826,20.34336758240566
1639504374559,2021-12-14T12:52:54.559,46.78,22.668145529161777,4.174965275923731,19.58296876565947
1639504374569,2021-12-14T12:52:54.569,46.79,21.926899671279113,4.2150797112040115,18.932568030138945
1639504374579,2021-12-14T12:52:54.579,46.8,20.797014326649037,3.7640578358391688,18.532835941945763
1639504374589,2021-12-14T12:52:54.589,46.81,19.553321415148044,2.922305001394104,18.45393686649689
1639504374599,2021-12-14T12:52:54.599,46.82,18.33703022387933,1.8649816453251422,18.597919349290333
1639504374609,2021-12-14T12:52:54.609,46.83,17.051780668133645,0.6621136597678684,18.7256417197798
1639504374619,2021-12-14T12:52:54.619,46.84,15.631932930288976,-0.7100496883158854,18.629327751278893
1639504374629,2021-12-14T12:52:54.629,46.85,14.189471757213376,-2.22078814877279,18.277507301212474
1639504374639,2021-12-14T12:52:54.639,46.86,12.872118401955703,-3.7296988502842003,17.76764638865566
1639504374649,2021-12-14T12:52:54.649,46.87,11.72568491320397,-5.090039952397744,17.184029704026592
1639504374659,2021-12-14T12:52:54.659,46.88,10.712703217554957,-6.264700664864556,16.544515631391043
1639504374669,2021-12-14T12:52:54.669,46.89,9.785792604670084,-7.322265429368972,15.86695481431442
1639504374679,2021-12-14T12:52:54.679,46.9,8.946290803222126,-8.320000939632761,15.231493978710999
1639504374689,2021-12-14T12:52:54.689,46.91,8.245789966748898,-9.219044474084633,14.710315639175505
1639504374699,2021-12-14T12:52:54.699,46.92,7.691506224528663,-9.952647431155798,14.262580453324254
1639504374709,2021-12-14T12:52:54.709,46.93,7.182723179001997,-10.51953232222482,13.792763736909343
1639504374719,2021-12-14T12:52:54.719,46.94,6.629542406190608,-10.938031159509782,13.28323008205701
1639504374729,2021-12-14T12:52:54.729,46.95,6.096302152682654,-11.190763323616935,12.790928006563792
1639504374739,2021-12-14T12:52:54.739,46.96,5.698895084111056,-11.28410435808847,12.359572674764074
1639504374749,2021-12-14T12:52:54.749,46.97,5.382624413045113,-11.266876395767643,11.989008242128406
1639504374759,2021-12-14T12:52:54.759,46.98,4.948792985610554,-11.167226483551463,11.662677604658096
1639504374769,2021-12-14T12:52:54.769,46.99,4.296468593279571,-11.01115752682993,11.383688153604433
1639504374779,2021-12-14T12:52:54.779,47.0,3.5198632083000203,-10.857998941928642,11.170835679541412
1639504374789,2021-12-14T12:52:54.789,47.01,2.790807926367086,-10.709870856678942,11.008611465087494
1639504374799,2021-12-14T12:52:54.799,47.02,2.229250512789953,-10.462756264068606,10.845458782271312
1639504374809,2021-12-14T12:52:54.809,47.03,1.8564945848538632,-10.035325295556493,10.666130268978469
1639504374819,2021-12-14T12:52:54.819,47.04,1.6209093665288283,-9.475905182465308,10.5039961443256
1639504374829,2021-12-14T12:52:54.829,47.05,1.4567014592145995,-8.89884753179893,10.3573368611228
1639504374839,2021-12-14T12:52:54.839,47.06,1.3080055419551042,-8.374759915275918,10.172118386237138
1639504374849,2021-12-14T12:52:54.849,47.07,1.1369680812462044,-7.899492328782673,9.943516448937448
1639504374859,2021-12-14T12:52:54.859,47.08,0.9562141499626351,-7.429762340584251,9.753927033323784
1639504374869,2021-12-14T12:52:54.869,47.09,0.8188073542295324,-6.93627897836074,9.661287397731652
1639504374879,2021-12-14T12:52:54.879,47.1,0.7659590324755039,-6.427794206092044,9.62062544157174
1639504374889,2021-12-14T12:52:54.889,47.11,0.8284416946465416,-5.924471880802469,9.567321470024165
1639504374899,2021-12-14T12:52:54.899,47.12,1.0438046236208058,-5.425729542693007,9.514974753737949
1639504374909,2021-12-14T12:52:54.909,47.13,1.4094869302305253,-4.918245385948082,9.519630548951495
1639504374919,2021-12-14T12:52:54.919,47.14,1.8409750477869506,-4.400547027953547,9.591491103702886
1639504374929,2021-12-14T12:52:54.929,47.15,2.2247347007047997,-3.889032093362221,9.684222227977521
1639504374939,2021-12-14T12:52:54.939,47.16,2.5333845009333293,-3.4029889227896284,9.747992659315186
1639504374949,2021-12-14T12:52:54.949,47.17,2.8566507025643855,-2.944075665799868,9.761847770206819
1639504374959,2021-12-14T12:52:54.959,47.18,3.2612358164961357,-2.502903093207194,9.732523396925552
1639504374969,2021-12-14T12:52:54.969,47.19,3.6802686854273903,-2.092113093942263,9.69840336090568
1639504374979,2021-12-14T12:52:54.979,47.2,4.035706079700206,-1.7472811411214026,9.70420152992112
1639504374989,2021-12-14T12:52:54.989,47.21,4.356189620005932,-1.4870967169352984,9.709180339321561
1639504374999,2021-12-14T12:52:54.999,47.22,4.646479910994621,-1.3016269833210077,9.561271466562562
1639504375009,2021-12-14T12:52:55.009,47.23,4.791292412889218,-1.1838331350863265,9.143660038414842
1639504375019,2021-12-14T12:52:55.019,47.24,4.716535255167822,-1.1401737855771885,8.503334590704625
1639504375029,2021-12-14T12:52:55.029,47.25,4.483863474070181,-1.1673385986334865,7.77124820183969
1639504375039,2021-12-14T12:52:55.039,47.26,4.148517680704853,-1.2610429721734375,7.030060614647056
1639504375049,2021-12-14T12:52:55.049,47.27,3.7038506044980704,-1.4532095474423685,6.314655655673885
1639504375059,2021-12-14T12:52:55.059,47.28,3.1911402238783397,-1.7851931686708986,5.643803497290621
1639504375069,2021-12-14T12:52:55.069,47.29,2.6872887433582324,-2.2347044418515343,4.996817075035048
1639504375079,2021-12-14T12:52:55.079,47.3,2.2047554115001993,-2.7182229366999957,4.347540524327133
1639504375089,2021-12-14T12:52:55.089,47.31,1.743272774778216,-3.160872264132178,3.7396540726592953
1639504375099,2021-12-14T12:52:55.099,47.32,1.3740882949808144,-3.5297471638692244,3.2418099908109093
1639504375109,2021-12-14T12:52:55.109,47.33,1.1701835936808145,-3.8359448007530985,2.858497443429616
1639504375119,2021-12-14T12:52:55.119,47.34,1.1036057954539618,-4.155387118007983,2.5722597659679476
1639504375129,2021-12-14T12:52:55.129,47.35,1.0335932386952988,-4.611646486311361,2.400239053077188
1639504375139,2021-12-14T12:52:55.139,47.36,0.7949528538520116,-5.2632276168299885,2.3302373128257154
1639504375149,2021-12-14T12:52:55.149,47.37,0.37493931467244357,-6.004331495504468,2.283735055972828
1639504375159,2021-12-14T12:52:55.159,47.38,-0.039703419143904135,-6.633324040756934,2.179174544740561
1639504375169,2021-12-14T12:52:55.169,47.39,-0.29651291820381176,-7.038797767772595,1.9707974391996133
1639504375179,2021-12-14T12:52:55.179,47.4,-0.45140689579984045,-7.294861142597378,1.6537133913490072
1639504375189,2021-12-14T12:52:55.189,47.41,-0.6293797914312286,-7.56078580138796,1.2720314496721477
1639504375199,2021-12-14T12:52:55.199,47.42,-0.865047237386988,-7.889881395413889,0.8726825110869526
1639504375209,2021-12-14T12:52:55.209,47.43,-1.1299262122879972,-8.162839889202058,0.46003977006498276
1639504375219,2021-12-14T12:52:55.219,47.44,-1.386327357765069,-8.241579559193609,0.04959648627873092
1639504375229,2021-12-14T12:52:55.229,47.45,-1.591545795162637,-8.143807567085394,-0.28457745481147056
1639504375239,2021-12-14T12:52:55.239,47.46,-1.7100436516219926,-7.986577106688984,-0.47158839802024066
1639504375249,2021-12-14T12:52:55.249,47.47,-1.7357209393980422,-7.810249537723865,-0.5094508555753757
1639504375259,2021-12-14T12:52:55.259,47.48,-1.7144986235026778,-7.576028243382501,-0.4430483363775992
1639504375269,2021-12-14T12:52:55.269,47.49,-1.7273355837462057,-7.287850101780107,-0.3086021293780874
1639504375279,2021-12-14T12:52:55.279,47.5,-1.800596189304581,-6.983929334633784,-0.11136789614088421
1639504375289,2021-12-14T12:52:55.289,47.51,-1.8674904096103147,-6.6493495666947195,0.13782193917376998
1639504375299,2021-12-14T12:52:55.299,47.52,-1.874963559767592,-6.250020928991183,0.357223264015035
1639504375309,2021-12-14T12:52:55.309,47.53,-1.868910024726991,-5.8081961095058094,0.41921995505431564
1639504375319,2021-12-14T12:52:55.319,47.54,-1.9165213520760804,-5.364095961265882,0.28911960707093276
1639504375329,2021-12-14T12:52:55.329,47.55,-2.0187479955214322,-4.923091683142966,0.06336799120419326
1639504375339,2021-12-14T12:52:55.339,47.56,-2.1563949767451875,-4.512428069410024,-0.19482085806319932
1639504375349,2021-12-14T12:52:55.349,47.57,-2.3433918989972566,-4.21902891729513,-0.5450909271231807
1639504375359,2021-12-14T12:52:55.359,47.58,-2.556967059972086,-4.073609915664812,-1.0112128821138955
1639504375369,2021-12-14T12:52:55.369,47.59,-2.6778402225410978,-3.9638323103476534,-1.4686284813887147
1639504375379,2021-12-14T12:52:55.379,47.6,-2.615014360326388,-3.791039662465585,-1.7869794029513728
1639504375389,2021-12-14T12:52:55.389,47.61,-2.464834160848114,-3.6439588467274806,-1.9680680076065953
1639504375399,2021-12-14T12:52:55.399,47.62,-2.417102197584047,-3.658291312654578,-2.08518190857704
1639504375409,2021-12-14T12:52:55.409,47.63,-2.517424338610694,-3.782594294165354,-2.1922619211411383
1639504375419,2021-12-14T12:52:55.419,47.64,-2.648063486640017,-3.862767634756091,-2.3179035188030834
1639504375429,2021-12-14T12:52:55.429,47.65,-2.7195048914175306,-3.8692013858171435,-2.475530674281906
1639504375439,2021-12-14T12:52:55.439,47.66,-2.755075963177079,-3.8540137060431627,-2.673059069303582
1639504375449,2021-12-14T12:52:55.449,47.67,-2.784607628493124,-3.7829512604978626,-2.916825973043732
1639504375459,2021-12-14T12:52:55.459,47.68,-2.763772753934201,-3.5978576702966842,-3.176801340116281
1639504375469,2021-12-14T12:52:55.469,47.69,-2.6632659352040777,-3.3627550863208517,-3.3832186726351665
1639504375479,2021-12-14T12:52:55.479,47.7,-2.575419365971476,-3.193851797156789,-3.495373929954223
1639504375489,2021-12-14T12:52:55.489,47.71,-2.6261992428969623,-3.1107158197175204,-3.5233340850218955
1639504375499,2021-12-14T12:52:55.499,47.72,-2.7980628329882253,-3.053621969427099,-3.4672191462782305
1639504375509,2021-12-14T12:52:55.509,47.73,-2.9438901847672887,-2.9811219968096094,-3.3129914845559005
1639504375519,2021-12-14T12:52:55.519,47.74,-2.9762793178002074,-2.8914392091025,-3.1075612742012133
1639504375529,2021-12-14T12:52:55.529,47.75,-2.953014077163515,-2.8036684990213874,-2.9594920719056352
1639504375539,2021-12-14T12:52:55.539,47.76,-2.9717209334909658,-2.750250241040362,-2.9307260590266275
1639504375549,2021-12-14T12:52:55.549,47.77,-3.060969721013314,-2.7515175262989278,-2.9826042131645907
1639504375559,2021-12-14T12:52:55.559,47.78,-3.191605791420341,-2.790577719467891,-3.076982829072227
1639504375569,2021-12-14T12:52:55.569,47.79,-3.3330947979978496,-2.8383502173075654,-3.2924681997871597
1639504375579,2021-12-14T12:52:55.579,47.8,-3.4646235924778646,-2.887813431655843,-3.72815241492009
1639504375589,2021-12-14T12:52:55.589,47.81,-3.559362555715614,-2.9384699798831972,-4.263084470833798
1639504375599,2021-12-14T12:52:55.599,47.82,-3.602203713546933,-2.978558303835504,-4.5960989627904585
1639504375609,2021-12-14T12:52:55.609,47.83,-3.6254916610572554,-3.0088614973931382,-4.650426679697892
1639504375619,2021-12-14T12:52:55.619,47.84,-3.673336027048961,-3.043835568499002,-4.69899726664275
1639504375629,2021-12-14T12:52:55.629,47.85,-3.711027353414642,-3.0702943755480296,-4.907273375897624
1639504375639,2021-12-14T12:52:55.639,47.86,-3.648462318746749,-3.052707822541541,-5.074548562054266
1639504375649,2021-12-14T12:52:55.649,47.87,-3.49114398276308,-2.985842581969755,-5.042923434935969
1639504375659,2021-12-14T12:52:55.659,47.88,-3.3621344850822634,-2.88726196083118,-4.981338830272267
1639504375669,2021-12-14T12:52:55.669,47.89,-3.3167080532002595,-2.740827759410723,-5.049284995862186
1639504375679,2021-12-14T12:52:55.679,47.9,-3.258922286382764,-2.5050274379398902,-5.1592167231934045
1639504375689,2021-12-14T12:52:55.689,47.91,-3.1139409042165695,-2.180084476870801,-5.249898433077498
1639504375699,2021-12-14T12:52:55.699,47.92,-2.9471297915445236,-1.8283294392391682,-5.434814654415714
1639504375709,2021-12-14T12:52:55.709,47.93,-2.8218863966369403,-1.5158546899153913,-5.7151980130589575
1639504375719,2021-12-14T12:52:55.719,47.94,-2.6758594561376396,-1.248428659631442,-5.869749803109855
1639504375729,2021-12-14T12:52:55.729,47.95,-2.4538486306311933,-0.992245859480793,-5.8073668169232775
1639504375739,2021-12-14T12:52:55.739,47.96,-2.2489800696292837,-0.7556927525773118,-5.761074871410889
1639504375749,2021-12-14T12:52:55.749,47.97,-2.1897684390505674,-0.5929252369573947,-5.952346671020145
1639504375759,2021-12-14T12:52:55.759,47.98,-2.275559482304472,-0.5152090476084374,-6.265114465316993
1639504375769,2021-12-14T12:52:55.769,47.99,-2.4172725391346876,-0.4733069439973565,-6.411862949703847
1639504375779,2021-12-14T12:52:55.779,48.0,-2.553970624600826,-0.4388662246733583,-6.316841490396596
1639504375789,2021-12-14T12:52:55.789,48.01,-2.668708472181842,-0.426998809901881,-6.215833237075975
1639504375799,2021-12-14T12:52:55.799,48.02,-2.761955196901571,-0.44174430098128725,-6.3594674717589115
1639504375809,2021-12-14T12:52:55.809,48.03,-2.8292360662011524,-0.4778053028691274,-6.693054414771389
1639504375819,2021-12-14T12:52:55.819,48.04,-2.839824837062846,-0.5711589299028077,-6.9636957905960335
1639504375829,2021-12-14T12:52:55.829,48.05,-2.781058314892933,-0.7754435891650497,-7.101153330908849
1639504375839,2021-12-14T12:52:55.839,48.06,-2.717459445392282,-1.069732209580621,-7.264933609879627
1639504375849,2021-12-14T12:52:55.849,48.07,-2.722017708848193,-1.3211005919203445,-7.512405561365539
1639504375859,2021-12-14T12:52:55.859,48.08,-2.7603740396200758,-1.3743188041653238,-7.697727581669896
1639504375869,2021-12-14T12:52:55.869,48.09,-2.733132780931016,-1.2096938318979518,-7.751618268409039
1639504375879,2021-12-14T12:52:55.879,48.1,-2.630259157372125,-0.9929996699859017,-7.7825510115168255
1639504375889,2021-12-14T12:52:55.889,48.11,-2.55926727974741,-0.9115337881648018,-7.832294361682492
1639504375899,2021-12-14T12:52:55.899,48.12,-2.607507407936046,-0.9704154167800211,-7.791080505729113
1639504375909,2021-12-14T12:52:55.909,48.13,-2.7398991547503826,-1.0042188632146882,-7.614864435921474
1639504375919,2021-12-14T12:52:55.919,48.14,-2.8432639945365126,-0.8628832719314037,-7.409941767252487
1639504375929,2021-12-14T12:52:55.929,48.15,-2.8361198766467077,-0.5308651047497293,-7.272168231672186
1639504375939,2021-12-14T12:52:55.939,48.16,-2.742448231358095,-0.0985514008723092,-7.205992118054612
1639504375949,2021-12-14T12:52:55.949,48.17,-2.681044236468294,0.3217649886681347,-7.19526579902426
1639504375959,2021-12-14T12:52:55.959,48.18,-2.7708240288699235,0.6589214453673192,-7.236178592844864
1639504375969,2021-12-14T12:52:55.969,48.19,-3.001176403584807,0.9021545485362512,-7.327372620623761
1639504375979,2021-12-14T12:52:55.979,48.2,-3.1845727990195525,1.086290045696534,-7.482584850709939
1639504375989,2021-12-14T12:52:55.989,48.21,-3.139718516233726,1.2678804320401058,-7.695191566792014
1639504375999,2021-12-14T12:52:55.999,48.22,-2.9541594899284447,1.4858431357431945,-7.889405032674438
1639504376009,2021-12-14T12:52:56.009,48.23,-2.881326988746058,1.7132391776088762,-7.9984765335256025
1639504376019,2021-12-14T12:52:56.019,48.24,-2.956979987703204,1.8730094718837713,-8.063094500314262
1639504376029,2021-12-14T12:52:56.029,48.25,-2.9876702371201524,1.925485389675056,-8.150031499596356
1639504376039,2021-12-14T12:52:56.039,48.26,-2.904994939820565,1.9077435281302892,-8.229820571341165
1639504376049,2021-12-14T12:52:56.049,48.27,-2.8163598424271683,1.877181939741276,-8.240066146279744
1639504376059,2021-12-14T12:52:56.059,48.28,-2.7573385188999273,1.8579857401289979,-8.202989722051377
1639504376069,2021-12-14T12:52:56.069,48.29,-2.6853480574256254,1.8498125515106798,-8.193705794529583
1639504376079,2021-12-14T12:52:56.079,48.3,-2.6239084215835473,1.8541663783954017,-8.251755675295048
1639504376089,2021-12-14T12:52:56.089,48.31,-2.6027401071462766,1.86679404056573,-8.379299012381132
1639504376099,2021-12-14T12:52:56.099,48.32,-2.6043347658030993,1.8474536000344153,-8.587134575818895
1639504376109,2021-12-14T12:52:56.109,48.33,-2.6655910325856946,1.750187533124741,-8.895170417980475
1639504376119,2021-12-14T12:52:56.119,48.34,-2.8078690962668142,1.611243005341907,-9.26802001573409
1639504376129,2021-12-14T12:52:56.129,48.35,-2.8636691708145867,1.52640340722583,-9.577394985354536
1639504376139,2021-12-14T12:52:56.139,48.36,-2.6450384140772885,1.5089959469704581,-9.689466220429042
1639504376149,2021-12-14T12:52:56.149,48.37,-2.2501556835541705,1.4742003316248509,-9.59131883035349
1639504376159,2021-12-14T12:52:56.159,48.38,-1.9793810203386861,1.379026394690734,-9.398995227875258
1639504376169,2021-12-14T12:52:56.169,48.39,-1.9994886282009765,1.2714175490947806,-9.261411529666272
1639504376179,2021-12-14T12:52:56.179,48.4,-2.2071983941801037,1.2128088907376808,-9.260659438250896
1639504376189,2021-12-14T12:52:56.189,48.41,-2.363086522516439,1.241065934025116,-9.36603592544053
1639504376199,2021-12-14T12:52:56.199,48.42,-2.3247907752233172,1.38179018738259,-9.494367198271641
1639504376209,2021-12-14T12:52:56.209,48.43,-2.16615254620428,1.632817512252554,-9.627899340470371
1639504376219,2021-12-14T12:52:56.219,48.44,-2.044971213886422,1.949212863110557,-9.820028771514087
1639504376229,2021-12-14T12:52:56.229,48.45,-2.00417352580377,2.265398649310957,-10.083673138564244
1639504376239,2021-12-14T12:52:56.239,48.46,-1.9783928354212958,2.5358064644512925,-10.347145931666635
1639504376249,2021-12-14T12:52:56.249,48.47,-1.9210504332466143,2.7550090376738696,-10.522679954329117
1639504376259,2021-12-14T12:52:56.259,48.48,-1.8305539972652034,2.933725051103046,-10.572933936871186
1639504376269,2021-12-14T12:52:56.269,48.49,-1.7167747196474998,3.0727456439199554,-10.527906199071047
1639504376279,2021-12-14T12:52:56.279,48.5,-1.6196170357547959,3.1730194285642814,-10.461750527975278
1639504376289,2021-12-14T12:52:56.289,48.51,-1.6010810943791278,3.2418805498364778,-10.435776019319686
1639504376299,2021-12-14T12:52:56.299,48.52,-1.657445874684639,3.288587102771947,-10.456920847128915
1639504376309,2021-12-14T12:52:56.309,48.53,-1.6911745423599351,3.338256448286553,-10.493773233321535
1639504376319,2021-12-14T12:52:56.319,48.54,-1.624770348541627,3.41705101496824,-10.529135660948448
1639504376329,2021-12-14T12:52:56.329,48.55,-1.5111129190020982,3.5054505127225464,-10.592843813182355
1639504376339,2021-12-14T12:52:56.339,48.56,-1.476024097223176,3.555474215151123,-10.715454564608201
1639504376349,2021-12-14T12:52:56.349,48.57,-1.5527506885671347,3.5522739790142754,-10.85343963401047
1639504376359,2021-12-14T12:52:56.359,48.58,-1.6340109956216877,3.5107427523113506,-10.932846526989593
1639504376369,2021-12-14T12:52:56.369,48.59,-1.6175253688942648,3.4354374351173123,-10.955964602489566
1639504376379,2021-12-14T12:52:56.379,48.6,-1.5339559918456716,3.330739278588739,-10.957888624686285
1639504376389,2021-12-14T12:52:56.389,48.61,-1.4829379960431561,3.2274443831303143,-10.896863030465951
1639504376399,2021-12-14T12:52:56.399,48.62,-1.498808584177433,3.1562665160431855,-10.72590962097155
1639504376409,2021-12-14T12:52:56.409,48.63,-1.5217442172156481,3.1043254119251857,-10.516823304770393
1639504376419,2021-12-14T12:52:56.419,48.64,-1.4751914735620257,3.0340787083060174,-10.376954833240914
1639504376429,2021-12-14T12:52:56.429,48.65,-1.3615096756792564,2.9358808115845445,-10.310388876426696
1639504376439,2021-12-14T12:52:56.439,48.66,-1.2680077996315038,2.8285910583609244,-10.259649759486994
1639504376449,2021-12-14T12:52:56.449,48.67,-1.256946149592348,2.7362869097081424,-10.201208898823802
1639504376459,2021-12-14T12:52:56.459,48.68,-1.298987617335004,2.691759927763289,-10.138294932771437
1639504376469,2021-12-14T12:52:56.469,48.69,-1.3362946761596166,2.714662096340373,-10.064496272728201
1639504376479,2021-12-14T12:52:56.479,48.7,-1.330017368132597,2.7814494567668673,-9.953132762817665
1639504376489,2021-12-14T12:52:56.489,48.71,-1.2503296276849707,2.8682242782127587,-9.769383008497892
1639504376499,2021-12-14T12:52:56.499,48.72,-1.1087132508502688,2.987133737326482,-9.523126560561813
1639504376509,2021-12-14T12:52:56.509,48.73,-0.9634618500900636,3.141017702386501,-9.279315007860967
1639504376519,2021-12-14T12:52:56.519,48.74,-0.8363985374222138,3.305194995438784,-9.070486414362893
1639504376529,2021-12-14T12:52:56.529,48.75,-0.6975051369997238,3.4620626527284335,-8.864084013316418
1639504376539,2021-12-14T12:52:56.539,48.76,-0.5548344127227517,3.588754546367827,-8.654883648114689
1639504376549,2021-12-14T12:52:56.549,48.77,-0.47150132736111827,3.647289432920415,-8.503427250356872
1639504376559,2021-12-14T12:52:56.559,48.78,-0.4864638278442258,3.6424838577378456,-8.437592244374542
1639504376569,2021-12-14T12:52:56.569,48.79,-0.5825757531566246,3.6263777694815484,-8.385628795265234
1639504376579,2021-12-14T12:52:56.579,48.8,-0.7099899181134686,3.6236549995618548,-8.262050345127342
1639504376589,2021-12-14T12:52:56.589,48.81,-0.7941667469882178,3.625934921168712,-8.08795381317411
1639504376599,2021-12-14T12:52:56.599,48.82,-0.7821730000482235,3.63286740099623,-7.964744614472075
1639504376609,2021-12-14T12:52:56.609,48.83,-0.730352108325167,3.6299280633970508,-7.923108737458427
1639504376619,2021-12-14T12:52:56.619,48.84,-0.7604698456313281,3.584605498496793,-7.866005028627193
1639504376629,2021-12-14T12:52:56.629,48.85,-0.9043680135940438,3.498651844826445,-7.704057693801905
1639504376639,2021-12-14T12:52:56.639,48.86,-1.107407726910165,3.3990073851952927,-7.482017687050284
1639504376649,2021-12-14T12:52:56.649,48.87,-1.322948236380289,3.311523053445744,-7.303225475557285
1639504376659,2021-12-14T12:52:56.659,48.88,-1.3969705582083733,3.316887439219199,-7.182542224863154
1639504376669,2021-12-14T12:52:56.669,48.89,-1.00863455043561,3.5372961505137224,-7.047379971174865
1639504376679,2021-12-14T12:52:56.679,48.9,-0.059409859155477196,3.962436587946997,-6.852823252605314
1639504376689,2021-12-14T12:52:56.689,48.91,1.0070132762238322,4.370358146668195,-6.64592964428328
1639504376699,2021-12-14T12:52:56.699,48.92,1.604102157707223,4.5259317215847,-6.525730937760314
1639504376709,2021-12-14T12:52:56.709,48.93,1.639040191423679,4.426647320354138,-6.537357153187729
1639504376719,2021-12-14T12:52:56.719,48.94,1.5382101956239076,4.29443241324604,-6.591955706811747
1639504376729,2021-12-14T12:52:56.729,48.95,1.7178879209607025,4.343939407730643,-6.532374953085351
1639504376739,2021-12-14T12:52:56.739,48.96,2.1670300687975117,4.594965239569367,-6.299508982588198
1639504376749,2021-12-14T12:52:56.749,48.97,2.5463159127514947,4.903533602674914,-5.982033315842251
1639504376759,2021-12-14T12:52:56.759,48.98,2.630794361224659,5.136010438194171,-5.6952550361821235
1639504376769,2021-12-14T12:52:56.769,48.99,2.531443151164109,5.265974368724896,-5.479893364789672
1639504376779,2021-12-14T12:52:56.779,49.0,2.4169790305067416,5.301237790157892,-5.3409030129152155
1639504376789,2021-12-14T12:52:56.789,49.01,2.218309674508232,5.203871192399687,-5.306857087876699
1639504376799,2021-12-14T12:52:56.799,49.02,1.8295063665479612,4.946960928659086,-5.348311153788982
1639504376809,2021-12-14T12:52:56.809,49.03,1.450647848433578,4.580407412990917,-5.255159341646292
1639504376819,2021-12-14T12:52:56.819,49.04,1.443966719181303,4.1605773560257475,-4.746658139476868
1639504376829,2021-12-14T12:52:56.829,49.05,1.9043884459184102,3.664796891788717,-3.7340607231525507
1639504376839,2021-12-14T12:52:56.839,49.06,2.6195123879109925,3.040838569470899,-2.3130631758476365
1639504376849,2021-12-14T12:52:56.849,49.07,3.419237144366593,2.292188069204305,-0.4961141271041818
1639504376859,2021-12-14T12:52:56.859,49.08,4.312998755817739,1.458012814928796,1.8187612458129379
1639504376869,2021-12-14T12:52:56.869,49.09,5.262950520021743,0.5523007249344725,4.5898877893664665
1639504376879,2021-12-14T12:52:56.879,49.1,6.071049875900458,-0.4263712146345114,7.580777535306191
1639504376889,2021-12-14T12:52:56.889,49.11,6.623313116964851,-1.4434982843319757,10.620477429097818
1639504376899,2021-12-14T12:52:56.899,49.12,7.08359354230005,-2.423759456436097,13.730826504614843
1639504376909,2021-12-14T12:52:56.909,49.13,7.658313697565715,-3.31217418928588,16.947663428016615
1639504376919,2021-12-14T12:52:56.919,49.14,8.300944697875604,-4.112391273701642,20.184542321183095
1639504376929,2021-12-14T12:52:56.929,49.15,8.904013446049364,-4.811157348416366,23.38044599941803
1639504376939,2021-12-14T12:52:56.939,49.16,9.628540180479709,-5.299918558795347,26.662124035184135
1639504376949,2021-12-14T12:52:56.949,49.17,10.67826782176686,-5.471348338639348,30.194930988418733
1639504376959,2021-12-14T12:52:56.959,49.18,11.891983049375659,-5.366430818844526,33.94171490926462
1639504376969,2021-12-14T12:52:56.969,49.19,12.956831997531072,-5.125335705500495,37.73426133087952
1639504376979,2021-12-14T12:52:56.979,49.2,13.8395027180651,-4.834768022407225,41.49045059715744
1639504376989,2021-12-14T12:52:56.989,49.21,14.617397241414546,-4.51625198741425,45.19697189892662
1639504376999,2021-12-14T12:52:56.999,49.22,15.145816761371808,-4.221864736578775,48.80004151646045
1639504377009,2021-12-14T12:52:57.009,49.23,15.255616475250177,-4.05380032107282,52.22714690328115
1639504377019,2021-12-14T12:52:57.019,49.24,15.00732051337957,-4.079406756468188,55.35220715960652
1639504377029,2021-12-14T12:52:57.029,49.25,14.529673520305376,-4.258998796130266,57.905486532553624
1639504377039,2021-12-14T12:52:57.039,49.26,13.90302987870798,-4.484084056213832,59.63403098066266
1639504377049,2021-12-14T12:52:57.049,49.27,13.292437450505128,-4.694302552875236,60.55706783855244
1639504377059,2021-12-14T12:52:57.059,49.28,12.920326847933723,-4.95110812106276,60.91128136209796
1639504377069,2021-12-14T12:52:57.069,49.29,12.836548665809783,-5.402491829120353,60.93362940130238
1639504377079,2021-12-14T12:52:57.079,49.3,12.833925270103258,-6.173302778998133,60.80335786962286
1639504377089,2021-12-14T12:52:57.089,49.31,12.6772475787021,-7.233903617120882,60.64483610860471
1639504377099,2021-12-14T12:52:57.099,49.32,12.479063092228639,-8.342620636964167,60.49898019566386
1639504377109,2021-12-14T12:52:57.109,49.33,12.693263739030478,-9.202131006531884,60.36759248559258
1639504377119,2021-12-14T12:52:57.119,49.34,13.518707305088231,-9.69509839619326,60.21384534497133
1639504377129,2021-12-14T12:52:57.129,49.35,14.55935719395959,-9.820750064672527,59.82853306706602
1639504377139,2021-12-14T12:52:57.139,49.36,15.32508120868223,-9.453408633306264,58.84271625576537
1639504377149,2021-12-14T12:52:57.149,49.37,15.599642367770551,-8.45865039110097,56.972194670885756
1639504377159,2021-12-14T12:52:57.159,49.38,15.043716613910103,-7.011498346096254,54.186237304076656
1639504377169,2021-12-14T12:52:57.169,49.39,13.190410685568356,-5.494596132065166,50.71786753435377
1639504377179,2021-12-14T12:52:57.179,49.4,10.244163837039967,-4.1368310344189965,47.01134772049028
1639504377189,2021-12-14T12:52:57.189,49.41,7.124389563490963,-2.9468379536617264,43.50670405128202
1639504377199,2021-12-14T12:52:57.199,49.42,4.469000889243938,-1.8310161139585275,40.40702776549743
1639504377209,2021-12-14T12:52:57.209,49.43,2.40330883484585,-0.6392353221206405,37.85632854765309
1639504377219,2021-12-14T12:52:57.219,49.44,1.1808997125706528,0.6896805699106403,36.266594134784334
1639504377229,2021-12-14T12:52:57.229,49.45,0.9135664769209847,1.9390337272755058,36.0167003250446
1639504377239,2021-12-14T12:52:57.239,49.46,0.8352088092786523,2.7400963388827275,36.805359803833746
1639504377249,2021-12-14T12:52:57.249,49.47,0.054876850422997336,2.875591573160424,37.824925175521905
1639504377259,2021-12-14T12:52:57.259,49.48,-1.187951227805236,2.3069943206752184,38.63423261006346
1639504377269,2021-12-14T12:52:57.269,49.49,-2.1585866476375104,0.9882389885316863,39.32099848587987
1639504377279,2021-12-14T12:52:57.279,49.5,-3.1309970926694697,-1.1452284025066537,39.84331137169852
1639504377289,2021-12-14T12:52:57.289,49.51,-5.045255931189258,-4.017971140826084,39.92898235300383
1639504377299,2021-12-14T12:52:57.299,49.52,-7.8652735813272825,-7.346221539949058,39.69008978081015
1639504377309,2021-12-14T12:52:57.309,49.53,-10.368654924747501,-10.67688781376282,39.607012529417084
1639504377319,2021-12-14T12:52:57.319,49.54,-11.641198027173125,-13.46099390405931,39.6761697214275
1639504377329,2021-12-14T12:52:57.329,49.55,-11.920396314055399,-15.199821846920756,39.112160029018604
1639504377339,2021-12-14T12:52:57.339,49.56,-11.688278086010893,-15.586176208640229,37.17480027344553
1639504377349,2021-12-14T12:52:57.349,49.57,-10.71553052705873,-14.533038774179651,33.93869366299654
1639504377359,2021-12-14T12:52:57.359,49.58,-8.682737108895653,-12.230956713842032,29.96662585367101
1639504377369,2021-12-14T12:52:57.369,49.59,-6.286295823268861,-9.276532474018602,25.517624242748447
1639504377379,2021-12-14T12:52:57.379,49.6,-4.873309810588761,-6.514569945416237,20.500911885248453
1639504377389,2021-12-14T12:52:57.389,49.61,-5.025777516093283,-4.485036425225884,15.128039592461464
1639504377399,2021-12-14T12:52:57.399,49.62,-6.098531211655764,-3.0864544278844055,10.151634217420739
1639504377409,2021-12-14T12:52:57.409,49.63,-7.1611615296389495,-1.9052009623876127,6.213502120845485
1639504377419,2021-12-14T12:52:57.419,49.64,-7.874407597468872,-0.6851721575620395,3.148777497013869
1639504377429,2021-12-14T12:52:57.429,49.65,-8.264124231603459,0.6608052872117958,0.2705527705540223
1639504377439,2021-12-14T12:52:57.439,49.66,-8.180986230823118,2.1579910522945736,-2.7187574086328707
1639504377449,2021-12-14T12:52:57.449,49.67,-7.572946569421688,3.612625883081906,-5.564065097041584
1639504377459,2021-12-14T12:52:57.459,49.68,-6.917537130874435,4.6655974517349375,-8.164586769128414
1639504377469,2021-12-14T12:52:57.469,49.69,-6.613258228378574,5.247032288080394,-10.733827266526449
1639504377479,2021-12-14T12:52:57.479,49.7,-6.269494860648625,5.646966300988323,-13.212582029958744
1639504377489,2021-12-14T12:52:57.489,49.71,-5.438030274494132,5.974962503279086,-15.38671297015324
1639504377499,2021-12-14T12:52:57.499,49.72,-4.710728732835287,5.9439159835138895,-17.683483429444422
1639504377509,2021-12-14T12:52:57.509,49.73,-5.19659236318822,5.36818259441092,-20.962914736442197
1639504377519,2021-12-14T12:52:57.519,49.74,-7.033880561763455,4.573942066059018,-25.392236190791177
1639504377529,2021-12-14T12:52:57.529,49.75,-9.07920374603404,4.17838514745662,-30.21988813116903
1639504377539,2021-12-14T12:52:57.539,49.76,-10.093930050892194,4.632257875088943,-34.63443192013219
1639504377549,2021-12-14T12:52:57.549,49.77,-9.876811267318885,5.999225130036434,-38.283793959594504
1639504377559,2021-12-14T12:52:57.559,49.78,-9.165202989736782,7.993503412762818,-41.07040311487293
1639504377569,2021-12-14T12:52:57.569,49.79,-8.693870030062168,10.150860301375726,-42.93738122071878
1639504377579,2021-12-14T12:52:57.579,49.8,-8.630827184944913,12.059825795484967,-43.9260588490131
1639504377589,2021-12-14T12:52:57.589,49.81,-8.834789732285277,13.51038983076987,-44.283614729572264
1639504377599,2021-12-14T12:52:57.599,49.82,-9.209214465154949,14.442187792569321,-44.415582162261714
1639504377609,2021-12-14T12:52:57.609,49.83,-9.625686509021307,14.82564131485689,-44.62377148408284
1639504377619,2021-12-14T12:52:57.619,49.84,-9.845345592772574,14.662707908509631,-44.90472613092548
1639504377629,2021-12-14T12:52:57.629,49.85,-9.780842638973652,14.03476423952478,-45.130553143103434
1639504377639,2021-12-14T12:52:57.639,49.86,-9.628769942791953,13.063580257418103,-45.33712292282352
1639504377649,2021-12-14T12:52:57.649,49.87,-9.529379906268307,11.850201701467444,-45.63864538015619
1639504377659,2021-12-14T12:52:57.659,49.88,-9.309211134858174,10.478794909982328,-45.97045441374837
1639504377669,2021-12-14T12:52:57.669,49.89,-8.780220988098366,9.055967409179551,-46.17676929222844
1639504377679,2021-12-14T12:52:57.679,49.9,-8.049165547761518,7.740749302664456,-46.31696742341745
1639504377689,2021-12-14T12:52:57.689,49.91,-7.315905286425794,6.690468916310095,-46.67375626797674
1639504377699,2021-12-14T12:52:57.699,49.92,-6.672967762801532,5.897112197551508,-47.45907035536099
1639504377709,2021-12-14T12:52:57.709,49.93,-6.28312905966765,5.1582701791878085,-48.62249592864857
1639504377719,2021-12-14T12:52:57.719,49.94,-6.306599528158617,4.354249960006198,-49.848392998691935
1639504377729,2021-12-14T12:52:57.729,49.95,-6.442416450962472,3.6513918123258584,-50.59157411783691
1639504377739,2021-12-14T12:52:57.739,49.96,-6.081589214667003,3.272480307319684,-50.279671386014314
1639504377749,2021-12-14T12:52:57.749,49.97,-5.130712715993005,3.210704458129783,-48.73082839195828
1639504377759,2021-12-14T12:52:57.759,49.98,-4.099764912419701,3.3298332812778564,-46.27398879389372
1639504377769,2021-12-14T12:52:57.769,49.99,-3.2548590183949457,3.5532299316606517,-43.29394364566791
1639504377779,2021-12-14T12:52:57.779,50.0,-2.3769864252086492,3.7831906731954907,-39.84624404131538
1639504377789,2021-12-14T12:52:57.789,50.01,-1.413440711758203,3.8470129429979636,-35.86300770536779
1639504377799,2021-12-14T12:52:57.799,50.02,-0.6179367341511655,3.6960927398022263,-31.477264043193266
1639504377809,2021-12-14T12:52:57.809,50.03,-0.02101652287312894,3.470328635008422,-26.96850168177948
1639504377819,2021-12-14T12:52:57.819,50.04,0.577766224961414,3.2393404969547928,-22.578672758036703
1639504377829,2021-12-14T12:52:57.829,50.05,1.1575669269598083,2.8460371736855867,-18.479881521733738
1639504377839,2021-12-14T12:52:57.839,50.06,1.5653514739326604,2.1005087093464416,-14.781266307461356
1639504377849,2021-12-14T12:52:57.849,50.07,1.940751637062136,1.038930963621303,-11.545257197159227
1639504377859,2021-12-14T12:52:57.859,50.08,2.627718891907974,-0.05129253336166173,-8.877004882196378
1639504377869,2021-12-14T12:52:57.869,50.09,3.7544074195459327,-0.852977615979856,-6.911824545419779
1639504377879,2021-12-14T12:52:57.879,50.1,5.162556768201727,-1.2613077426629085,-5.636482991601676
1639504377889,2021-12-14T12:52:57.889,50.11,6.658613283934644,-1.3584389960234962,-4.870403637711735
1639504377899,2021-12-14T12:52:57.899,50.12,8.162094294528575,-1.1714789151513845,-4.502405557606052
1639504377909,2021-12-14T12:52:57.909,50.13,9.669705714361255,-0.604650528692195,-4.571487462111856
1639504377919,2021-12-14T12:52:57.919,50.14,11.164950066842577,0.3586295241499415,-5.0676438696775215
1639504377929,2021-12-14T12:52:57.929,50.15,12.503253868405395,1.5443068647412785,-5.859876707201343
1639504377939,2021-12-14T12:52:57.939,50.16,13.386081676310184,2.7484050288975,-6.806139669761695
1639504377949,2021-12-14T12:52:57.949,50.17,13.631353825111713,3.9053310383005355,-7.6734500211618215
1639504377959,2021-12-14T12:52:57.959,50.18,13.48411158747258,5.035361750692698,-8.034333092105229
1639504377969,2021-12-14T12:52:57.969,50.19,13.350489178728319,6.10037544817207,-7.6057223305831805
1639504377979,2021-12-14T12:52:57.979,50.2,13.174216959141098,6.994805136922617,-6.65031536361192
1639504377989,2021-12-14T12:52:57.989,50.21,12.501479251927663,7.665864389113283,-5.7204368178586
1639504377999,2021-12-14T12:52:57.999,50.22,11.240461909043468,8.17035093654557,-5.090194606670876
1639504378009,2021-12-14T12:52:58.009,50.23,9.830968920312781,8.58900074856879,-4.754674598407974
1639504378019,2021-12-14T12:52:58.019,50.24,8.525627693400834,8.930923687225885,-4.854749196315446
1639504378029,2021-12-14T12:52:58.029,50.25,7.044942693933605,9.151091081686836,-5.70991527473017
1639504378039,2021-12-14T12:52:58.039,50.26,5.151462991183949,9.244207833704756,-7.4162989859562245
1639504378049,2021-12-14T12:52:58.049,50.27,3.131126591624993,9.29422048010365,-9.656007155087396
1639504378059,2021-12-14T12:52:58.059,50.28,1.4833643143802213,9.393449234561373,-11.934159474540735
1639504378069,2021-12-14T12:52:58.069,50.29,0.39408055805093245,9.500592794978793,-13.886579914633867
1639504378079,2021-12-14T12:52:58.079,50.3,-0.33927903521791153,9.434482658838082,-15.380761862451973
1639504378089,2021-12-14T12:52:58.089,50.31,-1.020411161252448,9.039878799424244,-16.445253753232375
1639504378099,2021-12-14T12:52:58.099,50.32,-1.7887175264991004,8.316252135384731,-17.136438095857724
1639504378109,2021-12-14T12:52:58.109,50.33,-2.5565134704372645,7.376456602201638,-17.411157822020165
1639504378119,2021-12-14T12:52:58.119,50.34,-3.1675859309518692,6.333449512674732,-17.124437413284145
1639504378129,2021-12-14T12:52:58.129,50.35,-3.6373073816804524,5.246134422674292,-16.221739907461657
1639504378139,2021-12-14T12:52:58.139,50.36,-4.171124461409113,4.145666180305425,-14.898187399591958
1639504378149,2021-12-14T12:52:58.149,50.37,-4.902604929825719,3.0930228359026497,-13.444031313519588
1639504378159,2021-12-14T12:52:58.159,50.38,-5.722011594359784,2.226876475950641,-11.984721662788605
1639504378169,2021-12-14T12:52:58.169,50.39,-6.431987232219291,1.7599663817353424,-10.536325681687092
1639504378179,2021-12-14T12:52:58.179,50.4,-6.994595195141595,1.8459106044998794,-9.228683011495725
1639504378189,2021-12-14T12:52:58.189,50.41,-7.60395614933927,2.381952451035548,-8.255942689399053
1639504378199,2021-12-14T12:52:58.199,50.42,-8.578197014010676,3.044017217821459,-7.687474765396967
1639504378209,2021-12-14T12:52:58.209,50.43,-10.117749351763587,3.6303341029511813,-7.5241061302107015
1639504378219,2021-12-14T12:52:58.219,50.44,-12.028378538071031,4.287849959184456,-7.812072751016144
1639504378229,2021-12-14T12:52:58.229,50.45,-13.73153263311095,5.283542393944377,-8.495135729116145
1639504378239,2021-12-14T12:52:58.239,50.46,-14.760889465708676,6.619769341605478,-9.299691493773832
1639504378249,2021-12-14T12:52:58.249,50.47,-15.255687647716305,7.994694667104291,-9.956560417161546
1639504378259,2021-12-14T12:52:58.259,50.48,-15.738755886605922,9.104638298112816,-10.381564978753344
1639504378269,2021-12-14T12:52:58.269,50.49,-16.44283230218254,9.863583312385412,-10.511684940639773
1639504378279,2021-12-14T12:52:58.279,50.5,-17.130682546709956,10.342761371309308,-10.205581607691652
1639504378289,2021-12-14T12:52:58.289,50.51,-17.45242157257306,10.6462743296541,-9.477565125518266
1639504378299,2021-12-14T12:52:58.299,50.52,-17.179807323670193,10.860492092340664,-8.63690676753418
1639504378309,2021-12-14T12:52:58.309,50.53,-16.378762264972675,10.967422456406693,-8.076195831574198
1639504378319,2021-12-14T12:52:58.319,50.54,-15.60001425882034,10.812438534485999,-8.060099426214352
1639504378329,2021-12-14T12:52:58.329,50.55,-15.271198611321953,10.341287486498592,-8.648025861176698
1639504378339,2021-12-14T12:52:58.339,50.56,-14.717018967317616,9.799631458599775,-9.478234006321474
1639504378349,2021-12-14T12:52:58.349,50.57,-13.01805464750175,9.40850304241371,-9.790537041108646
1639504378359,2021-12-14T12:52:58.359,50.58,-11.101553298230305,8.945514964401756,-9.476788065812322
1639504378369,2021-12-14T12:52:58.369,50.59,-10.900758148890993,8.096519872289687,-9.964278429229044
1639504378379,2021-12-14T12:52:58.379,50.6,-11.84321349384315,7.120108641030316,-12.514400265084493
1639504378389,2021-12-14T12:52:58.389,50.61,-11.076709621408941,6.522640926292329,-15.838800148725326
1639504378399,2021-12-14T12:52:58.399,50.62,-8.210598471432624,6.113741676262374,-17.749014615360068
1639504378409,2021-12-14T12:52:58.409,50.63,-6.3357207059666525,5.135500041220913,-18.561417655535276
1639504378419,2021-12-14T12:52:58.419,50.64,-6.992329066700986,3.3517744299186365,-19.8268434167487
1639504378429,2021-12-14T12:52:58.429,50.65,-7.8735154272002195,1.2680558608628247,-20.800444705311254
1639504378439,2021-12-14T12:52:58.439,50.66,-7.017915225427853,-0.7609906592788533,-19.369735736727478
1639504378449,2021-12-14T12:52:58.449,50.67,-5.718070406852746,-2.9461378908986022,-15.180530021241946
1639504378459,2021-12-14T12:52:58.459,50.68,-5.753927031667825,-5.504508509277709,-9.265698561239645
1639504378469,2021-12-14T12:52:58.469,50.69,-6.673876942753532,-8.23347954560899,-1.9831317946646045
1639504378479,2021-12-14T12:52:58.479,50.7,-7.159845468749302,-10.727575808507957,6.58155219330452
1639504378489,2021-12-14T12:52:58.489,50.71,-6.895334825012141,-12.612194405094055,15.1115781642108
1639504378499,2021-12-14T12:52:58.499,50.72,-5.963489115648935,-13.521701240088571,21.589735698386665
1639504378509,2021-12-14T12:52:58.509,50.73,-4.028373557689104,-13.249066765927791,25.08685918920405
1639504378519,2021-12-14T12:52:58.519,50.74,-1.2183784478911042,-12.066124758160242,26.142458183579784
1639504378529,2021-12-14T12:52:58.529,50.75,1.2656661487663095,-10.627117760189705,25.663713707038614
1639504378539,2021-12-14T12:52:58.539,50.76,2.37380422205062,-9.42526752412752,24.24637722640543
1639504378549,2021-12-14T12:52:58.549,50.77,2.2244669940040227,-8.523308070052803,22.30026045923492
1639504378559,2021-12-14T12:52:58.559,50.78,1.340870621760799,-7.793302732462072,20.063931952977505
1639504378569,2021-12-14T12:52:58.569,50.79,-0.016463594461680997,-7.10201092293123,17.70124769105557
1639504378579,2021-12-14T12:52:58.579,50.8,-1.3299371209217414,-6.282236852421013,15.747046321566817
1639504378589,2021-12-14T12:52:58.589,50.81,-2.0608726364239303,-5.312336933649065,14.833126754806568
1639504378599,2021-12-14T12:52:58.599,50.82,-2.706855536415302,-4.504530309793658,14.788718230669751
1639504378609,2021-12-14T12:52:58.609,50.83,-4.039446983355615,-4.151046238298735,14.93825246811603
1639504378619,2021-12-14T12:52:58.619,50.84,-5.3971183232132045,-4.114070142183678,15.20563087082692
1639504378629,2021-12-14T12:52:58.629,50.85,-5.5919741490660275,-4.107795459357093,15.775324005485256
1639504378639,2021-12-14T12:52:58.639,50.86,-4.941700283838365,-4.113115119843003,16.10132040069883
1639504378649,2021-12-14T12:52:58.649,50.87,-4.355468885715135,-4.183778082778359,15.57838560404181
1639504378659,2021-12-14T12:52:58.659,50.88,-3.3891964440273368,-4.19176008923398,14.586932539036273
1639504378669,2021-12-14T12:52:58.669,50.89,-1.210623207343024,-4.052116278449525,13.738704876202968
1639504378679,2021-12-14T12:52:58.679,50.9,1.707773974578169,-3.8783960114310396,12.878037509769616
1639504378689,2021-12-14T12:52:58.689,50.91,4.477321167768214,-3.7437121570456773,11.661028849812775
1639504378699,2021-12-14T12:52:58.699,50.92,7.116243899290012,-3.5753652371048723,10.261987119804516
1639504378709,2021-12-14T12:52:58.709,50.93,9.872185994507237,-3.3707847333044416,8.933915331823963
1639504378719,2021-12-14T12:52:58.719,50.94,12.355576452435702,-3.265942179018951,7.584460990691813
1639504378729,2021-12-14T12:52:58.729,50.95,14.08696425017494,-3.3176141323280426,6.100381086990775
1639504378739,2021-12-14T12:52:58.739,50.96,15.14780458958667,-3.394639045848926,4.578044040089524
1639504378749,2021-12-14T12:52:58.749,50.97,15.909238078018154,-3.3423693431440795,3.1099522667412156
1639504378759,2021-12-14T12:52:58.759,50.98,16.542103492238333,-3.1326712105933554,1.6894498656862915
1639504378769,2021-12-14T12:52:58.769,50.99,16.937616827506737,-2.8174319497875846,0.3552877723554237
1639504378779,2021-12-14T12:52:58.779,51.0,16.91210697530024,-2.4443937114053678,-0.7963672512611282
1639504378789,2021-12-14T12:52:58.789,51.01,16.43006573896087,-2.052997264163843,-1.74434334694894
1639504378799,2021-12-14T12:52:58.799,51.02,15.656273012692576,-1.6634461310537176,-2.5377591247997984
1639504378809,2021-12-14T12:52:58.809,51.03,14.819210469365856,-1.240644868861291,-3.1631827737251488
1639504378819,2021-12-14T12:52:58.819,51.04,14.076414909068825,-0.7282904577430858,-3.5413044735423274
1639504378829,2021-12-14T12:52:58.829,51.05,13.472600802085488,-0.13237835049215874,-3.677078892371794
1639504378839,2021-12-14T12:52:58.839,51.06,12.911391724672967,0.45219063804581816,-3.691669345344202
1639504378849,2021-12-14T12:52:58.849,51.07,12.162351001613686,0.8845924566642236,-3.6478866480195453
1639504378859,2021-12-14T12:52:58.859,51.08,10.997025910333853,1.0495998074428,-3.448918818151184
1639504378869,2021-12-14T12:52:58.869,51.09,9.360377915876999,0.9121219081246343,-2.9632043429522983
1639504378879,2021-12-14T12:52:58.879,51.1,7.3748250371919735,0.4812502927811926,-2.149288119257578
1639504378889,2021-12-14T12:52:58.889,51.11,5.2012049381267085,-0.2734954974487645,-1.0485029910773536
1639504378899,2021-12-14T12:52:58.899,51.12,3.00966038881388,-1.38226516935268,0.19668276078790553
1639504378909,2021-12-14T12:52:58.909,51.13,1.1010753075303605,-2.737033740536509,1.304305783513225
1639504378919,2021-12-14T12:52:58.919,51.14,-0.13565336063244457,-4.097037184419918,1.9969271978051588
1639504378929,2021-12-14T12:52:58.929,51.15,-0.5318188018203779,-5.264196443025345,2.1947985730348676
1639504378939,2021-12-14T12:52:58.939,51.16,-0.29973007112051425,-6.196913908300657,1.9238331803544932
1639504378949,2021-12-14T12:52:58.949,51.17,0.19605625920126335,-6.980695780171253,1.1030877105288166
1639504378959,2021-12-14T12:52:58.959,51.18,0.706489619864178,-7.752178149718251,-0.3622171090005544
1639504378969,2021-12-14T12:52:58.969,51.19,1.1770600695902727,-8.58489609116908,-2.314553296697488
1639504378979,2021-12-14T12:52:58.979,51.2,1.814002996916735,-9.390504442700486,-4.347852138381692
1639504378989,2021-12-14T12:52:58.989,51.21,2.9597970888136658,-10.02614989801523,-6.0770239221227795
1639504378999,2021-12-14T12:52:58.999,51.22,4.624034772149036,-10.495726386405993,-7.292154885851897
1639504379009,2021-12-14T12:52:59.009,51.23,6.490744394380865,-10.89827025355645,-7.758635644811224
1639504379019,2021-12-14T12:52:59.019,51.24,8.543915671331712,-11.302828411627342,-7.071040388041831
1639504379029,2021-12-14T12:52:59.029,51.25,10.669882752994619,-11.908190227282823,-5.30114296185584
1639504379039,2021-12-14T12:52:59.039,51.26,11.66919541135781,-12.986495100320045,-3.572072729309145
1639504379049,2021-12-14T12:52:59.049,51.27,11.019862620440882,-14.257889654773262,-2.4484666172523184
1639504379059,2021-12-14T12:52:59.059,51.28,11.538100726053251,-14.964874013917402,0.03221810494372637
1639504379069,2021-12-14T12:52:59.069,51.29,15.669179424900772,-15.26973157622276,5.4637010498593925
1639504379079,2021-12-14T12:52:59.079,51.3,18.99490675774675,-16.512239709174324,10.110359502969466
1639504379089,2021-12-14T12:52:59.089,51.31,15.382342960744667,-18.888245118158594,8.501026584243139
1639504379099,2021-12-14T12:52:59.099,51.32,9.345429977988577,-20.30864537420522,2.8736652777116385
1639504379109,2021-12-14T12:52:59.109,51.33,11.441081709889755,-19.30356162442594,1.138986013464729
1639504379119,2021-12-14T12:52:59.119,51.34,19.93328814840158,-17.487804602768325,4.08433057249803
1639504379129,2021-12-14T12:52:59.129,51.35,22.31368780212787,-17.097572670112974,4.4637366922560435
1639504379139,2021-12-14T12:52:59.139,51.36,16.71275804017606,-17.64445158041493,0.2703557623190683
1639504379149,2021-12-14T12:52:59.149,51.37,14.462635992213338,-17.173740272461718,-2.1094341331999598
1639504379159,2021-12-14T12:52:59.159,51.38,19.90588813499576,-15.489643983472257,0.5480478519654484
1639504379169,2021-12-14T12:52:59.169,51.39,24.944214570809617,-14.033878839731308,4.212005817544201
1639504379179,2021-12-14T12:52:59.179,51.4,24.678531298175326,-13.520252083800582,6.129373703382303
1639504379189,2021-12-14T12:52:59.189,51.41,23.140169340673154,-13.495211186087097,8.23030059125606
1639504379199,2021-12-14T12:52:59.199,51.42,22.9112664458499,-13.640121012560876,11.353960744998568
1639504379209,2021-12-14T12:52:59.209,51.43,21.31333447728162,-14.055248129952894,13.357299580549377
1639504379219,2021-12-14T12:52:59.219,51.44,17.279294263732933,-14.53747827920862,13.403842514227012
1639504379229,2021-12-14T12:52:59.229,51.45,13.398109059075662,-14.591064750063413,13.108048524226799
1639504379239,2021-12-14T12:52:59.239,51.46,11.146816845065441,-14.051199005963369,13.421097767705357
1639504379249,2021-12-14T12:52:59.249,51.47,9.46779630925936,-13.146676252587017,13.652463707978349
1639504379259,2021-12-14T12:52:59.259,51.48,7.584373287822205,-12.100855047415777,13.362351465244666
1639504379269,2021-12-14T12:52:59.269,51.49,5.9999453004538665,-11.001526713183216,13.201055229509613
1639504379279,2021-12-14T12:52:59.279,51.5,5.116372714769165,-9.931237347150391,13.933092219758175
1639504379289,2021-12-14T12:52:59.289,51.51,4.480569291603359,-9.027916937115332,15.535999318444436
1639504379299,2021-12-14T12:52:59.299,51.52,3.265659520320916,-8.422496778825355,17.268034354935498
1639504379309,2021-12-14T12:52:59.309,51.53,1.1051453383786718,-8.116052346803324,18.45197715561926
1639504379319,2021-12-14T12:52:59.319,51.54,-1.4938931779169575,-7.9385366533155945,19.140053897655
1639504379329,2021-12-14T12:52:59.329,51.55,-3.7980567890911012,-7.732234022615184,19.78866249884845
1639504379339,2021-12-14T12:52:59.339,51.56,-5.837818640085937,-7.559032408777412,20.436210587018294
1639504379349,2021-12-14T12:52:59.349,51.57,-8.177102792818143,-7.590733587813906,20.6920668474587
1639504379359,2021-12-14T12:52:59.359,51.58,-10.843765468663806,-7.815484957001381,20.41212220001775
1639504379369,2021-12-14T12:52:59.369,51.59,-13.241526191946775,-8.013702015069804,19.830647746427886
1639504379379,2021-12-14T12:52:59.379,51.6,-15.039860997178613,-8.02026585117344,19.05833980076914
1639504379389,2021-12-14T12:52:59.389,51.61,-16.47184817647271,-7.862133320213394,17.917090135879423
1639504379399,2021-12-14T12:52:59.399,51.62,-17.79430849792484,-7.642224788857547,16.30105432750527
1639504379409,2021-12-14T12:52:59.409,51.63,-18.950485977007553,-7.406128138222191,14.373164539513482
1639504379419,2021-12-14T12:52:59.419,51.64,-19.73493054292342,-7.128056655680744,12.374511972400361
1639504379429,2021-12-14T12:52:59.429,51.65,-20.022583190505195,-6.779786785576254,10.46009692868045
1639504379439,2021-12-14T12:52:59.439,51.66,-19.89275460652255,-6.40273521009838,8.719513334758586
1639504379449,2021-12-14T12:52:59.449,51.67,-19.58347446034567,-6.081416042795297,7.199626327018878
1639504379459,2021-12-14T12:52:59.459,51.68,-19.217483510441774,-5.8476775765003985,5.926174833425666
1639504379469,2021-12-14T12:52:59.469,51.69,-18.67258509376125,-5.672437906818528,4.9761656374034136
1639504379479,2021-12-14T12:52:59.479,51.7,-17.866507031817623,-5.536453478943282,4.436806970840732
1639504379489,2021-12-14T12:52:59.489,51.71,-16.965544161345615,-5.431758952333283,4.246028421545018
1639504379499,2021-12-14T12:52:59.499,51.72,-16.11919291016536,-5.307961292494456,4.20860992142631
1639504379509,2021-12-14T12:52:59.509,51.73,-15.191190494761273,-5.0866926832016395,4.206816782179159
1639504379519,2021-12-14T12:52:59.519,51.74,-13.943655365901467,-4.72987361431544,4.230879127332787
1639504379529,2021-12-14T12:52:59.529,51.75,-12.36482114098917,-4.268188139555198,4.148105440767067
1639504379539,2021-12-14T12:52:59.539,51.76,-10.69305794437361,-3.7673769323402126,3.6366855805357083
1639504379549,2021-12-14T12:52:59.549,51.77,-9.143235729137503,-3.257676395481556,2.506606945201632
1639504379559,2021-12-14T12:52:59.559,51.78,-7.673165132033551,-2.705195869113596,0.9880641012106812
1639504379569,2021-12-14T12:52:59.569,51.79,-6.141808744778691,-2.0982351609593053,-0.47944363247452937
1639504379579,2021-12-14T12:52:59.579,51.8,-4.677875911380582,-1.5045503336834298,-1.7218462351243335
1639504379589,2021-12-14T12:52:59.589,51.81,-3.574884915738287,-0.9374671335971121,-2.917681798810964
1639504379599,2021-12-14T12:52:59.599,51.82,-2.815410450980284,-0.26406783715969084,-4.265681226415713
1639504379609,2021-12-14T12:52:59.609,51.83,-2.2191460500900018,0.6064800878738926,-5.888358914631671
1639504379619,2021-12-14T12:52:59.619,51.84,-2.012473471648315,1.5771135518556545,-8.023030575540663
1639504379629,2021-12-14T12:52:59.629,51.85,-2.4840822130511406,2.555344184752747,-10.75890594447921
1639504379639,2021-12-14T12:52:59.639,51.86,-3.1956082990369765,3.6118467539256134,-13.492517415568901
1639504379649,2021-12-14T12:52:59.649,51.87,-3.4734648690297574,4.780287258422813,-15.282367460305109
1639504379659,2021-12-14T12:52:59.659,51.88,-3.508074785233056,5.8490726956786965,-15.9555739786144
1639504379669,2021-12-14T12:52:59.669,51.89,-4.137937646618495,6.476554281775071,-16.253535319661125
1639504379679,2021-12-14T12:52:59.679,51.9,-5.894210927473548,6.458721460863792,-16.598272473199692
1639504379689,2021-12-14T12:52:59.689,51.91,-8.552783305550138,5.966702048203338,-16.376802872838507
1639504379699,2021-12-14T12:52:59.699,51.92,-10.631764388451932,5.591178837205288,-14.974365018452058
1639504379709,2021-12-14T12:52:59.709,51.93,-9.868364226575938,5.805500996996866,-12.827680251444502
1639504379719,2021-12-14T12:52:59.719,51.94,-6.71584910211833,6.195354329577857,-10.879711599927209
1639504379729,2021-12-14T12:52:59.729,51.95,-6.104074860874211,5.855111660845852,-9.928399955526302
1639504379739,2021-12-14T12:52:59.739,51.96,-10.896439131300298,4.921218911888332,-10.51496622605038
1639504379749,2021-12-14T12:52:59.749,51.97,-15.388761573964942,4.7613768904913165,-11.949342681422277
1639504379759,2021-12-14T12:52:59.759,51.98,-12.851422689970292,5.962452082423513,-12.664461956820617
1639504379769,2021-12-14T12:52:59.769,51.99,-7.331183571827237,7.215237638975577,-13.190443520694402
1639504379779,2021-12-14T12:52:59.779,52.0,-7.933391768571318,7.1237402214776395,-15.585878636192781
1639504379789,2021-12-14T12:52:59.789,52.01,-13.827597652091365,6.077222399557611,-18.491540321512858
1639504379799,2021-12-14T12:52:59.799,52.02,-16.452455338896463,5.268433166365596,-17.61795507834667
1639504379809,2021-12-14T12:52:59.809,52.03,-14.204401214101898,4.791208915799611,-12.189157348945166
1639504379819,2021-12-14T12:52:59.819,52.04,-13.282678369133663,3.9275494875667922,-5.726339532085138
1639504379829,2021-12-14T12:52:59.829,52.05,-15.815858674493889,2.670331305141773,-0.26087744627003107
1639504379839,2021-12-14T12:52:59.839,52.06,-17.625190630939716,1.7150974384734958,5.1311591136819
1639504379849,2021-12-14T12:52:59.849,52.07,-16.796406307914754,1.2655710321961096,10.187596797970576
1639504379859,2021-12-14T12:52:59.859,52.08,-15.971338860027094,0.9339669688486933,12.63674887908532
1639504379869,2021-12-14T12:52:59.869,52.09,-16.3311677829969,0.6723243146312983,11.91450077165485
1639504379879,2021-12-14T12:52:59.879,52.1,-15.78569335563466,0.8921134461363096,10.122296358470521
1639504379889,2021-12-14T12:52:59.889,52.11,-13.425686884560019,1.707916628359992,8.824881539097479
1639504379899,2021-12-14T12:52:59.899,52.12,-11.03621556662273,2.7654121254261734,7.570320481982943
1639504379909,2021-12-14T12:52:59.909,52.13,-9.72055103229956,3.8034555830602477,5.950683747483803
1639504379919,2021-12-14T12:52:59.919,52.14,-8.331223605840583,4.864007334719684,4.933036226578907
1639504379929,2021-12-14T12:52:59.929,52.15,-5.723891511653179,5.950889246156835,5.4736365613328655
1639504379939,2021-12-14T12:52:59.939,52.16,-2.4037789829472516,6.870119119715804,7.1554301715012745
1639504379949,2021-12-14T12:52:59.949,52.17,0.5838120120293783,7.453131596609823,8.856892271724975
1639504379959,2021-12-14T12:52:59.959,52.18,3.184437965016256,7.6978391494653655,10.112626333855898
1639504379969,2021-12-14T12:52:59.969,52.19,6.096976426385952,7.640006397250607,11.273789501052017
1639504379979,2021-12-14T12:52:59.979,52.2,9.461424658458856,7.26218333333581,12.602145584874297
1639504379989,2021-12-14T12:52:59.989,52.21,12.621514400029081,6.608986338066442,13.813370730960187
1639504379999,2021-12-14T12:52:59.999,52.22,15.30663759824776,5.858905727196948,14.64438483312199
1639504380009,2021-12-14T12:53:00.009,52.23,18.15044901887208,5.1872913042772675,15.32271040457982
1639504380019,2021-12-14T12:53:00.019,52.24,21.591765058228233,4.639870922253401,16.084733632692505
1639504380029,2021-12-14T12:53:00.029,52.25,25.071716500636754,4.191780514140904,16.631005212787883
1639504380039,2021-12-14T12:53:00.039,52.26,27.89498246974904,3.8518227185056304,16.526149904434032
1639504380049,2021-12-14T12:53:00.049,52.27,30.229154913357938,3.6578928270804623,15.86383862085246
1639504380059,2021-12-14T12:53:00.059,52.28,32.60655240822477,3.5998915377703815,15.073714925403237
1639504380069,2021-12-14T12:53:00.069,52.29,34.86783415058351,3.576817980339861,14.247764613859275
1639504380079,2021-12-14T12:53:00.079,52.3,36.249744808397246,3.4447797842156334,13.103064460359729
1639504380089,2021-12-14T12:53:00.089,52.31,36.3460294920202,3.1202438475801246,11.54760598816673
1639504380099,2021-12-14T12:53:00.099,52.32,35.45866257576971,2.6370999106870627,9.8937477690844
1639504380109,2021-12-14T12:53:00.109,52.33,34.05989133678601,2.101168941388626,8.473760334389848
1639504380119,2021-12-14T12:53:00.119,52.34,32.34066930454432,1.5989009342057239,7.333398723283828
1639504380129,2021-12-14T12:53:00.129,52.35,30.30283071896256,1.1635539459313848,6.372161255292008
1639504380139,2021-12-14T12:53:00.139,52.36,27.96777009119677,0.813509298412022,5.573706473101657
1639504380149,2021-12-14T12:53:00.149,52.37,25.431270026492875,0.5680554218379483,5.021029245736514
1639504380159,2021-12-14T12:53:00.159,52.38,22.83148775291998,0.3974245362624439,4.786295523637392
1639504380169,2021-12-14T12:53:00.169,52.39,20.210427722438084,0.1943254263903771,4.821216796882338
1639504380179,2021-12-14T12:53:00.179,52.4,17.432387524014715,-0.16175131136455917,4.937008006223818
1639504380189,2021-12-14T12:53:00.189,52.41,14.441349583417246,-0.7133428751219028,4.949285675838433
1639504380199,2021-12-14T12:53:00.199,52.42,11.494978141814471,-1.425153828303845,4.801067339054616
1639504380209,2021-12-14T12:53:00.209,52.43,8.866716711443287,-2.2613094476902047,4.4427228374330525
1639504380219,2021-12-14T12:53:00.219,52.44,6.5358570271195875,-3.193658730615252,3.7231473094849727
1639504380229,2021-12-14T12:53:00.229,52.45,4.495831298174004,-4.13271112832728,2.5935953709037967
1639504380239,2021-12-14T12:53:00.239,52.46,3.0105216294453445,-4.956967336787227,1.2832221587013266
1639504380249,2021-12-14T12:53:00.249,52.47,2.184815548746287,-5.637321513912477,0.05911397967832818
1639504380259,2021-12-14T12:53:00.259,52.48,1.6837549846407533,-6.229487181725565,-1.0724111493208779
1639504380269,2021-12-14T12:53:00.269,52.49,1.208904100009827,-6.728261706497831,-2.290087952613505
1639504380279,2021-12-14T12:53:00.279,52.5,0.8495915311511626,-7.03782312698888,-3.739834382110864
1639504380289,2021-12-14T12:53:00.289,52.51,0.7594443330041012,-7.0951888040014754,-5.481739871684282
1639504380299,2021-12-14T12:53:00.299,52.52,0.8884448278445685,-6.914027078161153,-7.478270899238373
1639504380309,2021-12-14T12:53:00.309,52.53,1.1523855047509473,-6.507603769775135,-9.544379748142811
1639504380319,2021-12-14T12:53:00.319,52.54,1.5218404653663749,-5.890022811589461,-11.497070012152887
1639504380329,2021-12-14T12:53:00.329,52.55,1.884697958739095,-5.130312165095192,-13.483738598347347
1639504380339,2021-12-14T12:53:00.339,52.56,2.1420495791787615,-4.250133971983448,-15.788598270771239
1639504380349,2021-12-14T12:53:00.349,52.57,2.4126187955298874,-3.189018208921869,-17.995031793955196
1639504380359,2021-12-14T12:53:00.359,52.58,2.5525289788684566,-2.1721118394084145,-19.312288235045582
1639504380369,2021-12-14T12:53:00.369,52.59,1.6327567930731415,-1.7856625865940812,-20.58209225235082
1639504380379,2021-12-14T12:53:00.379,52.6,-0.5688729761838103,-2.0107835594933703,-23.579028962699844
1639504380389,2021-12-14T12:53:00.389,52.61,-1.6692444925174503,-1.798700438864444,-26.109508049115124
1639504380399,2021-12-14T12:53:00.399,52.62,0.5615637879653528,-0.8707772158893373,-22.608348671401735
1639504380409,2021-12-14T12:53:00.409,52.63,3.3221092088940583,-0.8561033752481358,-14.595375300327916
1639504380419,2021-12-14T12:53:00.419,52.64,1.9656433198975356,-2.5150636682218748,-13.045679568013007
1639504380429,2021-12-14T12:53:00.429,52.65,-0.7767583939113408,-3.329315333685854,-22.001534213102616
1639504380439,2021-12-14T12:53:00.439,52.66,3.4045197006746926,-0.8068746679690165,-29.85014399990313
1639504380449,2021-12-14T12:53:00.449,52.67,13.737539907236165,3.387252388555193,-27.773741614392275
1639504380459,2021-12-14T12:53:00.459,52.68,17.58526439350183,5.8453631106167,-24.28846909219498
1639504380469,2021-12-14T12:53:00.469,52.69,9.764906796675696,6.49230771505259,-28.83656815606828
1639504380479,2021-12-14T12:53:00.479,52.7,3.1244586864286683,7.991328146356892,-34.590718222677964
1639504380489,2021-12-14T12:53:00.489,52.71,9.117426340609533,11.031155764457212,-30.684806982491793
1639504380499,2021-12-14T12:53:00.499,52.72,20.11025465805689,13.24501859609658,-19.35447771328301
1639504380509,2021-12-14T12:53:00.509,52.73,23.121573510056088,12.72205853731123,-9.346129431883014
1639504380519,2021-12-14T12:53:00.519,52.74,19.16657092816503,10.209799592576903,-1.9774997838963646
1639504380529,2021-12-14T12:53:00.529,52.75,17.154770282584497,7.448266092465117,6.673706100448696
1639504380539,2021-12-14T12:53:00.539,52.76,18.49271375443992,5.118585396142965,16.256795039964352
1639504380549,2021-12-14T12:53:00.549,52.77,18.169976194686384,3.105988538262916,22.461971924051987
1639504380559,2021-12-14T12:53:00.559,52.78,14.77000950518222,1.5161159441483438,23.72138159768946
1639504380569,2021-12-14T12:53:00.569,52.79,11.303718254667048,0.5459447242536857,22.556593161596652
1639504380579,2021-12-14T12:53:00.579,52.8,9.160101537265875,-0.08657842164887453,21.460236029326474
1639504380589,2021-12-14T12:53:00.589,52.81,6.660159007813512,-0.9352739247135278,20.58652010047853
1639504380599,2021-12-14T12:53:00.599,52.82,2.5723024995741346,-2.204694480124042,19.279653934177023
1639504380609,2021-12-14T12:53:00.609,52.83,-2.1229705783874864,-3.6300436137967154,17.845197317644896
1639504380619,2021-12-14T12:53:00.619,52.84,-5.915358053343462,-4.87711771350553,17.18767718072884
1639504380629,2021-12-14T12:53:00.629,52.85,-8.665160984604837,-5.854980319132785,17.48935801046482
1639504380639,2021-12-14T12:53:00.639,52.86,-11.41504988646184,-6.621052595097256,17.99087360757265
1639504380649,2021-12-14T12:53:00.649,52.87,-14.71222258673755,-7.123232235499734,18.06842752305832
1639504380659,2021-12-14T12:53:00.659,52.88,-17.721959621604615,-7.16252675292077,17.967145944631852
1639504380669,2021-12-14T12:53:00.669,52.89,-19.375905006758465,-6.584066691131266,18.195145363270655
1639504380679,2021-12-14T12:53:00.679,52.9,-19.869927819723703,-5.4046978699358235,18.66126602788738
1639504380689,2021-12-14T12:53:00.689,52.91,-20.276959409140588,-3.7604887241199814,18.876723557030576
1639504380699,2021-12-14T12:53:00.699,52.92,-21.04275580080845,-1.8048412641053164,18.73656608146525
1639504380709,2021-12-14T12:53:00.709,52.93,-21.730973242678353,0.3491437054742639,18.611310841389226
1639504380719,2021-12-14T12:53:00.719,52.94,-22.04069223979751,2.631554007348752,18.72429081963439
1639504380729,2021-12-14T12:53:00.729,52.95,-22.192677658496862,4.964395683688011,18.817123133158137
1639504380739,2021-12-14T12:53:00.739,52.96,-22.32265711390153,7.2312295265508,18.505114743020993
1639504380749,2021-12-14T12:53:00.749,52.97,-22.219026784220443,9.330527507950562,17.72127393486363
1639504380759,2021-12-14T12:53:00.759,52.98,-21.777664699724,11.2124306256441,16.676653714033854
1639504380769,2021-12-14T12:53:00.769,52.99,-21.238007742814016,12.830432002053994,15.539267663248264
1639504380779,2021-12-14T12:53:00.779,53.0,-20.828856635066643,14.136364416358287,14.360413360909135
1639504380789,2021-12-14T12:53:00.789,53.01,-20.439954088362356,15.160261322273199,13.275974229721438
1639504380799,2021-12-14T12:53:00.799,53.02,-19.774195697259593,16.007447785223288,12.530620710453562
1639504380809,2021-12-14T12:53:00.809,53.03,-18.707028469684502,16.755406804830564,12.193459679754682
1639504380819,2021-12-14T12:53:00.819,53.04,-17.32714596896064,17.443751058653575,12.026742591081351
1639504380829,2021-12-14T12:53:00.829,53.05,-15.646496788930968,18.160712936089713,11.764897940740564
1639504380839,2021-12-14T12:53:00.839,53.06,-13.5327049444696,19.04266294124881,11.328223114461357
1639504380849,2021-12-14T12:53:00.849,53.07,-10.99766997810332,20.198956212388282,10.623149535870711
1639504380859,2021-12-14T12:53:00.859,53.08,-8.237925930889961,21.69536311311039,9.432345877321465
1639504380869,2021-12-14T12:53:00.869,53.09,-5.334507939956476,23.54294804070212,7.721036794198671
1639504380879,2021-12-14T12:53:00.879,53.1,-2.3692987322664836,25.627926750086615,5.723155702362564
1639504380889,2021-12-14T12:53:00.889,53.11,0.09937948891091636,27.73721799628791,3.527302415079987
1639504380899,2021-12-14T12:53:00.899,53.12,1.3390609601686638,29.74681203202369,0.9736618263875166
1639504380909,2021-12-14T12:53:00.909,53.13,1.4191824878597368,31.713117501404398,-1.873576897077039
1639504380919,2021-12-14T12:53:00.919,53.14,1.1535239223679643,33.69405798754564,-4.616218574952386
1639504380929,2021-12-14T12:53:00.929,53.15,0.8097133669578738,35.571293045549965,-7.083022638085149
1639504380939,2021-12-14T12:53:00.939,53.16,-0.3067595144786926,37.17028662707938,-9.60093966022997
1639504380949,2021-12-14T12:53:00.949,53.17,-2.636479129685808,38.49401312077348,-12.534688829225281
1639504380959,2021-12-14T12:53:00.959,53.18,-5.578749076206574,39.718610264201786,-15.874631830069166
1639504380969,2021-12-14T12:53:00.969,53.19,-8.332958984805867,40.99837549603892,-19.346053904190825
1639504380979,2021-12-14T12:53:00.979,53.2,-10.67408215893951,42.352625398409806,-22.52260433776971
1639504380989,2021-12-14T12:53:00.989,53.21,-12.525601921747384,43.65834178644393,-24.84902452255019
1639504380999,2021-12-14T12:53:00.999,53.22,-13.928232807920867,44.69289371612838,-26.283520341191263
1639504381009,2021-12-14T12:53:01.009,53.23,-15.718611624857207,45.40221489432356,-27.80957152958146
1639504381019,2021-12-14T12:53:01.019,53.24,-18.056719661750744,46.234579338306375,-29.68496449153308
1639504381029,2021-12-14T12:53:01.029,53.25,-17.993981818795966,47.681806595979424,-29.231717824235353
1639504381039,2021-12-14T12:53:01.039,53.26,-13.118382711978299,49.12028836956165,-23.86388804852787
1639504381049,2021-12-14T12:53:01.049,53.27,-8.746012663046798,49.01973979406243,-17.1283318590941
1639504381059,2021-12-14T12:53:01.059,53.28,-13.345571599336289,47.13858521506366,-16.08348047254898
1639504381069,2021-12-14T12:53:01.069,53.29,-23.953366747583402,45.36344654368689,-20.711818753127297
1639504381079,2021-12-14T12:53:01.079,53.3,-27.76903360821678,45.186540546842494,-23.498510285323093
1639504381089,2021-12-14T12:53:01.089,53.31,-22.255415137177145,45.639495104401405,-21.776899418103568
1639504381099,2021-12-14T12:53:01.099,53.32,-18.86392895508569,45.03420284263814,-20.823210772019074
1639504381109,2021-12-14T12:53:01.109,53.33,-22.834725495223005,43.33154345791132,-22.439683859469753
1639504381119,2021-12-14T12:53:01.119,53.34,-26.39271333551999,41.367846711313376,-21.381743529602403
1639504381129,2021-12-14T12:53:01.129,53.35,-25.369107633966568,39.0666076552386,-15.27540896029091
1639504381139,2021-12-14T12:53:01.139,53.36,-25.40682576822071,35.89876210431524,-7.852778563883981
1639504381149,2021-12-14T12:53:01.149,53.37,-29.2919467918121,32.137257701202,-1.2141176908195945
1639504381159,2021-12-14T12:53:01.159,53.38,-33.005358279279776,28.38563575607983,6.2043618653908705
1639504381169,2021-12-14T12:53:01.169,53.39,-35.19219460651543,24.626437955026766,13.755859120140641
1639504381179,2021-12-14T12:53:01.179,53.4,-38.64995490024481,20.775818187198183,18.106726085118567
1639504381189,2021-12-14T12:53:01.189,53.41,-42.7970558382254,17.487435268132415,18.666691023715828
1639504381199,2021-12-14T12:53:01.199,53.42,-43.89414761876257,15.449920712043635,18.079891001645983
1639504381209,2021-12-14T12:53:01.209,53.43,-41.82404370939379,14.404211748022732,17.703978413949663
1639504381219,2021-12-14T12:53:01.219,53.44,-39.67461095179582,13.608562783654719,16.75056810009599
1639504381229,2021-12-14T12:53:01.229,53.45,-37.95631032803246,12.800275427952545,15.253711943050021
1639504381239,2021-12-14T12:53:01.239,53.46,-34.80870780535305,12.088424496185379,14.309099927453477
1639504381249,2021-12-14T12:53:01.249,53.47,-30.366334895552583,11.380207356526725,13.779206619389303
1639504381259,2021-12-14T12:53:01.259,53.48,-26.279113697567688,10.494608008392946,12.530710403771934
1639504381269,2021-12-14T12:53:01.269,53.49,-22.432822998494405,9.512800744114962,10.467964613887837
1639504381279,2021-12-14T12:53:01.279,53.5,-17.73570022831882,8.618451043627598,8.282133528400568
1639504381289,2021-12-14T12:53:01.289,53.51,-12.555081488185285,7.834689330872479,5.937852330561011
1639504381299,2021-12-14T12:53:01.299,53.52,-7.766101316768754,7.1193650716776435,3.002496281922663
1639504381309,2021-12-14T12:53:01.309,53.53,-3.0160096620088623,6.499017802358669,-0.3093528041257219
1639504381319,2021-12-14T12:53:01.319,53.54,2.2894691614120575,6.0153838363139425,-3.5104025099218092
1639504381329,2021-12-14T12:53:01.329,53.55,7.7547237423530335,5.68889693261198,-6.533245932173365
1639504381339,2021-12-14T12:53:01.339,53.56,12.802068479839223,5.52962883594503,-9.431544092237907
1639504381349,2021-12-14T12:53:01.349,53.57,17.43937358762296,5.505134031189216,-12.04393739779031
1639504381359,2021-12-14T12:53:01.359,53.58,21.670624787857925,5.555233855384985,-14.275894356545894
1639504381369,2021-12-14T12:53:01.369,53.59,25.13118812834001,5.626158346416908,-16.194183253637075
1639504381379,2021-12-14T12:53:01.379,53.6,27.500984286641422,5.596315767412506,-17.740221802253927
1639504381389,2021-12-14T12:53:01.389,53.61,28.588345375366657,5.257202616425154,-18.788842746125383
1639504381399,2021-12-14T12:53:01.399,53.62,28.18305203470759,4.5096316195050905,-19.47449000190575
1639504381409,2021-12-14T12:53:01.409,53.63,26.4685768654685,3.5146725924392355,-20.049647106690845
1639504381419,2021-12-14T12:53:01.419,53.64,24.30435879669608,2.5365105820527334,-20.436423093157764
1639504381429,2021-12-14T12:53:01.429,53.65,22.493964278274046,1.6690888639435144,-20.28534518142102
1639504381439,2021-12-14T12:53:01.439,53.66,20.9318668673849,0.7787949863230607,-19.52108522370604
1639504381449,2021-12-14T12:53:01.449,53.67,18.91313672531693,-0.3210213118690013,-18.509364329985832
1639504381459,2021-12-14T12:53:01.459,53.68,16.197692130904983,-1.697976270559802,-17.54925941389678
1639504381469,2021-12-14T12:53:01.469,53.69,13.373535722297664,-3.290913535664892,-16.48662302962222
1639504381479,2021-12-14T12:53:01.479,53.7,11.099420247031652,-5.013190191147905,-15.052548254004535
1639504381489,2021-12-14T12:53:01.489,53.71,9.39121075746012,-6.821051653267613,-13.286665604610079
1639504381499,2021-12-14T12:53:01.499,53.72,7.9375334495816245,-8.6952140851358,-11.314741789009581
1639504381509,2021-12-14T12:53:01.509,53.73,6.749628738765653,-10.614708009689675,-9.025855219563262
1639504381519,2021-12-14T12:53:01.519,53.74,6.058757884470966,-12.562741631708892,-6.3547795910780955
1639504381529,2021-12-14T12:53:01.529,53.75,5.823657509869966,-14.517530950529988,-3.6226252029896946
1639504381539,2021-12-14T12:53:01.539,53.76,5.792341469641313,-16.435916610404355,-1.2638631726221705
1639504381549,2021-12-14T12:53:01.549,53.77,5.94827988753136,-18.27980536488107,0.5621510581425817
1639504381559,2021-12-14T12:53:01.559,53.78,6.528148501225415,-20.051868124456142,1.8584358638356524
1639504381569,2021-12-14T12:53:01.569,53.79,7.55674954171622,-21.785571091660543,2.534645356027036
1639504381579,2021-12-14T12:53:01.579,53.8,8.631863631779357,-23.517691605499664,2.4948751147746195
1639504381589,2021-12-14T12:53:01.589,53.81,9.349851552039883,-25.274453270003903,1.8276062185129587
1639504381599,2021-12-14T12:53:01.599,53.82,9.806486675071556,-27.03708008392919,0.7411362273748262
1639504381609,2021-12-14T12:53:01.609,53.83,10.449175056932656,-28.704138568542028,-0.5808888271442063
1639504381619,2021-12-14T12:53:01.619,53.84,11.452729547486056,-30.150747199375296,-1.9716471702597151
1639504381629,2021-12-14T12:53:01.629,53.85,12.41261864022729,-31.3467210039245,-3.324929638151282
1639504381639,2021-12-14T12:53:01.639,53.86,12.721417207147088,-32.341773187450144,-4.775791047063163
1639504381649,2021-12-14T12:53:01.649,53.87,12.196160696088466,-33.132699271312106,-6.582410629618507
1639504381659,2021-12-14T12:53:01.659,53.88,11.195875525290113,-33.66503649455503,-8.690136340578313
1639504381669,2021-12-14T12:53:01.669,53.89,10.005976504492253,-33.98856809036416,-10.778047943781814
1639504381679,2021-12-14T12:53:01.679,53.9,8.329355606907146,-34.27382478608813,-12.853215591381883
1639504381689,2021-12-14T12:53:01.689,53.91,5.793271278317984,-34.61618136183161,-15.204661317425026
1639504381699,2021-12-14T12:53:01.699,53.92,2.787339338993655,-34.95529850941722,-17.573606771295488
1639504381709,2021-12-14T12:53:01.709,53.93,0.057645317720017575,-35.265816374502656,-19.226755177073116
1639504381719,2021-12-14T12:53:01.719,53.94,-2.4970177587402276,-35.626709722446776,-20.166862774842972
1639504381729,2021-12-14T12:53:01.729,53.95,-5.371029459047884,-35.91730295193215,-20.935413009762247
1639504381739,2021-12-14T12:53:01.739,53.96,-7.566980289004874,-35.788691181435716,-20.700490799691618
1639504381749,2021-12-14T12:53:01.749,53.97,-7.323691604758356,-35.34106135147243,-17.83168368585123
1639504381759,2021-12-14T12:53:01.759,53.98,-5.559122379569107,-35.25016408115681,-13.222406855185184
1639504381769,2021-12-14T12:53:01.769,53.99,-5.419240781346938,-35.64125364536907,-9.19712187127689
1639504381779,2021-12-14T12:53:01.779,54.0,-7.125600788698739,-35.99251106003736,-4.2797897791253305
1639504381789,2021-12-14T12:53:01.789,54.01,-7.5895147886662055,-36.91313136134175,4.10949258913879
1639504381799,2021-12-14T12:53:01.799,54.02,-6.444599823829822,-39.90229948868681,10.597981463322055
1639504381809,2021-12-14T12:53:01.809,54.03,-6.770997688080799,-44.054940104325865,6.1928196674795135
1639504381819,2021-12-14T12:53:01.819,54.04,-8.05678996975104,-45.68664184511712,-5.821459538562764
1639504381829,2021-12-14T12:53:01.829,54.05,-5.206330313871416,-43.182910481585296,-11.268304973042275
1639504381839,2021-12-14T12:53:01.839,54.06,1.7021652566419012,-39.95015803390915,-5.791963211305957
1639504381849,2021-12-14T12:53:01.849,54.07,3.6030318882896752,-40.45774147041273,-0.6588608183970281
1639504381859,2021-12-14T12:53:01.859,54.08,-4.616891341243544,-44.877820453407864,-3.9732695714051562
1639504381869,2021-12-14T12:53:01.869,54.09,-13.386247866382014,-49.568968948479764,-9.051831247569051
1639504381879,2021-12-14T12:53:01.879,54.1,-10.22735175174224,-51.85756392564474,-6.715430956282296
1639504381889,2021-12-14T12:53:01.889,54.11,2.7365071519929036,-52.3006118744157,1.1496493759301363
1639504381899,2021-12-14T12:53:01.899,54.12,13.471580562286587,-52.48270231329372,6.472084341899016
1639504381909,2021-12-14T12:53:01.909,54.13,17.776009464473553,-52.5762149595275,6.765112123396593
1639504381919,2021-12-14T12:53:01.919,54.14,21.617418850757897,-51.83240544978326,5.858715505012881
1639504381929,2021-12-14T12:53:01.929,54.15,28.507249336437656,-50.33008394995116,6.29144345801783
1639504381939,2021-12-14T12:53:01.939,54.16,34.5462036838673,-49.124727219305655,6.5652269956092475
1639504381949,2021-12-14T12:53:01.949,54.17,36.06915287575454,-48.88722101693062,5.197201596254859
1639504381959,2021-12-14T12:53:01.959,54.18,34.81720345018637,-49.19613439654924,3.2566714672299995
1639504381969,2021-12-14T12:53:01.969,54.19,34.005183447582056,-49.29730198687432,2.2437256258821896
1639504381979,2021-12-14T12:53:01.979,54.2,34.01782991425045,-48.99044528177443,2.1472061947195984
1639504381989,2021-12-14T12:53:01.989,54.21,33.826623947718936,-48.50319193092398,2.4787763394939475
1639504381999,2021-12-14T12:53:01.999,54.22,33.655729417723805,-47.92375540386577,3.4962838627882276
1639504382009,2021-12-14T12:53:02.009,54.23,34.2803934621928,-47.1521692905953,5.505383076330722
1639504382019,2021-12-14T12:53:02.019,54.24,35.241204904771934,-46.223474238369114,7.94875755541085
1639504382029,2021-12-14T12:53:02.029,54.25,35.362914404173594,-45.34776120319303,9.94887861636536
1639504382039,2021-12-14T12:53:02.039,54.26,34.34017069656122,-44.65719069225336,11.266739384758935
1639504382049,2021-12-14T12:53:02.049,54.27,32.73765435541873,-44.10625874625716,12.236067288005703
1639504382059,2021-12-14T12:53:02.059,54.28,30.87340200281822,-43.624021280028344,13.100027696952505
1639504382069,2021-12-14T12:53:02.069,54.29,28.53910160182658,-43.22853995965529,13.840699625016015
1639504382079,2021-12-14T12:53:02.079,54.3,25.658803158080392,-42.94334059844669,14.470887558228865
1639504382089,2021-12-14T12:53:02.089,54.31,22.716422699316663,-42.663365390724096,15.143567443664889
1639504382099,2021-12-14T12:53:02.099,54.32,20.480774713380747,-42.16770925968425,15.980623169609702
1639504382109,2021-12-14T12:53:02.109,54.33,19.378724941848876,-41.25925625495743,16.92835098160465
1639504382119,2021-12-14T12:53:02.119,54.34,19.210719001544476,-39.82867451597873,17.808073211623473
1639504382129,2021-12-14T12:53:02.129,54.35,19.63732384150635,-37.791691528833546,18.509262688120963
1639504382139,2021-12-14T12:53:02.139,54.36,20.732932055980026,-35.07613276586614,19.108369150127707
1639504382149,2021-12-14T12:53:02.149,54.37,22.705999085977,-31.687059726861783,19.759562602475192
1639504382159,2021-12-14T12:53:02.159,54.38,25.337700290757546,-27.699466034978503,20.484198747990025
1639504382169,2021-12-14T12:53:02.169,54.39,28.039105459759526,-23.23587460598432,21.08522605393884
1639504382179,2021-12-14T12:53:02.179,54.4,30.15064544211566,-18.575548622171464,21.292883130829633
1639504382189,2021-12-14T12:53:02.189,54.41,30.983808531621335,-14.225266162471117,21.023277483344
1639504382199,2021-12-14T12:53:02.199,54.42,29.979330903339736,-10.712111269691215,20.431524711924467
1639504382209,2021-12-14T12:53:02.209,54.43,27.05129938562562,-8.2648440567632,19.685609875834515
1639504382219,2021-12-14T12:53:02.219,54.44,22.54805337509249,-6.740955409658432,18.76181422521083
1639504382229,2021-12-14T12:53:02.229,54.45,16.856937290338436,-5.82372328682284,17.40294267426235
1639504382239,2021-12-14T12:53:02.239,54.46,10.374994278471313,-5.197705202074356,15.258638585755145
1639504382249,2021-12-14T12:53:02.249,54.47,3.9275307953616725,-4.5634698995441925,12.351606458401825
1639504382259,2021-12-14T12:53:02.259,54.48,-1.3342394315799089,-3.697120150281126,9.434831150209263
1639504382269,2021-12-14T12:53:02.269,54.49,-5.008248735912675,-2.669229734014807,7.4037220590315584
1639504382279,2021-12-14T12:53:02.279,54.5,-8.114109277064124,-1.8819110926654086,6.274351736035647
1639504382289,2021-12-14T12:53:02.289,54.51,-11.935811091602975,-1.6654186768388832,5.285599592692785
1639504382299,2021-12-14T12:53:02.299,54.52,-16.28517900963414,-1.8703172928425438,4.0383838962455
1639504382309,2021-12-14T12:53:02.309,54.53,-19.71415386089759,-2.0094591680998097,2.8940821316339362
1639504382319,2021-12-14T12:53:02.319,54.54,-21.433359130100506,-1.7429064440034816,2.1798786760008424
1639504382329,2021-12-14T12:53:02.329,54.55,-22.12443403759764,-1.0718747197808174,1.6766749726248262
1639504382339,2021-12-14T12:53:02.339,54.56,-22.684880737456574,-0.12670471016174367,1.1282141134408423
1639504382349,2021-12-14T12:53:02.349,54.57,-23.07245399274555,1.0127793555318494,0.7225022208814471
1639504382359,2021-12-14T12:53:02.359,54.58,-22.84394544313586,2.2633290839703113,0.730248009746986
1639504382369,2021-12-14T12:53:02.369,54.59,-22.10738432020152,3.5203133659778185,1.034937664717517
1639504382379,2021-12-14T12:53:02.379,54.6,-21.275449900854,4.775567730284294,1.3728390460449036
1639504382389,2021-12-14T12:53:02.389,54.61,-20.35846580485867,6.083214975378562,1.7450027649192257
1639504382399,2021-12-14T12:53:02.399,54.62,-19.18266341225207,7.3653545483113625,2.2310387250621218
1639504382409,2021-12-14T12:53:02.409,54.63,-17.898546506804948,8.470159086383545,2.6526353481908105
1639504382419,2021-12-14T12:53:02.419,54.64,-16.619836178332935,9.462423747831787,2.7975893329648103
1639504382429,2021-12-14T12:53:02.429,54.65,-15.050649285892401,10.586113498501337,2.7546737606675955
1639504382439,2021-12-14T12:53:02.439,54.66,-13.130768009623328,11.892880891129337,2.6533892677774453
1639504382449,2021-12-14T12:53:02.449,54.67,-11.444575782986368,13.211961770470495,2.307205981608213
1639504382459,2021-12-14T12:53:02.459,54.68,-10.3080775193679,14.538069117779191,1.511699865600402
1639504382469,2021-12-14T12:53:02.469,54.69,-9.11449574425117,16.133976198795633,0.43897141777425297
1639504382479,2021-12-14T12:53:02.479,54.7,-7.260113904816095,18.166170475779353,-0.6453641786480956
1639504382489,2021-12-14T12:53:02.489,54.71,-5.091206758601356,20.47140227216406,-1.7366625923983146
1639504382499,2021-12-14T12:53:02.499,54.72,-3.359518441435181,22.73625569960766,-2.8315816161159812
1639504382509,2021-12-14T12:53:02.509,54.73,-2.316096714683867,24.742335382080267,-3.7134376069901553
1639504382519,2021-12-14T12:53:02.519,54.74,-1.7915384372308663,26.410957952779164,-4.2938095346875365
1639504382529,2021-12-14T12:53:02.529,54.75,-1.648374741731541,27.74479012679525,-4.802536806174503
1639504382539,2021-12-14T12:53:02.539,54.76,-1.758099103563375,28.80381523699463,-5.461977714279973
1639504382549,2021-12-14T12:53:02.549,54.77,-1.8718370153657589,29.70694748441838,-6.283943414037353
1639504382559,2021-12-14T12:53:02.559,54.78,-1.7876467353946381,30.575921017153036,-7.217892795866394
1639504382569,2021-12-14T12:53:02.569,54.79,-1.5140156779980862,31.415145640223734,-8.212467781447398
1639504382579,2021-12-14T12:53:02.579,54.8,-1.2181222752523457,32.09021901380876,-9.152201101775503
1639504382589,2021-12-14T12:53:02.589,54.81,-1.0719395677785764,32.50841326280825,-9.922854368217907
1639504382599,2021-12-14T12:53:02.599,54.82,-1.0653182151828304,32.77734019413707,-10.487618786603818
1639504382609,2021-12-14T12:53:02.609,54.83,-0.9447014800287445,33.10258626090759,-10.826029519202685
1639504382619,2021-12-14T12:53:02.619,54.84,-0.4445205219351859,33.57986868815924,-10.87408654929925
1639504382629,2021-12-14T12:53:02.629,54.85,0.4171461940734617,34.13261653045704,-10.562065527127018
1639504382639,2021-12-14T12:53:02.639,54.86,1.2895858113845096,34.56830018869292,-9.92157112871959
1639504382649,2021-12-14T12:53:02.649,54.87,1.7038613994259553,34.68523042988067,-9.164826953770262
1639504382659,2021-12-14T12:53:02.659,54.88,1.4687081777644613,34.450761764775415,-8.556393389081595
1639504382669,2021-12-14T12:53:02.669,54.89,0.9548274165929806,34.102477216694815,-8.166851247138656
1639504382679,2021-12-14T12:53:02.679,54.9,0.822040504360377,33.97238782784637,-7.869881744620087
1639504382689,2021-12-14T12:53:02.689,54.91,1.387516978688971,34.16492019664816,-7.560213917503008
1639504382699,2021-12-14T12:53:02.699,54.92,2.3597597098778684,34.42570833292511,-7.242520058966383
1639504382709,2021-12-14T12:53:02.709,54.93,3.148818568086789,34.34155228193127,-6.960105597138485
1639504382719,2021-12-14T12:53:02.719,54.94,3.4103144099113267,33.695753782008104,-6.729584986172216
1639504382729,2021-12-14T12:53:02.729,54.95,3.402355743595603,32.63017180814225,-6.508814474445876
1639504382739,2021-12-14T12:53:02.739,54.96,3.73469517793559,31.443601954908154,-6.238329416653654
1639504382749,2021-12-14T12:53:02.749,54.97,4.656928356879961,30.29227897907058,-5.94072423435342
1639504382759,2021-12-14T12:53:02.759,54.98,5.823696147005882,29.14338388966857,-5.694943233144599
1639504382769,2021-12-14T12:53:02.769,54.99,6.8772382071858384,27.929753040415918,-5.499584108781138
1639504382779,2021-12-14T12:53:02.779,55.0,7.904124516063508,26.637429920852036,-5.254322996083826
1639504382789,2021-12-14T12:53:02.789,55.01,9.143950705539385,25.283116178210694,-4.850511832935278
1639504382799,2021-12-14T12:53:02.799,55.02,10.594298602846079,23.902764260806123,-4.210999316102413
1639504382809,2021-12-14T12:53:02.809,55.03,12.097531163528883,22.55618313021065,-3.316087771820084
1639504382819,2021-12-14T12:53:02.819,55.04,13.579373643300867,21.29523853771161,-2.249712926075253
1639504382829,2021-12-14T12:53:02.829,55.05,15.030284206509862,20.140462048645084,-1.1459580633926227
1639504382839,2021-12-14T12:53:02.839,55.06,16.307259162468103,19.088998697626877,-0.09086150717976096
1639504382849,2021-12-14T12:53:02.849,55.07,17.029288651424864,18.10231447537808,0.8279903265279742
1639504382859,2021-12-14T12:53:02.859,55.08,16.783502218893272,17.124994600107158,1.453567976174077
1639504382869,2021-12-14T12:53:02.869,55.09,15.530014473245696,16.19288904688948,1.721385164816978
1639504382879,2021-12-14T12:53:02.879,55.1,13.68575000878784,15.457722576620014,1.8234355035342429
1639504382889,2021-12-14T12:53:02.889,55.11,11.68819589249389,15.009335371722056,2.0214450054681894
1639504382899,2021-12-14T12:53:02.899,55.12,9.622486699088103,14.757986587396793,2.3735801969767376
1639504382909,2021-12-14T12:53:02.909,55.13,7.393009893089515,14.585008873569702,2.812461167494911
1639504382919,2021-12-14T12:53:02.919,55.14,5.036399756034523,14.494305745527125,3.3406312746141187
1639504382929,2021-12-14T12:53:02.929,55.15,2.65377934471846,14.522396299214462,3.928494274335672
1639504382939,2021-12-14T12:53:02.939,55.16,0.2332354610870654,14.644859355516296,4.382761961076072
1639504382949,2021-12-14T12:53:02.949,55.17,-2.2112474177669226,14.87437981095097,4.56474431780865
1639504382959,2021-12-14T12:53:02.959,55.18,-4.492866336438655,15.30488548681263,4.601172341617171
1639504382969,2021-12-14T12:53:02.969,55.19,-6.449289410811275,15.967050339151038,4.675356734783385
1639504382979,2021-12-14T12:53:02.979,55.2,-8.105600475934056,16.76264105766479,4.765454064762044
1639504382989,2021-12-14T12:53:02.989,55.21,-9.552446300962604,17.579774543941273,4.758460142476398
1639504382999,2021-12-14T12:53:02.999,55.22,-10.91533506802161,18.350698801609354,4.665656071213866
1639504383009,2021-12-14T12:53:03.009,55.23,-12.43113721717192,18.999514874806444,4.586123892875468
1639504383019,2021-12-14T12:53:03.019,55.24,-14.269859506806053,19.455272696468064,4.574139220838659
1639504383029,2021-12-14T12:53:03.029,55.25,-16.370642236715724,19.701595772375164,4.619963126347142
1639504383039,2021-12-14T12:53:03.039,55.26,-18.662662112122803,19.74099222079367,4.66884966051893
1639504383049,2021-12-14T12:53:03.049,55.27,-21.204238722128864,19.575114098693028,4.638304491500791
1639504383059,2021-12-14T12:53:03.059,55.28,-23.8885675309948,19.27062621344981,4.530634442950043
1639504383069,2021-12-14T12:53:03.069,55.29,-26.310761489436143,18.945744227001185,4.554842124657377
1639504383079,2021-12-14T12:53:03.079,55.3,-28.186154152898347,18.623669439566072,4.995772544383333
1639504383089,2021-12-14T12:53:03.089,55.31,-29.704757539556958,18.16065492592011,5.8557703908888135
1639504383099,2021-12-14T12:53:03.099,55.32,-31.23641076352142,17.396208844246395,6.723003973701112
1639504383109,2021-12-14T12:53:03.109,55.33,-32.76706822014478,16.385188592431394,7.173903449554983
1639504383119,2021-12-14T12:53:03.119,55.34,-33.913492609413,15.372034663284012,7.2769331101440375
1639504383129,2021-12-14T12:53:03.129,55.35,-34.633363778011784,14.424177666803892,7.388502971967132
1639504383139,2021-12-14T12:53:03.139,55.36,-35.525749156490484,13.35171523784106,7.31951431038333
1639504383149,2021-12-14T12:53:03.149,55.37,-36.82602132812677,12.359533829603842,6.298360789883519
1639504383159,2021-12-14T12:53:03.159,55.38,-37.41620909172424,12.248357327633958,4.426876502691941
1639504383169,2021-12-14T12:53:03.169,55.39,-35.97915936599985,13.094142132654667,3.4055654762440657
1639504383179,2021-12-14T12:53:03.179,55.4,-33.13672340133904,13.535080596920444,4.412421287063774
1639504383189,2021-12-14T12:53:03.189,55.41,-31.227657768916536,12.693521843609599,6.0539590732218365
1639504383199,2021-12-14T12:53:03.199,55.42,-32.0804707036818,11.543784810528608,6.301856492937153
1639504383209,2021-12-14T12:53:03.209,55.43,-35.493060299937966,10.986901820863599,5.3780487128934436
1639504383219,2021-12-14T12:53:03.219,55.44,-38.789181894288255,10.593074312981932,4.527318086579238
1639504383229,2021-12-14T12:53:03.229,55.45,-38.85855850068748,10.30721102813853,3.3589663824739673
1639504383239,2021-12-14T12:53:03.239,55.46,-36.70698516496577,10.805109366114824,0.8240395812980719
1639504383249,2021-12-14T12:53:03.249,55.47,-36.49217360741287,11.769157872930371,-2.184269424555614
1639504383259,2021-12-14T12:53:03.259,55.48,-37.84972982503949,12.241088298572556,-3.174458958430753
1639504383269,2021-12-14T12:53:03.269,55.49,-35.59400336673705,12.192391801931459,-0.9307416608860563
1639504383279,2021-12-14T12:53:03.279,55.5,-28.892476809881718,11.969492800205337,2.917535465776999
1639504383289,2021-12-14T12:53:03.289,55.51,-22.85963095521027,11.30210814008322,5.809431715387687
1639504383299,2021-12-14T12:53:03.299,55.52,-19.91071830601266,9.984201497308401,7.236459002543999
1639504383309,2021-12-14T12:53:03.309,55.53,-17.163828249198794,8.367084341136605,8.540612900187533
1639504383319,2021-12-14T12:53:03.319,55.54,-12.967989417534149,6.615784296652753,10.151221609727456
1639504383329,2021-12-14T12:53:03.329,55.55,-9.489657024004348,4.454719944653188,10.924475178491313
1639504383339,2021-12-14T12:53:03.339,55.56,-8.205320653266817,1.877958911359928,10.19151117021411
1639504383349,2021-12-14T12:53:03.349,55.57,-7.6587219490375436,-0.6407169626790304,8.64030881716044
1639504383359,2021-12-14T12:53:03.359,55.58,-6.381624689280354,-2.752220428755288,6.967985487738682
1639504383369,2021-12-14T12:53:03.369,55.59,-4.803416384862567,-4.542905593489398,5.069805696041476
1639504383379,2021-12-14T12:53:03.379,55.6,-3.7208616950401603,-6.204956010019542,2.8200657917557024
1639504383389,2021-12-14T12:53:03.389,55.61,-3.012809576369109,-7.75853229796497,0.6599021284789148
1639504383399,2021-12-14T12:53:03.399,55.62,-2.3655724609805926,-9.203383821647385,-0.9099805158629127
1639504383409,2021-12-14T12:53:03.409,55.63,-2.0209322232725215,-10.699941181250404,-1.9231335776161405
1639504383419,2021-12-14T12:53:03.419,55.64,-2.3346148550040082,-12.31283409953566,-2.8035753135334094
1639504383429,2021-12-14T12:53:03.429,55.65,-3.076561195017535,-13.685623785148746,-3.752918894715356
1639504383439,2021-12-14T12:53:03.439,55.66,-3.543728531170575,-14.54370897182487,-4.422032419158748
1639504383449,2021-12-14T12:53:03.449,55.67,-3.4706914450113535,-15.514964925797049,-4.367365068616214
1639504383459,2021-12-14T12:53:03.459,55.68,-3.584600027090591,-17.353606862724853,-3.799004553593301
1639504383469,2021-12-14T12:53:03.469,55.69,-4.678031680993815,-19.19529458640664,-3.480296194520018
1639504383479,2021-12-14T12:53:03.479,55.7,-6.109879647686654,-19.396421199039413,-3.7563647916735494
1639504383489,2021-12-14T12:53:03.489,55.71,-6.0713577518730455,-18.439353656001874,-4.132537860958694
1639504383499,2021-12-14T12:53:03.499,55.72,-3.714627919911586,-18.5380223173261,-4.044520925031451
1639504383509,2021-12-14T12:53:03.509,55.73,-0.25844743340663967,-20.04123572971642,-3.6064504984678916
1639504383519,2021-12-14T12:53:03.519,55.74,2.497729079991184,-21.048381339841768,-3.291686323396741
1639504383529,2021-12-14T12:53:03.529,55.75,4.089655510920554,-20.68820344793303,-3.2310406040208832
1639504383539,2021-12-14T12:53:03.539,55.76,5.2894123125878165,-20.067966896054376,-3.174654980642584
1639504383549,2021-12-14T12:53:03.549,55.77,6.687333894364105,-20.088799013442305,-2.940903071389261
1639504383559,2021-12-14T12:53:03.559,55.78,8.116800897598782,-20.474759816265667,-2.5819484372347277
1639504383569,2021-12-14T12:53:03.569,55.79,9.262989645132159,-20.80025588244427,-2.1600199305307566
1639504383579,2021-12-14T12:53:03.579,55.8,10.133907700628335,-21.0639065981438,-1.6050423584064692
1639504383589,2021-12-14T12:53:03.589,55.81,10.854773899563176,-21.32492154459745,-0.8562770068757226
1639504383599,2021-12-14T12:53:03.599,55.82,11.487859245814857,-21.506147162928315,-0.012757762603144568
1639504383609,2021-12-14T12:53:03.609,55.83,12.17951080500784,-21.528675794797923,0.7419186039434987
1639504383619,2021-12-14T12:53:03.619,55.84,13.11881479089117,-21.374772061177183,1.2799505206448618
1639504383629,2021-12-14T12:53:03.629,55.85,14.218912514359813,-21.084971734999183,1.511908768368989
1639504383639,2021-12-14T12:53:03.639,55.86,15.13678237982898,-20.740551024153085,1.3469554807058675
1639504383649,2021-12-14T12:53:03.649,55.87,15.751329577646116,-20.361144113483682,0.8192138921291856
1639504383659,2021-12-14T12:53:03.659,55.88,16.341492595484716,-19.859083393217883,0.15891289900661293
1639504383669,2021-12-14T12:53:03.669,55.89,17.120065479992906,-19.156756200753094,-0.40959803266021955
1639504383679,2021-12-14T12:53:03.679,55.9,17.895567587839768,-18.268742874316438,-0.8408165097164535
1639504383689,2021-12-14T12:53:03.689,55.91,18.41207046345682,-17.231222099090214,-1.1417568240578126
1639504383699,2021-12-14T12:53:03.699,55.92,18.712329174259487,-16.033722645240815,-1.2359650893636098
1639504383709,2021-12-14T12:53:03.709,55.93,18.941243238140924,-14.664911237660203,-1.0517435286538086
1639504383719,2021-12-14T12:53:03.719,55.94,19.07803151508585,-13.183883993549937,-0.6182581681847248
1639504383729,2021-12-14T12:53:03.729,55.95,19.052830954519276,-11.673625068878843,-0.06467288847895826
1639504383739,2021-12-14T12:53:03.739,55.96,18.915145813678468,-10.101018555971654,0.377375208325942
1639504383749,2021-12-14T12:53:03.749,55.97,18.784842171608542,-8.313648613241046,0.46746378969949814
1639504383759,2021-12-14T12:53:03.759,55.98,18.769279481086585,-6.2503785321125775,0.16012581700972217
1639504383769,2021-12-14T12:53:03.769,55.99,18.888318245952007,-4.084375705417043,-0.3915807827796021
1639504383779,2021-12-14T12:53:03.779,56.0,18.943662227358757,-2.0881524868148156,-1.0775013320469506
1639504383789,2021-12-14T12:53:03.789,56.01,18.630800908275734,-0.40372758200557335,-1.91801669940164
1639504383799,2021-12-14T12:53:03.799,56.02,17.996465357217062,1.0216777089044553,-2.856971827804003
1639504383809,2021-12-14T12:53:03.809,56.03,17.524255966853183,2.309268947623373,-3.662977974955629
1639504383819,2021-12-14T12:53:03.819,56.04,17.43279047471004,3.4912597081340966,-4.24069803019187
1639504383829,2021-12-14T12:53:03.829,56.05,17.237944621482647,4.52654386204002,-4.937761643246949
1639504383839,2021-12-14T12:53:03.839,56.06,16.530083136238172,5.4868838895618275,-6.220029738266616
1639504383849,2021-12-14T12:53:03.849,56.07,15.772982290086178,6.575569301390164,-8.03567929571675
1639504383859,2021-12-14T12:53:03.859,56.08,15.5753938635638,7.816999466442599,-9.843897637725018
1639504383869,2021-12-14T12:53:03.869,56.09,15.562347829584716,8.851724862592354,-11.230354362578712
1639504383879,2021-12-14T12:53:03.879,56.1,14.85809129336405,9.216870576639316,-12.055327849500436
1639504383889,2021-12-14T12:53:03.889,56.11,13.347667897069547,8.773938723591353,-12.093130396840444
1639504383899,2021-12-14T12:53:03.899,56.12,11.653033655724977,7.771299059296373,-11.136274296123108
1639504383909,2021-12-14T12:53:03.909,56.13,10.211073158510688,6.5452260035107575,-9.515743424076973
1639504383919,2021-12-14T12:53:03.919,56.14,8.961607817921424,5.189009409299353,-7.932283237618298
1639504383929,2021-12-14T12:53:03.929,56.15,7.630485775062682,3.5489355325800984,-6.558237489679172
1639504383939,2021-12-14T12:53:03.939,56.16,6.170887690785693,1.699902183349733,-4.900066689270607
1639504383949,2021-12-14T12:53:03.949,56.17,5.204648881928367,0.21935137689759093,-2.9665327422481713
1639504383959,2021-12-14T12:53:03.959,56.18,5.485936994838194,-0.642869010061099,-1.7126057806562713
1639504383969,2021-12-14T12:53:03.969,56.19,6.375905413290036,-1.8431260062985801,-1.6801943444652978
1639504383979,2021-12-14T12:53:03.979,56.2,5.88596586552802,-4.328280260784809,-2.5456759762781176
1639504383989,2021-12-14T12:53:03.989,56.21,3.479909596587757,-6.949593927501166,-4.21632760640387
1639504383999,2021-12-14T12:53:03.999,56.22,1.8937665271299695,-7.385077191500318,-6.200183940925001
1639504384009,2021-12-14T12:53:04.009,56.23,3.631563880756667,-5.4907086204416355,-7.044867279613115
1639504384019,2021-12-14T12:53:04.019,56.24,6.007406343669833,-3.7439635367516937,-7.183501325864244
1639504384029,2021-12-14T12:53:04.029,56.25,4.352134652102723,-3.7696430258219684,-9.262219595533532
1639504384039,2021-12-14T12:53:04.039,56.26,0.5131291286568309,-4.3938799480351864,-13.016728096014699
1639504384049,2021-12-14T12:53:04.049,56.27,1.2402189079977166,-3.9089601745092595,-14.470701672024632
1639504384059,2021-12-14T12:53:04.059,56.28,7.491242530747127,-2.5016863712132054,-12.098496854317244
1639504384069,2021-12-14T12:53:04.069,56.29,13.380625631372764,-1.4697747150067464,-8.724300299414377
1639504384079,2021-12-14T12:53:04.079,56.3,15.882333023944941,-1.3091067705566193,-6.429336458418641
1639504384089,2021-12-14T12:53:04.089,56.31,17.7393484775161,-1.5177019806860281,-4.266901836635425
1639504384099,2021-12-14T12:53:04.099,56.32,21.129195498505172,-1.5355031403425943,-1.3794820825423952
1639504384109,2021-12-14T12:53:04.109,56.33,24.955448516618304,-1.198052561662961,1.337204096297411
1639504384119,2021-12-14T12:53:04.119,56.34,27.895004788091576,-0.6431750800894857,2.8790426197744257
1639504384129,2021-12-14T12:53:04.129,56.35,29.73960242745875,-0.09554145382875008,3.137204440909665
1639504384139,2021-12-14T12:53:04.139,56.36,30.468033377806186,0.3968556904542108,2.4359140475174605
1639504384149,2021-12-14T12:53:04.149,56.37,30.332344153511933,0.9639354084661598,1.3095798410248478
1639504384159,2021-12-14T12:53:04.159,56.38,29.866805520789512,1.5599108577415106,0.3516241003999727
1639504384169,2021-12-14T12:53:04.169,56.39,29.04023658505823,1.8550933107152874,-0.19753221499152482
1639504384179,2021-12-14T12:53:04.179,56.4,27.553811855174633,1.6524106141468518,-0.3163418098797388
1639504384189,2021-12-14T12:53:04.189,56.41,25.838918861604597,1.2739979735641902,0.22016039678039395
1639504384199,2021-12-14T12:53:04.199,56.42,24.571447802043004,1.3279215701492917,1.5873295942665244
1639504384209,2021-12-14T12:53:04.209,56.43,23.520453461188403,1.9133800129665768,3.4259831505801985
1639504384219,2021-12-14T12:53:04.219,56.44,21.815686804648895,2.223419461521633,5.097232080891671
1639504384229,2021-12-14T12:53:04.229,56.45,19.099252976453524,1.516692488042299,6.362356593577712
1639504384239,2021-12-14T12:53:04.239,56.46,15.721384228475639,0.35938253181018553,7.49155794857902
1639504384249,2021-12-14T12:53:04.249,56.47,11.981844459057907,-0.07699152826779723,8.705252695278807
1639504384259,2021-12-14T12:53:04.259,56.48,7.86565874099553,0.1847019423950973,9.814465019456145
1639504384269,2021-12-14T12:53:04.269,56.49,3.5343353259089687,0.06782784297098504,10.521990288886235
1639504384279,2021-12-14T12:53:04.279,56.5,-0.5713401744727615,-0.8252390178203877,10.781525663468525
1639504384289,2021-12-14T12:53:04.289,56.51,-4.225424150124279,-1.8752575021083886,10.658406652606056
1639504384299,2021-12-14T12:53:04.299,56.52,-7.4772923166295975,-2.584877825537398,10.098602084354173
1639504384309,2021-12-14T12:53:04.309,56.53,-10.195322627727244,-3.009343480989331,9.0880279389349
1639504384319,2021-12-14T12:53:04.319,56.54,-12.077322254676243,-3.267330233381717,7.848807766387635
1639504384329,2021-12-14T12:53:04.329,56.55,-13.1421710038926,-3.348920108854533,6.639552649954936
1639504384339,2021-12-14T12:53:04.339,56.56,-13.774919449657641,-3.2935947890789525,5.488872071273609
1639504384349,2021-12-14T12:53:04.349,56.57,-14.250848850978198,-3.156929172492834,4.302279265148858
1639504384359,2021-12-14T12:53:04.359,56.58,-14.526263599039165,-2.8756078902977347,3.1121678377107753
1639504384369,2021-12-14T12:53:04.369,56.59,-14.50953299725655,-2.3625285672571223,2.0618403229123112
1639504384379,2021-12-14T12:53:04.379,56.6,-14.280600290405935,-1.662051899120219,1.2156154680366216
1639504384389,2021-12-14T12:53:04.389,56.61,-13.991919624847402,-0.9030871076186592,0.4895008275893504
1639504384399,2021-12-14T12:53:04.399,56.62,-13.748556800035278,-0.15727928291893994,-0.29323932878967024
1639504384409,2021-12-14T12:53:04.409,56.63,-13.646208269403175,0.6020056496756133,-1.328045683416557
1639504384419,2021-12-14T12:53:04.419,56.64,-13.728460975859166,1.4558881133777817,-2.707331639627455
1639504384429,2021-12-14T12:53:04.429,56.65,-13.847442929460781,2.4831209934379035,-4.313843343155213
1639504384439,2021-12-14T12:53:04.439,56.66,-13.814449520602725,3.6849214824127143,-5.918396507531887
1639504384449,2021-12-14T12:53:04.449,56.67,-13.726120192661666,4.94482390300189,-7.389340500045188
1639504384459,2021-12-14T12:53:04.459,56.68,-13.830882693364535,6.131381182164679,-8.70469230068951
1639504384469,2021-12-14T12:53:04.469,56.69,-14.062496396771964,7.269722718851345,-9.799186714425652
1639504384479,2021-12-14T12:53:04.479,56.7,-14.04239477707214,8.545570470924774,-10.537018318925742
1639504384489,2021-12-14T12:53:04.489,56.71,-13.546369715776963,10.096315178974255,-10.835407443557283
1639504384499,2021-12-14T12:53:04.499,56.72,-12.733587622319567,11.845464223910199,-10.801049832893748
1639504384509,2021-12-14T12:53:04.509,56.73,-12.003798473693895,13.58893179684572,-10.8174001585325
1639504384519,2021-12-14T12:53:04.519,56.74,-11.725345517322994,15.219900012344311,-11.361657634761652
1639504384529,2021-12-14T12:53:04.529,56.75,-11.818520571456185,16.832385696591434,-12.446339344096453
1639504384539,2021-12-14T12:53:04.539,56.76,-11.6041299937647,18.5756276082792,-13.382298273979405
1639504384549,2021-12-14T12:53:04.549,56.77,-10.663709186947692,20.365212675205782,-13.566926969935277
1639504384559,2021-12-14T12:53:04.559,56.78,-9.858702048868967,21.80590011449935,-13.381327106729913
1639504384569,2021-12-14T12:53:04.569,56.79,-10.431046000426862,22.5792109874901,-13.585970326226718
1639504384579,2021-12-14T12:53:04.579,56.8,-11.893741416941282,22.848688675375055,-13.85764099940476
1639504384589,2021-12-14T12:53:04.589,56.81,-12.400797650937111,22.98189487470936,-12.95434064622954
1639504384599,2021-12-14T12:53:04.599,56.82,-11.676370275414413,22.941224897719845,-10.489530204017958
1639504384609,2021-12-14T12:53:04.609,56.83,-11.380458702158444,22.392149877113077,-7.186772238008624
1639504384619,2021-12-14T12:53:04.619,56.84,-11.86311227479889,21.34169280594093,-3.159688288824309
1639504384629,2021-12-14T12:53:04.629,56.85,-11.639079759432859,20.11579367746949,1.914039294430677
1639504384639,2021-12-14T12:53:04.639,56.86,-11.110307875463214,18.855792239379586,6.348998542379391
1639504384649,2021-12-14T12:53:04.649,56.87,-12.54234831559491,17.73377264248991,7.3070382918091825
1639504384659,2021-12-14T12:53:04.659,56.88,-14.87755984103816,17.373134977042383,5.194735279809345
1639504384669,2021-12-14T12:53:04.669,56.89,-14.166767769380327,18.10810791474646,3.2776766017386003
1639504384679,2021-12-14T12:53:04.679,56.9,-11.053300039412964,19.080308807310722,1.8472456641411013
1639504384689,2021-12-14T12:53:04.689,56.91,-11.080646544825818,19.062298499948415,-1.8484231846453896
1639504384699,2021-12-14T12:53:04.699,56.92,-15.435637459546957,17.936898194422533,-6.630464079889415
1639504384709,2021-12-14T12:53:04.709,56.93,-18.794271465797564,16.441254739379524,-7.074511692416008
1639504384719,2021-12-14T12:53:04.719,56.94,-18.5110406950986,14.762776109116526,-2.0385840736154686
1639504384729,2021-12-14T12:53:04.729,56.95,-18.493714100699357,12.397268009408737,2.8811911814495614
1639504384739,2021-12-14T12:53:04.739,56.96,-21.612044234244195,9.283306064637317,3.120182373650504
1639504384749,2021-12-14T12:53:04.749,56.97,-24.913235843765523,6.133793405706191,0.3898175685846611
1639504384759,2021-12-14T12:53:04.759,56.98,-25.092880915453016,3.4746239405626627,-0.947310819754279
1639504384769,2021-12-14T12:53:04.769,56.99,-23.638651985984886,1.0336248215331925,0.5961396739337529
1639504384779,2021-12-14T12:53:04.779,57.0,-23.71636979021131,-1.65807822560127,2.9896913284602995
1639504384789,2021-12-14T12:53:04.789,57.01,-25.361025869712037,-4.534371133050676,4.097740154533104
1639504384799,2021-12-14T12:53:04.799,57.02,-26.364320707394317,-7.146666108650116,4.007132033379173
1639504384809,2021-12-14T12:53:04.809,57.03,-25.863594601403236,-9.247436696402547,3.82117144178068
1639504384819,2021-12-14T12:53:04.819,57.04,-24.859636516777627,-10.940325051900507,3.7623722461307194
1639504384829,2021-12-14T12:53:04.829,57.05,-24.15565558933373,-12.361890504601476,3.4021753825004355
1639504384839,2021-12-14T12:53:04.839,57.06,-23.26313460716088,-13.460974895649597,2.9279588187251115
1639504384849,2021-12-14T12:53:04.849,57.07,-21.21114031341929,-14.165044397446682,3.232316173766922
1639504384859,2021-12-14T12:53:04.859,57.08,-17.950670839526964,-14.6094066407959,4.710660390306848
1639504384869,2021-12-14T12:53:04.869,57.09,-14.610374834065716,-15.015448328231674,6.622246414524929
1639504384879,2021-12-14T12:53:04.879,57.1,-11.921393614277875,-15.368463562067053,8.172972499156709
1639504384889,2021-12-14T12:53:04.889,57.11,-8.966371353282295,-15.394078380662979,9.701637909328264
1639504384899,2021-12-14T12:53:04.899,57.12,-4.540348164720308,-14.898521841920953,12.010719493546777
1639504384909,2021-12-14T12:53:04.909,57.13,0.9100241543198064,-14.000286488125722,15.016049192750128
1639504384919,2021-12-14T12:53:04.919,57.14,5.9695207115247175,-12.97311009199031,17.92506593234812
1639504384929,2021-12-14T12:53:04.929,57.15,10.164543335149581,-11.996270076465937,20.321392204980267
1639504384939,2021-12-14T12:53:04.939,57.16,13.925483695492066,-11.135208458422056,22.25938087336998
1639504384949,2021-12-14T12:53:04.949,57.17,17.314234825269377,-10.412430939584416,23.64230669398752
1639504384959,2021-12-14T12:53:04.959,57.18,20.007171047700343,-9.764867632260694,24.24637803122242
1639504384969,2021-12-14T12:53:04.969,57.19,22.115389270016223,-9.043171637249348,24.156785380814327
1639504384979,2021-12-14T12:53:04.979,57.2,24.04266508698352,-8.172612781519797,23.627767574056744
1639504384989,2021-12-14T12:53:04.989,57.21,25.742511014383293,-7.23287696618415,22.63702459892408
1639504384999,2021-12-14T12:53:04.999,57.22,26.774604612326936,-6.318810683020901,20.959981489242526
1639504385009,2021-12-14T12:53:05.009,57.23,26.971744993469585,-5.435670020441496,18.60889342970667
1639504385019,2021-12-14T12:53:05.019,57.24,26.616636994865324,-4.592487496057098,15.95344775842105
1639504385029,2021-12-14T12:53:05.029,57.25,26.00826484691183,-3.89488648454974,13.440873372318524
1639504385039,2021-12-14T12:53:05.039,57.26,25.144715886526317,-3.474808622723317,11.34124699787279
1639504385049,2021-12-14T12:53:05.049,57.27,23.889890408240284,-3.3780993741880794,9.744965000079137
1639504385059,2021-12-14T12:53:05.059,57.28,22.273602100550285,-3.5597225217421187,8.661572561470567
1639504385069,2021-12-14T12:53:05.069,57.29,20.46420492185873,-3.9570832344545255,8.021038938491298
1639504385079,2021-12-14T12:53:05.079,57.3,18.513236026430814,-4.533088474168206,7.603981598194886
1639504385089,2021-12-14T12:53:05.089,57.31,16.353254429769354,-5.252559009364581,7.084264024165305
1639504385099,2021-12-14T12:53:05.099,57.32,14.070960409566977,-6.05228983059693,6.226499855244089
1639504385109,2021-12-14T12:53:05.109,57.33,11.902082079273324,-6.880189297793347,4.997726406435792
1639504385119,2021-12-14T12:53:05.119,57.34,9.837891439713326,-7.767126364134911,3.415576031735969
1639504385129,2021-12-14T12:53:05.129,57.35,7.57341139880804,-8.79106257394466,1.3978922452330378
1639504385139,2021-12-14T12:53:05.139,57.36,5.060005936977294,-9.933195408579223,-1.082463038387032
1639504385149,2021-12-14T12:53:05.149,57.37,2.7284139467447828,-11.05016318205942,-3.8115210546935048
1639504385159,2021-12-14T12:53:05.159,57.38,0.8966148910564744,-12.036474283138755,-6.512144209118038
1639504385169,2021-12-14T12:53:05.169,57.39,-0.6012727482173246,-12.909722778697859,-9.091087380360328
1639504385179,2021-12-14T12:53:05.179,57.4,-1.8916102567334976,-13.688253445850485,-11.486542356352247
1639504385189,2021-12-14T12:53:05.189,57.41,-2.685447065117799,-14.33794783619227,-13.439037535967639
1639504385199,2021-12-14T12:53:05.199,57.42,-2.8068314069319684,-14.90269630031234,-14.692306285211405
1639504385209,2021-12-14T12:53:05.209,57.43,-2.5265215796721123,-15.500927688580862,-15.218396581061407
1639504385219,2021-12-14T12:53:05.219,57.44,-1.9553009660766285,-16.163679142575226,-14.986289039678116
1639504385229,2021-12-14T12:53:05.229,57.45,-0.9286665927048642,-16.9264990702495,-13.973219545452626
1639504385239,2021-12-14T12:53:05.239,57.46,0.005198004807742851,-17.978402051031644,-12.779907119265536
1639504385249,2021-12-14T12:53:05.249,57.47,0.0354269376945752,-19.255282032237645,-12.23309209874407
1639504385259,2021-12-14T12:53:05.259,57.48,0.4900810261722655,-20.121408863693357,-11.55953525312237
1639504385269,2021-12-14T12:53:05.269,57.49,3.9773543606711805,-20.262533882689933,-8.72639478001911
1639504385279,2021-12-14T12:53:05.279,57.5,9.000252534777832,-20.589218473264822,-4.319126968699033
1639504385289,2021-12-14T12:53:05.289,57.51,9.823509073462647,-22.04914204019127,-2.4791142158454367
1639504385299,2021-12-14T12:53:05.299,57.52,5.671515976702949,-23.837338936071607,-5.003009872767156
1639504385309,2021-12-14T12:53:05.309,57.53,4.109276808625699,-24.32571295002102,-7.75137214900834
1639504385319,2021-12-14T12:53:05.319,57.54,9.421794477662994,-23.544547544295362,-6.944258671752602
1639504385329,2021-12-14T12:53:05.329,57.55,14.982447083731575,-23.019673673459103,-5.108421782622387
1639504385339,2021-12-14T12:53:05.339,57.56,14.450392633297437,-23.273903361768355,-5.968303673965636
1639504385349,2021-12-14T12:53:05.349,57.57,12.329962732298185,-23.234589033017144,-7.750733176109667
1639504385359,2021-12-14T12:53:05.359,57.58,15.466952712617967,-22.1573056299724,-6.763886185309092
1639504385369,2021-12-14T12:53:05.369,57.59,22.062186225013754,-20.581729784474934,-3.6162273138800085
1639504385379,2021-12-14T12:53:05.379,57.6,26.566773484808497,-19.232667944892437,-1.1139656419565456
1639504385389,2021-12-14T12:53:05.389,57.61,28.404267592605056,-18.242574575885936,0.5681890241977162
1639504385399,2021-12-14T12:53:05.399,57.62,29.59890524487254,-17.621367338884944,2.723475750284014
1639504385409,2021-12-14T12:53:05.409,57.63,29.574309253033245,-17.48754808498233,4.957878773996839
1639504385419,2021-12-14T12:53:05.419,57.64,27.19564345267446,-17.657377541516993,6.114328718988849
1639504385429,2021-12-14T12:53:05.429,57.65,23.753797692227373,-17.667039052211102,6.2429074864577245
1639504385439,2021-12-14T12:53:05.439,57.66,20.813179903285153,-17.27021668281293,5.845964094940871
1639504385449,2021-12-14T12:53:05.449,57.67,18.138418790767744,-16.53665391561291,4.80325381769274
1639504385459,2021-12-14T12:53:05.459,57.68,15.286844365949788,-15.549887167053372,3.0999769175804817
1639504385469,2021-12-14T12:53:05.469,57.69,12.93903685441591,-14.291736279928706,1.4935004691177438
1639504385479,2021-12-14T12:53:05.479,57.7,11.817848981695917,-12.798594010819462,0.8455816293539213
1639504385489,2021-12-14T12:53:05.489,57.71,11.557966343600938,-11.30737972639632,1.2633839632592903
1639504385499,2021-12-14T12:53:05.499,57.72,11.030813530089834,-10.15872771846696,2.0895699115510693
1639504385509,2021-12-14T12:53:05.509,57.73,9.492080201875082,-9.484143936213178,2.643715623394301
1639504385519,2021-12-14T12:53:05.519,57.74,7.307542952648604,-9.095354343155288,2.8978927024368035
1639504385529,2021-12-14T12:53:05.529,57.75,5.266037450950962,-8.796867121646606,3.2450601843826585
1639504385539,2021-12-14T12:53:05.539,57.76,3.327413422235642,-8.638199409597785,3.7415128049748096
1639504385549,2021-12-14T12:53:05.549,57.77,0.7807503644704542,-8.723472305395955,4.0616886306382884
1639504385559,2021-12-14T12:53:05.559,57.78,-2.4898057304909265,-8.973616943777293,4.143583186975353
1639504385569,2021-12-14T12:53:05.569,57.79,-5.798422530610537,-9.218019868286738,4.288565953860902
1639504385579,2021-12-14T12:53:05.579,57.8,-8.674276243830626,-9.351441072176517,4.575024875922314
1639504385589,2021-12-14T12:53:05.589,57.81,-11.266253127678393,-9.307896834495113,4.704080373567905
1639504385599,2021-12-14T12:53:05.599,57.82,-13.710624374833658,-9.027834366232247,4.4929170282568
1639504385609,2021-12-14T12:53:05.609,57.83,-15.788804940672106,-8.52251609222444,4.061131203650118
1639504385619,2021-12-14T12:53:05.619,57.84,-17.357197996750017,-7.893871959935003,3.4657844799900426
1639504385629,2021-12-14T12:53:05.629,57.85,-18.64791318400614,-7.270277727952889,2.55552021694346
1639504385639,2021-12-14T12:53:05.639,57.86,-19.954259692171693,-6.750556026698729,1.280889219409096
1639504385649,2021-12-14T12:53:05.649,57.87,-21.258494515371495,-6.378421936555394,-0.13955608864065774
1639504385659,2021-12-14T12:53:05.659,57.88,-22.302812511306236,-6.12798572652371,-1.4410521948687154
1639504385669,2021-12-14T12:53:05.669,57.89,-22.9081685496254,-5.924155940555421,-2.5168679536549647
1639504385679,2021-12-14T12:53:05.679,57.9,-23.12472043135397,-5.707451383302602,-3.373793967669389
1639504385689,2021-12-14T12:53:05.689,57.91,-23.108060652474745,-5.491850093253829,-4.0345291843687034
1639504385699,2021-12-14T12:53:05.699,57.92,-22.92435957713959,-5.341982255493215,-4.53131293062736
1639504385709,2021-12-14T12:53:05.709,57.93,-22.482656008325332,-5.264390670091651,-4.919811579308056
1639504385719,2021-12-14T12:53:05.719,57.94,-21.616128999433645,-5.157714691208231,-5.265355471869343
1639504385729,2021-12-14T12:53:05.729,57.95,-20.250969784365882,-4.941739243967993,-5.627827730489065
1639504385739,2021-12-14T12:53:05.739,57.96,-18.527856905896456,-4.6815045473209675,-6.029294588505925
1639504385749,2021-12-14T12:53:05.749,57.97,-16.697390492374936,-4.475028772755394,-6.410483639698947
1639504385759,2021-12-14T12:53:05.759,57.98,-14.884309888034874,-4.276648778007845,-6.67236346128071
1639504385769,2021-12-14T12:53:05.769,57.99,-13.053930877313302,-3.9527146471446173,-6.806322337753064
1639504385779,2021-12-14T12:53:05.779,58.0,-11.22903898461078,-3.489527590917578,-6.96554963517439
1639504385789,2021-12-14T12:53:05.789,58.01,-9.662043057661608,-3.043676022605588,-7.435780498252952
1639504385799,2021-12-14T12:53:05.799,58.02,-8.685153206676343,-2.7056690538889896,-8.544157411175222
1639504385809,2021-12-14T12:53:05.809,58.03,-8.272942964062072,-2.2806273437705493,-10.386088046270038
1639504385819,2021-12-14T12:53:05.819,58.04,-7.921267116614382,-1.5587441544142673,-12.47506542143223
1639504385829,2021-12-14T12:53:05.829,58.05,-7.277093742550113,-0.7537487150103076,-13.925036661902478
1639504385839,2021-12-14T12:53:05.839,58.06,-6.681119063762985,-0.2330522171203045,-14.305871074779496
1639504385849,2021-12-14T12:53:05.849,58.07,-6.7083816015015945,0.06818825915161066,-14.206455017832901
1639504385859,2021-12-14T12:53:05.859,58.08,-7.351922410256353,0.40510511851742015,-14.592669568512797
1639504385869,2021-12-14T12:53:05.869,58.09,-7.990952031734743,0.6730233236400656,-15.309656270293598
1639504385879,2021-12-14T12:53:05.879,58.1,-8.17944702294976,0.6817305142565467,-14.46485107820629
1639504385889,2021-12-14T12:53:05.889,58.11,-8.065625140682943,0.6158286850249308,-10.620219333138053
1639504385899,2021-12-14T12:53:05.899,58.12,-7.712892491928667,0.729241515298764,-6.132442084798832
1639504385909,2021-12-14T12:53:05.909,58.13,-6.922823213441312,0.9114034611734771,-5.736709355984306
1639504385919,2021-12-14T12:53:05.919,58.14,-6.335780925181579,1.0182996401975548,-9.798283987624027
1639504385929,2021-12-14T12:53:05.929,58.15,-6.847935971055398,1.4883296214725554,-12.184306158970776
1639504385939,2021-12-14T12:53:05.939,58.16,-7.345701232601771,3.0625768230356067,-8.138034866339144
1639504385949,2021-12-14T12:53:05.949,58.17,-6.0561997767880005,5.715133880709931,-1.2634477288819626
1639504385959,2021-12-14T12:53:05.959,58.18,-4.368443680656036,8.443790253423808,0.8837406574449942
1639504385969,2021-12-14T12:53:05.969,58.19,-5.19962693302981,10.445808376155947,-4.1238638362758495
1639504385979,2021-12-14T12:53:05.979,58.2,-7.9082636564547215,11.871686865163031,-11.298943373712277
1639504385989,2021-12-14T12:53:05.989,58.21,-9.600789224088663,13.05577530487815,-13.442270259507954
1639504385999,2021-12-14T12:53:05.999,58.22,-10.577848227327896,13.754687254090417,-8.512058778072806
1639504386009,2021-12-14T12:53:06.009,58.23,-13.379348861303122,13.699279558955933,-2.510928125612736
1639504386019,2021-12-14T12:53:06.019,58.24,-17.37628156163498,13.281139673341261,-2.3002003314664754
1639504386029,2021-12-14T12:53:06.029,58.25,-19.242449315039984,13.06357040266839,-6.177799272381891
1639504386039,2021-12-14T12:53:06.039,58.26,-18.341339252277784,12.976975430515484,-7.103723683282584
1639504386049,2021-12-14T12:53:06.049,58.27,-17.507242998811492,12.528242714044946,-3.4720679146670617
1639504386059,2021-12-14T12:53:06.059,58.28,-18.496346402811632,11.610508297639907,0.30803691885175144
1639504386069,2021-12-14T12:53:06.069,58.29,-19.912614293922694,10.670952023436392,1.764699415140428
1639504386079,2021-12-14T12:53:06.079,58.3,-19.942557037778194,10.135864357908531,2.3304244994285175
1639504386089,2021-12-14T12:53:06.089,58.31,-18.70902991448159,9.99897516723617,3.0924604945101053
1639504386099,2021-12-14T12:53:06.099,58.32,-17.349265655801506,10.015332089969254,3.44683658930265
1639504386109,2021-12-14T12:53:06.109,58.33,-16.273958878252397,10.076173857491286,3.2187717977943153
1639504386119,2021-12-14T12:53:06.119,58.34,-14.979312531503282,10.254884322112341,3.327988032512345
1639504386129,2021-12-14T12:53:06.129,58.35,-13.037823974518396,10.564860599505684,4.434743818510748
1639504386139,2021-12-14T12:53:06.139,58.36,-10.735653862887272,10.87867796956767,6.200501435954076
1639504386149,2021-12-14T12:53:06.149,58.37,-8.454438653995515,11.150646818541741,8.06036142848256
1639504386159,2021-12-14T12:53:06.159,58.38,-5.828533093695605,11.519751023561154,10.050761804067934
1639504386169,2021-12-14T12:53:06.169,58.39,-2.306571560336997,12.086000744353612,12.444153973777434
1639504386179,2021-12-14T12:53:06.179,58.4,1.7719764381502328,12.773022381469563,15.022921696838397
1639504386189,2021-12-14T12:53:06.189,58.41,5.57949348894022,13.491512151893168,17.293686337735892
1639504386199,2021-12-14T12:53:06.199,58.42,8.922617213345827,14.246958146018024,19.09463936078216
1639504386209,2021-12-14T12:53:06.209,58.43,12.12382793472648,15.025781384629312,20.507479555592333
1639504386219,2021-12-14T12:53:06.219,58.44,15.164209348290658,15.732880653618961,21.470532358111424
1639504386229,2021-12-14T12:53:06.229,58.45,17.64991788009083,16.28549673961128,21.80677884120352
1639504386239,2021-12-14T12:53:06.239,58.46,19.375974253831338,16.688455149037658,21.39131054262907
1639504386249,2021-12-14T12:53:06.249,58.47,20.479803386142784,17.01903996885342,20.167188912043116
1639504386259,2021-12-14T12:53:06.259,58.48,21.186096481680742,17.369251166955205,18.195128972300658
1639504386269,2021-12-14T12:53:06.269,58.49,21.58169655820815,17.77443630846744,15.686858006904348
1639504386279,2021-12-14T12:53:06.279,58.5,21.572348063806153,18.18511792503619,12.88696172243327
1639504386289,2021-12-14T12:53:06.289,58.51,21.093879437888884,18.521295164050187,10.011430874670886
1639504386299,2021-12-14T12:53:06.299,58.52,20.351942287251433,18.74442512575909,7.297758057224412
1639504386309,2021-12-14T12:53:06.309,58.53,19.638826154167177,18.880923950855504,4.925430680396634
1639504386319,2021-12-14T12:53:06.319,58.54,18.955357816002994,18.997326208174982,2.883392319573896
1639504386329,2021-12-14T12:53:06.329,58.55,18.096473578097786,19.134576955987207,1.0885729325145475
1639504386339,2021-12-14T12:53:06.339,58.56,17.05744485791113,19.251951591324403,-0.3676801521421555
1639504386349,2021-12-14T12:53:06.349,58.57,16.06432266387666,19.27572412108056,-1.2446208972161728
1639504386359,2021-12-14T12:53:06.359,58.58,15.21172340590878,19.204949514824666,-1.4380226987349662
1639504386369,2021-12-14T12:53:06.369,58.59,14.319826611513214,19.088475873366722,-1.107120912218807
1639504386379,2021-12-14T12:53:06.379,58.6,13.18416147652869,18.87970512560872,-0.4945884445764396
1639504386389,2021-12-14T12:53:06.389,58.61,11.762718033930025,18.4277948198372,0.21732246616673667
1639504386399,2021-12-14T12:53:06.399,58.62,10.110201058189947,17.675179108768205,0.819837908103494
1639504386409,2021-12-14T12:53:06.409,58.63,8.340059234994325,16.753563575557347,1.0271014892630204
1639504386419,2021-12-14T12:53:06.419,58.64,6.595088742151859,15.801763650270289,0.5936285460264381
1639504386429,2021-12-14T12:53:06.429,58.65,4.877953893503961,14.810215677321827,-0.6031571021843907
1639504386439,2021-12-14T12:53:06.439,58.66,3.1237040879460634,13.75795108563904,-2.494942073586825
1639504386449,2021-12-14T12:53:06.449,58.67,1.5895432175323783,12.761487076179293,-4.657383553272642
1639504386459,2021-12-14T12:53:06.459,58.68,0.7722083278595271,11.893013219889678,-6.420012699370652
1639504386469,2021-12-14T12:53:06.469,58.69,0.702552975539873,10.960121432860856,-7.44237928156339
1639504386479,2021-12-14T12:53:06.479,58.7,0.7421039245480505,9.755893614263483,-7.930707131955371
1639504386489,2021-12-14T12:53:06.489,58.71,0.49376116841690976,8.476810512417945,-7.956603320019669
1639504386499,2021-12-14T12:53:06.499,58.72,0.7151258597668424,7.504121907825491,-7.110391297854818
1639504386509,2021-12-14T12:53:06.509,58.73,2.548000412104792,6.810850940437253,-5.4620822101641275
1639504386519,2021-12-14T12:53:06.519,58.74,5.350118115955538,6.151596644563778,-3.9473507387435935
1639504386529,2021-12-14T12:53:06.529,58.75,6.5705351541349675,5.745463469341033,-2.5682859320908538
1639504386539,2021-12-14T12:53:06.539,58.76,5.373779971435082,5.817038401852219,0.4100088782681124
1639504386549,2021-12-14T12:53:06.549,58.77,4.291685598393422,5.491884705202411,5.2394327843732
1639504386559,2021-12-14T12:53:06.559,58.78,4.671895313906248,3.5650537816623786,8.468977835455448
1639504386569,2021-12-14T12:53:06.569,58.79,4.35141351400255,0.5801656331874525,7.398725426740791
1639504386579,2021-12-14T12:53:06.579,58.8,2.978233985420263,-1.5001614251802726,4.616962540266467
1639504386589,2021-12-14T12:53:06.589,58.81,3.2296762824242444,-2.009654493500294,3.7526081863506526
1639504386599,2021-12-14T12:53:06.599,58.82,4.058985622146211,-2.147908661484082,3.6023950610634294
1639504386609,2021-12-14T12:53:06.609,58.83,1.592156354295518,-2.451647167998972,1.4559652680954853
1639504386619,2021-12-14T12:53:06.619,58.84,-1.8171522560439641,-1.6934765980949593,-1.3992877166808404
1639504386629,2021-12-14T12:53:06.629,58.85,0.3880237283583129,0.9232139390816613,-2.440165495748776
1639504386639,2021-12-14T12:53:06.639,58.86,7.6537209472380745,4.166936792839711,-2.324800797763232
1639504386649,2021-12-14T12:53:06.649,58.87,12.816023208797779,6.3445400022706195,-2.6622938824428837
1639504386659,2021-12-14T12:53:06.659,58.88,13.333026465560364,7.270124176202637,-2.8210431088015184
1639504386669,2021-12-14T12:53:06.669,58.89,13.458877239144552,7.821956959338673,-1.5542804509185344
1639504386679,2021-12-14T12:53:06.679,58.9,15.854249341725833,8.452592070599346,0.5644513590426113
1639504386689,2021-12-14T12:53:06.689,58.91,18.19481869938247,9.013807632846254,1.8807467735701684
1639504386699,2021-12-14T12:53:06.699,58.92,18.38494621179568,9.548197690311019,1.7383048512049446
1639504386709,2021-12-14T12:53:06.709,58.93,17.894768173232716,10.430629618256965,0.961139018518886
1639504386719,2021-12-14T12:53:06.719,58.94,18.801418366386546,11.775494968824749,0.5722815082113233
1639504386729,2021-12-14T12:53:06.729,58.95,20.750208312163302,13.203682343893146,0.7416851468914416
1639504386739,2021-12-14T12:53:06.739,58.96,22.215295326689603,14.262900312799072,1.257470431659483
1639504386749,2021-12-14T12:53:06.749,58.97,22.911472629199956,14.782233440014966,2.43648552170649
1639504386759,2021-12-14T12:53:06.759,58.98,23.495820441931265,14.769362763112785,4.844967040075345
1639504386769,2021-12-14T12:53:06.769,58.99,23.76245893971696,14.231653093828672,8.226914154957718
1639504386779,2021-12-14T12:53:06.779,59.0,22.617652049879617,13.233763236617072,11.434599350506057
1639504386789,2021-12-14T12:53:06.789,59.01,19.808279979028868,11.985584880858223,13.678935187333549
1639504386799,2021-12-14T12:53:06.799,59.02,16.430928223562745,10.740433656813444,15.256794282479023
1639504386809,2021-12-14T12:53:06.809,59.03,13.353147174448262,9.639110671749018,16.688973039924228
1639504386819,2021-12-14T12:53:06.819,59.04,10.230295080740687,8.69234464887006,17.788228996125095
1639504386829,2021-12-14T12:53:06.829,59.05,6.608819653726563,7.869349373432417,18.07458912915734
1639504386839,2021-12-14T12:53:06.839,59.06,2.940866972529025,7.180266721753333,17.564443467451575
1639504386849,2021-12-14T12:53:06.849,59.07,-0.11125934515214214,6.703877855422197,16.683308186802098
1639504386859,2021-12-14T12:53:06.859,59.08,-2.5277509143770223,6.524792458044684,15.77112043210682
1639504386869,2021-12-14T12:53:06.869,59.09,-4.595604984518336,6.628855787796442,14.956439007823082
1639504386879,2021-12-14T12:53:06.879,59.1,-6.336162090172259,6.936270755342475,14.249771363113837
1639504386889,2021-12-14T12:53:06.889,59.11,-7.589701144636761,7.45775057495184,13.600941340052675
1639504386899,2021-12-14T12:53:06.899,59.12,-8.313583403867902,8.277010864440491,12.975637933496223
1639504386909,2021-12-14T12:53:06.909,59.13,-8.634999986721716,9.351534715917403,12.371895237270312
1639504386919,2021-12-14T12:53:06.919,59.14,-8.719136489733863,10.52151070896134,11.747989840260516
1639504386929,2021-12-14T12:53:06.929,59.15,-8.597353665670376,11.742620668125447,11.07637777583172
1639504386939,2021-12-14T12:53:06.939,59.16,-8.144793598621995,13.096224919300376,10.465704077266382
1639504386949,2021-12-14T12:53:06.949,59.17,-7.2505211333075525,14.559572940333629,10.057974559293957
1639504386959,2021-12-14T12:53:06.959,59.18,-5.922959163396533,15.986058537118407,9.81827851154481
1639504386969,2021-12-14T12:53:06.969,59.19,-4.2712553227757954,17.311108177339214,9.539586343170045
1639504386979,2021-12-14T12:53:06.979,59.2,-2.5484083527272,18.58181590878091,8.993169657312418
1639504386989,2021-12-14T12:53:06.989,59.21,-1.1222940548758205,19.80200650724398,8.022528180471616
1639504386999,2021-12-14T12:53:06.999,59.22,-0.19501919491350142,20.918474616452418,6.616874395736607
1639504387009,2021-12-14T12:53:07.009,59.23,0.3651143769409682,21.947351691781453,4.96059776568477
1639504387019,2021-12-14T12:53:07.019,59.24,0.7751590833714775,22.984640088163196,3.3395450090763728
1639504387029,2021-12-14T12:53:07.029,59.25,1.0792425793232927,24.09093881047726,1.989131156410104
1639504387039,2021-12-14T12:53:07.039,59.26,1.2304326613550227,25.243220943837485,1.0250828709420983
1639504387049,2021-12-14T12:53:07.049,59.27,1.188132290567654,26.394174728926913,0.36108178617911013
1639504387059,2021-12-14T12:53:07.059,59.28,0.8214428519712391,27.51972319508538,-0.37315750467332026
1639504387069,2021-12-14T12:53:07.069,59.29,-0.054842256622719535,28.605838668158313,-1.6235998183854996
1639504387079,2021-12-14T12:53:07.079,59.3,-1.4389805958964907,29.62688408511527,-3.479937811468372
1639504387089,2021-12-14T12:53:07.089,59.31,-3.105475481567769,30.52824835300213,-5.587252919002648
1639504387099,2021-12-14T12:53:07.099,59.32,-4.900967735459971,31.202117937645927,-7.578211748879902
1639504387109,2021-12-14T12:53:07.109,59.33,-6.943114190593318,31.527400295936495,-9.438318338877778
1639504387119,2021-12-14T12:53:07.119,59.34,-9.352646839217917,31.498405144952642,-11.32895199197058
1639504387129,2021-12-14T12:53:07.129,59.35,-11.859354454532816,31.279370908672007,-13.213735295480042
1639504387139,2021-12-14T12:53:07.139,59.36,-13.988063958025055,31.077806541108586,-14.861449057673383
1639504387149,2021-12-14T12:53:07.149,59.37,-15.64919897918006,30.999011247267582,-16.140851103746297
1639504387159,2021-12-14T12:53:07.159,59.38,-17.156949259899104,31.03437388029732,-17.18086211417335
1639504387169,2021-12-14T12:53:07.169,59.39,-18.761124592248457,31.11298313799583,-18.355153882796486
1639504387179,2021-12-14T12:53:07.179,59.4,-20.660667970253083,31.202474846424586,-20.010644541808084
1639504387189,2021-12-14T12:53:07.189,59.41,-22.862782341882063,31.515907228734193,-21.685654887977464
1639504387199,2021-12-14T12:53:07.199,59.42,-24.12216673522621,32.457832052908394,-21.896377425269186
1639504387209,2021-12-14T12:53:07.209,59.43,-22.798070403755133,33.94799994899316,-20.0260269669524
1639504387219,2021-12-14T12:53:07.219,59.44,-20.850536131888816,35.0283387340124,-18.03442341561979
1639504387229,2021-12-14T12:53:07.229,59.45,-23.575542885953254,34.93483576962724,-18.098542202218074
1639504387239,2021-12-14T12:53:07.239,59.46,-31.205626964025335,34.3851464859891,-19.304311505190622
1639504387249,2021-12-14T12:53:07.249,59.47,-35.67419482024852,34.687403758375176,-19.60019262334185
1639504387259,2021-12-14T12:53:07.259,59.48,-32.12397502663099,35.5838624122134,-19.57493505148694
1639504387269,2021-12-14T12:53:07.269,59.49,-27.739631058476185,35.24385284188261,-20.825922380025354
1639504387279,2021-12-14T12:53:07.279,59.5,-31.166577465429295,32.634179319136095,-22.148438237155453
1639504387289,2021-12-14T12:53:07.289,59.51,-39.38987609859058,28.75285634467098,-20.55329241561539
1639504387299,2021-12-14T12:53:07.299,59.52,-43.728110808117336,25.143829049386888,-15.303114616510769
1639504387309,2021-12-14T12:53:07.309,59.53,-43.00999670692792,22.197062517690057,-8.968809415884891
1639504387319,2021-12-14T12:53:07.319,59.54,-42.34648094007042,19.448839687269913,-4.5487765375067895
1639504387329,2021-12-14T12:53:07.329,59.55,-43.369476963193094,16.785710372803734,-2.6950777762773983
1639504387339,2021-12-14T12:53:07.339,59.56,-43.09850981421776,14.665430229547736,-2.267506282756514
1639504387349,2021-12-14T12:53:07.349,59.57,-39.786301130093825,13.452569376371208,-2.5416880758978575
1639504387359,2021-12-14T12:53:07.359,59.58,-34.580340418400816,13.012804259632212,-3.680732716356803
1639504387369,2021-12-14T12:53:07.369,59.59,-28.826649942695227,12.920212506046798,-5.620341653709651
1639504387379,2021-12-14T12:53:07.379,59.6,-22.894424338460304,12.812317034897127,-7.611278636373186
1639504387389,2021-12-14T12:53:07.389,59.61,-17.005994086814148,12.486069908274528,-8.886101865770136
1639504387399,2021-12-14T12:53:07.399,59.62,-11.64925939523394,11.8446031475225,-9.395285765592975
1639504387409,2021-12-14T12:53:07.409,59.63,-7.085556745592205,10.971056043671293,-9.703627726311298
1639504387419,2021-12-14T12:53:07.419,59.64,-2.8305967918593113,10.172358550871415,-10.158622409115935
1639504387429,2021-12-14T12:53:07.429,59.65,1.8612433834447861,9.716837805017342,-10.573687576436699
1639504387439,2021-12-14T12:53:07.439,59.66,6.873532990679555,9.589704149608256,-10.887338313471664
1639504387449,2021-12-14T12:53:07.449,59.67,11.338870627600137,9.686819387266222,-11.477783754062003
1639504387459,2021-12-14T12:53:07.459,59.68,14.898668583157502,10.072688666938971,-12.553968440415108
1639504387469,2021-12-14T12:53:07.469,59.69,17.828510337050602,10.78934967754994,-13.863935678046474
1639504387479,2021-12-14T12:53:07.479,59.7,20.00149393362996,11.584397200452164,-15.186372520857082
1639504387489,2021-12-14T12:53:07.489,59.71,20.874454460252213,12.098003237497181,-16.539935894495578
1639504387499,2021-12-14T12:53:07.499,59.72,20.47772935329716,12.178910257235906,-17.814846226556185
1639504387509,2021-12-14T12:53:07.509,59.73,19.46586898063945,11.808511373887185,-18.709387918849508
1639504387519,2021-12-14T12:53:07.519,59.74,18.19809799958942,10.867566737513055,-19.134307407454077
1639504387529,2021-12-14T12:53:07.529,59.75,16.500751801848644,9.188388645699371,-19.309201621545263
1639504387539,2021-12-14T12:53:07.539,59.76,14.362887612277238,6.777080724887632,-19.368018255209943
1639504387549,2021-12-14T12:53:07.549,59.77,12.282735674433964,3.838794123637083,-19.163152087932005
1639504387559,2021-12-14T12:53:07.559,59.78,10.73252079395649,0.5595522327603661,-18.628907601727455
1639504387569,2021-12-14T12:53:07.569,59.79,9.613658513276121,-3.0646412024283167,-18.118771630869553
1639504387579,2021-12-14T12:53:07.579,59.8,8.514290957205185,-7.125684708638346,-18.063702857478958
1639504387589,2021-12-14T12:53:07.589,59.81,7.3662792130209915,-11.59109874260079,-18.383879005155624
1639504387599,2021-12-14T12:53:07.599,59.82,6.553618794684933,-16.28745179178419,-18.59180325645538
1639504387609,2021-12-14T12:53:07.609,59.83,6.389350431410256,-21.055132186589063,-18.38971310678779
1639504387619,2021-12-14T12:53:07.619,59.84,6.740802867036566,-25.83046071724315,-17.78688364487007
1639504387629,2021-12-14T12:53:07.629,59.85,7.214679400436266,-30.601983213612055,-16.778146812663262
1639504387639,2021-12-14T12:53:07.639,59.86,7.563351093941108,-35.350097544248335,-15.329383094533988
1639504387649,2021-12-14T12:53:07.649,59.87,7.850194934205012,-40.03378846456582,-13.562169675838295
1639504387659,2021-12-14T12:53:07.659,59.88,8.185218508964631,-44.644871369319446,-11.64801563225685
1639504387669,2021-12-14T12:53:07.669,59.89,8.307038531277776,-49.27410202300618,-9.685671514519344
1639504387679,2021-12-14T12:53:07.679,59.9,7.667150775262169,-54.042378762514375,-7.863028878958643
1639504387689,2021-12-14T12:53:07.689,59.91,6.109525544011409,-58.912763323336925,-6.471134044986693
1639504387699,2021-12-14T12:53:07.699,59.92,4.2173687931804835,-63.6435847186571,-5.588968790356276
1639504387709,2021-12-14T12:53:07.709,59.93,2.7238966273420493,-67.98580358961692,-5.0192279097141395
1639504387719,2021-12-14T12:53:07.719,59.94,1.773843526369829,-71.87049440506759,-4.66341703357169
1639504387729,2021-12-14T12:53:07.729,59.95,0.994356207480904,-75.37987571805022,-4.677802866151291
1639504387739,2021-12-14T12:53:07.739,59.96,0.08280111969857198,-78.6236289416972,-5.0806049874943815
1639504387749,2021-12-14T12:53:07.749,59.97,-0.9676306940958795,-81.70585125242619,-5.441766761466674
1639504387759,2021-12-14T12:53:07.759,59.98,-2.1566913061349853,-84.76726267196233,-5.24148002441486
1639504387769,2021-12-14T12:53:07.769,59.99,-3.6948643617592776,-87.94818193914963,-4.44929910040573
1639504387779,2021-12-14T12:53:07.779,60.0,-5.71388590482483,-91.22380632108442,-3.4705052414999296
1639504387789,2021-12-14T12:53:07.789,60.01,-7.864311122698281,-94.34497048685655,-2.550067929200937
1639504387799,2021-12-14T12:53:07.799,60.02,-9.607310259164969,-97.08090631810857,-1.5842455786528604
1639504387809,2021-12-14T12:53:07.809,60.03,-10.980938264375887,-99.45197021168578,-0.5961538932250139
1639504387819,2021-12-14T12:53:07.819,60.04,-12.531703656525043,-101.55216302543789,0.0634462257760352
1639504387829,2021-12-14T12:53:07.829,60.05,-14.320874758317931,-103.25736577662607,0.23281550670959222
1639504387839,2021-12-14T12:53:07.839,60.06,-15.772487380073638,-104.34505143167608,0.1280745478781264
1639504387849,2021-12-14T12:53:07.849,60.07,-16.770237905635753,-104.77354879200422,-0.29415362433453696
1639504387859,2021-12-14T12:53:07.859,60.08,-17.888641969126184,-104.61116079077482,-1.4618779940892366
1639504387869,2021-12-14T12:53:07.869,60.09,-19.304975047213382,-103.90665273665732,-3.360535436623186
1639504387879,2021-12-14T12:53:07.879,60.1,-20.75706813278315,-102.85879587367008,-5.455242630927097
1639504387889,2021-12-14T12:53:07.889,60.11,-22.475611331601108,-101.78489729703733,-7.575594843358725
1639504387899,2021-12-14T12:53:07.899,60.12,-24.487484087890557,-100.68184921523697,-9.819886035956928
1639504387909,2021-12-14T12:53:07.909,60.13,-25.48410081078566,-99.14598967395767,-11.71469128999805
1639504387919,2021-12-14T12:53:07.919,60.14,-24.228017186228193,-96.84115002625157,-12.611145387396302
1639504387929,2021-12-14T12:53:07.929,60.15,-21.236271600573453,-93.73302609906531,-12.545579539549767
1639504387939,2021-12-14T12:53:07.939,60.16,-17.625355459764,-89.94656313410653,-11.814127064874683
1639504387949,2021-12-14T12:53:07.949,60.17,-13.792018541554302,-85.72998714302582,-10.527965035871162
1639504387959,2021-12-14T12:53:07.959,60.18,-10.187116580459286,-81.33428149927005,-9.323441182066606
1639504387969,2021-12-14T12:53:07.969,60.19,-7.204180940045001,-76.5741980533242,-9.286131618034009
1639504387979,2021-12-14T12:53:07.979,60.2,-3.599457236920574,-70.78858933703034,-10.425871244048905
1639504387989,2021-12-14T12:53:07.989,60.21,2.5248253449752753,-63.61115030807535,-11.403312722298303
1639504387999,2021-12-14T12:53:07.999,60.22,10.642141462513912,-55.603930761773796,-11.191455974034351
1639504388009,2021-12-14T12:53:08.009,60.23,17.97997852459857,-47.8620408380292,-9.827054497882024
1639504388019,2021-12-14T12:53:08.019,60.24,23.00649543113879,-41.10932135982213,-7.445003888670723
1639504388029,2021-12-14T12:53:08.029,60.25,26.773981050781387,-35.33482677593357,-3.8849799873806745
1639504388039,2021-12-14T12:53:08.039,60.26,30.810719858953696,-30.15491052734665,0.6059811570504541
1639504388049,2021-12-14T12:53:08.049,60.27,35.358641118501986,-25.27003932998162,5.229501437320373
1639504388059,2021-12-14T12:53:08.059,60.28,39.74776038167696,-20.523301757123463,9.212650885396005
1639504388069,2021-12-14T12:53:08.069,60.29,43.425028720567155,-15.741308803122866,12.0920445183858
1639504388079,2021-12-14T12:53:08.079,60.3,46.44474386957215,-10.821198585558662,13.788220827973955
1639504388089,2021-12-14T12:53:08.089,60.31,49.1421828335403,-5.9771955491431115,14.665932837833044
1639504388099,2021-12-14T12:53:08.099,60.32,51.32928818109221,-1.5813202511728233,15.091362736672973
1639504388109,2021-12-14T12:53:08.109,60.33,52.33837341058727,2.3175877241255987,14.962321770151178
1639504388119,2021-12-14T12:53:08.119,60.34,52.12139916492751,5.998395516647201,14.184699460744827
1639504388129,2021-12-14T12:53:08.129,60.35,51.42651291235609,9.5569897424446,13.282261588725248
1639504388139,2021-12-14T12:53:08.139,60.36,50.5863210746948,12.805377380624936,12.83515865901755
1639504388149,2021-12-14T12:53:08.149,60.37,49.29234029261985,15.753587569841033,12.683842417759713
1639504388159,2021-12-14T12:53:08.159,60.38,47.807415684290795,18.703419360343087,12.359494079152663
1639504388169,2021-12-14T12:53:08.169,60.39,46.85792518550939,21.651495930336683,11.828114102560669
1639504388179,2021-12-14T12:53:08.179,60.4,45.93259934087081,24.015750451152968,11.175645347271523
1639504388189,2021-12-14T12:53:08.189,60.41,43.410395137364425,25.243044279245055,10.150758809134512
1639504388199,2021-12-14T12:53:08.199,60.42,38.96086833689395,25.40586555166219,8.68974216838612
1639504388209,2021-12-14T12:53:08.209,60.43,34.2287276486541,24.95715756355972,7.356253414633631
1639504388219,2021-12-14T12:53:08.219,60.44,30.615541139448275,24.15570544841223,6.689320989466867
1639504388229,2021-12-14T12:53:08.229,60.45,27.846378775006606,23.006744083927494,6.581809622712127
1639504388239,2021-12-14T12:53:08.239,60.46,25.194097791460432,21.58687307041548,6.712340650509565
1639504388249,2021-12-14T12:53:08.249,60.47,22.792888376394366,20.118180948624403,7.123403711919762
1639504388259,2021-12-14T12:53:08.259,60.48,21.11059006606494,18.73300717354979,7.985074675030473
1639504388269,2021-12-14T12:53:08.269,60.49,19.983544782620047,17.36759328345728,9.15739171346889
1639504388279,2021-12-14T12:53:08.279,60.5,18.812110582409467,15.941668876810386,10.374437971982001
1639504388289,2021-12-14T12:53:08.289,60.51,17.34253434125888,14.533169187990316,11.63019507296606
1639504388299,2021-12-14T12:53:08.299,60.52,15.79722294972262,13.30247872414293,13.06120410486141
1639504388309,2021-12-14T12:53:08.309,60.53,14.3726747078099,12.304166474989326,14.649748293562656
1639504388319,2021-12-14T12:53:08.319,60.54,12.997779813917312,11.486390555720554,16.31253609039183
1639504388329,2021-12-14T12:53:08.329,60.55,11.615723483329923,10.874720126479346,18.05419873164392
1639504388339,2021-12-14T12:53:08.339,60.56,10.349388134621936,10.600076472466274,19.804861733631192
1639504388349,2021-12-14T12:53:08.349,60.57,9.205581139900854,10.664006216658185,21.367151729788123
1639504388359,2021-12-14T12:53:08.359,60.58,7.897133117761863,10.838093148242969,22.727287928123403
1639504388369,2021-12-14T12:53:08.369,60.59,6.210851874350401,10.934465286235486,24.154593071404918
1639504388379,2021-12-14T12:53:08.379,60.6,4.319933274439933,11.018309225641357,25.79964045378253
1639504388389,2021-12-14T12:53:08.389,60.61,2.465590694518373,11.181793254663404,27.425354087101603
1639504388399,2021-12-14T12:53:08.399,60.62,0.546609474640849,11.280577488789664,28.709305310392445
1639504388409,2021-12-14T12:53:08.409,60.63,-1.668332687619773,11.1319949247374,29.605452026427812
1639504388419,2021-12-14T12:53:08.419,60.64,-4.001604651648403,10.862785806656339,30.270910333164018
1639504388429,2021-12-14T12:53:08.429,60.65,-5.80709155783995,10.811433512153668,30.87193076065514
1639504388439,2021-12-14T12:53:08.439,60.66,-6.633818393115292,11.094073955223333,31.56032228921831
1639504388449,2021-12-14T12:53:08.449,60.67,-6.901302761366231,11.453057191239864,32.335555886971704
1639504388459,2021-12-14T12:53:08.459,60.68,-7.524305381720254,11.60327490904644,32.896926127080704
1639504388469,2021-12-14T12:53:08.469,60.69,-8.68667112360765,11.601925326889456,33.020517234245254
1639504388479,2021-12-14T12:53:08.479,60.7,-9.54342910896498,11.749107284838649,32.99659477464336
1639504388489,2021-12-14T12:53:08.489,60.71,-9.503216699888362,12.215499391039117,33.20823545381011
1639504388499,2021-12-14T12:53:08.499,60.72,-9.102041777936734,12.936097767439323,33.48490311162302
1639504388509,2021-12-14T12:53:08.509,60.73,-9.071190096613146,13.788590826898147,33.4413165638476
1639504388519,2021-12-14T12:53:08.519,60.74,-9.33823553846077,14.652031143270083,33.17595493339785
1639504388529,2021-12-14T12:53:08.529,60.75,-9.648052098301271,15.307817154980278,33.02002024804391
1639504388539,2021-12-14T12:53:08.539,60.76,-10.334612507356386,15.534770905539677,32.86284049594849
1639504388549,2021-12-14T12:53:08.549,60.77,-11.564924067955216,15.412629333226814,32.33406857372101
1639504388559,2021-12-14T12:53:08.559,60.78,-12.515503982765544,15.34408003290498,31.503005036361575
1639504388569,2021-12-14T12:53:08.569,60.79,-12.335006020006233,15.600607363343437,30.90121745713696
1639504388579,2021-12-14T12:53:08.579,60.8,-11.465956847232954,15.989493547120409,30.873565440516664
1639504388589,2021-12-14T12:53:08.589,60.81,-11.006456810547522,16.171369288799646,31.23011283643561
1639504388599,2021-12-14T12:53:08.599,60.82,-11.085416527894493,16.152325429272754,31.542045290045138
1639504388609,2021-12-14T12:53:08.609,60.83,-10.921851870533823,16.207524700278345,31.48124126400593
1639504388619,2021-12-14T12:53:08.619,60.84,-10.330106864701314,16.453913738123507,30.822391103527664
1639504388629,2021-12-14T12:53:08.629,60.85,-9.987555929995406,16.76886280130667,29.50261386750067
1639504388639,2021-12-14T12:53:08.639,60.86,-10.075207156203291,17.029841447687595,27.8643734510552
1639504388649,2021-12-14T12:53:08.649,60.87,-9.876141177002173,17.214414648035696,26.488075991886262
1639504388659,2021-12-14T12:53:08.659,60.88,-9.157154097551713,17.364349899929064,25.62536913616492
1639504388669,2021-12-14T12:53:08.669,60.89,-8.703850831686749,17.576260545645773,25.11783735777252
1639504388679,2021-12-14T12:53:08.679,60.9,-8.826434668287764,17.846255638844465,24.889744333571304
1639504388689,2021-12-14T12:53:08.689,60.91,-8.735413780208342,17.836169766086414,25.10690509471661
1639504388699,2021-12-14T12:53:08.699,60.92,-8.281872557368956,17.057232375473717,25.818182289939934
1639504388709,2021-12-14T12:53:08.709,60.93,-8.661163837891644,15.415564193777627,26.78205132917379
1639504388719,2021-12-14T12:53:08.719,60.94,-10.233935484466825,13.370765087399391,27.635945162094224
1639504388729,2021-12-14T12:53:08.729,60.95,-11.424238783453184,11.514412487890667,28.022315358636156
1639504388739,2021-12-14T12:53:08.739,60.96,-11.098539028320314,10.211939556555526,27.705656195254896
1639504388749,2021-12-14T12:53:08.749,60.97,-10.26634741664719,9.617846440071903,26.779120928208854
1639504388759,2021-12-14T12:53:08.759,60.98,-10.128176328346324,9.719065049616583,25.58207731779644
1639504388769,2021-12-14T12:53:08.769,60.99,-10.236168160966345,10.293519375323314,24.303882398161345
1639504388779,2021-12-14T12:53:08.779,61.0,-9.764590112402146,11.051805509601841,22.91799397287467
1639504388789,2021-12-14T12:53:08.789,61.01,-8.917765499037156,11.887757452156766,21.504364850395028
1639504388799,2021-12-14T12:53:08.799,61.02,-8.214026371634528,12.849190323508004,20.22741743643664
1639504388809,2021-12-14T12:53:08.809,61.03,-7.71831555980829,13.866417145862577,19.013456921021195
1639504388819,2021-12-14T12:53:08.819,61.04,-7.396119221441164,14.678740211239717,17.756001673183334
1639504388829,2021-12-14T12:53:08.829,61.05,-7.3351770196060135,15.056969808524464,16.79031016630033
1639504388839,2021-12-14T12:53:08.839,61.06,-7.552377430262792,14.981730586133512,16.5912335672168
1639504388849,2021-12-14T12:53:08.849,61.07,-8.018522951015857,14.591354773904172,17.056227910379864
1639504388859,2021-12-14T12:53:08.859,61.08,-8.725314039014288,14.044413401225881,17.60945646136766
1639504388869,2021-12-14T12:53:08.869,61.09,-9.556921380290161,13.43585471368068,17.89460319406215
1639504388879,2021-12-14T12:53:08.879,61.1,-10.318199175137849,12.748678400964756,17.904602354624867
1639504388889,2021-12-14T12:53:08.889,61.11,-11.030109093425159,11.824988555321312,17.57584446518132
1639504388899,2021-12-14T12:53:08.899,61.12,-12.061870597685878,10.438355845640949,16.65488286815868
1639504388909,2021-12-14T12:53:08.909,61.13,-13.77689447435828,8.49661197850336,14.939857113246857
1639504388919,2021-12-14T12:53:08.919,61.14,-15.990697422043581,6.19782785563099,12.491424181396422
1639504388929,2021-12-14T12:53:08.929,61.15,-17.913796760133334,3.937588199995383,9.612696584886741
1639504388939,2021-12-14T12:53:08.939,61.16,-18.790122643322853,2.04433693088545,6.598182578722273
1639504388949,2021-12-14T12:53:08.949,61.17,-18.607675271898948,0.5949497363596504,3.4858034446699393
1639504388959,2021-12-14T12:53:08.959,61.18,-18.141538658141886,-0.6057268646595781,0.15737184988396524
1639504388969,2021-12-14T12:53:08.969,61.19,-18.309285613810836,-1.9339334972190052,-3.34361717935585
1639504388979,2021-12-14T12:53:08.979,61.2,-19.45997781701876,-3.7155226963418846,-6.755973138212803
1639504388989,2021-12-14T12:53:08.989,61.21,-21.200335433353626,-5.9094038028524425,-9.840354602071292
1639504388999,2021-12-14T12:53:08.999,61.22,-22.80031439181521,-8.004236585388979,-12.540876040033773
1639504389009,2021-12-14T12:53:09.009,61.23,-23.623710691749935,-9.299226573831545,-14.902647608891561
1639504389019,2021-12-14T12:53:09.019,61.24,-23.221193768606298,-9.32741307110738,-16.899534218057745
1639504389029,2021-12-14T12:53:09.029,61.25,-21.456015036565475,-8.074210255569547,-18.450583969627846
1639504389039,2021-12-14T12:53:09.039,61.26,-18.754148196395793,-5.864138725413484,-19.666640344830256
1639504389049,2021-12-14T12:53:09.049,61.27,-15.783993709365312,-3.04048996833166,-20.868100891071954
1639504389059,2021-12-14T12:53:09.059,61.28,-12.730450341681511,0.22626022561042497,-22.154661070783284
1639504389069,2021-12-14T12:53:09.069,61.29,-9.42800128432269,3.7931447170894006,-23.21791872007105
1639504389079,2021-12-14T12:53:09.079,61.3,-6.191877459091563,7.375743114989452,-23.840329907316203
1639504389089,2021-12-14T12:53:09.089,61.31,-3.691389134493995,10.72123471196332,-24.260637213023017
1639504389099,2021-12-14T12:53:09.099,61.32,-1.9308829336594733,13.849538531827033,-24.758133339318462
1639504389109,2021-12-14T12:53:09.109,61.33,-0.1989940913214362,16.92746736185237,-25.25018287221186
1639504389119,2021-12-14T12:53:09.119,61.34,1.8552250140156847,19.967943476163065,-25.64598856917675
1639504389129,2021-12-14T12:53:09.129,61.35,3.8366972387069644,22.801238868541063,-26.245316337210525
1639504389139,2021-12-14T12:53:09.139,61.36,5.3770544580842135,25.29497528414994,-27.406576098857137
1639504389149,2021-12-14T12:53:09.149,61.37,6.591680505790405,27.484437290048803,-29.10490026162396
1639504389159,2021-12-14T12:53:09.159,61.38,7.63862215909443,29.503508401845203,-31.161399958619686
1639504389169,2021-12-14T12:53:09.169,61.39,8.488815279243218,31.465720130029673,-33.578179401066485
1639504389179,2021-12-14T12:53:09.179,61.4,9.3087683513092,33.36135514817825,-36.225778481378754
1639504389189,2021-12-14T12:53:09.189,61.41,10.346990538563984,34.93277582796331,-38.538454562773225
1639504389199,2021-12-14T12:53:09.199,61.42,11.11116622826416,35.67378745383418,-40.04431992384564
1639504389209,2021-12-14T12:53:09.209,61.43,10.392245035844839,35.15049727711323,-40.92852260992694
1639504389219,2021-12-14T12:53:09.219,61.44,7.665465366883086,33.424208721862996,-41.56865797167487
1639504389229,2021-12-14T12:53:09.229,61.45,3.96299560573342,31.07118170546522,-41.80949707055126
1639504389239,2021-12-14T12:53:09.239,61.46,0.8430060313486079,28.720842749761616,-41.212691258344385
1639504389249,2021-12-14T12:53:09.249,61.47,-1.0992964883524874,26.648612016928187,-39.75181072750617
1639504389259,2021-12-14T12:53:09.259,61.48,-2.2739023903356097,24.847150519632397,-37.801015546501006
1639504389269,2021-12-14T12:53:09.269,61.49,-3.136802350510616,23.298096625438973,-35.67314030976696
1639504389279,2021-12-14T12:53:09.279,61.5,-3.8038067833336546,21.9785335001809,-33.54342218372363
1639504389289,2021-12-14T12:53:09.289,61.51,-4.403535742638924,20.730324617456155,-31.659854165331883
1639504389299,2021-12-14T12:53:09.299,61.52,-5.216637754340937,19.378441577855654,-30.33718579949354
1639504389309,2021-12-14T12:53:09.309,61.53,-6.374480049343372,17.951595560257225,-29.767296932956025
1639504389319,2021-12-14T12:53:09.319,61.54,-7.718179396275294,16.622203790994774,-29.928219204559618
1639504389329,2021-12-14T12:53:09.329,61.55,-9.00003531805613,15.503772611152527,-30.641032517160284
1639504389339,2021-12-14T12:53:09.339,61.56,-10.035668881787732,14.661551985366122,-31.6816552620704
1639504389349,2021-12-14T12:53:09.349,61.57,-10.66505647503611,14.216975961223186,-32.865602999154774
1639504389359,2021-12-14T12:53:09.359,61.58,-10.74553890566285,14.258035992197161,-34.05310834353771
1639504389369,2021-12-14T12:53:09.369,61.59,-10.26723443009119,14.693116099394707,-35.11730520726317
1639504389379,2021-12-14T12:53:09.379,61.6,-9.41698688444895,15.318834226839567,-35.95995256899023
1639504389389,2021-12-14T12:53:09.389,61.61,-8.430616646859725,16.00246727645225,-36.52819195203153
1639504389399,2021-12-14T12:53:09.399,61.62,-7.3828194395238,16.723966984402733,-36.75374091452815
1639504389409,2021-12-14T12:53:09.409,61.63,-6.21834888706373,17.48188092166602,-36.521146186393004
1639504389419,2021-12-14T12:53:09.419,61.64,-4.955087748000468,18.230904855408106,-35.77405403373223
1639504389429,2021-12-14T12:53:09.429,61.65,-3.705270828959664,18.896016703562328,-34.60868060303365
1639504389439,2021-12-14T12:53:09.439,61.66,-2.5305180826384617,19.412967294108093,-33.18981112261153
1639504389449,2021-12-14T12:53:09.449,61.67,-1.4408744707121857,19.76282303676894,-31.621516276104813
1639504389459,2021-12-14T12:53:09.459,61.68,-0.5142829654974594,19.95427313878064,-29.96660684937607
1639504389469,2021-12-14T12:53:09.469,61.69,0.12399764453053799,19.973844677628243,-28.329305226204472
1639504389479,2021-12-14T12:53:09.479,61.7,0.4423463655895036,19.82596525097156,-26.80330690700447
1639504389489,2021-12-14T12:53:09.489,61.71,0.5456925167310407,19.60428211299253,-25.35090920483655
1639504389499,2021-12-14T12:53:09.499,61.72,0.5599221022777394,19.383109255960832,-23.854214995223707
1639504389509,2021-12-14T12:53:09.509,61.73,0.4839121326144873,19.059107826548413,-22.29899535584246
1639504389519,2021-12-14T12:53:09.519,61.74,0.1846759298350587,18.477289716875294,-20.78244864185475
1639504389529,2021-12-14T12:53:09.529,61.75,-0.4322363755429556,17.682061907545258,-19.326019362033023
1639504389539,2021-12-14T12:53:09.539,61.76,-1.3014812613064264,16.84926912892422,-17.8227042378901
1639504389549,2021-12-14T12:53:09.549,61.77,-2.298171582051178,16.00917263809948,-16.191963801286164
1639504389559,2021-12-14T12:53:09.559,61.78,-3.382065054223368,15.041423890379969,-14.475750907688905
1639504389569,2021-12-14T12:53:09.569,61.79,-4.574479743445348,13.923684552055018,-12.793382086295946
1639504389579,2021-12-14T12:53:09.579,61.8,-5.84245299366262,12.797830429474441,-11.286357252567615
1639504389589,2021-12-14T12:53:09.589,61.81,-7.0303729815010385,11.7991554320144,-10.080359045120694
1639504389599,2021-12-14T12:53:09.599,61.82,-7.893665165346969,10.97980725097348,-9.260476420781815
1639504389609,2021-12-14T12:53:09.609,61.83,-8.266432424417825,10.376226285868807,-8.884385369301505
1639504389619,2021-12-14T12:53:09.619,61.84,-8.223089255695688,9.997867091153847,-8.956604268935386
1639504389629,2021-12-14T12:53:09.629,61.85,-7.980346484327628,9.76179292612846,-9.34767127405966
1639504389639,2021-12-14T12:53:09.639,61.86,-7.623264648972145,9.552295138639575,-9.817862681623653
1639504389649,2021-12-14T12:53:09.649,61.87,-7.036774215407034,9.346191122492899,-10.180723761872915
1639504389659,2021-12-14T12:53:09.659,61.88,-6.125908359562837,9.21307860688146,-10.397999785461902
1639504389669,2021-12-14T12:53:09.669,61.89,-4.998252683580543,9.18038176625047,-10.479796888103124
1639504389679,2021-12-14T12:53:09.679,61.9,-3.874747238327364,9.167239448339636,-10.359854768566263
1639504389689,2021-12-14T12:53:09.689,61.91,-2.8599683868989834,9.112772199984283,-9.95173747231063
1639504389699,2021-12-14T12:53:09.699,61.92,-1.8477492816783927,9.088848941539737,-9.28015709684249
1639504389709,2021-12-14T12:53:09.709,61.93,-0.6757577873169923,9.179946770506266,-8.452831490154514
1639504389719,2021-12-14T12:53:09.719,61.94,0.6345888372916795,9.337270263864783,-7.541545377452165
1639504389729,2021-12-14T12:53:09.729,61.95,1.8446475558827369,9.469397835325658,-6.587745819620585
1639504389739,2021-12-14T12:53:09.739,61.96,2.736782514269164,9.584651144346905,-5.661605675198599
1639504389749,2021-12-14T12:53:09.749,61.97,3.3154993194766176,9.721289824842058,-4.808310067869911
1639504389759,2021-12-14T12:53:09.759,61.98,3.6996243348990028,9.811963632612356,-4.003665178057613
1639504389769,2021-12-14T12:53:09.769,61.99,3.8968544252106314,9.725675438482916,-3.2571898090633797
1639504389779,2021-12-14T12:53:09.779,62.0,3.8091601313885803,9.399157315718156,-2.6720927605779305
1639504389789,2021-12-14T12:53:09.789,62.01,3.4129089472403646,8.856819956238603,-2.307626887164366
1639504389799,2021-12-14T12:53:09.799,62.02,2.786916593166283,8.131111240220386,-2.0692703755696025
1639504389809,2021-12-14T12:53:09.809,62.03,1.961728710318238,7.2039264444883075,-1.826788176077909
1639504389819,2021-12-14T12:53:09.819,62.04,0.8842087294259715,6.014714829890605,-1.5756317485973672
1639504389829,2021-12-14T12:53:09.829,62.05,-0.441507053048294,4.517378374789989,-1.3945858896721044
1639504389839,2021-12-14T12:53:09.839,62.06,-1.9025281577516855,2.7462071480904635,-1.2559125321406919
1639504389849,2021-12-14T12:53:09.849,62.07,-3.334173132367021,0.8369558681724234,-0.9904355744242108
1639504389859,2021-12-14T12:53:09.859,62.08,-4.483937090728349,-1.0357213195501538,-0.5684805407873513
1639504389869,2021-12-14T12:53:09.869,62.09,-5.104888880323531,-2.7762586718582947,-0.27014877858139535
1639504389879,2021-12-14T12:53:09.879,62.1,-5.342784791297942,-4.429669290496509,-0.25856829986411806
1639504389889,2021-12-14T12:53:09.889,62.11,-5.733048000400832,-6.105817279876561,-0.20410712032188322
1639504389899,2021-12-14T12:53:09.899,62.12,-6.5129227320033865,-7.847914278078573,0.16635113583688682
1639504389909,2021-12-14T12:53:09.909,62.13,-7.336234301645011,-9.592290810674658,0.4735950306497524
1639504389919,2021-12-14T12:53:09.919,62.14,-7.898504198726506,-11.232268971444668,0.2213138779312957
1639504389929,2021-12-14T12:53:09.929,62.15,-8.307524888494306,-12.686428182142343,-0.4569660267744377
1639504389939,2021-12-14T12:53:09.939,62.16,-8.656695829121594,-13.930112677208971,-1.0805272860344748
1639504389949,2021-12-14T12:53:09.949,62.17,-8.79840536177644,-15.008884523339042,-1.4755754175998443
1639504389959,2021-12-14T12:53:09.959,62.18,-8.667137214519338,-16.00683036459532,-1.7721876762981879
1639504389969,2021-12-14T12:53:09.969,62.19,-8.339781762212997,-16.95890087812126,-1.9962032519442903
1639504389979,2021-12-14T12:53:09.979,62.2,-7.734757224410874,-17.801863617367736,-1.9555705766080675
1639504389989,2021-12-14T12:53:09.989,62.21,-6.678708557696877,-18.44687145974001,-1.5138445136161565
1639504389999,2021-12-14T12:53:09.999,62.22,-5.276136048649278,-18.900725768490368,-0.8121898553860287
1639504390009,2021-12-14T12:53:10.009,62.23,-3.8257713716942967,-19.26574481412987,-0.08489164365435078
1639504390019,2021-12-14T12:53:10.019,62.24,-2.375175961309962,-19.592097012079574,0.6817654484820471
1639504390029,2021-12-14T12:53:10.029,62.25,-0.737692706393227,-19.807733135674503,1.6986271411494531
1639504390039,2021-12-14T12:53:10.039,62.26,1.0753090868051896,-19.85264508557337,3.013708782029068
1639504390049,2021-12-14T12:53:10.049,62.27,2.8782845046406544,-19.758215534213285,4.476086822650619
1639504390059,2021-12-14T12:53:10.059,62.28,4.767478926020284,-19.487821454681942,6.050300501960759
1639504390069,2021-12-14T12:53:10.069,62.29,7.096451554933395,-18.843401990900116,7.865073198117239
1639504390079,2021-12-14T12:53:10.079,62.3,9.946559747134007,-17.679849036226074,9.935443333261405
1639504390089,2021-12-14T12:53:10.089,62.31,12.971266019612441,-16.11865842348817,12.09253106844005
1639504390099,2021-12-14T12:53:10.099,62.32,15.7629203721291,-14.43866496621375,14.184034197033673
1639504390109,2021-12-14T12:53:10.109,62.33,18.113644904662785,-12.818333004492343,16.15317296031971
1639504390119,2021-12-14T12:53:10.119,62.34,19.983724870020666,-11.249674201749475,17.95135358799109
1639504390129,2021-12-14T12:53:10.129,62.35,21.457338175658528,-9.644275975147913,19.515453762598685
1639504390139,2021-12-14T12:53:10.139,62.36,22.726315546434783,-7.9336075926076415,20.816962206928796
1639504390149,2021-12-14T12:53:10.149,62.37,23.95917066154975,-6.075581739626703,21.869158068807632
1639504390159,2021-12-14T12:53:10.159,62.38,25.122551809597034,-4.077763313116517,22.703237016170387
1639504390169,2021-12-14T12:53:10.169,62.39,25.99125587144788,-2.060365964607855,23.35658273135082
1639504390179,2021-12-14T12:53:10.179,62.4,26.39213805281446,-0.20054274682785517,23.87588842831038
1639504390189,2021-12-14T12:53:10.189,62.41,26.370799390100544,1.4129163537390843,24.333058594088047
1639504390199,2021-12-14T12:53:10.199,62.42,26.035322076021913,2.770329584473604,24.807906217789508
1639504390209,2021-12-14T12:53:10.209,62.43,25.336466478937883,3.8091676435328417,25.306089560743185
1639504390219,2021-12-14T12:53:10.219,62.44,24.140993583964566,4.43918954757886,25.726411677235483
1639504390229,2021-12-14T12:53:10.229,62.45,22.45760074791608,4.6879995866358035,25.970186130396996
1639504390239,2021-12-14T12:53:10.239,62.46,20.46149577308757,4.675931160053945,26.036014231449435
1639504390249,2021-12-14T12:53:10.249,62.47,18.3216396762651,4.453887274186201,25.949949276546434
1639504390259,2021-12-14T12:53:10.259,62.48,16.10360232454397,3.9905113039991402,25.68362193676159
1639504390269,2021-12-14T12:53:10.269,62.49,13.849557462197073,3.307628626720083,25.20690870071755
1639504390279,2021-12-14T12:53:10.279,62.5,11.659375541047522,2.5145502571156344,24.533428913652614
1639504390289,2021-12-14T12:53:10.289,62.51,9.629870477508723,1.6947362485554642,23.67215352992625
1639504390299,2021-12-14T12:53:10.299,62.52,7.779908908477967,0.8394602419499431,22.63314706538563
1639504390309,2021-12-14T12:53:10.309,62.53,6.110115369801612,-0.07376809491852362,21.490765786565134
1639504390319,2021-12-14T12:53:10.319,62.54,4.688282694990602,-0.9902271648197098,20.33480076807694
1639504390329,2021-12-14T12:53:10.329,62.55,3.626250093460468,-1.8144531648397488,19.174433933405545
1639504390339,2021-12-14T12:53:10.339,62.56,3.0063087998778038,-2.514253454214649,17.97925197019704
1639504390349,2021-12-14T12:53:10.349,62.57,2.8223488017539946,-3.1406390394919494,16.76388913099652
1639504390359,2021-12-14T12:53:10.359,62.58,2.955120409670383,-3.7536716090531823,15.55635061063509
1639504390369,2021-12-14T12:53:10.369,62.59,3.24816833358392,-4.372962150383168,14.35543197683489
1639504390379,2021-12-14T12:53:10.379,62.6,3.6350115443453097,-4.997005234856874,13.18144175992268
1639504390389,2021-12-14T12:53:10.389,62.61,4.1269265604244945,-5.630211142108012,12.0954928283556
1639504390399,2021-12-14T12:53:10.399,62.62,4.672332575079217,-6.281352285371465,11.133599619372212
1639504390409,2021-12-14T12:53:10.409,62.63,5.143487403254493,-6.932678442976845,10.292703895580164
1639504390419,2021-12-14T12:53:10.419,62.64,5.499883787818948,-7.501783829242939,9.589801429818507
1639504390429,2021-12-14T12:53:10.429,62.65,5.834631761500821,-7.88973540806367,9.057436611595609
1639504390439,2021-12-14T12:53:10.439,62.66,6.191105308749284,-8.110335415941059,8.670292201688083
1639504390449,2021-12-14T12:53:10.449,62.67,6.470153695670218,-8.289561589536014,8.349458441497745
1639504390459,2021-12-14T12:53:10.459,62.68,6.585789951327994,-8.502184698136132,8.064105962494319
1639504390469,2021-12-14T12:53:10.469,62.69,6.553238386532204,-8.712698972468582,7.865314770579545
1639504390479,2021-12-14T12:53:10.479,62.7,6.377908997688822,-8.88042755417119,7.795304640431088
1639504390489,2021-12-14T12:53:10.489,62.71,6.032871696224532,-9.015943954417917,7.834010279390111
1639504390499,2021-12-14T12:53:10.499,62.72,5.543376422745764,-9.146671911320558,7.948885959540783
1639504390509,2021-12-14T12:53:10.509,62.73,4.932948778526404,-9.285497303694966,8.105741533628747
1639504390519,2021-12-14T12:53:10.519,62.74,4.169694410542194,-9.409534732636676,8.220153122737752
1639504390529,2021-12-14T12:53:10.529,62.75,3.3003834220098165,-9.476497109327608,8.202311766051984
1639504390539,2021-12-14T12:53:10.539,62.76,2.4870478371676823,-9.4931687745968,8.06557523851206
1639504390549,2021-12-14T12:53:10.549,62.77,1.8070980031895438,-9.518989374575419,7.901750469153939
1639504390559,2021-12-14T12:53:10.559,62.78,1.1772490848710668,-9.572741943575732,7.75863374580948
1639504390569,2021-12-14T12:53:10.569,62.79,0.5297012405714265,-9.604275822793179,7.643213267304449
1639504390579,2021-12-14T12:53:10.579,62.8,-0.08016756375429857,-9.596055487118546,7.617111677028278
1639504390589,2021-12-14T12:53:10.589,62.81,-0.5669536301134797,-9.624584842645566,7.752046525819811
1639504390599,2021-12-14T12:53:10.599,62.82,-0.9145142210908079,-9.757858066236764,7.994762867421327
1639504390609,2021-12-14T12:53:10.609,62.83,-1.1721652814940202,-9.940154613408055,8.189204755912568
1639504390619,2021-12-14T12:53:10.619,62.84,-1.397190185564669,-10.064256179651363,8.221247177798537
1639504390629,2021-12-14T12:53:10.629,62.85,-1.5848193975673397,-10.121157874314806,8.071207374285144
1639504390639,2021-12-14T12:53:10.639,62.86,-1.6507421676546778,-10.172377153618017,7.768637476778197
1639504390649,2021-12-14T12:53:10.649,62.87,-1.5357573798461222,-10.211785038697203,7.352406737972455
1639504390659,2021-12-14T12:53:10.659,62.88,-1.3159989698134806,-10.178594286154569,6.846216901127664
1639504390669,2021-12-14T12:53:10.669,62.89,-1.120947431528483,-10.078616550239754,6.26574442208403
1639504390679,2021-12-14T12:53:10.679,62.9,-0.9542675545420178,-9.974940532644853,5.673298620367731
1639504390689,2021-12-14T12:53:10.689,62.91,-0.7167984093626674,-9.869836330491442,5.181594461522897
1639504390699,2021-12-14T12:53:10.699,62.92,-0.40298096361441554,-9.698726282873658,4.855822473037213
1639504390709,2021-12-14T12:53:10.709,62.93,-0.13212934715492364,-9.45387469699982,4.6567412531776
1639504390719,2021-12-14T12:53:10.719,62.94,0.01700768966132088,-9.21225408948391,4.515426045766451
1639504390729,2021-12-14T12:53:10.729,62.95,0.06561450636587952,-9.004394911939636,4.39851908023536
1639504390739,2021-12-14T12:53:10.739,62.96,0.05364490300169046,-8.765193385278959,4.261431585559619
1639504390749,2021-12-14T12:53:10.749,62.97,0.02974564129365072,-8.454757698399359,4.020578369673596
1639504390759,2021-12-14T12:53:10.759,62.98,0.05745258097574042,-8.120788193484007,3.645205268256588
1639504390769,2021-12-14T12:53:10.769,62.99,0.10667670358536017,-7.818684658508976,3.2249339810388893
1639504390779,2021-12-14T12:53:10.779,63.0,0.02781794230541689,-7.558125500956242,2.8629224367940314
1639504390789,2021-12-14T12:53:10.789,63.01,-0.2875148003978742,-7.3438460110530865,2.5255867255816598
1639504390799,2021-12-14T12:53:10.799,63.02,-0.8262758712953229,-7.209821368242858,2.0897844589056214
1639504390809,2021-12-14T12:53:10.809,63.03,-1.490390982425608,-7.166919988150402,1.546643542858056
1639504390819,2021-12-14T12:53:10.819,63.04,-2.0439309556717484,-7.128782679838777,1.0793319660007419
1639504390829,2021-12-14T12:53:10.829,63.05,-2.188617515769147,-6.9681986753309975,0.8983269201768354
1639504390839,2021-12-14T12:53:10.839,63.06,-1.9302861312515227,-6.687580323646145,1.032707901635257
1639504390849,2021-12-14T12:53:10.849,63.07,-1.6748018135086449,-6.466799952160123,1.3343483296157501
1639504390859,2021-12-14T12:53:10.859,63.08,-1.7659287635855523,-6.479652748867368,1.6715291927916054
1639504390869,2021-12-14T12:53:10.869,63.09,-2.1370748541101894,-6.693029317046388,2.021807788814619
1639504390879,2021-12-14T12:53:10.879,63.1,-2.5214051787281004,-6.902425736759758,2.3590812388412066
1639504390889,2021-12-14T12:53:10.889,63.11,-2.7773198922637867,-6.9618483618744165,2.5804844547993366
1639504390899,2021-12-14T12:53:10.899,63.12,-2.9292658441007005,-6.9229585854285345,2.608180009988314
1639504390909,2021-12-14T12:53:10.909,63.13,-3.062594733169073,-6.9158504242631595,2.4722690097257214
1639504390919,2021-12-14T12:53:10.919,63.14,-3.2545755395006513,-6.955856301229119,2.2537536748819558
1639504390929,2021-12-14T12:53:10.929,63.15,-3.535655655443116,-6.961769446317158,2.027659122566063
1639504390939,2021-12-14T12:53:10.939,63.16,-3.8722490073790268,-6.921402808492906,1.881898239415018
1639504390949,2021-12-14T12:53:10.949,63.17,-4.179229096934398,-6.9044230614434845,1.8825892750158748
1639504390959,2021-12-14T12:53:10.959,63.18,-4.352651669089956,-6.925231897970849,1.9557788849389444
1639504390969,2021-12-14T12:53:10.969,63.19,-4.345663761354118,-6.9218677343891954,1.9136227677592843
1639504390979,2021-12-14T12:53:10.979,63.2,-4.242440326292702,-6.8689981220064595,1.706857378318218
1639504390989,2021-12-14T12:53:10.989,63.21,-4.184547707359712,-6.8112859944191,1.5161900909145531
1639504390999,2021-12-14T12:53:10.999,63.22,-4.190051166572118,-6.781455452591944,1.453799459811594
1639504391009,2021-12-14T12:53:11.009,63.23,-4.1286374001073725,-6.7518422370012665,1.3717519516537928
1639504391019,2021-12-14T12:53:11.019,63.24,-3.9015169238761027,-6.675347091498622,1.122864943919156
1639504391029,2021-12-14T12:53:11.029,63.25,-3.555603477636752,-6.541802846671612,0.7813516718032056
1639504391039,2021-12-14T12:53:11.039,63.26,-3.1937717608045086,-6.384505841095478,0.48120833784038974
1639504391049,2021-12-14T12:53:11.049,63.27,-2.8646712222680355,-6.234747327287873,0.24487944730982464
1639504391059,2021-12-14T12:53:11.059,63.28,-2.597894641064424,-6.076863268798677,0.026530170352090904
1639504391069,2021-12-14T12:53:11.069,63.29,-2.477839383586831,-5.871379164603028,-0.2337876651587594
1639504391079,2021-12-14T12:53:11.079,63.3,-2.567070889106888,-5.627155800499491,-0.5950232608894392
1639504391089,2021-12-14T12:53:11.089,63.31,-2.750095927091004,-5.399806510665615,-1.0473230242880978
1639504391099,2021-12-14T12:53:11.099,63.32,-2.7892649468182693,-5.187796787522369,-1.492442388739795
1639504391109,2021-12-14T12:53:11.109,63.33,-2.6113669315706436,-4.908876441059657,-1.848646362100799
1639504391119,2021-12-14T12:53:11.119,63.34,-2.420941213709247,-4.5481618614575945,-2.113553342839635
1639504391129,2021-12-14T12:53:11.129,63.35,-2.444564142551194,-4.234740472246818,-2.291500198293337
1639504391139,2021-12-14T12:53:11.139,63.36,-2.677107206199859,-4.0817635976187185,-2.358004756587835
1639504391149,2021-12-14T12:53:11.149,63.37,-2.9540576719061793,-4.047942255647718,-2.345677911213453
1639504391159,2021-12-14T12:53:11.159,63.38,-3.1563344449311277,-4.027753479598148,-2.3572877001033294
1639504391169,2021-12-14T12:53:11.169,63.39,-3.267313816877331,-3.9742285151706884,-2.434252998689554
1639504391179,2021-12-14T12:53:11.179,63.4,-3.3147833265338447,-3.8882720341980526,-2.5209358340664436
1639504391189,2021-12-14T12:53:11.189,63.41,-3.316654040022896,-3.7760301571569634,-2.610847555518137
1639504391199,2021-12-14T12:53:11.199,63.42,-3.253102718706633,-3.6403273828133322,-2.8091845504580437
1639504391209,2021-12-14T12:53:11.209,63.43,-3.1110606171092803,-3.479701471891392,-3.1850925896998055
1639504391219,2021-12-14T12:53:11.219,63.44,-2.976359980816272,-3.3129546113643875,-3.652447726989051
1639504391229,2021-12-14T12:53:11.229,63.45,-2.984646134477348,-3.195849828610597,-4.063786831360099
1639504391239,2021-12-14T12:53:11.239,63.46,-3.1422994638963155,-3.158949091650202,-4.3686930600965095
1639504391249,2021-12-14T12:53:11.249,63.47,-3.3152111498825234,-3.146579139715345,-4.613969972039706
1639504391259,2021-12-14T12:53:11.259,63.48,-3.412277905328093,-3.075730074462766,-4.817892618513726
1639504391269,2021-12-14T12:53:11.269,63.49,-3.4529363019310164,-2.9274185199394767,-4.93058693511075
1639504391279,2021-12-14T12:53:11.279,63.5,-3.463526939545395,-2.726490724045969,-4.932114859817506
1639504391289,2021-12-14T12:53:11.289,63.51,-3.42750433546889,-2.47781169055859,-4.889343861388927
1639504391299,2021-12-14T12:53:11.299,63.52,-3.3356462663640576,-2.1853592421045716,-4.872412813585059
1639504391309,2021-12-14T12:53:11.309,63.53,-3.2256410438204877,-1.8942677438437912,-4.877021767919232
1639504391319,2021-12-14T12:53:11.319,63.54,-3.1664591545055893,-1.6539788993622686,-4.878012893320273
1639504391329,2021-12-14T12:53:11.329,63.55,-3.1839801076787078,-1.456644279511956,-4.895592485062707
1639504391339,2021-12-14T12:53:11.339,63.56,-3.2067407999285975,-1.2559335668602047,-4.952818784378351
1639504391349,2021-12-14T12:53:11.349,63.57,-3.1528629779545847,-1.047544630057767,-5.034375185374847
1639504391359,2021-12-14T12:53:11.359,63.58,-3.0508581885659316,-0.8825805239288791,-5.133615659266325
1639504391369,2021-12-14T12:53:11.369,63.59,-2.9841256132831893,-0.7746774405277413,-5.264390928072466
1639504391379,2021-12-14T12:53:11.379,63.6,-2.9484124012949473,-0.662055719174087,-5.396896798293421
1639504391389,2021-12-14T12:53:11.389,63.61,-2.8668126379748333,-0.5189179761629806,-5.4669105723158316
1639504391399,2021-12-14T12:53:11.399,63.62,-2.740705414682629,-0.4188496969409975,-5.472617915464241
1639504391409,2021-12-14T12:53:11.409,63.63,-2.6818392355644383,-0.41253096227155084,-5.489789183201527
1639504391419,2021-12-14T12:53:11.419,63.64,-2.7345555516494926,-0.43608548362764393,-5.570483910241311
1639504391429,2021-12-14T12:53:11.429,63.65,-2.7646305103651208,-0.40919107483178185,-5.674658616039915
1639504391439,2021-12-14T12:53:11.439,63.66,-2.646656617236966,-0.32746053712690376,-5.726261499514681
1639504391449,2021-12-14T12:53:11.449,63.67,-2.4650961032388983,-0.2127526692870889,-5.723925153754734
1639504391459,2021-12-14T12:53:11.459,63.68,-2.3867205134897302,-0.06980806820991106,-5.758000145901986
1639504391469,2021-12-14T12:53:11.469,63.69,-2.4288313945832183,0.08151796030807969,-5.884438944557826
1639504391479,2021-12-14T12:53:11.479,63.7,-2.469538273296431,0.21089266585943048,-6.039174403565056
1639504391489,2021-12-14T12:53:11.489,63.71,-2.412690117035967,0.3266022856481439,-6.16118481336
1639504391499,2021-12-14T12:53:11.499,63.72,-2.283910480590662,0.4762277755985289,-6.326689768548078
1639504391509,2021-12-14T12:53:11.509,63.73,-2.188232293945262,0.7010664716811009,-6.630449957791068
1639504391519,2021-12-14T12:53:11.519,63.74,-2.1639649347843166,1.0042856576254364,-6.997754056756678
1639504391529,2021-12-14T12:53:11.529,63.75,-2.1079851699010077,1.3541975246069975,-7.2655283336192955
1639504391539,2021-12-14T12:53:11.539,63.76,-1.912775711510325,1.7129497025743903,-7.4138618077120455
1639504391549,2021-12-14T12:53:11.549,63.77,-1.6495419902686526,2.053342093506098,-7.56874667394972
1639504391559,2021-12-14T12:53:11.559,63.78,-1.5401752822745818,2.3336836926766336,-7.781428632824813
1639504391569,2021-12-14T12:53:11.569,63.79,-1.7084115210479731,2.4842702891640425,-7.953543527013673
1639504391579,2021-12-14T12:53:11.579,63.8,-2.0038515046093055,2.4780797955389033,-8.02821821871515
1639504391589,2021-12-14T12:53:11.589,63.81,-2.189558790792673,2.417596904780491,-8.124546423783508
1639504391599,2021-12-14T12:53:11.599,63.82,-2.213128256479805,2.4853770442061474,-8.36854984375682
1639504391609,2021-12-14T12:53:11.609,63.83,-2.0917675085095686,2.762869761753528,-8.663448910836799
1639504391619,2021-12-14T12:53:11.619,63.84,-1.7684565287258835,3.122772505423387,-8.773855451567645
1639504391629,2021-12-14T12:53:11.629,63.85,-1.36775190693003,3.347556458918087,-8.626817381849008
1639504391639,2021-12-14T12:53:11.639,63.86,-1.238488633906313,3.3472569619582853,-8.384970200216026
1639504391649,2021-12-14T12:53:11.649,63.87,-1.4611628674676307,3.2120440405214667,-8.198873621071385
1639504391659,2021-12-14T12:53:11.659,63.88,-1.6906666489474689,3.0653390895221744,-8.042270986603485
1639504391669,2021-12-14T12:53:11.669,63.89,-1.6593966936876918,2.947651101598339,-7.863478468247946
1639504391679,2021-12-14T12:53:11.679,63.9,-1.4680181510258663,2.860509385778877,-7.750161585905561
1639504391689,2021-12-14T12:53:11.689,63.91,-1.3005248748609093,2.8310642865435267,-7.816851354216711
1639504391699,2021-12-14T12:53:11.699,63.92,-1.1961141075582842,2.8623167433545467,-8.023108774742331
1639504391709,2021-12-14T12:53:11.709,63.93,-1.1638618621772887,2.87676047047184,-8.22735857388366
1639504391719,2021-12-14T12:53:11.719,63.94,-1.2459947002431737,2.7946054519986996,-8.361512432372779
1639504391729,2021-12-14T12:53:11.729,63.95,-1.394831177616345,2.637260634291528,-8.449260214363271
1639504391739,2021-12-14T12:53:11.739,63.96,-1.4638241913090062,2.494273083878472,-8.513103564620094
1639504391749,2021-12-14T12:53:11.749,63.97,-1.3866273731538525,2.4292026368311794,-8.573998989464473
1639504391759,2021-12-14T12:53:11.759,63.98,-1.2656300320038327,2.452319419675877,-8.686909239210806
1639504391769,2021-12-14T12:53:11.769,63.99,-1.2227259597811766,2.5307424212834038,-8.868550687037857
1639504391779,2021-12-14T12:53:11.779,64.0,-1.236886329733617,2.6031794050191204,-9.047988410508076
1639504391789,2021-12-14T12:53:11.789,64.01,-1.2124497281098316,2.631662841638365,-9.176206296719725
1639504391799,2021-12-14T12:53:11.799,64.02,-1.1336775905557097,2.6434849544524814,-9.298784591609616
1639504391809,2021-12-14T12:53:11.809,64.03,-1.0480164590246321,2.681917654245143,-9.432823513373592
1639504391819,2021-12-14T12:53:11.819,64.04,-0.9719221977208656,2.7312666414356173,-9.47784445527366
1639504391829,2021-12-14T12:53:11.829,64.05,-0.9141216660906744,2.749942222218495,-9.363952375636558
1639504391839,2021-12-14T12:53:11.839,64.06,-0.9350780833892229,2.760575182480866,-9.20996063938091
1639504391849,2021-12-14T12:53:11.849,64.07,-1.0939165655109198,2.8188927548527207,-9.208481492141
1639504391859,2021-12-14T12:53:11.859,64.08,-1.3260737460286705,2.9012647761171864,-9.388780515812122
1639504391869,2021-12-14T12:53:11.869,64.09,-1.426932477613898,2.9418243244253692,-9.611945468992527
1639504391879,2021-12-14T12:53:11.879,64.1,-1.2419235124293526,2.9801131868598723,-9.79081211333508
1639504391889,2021-12-14T12:53:11.889,64.11,-0.8808772602105379,3.1186824924642873,-9.986933694989661
1639504391899,2021-12-14T12:53:11.899,64.12,-0.6503489218333847,3.317488986094946,-10.261449908034164
1639504391909,2021-12-14T12:53:11.909,64.13,-0.7406635448872054,3.398533762355821,-10.541927691568008
1639504391919,2021-12-14T12:53:11.919,64.14,-1.049039992334875,3.29467454577583,-10.703173604660913
1639504391929,2021-12-14T12:53:11.929,64.15,-1.3355092379757012,3.1489419802622445,-10.722510610911678
1639504391939,2021-12-14T12:53:11.939,64.16,-1.4726873199146882,3.12893632832483,-10.686927374822009
1639504391949,2021-12-14T12:53:11.949,64.17,-1.472425351308735,3.2608205944827184,-10.673159022766399
1639504391959,2021-12-14T12:53:11.959,64.18,-1.3497837018739172,3.4756111676788555,-10.69288465877162
1639504391969,2021-12-14T12:53:11.969,64.19,-1.121937809094485,3.718243892718611,-10.743080217947634
1639504391979,2021-12-14T12:53:11.979,64.2,-0.9064982090713463,3.9620259935274182,-10.832922712503377
1639504391989,2021-12-14T12:53:11.989,64.21,-0.8288898570254883,4.173271575039042,-10.953667214845252
1639504391999,2021-12-14T12:53:11.999,64.22,-0.8524320103639458,4.329881928027061,-11.073510118262499
1639504392009,2021-12-14T12:53:12.009,64.23,-0.8686919945788041,4.4613017187308674,-11.168796720208386
1639504392019,2021-12-14T12:53:12.019,64.24,-0.8812964059990518,4.595100131596915,-11.224873920017561
1639504392029,2021-12-14T12:53:12.029,64.25,-0.9374606329645457,4.677868301902461,-11.211429383061716
1639504392039,2021-12-14T12:53:12.039,64.26,-0.9887484474241143,4.6513804906099905,-11.116172335611735
1639504392049,2021-12-14T12:53:12.049,64.27,-0.9689551445394524,4.577171581913429,-11.006398754348053
1639504392059,2021-12-14T12:53:12.059,64.28,-0.9079981613266463,4.555642752004394,-10.966665732531073
1639504392069,2021-12-14T12:53:12.069,64.29,-0.8628380544362555,4.562161464051394,-10.95903638693138
1639504392079,2021-12-14T12:53:12.079,64.3,-0.8210763423985299,4.50296722919464,-10.862804197729508
1639504392089,2021-12-14T12:53:12.089,64.31,-0.7486681344035393,4.393361650384053,-10.67636920892435
1639504392099,2021-12-14T12:53:12.099,64.32,-0.6787596139852519,4.332355303780314,-10.536836974503558
1639504392109,2021-12-14T12:53:12.109,64.33,-0.6960086985529771,4.313778547587172,-10.499678049201707
1639504392119,2021-12-14T12:53:12.119,64.34,-0.8360897664978966,4.218144729056825,-10.446691720731632
1639504392129,2021-12-14T12:53:12.129,64.35,-1.01716079998084,4.020866175368384,-10.270284729123913
1639504392139,2021-12-14T12:53:12.139,64.36,-1.1049771088276017,3.8533347944210545,-10.020105727979788
1639504392149,2021-12-14T12:53:12.149,64.37,-1.0764907242757245,3.796195569187147,-9.808799356044105
1639504392159,2021-12-14T12:53:12.159,64.38,-1.0647879898441668,3.759645892758054,-9.683286322437379
1639504392169,2021-12-14T12:53:12.169,64.39,-1.1739155883860075,3.6443647700525066,-9.636298200196581
1639504392179,2021-12-14T12:53:12.179,64.4,-1.3156976249434806,3.485671808217641,-9.643040399340059
1639504392189,2021-12-14T12:53:12.189,64.41,-1.3302487915335606,3.3587055241109978,-9.647970403299656
1639504392199,2021-12-14T12:53:12.199,64.42,-1.2052758316621195,3.25739725292647,-9.601401008603949
1639504392209,2021-12-14T12:53:12.209,64.43,-1.0581370056292654,3.149059717621064,-9.526882532770513
1639504392219,2021-12-14T12:53:12.219,64.44,-0.9468391557019151,3.061525417599695,-9.479428239319514
1639504392229,2021-12-14T12:53:12.229,64.45,-0.824723129792466,3.0328931684359732,-9.453608772498008
1639504392239,2021-12-14T12:53:12.239,64.46,-0.6786276668335425,3.0317277075388436,-9.41117124192191
1639504392249,2021-12-14T12:53:12.249,64.47,-0.5963404567183239,3.008534079276128,-9.356816174304525
1639504392259,2021-12-14T12:53:12.259,64.48,-0.6434568319876572,2.9770522143749525,-9.299030793610719
1639504392269,2021-12-14T12:53:12.269,64.49,-0.7595923701014293,2.955557302147738,-9.187244963925254
1639504392279,2021-12-14T12:53:12.279,64.5,-0.858148389778336,2.8902895761146112,-8.964249352546695
1639504392289,2021-12-14T12:53:12.289,64.51,-0.9380336899195792,2.7498444585255513,-8.62541709284703
1639504392299,2021-12-14T12:53:12.299,64.52,-1.003536502260296,2.6202898745408505,-8.18160686701341
1639504392309,2021-12-14T12:53:12.309,64.53,-1.0074186614831349,2.5666860535484064,-7.638692306899589
1639504392319,2021-12-14T12:53:12.319,64.54,-0.9757090523903589,2.4927671466103236,-7.054554365066936
1639504392329,2021-12-14T12:53:12.329,64.55,-1.012141312938972,2.314691112588508,-6.542599359412893
1639504392339,2021-12-14T12:53:12.339,64.56,-1.085608149410314,2.1484131173052794,-6.1432159521462175
1639504392349,2021-12-14T12:53:12.349,64.57,-1.0303925582777975,2.083577478252515,-5.706850329416596
1639504392359,2021-12-14T12:53:12.359,64.58,-0.8652256316848275,1.9461339616338207,-5.006541312738211
1639504392369,2021-12-14T12:53:12.369,64.59,-0.8988147291241455,1.6289260080133416,-4.032008276589823
1639504392379,2021-12-14T12:53:12.379,64.6,-1.350834482703329,1.4150931691618234,-3.0739909675075268
1639504392389,2021-12-14T12:53:12.389,64.61,-1.9631026934886247,1.5066473556444773,-2.3994915057810013
1639504392399,2021-12-14T12:53:12.399,64.62,-2.1602716128763584,1.5829263367538449,-1.947514766496496
1639504392409,2021-12-14T12:53:12.409,64.63,-1.6420189909966818,1.4010580034703732,-1.5305159007201201
1639504392419,2021-12-14T12:53:12.419,64.64,-0.6767490345888758,1.3649614139042958,-1.2304430819005026
1639504392429,2021-12-14T12:53:12.429,64.65,0.2965896536007422,1.884147185811674,-1.2807307471540172
1639504392439,2021-12-14T12:53:12.439,64.66,1.1248264825740955,2.6535580599383852,-1.5617267778663666
1639504392449,2021-12-14T12:53:12.449,64.67,1.766797778374513,3.0854357142762407,-1.5626920666514996
1639504392459,2021-12-14T12:53:12.459,64.68,2.0037332529559064,3.058610754885966,-0.8997774655068496
1639504392469,2021-12-14T12:53:12.469,64.69,1.7561276233105065,2.8806282207584566,0.4332628630987933
1639504392479,2021-12-14T12:53:12.479,64.7,1.4206690069871075,2.7808050352991494,2.316765238385631
1639504392489,2021-12-14T12:53:12.489,64.71,1.4399035396533053,2.729663030042002,4.660857610888497
1639504392499,2021-12-14T12:53:12.499,64.72,1.7363610001161658,2.6474835478067287,7.293422945811653
1639504392509,2021-12-14T12:53:12.509,64.73,1.9283407582650205,2.541325678340958,9.983882151762923
1639504392519,2021-12-14T12:53:12.519,64.74,1.9022630476114308,2.4135149014118475,12.642435088121916
1639504392529,2021-12-14T12:53:12.529,64.75,1.8620049564594914,2.2074393304043913,15.349530986680087
1639504392539,2021-12-14T12:53:12.539,64.76,1.958889514315024,1.902646314393989,18.170233721102065
1639504392549,2021-12-14T12:53:12.549,64.77,2.1407806934168025,1.554020425672733,21.04032573587342
1639504392559,2021-12-14T12:53:12.559,64.78,2.3438540456075403,1.1972867275002042,23.845541087318406
1639504392569,2021-12-14T12:53:12.569,64.79,2.651746157101594,0.8073459418163416,26.51510243635684
1639504392579,2021-12-14T12:53:12.579,64.8,3.1822795603786527,0.38068369931986856,29.00191516614816
1639504392589,2021-12-14T12:53:12.589,64.81,3.9069342516320864,-0.021786828014719435,31.25230158913801
1639504392599,2021-12-14T12:53:12.599,64.82,4.713559953630258,-0.34660665136369384,33.24128404317494
1639504392609,2021-12-14T12:53:12.609,64.83,5.596715838466965,-0.601606778658306,34.98105703242578
1639504392619,2021-12-14T12:53:12.619,64.84,6.625916505640115,-0.7965559945424378,36.4630817973777
1639504392629,2021-12-14T12:53:12.629,64.85,7.770333888859416,-0.8763054889537523,37.64633211623207
1639504392639,2021-12-14T12:53:12.639,64.86,8.908983410784145,-0.7923930188159591,38.52266130130823
1639504392649,2021-12-14T12:53:12.649,64.87,9.923438178786094,-0.6244156647601109,39.12827517989484
1639504392659,2021-12-14T12:53:12.659,64.88,10.657730048308956,-0.5239900947125233,39.48421561526816
1639504392669,2021-12-14T12:53:12.669,64.89,10.981735055538575,-0.5296316393494276,39.608956978314104
1639504392679,2021-12-14T12:53:12.679,64.9,11.011313319343943,-0.5430564336181942,39.595246997502606
1639504392689,2021-12-14T12:53:12.689,64.91,11.008530278298387,-0.512089314360374,39.596442614908824
1639504392699,2021-12-14T12:53:12.699,64.92,10.984206871008443,-0.5399214850670682,39.73374960611278
1639504392709,2021-12-14T12:53:12.709,64.93,10.694045417147798,-0.7545726608862384,40.086076752083414
1639504392719,2021-12-14T12:53:12.719,64.94,10.09001570856773,-1.1315353751823505,40.76306187818626
1639504392729,2021-12-14T12:53:12.729,64.95,9.479337655696487,-1.5242955759940715,41.86297147360271
1639504392739,2021-12-14T12:53:12.739,64.96,9.135840025542796,-1.8348356344915238,43.29417148679182
1639504392749,2021-12-14T12:53:12.749,64.97,9.00855484321712,-2.0654076274733737,44.75014617200482
1639504392759,2021-12-14T12:53:12.759,64.98,8.970601653861177,-2.2328312210592363,45.927943602682504
1639504392769,2021-12-14T12:53:12.769,64.99,9.1100133936092,-2.354552376942329,46.65992272682533
1639504392779,2021-12-14T12:53:12.779,65.0,9.533504943959159,-2.523794086378681,46.85235544532071
1639504392789,2021-12-14T12:53:12.789,65.01,10.126100950767391,-2.87224428414956,46.555647199853
1639504392799,2021-12-14T12:53:12.799,65.02,10.783787516701857,-3.4437551966061966,46.13608550187276
1639504392809,2021-12-14T12:53:12.809,65.03,11.603996730673629,-4.224300100220672,46.04644330710523
1639504392819,2021-12-14T12:53:12.819,65.04,12.55144273105218,-5.2544967308569275,46.25793064624141
1639504392829,2021-12-14T12:53:12.829,65.05,13.26338910569936,-6.512747287131376,46.17192374474975
1639504392839,2021-12-14T12:53:12.839,65.06,13.508217220197405,-7.71711044219983,45.27461984661808
1639504392849,2021-12-14T12:53:12.849,65.07,13.507617520180482,-8.49108811601656,43.655963405077486
1639504392859,2021-12-14T12:53:12.859,65.08,13.495636350945283,-8.758838271474433,41.72163731765019
1639504392869,2021-12-14T12:53:12.869,65.09,13.300907236483916,-8.820368149215309,39.69447752169139
1639504392879,2021-12-14T12:53:12.879,65.1,12.641495893158128,-9.07368058202125,37.6549880178642
1639504392889,2021-12-14T12:53:12.889,65.11,11.472561935608471,-9.767912740735074,35.776381627570004
1639504392899,2021-12-14T12:53:12.899,65.12,9.870672290915289,-10.878404085957872,34.154987755798835
1639504392909,2021-12-14T12:53:12.909,65.13,8.044460469577286,-12.060115635067387,32.52342865942171
1639504392919,2021-12-14T12:53:12.919,65.14,6.556821178910006,-12.843155212081598,30.399242717648633
1639504392929,2021-12-14T12:53:12.929,65.15,5.9654646612134545,-13.007628610565018,27.54706276540879
1639504392939,2021-12-14T12:53:12.939,65.16,6.19082178899664,-12.68686657260898,24.278211011914088
1639504392949,2021-12-14T12:53:12.949,65.17,6.759615056723688,-12.083665600864872,21.35881295547005
1639504392959,2021-12-14T12:53:12.959,65.18,7.5047728487627685,-11.288116272120005,19.567080230647363
1639504392969,2021-12-14T12:53:12.969,65.19,8.42751719621224,-10.458401043892522,19.19816331685049
1639504392979,2021-12-14T12:53:12.979,65.2,9.095145518051375,-9.943438159082795,19.956730157489172
1639504392989,2021-12-14T12:53:12.989,65.21,8.795923774393374,-10.0304345435907,21.284448699350634
1639504392999,2021-12-14T12:53:12.999,65.22,7.301662191481808,-10.64549400898588,22.732207324682438
1639504393009,2021-12-14T12:53:13.009,65.23,5.278522405587177,-11.356695893615509,24.118548302355308
1639504393019,2021-12-14T12:53:13.019,65.24,3.9146712106598134,-11.606572430109466,25.39447984811185
1639504393029,2021-12-14T12:53:13.029,65.25,3.9121321500351014,-10.986624682296206,26.26257415773307
1639504393039,2021-12-14T12:53:13.039,65.26,4.774877348587304,-9.384524532732755,26.107317501427275
1639504393049,2021-12-14T12:53:13.049,65.27,5.500387365063088,-6.911884730328943,24.648162146529977
1639504393059,2021-12-14T12:53:13.059,65.28,5.849916059591946,-3.8215140233756433,22.45463105404802
1639504393069,2021-12-14T12:53:13.069,65.29,6.180210674424045,-0.5594854715890009,20.320384852315346
1639504393079,2021-12-14T12:53:13.079,65.3,6.265287184018183,2.3516208310736184,18.258827936702787
1639504393089,2021-12-14T12:53:13.089,65.31,5.380427211823797,4.690058645707943,15.57842259185616
1639504393099,2021-12-14T12:53:13.099,65.32,3.428203007940078,6.639704112777276,11.798277113985826
1639504393109,2021-12-14T12:53:13.109,65.33,0.9596312250788469,8.406369932468396,6.989612758621334
1639504393119,2021-12-14T12:53:13.119,65.34,-1.7143085298484095,9.962562972834505,1.3275901516572444
1639504393129,2021-12-14T12:53:13.129,65.35,-4.518485156346296,11.28600774645812,-5.117178562047529
1639504393139,2021-12-14T12:53:13.139,65.36,-7.075358058043022,12.513788057995438,-12.10201083659811
1639504393149,2021-12-14T12:53:13.149,65.37,-9.128653762561884,13.600720463971268,-19.21654017483153
1639504393159,2021-12-14T12:53:13.159,65.38,-11.258862773033965,14.107019647246416,-26.215464665555285
1639504393169,2021-12-14T12:53:13.169,65.39,-14.25979406733261,13.6580602854931,-32.94246298847105
1639504393179,2021-12-14T12:53:13.179,65.4,-17.854767297297613,12.44332974921005,-38.93828228261803
1639504393189,2021-12-14T12:53:13.189,65.41,-20.808155761616142,10.99798215092383,-43.51084316781987
1639504393199,2021-12-14T12:53:13.199,65.42,-22.31296730657943,9.71486294369358,-46.221534467689224
1639504393209,2021-12-14T12:53:13.209,65.43,-22.52956879724506,8.8666845106375,-47.14884136170217
1639504393219,2021-12-14T12:53:13.219,65.44,-21.776812592541663,8.833376541166647,-46.830099739170066
1639504393229,2021-12-14T12:53:13.229,65.45,-20.075040142120322,9.86668044812019,-46.035519412061916
1639504393239,2021-12-14T12:53:13.239,65.46,-17.69749869824461,11.70677618139902,-45.36372031212787
1639504393249,2021-12-14T12:53:13.249,65.47,-15.472769388963027,13.729072215219517,-44.9772528684093
1639504393259,2021-12-14T12:53:13.259,65.48,-14.178788122975988,15.455987171724964,-44.80193720149068
1639504393269,2021-12-14T12:53:13.269,65.49,-13.864779121110429,16.811250638427556,-44.75497199979292
1639504393279,2021-12-14T12:53:13.279,65.5,-13.877377079657325,17.982805853944726,-44.59348429278726
1639504393289,2021-12-14T12:53:13.289,65.51,-13.4301975303533,19.184268695293753,-43.86077404659182
1639504393299,2021-12-14T12:53:13.299,65.52,-12.14565807569753,20.486037937910833,-42.304406736958185
1639504393309,2021-12-14T12:53:13.309,65.53,-10.236671029557556,21.71717262043073,-40.2226472702189
1639504393319,2021-12-14T12:53:13.319,65.54,-8.305094927339775,22.507604796996517,-38.22684792880443
1639504393329,2021-12-14T12:53:13.329,65.55,-6.851848028831501,22.522731665328195,-36.70510576017009
1639504393339,2021-12-14T12:53:13.339,65.56,-5.85833768831376,21.68318382372526,-35.53968496216768
1639504393349,2021-12-14T12:53:13.349,65.57,-4.9463934396537415,20.113678055217196,-34.31377582060435
1639504393359,2021-12-14T12:53:13.359,65.58,-3.91702179989717,17.948623888985374,-32.79536779770041
1639504393369,2021-12-14T12:53:13.369,65.59,-2.8473700347313002,15.317271882715911,-31.191585591680607
1639504393379,2021-12-14T12:53:13.379,65.6,-1.7400718870618495,12.441885011378147,-29.96921859228267
1639504393389,2021-12-14T12:53:13.389,65.61,-0.5465751378909084,9.54593536240452,-29.6063427666804
1639504393399,2021-12-14T12:53:13.399,65.62,0.4603492346601383,6.6866224629373106,-30.536663011508118
1639504393409,2021-12-14T12:53:13.409,65.63,0.8079825302189065,3.85051644520932,-33.056666609988845
1639504393419,2021-12-14T12:53:13.419,65.64,0.41267993865556385,1.1862961899144335,-37.049604744012655
1639504393429,2021-12-14T12:53:13.429,65.65,-0.25829470171780256,-1.0045321415976598,-41.83199323279922
1639504393439,2021-12-14T12:53:13.439,65.66,-0.7162974574578909,-2.496490943157068,-46.43496591247833
1639504393449,2021-12-14T12:53:13.449,65.67,-0.9633250530679656,-3.270426839035869,-50.12726133520901
1639504393459,2021-12-14T12:53:13.459,65.68,-1.314625838372974,-3.419901301144182,-52.61650527384762
1639504393469,2021-12-14T12:53:13.469,65.69,-1.7802372925295136,-2.997913737724958,-53.72861109042559
1639504393479,2021-12-14T12:53:13.479,65.7,-1.9399759914860388,-2.03774144558005,-53.10680672587611
1639504393489,2021-12-14T12:53:13.489,65.71,-1.627683293810499,-0.7462573101331844,-50.47317973195628
1639504393499,2021-12-14T12:53:13.499,65.72,-1.4014604786908753,0.45415795073182297,-46.092768565481364
1639504393509,2021-12-14T12:53:13.509,65.73,-1.854417771750962,1.2256886169787322,-40.6436461073878
1639504393519,2021-12-14T12:53:13.519,65.74,-2.6766569710512123,1.5947172260527855,-34.59170920013815
1639504393529,2021-12-14T12:53:13.529,65.75,-3.058029717440439,1.789067160227241,-28.036489476925997
1639504393539,2021-12-14T12:53:13.539,65.76,-2.900834131218687,1.879538411292539,-21.216116161778636
1639504393549,2021-12-14T12:53:13.549,65.77,-2.8337346235424627,1.7481364029943145,-14.672603962705601
1639504393559,2021-12-14T12:53:13.559,65.78,-3.049898328480756,1.3121258968462344,-8.716042576265732
1639504393569,2021-12-14T12:53:13.569,65.79,-3.0359429751896805,0.5744220249971447,-3.171892869627773
1639504393579,2021-12-14T12:53:13.579,65.8,-2.5811034974329443,-0.5002408910006266,2.1149147500798335
1639504393589,2021-12-14T12:53:13.589,65.81,-2.1658241729222563,-1.9721403601367151,6.924713799420058
1639504393599,2021-12-14T12:53:13.599,65.82,-2.0340548293030523,-3.762699967370266,11.026870384494002
1639504393609,2021-12-14T12:53:13.609,65.83,-1.624806884555008,-5.60624196306601,14.544351820331437
1639504393619,2021-12-14T12:53:13.619,65.84,-0.4086801774196443,-7.213590053784873,17.701359746272157
1639504393629,2021-12-14T12:53:13.629,65.85,1.214116136386763,-8.447502456502914,20.42764825222635
1639504393639,2021-12-14T12:53:13.639,65.86,2.374550725354753,-9.307676610550104,22.45093477703867
1639504393649,2021-12-14T12:53:13.649,65.87,2.764805734583247,-9.790564067242054,23.68044926638745
1639504393659,2021-12-14T12:53:13.659,65.88,2.7160752815642173,-9.844952332577662,24.30068747770914
1639504393669,2021-12-14T12:53:13.669,65.89,2.5086911213308785,-9.483929815657916,24.52461168455829
1639504393679,2021-12-14T12:53:13.679,65.9,2.0792122517907785,-8.887251179927102,24.42280008794303
1639504393689,2021-12-14T12:53:13.689,65.91,1.2290516530122995,-8.322897568585422,23.966910579379743
1639504393699,2021-12-14T12:53:13.699,65.92,-0.20344060736792025,-7.915382212106081,23.09762826414846
1639504393709,2021-12-14T12:53:13.709,65.93,-2.106800138115203,-7.50026691326933,21.80593686080908
1639504393719,2021-12-14T12:53:13.719,65.94,-3.8256927196776744,-6.782233286120107,20.24262640131191
1639504393729,2021-12-14T12:53:13.729,65.95,-4.591803101892577,-5.675571088885116,18.609062295534716
1639504393739,2021-12-14T12:53:13.739,65.96,-4.446114136889404,-4.421478462257651,16.864206787047898
1639504393749,2021-12-14T12:53:13.749,65.97,-4.192101522583931,-3.308082523044295,14.758401583771603
1639504393759,2021-12-14T12:53:13.759,65.98,-4.271220175381502,-2.3716227263289547,12.254548465065906
1639504393769,2021-12-14T12:53:13.769,65.99,-4.347825142839606,-1.506168251173903,9.665798560300978
1639504393779,2021-12-14T12:53:13.779,66.0,-4.176751339037352,-0.7461659958540342,7.254830690082657
1639504393789,2021-12-14T12:53:13.789,66.01,-4.114687097362672,-0.20822152629926102,4.949462549215023
1639504393799,2021-12-14T12:53:13.799,66.02,-4.479335540969478,0.15655894664845885,2.5801064960073354
1639504393809,2021-12-14T12:53:13.809,66.03,-5.066649884349761,0.515217975102329,0.14672447408186157
1639504393819,2021-12-14T12:53:13.819,66.04,-5.551836312526417,0.938317183398261,-2.254496194447595
1639504393829,2021-12-14T12:53:13.829,66.05,-5.796136855235917,1.385028536072968,-4.521245657419517
1639504393839,2021-12-14T12:53:13.839,66.06,-5.664734200701673,1.7912322221368442,-6.503392987955975
1639504393849,2021-12-14T12:53:13.849,66.07,-5.102980058823562,2.138587452969692,-8.10875322313186
1639504393859,2021-12-14T12:53:13.859,66.08,-4.37126107969852,2.5399943249492303,-9.4519924796027
1639504393869,2021-12-14T12:53:13.869,66.09,-3.7208418652940196,3.0488211631181015,-10.692300407521948
1639504393879,2021-12-14T12:53:13.879,66.1,-3.0355406841198525,3.2780947036092742,-11.797323045764472
1639504393889,2021-12-14T12:53:13.889,66.11,-2.254484342247153,2.786474626498556,-12.649716572008534
1639504393899,2021-12-14T12:53:13.899,66.12,-1.7912366255451557,1.9974879164135264,-13.235904341197855
1639504393909,2021-12-14T12:53:13.909,66.13,-2.001474479259708,1.8167552000912353,-13.543920246135517
1639504393919,2021-12-14T12:53:13.919,66.14,-2.6064415090534676,2.199586766419715,-13.470267183762264
1639504393929,2021-12-14T12:53:13.929,66.15,-3.1498417486595383,2.230992320683714,-13.023944839647694
1639504393939,2021-12-14T12:53:13.939,66.16,-3.599865216141027,1.6518011375159591,-12.419895046561779
1639504393949,2021-12-14T12:53:13.949,66.17,-4.029850934103029,1.130531977683503,-11.794511322823045
1639504393959,2021-12-14T12:53:13.959,66.18,-4.231054683312792,1.07655605206865,-11.041946495731283
1639504393969,2021-12-14T12:53:13.969,66.19,-4.1508333144367935,1.1977454995185532,-10.069733134856548
1639504393979,2021-12-14T12:53:13.979,66.2,-4.211032763280627,1.190077696875495,-8.98570120269272
1639504393989,2021-12-14T12:53:13.989,66.21,-4.724714772903802,1.1385851776558398,-7.918317245591783
1639504393999,2021-12-14T12:53:13.999,66.22,-5.428881189829936,1.2170680996768188,-6.867128395139861
1639504394009,2021-12-14T12:53:14.009,66.23,-5.9582661553015,1.421736577759944,-5.846040232042512
1639504394019,2021-12-14T12:53:14.019,66.24,-6.3903726654641275,1.6677776724916118,-5.028590817678428
1639504394029,2021-12-14T12:53:14.029,66.25,-6.986097510484033,1.9443493984315703,-4.618545931710957
1639504394039,2021-12-14T12:53:14.039,66.26,-7.692375277932068,2.2977495870361078,-4.625144744184933
1639504394049,2021-12-14T12:53:14.049,66.27,-8.241194754568674,2.729875092318504,-4.89886543572409
1639504394059,2021-12-14T12:53:14.059,66.28,-8.547839937469774,3.195751936201452,-5.374515036362018
1639504394069,2021-12-14T12:53:14.069,66.29,-8.682777608321452,3.719662663259034,-6.127506633347415
1639504394079,2021-12-14T12:53:14.079,66.3,-8.595581454981275,4.425894633429978,-7.2325305680866965
1639504394089,2021-12-14T12:53:14.089,66.31,-8.19614204244118,5.381556048269344,-8.735255332252311
1639504394099,2021-12-14T12:53:14.099,66.32,-7.597852649166276,6.471719344908804,-10.627093159656182
1639504394109,2021-12-14T12:53:14.109,66.33,-7.052016375053881,7.46430677473076,-12.643138489212186
1639504394119,2021-12-14T12:53:14.119,66.34,-6.805562594937079,8.122682859003575,-14.291487179019297
1639504394129,2021-12-14T12:53:14.129,66.35,-6.991082191736822,8.314712115802108,-15.206870136921033
1639504394139,2021-12-14T12:53:14.139,66.36,-7.188142615176228,8.170151285854686,-15.14324132915305
1639504394149,2021-12-14T12:53:14.149,66.37,-6.471037760105109,8.013567280006136,-13.865942232855101
1639504394159,2021-12-14T12:53:14.159,66.38,-5.001187772419241,7.929620531389844,-12.046785679678887
1639504394169,2021-12-14T12:53:14.169,66.39,-4.807067884605885,7.630210242283772,-11.853120054271436
1639504394179,2021-12-14T12:53:14.179,66.4,-6.879713957155776,7.075853446750985,-14.680618374324544
1639504394189,2021-12-14T12:53:14.189,66.41,-8.585330724041068,6.827360723073368,-18.458789856200227
1639504394199,2021-12-14T12:53:14.199,66.42,-7.221612888699687,7.1933138821064615,-19.82673410686232
1639504394209,2021-12-14T12:53:14.209,66.43,-4.93116471085777,7.4467193510618515,-18.815586057578443
1639504394219,2021-12-14T12:53:14.219,66.44,-5.794612577123376,6.673273289472833,-18.024728345890995
1639504394229,2021-12-14T12:53:14.229,66.45,-9.016022900716447,5.03078296816375,-17.36406257991018
1639504394239,2021-12-14T12:53:14.239,66.46,-9.945219254198252,3.312409078786222,-13.7000921566047
1639504394249,2021-12-14T12:53:14.249,66.47,-7.479751189667788,1.6075659028490414,-5.899794521349547
1639504394259,2021-12-14T12:53:14.259,66.48,-5.297139155867001,-0.6401749775552619,3.7269698609732362
1639504394269,2021-12-14T12:53:14.269,66.49,-5.357638683565857,-3.381255575357641,13.145337888075092
1639504394279,2021-12-14T12:53:14.279,66.5,-5.079711155338995,-5.690297187321348,22.026892064644265
1639504394289,2021-12-14T12:53:14.289,66.51,-2.2286892375380383,-6.891278339045061,29.273607173848205
1639504394299,2021-12-14T12:53:14.299,66.52,1.4250403392511475,-7.250704237090606,32.58545755667464
1639504394309,2021-12-14T12:53:14.309,66.53,3.2562058967694023,-7.289786943590807,31.408976929119504
1639504394319,2021-12-14T12:53:14.319,66.54,3.704896535398836,-7.00864793630087,28.059910282250392
1639504394329,2021-12-14T12:53:14.329,66.55,4.76227229587623,-6.217431399238949,25.03999236144191
1639504394339,2021-12-14T12:53:14.339,66.56,6.385404101238616,-5.169534566240575,22.669541830542485
1639504394349,2021-12-14T12:53:14.349,66.57,6.842446526213029,-4.32016926714147,20.019588244823627
1639504394359,2021-12-14T12:53:14.359,66.58,5.6865063800711155,-3.68882203164584,16.948149151063948
1639504394369,2021-12-14T12:53:14.369,66.59,4.2735231901875945,-2.894876906216872,14.301558501940907
1639504394379,2021-12-14T12:53:14.379,66.6,3.660454569709191,-1.7407666662341361,12.769754626925586
1639504394389,2021-12-14T12:53:14.389,66.61,3.3724743588549324,-0.5198727150017175,12.264338023663296
1639504394399,2021-12-14T12:53:14.399,66.62,2.2082166155547927,0.2800689748466128,12.209821398052828
1639504394409,2021-12-14T12:53:14.409,66.63,-0.22245470486181462,0.5180994521766917,12.216687495876505
1639504394419,2021-12-14T12:53:14.419,66.64,-2.935414292009009,0.4891018863413874,12.395875763261653
1639504394429,2021-12-14T12:53:14.429,66.65,-4.892523512523729,0.4261109942345813,12.749793793145255
1639504394439,2021-12-14T12:53:14.439,66.66,-6.3126502419271855,0.24660081529017164,12.649846439621655
1639504394449,2021-12-14T12:53:14.449,66.67,-7.589030773599539,-0.06507002793781727,11.655619221471726
1639504394459,2021-12-14T12:53:14.459,66.68,-7.902434450537176,-0.26275481772745635,10.307206480841861
1639504394469,2021-12-14T12:53:14.469,66.69,-6.480417916176787,-0.24393002357198745,9.240096435236566
1639504394479,2021-12-14T12:53:14.479,66.7,-4.142952767213698,-0.26305418602496644,8.19006687240519
1639504394489,2021-12-14T12:53:14.489,66.71,-2.103298442710723,-0.5490152838413686,6.6726857853157835
1639504394499,2021-12-14T12:53:14.499,66.72,-0.2808806377498998,-1.0159501325196794,4.913457611568237
1639504394509,2021-12-14T12:53:14.509,66.73,2.034827892098478,-1.4932045841180113,3.387703731127992
1639504394519,2021-12-14T12:53:14.519,66.74,4.789967400840132,-1.9813541543207331,2.045050221149392
1639504394529,2021-12-14T12:53:14.529,66.75,7.370036126951515,-2.5354316448154486,0.5607632660514672
1639504394539,2021-12-14T12:53:14.539,66.76,9.534135489188,-3.086346035699284,-1.0860537013484721
1639504394549,2021-12-14T12:53:14.549,66.77,11.440461551383985,-3.517857114277809,-2.7078905072606503
1639504394559,2021-12-14T12:53:14.559,66.78,13.145457185985828,-3.792100176197726,-4.252984780559901
1639504394569,2021-12-14T12:53:14.569,66.79,14.583437559921077,-3.908029538669182,-5.722402380445761
1639504394579,2021-12-14T12:53:14.579,66.8,15.78656164330101,-3.859007154045818,-6.976814789982199
1639504394589,2021-12-14T12:53:14.589,66.81,16.75393693313702,-3.6943262900090215,-7.885384965872422
1639504394599,2021-12-14T12:53:14.599,66.82,17.292239581219125,-3.5092513712482685,-8.508691338027894
1639504394609,2021-12-14T12:53:14.609,66.83,17.295991516958345,-3.330791518976218,-8.949076650893078
1639504394619,2021-12-14T12:53:14.619,66.84,17.040184885989383,-3.089271271842121,-9.148229718314218
1639504394629,2021-12-14T12:53:14.629,66.85,16.898186301025614,-2.7166206543504963,-8.998227273650112
1639504394639,2021-12-14T12:53:14.639,66.86,16.869988639151057,-2.231100003487232,-8.556644676116589
1639504394649,2021-12-14T12:53:14.649,66.87,16.657935123489466,-1.733423564548785,-7.972582370580159
1639504394659,2021-12-14T12:53:14.659,66.88,16.08212268014143,-1.3468095621717373,-7.26319526615534
1639504394669,2021-12-14T12:53:14.669,66.89,15.145965419433027,-1.1445318278074268,-6.334870327239096
1639504394679,2021-12-14T12:53:14.679,66.9,13.855669932545833,-1.1112598322284795,-5.144942773789473
1639504394689,2021-12-14T12:53:14.689,66.91,12.237675482292161,-1.2055658915109106,-3.7103520842920883
1639504394699,2021-12-14T12:53:14.699,66.92,10.355935498075423,-1.472533383349158,-2.121351736194657
1639504394709,2021-12-14T12:53:14.709,66.93,8.204469578080044,-1.9936902964797705,-0.6494284090488578
1639504394719,2021-12-14T12:53:14.719,66.94,5.919164663818284,-2.6835501018149905,0.3946366911841831
1639504394729,2021-12-14T12:53:14.729,66.95,4.073503677385656,-3.2873988309679936,0.9324233536715381
1639504394739,2021-12-14T12:53:14.739,66.96,3.203715954421794,-3.6485046351942154,0.9128528777449856
1639504394749,2021-12-14T12:53:14.749,66.97,3.0748460755488587,-3.8289778339920613,-0.059278017620255107
1639504394759,2021-12-14T12:53:14.759,66.98,3.058602041418181,-3.949672326296337,-2.319371361318081
1639504394769,2021-12-14T12:53:14.769,66.99,3.061526825234493,-4.10836230185874,-5.411971591014685
1639504394779,2021-12-14T12:53:14.779,67.0,3.2745044958072995,-4.461081181570814,-8.397399471302052
1639504394789,2021-12-14T12:53:14.789,67.01,3.385684435930707,-5.128998765477768,-10.780640026555039
1639504394799,2021-12-14T12:53:14.799,67.02,3.1854241025774304,-5.984923844993887,-12.425795575627166
1639504394809,2021-12-14T12:53:14.809,67.03,3.373246095702777,-6.826006098540434,-12.956273704809085
1639504394819,2021-12-14T12:53:14.819,67.04,4.187612723976599,-7.759988360538554,-12.39113321625069
1639504394829,2021-12-14T12:53:14.829,67.05,4.321060309994136,-8.938345551557145,-11.728778351652227
1639504394839,2021-12-14T12:53:14.839,67.06,3.697998357573185,-9.947646917923663,-11.130237290268258
1639504394849,2021-12-14T12:53:14.849,67.07,5.306904385725666,-10.359296834627125,-8.673261351530446
1639504394859,2021-12-14T12:53:14.859,67.08,9.732324119402332,-10.939321612793165,-3.95749312095936
1639504394869,2021-12-14T12:53:14.869,67.09,10.85479253490948,-12.88887214180068,-1.3509432866878244
1639504394879,2021-12-14T12:53:14.879,67.1,4.706256135324383,-15.53577085423613,-4.661150001566591
1639504394889,2021-12-14T12:53:14.889,67.11,-0.9550723646462917,-16.62649012626361,-10.136758372974127
1639504394899,2021-12-14T12:53:14.899,67.12,3.0342976182343886,-15.587866311954983,-11.42214694332688
1639504394909,2021-12-14T12:53:14.909,67.13,11.469640516279911,-14.439138759666854,-9.672852840431037
1639504394919,2021-12-14T12:53:14.919,67.14,13.089824444011839,-14.577777073496186,-10.628390263493184
1639504394929,2021-12-14T12:53:14.929,67.15,9.858331732093642,-14.80408649725917,-13.710832664444812
1639504394939,2021-12-14T12:53:14.939,67.16,12.47144377048776,-13.64246104733039,-13.108412533544687
1639504394949,2021-12-14T12:53:14.949,67.17,21.45039527613823,-11.657304477622995,-7.866758531754375
1639504394959,2021-12-14T12:53:14.959,67.18,28.05926179541462,-10.21599507966066,-2.251607932232645
1639504394969,2021-12-14T12:53:14.969,67.19,29.79768081323124,-9.521151705748025,2.20656821343436
1639504394979,2021-12-14T12:53:14.979,67.2,31.31037581975876,-9.067523525580116,7.392541263916717
1639504394989,2021-12-14T12:53:14.989,67.21,33.30008574816051,-8.861584905858939,12.844653893803034
1639504394999,2021-12-14T12:53:14.999,67.22,31.97578067630331,-9.077172116283556,15.733468967710472
1639504395009,2021-12-14T12:53:15.009,67.23,27.366820105497766,-9.257313584119922,15.683542488409339
1639504395019,2021-12-14T12:53:15.019,67.24,23.477193954240064,-8.76235257016853,14.897468857697373
1639504395029,2021-12-14T12:53:15.029,67.25,21.491685032020126,-7.648189826949649,14.321955530077496
1639504395039,2021-12-14T12:53:15.039,67.26,19.06846098725491,-6.524902271896218,13.23801250469202
1639504395049,2021-12-14T12:53:15.049,67.27,15.426700445327825,-5.757409122041172,11.91567030283052
1639504395059,2021-12-14T12:53:15.059,67.28,12.44858549110059,-5.230845269995063,11.793860126775382
1639504395069,2021-12-14T12:53:15.069,67.29,11.004535714448622,-4.795082530616207,13.22411215407639
1639504395079,2021-12-14T12:53:15.079,67.3,9.613019155741746,-4.526897486253254,15.056229368740674
1639504395089,2021-12-14T12:53:15.089,67.31,7.100462177711359,-4.504123627786806,16.502112556124626
1639504395099,2021-12-14T12:53:15.099,67.32,4.1507540519899075,-4.658871033890836,17.95392980560049
1639504395109,2021-12-14T12:53:15.109,67.33,1.562693408180968,-4.960385945254155,19.797956980197043
1639504395119,2021-12-14T12:53:15.119,67.34,-1.135287428111874,-5.473578626991671,21.597328488830716
1639504395129,2021-12-14T12:53:15.129,67.35,-4.482993035371266,-6.139045654572168,22.807983267107176
1639504395139,2021-12-14T12:53:15.139,67.36,-7.927765943330799,-6.720840482597274,23.46652954744425
1639504395149,2021-12-14T12:53:15.149,67.37,-10.671571278935286,-7.050899383363015,23.790125403451157
1639504395159,2021-12-14T12:53:15.159,67.38,-12.666710019847192,-7.147197651722772,23.686290279289032
1639504395169,2021-12-14T12:53:15.169,67.39,-14.215916879557314,-7.0585444829729465,22.999172023248057
1639504395179,2021-12-14T12:53:15.179,67.4,-15.386601480768904,-6.775771014567396,21.833098131695614
1639504395189,2021-12-14T12:53:15.189,67.41,-16.228251513869502,-6.333675911979837,20.364631893028083
1639504395199,2021-12-14T12:53:15.199,67.42,-16.97304665750906,-5.831223544819537,18.63786531217594
1639504395209,2021-12-14T12:53:15.209,67.43,-17.70497699210582,-5.298979063943453,16.750052675539838
1639504395219,2021-12-14T12:53:15.219,67.44,-18.212998429752695,-4.6857537698973095,14.967733189279674
1639504395229,2021-12-14T12:53:15.229,67.45,-18.362170095987473,-4.016050973956577,13.454202816703873
1639504395239,2021-12-14T12:53:15.239,67.46,-18.292361220174886,-3.43120355553696,12.094328571496156
1639504395249,2021-12-14T12:53:15.249,67.47,-18.08572864992081,-3.03516477223035,10.756147725509857
1639504395259,2021-12-14T12:53:15.259,67.48,-17.54061234501098,-2.7862455114018005,9.52872907639162
1639504395269,2021-12-14T12:53:15.269,67.49,-16.484828977546,-2.560135237582924,8.546069862032699
1639504395279,2021-12-14T12:53:15.279,67.5,-15.077149278524196,-2.287363105667465,7.7337522804535705
1639504395289,2021-12-14T12:53:15.289,67.51,-13.615185581463383,-2.023937236547226,6.8450396871502175
1639504395299,2021-12-14T12:53:15.299,67.52,-12.246892639720244,-1.85633067312361,5.632281838895748
1639504395309,2021-12-14T12:53:15.309,67.53,-10.979656067243933,-1.731028537370143,3.965687106958491
1639504395319,2021-12-14T12:53:15.319,67.54,-9.735573928690986,-1.4538644913406142,1.9465889012445299
1639504395329,2021-12-14T12:53:15.329,67.55,-8.316153483140237,-0.8820754831395895,-0.0836234744422415
1639504395339,2021-12-14T12:53:15.339,67.56,-6.5571077072504025,-0.04171729167778254,-1.7870761142691434
1639504395349,2021-12-14T12:53:15.349,67.57,-4.593010254793144,0.9615882062015662,-3.086620326114626
1639504395359,2021-12-14T12:53:15.359,67.58,-2.801780727757939,2.0474066086448817,-4.137989976542338
1639504395369,2021-12-14T12:53:15.369,67.59,-1.50670932533026,3.123704509466914,-5.157805144984551
1639504395379,2021-12-14T12:53:15.379,67.6,-0.8932267539690746,4.051242585975947,-6.373041591223714
1639504395389,2021-12-14T12:53:15.389,67.61,-1.1272690887237595,4.756483878881412,-8.043077913615836
1639504395399,2021-12-14T12:53:15.399,67.62,-2.224166542483007,5.347307042499278,-10.3123069590604
1639504395409,2021-12-14T12:53:15.409,67.63,-3.6696657800333936,6.016604369512711,-12.889115989764978
1639504395419,2021-12-14T12:53:15.419,67.64,-4.62126603262972,6.773608209610466,-15.07242788435423
1639504395429,2021-12-14T12:53:15.429,67.65,-5.018708357563005,7.307833425630376,-16.452143595173467
1639504395439,2021-12-14T12:53:15.439,67.66,-5.993307309297192,7.244748166340224,-17.326387700516257
1639504395449,2021-12-14T12:53:15.449,67.67,-8.19694840513903,6.553376030923561,-17.849684138487422
1639504395459,2021-12-14T12:53:15.459,67.68,-10.359617351911002,5.513799048041118,-17.254607997650858
1639504395469,2021-12-14T12:53:15.469,67.69,-11.149732674115462,4.241670170066079,-15.044901388492988
1639504395479,2021-12-14T12:53:15.479,67.7,-11.78080990632384,2.5913207841589325,-12.47876984829254
1639504395489,2021-12-14T12:53:15.489,67.71,-14.118603326333705,0.7467705434061285,-11.058467820094343
1639504395499,2021-12-14T12:53:15.499,67.72,-16.582339300163838,-0.551101564067936,-9.832957510991573
1639504395509,2021-12-14T12:53:15.509,67.73,-15.982544994210391,-0.8730121851852795,-6.949541658402898
1639504395519,2021-12-14T12:53:15.519,67.74,-13.941370745678963,-0.7548455482812044,-4.068671634478482
1639504395529,2021-12-14T12:53:15.529,67.75,-15.740653267772254,-0.7925565420320131,-5.182826477077567
1639504395539,2021-12-14T12:53:15.539,67.76,-20.888428040626362,-0.5941464112415803,-9.844814891625838
1639504395549,2021-12-14T12:53:15.549,67.77,-22.31684809037788,0.4456815177754345,-12.680859575853702
1639504395559,2021-12-14T12:53:15.559,67.78,-18.232572797908112,1.8309780359121584,-11.716329519093879
1639504395569,2021-12-14T12:53:15.569,67.79,-15.713771591459366,2.5028511282154513,-11.205043885169022
1639504395579,2021-12-14T12:53:15.579,67.8,-18.3856097680596,2.298332447320606,-13.572841781298584
1639504395589,2021-12-14T12:53:15.589,67.81,-20.63723166278697,1.8105310129210108,-15.09342521493888
1639504395599,2021-12-14T12:53:15.599,67.82,-18.523271280466357,1.1068273649499594,-12.536380482208529
1639504395609,2021-12-14T12:53:15.609,67.83,-16.26577562001308,-0.36088413221889803,-7.899063457584427
1639504395619,2021-12-14T12:53:15.619,67.84,-17.71900002291659,-2.6910847066128136,-3.776310501149294
1639504395629,2021-12-14T12:53:15.629,67.85,-20.32871064763639,-5.289507211683942,0.5669497067742137
1639504395639,2021-12-14T12:53:15.639,67.86,-20.988178266728834,-7.693542759794978,6.167784634972849
1639504395649,2021-12-14T12:53:15.649,67.87,-20.66654343471413,-9.903281884642574,11.721766290827603
1639504395659,2021-12-14T12:53:15.659,67.88,-20.691531857495715,-11.865174521361993,15.867426316138115
1639504395669,2021-12-14T12:53:15.669,67.89,-19.94171982965951,-13.285995500792968,19.0484806788132
1639504395679,2021-12-14T12:53:15.679,67.9,-17.608157302884962,-14.042193383110217,21.82032105058039
1639504395689,2021-12-14T12:53:15.689,67.91,-14.794980887430047,-14.24819076896124,23.622152978657617
1639504395699,2021-12-14T12:53:15.699,67.92,-12.15577001652925,-13.931145338049063,24.165114531010232
1639504395709,2021-12-14T12:53:15.709,67.93,-8.971274729345843,-13.13043010063003,24.191056183773334
1639504395719,2021-12-14T12:53:15.719,67.94,-5.282803750711051,-12.178522029859796,24.14249136585361
1639504395729,2021-12-14T12:53:15.729,67.95,-2.20363866662619,-11.36496038142127,23.66728806179515
1639504395739,2021-12-14T12:53:15.739,67.96,0.38742548558853146,-10.52276710771605,22.899534968603987
1639504395749,2021-12-14T12:53:15.749,67.97,3.896551800594989,-9.404124238541984,22.650491263803058
1639504395759,2021-12-14T12:53:15.759,67.98,8.451759666180997,-8.183742245026746,22.97498293479728
1639504395769,2021-12-14T12:53:15.769,67.99,12.630704024457216,-7.190065790717638,23.001422361926007
1639504395779,2021-12-14T12:53:15.779,68.0,15.808590953004554,-6.440389937866612,22.365346554359796
1639504395789,2021-12-14T12:53:15.789,68.01,18.669172605017977,-5.7813713988592355,21.53224064429183
1639504395799,2021-12-14T12:53:15.799,68.02,21.47726465149883,-5.225331181305137,20.696021662937866
1639504395809,2021-12-14T12:53:15.809,68.03,23.67854991049872,-4.856614114248242,19.48932517451167
1639504395819,2021-12-14T12:53:15.819,68.04,25.149891761737827,-4.574747856714829,17.777320070733467
1639504395829,2021-12-14T12:53:15.829,68.05,26.450396224027585,-4.162152261489393,15.872040567625463
1639504395839,2021-12-14T12:53:15.839,68.06,27.8348813679898,-3.541881941167558,13.941741160295237
1639504395849,2021-12-14T12:53:15.849,68.07,28.928747930995335,-2.82007855024702,11.776959389622542
1639504395859,2021-12-14T12:53:15.859,68.08,29.400493197232013,-2.1024601533019567,9.19795802431642
1639504395869,2021-12-14T12:53:15.869,68.09,29.408492230432742,-1.3949259520535109,6.394379087413958
1639504395879,2021-12-14T12:53:15.879,68.1,29.282457727818255,-0.6921215331859156,3.7677184355484448
1639504395889,2021-12-14T12:53:15.889,68.11,29.028081107248035,-0.04662710569200704,1.5300373571530534
1639504395899,2021-12-14T12:53:15.899,68.12,28.343228476740926,0.4970740266496235,-0.42153134893161354
1639504395909,2021-12-14T12:53:15.909,68.13,27.092865072520105,0.9655682395220877,-2.2090788540113406
1639504395919,2021-12-14T12:53:15.919,68.14,25.534520756641378,1.4291390245431441,-3.7315464966406915
1639504395929,2021-12-14T12:53:15.929,68.15,23.969285004840792,1.9700885642116845,-4.839639088566244
1639504395939,2021-12-14T12:53:15.939,68.16,22.408165811452143,2.6627769061473994,-5.552946662696593
1639504395949,2021-12-14T12:53:15.949,68.17,20.73278819959101,3.501897071354304,-5.925766391682145
1639504395959,2021-12-14T12:53:15.959,68.18,18.950813565716217,4.361138148066789,-5.882003960855351
1639504395969,2021-12-14T12:53:15.969,68.19,17.128207420279836,5.089920639021667,-5.378165893711616
1639504395979,2021-12-14T12:53:15.979,68.2,15.231145031022995,5.6319859735742845,-4.612070617148307
1639504395989,2021-12-14T12:53:15.989,68.21,13.167335423238116,5.99607043794603,-3.9106602934755856
1639504395999,2021-12-14T12:53:15.999,68.22,10.933294972654387,6.1362560771933445,-3.4454590285873654
1639504396009,2021-12-14T12:53:16.009,68.23,8.653480849916779,5.931599879948276,-3.145451035280699
1639504396019,2021-12-14T12:53:16.019,68.24,6.464135417104901,5.312435042524843,-2.898615306024114
1639504396029,2021-12-14T12:53:16.029,68.25,4.428675106349045,4.377712039360381,-2.780401015497117
1639504396039,2021-12-14T12:53:16.039,68.26,2.6321190590830676,3.3463288734095107,-3.0308701500424267
1639504396049,2021-12-14T12:53:16.049,68.27,1.23952027341669,2.3984310187754287,-3.86919041182807
1639504396059,2021-12-14T12:53:16.059,68.28,0.31429032399348383,1.6011594215535208,-5.417672827184682
1639504396069,2021-12-14T12:53:16.069,68.29,-0.2861540850394243,0.9635843651771432,-7.680791060104316
1639504396079,2021-12-14T12:53:16.079,68.3,-0.6339040825199469,0.4928559422848099,-10.405714476698563
1639504396089,2021-12-14T12:53:16.089,68.31,-0.4863638305012681,0.19287903165049752,-13.060073839722339
1639504396099,2021-12-14T12:53:16.099,68.32,0.40653639212578757,0.017690128261004873,-15.171373814512451
1639504396109,2021-12-14T12:53:16.109,68.33,1.7596667427360688,-0.19255364310257492,-16.650924044197936
1639504396119,2021-12-14T12:53:16.119,68.34,2.8225514016874715,-0.6254346386469634,-17.605277988901886
1639504396129,2021-12-14T12:53:16.129,68.35,3.265555143740928,-1.288165166289167,-17.96052969657734
1639504396139,2021-12-14T12:53:16.139,68.36,3.647937671999606,-2.171345203674493,-17.68968664757334
1639504396149,2021-12-14T12:53:16.149,68.37,4.1371706385098355,-3.650594857057563,-17.285725313453312
1639504396159,2021-12-14T12:53:16.159,68.38,3.3391452168176645,-5.978833651998002,-17.125348697871615
1639504396169,2021-12-14T12:53:16.169,68.39,0.8548979328360838,-8.271107493413957,-16.385320091227538
1639504396179,2021-12-14T12:53:16.179,68.4,0.4093086109666504,-9.413023360538988,-14.1769519607004
1639504396189,2021-12-14T12:53:16.189,68.41,4.893535816515388,-10.2063794693251,-12.152130199489772
1639504396199,2021-12-14T12:53:16.199,68.42,8.329070053203496,-12.389868545850561,-13.59571801086388
1639504396209,2021-12-14T12:53:16.209,68.43,2.935170774267986,-15.234448015307443,-18.1031608376305
1639504396219,2021-12-14T12:53:16.219,68.44,-4.999345031829584,-16.055643063991297,-19.80187046748333
1639504396229,2021-12-14T12:53:16.229,68.45,-1.5249596942929653,-14.441783822668345,-15.297188020908653
1639504396239,2021-12-14T12:53:16.239,68.46,11.82599156378246,-12.76834088739328,-11.057909804236285
1639504396249,2021-12-14T12:53:16.249,68.47,19.876304225026047,-12.147900553499122,-15.146464999024538
1639504396259,2021-12-14T12:53:16.259,68.48,18.25801685079263,-10.885430607149827,-23.450005905358747
1639504396269,2021-12-14T12:53:16.269,68.49,16.780178955608534,-7.631876506518903,-24.607560356884516
1639504396279,2021-12-14T12:53:16.279,68.5,20.083822015736974,-3.705544732296852,-16.99103550625061
1639504396289,2021-12-14T12:53:16.289,68.51,22.378162594405705,-1.1936329493002373,-9.236442500930927
1639504396299,2021-12-14T12:53:16.299,68.52,20.62276025203051,-0.26569403177516493,-5.519364613156563
1639504396309,2021-12-14T12:53:16.309,68.53,19.29039560163998,0.40148403117348297,-1.5255581173010317
1639504396319,2021-12-14T12:53:16.319,68.54,21.139586061998585,1.464982261793573,5.688473851868448
1639504396329,2021-12-14T12:53:16.329,68.55,22.825298159214544,2.458666910182788,13.151979341827099
1639504396339,2021-12-14T12:53:16.339,68.56,21.43165281054951,3.0547545901714424,17.833491803158957
1639504396349,2021-12-14T12:53:16.349,68.57,18.752062314120206,3.6056916454457384,20.656890510709466
1639504396359,2021-12-14T12:53:16.359,68.58,17.08298787893124,4.3819169607729815,23.45422474167143
1639504396369,2021-12-14T12:53:16.369,68.59,15.337954807847764,5.083771512141178,25.77970910408674
1639504396379,2021-12-14T12:53:16.379,68.6,11.483873469995618,5.344128126836782,26.276788115173368
1639504396389,2021-12-14T12:53:16.389,68.61,5.994203068218166,5.21859384229233,25.162694072522804
1639504396399,2021-12-14T12:53:16.399,68.62,0.8121742717525406,4.953051509186476,23.805062937439637
1639504396409,2021-12-14T12:53:16.409,68.63,-3.537906441082291,4.626786423086303,22.711451982262076
1639504396419,2021-12-14T12:53:16.419,68.64,-7.9107740478362825,4.278314095250972,21.281464240097932
1639504396429,2021-12-14T12:53:16.429,68.65,-12.410251780436436,4.148822447667079,19.21727465288594
1639504396439,2021-12-14T12:53:16.439,68.66,-16.052796131526826,4.546185748679151,17.012402152573298
1639504396449,2021-12-14T12:53:16.449,68.67,-18.375590549635046,5.560143226846084,15.072627362497244
1639504396459,2021-12-14T12:53:16.459,68.68,-19.989130810028428,7.03517021795937,13.26435441538544
1639504396469,2021-12-14T12:53:16.469,68.69,-21.46351043998379,8.72627528866086,11.424033841223673
1639504396479,2021-12-14T12:53:16.479,68.7,-22.71081854408853,10.425413511160802,9.666886394473813
1639504396489,2021-12-14T12:53:16.489,68.71,-23.57458267581478,12.033156073336084,8.089074196056895
1639504396499,2021-12-14T12:53:16.499,68.72,-24.215275801335007,13.52542052482696,6.611364482777282
1639504396509,2021-12-14T12:53:16.509,68.73,-24.76526535740046,14.818979920851039,5.217514590560171
1639504396519,2021-12-14T12:53:16.519,68.74,-25.140334617453874,15.762680977727289,4.083116978103131
1639504396529,2021-12-14T12:53:16.529,68.75,-25.269521993754626,16.310317659408213,3.4200820951203923
1639504396539,2021-12-14T12:53:16.539,68.76,-25.173310397674648,16.591963219882857,3.3228871807841873
1639504396549,2021-12-14T12:53:16.549,68.77,-24.819506480259975,16.785324038385802,3.7453931640758977
1639504396559,2021-12-14T12:53:16.559,68.78,-24.0778497087145,17.01881198080708,4.592418742298637
1639504396569,2021-12-14T12:53:16.569,68.79,-22.76312561921652,17.38706099067457,5.882616623053199
1639504396579,2021-12-14T12:53:16.579,68.8,-20.774750894558302,17.940820142647812,7.702659924429302
1639504396589,2021-12-14T12:53:16.589,68.81,-18.385605609546182,18.651751877373922,9.858619981274416
1639504396599,2021-12-14T12:53:16.599,68.82,-16.190191956490573,19.45784674835873,11.78075116292058
1639504396609,2021-12-14T12:53:16.609,68.83,-14.44894537394699,20.35713146425752,12.995720178521768
1639504396619,2021-12-14T12:53:16.619,68.84,-12.734091059147822,21.441685103329768,13.481761065617496
1639504396629,2021-12-14T12:53:16.629,68.85,-10.548624656878001,22.82662021448943,13.37195741867258
1639504396639,2021-12-14T12:53:16.639,68.86,-7.977227696479395,24.52701985531622,12.6326730739521
1639504396649,2021-12-14T12:53:16.649,68.87,-5.41161301633345,26.43103789401526,11.326644405130931
1639504396659,2021-12-14T12:53:16.659,68.88,-3.0444071445132224,28.414022302299834,9.848411532587143
1639504396669,2021-12-14T12:53:16.669,68.89,-1.0247862499429892,30.41740761965665,8.459180570056217
1639504396679,2021-12-14T12:53:16.679,68.9,0.31495224157966617,32.40730282909212,6.8384781977719395
1639504396689,2021-12-14T12:53:16.689,68.91,0.8371464424462223,34.33530391529182,4.542917225478245
1639504396699,2021-12-14T12:53:16.699,68.92,0.7595306470927055,36.118151207610964,1.6394705890773897
1639504396709,2021-12-14T12:53:16.709,68.93,0.026714196147787375,37.59721741986695,-1.5511873317728082
1639504396719,2021-12-14T12:53:16.719,68.94,-1.8669813952720644,38.61806330696325,-4.975676438924968
1639504396729,2021-12-14T12:53:16.729,68.95,-4.929754322744678,39.23580605826146,-8.632291583543259
1639504396739,2021-12-14T12:53:16.739,68.96,-8.18111964826782,39.72146504806354,-12.175060452415526
1639504396749,2021-12-14T12:53:16.749,68.97,-10.639991470347818,40.248841981095424,-15.177274292988303
1639504396759,2021-12-14T12:53:16.759,68.98,-12.352188142050661,40.6609525530323,-17.546491998196366
1639504396769,2021-12-14T12:53:16.769,68.99,-14.01256475445945,40.670619364790085,-19.36235471697708
1639504396779,2021-12-14T12:53:16.779,69.0,-15.791766615898496,40.21796944074611,-20.551812339883586
1639504396789,2021-12-14T12:53:16.789,69.01,-17.043754169305295,39.42242174440423,-21.08634549724937
1639504396799,2021-12-14T12:53:16.799,69.02,-17.616857391839876,38.23030619368329,-21.308720720855536
1639504396809,2021-12-14T12:53:16.809,69.03,-18.7907719645512,36.54919926547378,-21.535510043189717
1639504396819,2021-12-14T12:53:16.819,69.04,-21.044849654640053,34.86083563512678,-21.43241948335343
1639504396829,2021-12-14T12:53:16.829,69.05,-21.513170052528586,34.002106072072365,-20.589359858939517
1639504396839,2021-12-14T12:53:16.839,69.06,-17.89649970275907,33.9318410352577,-19.744041479627725
1639504396849,2021-12-14T12:53:16.849,69.07,-14.771721895380526,33.64713674191761,-20.217088221268973
1639504396859,2021-12-14T12:53:16.859,69.08,-18.555878082585004,32.953272677961245,-21.690020409995586
1639504396869,2021-12-14T12:53:16.869,69.09,-25.488694998085897,33.067347503390444,-22.060832486814746
1639504396879,2021-12-14T12:53:16.879,69.1,-25.587601299079957,34.57259520083918,-20.777390299156437
1639504396889,2021-12-14T12:53:16.889,69.11,-19.803378625103477,36.1879813415335,-20.731268357946853
1639504396899,2021-12-14T12:53:16.899,69.12,-19.09165104959103,36.57727607229521,-24.227843281735957
1639504396909,2021-12-14T12:53:16.909,69.13,-25.275151850147616,35.960720723411036,-28.246148611304147
1639504396919,2021-12-14T12:53:16.919,69.14,-28.968735833428212,34.969383212856364,-27.50483195642446
1639504396929,2021-12-14T12:53:16.929,69.15,-27.16064724788348,33.28712638047827,-21.480822967561704
1639504396939,2021-12-14T12:53:16.939,69.16,-26.72790645214165,30.48378136869972,-14.015384568008448
1639504396949,2021-12-14T12:53:16.949,69.17,-30.384878468496016,27.138543886098326,-6.966051358521462
1639504396959,2021-12-14T12:53:16.959,69.18,-33.231363068504635,24.130885054865587,0.8243193660750293
1639504396969,2021-12-14T12:53:16.969,69.19,-32.978801614401384,21.52941500108198,9.124353495222046
1639504396979,2021-12-14T12:53:16.979,69.2,-32.63135421492211,19.02072188136606,15.588568814424086
1639504396989,2021-12-14T12:53:16.989,69.21,-33.40354201132517,16.90067670853764,19.11205718303566
1639504396999,2021-12-14T12:53:16.999,69.22,-32.76294272821329,15.881975045269535,20.62800381763178
1639504397009,2021-12-14T12:53:17.009,69.23,-29.244041329350612,16.199090733015908,21.04061851781634
1639504397019,2021-12-14T12:53:17.019,69.24,-24.271945622584465,17.369203429247523,20.6099659694391
1639504397029,2021-12-14T12:53:17.029,69.25,-19.58724879008012,18.63508359564874,19.732013135669902
1639504397039,2021-12-14T12:53:17.039,69.26,-15.752554497600713,19.468303341589568,18.704138345863317
1639504397049,2021-12-14T12:53:17.049,69.27,-12.552590369018631,19.849801103485284,17.300211992488414
1639504397059,2021-12-14T12:53:17.059,69.28,-9.262861105352021,20.082048100239525,15.447772462976099
1639504397069,2021-12-14T12:53:17.069,69.29,-5.306634558307081,20.250283072959377,13.521693023039969
1639504397079,2021-12-14T12:53:17.079,69.3,-1.2291654061118353,20.06608396555975,11.557351985587978
1639504397089,2021-12-14T12:53:17.089,69.31,1.9148584560169226,19.28553851029546,9.137053253012557
1639504397099,2021-12-14T12:53:17.099,69.32,4.030714649106983,17.992758423201465,6.230361784810119
1639504397109,2021-12-14T12:53:17.109,69.33,5.823709002228072,16.419979541109814,3.2538398753501996
1639504397119,2021-12-14T12:53:17.119,69.34,7.600979549711356,14.748279465481975,0.32330723706928827
1639504397129,2021-12-14T12:53:17.129,69.35,9.210710788452774,13.13319973142988,-2.780966004976222
1639504397139,2021-12-14T12:53:17.139,69.36,10.724125218511972,11.714488998749736,-6.017464893765549
1639504397149,2021-12-14T12:53:17.149,69.37,12.314579452877036,10.514666030041145,-9.069814874544095
1639504397159,2021-12-14T12:53:17.159,69.38,13.750079142151192,9.423010579610253,-11.80529451694427
1639504397169,2021-12-14T12:53:17.169,69.39,14.651779620947437,8.322278231736332,-14.283094809117674
1639504397179,2021-12-14T12:53:17.179,69.4,15.076248220932488,7.188328412872627,-16.41869002320922
1639504397189,2021-12-14T12:53:17.189,69.41,15.393155285502,6.058184093792047,-17.991751162347576
1639504397199,2021-12-14T12:53:17.199,69.42,15.725316229282814,4.927062755885606,-18.92937497745435
1639504397209,2021-12-14T12:53:17.209,69.43,15.833391230181295,3.702285029734486,-19.38826329241951
1639504397219,2021-12-14T12:53:17.219,69.44,15.484434895452262,2.3049632451495796,-19.620788164863267
1639504397229,2021-12-14T12:53:17.229,69.45,14.784818322251168,0.8143064965908202,-19.80288405739818
1639504397239,2021-12-14T12:53:17.239,69.46,14.177033264753206,-0.5943970823772534,-19.85879526066796
1639504397249,2021-12-14T12:53:17.249,69.47,14.013545609422547,-1.906808803176653,-19.489206603404927
1639504397259,2021-12-14T12:53:17.259,69.48,14.043860763583805,-3.3662321359100416,-18.54047111667301
1639504397269,2021-12-14T12:53:17.269,69.49,13.595798390554183,-5.235166780318942,-17.231063732148307
1639504397279,2021-12-14T12:53:17.279,69.5,12.435435797807997,-7.51597773475513,-15.820833693991066
1639504397289,2021-12-14T12:53:17.289,69.51,11.127653376470661,-9.965333378254472,-14.245491345399728
1639504397299,2021-12-14T12:53:17.299,69.52,10.385074871472764,-12.333669315126393,-12.31011127766856
1639504397309,2021-12-14T12:53:17.309,69.53,10.369242938136143,-14.523640137617242,-10.067691579820186
1639504397319,2021-12-14T12:53:17.319,69.54,10.74611805551455,-16.547878777474025,-7.796275038983344
1639504397329,2021-12-14T12:53:17.329,69.55,11.134934822176323,-18.431634495176706,-5.7418810779359974
1639504397339,2021-12-14T12:53:17.339,69.56,11.31793192677782,-20.199110855480235,-4.066596782687933
1639504397349,2021-12-14T12:53:17.349,69.57,11.176538585431558,-21.881153887241673,-2.9532517447390405
1639504397359,2021-12-14T12:53:17.359,69.58,10.743739210627455,-23.437473086116913,-2.536044986821479
1639504397369,2021-12-14T12:53:17.369,69.59,10.395450178378065,-24.700121935010593,-2.693768305538946
1639504397379,2021-12-14T12:53:17.379,69.6,10.627300068366628,-25.5169215671389,-3.1124840102012215
1639504397389,2021-12-14T12:53:17.389,69.61,11.422376495782387,-25.959515298257998,-3.631379239597093
1639504397399,2021-12-14T12:53:17.399,69.62,12.204413252603162,-26.26980900089074,-4.321234888803806
1639504397409,2021-12-14T12:53:17.409,69.63,12.607427567124581,-26.57939714570898,-5.190043641721385
1639504397419,2021-12-14T12:53:17.419,69.64,12.851921445051346,-26.799045744095437,-6.123293779850469
1639504397429,2021-12-14T12:53:17.429,69.65,13.198023079745408,-26.816799136551577,-7.148934105452939
1639504397439,2021-12-14T12:53:17.439,69.66,13.474036857688436,-26.692043823769467,-8.397499268172778
1639504397449,2021-12-14T12:53:17.449,69.67,13.280086501342186,-26.597184112717322,-9.796185906435706
1639504397459,2021-12-14T12:53:17.459,69.68,12.330599716273339,-26.64079082332564,-11.178169694720548
1639504397469,2021-12-14T12:53:17.469,69.69,10.582310265277709,-26.796220474635433,-12.600270048624653
1639504397479,2021-12-14T12:53:17.479,69.7,8.299361683195205,-26.957016773464368,-14.076884894674047
1639504397489,2021-12-14T12:53:17.489,69.71,5.999131382064049,-27.042858339322247,-15.1209136947543
1639504397499,2021-12-14T12:53:17.499,69.72,4.102798790185322,-27.142133686134073,-15.231598188921204
1639504397509,2021-12-14T12:53:17.509,69.73,2.430474775242346,-27.57253342759227,-14.857552049999594
1639504397519,2021-12-14T12:53:17.519,69.74,0.23591257522889403,-28.551115445351428,-14.811284138028473
1639504397529,2021-12-14T12:53:17.529,69.75,-2.480005620588376,-29.71836608935118,-14.378069182175514
1639504397539,2021-12-14T12:53:17.539,69.76,-3.9708341055685104,-30.598232983970355,-11.939954675140914
1639504397549,2021-12-14T12:53:17.549,69.77,-3.1443255093899074,-31.75479826099832,-8.597297199043515
1639504397559,2021-12-14T12:53:17.559,69.78,-2.6198763505551144,-34.23279401392014,-7.82196664539667
1639504397569,2021-12-14T12:53:17.569,69.79,-5.568704658667249,-37.4089351329029,-8.888628657865949
1639504397579,2021-12-14T12:53:17.579,69.8,-10.089769219687806,-39.536287398513174,-5.493552663396253
1639504397589,2021-12-14T12:53:17.589,69.81,-11.705720944008641,-41.08651299710609,3.782747408666688
1639504397599,2021-12-14T12:53:17.599,69.82,-10.02785494267706,-44.499495456943365,8.65164900772961
1639504397609,2021-12-14T12:53:17.609,69.83,-8.290694152945914,-49.58575223020529,-0.6144807985578267
1639504397619,2021-12-14T12:53:17.619,69.84,-8.421443921274339,-52.617201667018634,-17.116803468130417
1639504397629,2021-12-14T12:53:17.629,69.85,-9.396320210480706,-51.508929388589806,-24.215465340539556
1639504397639,2021-12-14T12:53:17.639,69.86,-9.612992260542253,-49.07514285597128,-17.60077291787841
1639504397649,2021-12-14T12:53:17.649,69.87,-10.445223786700947,-49.46462245391896,-8.972569807173047
1639504397659,2021-12-14T12:53:17.659,69.88,-14.188080977133755,-53.18893670801823,-7.061056158292125
1639504397669,2021-12-14T12:53:17.669,69.89,-16.81971222554355,-57.2528657275147,-6.828900076589143
1639504397679,2021-12-14T12:53:17.679,69.9,-10.494858177535146,-59.15895291838992,-0.620652289768276
1639504397689,2021-12-14T12:53:17.689,69.91,4.16263746463942,-59.105699593656716,9.872938360698356
1639504397699,2021-12-14T12:53:17.699,69.92,17.609517579694803,-58.403554913147275,17.72232151077212
1639504397709,2021-12-14T12:53:17.709,69.93,24.683776640238598,-57.32492717575414,20.447287915611376
1639504397719,2021-12-14T12:53:17.719,69.94,29.046820174374528,-55.30636313771129,20.6280103725287
1639504397729,2021-12-14T12:53:17.729,69.95,33.954073948353305,-52.405799918588116,20.279629901136712
1639504397739,2021-12-14T12:53:17.739,69.96,37.209233236098015,-49.47408351048185,18.918777881793044
1639504397749,2021-12-14T12:53:17.749,69.97,36.43923662678621,-47.02125090885421,16.073122517755834
1639504397759,2021-12-14T12:53:17.759,69.98,33.16182395086714,-44.71218813225701,12.71619372537468
1639504397769,2021-12-14T12:53:17.769,69.99,30.035516947925764,-42.061085027476466,10.104870369956384
1639504397779,2021-12-14T12:53:17.779,70.0,27.701893563518436,-39.0652030004692,8.702190484484202
1639504397789,2021-12-14T12:53:17.789,70.01,25.508740277878687,-36.034325528965454,8.438899903514999
1639504397799,2021-12-14T12:53:17.799,70.02,23.22367768442571,-33.18400171169688,9.22436230758532
1639504397809,2021-12-14T12:53:17.809,70.03,21.10887249303486,-30.563443053994455,10.961203131524249
1639504397819,2021-12-14T12:53:17.819,70.04,19.28844914109885,-28.213019026000843,13.342493243420872
1639504397829,2021-12-14T12:53:17.829,70.05,17.578458004183673,-26.23209376736782,15.770625377767537
1639504397839,2021-12-14T12:53:17.839,70.06,15.737821406503329,-24.644946878194183,17.561456316016148
1639504397849,2021-12-14T12:53:17.849,70.07,13.861637509111285,-23.277500983744343,18.371343516012608
1639504397859,2021-12-14T12:53:17.859,70.08,12.392588668350768,-21.921762942625875,18.359014401498744
1639504397869,2021-12-14T12:53:17.869,70.09,11.491069355414528,-20.59482182662817,17.817611697303892
1639504397879,2021-12-14T12:53:17.879,70.1,10.748380687363158,-19.432420267506334,16.839346986626044
1639504397889,2021-12-14T12:53:17.889,70.11,9.91805462740351,-18.35375678400565,15.510982598983945
1639504397899,2021-12-14T12:53:17.899,70.12,9.437422177271262,-17.09482569313506,14.17451638952254
1639504397909,2021-12-14T12:53:17.909,70.13,9.725604410649282,-15.583384833045034,13.178112751791819
1639504397919,2021-12-14T12:53:17.919,70.14,10.452105991954237,-14.00466922336873,12.48519691081955
1639504397929,2021-12-14T12:53:17.929,70.15,11.054986742379548,-12.446461087879152,11.792847817958787
1639504397939,2021-12-14T12:53:17.939,70.16,11.596114610242868,-10.730374895825875,10.965553938774427
1639504397949,2021-12-14T12:53:17.949,70.17,12.524284177999641,-8.671193309316628,10.113002558556298
1639504397959,2021-12-14T12:53:17.959,70.18,13.836983515036746,-6.321341339477516,9.302989297439572
1639504397969,2021-12-14T12:53:17.969,70.19,15.029493509758009,-3.9196801447381135,8.476264155370199
1639504397979,2021-12-14T12:53:17.979,70.2,15.750521667918612,-1.7459559196738066,7.641834451560179
1639504397989,2021-12-14T12:53:17.989,70.21,16.04183079142044,-0.03262950035671397,6.904591627304196
1639504397999,2021-12-14T12:53:17.999,70.22,16.007636622738882,1.1205775668731637,6.286906061433628
1639504398009,2021-12-14T12:53:18.009,70.23,15.672562242813978,1.8014536267725432,5.725859543622618
1639504398019,2021-12-14T12:53:18.019,70.24,15.193913737979415,2.2290696250222943,5.250162034117811
1639504398029,2021-12-14T12:53:18.029,70.25,14.882550210630763,2.623836026244282,4.972287231769597
1639504398039,2021-12-14T12:53:18.039,70.26,14.852817291252999,3.0856338113587913,4.82827399912988
1639504398049,2021-12-14T12:53:18.049,70.27,14.802177179917575,3.5653003746672853,4.45476041847169
1639504398059,2021-12-14T12:53:18.059,70.28,14.357006341475213,4.003109609156662,3.5159125690153443
1639504398069,2021-12-14T12:53:18.069,70.29,13.620702364165778,4.485934116446528,2.1468447911560458
1639504398079,2021-12-14T12:53:18.079,70.3,13.07938694808003,5.1480419583265125,0.8632497469498669
1639504398089,2021-12-14T12:53:18.089,70.31,12.865996903463145,5.928676378914252,0.0032184069866247195
1639504398099,2021-12-14T12:53:18.099,70.32,12.518348473253559,6.595698799288819,-0.5072730094296211
1639504398109,2021-12-14T12:53:18.109,70.33,11.693098797171537,7.010838453391662,-0.8053305798283887
1639504398119,2021-12-14T12:53:18.119,70.34,10.686467427227628,7.21084107957853,-0.8146886883355768
1639504398129,2021-12-14T12:53:18.129,70.35,9.938324109498126,7.2548692709536375,-0.4638195317378291
1639504398139,2021-12-14T12:53:18.139,70.36,9.422003163076269,7.171038790539464,0.06869864185101497
1639504398149,2021-12-14T12:53:18.149,70.37,8.884389078226853,7.034338200505577,0.5745957832709498
1639504398159,2021-12-14T12:53:18.159,70.38,8.378604607101515,6.931901361855063,1.1786768289859804
1639504398169,2021-12-14T12:53:18.169,70.39,8.134958125290416,6.840662053517659,2.2116592296914015
1639504398179,2021-12-14T12:53:18.179,70.4,8.016904654952002,6.645373804952436,3.6932808042315672
1639504398189,2021-12-14T12:53:18.189,70.41,7.526109381924993,6.293445271154725,5.207884992473149
1639504398199,2021-12-14T12:53:18.199,70.42,6.4508494148027875,5.872642584972067,6.423582446662786
1639504398209,2021-12-14T12:53:18.209,70.43,5.189936366780666,5.521223671402692,7.475247339548906
1639504398219,2021-12-14T12:53:18.219,70.44,4.239615479033057,5.303715875662826,8.6233411542534
1639504398229,2021-12-14T12:53:18.229,70.45,3.6231763399024493,5.207927993258457,9.788183232012909
1639504398239,2021-12-14T12:53:18.239,70.46,3.0945585009539855,5.245682218937468,10.711286509262852
1639504398249,2021-12-14T12:53:18.249,70.47,2.6809457266723298,5.509528160270219,11.375315965507355
1639504398259,2021-12-14T12:53:18.259,70.48,2.63616080005272,6.102626548333092,11.950890261522884
1639504398269,2021-12-14T12:53:18.269,70.49,2.943381358486917,7.022816489769076,12.459324973598047
1639504398279,2021-12-14T12:53:18.279,70.5,3.268115988858021,8.150657086156357,12.76695743417714
1639504398289,2021-12-14T12:53:18.289,70.51,3.4210416224948297,9.368590124818722,12.848673208525627
1639504398299,2021-12-14T12:53:18.299,70.52,3.5041811134043854,10.641140618909864,12.853471502471704
1639504398309,2021-12-14T12:53:18.309,70.53,3.5100989683961394,11.921647214080199,12.916590396115785
1639504398319,2021-12-14T12:53:18.319,70.54,3.07444334418956,13.057255642502906,12.995155057334058
1639504398329,2021-12-14T12:53:18.329,70.55,1.8577113236795593,13.925479666226622,12.887548923581097
1639504398339,2021-12-14T12:53:18.339,70.56,0.10841807652729835,14.626295242701206,12.425788121062606
1639504398349,2021-12-14T12:53:18.349,70.57,-1.43269385348407,15.365180767130111,11.672877565513126
1639504398359,2021-12-14T12:53:18.359,70.58,-2.3822781012103897,16.13527961370245,10.848796170658778
1639504398369,2021-12-14T12:53:18.369,70.59,-3.2236306764954072,16.6768909202394,10.032010443613432
1639504398379,2021-12-14T12:53:18.379,70.6,-4.609924200278888,16.792807261248235,9.105464099537652
1639504398389,2021-12-14T12:53:18.389,70.61,-6.411086964678609,16.57031654555563,8.046252206844882
1639504398399,2021-12-14T12:53:18.399,70.62,-7.971373103465193,16.229236835773044,7.020315643995977
1639504398409,2021-12-14T12:53:18.409,70.63,-9.110139473568521,15.852318188328178,6.109771577102851
1639504398419,2021-12-14T12:53:18.419,70.64,-10.28169302952602,15.35298289232082,5.209735626460121
1639504398429,2021-12-14T12:53:18.429,70.65,-11.852318724355872,14.653156510186626,4.281141810326749
1639504398439,2021-12-14T12:53:18.439,70.66,-13.734457935505713,13.790984040510352,3.4634157540388686
1639504398449,2021-12-14T12:53:18.449,70.67,-15.688684673293844,12.866385651830953,2.8474934503381446
1639504398459,2021-12-14T12:53:18.459,70.68,-17.57019346113225,11.990872372804386,2.320985634389057
1639504398469,2021-12-14T12:53:18.469,70.69,-19.227379735052573,11.319056862589283,1.7168292162502783
1639504398479,2021-12-14T12:53:18.479,70.7,-20.424391778089003,11.025418759841923,1.0053453390103557
1639504398489,2021-12-14T12:53:18.489,70.71,-21.024485902645793,11.161928341816076,0.3013974705284854
1639504398499,2021-12-14T12:53:18.499,70.72,-21.22607645202141,11.560723216270762,-0.25841215914247767
1639504398509,2021-12-14T12:53:18.509,70.73,-21.49930008690377,11.955497924085218,-0.6481142841500018
1639504398519,2021-12-14T12:53:18.519,70.74,-22.1896403774988,12.233924220153083,-0.9717122717878196
1639504398529,2021-12-14T12:53:18.529,70.75,-23.22603675250797,12.52522633047299,-1.2930987077058695
1639504398539,2021-12-14T12:53:18.539,70.76,-24.29295292051041,13.004796764858856,-1.504584912097894
1639504398549,2021-12-14T12:53:18.549,70.77,-25.21329990850299,13.678341285706729,-1.5492933236264235
1639504398559,2021-12-14T12:53:18.559,70.78,-26.043346028171833,14.44450134563905,-1.6856121345633825
1639504398569,2021-12-14T12:53:18.569,70.79,-26.82858937659269,15.312492015679332,-2.1562969305324358
1639504398579,2021-12-14T12:53:18.579,70.8,-27.483449937469445,16.355619871362702,-2.709860075543383
1639504398589,2021-12-14T12:53:18.589,70.81,-28.035111263521692,17.41627398105254,-3.122221401428084
1639504398599,2021-12-14T12:53:18.599,70.82,-28.633902893287345,18.194189020914102,-3.947814428691087
1639504398609,2021-12-14T12:53:18.609,70.83,-29.01920347273369,18.78440585178594,-5.3973485242315515
1639504398619,2021-12-14T12:53:18.619,70.84,-28.615737851561278,19.580105817168395,-5.789818039671401
1639504398629,2021-12-14T12:53:18.629,70.85,-27.642518208666885,20.28633607056176,-3.718374908799242
1639504398639,2021-12-14T12:53:18.639,70.86,-27.197966760243023,19.864105562852934,-1.8342794663452011
1639504398649,2021-12-14T12:53:18.649,70.87,-27.819405534533363,18.179447531708654,-4.526295299926241
1639504398659,2021-12-14T12:53:18.659,70.88,-29.008423466797243,16.75594353654497,-11.00156263514534
1639504398669,2021-12-14T12:53:18.669,70.89,-30.37765429798509,16.850811357425403,-15.606969115280709
1639504398679,2021-12-14T12:53:18.679,70.9,-32.48820672444151,17.680887106873403,-16.375275169878012
1639504398689,2021-12-14T12:53:18.689,70.91,-36.02434388399212,17.692017738317524,-17.426397220026494
1639504398699,2021-12-14T12:53:18.699,70.92,-39.61150913769726,16.7213552112659,-20.869127895443572
1639504398709,2021-12-14T12:53:18.709,70.93,-39.78269230526793,15.648236001700482,-22.443822815419058
1639504398719,2021-12-14T12:53:18.719,70.94,-35.43919552908902,14.596925395623924,-18.228052666935035
1639504398729,2021-12-14T12:53:18.729,70.95,-30.281043345969636,12.865489672168128,-10.650271846251385
1639504398739,2021-12-14T12:53:18.739,70.96,-27.54682213980641,10.368338892423159,-4.260760932067653
1639504398749,2021-12-14T12:53:18.749,70.97,-25.24025782652008,7.921659657918406,1.1964709083523553
1639504398759,2021-12-14T12:53:18.759,70.98,-20.22744836842076,6.033895499454356,9.044512516749242
1639504398769,2021-12-14T12:53:18.769,70.99,-13.838049232017116,4.364555796230622,17.56263652913631
1639504398779,2021-12-14T12:53:18.779,71.0,-9.47003108778831,2.5886330724543845,19.389606597825004
1639504398789,2021-12-14T12:53:18.789,71.01,-7.247700590484314,1.0453573298313434,12.434353002995257
1639504398799,2021-12-14T12:53:18.799,71.02,-4.783938055888885,0.1904399555319094,4.930550354457208
1639504398809,2021-12-14T12:53:18.809,71.03,-1.4680481553661364,-0.10616352232572768,3.605131930007662
1639504398819,2021-12-14T12:53:18.819,71.04,1.1962840084547115,-0.37228945890790205,4.278906639785366
1639504398829,2021-12-14T12:53:18.829,71.05,2.4240375858920054,-0.9168111643768899,0.7958655711937775
1639504398839,2021-12-14T12:53:18.839,71.06,2.8482116700510955,-1.6853706139864777,-5.1329605446629785
1639504398849,2021-12-14T12:53:18.849,71.07,3.0003901303513008,-2.57584167736058,-8.864590783492721
1639504398859,2021-12-14T12:53:18.859,71.08,2.774120289590898,-3.604069371212346,-10.044773067461769
1639504398869,2021-12-14T12:53:18.869,71.09,2.0968099426879987,-4.76885800531777,-10.65951438921936
1639504398879,2021-12-14T12:53:18.879,71.1,1.1452339108891259,-5.981789716352949,-11.125442669566812
1639504398889,2021-12-14T12:53:18.889,71.11,0.08997869245395751,-7.168033153616861,-10.876796164252685
1639504398899,2021-12-14T12:53:18.899,71.12,-0.8292517221563419,-8.310154997068077,-9.889884323644651
1639504398909,2021-12-14T12:53:18.909,71.13,-1.2837374544134588,-9.431093098025418,-8.345070282676733
1639504398919,2021-12-14T12:53:18.919,71.14,-1.4167230721236068,-10.609207857854845,-6.350380747433954
1639504398929,2021-12-14T12:53:18.929,71.15,-1.967379662684106,-11.868796997787854,-4.472301722519049
1639504398939,2021-12-14T12:53:18.939,71.16,-3.109824825900111,-12.985694507602513,-3.4451301071336955
1639504398949,2021-12-14T12:53:18.949,71.17,-3.7214196836639255,-13.6076078982211,-3.2091850774545363
1639504398959,2021-12-14T12:53:18.959,71.18,-2.774155178402707,-13.650712082625137,-3.115005073797292
1639504398969,2021-12-14T12:53:18.969,71.19,-0.8385905477911828,-13.38111776960512,-2.9817287277723294
1639504398979,2021-12-14T12:53:18.979,71.2,0.8400059262050198,-13.076568236499728,-3.116929494651657
1639504398989,2021-12-14T12:53:18.989,71.21,2.004764380090992,-12.833331882225345,-3.5218897613701774
1639504398999,2021-12-14T12:53:18.999,71.22,3.0857351941309528,-12.693300928384062,-3.8889871611654145
1639504399009,2021-12-14T12:53:19.009,71.23,4.089351426975066,-12.689756461093316,-4.140139922546293
1639504399019,2021-12-14T12:53:19.019,71.24,4.794006298869303,-12.756605013600275,-4.329198273478006
1639504399029,2021-12-14T12:53:19.029,71.25,5.349656731238838,-12.807028312964016,-4.326409492712885
1639504399039,2021-12-14T12:53:19.039,71.26,5.938953111811698,-12.867348266994533,-4.086349608617261
1639504399049,2021-12-14T12:53:19.049,71.27,6.416399066839352,-12.961323133398302,-3.8856713261974027
1639504399059,2021-12-14T12:53:19.059,71.28,6.755323635276784,-12.947908569005836,-3.9204664772152906
1639504399069,2021-12-14T12:53:19.069,71.29,7.315604019940647,-12.652670759147888,-3.9605263529654993
1639504399079,2021-12-14T12:53:19.079,71.3,8.254669569042033,-12.114706783639138,-3.697128322535579
1639504399089,2021-12-14T12:53:19.089,71.31,9.09321891444827,-11.557389036180517,-3.2239246177070795
1639504399099,2021-12-14T12:53:19.099,71.32,9.323845156053327,-11.09686713140428,-2.8860663325167124
1639504399109,2021-12-14T12:53:19.109,71.33,9.222286012421314,-10.579864425984235,-2.736686943552945
1639504399119,2021-12-14T12:53:19.119,71.34,9.550789072751376,-9.781026426367145,-2.451286551653859
1639504399129,2021-12-14T12:53:19.129,71.35,10.492510859414207,-8.692146822332838,-1.836940945262412
1639504399139,2021-12-14T12:53:19.139,71.36,11.410442973896126,-7.517249039994547,-1.1224749315680707
1639504399149,2021-12-14T12:53:19.149,71.37,11.772924943401298,-6.438745695667279,-0.5911156710694524
1639504399159,2021-12-14T12:53:19.159,71.38,11.76963511999185,-5.484294535366622,-0.20648373000928422
1639504399169,2021-12-14T12:53:19.169,71.39,11.801575011454611,-4.570966078330113,0.20676221624779148
1639504399179,2021-12-14T12:53:19.179,71.4,11.913641422666666,-3.603312972112165,0.6746909291957425
1639504399189,2021-12-14T12:53:19.189,71.41,12.034741804107759,-2.5393904195845023,1.1617211361487656
1639504399199,2021-12-14T12:53:19.199,71.42,12.317613796476088,-1.3727682388253706,1.7117975376025893
1639504399209,2021-12-14T12:53:19.209,71.43,12.910433330383311,-0.07853475942124397,2.3270917645058127
1639504399219,2021-12-14T12:53:19.219,71.44,13.682145951397136,1.3534419484504858,2.8734088433923755
1639504399229,2021-12-14T12:53:19.229,71.45,14.38479131976538,2.852904931045021,3.187688475090396
1639504399239,2021-12-14T12:53:19.239,71.46,14.881846933371655,4.338663258109884,3.1283593310839177
1639504399249,2021-12-14T12:53:19.249,71.47,15.15586087944136,5.860158806088705,2.5454501933987475
1639504399259,2021-12-14T12:53:19.259,71.48,15.297615267727139,7.567920388913725,1.4085233952584315
1639504399269,2021-12-14T12:53:19.269,71.49,15.403551889764554,9.490461842873756,-0.1302758978758878
1639504399279,2021-12-14T12:53:19.279,71.5,15.244538673226891,11.432547849923548,-2.054713773197096
1639504399289,2021-12-14T12:53:19.289,71.51,14.355464356605898,13.215431165554815,-4.627363973101329
1639504399299,2021-12-14T12:53:19.299,71.52,12.85638173107195,14.943142794796817,-7.824441117910477
1639504399309,2021-12-14T12:53:19.309,71.53,11.658518918294565,16.832221461607933,-10.940264303538328
1639504399319,2021-12-14T12:53:19.319,71.54,11.274196815652271,18.805309082356196,-13.20383156858972
1639504399329,2021-12-14T12:53:19.329,71.55,11.057834763315102,20.465405140501048,-14.475082011590278
1639504399339,2021-12-14T12:53:19.339,71.56,10.221610888157064,21.473482580056853,-15.017084217003612
1639504399349,2021-12-14T12:53:19.349,71.57,8.91093733358651,21.80076067309076,-14.900695187900928
1639504399359,2021-12-14T12:53:19.359,71.58,7.753972155725551,21.636884816400638,-13.781747451911896
1639504399369,2021-12-14T12:53:19.369,71.59,6.903005666722919,21.140316379502114,-11.299873666135817
1639504399379,2021-12-14T12:53:19.379,71.6,5.939071499386225,20.280721186564655,-8.135659601211396
1639504399389,2021-12-14T12:53:19.389,71.61,4.625192900820008,19.03559988103257,-6.184127120671359
1639504399399,2021-12-14T12:53:19.399,71.62,3.555533077538594,17.73348299625564,-6.3485029090881735
1639504399409,2021-12-14T12:53:19.409,71.63,3.548142813052236,16.704595574667906,-6.837760578968384
1639504399419,2021-12-14T12:53:19.419,71.64,4.301982828797519,15.46755013628032,-5.614460119978383
1639504399429,2021-12-14T12:53:19.429,71.65,4.716457091389011,13.22342211930589,-3.9135126058638052
1639504399439,2021-12-14T12:53:19.439,71.66,4.832140851351001,10.503133469917884,-4.829894120977915
1639504399449,2021-12-14T12:53:19.449,71.67,5.877732264079316,8.964775877973395,-8.40643860187559
1639504399459,2021-12-14T12:53:19.459,71.68,7.7657813442884915,8.992011013510984,-11.25390923098713
1639504399469,2021-12-14T12:53:19.469,71.69,8.425033528891046,9.0109984157021,-11.857607579098032
1639504399479,2021-12-14T12:53:19.479,71.7,7.0662798451553375,7.836238464890865,-12.239626592120715
1639504399489,2021-12-14T12:53:19.489,71.71,6.583943528740488,6.2491871310063685,-13.049841971538033
1639504399499,2021-12-14T12:53:19.499,71.72,10.423341136670519,5.5752018472012415,-11.664001786463185
1639504399509,2021-12-14T12:53:19.509,71.73,17.796029236181703,5.830249445044524,-6.678863775448715
1639504399519,2021-12-14T12:53:19.519,71.74,24.406842808073176,5.949822627254419,-0.2992643929999905
1639504399529,2021-12-14T12:53:19.529,71.75,27.552553427172846,5.209780486978717,4.853470887588177
1639504399539,2021-12-14T12:53:19.539,71.76,28.375482520875565,3.8814719136020264,8.52788852086649
1639504399549,2021-12-14T12:53:19.549,71.77,29.208535363416985,2.6550040261725893,11.718874059638605
1639504399559,2021-12-14T12:53:19.559,71.78,30.34418041627,1.7478055973877833,14.431140792044882
1639504399569,2021-12-14T12:53:19.569,71.79,30.087631106340602,0.7958369764032267,15.543705755668919
1639504399579,2021-12-14T12:53:19.579,71.8,27.564159957256546,-0.4514319269584693,14.59596429880356
1639504399589,2021-12-14T12:53:19.589,71.81,24.22785363607237,-1.7664328932065791,12.708785281963051
1639504399599,2021-12-14T12:53:19.599,71.82,21.77105399440586,-2.9181950328182307,11.145681045639634
1639504399609,2021-12-14T12:53:19.609,71.83,19.905882464065797,-4.0283815478269505,9.867150045207476
1639504399619,2021-12-14T12:53:19.619,71.84,17.682867132067035,-5.189670502113302,8.427655408721437
1639504399629,2021-12-14T12:53:19.629,71.85,15.622282825655951,-6.151084677748188,7.344071212614407
1639504399639,2021-12-14T12:53:19.639,71.86,14.715945340133368,-6.673582663595388,7.376808488080478
1639504399649,2021-12-14T12:53:19.649,71.87,14.301658510560923,-6.906944881721918,8.131193118363887
1639504399659,2021-12-14T12:53:19.659,71.88,12.64741753828309,-7.1890696521042985,8.48510466877062
1639504399669,2021-12-14T12:53:19.669,71.89,9.206647153609838,-7.646634296471429,8.025966694869041
1639504399679,2021-12-14T12:53:19.679,71.9,5.016413636668622,-8.134572250921225,7.230969176193497
1639504399689,2021-12-14T12:53:19.689,71.91,1.0574147245173333,-8.453767876406616,6.516048426199124
1639504399699,2021-12-14T12:53:19.699,71.92,-2.684055020677561,-8.497041802712356,5.853433812889222
1639504399709,2021-12-14T12:53:19.709,71.93,-6.4728508249408705,-8.230280619833465,5.2023610055312055
1639504399719,2021-12-14T12:53:19.719,71.94,-10.135836572106975,-7.666568685016339,4.678179888174936
1639504399729,2021-12-14T12:53:19.729,71.95,-13.416388484563832,-6.869523290300338,4.271183122815703
1639504399739,2021-12-14T12:53:19.739,71.96,-16.290562183933716,-5.8784749355286205,3.839946846225943
1639504399749,2021-12-14T12:53:19.749,71.97,-18.62718198786922,-4.6213885821855385,3.406775535449462
1639504399759,2021-12-14T12:53:19.759,71.98,-20.098284394851213,-3.0010228836997483,3.1475776282906374
1639504399769,2021-12-14T12:53:19.769,71.99,-20.71694458526659,-1.0948472650212733,3.088458737701965
1639504399779,2021-12-14T12:53:19.779,72.0,-21.041081349337208,0.8177115211234416,3.033286886729169
1639504399789,2021-12-14T12:53:19.789,72.01,-21.55771434136241,2.497449744286137,2.77952859021522
1639504399799,2021-12-14T12:53:19.799,72.02,-22.127345331523358,3.971115842087687,2.2724811001881102
1639504399809,2021-12-14T12:53:19.809,72.03,-22.25389576389155,5.439186489511765,1.6170519954283593
1639504399819,2021-12-14T12:53:19.819,72.04,-21.69660186485808,7.002348228913536,1.066831473872181
1639504399829,2021-12-14T12:53:19.829,72.05,-20.600523650456847,8.579742588156563,0.8961829356011448
1639504399839,2021-12-14T12:53:19.839,72.06,-19.209312559977686,10.047503148044088,1.1137590965377016
1639504399849,2021-12-14T12:53:19.849,72.07,-17.772800341139714,11.321434797010117,1.4013905685727517
1639504399859,2021-12-14T12:53:19.859,72.08,-16.618867519692756,12.340092379039266,1.5075057763152917
1639504399869,2021-12-14T12:53:19.869,72.09,-15.83781501193139,13.125693192436321,1.5472449874824066
1639504399879,2021-12-14T12:53:19.879,72.1,-14.943868133339382,13.859105559324561,1.7073179239548988
1639504399889,2021-12-14T12:53:19.889,72.11,-13.435359531524137,14.757611899574542,1.8727940586249043
1639504399899,2021-12-14T12:53:19.899,72.12,-11.570935041753662,15.87220418484397,1.820171526013414
1639504399909,2021-12-14T12:53:19.909,72.13,-9.931920727116026,17.094579005144844,1.618295523741019
1639504399919,2021-12-14T12:53:19.919,72.14,-8.534693378004667,18.317426108995033,1.522621924240744
1639504399929,2021-12-14T12:53:19.929,72.15,-7.103603900725311,19.482922498966012,1.368099487275996
1639504399939,2021-12-14T12:53:19.939,72.16,-5.815712599016502,20.51421331269829,0.4725316249987934
1639504399949,2021-12-14T12:53:19.949,72.17,-5.13774762614759,21.308144328139065,-1.2116563326331689
1639504399959,2021-12-14T12:53:19.959,72.18,-5.225314066480729,21.849338637903266,-2.462786828322835
1639504399969,2021-12-14T12:53:19.969,72.19,-5.704959921729859,22.32397533928072,-2.5486742656099075
1639504399979,2021-12-14T12:53:19.979,72.2,-5.81177219786162,22.992106892150744,-2.5685476123389455
1639504399989,2021-12-14T12:53:19.989,72.21,-5.127215653541544,23.810251205956057,-3.4940424084683768
1639504399999,2021-12-14T12:53:19.999,72.22,-4.5363482209059365,24.31588574599653,-4.538382916979821
1639504400009,2021-12-14T12:53:20.009,72.23,-5.449956922837799,24.123857122926534,-4.771878726195426
1639504400019,2021-12-14T12:53:20.019,72.24,-7.522210416280839,23.430203892208674,-4.230753064484225
1639504400029,2021-12-14T12:53:20.029,72.25,-8.799834837314787,22.753206752336105,-2.934227738038214
1639504400039,2021-12-14T12:53:20.039,72.26,-8.856363621187716,22.297300665849242,-0.992377522586529
1639504400049,2021-12-14T12:53:20.049,72.27,-9.290648704159583,21.887141585251946,0.7485303067117571
1639504400059,2021-12-14T12:53:20.059,72.28,-10.343059692598409,21.41531945832503,1.751463443001402
1639504400069,2021-12-14T12:53:20.069,72.29,-10.652216668981428,21.077416146532123,1.9614735411147146
1639504400079,2021-12-14T12:53:20.079,72.3,-11.076939481086237,21.198161048807656,0.20890914106394515
1639504400089,2021-12-14T12:53:20.089,72.31,-13.693885539950223,21.77232418858204,-4.750714558817654
1639504400099,2021-12-14T12:53:20.099,72.32,-16.558380470755775,22.202586964879192,-11.212849384996778
1639504400109,2021-12-14T12:53:20.109,72.33,-16.07127395718011,22.059563700347113,-16.06960596746072
1639504400119,2021-12-14T12:53:20.119,72.34,-14.473404837307172,21.917651491764495,-19.270030332318633
1639504400129,2021-12-14T12:53:20.129,72.35,-17.026461968417763,22.39722316662205,-22.70005087503467
1639504400139,2021-12-14T12:53:20.139,72.36,-22.486536861451274,22.840809272591155,-25.40476564931981
1639504400149,2021-12-14T12:53:20.149,72.37,-25.130519376683075,22.089623444263324,-24.672205624140357
1639504400159,2021-12-14T12:53:20.159,72.38,-24.9603599088121,19.87494139171944,-21.114399287369302
1639504400169,2021-12-14T12:53:20.169,72.39,-27.0321281253279,16.69538813727825,-17.95771367272119
1639504400179,2021-12-14T12:53:20.179,72.4,-31.8746342421636,13.17342141875335,-15.867057341529545
1639504400189,2021-12-14T12:53:20.189,72.41,-34.72362581465201,9.828589979829186,-12.72169699291538
1639504400199,2021-12-14T12:53:20.199,72.42,-33.74660043748082,6.76552445772545,-8.183731422708387
1639504400209,2021-12-14T12:53:20.209,72.43,-32.330243817531645,3.591196399025144,-4.777536771179129
1639504400219,2021-12-14T12:53:20.219,72.44,-32.92429132513821,0.038542460143469515,-4.235191146366613
1639504400229,2021-12-14T12:53:20.229,72.45,-33.678446493580736,-3.553435398296422,-5.5090333543201355
1639504400239,2021-12-14T12:53:20.239,72.46,-32.03221097234869,-6.596922975518198,-6.721848618520154
1639504400249,2021-12-14T12:53:20.249,72.47,-28.060932858577484,-8.854748778634494,-7.10935107113716
1639504400259,2021-12-14T12:53:20.259,72.48,-23.31338285628693,-10.574219547101798,-6.775786535774765
1639504400269,2021-12-14T12:53:20.269,72.49,-18.704643525531992,-12.131905073177826,-5.91952849935825
1639504400279,2021-12-14T12:53:20.279,72.5,-14.160444295291025,-13.577996559821713,-4.506336813818485
1639504400289,2021-12-14T12:53:20.289,72.51,-9.02522357318642,-14.63654877032319,-2.1383067895235177
1639504400299,2021-12-14T12:53:20.299,72.52,-2.943317349748988,-15.21299673203806,1.4246936236001913
1639504400309,2021-12-14T12:53:20.309,72.53,3.270298731142636,-15.597298798052616,5.534384584424377
1639504400319,2021-12-14T12:53:20.319,72.54,8.610703235339422,-15.991235180581802,9.273487803132475
1639504400329,2021-12-14T12:53:20.329,72.55,13.450601521770679,-16.18852087637754,12.642731451506247
1639504400339,2021-12-14T12:53:20.339,72.56,18.613056012203504,-15.93690697984904,16.10622250422884
1639504400349,2021-12-14T12:53:20.349,72.57,23.604026722271346,-15.321938510341141,19.321227081042917
1639504400359,2021-12-14T12:53:20.359,72.58,27.366468834226076,-14.630893320925512,21.402803318933156
1639504400369,2021-12-14T12:53:20.369,72.59,29.845456682406258,-14.06690936886697,22.120955847475443
1639504400379,2021-12-14T12:53:20.379,72.6,31.51409287634847,-13.69172681508083,22.022211908997704
1639504400389,2021-12-14T12:53:20.389,72.61,32.40640887723268,-13.469270686505965,21.681673508921456
1639504400399,2021-12-14T12:53:20.399,72.62,32.49843764735481,-13.29651230948867,21.30274565334214
1639504400409,2021-12-14T12:53:20.409,72.63,32.038110682029284,-13.080412893348965,20.72200803489092
1639504400419,2021-12-14T12:53:20.419,72.64,31.077622509749055,-12.797964844885378,19.608402874524394
1639504400429,2021-12-14T12:53:20.429,72.65,29.562260937256035,-12.46766285242486,17.942071216759295
1639504400439,2021-12-14T12:53:20.439,72.66,27.84056218030271,-12.13132826049425,16.20935217528745
1639504400449,2021-12-14T12:53:20.449,72.67,26.257431266139424,-11.889425283133647,14.791733662315343
1639504400459,2021-12-14T12:53:20.459,72.68,24.547839682354226,-11.871223519855008,13.406757513161413
1639504400469,2021-12-14T12:53:20.469,72.69,22.380319119160333,-12.098464377495642,11.586898751913596
1639504400479,2021-12-14T12:53:20.479,72.7,20.131789138683118,-12.398085462252544,9.489286818747102
1639504400489,2021-12-14T12:53:20.489,72.71,18.498159975089575,-12.533291230285874,7.721746850924147
1639504400499,2021-12-14T12:53:20.499,72.72,17.57961387503598,-12.461769446695307,6.449579611605867
1639504400509,2021-12-14T12:53:20.509,72.73,16.81696288903788,-12.390737768253718,5.236900052571309
1639504400519,2021-12-14T12:53:20.519,72.74,15.806144869865104,-12.534300043097634,3.90347041334814
1639504400529,2021-12-14T12:53:20.529,72.75,14.798563807705365,-12.920719871275228,2.9572603887414886
1639504400539,2021-12-14T12:53:20.539,72.76,14.116135354136796,-13.4928460671387,2.7914256171332443
1639504400549,2021-12-14T12:53:20.549,72.77,13.376339605361212,-14.283547040133028,2.9298882448122994
1639504400559,2021-12-14T12:53:20.559,72.78,11.868021061722448,-15.400071164388457,2.5760628682444153
1639504400569,2021-12-14T12:53:20.569,72.79,9.559966008223235,-16.852359482213778,1.5568677651571932
1639504400579,2021-12-14T12:53:20.579,72.8,7.1811474163254205,-18.434479742355403,0.23329743055029106
1639504400589,2021-12-14T12:53:20.589,72.81,5.3859760401075665,-19.82325740776878,-1.2540548369616689
1639504400599,2021-12-14T12:53:20.599,72.82,4.234175093940325,-20.81412714001965,-3.171074852237204
1639504400609,2021-12-14T12:53:20.609,72.83,3.4380144333134885,-21.405138823920275,-5.668362276247871
1639504400619,2021-12-14T12:53:20.619,72.84,2.9012318496747866,-21.65821726079256,-8.373931492566992
1639504400629,2021-12-14T12:53:20.629,72.85,2.8386796359099336,-21.617132638487643,-10.643615326780882
1639504400639,2021-12-14T12:53:20.639,72.86,3.2316434921184753,-21.415111590901155,-12.12824340620293
1639504400649,2021-12-14T12:53:20.649,72.87,3.5462377808463366,-21.321261249527097,-12.86755051982302
1639504400659,2021-12-14T12:53:20.659,72.88,3.4597494803954154,-21.551005343258446,-12.846012181941031
1639504400669,2021-12-14T12:53:20.669,72.89,3.3265031367345457,-22.0614780909237,-11.934600392404388
1639504400679,2021-12-14T12:53:20.679,72.9,3.3187356854870096,-22.609916319315204,-10.45920033433292
1639504400689,2021-12-14T12:53:20.689,72.91,3.1488717806890145,-22.99676769213942,-9.057825126255445
1639504400699,2021-12-14T12:53:20.699,72.92,3.587601264293002,-23.16231511339696,-7.43876398769382
1639504400709,2021-12-14T12:53:20.709,72.93,6.189409499019197,-23.077230019859606,-4.5358282628363895
1639504400719,2021-12-14T12:53:20.719,72.94,9.485720978876827,-22.82681910518106,-1.1209598936089764
1639504400729,2021-12-14T12:53:20.729,72.95,8.803162991879569,-22.849503236816293,-0.3177405458338796
1639504400739,2021-12-14T12:53:20.739,72.96,3.6987826057226654,-23.462785755942413,-3.1609797511985716
1639504400749,2021-12-14T12:53:20.749,72.97,1.1344665793835425,-24.003188284355197,-6.125468969984564
1639504400759,2021-12-14T12:53:20.759,72.98,5.756768993763815,-23.447992524458403,-6.173355232883768
1639504400769,2021-12-14T12:53:20.769,72.99,12.329072631971059,-22.027413402721546,-4.739285198041259
1639504400779,2021-12-14T12:53:20.779,73.0,14.174127713076292,-20.964515377263766,-3.2465878839390623
1639504400789,2021-12-14T12:53:20.789,73.01,13.2037265057903,-20.654895393203354,-0.10095517167859769
1639504400799,2021-12-14T12:53:20.799,73.02,15.08596540039856,-20.36824161110221,3.866406051030168
1639504400809,2021-12-14T12:53:20.809,73.03,20.066037898996353,-19.587409607672534,4.371034795875717
1639504400819,2021-12-14T12:53:20.819,73.04,24.225794583707284,-18.63989829179988,2.2148173935513484
1639504400829,2021-12-14T12:53:20.829,73.05,25.409377870752678,-18.104626169666638,3.8436049252329862
1639504400839,2021-12-14T12:53:20.839,73.06,23.97028569468465,-18.131596915571517,10.012513702222972
1639504400849,2021-12-14T12:53:20.849,73.07,20.828538528306566,-18.346034668128688,13.745071878785604
1639504400859,2021-12-14T12:53:20.859,73.08,17.01882172205207,-18.264873923112432,11.485149415035737
1639504400869,2021-12-14T12:53:20.869,73.09,13.417997849504303,-17.70531684614431,6.9845078560889045
1639504400879,2021-12-14T12:53:20.879,73.1,10.371222161732996,-16.733642716760762,3.843540206246843
1639504400889,2021-12-14T12:53:20.889,73.11,8.163339455979237,-15.428321630841282,1.8200652493440757
1639504400899,2021-12-14T12:53:20.899,73.12,6.998844518841452,-13.905446521430823,0.10449884951877675
1639504400909,2021-12-14T12:53:20.909,73.13,6.362094358403303,-12.401473933194145,-0.9025941126298401
1639504400919,2021-12-14T12:53:20.919,73.14,5.568284863125612,-11.123584709223788,-0.8304267504059186
1639504400929,2021-12-14T12:53:20.929,73.15,4.608214862905704,-10.127744045063471,0.05241281552845123
1639504400939,2021-12-14T12:53:20.939,73.16,3.4368336631840206,-9.420207468334864,1.1717803130973732
1639504400949,2021-12-14T12:53:20.949,73.17,1.3608664878086913,-9.022245161820525,1.9647654829874797
1639504400959,2021-12-14T12:53:20.959,73.18,-1.8758903891574839,-8.897321491350235,2.302118616794377
1639504400969,2021-12-14T12:53:20.969,73.19,-5.479905611369916,-8.957255883849529,2.5111684515063883
1639504400979,2021-12-14T12:53:20.979,73.2,-8.805810634491172,-9.138747345581796,2.7318442645902974
1639504400989,2021-12-14T12:53:20.989,73.21,-12.050879489920884,-9.380246128616033,2.754327873988444
1639504400999,2021-12-14T12:53:20.999,73.22,-15.33035450879753,-9.579173335855543,2.595576454158743
1639504401009,2021-12-14T12:53:21.009,73.23,-18.154771568160605,-9.635912908968207,2.565786451002658
1639504401019,2021-12-14T12:53:21.019,73.24,-20.130298369645164,-9.485414890586558,2.7144462722926557
1639504401029,2021-12-14T12:53:21.029,73.25,-21.36526235522098,-9.096175468149124,2.782715587142443
1639504401039,2021-12-14T12:53:21.039,73.26,-22.05703224705064,-8.512108534403058,2.6583078050059425
1639504401049,2021-12-14T12:53:21.049,73.27,-22.24119975857571,-7.8530990830793606,2.449721892776278
1639504401059,2021-12-14T12:53:21.059,73.28,-21.982698743525862,-7.217199042976953,2.2281838375806524
1639504401069,2021-12-14T12:53:21.069,73.29,-21.447676472637717,-6.625883165539458,2.0104633432290613
1639504401079,2021-12-14T12:53:21.079,73.3,-20.730152094824696,-6.057446874218674,1.8977413573082584
1639504401089,2021-12-14T12:53:21.089,73.31,-19.75229418349207,-5.463671905678487,2.0434312439959372
1639504401099,2021-12-14T12:53:21.099,73.32,-18.376621962724816,-4.7809726110571305,2.511223704842525
1639504401109,2021-12-14T12:53:21.109,73.33,-16.599128785781147,-3.981372193125746,3.195555194759437
1639504401119,2021-12-14T12:53:21.119,73.34,-14.605837787590009,-3.080203361907719,3.869879997643448
1639504401129,2021-12-14T12:53:21.129,73.35,-12.618838773832493,-2.085462039542839,4.3434733622312915
1639504401139,2021-12-14T12:53:21.139,73.36,-10.73408805306778,-1.0106137907191948,4.565936913397603
1639504401149,2021-12-14T12:53:21.149,73.37,-8.964089480494017,0.05953884968686432,4.562612405398372
1639504401159,2021-12-14T12:53:21.159,73.38,-7.375810704758649,1.005975087887616,4.322259821006623
1639504401169,2021-12-14T12:53:21.169,73.39,-6.054796788153503,1.7969991368924731,3.8078161750312405
1639504401179,2021-12-14T12:53:21.179,73.4,-4.928767586296217,2.505129548971839,3.0833671404146727
1639504401189,2021-12-14T12:53:21.189,73.41,-3.8111069921141185,3.19847913427914,2.3429818400260767
1639504401199,2021-12-14T12:53:21.199,73.42,-2.747548131848517,3.8623230126375288,1.6671170278898864
1639504401209,2021-12-14T12:53:21.209,73.43,-2.13641507178961,4.419069607102695,0.80923869543848
1639504401219,2021-12-14T12:53:21.219,73.44,-2.2556660865893465,4.798082866499971,-0.5095007614825404
1639504401229,2021-12-14T12:53:21.229,73.45,-2.855516470262046,4.98355445605774,-2.140762933890071
1639504401239,2021-12-14T12:53:21.239,73.46,-3.5736205237236334,5.004696304158343,-3.6926601249926962
1639504401249,2021-12-14T12:53:21.249,73.47,-4.451901032968761,4.936167149404126,-5.049389533750284
1639504401259,2021-12-14T12:53:21.259,73.48,-5.482642088611639,4.921829292232078,-6.235095059108793
1639504401269,2021-12-14T12:53:21.269,73.49,-6.123410025678857,5.046682615678295,-6.9738222553687415
1639504401279,2021-12-14T12:53:21.279,73.5,-6.171318782379377,5.1001054079057475,-7.021681610467619
1639504401289,2021-12-14T12:53:21.289,73.51,-6.551499852288844,4.6949495809839,-6.722327304771742
1639504401299,2021-12-14T12:53:21.299,73.52,-7.922536116203089,3.836109925778293,-6.4799076836603
1639504401309,2021-12-14T12:53:21.309,73.53,-8.984989371381412,3.135159459698519,-5.818055303312509
1639504401319,2021-12-14T12:53:21.319,73.54,-7.974397178131467,3.112169562923746,-3.879576669089908
1639504401329,2021-12-14T12:53:21.329,73.55,-5.783489793999321,3.522674248068095,-1.061344594458118
1639504401339,2021-12-14T12:53:21.339,73.56,-5.302887584048161,3.91335717960246,0.8864814644784837
1639504401349,2021-12-14T12:53:21.349,73.57,-6.882020436265048,4.594476102541433,1.1311051830423702
1639504401359,2021-12-14T12:53:21.359,73.58,-7.354408594049419,6.21953528266552,0.8803212537339364
1639504401369,2021-12-14T12:53:21.369,73.59,-5.639493103581218,8.577516162333822,0.7699872028037962
1639504401379,2021-12-14T12:53:21.379,73.6,-5.5571085025653595,10.92442311006593,-1.0551705174242778
1639504401389,2021-12-14T12:53:21.389,73.61,-9.175769794089003,13.376478670137288,-5.543275149432911
1639504401399,2021-12-14T12:53:21.399,73.62,-11.986254829355618,16.582713612869107,-9.71596277720035
1639504401409,2021-12-14T12:53:21.409,73.63,-10.450977445363268,20.118504316779564,-10.941089077608726
1639504401419,2021-12-14T12:53:21.419,73.64,-8.875032114071075,22.753832112195823,-11.522747800006783
1639504401429,2021-12-14T12:53:21.429,73.65,-11.722486284113174,24.22068490455993,-14.480038557824507
1639504401439,2021-12-14T12:53:21.439,73.66,-15.456847614354665,25.159037210726886,-17.975427254719243
1639504401449,2021-12-14T12:53:21.449,73.67,-15.700893382339299,25.45978893818431,-18.793625400977177
1639504401459,2021-12-14T12:53:21.459,73.68,-15.708683437255205,24.24060180661772,-17.90994224224411
1639504401469,2021-12-14T12:53:21.469,73.69,-20.01013836406537,21.463756619537968,-17.84491046912727
1639504401479,2021-12-14T12:53:21.479,73.7,-25.98063825145635,18.193777942688055,-17.7110158472505
1639504401489,2021-12-14T12:53:21.489,73.71,-28.76271716806174,15.12493183729519,-15.245919919896057
1639504401499,2021-12-14T12:53:21.499,73.72,-29.23776414178669,11.974483739323297,-11.206770576863516
1639504401509,2021-12-14T12:53:21.509,73.73,-31.075590945455694,8.533064243247136,-8.086277687684845
1639504401519,2021-12-14T12:53:21.519,73.74,-33.91956139877074,5.374819951410087,-6.250722666144252
1639504401529,2021-12-14T12:53:21.529,73.75,-34.55706243490812,3.1458866404509216,-4.193851993876251
1639504401539,2021-12-14T12:53:21.539,73.76,-32.304537049977384,1.7797853673812032,-1.4695874438151786
1639504401549,2021-12-14T12:53:21.549,73.77,-29.269526364752892,0.8407740242879274,0.8791486723470983
1639504401559,2021-12-14T12:53:21.559,73.78,-26.491970141062687,0.25235052656278517,2.3844152222044124
1639504401569,2021-12-14T12:53:21.569,73.79,-22.823462351167116,0.23304689329520567,3.952746656974887
1639504401579,2021-12-14T12:53:21.579,73.8,-17.557209262663832,0.6861298615090412,6.34245931846841
1639504401589,2021-12-14T12:53:21.589,73.81,-11.96767196982652,1.127142364588925,8.983170133488104
1639504401599,2021-12-14T12:53:21.599,73.82,-7.396152432467944,1.267320371910285,10.990895981585577
1639504401609,2021-12-14T12:53:21.609,73.83,-3.306764401064517,1.286528233101868,12.53742281048613
1639504401619,2021-12-14T12:53:21.619,73.84,1.4709885657873767,1.4120578936222374,14.291304384909832
1639504401629,2021-12-14T12:53:21.629,73.85,6.679573743346931,1.5674490910865355,16.15020079380057
1639504401639,2021-12-14T12:53:21.639,73.86,11.225262882789307,1.5838113228249715,17.52139985470769
1639504401649,2021-12-14T12:53:21.649,73.87,14.901244980300461,1.4609279725883844,18.329983417808464
1639504401659,2021-12-14T12:53:21.659,73.88,18.150112233923025,1.2509232376211348,18.85772746209973
1639504401669,2021-12-14T12:53:21.669,73.89,20.866785546707728,0.9047009880512757,19.035896597850666
1639504401679,2021-12-14T12:53:21.679,73.9,22.642822862509686,0.39693750710411835,18.619979186393792
1639504401689,2021-12-14T12:53:21.689,73.91,23.64198373885236,-0.14089694370971106,17.707453134068082
1639504401699,2021-12-14T12:53:21.699,73.92,24.297814558045324,-0.5558346777177607,16.570098202782926
1639504401709,2021-12-14T12:53:21.709,73.93,24.592036648596455,-0.8524708978510778,15.260944065452216
1639504401719,2021-12-14T12:53:21.719,73.94,24.340136000270448,-1.1111485006584971,13.741343612363732
1639504401729,2021-12-14T12:53:21.729,73.95,23.78444848057597,-1.2976715289556022,12.162909943553359
1639504401739,2021-12-14T12:53:21.739,73.96,23.309063258559238,-1.3028360690214433,10.7236191019146
1639504401749,2021-12-14T12:53:21.749,73.97,22.865534293674664,-1.1382746641500274,9.38047418277633
1639504401759,2021-12-14T12:53:21.759,73.98,22.15160977186857,-0.9408445625345874,7.9640180627117
1639504401769,2021-12-14T12:53:21.769,73.99,21.15791290580073,-0.7948755623384846,6.522338044336914
1639504401779,2021-12-14T12:53:21.779,74.0,20.164680453707973,-0.6846655199127392,5.345153776218956
1639504401789,2021-12-14T12:53:21.789,74.01,19.31762154986043,-0.601895028175464,4.687016227029765
1639504401799,2021-12-14T12:53:21.799,74.02,18.513792723737684,-0.5885261461817187,4.621505626534283
1639504401809,2021-12-14T12:53:21.809,74.03,17.63738739585895,-0.6919854132446523,5.070803548693894
1639504401819,2021-12-14T12:53:21.819,74.04,16.664711070310513,-0.9209121618507641,5.803037593807894
1639504401829,2021-12-14T12:53:21.829,74.05,15.628683124175112,-1.2077226720167467,6.487041276995729
1639504401839,2021-12-14T12:53:21.839,74.06,14.67437182597803,-1.4349839309688779,6.888873149737275
1639504401849,2021-12-14T12:53:21.849,74.07,13.961451202968437,-1.5629475090057736,6.9299187674319995
1639504401859,2021-12-14T12:53:21.859,74.08,13.319717741335939,-1.6910424306518244,6.49759785848389
1639504401869,2021-12-14T12:53:21.869,74.09,12.295707895403096,-1.9208967100854315,5.404600333526229
1639504401879,2021-12-14T12:53:21.879,74.1,10.77809856495763,-2.1955221838697154,3.6823986036806415
1639504401889,2021-12-14T12:53:21.889,74.11,9.243096330939258,-2.357860721209259,1.7281532393477776
1639504401899,2021-12-14T12:53:21.899,74.12,8.137599186906714,-2.347394146060049,-0.03551325030806285
1639504401909,2021-12-14T12:53:21.909,74.13,7.397278062540604,-2.2258299487152993,-1.5090098726156354
1639504401919,2021-12-14T12:53:21.919,74.14,6.826012163100263,-2.0044107344026507,-2.7636244897876088
1639504401929,2021-12-14T12:53:21.929,74.15,6.546112565857176,-1.5928423769075981,-3.7283127875717477
1639504401939,2021-12-14T12:53:21.939,74.16,6.80108134347702,-0.9502663389576725,-4.222688815427409
1639504401949,2021-12-14T12:53:21.949,74.17,7.649628025902579,-0.1514557056281585,-4.143985819129142
1639504401959,2021-12-14T12:53:21.959,74.18,8.965511360275213,0.6873343199668907,-3.5306849366873188
1639504401969,2021-12-14T12:53:21.969,74.19,10.281254688573972,1.4250727691985576,-2.686972353186313
1639504401979,2021-12-14T12:53:21.979,74.2,10.72208677081225,1.9426042752896246,-2.1933456666095354
1639504401989,2021-12-14T12:53:21.989,74.21,10.05441664928938,2.334268182320383,-2.2899700501150333
1639504401999,2021-12-14T12:53:21.999,74.22,9.739876623649387,2.899730055373955,-2.331108187079953
1639504402009,2021-12-14T12:53:22.009,74.23,11.264765120825668,3.7436197703332743,-1.6149539618796753
1639504402019,2021-12-14T12:53:22.019,74.24,13.319657420998023,4.51194049501638,-0.6945539988084501
1639504402029,2021-12-14T12:53:22.029,74.25,13.156217837972612,4.744783540319759,-0.8297711462699777
1639504402039,2021-12-14T12:53:22.039,74.26,10.936406420703252,4.471284273327328,-1.9682783480777717
1639504402049,2021-12-14T12:53:22.049,74.27,9.324725541305746,4.2353995334898205,-2.575292386410461
1639504402059,2021-12-14T12:53:22.059,74.28,8.625037441624551,4.421080726870107,-2.202592567778402
1639504402069,2021-12-14T12:53:22.069,74.29,6.78643206998737,4.8754820160070835,-2.638331877563491
1639504402079,2021-12-14T12:53:22.079,74.3,4.5627235387917295,5.480917882262308,-4.980209112977285
1639504402089,2021-12-14T12:53:22.089,74.31,5.371705802809627,6.592961911069104,-7.259082658298487
1639504402099,2021-12-14T12:53:22.099,74.32,9.366125426629667,8.367845112181623,-6.938592168172608
1639504402109,2021-12-14T12:53:22.109,74.33,12.851057601500482,10.102135405360212,-4.236183117450425
1639504402119,2021-12-14T12:53:22.119,74.34,13.86181886617437,10.8757540609007,-1.2431326469771309
1639504402129,2021-12-14T12:53:22.129,74.35,13.880495400972595,10.641929781288773,0.9205488022629713
1639504402139,2021-12-14T12:53:22.139,74.36,14.544575046617638,10.170372546991898,2.728698041699359
1639504402149,2021-12-14T12:53:22.149,74.37,15.848807362470767,9.988022651103886,4.769960868509054
1639504402159,2021-12-14T12:53:22.159,74.38,16.783883012327365,9.873423204785993,6.595925688558873
1639504402169,2021-12-14T12:53:22.169,74.39,16.376087734842436,9.49983867956918,7.292611163902627
1639504402179,2021-12-14T12:53:22.179,74.4,14.941509624654259,9.063798566099486,6.9814320729927495
1639504402189,2021-12-14T12:53:22.189,74.41,14.069856002706466,8.929453723517298,6.982994764835246
1639504402199,2021-12-14T12:53:22.199,74.42,14.543483676976267,9.004896221705794,8.225970448359053
1639504402209,2021-12-14T12:53:22.209,74.43,15.388139121059266,8.887958396564512,10.371160854160232
1639504402219,2021-12-14T12:53:22.219,74.44,15.693947091812419,8.445099067857713,12.828614519380212
1639504402229,2021-12-14T12:53:22.229,74.45,15.897833909324184,7.87401928767887,15.617491196354212
1639504402239,2021-12-14T12:53:22.239,74.46,16.428745102494496,7.2708663657065955,18.67499849722544
1639504402249,2021-12-14T12:53:22.249,74.47,16.40795519158688,6.4814648120183955,21.152332345836307
1639504402259,2021-12-14T12:53:22.259,74.48,14.795716271304133,5.443071294145115,22.133393598220948
1639504402269,2021-12-14T12:53:22.269,74.49,12.006913119739226,4.415078165665615,21.611813368411642
1639504402279,2021-12-14T12:53:22.279,74.5,9.24545662852778,3.7319612375227145,20.146193825915436
1639504402289,2021-12-14T12:53:22.289,74.51,6.7966644693843135,3.4843773088906587,17.964298889788097
1639504402299,2021-12-14T12:53:22.299,74.52,4.147762065511337,3.565683054426269,15.070306675992317
1639504402309,2021-12-14T12:53:22.309,74.53,1.3227696460623726,3.9053774763385394,11.862000732438396
1639504402319,2021-12-14T12:53:22.319,74.54,-1.0794424903269508,4.533888774136669,8.947844199780562
1639504402329,2021-12-14T12:53:22.329,74.55,-2.849290436717802,5.489431372733705,6.558127590173767
1639504402339,2021-12-14T12:53:22.339,74.56,-4.236256119859807,6.755861560929293,4.59226253000503
1639504402349,2021-12-14T12:53:22.349,74.57,-5.3189734011358905,8.280777382429346,3.024893241746155
1639504402359,2021-12-14T12:53:22.359,74.58,-5.971692200414555,10.007006040152561,1.9216716572005603
1639504402369,2021-12-14T12:53:22.369,74.59,-6.270532995498176,11.863831633079975,1.2147466149685484
1639504402379,2021-12-14T12:53:22.379,74.6,-6.475478176980496,13.758904806165376,0.7131702140923986
1639504402389,2021-12-14T12:53:22.389,74.61,-6.6637845466462355,15.639437475753411,0.2655679676818775
1639504402399,2021-12-14T12:53:22.399,74.62,-6.640467003824536,17.546372614046156,-0.21529554468052864
1639504402409,2021-12-14T12:53:22.409,74.63,-6.231385742909222,19.53833947511628,-0.8012936469328242
1639504402419,2021-12-14T12:53:22.419,74.64,-5.516532685602725,21.578224334085657,-1.5047170930023301
1639504402429,2021-12-14T12:53:22.429,74.65,-4.707002376022846,23.56282007691378,-2.247238277792008
1639504402439,2021-12-14T12:53:22.439,74.66,-3.8768911723483317,25.449006272358552,-2.95183280242932
1639504402449,2021-12-14T12:53:22.449,74.67,-2.9227033025895692,27.289518134986842,-3.6081468061426936
1639504402459,2021-12-14T12:53:22.459,74.68,-1.7845880700244696,29.136792562443397,-4.211870565613553
1639504402469,2021-12-14T12:53:22.469,74.69,-0.6081530088210731,30.952528304807835,-4.7118731042324375
1639504402479,2021-12-14T12:53:22.479,74.7,0.37312566583416884,32.64474493782312,-5.044470450771431
1639504402489,2021-12-14T12:53:22.489,74.71,1.0428681691041382,34.166130568224666,-5.1896681883359
1639504402499,2021-12-14T12:53:22.499,74.72,1.4153525138441052,35.52955888105281,-5.217414641722602
1639504402509,2021-12-14T12:53:22.509,74.73,1.5212533222032603,36.7624647041655,-5.292637115518414
1639504402519,2021-12-14T12:53:22.519,74.74,1.377196566465526,37.90137322668564,-5.583991976793764
1639504402529,2021-12-14T12:53:22.529,74.75,1.0286900285522633,38.98759496077847,-6.157734977003581
1639504402539,2021-12-14T12:53:22.539,74.76,0.5465252109298653,40.02172093283991,-6.996610809836611
1639504402549,2021-12-14T12:53:22.549,74.77,-0.0027017529715972766,40.98258228708636,-8.08552130659318
1639504402559,2021-12-14T12:53:22.559,74.78,-0.5204827561028759,41.917307370832134,-9.372254404212438
1639504402569,2021-12-14T12:53:22.569,74.79,-0.8497666781031217,42.90294608508579,-10.633594833296074
1639504402579,2021-12-14T12:53:22.579,74.8,-0.9771923315603157,43.86537709566575,-11.568388395538861
1639504402589,2021-12-14T12:53:22.589,74.81,-1.30151246889236,44.566323474737416,-12.155763733437308
1639504402599,2021-12-14T12:53:22.599,74.82,-2.321893019445964,44.8770645092909,-12.697147088391954
1639504402609,2021-12-14T12:53:22.609,74.83,-3.860729139236348,44.97873365103894,-13.298224814323884
1639504402619,2021-12-14T12:53:22.619,74.84,-5.120367365111743,45.168293894064334,-13.62423011736196
1639504402629,2021-12-14T12:53:22.629,74.85,-5.85176530198223,45.50416327587395,-13.465701414568905
1639504402639,2021-12-14T12:53:22.639,74.86,-6.880909111096169,45.76112319221386,-13.178391930035483
1639504402649,2021-12-14T12:53:22.649,74.87,-9.078977202667437,45.70689009152295,-13.231839599641702
1639504402659,2021-12-14T12:53:22.659,74.88,-12.407987773450717,45.29607295693229,-13.746849272231206
1639504402669,2021-12-14T12:53:22.669,74.89,-16.369763510209587,44.661527178498304,-14.788778321357139
1639504402679,2021-12-14T12:53:22.679,74.9,-20.59205642468317,44.12494531413405,-16.44232005647422
1639504402689,2021-12-14T12:53:22.689,74.91,-24.195790018746273,44.139122798078546,-17.973416976489673
1639504402699,2021-12-14T12:53:22.699,74.92,-25.650824106364695,44.86548946839305,-17.856816051628904
1639504402709,2021-12-14T12:53:22.709,74.93,-25.14490154230536,45.75977053577675,-16.132789452085525
1639504402719,2021-12-14T12:53:22.719,74.94,-26.11044591630113,45.993037585831445,-15.894837020645085
1639504402729,2021-12-14T12:53:22.729,74.95,-31.03992591603741,45.42812662866267,-19.802011500895535
1639504402739,2021-12-14T12:53:22.739,74.96,-36.54833917629578,44.65500924494185,-25.491962306925707
1639504402749,2021-12-14T12:53:22.749,74.97,-37.62849353897842,43.79203062674614,-28.008521901076833
1639504402759,2021-12-14T12:53:22.759,74.98,-36.31608061971363,41.92297878615842,-26.729976375909363
1639504402769,2021-12-14T12:53:22.769,74.99,-39.3915443560116,38.27888812125849,-25.481287803837745
1639504402779,2021-12-14T12:53:22.779,75.0,-47.342551274139566,33.42466680369898,-25.509230141768107
1639504402789,2021-12-14T12:53:22.789,75.01,-53.30533390105809,28.609572782331917,-23.525290511050134
1639504402799,2021-12-14T12:53:22.799,75.02,-53.75452803791555,24.405364326432966,-17.805495773731906
1639504402809,2021-12-14T12:53:22.809,75.03,-52.404519114315434,20.70564421982483,-11.259369119372042
1639504402819,2021-12-14T12:53:22.819,75.04,-52.204036062852055,17.61492355756498,-6.876653282890473
1639504402829,2021-12-14T12:53:22.829,75.05,-50.99181390825088,15.417931305262323,-4.413125129306643
1639504402839,2021-12-14T12:53:22.839,75.06,-47.13511507403534,13.842159052699685,-3.1304101210811766
1639504402849,2021-12-14T12:53:22.849,75.07,-43.04144800770807,12.189973251118985,-3.9662555342285657
1639504402859,2021-12-14T12:53:22.859,75.08,-40.56948547871639,10.254558904004803,-7.166320974289587
1639504402869,2021-12-14T12:53:22.869,75.09,-37.85852055339956,8.508499490754993,-10.718822610436806
1639504402879,2021-12-14T12:53:22.879,75.1,-33.0232971001476,7.336789177043437,-12.829310302424105
1639504402889,2021-12-14T12:53:22.889,75.11,-27.17353997696946,6.623231637606722,-13.783739958724247
1639504402899,2021-12-14T12:53:22.899,75.12,-21.740729690337908,6.167728054475958,-14.167850596946112
1639504402909,2021-12-14T12:53:22.909,75.13,-16.05505494725899,5.925568347536201,-13.34857836493924
1639504402919,2021-12-14T12:53:22.919,75.14,-9.550853363005816,5.6650495159981755,-11.006652155759273
1639504402929,2021-12-14T12:53:22.929,75.15,-3.537841136767162,5.001058581197853,-8.377625318869296
1639504402939,2021-12-14T12:53:22.939,75.16,1.1926251194275923,4.0253186390475655,-6.7192553189815145
1639504402949,2021-12-14T12:53:22.949,75.17,6.04895894459441,3.325938405405802,-5.974965295252577
1639504402959,2021-12-14T12:53:22.959,75.18,12.083045488960217,3.108667698494867,-5.866686993714085
1639504402969,2021-12-14T12:53:22.969,75.19,17.8775244053429,2.81415587587954,-6.9175536565647935
1639504402979,2021-12-14T12:53:22.979,75.2,21.585591188251676,1.8414780408339015,-9.505668828958934
1639504402989,2021-12-14T12:53:22.989,75.21,23.299219922573144,0.1923219070037117,-12.96859572647374
1639504402999,2021-12-14T12:53:22.999,75.22,24.086895190620066,-1.7856326980099464,-16.375600690817315
1639504403009,2021-12-14T12:53:23.009,75.23,24.193806282902308,-3.8540020308989504,-19.44049469197139
1639504403019,2021-12-14T12:53:23.019,75.24,23.342380680884837,-5.888053775629939,-22.150519768059354
1639504403029,2021-12-14T12:53:23.029,75.25,21.663421888030072,-7.814499090770482,-24.114170255906185
1639504403039,2021-12-14T12:53:23.039,75.26,19.381299118852475,-9.778592866556766,-24.80346255570784
1639504403049,2021-12-14T12:53:23.049,75.27,16.370973068468462,-12.115768580353024,-24.12114187981995
1639504403059,2021-12-14T12:53:23.059,75.28,12.704545730568594,-14.94660487217817,-22.410994046736963
1639504403069,2021-12-14T12:53:23.069,75.29,9.150229662589698,-17.926219136708397,-20.086520539086646
1639504403079,2021-12-14T12:53:23.079,75.3,6.732505056010471,-20.54261092997828,-17.384262592105664
1639504403089,2021-12-14T12:53:23.089,75.31,5.955122591456572,-22.61523167950746,-14.44209284286952
1639504403099,2021-12-14T12:53:23.099,75.32,6.470373062150518,-24.394042239852958,-11.645377096577878
1639504403109,2021-12-14T12:53:23.109,75.33,7.426799115116202,-26.217437422313587,-9.722445590489958
1639504403119,2021-12-14T12:53:23.119,75.34,8.202565905665397,-28.261427538395118,-9.172379072278664
1639504403129,2021-12-14T12:53:23.129,75.35,8.730166916223185,-30.642212457175226,-9.719791339064807
1639504403139,2021-12-14T12:53:23.139,75.36,9.0657238282542,-33.50698365905131,-10.675610903536645
1639504403149,2021-12-14T12:53:23.149,75.37,8.996352129784967,-36.87378429377237,-11.656841982802948
1639504403159,2021-12-14T12:53:23.159,75.38,8.374611990105384,-40.537384989750656,-12.605300632969229
1639504403169,2021-12-14T12:53:23.169,75.39,7.537431955365029,-44.25705809394635,-13.383044125071988
1639504403179,2021-12-14T12:53:23.179,75.4,6.93584510981693,-47.93726700484956,-13.855372443450811
1639504403189,2021-12-14T12:53:23.189,75.41,6.540558045695537,-51.54828189586583,-14.207156056450739
1639504403199,2021-12-14T12:53:23.199,75.42,6.116009697660957,-54.975429442733514,-14.699093702763438
1639504403209,2021-12-14T12:53:23.209,75.43,5.825338317825322,-58.06099696161074,-15.255890176476921
1639504403219,2021-12-14T12:53:23.219,75.44,5.892778120136926,-60.758659004167036,-15.724041911385031
1639504403229,2021-12-14T12:53:23.229,75.45,5.941526670705278,-63.15451918725921,-16.316133471567646
1639504403239,2021-12-14T12:53:23.239,75.46,5.431456719059153,-65.35600471096744,-17.298020006833273
1639504403249,2021-12-14T12:53:23.249,75.47,4.4682858481558565,-67.46188832707172,-18.39547556801821
1639504403259,2021-12-14T12:53:23.259,75.48,3.416996258799883,-69.62469596730031,-19.037375908061644
1639504403269,2021-12-14T12:53:23.269,75.49,2.071222677883049,-71.97722958197997,-19.13398754115964
1639504403279,2021-12-14T12:53:23.279,75.5,0.0850050414753879,-74.44984065489763,-19.067825272825175
1639504403289,2021-12-14T12:53:23.289,75.51,-2.0732026178410017,-76.81667545463664,-18.902198946094593
1639504403299,2021-12-14T12:53:23.299,75.52,-3.6043203923131646,-78.95150757663257,-18.294014187910058
1639504403309,2021-12-14T12:53:23.309,75.53,-4.578662765826909,-80.85811343077911,-17.26378205951905
1639504403319,2021-12-14T12:53:23.319,75.54,-5.5430222694421225,-82.48350523593706,-16.102372174421767
1639504403329,2021-12-14T12:53:23.329,75.55,-6.303755433743232,-83.7935867897779,-14.418730288571659
1639504403339,2021-12-14T12:53:23.339,75.56,-6.513760066519785,-85.0187842486068,-11.573547115330179
1639504403349,2021-12-14T12:53:23.349,75.57,-6.967286865635458,-86.46050932647414,-8.169394324007127
1639504403359,2021-12-14T12:53:23.359,75.58,-8.554902429484466,-88.03510206552255,-5.570003037580779
1639504403369,2021-12-14T12:53:23.369,75.59,-10.486689021421082,-89.3846975324141,-3.94090959857217
1639504403379,2021-12-14T12:53:23.379,75.6,-11.38774042031618,-90.43331649011836,-2.3819545268338893
1639504403389,2021-12-14T12:53:23.389,75.61,-11.41682882454517,-91.41993628775296,-0.7405809825244127
1639504403399,2021-12-14T12:53:23.399,75.62,-11.516162998973453,-92.31156282166027,0.33960885787036077
1639504403409,2021-12-14T12:53:23.409,75.63,-11.25592044875351,-92.50845120469242,0.9784379659694874
1639504403419,2021-12-14T12:53:23.419,75.64,-8.957368285076765,-91.36921531615356,2.3681248406160273
1639504403429,2021-12-14T12:53:23.429,75.65,-4.060874135549128,-89.01495606399541,5.155534824501235
1639504403439,2021-12-14T12:53:23.439,75.66,1.2648951577325904,-86.3121752760863,7.8562032127505255
1639504403449,2021-12-14T12:53:23.449,75.67,4.122904235640328,-83.75188619742723,7.7599077118250195
1639504403459,2021-12-14T12:53:23.459,75.68,5.1734973218137075,-80.59025091219941,4.164670473335882
1639504403469,2021-12-14T12:53:23.469,75.69,8.845170195741446,-75.59925904798806,-0.18242291139456124
1639504403479,2021-12-14T12:53:23.479,75.7,17.48467467827058,-68.60526897359122,-1.9500140255761618
1639504403489,2021-12-14T12:53:23.489,75.71,27.59859227578219,-60.84495818101024,-0.4730984287441712
1639504403499,2021-12-14T12:53:23.499,75.72,34.22122608273486,-53.73935276583102,3.011849982289409
1639504403509,2021-12-14T12:53:23.509,75.73,36.91195210461146,-47.623486469801186,8.006317894870834
1639504403519,2021-12-14T12:53:23.519,75.74,38.9876840227496,-41.80643104215242,14.849995916527298
1639504403529,2021-12-14T12:53:23.529,75.75,42.50333525839831,-35.60120360723496,22.876858914564135
1639504403539,2021-12-14T12:53:23.539,75.76,46.52119885328014,-28.99356362033921,30.18469139476187
1639504403549,2021-12-14T12:53:23.549,75.77,49.4505832535873,-22.466685997557235,35.288843340210505
1639504403559,2021-12-14T12:53:23.559,75.78,50.80956457982056,-16.588856357392842,38.01475723779933
1639504403569,2021-12-14T12:53:23.569,75.79,50.747929751806545,-11.787206161275362,38.817016291471184
1639504403579,2021-12-14T12:53:23.579,75.8,49.45061625125797,-8.174081666010304,38.07912063664012
1639504403589,2021-12-14T12:53:23.589,75.81,47.37151092828964,-5.456277920080415,36.1705387766332
1639504403599,2021-12-14T12:53:23.599,75.82,45.208376672103256,-3.1666985477467606,33.55312638645594
1639504403609,2021-12-14T12:53:23.609,75.83,43.2787034217349,-1.0885916325454847,30.57156598573619
1639504403619,2021-12-14T12:53:23.619,75.84,41.274534960804544,0.5945118830490583,27.38502200007191
1639504403629,2021-12-14T12:53:23.629,75.85,38.89768129410593,1.6105368692511313,24.194622304001257
1639504403639,2021-12-14T12:53:23.639,75.86,36.47863627218061,1.9848470032493712,21.278538007057172
1639504403649,2021-12-14T12:53:23.649,75.87,34.53125106280913,2.021857732507958,18.65573356110538
1639504403659,2021-12-14T12:53:23.659,75.88,32.88377899309769,1.972040089046414,15.995374640737989
1639504403669,2021-12-14T12:53:23.669,75.89,30.935025411584668,1.8688860941043193,13.147753810286956
1639504403679,2021-12-14T12:53:23.679,75.9,28.686282026398032,1.6684238786673662,10.565023343007912
1639504403689,2021-12-14T12:53:23.689,75.91,26.713190794394936,1.3813284370938104,8.878345227836544
1639504403699,2021-12-14T12:53:23.699,75.92,25.187923838404963,1.0416421442659989,8.223430665100695
1639504403709,2021-12-14T12:53:23.709,75.93,23.78343526614752,0.673689912447095,8.300557828629998
1639504403719,2021-12-14T12:53:23.719,75.94,22.426847279408115,0.3117526090087125,8.93116745684316
1639504403729,2021-12-14T12:53:23.729,75.95,21.27455808466208,-0.05095835173581643,10.176195569193153
1639504403739,2021-12-14T12:53:23.739,75.96,20.061631032872135,-0.5085241575235583,11.970704772578124
1639504403749,2021-12-14T12:53:23.749,75.97,18.276307776795633,-1.0952388105031587,13.991198434156516
1639504403759,2021-12-14T12:53:23.759,75.98,15.895113452111524,-1.6201940411312126,15.90791352746959
1639504403769,2021-12-14T12:53:23.769,75.99,13.324020489809687,-1.8159742663626135,17.531085861994406
1639504403779,2021-12-14T12:53:23.779,76.0,10.721273583714755,-1.6382391986469507,18.748842527431417
1639504403789,2021-12-14T12:53:23.789,76.01,7.911609433244213,-1.2715583744514678,19.61094924325241
1639504403799,2021-12-14T12:53:23.799,76.02,4.931513785157456,-0.8810839487143075,20.494550282895062
1639504403809,2021-12-14T12:53:23.809,76.03,2.195126304683922,-0.5067501172230368,21.899046893324794
1639504403819,2021-12-14T12:53:23.819,76.04,0.016462334111952914,-0.1390562254584648,23.963577218636146
1639504403829,2021-12-14T12:53:23.829,76.05,-1.6959045170613578,0.2733083049134066,26.373865451488193
1639504403839,2021-12-14T12:53:23.839,76.06,-3.112247915749742,0.8458797425185773,28.812708029713402
1639504403849,2021-12-14T12:53:23.849,76.07,-4.17445801624516,1.6184343881598937,31.23401711714841
1639504403859,2021-12-14T12:53:23.859,76.08,-4.922730565457272,2.4240806011798917,33.489002302559626
1639504403869,2021-12-14T12:53:23.869,76.09,-5.852365521619138,3.0500153921443607,34.98366968749551
1639504403879,2021-12-14T12:53:23.879,76.1,-7.417549410918456,3.50943877293306,35.19302308911985
1639504403889,2021-12-14T12:53:23.889,76.11,-9.25916570075006,4.044057439803857,34.47389165479937
1639504403899,2021-12-14T12:53:23.899,76.12,-10.477017050291675,4.872177568085309,33.94148429400998
1639504403909,2021-12-14T12:53:23.909,76.13,-10.700875296660982,5.987358299298734,34.494214242849615
1639504403919,2021-12-14T12:53:23.919,76.14,-10.46179204706085,7.174811180471707,36.18651761601882
1639504403929,2021-12-14T12:53:23.929,76.15,-10.515341467381447,8.203140432276701,38.39381532194748
1639504403939,2021-12-14T12:53:23.939,76.16,-11.100270136349211,9.037963810048556,40.28746875216511
1639504403949,2021-12-14T12:53:23.949,76.17,-11.835709932745075,9.860075860894108,41.28245517536125
1639504403959,2021-12-14T12:53:23.959,76.18,-12.325234369957865,10.806585009344198,41.21808540324601
1639504403969,2021-12-14T12:53:23.969,76.19,-12.928191645866903,11.750216781931607,40.065344253316695
1639504403979,2021-12-14T12:53:23.979,76.2,-14.440717741556352,12.52323252903681,37.7744248107951
1639504403989,2021-12-14T12:53:23.989,76.21,-16.651659948393945,13.333124604471948,34.8616608210074
1639504403999,2021-12-14T12:53:23.999,76.22,-18.13625928316097,14.648507047121473,32.66175408520739
1639504404009,2021-12-14T12:53:24.009,76.23,-18.206773724909787,16.590607780668595,32.154463398249646
1639504404019,2021-12-14T12:53:24.019,76.24,-17.951225589860947,18.725554136536985,32.80479013494693
1639504404029,2021-12-14T12:53:24.029,76.25,-18.50576486398129,20.56076952696545,33.26021358672445
1639504404039,2021-12-14T12:53:24.039,76.26,-19.63154970729385,21.98876415887446,32.872401316046364
1639504404049,2021-12-14T12:53:24.049,76.27,-20.797753928878734,23.128300311802484,31.913948193560742
1639504404059,2021-12-14T12:53:24.059,76.28,-22.014475093707706,23.957902285690317,30.636095703209946
1639504404069,2021-12-14T12:53:24.069,76.29,-22.809716994199064,24.332979075719727,28.83384437641961
1639504404079,2021-12-14T12:53:24.079,76.3,-22.35421767558644,24.325804880839513,26.43116637990024
1639504404089,2021-12-14T12:53:24.089,76.31,-21.296619684537227,24.311410047465703,24.04584821511904
1639504404099,2021-12-14T12:53:24.099,76.32,-21.28031565767862,24.57949931699838,22.552113277989726
1639504404109,2021-12-14T12:53:24.109,76.33,-22.256335014225463,25.012388054749707,22.108229454048626
1639504404119,2021-12-14T12:53:24.119,76.34,-22.533397524613406,25.297580823858418,22.017347416793214
1639504404129,2021-12-14T12:53:24.129,76.35,-21.486651178289016,25.297085104705477,21.619613880309384
1639504404139,2021-12-14T12:53:24.139,76.36,-20.243387616375564,25.034964085469596,20.885950439381357
1639504404149,2021-12-14T12:53:24.149,76.37,-19.87206331107956,24.505441781152108,20.08214500869108
1639504404159,2021-12-14T12:53:24.159,76.38,-20.195012563693474,23.719227686427537,19.367221409052547
1639504404169,2021-12-14T12:53:24.169,76.39,-20.36920554219378,22.810502149021886,18.81159832980905
1639504404179,2021-12-14T12:53:24.179,76.4,-20.123358016864984,21.905506872214513,18.41062955635047
1639504404189,2021-12-14T12:53:24.189,76.41,-20.01417626359751,20.983870215731088,18.091976026320115
1639504404199,2021-12-14T12:53:24.199,76.42,-20.320788457459464,19.990785199865076,17.903965068813235
1639504404209,2021-12-14T12:53:24.209,76.43,-20.480493421615446,18.96116240035041,17.912374429892708
1639504404219,2021-12-14T12:53:24.219,76.44,-20.1193203314574,17.94266212303765,17.807432959602046
1639504404229,2021-12-14T12:53:24.229,76.45,-19.69117390714959,16.936441275817636,17.192284188569324
1639504404239,2021-12-14T12:53:24.239,76.46,-19.579679208847974,15.969928061404424,16.45082704748732
1639504404249,2021-12-14T12:53:24.249,76.47,-19.519588179042568,15.05710775145533,16.61128009917862
1639504404259,2021-12-14T12:53:24.259,76.48,-19.290257051258692,14.05549910484542,18.019497117371657
1639504404269,2021-12-14T12:53:24.269,76.49,-19.17088956500435,12.782259997332982,19.802396235221916
1639504404279,2021-12-14T12:53:24.279,76.5,-19.41743053154339,11.322035054169811,20.9638977168051
1639504404289,2021-12-14T12:53:24.289,76.51,-19.791483527720874,9.987923295157456,21.357650235098912
1639504404299,2021-12-14T12:53:24.299,76.52,-19.904158324093146,8.92966638272894,21.238644808126594
1639504404309,2021-12-14T12:53:24.309,76.53,-19.827321915269117,8.041406791104215,20.594579460411648
1639504404319,2021-12-14T12:53:24.319,76.54,-19.90960860402423,7.283963070440759,19.497851026154354
1639504404329,2021-12-14T12:53:24.329,76.55,-20.018435970692547,6.743117493844563,18.478427750989535
1639504404339,2021-12-14T12:53:24.339,76.56,-19.697405278976742,6.291016151909259,17.794533089100085
1639504404349,2021-12-14T12:53:24.349,76.57,-19.181843580283637,5.590838339249293,16.813424639469403
1639504404359,2021-12-14T12:53:24.359,76.58,-19.341764955641228,4.5937019213643,14.91369666054754
1639504404369,2021-12-14T12:53:24.369,76.59,-20.30112727206258,3.6940839726592563,12.61445399127198
1639504404379,2021-12-14T12:53:24.379,76.6,-21.003259329866168,3.2315634263369195,10.977094491055375
1639504404389,2021-12-14T12:53:24.389,76.61,-20.660526350920367,3.0918691034384445,10.146619290011703
1639504404399,2021-12-14T12:53:24.399,76.62,-19.80786164790804,2.9292272139939324,9.254413418554726
1639504404409,2021-12-14T12:53:24.409,76.63,-19.263465324126525,2.6055367571531205,7.586204619687446
1639504404419,2021-12-14T12:53:24.419,76.64,-18.83320228043572,2.3213990303192933,5.161783826446293
1639504404429,2021-12-14T12:53:24.429,76.65,-17.768223430479523,2.420392599257116,2.2452952939465654
1639504404439,2021-12-14T12:53:24.439,76.66,-15.917183590570364,3.10571791400071,-1.1487885572685226
1639504404449,2021-12-14T12:53:24.449,76.67,-13.83704837025466,4.290950261103481,-5.167765509476205
1639504404459,2021-12-14T12:53:24.459,76.68,-12.076319242065132,5.704947833010251,-9.80256953868608
1639504404469,2021-12-14T12:53:24.469,76.69,-10.71122684626765,7.1290576229702936,-14.751479635027557
1639504404479,2021-12-14T12:53:24.479,76.7,-9.491001299330176,8.50288837335049,-19.546061992660448
1639504404489,2021-12-14T12:53:24.489,76.71,-8.23188504061747,9.841460122832567,-23.803016685843424
1639504404499,2021-12-14T12:53:24.499,76.72,-6.99331086135439,11.145913933791228,-27.408190007962055
1639504404509,2021-12-14T12:53:24.509,76.73,-5.885297212907216,12.410050251014596,-30.467282881757853
1639504404519,2021-12-14T12:53:24.519,76.74,-4.8000224849879425,13.62677561976924,-33.02127613645747
1639504404529,2021-12-14T12:53:24.529,76.75,-3.513638231765792,14.724538421678634,-34.89337934559508
1639504404539,2021-12-14T12:53:24.539,76.76,-2.113434222301996,15.541085393855626,-35.9890090400264
1639504404549,2021-12-14T12:53:24.549,76.77,-1.0923441155915086,15.941178931992411,-36.60321382301754
1639504404559,2021-12-14T12:53:24.559,76.78,-0.8138700754767876,15.944495281830642,-37.13622439453987
1639504404569,2021-12-14T12:53:24.569,76.79,-1.067417205879848,15.647811329558536,-37.638946621626005
1639504404579,2021-12-14T12:53:24.579,76.8,-1.3865936479843515,15.05917752213702,-37.93366298625781
1639504404589,2021-12-14T12:53:24.589,76.81,-1.5767841855540583,14.174234085736273,-37.99718986496392
1639504404599,2021-12-14T12:53:24.599,76.82,-1.584329493023282,13.21386320528533,-37.92041726038795
1639504404609,2021-12-14T12:53:24.609,76.83,-1.10358331510965,12.57623604057899,-37.70353524372605
1639504404619,2021-12-14T12:53:24.619,76.84,0.13116681078740627,12.488538156376608,-37.43293852574351
1639504404629,2021-12-14T12:53:24.629,76.85,1.8278220611106,12.867567186249325,-37.49764275805018
1639504404639,2021-12-14T12:53:24.639,76.86,3.540626483300031,13.550025180205937,-38.281982164182885
1639504404649,2021-12-14T12:53:24.649,76.87,5.3221339828207785,14.462948983033055,-39.735202678656975
1639504404659,2021-12-14T12:53:24.659,76.88,7.195660732973087,15.534307527815589,-41.52079187005741
1639504404669,2021-12-14T12:53:24.669,76.89,8.48030790124848,16.66397926763866,-43.42222984046776
1639504404679,2021-12-14T12:53:24.679,76.9,8.676461822029534,17.865096647890375,-45.30304708849491
1639504404689,2021-12-14T12:53:24.689,76.91,8.452094725199313,19.265767261733973,-46.90089437585391
1639504404699,2021-12-14T12:53:24.699,76.92,8.746194686912968,20.93720433080386,-47.949387425893406
1639504404709,2021-12-14T12:53:24.709,76.93,9.627555381678771,22.86446337583904,-48.20756128539723
1639504404719,2021-12-14T12:53:24.719,76.94,10.85740287251969,25.028156715936316,-47.209230718860326
1639504404729,2021-12-14T12:53:24.729,76.95,12.550127349726974,27.311045014288233,-44.473756999117484
1639504404739,2021-12-14T12:53:24.739,76.96,14.501178324546299,29.405152891854705,-40.12387585208574
1639504404749,2021-12-14T12:53:24.749,76.97,15.946349282399044,31.039466764428234,-34.82471286336906
1639504404759,2021-12-14T12:53:24.759,76.98,16.62279726007662,32.18318271532004,-29.189162104692485
1639504404769,2021-12-14T12:53:24.769,76.99,17.025436157356058,32.77090894615405,-23.854485575285658
1639504404779,2021-12-14T12:53:24.779,77.0,17.168244039871738,32.40749403725136,-19.92881802683834
1639504404789,2021-12-14T12:53:24.789,77.01,16.162045345818505,30.721207981209588,-18.510877947058937
1639504404799,2021-12-14T12:53:24.799,77.02,13.536342880884238,27.944746413335963,-19.684284136915384
1639504404809,2021-12-14T12:53:24.809,77.03,10.158181279266909,24.829857513434455,-22.49348754200974
1639504404819,2021-12-14T12:53:24.819,77.04,7.366395679271088,22.01918774913542,-25.868638371982264
1639504404829,2021-12-14T12:53:24.829,77.05,5.761382056784058,19.733688377484235,-29.196424792445363
1639504404839,2021-12-14T12:53:24.839,77.06,5.120269695713221,17.97119798975669,-32.17111810581026
1639504404849,2021-12-14T12:53:24.849,77.07,4.914113571173723,16.7039046930207,-34.6228529277281
1639504404859,2021-12-14T12:53:24.859,77.08,4.643553817062667,15.900384942188445,-36.58379357771814
1639504404869,2021-12-14T12:53:24.869,77.09,4.190045632943886,15.596971984151047,-38.19927731331334
1639504404879,2021-12-14T12:53:24.879,77.1,4.014025446949862,15.923204392320358,-39.45189575830896
1639504404889,2021-12-14T12:53:24.889,77.11,4.532573001834457,16.88314707787073,-40.16995580702603
1639504404899,2021-12-14T12:53:24.899,77.12,5.338517319529631,18.206456272967266,-40.35641919613026
1639504404909,2021-12-14T12:53:24.909,77.13,5.6706468548469715,19.59625182277009,-40.257286324670076
1639504404919,2021-12-14T12:53:24.919,77.14,5.571472634515987,21.028229765345987,-40.01588338177165
1639504404929,2021-12-14T12:53:24.929,77.15,5.798867271027456,22.634488210408005,-39.522560661491575
1639504404939,2021-12-14T12:53:24.939,77.16,6.590466644184579,24.366728023917446,-38.701435957584735
1639504404949,2021-12-14T12:53:24.949,77.17,7.2967975661350115,25.939210659277585,-37.63642524258164
1639504404959,2021-12-14T12:53:24.959,77.18,7.332476928975611,27.08599005213948,-36.281438759261285
1639504404969,2021-12-14T12:53:24.969,77.19,6.84235886581743,27.76253645705544,-34.379931695524775
1639504404979,2021-12-14T12:53:24.979,77.2,6.3308661991991455,28.10147814548495,-31.842396506923208
1639504404989,2021-12-14T12:53:24.989,77.21,6.143829992499878,28.24908888035921,-28.871859583846373
1639504404999,2021-12-14T12:53:24.999,77.22,6.378257601941574,28.253556052915552,-25.558267440933488
1639504405009,2021-12-14T12:53:25.009,77.23,6.893809498057227,28.063017827526618,-21.7494753388763
1639504405019,2021-12-14T12:53:25.019,77.24,7.3466137847856094,27.58094294494321,-17.527737389179848
1639504405029,2021-12-14T12:53:25.029,77.25,7.474897611783745,26.707042507123823,-13.398308873208206
1639504405039,2021-12-14T12:53:25.039,77.26,7.346436492489122,25.381866868148258,-9.784709002265872
1639504405049,2021-12-14T12:53:25.049,77.27,7.1518418612156855,23.66190287673527,-6.695695241396836
1639504405059,2021-12-14T12:53:25.059,77.28,6.905626141003209,21.733525734758093,-4.018293271255021
1639504405069,2021-12-14T12:53:25.069,77.29,6.588760954959113,19.79092437858014,-1.7776757771045988
1639504405079,2021-12-14T12:53:25.079,77.3,6.375327609864571,17.9062651668785,-0.0018215159104659762
1639504405089,2021-12-14T12:53:25.089,77.31,6.417601060272948,16.07240790184797,1.3761466084439593
1639504405099,2021-12-14T12:53:25.099,77.32,6.624385448283369,14.338100596015202,2.384359694325405
1639504405109,2021-12-14T12:53:25.109,77.33,6.920904569530009,12.797020555156372,2.991567058772986
1639504405119,2021-12-14T12:53:25.119,77.34,7.420100965754399,11.458614849361076,3.276723888000924
1639504405129,2021-12-14T12:53:25.129,77.35,8.041407203058657,10.24182167807571,3.3195382419671167
1639504405139,2021-12-14T12:53:25.139,77.36,8.333104185595275,9.094369547414122,2.8131295684924473
1639504405149,2021-12-14T12:53:25.149,77.37,8.061982849133148,8.038730500644014,1.4225615981033353
1639504405159,2021-12-14T12:53:25.159,77.38,7.648828621882478,7.110794319270573,-0.07022146992285583
1639504405169,2021-12-14T12:53:25.169,77.39,7.556886848167602,6.297317538771843,-0.04696715099264994
1639504405179,2021-12-14T12:53:25.179,77.4,7.5130051399855935,5.530376880114355,1.616222892209969
1639504405189,2021-12-14T12:53:25.189,77.41,6.886296063988441,4.75183286457729,2.804930083921177
1639504405199,2021-12-14T12:53:25.199,77.42,5.673406532601738,3.9827237751312707,2.0564070146578297
1639504405209,2021-12-14T12:53:25.209,77.43,4.508583593640526,3.2714431369217016,0.782618655490536
1639504405219,2021-12-14T12:53:25.219,77.44,3.7507430453908723,2.5642934592882787,1.0570736427440586
1639504405229,2021-12-14T12:53:25.229,77.45,3.1030450865100025,1.699039804901341,2.5765510329315764
1639504405239,2021-12-14T12:53:25.239,77.46,2.17214482729523,0.5419592200590211,3.5102695693426287
1639504405249,2021-12-14T12:53:25.249,77.47,1.0394475885495225,-0.9095112250880508,3.2306819986442816
1639504405259,2021-12-14T12:53:25.259,77.48,0.20460566782556433,-2.5399028834983337,2.6460406783063237
1639504405269,2021-12-14T12:53:25.269,77.49,0.06506913430800948,-4.199041622083734,2.580091386713181
1639504405279,2021-12-14T12:53:25.279,77.5,0.45944943605635946,-5.81130817332561,3.033622322410539
1639504405289,2021-12-14T12:53:25.289,77.51,0.8100417121009678,-7.423545784312728,3.721043592150278
1639504405299,2021-12-14T12:53:25.299,77.52,0.7702867100044402,-9.095714789683349,4.566850616479682
1639504405309,2021-12-14T12:53:25.309,77.53,0.547365887127153,-10.741348646237658,5.615362759342805
1639504405319,2021-12-14T12:53:25.319,77.54,0.5266547573751529,-12.15445202203407,6.728810342630698
1639504405329,2021-12-14T12:53:25.329,77.55,0.8208201767038839,-13.202211679936303,7.570366418912965
1639504405339,2021-12-14T12:53:25.339,77.56,1.2476141706473423,-13.904609334748873,7.937832923843911
1639504405349,2021-12-14T12:53:25.349,77.57,1.5453168643843833,-14.336851939991183,7.986626003827233
1639504405359,2021-12-14T12:53:25.359,77.58,1.5919772983763507,-14.572254734768446,8.04194686150238
1639504405369,2021-12-14T12:53:25.369,77.59,1.5250158228555866,-14.707252391184968,8.331705836938392
1639504405379,2021-12-14T12:53:25.379,77.6,1.5922572868572482,-14.804970246188557,8.964806694524084
1639504405389,2021-12-14T12:53:25.389,77.61,1.836739384173955,-14.815428906618227,9.960169568152782
1639504405399,2021-12-14T12:53:25.399,77.62,2.014245351048291,-14.677175939395976,11.148510864080189
1639504405409,2021-12-14T12:53:25.409,77.63,1.8700029517250234,-14.477515222232654,12.1853925483416
1639504405419,2021-12-14T12:53:25.419,77.64,1.4464086702640122,-14.35899271784092,12.816513324853458
1639504405429,2021-12-14T12:53:25.429,77.65,1.036061558209584,-14.281407360212587,13.06886117431453
1639504405439,2021-12-14T12:53:25.439,77.66,0.8255265633272106,-14.060610975417198,13.08933462483142
1639504405449,2021-12-14T12:53:25.449,77.67,0.7277213821974864,-13.650406256785299,12.912453319524246
1639504405459,2021-12-14T12:53:25.459,77.68,0.6374007720875201,-13.190883639345103,12.557956715021314
1639504405469,2021-12-14T12:53:25.469,77.69,0.6440750783860605,-12.75638692056514,12.244825771311714
1639504405479,2021-12-14T12:53:25.479,77.7,0.8262061109355912,-12.258350324698467,12.226595848997611
1639504405489,2021-12-14T12:53:25.489,77.71,1.0457616730365802,-11.651866049152844,12.431687563858521
1639504405499,2021-12-14T12:53:25.499,77.72,1.147231505972456,-11.06477903730008,12.529548284977404
1639504405509,2021-12-14T12:53:25.509,77.73,1.1514375554819405,-10.644545364683367,12.335319749789202
1639504405519,2021-12-14T12:53:25.519,77.74,1.096051850005594,-10.386249006806766,11.920086738766026
1639504405529,2021-12-14T12:53:25.529,77.75,0.9324861275771045,-10.168400727817074,11.410704404352867
1639504405539,2021-12-14T12:53:25.539,77.76,0.6848060279403578,-9.888557104023178,10.920068938539721
1639504405549,2021-12-14T12:53:25.549,77.77,0.4641573055446936,-9.518004972662512,10.564431937534266
1639504405559,2021-12-14T12:53:25.559,77.78,0.2912744180564158,-9.066261602816084,10.352637880596507
1639504405569,2021-12-14T12:53:25.569,77.79,0.10303046734043218,-8.547382833112149,10.161883059918736
1639504405579,2021-12-14T12:53:25.579,77.8,-0.09181347575080191,-7.978059634328673,9.913513295416315
1639504405589,2021-12-14T12:53:25.589,77.81,-0.20706165208419977,-7.381848831703607,9.631933787472455
1639504405599,2021-12-14T12:53:25.599,77.82,-0.20978135677813442,-6.807105219153115,9.29182046037536
1639504405609,2021-12-14T12:53:25.609,77.83,-0.18093072510878347,-6.345485496172868,8.793887698567929
1639504405619,2021-12-14T12:53:25.619,77.84,-0.2159295247495907,-6.088463131907885,8.174708867087345
1639504405629,2021-12-14T12:53:25.629,77.85,-0.2891762302402221,-6.054252518705445,7.6609638533375435
1639504405639,2021-12-14T12:53:25.639,77.86,-0.2992137059957004,-6.193938112505819,7.397595215348838
1639504405649,2021-12-14T12:53:25.649,77.87,-0.2376643409191968,-6.452051442659212,7.333398926700586
1639504405659,2021-12-14T12:53:25.659,77.88,-0.18484814504762695,-6.781716192452402,7.484498727494431
1639504405669,2021-12-14T12:53:25.669,77.89,-0.13837261716079258,-7.137957480249186,7.913069144682817
1639504405679,2021-12-14T12:53:25.679,77.9,0.00645156945562274,-7.489748733570672,8.285935647419578
1639504405689,2021-12-14T12:53:25.689,77.91,0.27219203411387927,-7.809578162909088,8.080777311075735
1639504405699,2021-12-14T12:53:25.699,77.92,0.5109104595907382,-8.073347130747429,7.4399235190139015
1639504405709,2021-12-14T12:53:25.709,77.93,0.5723729848731417,-8.312776058335029,7.050777847291647
1639504405719,2021-12-14T12:53:25.719,77.94,0.5128789162158911,-8.595274801718702,7.067559873554826
1639504405729,2021-12-14T12:53:25.729,77.95,0.5431183707998507,-8.901184510988026,7.004412928167251
1639504405739,2021-12-14T12:53:25.739,77.96,0.750121621784888,-9.126561022083838,6.656083948198819
1639504405749,2021-12-14T12:53:25.749,77.97,0.9763262967540157,-9.241316092488574,6.310335242247106
1639504405759,2021-12-14T12:53:25.759,77.98,1.0436599749848408,-9.305652229283883,6.1645725006165675
1639504405769,2021-12-14T12:53:25.769,77.99,0.9851510490408993,-9.31974341811716,6.102199726374483
1639504405779,2021-12-14T12:53:25.779,78.0,0.9478421117300269,-9.219950964340422,5.908876193122498
1639504405789,2021-12-14T12:53:25.789,78.01,0.9562574765582204,-9.018195982189967,5.504312306676976
1639504405799,2021-12-14T12:53:25.799,78.02,0.887636119027863,-8.793669910092525,5.1103347522355795
1639504405809,2021-12-14T12:53:25.809,78.03,0.6638415563793004,-8.576054719681657,5.039118438353395
1639504405819,2021-12-14T12:53:25.819,78.04,0.4026403055660735,-8.355558437421015,5.167609617952294
1639504405829,2021-12-14T12:53:25.829,78.05,0.3268274717741121,-8.149470825874369,5.052469743666823
1639504405839,2021-12-14T12:53:25.839,78.06,0.5124665840397236,-7.962951766294829,4.673343403214716
1639504405849,2021-12-14T12:53:25.849,78.07,0.7829800881181963,-7.748944582317777,4.4645537011072
1639504405859,2021-12-14T12:53:25.859,78.08,0.8875061407876956,-7.482002018106934,4.568399002124561
1639504405869,2021-12-14T12:53:25.869,78.09,0.7561294585712983,-7.21377463656361,4.679820574603364
1639504405879,2021-12-14T12:53:25.879,78.1,0.530572823244112,-7.00398904012352,4.614424275946356
1639504405889,2021-12-14T12:53:25.889,78.11,0.31697246754305985,-6.857058307989952,4.499948457507851
1639504405899,2021-12-14T12:53:25.899,78.12,0.022546478402744374,-6.762260659470996,4.445957962382825
1639504405909,2021-12-14T12:53:25.909,78.13,-0.418934783485467,-6.73232816245879,4.4175917787519925
1639504405919,2021-12-14T12:53:25.919,78.14,-0.832499412410159,-6.77505052469295,4.409534943913397
1639504405929,2021-12-14T12:53:25.929,78.15,-1.0569769340471453,-6.877969788948587,4.477440112711328
1639504405939,2021-12-14T12:53:25.939,78.16,-1.1946850434567808,-7.033249217863187,4.597229077072811
1639504405949,2021-12-14T12:53:25.949,78.17,-1.3362172468082452,-7.2334292508949165,4.672182769031616
1639504405959,2021-12-14T12:53:25.959,78.18,-1.3395699413322162,-7.432350225677516,4.700510459270042
1639504405969,2021-12-14T12:53:25.969,78.19,-1.170327187328688,-7.5652603476661815,4.805416353614778
1639504405979,2021-12-14T12:53:25.979,78.2,-1.083878759973651,-7.655070461414022,5.056147043977489
1639504405989,2021-12-14T12:53:25.989,78.21,-1.1844986406494336,-7.843871489381543,5.357773732602093
1639504405999,2021-12-14T12:53:25.999,78.22,-1.2637645216649638,-8.223275548954,5.584103982963423
1639504406009,2021-12-14T12:53:26.009,78.23,-1.3278690051417057,-8.669506099223911,5.758174778505171
1639504406019,2021-12-14T12:53:26.019,78.24,-1.676864805941234,-8.959805416088663,6.032161617861435
1639504406029,2021-12-14T12:53:26.029,78.25,-2.2009954670382483,-9.024908507691068,6.533361252561253
1639504406039,2021-12-14T12:53:26.039,78.26,-2.3002317489942143,-8.983197178116221,7.303015437457675
1639504406049,2021-12-14T12:53:26.049,78.27,-1.770845077943559,-8.969521764700275,8.344810112348839
1639504406059,2021-12-14T12:53:26.059,78.28,-1.1397601785710616,-9.04205597694044,9.640096092941919
1639504406069,2021-12-14T12:53:26.069,78.29,-0.9200563189722168,-9.213070575867766,11.118531342143537
1639504406079,2021-12-14T12:53:26.079,78.3,-0.9867610598728216,-9.439460986436092,12.664871561295858
1639504406089,2021-12-14T12:53:26.089,78.31,-0.8286027304525303,-9.59820089181378,14.14303307205195
1639504406099,2021-12-14T12:53:26.099,78.32,-0.26833695183989664,-9.59300713893561,15.394032713697754
1639504406109,2021-12-14T12:53:26.109,78.33,0.17579716881186366,-9.477997044397693,16.24180728465914
1639504406119,2021-12-14T12:53:26.119,78.34,-0.08380766016790127,-9.368546708532158,16.526050901862167
1639504406129,2021-12-14T12:53:26.129,78.35,-0.756071782022457,-9.249648207962144,16.145385118775366
1639504406139,2021-12-14T12:53:26.139,78.36,-0.9880226893443651,-8.995703572866297,15.118261815468122
1639504406149,2021-12-14T12:53:26.149,78.37,-0.6418345032246665,-8.58203583717556,13.618935055406952
1639504406159,2021-12-14T12:53:26.159,78.38,-0.42822784252372437,-8.145928924271976,11.897456344633929
1639504406169,2021-12-14T12:53:26.169,78.39,-0.7621977112648828,-7.8014548337963845,10.14504620770507
1639504406179,2021-12-14T12:53:26.179,78.4,-1.2951321396624575,-7.513578992859696,8.476637761382213
1639504406189,2021-12-14T12:53:26.189,78.41,-1.5872552303095793,-7.203565101628157,6.993358980940606
1639504406199,2021-12-14T12:53:26.199,78.42,-1.6261948285785395,-6.872141938931287,5.744025349029342
1639504406209,2021-12-14T12:53:26.209,78.43,-1.63057473217049,-6.5705963557220635,4.650743131302704
1639504406219,2021-12-14T12:53:26.219,78.44,-1.6873245135038033,-6.318815729414603,3.5982940794805063
1639504406229,2021-12-14T12:53:26.229,78.45,-1.6871639953422792,-6.079171076709925,2.5886082858627164
1639504406239,2021-12-14T12:53:26.239,78.46,-1.5334693797074386,-5.7951606499417645,1.7137909715804853
1639504406249,2021-12-14T12:53:26.249,78.47,-1.3191199826460933,-5.463008830946501,1.010777469831631
1639504406259,2021-12-14T12:53:26.259,78.48,-1.2300455464740896,-5.146396208271289,0.43931545463327165
1639504406269,2021-12-14T12:53:26.269,78.49,-1.3335793597575996,-4.894862503588499,-0.028849114881656777
1639504406279,2021-12-14T12:53:26.279,78.5,-1.5497616942877277,-4.684455681832333,-0.39661461795021813
1639504406289,2021-12-14T12:53:26.289,78.51,-1.7480233856652214,-4.464205859434573,-0.6939229287956981
1639504406299,2021-12-14T12:53:26.299,78.52,-1.783316210028028,-4.2137802631870915,-0.9461574154034762
1639504406309,2021-12-14T12:53:26.309,78.53,-1.552561081042537,-3.935355436552086,-1.111295691875395
1639504406319,2021-12-14T12:53:26.319,78.54,-1.128065942987747,-3.6382535785648233,-1.153311836233445
1639504406329,2021-12-14T12:53:26.329,78.55,-0.7543914215596587,-3.350465039487741,-1.156820401906322
1639504406339,2021-12-14T12:53:26.339,78.56,-0.6289798011756821,-3.114077259802921,-1.2619437761982866
1639504406349,2021-12-14T12:53:26.349,78.57,-0.7445495392946098,-2.9584168300293823,-1.5050973364935873
1639504406359,2021-12-14T12:53:26.359,78.58,-0.979777303765355,-2.8780062813174068,-1.8102621450404497
1639504406369,2021-12-14T12:53:26.369,78.59,-1.2404228229216008,-2.8286148205218136,-2.1107441001289504
1639504406379,2021-12-14T12:53:26.379,78.6,-1.4558719497767942,-2.759968833214612,-2.412663827986092
1639504406389,2021-12-14T12:53:26.389,78.61,-1.5448383425236016,-2.6588838734535623,-2.7465549622267633
1639504406399,2021-12-14T12:53:26.399,78.62,-1.4703857008820191,-2.530747476957837,-3.0858707867963986
1639504406409,2021-12-14T12:53:26.409,78.63,-1.2826290603714423,-2.3527707176895607,-3.336963934915646
1639504406419,2021-12-14T12:53:26.419,78.64,-1.0708715653610346,-2.108014073895049,-3.434105618579915
1639504406429,2021-12-14T12:53:26.429,78.65,-0.9069601859557396,-1.8605408651047293,-3.4086335703770585
1639504406439,2021-12-14T12:53:26.439,78.66,-0.8410116028128101,-1.7255441779107543,-3.3179593930512423
1639504406449,2021-12-14T12:53:26.449,78.67,-0.8970895416249074,-1.7426942178227232,-3.1613367227290157
1639504406459,2021-12-14T12:53:26.459,78.68,-1.0236401142596492,-1.8225435145499462,-2.911133904896631
1639504406469,2021-12-14T12:53:26.469,78.69,-1.0902882636595845,-1.844883952327694,-2.555440057222727
1639504406479,2021-12-14T12:53:26.479,78.7,-1.0234843067160337,-1.7838082257743957,-2.0878710016416946
1639504406489,2021-12-14T12:53:26.489,78.71,-0.912128611035385,-1.7113496627214213,-1.5402063953457483
1639504406499,2021-12-14T12:53:26.499,78.72,-0.8770328828515088,-1.6993164207282123,-1.026511670561613
1639504406509,2021-12-14T12:53:26.509,78.73,-0.8943569094487935,-1.7460041775056045,-0.6832178192387377
1639504406519,2021-12-14T12:53:26.519,78.74,-0.8615189782690675,-1.8010632093440229,-0.5666499073943476
1639504406529,2021-12-14T12:53:26.529,78.75,-0.7727618435737058,-1.8464104475159413,-0.6289563519071959
1639504406539,2021-12-14T12:53:26.539,78.76,-0.7248322171114607,-1.9174307667780879,-0.7874362891122038
1639504406549,2021-12-14T12:53:26.549,78.77,-0.7702742600775585,-2.028278238953238,-1.0154894841498125
1639504406559,2021-12-14T12:53:26.559,78.78,-0.8231118263253321,-2.124624860568212,-1.3172340683392272
1639504406569,2021-12-14T12:53:26.569,78.79,-0.7616594817373361,-2.1437856252716663,-1.5969888974779
1639504406579,2021-12-14T12:53:26.579,78.8,-0.6214022512143864,-2.078550859177457,-1.6861410503694687
1639504406589,2021-12-14T12:53:26.589,78.81,-0.5624587581536776,-1.9578454906095526,-1.5615468854840628
1639504406599,2021-12-14T12:53:26.599,78.82,-0.626255055515283,-1.803008907880156,-1.3853059000735832
1639504406609,2021-12-14T12:53:26.609,78.83,-0.700001553743435,-1.6182325394018782,-1.2712395840014932
1639504406619,2021-12-14T12:53:26.619,78.84,-0.7334610933145874,-1.4002940784503288,-1.188874703440332
1639504406629,2021-12-14T12:53:26.629,78.85,-0.7911730988005272,-1.1513524752710727,-1.145505727904449
1639504406639,2021-12-14T12:53:26.639,78.86,-0.883964149088182,-0.8897449000688233,-1.248085286240392
1639504406649,2021-12-14T12:53:26.649,78.87,-0.9410077209425839,-0.6495111680060417,-1.507744722327907
1639504406659,2021-12-14T12:53:26.659,78.88,-0.9695160656716093,-0.4740141448353906,-1.78349613222347
1639504406669,2021-12-14T12:53:26.669,78.89,-1.0690594231651138,-0.40019436078903525,-1.990478157984891
1639504406679,2021-12-14T12:53:26.679,78.9,-1.2202736384373924,-0.41507258475461917,-2.1756614277145343
1639504406689,2021-12-14T12:53:26.689,78.91,-1.1994868198489856,-0.42871303631411106,-2.334300813296572
1639504406699,2021-12-14T12:53:26.699,78.92,-0.854410614554715,-0.3456732533712892,-2.3501246451704523
1639504406709,2021-12-14T12:53:26.709,78.93,-0.4228517670526686,-0.18623183501821972,-2.210328121786102
1639504406719,2021-12-14T12:53:26.719,78.94,-0.3729400786085468,-0.07844319585399928,-2.121847170619099
1639504406729,2021-12-14T12:53:26.729,78.95,-0.8273409039141442,-0.08218188628523936,-2.2709823261597495
1639504406739,2021-12-14T12:53:26.739,78.96,-1.3094778156368707,-0.08092584821630655,-2.5450313897456103
1639504406749,2021-12-14T12:53:26.749,78.97,-1.232407906371546,0.07665149633586685,-2.6518733281034197
1639504406759,2021-12-14T12:53:26.759,78.98,-0.5545666449373486,0.38104445076594273,-2.4895802218461687
1639504406769,2021-12-14T12:53:26.769,78.99,0.1931656880924813,0.6789363197279192,-2.224129067336509
1639504406779,2021-12-14T12:53:26.779,79.0,0.4844806792595982,0.8343408881459162,-2.0081238444147305
1639504406789,2021-12-14T12:53:26.789,79.01,0.30743462206649064,0.8439219444924606,-1.8230303047993603
1639504406799,2021-12-14T12:53:26.799,79.02,0.1050840583095859,0.851093714380305,-1.6216334709526525
1639504406809,2021-12-14T12:53:26.809,79.03,0.2276577415333933,1.0327080064858358,-1.4371645145068257
1639504406819,2021-12-14T12:53:26.819,79.04,0.5321726392030027,1.4244523347427112,-1.3096789456003357
1639504406829,2021-12-14T12:53:26.829,79.05,0.6808557017523701,1.901739847714717,-1.2445545896533385
1639504406839,2021-12-14T12:53:26.839,79.06,0.6776857933600811,2.3442072054346728,-1.2655476272972686
1639504406849,2021-12-14T12:53:26.849,79.07,0.753413672393701,2.730728670243634,-1.3821819800417823
1639504406859,2021-12-14T12:53:26.859,79.08,0.8754559759728359,3.0616536261228156,-1.4891750006715694
1639504406869,2021-12-14T12:53:26.869,79.09,0.8047041509782629,3.300057602676029,-1.4328890096473466
1639504406879,2021-12-14T12:53:26.879,79.1,0.5236741620753278,3.4314927219215794,-1.2089424582386168
1639504406889,2021-12-14T12:53:26.889,79.11,0.2589763266902123,3.4943677109594233,-0.9732397700998052
1639504406899,2021-12-14T12:53:26.899,79.12,0.1562545370994929,3.5149705659710797,-0.8321132202033827
1639504406909,2021-12-14T12:53:26.909,79.13,0.1509245179503341,3.4834722371398623,-0.7404791252694233
1639504406919,2021-12-14T12:53:26.919,79.14,0.12432257551160927,3.4086125248204002,-0.6456085177974594
1639504406929,2021-12-14T12:53:26.929,79.15,0.04747591698002407,3.3274534252800603,-0.6166325698400721
1639504406939,2021-12-14T12:53:26.939,79.16,-0.05839365813789181,3.2623376921622085,-0.7389940043543892
1639504406949,2021-12-14T12:53:26.949,79.17,-0.2075810104477596,3.2236459878289727,-0.9480748633816813
1639504406959,2021-12-14T12:53:26.959,79.18,-0.4113613695422367,3.230559538703945,-1.0935260960361861
1639504406969,2021-12-14T12:53:26.969,79.19,-0.5971386401880727,3.2841426444075443,-1.1419072700320623
1639504406979,2021-12-14T12:53:26.979,79.2,-0.6518241296697046,3.3566614004485245,-1.1791386169756428
1639504406989,2021-12-14T12:53:26.989,79.21,-0.5517034820191004,3.428675606913541,-1.235337333564448
1639504406999,2021-12-14T12:53:26.999,79.22,-0.4076247789341265,3.4852031591048336,-1.2631790122396747
1639504407009,2021-12-14T12:53:27.009,79.23,-0.35419818048013935,3.4814174918058907,-1.2666185152680123
1639504407019,2021-12-14T12:53:27.019,79.24,-0.39853800984171467,3.384921245880019,-1.2899469158370032
1639504407029,2021-12-14T12:53:27.029,79.25,-0.4226235744393073,3.236216911145099,-1.3040262913795067
1639504407039,2021-12-14T12:53:27.039,79.26,-0.3537856374716577,3.0913500180436513,-1.2474084112551882
1639504407049,2021-12-14T12:53:27.049,79.27,-0.27320609713314453,2.931754172193421,-1.1537432308506415
1639504407059,2021-12-14T12:53:27.059,79.28,-0.31620528279407073,2.7101634458189223,-1.1258976921796733
1639504407069,2021-12-14T12:53:27.069,79.29,-0.5025365707312063,2.450386136409828,-1.2050616147956092
1639504407079,2021-12-14T12:53:27.079,79.3,-0.6948225957929067,2.2129074048000534,-1.344157391962542
1639504407089,2021-12-14T12:53:27.089,79.31,-0.7280258211807875,2.0021962351513154,-1.496485401115716
1639504407099,2021-12-14T12:53:27.099,79.32,-0.5757605794374698,1.805681196361697,-1.658056301308004
1639504407109,2021-12-14T12:53:27.109,79.33,-0.34864216711809737,1.6733609030241734,-1.8064345751075381
1639504407119,2021-12-14T12:53:27.119,79.34,-0.13148410559017515,1.6576079314655452,-1.8658103888153579
1639504407129,2021-12-14T12:53:27.129,79.35,0.08966532387003023,1.7360784859330844,-1.7848282711500352
1639504407139,2021-12-14T12:53:27.139,79.36,0.33039048347093175,1.873113238405283,-1.6192239347628656
1639504407149,2021-12-14T12:53:27.149,79.37,0.5323385666466476,2.0686658116940793,-1.4918959773280647
1639504407159,2021-12-14T12:53:27.159,79.38,0.6194139261615419,2.295381222784422,-1.4583306588131104
1639504407169,2021-12-14T12:53:27.169,79.39,0.6090355019232071,2.498021891212029,-1.4293221978115849
1639504407179,2021-12-14T12:53:27.179,79.4,0.6223127465743996,2.6797270604520653,-1.2786571355795966
1639504407189,2021-12-14T12:53:27.189,79.41,0.7090965883811577,2.883009661342185,-1.0283804334376778
1639504407199,2021-12-14T12:53:27.199,79.42,0.741860518781682,3.098974075393939,-0.8264960232339946
1639504407209,2021-12-14T12:53:27.209,79.43,0.6367449681489853,3.2871762036877126,-0.7147590416307983
1639504407219,2021-12-14T12:53:27.219,79.44,0.5262634774188644,3.436269365550324,-0.5726243625961507
1639504407229,2021-12-14T12:53:27.229,79.45,0.5133546124047137,3.5287852319748882,-0.36819723302887275
1639504407239,2021-12-14T12:53:27.239,79.46,0.48281278907116465,3.5234630063984484,-0.25554887159791306
1639504407249,2021-12-14T12:53:27.249,79.47,0.3585439842513005,3.4313402979974024,-0.2699712581027864
1639504407259,2021-12-14T12:53:27.259,79.48,0.2812242403284824,3.3079663725838104,-0.18294332425158416
1639504407269,2021-12-14T12:53:27.269,79.49,0.3372122818243221,3.141613581099934,0.13449629064692104
1639504407279,2021-12-14T12:53:27.279,79.5,0.3637997246784175,2.88196076499735,0.49865395222278164
1639504407289,2021-12-14T12:53:27.289,79.51,0.22326008738853437,2.5820859329343437,0.7468634698965856
1639504407299,2021-12-14T12:53:27.299,79.52,0.06197832629356675,2.361040395641023,0.9285727933441605
1639504407309,2021-12-14T12:53:27.309,79.53,0.08098354999174845,2.2364284456625096,1.0034133545585937
1639504407319,2021-12-14T12:53:27.319,79.54,0.2054384271518685,2.132193005314614,0.7403116240424761
1639504407329,2021-12-14T12:53:27.329,79.55,0.21048342928860111,2.02938635961141,0.11246875710849227
1639504407339,2021-12-14T12:53:27.339,79.56,0.07680157901886608,1.9866339763305971,-0.5211974969003016
1639504407349,2021-12-14T12:53:27.349,79.57,0.003404715685029709,2.0224700301697647,-0.8125723715494843
1639504407359,2021-12-14T12:53:27.359,79.58,0.12168480115203334,2.077595905947456,-0.7728586920307818
1639504407369,2021-12-14T12:53:27.369,79.59,0.3768364740537362,2.1073105107514247,-0.6032279815875176
